-1517,0,43,3
-621,1,52,3
-694,2,82,4
-535,3,87,3
-956,4,106,3
-2067,5,146,3
-1549,6,170,3
-585,7,183,3
-1684,8,228,3
-2742,9,289,3
-572,10,296,3
-2011,11,340,3
-1732,12,395,4
-572,13,402,3
-936,14,414,3
-1075,15,428,3
-349,16,431,3
-1434,17,458,3
-526,18,463,3
-824,19,477,3
-1552,20,500,3
-2029,21,572,4
-2059,22,620,3
-223,23,642,4
-1709,24,673,3
-4032,25,761,3
-5099,26,946,4
-1504,27,973,3
-3258,28,1075,3
-1817,29,1133,3
-1277,30,1164,3
-2920,31,1238,3
-572,32,1245,3
-1385,33,1288,3
-349,34,1291,3
-777,35,1300,3
-1380,36,1345,3
-200,37,1369,4
-2061,38,1438,3
-535,39,1443,3
-1394,40,1463,3
-349,41,1466,3
-352,42,1469,3
-438,43,1476,3
-967,44,1493,3
-2452,45,1576,3
-477,46,1579,3
-674,47,1596,3
-489,48,1645,4
-3670,49,1737,3
-352,50,1740,3
-352,51,1743,3
-1454,52,1796,3
-1664,53,1851,3
-2649,54,1917,3
-5747,55,2076,4
-477,56,2079,3
-1647,57,2107,3
-2124,58,2136,3
-2014,59,2162,3
-1568,60,2221,3
-1423,61,2262,3
-3475,62,2368,4
-477,63,2371,3
-576,64,2393,3
-667,65,2404,3
-1571,66,2447,3
-478,67,2456,3
-1459,68,2482,3
-1333,69,2509,3
-1688,70,2567,4
-578,71,2574,3
-1630,72,2615,3
-3260,73,2688,3
-1317,74,2730,3
-2093,75,2768,3
-1153,76,2806,3
-477,77,2809,3
-2204,78,2849,3
-352,79,2852,3
-1409,80,2889,3
-3871,81,2998,4
-477,82,3001,3
-949,83,3019,3
-1555,84,3045,3
-1635,85,3097,3
-882,86,3147,4
-2125,87,3240,4
-352,88,3243,3
-352,89,3246,3
-477,90,3249,3
-1602,91,3280,3
-477,92,3283,3
-904,93,3310,3
-855,94,3331,3
-3382,95,3420,3
-477,96,3423,3
-535,97,3428,3
-1463,98,3444,3
-477,99,3447,3
-572,100,3454,3
-2226,101,3505,3
-3720,102,3633,4
-1173,103,3666,3
-578,104,3673,3
-860,105,3696,3
-477,106,3699,3
-438,107,3706,3
-1050,108,3737,3
-750,109,3743,3
-349,110,3746,3
-749,111,3759,3
-496,112,3776,3
-1287,113,3794,3
-1032,114,3812,3
-352,115,3815,3
-2383,116,3871,3
-526,117,3876,3
-1410,118,3906,3
-2176,119,3974,3
-707,120,3981,3
-1370,121,4024,3
-1270,122,4090,4
-1620,123,4126,3
-1083,124,4147,3
-1977,125,4177,3
-1192,126,4210,3
-817,127,4221,3
-884,128,4231,3
-1744,129,4270,3
-352,130,4273,3
-632,131,4290,3
-1051,132,4319,3
-3410,133,4446,4
-1780,134,4475,3
-352,135,4478,3
-2373,136,4544,3
-1782,137,4592,3
-349,138,4595,3
-715,139,4606,3
-477,140,4609,3
-913,141,4626,3
-683,142,4662,4
-1471,143,4677,3
-722,144,4684,3
-1532,145,4712,3
-654,146,4721,3
-710,147,4734,3
-776,148,4747,3
-652,149,4762,3
-665,150,4770,3
-1479,151,4794,3
-2289,152,4876,4
-477,153,4879,3
-1967,154,4931,3
-1117,155,4945,3
-477,156,4948,3
-3210,157,5019,3
-1771,158,5048,3
-1247,159,5082,4
-3334,160,5174,3
-918,161,5189,3
-624,162,5198,3
-1069,163,5244,4
-903,164,5265,3
436,165,5322,5
-1439,166,5342,3
-1365,167,5367,3
-2700,168,5433,3
-3559,169,5534,3
-900,170,5558,3
-898,171,5576,3
-1732,172,5614,3
-983,173,5645,4
-584,174,5652,3
-1364,175,5712,4
-2224,176,5751,3
-1598,177,5786,3
-671,178,5821,4
-707,179,5828,3
-2912,180,5904,3
-365,181,5928,4
-477,182,5931,3
-646,183,5946,3
-3472,184,6074,3
-1806,185,6116,3
-592,186,6131,3
-944,187,6159,3
-2195,188,6236,3
-1819,189,6280,3
-969,190,6295,3
-2262,191,6340,3
-1923,192,6374,3
-3019,193,6454,3
-1051,194,6477,3
-1509,195,6517,3
-982,196,6534,3
-628,197,6549,3
-1049,198,6575,3
-1984,199,6600,3
-820,200,6617,3
-352,201,6620,3
-1557,202,6648,3
-796,203,6659,3
-349,204,6662,3
-527,205,6673,3
-1691,206,6722,3
-665,207,6739,3
-477,208,6742,3
-1765,209,6771,3
-1066,210,6800,3
-1168,211,6830,3
-578,212,6837,3
-852,213,6862,3
-477,214,6865,3
-1984,215,6904,3
-2604,216,6976,3
-1878,217,7001,3
-3993,218,7147,4
-1561,219,7191,3
-352,220,7194,3
-395,221,7199,3
-477,222,7202,3
-584,223,7209,3
-996,224,7236,3
-1640,225,7285,3
-477,226,7288,3
-477,227,7291,3
-1070,228,7307,3
-395,229,7312,3
-1085,230,7347,3
-898,231,7370,3
-477,232,7373,3
-753,233,7382,3
-1286,234,7405,3
-771,235,7414,3
-2248,236,7464,3
-526,237,7469,3
-1201,238,7498,3
-1028,239,7524,3
-2000,240,7577,3
-401,241,7582,3
-2044,242,7645,3
-1033,243,7659,3
-2334,244,7705,3
-1661,245,7733,3
-402,246,7789,4
-2754,247,7849,3
-349,248,7852,3
-4257,249,8007,4
-1316,250,8026,3
-349,251,8029,3
-349,252,8032,3
-1279,253,8077,3
-1768,254,8107,3
-1753,255,8167,4
-3011,256,8237,3
-1000,257,8294,4
-477,258,8297,3
-1478,259,8322,3
-655,260,8333,3
-477,261,8336,3
-1247,262,8358,3
-1725,263,8386,3
-1732,264,8419,3
-1511,265,8456,4
-721,266,8477,3
-2183,267,8535,3
-856,268,8552,3
-243,269,8577,4
-1517,270,8603,3
-477,271,8606,3
-1595,272,8631,3
-2479,273,8703,3
-1346,274,8722,3
-1272,275,8738,3
-2115,276,8811,3
-787,277,8832,3
-1883,278,8875,3
-352,279,8878,3
-2974,280,8970,3
-477,281,8973,3
-1329,282,9021,4
-1343,283,9044,3
-3091,284,9119,3
-876,285,9143,3
-477,286,9146,3
-933,287,9177,3
-993,288,9198,3
-596,289,9205,3
-945,290,9227,3
-1036,291,9241,3
-1372,292,9292,3
-733,293,9324,4
-710,294,9337,3
-1045,295,9398,4
-526,296,9403,3
-1463,297,9446,3
-9,298,9481,4
-477,299,9484,3
-3024,300,9575,3
-1517,301,9592,3
-1567,302,9639,3
-1478,303,9676,3
-477,304,9679,3
-401,305,9684,3
-352,306,9687,3
-1235,307,9703,3
-521,308,9714,3
-349,309,9717,3
-949,310,9743,3
-1137,311,9770,3
-1339,312,9797,3
-477,313,9800,3
-658,314,9805,3
-349,315,9808,3
-1088,316,9847,4
-2266,317,9898,3
-693,318,9917,3
-352,319,9920,3
-1745,320,9975,3
-658,321,9980,3
-1537,322,10000,3
-2126,323,10061,3
-1292,324,10083,3
-1363,325,10115,3
-1036,326,10139,3
-594,327,10152,3
-1073,328,10195,3
-1307,329,10227,3
-1134,330,10264,3
-1130,331,10281,3
-1437,332,10312,3
-1197,333,10348,3
-1864,334,10386,3
-398,335,10391,3
-2064,336,10449,3
-933,337,10470,3
-1317,338,10512,3
-1481,339,10546,3
-477,340,10549,3
-851,341,10559,3
-1326,342,10589,3
-1982,343,10666,3
-722,344,10673,3
-477,345,10676,3
-352,346,10679,3
-2003,347,10720,3
-349,348,10723,3
-1050,349,10754,3
-1788,350,10872,4
-349,351,10875,3
-4217,352,10993,3
-1058,353,11027,3
-1348,354,11075,4
-615,355,11084,3
-1428,356,11108,3
-588,357,11121,3
-1063,358,11144,3
-3145,359,11234,3
-653,360,11251,3
-526,361,11256,3
-1268,362,11287,3
-1253,363,11318,3
-1842,364,11354,3
-1060,365,11383,3
-864,366,11399,3
-658,367,11404,3
-1882,368,11461,3
-1188,369,11489,3
-477,370,11492,3
-1182,371,11519,3
-352,372,11522,3
-1686,373,11577,3
-1687,374,11639,3
-1363,375,11683,3
-477,376,11686,3
-2136,377,11734,3
-776,378,11747,3
-831,379,11772,3
-438,380,11779,3
-1003,381,11818,4
-1320,382,11894,4
-636,383,11903,3
-535,384,11908,3
-180,385,11940,4
-1833,386,11986,3
-3671,387,12071,3
-1975,388,12140,4
-1274,389,12187,3
-2580,390,12244,3
-1702,391,12306,4
-1029,392,12319,3
-845,393,12332,3
-478,394,12377,4
-349,395,12380,3
-3029,396,12471,3
-2638,397,12536,3
-841,398,12553,3
-1690,399,12588,3
-1530,400,12618,3
-1681,401,12641,3
-349,402,12644,3
-621,403,12653,3
-2871,404,12725,3
-477,405,12728,3
-240,406,12748,4
-1087,407,12789,4
-2125,408,12830,3
-1910,409,12867,3
-2063,410,12929,3
-447,411,12944,3
-477,412,12947,3
-1362,413,13010,4
-349,414,13013,3
-1052,415,13032,3
-2223,416,13063,3
-2583,417,13123,3
-3878,418,13308,4
-349,419,13311,3
-1362,420,13353,4
-1120,421,13401,3
-349,422,13404,3
-2141,423,13468,3
-1989,424,13501,3
-441,425,13508,3
-1913,426,13542,3
-352,427,13545,3
-2887,428,13616,3
-878,429,13635,3
-526,430,13640,3
-3563,431,13768,3
-1701,432,13811,3
-1952,433,13848,3
-1411,434,13880,3
-477,435,13883,3
-1055,436,13946,4
-705,437,13965,3
-477,438,13968,3
-1036,439,13995,3
-2253,440,14053,3
-1772,441,14085,3
-616,442,14105,3
-3374,443,14200,3
-1053,444,14242,3
-1290,445,14266,3
-2587,446,14337,3
-349,447,14340,3
-539,448,14351,3
-1255,449,14374,3
-1143,450,14402,3
-349,451,14405,3
-1491,452,14450,3
-3175,453,14511,3
-1579,454,14535,3
-1383,455,14574,3
-526,456,14579,3
-1137,457,14628,4
-827,458,14673,4
-1555,459,14711,3
-1812,460,14741,3
-349,461,14744,3
-2170,462,14856,4
-3176,463,14935,3
-438,464,14942,3
-352,465,14945,3
-1223,466,14968,3
-1920,467,15017,3
-352,468,15020,3
-841,469,15037,3
-1599,470,15073,3
-477,471,15076,3
-1089,472,15107,3
-352,473,15110,3
-399,474,15131,4
-1373,475,15159,3
-1279,476,15179,3
-349,477,15182,3
-477,478,15185,3
-1691,479,15210,3
-284,480,15234,4
-1458,481,15280,3
-2106,482,15317,3
-1902,483,15362,3
-1476,484,15380,3
-477,485,15383,3
-4013,486,15487,3
-477,487,15490,3
-395,488,15495,3
-349,489,15498,3
-1514,490,15556,3
-5413,491,15699,3
-175,492,15718,4
-1387,493,15759,3
-1458,494,15807,3
-349,495,15810,3
-2284,496,15840,3
-1501,497,15907,4
-1251,498,15950,3
-1534,499,15997,3
-2517,500,16060,3
-1306,501,16078,3
-967,502,16095,3
-1494,503,16119,3
-352,504,16122,3
-3256,505,16215,3
-750,506,16221,3
-1017,507,16248,3
-2072,508,16289,3
-704,509,16302,3
-1223,510,16330,3
-401,511,16335,3
-833,512,16357,3
-2211,513,16385,3
-658,514,16390,3
-575,515,16397,3
-911,516,16438,4
-1147,517,16461,3
-4861,518,16595,3
-1140,519,16614,3
-1343,520,16649,3
-349,521,16652,3
-578,522,16659,3
-2943,523,16758,3
-2270,524,16816,3
-1280,525,16835,3
-477,526,16838,3
-1489,527,16880,3
-1353,528,16930,4
-2429,529,16982,3
-1401,530,17059,4
-438,531,17066,3
-395,532,17071,3
-388,533,17098,4
-1086,534,17110,3
-2169,535,17153,3
-1217,536,17185,3
-665,537,17193,3
-2284,538,17243,3
-1293,539,17293,4
-477,540,17296,3
-1815,541,17326,3
-1271,542,17354,3
-613,543,17378,3
-352,544,17381,3
-1540,545,17437,3
-1399,546,17501,4
-352,547,17504,3
-1356,548,17537,3
-1399,549,17579,3
-1668,550,17653,4
-349,551,17656,3
-352,552,17659,3
-1936,553,17690,3
-2463,554,17748,3
-1027,555,17777,3
-1037,556,17825,4
-641,557,17855,4
-1181,558,17880,3
-1385,559,17909,3
-973,560,17926,3
-1078,561,17955,3
-1982,562,17995,3
-959,563,18048,4
-477,564,18051,3
-477,565,18054,3
-64,566,18085,4
-398,567,18090,3
-750,568,18096,3
-1978,569,18128,3
-1822,570,18155,3
-814,571,18163,3
-2049,572,18193,3
-1307,573,18240,3
-2223,574,18282,3
-1773,575,18325,3
-2883,576,18418,3
-2546,577,18474,3
-1461,578,18518,4
-1859,579,18573,3
-1401,580,18609,3
-1354,581,18635,3
-4009,582,18735,3
-477,583,18738,3
-1387,584,18765,3
-2082,585,18805,3
-356,586,18829,4
-1277,587,18860,3
-946,588,18883,3
-750,589,18889,3
-456,590,18896,3
-1233,591,18914,3
-1409,592,18934,3
-477,593,18937,3
-1209,594,18961,3
-1174,595,18990,3
-477,596,18993,3
-526,597,18998,3
-1325,598,19047,4
-548,599,19058,3
-1074,600,19095,3
-622,601,19110,3
-477,602,19113,3
-913,603,19168,4
-1636,604,19209,3
-2075,605,19276,3
-1324,606,19312,3
-2592,607,19370,3
-932,608,19398,3
-2037,609,19434,3
-484,610,19443,3
-776,611,19459,3
-2991,612,19523,3
-1347,613,19547,3
-3209,614,19673,4
-515,615,19684,3
-4824,616,19807,3
-2165,617,19860,3
-2161,618,19933,4
-1653,619,19978,3
-352,620,19981,3
-3845,621,20075,3
-639,622,20084,3
-542,623,20095,3
-664,624,20110,3
-477,625,20113,3
-2410,626,20169,3
-349,627,20172,3
-477,628,20175,3
-1060,629,20195,3
-658,630,20200,3
-3139,631,20263,3
-1301,632,20291,3
-1966,633,20342,3
-1087,634,20394,4
-673,635,20405,3
-720,636,20436,4
-572,637,20443,3
-1059,638,20482,3
-1378,639,20517,3
-916,640,20543,3
-493,641,20552,3
-1615,642,20593,3
-1337,643,20612,3
-1427,644,20632,3
-604,645,20647,3
-2672,646,20744,3
-1936,647,20777,3
-535,648,20782,3
-395,649,20787,3
-1834,650,20849,3
-1972,651,20928,4
-1287,652,20970,3
-636,653,20983,3
-1581,654,21037,4
-433,655,21085,4
-4521,656,21229,4
-1434,657,21260,3
-438,658,21267,3
-477,659,21270,3
-1623,660,21316,3
-1363,661,21381,4
-1722,662,21411,3
-1900,663,21474,4
-585,664,21487,3
-1027,665,21511,3
-438,666,21518,3
-3083,667,21585,3
-991,668,21628,4
-817,669,21636,3
-349,670,21639,3
-1761,671,21699,3
-670,672,21710,3
-352,673,21713,3
-2395,674,21761,3
-2623,675,21821,3
-879,676,21846,3
-1318,677,21891,3
-2730,678,21969,3
-3299,679,22055,3
-1346,680,22092,3
-907,681,22127,3
-1510,682,22168,3
-1347,683,22202,3
-1796,684,22257,3
-352,685,22260,3
-1402,686,22310,3
-352,687,22313,3
-535,688,22318,3
-1784,689,22341,3
-1599,690,22377,3
-477,691,22380,3
-2422,692,22464,4
-2162,693,22502,3
-1886,694,22546,3
-322,695,22579,4
-2025,696,22609,3
-2318,697,22650,3
-763,698,22667,3
-572,699,22674,3
-477,700,22677,3
-2210,701,22726,3
-477,702,22729,3
-484,703,22738,3
-1804,704,22765,3
-1405,705,22782,3
-658,706,22787,3
-953,707,22821,3
-1253,708,22840,3
-3573,709,22957,3
-932,710,22976,3
-349,711,22979,3
-2562,712,23018,3
-1860,713,23067,3
-797,714,23080,3
-584,715,23087,3
-477,716,23090,3
-477,717,23093,3
-704,718,23106,3
-2042,719,23161,3
-1854,720,23224,3
-477,721,23227,3
-1702,722,23284,3
-2298,723,23321,3
-477,724,23324,3
-2020,725,23378,3
-893,726,23397,3
-1223,727,23428,3
-1094,728,23469,3
-750,729,23475,3
-1181,730,23507,3
-1859,731,23544,3
-750,732,23550,3
-876,733,23583,3
-3018,734,23650,3
-1059,735,23677,3
-800,736,23708,3
-831,737,23733,3
-690,738,23760,3
-1314,739,23794,3
-349,740,23797,3
-349,741,23800,3
-477,742,23803,3
-881,743,23813,3
-477,744,23816,3
-477,745,23819,3
-1720,746,23839,3
-1743,747,23872,3
-477,748,23875,3
-1508,749,23901,3
-2947,750,23967,3
-1320,751,23988,3
-1471,752,24014,3
-441,753,24021,3
-2006,754,24049,3
-2772,755,24120,3
-2189,756,24173,3
-1627,757,24240,4
-1370,758,24277,3
-2860,759,24334,3
-2250,760,24389,3
-2506,761,24445,3
-2331,762,24494,3
-2401,763,24542,3
-658,764,24547,3
-352,765,24550,3
-1252,766,24579,3
-1090,767,24612,3
-1290,768,24676,4
-349,769,24679,3
-4519,770,24808,3
-438,771,24815,3
-1951,772,24847,3
-352,773,24850,3
-1167,774,24877,3
-1113,775,24910,3
-1249,776,24936,3
-514,777,24945,3
-1756,778,25002,3
-349,779,25005,3
-477,780,25008,3
-477,781,25011,3
-1758,782,25084,4
-1262,783,25106,3
-2301,784,25181,3
-398,785,25186,3
-1549,786,25210,3
-477,787,25213,3
-352,788,25216,3
-950,789,25227,3
-929,790,25256,3
-817,791,25283,3
-137,792,25301,4
-477,793,25304,3
-535,794,25309,3
-922,795,25336,3
-477,796,25339,3
-3441,797,25436,3
-741,798,25451,3
-1534,799,25477,3
-936,800,25508,3
-908,801,25531,3
-352,802,25534,3
-526,803,25539,3
-743,804,25552,3
4,805,25587,4
-1327,806,25623,3
-1354,807,25658,3
-477,808,25661,3
-1011,809,25683,3
-953,810,25717,3
-1412,811,25748,3
-3700,812,25849,3
-349,813,25852,3
-587,814,25871,3
-1230,815,25890,3
-973,816,25922,3
-1973,817,25990,3
-1001,818,26009,3
-352,819,26012,3
-395,820,26017,3
-1191,821,26032,3
-867,822,26053,3
-352,823,26056,3
-753,824,26071,3
-352,825,26074,3
-1571,826,26102,3
-1730,827,26143,3
-3296,828,26250,3
-477,829,26253,3
-1409,830,26273,3
-1258,831,26300,3
-477,832,26303,3
-624,833,26312,3
-1387,834,26326,3
-1755,835,26353,3
-2497,836,26442,4
-2631,837,26496,3
-1634,838,26551,3
-1237,839,26586,3
-477,840,26589,3
-1335,841,26610,3
-2110,842,26655,3
-1516,843,26679,3
-245,844,26701,4
-1508,845,26759,3
-477,846,26762,3
-3505,847,26864,3
-1604,848,26889,3
-752,849,26939,4
-477,850,26942,3
-352,851,26945,3
-886,852,26966,3
-477,853,26969,3
-465,854,26976,3
-401,855,26981,3
-876,856,27002,3
-477,857,27005,3
-352,858,27008,3
-2027,859,27085,4
-349,860,27088,3
-1317,861,27112,3
-352,862,27115,3
-1278,863,27139,3
-1386,864,27178,3
-1576,865,27228,3
-657,866,27261,4
152,867,27288,4
-1128,868,27307,3
-1292,869,27338,3
-1901,870,27372,3
-1300,871,27416,3
-496,872,27425,3
-3447,873,27531,3
-1509,874,27564,3
-1938,875,27649,4
-2232,876,27746,4
-1385,877,27768,3
-598,878,27783,3
-2714,879,27837,3
-1014,880,27864,3
-477,881,27867,3
-1616,882,27919,4
-477,883,27922,3
-2929,884,27990,3
-658,885,27995,3
-1947,886,28025,3
-1790,887,28062,3
-1910,888,28139,3
-1486,889,28177,3
-1086,890,28195,3
-986,891,28205,3
-1219,892,28240,3
-862,893,28276,3
-349,894,28279,3
-349,895,28282,3
-349,896,28285,3
-1494,897,28345,3
-477,898,28348,3
-630,899,28357,3
-1640,900,28397,3
-1115,901,28423,3
-349,902,28426,3
-2336,903,28490,3
-3171,904,28571,3
-526,905,28588,3
-750,906,28594,3
-1086,907,28623,4
-1732,908,28655,3
-855,909,28685,3
-2236,910,28723,3
-2504,911,28769,3
-1032,912,28791,3
-1415,913,28825,3
-750,914,28831,3
-646,915,28846,3
-477,916,28849,3
-83,917,28867,4
-937,918,28875,3
-624,919,28884,3
-477,920,28887,3
-477,921,28890,3
-966,922,28922,4
-2411,923,28983,3
-3126,924,29085,3
-1202,925,29107,3
-352,926,29110,3
-477,927,29113,3
-477,928,29116,3
-994,929,29149,3
-654,930,29158,3
-1781,931,29199,3
-477,932,29202,3
-1748,933,29239,3
-573,934,29252,3
-1692,935,29322,4
-2328,936,29353,3
-1038,937,29383,3
-630,938,29392,3
-1734,939,29443,3
-995,940,29459,3
-1378,941,29504,3
-2137,942,29572,3
-946,943,29589,3
-477,944,29592,3
-349,945,29595,3
-1061,946,29666,4
-3312,947,29759,3
-1517,948,29776,3
-4027,949,29868,3
-477,950,29871,3
-658,951,29876,3
-2151,952,29918,3
-352,953,29921,3
-1052,954,29953,4
-1285,955,29970,3
-2608,956,30050,3
-2844,957,30130,4
-2133,958,30172,3
-821,959,30186,3
-2651,960,30336,5
-1510,961,30360,3
-870,962,30384,3
-349,963,30387,3
-535,964,30392,3
-756,965,30401,3
-647,966,30427,3
-1876,967,30496,3
-395,968,30501,3
-832,969,30528,3
-477,970,30531,3
-526,971,30536,3
-2200,972,30569,3
-2114,973,30631,3
-1357,974,30669,3
-477,975,30672,3
-477,976,30675,3
-572,977,30682,3
-2125,978,30709,3
-477,979,30712,3
-1137,980,30731,3
-825,981,30750,3
-1205,982,30773,3
-716,983,30786,3
-477,984,30789,3
-909,985,30804,3
-1060,986,30837,3
-1256,987,30869,3
-349,988,30872,3
-2029,989,30948,4
-352,990,30951,3
-2053,991,30983,3
-477,992,30986,3
-1301,993,31023,3
-1418,994,31051,3
-5896,995,31215,3
-3692,996,31318,3
-1418,997,31337,3
-1269,998,31392,4
-1757,999,31415,3
-759,1000,31439,3
-1294,1001,31460,3
-1897,1002,31525,3
-270,1003,31550,4
-401,1004,31555,3
-976,1005,31572,3
-1492,1006,31595,3
8,1007,31610,4
-1271,1008,31641,3
-2058,1009,31705,3
-5995,1010,31932,3
-1917,1011,32001,3
-1283,1012,32049,4
-1036,1013,32063,3
-540,1014,32085,3
-722,1015,32092,3
-349,1016,32095,3
-4398,1017,32246,3
-1452,1018,32273,3
-750,1019,32279,3
-1836,1020,32330,3
-1111,1021,32344,3
-1585,1022,32400,3
-2103,1023,32439,3
-477,1024,32442,3
-857,1025,32452,3
-2124,1026,32492,3
-1589,1027,32561,4
-1582,1028,32584,3
-1747,1029,32614,3
-1484,1030,32634,3
-349,1031,32637,3
-477,1032,32640,3
-1304,1033,32677,3
-1405,1034,32703,3
-1761,1035,32730,3
-1272,1036,32763,3
-1068,1037,32802,3
-1410,1038,32826,3
-349,1039,32829,3
-2496,1040,32868,3
-578,1041,32879,3
-502,1042,32893,3
-1242,1043,32933,4
-2187,1044,32960,3
-349,1045,32963,3
-447,1046,32970,3
-1200,1047,33003,3
-477,1048,33006,3
-2328,1049,33052,3
-1353,1050,33094,3
-1171,1051,33141,3
-631,1052,33173,4
-1851,1053,33207,3
-1398,1054,33241,3
-352,1055,33244,3
-1866,1056,33268,3
-398,1057,33273,3
-817,1058,33281,3
-750,1059,33287,3
-477,1060,33290,3
-2458,1061,33374,3
-1850,1062,33448,3
-1210,1063,33499,4
-982,1064,33540,3
-582,1065,33553,3
-349,1066,33556,3
-3864,1067,33667,3
-2987,1068,33727,3
-1352,1069,33749,3
-1888,1070,33781,3
-477,1071,33784,3
-2302,1072,33834,3
-1545,1073,33861,3
-1951,1074,33905,3
-1032,1075,33932,3
-1306,1076,33968,3
-709,1077,33979,3
-3374,1078,34055,3
526,1079,34070,4
-1960,1080,34105,3
-1668,1081,34166,3
-2156,1082,34214,3
-349,1083,34217,3
-2147,1084,34293,4
-419,1085,34306,3
-477,1086,34309,3
-811,1087,34317,3
-667,1088,34328,3
-444,1089,34335,3
-621,1090,34344,3
-1995,1091,34407,3
-2496,1092,34450,3
-1625,1093,34478,3
-297,1094,34497,4
-1009,1095,34530,3
-690,1096,34557,3
-639,1097,34566,3
-2614,1098,34609,3
-2276,1099,34674,3
-477,1100,34677,3
-821,1101,34699,3
-477,1102,34702,3
-1399,1103,34734,3
-3400,1104,34836,4
-655,1105,34847,3
-477,1106,34850,3
-349,1107,34853,3
-2639,1108,34899,3
-597,1109,34912,3
-352,1110,34915,3
-615,1111,34924,3
-665,1112,34932,3
-477,1113,34935,3
-990,1114,34957,3
-630,1115,34966,3
-1699,1116,34992,3
-1535,1117,35026,3
-3166,1118,35103,3
-477,1119,35106,3
-441,1120,35113,3
-796,1121,35124,3
-1774,1122,35178,3
-1203,1123,35205,3
-1620,1124,35241,3
-3317,1125,35384,4
-1552,1126,35431,3
-349,1127,35434,3
-642,1128,35443,3
-349,1129,35446,3
-530,1130,35457,3
-1808,1131,35491,3
-2198,1132,35535,3
-707,1133,35548,3
-1660,1134,35580,3
-1222,1135,35597,3
-1378,1136,35629,3
-4017,1137,35732,3
-3102,1138,35843,4
-1999,1139,35884,3
-1238,1140,35898,3
-2510,1141,35962,3
-1139,1142,35978,3
-340,1143,35990,3
-2604,1144,36056,3
-2201,1145,36102,3
-2110,1146,36160,4
-2416,1147,36196,3
-1816,1148,36228,3
-545,1149,36239,3
-1765,1150,36269,3
-529,1151,36287,4
-477,1152,36290,3
-3441,1153,36357,3
-447,1154,36364,3
-477,1155,36367,3
-628,1156,36382,3
-1222,1157,36408,3
-1999,1158,36441,3
-1593,1159,36468,3
-650,1160,36497,4
-615,1161,36506,3
-431,1162,36519,3
-1175,1163,36548,3
-1969,1164,36617,3
-477,1165,36620,3
-2916,1166,36738,4
-1986,1167,36783,3
-1195,1168,36828,4
-1001,1169,36853,3
-1967,1170,36884,3
-2799,1171,36932,3
-1139,1172,36957,3
-1886,1173,37007,3
-1371,1174,37052,3
-1558,1175,37108,3
-567,1176,37130,3
-3186,1177,37257,4
-1104,1178,37284,3
-2317,1179,37334,3
-1375,1180,37357,3
-1658,1181,37409,3
-1228,1182,37454,3
-2184,1183,37494,3
-874,1184,37521,3
-1458,1185,37591,4
-4161,1186,37682,3
-477,1187,37685,3
-2271,1188,37733,3
-786,1189,37757,3
-395,1190,37762,3
-1041,1191,37780,3
-735,1192,37799,3
-1699,1193,37896,4
-1662,1194,37932,3
-1677,1195,37980,3
-2068,1196,38013,3
-477,1197,38016,3
-1834,1198,38048,3
-946,1199,38065,3
-349,1200,38068,3
-1873,1201,38100,3
-2485,1202,38153,3
-1289,1203,38184,3
-477,1204,38187,3
-349,1205,38190,3
-1387,1206,38204,3
-2814,1207,38276,3
-715,1208,38287,3
-198,1209,38320,4
-1299,1210,38344,3
-2284,1211,38424,4
-4374,1212,38583,4
-1063,1213,38603,3
-1263,1214,38631,3
-1130,1215,38647,3
-2282,1216,38720,3
-760,1217,38740,3
-1639,1218,38769,3
-2231,1219,38809,3
-1094,1220,38826,3
-676,1221,38868,4
-477,1222,38871,3
-1586,1223,38906,3
-477,1224,38909,3
-1786,1225,38935,3
-1533,1226,38983,3
-349,1227,38986,3
-3543,1228,39119,3
-795,1229,39134,3
-1197,1230,39161,3
-533,1231,39172,3
-477,1232,39175,3
-395,1233,39180,3
-1357,1234,39231,3
-993,1235,39252,3
-1039,1236,39269,3
-771,1237,39287,3
-2541,1238,39341,3
-1063,1239,39356,3
-1281,1240,39390,3
-1978,1241,39437,3
-1267,1242,39463,3
-1135,1243,39507,3
-1304,1244,39529,3
-1793,1245,39554,3
-490,1246,39563,3
-1395,1247,39611,3
-2431,1248,39679,3
-2708,1249,39771,3
-734,1250,39784,3
-952,1251,39801,3
-4052,1252,39914,3
-1556,1253,39945,3
-2191,1254,39998,3
-795,1255,40013,3
-2206,1256,40078,3
-526,1257,40083,3
-1369,1258,40103,3
-630,1259,40112,3
-754,1260,40133,3
-572,1261,40144,3
-3980,1262,40268,3
-1957,1263,40315,3
-349,1264,40318,3
-675,1265,40337,3
-1789,1266,40410,4
-658,1267,40415,3
-2619,1268,40473,3
-1098,1269,40494,3
-1110,1270,40530,3
-349,1271,40533,3
-535,1272,40538,3
-477,1273,40541,3
-618,1274,40550,3
-459,1275,40565,3
-2477,1276,40604,3
-477,1277,40607,3
-615,1278,40616,3
-1268,1279,40639,3
-2751,1280,40715,3
-1459,1281,40738,3
-2091,1282,40783,3
-1545,1283,40807,3
-477,1284,40810,3
-1337,1285,40839,3
-1019,1286,40858,3
-530,1287,40869,3
-695,1288,40885,3
-658,1289,40890,3
-352,1290,40893,3
-1135,1291,40907,3
-2320,1292,40976,3
-750,1293,40991,3
-1272,1294,41015,3
-1270,1295,41032,3
-846,1296,41087,4
-477,1297,41090,3
-1195,1298,41120,3
-607,1299,41135,3
-477,1300,41138,3
-1155,1301,41157,3
-832,1302,41184,3
-352,1303,41187,3
-352,1304,41190,3
-477,1305,41193,3
-521,1306,41204,3
-1280,1307,41245,3
-686,1308,41270,3
-3107,1309,41367,3
-2281,1310,41405,3
-698,1311,41418,3
-751,1312,41439,3
-349,1313,41442,3
-782,1314,41470,3
-395,1315,41475,3
-811,1316,41495,3
-1280,1317,41517,3
-505,1318,41531,3
-717,1319,41550,3
-1543,1320,41570,3
-479,1321,41588,4
-477,1322,41591,3
-1385,1323,41610,3
-1585,1324,41691,4
-3094,1325,41768,3
-1200,1326,41786,3
-1923,1327,41825,3
-1929,1328,41867,3
-1217,1329,41899,3
-1091,1330,41930,3
-331,1331,41982,4
-1560,1332,42009,3
-1498,1333,42035,3
-1873,1334,42103,3
-933,1335,42118,3
-1132,1336,42165,3
-2575,1337,42218,3
-1416,1338,42274,4
-1825,1339,42318,3
-3059,1340,42421,3
-3260,1341,42550,4
-1287,1342,42577,3
-1455,1343,42631,3
-1743,1344,42689,3
-878,1345,42699,3
-349,1346,42702,3
-535,1347,42707,3
-1132,1348,42749,4
-2297,1349,42789,3
-809,1350,42820,3
-1513,1351,42849,3
-438,1352,42856,3
-1268,1353,42887,3
-1166,1354,42913,3
-477,1355,42916,3
-477,1356,42919,3
-1549,1357,42942,3
-1252,1358,42968,3
-704,1359,42981,3
-3615,1360,43082,4
-477,1361,43085,3
-477,1362,43088,3
-1933,1363,43157,3
-2019,1364,43196,3
-536,1365,43227,4
-903,1366,43248,3
-2861,1367,43328,3
-615,1368,43337,3
-1066,1369,43361,3
-1247,1370,43377,3
-352,1371,43380,3
-2583,1372,43443,3
-2197,1373,43476,3
-1486,1374,43500,3
-861,1375,43521,3
-349,1376,43524,3
-349,1377,43527,3
-2071,1378,43586,3
-2241,1379,43676,3
-1345,1380,43694,3
-1801,1381,43726,3
-2006,1382,43766,3
-681,1383,43785,3
-1034,1384,43801,3
-2589,1385,43861,3
-349,1386,43864,3
-1754,1387,43898,3
-734,1388,43911,3
-2794,1389,43970,3
-2109,1390,44013,3
-2288,1391,44068,3
-680,1392,44085,3
-1728,1393,44113,3
-477,1394,44116,3
-349,1395,44119,3
-951,1396,44150,3
-1120,1397,44213,4
-3649,1398,44324,3
-1738,1399,44350,3
-2476,1400,44445,4
-715,1401,44466,3
-1343,1402,44488,3
-477,1403,44491,3
-477,1404,44494,3
-1409,1405,44532,3
-697,1406,44543,3
-732,1407,44562,3
-734,1408,44575,3
-441,1409,44582,3
-1258,1410,44626,4
-860,1411,44636,3
-395,1412,44641,3
-1432,1413,44667,3
-349,1414,44670,3
-584,1415,44677,3
-2024,1416,44735,4
-1139,1417,44757,3
-349,1418,44760,3
-349,1419,44763,3
-3185,1420,44845,3
-1007,1421,44864,3
-2104,1422,44909,3
-944,1423,44920,3
-1621,1424,44943,3
-1506,1425,44987,4
-395,1426,44992,3
-891,1427,45007,3
-1426,1428,45058,3
-477,1429,45061,3
-1408,1430,45088,3
-1320,1431,45137,3
-2296,1432,45184,3
-395,1433,45189,3
-949,1434,45216,3
-2761,1435,45281,3
-1301,1436,45346,4
-349,1437,45349,3
-1440,1438,45373,3
-477,1439,45376,3
-1073,1440,45401,3
-1239,1441,45435,3
-477,1442,45438,3
-658,1443,45443,3
-477,1444,45446,3
-529,1445,45464,4
-2053,1446,45497,3
-750,1447,45512,3
-852,1448,45537,3
-349,1449,45540,3
-1720,1450,45572,3
-349,1451,45575,3
-1421,1452,45595,3
-2292,1453,45640,3
-349,1454,45643,3
-2802,1455,45712,3
-808,1456,45729,3
-4199,1457,45842,3
-1178,1458,45877,3
-1545,1459,45901,3
-1012,1460,45915,3
-2848,1461,45986,3
-2693,1462,46047,3
-1148,1463,46078,3
-851,1464,46091,3
-1567,1465,46172,4
-909,1466,46184,3
-2455,1467,46246,3
-1582,1468,46281,3
-1219,1469,46316,3
-395,1470,46321,3
-575,1471,46328,3
-583,1472,46343,3
-987,1473,46373,3
-3113,1474,46450,3
-526,1475,46455,3
-526,1476,46460,3
-2036,1477,46504,3
-750,1478,46528,3
-581,1479,46535,3
-477,1480,46538,3
-2932,1481,46609,3
-970,1482,46623,3
-349,1483,46626,3
-891,1484,46641,3
-1022,1485,46660,3
-1865,1486,46703,3
-1511,1487,46729,3
-2421,1488,46786,3
-630,1489,46795,3
-462,1490,46810,3
-739,1491,46841,4
-1578,1492,46860,3
-1776,1493,46897,3
-1806,1494,46931,3
-917,1495,46969,3
-4452,1496,47098,4
-4610,1497,47211,3
-2305,1498,47242,3
-1719,1499,47279,3
-477,1500,47282,3
-1667,1501,47325,3
-349,1502,47328,3
-611,1503,47358,4
-942,1504,47391,3
-1750,1505,47436,3
-395,1506,47441,3
-1445,1507,47475,3
-878,1508,47503,3
-535,1509,47508,3
-847,1510,47544,3
-939,1511,47556,3
-1230,1512,47571,3
-674,1513,47588,3
-1394,1514,47608,3
-1102,1515,47668,4
-477,1516,47671,3
-572,1517,47678,3
-1197,1518,47723,3
-1804,1519,47776,3
-1465,1520,47808,3
-1424,1521,47842,3
-744,1522,47857,3
-2902,1523,47931,4
-2056,1524,47975,3
-1853,1525,48030,3
-1200,1526,48045,3
-349,1527,48048,3
-3583,1528,48144,3
-1229,1529,48175,3
-453,1530,48182,3
-750,1531,48188,3
-2190,1532,48239,3
-1566,1533,48260,3
-2249,1534,48294,3
-1225,1535,48305,3
-352,1536,48308,3
-1094,1537,48352,3
-686,1538,48368,3
-477,1539,48371,3
-1074,1540,48383,3
-662,1541,48391,3
-3158,1542,48459,3
-986,1543,48475,3
-349,1544,48478,3
-1782,1545,48523,3
-4222,1546,48607,3
-630,1547,48616,3
-2447,1548,48683,3
-349,1549,48686,3
-478,1550,48695,3
-371,1551,48709,3
-846,1552,48725,3
-725,1553,48738,3
-630,1554,48747,3
-1059,1555,48759,3
-487,1556,48810,4
-658,1557,48815,3
-1385,1558,48840,3
-1213,1559,48860,3
-2775,1560,48917,3
-2623,1561,48982,3
-477,1562,48985,3
-2890,1563,49080,3
132,1564,49118,4
-3919,1565,49220,3
-1799,1566,49321,4
-1090,1567,49357,4
-395,1568,49362,3
-1971,1569,49401,3
-2472,1570,49491,3
-1708,1571,49523,3
-441,1572,49530,3
-1253,1573,49544,3
-795,1574,49572,3
-165,1575,49589,4
-1723,1576,49615,3
-859,1577,49690,4
-1790,1578,49743,3
-888,1579,49758,3
-349,1580,49761,3
-1579,1581,49799,3
-1916,1582,49837,3
-1827,1583,49888,3
-1024,1584,49911,3
-891,1585,49932,3
-1085,1586,49958,3
-750,1587,49964,3
-1475,1588,49992,3
-1552,1589,50016,3
-1637,1590,50042,3
-576,1591,50055,3
-1454,1592,50083,3
-1484,1593,50121,3
-766,1594,50133,3
-2880,1595,50206,3
-1906,1596,50253,3
-944,1597,50282,3
-477,1598,50285,3
-107,1599,50302,4
-1028,1600,50327,3
-891,1601,50342,3
-1297,1602,50377,3
-1999,1603,50461,4
-791,1604,50484,3
-521,1605,50495,3
-349,1606,50498,3
-1315,1607,50534,3
-1823,1608,50566,3
-108,1609,50603,4
-477,1610,50606,3
-914,1611,50637,4
-1084,1612,50678,3
-2365,1613,50757,4
-1572,1614,50805,3
-395,1615,50810,3
-1425,1616,50859,4
-441,1617,50866,3
-2985,1618,50920,3
-526,1619,50925,3
-1225,1620,50936,3
-769,1621,50957,3
-2133,1622,51016,4
-2916,1623,51082,3
-483,1624,51116,4
-1159,1625,51137,3
-1732,1626,51163,3
-477,1627,51166,3
-2925,1628,51241,3
-1439,1629,51261,3
-683,1630,51278,3
-2135,1631,51337,4
-526,1632,51342,3
-1325,1633,51365,3
-1682,1634,51388,3
-782,1635,51402,3
-1969,1636,51437,3
-1081,1637,51466,3
-545,1638,51477,3
-2288,1639,51556,3
-3070,1640,51612,3
-5825,1641,51765,3
-4171,1642,51860,3
-1513,1643,51886,3
-2292,1644,51931,3
-658,1645,51936,3
-1052,1646,51971,3
-1812,1647,52014,3
-788,1648,52045,3
-349,1649,52048,3
-477,1650,52051,3
-424,1651,52078,4
210,1652,52109,4
-3504,1653,52203,3
-535,1654,52208,3
-1431,1655,52229,3
-2062,1656,52261,3
-2972,1657,52325,3
-891,1658,52337,3
-1867,1659,52359,3
-1585,1660,52382,3
-395,1661,52387,3
-1918,1662,52422,3
-1537,1663,52452,3
-904,1664,52484,3
-1851,1665,52514,3
-1835,1666,52545,3
-2377,1667,52605,3
-1583,1668,52621,3
-2903,1669,52692,3
-1411,1670,52718,3
-395,1671,52723,3
-615,1672,52732,3
-861,1673,52757,3
-1057,1674,52789,3
-1682,1675,52848,3
-349,1676,52851,3
-733,1677,52872,3
-1383,1678,52899,3
-1540,1679,52949,3
-477,1680,52952,3
-731,1681,52965,3
-2413,1682,53015,3
-505,1683,53029,3
-2788,1684,53110,3
-1830,1685,53149,3
-352,1686,53152,3
-1102,1687,53182,3
-349,1688,53185,3
-349,1689,53188,3
-533,1690,53204,3
-4020,1691,53312,3
-352,1692,53315,3
-1329,1693,53330,3
-842,1694,53353,3
-477,1695,53356,3
-774,1696,53375,3
-949,1697,53389,3
-836,1698,53440,4
-477,1699,53443,3
-477,1700,53446,3
-1043,1701,53475,3
-969,1702,53502,3
-1736,1703,53533,3
-2488,1704,53577,3
-572,1705,53584,3
-3359,1706,53669,3
-477,1707,53672,3
-1247,1708,53695,3
-626,1709,53719,4
-2678,1710,53804,3
-990,1711,53831,3
-2441,1712,53889,3
-1462,1713,53925,3
-1983,1714,53973,3
-477,1715,53976,3
-477,1716,53979,3
-783,1717,54011,4
-753,1718,54020,3
-348,1719,54046,4
-3244,1720,54117,3
-799,1721,54128,3
-1063,1722,54152,3
-1481,1723,54177,3
-1211,1724,54208,3
-1746,1725,54244,3
-691,1726,54255,3
-527,1727,54266,3
-3942,1728,54395,3
-3624,1729,54508,4
-707,1730,54515,3
-477,1731,54518,3
-2459,1732,54576,3
-1282,1733,54603,3
-2142,1734,54678,3
-689,1735,54755,4
59,1736,54794,4
-477,1737,54797,3
-1129,1738,54826,3
-866,1739,54839,3
-477,1740,54842,3
-2869,1741,54898,3
-1560,1742,54937,3
-395,1743,54942,3
-750,1744,54948,3
-2922,1745,55032,3
-1850,1746,55090,4
-900,1747,55111,3
-109,1748,55144,4
-477,1749,55147,3
-477,1750,55150,3
-2212,1751,55200,3
-1273,1752,55220,3
-2479,1753,55286,3
-1072,1754,55309,3
-2097,1755,55348,3
-1997,1756,55394,3
-1109,1757,55425,3
-713,1758,55438,3
-3145,1759,55542,3
-944,1760,55561,3
-477,1761,55564,3
-505,1762,55578,3
-2507,1763,55681,4
-970,1764,55723,4
-2144,1765,55764,3
-1335,1766,55797,3
-1437,1767,55827,3
-1334,1768,55850,3
-2257,1769,55889,3
-548,1770,55900,3
-3597,1771,56008,4
-1209,1772,56026,3
-637,1773,56089,4
-2091,1774,56140,3
-244,1775,56176,4
-8460,1776,56426,4
-1291,1777,56479,3
-1591,1778,56512,3
-1689,1779,56542,3
-262,1780,56563,4
-845,1781,56586,3
-477,1782,56589,3
-395,1783,56594,3
-1850,1784,56650,3
-1093,1785,56688,3
-1372,1786,56705,3
-352,1787,56708,3
-1521,1788,56729,3
-883,1789,56755,3
-477,1790,56758,3
-615,1791,56767,3
-1592,1792,56798,3
-1109,1793,56826,3
-349,1794,56829,3
-3702,1795,56967,4
-2160,1796,57006,3
-2588,1797,57043,3
-1029,1798,57070,3
-658,1799,57075,3
-2291,1800,57110,3
-584,1801,57117,3
-753,1802,57126,3
-1115,1803,57166,3
-352,1804,57169,3
-625,1805,57184,3
-1528,1806,57208,3
-750,1807,57214,3
-3211,1808,57306,3
-1697,1809,57332,3
-5210,1810,57507,4
-1414,1811,57536,3
-2542,1812,57613,3
-1790,1813,57650,3
-1995,1814,57699,3
-2054,1815,57745,3
-477,1816,57748,3
-803,1817,57771,3
-853,1818,57782,3
-1590,1819,57837,4
-1941,1820,57865,3
-540,1821,57935,4
-1694,1822,58007,4
-1764,1823,58090,4
-401,1824,58095,3
-817,1825,58103,3
-2012,1826,58138,3
-1342,1827,58164,3
-1757,1828,58204,3
-2956,1829,58291,3
-1348,1830,58309,3
-2667,1831,58372,3
-1533,1832,58402,3
-1619,1833,58434,3
-1398,1834,58458,3
-1392,1835,58480,3
-447,1836,58487,3
-1571,1837,58533,3
-738,1838,58552,3
-1026,1839,58619,4
-2808,1840,58708,4
-1056,1841,58721,3
-1624,1842,58751,3
-1318,1843,58778,3
-673,1844,58789,3
-858,1845,58814,3
-2121,1846,58887,4
-94,1847,58926,4
-1891,1848,58994,3
-569,1849,59005,3
-631,1850,59025,3
-1960,1851,59064,3
-957,1852,59156,5
-349,1853,59159,3
-1841,1854,59196,3
-1229,1855,59227,3
-1631,1856,59304,4
-1967,1857,59341,3
-2290,1858,59370,3
-2590,1859,59426,3
-2281,1860,59464,3
-3012,1861,59533,3
-1794,1862,59575,3
-1949,1863,59636,3
-1849,1864,59666,3
-1472,1865,59685,3
-750,1866,59691,3
-1075,1867,59705,3
-2369,1868,59755,3
-801,1869,59770,3
-477,1870,59773,3
-349,1871,59776,3
-1142,1872,59807,3
-1081,1873,59836,3
-2863,1874,59892,3
-1616,1875,59927,3
-477,1876,59930,3
-526,1877,59935,3
-1615,1878,60011,4
-2575,1879,60053,3
-619,1880,60068,3
-235,1881,60107,4
-769,1882,60127,3
-1444,1883,60180,3
-607,1884,60195,3
-1127,1885,60212,3
-1353,1886,60237,3
-2648,1887,60305,3
-591,1888,60364,4
-3748,1889,60453,3
-1518,1890,60474,3
-1848,1891,60497,3
-510,1892,60518,4
-3206,1893,60615,3
-3302,1894,60683,3
-1720,1895,60727,3
-1376,1896,60755,3
-857,1897,60768,3
-1254,1898,60795,3
-349,1899,60798,3
-2826,1900,60910,4
-1348,1901,60936,3
-1377,1902,60970,3
-477,1903,60973,3
-1723,1904,61032,3
-1284,1905,61048,3
-395,1906,61053,3
-614,1907,61100,4
-612,1908,61121,3
-902,1909,61152,3
-714,1910,61170,3
-477,1911,61173,3
171,1912,61198,4
-2269,1913,61255,3
-477,1914,61258,3
-717,1915,61277,3
-1656,1916,61305,3
-746,1917,61318,3
-326,1918,61353,4
-762,1919,61362,3
-1536,1920,61383,3
-1399,1921,61424,3
-1412,1922,61455,3
-3002,1923,61510,3
-477,1924,61513,3
-1737,1925,61543,3
-296,1926,61572,4
-1313,1927,61594,3
-738,1928,61640,4
-3104,1929,61740,3
-1681,1930,61772,3
-622,1931,61820,4
-1677,1932,61859,3
-1277,1933,61873,3
-1323,1934,61903,3
-1099,1935,61923,3
-349,1936,61926,3
-349,1937,61929,3
-1247,1938,61951,3
-3366,1939,62029,3
-352,1940,62032,3
-477,1941,62035,3
-477,1942,62038,3
-1463,1943,62057,3
-761,1944,62070,3
-349,1945,62073,3
-714,1946,62091,3
-1012,1947,62123,3
-395,1948,62128,3
-1075,1949,62148,3
-996,1950,62163,3
-1302,1951,62190,3
-2295,1952,62244,3
-1321,1953,62265,3
-141,1954,62286,4
-1132,1955,62319,3
-1552,1956,62339,3
-900,1957,62391,4
-1525,1958,62441,3
-85,1959,62458,4
-2191,1960,62505,3
-349,1961,62508,3
-1140,1962,62535,3
-349,1963,62538,3
-2594,1964,62596,3
-646,1965,62611,3
-1422,1966,62635,3
-2400,1967,62689,3
-499,1968,62698,3
-1225,1969,62719,3
-1785,1970,62744,3
-1935,1971,62784,3
-477,1972,62787,3
-2495,1973,62833,3
-1413,1974,62855,3
-817,1975,62863,3
-2862,1976,62923,3
-725,1977,62939,3
-1061,1978,62977,4
-1492,1979,63040,4
-572,1980,63047,3
-1213,1981,63076,3
-171,1982,63101,4
-573,1983,63114,3
-3016,1984,63194,3
-578,1985,63201,3
-395,1986,63206,3
-1714,1987,63226,3
-477,1988,63229,3
-1738,1989,63276,3
-2116,1990,63341,3
-477,1991,63344,3
-539,1992,63355,3
-750,1993,63361,3
-477,1994,63364,3
-4271,1995,63483,3
-441,1996,63490,3
-985,1997,63513,3
-2079,1998,63558,3
-1258,1999,63578,3
-3742,2000,63725,4
-477,2001,63728,3
-2094,2002,63773,3
-1491,2003,63791,3
-1415,2004,63811,3
-285,2005,63836,4
-942,2006,63857,3
-1323,2007,63873,3
-711,2008,63883,3
-1352,2009,63920,3
-587,2010,63950,4
-2599,2011,64016,3
-922,2012,64039,3
-772,2013,64073,4
-3106,2014,64144,3
-349,2015,64147,3
-2068,2016,64179,3
-1620,2017,64216,3
-1351,2018,64234,3
-419,2019,64247,3
-1427,2020,64281,3
-349,2021,64284,3
-1383,2022,64305,3
-477,2023,64308,3
-824,2024,64330,3
-1188,2025,64363,3
-692,2026,64380,3
-349,2027,64383,3
-1863,2028,64407,3
-1168,2029,64442,3
-1297,2030,64474,3
-1339,2031,64530,3
-1050,2032,64551,3
-937,2033,64574,3
-1074,2034,64596,3
-1609,2035,64628,3
-2566,2036,64677,3
-477,2037,64680,3
-1292,2038,64718,3
-2609,2039,64783,3
-1734,2040,64807,3
-1648,2041,64837,3
-1014,2042,64867,3
-3397,2043,64962,4
-1860,2044,64985,3
-784,2045,65011,3
-1323,2046,65038,3
-526,2047,65043,3
-949,2048,65057,3
-499,2049,65071,3
-3148,2050,65175,3
-2341,2051,65219,3
-1198,2052,65240,3
-2900,2053,65299,3
-349,2054,65302,3
-641,2055,65331,4
-1586,2056,65438,4
-604,2057,65453,3
-570,2058,65466,3
-658,2059,65471,3
-477,2060,65474,3
-352,2061,65477,3
-352,2062,65480,3
-349,2063,65483,3
-1396,2064,65497,3
-352,2065,65500,3
-2871,2066,65569,3
-477,2067,65572,3
-658,2068,65577,3
-2900,2069,65651,3
-2515,2070,65695,3
-3195,2071,65777,3
-679,2072,65788,3
-757,2073,65800,3
-2473,2074,65856,3
-477,2075,65859,3
-2466,2076,65919,3
-2525,2077,65989,3
-477,2078,65992,3
-1130,2079,66008,3
-920,2080,66021,3
-624,2081,66030,3
-2315,2082,66082,3
-1677,2083,66109,3
-4116,2084,66240,4
-1940,2085,66286,3
-1931,2086,66324,3
-722,2087,66337,3
-1240,2088,66354,3
-1032,2089,66366,3
-670,2090,66377,3
-1876,2091,66403,3
-352,2092,66406,3
-957,2093,66428,3
-1787,2094,66465,3
-1688,2095,66490,3
-1628,2096,66539,3
-352,2097,66542,3
-974,2098,66562,3
-1407,2099,66601,3
-477,2100,66604,3
-352,2101,66607,3
-569,2102,66629,4
-608,2103,66645,3
-352,2104,66648,3
-349,2105,66651,3
-395,2106,66656,3
-2364,2107,66722,3
-2030,2108,66763,3
-887,2109,66773,3
-477,2110,66776,3
-813,2111,66791,3
-2728,2112,66869,3
-971,2113,66894,3
-2165,2114,66937,3
-981,2115,66950,3
-1323,2116,66962,3
-477,2117,66965,3
-2738,2118,67036,3
-1348,2119,67053,3
-1217,2120,67085,3
-535,2121,67090,3
-1255,2122,67129,3
-658,2123,67134,3
-1794,2124,67158,3
-1752,2125,67192,3
-1719,2126,67219,3
-615,2127,67228,3
-477,2128,67231,3
-1195,2129,67276,3
-1006,2130,67317,3
-1419,2131,67342,3
-1699,2132,67378,3
-1265,2133,67400,3
-1126,2134,67429,3
-349,2135,67432,3
-867,2136,67453,3
-1237,2137,67474,3
-2068,2138,67515,3
-3175,2139,67618,4
-477,2140,67621,3
-1639,2141,67651,3
-2213,2142,67703,3
-2113,2143,67745,3
-1439,2144,67773,3
-1726,2145,67805,3
-1045,2146,67855,4
-2915,2147,67928,3
-2148,2148,67958,3
-887,2149,67977,3
-1625,2150,68002,3
-477,2151,68005,3
-477,2152,68008,3
-2258,2153,68048,3
-908,2154,68068,3
-817,2155,68089,3
-477,2156,68092,3
-477,2157,68095,3
-1247,2158,68123,3
-1086,2159,68144,3
-352,2160,68147,3
-757,2161,68159,3
-1424,2162,68175,3
-1195,2163,68187,3
-713,2164,68200,3
-1583,2165,68216,3
-349,2166,68219,3
-851,2167,68232,3
-897,2168,68247,3
-1636,2169,68271,3
-2218,2170,68324,3
-477,2171,68327,3
-604,2172,68342,3
-1323,2173,68354,3
-1346,2174,68373,3
-2341,2175,68426,3
-803,2176,68445,3
-993,2177,68475,4
-477,2178,68478,3
-477,2179,68481,3
-1150,2180,68495,3
-1348,2181,68531,3
-1343,2182,68562,3
-736,2183,68583,3
-1144,2184,68607,3
-1410,2185,68650,3
-2474,2186,68706,3
-477,2187,68709,3
-865,2188,68727,3
-1694,2189,68759,3
-477,2190,68762,3
-1324,2191,68782,3
-477,2192,68785,3
-1614,2193,68842,3
-3646,2194,68941,3
-2035,2195,68979,3
-1225,2196,69017,3
-1437,2197,69056,3
-1293,2198,69081,3
-526,2199,69086,3
-842,2200,69105,3
-477,2201,69108,3
-1779,2202,69163,3
-295,2203,69196,4
-2028,2204,69251,3
245,2205,69276,4
-1726,2206,69305,3
-1844,2207,69336,3
-761,2208,69349,3
-1228,2209,69372,3
-1054,2210,69401,3
-477,2211,69404,3
-808,2212,69421,3
-1811,2213,69443,3
-1459,2214,69470,3
-1794,2215,69507,3
-1154,2216,69523,3
-1627,2217,69556,3
-565,2218,69590,4
-762,2219,69605,3
-648,2220,69614,3
-912,2221,69629,3
-1652,2222,69652,3
-349,2223,69655,3
-2992,2224,69718,3
-585,2225,69736,3
-3315,2226,69810,3
-1518,2227,69832,3
-735,2228,69851,3
-3180,2229,69921,3
-653,2230,69938,3
-2192,2231,70015,4
-1333,2232,70035,3
-1225,2233,70052,3
-1224,2234,70079,3
-1939,2235,70120,3
-621,2236,70129,3
-948,2237,70154,3
-1387,2238,70171,3
-981,2239,70198,3
-1380,2240,70241,3
-1764,2241,70277,3
-477,2242,70280,3
-477,2243,70283,3
-3333,2244,70394,3
-958,2245,70427,3
-2044,2246,70477,3
-2434,2247,70512,3
-499,2248,70529,3
-1980,2249,70559,3
-971,2250,70578,3
-477,2251,70581,3
-1715,2252,70649,4
-477,2253,70652,3
-1328,2254,70711,4
-1630,2255,70758,3
-597,2256,70771,3
-1456,2257,70807,3
-1722,2258,70823,3
-818,2259,70842,3
-683,2260,70893,4
-1935,2261,70935,3
-1267,2262,70952,3
-477,2263,70955,3
-679,2264,70966,3
-2127,2265,70995,3
-1248,2266,71010,3
-477,2267,71013,3
-2050,2268,71082,3
-1427,2269,71101,3
-786,2270,71119,3
-2139,2271,71183,3
-955,2272,71200,3
-642,2273,71221,3
-778,2274,71249,4
-743,2275,71281,4
-1232,2276,71306,3
-352,2277,71309,3
-1501,2278,71350,3
-1440,2279,71398,3
-943,2280,71471,4
-3003,2281,71552,3
-3688,2282,71653,4
-1373,2283,71676,3
-352,2284,71679,3
-722,2285,71686,3
-549,2286,71699,3
-1582,2287,71722,3
-924,2288,71734,3
-3029,2289,71804,3
-718,2290,71815,3
-3272,2291,71903,3
-1649,2292,71938,3
-997,2293,71971,4
-2480,2294,72027,3
-1512,2295,72073,3
-1734,2296,72106,3
-1487,2297,72178,4
-1601,2298,72200,3
-1661,2299,72226,3
-349,2300,72229,3
-1235,2301,72260,3
-477,2302,72263,3
-514,2303,72272,3
-2158,2304,72334,3
-758,2305,72376,4
-694,2306,72387,3
-1216,2307,72425,3
-1693,2308,72457,3
-908,2309,72499,4
-750,2310,72505,3
-706,2311,72529,4
-1366,2312,72561,3
-919,2313,72578,3
-1340,2314,72600,3
-658,2315,72605,3
-771,2316,72620,3
-3241,2317,72701,3
-1267,2318,72737,3
-1831,2319,72775,3
-395,2320,72780,3
-2000,2321,72857,3
-890,2322,72883,4
-477,2323,72886,3
-600,2324,72899,3
-1210,2325,72951,4
-1262,2326,72991,3
-2162,2327,73031,3
-1922,2328,73069,3
-2682,2329,73114,3
-1281,2330,73139,3
-3129,2331,73246,4
-1173,2332,73265,3
-2340,2333,73313,3
-921,2334,73344,3
-1224,2335,73384,4
-352,2336,73387,3
-952,2337,73410,3
-1644,2338,73443,3
-2836,2339,73493,3
-1622,2340,73527,3
-1134,2341,73563,3
-964,2342,73577,3
-1169,2343,73612,3
-1090,2344,73623,3
-1392,2345,73644,3
-817,2346,73672,4
-2226,2347,73756,4
-1609,2348,73822,4
-1907,2349,73871,3
-500,2350,73895,4
-1352,2351,73924,3
-1163,2352,73940,3
-413,2353,73953,3
-349,2354,73956,3
-196,2355,73983,4
-1598,2356,74005,3
-1971,2357,74044,3
-2958,2358,74116,3
-1787,2359,74148,3
-397,2360,74174,4
-615,2361,74183,3
-477,2362,74186,3
-1690,2363,74215,3
-477,2364,74218,3
-1741,2365,74257,3
-477,2366,74260,3
-590,2367,74301,4
-352,2368,74304,3
-352,2369,74307,3
-456,2370,74322,3
-658,2371,74327,3
-924,2372,74343,3
-1320,2373,74358,3
-1050,2374,74370,3
-866,2375,74383,3
-1024,2376,74416,3
-1519,2377,74436,3
-1257,2378,74460,3
-2164,2379,74560,4
-352,2380,74563,3
-799,2381,74571,3
-1715,2382,74611,3
-2823,2383,74674,3
-1919,2384,74711,3
-706,2385,74722,3
-1245,2386,74747,3
-395,2387,74752,3
-2106,2388,74797,3
-477,2389,74800,3
-1295,2390,74813,3
-1280,2391,74836,3
-502,2392,74845,3
-876,2393,74860,3
-1757,2394,74894,3
-349,2395,74897,3
-1573,2396,74917,3
-762,2397,74932,3
-349,2398,74935,3
-2258,2399,74978,3
-771,2400,74993,3
-1995,2401,75024,3
-1435,2402,75047,3
-1109,2403,75069,3
-1632,2404,75088,3
-477,2405,75091,3
-1047,2406,75109,3
-1947,2407,75148,3
-477,2408,75151,3
-1599,2409,75203,3
-349,2410,75206,3
-1470,2411,75237,3
-1226,2412,75253,3
-734,2413,75266,3
-1065,2414,75284,3
-477,2415,75287,3
-1309,2416,75307,3
-1943,2417,75371,4
-1485,2418,75410,3
-477,2419,75413,3
-1147,2420,75436,3
-1236,2421,75470,3
-1114,2422,75493,3
-515,2423,75504,3
-352,2424,75507,3
-1765,2425,75542,3
-848,2426,75555,3
-2190,2427,75603,3
-1596,2428,75633,3
-572,2429,75640,3
-2014,2430,75696,3
-2092,2431,75737,3
-1825,2432,75772,3
-1709,2433,75795,3
-1576,2434,75815,3
-477,2435,75818,3
-1285,2436,75838,3
-1458,2437,75877,3
-817,2438,75885,3
-548,2439,75904,3
-1134,2440,75937,3
-3007,2441,75992,3
-1557,2442,76029,3
-937,2443,76037,3
-1297,2444,76084,3
-869,2445,76103,3
-477,2446,76106,3
-985,2447,76139,3
-535,2448,76144,3
-40,2449,76160,4
-2102,2450,76227,3
-935,2451,76261,4
-857,2452,76280,3
-993,2453,76301,3
-1524,2454,76328,3
-352,2455,76331,3
-794,2456,76362,4
-1441,2457,76403,3
-2159,2458,76496,4
-2018,2459,76522,3
-921,2460,76543,3
-706,2461,76571,4
-913,2462,76589,3
-1422,2463,76638,4
-710,2464,76651,3
-1261,2465,76671,3
-627,2466,76680,3
-1752,2467,76731,3
-349,2468,76734,3
-2265,2469,76790,4
-1981,2470,76816,3
-202,2471,76837,4
-477,2472,76840,3
-621,2473,76849,3
-1555,2474,76869,3
-1038,2475,76887,3
-253,2476,76907,4
-1197,2477,76940,3
-997,2478,76957,3
-658,2479,76962,3
-1704,2480,77017,4
-1874,2481,77082,3
-1664,2482,77116,3
-1283,2483,77144,3
-1593,2484,77165,3
-1270,2485,77186,3
-1153,2486,77225,3
-2509,2487,77268,3
-1586,2488,77323,4
-926,2489,77352,3
-477,2490,77355,3
-1426,2491,77381,3
-1666,2492,77411,3
-349,2493,77414,3
-901,2494,77432,3
-933,2495,77474,4
-1648,2496,77524,3
-701,2497,77555,4
-651,2498,77564,3
-3273,2499,77657,3
-368,2500,77671,3
-931,2501,77685,3
-1805,2502,77717,3
-1326,2503,77750,3
-1508,2504,77781,3
-1963,2505,77819,3
-1014,2506,77841,3
-671,2507,77858,3
-1001,2508,77874,3
-673,2509,77888,3
-2111,2510,77923,3
-477,2511,77926,3
-1679,2512,77951,3
-477,2513,77954,3
-1075,2514,77968,3
-1770,2515,78002,3
-477,2516,78005,3
-1023,2517,78018,3
-349,2518,78021,3
-2636,2519,78079,3
-1825,2520,78124,3
-1452,2521,78188,3
-352,2522,78191,3
-829,2523,78208,3
-1082,2524,78233,3
-1143,2525,78279,4
-709,2526,78290,3
-395,2527,78295,3
-1721,2528,78318,3
-1734,2529,78343,3
-349,2530,78346,3
-1221,2531,78365,3
-4252,2532,78470,4
-1273,2533,78487,3
-4501,2534,78610,4
-658,2535,78615,3
-668,2536,78623,3
-477,2537,78626,3
-975,2538,78648,3
-944,2539,78668,3
-1733,2540,78723,3
-344,2541,78743,4
-349,2542,78746,3
-1380,2543,78771,3
-1968,2544,78814,3
-2762,2545,78900,3
-778,2546,78917,3
-349,2547,78920,3
-2667,2548,78960,3
-918,2549,78975,3
-1320,2550,78990,3
-401,2551,78995,3
-750,2552,79001,3
-1038,2553,79019,3
-477,2554,79022,3
-1968,2555,79053,3
-1433,2556,79069,3
-797,2557,79100,3
-477,2558,79103,3
-395,2559,79108,3
-918,2560,79123,3
-1574,2561,79145,3
-982,2562,79178,3
-578,2563,79185,3
-1359,2564,79215,3
-1781,2565,79267,4
-2889,2566,79320,3
-1607,2567,79342,3
-477,2568,79345,3
-2222,2569,79385,3
-1592,2570,79411,3
-862,2571,79445,4
-1082,2572,79462,3
-1631,2573,79488,3
-2001,2574,79521,3
-477,2575,79524,3
-1233,2576,79542,3
-1738,2577,79574,3
-2048,2578,79614,3
-615,2579,79623,3
-1682,2580,79658,3
-438,2581,79665,3
-1234,2582,79682,3
-1288,2583,79717,3
-1079,2584,79742,3
-1312,2585,79760,3
-667,2586,79771,3
-845,2587,79781,3
-551,2588,79814,4
-447,2589,79821,3
-477,2590,79824,3
-2047,2591,79857,3
-1856,2592,79888,3
-1223,2593,79902,3
-477,2594,79905,3
-1000,2595,79949,4
-2807,2596,80007,3
-1371,2597,80034,3
-1046,2598,80063,3
-161,2599,80079,4
-477,2600,80082,3
-1032,2601,80094,3
-753,2602,80103,3
-2235,2603,80145,3
-1510,2604,80177,3
-750,2605,80183,3
-2921,2606,80256,3
-1584,2607,80286,3
-1846,2608,80330,3
-1767,2609,80384,4
-1215,2610,80421,3
-798,2611,80436,3
-352,2612,80439,3
-688,2613,80450,3
-1749,2614,80483,3
-627,2615,80492,3
-438,2616,80499,3
-1035,2617,80529,3
-1808,2618,80563,3
-477,2619,80566,3
-515,2620,80577,3
-2135,2621,80620,3
-1968,2622,80652,3
-1136,2623,80678,3
-2506,2624,80728,3
-2405,2625,80777,3
-447,2626,80784,3
-1692,2627,80811,3
-1141,2628,80832,3
-1388,2629,80854,3
-2200,2630,80916,3
-1671,2631,80967,4
-863,2632,80977,3
-2434,2633,81042,3
-1377,2634,81076,3
-750,2635,81082,3
-750,2636,81088,3
-1270,2637,81126,3
-1646,2638,81151,3
-596,2639,81158,3
-1340,2640,81187,3
-949,2641,81204,3
-4196,2642,81310,3
-349,2643,81313,3
-1956,2644,81343,3
-1507,2645,81363,3
-3064,2646,81430,3
-477,2647,81433,3
-2550,2648,81502,3
-2723,2649,81555,3
-2995,2650,81644,4
-952,2651,81667,3
-1309,2652,81699,3
-863,2653,81712,3
-477,2654,81715,3
-530,2655,81726,3
-849,2656,81753,3
-2773,2657,81819,3
-477,2658,81822,3
-1719,2659,81849,3
-592,2660,81864,3
-1373,2661,81884,3
-477,2662,81887,3
-2611,2663,81952,3
-2545,2664,82029,3
-349,2665,82032,3
-2290,2666,82079,3
-477,2667,82082,3
-3436,2668,82156,3
-704,2669,82169,3
-415,2670,82199,4
-1496,2671,82236,3
-849,2672,82261,3
-395,2673,82266,3
-939,2674,82278,3
-720,2675,82297,3
-465,2676,82335,4
-1970,2677,82396,3
-741,2678,82414,3
-1111,2679,82437,3
-726,2680,82452,3
-477,2681,82455,3
-943,2682,82469,3
-1816,2683,82496,3
-1447,2684,82519,3
-1757,2685,82551,3
-1329,2686,82575,3
-349,2687,82578,3
-1258,2688,82598,3
-1617,2689,82626,3
-1278,2690,82659,3
-526,2691,82664,3
-767,2692,82677,3
-477,2693,82680,3
-477,2694,82683,3
-3256,2695,82744,3
-1277,2696,82767,3
-1372,2697,82794,3
-477,2698,82797,3
-2372,2699,82846,3
-456,2700,82861,3
-1820,2701,82907,3
-1617,2702,82925,3
-578,2703,82932,3
-1558,2704,82952,3
-1212,2705,82970,3
-2140,2706,83018,3
-555,2707,83031,3
-2045,2708,83065,3
-477,2709,83068,3
-2042,2710,83106,3
-450,2711,83121,3
-1114,2712,83141,3
-1358,2713,83163,3
-808,2714,83174,3
-1345,2715,83209,3
-3175,2716,83265,3
-1553,2717,83303,3
-644,2718,83320,3
-1669,2719,83352,3
-2413,2720,83389,3
-545,2721,83405,3
-1672,2722,83437,3
-1154,2723,83450,3
-477,2724,83453,3
-1472,2725,83478,3
-477,2726,83481,3
-720,2727,83500,3
-1032,2728,83530,3
-477,2729,83533,3
-1399,2730,83556,3
-1150,2731,83585,3
-1792,2732,83614,3
-395,2733,83619,3
-1673,2734,83662,3
-477,2735,83665,3
-521,2736,83676,3
-477,2737,83679,3
-1250,2738,83693,3
-352,2739,83696,3
-1044,2740,83717,3
-1224,2741,83745,3
-1467,2742,83793,3
-1754,2743,83863,3
-1101,2744,83881,3
-907,2745,83908,3
-1102,2746,83922,3
-913,2747,83940,3
-1279,2748,83961,3
-1032,2749,83992,3
-1129,2750,84015,3
-477,2751,84018,3
-2596,2752,84072,3
-1454,2753,84088,3
-535,2754,84093,3
-2157,2755,84122,3
-535,2756,84127,3
-477,2757,84130,3
-1204,2758,84150,3
-906,2759,84162,3
-1473,2760,84210,3
-658,2761,84224,3
-1486,2762,84257,3
-2007,2763,84296,3
-477,2764,84299,3
-477,2765,84302,3
-1093,2766,84316,3
-1372,2767,84333,3
-658,2768,84338,3
-1530,2769,84360,3
-2214,2770,84396,3
-477,2771,84399,3
-1560,2772,84420,3
-1778,2773,84469,3
-1004,2774,84507,4
-1648,2775,84527,3
-2200,2776,84558,3
-2716,2777,84614,3
-1283,2778,84636,3
-3185,2779,84700,3
-1815,2780,84725,3
-477,2781,84728,3
-1145,2782,84750,3
-477,2783,84753,3
-907,2784,84776,3
-477,2785,84779,3
-1577,2786,84801,3
-971,2787,84817,3
-639,2788,84826,3
-790,2789,84843,3
-1432,2790,84887,3
-1042,2791,84911,3
-560,2792,84922,3
-1598,2793,84948,3
-661,2794,84963,3
-1605,2795,84982,3
-477,2796,84985,3
-871,2797,85017,4
-2145,2798,85046,3
-1750,2799,85075,3
-615,2800,85084,3
-477,2801,85087,3
-352,2802,85090,3
-3125,2803,85163,3
-478,2804,85172,3
-1131,2805,85233,4
-585,2806,85246,3
-1932,2807,85294,3
-666,2808,85315,4
-572,2809,85322,3
-769,2810,85334,3
-1089,2811,85352,3
-1900,2812,85397,3
-1347,2813,85424,3
-1365,2814,85445,3
-477,2815,85448,3
-2101,2816,85476,3
-1435,2817,85503,3
-477,2818,85506,3
-1406,2819,85549,3
-2001,2820,85603,3
-1097,2821,85646,4
-1381,2822,85672,3
-1231,2823,85693,3
-578,2824,85700,3
-1066,2825,85723,3
-352,2826,85726,3
-722,2827,85733,3
-1518,2828,85760,3
-817,2829,85768,3
-477,2830,85771,3
-986,2831,85781,3
-1486,2832,85805,3
-981,2833,85844,4
-1579,2834,85873,3
-1005,2835,85886,3
-2790,2836,85952,3
-1035,2837,85973,3
-1476,2838,85995,3
-533,2839,86014,3
-349,2840,86017,3
-1513,2841,86041,3
-1561,2842,86065,3
-2171,2843,86108,3
-575,2844,86115,3
-1617,2845,86139,3
-349,2846,86142,3
-1649,2847,86165,3
-1579,2848,86240,4
-63,2849,86314,5
-1225,2850,86325,3
-1032,2851,86337,3
-291,2852,86362,4
-1440,2853,86405,3
-1539,2854,86432,3
-2564,2855,86491,3
-477,2856,86494,3
-1135,2857,86514,3
-456,2858,86536,4
-3025,2859,86591,3
-928,2860,86618,3
-861,2861,86642,3
-1200,2862,86663,3
-2121,2863,86708,3
-398,2864,86713,3
-1754,2865,86762,3
-477,2866,86765,3
-1090,2867,86788,3
-2244,2868,86842,3
-477,2869,86845,3
-1540,2870,86890,4
-1950,2871,86924,3
-2206,2872,86965,3
-1471,2873,86980,3
-1195,2874,87019,3
-1786,2875,87063,3
-1394,2876,87083,3
-1287,2877,87129,4
-1189,2878,87141,3
-1117,2879,87155,3
-1453,2880,87178,3
-900,2881,87193,3
-902,2882,87222,3
-927,2883,87237,3
-1133,2884,87269,3
-3571,2885,87404,4
-854,2886,87423,3
-477,2887,87426,3
-477,2888,87429,3
-2303,2889,87478,3
-701,2890,87513,4
-2366,2891,87563,3
-808,2892,87580,3
-2034,2893,87610,3
-349,2894,87613,3
-771,2895,87631,3
-1270,2896,87651,3
-2479,2897,87717,3
-1677,2898,87754,3
-478,2899,87763,3
-541,2900,87788,4
-1556,2901,87826,3
-1638,2902,87856,3
-810,2903,87871,3
-1757,2904,87927,3
-1571,2905,87986,3
-1827,2906,88022,3
-1913,2907,88059,3
-438,2908,88066,3
-615,2909,88075,3
-2027,2910,88124,3
-578,2911,88131,3
-1479,2912,88158,3
-1405,2913,88185,3
-1766,2914,88208,3
-1584,2915,88229,3
-1230,2916,88259,3
-477,2917,88262,3
-395,2918,88267,3
-937,2919,88275,3
-1701,2920,88303,3
-438,2921,88310,3
-1619,2922,88335,3
-2071,2923,88400,3
-2668,2924,88459,3
-934,2925,88476,3
-477,2926,88479,3
-2443,2927,88526,3
-1808,2928,88563,3
-920,2929,88583,3
-551,2930,88594,3
-983,2931,88631,3
-1245,2932,88649,3
-4182,2933,88759,3
-2164,2934,88797,3
-1800,2935,88821,3
-1431,2936,88843,3
-746,2937,88875,3
-1945,2938,88908,3
-1029,2939,88921,3
-395,2940,88926,3
-1740,2941,88956,3
-1854,2942,89017,3
-1619,2943,89083,4
-1000,2944,89123,4
-1705,2945,89161,3
-992,2946,89171,3
-1316,2947,89193,3
-883,2948,89211,3
-579,2949,89224,3
-1491,2950,89251,3
-1769,2951,89273,3
-943,2952,89287,3
-1164,2953,89306,3
-952,2954,89320,3
-477,2955,89323,3
-2411,2956,89370,3
-1018,2957,89387,3
-1130,2958,89412,3
-1249,2959,89447,3
-1542,2960,89483,3
-1415,2961,89511,3
-477,2962,89514,3
-477,2963,89517,3
-950,2964,89537,3
-1322,2965,89560,3
-1922,2966,89600,3
-1854,2967,89666,4
-1521,2968,89693,3
-984,2969,89717,3
-1284,2970,89735,3
-1914,2971,89758,3
-2391,2972,89810,3
-349,2973,89813,3
-1129,2974,89827,3
-386,2975,89847,4
-477,2976,89850,3
-1569,2977,89869,3
-1261,2978,89898,3
-477,2979,89901,3
-1459,2980,89925,3
-1435,2981,89948,3
-1684,2982,89986,3
-1249,2983,90006,3
-1358,2984,90026,3
-352,2985,90029,3
-1489,2986,90055,3
-2142,2987,90103,3
-665,2988,90111,3
-2153,2989,90173,3
-1470,2990,90197,3
-1421,2991,90250,3
-572,2992,90257,3
-1782,2993,90282,3
-1067,2994,90325,4
-1219,2995,90355,3
-2210,2996,90404,3
-1677,2997,90421,3
-539,2998,90432,3
-1096,2999,90446,3
-486,3000,90477,4
-1453,3001,90500,3
-1133,3002,90525,3
-1158,3003,90570,3
-1127,3004,90583,3
-1682,3005,90611,3
-1990,3006,90649,3
-1902,3007,90680,3
-1820,3008,90703,3
-1820,3009,90737,3
-1166,3010,90753,3
-956,3011,90773,3
-1397,3012,90798,3
-2715,3013,90861,3
-1491,3014,90892,3
-1731,3015,90940,3
-1382,3016,90974,3
-2023,3017,91009,3
-1154,3018,91022,3
-1590,3019,91052,3
-800,3020,91080,3
-477,3021,91083,3
-884,3022,91119,4
-750,3023,91125,3
-1142,3024,91150,3
-644,3025,91167,3
-477,3026,91170,3
-1773,3027,91194,3
-352,3028,91197,3
-1419,3029,91231,3
-1388,3030,91251,3
-2449,3031,91319,4
-1628,3032,91341,3
-584,3033,91348,3
-477,3034,91351,3
-1499,3035,91397,3
-1227,3036,91412,3
-1320,3037,91460,4
-1198,3038,91480,3
-661,3039,91491,3
-1763,3040,91514,3
-835,3041,91525,3
-1842,3042,91559,3
-888,3043,91571,3
-2006,3044,91605,3
-1989,3045,91642,3
-668,3046,91664,3
-2080,3047,91702,3
-1737,3048,91726,3
-1488,3049,91747,3
-811,3050,91758,3
-572,3051,91765,3
-477,3052,91768,3
-1080,3053,91780,3
-1177,3054,91809,3
-2258,3055,91873,3
-1881,3056,91906,3
-477,3057,91909,3
-2072,3058,91961,3
-352,3059,91964,3
-852,3060,91989,3
-2294,3061,92059,3
-845,3062,92069,3
-615,3063,92078,3
-781,3064,92098,3
-349,3065,92101,3
-1262,3066,92115,3
-349,3067,92118,3
-1547,3068,92135,3
-1367,3069,92164,3
-395,3070,92169,3
-1870,3071,92207,3
-1877,3072,92247,3
-1408,3073,92261,3
-1594,3074,92290,3
-840,3075,92306,3
-796,3076,92317,3
-1347,3077,92359,3
-1486,3078,92382,3
-759,3079,92391,3
-806,3080,92423,3
-477,3081,92426,3
-2298,3082,92469,3
-1325,3083,92488,3
-1133,3084,92514,3
-352,3085,92517,3
-1325,3086,92539,3
-1097,3087,92564,3
-795,3088,92579,3
-1840,3089,92606,3
-1848,3090,92664,3
-1407,3091,92685,3
-2914,3092,92747,3
-518,3093,92758,3
-524,3094,92769,3
-1173,3095,92824,4
-1960,3096,92865,3
-2092,3097,92922,3
-1425,3098,92944,3
-1810,3099,92970,3
-2740,3100,93032,3
-1551,3101,93060,3
-1768,3102,93095,3
-1490,3103,93147,3
-395,3104,93152,3
-438,3105,93159,3
-1258,3106,93179,3
-1191,3107,93194,3
-1812,3108,93237,3
-717,3109,93256,3
-1744,3110,93292,3
-2456,3111,93341,3
-1781,3112,93375,3
-398,3113,93380,3
-686,3114,93397,3
-1419,3115,93448,3
-758,3116,93461,3
-477,3117,93464,3
-759,3118,93473,3
-1357,3119,93500,3
-1130,3120,93513,3
-2434,3121,93551,3
-572,3122,93558,3
-673,3123,93569,3
-1057,3124,93606,4
-3451,3125,93671,3
-2029,3126,93703,3
-710,3127,93719,3
-2150,3128,93765,3
-477,3129,93768,3
-1424,3130,93788,3
-1142,3131,93810,3
-1585,3132,93830,3
-1206,3133,93857,3
-453,3134,93864,3
-2248,3135,93911,3
-2352,3136,93965,3
-1255,3137,94001,3
-767,3138,94024,3
-969,3139,94039,3
-1591,3140,94072,3
-2465,3141,94127,3
-1601,3142,94149,3
-1170,3143,94164,3
-1217,3144,94205,3
-1167,3145,94232,3
-1438,3146,94264,3
-1225,3147,94275,3
-477,3148,94278,3
-915,3149,94309,3
-589,3150,94342,4
-1074,3151,94360,3
-1418,3152,94376,3
-477,3153,94379,3
-477,3154,94382,3
-2459,3155,94452,3
-1172,3156,94465,3
-1841,3157,94488,3
-2202,3158,94534,3
-1342,3159,94569,3
-1857,3160,94630,3
-1290,3161,94669,3
-972,3162,94700,3
-1625,3163,94722,3
-2581,3164,94772,3
-1544,3165,94797,3
-937,3166,94820,3
-1674,3167,94854,3
-349,3168,94857,3
-395,3169,94862,3
-647,3170,94897,4
-1280,3171,94920,3
-1758,3172,94947,3
-2359,3173,94994,3
-1772,3174,95025,3
-1127,3175,95038,3
-171,3176,95056,4
-2240,3177,95099,3
-1304,3178,95148,4
-352,3179,95151,3
-1088,3180,95186,3
-1459,3181,95213,3
-545,3182,95224,3
-936,3183,95236,3
-1381,3184,95268,3
-777,3185,95277,3
-1575,3186,95299,3
-1342,3187,95317,3
-1681,3188,95347,3
-954,3189,95359,3
-572,3190,95366,3
-2242,3191,95420,3
-1431,3192,95444,3
-1587,3193,95465,3
-618,3194,95474,3
-1863,3195,95504,3
-1172,3196,95520,3
-1741,3197,95549,3
-790,3198,95570,3
-352,3199,95573,3
-2164,3200,95617,3
-398,3201,95622,3
-1520,3202,95665,3
-1912,3203,95706,3
-352,3204,95709,3
-1603,3205,95741,3
-2331,3206,95786,3
-1378,3207,95813,3
-1620,3208,95850,3
-1709,3209,95875,3
-477,3210,95878,3
-477,3211,95881,3
-477,3212,95884,3
-563,3213,95900,3
-701,3214,95942,4
-967,3215,95965,3
-1485,3216,95986,3
-1687,3217,96033,3
-1355,3218,96053,3
-1564,3219,96082,3
-477,3220,96085,3
-1071,3221,96118,4
-1658,3222,96149,3
-2231,3223,96190,3
-932,3224,96215,3
-1918,3225,96241,3
-1918,3226,96276,3
-1650,3227,96312,3
-750,3228,96318,3
-627,3229,96327,3
-1188,3230,96360,3
-1334,3231,96391,3
-2338,3232,96425,3
-1160,3233,96441,3
-1860,3234,96477,3
-2419,3235,96516,3
-1516,3236,96536,3
-1512,3237,96557,3
-738,3238,96572,3
-1445,3239,96591,3
-719,3240,96608,3
-477,3241,96611,3
-3205,3242,96691,3
-2031,3243,96728,3
-477,3244,96731,3
-2624,3245,96783,3
-1474,3246,96806,3
-1163,3247,96819,3
-2352,3248,96861,3
-1675,3249,96881,3
-2624,3250,96951,3
-477,3251,96954,3
-950,3252,96965,3
-477,3253,96968,3
-917,3254,96981,3
-1350,3255,97005,3
-2012,3256,97034,3
-2244,3257,97067,3
-1911,3258,97097,3
-1055,3259,97117,3
-1445,3260,97137,3
-477,3261,97140,3
-1626,3262,97159,3
-1561,3263,97179,3
-770,3264,97192,3
-477,3265,97195,3
-1234,3266,97216,3
-477,3267,97219,3
-2504,3268,97265,3
-572,3269,97272,3
-477,3270,97275,3
-349,3271,97278,3
-477,3272,97281,3
-1032,3273,97293,3
-1667,3274,97328,3
-1753,3275,97355,3
-1430,3276,97384,3
-1868,3277,97415,3
-352,3278,97418,3
-1338,3279,97448,3
-477,3280,97451,3
-1113,3281,97478,3
-1469,3282,97524,3
-1051,3283,97562,3
-1582,3284,97594,3
-621,3285,97603,3
-3415,3286,97680,3
-2505,3287,97749,3
-1056,3288,97770,3
-1636,3289,97791,3
-1430,3290,97811,3
-349,3291,97814,3
-1011,3292,97827,3
-733,3293,97857,3
-615,3294,97866,3
-1428,3295,97887,3
-4209,3296,98001,3
-1586,3297,98029,3
-1149,3298,98069,4
-1393,3299,98095,3
-1837,3300,98127,3
-375,3301,98150,4
-1605,3302,98187,3
-1433,3303,98203,3
-1342,3304,98230,3
-2378,3305,98292,3
-945,3306,98307,3
-631,3307,98322,3
-1384,3308,98339,3
-2123,3309,98394,3
-949,3310,98420,3
-1139,3311,98436,3
-477,3312,98439,3
-1086,3313,98466,3
-1430,3314,98485,3
-1954,3315,98518,3
-438,3316,98525,3
-1226,3317,98539,3
-1185,3318,98554,3
-1554,3319,98575,3
-1234,3320,98595,3
-943,3321,98609,3
-2034,3322,98651,3
-4044,3323,98756,3
-526,3324,98761,3
-349,3325,98764,3
-2082,3326,98803,3
-2265,3327,98855,3
-1374,3328,98889,3
-1533,3329,98919,3
-2048,3330,98957,3
-1932,3331,98978,3
-2400,3332,99026,3
-2235,3333,99074,3
-985,3334,99097,3
-1751,3335,99140,3
-2789,3336,99199,3
-755,3337,99230,4
-1703,3338,99255,3
-477,3339,99258,3
-1287,3340,99274,3
-1172,3341,99290,3
-1156,3342,99320,3
-1010,3343,99339,3
-2801,3344,99403,3
-1109,3345,99420,3
-1699,3346,99440,3
-1783,3347,99469,3
-477,3348,99472,3
-453,3349,99479,3
-1273,3350,99496,3
-477,3351,99499,3
-477,3352,99502,3
-1275,3353,99545,3
-1795,3354,99574,3
-2983,3355,99640,3
-1468,3356,99667,3
-2597,3357,99729,3
-722,3358,99736,3
-1108,3359,99750,3
-2339,3360,99803,3
-1488,3361,99830,3
-1740,3362,99860,3
-1967,3363,99888,3
-2172,3364,99919,3
-1450,3365,99942,3
-698,3366,99958,3
-1465,3367,100009,3
-1216,3368,100030,3
-1224,3369,100045,3
-2581,3370,100113,3
-1335,3371,100138,3
-349,3372,100141,3
-918,3373,100165,3
-980,3374,100206,4
-802,3375,100246,4
-1725,3376,100303,3
-1402,3377,100329,3
-2319,3378,100416,3
-2405,3379,100475,3
-1546,3380,100501,3
-1361,3381,100520,3
-534,3382,100541,4
-2440,3383,100603,3
-783,3384,100622,3
-1851,3385,100648,3
-477,3386,100651,3
-1086,3387,100678,3
-1619,3388,100706,3
-1351,3389,100742,3
-658,3390,100747,3
-477,3391,100750,3
-352,3392,100753,3
-1390,3393,100794,3
-1059,3394,100812,3
-477,3395,100815,3
-4064,3396,100974,4
-456,3397,100981,3
-535,3398,100986,3
-895,3399,101033,4
-4583,3400,101184,4
-1643,3401,101267,4
-395,3402,101272,3
-1939,3403,101329,3
-1141,3404,101364,3
-194,3405,101417,4
-1499,3406,101524,4
-1910,3407,101619,4
-2332,3408,101690,3
-1156,3409,101723,3
-658,3410,101728,3
-796,3411,101754,3
-658,3412,101759,3
-423,3413,101775,3
-1611,3414,101901,5
-475,3415,101930,4
-644,3416,101947,3
288,3417,102006,5
-2596,3418,102105,3
-477,3419,102108,3
-60,3420,102127,4
-499,3421,102219,6
-583,3422,102268,4
-4090,3423,102424,3
-2190,3424,102505,4
-2143,3425,102620,4
-3711,3426,102768,4
-1696,3427,102825,3
-447,3428,102832,3
-1485,3429,102868,3
-750,3430,102935,4
-729,3431,102962,3
-1134,3432,102980,3
371,3433,102999,4
-658,3434,103004,3
-477,3435,103007,3
-1997,3436,103048,3
-930,3437,103096,4
-198,3438,103167,5
-749,3439,103199,3
-3344,3440,103316,4
-1268,3441,103338,3
-477,3442,103341,3
-940,3443,103358,3
-819,3444,103373,3
-352,3445,103376,3
-1615,3446,103475,4
-2381,3447,103533,3
-759,3448,103569,4
-1253,3449,103648,4
-959,3450,103713,4
-1352,3451,103778,4
-438,3452,103785,3
-1726,3453,103805,3
-2489,3454,103896,3
-1298,3455,103961,4
-819,3456,104020,4
-1054,3457,104043,3
-1490,3458,104133,4
-477,3459,104136,3
-3007,3460,104284,4
-942,3461,104315,3
-461,3462,104380,4
-788,3463,104445,4
-477,3464,104448,3
-3282,3465,104574,3
-477,3466,104577,3
-1321,3467,104630,3
-473,3468,104657,4
-804,3469,104672,3
-1032,3470,104733,4
-777,3471,104794,4
126,3472,104823,4
-584,3473,104830,3
-438,3474,104837,3
61,3475,104887,4
-823,3476,104913,3
-456,3477,104920,3
-395,3478,104925,3
-1514,3479,104950,3
-477,3480,104953,3
-2892,3481,105034,3
-875,3482,105053,3
-336,3483,105108,4
-729,3484,105127,3
-1624,3485,105174,3
-901,3486,105201,3
-1678,3487,105264,3
-492,3488,105317,4
-1243,3489,105367,3
-827,3490,105395,3
-444,3491,105402,3
-1531,3492,105487,4
-569,3493,105498,3
-1926,3494,105580,4
-477,3495,105583,3
-477,3496,105586,3
-477,3497,105589,3
-4116,3498,105706,3
-477,3499,105709,3
-1820,3500,105738,3
-621,3501,105747,3
-540,3502,105806,4
-660,3503,105815,3
374,3504,105842,4
-1079,3505,105877,3
-477,3506,105880,3
-1795,3507,105971,4
-493,3508,106025,4
-351,3509,106089,5
-398,3510,106094,3
-623,3511,106159,4
-526,3512,106164,3
-921,3513,106231,4
-1332,3514,106280,3
-6002,3515,106493,4
-2007,3516,106579,4
-673,3517,106590,3
-1801,3518,106652,4
-4823,3519,106841,4
-1413,3520,106881,3
262,3521,106904,4
-477,3522,106907,3
-1448,3523,106978,4
-1058,3524,107012,3
-1831,3525,107089,3
-477,3526,107092,3
-477,3527,107095,3
-477,3528,107098,3
-651,3529,107128,4
-1803,3530,107194,3
-872,3531,107235,4
-386,3532,107276,4
-1164,3533,107297,3
-340,3534,107346,4
-630,3535,107364,3
-54,3536,107401,4
-1841,3537,107447,3
-385,3538,107464,4
-1301,3539,107477,3
-1938,3540,107577,4
-2485,3541,107647,4
-2353,3542,107686,3
-682,3543,107803,6
-710,3544,107868,4
-814,3545,107876,3
-750,3546,107882,3
-477,3547,107885,3
-1646,3548,107943,3
722,3549,107986,5
-1032,3550,107998,3
-600,3551,108063,4
-477,3552,108066,3
-477,3553,108069,3
-3509,3554,108189,4
-749,3555,108202,3
-572,3556,108209,3
-633,3557,108218,3
-1043,3558,108247,3
-1116,3559,108278,3
-1334,3560,108300,3
-477,3561,108303,3
-1207,3562,108332,3
-1307,3563,108357,3
-597,3564,108370,3
-1533,3565,108443,4
-477,3566,108446,3
-401,3567,108451,3
-477,3568,108454,3
-477,3569,108457,3
-1596,3570,108567,4
-1434,3571,108638,4
-1040,3572,108664,3
-1319,3573,108710,3
-441,3574,108717,3
-231,3575,108769,4
-2109,3576,108838,3
-398,3577,108843,3
-313,3578,108876,4
-2265,3579,108951,3
-302,3580,109007,4
-919,3581,109030,3
-2244,3582,109141,4
-993,3583,109163,3
-548,3584,109179,3
-477,3585,109182,3
-588,3586,109237,4
173,3587,109268,4
-742,3588,109289,3
-2962,3589,109424,4
-210,3590,109467,4
-1299,3591,109528,4
-489,3592,109593,4
-465,3593,109600,3
-898,3594,109623,3
-477,3595,109626,3
-1234,3596,109655,3
-3426,3597,109794,4
-2049,3598,109873,4
-1508,3599,109943,4
-959,3600,109968,3
-1898,3601,110014,3
-349,3602,110017,3
-1774,3603,110065,3
206,3604,110086,4
-584,3605,110116,4
-349,3606,110119,3
-395,3607,110124,3
-1022,3608,110149,3
-1043,3609,110184,3
-477,3610,110187,3
50,3611,110214,4
-533,3612,110225,3
-581,3613,110232,3
-27,3614,110267,4
-477,3615,110270,3
-1031,3616,110296,3
-1149,3617,110324,3
-1183,3618,110365,3
-555,3619,110378,3
-876,3620,110412,3
-1497,3621,110457,3
-310,3622,110505,4
-1659,3623,110614,4
-597,3624,110627,3
-24,3625,110664,4
-165,3626,110701,4
-1802,3627,110762,3
-946,3628,110779,3
-1770,3629,110822,3
-1158,3630,110840,3
-1692,3631,110907,3
-1068,3632,110934,3
-1586,3633,110983,3
-990,3634,111005,3
-395,3635,111010,3
-606,3636,111028,3
-1191,3637,111076,3
-782,3638,111099,3
35,3639,111132,4
-286,3640,111159,4
-447,3641,111214,4
-1007,3642,111279,4
-1789,3643,111379,4
-1864,3644,111453,3
-107,3645,111509,4
-1006,3646,111590,4
-3622,3647,111758,4
-1019,3648,111833,4
-1397,3649,111876,3
-765,3650,111891,3
-1647,3651,111952,3
12,3652,111981,4
-477,3653,111984,3
-1151,3654,112016,3
-2166,3655,112088,3
-651,3656,112097,3
-477,3657,112100,3
-802,3658,112120,3
-1484,3659,112163,3
-477,3660,112166,3
-477,3661,112169,3
-897,3662,112209,3
-770,3663,112314,5
-768,3664,112329,3
-499,3665,112343,3
-1256,3666,112380,3
-722,3667,112393,3
-352,3668,112396,3
-674,3669,112427,4
-794,3670,112489,4
-1673,3671,112568,4
-742,3672,112589,3
-533,3673,112600,3
-2284,3674,112693,3
-722,3675,112706,3
-937,3676,112720,3
-2050,3677,112781,4
-1051,3678,112801,3
-678,3679,112850,4
-1523,3680,112894,3
-781,3681,112914,3
329,3682,112941,4
-1306,3683,113022,4
-352,3684,113025,3
-1034,3685,113044,3
-1002,3686,113086,4
-1669,3687,113139,3
-477,3688,113142,3
-2914,3689,113270,3
-802,3690,113365,5
-843,3691,113390,3
-3403,3692,113531,4
-658,3693,113545,3
-1052,3694,113576,3
-398,3695,113581,3
-1511,3696,113625,3
-3909,3697,113787,3
-771,3698,113814,3
-222,3699,113851,4
-374,3700,113890,4
-1177,3701,113986,4
-748,3702,114007,3
-430,3703,114046,4
-477,3704,114049,3
-395,3705,114054,3
-4872,3706,114231,3
-539,3707,114250,3
-689,3708,114272,3
-1750,3709,114301,3
-621,3710,114310,3
-4023,3711,114448,3
-836,3712,114467,3
-1787,3713,114543,3
1426,3714,114583,6
-144,3715,114624,4
-982,3716,114638,3
-1781,3717,114721,4
-2654,3718,114854,4
-1364,3719,114873,3
-1227,3720,114917,4
-477,3721,114920,3
-589,3722,114977,4
-1072,3723,115010,3
-979,3724,115048,3
-478,3725,115057,3
-395,3726,115062,3
-1369,3727,115106,3
-477,3728,115109,3
-477,3729,115112,3
-526,3730,115117,3
-1234,3731,115143,3
-1824,3732,115224,3
-1006,3733,115248,3
-419,3734,115261,3
-921,3735,115341,4
-1775,3736,115391,3
-2682,3737,115492,4
-1477,3738,115562,4
-1055,3739,115593,4
-357,3740,115632,4
-395,3741,115637,3
-872,3742,115736,4
-83,3743,115775,4
-1031,3744,115810,3
-306,3745,115847,4
-805,3746,115876,3
-1393,3747,115935,4
-1995,3748,116001,3
-1128,3749,116046,3
-1449,3750,116126,4
-1179,3751,116159,3
-326,3752,116183,4
-882,3753,116259,4
-959,3754,116306,4
-808,3755,116323,3
-526,3756,116328,3
-266,3757,116351,4
-477,3758,116354,3
-477,3759,116357,3
-1220,3760,116397,3
-491,3761,116441,4
-15,3762,116484,4
-389,3763,116508,4
-1098,3764,116536,3
-2197,3765,116622,3
-1709,3766,116672,3
-377,3767,116686,3
-1437,3768,116743,3
-1256,3769,116790,3
-977,3770,116815,3
-2929,3771,116938,4
-467,3772,116983,4
-845,3773,117002,3
-633,3774,117011,3
-3058,3775,117168,4
-2514,3776,117273,3
-571,3777,117297,3
-960,3778,117318,3
-332,3779,117365,4
-1927,3780,117433,3
-1571,3781,117488,3
-3770,3782,117670,4
-477,3783,117673,3
-352,3784,117676,3
324,3785,117738,5
-477,3786,117741,3
-823,3787,117768,3
-477,3788,117771,3
9,3789,117842,5
-572,3790,117849,3
-2854,3791,117946,4
-154,3792,117979,4
-575,3793,117986,3
-2656,3794,118097,3
-812,3795,118116,3
-1257,3796,118228,4
-349,3797,118231,3
-477,3798,118234,3
219,3799,118268,4
-526,3800,118273,3
-218,3801,118311,4
-477,3802,118314,3
-535,3803,118319,3
399,3804,118363,5
-615,3805,118372,3
-1139,3806,118398,3
-1432,3807,118476,4
-349,3808,118479,3
-349,3809,118482,3
404,3810,118501,4
-718,3811,118589,5
-1678,3812,118637,3
-933,3813,118698,4
-1223,3814,118712,3
-1225,3815,118753,4
-551,3816,118818,4
-817,3817,118829,3
-477,3818,118832,3
-1033,3819,118861,3
-1490,3820,118963,4
-889,3821,118989,3
-1562,3822,119066,4
-477,3823,119069,3
-1698,3824,119154,4
-747,3825,119178,3
-1046,3826,119293,5
-1396,3827,119307,3
-1569,3828,119404,4
-1888,3829,119521,4
-1636,3830,119602,4
-349,3831,119605,3
-477,3832,119608,3
-659,3833,119625,3
-477,3834,119628,3
-2128,3835,119666,3
-349,3836,119669,3
-1023,3837,119754,4
-167,3838,119799,4
-1814,3839,119864,3
16,3840,119899,4
-1206,3841,119926,3
105,3842,119951,4
-212,3843,119986,4
-349,3844,119989,3
-349,3845,119992,3
-618,3846,120001,3
-2173,3847,120064,3
-2843,3848,120213,4
-521,3849,120224,3
-810,3850,120306,4
-2257,3851,120383,3
-2168,3852,120487,4
-1076,3853,120521,3
-561,3854,120534,3
-1305,3855,120561,3
-919,3856,120584,3
-738,3857,120639,4
-1241,3858,120731,4
-856,3859,120806,4
-1549,3860,120847,3
-1490,3861,120902,3
-1474,3862,120949,3
-1263,3863,120991,3
-477,3864,120994,3
-1653,3865,121064,3
-3610,3866,121243,4
-1241,3867,121271,3
-467,3868,121312,4
-624,3869,121359,4
-833,3870,121398,4
-831,3871,121423,3
-2133,3872,121492,3
-1618,3873,121567,4
-349,3874,121570,3
-477,3875,121573,3
-1056,3876,121600,3
-1988,3877,121688,3
-481,3878,121697,3
-1324,3879,121768,4
-514,3880,121777,3
-481,3881,121832,4
-635,3882,121849,3
-854,3883,121880,3
-987,3884,121935,4
-1737,3885,121992,3
-941,3886,122026,3
-588,3887,122118,5
-1660,3888,122181,3
74,3889,122229,4
-1409,3890,122282,3
-349,3891,122285,3
-3285,3892,122384,3
-843,3893,122414,3
-1321,3894,122458,3
-343,3895,122507,4
-511,3896,122524,3
-477,3897,122527,3
-679,3898,122550,3
235,3899,122614,5
-630,3900,122635,3
-321,3901,122676,4
-2432,3902,122770,4
-699,3903,122797,3
-1296,3904,122836,3
-1603,3905,122945,4
-262,3906,122996,4
-456,3907,123003,3
-1573,3908,123053,3
-477,3909,123056,3
-349,3910,123059,3
-401,3911,123106,4
-315,3912,123149,4
-477,3913,123152,3
-1247,3914,123219,4
-1477,3915,123300,4
-856,3916,123336,3
-692,3917,123353,3
-492,3918,123408,4
-1583,3919,123516,4
-708,3920,123543,3
-1812,3921,123567,3
-352,3922,123570,3
-1332,3923,123664,4
-771,3924,123683,3
205,3925,123736,4
-1237,3926,123757,3
-477,3927,123760,3
-1142,3928,123837,4
-891,3929,123853,3
-1086,3930,123890,3
-1522,3931,123937,3
-2352,3932,124094,4
-254,3933,124118,4
-1684,3934,124153,3
-2776,3935,124264,3
-1259,3936,124344,4
-477,3937,124347,3
-3398,3938,124468,3
196,3939,124491,4
-1823,3940,124541,3
-750,3941,124547,3
-1195,3942,124582,3
-706,3943,124593,3
-744,3944,124654,4
-477,3945,124657,3
-1886,3946,124733,3
-1815,3947,124802,3
-1464,3948,124899,4
-401,3949,124904,3
-792,3950,124963,4
-2094,3951,125079,4
-205,3952,125122,4
-1367,3953,125150,3
-539,3954,125191,4
-2273,3955,125360,5
-1145,3956,125401,3
-477,3957,125404,3
-686,3958,125429,3
-1434,3959,125474,3
-588,3960,125495,3
-309,3961,125532,4
-477,3962,125535,3
-535,3963,125540,3
-490,3964,125591,4
-766,3965,125611,3
-551,3966,125630,3
-2462,3967,125758,4
-809,3968,125780,3
-376,3969,125853,5
-352,3970,125856,3
-1103,3971,125936,4
-863,3972,125946,3
-1867,3973,125996,3
-702,3974,126061,4
-1231,3975,126148,4
-1595,3976,126215,3
-1373,3977,126252,3
-810,3978,126305,4
-1703,3979,126388,4
-3357,3980,126481,3
-88,3981,126518,4
324,3982,126541,4
-307,3983,126580,4
-855,3984,126604,3
-1560,3985,126686,4
-514,3986,126717,4
-965,3987,126754,3
-477,3988,126757,3
-1306,3989,126798,3
-975,3990,126843,4
-795,3991,126876,3
-515,3992,126887,3
-1855,3993,126992,4
-1216,3994,127039,3
24,3995,127077,4
-799,3996,127085,3
58,3997,127114,4
-349,3998,127117,3
-62,3999,127146,4
-905,4000,127166,3
-926,4001,127195,3
-616,4002,127219,3
-1973,4003,127281,3
-3008,4004,127482,5
-447,4005,127535,4
-874,4006,127610,4
338,4007,127637,4
-513,4008,127677,4
106,4009,127721,4
-878,4010,127780,4
-422,4011,127793,3
-349,4012,127796,3
-4784,4013,127968,3
-863,4014,127991,3
-937,4015,128005,3
-477,4016,128008,3
-107,4017,128055,4
-1578,4018,128161,4
-835,4019,128239,4
-1025,4020,128264,3
-4758,4021,128438,3
148,4022,128488,4
-1467,4023,128573,4
-3696,4024,128723,3
-1941,4025,128810,3
-239,4026,128845,4
-395,4027,128850,3
-477,4028,128853,3
-831,4029,128951,5
-1043,4030,128991,3
-1197,4031,129015,3
-3567,4032,129166,4
-1131,4033,129203,3
-158,4034,129219,4
-477,4035,129222,3
-2305,4036,129303,3
-567,4037,129325,3
-709,4038,129388,4
-696,4039,129416,3
-1980,4040,129511,4
85,4041,129543,4
-477,4042,129546,3
-1004,4043,129609,4
33,4044,129662,4
-759,4045,129689,3
-1307,4046,129720,3
-477,4047,129723,3
-1802,4048,129806,4
-1725,4049,129903,4
-658,4050,129908,3
-477,4051,129911,3
141,4052,129939,4
-1492,4053,129983,3
-197,4054,130018,4
-606,4055,130138,6
-1263,4056,130181,3
-477,4057,130184,3
-477,4058,130187,3
-744,4059,130202,3
-349,4060,130205,3
-155,4061,130234,4
-1435,4062,130319,4
-619,4063,130334,3
-395,4064,130339,3
-1263,4065,130409,4
-330,4066,130449,4
-2495,4067,130556,3
-368,4068,130570,3
-477,4069,130573,3
-633,4070,130582,3
-1075,4071,130663,4
-963,4072,130704,4
-508,4073,130721,3
-526,4074,130726,3
-3356,4075,130820,3
-477,4076,130823,3
-1336,4077,130864,3
-441,4078,130871,3
-2237,4079,130978,4
-1519,4080,131025,3
-352,4081,131028,3
-246,4082,131071,4
-438,4083,131078,3
-1396,4084,131113,3
-668,4085,131166,4
-1887,4086,131258,4
-621,4087,131267,3
-508,4088,131276,3
94,4089,131351,5
-645,4090,131406,4
-477,4091,131409,3
-1532,4092,131492,4
-477,4093,131495,3
-2678,4094,131589,3
-965,4095,131614,3
-1220,4096,131655,3
-1196,4097,131692,4
-1399,4098,131752,4
-1404,4099,131809,3
-346,4100,131852,4
-1277,4101,131899,3
-1558,4102,131956,3
-677,4103,131981,3
-4299,4104,132116,4
-1387,4105,132157,3
-477,4106,132160,3
69,4107,132191,4
-627,4108,132234,4
-465,4109,132241,3
-1572,4110,132381,5
61,4111,132440,5
-885,4112,132470,3
81,4113,132495,4
-566,4114,132542,4
-477,4115,132545,3
-1452,4116,132600,3
-1291,4117,132685,4
-1053,4118,132715,3
-398,4119,132720,3
-1205,4120,132757,3
-2407,4121,132855,3
-1205,4122,132902,3
-395,4123,132907,3
-611,4124,132933,3
-799,4125,132941,3
-1654,4126,132980,3
-477,4127,132983,3
-477,4128,132986,3
-526,4129,132991,3
-1137,4130,133055,4
-1678,4131,133084,3
-501,4132,133144,4
-678,4133,133215,4
-29,4134,133228,4
-582,4135,133241,3
-1780,4136,133336,4
-1577,4137,133440,4
-1386,4138,133498,3
-477,4139,133501,3
-648,4140,133605,5
8,4141,133632,4
-1088,4142,133692,4
-352,4143,133695,3
-693,4144,133750,4
-584,4145,133757,3
-1093,4146,133798,3
-820,4147,133834,3
-2044,4148,133955,4
-528,4149,133989,4
-1231,4150,134009,3
168,4151,134034,4
-2004,4152,134193,6
-1917,4153,134291,4
-477,4154,134294,3
-1368,4155,134348,3
-477,4156,134351,3
-395,4157,134356,3
-3565,4158,134508,4
334,4159,134562,5
-1552,4160,134594,3
-518,4161,134605,3
-413,4162,134618,3
-679,4163,134629,3
-769,4164,134658,3
-1272,4165,134697,3
-477,4166,134700,3
-477,4167,134703,3
-477,4168,134706,3
-1779,4169,134752,3
-850,4170,134799,4
-1621,4171,134854,4
-575,4172,134890,4
-477,4173,134893,3
-1850,4174,134955,3
-522,4175,134992,4
-561,4176,135031,4
-737,4177,135084,4
-395,4178,135089,3
-674,4179,135114,3
-1289,4180,135142,3
-957,4181,135203,4
-1165,4182,135250,3
-862,4183,135328,4
-939,4184,135349,3
-821,4185,135377,3
-477,4186,135380,3
-163,4187,135419,4
-740,4188,135436,3
-828,4189,135452,3
-477,4190,135455,3
-2692,4191,135560,4
-628,4192,135575,3
-1217,4193,135624,3
-677,4194,135677,4
-934,4195,135704,3
-352,4196,135707,3
-2292,4197,135810,4
-305,4198,135878,4
-823,4199,135905,3
-892,4200,135937,3
-1400,4201,135978,3
492,4202,135995,4
-157,4203,136032,4
-599,4204,136103,4
-3403,4205,136289,4
-477,4206,136292,3
-1632,4207,136393,4
-2490,4208,136503,4
-1914,4209,136618,4
-352,4210,136621,3
-1518,4211,136706,4
441,4212,136784,6
-349,4213,136787,3
-1581,4214,136841,3
-417,4215,136888,4
-536,4216,136899,3
-477,4217,136902,3
290,4218,136929,4
-1623,4219,137044,4
-1354,4220,137100,3
-477,4221,137103,3
-1105,4222,137209,5
-2929,4223,137342,4
-377,4224,137356,3
-591,4225,137374,3
-1774,4226,137448,3
-761,4227,137465,3
-346,4228,137510,4
-979,4229,137543,3
-1036,4230,137582,4
-451,4231,137621,4
115,4232,137648,4
-790,4233,137665,3
-395,4234,137670,3
-1379,4235,137690,3
-1162,4236,137725,3
-664,4237,137736,3
-1998,4238,137830,4
-793,4239,137893,4
-2166,4240,137979,4
-1358,4241,138031,3
347,4242,138058,4
-1033,4243,138131,4
131,4244,138158,4
-542,4245,138174,3
-902,4246,138211,3
-1358,4247,138257,3
-805,4248,138286,3
-228,4249,138327,4
-1914,4250,138370,3
-2954,4251,138506,4
-1399,4252,138520,3
-1118,4253,138583,4
-868,4254,138610,3
-1199,4255,138641,3
-885,4256,138667,4
-477,4257,138670,3
-453,4258,138685,3
-615,4259,138694,3
-477,4260,138697,3
320,4261,138759,5
-1353,4262,138844,4
-1524,4263,138898,3
-1005,4264,138925,3
-1861,4265,138958,3
-477,4266,138961,3
-441,4267,138968,3
-964,4268,138982,3
-1721,4269,139125,4
-829,4270,139195,4
-477,4271,139198,3
-2443,4272,139260,3
-349,4273,139263,3
-2043,4274,139338,3
-644,4275,139355,3
-990,4276,139382,3
-477,4277,139385,3
-152,4278,139424,4
-2049,4279,139514,3
-1128,4280,139533,3
-683,4281,139595,4
-1982,4282,139693,4
-1064,4283,139759,4
-349,4284,139762,3
-477,4285,139765,3
-390,4286,139788,4
-863,4287,139798,3
-349,4288,139801,3
-477,4289,139804,3
-1061,4290,139823,3
-759,4291,139832,3
-779,4292,139950,5
-1164,4293,139971,3
212,4294,140014,4
-1119,4295,140059,3
-2859,4296,140179,3
-1242,4297,140212,3
-658,4298,140217,3
-477,4299,140220,3
-341,4300,140271,4
-302,4301,140312,4
-349,4302,140315,3
-708,4303,140342,3
-125,4304,140381,4
-1814,4305,140431,3
-2667,4306,140519,3
-554,4307,140585,4
-423,4308,140634,4
-395,4309,140639,3
-349,4310,140642,3
-1911,4311,140777,5
-651,4312,140836,4
-1694,4313,140925,4
-673,4314,140936,3
-477,4315,140939,3
-1592,4316,141022,4
1024,4317,141086,6
-967,4318,141134,4
-590,4319,141145,3
-750,4320,141151,3
-477,4321,141154,3
-463,4322,141172,3
-315,4323,141243,5
-376,4324,141310,4
-1019,4325,141336,3
-230,4326,141375,4
-352,4327,141378,3
-1382,4328,141440,3
499,4329,141497,5
-736,4330,141523,3
-1673,4331,141606,4
-819,4332,141639,3
-524,4333,141690,4
-1133,4334,141703,3
-477,4335,141706,3
-61,4336,141737,4
-843,4337,141761,3
-505,4338,141830,4
-477,4339,141833,3
-1070,4340,141868,3
-722,4341,141875,3
-1349,4342,141912,3
189,4343,141943,4
-1530,4344,141998,3
-1998,4345,142084,4
-1134,4346,142145,4
-234,4347,142197,4
-1713,4348,142248,3
-674,4349,142264,3
-2500,4350,142442,5
-964,4351,142517,4
-1150,4352,142571,4
-146,4353,142609,4
-2071,4354,142723,4
-669,4355,142742,3
-1115,4356,142776,3
-628,4357,142832,4
-395,4358,142837,3
-753,4359,142846,3
-240,4360,142898,4
23,4361,142925,4
-759,4362,142968,4
-806,4363,143051,4
-4006,4364,143203,3
-477,4365,143206,3
-1630,4366,143317,4
-624,4367,143357,4
-1798,4368,143453,4
299,4369,143511,5
-1607,4370,143570,3
-477,4371,143573,3
-521,4372,143584,3
-213,4373,143621,4
-1694,4374,143713,4
-693,4375,143762,4
-477,4376,143765,3
-2366,4377,143863,3
-1325,4378,143950,4
-2570,4379,144077,4
-2298,4380,144141,4
-271,4381,144207,4
-477,4382,144210,3
-1502,4383,144278,4
-1440,4384,144380,4
118,4385,144449,5
-496,4386,144458,3
-2451,4387,144545,3
-938,4388,144612,4
-450,4389,144619,3
-314,4390,144660,4
-477,4391,144663,3
-1130,4392,144732,4
-103,4393,144839,6
-1064,4394,144887,4
-713,4395,144900,3
-954,4396,144922,3
-743,4397,144935,3
-2835,4398,145052,3
-94,4399,145088,4
-1536,4400,145194,5
-2181,4401,145355,4
-477,4402,145358,3
-882,4403,145374,3
-1084,4404,145397,3
-404,4405,145460,4
-533,4406,145479,3
-650,4407,145514,4
-2020,4408,145570,3
-1529,4409,145619,3
-958,4410,145660,3
-4225,4411,145807,4
-2204,4412,145881,3
-389,4413,145895,3
-352,4414,145898,3
-2719,4415,146057,4
-881,4416,146067,3
-584,4417,146074,3
-578,4418,146133,4
-477,4419,146136,3
-349,4420,146139,3
-1461,4421,146184,3
-492,4422,146235,4
-99,4423,146266,4
474,4424,146350,6
-1435,4425,146397,4
-560,4426,146408,3
43,4427,146437,4
-2981,4428,146561,3
-477,4429,146564,3
-378,4430,146616,4
9,4431,146641,4
-1072,4432,146702,4
-477,4433,146705,3
-1205,4434,146742,3
-1220,4435,146825,4
-546,4436,146856,4
-1450,4437,146903,3
-2398,4438,147062,4
-400,4439,147159,5
1066,4440,147220,6
-477,4441,147223,3
-621,4442,147232,3
-750,4443,147238,3
-349,4444,147241,3
-740,4445,147300,4
-2478,4446,147446,4
-1477,4447,147497,3
287,4448,147518,4
-1444,4449,147559,3
-364,4450,147622,4
-1240,4451,147675,3
-2867,4452,147812,4
-1168,4453,147924,5
-298,4454,147967,4
-1824,4455,148027,3
-477,4456,148030,3
-1759,4457,148081,4
-1192,4458,148150,4
-399,4459,148191,4
-1199,4460,148295,4
-627,4461,148308,3
-53,4462,148337,4
17,4463,148382,4
-477,4464,148385,3
-1048,4465,148412,3
193,4466,148439,4
-1487,4467,148492,3
-703,4468,148558,4
-3391,4469,148699,3
-1134,4470,148790,4
-1309,4471,148911,5
-1595,4472,148976,3
-709,4473,149005,3
-584,4474,149056,4
42,4475,149093,4
-878,4476,149148,4
-993,4477,149175,3
-477,4478,149178,3
-419,4479,149229,4
164,4480,149250,4
78,4481,149293,4
-852,4482,149314,3
-477,4483,149317,3
-477,4484,149320,3
-750,4485,149326,3
-928,4486,149404,4
-533,4487,149415,3
-1378,4488,149506,4
-560,4489,149522,3
-1235,4490,149620,4
-799,4491,149628,3
-391,4492,149692,4
-321,4493,149775,5
-349,4494,149778,3
-1499,4495,149812,3
-1368,4496,149886,4
-477,4497,149889,3
-1023,4498,149968,4
-1160,4499,150066,4
-131,4500,150122,4
-1767,4501,150221,4
-477,4502,150224,3
-2181,4503,150315,4
-1691,4504,150414,4
-691,4505,150444,3
333,4506,150497,5
-1848,4507,150553,4
-1500,4508,150595,3
-1976,4509,150674,3
-3877,4510,150810,4
-931,4511,150837,3
-477,4512,150840,3
-352,4513,150843,3
-391,4514,150941,5
-302,4515,150988,4
-190,4516,151030,4
-159,4517,151107,5
-1412,4518,151211,4
680,4519,151292,6
-2003,4520,151407,4
-1339,4521,151454,3
-1209,4522,151490,3
-1813,4523,151570,3
-526,4524,151579,3
-811,4525,151636,4
-444,4526,151715,4
-493,4527,151724,3
-1792,4528,151841,4
-542,4529,151860,3
-891,4530,151909,4
-3049,4531,152022,4
-1934,4532,152095,3
-407,4533,152171,5
-2124,4534,152251,4
-1786,4535,152292,3
152,4536,152313,4
-106,4537,152370,4
-477,4538,152373,3
-1001,4539,152383,3
-478,4540,152432,4
-1380,4541,152495,4
-564,4542,152568,4
-624,4543,152577,3
-2614,4544,152673,3
-1159,4545,152763,4
185,4546,152805,4
102,4547,152830,4
-904,4548,152857,3
-161,4549,152896,4
-1147,4550,153008,5
-349,4551,153011,3
-1364,4552,153098,4
-976,4553,153158,4
-921,4554,153173,3
313,4555,153194,4
-477,4556,153197,3
-957,4557,153256,4
-477,4558,153259,3
375,4559,153325,5
-277,4560,153382,4
160,4561,153423,4
-3446,4562,153586,4
-1033,4563,153609,3
-477,4564,153612,3
-395,4565,153617,3
-514,4566,153626,3
-987,4567,153648,3
-349,4568,153651,3
-899,4569,153671,3
-477,4570,153674,3
-1909,4571,153790,4
-939,4572,153805,3
-2247,4573,153906,4
27,4574,153934,4
-1661,4575,153983,4
-444,4576,153990,3
-978,4577,154097,5
-742,4578,154127,3
-864,4579,154152,3
-289,4580,154191,4
-1167,4581,154243,3
-573,4582,154256,3
367,4583,154279,4
-268,4584,154298,4
-349,4585,154301,3
-1445,4586,154354,3
-949,4587,154427,4
-223,4588,154531,6
-349,4589,154534,3
-632,4590,154593,4
43,4591,154619,4
-594,4592,154652,4
-5163,4593,154887,6
-3039,4594,155000,4
-444,4595,155007,3
-1308,4596,155115,4
-438,4597,155122,3
606,4598,155206,6
-902,4599,155301,4
-1420,4600,155400,4
-493,4601,155451,4
108,4602,155498,4
-805,4603,155509,3
276,4604,155577,5
-477,4605,155580,3
-696,4606,155604,3
-477,4607,155607,3
-349,4608,155610,3
-651,4609,155619,3
394,4610,155660,4
-2537,4611,155760,4
-735,4612,155779,3
-2465,4613,155926,5
-597,4614,155939,3
-918,4615,155990,4
-658,4616,155995,3
-1556,4617,156102,4
-477,4618,156105,3
-395,4619,156110,3
-417,4620,156174,4
-465,4621,156181,3
-349,4622,156184,3
-192,4623,156292,6
1056,4624,156356,6
499,4625,156379,4
-477,4626,156382,3
-1241,4627,156428,3
-2634,4628,156515,3
-535,4629,156520,3
-1679,4630,156607,4
-477,4631,156610,3
-541,4632,156664,4
-352,4633,156667,3
243,4634,156698,4
-1036,4635,156731,3
-1588,4636,156836,4
-2075,4637,156947,4
-843,4638,156968,3
-2070,4639,157041,3
-560,4640,157052,3
-349,4641,157055,3
-395,4642,157060,3
-395,4643,157065,3
-691,4644,157095,3
-395,4645,157100,3
-349,4646,157103,3
-875,4647,157141,3
-1520,4648,157301,5
136,4649,157364,5
-411,4650,157380,3
-1041,4651,157417,3
262,4652,157483,5
-1157,4653,157548,4
-509,4654,157647,5
-926,4655,157743,5
-352,4656,157746,3
-2408,4657,157883,4
-526,4658,157888,3
-1112,4659,157905,3
-171,4660,157937,4
15,4661,157977,4
-1943,4662,158102,4
-477,4663,158105,3
-1241,4664,158140,3
-334,4665,158200,4
-704,4666,158213,3
-788,4667,158236,3
-2819,4668,158320,4
-1012,4669,158416,4
-477,4670,158419,3
-777,4671,158514,5
-349,4672,158517,3
100,4673,158580,5
-1212,4674,158680,4
-505,4675,158689,3
-512,4676,158740,4
-756,4677,158749,3
-571,4678,158805,4
-1697,4679,158876,4
-1794,4680,158944,4
-477,4681,158947,3
-1766,4682,158997,3
-551,4683,159064,4
-1626,4684,159151,4
-986,4685,159226,4
2,4686,159257,4
-1236,4687,159308,3
-1968,4688,159424,4
-477,4689,159427,3
-578,4690,159434,3
-1764,4691,159506,3
86,4692,159537,4
-352,4693,159540,3
-209,4694,159564,4
-395,4695,159569,3
-723,4696,159622,4
-870,4697,159643,3
-438,4698,159650,3
-799,4699,159743,4
-840,4700,159759,3
-1198,4701,159808,4
-866,4702,159821,3
109,4703,159890,5
-2081,4704,159962,4
-224,4705,160021,4
-576,4706,160039,3
-1215,4707,160130,4
98,4708,160157,4
86,4709,160184,4
-1048,4710,160275,4
-1497,4711,160345,4
-2459,4712,160498,5
-1946,4713,160554,3
-1135,4714,160621,4
-919,4715,160659,4
-112,4716,160710,4
-2601,4717,160774,3
-2437,4718,160918,4
-1280,4719,161011,4
-438,4720,161018,3
-2212,4721,161199,5
-839,4722,161212,3
-234,4723,161249,4
-667,4724,161264,3
255,4725,161283,4
-12,4726,161314,4
-4746,4727,161513,4
-979,4728,161536,3
-809,4729,161564,3
-1022,4730,161602,4
151,4731,161643,4
-851,4732,161672,3
-477,4733,161675,3
-1181,4734,161707,3
-814,4735,161782,4
-55,4736,161824,4
-169,4737,161935,6
-1802,4738,162012,3
-846,4739,162046,3
-158,4740,162087,4
-477,4741,162090,3
-1337,4742,162130,3
-1059,4743,162143,3
-862,4744,162178,3
59,4745,162217,4
-1010,4746,162236,3
-533,4747,162247,3
-1282,4748,162334,4
-981,4749,162432,4
-120,4750,162464,4
-279,4751,162505,4
-927,4752,162557,4
-342,4753,162592,4
-349,4754,162595,3
-1825,4755,162663,3
-326,4756,162708,4
-477,4757,162711,3
-477,4758,162714,3
-225,4759,162763,4
-1915,4760,162889,4
-995,4761,162972,4
-352,4762,162975,3
-1052,4763,163049,4
-2191,4764,163158,4
-1648,4765,163284,4
-410,4766,163341,4
-948,4767,163426,4
-1100,4768,163445,3
187,4769,163474,4
-3247,4770,163688,6
-817,4771,163696,3
-1245,4772,163714,3
-768,4773,163784,4
-1132,4774,163853,4
-2535,4775,163969,4
-1148,4776,164025,3
-740,4777,164084,4
-563,4778,164095,3
-515,4779,164106,3
4,4780,164171,4
-2172,4781,164302,5
-349,4782,164305,3
-1926,4783,164375,3
-751,4784,164396,3
-481,4785,164453,4
-1323,4786,164603,6
-1895,4787,164662,3
-1857,4788,164765,4
-56,4789,164800,4
-1745,4790,164895,4
-979,4791,164988,4
151,4792,165066,5
-146,4793,165119,4
-1761,4794,165274,5
-752,4795,165333,4
-1825,4796,165429,4
200,4797,165487,5
-698,4798,165515,4
110,4799,165593,6
-478,4800,165602,3
-194,4801,165641,4
-248,4802,165697,4
147,4803,165722,4
-1325,4804,165784,4
-1307,4805,165797,3
-760,4806,165854,4
-1845,4807,165961,4
-368,4808,166008,4
-615,4809,166063,4
-1199,4810,166164,4
-2645,4811,166301,4
-1150,4812,166324,3
-1037,4813,166359,3
-477,4814,166362,3
-1313,4815,166391,3
-3546,4816,166581,4
-604,4817,166596,3
228,4818,166625,4
-1830,4819,166743,4
-1397,4820,166820,4
-1299,4821,166859,3
-3065,4822,167017,5
1129,4823,167075,6
-905,4824,167155,4
-2813,4825,167271,4
-832,4826,167307,3
818,4827,167375,6
-947,4828,167461,4
-1047,4829,167537,4
-989,4830,167572,3
-352,4831,167575,3
-667,4832,167590,3
-1200,4833,167640,4
-395,4834,167645,3
-144,4835,167697,4
-623,4836,167714,3
205,4837,167790,5
-1224,4838,167833,3
-560,4839,167844,3
-651,4840,167853,3
-583,4841,167908,4
-492,4842,167923,3
27,4843,167969,4
111,4844,168006,4
-349,4845,168009,3
-1678,4846,168047,3
-1225,4847,168082,3
-620,4848,168108,3
-477,4849,168111,3
-894,4850,168126,3
-1762,4851,168239,4
-171,4852,168274,4
-349,4853,168277,3
-477,4854,168280,3
-477,4855,168283,3
-831,4856,168344,4
-61,4857,168375,4
-620,4858,168437,4
-675,4859,168526,5
-1775,4860,168625,4
-386,4861,168687,4
-533,4862,168698,3
-477,4863,168701,3
-766,4864,168776,4
883,4865,168840,6
68,4866,168867,4
-981,4867,168961,4
-1521,4868,168991,3
-1471,4869,169136,5
-1051,4870,169165,3
-1151,4871,169205,3
-84,4872,169246,4
-1598,4873,169333,4
-1601,4874,169416,4
251,4875,169489,5
-980,4876,169563,4
-683,4877,169597,4
-1385,4878,169652,3
-394,4879,169709,4
-584,4880,169716,3
-127,4881,169730,4
-1060,4882,169762,3
7,4883,169791,4
301,4884,169848,5
-452,4885,169895,4
-1556,4886,169969,3
-877,4887,170024,4
-30,4888,170076,4
-967,4889,170179,5
-583,4890,170276,5
-683,4891,170356,4
-1204,4892,170446,4
-1371,4893,170535,4
-679,4894,170595,4
-906,4895,170628,3
-1320,4896,170671,3
-2908,4897,170802,4
-500,4898,170823,4
-1730,4899,170863,3
-821,4900,170885,3
-750,4901,170891,3
-1653,4902,170951,4
-1350,4903,171009,3
-18,4904,171086,5
-3129,4905,171244,4
-573,4906,171382,6
-477,4907,171385,3
-739,4908,171525,6
-401,4909,171530,3
-444,4910,171537,3
-1353,4911,171552,3
-1824,4912,171689,5
-75,4913,171742,4
-395,4914,171747,3
-395,4915,171752,3
73,4916,171787,4
-3289,4917,171927,3
-1359,4918,172053,5
-982,4919,172126,4
-389,4920,172150,4
-1493,4921,172193,3
-428,4922,172286,5
435,4923,172346,5
-349,4924,172349,3
-1025,4925,172378,3
-586,4926,172393,3
-508,4927,172410,3
-616,4928,172510,5
-395,4929,172515,3
-1388,4930,172576,4
-1693,4931,172701,6
-4054,4932,172833,4
-189,4933,172891,4
-477,4934,172894,3
-761,4935,172925,3
-659,4936,172985,4
-309,4937,173032,4
-660,4938,173093,4
262,4939,173150,5
-129,4940,173193,4
-643,4941,173259,4
-373,4942,173342,5
-856,4943,173374,3
-59,4944,173403,4
-2215,4945,173508,4
-349,4946,173511,3
-1795,4947,173570,4
-351,4948,173659,5
-1407,4949,173744,4
-478,4950,173819,5
-349,4951,173822,3
-803,4952,173903,4
-585,4953,173916,3
-1024,4954,174001,4
122,4955,174055,4
-151,4956,174109,4
-277,4957,174195,5
-1633,4958,174297,4
30,4959,174368,5
-944,4960,174387,3
-1534,4961,174486,4
-515,4962,174497,3
-1191,4963,174533,3
-1828,4964,174601,4
-653,4965,174618,3
-645,4966,174627,3
-395,4967,174632,3
-1383,4968,174711,4
-837,4969,174727,3
-502,4970,174852,6
-1329,4971,174964,4
-478,4972,174973,3
-71,4973,175018,4
-349,4974,175021,3
-394,4975,175113,5
159,4976,175172,5
-349,4977,175175,3
-1356,4978,175284,4
307,4979,175347,5
-352,4980,175350,3
613,4981,175401,5
-755,4982,175432,3
-633,4983,175441,3
-401,4984,175446,3
-970,4985,175497,4
-699,4986,175597,5
-1383,4987,175692,4
-1043,4988,175727,3
-324,4989,175791,4
-2282,4990,175898,4
-335,4991,175939,4
-2150,4992,176040,4
-1890,4993,176141,4
-1032,4994,176162,3
-469,4995,176223,4
49,4996,176264,4
-103,4997,176349,5
-349,4998,176352,3
-591,4999,176370,3
-1584,5000,176443,4
-2291,5001,176546,4
-371,5002,176590,4
-185,5003,176637,4
348,5004,176696,5
-336,5005,176760,4
-625,5006,176775,3
-242,5007,176814,4
-640,5008,176862,4
-477,5009,176865,3
-2169,5010,176936,4
-2422,5011,177062,4
-461,5012,177139,5
60,5013,177170,4
-621,5014,177179,3
-352,5015,177182,3
-584,5016,177235,4
-438,5017,177242,3
-2024,5018,177319,4
-1258,5019,177377,4
-10,5020,177435,5
-725,5021,177491,4
-2042,5022,177553,3
-438,5023,177560,3
-1661,5024,177673,4
-615,5025,177682,3
-1268,5026,177734,3
-761,5027,177809,4
933,5028,177878,6
-445,5029,177956,4
-639,5030,178052,5
-2435,5031,178125,3
-2579,5032,178265,4
384,5033,178322,5
-346,5034,178344,4
-459,5035,178351,3
-450,5036,178392,4
-526,5037,178397,3
-192,5038,178415,4
-1879,5039,178548,5
-398,5040,178553,3
-3031,5041,178666,4
-349,5042,178669,3
-1595,5043,178764,4
-1178,5044,178843,4
-568,5045,178883,4
-91,5046,178899,4
-1273,5047,178925,3
-575,5048,178932,3
-921,5049,178961,4
-325,5050,179024,4
284,5051,179049,4
-1179,5052,179076,3
235,5053,179146,5
-1424,5054,179251,4
-1247,5055,179386,5
655,5056,179438,5
-627,5057,179527,5
-57,5058,179565,4
-444,5059,179572,3
42,5060,179601,4
-1680,5061,179676,4
-1300,5062,179763,4
-2890,5063,179873,4
-398,5064,179878,3
-1572,5065,179949,4
-1097,5066,179984,3
562,5067,180063,6
-585,5068,180112,4
-1586,5069,180187,4
-437,5070,180255,4
-2176,5071,180416,5
-395,5072,180421,3
-2372,5073,180557,5
-1492,5074,180600,4
53,5075,180633,4
-1858,5076,180665,3
-856,5077,180737,4
-795,5078,180798,4
-554,5079,180809,3
-788,5080,180862,4
-477,5081,180865,3
-298,5082,180901,4
-570,5083,180962,4
-387,5084,181002,4
-448,5085,181088,5
-477,5086,181091,3
-281,5087,181209,6
209,5088,181276,5
-499,5089,181366,5
-2923,5090,181473,4
129,5091,181502,4
-349,5092,181505,3
-477,5093,181508,3
-398,5094,181513,3
-651,5095,181574,4
-1258,5096,181597,3
-349,5097,181600,3
-515,5098,181611,3
-726,5099,181718,5
-935,5100,181789,4
-683,5101,181908,6
-1273,5102,182035,5
-1971,5103,182098,3
128,5104,182202,6
-2587,5105,182330,4
-639,5106,182385,4
-441,5107,182392,3
-706,5108,182407,3
-605,5109,182497,5
-398,5110,182502,3
-615,5111,182557,4
-621,5112,182570,3
-1031,5113,182596,3
-2093,5114,182759,6
-1161,5115,182802,3
-738,5116,182821,3
-1262,5117,182910,4
-1172,5118,182945,3
25,5119,183001,4
-349,5120,183004,3
-477,5121,183007,3
-1875,5122,183116,4
-722,5123,183123,3
-814,5124,183229,5
-209,5125,183310,5
-367,5126,183349,4
-2984,5127,183468,4
-1046,5128,183557,4
-499,5129,183591,4
-398,5130,183596,3
-213,5131,183671,5
-187,5132,183714,4
-515,5133,183725,3
-547,5134,183829,5
-395,5135,183834,3
-477,5136,183837,3
-752,5137,183869,4
1194,5138,183917,6
-101,5139,183962,4
-349,5140,183965,3
153,5141,184025,5
-1007,5142,184105,4
-1269,5143,184155,4
753,5144,184236,6
-477,5145,184239,3
-331,5146,184306,4
-952,5147,184341,3
-463,5148,184396,4
-1371,5149,184469,4
-1183,5150,184550,4
-464,5151,184591,4
-2487,5152,184735,5
-278,5153,184782,4
-1442,5154,184863,4
128,5155,184906,4
-545,5156,184974,4
-578,5157,184981,3
-1599,5158,185032,3
-1055,5159,185058,3
-1893,5160,185112,4
-2388,5161,185243,4
-1053,5162,185320,4
663,5163,185368,5
-477,5164,185371,3
-926,5165,185454,4
-679,5166,185465,3
-1801,5167,185570,4
-1457,5168,185664,4
-405,5169,185717,4
-1117,5170,185819,5
-176,5171,185852,4
-2679,5172,185994,4
-1035,5173,186119,5
-849,5174,186135,3
-186,5175,186176,4
-1636,5176,186291,5
-1203,5177,186370,4
-687,5178,186397,3
-1224,5179,186415,3
-1198,5180,186450,3
389,5181,186508,5
-891,5182,186529,3
-122,5183,186595,5
-401,5184,186600,3
-825,5185,186647,4
-1761,5186,186713,4
86,5187,186762,4
-349,5188,186765,3
-395,5189,186770,3
-830,5190,186833,4
-349,5191,186836,3
-1782,5192,186903,3
-819,5193,186966,4
-1836,5194,187057,4
-349,5195,187060,3
-1151,5196,187122,4
-934,5197,187139,3
985,5198,187169,5
-444,5199,187176,3
-2445,5200,187267,4
-568,5201,187367,5
-379,5202,187410,4
-349,5203,187413,3
-511,5204,187464,4
-1813,5205,187591,5
-912,5206,187631,3
-477,5207,187634,3
-851,5208,187662,3
6,5209,187693,4
-903,5210,187781,4
-1309,5211,187816,3
-1097,5212,187906,4
-477,5213,187909,3
-526,5214,187914,3
-67,5215,187994,5
-1257,5216,188027,3
-1519,5217,188056,3
676,5218,188101,5
-80,5219,188176,5
-655,5220,188227,4
-2372,5221,188305,4
-349,5222,188308,3
353,5223,188360,5
-2217,5224,188435,3
-1308,5225,188517,4
-1145,5226,188582,4
305,5227,188649,5
-1784,5228,188742,4
-411,5229,188758,3
-1381,5230,188851,4
-2206,5231,188954,4
-848,5232,188967,3
96,5233,189038,5
-49,5234,189152,6
-385,5235,189229,5
-117,5236,189278,4
-573,5237,189291,3
880,5238,189330,5
-349,5239,189333,3
863,5240,189413,6
-477,5241,189416,3
-1283,5242,189458,4
-716,5243,189471,3
203,5244,189495,4
-583,5245,189526,4
-1536,5246,189596,4
-2676,5247,189733,4
-753,5248,189748,3
-584,5249,189755,3
-727,5250,189839,4
-1328,5251,189944,5
393,5252,190006,5
-1044,5253,190100,4
-1537,5254,190145,3
-2142,5255,190185,3
-1156,5256,190206,3
-799,5257,190217,3
-35,5258,190250,4
-523,5259,190307,4
-1573,5260,190367,4
-620,5261,190396,4
-1121,5262,190431,3
-2822,5263,190513,3
-1602,5264,190633,5
-851,5265,190662,4
-736,5266,190762,5
-3222,5267,190901,4
-1884,5268,190950,3
353,5269,191012,5
-251,5270,191066,4
-2856,5271,191199,4
-477,5272,191202,3
-542,5273,191264,4
-816,5274,191319,4
-769,5275,191359,4
-1221,5276,191402,3
-809,5277,191425,3
-625,5278,191440,3
-349,5279,191443,3
-1452,5280,191479,3
-1214,5281,191562,4
-1245,5282,191605,3
-615,5283,191614,3
428,5284,191669,5
-1402,5285,191740,4
-477,5286,191743,3
778,5287,191794,5
-613,5288,191814,3
-349,5289,191817,3
-477,5290,191820,3
-744,5291,191839,3
548,5292,191914,6
-1512,5293,191993,4
-797,5294,192006,3
-22,5295,192122,6
-2366,5296,192216,3
-398,5297,192221,3
289,5298,192278,5
-105,5299,192330,4
-3731,5300,192485,4
-1377,5301,192576,4
-496,5302,192585,3
251,5303,192606,4
-706,5304,192681,4
-689,5305,192755,4
-621,5306,192768,3
-77,5307,192807,4
51,5308,192866,5
97,5309,192924,5
971,5310,192995,6
-524,5311,193055,4
-1419,5312,193100,4
-1546,5313,193237,5
-1035,5314,193326,4
-661,5315,193405,4
-2442,5316,193577,6
-1177,5317,193670,4
2,5318,193730,4
-1503,5319,193805,4
-352,5320,193808,3
-904,5321,193844,3
-977,5322,193869,3
151,5323,193938,5
-477,5324,193941,3
-1282,5325,194050,5
-438,5326,194057,3
-726,5327,194159,5
-1168,5328,194230,4
-1419,5329,194327,4
-1039,5330,194400,4
-477,5331,194403,3
-560,5332,194414,3
-923,5333,194451,3
-995,5334,194516,4
-3051,5335,194667,4
-1633,5336,194711,3
-491,5337,194738,4
-1034,5338,194782,4
-401,5339,194787,3
-1292,5340,194824,3
-1623,5341,194921,4
-148,5342,194960,4
-314,5343,195047,5
-660,5344,195111,4
-662,5345,195119,3
-349,5346,195122,3
-661,5347,195247,6
-1664,5348,195366,4
-756,5349,195427,4
-984,5350,195535,5
-725,5351,195612,4
-690,5352,195673,4
-224,5353,195688,4
-201,5354,195806,6
-217,5355,195843,4
-365,5356,195902,4
-712,5357,196006,5
1327,5358,196087,7
916,5359,196151,6
-1856,5360,196204,3
-1,5361,196231,4
-1124,5362,196256,3
-505,5363,196273,3
-477,5364,196276,3
-816,5365,196301,3
79,5366,196324,4
-502,5367,196438,6
-783,5368,196470,4
-440,5369,196523,4
-57,5370,196601,5
-1078,5371,196694,5
231,5372,196765,5
-23,5373,196821,4
-398,5374,196826,3
41,5375,196884,5
-990,5376,196914,3
153,5377,196992,5
-201,5378,197023,4
-2927,5379,197172,4
-1167,5380,197215,3
134,5381,197285,5
-1459,5382,197332,3
-444,5383,197339,3
-1205,5384,197379,3
-349,5385,197382,3
-1611,5386,197492,4
-2784,5387,197603,4
-1556,5388,197703,5
-325,5389,197776,5
-1805,5390,197853,4
229,5391,197922,5
-15,5392,197993,5
-601,5393,198017,3
-530,5394,198041,4
-1883,5395,198198,5
-1231,5396,198218,3
-2672,5397,198346,5
-634,5398,198361,3
-74,5399,198424,5
-1849,5400,198541,4
-908,5401,198561,3
63,5402,198586,4
-434,5403,198637,4
-1424,5404,198758,5
-2549,5405,198869,4
-1231,5406,198934,4
-165,5407,198971,4
840,5408,199015,5
-506,5409,199059,4
-1426,5410,199128,4
-1204,5411,199172,3
-881,5412,199182,3
-1210,5413,199288,5
-779,5414,199311,3
-72,5415,199338,4
-798,5416,199405,4
-1312,5417,199474,4
-2130,5418,199610,4
-659,5419,199690,4
-349,5420,199693,3
-1401,5421,199766,4
-873,5422,199781,3
181,5423,199804,4
660,5424,199861,5
-478,5425,199870,3
-1377,5426,199974,5
704,5427,200017,5
-352,5428,200020,3
-590,5429,200055,4
-566,5430,200066,3
-395,5431,200089,4
-661,5432,200176,4
467,5433,200197,4
-349,5434,200200,3
-954,5435,200265,4
-246,5436,200336,5
-1350,5437,200399,4
-99,5438,200487,6
-817,5439,200495,3
-1372,5440,200543,4
-447,5441,200550,3
-398,5442,200555,3
162,5443,200601,4
254,5444,200684,6
-899,5445,200777,4
-357,5446,200853,4
-643,5447,200981,6
-2683,5448,201123,5
-529,5449,201174,4
-385,5450,201213,4
-590,5451,201232,3
-1264,5452,201294,4
-578,5453,201301,3
-196,5454,201364,4
-909,5455,201486,6
-1225,5456,201558,4
-1595,5457,201613,3
-869,5458,201632,3
-352,5459,201635,3
-278,5460,201741,6
-1824,5461,201844,4
-753,5462,201859,3
-809,5463,201878,3
-655,5464,201889,3
-1597,5465,201951,3
-1967,5466,202046,4
-2535,5467,202167,4
-1152,5468,202230,4
-1709,5469,202352,4
-1261,5470,202385,3
118,5471,202408,4
-308,5472,202471,4
-349,5473,202474,3
-551,5474,202485,3
-678,5475,202534,4
-349,5476,202537,3
-1529,5477,202602,4
-557,5478,202695,5
-478,5479,202704,3
-1305,5480,202729,3
-888,5481,202750,3
166,5482,202801,4
-299,5483,202842,4
-487,5484,202851,3
694,5485,202897,5
-229,5486,202939,4
483,5487,203017,6
-627,5488,203074,4
-506,5489,203127,4
-1581,5490,203207,4
-753,5491,203216,3
-646,5492,203271,4
-223,5493,203345,5
-795,5494,203364,3
-291,5495,203445,5
-1526,5496,203528,4
-746,5497,203541,3
-1371,5498,203586,3
-349,5499,203589,3
-866,5500,203627,4
237,5501,203718,6
-395,5502,203723,3
-713,5503,203776,4
-526,5504,203781,3
-751,5505,203819,4
-173,5506,203858,4
-836,5507,203944,4
234,5508,203967,4
247,5509,204037,5
331,5510,204095,5
170,5511,204116,4
236,5512,204184,5
-437,5513,204267,4
-1603,5514,204308,3
-398,5515,204313,3
-1561,5516,204414,4
1244,5517,204491,6
-1161,5518,204519,3
216,5519,204579,5
-1775,5520,204634,3
-1023,5521,204656,3
-1444,5522,204777,5
-1118,5523,204852,4
-176,5524,204890,4
-1246,5525,204919,3
-1015,5526,204948,3
-127,5527,204985,4
-602,5528,205099,5
-1810,5529,205190,4
-1042,5530,205231,3
-834,5531,205294,4
-622,5532,205309,3
-819,5533,205334,3
-812,5534,205348,3
123,5535,205416,5
101,5536,205440,4
-427,5537,205512,4
-1063,5538,205602,4
194,5539,205694,6
-1220,5540,205725,3
655,5541,205770,5
-3720,5542,205858,3
-835,5543,205936,5
-641,5544,205999,4
457,5545,206082,6
856,5546,206118,5
-908,5547,206179,4
-1868,5548,206244,3
430,5549,206267,4
-80,5550,206326,4
105,5551,206398,5
-395,5552,206403,3
-645,5553,206483,5
-1471,5554,206592,4
-477,5555,206595,3
-1051,5556,206636,3
-637,5557,206651,3
293,5558,206672,4
-803,5559,206691,3
1444,5560,206731,6
-201,5561,206815,5
-996,5562,206836,3
-989,5563,206953,5
-477,5564,206956,3
-117,5565,207036,5
609,5566,207083,5
-816,5567,207108,3
-1107,5568,207193,4
-250,5569,207226,4
-270,5570,207310,5
-616,5571,207325,3
-825,5572,207392,4
362,5573,207410,4
40,5574,207488,5
-239,5575,207532,4
-953,5576,207618,4
-1667,5577,207705,4
-653,5578,207727,3
339,5579,207750,4
-1321,5580,207804,3
-827,5581,207869,4
-1353,5582,207963,4
-729,5583,207991,4
-7105,5584,208210,4
-651,5585,208238,4
-1149,5586,208256,3
-477,5587,208259,3
-895,5588,208286,3
-674,5589,208311,3
106,5590,208346,4
-799,5591,208357,3
-24,5592,208392,4
-1051,5593,208412,3
-895,5594,208458,4
-150,5595,208541,5
-1063,5596,208610,4
592,5597,208642,4
-352,5598,208645,3
-624,5599,208654,3
-1155,5600,208750,4
-444,5601,208836,5
-477,5602,208839,3
-926,5603,208922,4
455,5604,208968,5
238,5605,209025,5
600,5606,209056,4
346,5607,209114,5
-352,5608,209117,3
-1350,5609,209159,3
-1849,5610,209274,4
-1711,5611,209328,3
14,5612,209382,4
-441,5613,209398,3
-752,5614,209411,3
107,5615,209453,4
-398,5616,209458,3
-2224,5617,209557,4
-565,5618,209608,4
-1949,5619,209742,4
-4120,5620,209938,5
-1006,5621,209995,4
-347,5622,210038,4
-818,5623,210137,5
672,5624,210165,4
-1106,5625,210190,3
-5205,5626,210344,4
-653,5627,210391,4
422,5628,210418,4
-1346,5629,210489,4
-330,5630,210568,4
800,5631,210608,5
-509,5632,210661,4
-352,5633,210664,3
-753,5634,210673,3
-349,5635,210676,3
166,5636,210739,5
143,5637,210782,4
-1542,5638,210877,4
-137,5639,210912,4
-477,5640,210915,3
-100,5641,210988,5
-22,5642,211027,4
-58,5643,211103,5
-2332,5644,211254,5
-535,5645,211259,3
-525,5646,211363,5
133,5647,211430,5
-1028,5648,211491,4
-2128,5649,211544,3
-719,5650,211561,3
-246,5651,211581,4
-2036,5652,211661,3
-170,5653,211736,5
-380,5654,211795,4
-615,5655,211804,3
-621,5656,211813,3
115,5657,211842,4
-57,5658,211904,5
-572,5659,211911,3
-2047,5660,212049,4
-1091,5661,212124,4
-402,5662,212177,4
-620,5663,212194,3
-62,5664,212303,6
-1265,5665,212350,3
-1767,5666,212393,3
-744,5667,212408,3
-438,5668,212415,3
-923,5669,212435,3
-823,5670,212531,4
657,5671,212610,6
-1333,5672,212719,5
-560,5673,212730,3
-459,5674,212777,4
-395,5675,212782,3
-11,5676,212854,5
-600,5677,212919,4
-584,5678,212966,4
-1082,5679,212991,3
-1297,5680,213079,4
-336,5681,213129,4
-1029,5682,213160,3
-1608,5683,213263,4
-1518,5684,213337,4
-309,5685,213356,4
-395,5686,213361,3
-441,5687,213428,4
66,5688,213525,6
-398,5689,213530,3
-576,5690,213543,3
-708,5691,213589,4
-1656,5692,213658,3
-758,5693,213711,4
-1112,5694,213809,4
-1150,5695,213839,3
-796,5696,213865,3
-1494,5697,213916,3
-10,5698,213949,4
-1422,5699,214026,4
-82,5700,214102,5
-793,5701,214119,3
-243,5702,214209,5
-2041,5703,214294,4
-1124,5704,214326,3
-371,5705,214367,4
32,5706,214437,5
-322,5707,214455,4
-1182,5708,214497,3
-605,5709,214562,4
523,5710,214614,5
-992,5711,214639,3
-1102,5712,214732,4
-484,5713,214741,3
-946,5714,214779,4
-1291,5715,214887,4
-1120,5716,214963,4
-191,5717,215004,4
-1693,5718,215068,4
-517,5719,215117,4
-502,5720,215126,3
-549,5721,215139,3
811,5722,215212,6
-358,5723,215272,4
-349,5724,215275,3
245,5725,215296,4
-176,5726,215325,4
585,5727,215372,5
-670,5728,215429,4
-395,5729,215434,3
-610,5730,215531,5
580,5731,215583,5
-1035,5732,215680,4
-333,5733,215727,4
-2471,5734,215876,4
-478,5735,215885,3
214,5736,215949,5
-85,5737,216017,5
-477,5738,216020,3
315,5739,216051,4
-349,5740,216054,3
-1287,5741,216127,4
-2068,5742,216244,4
-797,5743,216344,5
-403,5744,216372,4
-1050,5745,216473,4
-545,5746,216553,4
-1562,5747,216637,4
-859,5748,216664,3
-3548,5749,216822,4
-661,5750,216833,3
-477,5751,216836,3
-760,5752,216897,4
-352,5753,216900,3
-1157,5754,217000,5
990,5755,217035,5
-30,5756,217100,5
-16,5757,217127,4
-783,5758,217198,4
-533,5759,217260,4
368,5760,217287,4
222,5761,217312,4
-846,5762,217337,3
-16,5763,217400,4
-1274,5764,217538,5
-4499,5765,217771,6
-34,5766,217802,4
-998,5767,217830,3
-567,5768,217913,4
-1555,5769,218019,4
-99,5770,218053,4
-969,5771,218085,4
37,5772,218157,5
297,5773,218200,4
-395,5774,218205,3
-2746,5775,218384,5
210,5776,218469,6
-494,5777,218556,5
455,5778,218577,4
-973,5779,218591,3
-481,5780,218608,3
381,5781,218673,5
-182,5782,218755,5
-682,5783,218849,5
342,5784,218899,5
-506,5785,218967,4
-1390,5786,219008,3
-2058,5787,219111,4
-788,5788,219170,4
-477,5789,219173,3
-447,5790,219180,3
-802,5791,219256,4
-1523,5792,219315,4
-1596,5793,219410,4
-912,5794,219518,5
-1378,5795,219657,5
-36,5796,219719,5
-32,5797,219801,5
-933,5798,219832,3
-349,5799,219835,3
104,5800,219868,4
-1703,5801,219987,4
-842,5802,220092,5
-7,5803,220146,4
-1629,5804,220276,4
154,5805,220299,4
300,5806,220349,5
-337,5807,220443,5
44,5808,220497,4
192,5809,220537,4
-353,5810,220582,4
-349,5811,220585,3
108,5812,220656,5
-50,5813,220691,4
-708,5814,220701,3
508,5815,220752,5
-3088,5816,220873,4
-563,5817,220970,5
244,5818,221027,5
-1552,5819,221108,4
-349,5820,221111,3
-2070,5821,221266,5
-400,5822,221324,4
862,5823,221369,5
-899,5824,221398,3
-352,5825,221401,3
-1083,5826,221489,4
-741,5827,221562,4
-615,5828,221657,5
905,5829,221743,6
-500,5830,221796,4
-1205,5831,221895,5
-339,5832,221910,4
-1328,5833,221985,4
-1235,5834,222080,4
-1099,5835,222145,4
-2199,5836,222310,6
-1118,5837,222414,4
190,5838,222455,4
-151,5839,222506,4
215,5840,222585,5
-349,5841,222588,3
-1331,5842,222693,4
-753,5843,222702,3
952,5844,222741,5
-401,5845,222746,3
-349,5846,222749,3
-1466,5847,222828,4
-233,5848,222863,4
425,5849,222918,5
-123,5850,222994,5
-1244,5851,223031,3
-1558,5852,223104,4
107,5853,223189,5
-383,5854,223276,5
-1875,5855,223345,3
-395,5856,223350,3
-676,5857,223361,3
25,5858,223390,4
-2120,5859,223542,4
-1039,5860,223565,3
-2313,5861,223735,6
-527,5862,223746,3
-477,5863,223749,3
-1839,5864,223816,3
-879,5865,223871,4
-581,5866,223942,4
-1488,5867,224073,5
-477,5868,224076,3
-1405,5869,224175,4
-740,5870,224265,5
435,5871,224355,6
-788,5872,224433,4
-1116,5873,224500,4
-980,5874,224547,4
-2282,5875,224669,4
-1151,5876,224742,4
-1006,5877,224855,5
20,5878,224922,5
612,5879,224963,5
801,5880,225001,5
878,5881,225038,5
-397,5882,225083,4
-487,5883,225092,3
-395,5884,225097,3
-543,5885,225185,5
-3488,5886,225325,4
-1474,5887,225351,3
-859,5888,225399,4
-359,5889,225440,4
-1771,5890,225499,3
-604,5891,225548,4
-890,5892,225681,6
153,5893,225706,4
-711,5894,225716,3
-2790,5895,225849,5
-1654,5896,226004,6
-908,5897,226032,3
-147,5898,226073,4
1101,5899,226128,6
124,5900,226203,5
-194,5901,226241,4
77,5902,226286,4
-716,5903,226372,4
-1321,5904,226407,3
-352,5905,226410,3
-1273,5906,226446,3
-1225,5907,226525,4
-526,5908,226530,3
613,5909,226575,5
349,5910,226635,5
823,5911,226675,5
-578,5912,226682,3
219,5913,226742,5
-395,5914,226747,3
-477,5915,226750,3
336,5916,226773,4
-843,5917,226789,3
-769,5918,226885,4
375,5919,226928,4
-432,5920,227042,6
-477,5921,227045,3
-1355,5922,227120,4
-466,5923,227169,4
-1545,5924,227255,4
-1987,5925,227360,4
-1039,5926,227462,4
-477,5927,227465,3
-1312,5928,227531,4
-638,5929,227584,4
-487,5930,227633,4
-562,5931,227657,3
-134,5932,227732,5
93,5933,227761,4
636,5934,227808,5
-724,5935,227903,5
-349,5936,227906,3
-1471,5937,227941,3
-477,5938,227944,3
-592,5939,227995,4
-1269,5940,228081,4
-954,5941,228109,4
9,5942,228144,4
-28,5943,228181,4
-1021,5944,228205,3
639,5945,228289,6
-726,5946,228338,4
274,5947,228404,5
-456,5948,228411,3
-514,5949,228420,3
-1786,5950,228516,4
-1921,5951,228609,4
-401,5952,228614,3
-477,5953,228617,3
-375,5954,228658,4
-570,5955,228671,3
-361,5956,228762,5
637,5957,228813,5
82,5958,228908,6
-413,5959,228989,5
-855,5960,229096,5
362,5961,229114,4
404,5962,229200,6
-1307,5963,229307,4
-1124,5964,229332,3
94,5965,229361,4
-839,5966,229374,3
900,5967,229409,5
-1347,5968,229480,4
-398,5969,229485,3
-395,5970,229490,3
-349,5971,229493,3
-531,5972,229515,3
-434,5973,229560,4
-1909,5974,229619,3
620,5975,229694,6
-362,5976,229729,4
852,5977,229770,5
-349,5978,229773,3
-1150,5979,229793,3
-387,5980,229840,4
-2006,5981,229974,4
-20,5982,230007,4
-645,5983,230077,4
-1335,5984,230171,4
-748,5985,230192,3
-705,5986,230220,3
249,5987,230239,4
-590,5988,230268,4
-139,5989,230330,5
370,5990,230384,5
-456,5991,230399,3
45,5992,230458,5
-1997,5993,230584,5
474,5994,230647,5
427,5995,230702,5
2,5996,230733,4
-103,5997,230806,5
-343,5998,230857,4
-1055,5999,230980,5
-1232,6000,231033,4
-477,6001,231036,3
-1096,6002,231117,4
-4226,6003,231320,5
-2125,6004,231391,3
-398,6005,231396,3
-398,6006,231507,5
-1105,6007,231521,3
-826,6008,231590,4
-527,6009,231601,3
-2129,6010,231724,4
-1853,6011,231770,3
-16,6012,231797,4
-266,6013,231872,5
-569,6014,231926,4
-198,6015,231969,4
-485,6016,232028,4
-395,6017,232033,3
-477,6018,232036,3
-349,6019,232039,3
-395,6020,232044,3
-678,6021,232115,4
-952,6022,232148,3
99,6023,232179,4
-1765,6024,232319,5
-438,6025,232326,3
-821,6026,232412,4
-699,6027,232436,3
-477,6028,232439,3
541,6029,232513,6
133,6030,232536,4
-349,6031,232539,3
-822,6032,232641,5
614,6033,232685,5
-994,6034,232709,3
-743,6035,232732,3
-1531,6036,232835,4
-337,6037,232914,5
-570,6038,232957,4
-689,6039,232998,4
401,6040,233013,4
-1238,6041,233084,4
-227,6042,233165,5
45,6043,233196,4
161,6044,233269,5
1,6045,233344,5
-162,6046,233405,4
-1762,6047,233464,3
243,6048,233530,5
-499,6049,233585,4
-789,6050,233634,4
-175,6051,233688,4
-139,6052,233736,4
510,6053,233755,4
80,6054,233828,5
-241,6055,233889,4
-907,6056,233916,3
-395,6057,233921,3
-1273,6058,234033,5
117,6059,234099,5
-878,6060,234174,4
-349,6061,234177,3
-1083,6062,234256,4
161,6063,234281,4
-10,6064,234329,4
-291,6065,234425,6
-477,6066,234428,3
195,6067,234493,5
-629,6068,234598,5
-545,6069,234695,5
-259,6070,234768,5
129,6071,234797,4
-716,6072,234824,4
637,6073,234876,5
-1109,6074,235000,5
-477,6075,235003,3
-1018,6076,235032,3
-1286,6077,235124,4
-218,6078,235159,4
-542,6079,235178,3
-547,6080,235263,5
-1873,6081,235307,3
345,6082,235397,6
-874,6083,235424,3
-928,6084,235473,4
-398,6085,235478,3
-2136,6086,235621,5
-28,6087,235648,4
-826,6088,235743,5
-5302,6089,235989,4
-345,6090,236072,5
-719,6091,236097,3
924,6092,236132,5
-774,6093,236179,4
-1071,6094,236241,4
-1208,6095,236273,3
-384,6096,236320,4
-470,6097,236411,5
250,6098,236486,5
-622,6099,236545,4
576,6100,236623,6
-188,6101,236704,5
18,6102,236729,4
-600,6103,236756,4
-395,6104,236761,3
-1245,6105,236834,4
-590,6106,236841,3
-1269,6107,236908,4
-548,6108,236955,4
-365,6109,237083,6
-866,6110,237106,3
-2300,6111,237219,4
933,6112,237322,7
-535,6113,237327,3
-622,6114,237372,4
248,6115,237397,4
-750,6116,237403,3
168,6117,237444,4
-300,6118,237521,5
585,6119,237569,5
-371,6120,237662,5
-1029,6121,237726,4
-477,6122,237729,3
331,6123,237787,5
-919,6124,237805,3
-42,6125,237836,4
-84,6126,237933,6
-716,6127,237949,3
-1556,6128,238065,4
-484,6129,238074,3
-2402,6130,238218,5
-65,6131,238275,4
-248,6132,238354,5
380,6133,238391,4
-947,6134,238428,3
-2218,6135,238490,3
-784,6136,238510,3
-549,6137,238602,5
317,6138,238661,5
-581,6139,238740,5
-286,6140,238785,4
-80,6141,238858,5
485,6142,238930,6
-293,6143,239008,5
-82,6144,239036,4
-805,6145,239047,3
-188,6146,239094,4
-26,6147,239181,5
-3068,6148,239340,4
-3860,6149,239485,4
-1223,6150,239553,4
-160,6151,239592,4
-259,6152,239644,4
-1340,6153,239746,5
-2921,6154,239898,4
-1191,6155,239974,4
-1434,6156,240045,4
-1020,6157,240163,5
-349,6158,240166,3
-526,6159,240183,3
-129,6160,240224,4
86,6161,240255,4
-438,6162,240262,3
-263,6163,240297,4
-490,6164,240352,4
-477,6165,240355,3
-1343,6166,240390,3
5,6167,240421,4
1601,6168,240502,7
228,6169,240558,5
303,6170,240629,5
-345,6171,240694,4
-4,6172,240748,4
-894,6173,240763,3
-865,6174,240851,5
-75,6175,240888,4
139,6176,240957,5
-1013,6177,241054,5
364,6178,241103,5
1089,6179,241157,6
-231,6180,241200,4
-1787,6181,241301,4
-2094,6182,241338,3
-324,6183,241375,4
-477,6184,241378,3
-745,6185,241390,3
-649,6186,241457,4
-363,6187,241500,4
-426,6188,241544,4
-858,6189,241565,3
-262,6190,241602,4
491,6191,241673,6
-1513,6192,241750,4
-427,6193,241832,5
-535,6194,241837,3
874,6195,241882,5
-441,6196,241889,3
-395,6197,241894,3
-1344,6198,241968,4
-674,6199,241985,3
-414,6200,242059,5
473,6201,242120,5
252,6202,242173,5
-1614,6203,242264,4
668,6204,242339,6
316,6205,242368,4
-349,6206,242371,3
633,6207,242448,6
-1378,6208,242480,3
-740,6209,242604,6
-318,6210,242684,5
-477,6211,242687,3
463,6212,242710,4
-1298,6213,242757,3
77,6214,242821,5
-240,6215,242882,4
-349,6216,242885,3
776,6217,242928,5
-749,6218,242997,4
-623,6219,243066,4
18,6220,243134,5
62,6221,243161,4
-500,6222,243181,3
-352,6223,243184,3
-1299,6224,243269,4
-1785,6225,243387,4
-747,6226,243406,3
-349,6227,243409,3
1115,6228,243484,6
3,6229,243530,4
781,6230,243603,6
-2662,6231,243722,3
-775,6232,243751,3
586,6233,243796,5
106,6234,243837,4
1046,6235,243903,6
-69,6236,243934,4
709,6237,243979,5
-295,6238,244070,5
-1090,6239,244093,3
-763,6240,244110,3
-151,6241,244146,4
-382,6242,244212,4
138,6243,244283,5
362,6244,244353,5
85,6245,244466,6
-289,6246,244557,5
-277,6247,244633,5
69,6248,244720,6
-477,6249,244723,3
-392,6250,244776,4
853,6251,244815,5
-667,6252,244829,3
128,6253,244856,4
-482,6254,244949,5
534,6255,244997,5
-398,6256,245002,3
-807,6257,245059,4
-1445,6258,245169,4
-349,6259,245172,3
-663,6260,245227,4
-946,6261,245260,3
498,6262,245313,5
967,6263,245368,6
449,6264,245387,4
48,6265,245433,4
-591,6266,245478,4
-1468,6267,245528,3
686,6268,245599,6
-395,6269,245604,3
-1003,6270,245642,4
131,6271,245690,4
-1473,6272,245775,4
-507,6273,245824,4
-618,6274,245833,3
-618,6275,245842,3
-97,6276,245890,4
-60,6277,245921,4
-1548,6278,246012,4
655,6279,246054,5
24,6280,246116,5
-2016,6281,246295,6
-533,6282,246353,4
-1669,6283,246477,5
-1753,6284,246610,4
455,6285,246666,5
949,6286,246705,5
-1168,6287,246802,4
406,6288,246831,4
-1021,6289,246858,3
-1605,6290,246983,5
634,6291,247043,5
1047,6292,247134,7
467,6293,247223,6
-884,6294,247252,3
-495,6295,247347,5
164,6296,247408,5
-349,6297,247411,3
-161,6298,247483,5
-294,6299,247532,4
-532,6300,247643,6
-146,6301,247682,4
-508,6302,247739,4
-264,6303,247782,4
-398,6304,247787,3
-1277,6305,247825,3
-1167,6306,247900,4
-349,6307,247903,3
-1631,6308,247980,4
588,6309,248034,5
-715,6310,248103,4
-659,6311,248160,4
-349,6312,248163,3
-573,6313,248176,3
68,6314,248249,5
-1551,6315,248383,5
-994,6316,248450,4
-1254,6317,248569,5
369,6318,248650,6
-515,6319,248691,4
-559,6320,248744,4
-1043,6321,248827,4
-141,6322,248876,4
-855,6323,248989,5
-488,6324,249077,5
-164,6325,249161,5
-104,6326,249200,4
-1190,6327,249280,4
-1268,6328,249395,6
-1095,6329,249437,3
-387,6330,249514,5
-966,6331,249572,4
-981,6332,249661,4
824,6333,249704,5
34,6334,249743,4
-352,6335,249746,3
-677,6336,249802,4
-323,6337,249889,5
598,6338,249975,6
-533,6339,249994,3
-675,6340,250065,4
-5639,6341,250241,4
-834,6342,250271,3
261,6343,250362,6
625,6344,250404,5
142,6345,250468,5
-780,6346,250553,4
-308,6347,250624,4
-1083,6348,250701,4
-783,6349,250728,4
-602,6350,250794,4
-687,6351,250917,6
-1840,6352,250999,4
-398,6353,251004,3
-691,6354,251015,3
-352,6355,251018,3
62,6356,251086,5
-708,6357,251153,4
1007,6358,251215,6
-900,6359,251239,3
-70,6360,251287,4
-2014,6361,251363,4
-2478,6362,251511,5
252,6363,251571,5
758,6364,251636,6
-30,6365,251685,4
-79,6366,251746,5
1136,6367,251806,6
-1593,6368,251909,4
-811,6369,251984,4
-664,6370,251995,3
327,6371,252080,6
-395,6372,252085,3
-703,6373,252145,4
-1827,6374,252242,4
-304,6375,252336,5
-938,6376,252389,4
-272,6377,252424,4
-101,6378,252457,4
-44,6379,252486,4
-227,6380,252501,4
192,6381,252567,5
-923,6382,252592,3
855,6383,252659,6
-704,6384,252672,3
559,6385,252707,4
-538,6386,252798,5
-749,6387,252811,3
-1267,6388,252837,3
-99,6389,252871,4
62,6390,252950,5
-3561,6391,253122,4
-748,6392,253183,4
394,6393,253234,5
-655,6394,253245,3
-352,6395,253248,3
-296,6396,253318,5
-438,6397,253325,3
-3060,6398,253486,4
-477,6399,253489,3
-822,6400,253568,4
-334,6401,253580,3
-527,6402,253591,3
-546,6403,253667,4
715,6404,253712,5
191,6405,253780,5
-726,6406,253807,3
-91,6407,253870,4
542,6408,253916,5
-433,6409,253961,4
-292,6410,254053,5
-423,6411,254096,4
-305,6412,254147,4
-23,6413,254188,4
-454,6414,254294,5
-277,6415,254373,5
366,6416,254451,6
591,6417,254526,6
236,6418,254590,5
101,6419,254630,4
77,6420,254669,4
36,6421,254740,5
482,6422,254787,5
-477,6423,254790,3
-156,6424,254870,5
-1123,6425,254970,5
1276,6426,255022,6
32,6427,255070,4
-1151,6428,255086,3
-1223,6429,255160,4
-746,6430,255173,3
-138,6431,255244,5
701,6432,255356,7
-786,6433,255384,3
-359,6434,255475,5
-429,6435,255525,4
-1236,6436,255613,4
-71,6437,255688,5
-824,6438,255780,4
-438,6439,255787,3
-791,6440,255801,3
-1462,6441,255882,4
-477,6442,255885,3
-95,6443,255926,4
-270,6444,255961,4
-11,6445,255993,4
-802,6446,256048,4
-352,6447,256051,3
-2048,6448,256140,4
-588,6449,256201,4
-101,6450,256252,4
192,6451,256292,4
-68,6452,256321,4
-251,6453,256356,4
-395,6454,256361,3
881,6455,256436,6
317,6456,256473,4
-1597,6457,256554,4
-846,6458,256643,4
-1966,6459,256693,3
-119,6460,256809,6
-982,6461,256872,4
-705,6462,256882,3
-1083,6463,256924,3
626,6464,257017,6
-939,6465,257100,4
377,6466,257142,4
-746,6467,257211,4
-477,6468,257214,3
-1102,6469,257244,3
-1229,6470,257319,4
-246,6471,257374,4
-1006,6472,257407,3
-996,6473,257460,4
791,6474,257503,5
114,6475,257528,4
-202,6476,257561,4
235,6477,257590,4
-1137,6478,257669,4
-522,6479,257733,4
-307,6480,257776,4
-828,6481,257801,3
-324,6482,257881,5
-893,6483,257940,4
415,6484,257978,4
-378,6485,258113,6
212,6486,258144,4
856,6487,258223,6
702,6488,258298,6
-656,6489,258360,4
357,6490,258445,6
-1016,6491,258554,5
-251,6492,258589,4
-1657,6493,258685,4
431,6494,258797,7
70,6495,258873,5
-1318,6496,258908,3
-740,6497,258974,4
755,6498,259051,6
-1094,6499,259150,4
-2803,6500,259276,4
-417,6501,259313,4
-704,6502,259326,3
-1151,6503,259342,3
-3650,6504,259541,6
-343,6505,259605,4
-46,6506,259638,4
-1449,6507,259668,3
-524,6508,259679,3
316,6509,259736,5
-325,6510,259779,4
1,6511,259878,6
-799,6512,259889,3
-1028,6513,259980,4
-86,6514,260009,4
-535,6515,260128,6
-1187,6516,260205,4
-1303,6517,260246,3
-1355,6518,260298,3
-1089,6519,260319,3
-490,6520,260328,3
-420,6521,260417,5
-373,6522,260492,4
-642,6523,260501,3
-398,6524,260506,3
-998,6525,260623,5
-1149,6526,260702,4
-423,6527,260760,4
-1010,6528,260814,4
-1334,6529,260866,3
-3754,6530,261015,4
-640,6531,261084,4
-1198,6532,261146,4
-477,6533,261149,3
-2019,6534,261222,4
-680,6535,261238,3
-848,6536,261257,3
-3570,6537,261432,4
-584,6538,261515,4
-91,6539,261548,4
233,6540,261601,5
-613,6541,261727,6
-524,6542,261738,3
-1469,6543,261836,4
-251,6544,261898,4
127,6545,262013,6
334,6546,262076,5
456,6547,262158,6
-149,6548,262197,4
51,6549,262259,5
-349,6550,262262,3
432,6551,262312,5
-395,6552,262317,3
-1020,6553,262380,4
-1046,6554,262415,3
-951,6555,262436,3
-1679,6556,262489,3
-763,6557,262536,4
-854,6558,262549,3
-1680,6559,262668,4
18,6560,262703,4
387,6561,262825,7
115,6562,262860,4
-703,6563,262945,4
-406,6564,263033,5
-13,6565,263121,5
-363,6566,263211,5
-1177,6567,263256,3
-1444,6568,263282,3
-1040,6569,263302,3
206,6570,263333,4
300,6571,263370,4
-496,6572,263387,3
-487,6573,263478,5
-1099,6574,263516,3
-959,6575,263596,4
-33,6576,263710,6
-631,6577,263733,3
-118,6578,263770,4
-462,6579,263782,3
-1201,6580,263840,4
-535,6581,263845,3
-4732,6582,264043,4
161,6583,264074,4
-1058,6584,264172,4
-398,6585,264177,3
230,6586,264198,4
-1283,6587,264220,3
-349,6588,264223,3
-427,6589,264262,4
-221,6590,264355,5
-446,6591,264400,4
-395,6592,264405,3
-976,6593,264545,6
-367,6594,264588,4
-149,6595,264672,5
-644,6596,264694,3
107,6597,264764,5
-477,6598,264767,3
791,6599,264835,6
-718,6600,264865,3
-644,6601,265001,6
-409,6602,265046,4
-395,6603,265051,3
162,6604,265108,5
-434,6605,265121,3
-893,6606,265260,6
-920,6607,265289,3
-351,6608,265353,4
468,6609,265432,6
-947,6610,265586,6
-1799,6611,265673,4
-477,6612,265719,4
-1002,6613,265750,3
-230,6614,265788,4
-843,6615,265813,3
-668,6616,265830,3
-784,6617,265891,4
1238,6618,265987,7
-561,6619,266009,3
-323,6620,266063,4
517,6621,266136,6
-587,6622,266208,4
114,6623,266279,5
573,6624,266326,5
-27,6625,266388,5
-677,6626,266457,4
-273,6627,266497,4
-438,6628,266504,3
-1358,6629,266587,4
-223,6630,266678,5
-349,6631,266681,3
-1440,6632,266790,4
-167,6633,266835,4
-1437,6634,266952,5
-65,6635,266987,4
-449,6636,267034,4
-175,6637,267070,4
-328,6638,267158,5
-178,6639,267197,4
-582,6640,267258,4
-411,6641,267274,3
-1015,6642,267316,4
-352,6643,267319,3
-690,6644,267383,4
-204,6645,267503,6
-173,6646,267519,4
276,6647,267601,6
-1353,6648,267682,4
-1797,6649,267730,3
-867,6650,267763,3
-1030,6651,267866,4
-449,6652,267956,5
108,6653,267996,4
-331,6654,268035,4
-37,6655,268062,4
207,6656,268108,4
392,6657,268182,6
-137,6658,268221,4
-89,6659,268284,5
-1650,6660,268421,5
-1772,6661,268526,4
-239,6662,268647,6
1491,6663,268702,6
-515,6664,268713,3
308,6665,268758,4
-398,6666,268763,3
-1556,6667,268833,3
-67,6668,268872,4
-349,6669,268875,3
-872,6670,268934,4
-349,6671,268937,3
-621,6672,268946,3
-668,6673,268954,3
-177,6674,268995,4
-2971,6675,269170,4
401,6676,269212,4
-1186,6677,269328,5
-477,6678,269331,3
1259,6679,269387,6
-30,6680,269418,4
-1305,6681,269457,3
-135,6682,269494,4
-860,6683,269523,3
-1338,6684,269669,5
534,6685,269728,5
-1323,6686,269853,5
-1007,6687,269955,5
-349,6688,269958,3
-985,6689,270033,4
-456,6690,270040,3
121,6691,270122,5
-219,6692,270182,4
-741,6693,270228,4
-1200,6694,270315,4
-2325,6695,270473,5
-122,6696,270546,5
-55,6697,270616,5
-1626,6698,270753,5
-1324,6699,270883,5
-1717,6700,270994,4
-708,6701,271018,3
-653,6702,271035,3
29,6703,271077,4
-1228,6704,271158,4
-1002,6705,271188,3
-218,6706,271250,4
236,6707,271314,5
-1085,6708,271385,4
368,6709,271431,5
574,6710,271482,5
-401,6711,271487,3
-4148,6712,271721,4
-1214,6713,271810,4
62,6714,271841,4
-3393,6715,272020,4
-711,6716,272039,3
-1000,6717,272144,5
-49,6718,272183,4
-477,6719,272186,3
-4213,6720,272356,3
52,6721,272434,5
-506,6722,272454,3
-481,6723,272463,3
-673,6724,272474,3
23,6725,272505,4
-669,6726,272524,3
-1282,6727,272578,3
-1347,6728,272640,4
-674,6729,272656,3
-1038,6730,272693,3
-1374,6731,272799,4
-1019,6732,272834,3
-2888,6733,273022,4
-310,6734,273077,4
-1782,6735,273128,3
-358,6736,273177,4
-1177,6737,273206,3
-265,6738,273273,5
-848,6739,273350,4
-419,6740,273449,5
-1493,6741,273484,3
-273,6742,273530,4
-718,6743,273577,4
-1617,6744,273687,5
-2454,6745,273895,6
51,6746,273924,4
-699,6747,274063,6
-860,6748,274118,4
-2352,6749,274215,3
367,6750,274278,5
201,6751,274310,4
-980,6752,274418,5
-324,6753,274490,5
-57,6754,274568,5
-2342,6755,274632,3
-3213,6756,274801,4
-3819,6757,275016,4
-1836,6758,275089,3
-154,6759,275126,4
-1270,6760,275196,4
-882,6761,275211,3
-1998,6762,275262,3
-1401,6763,275353,4
-1264,6764,275389,3
-1411,6765,275582,7
-18,6766,275622,4
-1612,6767,275685,3
-294,6768,275748,4
112,6769,275836,6
-485,6770,275929,5
-395,6771,275934,3
273,6772,275996,5
-655,6773,276117,5
-1026,6774,276188,4
-5875,6775,276412,3
-457,6776,276456,4
-320,6777,276500,4
-2193,6778,276624,4
368,6779,276671,5
735,6780,276719,5
-1444,6781,276828,4
444,6782,276931,6
-615,6783,276940,3
-428,6784,276950,3
-2154,6785,277113,6
-1155,6786,277175,4
-250,6787,277229,4
-757,6788,277292,4
-643,6789,277361,4
-401,6790,277366,3
-471,6791,277381,3
-229,6792,277424,4
-1263,6793,277556,5
-2936,6794,277651,3
-1852,6795,277692,3
-2122,6796,277861,5
-1070,6797,277886,3
-618,6798,277895,3
-603,6799,277907,3
-1581,6800,278037,4
288,6801,278078,4
-171,6802,278159,5
-1184,6803,278236,4
-2189,6804,278277,3
-938,6805,278297,3
-2991,6806,278390,3
-786,6807,278446,4
-716,6808,278573,6
-1786,6809,278730,5
-1190,6810,278776,3
207,6811,278816,4
-1146,6812,278907,4
40,6813,278954,4
-1704,6814,279033,4
-2272,6815,279162,4
-1309,6816,279255,4
216,6817,279310,5
-352,6818,279313,3
-3961,6819,279498,4
109,6820,279525,4
-937,6821,279542,3
-1197,6822,279584,3
-1406,6823,279664,4
-4789,6824,279789,3
-2988,6825,279942,5
-683,6826,280001,4
-855,6827,280026,3
-1762,6828,280107,4
-886,6829,280197,4
-219,6830,280250,4
-988,6831,280274,3
-673,6832,280285,3
-1118,6833,280319,3
-2681,6834,280404,3
167,6835,280462,5
-561,6836,280538,4
-517,6837,280582,4
-579,6838,280595,3
-815,6839,280666,4
-1897,6840,280741,3
-515,6841,280752,3
-609,6842,280832,4
-554,6843,280891,4
275,6844,280924,4
-2871,6845,281059,3
-1414,6846,281125,3
-550,6847,281142,3
-758,6848,281219,4
-3466,6849,281455,6
-1313,6850,281524,4
-4053,6851,281729,4
-259,6852,281786,4
-1061,6853,281867,4
476,6854,281944,6
-1772,6855,282015,3
-352,6856,282018,3
-68,6857,282065,4
-1205,6858,282143,4
-969,6859,282174,3
-907,6860,282192,3
-1491,6861,282249,3
-864,6862,282282,3
-517,6863,282331,4
-1512,6864,282373,3
-729,6865,282391,3
-2453,6866,282504,4
-597,6867,282522,3
-486,6868,282534,3
-580,6869,282606,4
-4043,6870,282842,4
-1803,6871,282920,3
-530,6872,282931,3
-2225,6873,283070,4
-3872,6874,283238,4
-1095,6875,283278,4
-877,6876,283296,3
-5108,6877,283579,6
-905,6878,283599,3
-1905,6879,283761,5
-477,6880,283764,3
-136,6881,283849,5
-3237,6882,284022,4
-655,6883,284033,3
-2562,6884,284155,4
-1339,6885,284181,3
-3204,6886,284387,5
-653,6887,284465,4
625,6888,284507,5
208,6889,284576,5
-1640,6890,284698,4
-718,6891,284787,5
-2336,6892,284869,3
-692,6893,284968,5
-571,6894,285077,5
-232,6895,285122,4
-313,6896,285185,4
-784,6897,285206,3
-776,6898,285238,3
-775,6899,285267,3
-1898,6900,285331,3
-4348,6901,285564,4
-924,6902,285600,3
-4597,6903,285800,3
-7945,6904,286074,4
-432,6905,286172,5
-25,6906,286209,4
-1024,6907,286238,3
-1231,6908,286358,4
-932,6909,286457,4
-1850,6910,286518,3
-1885,6911,286551,3
-2120,6912,286615,3
-477,6913,286618,3
-2818,6914,286714,3
-2415,6915,286829,4
-477,6916,286832,3
-248,6917,286877,4
853,6918,286942,6
-1488,6919,287039,4
-802,6920,287068,3
-2821,6921,287151,3
-1047,6922,287172,3
-1534,6923,287213,3
-477,6924,287216,3
-1133,6925,287241,3
-4492,6926,287414,4
-1888,6927,287489,3
-2177,6928,287550,3
-349,6929,287553,3
-367,6930,287598,4
-2819,6931,287701,3
-505,6932,287710,3
-2827,6933,287825,4
-383,6934,287879,4
-1009,6935,287911,3
-775,6936,287947,4
-164,6937,287982,4
-2106,6938,288091,4
-3284,6939,288317,5
-954,6940,288428,5
-1967,6941,288504,3
-2880,6942,288588,3
-2327,6943,288637,3
-1884,6944,288745,4
-1388,6945,288792,3
-428,6946,288802,3
-706,6947,288882,5
369,6948,288941,5
-1736,6949,289106,5
285,6950,289146,4
-583,6951,289161,3
251,6952,289296,7
-443,6953,289318,4
-1499,6954,289394,4
-1073,6955,289419,3
-465,6956,289434,3
-3310,6957,289550,3
-293,6958,289628,5
-1763,6959,289707,3
-1042,6960,289788,4
-893,6961,289817,3
83,6962,289856,4
445,6963,289904,5
-2220,6964,289982,4
-2515,6965,290030,3
-775,6966,290130,5
-408,6967,290189,4
-477,6968,290192,3
-346,6969,290204,3
-1864,6970,290260,3
-586,6971,290275,3
-775,6972,290301,4
-2999,6973,290364,3
142,6974,290408,4
-1344,6975,290451,4
-5468,6976,290730,4
-347,6977,290781,4
-2346,6978,290884,3
-1037,6979,290921,3
-836,6980,290940,3
-253,6981,290975,4
-3571,6982,291202,5
-428,6983,291212,3
-1915,6984,291278,3
-1117,6985,291322,4
404,6986,291408,6
-2031,6987,291519,4
-56,6988,291566,4
127,6989,291615,5
-309,6990,291633,4
-670,6991,291644,3
-428,6992,291654,3
-590,6993,291802,6
-880,6994,291829,3
-703,6995,291840,3
-2525,6996,291919,3
-428,6997,291929,3
-596,6998,291936,3
-1337,6999,291964,3
-865,7000,291982,3
-219,7001,292026,4
-1241,7002,292100,4
-395,7003,292105,3
-527,7004,292116,3
-1380,7005,292220,4
-954,7006,292259,3
-504,7007,292326,4
-557,7008,292345,3
220,7009,292368,4
-952,7010,292453,4
-765,7011,292477,3
-1415,7012,292594,4
-793,7013,292651,4
647,7014,292719,6
-695,7015,292745,3
-2247,7016,292802,3
-782,7017,292816,3
-1094,7018,292844,3
-2088,7019,292935,4
-790,7020,292962,4
-441,7021,292969,3
-3684,7022,293074,3
-2112,7023,293156,3
-1945,7024,293221,3
-363,7025,293357,6
-1093,7026,293386,3
-1655,7027,293459,3
-1420,7028,293596,5
-560,7029,293671,4
-1062,7030,293708,3
-316,7031,293757,4
-3265,7032,293879,3
-642,7033,293892,3
-1297,7034,293946,3
-1761,7035,294070,4
-168,7036,294156,5
-1895,7037,294217,3
-1642,7038,294273,3
-458,7039,294358,5
-3031,7040,294497,4
-1853,7041,294568,3
-1192,7042,294594,3
-1503,7043,294639,3
-1252,7044,294748,5
-703,7045,294854,5
-835,7046,294881,3
-791,7047,294971,5
-3217,7048,295104,4
-698,7049,295126,3
-597,7050,295144,3
-478,7051,295153,3
-2113,7052,295344,6
306,7053,295363,4
-478,7054,295372,3
-1520,7055,295431,3
-794,7056,295502,4
-233,7057,295555,4
410,7058,295583,4
-921,7059,295614,3
-658,7060,295619,3
-2028,7061,295692,3
-2824,7062,295803,3
-329,7063,295887,5
-1676,7064,295930,3
-975,7065,295970,3
-1522,7066,296133,5
-931,7067,296236,5
-1037,7068,296313,4
30,7069,296362,4
70,7070,296388,4
-2970,7071,296543,4
-505,7072,296560,3
-1423,7073,296616,3
128,7074,296680,5
-584,7075,296727,4
-3633,7076,296889,3
-476,7077,296927,4
-428,7078,296937,3
-1416,7079,297059,6
-769,7080,297079,3
-554,7081,297120,4
-516,7082,297190,4
-518,7083,297201,3
-428,7084,297310,6
-94,7085,297387,5
-1600,7086,297561,6
-746,7087,297578,3
-3290,7088,297711,3
135,7089,297779,5
-560,7090,297832,4
-768,7091,297899,4
-1632,7092,298005,4
-870,7093,298021,3
-2034,7094,298094,3
-107,7095,298158,5
-203,7096,298199,4
-1596,7097,298250,3
77,7098,298289,4
-4613,7099,298516,4
-1276,7100,298548,3
2070,7101,298615,7
-899,7102,298657,4
-628,7103,298680,3
-1913,7104,298741,3
-624,7105,298827,5
-1404,7106,298875,3
-1016,7107,298950,4
-535,7108,298955,3
-1540,7109,299066,4
-193,7110,299126,4
-1482,7111,299186,3
-1752,7112,299327,5
-951,7113,299388,4
202,7114,299482,6
-2299,7115,299553,3
-4407,7116,299811,6
-299,7117,299938,6
-99,7118,300016,5
275,7119,300135,6
-2639,7120,300266,4
-900,7121,300278,3
-1691,7122,300321,3
-1891,7123,300375,3
-2101,7124,300486,4
-299,7125,300557,4
-2089,7126,300705,4
-633,7127,300714,3
-1392,7128,300759,3
-875,7129,300787,3
-1383,7130,300832,3
-6703,7131,301108,3
-612,7132,301209,5
-1728,7133,301285,3
-569,7134,301301,3
-1896,7135,301447,5
-1330,7136,301566,5
-927,7137,301597,3
-3223,7138,301730,4
-532,7139,301747,3
-349,7140,301750,3
-428,7141,301760,3
353,7142,301793,4
-428,7143,301803,3
-132,7144,301899,6
-1679,7145,301963,4
-2573,7146,302037,3
-2633,7147,302151,4
-2598,7148,302363,5
-400,7149,302408,4
-379,7150,302474,4
-806,7151,302488,3
-1911,7152,302611,5
-1814,7153,302681,3
-1670,7154,302740,3
-615,7155,302752,3
-759,7156,302807,4
-602,7157,302833,3
-1983,7158,302914,3
-553,7159,302977,4
-1848,7160,303074,4
-899,7161,303103,3
-1373,7162,303192,4
-780,7163,303207,3
-2855,7164,303299,3
-687,7165,303406,5
-1161,7166,303457,3
-486,7167,303530,4
204,7168,303558,4
-943,7169,303641,4
-1568,7170,303780,5
114,7171,303827,4
-477,7172,303842,3
-526,7173,303847,3
-126,7174,303928,5
-505,7175,303942,3
-695,7176,304003,4
-644,7177,304068,4
-2364,7178,304202,4
-988,7179,304291,5
-949,7180,304400,5
-710,7181,304432,3
181,7182,304492,5
-883,7183,304527,3
-1089,7184,304572,3
-428,7185,304582,3
-2378,7186,304649,3
-2793,7187,304724,3
-5194,7188,304922,3
-915,7189,305005,4
-1345,7190,305040,3
-483,7191,305106,4
-2006,7192,305237,4
-1770,7193,305349,4
-1712,7194,305414,3
-477,7195,305417,3
-3080,7196,305547,3
-755,7197,305560,3
-4184,7198,305754,4
259,7199,305845,6
-710,7200,305858,3
-1349,7201,305896,3
-898,7202,306011,5
-2431,7203,306116,3
-477,7204,306119,3
96,7205,306165,4
-701,7206,306190,3
-1557,7207,306268,4
-1333,7208,306327,3
-2077,7209,306395,3
-1977,7210,306528,4
-505,7211,306573,4
-1904,7212,306694,4
-349,7213,306697,3
-1256,7214,306808,4
-584,7215,306871,4
-46,7216,306975,6
-2414,7217,307122,4
-1439,7218,307169,3
-2427,7219,307259,3
-1663,7220,307402,5
-1573,7221,307553,5
-1847,7222,307608,3
-5408,7223,307843,3
-4601,7224,308036,3
-447,7225,308043,3
-477,7226,308046,3
-834,7227,308076,3
-1693,7228,308129,3
-388,7229,308140,3
-1566,7230,308176,3
-4911,7231,308366,4
-388,7232,308377,3
-2397,7233,308496,4
-3555,7234,308696,5
-37,7235,308733,4
-4006,7236,308957,5
383,7237,309024,5
-2584,7238,309183,4
-1609,7239,309231,3
-2651,7240,309307,3
-496,7241,309324,3
-2116,7242,309473,5
533,7243,309529,5
256,7244,309584,5
-1784,7245,309718,4
-1278,7246,309761,3
-2527,7247,309811,3
-1290,7248,309856,3
-1317,7249,309923,4
-804,7250,309948,3
-477,7251,309951,3
-477,7252,309954,3
-609,7253,309966,3
-2662,7254,310132,4
-477,7255,310135,3
-672,7256,310207,4
376,7257,310270,5
-670,7258,310284,3
-2582,7259,310394,3
-462,7260,310482,5
-904,7261,310586,5
-812,7262,310740,6
-222,7263,310836,5
-569,7264,310898,4
-5658,7265,311074,3
-1555,7266,311115,3
-2346,7267,311224,4
-4055,7268,311370,3
-428,7269,311380,3
-1330,7270,311416,3
-395,7271,311421,3
-3255,7272,311538,3
-2391,7273,311625,3
-3021,7274,311800,4
1161,7275,311869,6
-1130,7276,311909,3
-403,7277,311964,4
-2284,7278,312008,3
-744,7279,312023,3
-2151,7280,312155,4
-1741,7281,312211,3
386,7282,312247,4
-810,7283,312355,5
-739,7284,312430,4
-1279,7285,312466,3
-2689,7286,312563,4
-1475,7287,312621,3
-3016,7288,312813,4
168,7289,312890,5
-214,7290,312956,4
-2002,7291,313073,4
201,7292,313101,4
-545,7293,313117,3
226,7294,313162,4
-3147,7295,313343,4
-755,7296,313424,4
-6817,7297,313683,4
2116,7298,313779,8
-1005,7299,313904,5
335,7300,313929,4
-84,7301,314000,5
-1642,7302,314126,4
-886,7303,314273,6
-680,7304,314290,3
-2642,7305,314428,4
-1121,7306,314444,3
-428,7307,314454,3
-745,7308,314511,4
-1490,7309,314592,4
-164,7310,314638,4
-349,7311,314641,3
-1032,7312,314659,3
-766,7313,314685,3
-515,7314,314696,3
-1979,7315,314730,3
-1898,7316,314764,3
-1821,7317,314946,7
-1015,7318,314979,3
-3949,7319,315131,4
-4377,7320,315272,3
-1307,7321,315285,3
-1168,7322,315315,3
-515,7323,315326,3
-570,7324,315339,3
-948,7325,315446,6
-1310,7326,315568,4
-2191,7327,315669,3
-305,7328,315738,4
830,7329,315782,5
-810,7330,315807,3
-662,7331,315824,3
-910,7332,315851,3
-2965,7333,315975,4
-1909,7334,316052,3
-1060,7335,316219,6
-383,7336,316294,5
-705,7337,316304,3
-1369,7338,316333,3
-3492,7339,316459,3
-2720,7340,316642,4
241,7341,316702,5
-982,7342,316777,4
-593,7343,316851,4
125,7344,316878,4
-1844,7345,316996,4
458,7346,317076,6
-1413,7347,317164,4
-564,7348,317231,4
-1318,7349,317336,4
-3321,7350,317450,3
-836,7351,317463,3
-1039,7352,317486,3
-594,7353,317504,3
-2503,7354,317654,4
-1514,7355,317754,4
-816,7356,317815,4
-1089,7357,317937,5
-4692,7358,318102,3
-1478,7359,318139,3
-3403,7360,318265,3
-2191,7361,318370,4
-589,7362,318394,3
-3367,7363,318500,4
-1210,7364,318552,4
47,7365,318582,4
-1783,7366,318705,4
-1324,7367,318749,3
-1053,7368,318780,3
-225,7369,318841,4
-723,7370,318912,4
-2012,7371,319038,4
-2498,7372,319160,5
-1174,7373,319186,3
-477,7374,319189,3
-1772,7375,319226,3
-1381,7376,319279,3
-182,7377,319366,5
-1022,7378,319400,3
-2418,7379,319542,4
-1806,7380,319567,3
-3195,7381,319645,3
-388,7382,319656,3
-1552,7383,319691,3
-1711,7384,319730,3
-2079,7385,319837,4
-367,7386,319894,4
-2721,7387,320060,4
191,7388,320093,4
-1259,7389,320115,3
-1358,7390,320216,4
-674,7391,320232,3
-4277,7392,320344,3
-1393,7393,320370,3
-2424,7394,320531,5
-1092,7395,320625,4
258,7396,320648,4
-1754,7397,320722,3
-3575,7398,320928,5
-621,7399,320940,3
-2259,7400,321078,4
-4159,7401,321278,4
-436,7402,321338,4
-27,7403,321431,6
-1256,7404,321512,4
-1503,7405,321572,3
-1312,7406,321662,4
-203,7407,321746,5
1015,7408,321814,6
-509,7409,321913,5
-353,7410,322003,5
-349,7411,322006,3
-282,7412,322049,4
-1225,7413,322088,3
-750,7414,322103,3
-796,7415,322114,3
-1233,7416,322157,3
-836,7417,322170,3
-717,7418,322188,3
-349,7419,322191,3
-2205,7420,322242,3
-800,7421,322265,3
-1875,7422,322392,4
-1336,7423,322540,5
-1929,7424,322613,3
-2443,7425,322865,7
-880,7426,322897,3
-1065,7427,322934,3
-1073,7428,322965,3
-1167,7429,322998,3
-1153,7430,323024,3
-5508,7431,323242,4
-1119,7432,323269,3
-831,7433,323342,4
-954,7434,323473,5
-952,7435,323594,5
-1193,7436,323635,3
-3982,7437,323857,5
-1131,7438,323937,4
9,7439,323990,4
-537,7440,324043,4
-2095,7441,324108,3
-1122,7442,324135,3
-413,7443,324148,3
-349,7444,324151,3
-1688,7445,324191,3
-3080,7446,324320,4
17,7447,324430,6
620,7448,324480,5
306,7449,324511,4
-741,7450,324576,4
-4158,7451,324721,3
-1442,7452,324743,3
-2169,7453,324820,4
-1751,7454,324857,3
-4742,7455,325047,3
-2199,7456,325182,4
-1570,7457,325302,4
2,7458,325351,4
-698,7459,325447,5
-428,7460,325457,3
-4796,7461,325726,4
-1498,7462,325801,4
-1936,7463,325864,3
-1473,7464,325894,3
650,7465,325962,6
-3620,7466,326187,5
-3682,7467,326480,6
-3566,7468,326622,3
-105,7469,326662,4
-2603,7470,326741,3
-2361,7471,326816,3
-2971,7472,326969,4
-4256,7473,327117,3
-1824,7474,327244,4
-1452,7475,327332,4
-1181,7476,327447,5
-2210,7477,327611,4
-339,7478,327626,4
-515,7479,327637,3
-1326,7480,327685,3
-674,7481,327701,3
-604,7482,327716,3
-486,7483,327748,4
-2289,7484,327814,3
-1925,7485,327893,3
-834,7486,327908,3
109,7487,327958,4
1132,7488,328028,6
492,7489,328056,4
-4,7490,328093,4
-3080,7491,328303,5
-1155,7492,328401,4
-1903,7493,328479,3
-3283,7494,328637,4
-503,7495,328705,4
-2733,7496,328808,3
-3764,7497,329021,4
-1086,7498,329058,3
-1327,7499,329142,4
-1458,7500,329197,3
-833,7501,329283,5
-1609,7502,329309,3
-2313,7503,329372,3
-1131,7504,329458,4
-1017,7505,329620,6
383,7506,329665,4
161,7507,329726,5
-386,7508,329740,3
-3898,7509,329909,4
-621,7510,329974,4
-1444,7511,330088,4
-734,7512,330101,3
-1304,7513,330139,3
-425,7514,330152,3
-2818,7515,330241,3
-3606,7516,330350,3
-1909,7517,330520,5
-3162,7518,330713,4
-1520,7519,330843,5
-99,7520,330972,6
-280,7521,331021,4
-2034,7522,331099,3
-3411,7523,331280,4
1307,7524,331333,6
-428,7525,331343,3
-1628,7526,331383,3
-3537,7527,331539,3
-995,7528,331616,4
-2168,7529,331753,4
-413,7530,331766,3
-2973,7531,331961,5
-704,7532,331974,3
-1236,7533,332022,3
537,7534,332067,5
-1137,7535,332143,4
-496,7536,332231,5
-1625,7537,332286,3
-385,7538,332350,4
-1957,7539,332485,4
-203,7540,332640,7
-737,7541,332665,3
-343,7542,332677,3
-2235,7543,332844,5
-774,7544,332932,5
-732,7545,332956,3
-4147,7546,333118,3
-417,7547,333225,5
-652,7548,333322,5
-1826,7549,333377,3
-1712,7550,333549,6
-395,7551,333554,3
-549,7552,333642,4
-349,7553,333645,3
47,7554,333716,5
-1542,7555,333853,5
-812,7556,333872,3
-4299,7557,334022,3
247,7558,334128,6
229,7559,334191,5
-1108,7560,334284,4
-2951,7561,334354,3
-649,7562,334424,4
-906,7563,334544,5
-395,7564,334549,3
-1685,7565,334681,4
-1131,7566,334705,3
-4523,7567,334838,3
-1261,7568,334877,3
-1534,7569,334922,3
289,7570,334985,5
-722,7571,334992,3
-1209,7572,335031,3
-1209,7573,335067,3
-526,7574,335072,3
-885,7575,335087,3
-1080,7576,335136,4
-1115,7577,335152,3
-3447,7578,335285,3
-467,7579,335376,5
-943,7580,335485,4
-2287,7581,335632,4
-2357,7582,335739,3
-2402,7583,335969,7
-3610,7584,336067,3
-1558,7585,336093,3
-2050,7586,336198,4
-402,7587,336311,5
-6429,7588,336648,5
-492,7589,336663,3
-428,7590,336784,6
-604,7591,336799,3
-1114,7592,336877,4
-349,7593,336880,3
-4564,7594,337047,4
-703,7595,337068,3
-888,7596,337080,3
-358,7597,337146,4
-1154,7598,337232,4
-1147,7599,337327,4
55,7600,337418,6
581,7601,337474,5
1087,7602,337547,6
413,7603,337608,5
-637,7604,337712,6
-2611,7605,337967,7
-2549,7606,338123,5
-505,7607,338171,4
-726,7608,338186,3
-862,7609,338204,3
-2337,7610,338273,3
-1333,7611,338409,5
-346,7612,338529,6
-7288,7613,338742,3
-764,7614,338850,5
139,7615,338934,5
429,7616,339017,6
-4151,7617,339224,5
242,7618,339245,4
-1008,7619,339291,3
-710,7620,339464,6
204,7621,339487,4
-3285,7622,339589,3
-362,7623,339657,4
1049,7624,339720,6
-349,7625,339723,3
-58,7626,339760,4
-433,7627,339889,6
-2041,7628,340040,5
-1093,7629,340069,3
-2033,7630,340128,3
-1401,7631,340150,3
-182,7632,340222,5
-1045,7633,340251,3
-598,7634,340335,4
342,7635,340358,4
-2296,7636,340475,4
-468,7637,340490,3
-1355,7638,340582,4
-1453,7639,340702,4
-799,7640,340814,5
-1698,7641,340916,4
-4095,7642,341082,3
210,7643,341105,4
-6584,7644,341407,4
-1127,7645,341432,3
-755,7646,341494,4
-1505,7647,341553,3
-1129,7648,341835,8
-2832,7649,342001,4
-310,7650,342067,4
-4398,7651,342223,3
-5671,7652,342504,6
-2265,7653,342702,5
-2197,7654,342846,4
451,7655,342903,5
103,7656,343023,7
-2778,7657,343182,6
-1208,7658,343207,3
-1757,7659,343239,3
-938,7660,343250,3
-1325,7661,343272,3
-471,7662,343287,3
-1195,7663,343316,3
168,7664,343359,4
-388,7665,343370,3
-1927,7666,343423,3
-1242,7667,343466,3
-158,7668,343501,4
-1912,7669,343667,5
-3654,7670,343855,5
-943,7671,343891,3
-757,7672,344000,5
-1409,7673,344043,3
-2707,7674,344158,4
-3143,7675,344243,3
-1380,7676,344295,3
54,7677,344379,5
38,7678,344464,5
-2589,7679,344546,3
-3259,7680,344723,4
-641,7681,344804,4
-3850,7682,344959,3
-492,7683,345017,4
282,7684,345063,4
-9,7685,345132,5
-376,7686,345143,3
-908,7687,345156,3
-2081,7688,345232,3
-614,7689,345251,3
-499,7690,345340,5
-1415,7691,345423,4
-4925,7692,345668,4
-1401,7693,345723,3
-388,7694,345734,3
-1945,7695,345889,5
35,7696,345982,6
661,7697,346052,6
-352,7698,346055,3
-202,7699,346208,7
185,7700,346312,6
-1281,7701,346424,4
-146,7702,346517,5
-785,7703,346545,3
-2757,7704,346792,7
-1334,7705,346913,5
971,7706,346954,5
-162,7707,347028,5
-455,7708,347072,4
-2153,7709,347268,6
-1370,7710,347299,3
-1870,7711,347359,3
-1200,7712,347435,4
-428,7713,347445,3
-351,7714,347549,5
114,7715,347578,4
-6075,7716,347874,5
-1002,7717,347905,3
-2019,7718,348042,4
1152,7719,348106,6
-305,7720,348152,4
365,7721,348253,6
-1159,7722,348291,3
-171,7723,348463,7
-1669,7724,348522,3
-1793,7725,348551,3
-1788,7726,348597,3
-861,7727,348652,4
66,7728,348807,7
-3318,7729,348972,4
-873,7730,348996,3
-1013,7731,349095,5
-405,7732,349228,6
-1033,7733,349309,4
-873,7734,349324,3
-438,7735,349331,3
-2331,7736,349418,3
86,7737,349475,4
732,7738,349562,6
-5194,7739,349760,3
-2203,7740,349820,3
-557,7741,349916,5
-777,7742,350002,4
-1754,7743,350066,3
-680,7744,350082,3
-3067,7745,350177,3
-1210,7746,350198,3
-1823,7747,350363,5
-981,7748,350420,4
-1859,7749,350484,3
-1064,7750,350501,3
-2024,7751,350553,3
-796,7752,350770,8
-418,7753,350815,4
-5692,7754,351137,5
-1851,7755,351287,6
-1807,7756,351438,5
-576,7757,351451,3
-836,7758,351473,3
-3997,7759,351708,5
-525,7760,351777,4
-2051,7761,351930,5
-419,7762,351973,4
-4022,7763,352186,5
2,7764,352221,4
89,7765,352282,5
311,7766,352337,5
-1487,7767,352389,3
-176,7768,352470,5
-612,7769,352531,4
188,7770,352644,6
-1305,7771,352678,3
-2208,7772,352753,3
-848,7773,352830,4
-927,7774,352898,4
208,7775,352921,4
-101,7776,352977,4
-1080,7777,353056,4
-1685,7778,353182,5
-3162,7779,353383,5
-2037,7780,353455,3
-686,7781,353597,6
-413,7782,353610,3
-3370,7783,353725,4
-199,7784,353808,5
-594,7785,353826,3
433,7786,353859,4
-361,7787,353943,4
-1121,7788,354066,5
-4523,7789,354266,4
235,7790,354381,6
133,7791,354440,4
262,7792,354475,4
-1839,7793,354609,5
-2161,7794,354686,3
-2531,7795,354802,3
-1539,7796,354854,3
-428,7797,354864,3
-517,7798,354946,5
-415,7799,355035,5
-388,7800,355046,3
-128,7801,355099,4
53,7802,355144,4
-3157,7803,355349,4
425,7804,355398,5
-428,7805,355408,3
-1127,7806,355421,3
-1586,7807,355508,4
-1502,7808,355545,3
-2525,7809,355618,3
-25,7810,355697,5
-1140,7811,355817,5
-729,7812,355872,4
-769,7813,355939,5
-1292,7814,355962,3
-1096,7815,355973,3
-655,7816,356047,4
1549,7817,356096,6
-1138,7818,356220,5
17,7819,356247,4
-2383,7820,356392,4
-1753,7821,356519,4
688,7822,356598,6
-1318,7823,356701,5
-1595,7824,356822,5
-1470,7825,356858,3
-472,7826,356909,4
-408,7827,357017,5
-72,7828,357066,4
-1561,7829,357166,5
-2327,7830,357222,3
-488,7831,357269,4
-3462,7832,357413,3
-349,7833,357416,3
-438,7834,357423,3
-489,7835,357435,3
-1527,7836,357484,3
-388,7837,357495,3
-700,7838,357601,5
-1663,7839,357771,6
-388,7840,357782,3
-2763,7841,357955,5
-2289,7842,358071,4
1028,7843,358152,6
-340,7844,358164,3
-1332,7845,358222,3
270,7846,358279,5
-3643,7847,358444,4
-716,7848,358460,3
-2406,7849,358550,3
-776,7850,358649,5
-1371,7851,358774,5
-2142,7852,358853,3
-426,7853,358973,6
1329,7854,359021,6
312,7855,359069,5
-1945,7856,359144,3
-2379,7857,359234,3
-2684,7858,359393,4
-1096,7859,359502,4
-2919,7860,359738,7
-1783,7861,359806,3
-2094,7862,359976,5
-1844,7863,360133,5
-1724,7864,360212,3
-4236,7865,360439,5
49,7866,360495,4
94,7867,360562,5
-720,7868,360623,4
-2834,7869,360753,4
-1319,7870,360784,3
-898,7871,360837,4
-2597,7872,361008,4
-2491,7873,361071,3
-1020,7874,361089,3
-1333,7875,361245,6
361,7876,361299,5
-259,7877,361344,4
-842,7878,361363,3
-50,7879,361396,4
-2325,7880,361471,3
-515,7881,361482,3
-796,7882,361493,3
-816,7883,361509,3
183,7884,361565,5
-1932,7885,361662,4
403,7886,361683,4
129,7887,361708,4
284,7888,361797,6
-818,7889,361866,4
-2831,7890,362051,5
1004,7891,362091,5
-3364,7892,362201,3
-3353,7893,362325,3
-428,7894,362335,3
40,7895,362453,6
506,7896,362551,6
-3205,7897,362670,3
-1262,7898,362707,3
-828,7899,362770,4
-715,7900,362791,3
-4970,7901,362951,3
-2469,7902,362999,3
-219,7903,363036,4
-1057,7904,363069,3
-723,7905,363096,3
-3877,7906,363273,4
-3351,7907,363452,5
-1576,7908,363573,4
-590,7909,363584,3
-346,7910,363718,6
-278,7911,363854,6
609,7912,363939,6
-3895,7913,364101,3
569,7914,364307,9
-23,7915,364369,4
-3579,7916,364560,4
-565,7917,364627,4
-1449,7918,364688,3
-4804,7919,364837,3
-181,7920,364947,6
-1568,7921,365081,4
390,7922,365181,6
-2530,7923,365258,3
-223,7924,365411,7
-949,7925,365509,5
-2553,7926,365697,5
-1008,7927,365755,4
-2125,7928,365893,4
775,7929,365939,5
-999,7930,366018,4
757,7931,366137,7
669,7932,366193,5
19,7933,366225,4
-1735,7934,366299,3
-1246,7935,366466,6
-839,7936,366488,3
-616,7937,366511,3
-2288,7938,366609,4
-2467,7939,366720,4
-1460,7940,366858,5
-489,7941,366906,4
-1584,7942,366967,3
-763,7943,366987,3
-705,7944,367014,3
-3799,7945,367163,4
-2698,7946,367228,3
-277,7947,367344,6
-1695,7948,367396,3
-2651,7949,367521,4
-757,7950,367542,3
-971,7951,367705,6
200,7952,367748,4
-971,7953,367785,3
-383,7954,367799,3
-4030,7955,367946,4
-186,7956,367983,4
-3084,7957,368170,6
-1019,7958,368225,4
-148,7959,368296,5
1328,7960,368356,6
-2924,7961,368509,5
-1479,7962,368548,3
-2721,7963,368638,3
-1913,7964,368700,3
-3351,7965,368856,3
-3657,7966,368949,3
-362,7967,369092,6
341,7968,369168,5
-4344,7969,369322,4
-721,7970,369493,7
976,7971,369527,5
-99,7972,369564,4
-6103,7973,369716,3
-1293,7974,369749,3
423,7975,369799,5
-8,7976,369828,4
248,7977,369890,5
-771,7978,369991,5
-1234,7979,370011,3
-4992,7980,370283,4
-1059,7981,370320,3
-2375,7982,370409,4
-845,7983,370419,3
-1000,7984,370523,5
-600,7985,370545,3
555,7986,370641,6
-1716,7987,370704,3
121,7988,370727,4
-557,7989,370813,4
-558,7990,370826,3
-160,7991,370883,4
1138,7992,370944,6
1,7993,371001,4
854,7994,371078,6
-722,7995,371183,5
-349,7996,371186,3
-1911,7997,371301,4
-2225,7998,371448,5
-1091,7999,371578,5
-388,8000,371589,3
-2624,8001,371638,3
-4168,8002,371760,3
64,8003,371838,5
-1458,8004,371960,5
-3375,8005,372166,5
736,8006,372242,6
99,8007,372273,4
-146,8008,372407,7
-978,8009,372429,3
-1124,8010,372544,5
1192,8011,372605,6
-769,8012,372638,4
164,8013,372705,5
-2304,8014,372832,4
-5579,8015,373019,4
-1660,8016,373130,4
-4147,8017,373285,3
-5286,8018,373508,4
-1576,8019,373558,3
-1873,8020,373667,4
-2588,8021,373741,3
338,8022,373778,4
-1231,8023,373831,3
-3228,8024,373921,3
311,8025,373982,5
-4941,8026,374307,6
-969,8027,374432,5
166,8028,374499,5
745,8029,374593,6
-2200,8030,374710,4
-1415,8031,374867,6
-3894,8032,375020,3
-2017,8033,375136,4
-1422,8034,375149,3
-599,8035,375220,4
182,8036,375290,5
-266,8037,375398,5
-524,8038,375418,3
-1987,8039,375480,4
-940,8040,375614,5
-3420,8041,375818,4
-1153,8042,375930,5
-2870,8043,376016,3
-937,8044,376042,3
40,8045,376109,5
-1289,8046,376282,7
444,8047,376299,4
556,8048,376350,5
-646,8049,376396,4
-2323,8050,376633,7
-3320,8051,376812,4
-2102,8052,376946,4
12,8053,376977,4
-4446,8054,377138,4
-1641,8055,377169,3
-4310,8056,377412,4
1045,8057,377485,6
-3466,8058,377674,4
-1203,8059,377707,3
-1248,8060,377740,3
-969,8061,377764,3
-4066,8062,377952,5
-756,8063,378072,6
-2468,8064,378275,6
-7003,8065,378529,3
-4617,8066,378722,3
-107,8067,378843,6
-477,8068,378846,3
-876,8069,378867,3
214,8070,378931,5
-458,8071,378954,4
-349,8072,378957,3
-2400,8073,379020,3
-2830,8074,379115,3
-297,8075,379198,5
-6,8076,379233,4
482,8077,379295,5
-1643,8078,379350,3
-3607,8079,379455,3
596,8080,379538,6
8,8081,379571,4
-2495,8082,379715,4
-3281,8083,379909,4
-99,8084,379989,5
-1053,8085,380007,3
-3256,8086,380099,3
-3414,8087,380321,5
-3273,8088,380518,4
-818,8089,380593,4
-623,8090,380664,4
-5685,8091,380844,4
-149,8092,380928,5
1150,8093,380981,6
109,8094,381004,4
-600,8095,381167,7
-575,8096,381174,3
-1528,8097,381267,4
267,8098,381290,4
-76,8099,381344,4
-1653,8100,381452,4
68,8101,381498,5
1043,8102,381563,6
1111,8103,381642,6
264,8104,381674,4
-295,8105,381717,4
-422,8106,381730,3
-791,8107,381955,8
-4008,8108,382209,5
-1502,8109,382289,4
-1992,8110,382362,3
242,8111,382424,5
46,8112,382517,5
694,8113,382554,5
-3594,8114,382698,4
-2662,8115,382901,5
252,8116,382924,4
-177,8117,382957,4
-2011,8118,383092,5
858,8119,383170,6
-527,8120,383229,4
-3894,8121,383331,3
-2748,8122,383516,5
-179,8123,383575,4
-2850,8124,383679,4
-1859,8125,383784,4
831,8126,383850,6
115,8127,383873,4
-96,8128,383928,4
-1006,8129,384275,10
-1179,8130,384330,4
-3647,8131,384527,4
-1181,8132,384647,5
-2498,8133,384818,5
-1728,8134,384939,4
-294,8135,384965,4
-4722,8136,385224,6
1212,8137,385278,6
-3390,8138,385546,7
-817,8139,385557,3
-6040,8140,385855,5
-804,8141,385934,4
-806,8142,385953,3
-9477,8143,386360,4
-245,8144,386401,4
-1491,8145,386547,5
-911,8146,386576,3
-1296,8147,386646,4
-2310,8148,386722,3
-1617,8149,386813,4
-4538,8150,387068,4
-1163,8151,387192,5
-367,8152,387301,5
-2111,8153,387391,4
-2766,8154,387558,4
-787,8155,387627,4
-1747,8156,387684,3
-1284,8157,387732,3
-136,8158,387937,8
-1335,8159,387986,3
-2208,8160,388067,3
-3277,8161,388195,3
-3635,8162,388410,4
-1990,8163,388444,3
-1080,8164,388597,6
933,8165,388664,6
-1039,8166,388687,3
-2280,8167,388753,3
-254,8168,388834,5
-402,8169,388893,4
-2409,8170,389036,4
-1581,8171,389096,3
-720,8172,389215,5
-2804,8173,389416,5
-1043,8174,389533,5
-1019,8175,389628,5
-428,8176,389638,3
-3930,8177,389899,6
320,8178,389966,5
-3313,8179,390215,6
82,8180,390297,6
-2021,8181,390469,6
256,8182,390641,8
-5667,8183,390873,4
-7906,8184,391196,3
-2023,8185,391353,4
754,8186,391439,6
214,8187,391565,7
-1207,8188,391600,3
-349,8189,391603,3
-1799,8190,391658,3
-1118,8191,391689,3
69,8192,391735,4
-1337,8193,391854,4
-1885,8194,391978,5
128,8195,392005,4
-12,8196,392073,5
-3568,8197,392204,3
-1332,8198,392237,3
-1194,8199,392369,5
-1502,8200,392498,5
-2507,8201,392623,4
-204,8202,392679,4
99,8203,392763,5
-3179,8204,392974,6
-428,8205,393093,6
1105,8206,393151,6
-3482,8207,393260,3
-6279,8208,393507,3
-1043,8209,393668,6
801,8210,393731,6
149,8211,393790,5
-2684,8212,393848,3
-8487,8213,394324,7
-1453,8214,394356,3
-8004,8215,394723,5
-1718,8216,394863,4
-492,8217,394912,4
-71,8218,395055,6
-2180,8219,395204,4
-3902,8220,395500,7
-1124,8221,395590,4
-926,8222,395719,5
-2571,8223,395899,5
-1228,8224,395944,3
-2070,8225,396007,3
-503,8226,396099,5
-2795,8227,396328,7
785,8228,396403,6
-990,8229,396504,5
-1632,8230,396547,3
-1835,8231,396798,7
-911,8232,396835,4
-3130,8233,397029,5
-520,8234,397123,5
-1817,8235,397163,3
-2193,8236,397343,5
-848,8237,397436,4
-7078,8238,397815,4
-281,8239,397880,4
-2344,8240,397991,4
-4986,8241,398257,6
-61,8242,398346,6
-626,8243,398396,4
-2154,8244,398575,6
595,8245,398617,5
197,8246,398638,4
-1339,8247,398752,5
-857,8248,398839,4
946,8249,398904,6
-3804,8250,399131,5
739,8251,399216,6
-3478,8252,399345,4
-88,8253,399388,4
-875,8254,399465,4
-861,8255,399498,4
-3032,8256,399604,4
79,8257,399645,4
843,8258,399773,7
358,8259,399802,4
-1329,8260,399841,3
-2173,8261,400019,5
-666,8262,400124,5
-495,8263,400148,4
-7819,8264,400469,5
-1779,8265,400619,5
-2516,8266,400724,4
-561,8267,400765,4
155,8268,400838,5
394,8269,400975,7
-1385,8270,401094,4
-1979,8271,401183,4
-3568,8272,401324,3
-995,8273,401423,5
-1355,8274,401533,4
778,8275,401579,5
-1496,8276,401623,3
-2203,8277,401797,5
-808,8278,401907,5
-669,8279,401926,3
-2903,8280,402128,5
-80,8281,402175,4
-4508,8282,402384,5
528,8283,402535,7
-2105,8284,402680,5
-1757,8285,402717,3
-3351,8286,402874,5
-1828,8287,402906,3
-484,8288,402915,3
-1166,8289,403050,5
-1677,8290,403119,3
-385,8291,403130,3
-680,8292,403146,3
-3154,8293,403340,5
-10296,8294,403803,4
552,8295,403856,5
-3958,8296,404024,4
-98,8297,404059,4
-82,8298,404188,6
-160,8299,404224,4
-576,8300,404312,4
-1858,8301,404559,7
-5090,8302,404774,4
547,8303,404832,5
-2328,8304,404993,4
-2592,8305,405147,5
-2823,8306,405327,5
-1384,8307,405368,3
-1465,8308,405415,3
-105,8309,405473,5
-725,8310,405560,5
-1393,8311,405681,4
-1837,8312,405741,3
-2403,8313,405905,5
1023,8314,405989,6
254,8315,406046,5
-2620,8316,406186,5
-3979,8317,406282,3
-2543,8318,406365,3
-804,8319,406485,5
292,8320,406536,5
-509,8321,406599,4
-1016,8322,406720,5
-803,8323,406917,7
-1314,8324,407041,4
-1563,8325,407074,3
-1146,8326,407107,3
-4689,8327,407380,6
-2645,8328,407588,6
-586,8329,407603,3
-770,8330,407626,3
-965,8331,407703,4
-6,8332,407826,6
-4240,8333,408042,5
16,8334,408123,5
-1031,8335,408236,4
368,8336,408255,4
-1042,8337,408287,3
-3233,8338,408394,3
603,8339,408487,6
-1526,8340,408603,4
58,8341,408713,6
-862,8342,408798,4
-1517,8343,408939,5
-3774,8344,409057,3
-1144,8345,409203,6
-524,8346,409214,3
-844,8347,409241,3
-733,8348,409262,3
242,8349,409301,4
-4507,8350,409566,4
-8462,8351,410150,8
-3711,8352,410264,3
-2905,8353,410414,4
65,8354,410475,5
-2630,8355,410677,5
-3028,8356,410882,4
-4576,8357,411104,5
-911,8358,411124,3
-917,8359,411153,3
-2066,8360,411257,4
-4274,8361,411576,6
-1876,8362,411626,3
-730,8363,411749,6
-1341,8364,411788,3
-1095,8365,411825,3
-3084,8366,412012,4
-4355,8367,412226,4
-1521,8368,412281,3
-1512,8369,412320,3
-395,8370,412325,3
-7466,8371,412739,7
-477,8372,412751,3
164,8373,412808,4
-1199,8374,412929,5
-1842,8375,413134,6
-1007,8376,413239,4
-1182,8377,413366,6
-1621,8378,413469,4
-754,8379,413603,6
-9864,8380,414002,3
-4464,8381,414289,6
-2993,8382,414540,6
-1138,8383,414664,5
1031,8384,414775,7
-3472,8385,415078,7
-569,8386,415196,5
-4196,8387,415424,5
1419,8388,415475,6
310,8389,415505,4
-1892,8390,415570,3
-1134,8391,415643,4
-2795,8392,415872,6
-8822,8393,416365,6
-3512,8394,416626,5
-2455,8395,416792,5
-2075,8396,416975,5
-873,8397,417085,5
-499,8398,417099,3
-1013,8399,417170,4
414,8400,417254,6
-1090,8401,417362,4
-2722,8402,417442,3
-2609,8403,417558,4
-1014,8404,417585,3
26,8405,417659,5
-1118,8406,417780,5
-3437,8407,417907,3
-153,8408,417982,5
-647,8409,418047,4
-1037,8410,418182,5
-2093,8411,418376,6
103,8412,418435,5
-428,8413,418445,3
-1288,8414,418495,3
-2338,8415,418657,5
239,8416,418731,5
-840,8417,418823,4
-3186,8418,418988,6
-1754,8419,419175,6
-2389,8420,419341,4
-1776,8421,419482,5
9,8422,419565,5
-4176,8423,419718,3
97,8424,419785,5
-548,8425,419867,5
167,8426,419995,6
1303,8427,420067,7
273,8428,420124,5
-438,8429,420131,3
-193,8430,420228,5
-2383,8431,420332,3
-5080,8432,420465,4
-11,8433,420506,4
-65,8434,420587,5
-148,8435,420617,4
-21,8436,420657,4
-5136,8437,420969,5
-3788,8438,421109,3
-166,8439,421266,7
-566,8440,421359,5
-928,8441,421465,5
-717,8442,421538,5
-1016,8443,421707,6
-1535,8444,421835,4
-575,8445,421937,5
-2996,8446,422103,5
-1665,8447,422173,3
-1207,8448,422338,6
341,8449,422397,5
-990,8450,422418,3
-888,8451,422430,3
-2555,8452,422639,6
1361,8453,422692,6
-1887,8454,422770,3
-438,8455,422813,4
-1447,8456,422842,3
-428,8457,422852,3
-349,8458,422855,3
-76,8459,422948,6
-4808,8460,423253,6
-1259,8461,423285,3
-993,8462,423420,6
-963,8463,423576,6
74,8464,423695,6
-171,8465,423816,6
-495,8466,423840,4
-3700,8467,423957,3
1195,8468,424046,7
-554,8469,424191,6
-1436,8470,424249,3
-647,8471,424266,3
-3414,8472,424453,4
-1444,8473,424504,3
-139,8474,424517,4
-412,8475,424701,8
-12959,8476,425317,4
-1236,8477,425406,5
-1114,8478,425448,4
-2206,8479,425641,5
794,8480,425725,6
-3717,8481,425891,4
-531,8482,425968,4
-3734,8483,426275,6
-3313,8484,426418,3
249,8485,426492,5
-4777,8486,426713,5
-2345,8487,427003,8
-2717,8488,427074,3
-1020,8489,427181,5
224,8490,427202,4
261,8491,427221,4
107,8492,427248,4
-1581,8493,427388,5
-853,8494,427504,5
366,8495,427575,5
-13,8496,427602,4
-1515,8497,427716,6
-1305,8498,427818,6
517,8499,427866,5
830,8500,427912,5
-2818,8501,428035,3
-1542,8502,428090,3
-2604,8503,428270,5
-1948,8504,428494,6
-926,8505,428580,4
-121,8506,428679,6
-308,8507,428785,5
-4487,8508,428986,4
-1915,8509,429150,5
-3820,8510,429349,4
1269,8511,429479,7
-2066,8512,429625,4
-543,8513,429769,6
-1921,8514,429804,3
-929,8515,429829,3
-6694,8516,430131,3
-1282,8517,430166,3
-1853,8518,430274,4
-7793,8519,430698,5
-2701,8520,430855,4
-4110,8521,431044,3
-6072,8522,431368,5
-1488,8523,431465,4
-2137,8524,431501,3
-3909,8525,431624,3
-6955,8526,431892,3
-4343,8527,432107,4
-258,8528,432209,5
-2177,8529,432436,6
-2124,8530,432526,3
-1694,8531,432665,5
652,8532,432750,6
-2234,8533,432942,5
-833,8534,432979,4
-2818,8535,433160,5
-5276,8536,433433,4
-2309,8537,433528,3
-5,8538,433567,4
836,8539,433642,6
-1644,8540,433736,4
-2714,8541,433812,3
-4513,8542,434144,6
121,8543,434373,10
-1820,8544,434444,3
-1154,8545,434525,4
-771,8546,434644,5
-2360,8547,434821,5
-51,8548,434930,6
-15,8549,435035,6
-3868,8550,435180,4
-892,8551,435203,3
-9136,8552,435571,3
-485,8553,435667,5
-2656,8554,435826,4
-2383,8555,435897,3
-7588,8556,436372,7
-50,8557,436460,5
-619,8558,436554,5
-388,8559,436565,3
-477,8560,436568,3
-2357,8561,436665,3
-75,8562,436702,4
932,8563,436773,6
-3382,8564,436935,4
-2150,8565,436981,3
-3148,8566,437199,5
-680,8567,437285,4
-1896,8568,437394,4
-4638,8569,437656,4
-2424,8570,437755,3
-57,8571,437814,4
-470,8572,437908,5
-6196,8573,438307,7
34,8574,438354,4
-2624,8575,438518,4
-1008,8576,438533,3
-2306,8577,438670,4
-3564,8578,438840,4
-2028,8579,438973,4
1348,8580,439034,6
606,8581,439102,5
-803,8582,439124,3
-785,8583,439146,3
-814,8584,439303,7
382,8585,439367,5
-171,8586,439410,4
-3435,8587,439559,4
-2623,8588,439704,4
-5113,8589,439965,6
592,8590,440016,5
-1363,8591,440073,3
-3957,8592,440206,4
-2968,8593,440417,5
-3169,8594,440666,7
-1331,8595,440709,3
-1976,8596,440771,3
-2945,8597,440857,3
-3884,8598,441056,5
-810,8599,441175,5
151,8600,441296,6
-3354,8601,441505,5
307,8602,441574,5
-1947,8603,441717,4
-26851,8604,443040,8
-3711,8605,443273,5
-3570,8606,443413,4
-2213,8607,443603,5
-6112,8608,444002,6
-4374,8609,444229,5
516,8610,444279,5
560,8611,444463,8
-710,8612,444476,3
-428,8613,444486,3
-2413,8614,444569,3
-4538,8615,444806,4
-7204,8616,445138,6
-796,8617,445205,4
-6068,8618,445425,3
-1413,8619,445594,6
-330,8620,445701,5
-4086,8621,445912,4
165,8622,445974,5
-4046,8623,446139,4
-754,8624,446174,4
-7437,8625,446575,6
-4373,8626,446744,3
-2551,8627,446932,5
380,8628,446994,5
-1667,8629,447144,5
-4211,8630,447384,5
-1649,8631,447511,5
-349,8632,447514,3
-2689,8633,447636,3
-1509,8634,447875,8
-928,8635,447996,5
-916,8636,448083,4
-4130,8637,448246,3
-4527,8638,448445,3
-3022,8639,448681,5
-2391,8640,448799,5
-1585,8641,448852,3
-236,8642,448946,5
-766,8643,449074,5
-7292,8644,449291,3
-376,8645,449302,3
-6163,8646,449639,5
-3399,8647,449768,3
-6520,8648,450067,4
751,8649,450156,6
-4143,8650,450373,6
88,8651,450402,4
404,8652,450506,6
40,8653,450556,4
-1156,8654,450600,3
-388,8655,450611,3
1589,8656,450658,6
-5282,8657,450853,3
-2131,8658,450954,4
-945,8659,451067,5
-371,8660,451173,5
-1639,8661,451290,4
-7290,8662,451591,4
-847,8663,451618,3
-399,8664,451732,5
-9628,8665,452157,5
-12707,8666,452732,5
-6687,8667,452972,3
-254,8668,453013,4
329,8669,453049,4
-1836,8670,453134,3
-3490,8671,453236,3
-4096,8672,453455,4
-2023,8673,453569,4
-2301,8674,453725,5
-20,8675,453797,5
711,8676,454000,9
-5000,8677,454298,6
-6081,8678,454549,4
-1536,8679,454577,3
-2693,8680,454671,3
-2987,8681,454804,3
-82,8682,454871,5
-2293,8683,454964,3
-3250,8684,455030,3
-7070,8685,455405,5
-8474,8686,455844,6
-3576,8687,456072,6
-2364,8688,456193,4
-2983,8689,456270,3
1785,8690,456472,10
-5241,8691,456631,4
-4913,8692,456830,3
-3400,8693,457087,6
-4129,8694,457286,5
-388,8695,457297,3
-2681,8696,457444,4
-3750,8697,457685,6
-12153,8698,458337,8
-1193,8699,458492,6
-568,8700,458589,5
-4875,8701,458824,5
-506,8702,458905,4
-4421,8703,459164,6
-4768,8704,459416,4
-1901,8705,459550,4
-2652,8706,459714,5
-9879,8707,460117,4
-504,8708,460240,6
-3379,8709,460469,5
-2883,8710,460708,6
-7313,8711,461039,3
-358,8712,461112,5
-1156,8713,461197,5
-9079,8714,461596,4
763,8715,461733,7
-187,8716,461797,5
-5131,8717,462107,6
-11248,8718,462558,5
-647,8719,462663,5
36,8720,462700,4
723,8721,462747,5
-1503,8722,462798,3
-888,8723,462810,3
-428,8724,462820,3
-1499,8725,462989,6
1406,8726,463042,6
-381,8727,463125,5
-3028,8728,463226,3
-8017,8729,463627,6
-1771,8730,463811,5
-3398,8731,463975,4
-370,8732,464037,4
-667,8733,464198,6
-14248,8734,465064,10
-3085,8735,465138,3
-4203,8736,465501,8
-6888,8737,465837,5
-1866,8738,466014,5
-2811,8739,466242,7
583,8740,466293,5
-3540,8741,466443,3
-5986,8742,466759,5
-329,8743,466775,4
-5805,8744,467108,6
-2780,8745,467334,6
-6659,8746,467721,5
366,8747,467787,5
-12655,8748,468414,6
-2665,8749,468477,3
-3256,8750,468657,4
-6701,8751,468938,5
-5391,8752,469185,4
-6121,8753,469554,7
-3229,8754,469745,5
-8380,8755,470101,3
-1545,8756,470290,7
-3542,8757,470515,5
944,8758,470561,5
-4429,8759,470830,6
-2885,8760,470960,3
-3475,8761,471158,5
-8731,8762,471612,5
552,8763,471672,5
-6909,8764,471983,4
-3372,8765,472188,4
-3585,8766,472368,5
-4986,8767,472643,5
-2443,8768,472787,4
-4158,8769,472995,5
-3530,8770,473174,3
-8826,8771,473547,4
-5146,8772,473860,5
-2115,8773,473935,3
-5754,8774,474216,5
-3545,8775,474429,5
-5822,8776,474644,4
-8553,8777,475049,5
-2984,8778,475251,5
-10487,8779,475781,4
-9411,8780,476196,5
-7512,8781,476647,6
-3958,8782,476794,3
-6243,8783,477274,8
-3264,8784,477425,3
-2703,8785,477617,5
-1797,8786,477771,6
-5583,8787,478021,3
-3180,8788,478221,5
-3181,8789,478444,5
-10215,8790,478871,4
1426,8791,478929,6
-2688,8792,479086,6
-1402,8793,479299,6
-2366,8794,479388,3
-2214,8795,479580,5
-3355,8796,479767,4
-2057,8797,479932,5
-10829,8798,480426,5
-9865,8799,480898,5
-6605,8800,481274,5
-8334,8801,481584,5
-7612,8802,481979,6
-2734,8803,482147,5
-7706,8804,482521,4
-2641,8805,482703,5
-9724,8806,483213,5
-10209,8807,483707,4
-15028,8808,484458,6
-6917,8809,484851,6
-22306,8810,485855,5
-5218,8811,486186,5
-185,8812,486255,5
-14248,8813,486965,5
-4804,8814,487255,5
-4217,8815,487514,6
-7384,8816,487896,5
-11517,8817,488529,7
-4525,8818,488756,6
318,8819,488861,6
-12181,8820,489492,6
-32611,8821,490892,5
-14335,8822,491539,6
-4694,8823,491783,5
-17751,8824,492702,9
-5500,8825,493150,8
-13639,8826,493847,7
-4823,8827,494107,5
-364,8828,494158,4
-20610,8829,495120,5
-24962,8830,496131,4
-8193,8831,496522,6
-952,8832,496613,4
-3829,8833,496852,6
252,8834,496871,4
252,8835,496890,4
-4704,8836,497110,5
-6122,8837,497475,7
-17952,8838,498328,6
-1006,8839,498452,5
-17334,8840,499221,6
-3985,8841,499379,3
-12305,8842,499987,5
-144720,8843,504364,5
-186549,8844,510030,6
-243977,8845,519371,3
-27765,8846,520398,4
-30789,8847,521675,10
-5533,8848,521884,3
-892,8849,521907,3
-132502,8850,526432,6
-47940,8851,528184,6
-5857,8852,528467,4
-9237,8853,528896,6
-16447,8854,529685,6
-21151,8855,530378,3
-37154,8856,531659,3
-185816,8857,539918,6
-79347,8858,543152,6
-97968,8859,546727,5
-35337,8860,548290,6
-11809,8861,548734,6
-13517,8862,549191,3
-15083,8863,549842,6
-11002,8864,550277,4
-16744,8865,551054,6
-40617,8866,552651,6
-35835,8867,554188,10
-78890,8868,557595,6
-37129,8869,559197,8
-4138,8870,559596,10
-16315,8871,560321,6
-48449,8872,562248,6
-55760,8873,564169,5
-35286,8874,565895,13
-7970,8875,566216,4
-26818,8876,567360,6
-12989,8877,567942,6
-13248,8878,568647,9
-7341,8879,569041,6
-4336,8880,569416,9
-41,8881,569497,5
-7576,8882,569806,5
-1115,8883,569837,3
-16176,8884,570458,3
-1285,8885,570499,3
1158,8886,570703,10
-13050,8887,571346,6
-5270,8888,571683,6
-8677,8889,572081,6
-6524,8890,572439,6
-17002,8891,573212,7
-12950,8892,573931,10
-4045,8893,574050,3
-19293,8894,575023,6
-19486,8895,575897,6
-892,8896,575920,3
-892,8897,575943,3
-892,8898,575966,3
-892,8899,575989,3
-21652,8900,576994,5
-8655,8901,577309,3
-1757,8902,577352,3
-15286,8903,578023,5
-52466,8904,580050,5
-33672,8905,581453,7
-5573,8906,581633,3
-9059,8907,582051,5
-22638,8908,583012,5
81,8909,583090,5
-40971,8910,584629,5
-35508,8911,585990,6
-11569,8912,586555,6
-13735,8913,587100,5
-22899,8914,588141,6
-3812,8915,588364,5
-5729,8916,588860,10
-13020,8917,589394,5
-22570,8918,590454,9
-8422,8919,590799,5
-6740,8920,591107,5
-42721,8921,592916,7
1331,8922,592960,6
-86054,8923,596255,12
-33093,8924,597669,6
-4254,8925,597909,6
1352,8926,597959,6
1260,8927,598016,6
-5714,8928,598225,4
-5400,8929,598554,6
-7514,8930,598891,5
-20544,8931,599828,6
1088,8932,599890,6
49,8933,599953,5
-991,8934,600108,6
573,8935,600207,6
1561,8936,600250,6
-2815,8937,600721,12
-16111,8938,601710,6
-3866,8939,601948,5
853,8940,602027,6
1469,8941,602074,6
-1617,8942,602362,10
-22642,8943,603558,6
1243,8944,603611,6
96,8945,603636,4
592,8946,603688,5
-65542,8947,607047,5
-8694,8948,607519,5
-36728,8949,609493,9
-11043,8950,610064,6
-71432,8951,613653,10
496,8952,613711,5
-9550,8953,614235,6
-11032,8954,614813,5
-16776,8955,615719,5
-42686,8956,617892,6
-43180,8957,620045,6
1552,8958,620088,6
-31843,8959,621699,5
-17579,8960,622531,5
-6221,8961,622867,6
-6039,8962,623172,5
-20357,8963,624214,5
-5139,8964,624574,6
1038,8965,624634,6
-8040,8966,625142,9
1555,8967,625185,6
-7174,8968,625516,6
-3564,8969,625688,5
-6974,8970,626204,8
-7733,8971,626726,7
-12217,8972,627319,6
-22551,8973,628508,6
-8736,8974,628999,5
-12249,8975,629592,4
-7246,8976,630034,5
-22579,8977,631077,6
957,8978,631113,5
-3145,8979,631305,5
-28330,8980,632726,6
-7900,8981,633095,5
-24328,8982,634423,6
787,8983,634469,5
-12158,8984,635035,5
-2711,8985,635202,5
-14269,8986,635954,5
-7872,8987,636379,5
-61448,8988,639503,9
-9325,8989,639981,6
716,8990,640062,6
-6706,8991,640456,5
-34893,8992,642217,10
-11773,8993,642757,5
1108,8994,642818,6
-22536,8995,643983,6
-6857,8996,644305,5
-23840,8997,645462,6
-9746,8998,645977,6
-5520,8999,646276,5
97,9000,646309,4
97,9001,646342,4
1475,9002,646389,6
-2103,9003,646548,6
-4826,9004,646855,6
-10304,9005,647372,6
628,9006,647463,6
914,9007,647501,5
-4637,9008,647715,5
-11574,9009,648263,5
-3956,9010,648537,6
-139103,9011,655127,11
-25465,9012,656410,6
-21046,9013,657443,5
-1363,9014,657640,6
-13817,9015,658490,10
-13864,9016,659281,9
-4106,9017,659548,6
843,9018,659590,5
-4341,9019,659805,4
1319,9020,659858,6
-4424,9021,660105,6
-16695,9022,660879,5
105,9023,660972,6
-14050,9024,661635,5
-6998,9025,662023,5
-4675,9026,662313,5
-21811,9027,663329,5
-8720,9028,663818,6
-14385,9029,664524,5
-3750,9030,664752,5
-12826,9031,665362,5
-3868,9032,665679,6
-15676,9033,666382,5
-9858,9034,666906,5
-29783,9035,668327,8
-6735,9036,668689,5
-9188,9037,669130,5
-5644,9038,669480,5
-5085,9039,669726,5
-7053,9040,670088,5
-10401,9041,670552,5
-90440,9042,674770,9
-15680,9043,675587,9
1183,9044,675640,6
-3316,9045,675843,5
-21987,9046,676759,5
-4362,9047,677071,5
-26387,9048,678284,5
-43152,9049,679879,6
-949,9050,680141,10
-4016,9051,680353,5
-6270,9052,680675,5
-23810,9053,681792,6
-16152,9054,682514,5
-15777,9055,683160,5
-17672,9056,683852,5
-3899,9057,684090,5
-11439,9058,684621,5
-18365,9059,685405,5
-2735,9060,685620,6
-4735,9061,685837,5
-3444,9062,686130,7
-4345,9063,686339,5
-4501,9064,686624,6
627,9065,686672,5
-5074,9066,686857,3
-4506,9067,687142,6
-3562,9068,687393,6
-4852,9069,687635,5
-6065,9070,687954,5
-2986,9071,688254,7
-8488,9072,688585,4
-15415,9073,689238,5
-17169,9074,690002,5
-8657,9075,690379,3
-3121,9076,690610,6
-14949,9077,691319,5
-30251,9078,692678,5
-5095,9079,692992,5
-3861,9080,693244,5
-23772,9081,694242,5
-270726,9082,704241,4
-347099,9083,714240,3
-315191,9084,723429,4
-25474,9085,724228,4
-39701,9086,725371,3
-85370,9087,727940,4
-97331,9088,730733,3
-8799,9089,731012,4
-46519,9090,732421,4
-101100,9091,735334,3
-5329,9092,735513,4
-18190,9093,736076,3
-44301,9094,737441,4
-56275,9095,739166,5
-51243,9096,740771,4
-6602,9097,741008,4
-14442,9098,741605,7
-34968,9099,742734,5
-66248,9100,744819,3
-35846,9101,745948,4
-9651,9102,746251,3
-39514,9103,747530,4
-1638,9104,747609,4
-43568,9105,748930,5
-80133,9106,751566,7
-44199,9107,752967,4
-41712,9108,754348,4
-10113,9109,754699,3
-52814,9110,756350,4
-14934,9111,756791,3
-20378,9112,757458,4
-157,9113,757501,4
-31132,9114,758476,4
-9976,9115,758831,4
-9027,9116,759168,5
-11170,9117,759509,3
-64726,9118,761729,6
-34916,9119,762842,4
-31854,9120,763935,5
-6083,9121,764226,5
-1865,9122,764299,3
-5116,9123,764474,4
-162576,9124,769901,4
-3363,9125,770060,3
-45649,9126,771595,4
-13324,9127,772153,6
-27122,9128,773130,4
-93927,9129,776105,4
-2096,9130,776246,5
-20990,9131,777013,4
-18563,9132,777648,4
-23203,9133,778447,4
-20343,9134,779258,6
-6282,9135,779511,4
-5727,9136,779722,4
-46446,9137,781291,3
-53297,9138,783196,6
-10776,9139,783565,3
-15134,9140,784156,5
-12494,9141,784669,6
-12755,9142,785164,5
-46196,9143,786823,5
-33154,9144,787986,5
-15538,9145,788639,5
-3471,9146,788806,4
-7137,9147,789087,4
-22091,9148,790034,5
-10629,9149,790539,4
-4970,9150,790838,6
-207162,9151,800837,8
-32431,9152,802389,5
-31121,9153,803983,5
-22480,9154,805048,4
-14717,9155,805716,5
-71319,9156,808848,5
-27391,9157,810177,6
-3968,9158,810439,5
-7127,9159,810857,5
-38683,9160,812699,5
-14466,9161,813425,5
-13343,9162,814081,6
-20109,9163,814991,5
-10521,9164,815572,6
-26171,9165,816731,6
-19965,9166,817679,5
-5629,9167,818003,5
-29787,9168,819332,5
-21500,9169,820291,5
-8673,9170,820746,5
-31385,9171,822213,5
-1726,9172,822468,8
-3208,9173,822676,5
-3712,9174,822967,6
850,9175,823007,5
-1968,9176,823112,4
-10254,9177,823632,5
-2372,9178,823845,6
-10485,9179,824349,5
-3348,9180,824599,6
-18237,9181,825498,5
-47471,9182,827656,6
-9922,9183,828162,5
-9728,9184,828636,5
-13410,9185,829280,5
-14235,9186,830223,12
-18262,9187,830995,5
-59127,9188,833609,5
-27148,9189,834896,6
-4899,9190,835148,5
-7688,9191,835544,5
-10230,9192,836034,5
-4199,9193,836304,5
-8487,9194,836754,5
-3866,9195,837025,6
-6900,9196,837401,5
-13856,9197,838053,5
-11173,9198,838602,4
-9938,9199,839122,5
-20082,9200,840016,5
-8341,9201,840393,5
-5695,9202,840700,5
-12416,9203,841292,5
-17734,9204,842142,5
-27424,9205,843467,6
-16599,9206,844366,10
-11626,9207,845013,6
-10298,9208,845521,5
-38854,9209,847493,9
-17850,9210,848347,5
-9523,9211,848847,5
-19001,9212,849754,6
-1237,9213,849876,5
-7738,9214,850319,6
-19484,9215,851281,5
-24053,9216,852445,5
-8078,9217,852829,5
-7422,9218,853188,5
-26548,9219,854416,5
-22823,9220,855393,5
-53764,9221,857798,5
-12894,9222,858377,5
-43271,9223,860426,7
-25892,9224,861781,10
-2776,9225,861976,6
1475,9226,862023,6
-12836,9227,862862,12
-4116,9228,863090,5
-10598,9229,863686,7
-14797,9230,864386,5
-4491,9231,864620,5
-34109,9232,866178,5
-3522,9233,866390,5
-16516,9234,867102,5
-9505,9235,867598,5
-24586,9236,868625,5
-9429,9237,869135,5
-9447,9238,869618,6
-20443,9239,870473,5
-21044,9240,871423,5
-28285,9241,872716,6
-35081,9242,874387,6
-9155,9243,874820,5
-16990,9244,875666,5
-8413,9245,876135,6
-12649,9246,876750,6
-15998,9247,877457,6
-19961,9248,878421,5
-18156,9249,879203,5
-12364,9250,879822,5
-7801,9251,880201,5
-14089,9252,880911,5
-13131,9253,881487,5
-26527,9254,882576,5
-39373,9255,884628,11
-28339,9256,886095,12
-2891,9257,886297,5
-12796,9258,886931,5
-2728,9259,887112,5
-6108,9260,887549,9
-13058,9261,888340,9
-7057,9262,888729,5
-8612,9263,889363,11
-3697,9264,889593,5
-82528,9265,892894,5
-185717,9266,900525,6
-13020,9267,901012,4
-29747,9268,902348,9
-62189,9269,904655,4
-2510,9270,904731,3
-1794,9271,904773,3
-2085,9272,904952,5
-13023,9273,905485,6
-2057,9274,905620,5
-5467,9275,905885,5
-21503,9276,906666,4
-4557,9277,906931,6
-2264,9278,907058,5
-4507,9279,907284,6
-12085,9280,907721,3
-11978,9281,908246,5
-3976,9282,908365,3
-18394,9283,909064,4
-10583,9284,909449,4
-25817,9285,910470,4
-12889,9286,911001,5
-1987,9287,911118,4
-6227,9288,911471,6
-15109,9289,912016,4
-15759,9290,912657,4
243,9291,912676,4
243,9292,912695,4
-25572,9293,913646,4
-7192,9294,914042,7
-10702,9295,914527,6
-14080,9296,915248,10
-2135,9297,915441,6
-11039,9298,915875,5
-9998,9299,916254,5
-20078,9300,917037,5
-1655,9301,917092,3
-1173,9302,917125,3
-5242,9303,917340,3
-1243,9304,917375,3
-7350,9305,917792,6
-1922,9306,917997,7
-21068,9307,918768,4
-2079,9308,918917,5
-7941,9309,919342,5
-4542,9310,919559,4
-5499,9311,919865,6
-23320,9312,920756,6
-2324,9313,920919,5
-9159,9314,921374,6
-7153,9315,921659,4
-4695,9316,922036,9
-10615,9317,922516,6
-3763,9318,922711,5
-10145,9319,923156,5
-6473,9320,923439,5
-10036,9321,923906,6
-11680,9322,924371,3
-5433,9323,924628,5
-16496,9324,925255,4
-8435,9325,925658,6
-6331,9326,925999,6
-4153,9327,926216,4
-5237,9328,926455,4
-32545,9329,927838,9
-1752,9330,928016,7
-33,9331,928059,4
-3739,9332,928214,3
-1243,9333,928249,3
-4745,9334,928540,6
-20866,9335,929363,4
-874,9336,929460,5
-6797,9337,929909,9
238,9338,929932,4
378,9339,929955,4
378,9340,929978,4
-12991,9341,930521,4
-12904,9342,931026,4
-1316,9343,931063,3
-8493,9344,931480,6
-13383,9345,932109,7
-8008,9346,932564,6
-16642,9347,933435,10
-3042,9348,933642,6
-5357,9349,933881,4
-13479,9350,934341,3
-5527,9351,934499,3
-1812,9352,934541,3
-1243,9353,934576,3
-357,9354,934671,5
-6740,9355,934898,3
-6424,9356,935147,3
-6583,9357,935442,5
-6062,9358,935715,5
-16482,9359,936338,5
-4774,9360,936613,6
-41108,9361,938778,15
-1665,9362,938875,4
217,9363,938975,6
-2614,9364,939082,3
-1042,9365,939111,3
-1042,9366,939140,3
-3752,9367,939469,9
-15972,9368,940054,3
-20563,9369,940835,4
-10561,9370,941292,5
-15495,9371,941939,6
-16477,9372,942855,12
-1508,9373,942889,3
-14091,9374,943564,6
-6928,9375,943894,6
-22082,9376,944895,9
-4061,9377,945114,5
-11777,9378,945627,5
-12520,9379,946204,6
-32560,9380,947510,7
-9811,9381,947963,5
-29764,9382,949598,15
-8324,9383,949899,3
-1173,9384,949932,3
-3150,9385,950162,7
-10201,9386,950557,3
-25555,9387,951949,15
-29429,9388,953175,8
-15530,9389,953812,3
-981,9390,953839,3
-6016,9391,954152,6
-10809,9392,954715,5
-9959,9393,955212,7
-11603,9394,955657,5
-19574,9395,956548,9
-15180,9396,957055,3
-5954,9397,957360,6
-18449,9398,958302,11
-32475,9399,959777,9
-9374,9400,960236,5
-21840,9401,961121,4
-7042,9402,961432,3
-1173,9403,961465,3
-9617,9404,961976,6
-3014,9405,962082,3
-1733,9406,962122,3
-1657,9407,962160,3
-8665,9408,962539,5
-33698,9409,963816,6
-13166,9410,964311,4
-15017,9411,965071,6
-305,9412,965177,6
-9569,9413,965608,4
-776,9414,965685,4
-2299,9415,965900,7
911,9416,966011,7
-48035,9417,968431,17
-12817,9418,969009,6
-27715,9419,970594,17
-11841,9420,971176,6
-25373,9421,972247,6
-7026,9422,972682,8
-1392,9423,972721,3
-41901,9424,974682,12
-18105,9425,975498,6
-2067,9426,975637,4
-12480,9427,976134,4
-15864,9428,977050,11
-7906,9429,977367,3
-1173,9430,977400,3
-13050,9431,977955,3
-981,9432,977982,3
-4663,9433,978246,6
-11723,9434,978981,11
-34300,9435,980660,12
-19928,9436,981757,10
-5736,9437,982062,5
-5359,9438,982253,3
-3158,9439,982380,3
-5504,9440,982683,4
-19,9441,982728,4
-2578,9442,983093,10
-4116,9443,983424,7
-9777,9444,984059,11
-5428,9445,984348,5
-5835,9446,984733,7
-5240,9447,985030,6
-3643,9448,985173,3
-1243,9449,985208,3
-2699,9450,985305,3
-1173,9451,985338,3
-1106,9452,985409,4
-26871,9453,986713,10
-1316,9454,986750,3
-3725,9455,986907,3
-1106,9456,986938,3
-3220,9457,987099,4
-10045,9458,987544,4
-8230,9459,987917,5
-9064,9460,989015,21
111,9461,989052,4
-14968,9462,989801,9
-235,9463,989846,4
171,9464,989871,4
-6208,9465,990156,4
-13220,9466,990743,4
-11228,9467,991201,6
-26365,9468,992508,9
-14422,9469,993095,4
-2863,9470,993187,3
-5111,9471,993509,6
-41998,9472,995674,15
-15627,9473,996373,6
-7361,9474,996840,8
-9646,9475,997275,6
-4095,9476,997452,3
-2625,9477,997787,9
-7160,9478,998079,3
-1728,9479,998256,6
-1284,9480,998392,6
-12926,9481,998933,3
-1042,9482,998962,3
-19647,9483,999965,10
-7913,9484,1000408,4
280,9485,1000437,4
-41961,9486,1002114,5
-42454,9487,1003936,5
-21835,9488,1004939,6
-39294,9489,1006745,5
-24791,9490,1007863,5
-10372,9491,1008392,5
-16559,9492,1009166,5
-16378,9493,1009991,6
-5469,9494,1010327,5
-3462,9495,1010521,5
-12685,9496,1011095,5
-23063,9497,1012191,5
-28922,9498,1013463,5
-40654,9499,1015263,5
-38022,9500,1016919,5
-51204,9501,1019221,5
-20691,9502,1020130,6
-23426,9503,1021146,5
-3862,9504,1021289,3
-26085,9505,1022413,5
-24230,9506,1023494,5
-4612,9507,1023764,5
-51733,9508,1026178,9
-15761,9509,1026887,5
-13531,9510,1027530,4
-24831,9511,1028655,4
-4100,9512,1028859,5
-39267,9513,1030621,5
-24044,9514,1031641,5
-23908,9515,1032708,5
-28639,9516,1034007,5
-44833,9517,1036176,12
-4806,9518,1036438,5
-8225,9519,1036813,4
-46504,9520,1038837,5
-17591,9521,1039645,5
-17613,9522,1040401,5
-15281,9523,1041098,4
-23621,9524,1042134,5
-12509,9525,1042760,5
-12837,9526,1043348,5
-29893,9527,1044618,5
-41682,9528,1046425,6
-8622,9529,1046746,3
-11385,9530,1047309,5
-14573,9531,1047944,5
-29105,9532,1049259,6
-12133,9533,1049794,5
-11070,9534,1050378,6
-26758,9535,1051589,5
-11077,9536,1052120,4
-24000,9537,1053217,6
-9977,9538,1053719,5
-44504,9539,1055637,5
-22852,9540,1056723,5
-3652,9541,1056953,5
-11625,9542,1057495,5
-15702,9543,1058197,5
-16984,9544,1058953,5
-20467,9545,1059933,5
-18496,9546,1060760,5
-7406,9547,1061156,5
-16923,9548,1061895,6
-7356,9549,1062276,6
-16497,9550,1063066,5
-22792,9551,1064007,5
-3540,9552,1064223,5
-2432,9553,1064397,5
-4441,9554,1064694,6
-5632,9555,1065037,6
-7824,9556,1065410,5
-36277,9557,1066976,5
-6461,9558,1067336,6
-10975,9559,1067866,5
-18778,9560,1068791,6
-12486,9561,1069388,5
-7935,9562,1069780,5
-16278,9563,1070539,5
-7571,9564,1070992,6
-14131,9565,1071585,3
-12811,9566,1072218,5
-12625,9567,1072780,5
-50441,9568,1074902,5
-7099,9569,1075275,5
-66940,9570,1078290,10
-22594,9571,1079382,5
-32891,9572,1080858,5
-23805,9573,1082000,5
-7663,9574,1082313,3
-12575,9575,1082969,5
-68899,9576,1086114,10
-3819,9577,1086300,5
-15861,9578,1087057,4
-9157,9579,1087491,5
-23584,9580,1088531,5
-28735,9581,1089866,6
-3714,9582,1090121,6
-15962,9583,1090909,5
-21687,9584,1091933,5
-7398,9585,1092315,5
-11964,9586,1092874,6
-198595,9587,1100911,9
-25767,9588,1102055,9
-7278,9589,1102403,6
-13682,9590,1103024,6
-10910,9591,1103625,8
-9974,9592,1104121,6
-37093,9593,1105886,15
-5606,9594,1106113,4
-1438,9595,1106145,3
-1438,9596,1106177,3
-2286,9597,1106270,3
-892,9598,1106293,3
-20326,9599,1107142,7
-12272,9600,1107593,3
-7760,9601,1107935,6
-7034,9602,1108273,6
-1263,9603,1108398,5
-442,9604,1108449,4
-3173,9605,1108655,6
-2044,9606,1108819,6
-8949,9607,1109134,3
-9613,9608,1109575,5
-17114,9609,1110516,11
-1207,9610,1110714,7
-14034,9611,1111315,5
-8640,9612,1111866,10
-3430,9613,1111961,3
-19093,9614,1112802,6
-1841,9615,1112869,3
-892,9616,1112892,3
-7699,9617,1113273,6
-10043,9618,1113601,3
-10742,9619,1114010,3
-21119,9620,1115091,12
-4982,9621,1115306,4
-14002,9622,1115855,4
-2738,9623,1116078,6
-3051,9624,1116319,6
-16868,9625,1117016,5
-13021,9626,1117683,8
-8223,9627,1117974,3
-1106,9628,1118005,3
-5549,9629,1118310,6
-7741,9630,1118659,5
-26405,9631,1119840,8
-12345,9632,1120643,12
-13815,9633,1121436,10
-3678,9634,1121667,6
-5031,9635,1121896,4
-6096,9636,1122337,9
-3018,9637,1122565,6
-4315,9638,1122720,3
-3677,9639,1122946,6
-7482,9640,1123339,6
-9397,9641,1123788,6
-12889,9642,1124450,9
-11389,9643,1124809,3
-4130,9644,1125050,6
-3579,9645,1125270,6
-7697,9646,1125768,9
-3973,9647,1125899,3
-8834,9648,1126348,7
-1721,9649,1126609,8
-1205,9650,1126751,6
-9803,9651,1127341,7
-2969,9652,1127478,4
-10944,9653,1127939,4
-7769,9654,1128352,6
-16871,9655,1129421,16
-3614,9656,1129661,6
1293,9657,1129716,6
-18791,9658,1130623,10
-12978,9659,1131166,6
-22013,9660,1132133,7
-21295,9661,1133302,13
-21111,9662,1134225,8
-24179,9663,1135120,5
-7824,9664,1135504,6
-9334,9665,1136039,9
-11923,9666,1136650,8
-9604,9667,1137045,3
-892,9668,1137068,3
-892,9669,1137091,3
-14281,9670,1137732,6
-2376,9671,1137887,5
831,9672,1137928,5
-17890,9673,1138614,3
-11207,9674,1139327,12
-1411,9675,1139465,6
-13870,9676,1140428,13
-21949,9677,1141465,12
-4593,9678,1141660,3
-15665,9679,1142351,5
-3467,9680,1142554,4
-20395,9681,1143778,15
-10149,9682,1144307,6
-9712,9683,1144716,4
-1607,9684,1144771,3
-5922,9685,1144975,3
-17467,9686,1145764,6
-892,9687,1145787,3
-12641,9688,1146640,15
-3033,9689,1146730,3
-1584,9690,1146766,3
-1584,9691,1146802,3
-10421,9692,1147277,6
-24789,9693,1148610,12
-5627,9694,1148959,6
-5721,9695,1149297,6
-11156,9696,1149697,3
-12186,9697,1150182,5
-6977,9698,1150493,4
-24603,9699,1151610,10
-18832,9700,1152387,5
-14608,9701,1153186,10
-6040,9702,1153392,3
-1482,9703,1153477,4
-9753,9704,1153882,3
-892,9705,1153905,3
-24113,9706,1155114,13
-2658,9707,1155277,4
-31040,9708,1157114,19
-7941,9709,1157529,4
-1553,9710,1157572,3
-2782,9711,1157899,9
-28532,9712,1159509,17
-14045,9713,1160130,6
-20963,9714,1161266,15
-14032,9715,1162054,10
-14177,9716,1162709,6
-6146,9717,1163278,13
-7360,9718,1163851,10
-11593,9719,1164388,4
-34235,9720,1165948,9
-1575,9721,1165984,3
-1575,9722,1166020,3
-7066,9723,1166369,5
-25747,9724,1167761,14
-9034,9725,1168248,8
-3035,9726,1168462,6
-15843,9727,1169287,8
-21979,9728,1170360,9
-15849,9729,1171023,5
-9920,9730,1171528,6
-4457,9731,1171743,4
-12653,9732,1172338,7
-11240,9733,1173022,10
848,9734,1173093,6
559,9735,1173184,6
-11473,9736,1173827,8
-17955,9737,1174556,3
-5465,9738,1174897,7
-543,9739,1175010,6
-3248,9740,1175177,4
-2692,9741,1175502,9
-2500,9742,1175603,3
-2736,9743,1175702,3
-6363,9744,1176015,5
-3013,9745,1176128,3
-25779,9746,1177416,13
625,9747,1177486,6
-1681,9748,1177555,3
-892,9749,1177578,3
-892,9750,1177601,3
-8976,9751,1178000,5
-14597,9752,1178669,5
-9064,9753,1179105,6
-5234,9754,1179265,3
-12153,9755,1180016,10
-19497,9756,1181103,12
-60425,9757,1183940,15
-2278,9758,1184139,7
-7640,9759,1184492,5
-2127,9760,1184657,6
-2118,9761,1184729,3
-1447,9762,1184761,3
-5161,9763,1184938,3
-12410,9764,1185425,5
-8567,9765,1185964,9
-34634,9766,1187671,15
-1567,9767,1187724,3
-6821,9768,1188251,10
-13535,9769,1189147,14
-11792,9770,1189686,6
-3166,9771,1189899,6
-2517,9772,1190244,10
-4694,9773,1190389,3
-7188,9774,1190620,3
-17495,9775,1191294,3
-24346,9776,1192229,3
-892,9777,1192252,3
-9454,9778,1192677,6
-12752,9779,1193281,6
-30724,9780,1195002,15
-12764,9781,1195666,10
-6275,9782,1195941,4
-4987,9783,1196220,6
-11243,9784,1196761,6
-4024,9785,1197160,10
-14178,9786,1197958,10
-9736,9787,1198391,5
-16078,9788,1199133,6
-10753,9789,1199652,6
-5609,9790,1199851,3
-892,9791,1199874,3
-3702,9792,1200009,3
-11250,9793,1200534,3
-77416,9794,1203721,5
-4160,9795,1203989,5
-40161,9796,1205776,6
-49836,9797,1207818,5
-27688,9798,1208984,5
-50898,9799,1211156,5
-31735,9800,1212501,6
-14779,9801,1213124,5
-42707,9802,1215003,6
-27191,9803,1216230,6
-32027,9804,1217622,5
-57192,9805,1219802,5
-10930,9806,1220306,5
-14447,9807,1221009,6
-70371,9808,1224021,5
-12760,9809,1224653,5
-51335,9810,1227025,8
-4771,9811,1227274,5
-11094,9812,1227850,5
-49407,9813,1229902,5
-31196,9814,1231239,5
-5948,9815,1231648,7
-13488,9816,1232242,5
-22019,9817,1233301,6
-4093,9818,1233511,5
-77161,9819,1237064,14
-14455,9820,1237663,5
-58301,9821,1240091,5
-20461,9822,1240979,5
-18379,9823,1241888,6
-38292,9824,1243598,5
-32803,9825,1245076,5
-3667,9826,1245392,8
-6831,9827,1245785,6
-20164,9828,1246598,5
-3252,9829,1246804,5
-19778,9830,1247616,5
-44086,9831,1249603,5
-13220,9832,1250180,5
-20457,9833,1251089,5
-20072,9834,1252047,5
-12362,9835,1252647,6
-18145,9836,1253428,7
-30290,9837,1254730,5
-23009,9838,1255694,5
-5359,9839,1256020,5
-57909,9840,1258678,12
-21562,9841,1259587,5
-4076,9842,1259720,3
-3448,9843,1259926,5
-21536,9844,1260946,5
-28364,9845,1262095,5
-8396,9846,1262511,5
-44627,9847,1264472,7
-13403,9848,1265095,4
-10382,9849,1265642,6
-6665,9850,1265999,6
-29355,9851,1267330,5
-8705,9852,1267800,7
-11702,9853,1268314,5
-20383,9854,1269199,5
-12840,9855,1269772,5
-11228,9856,1270318,5
-15208,9857,1271069,6
-45083,9858,1272972,6
-2790,9859,1273187,6
-7276,9860,1273570,6
-3677,9861,1273760,5
-31148,9862,1275166,8
-18807,9863,1276054,5
-2673,9864,1276227,5
-42894,9865,1278209,10
-20920,9866,1279139,5
-2610,9867,1279337,5
-24348,9868,1280551,8
-42479,9869,1282248,5
-7919,9870,1282585,3
-20045,9871,1283516,5
-6658,9872,1283908,6
-11630,9873,1284483,6
-35734,9874,1286166,9
-11320,9875,1286734,5
-10709,9876,1287217,5
-8320,9877,1287633,5
-10367,9878,1288088,5
-21336,9879,1289030,6
-7929,9880,1289419,5
-7901,9881,1289831,5
-31620,9882,1291298,6
-7983,9883,1291724,5
-3500,9884,1291938,5
-5934,9885,1292248,5
-24779,9886,1293323,3
-892,9887,1293346,3
-892,9888,1293369,3
-59308,9889,1295754,3
-5231,9890,1295959,3
-892,9891,1295982,3
-110374,9892,1300291,6
-8676,9893,1300658,4
-4444,9894,1300911,5
-7541,9895,1301206,4
-13,9896,1301307,6
-11245,9897,1301888,9
-6009,9898,1302095,3
-2522,9899,1302232,4
-3931,9900,1302421,4
-11525,9901,1302942,6
-8693,9902,1303359,6
-2483,9903,1303423,3
-6734,9904,1303696,4
-17839,9905,1304571,10
-2782,9906,1304740,5
-5293,9907,1304983,4
-14623,9908,1305864,13
-1350,9909,1306003,6
-8847,9910,1306432,6
-11877,9911,1307031,8
-882,9912,1307151,6
-2120,9913,1307329,6
-2088,9914,1307512,6
-1205,9915,1307654,6
-8553,9916,1308107,6
-2268,9917,1308179,3
-1352,9918,1308207,3
-13428,9919,1308932,10
-7744,9920,1309253,4
-31117,9921,1310744,12
-18188,9922,1311682,10
-4104,9923,1311823,3
-1392,9924,1311862,3
-35298,9925,1313283,10
-34136,9926,1314506,3
-1612,9927,1314553,3
-14000,9928,1315097,5
-9342,9929,1315532,5
-11584,9930,1315925,3
-3555,9931,1316127,5
-34047,9932,1317463,8
-13068,9933,1317976,3
-981,9934,1318003,3
-18762,9935,1318956,12
-23782,9936,1319875,5
-8135,9937,1320323,6
-16369,9938,1321236,12
-751,9939,1321353,6
-19950,9940,1322302,9
-2164,9941,1322464,6
-2273,9942,1322534,3
-7800,9943,1322911,6
-11462,9944,1323475,8
-11401,9945,1324147,10
-1450,9946,1324179,3
-1352,9947,1324207,3
-7084,9948,1324573,6
-8891,9949,1325027,6
-10238,9950,1325385,3
-1447,9951,1325417,3
-4702,9952,1325638,5
-26933,9953,1326897,10
-9556,9954,1327385,6
-11240,9955,1327830,5
-21311,9956,1328571,3
-2835,9957,1328658,3
625,9958,1328728,6
-5269,9959,1329057,6
-5104,9960,1329345,6
-13506,9961,1329866,4
-1042,9962,1329895,3
-1042,9963,1329924,3
-9744,9964,1330497,10
-18240,9965,1331420,10
-8840,9966,1331819,5
-10431,9967,1332218,3
-1502,9968,1332252,3
-1502,9969,1332286,3
-12325,9970,1332797,4
-918,9971,1332921,6
-15455,9972,1333592,6
-1880,9973,1333765,6
-3811,9974,1334010,6
-8065,9975,1334473,8
-8964,9976,1334856,5
-5698,9977,1335087,4
-7528,9978,1335566,9
-6097,9979,1335787,3
-1005,9980,1336052,10
-36223,9981,1337833,13
-12771,9982,1338510,8
-1759,9983,1338619,4
-1121,9984,1338758,6
-8041,9985,1339165,6
-882,9986,1339334,7
-3100,9987,1339521,5
-6853,9988,1339936,7
-10475,9989,1340699,13
-16221,9990,1341874,17
-6189,9991,1342221,6
-1873,9992,1342338,4
-3753,9993,1342605,6
-3140,9994,1342786,5
-25774,9995,1344033,10
-6849,9996,1344405,7
-16630,9997,1345186,6
-16326,9998,1345991,9
-6012,9999,1346390,8
-4458,10000,1346649,6
-12992,10001,1347586,16
-14368,10002,1348313,10
-18417,10003,1349408,14
-14329,10004,1350131,10
-9452,10005,1350597,6
-37449,10006,1352310,11
402,10007,1352409,6
-25385,10008,1353737,13
-2045,10009,1353868,4
-5586,10010,1354075,3
-1011,10011,1354102,3
-892,10012,1354125,3
-6024,10013,1354592,9
-10773,10014,1355240,9
-955,10015,1355349,5
-17000,10016,1356216,9
-1205,10017,1356358,6
-32675,10018,1357999,13
-45535,10019,1360222,15
-3668,10020,1360617,10
-16421,10021,1361232,5
-7661,10022,1361483,3
-1982,10023,1361824,10
-5424,10024,1362148,6
-4532,10025,1362396,6
-26300,10026,1363613,10
-2874,10027,1363821,6
-5618,10028,1364227,8
-5512,10029,1364546,6
-16702,10030,1365214,6
-5607,10031,1365385,3
-17236,10032,1366098,5
-12969,10033,1366533,3
-5036,10034,1366812,5
-55623,10035,1369533,16
-5335,10036,1369794,5
-886,10037,1369985,8
-11598,10038,1370429,3
-3894,10039,1370576,3
-892,10040,1370599,3
-892,10041,1370622,3
-10065,10042,1371079,6
-4206,10043,1371214,3
-6981,10044,1371525,4
-20675,10045,1372246,3
-1173,10046,1372279,3
-7329,10047,1372636,6
-1850,10048,1372703,3
-1234,10049,1372738,3
-13177,10050,1373265,6
-6020,10051,1373576,5
-12841,10052,1374273,10
-4395,10053,1374529,6
-8033,10054,1375075,9
-624,10055,1375204,6
-3575,10056,1375334,3
-35698,10057,1376881,10
-18492,10058,1377744,7
-14718,10059,1378628,15
-979,10060,1378731,5
-1284,10061,1378842,5
-7550,10062,1379181,4
-15048,10063,1379954,9
-8125,10064,1380681,15
-15253,10065,1381360,6
-3745,10066,1381605,6
-10336,10067,1382116,6
-3844,10068,1382281,4
-45075,10069,1384313,10
-2186,10070,1384438,4
-4165,10071,1384649,5
-19,10072,1384694,4
-1042,10073,1384723,3
-1042,10074,1384752,3
-12941,10075,1385493,9
-6968,10076,1385968,10
831,10077,1386009,5
-1561,10078,1386195,7
-15465,10079,1386795,3
-22418,10080,1387734,6
-2480,10081,1387913,6
-29191,10082,1389232,10
-26101,10083,1390409,10
-3913,10084,1390540,3
940,10085,1390635,7
-30250,10086,1392080,12
-15973,10087,1392981,9
-6131,10088,1393220,4
426,10089,1393267,5
-7668,10090,1393580,4
17,10091,1393653,5
-9122,10092,1394146,6
-10573,10093,1394793,10
831,10094,1394834,5
-6976,10095,1395155,4
-1475,10096,1395316,6
-5416,10097,1395559,4
-981,10098,1395586,3
-5694,10099,1395754,3
-35444,10100,1397551,14
-1447,10101,1397583,3
-7393,10102,1398102,10
-11237,10103,1398621,5
-61158,10104,1401119,5
-9916,10105,1401563,5
-20856,10106,1402500,5
-11268,10107,1403016,5
-54029,10108,1405475,6
-48818,10109,1407528,6
-88271,10110,1411041,6
-49878,10111,1413070,5
-114785,10112,1417503,7
-11702,10113,1418065,5
-11896,10114,1418643,5
-2775,10115,1418862,6
-25892,10116,1419986,5
-4375,10117,1420264,5
-13302,10118,1420945,6
-23172,10119,1421985,5
-31301,10120,1423254,6
-42879,10121,1425159,6
-15782,10122,1425879,5
-26322,10123,1427033,5
-8112,10124,1427458,5
-24541,10125,1428547,6
-7797,10126,1428955,5
-34853,10127,1430355,5
-21774,10128,1431257,5
-8376,10129,1431626,5
-14731,10130,1432276,5
-7343,10131,1432646,6
-15407,10132,1433421,9
-4441,10133,1433693,5
-4244,10134,1433919,5
-37237,10135,1435345,5
-13811,10136,1435982,4
-12631,10137,1436553,5
-21547,10138,1437596,6
-31857,10139,1438921,5
-116445,10140,1443982,16
-7849,10141,1444374,5
-26190,10142,1445516,5
-38119,10143,1447062,5
-12324,10144,1447699,6
-6654,10145,1448011,5
-9862,10146,1448522,5
-6831,10147,1448903,6
-2955,10148,1449118,6
-12709,10149,1449669,5
-17977,10150,1450483,5
-8836,10151,1450884,5
-11751,10152,1451463,5
-13019,10153,1452076,6
-24461,10154,1453187,6
-11446,10155,1453711,5
-20243,10156,1454661,6
-22578,10157,1455639,5
-18092,10158,1456401,5
-6947,10159,1456796,6
-21294,10160,1457676,5
-12827,10161,1458280,5
-20592,10162,1459222,5
-6897,10163,1459606,5
-12259,10164,1460317,9
-14114,10165,1460916,5
-27512,10166,1462053,6
-6871,10167,1462432,6
-25144,10168,1463580,6
-14386,10169,1464278,5
-2310,10170,1464446,5
-25836,10171,1465419,5
-3043,10172,1465623,5
-7371,10173,1466024,6
-15169,10174,1466704,5
-2435,10175,1466893,6
-9038,10176,1467450,8
-14539,10177,1468041,5
-45089,10178,1470180,10
-10788,10179,1470744,5
-19675,10180,1471645,6
-19687,10181,1472522,5
-15862,10182,1473221,5
-21746,10183,1474192,6
-9720,10184,1474708,5
-14731,10185,1475357,6
-30251,10186,1476530,5
-27666,10187,1477667,6
-3833,10188,1477926,6
-17925,10189,1478659,5
-16575,10190,1479393,5
-3546,10191,1479591,5
-4327,10192,1479731,3
-17159,10193,1480456,5
-15487,10194,1481154,6
-26616,10195,1482297,6
-3559,10196,1482511,5
-5460,10197,1482827,5
-8113,10198,1483220,5
-10966,10199,1483743,6
-24775,10200,1484885,5
-29534,10201,1486178,8
-11596,10202,1486752,5
-7089,10203,1487111,5
-4590,10204,1487438,6
-12731,10205,1487948,5
-1334,10206,1488043,4
-7002,10207,1488392,5
-6842,10208,1488783,6
-6360,10209,1489166,6
-6890,10210,1489490,5
-16633,10211,1490192,6
-3592,10212,1490388,5
-21579,10213,1491300,6
-6871,10214,1491653,5
-11959,10215,1492243,5
-3441,10216,1492453,5
-69194,10217,1495327,8
-8926,10218,1495778,6
-43648,10219,1497477,6
-892,10220,1497500,3
-892,10221,1497523,3
-2051,10222,1497590,3
-1352,10223,1497618,3
-1352,10224,1497646,3
-1285,10225,1497687,3
-1285,10226,1497728,3
-892,10227,1497751,3
-892,10228,1497774,3
-2275,10229,1497903,4
-9563,10230,1498304,4
-56866,10231,1500497,6
-12150,10232,1501032,5
-2011,10233,1501205,6
-10675,10234,1501646,4
-5464,10235,1501871,4
-2976,10236,1501949,3
-15007,10237,1502542,6
-1988,10238,1502723,6
-7854,10239,1503116,6
-3674,10240,1503305,5
-8295,10241,1503866,9
-33323,10242,1505491,12
-9914,10243,1506121,9
-41078,10244,1508126,15
-12138,10245,1508663,6
-6355,10246,1509188,10
-18018,10247,1509935,6
-41133,10248,1511776,10
-9640,10249,1512137,4
-5823,10250,1512332,3
-9674,10251,1512807,6
-16097,10252,1513551,8
-5983,10253,1513996,9
-892,10254,1514019,3
-892,10255,1514042,3
2546,10256,1514195,10
-12751,10257,1514911,10
-2940,10258,1515107,6
-3013,10259,1515438,9
-3393,10260,1515650,6
-14665,10261,1516451,10
-5293,10262,1516748,6
-25018,10263,1517820,10
-8424,10264,1518243,7
625,10265,1518313,6
-7551,10266,1518565,3
-1273,10267,1518708,6
-13633,10268,1519241,3
-22211,10269,1520186,6
-4686,10270,1520414,6
-1609,10271,1520467,3
-1142,10272,1520498,3
-23849,10273,1521539,8
-11223,10274,1522113,8
-6410,10275,1522474,6
-15937,10276,1523260,9
-18903,10277,1524299,13
-7886,10278,1524710,6
-892,10279,1524733,3
-3556,10280,1525120,10
-2317,10281,1525209,3
-892,10282,1525232,3
-12892,10283,1525733,3
-5552,10284,1526054,6
-2583,10285,1526247,6
-6457,10286,1526597,6
-8422,10287,1527200,10
-2862,10288,1527284,3
-4090,10289,1527515,6
-5708,10290,1527772,5
-21854,10291,1528663,5
-18281,10292,1529846,17
-7091,10293,1530123,3
-6805,10294,1530648,10
-28876,10295,1532003,10
-892,10296,1532026,3
-30803,10297,1533498,10
-8600,10298,1533835,3
-8406,10299,1534371,10
-4972,10300,1534652,6
-11882,10301,1535112,3
434,10302,1535201,6
-20884,10303,1536244,10
-5237,10304,1536693,10
-2889,10305,1536903,6
-11414,10306,1537585,9
-12489,10307,1538229,10
-16179,10308,1538826,3
-892,10309,1538849,3
-892,10310,1538872,3
-2255,10311,1538930,3
-39860,10312,1540425,4
-15234,10313,1541224,10
-892,10314,1541247,3
-21164,10315,1542157,6
-2560,10316,1542237,3
-23325,10317,1543379,13
-10928,10318,1544080,10
-6102,10319,1544413,6
-2217,10320,1544488,3
-892,10321,1544511,3
-892,10322,1544534,3
-892,10323,1544557,3
-19550,10324,1545521,10
-3334,10325,1545851,9
-3583,10326,1546141,8
-29885,10327,1547573,10
-15673,10328,1548264,5
-1475,10329,1548313,3
-25538,10330,1549392,6
-6429,10331,1549581,3
-892,10332,1549604,3
-892,10333,1549627,3
-5122,10334,1549968,8
-4917,10335,1550223,6
-3530,10336,1550418,5
-2077,10337,1550495,3
-1042,10338,1550524,3
-25015,10339,1551599,6
-3329,10340,1551828,6
-2920,10341,1551914,3
-1440,10342,1551953,3
-5792,10343,1552420,10
-3442,10344,1552644,6
-9533,10345,1553041,3
-5873,10346,1553324,5
-5776,10347,1553803,10
-8493,10348,1554188,5
-21728,10349,1555245,10
495,10350,1555326,6
-4415,10351,1555587,6
-4395,10352,1555903,8
-5737,10353,1556525,15
-5096,10354,1556764,4
-8759,10355,1557121,5
-19,10356,1557166,4
-1495,10357,1557265,4
-11569,10358,1557846,7
-3824,10359,1558087,6
-10350,10360,1558489,3
-1201,10361,1558626,6
-8644,10362,1558997,5
-15516,10363,1560102,17
-7707,10364,1560487,6
-776,10365,1560620,6
-7078,10366,1561159,10
-24987,10367,1562152,7
-1395,10368,1562243,4
-981,10369,1562270,3
-981,10370,1562297,3
459,10371,1562384,6
-5093,10372,1562709,6
-892,10373,1562732,3
-892,10374,1562755,3
-892,10375,1562778,3
-892,10376,1562801,3
-892,10377,1562824,3
-892,10378,1562847,3
-892,10379,1562870,3
-16379,10380,1563726,10
622,10381,1563811,6
-11529,10382,1564243,3
887,10383,1564320,6
-38994,10384,1566085,11
-1584,10385,1566121,3
-12499,10386,1566620,5
-2199,10387,1566701,3
-3196,10388,1566796,3
-1514,10389,1566830,3
-20475,10390,1567998,13
-3422,10391,1568195,4
-8894,10392,1568644,6
-2319,10393,1568722,3
-7321,10394,1569219,10
-7107,10395,1569538,4
-3247,10396,1569767,6
-1500,10397,1569818,3
-981,10398,1569845,3
-1508,10399,1569879,3
-1508,10400,1569913,3
-981,10401,1569940,3
-981,10402,1569967,3
-6747,10403,1570285,6
-19,10404,1570330,4
-981,10405,1570357,3
-3140,10406,1570445,3
-1514,10407,1570479,3
-1225,10408,1570514,3
-5368,10409,1570790,6
-13360,10410,1571401,6
-3991,10411,1571679,6
-46992,10412,1573673,13
-1479,10413,1574010,10
-19101,10414,1574877,6
-2632,10415,1574972,3
-17896,10416,1575856,10
-12105,10417,1576325,4
-2780,10418,1576413,3
-14119,10419,1577165,10
789,10420,1577388,10
-18140,10421,1578346,10
994,10422,1578413,6
-11994,10423,1578924,6
-2758,10424,1579004,3
-24051,10425,1580329,15
-9816,10426,1580950,10
-892,10427,1580973,3
-26083,10428,1581980,6
-6445,10429,1582314,6
-1664,10430,1582433,4
-920,10431,1582544,5
-35376,10432,1584516,19
-4106,10433,1584661,3
-11961,10434,1585332,10
556,10435,1585460,7
-5625,10436,1585895,10
-5737,10437,1586346,10
-3091,10438,1586697,10
13,10439,1586806,6
-12960,10440,1587354,6
-5975,10441,1587617,5
-5793,10442,1588116,10
-14667,10443,1588707,3
-1075,10444,1588736,3
-14070,10445,1589503,10
-5577,10446,1589858,8
-47968,10447,1592070,14
-13030,10448,1592643,7
-686,10449,1592730,5
-7894,10450,1593429,13
-1285,10451,1593470,3
-20527,10452,1594367,8
-2346,10453,1594533,6
-7827,10454,1594923,6
-5485,10455,1595164,5
-5270,10456,1595426,6
-1721,10457,1595472,3
-7217,10458,1595928,10
-1984,10459,1595993,3
-29185,10460,1597284,7
-6250,10461,1597777,9
-23514,10462,1598882,10
-1636,10463,1599233,10
-16736,10464,1600062,8
-40798,10465,1602026,10
-17888,10466,1602838,5
-27734,10467,1603976,6
-5621,10468,1604321,6
-37854,10469,1605973,5
-25780,10470,1607107,6
-35994,10471,1608642,6
-24245,10472,1609650,5
-5478,10473,1609931,5
-30664,10474,1611300,5
-11635,10475,1611854,5
-10288,10476,1612384,5
-30661,10477,1613771,6
-12296,10478,1614357,5
-12549,10479,1614916,5
-57738,10480,1617173,6
-10549,10481,1617685,5
-18031,10482,1618504,5
-18726,10483,1619337,5
-38172,10484,1621013,5
-4119,10485,1621274,6
-3999,10486,1621514,5
-37410,10487,1623092,6
-22020,10488,1624033,5
-17459,10489,1624854,6
-8716,10490,1625296,5
-22809,10491,1626341,4
-46390,10492,1628156,6
-40349,10493,1629765,6
-32322,10494,1631078,6
-64809,10495,1633623,6
-20457,10496,1634562,6
-25480,10497,1635654,6
-22538,10498,1636681,5
-12113,10499,1637272,5
-35503,10500,1638787,6
-267054,10501,1648786,6
-260110,10502,1658785,5
-259994,10503,1668784,3
-267202,10504,1678783,5
-270948,10505,1688782,5
-264761,10506,1698781,5
-55056,10507,1700898,6
-9208,10508,1701207,3
-981,10509,1701234,3
-1216,10510,1701315,4
-2119,10511,1701386,3
-5595,10512,1701619,4
-3607,10513,1701862,6
-7213,10514,1702153,4
-24603,10515,1703197,8
-11918,10516,1703733,6
-29443,10517,1705332,17
-123,10518,1705434,6
-15502,10519,1706253,9
-8196,10520,1706649,6
-4596,10521,1706948,7
-5157,10522,1707146,3
-1444,10523,1707178,3
-16185,10524,1708117,12
-9956,10525,1708700,10
-21929,10526,1709819,10
-4919,10527,1710132,6
-1496,10528,1710181,3
-892,10529,1710204,3
-30529,10530,1711488,8
-8125,10531,1712000,9
-1991,10532,1712163,6
-16959,10533,1712864,6
-6502,10534,1713091,3
-10233,10535,1713536,6
-11000,10536,1714017,6
-892,10537,1714040,3
-25250,10538,1715265,10
-7297,10539,1715540,3
-892,10540,1715563,3
-892,10541,1715586,3
-2083,10542,1715663,3
-892,10543,1715686,3
-892,10544,1715709,3
-25394,10545,1716750,6
-19067,10546,1717513,6
-8614,10547,1718063,10
-1604,10548,1718192,5
-7654,10549,1718495,3
-6746,10550,1719059,13
-1142,10551,1719090,3
-13235,10552,1719589,3
-892,10553,1719612,3
-18813,10554,1720482,9
-13056,10555,1721041,6
-14422,10556,1721606,3
-1075,10557,1721635,3
-1075,10558,1721664,3
-32782,10559,1723219,13
756,10560,1723300,6
-892,10561,1723323,3
-7593,10562,1723761,8
-5188,10563,1724092,7
-24947,10564,1725804,24
-8550,10565,1726173,5
-6634,10566,1726424,3
-2317,10567,1726599,6
-6889,10568,1727148,10
-7670,10569,1727519,5
-2264,10570,1727583,3
-9482,10571,1727909,3
-892,10572,1727932,3
-13017,10573,1728358,3
-892,10574,1728381,3
-4103,10575,1728535,3
-1352,10576,1728563,3
-46328,10577,1730298,4
-272814,10578,1740297,5
-259880,10579,1750296,3
-171773,10580,1756913,4
-265492,10581,1766912,5
-258628,10582,1776267,6
-132126,10583,1781386,4
-250741,10584,1790577,5
-72468,10585,1793438,6
-84910,10586,1796757,4
-84874,10587,1800083,5
-9525,10588,1800543,5
-12752,10589,1801162,5
-18881,10590,1801999,6
-17450,10591,1802756,5
-12999,10592,1803346,5
-21322,10593,1804283,5
-12505,10594,1804877,5
-31668,10595,1806283,5
-8616,10596,1806739,5
-13269,10597,1807291,6
-25450,10598,1808417,5
-3567,10599,1808627,5
-1820,10600,1808781,5
-8473,10601,1809244,6
-51801,10602,1811415,9
-10036,10603,1811863,5
-34139,10604,1813318,6
-26783,10605,1814509,6
-14001,10606,1815138,5
-8165,10607,1815549,4
-3576,10608,1815767,5
-4900,10609,1816029,5
-9723,10610,1816468,5
-24056,10611,1817555,6
-4203,10612,1817800,5
-8761,10613,1818219,5
-28103,10614,1819403,5
-34010,10615,1820810,5
-50083,10616,1823011,6
-31391,10617,1824306,5
-63879,10618,1826793,6
-261491,10619,1836792,6
-161625,10620,1842999,4
-12758,10621,1843417,3
-1352,10622,1843445,3
-192021,10623,1850782,4
-93308,10624,1854393,5
-257008,10625,1863976,7
-24389,10626,1864856,3
-67286,10627,1867429,4
-271569,10628,1877428,5
-222701,10629,1886227,9
-111664,10630,1890566,6
-64643,10631,1893013,4
-205050,10632,1900938,9
-5677,10633,1901141,3
-7801,10634,1901462,4
-18302,10635,1902305,9
-7187,10636,1902676,6
-16576,10637,1903376,7
-1390,10638,1903481,4
-5942,10639,1903677,3
-2747,10640,1903756,3
-9607,10641,1904185,6
-12803,10642,1904779,7
-6658,10643,1905036,3
-8269,10644,1905447,6
-16675,10645,1906010,3
-2294,10646,1906185,6
-15414,10647,1906965,10
-1212,10648,1906998,3
-4908,10649,1907175,3
-10380,10650,1907754,8
-2091,10651,1907903,5
-7727,10652,1908404,10
-18113,10653,1909345,13
-4049,10654,1909592,6
-1307,10655,1909635,3
-18537,10656,1910606,12
701,10657,1910689,6
759,10658,1910768,6
-12136,10659,1911441,10
-14845,10660,1912071,6
-1979,10661,1912144,3
-1161,10662,1912177,3
-14818,10663,1912768,4
-11406,10664,1913221,4
-9345,10665,1913612,6
-8309,10666,1913993,6
-5264,10667,1914238,4
-28728,10668,1915605,11
-17589,10669,1916431,11
33,10670,1916542,6
-981,10671,1916569,3
-981,10672,1916596,3
-15910,10673,1917281,7
-17991,10674,1918028,6
-16590,10675,1918931,12
-1087,10676,1919074,6
-7882,10677,1919453,6
-892,10678,1919476,3
-1737,10679,1919655,6
-15746,10680,1920572,10
-8660,10681,1920882,3
-892,10682,1920905,3
-892,10683,1920928,3
-892,10684,1920951,3
-2996,10685,1921146,6
-5208,10686,1921435,6
-1841,10687,1921496,3
-21631,10688,1922523,9
-3786,10689,1922640,3
-3373,10690,1922771,3
-892,10691,1922794,3
-892,10692,1922817,3
-25830,10693,1923804,4
-5469,10694,1923990,3
-9872,10695,1924363,3
-274372,10696,1934362,6
-26770,10697,1935441,3
-1914,10698,1935498,3
-1914,10699,1935555,3
-1914,10700,1935612,3
-271365,10701,1945611,5
-277220,10702,1955610,6
-61809,10703,1958059,4
-206803,10704,1966130,4
-274273,10705,1976129,6
-131150,10706,1981192,6
-13144,10707,1981644,3
-1352,10708,1981672,3
-18646,10709,1982409,4
-142753,10710,1987724,4
-86851,10711,1991147,6
-114457,10712,1995450,6
-5698,10713,1995709,5
-22364,10714,1996594,5
-42101,10715,1998217,6
-53330,10716,2000330,6
-10082,10717,2000851,6
-6070,10718,2001160,5
-18507,10719,2002000,5
-8190,10720,2002416,5
-16210,10721,2003173,6
-7184,10722,2003540,6
-8031,10723,2003962,6
-578,10724,2004123,7
-3805,10725,2004327,5
-42481,10726,2006172,6
-19169,10727,2007049,6
-9239,10728,2007515,5
-3016,10729,2007690,5
-4229,10730,2007885,4
-115559,10731,2012523,10
-6949,10732,2012884,5
-17119,10733,2013642,5
-3017,10734,2013844,5
-19280,10735,2014671,6
-13763,10736,2015317,5
-29821,10737,2016496,5
-10575,10738,2017049,7
-10778,10739,2017508,5
-33485,10740,2018892,6
-54670,10741,2021114,6
-22905,10742,2022102,5
-269301,10743,2032101,6
-2283,10744,2032222,4
-259238,10745,2042221,3
-261292,10746,2052220,3
-260449,10747,2062219,3
-57546,10748,2064283,3
-5099,10749,2064431,3
-272355,10750,2074430,4
-270919,10751,2084429,6
-126304,10752,2089051,3
-160130,10753,2095060,6
-4526,10754,2095322,5
-14548,10755,2095947,6
-30551,10756,2097188,5
-151087,10757,2103299,16
-892,10758,2103322,3
-892,10759,2103345,3
-10146,10760,2103831,6
-7253,10761,2104358,10
-48340,10762,2106335,6
-2246,10763,2106399,3
-6823,10764,2106964,11
-18655,10765,2107715,5
-19409,10766,2108532,6
-1352,10767,2108560,3
-1352,10768,2108588,3
-2424,10769,2108823,7
-5502,10770,2109286,10
-2360,10771,2109657,10
-20230,10772,2110552,6
-1392,10773,2110597,3
-892,10774,2110620,3
-892,10775,2110643,3
-5765,10776,2110960,6
-990,10777,2110987,3
-892,10778,2111010,3
-892,10779,2111033,3
-15491,10780,2111726,5
-31075,10781,2112995,6
-8790,10782,2113356,5
-3025,10783,2113575,6
-5974,10784,2113802,3
-892,10785,2113825,3
-892,10786,2113848,3
-7610,10787,2114147,4
-2139,10788,2114216,3
-892,10789,2114239,3
-2242,10790,2114310,3
-892,10791,2114333,3
-892,10792,2114356,3
-7271,10793,2114606,3
-7326,10794,2114840,3
-1352,10795,2114868,3
-892,10796,2114891,3
-892,10797,2114914,3
-892,10798,2114937,3
-8282,10799,2115344,6
-3398,10800,2115444,3
-892,10801,2115467,3
-892,10802,2115490,3
-892,10803,2115513,3
-18535,10804,2116768,18
-8579,10805,2117066,3
-1352,10806,2117094,3
-21566,10807,2117851,3
-892,10808,2117874,3
-24484,10809,2118927,7
-4665,10810,2119065,3
-2493,10811,2119146,3
-892,10812,2119169,3
-892,10813,2119192,3
-892,10814,2119215,3
-28371,10815,2120408,6
-2066,10816,2120607,6
-892,10817,2120630,3
-5768,10818,2120859,3
-892,10819,2120882,3
-2909,10820,2120985,3
-8178,10821,2121261,3
-15087,10822,2121876,5
-3611,10823,2121994,3
-1352,10824,2122022,3
-1352,10825,2122050,3
-5871,10826,2122245,3
-892,10827,2122268,3
-892,10828,2122291,3
-21768,10829,2123226,6
-11672,10830,2123736,6
-2181,10831,2123931,6
-12947,10832,2124662,11
-3584,10833,2124888,6
-9119,10834,2125323,5
-21683,10835,2126759,19
-1352,10836,2126787,3
-1352,10837,2126815,3
-1352,10838,2126843,3
-7197,10839,2127224,6
-13531,10840,2127694,3
-1352,10841,2127722,3
-7886,10842,2127978,3
-12843,10843,2128404,3
-1352,10844,2128432,3
-15908,10845,2129141,6
-38559,10846,2130874,10
-892,10847,2130897,3
-892,10848,2130920,3
-892,10849,2130943,3
-892,10850,2130966,3
-892,10851,2130989,3
-2107,10852,2131164,6
-72326,10853,2134383,15
-1352,10854,2134411,3
-1352,10855,2134439,3
-416,10856,2134560,6
-258931,10857,2144559,4
-258765,10858,2154558,5
-277870,10859,2164557,3
-1352,10860,2164585,3
-9040,10861,2164875,3
-14115,10862,2165337,3
-2255,10863,2165395,3
-124630,10864,2169915,3
-1352,10865,2169943,3
-1352,10866,2169971,3
-1352,10867,2169999,3
-1352,10868,2170027,3
-1352,10869,2170055,3
-1352,10870,2170083,3
-1352,10871,2170111,3
-1352,10872,2170139,3
-1352,10873,2170167,3
-2255,10874,2170225,3
-1352,10875,2170253,3
-1352,10876,2170281,3
-272176,10877,2180280,4
-39579,10878,2181654,3
-1352,10879,2181682,3
-29091,10880,2183008,10
-92160,10881,2186587,6
-256295,10882,2196586,5
-96427,10883,2200466,5
-24140,10884,2201378,5
-36288,10885,2202776,5
-83762,10886,2205985,6
-85980,10887,2209294,6
-56588,10888,2211734,13
-74878,10889,2214609,7
-70495,10890,2217252,6
-41561,10891,2218775,4
-30562,10892,2220064,6
-158569,10893,2226083,9
-111882,10894,2230494,14
-26709,10895,2231580,5
-43018,10896,2233265,6
-26494,10897,2234320,6
-59690,10898,2236632,5
-32591,10899,2237913,5
-61047,10900,2240254,6
-87808,10901,2243613,5
-7853,10902,2243978,5
-3723,10903,2244183,5
-60427,10904,2246429,5
-21092,10905,2247354,7
-259052,10906,2257353,5
-278776,10907,2267352,6
-288667,10908,2277351,3
-131298,10909,2282270,5
-8859,10910,2282588,3
-6819,10911,2282883,5
-7977,10912,2283336,8
-246483,10913,2293335,12
-191371,10914,2300888,5
-63851,10915,2303767,15
-10438,10916,2304240,6
-23089,10917,2305432,13
-16520,10918,2306135,5
-29455,10919,2307358,6
-24728,10920,2308381,5
-7597,10921,2309014,12
-4245,10922,2309151,3
-2665,10923,2309225,3
-892,10924,2309248,3
-1285,10925,2309289,3
-60002,10926,2311708,5
-36893,10927,2313239,6
-892,10928,2313262,3
-5342,10929,2313434,3
-29590,10930,2314617,5
-892,10931,2314640,3
-892,10932,2314663,3
-892,10933,2314686,3
-892,10934,2314709,3
-892,10935,2314732,3
-892,10936,2314755,3
-892,10937,2314778,3
-892,10938,2314801,3
-46616,10939,2316686,5
-36552,10940,2318115,5
-892,10941,2318138,3
-63265,10942,2320665,5
-86796,10943,2324260,12
-892,10944,2324283,3
-163686,10945,2330865,10
-15559,10946,2331538,6
-892,10947,2331561,3
-892,10948,2331584,3
-9426,10949,2331923,3
-892,10950,2331946,3
-892,10951,2331969,3
-4113,10952,2332095,3
-25257,10953,2333179,8
-9136,10954,2333602,5
-1871,10955,2333654,3
-1352,10956,2333682,3
-85934,10957,2337173,5
-2224,10958,2337247,3
-892,10959,2337270,3
-892,10960,2337293,3
-892,10961,2337316,3
-892,10962,2337339,3
-2869,10963,2337437,3
-1165,10964,2337463,3
-892,10965,2337486,3
-892,10966,2337509,3
-892,10967,2337532,3
-1285,10968,2337573,3
-184036,10969,2344935,10
-892,10970,2344958,3
-106467,10971,2349153,5
-3118,10972,2349260,3
-892,10973,2349283,3
-892,10974,2349306,3
-5393,10975,2349517,3
-4087,10976,2349657,3
-8216,10977,2349945,3
-15109,10978,2350574,6
-93411,10979,2354295,5
-2750,10980,2354386,3
-892,10981,2354409,3
-892,10982,2354432,3
-19997,10983,2355491,12
-4717,10984,2355649,3
-3065,10985,2355743,3
-1352,10986,2355771,3
-17320,10987,2356518,5
-25309,10988,2357727,10
-1165,10989,2357753,3
-892,10990,2357776,3
-892,10991,2357799,3
-892,10992,2357822,3
-1165,10993,2357848,3
-1165,10994,2357874,3
-1352,10995,2357902,3
-1352,10996,2357930,3
-19733,10997,2358727,6
-31615,10998,2360072,10
-892,10999,2360095,3
-892,11000,2360118,3
-62061,11001,2362577,6
-141655,11002,2368092,6
-120048,11003,2372757,5
-121257,11004,2377478,6
-2658,11005,2377556,3
-3296,11006,2377650,3
-1165,11007,2377676,3
-1165,11008,2377702,3
-1165,11009,2377728,3
-1165,11010,2377754,3
-1165,11011,2377780,3
-1165,11012,2377806,3
-1165,11013,2377832,3
-1165,11014,2377858,3
-105038,11015,2382089,5
-57064,11016,2384408,5
-123221,11017,2389325,6
-58809,11018,2391892,12
-121155,11019,2396623,5
-7348,11020,2396958,5
-33925,11021,2398275,5
-160659,11022,2404562,6
-89972,11023,2408022,5
-128265,11024,2412941,6
-102005,11025,2416970,6
-60231,11026,2419317,6
-140055,11027,2424834,5
-161861,11028,2431043,5
-24351,11029,2432031,5
-213993,11030,2440086,6
-94853,11031,2443752,6
-173788,11032,2450693,10
-137187,11033,2456102,6
-137810,11034,2461788,11
-10022,11035,2462242,5
-256556,11036,2472241,5
-238615,11037,2481716,6
-144858,11038,2487483,6
-80834,11039,2490660,6
-39961,11040,2492197,5
-257973,11041,2502196,5
-16832,11042,2502889,5
-14097,11043,2503476,5
-19494,11044,2504259,5
-262525,11045,2514258,4
-53232,11046,2516337,6
-14815,11047,2517136,10
-262152,11048,2527135,6
-124995,11049,2532049,9
-10232,11050,2532503,5
-7707,11051,2532842,4
-38505,11052,2534345,6
-234475,11053,2543492,5
-4048,11054,2543722,5
-199771,11055,2551349,10
-186202,11056,2558190,6
-113098,11057,2562410,6
-53981,11058,2564595,10
-15404,11059,2565284,6
-131254,11060,2570160,6
-203683,11061,2578012,5
-234105,11062,2587016,17
-89998,11063,2590348,6
-76448,11064,2593137,6
-23796,11065,2594082,5
-33552,11066,2595378,6
-257425,11067,2605377,7
-6056,11068,2605675,5
-9604,11069,2606109,5
-31483,11070,2607329,6
-12692,11071,2607844,4
-254825,11072,2617843,9
-9971,11073,2618270,5
-10955,11074,2618717,5
-260496,11075,2628716,5
-36183,11076,2630056,6
-90497,11077,2633402,6
-53635,11078,2635410,6
-17978,11079,2636144,5
-233648,11080,2645145,15
-27249,11081,2646178,5
-232149,11082,2654943,13
-31608,11083,2656156,6
-14256,11084,2656738,5
-21738,11085,2657610,6
-30687,11086,2658803,6
-272108,11087,2668802,6
-174403,11088,2675213,6
-50460,11089,2677092,5
-89513,11090,2680407,7
-132457,11091,2685099,6
-59204,11092,2687321,5
-23805,11093,2688285,6
-123640,11094,2693016,11
-43495,11095,2694608,6
-119273,11096,2699215,9
-261242,11097,2709214,5
-208174,11098,2716458,6
-69220,11099,2719081,9
-20353,11100,2719963,8
-54535,11101,2722001,6
-247438,11102,2730901,6
-63417,11103,2733711,15
-45739,11104,2735447,6
-272875,11105,2745446,5
-266484,11106,2755445,5
-109831,11107,2759429,6
-33576,11108,2760721,6
-8697,11109,2761113,5
-5011,11110,2761385,5
-36896,11111,2762822,8
-73919,11112,2765810,13
-172583,11113,2772299,6
-74583,11114,2775074,6
-153364,11115,2780662,6
-8091,11116,2781022,5
-93823,11117,2784441,6
-53392,11118,2786307,6
-14486,11119,2786923,6
-164324,11120,2793043,10
-1600,11121,2793195,6
-33513,11122,2794448,6
-80901,11123,2797585,10
-20039,11124,2798395,6
-266378,11125,2807983,6
-85770,11126,2811211,9
-50649,11127,2813210,10
-19942,11128,2814036,6
-47221,11129,2815710,6
-165053,11130,2821862,6
-146378,11131,2827522,12
-27825,11132,2828639,7
-6000,11133,2828840,3
-33222,11134,2830141,6
-22867,11135,2830988,5
-53206,11136,2832971,8
-15048,11137,2833596,6
-20692,11138,2834470,6
-229502,11139,2842327,6
-9934,11140,2842700,4
-8389,11141,2843071,5
-1306,11142,2843175,5
-8427,11143,2843550,5
-79261,11144,2846750,15
-255076,11145,2856109,6
-289624,11146,2866108,4
-20312,11147,2866955,8
-44356,11148,2868617,6
-2817,11149,2868785,5
-48814,11150,2870620,8
-17854,11151,2871319,6
-24574,11152,2872300,6
-7760,11153,2872653,6
-155872,11154,2878019,6
-25799,11155,2878990,6
-71598,11156,2881715,10
-41808,11157,2883176,5
-6286,11158,2883508,6
-4450,11159,2883737,5
-4612,11160,2883998,6
-86374,11161,2887190,5
-126599,11162,2891491,5
-4029,11163,2891732,6
-2214,11164,2891909,6
-13558,11165,2892483,5
-23540,11166,2893307,5
-25896,11167,2894210,5
-4678,11168,2894440,5
-14068,11169,2894992,6
-16954,11170,2895691,5
-40923,11171,2897044,5
-45148,11172,2898655,5
-14369,11173,2899256,6
-20033,11174,2900064,5
-39860,11175,2901499,5
-14803,11176,2902094,5
-25153,11177,2903013,5
-4803,11178,2903245,5
-29357,11179,2904273,6
-13812,11180,2904860,5
-3560,11181,2905043,5
-3464,11182,2905226,5
-18817,11183,2905969,5
-19151,11184,2906742,6
-3228,11185,2906921,5
-6460,11186,2907130,3
-29946,11187,2908252,5
-8874,11188,2908641,5
-39212,11189,2910136,6
-41466,11190,2911653,6
-32250,11191,2912846,5
-46477,11192,2914499,5
-2011,11193,2914622,5
-65007,11194,2916892,5
-34680,11195,2918082,5
-3216,11196,2918187,3
-2123,11197,2918334,5
-3496,11198,2918438,3
-5002,11199,2918590,3
-15336,11200,2919076,3
-20388,11201,2919918,5
-25094,11202,2920784,5
-33578,11203,2922068,6
-34094,11204,2923307,5
-19071,11205,2924020,5
-10252,11206,2924457,5
-5607,11207,2924694,5
-26506,11208,2925639,5
-5238,11209,2925890,5
-68542,11210,2928403,6
-36376,11211,2929760,5
-35127,11212,2931052,5
-10711,11213,2931501,5
-113324,11214,2935634,5
-11963,11215,2936090,5
-8780,11216,2936473,5
-58998,11217,2938627,6
-7802,11218,2938892,3
-4052,11219,2939025,3
-1577,11220,2939068,3
-24007,11221,2940051,6
-5412,11222,2940229,3
-30158,11223,2941346,5
-1935,11224,2941466,5
-18392,11225,2942165,5
-21837,11226,2943035,6
-64892,11227,2945296,5
-224035,11228,2952975,5
-14590,11229,2953534,5
-2362,11230,2953685,5
-2291,11231,2953820,5
-4874,11232,2954063,5
-128500,11233,2958473,5
-55905,11234,2960404,5
-5758,11235,2960645,5
-3551,11236,2960816,5
-8703,11237,2961163,5
-21485,11238,2961996,6
-91584,11239,2965109,5
-53077,11240,2967007,5
-8487,11241,2967396,6
-5831,11242,2967682,6
-52015,11243,2969590,5
-55210,11244,2971631,5
-105533,11245,2975288,5
-830,11246,2975377,5
-6959,11247,2975696,5
-47999,11248,2977320,5
-830,11249,2977409,5
-830,11250,2977498,5
-14777,11251,2978074,5
-17376,11252,2978696,5
-87934,11253,2981787,6
-13450,11254,2982322,5
-46931,11255,2984013,6
-19888,11256,2984795,5
-5429,11257,2985045,5
-16270,11258,2985664,5
-10591,11259,2986103,5
-27973,11260,2987180,5
-59697,11261,2989267,5
-38583,11262,2990612,5
-2005,11263,2990735,5
-93888,11264,2993931,5
-29032,11265,2995075,6
-14431,11266,2995683,6
-49752,11267,2997523,6
-6527,11268,2997818,5
-17588,11269,2998499,5
-54484,11270,3000454,6
