-5670,0,43,3
-5235,1,215,4
-2485,2,283,4
-1370,3,329,4
-4825,4,342,3
-5980,5,395,3
-1905,6,469,4
-6570,7,527,3
-1625,8,580,4
-6105,9,620,3
-475,10,642,4
-5640,11,673,3
-7780,12,761,3
-6375,13,946,4
-5280,14,973,3
-9145,15,1123,3
-7605,16,1218,3
-5945,17,1269,3
-4995,18,1289,3
-5265,19,1312,3
-5865,20,1357,3
-5310,21,1391,3
-5745,22,1427,3
-5950,23,1464,3
-8015,24,1572,3
-10255,25,1758,3
-5930,26,1802,3
-1645,27,1851,4
-6605,28,1917,3
1060,29,2035,5
-6360,30,2097,3
-6580,31,2164,3
-7025,32,2391,4
-6495,33,2443,3
-5130,34,2477,3
-665,35,2509,4
2645,36,2567,5
-5790,37,2615,3
-6890,38,2688,3
-5425,39,2730,3
-5810,40,2768,3
-5285,41,2806,3
-5960,42,2846,3
-6680,43,2909,3
-7195,44,3006,3
-6455,45,3055,3
-6015,46,3106,3
-1630,47,3164,4
-6520,48,3215,3
-6315,49,3265,3
-9685,50,3422,3
-5140,51,3449,3
-4880,52,3469,3
-4980,53,3485,3
-6160,54,3556,3
-4745,55,3700,4
-6990,56,3769,3
-5515,57,3805,3
-4540,58,3823,3
-8035,59,3953,3
-5190,60,3979,3
-5975,61,4024,3
-1880,62,4090,4
-5615,63,4126,3
-5795,64,4178,3
-7110,65,4256,3
-5325,66,4272,3
-4750,67,4288,3
-6615,68,4369,3
-5625,69,4396,3
-6970,70,4473,3
-6915,71,4555,3
-5760,72,4595,3
-5380,73,4618,3
-4895,74,4642,3
-5435,75,4672,3
-5715,76,4849,4
-1115,77,4889,4
-9715,78,5042,3
-4690,79,5060,3
-7255,80,5146,3
-6035,81,5198,3
3015,82,5244,5
-6590,83,5306,3
-5665,84,5336,3
-7655,85,5447,3
-7450,86,5539,3
-4970,87,5560,3
-5845,88,5592,3
-5005,89,5620,3
-1875,90,5690,4
-6950,91,5779,3
-5600,92,5818,3
-12780,93,6078,3
-6090,94,6123,3
-5545,95,6144,3
-5865,96,6189,3
-6070,97,6235,3
-1115,98,6280,4
-6430,99,6330,3
-5900,100,6378,3
-7830,101,6487,3
-5545,102,6537,3
-5190,103,6563,3
-6790,104,6642,3
3450,105,6679,5
-6195,106,6720,3
-5575,107,6771,3
-5105,108,6800,3
-5190,109,6830,3
-4905,110,6861,3
-5265,111,6884,3
-9170,112,7026,3
-5075,113,7047,3
-5995,114,7096,3
-5810,115,7151,3
-1950,116,7223,4
-4935,117,7244,3
740,118,7360,5
-4555,119,7374,3
-5265,120,7397,3
3395,121,7435,5
-5920,122,7464,3
-545,123,7500,4
-5070,124,7526,3
-10325,125,7705,3
-7220,126,7774,3
-5120,127,7807,3
-5465,128,7857,3
-5150,129,8014,4
-8385,130,8145,3
-6985,131,8231,3
-4985,132,8256,3
-5820,133,8289,3
-5535,134,8324,3
-5430,135,8354,3
-6645,136,8430,3
-5290,137,8461,3
-7765,138,8572,3
-5365,139,8603,3
-5510,140,8642,3
-8390,141,8765,3
-5705,142,8807,3
-5835,143,8844,3
-6060,144,8890,3
-5605,145,8927,3
-5555,146,8956,3
-5845,147,8988,3
-4890,148,9146,4
-6100,149,9193,3
-760,150,9217,4
-6555,151,9288,3
-4810,152,9314,3
-5215,153,9339,3
2005,154,9411,5
-6000,155,9463,3
-5650,156,9489,3
-7340,157,9567,3
-5345,158,9596,3
-6270,159,9657,3
-5765,160,9700,3
-5905,161,9743,3
-5050,162,9770,3
-5280,163,9797,3
-5300,164,9814,3
-5475,165,9847,3
-6060,166,9898,3
-6685,167,9960,3
-6450,168,10009,3
-5265,169,10041,3
-5820,170,10074,3
-2035,171,10135,4
-5195,172,10170,3
-5200,173,10191,3
-5520,174,10213,3
-6795,175,10276,3
-1695,176,10323,4
-5805,177,10352,3
-6935,178,10414,3
-7345,179,10501,3
-1585,180,10561,4
-215,181,10583,4
-8085,182,10703,3
-5640,183,10747,3
-5095,184,10763,3
-7960,185,10866,3
-2925,186,10960,4
-6285,187,11002,3
-5525,188,11042,3
-6780,189,11124,3
-5950,190,11161,3
-4100,191,11282,4
-5220,192,11306,3
-7500,193,11396,3
-4935,194,11423,3
-4460,195,11440,3
-8390,196,11558,3
-6020,197,11621,3
-2210,198,11675,4
-1575,199,11730,4
-6795,200,11793,3
-6825,201,11867,3
-1515,202,11923,4
1835,203,12026,5
-6060,204,12077,3
-4565,205,12099,3
-4530,206,12114,3
-1690,207,12163,4
-3780,208,12290,4
-4435,209,12429,4
-9135,210,12564,3
-5505,211,12605,3
-1550,212,12661,4
-6085,213,12718,3
-5550,214,12748,3
-4850,215,12776,3
-8345,216,12901,3
-8590,217,13028,3
-3060,218,13126,4
-1360,219,13179,4
-5745,220,13224,3
-5420,221,13271,3
-6010,222,13318,3
-5945,223,13373,3
-1260,224,13419,4
-5035,225,13442,3
-5580,226,13480,3
-5705,227,13513,3
-2530,228,13610,4
-2375,229,13693,4
-5590,230,13726,3
-5535,231,13752,3
-5225,232,13772,3
-6205,233,13831,3
-7375,234,13931,3
3400,235,13969,5
-8670,236,14095,3
-5095,237,14111,3
-5890,238,14162,3
-5715,239,14190,3
-5690,240,14219,3
1585,241,14309,5
-4145,242,14445,4
-9050,243,14733,4
-5065,244,14883,4
-8930,245,15023,3
-5950,246,15077,3
-5865,247,15134,3
-865,248,15300,5
-1500,249,15353,4
-3455,250,15462,4
-7455,251,15560,3
-6220,252,15609,3
-5515,253,15652,3
-6600,254,15716,3
-5585,255,15740,3
-5805,256,15769,3
-5330,257,15794,3
2965,258,15847,5
-6325,259,15900,3
-7685,260,16011,3
-955,261,16055,4
-5905,262,16112,3
-5695,263,16159,3
-4760,264,16178,3
-6190,265,16378,4
-8950,266,16509,3
-5370,267,16537,3
-5750,268,16581,3
-5840,269,16627,3
-5335,270,16789,4
-8305,271,16912,3
-5415,272,16955,3
-5095,273,16987,3
-4920,274,17154,4
-1535,275,17212,4
-6060,276,17272,3
-5070,277,17289,3
-7435,278,17383,3
-5715,279,17430,3
-6850,280,17500,3
2040,281,17579,5
-6485,282,17636,3
-5745,283,17676,3
-5510,284,17712,3
-5095,285,17741,3
-5385,286,17773,3
-5435,287,17819,3
-5340,288,17848,3
-5205,289,17878,3
-4825,290,17891,3
-5525,291,17922,3
-7655,292,18039,3
2840,293,18100,5
-810,294,18127,4
-5350,295,18165,3
-5335,296,18203,3
-7005,297,18296,3
-3060,298,18375,4
-6280,299,18427,3
-10980,300,18620,3
3740,301,18645,5
-2555,302,18722,4
-10165,303,18904,3
-2475,304,18986,4
-5355,305,19010,3
-1215,306,19060,4
-6905,307,19137,3
-7740,308,19245,3
-5110,309,19265,3
-6295,310,19325,3
-5525,311,19368,3
-8315,312,19485,3
-7515,313,19579,3
-2260,314,19665,4
-5215,315,19690,3
-8345,316,19807,3
-8420,317,19926,3
-6030,318,19969,3
-5995,319,20015,3
-5085,320,20044,3
-6685,321,20118,3
-4705,322,20135,3
-5850,323,20185,3
-12405,324,20432,3
-1945,325,20495,4
-5200,326,20532,3
-5995,327,20580,3
-5940,328,20622,3
-9775,329,20786,3
-5980,330,20831,3
-4915,331,20857,3
-6495,332,20909,3
-5670,333,20948,3
-5640,334,20993,3
-7945,335,21102,3
-5230,336,21131,3
-4815,337,21149,3
-6325,338,21202,3
-7380,339,21301,3
-6495,340,21353,3
-6085,341,21403,3
-6490,342,21469,3
-6525,343,21529,3
-5470,344,21553,3
-7915,345,21654,3
-8575,346,21788,3
-6010,347,21841,3
-5340,348,21879,3
-5305,349,21905,3
-3545,350,22002,4
35,351,22017,4
-7755,352,22115,3
-6820,353,22177,3
-7690,354,22277,3
-6700,355,22339,3
-5240,356,22363,3
-8370,357,22478,3
-7100,358,22561,3
-5960,359,22593,3
-5550,360,22641,3
-5690,361,22670,3
-5135,362,22689,3
-5505,363,22734,3
-8035,364,22851,3
-5355,365,22884,3
-1845,366,22940,4
-6285,367,23005,3
-6070,368,23051,3
-2575,369,23137,4
-5305,370,23170,3
-8910,371,23314,3
-5915,372,23357,3
-5125,373,23381,3
-5865,374,23426,3
-4015,375,23554,4
-2460,376,23621,4
-640,377,23650,4
-5340,378,23670,3
-7705,379,23761,3
-5775,380,23804,3
-5330,381,23829,3
-5280,382,23856,3
-3555,383,23959,4
-6380,384,24011,3
-1145,385,24034,4
-6010,386,24096,3
-7550,387,24201,3
-5280,388,24228,3
-5270,389,24260,3
-6785,390,24346,3
-6095,391,24391,3
-4995,392,24411,3
-6130,393,24450,3
-5295,394,24481,3
-5410,395,24521,3
-5865,396,24566,3
-5070,397,24583,3
-5185,398,24600,3
-3020,399,24693,4
-6675,400,24747,3
-5965,401,24788,3
-2235,402,24872,4
-7235,403,24970,3
-5275,404,24988,3
-8195,405,25100,3
-6860,406,25165,3
-5240,407,25193,3
-530,408,25213,4
-6040,409,25260,3
1940,410,25345,5
-6155,411,25410,3
-4725,412,25434,3
-5255,413,25466,3
-6470,414,25519,3
-6140,415,25573,3
-6215,416,25626,3
-6585,417,25679,3
-5810,418,25717,3
-4835,419,25743,3
-5345,420,25772,3
-5670,421,25811,3
-5600,422,25839,3
-5190,423,25869,3
-5740,424,25896,3
-6065,425,25955,3
-260,426,25976,4
-5535,427,26002,3
-4685,428,26016,3
-2770,429,26083,4
-7215,430,26166,3
-2095,431,26229,4
-6030,432,26280,3
-5960,433,26312,3
-5140,434,26340,3
-5085,435,26369,3
-5590,436,26402,3
-7285,437,26490,3
-6320,438,26535,3
-6515,439,26600,3
-6270,440,26670,3
-5455,441,26690,3
-6390,442,26737,3
-5210,443,26753,3
-5190,444,26779,3
-6590,445,26841,3
-7625,446,26935,3
-5175,447,26957,3
-7365,448,27047,3
-5975,449,27100,3
-5100,450,27125,3
-5070,451,27142,3
-7480,452,27239,3
-5875,453,27287,3
-2385,454,27361,4
-5460,455,27390,3
-6225,456,27439,3
-6015,457,27478,3
-5290,458,27500,3
-4900,459,27519,3
-6060,460,27570,3
-5965,461,27611,3
-4735,462,27623,3
-5610,463,27664,3
-5365,464,27706,3
-5230,465,27744,3
-6460,466,27816,3
-5510,467,27999,4
-5920,468,28050,3
-5020,469,28069,3
-5685,470,28124,3
-2480,471,28207,4
-6570,472,28264,3
-6500,473,28325,3
-8790,474,28459,3
-9395,475,28614,3
-6610,476,28675,3
-5110,477,28695,3
-1435,478,28737,4
-7600,479,28840,3
-6100,480,28894,3
-6665,481,28953,3
-7370,482,29039,3
-2635,483,29108,4
-6000,484,29143,3
-4185,485,29290,4
-7345,486,29372,3
-5690,487,29401,3
-6885,488,29482,3
-5955,489,29528,3
-5715,490,29556,3
-7090,491,29651,3
-5165,492,29678,3
-5770,493,29713,3
-5290,494,29735,3
-3735,495,29838,4
-5085,496,29868,3
-5715,497,29917,3
-6670,498,29985,3
-5190,499,30011,3
-5480,500,30047,3
-6405,501,30107,3
-2425,502,30179,4
-8780,503,30319,3
-5485,504,30347,3
-835,505,30377,4
-5515,506,30420,3
-4775,507,30447,3
-9055,508,30580,3
-4520,509,30600,3
-6365,510,30809,4
-2500,511,30879,4
-6180,512,30939,3
-6125,513,30992,3
-6010,514,31045,3
-7285,515,31151,3
-645,516,31175,4
-6375,517,31236,3
-5025,518,31264,3
-5445,519,31298,3
-3145,520,31402,4
-5925,521,31449,3
-265,522,31465,4
-5845,523,31497,3
-8320,524,31618,3
-6285,525,31667,3
-6060,526,31718,3
-5840,527,31764,3
-5475,528,31797,3
-4600,529,31813,3
-7705,530,31914,3
-6425,531,32101,4
-5360,532,32134,3
-5920,533,32163,3
-2425,534,32236,4
-8795,535,32375,3
-5495,536,32421,3
-5760,537,32461,3
-5050,538,32488,3
-7670,539,32593,3
-4740,540,32609,3
-5625,541,32636,3
-4995,542,32656,3
-6440,543,32714,3
-5280,544,32741,3
-5780,545,32793,3
-2515,546,32875,4
-6835,547,32941,3
-5075,548,32967,3
-4605,549,32983,3
-6625,550,33039,3
-9355,551,33191,3
-5850,552,33250,3
-4735,553,33271,3
-5320,554,33301,3
-6205,555,33360,3
-6145,556,33403,3
-6920,557,33492,3
-5615,558,33524,3
-5115,559,33553,3
-7715,560,33660,3
-5695,561,33698,3
-4550,562,33846,4
-5395,563,33873,3
-5430,564,33894,3
-5240,565,33922,3
-6210,566,33984,3
-4905,567,34003,3
-6475,568,34065,3
-8670,569,34191,3
-1245,570,34233,4
-2075,571,34295,4
-5640,572,34326,3
-3200,573,34428,4
-3425,574,34534,4
-5100,575,34559,3
-5870,576,34599,3
-5410,577,34634,3
-5375,578,34671,3
-11135,579,34868,3
-6620,580,34938,3
-5865,581,34986,3
-6400,582,35051,3
-7105,583,35120,3
-4760,584,35135,3
-7790,585,35245,3
-6315,586,35295,3
-5715,587,35346,3
-5950,588,35401,3
-5625,589,35428,3
-5080,590,35440,3
-6645,591,35499,3
-4145,592,35629,4
-5450,593,35663,3
-5720,594,35713,3
-5095,595,35745,3
-6795,596,35817,3
-5240,597,35841,3
-7735,598,35940,3
-5760,599,35980,3
-7530,600,36078,3
-4955,601,36095,3
-6890,602,36177,3
-6025,603,36234,3
-6245,604,36273,3
-6395,605,36329,3
-300,606,36352,4
-6105,607,36401,3
-8595,608,36530,3
-5220,609,36564,3
-5060,610,36599,3
-5945,611,36658,3
-6330,612,36712,3
-6050,613,36768,3
-1245,614,36804,4
-10930,615,36999,3
-1225,616,37045,4
-5965,617,37095,3
-5220,618,37129,3
-5630,619,37165,3
-5345,620,37194,3
2175,621,37291,5
-5070,622,37317,3
-7195,623,37410,3
-7145,624,37486,3
-14340,625,37801,3
-2610,626,37884,4
-5640,627,37915,3
-4730,628,37939,3
-6055,629,37990,3
-2170,630,38081,4
-4415,631,38095,3
1610,632,38207,5
-8465,633,38339,3
-5795,634,38373,3
-3295,635,38479,4
-5935,636,38539,3
-5160,637,38566,3
-8370,638,38682,3
-6240,639,38735,3
-4970,640,38756,3
-6925,641,38823,3
-4845,642,38848,3
-4090,643,38975,4
-6110,644,39033,3
-2435,645,39116,4
-6675,646,39197,3
-9695,647,39368,3
-6380,648,39420,3
-5335,649,39465,3
-1290,650,39509,4
-700,651,39536,4
-5470,652,39581,3
-6105,653,39630,3
-4890,654,39645,3
-7430,655,39755,3
-6815,656,39825,3
-2270,657,39918,4
-245,658,39931,4
-5270,659,39963,3
-7505,660,40048,3
-4390,661,40063,3
-5310,662,40221,4
-1120,663,40262,4
-8855,664,40418,3
-7880,665,40534,3
-5355,666,40571,3
-1420,667,40615,4
-5230,668,40655,3
-935,669,40686,4
-1260,670,40736,4
-6765,671,40822,3
-6375,672,40888,3
-1120,673,40947,4
-4915,674,40973,3
-5405,675,41016,3
-3170,676,41108,4
-13725,677,41410,3
-385,678,41438,4
-595,679,41464,4
-3115,680,41577,4
-4800,681,41595,3
-1255,682,41649,4
-8650,683,41793,3
-4845,684,41954,4
-5765,685,41980,3
3195,686,42030,5
-5045,687,42189,4
-2840,688,42288,4
-5625,689,42315,3
-5660,690,42336,3
-5480,691,42501,4
-2860,692,42598,4
-7200,693,42677,3
-4485,694,42693,3
-6955,695,42769,3
-5190,696,42801,3
-6290,697,42852,3
-5805,698,42904,3
-1660,699,42964,4
-1045,700,42991,4
-4670,701,43001,3
-5920,702,43030,3
-1330,703,43210,5
-4820,704,43239,3
-5405,705,43261,3
-5870,706,43301,3
-4620,707,43313,3
-2055,708,43381,4
-2330,709,43462,4
-7220,710,43547,3
-5330,711,43593,3
-725,712,43614,4
-5665,713,43652,3
-4765,714,43672,3
-5410,715,43711,3
-4860,716,43736,3
-5395,717,43763,3
-5615,718,43795,3
-5785,719,43834,3
-7185,720,43913,3
-5640,721,43973,3
-6305,722,44196,4
-4950,723,44365,4
-1400,724,44418,4
-4630,725,44437,3
-11165,726,44648,3
-6640,727,44708,3
-4270,728,44862,4
945,729,44996,5
-3210,730,45101,4
-8990,731,45256,3
-890,732,45284,4
-1005,733,45321,4
-4695,734,45342,3
-1575,735,45405,4
1350,736,45507,5
-5415,737,45547,3
-4665,738,45566,3
-1295,739,45614,4
-1015,740,45650,4
-3190,741,45777,4
-4955,742,45806,3
-6470,743,45882,3
-6405,744,45933,3
-7080,745,46030,3
-4765,746,46057,3
-5150,747,46091,3
-6995,748,46164,3
-580,749,46186,4
-4015,750,46310,4
-10925,751,46507,3
-6070,752,46553,3
-5535,753,46599,3
-5045,754,46617,3
-6565,755,46700,3
-370,756,46725,4
-1415,757,46782,4
1270,758,46896,5
6945,759,46965,6
-4125,760,47094,4
-4920,761,47117,3
-6510,762,47199,3
-6920,763,47274,3
-4730,764,47299,3
-5405,765,47349,3
-1290,766,47412,4
-5630,767,47465,3
-5575,768,47494,3
-8130,769,47606,3
-7095,770,47704,3
-7750,771,47811,3
-5640,772,47859,3
-6870,773,47949,3
-6885,774,48038,3
-2930,775,48132,4
-4325,776,48145,3
-4480,777,48161,3
-6710,778,48232,3
-8775,779,48356,3
-5165,780,48385,3
-5245,781,48429,3
-4725,782,48454,3
-7530,783,48538,3
1710,784,48626,5
-4775,785,48791,4
-5795,786,48843,3
-1775,787,48896,4
-4655,788,48914,3
-6985,789,48995,3
-1735,790,49054,4
-11180,791,49279,3
2305,792,49368,5
1835,793,49453,5
3915,794,49611,6
-6080,795,49672,3
-7765,796,49783,3
-3745,797,49916,4
-4390,798,50047,4
-2735,799,50159,4
-5095,800,50196,3
-3070,801,50295,4
-4895,802,50327,3
-5850,803,50372,3
900,804,50510,5
-4825,805,50531,3
-4430,806,50549,3
2535,807,50631,5
-8370,808,50744,3
-6405,809,50816,3
-810,810,50999,5
-5185,811,51039,3
-5780,812,51094,3
-5185,813,51132,3
-8435,814,51271,3
-5760,815,51315,3
-5095,816,51346,3
-5525,817,51527,4
-4920,818,51554,3
-6415,819,51634,3
-7235,820,51738,3
-1920,821,51822,4
-5880,822,51866,3
-4850,823,51878,3
2295,824,51959,5
-8260,825,52078,3
-6245,826,52126,3
-2350,827,52217,4
-200,828,52244,4
-5145,829,52271,3
-6660,830,52341,3
-5885,831,52400,3
-6125,832,52470,3
-5645,833,52520,3
-4550,834,52684,4
-1980,835,52765,4
-5050,836,52805,3
-1045,837,52838,4
645,838,52969,5
-2530,839,53047,4
-3440,840,53189,4
-8060,841,53322,3
-4765,842,53475,4
-4070,843,53606,4
-725,844,53636,4
1875,845,53744,5
-5075,846,53777,3
-4825,847,53790,3
-6200,848,53842,3
-7270,849,53924,3
-1010,850,53968,4
-1705,851,54041,4
-1905,852,54103,4
-6370,853,54315,4
-1660,854,54391,4
-5710,855,54562,4
-1700,856,54613,4
-5140,857,54641,3
-420,858,54668,4
-1280,859,54869,5
-6395,860,54943,3
-670,861,54971,4
-4690,862,54996,3
-7580,863,55109,3
-930,864,55157,4
-5070,865,55190,3
-555,866,55209,4
-5815,867,55266,3
-7690,868,55383,3
-2630,869,55488,4
-5630,870,55532,3
-6860,871,55625,3
-1280,872,55673,4
-2805,873,55769,4
1770,874,55875,5
-1095,875,55940,4
-6300,876,56011,3
-245,877,56179,5
1620,878,56264,5
-6985,879,56345,3
-3975,880,56481,4
-5630,881,56517,3
-4770,882,56540,3
-1105,883,56593,4
-5780,884,56644,3
-470,885,56666,4
-6040,886,56713,3
-1675,887,56772,4
3435,888,56815,5
-5060,889,56841,3
-1340,890,56893,4
-5630,891,56929,3
-5260,892,56965,3
-2155,893,57054,4
-4340,894,57203,4
1055,895,57312,5
-1800,896,57380,4
-1385,897,57421,4
1970,898,57506,5
-2475,899,57596,4
-1075,900,57631,4
3105,901,57683,5
-4530,902,57703,3
2305,903,57793,5
-4600,904,57813,3
-405,905,57973,5
2740,906,58039,5
-7580,907,58148,3
-5510,908,58196,3
-5895,909,58252,3
3560,910,58283,5
-2055,911,58360,4
-5965,912,58401,3
7020,913,58471,6
-2525,914,58708,5
-3085,915,58830,4
-4950,916,58856,3
2540,917,58924,5
-7680,918,59024,3
-6455,919,59073,3
2795,920,59137,5
3510,921,59191,5
-1345,922,59270,4
-3100,923,59354,4
-3715,924,59481,4
-5070,925,59516,3
-2015,926,59580,4
-1360,927,59768,5
-2450,928,59840,4
-1600,929,59900,4
560,930,60029,5
-2070,931,60118,4
-6250,932,60183,3
-2650,933,60286,4
4150,934,60314,5
5450,935,60441,6
-3060,936,60555,4
-5500,937,60587,3
-10195,938,60787,3
2220,939,60869,5
3530,940,60895,5
2250,941,60967,5
-915,942,60999,4
-700,943,61051,4
-5880,944,61106,3
-5780,945,61151,3
-3800,946,61276,4
-3165,947,61382,4
-5360,948,61429,3
-5795,949,61493,3
-10780,950,61686,3
-4620,951,61706,3
-3610,952,61817,4
-6140,953,61868,3
-1495,954,61923,4
-4035,955,62066,4
-5875,956,62126,3
-1720,957,62185,4
-5525,958,62216,3
-6200,959,62266,3
-5455,960,62311,3
1445,961,62414,5
-6620,962,62494,3
-705,963,62528,4
-2675,964,62626,4
-9220,965,62784,3
-4970,966,62805,3
-2065,967,62872,4
2965,968,63049,6
-85,969,63082,4
-1375,970,63139,4
-2335,971,63195,4
-3930,972,63337,4
2195,973,63436,5
-2780,974,63521,4
-5975,975,63561,3
2860,976,63631,5
-7445,977,63721,3
-8675,978,64008,4
-5855,979,64067,3
-5075,980,64104,3
290,981,64247,5
-3545,982,64361,4
-4840,983,64503,4
-5240,984,64527,3
-3310,985,64670,4
-6645,986,64729,3
-6905,987,64806,3
-4805,988,64829,3
-6200,989,64879,3
-5965,990,64929,3
-5940,991,64988,3
-1570,992,65039,4
-7220,993,65138,3
2620,994,65209,5
-5835,995,65269,3
-7485,996,65355,3
-2210,997,65426,4
-5745,998,65480,3
2400,999,65558,5
2805,1000,65613,5
-5430,1001,65643,3
-6635,1002,65703,3
-7740,1003,65957,4
-2130,1004,66030,4
-5735,1005,66092,3
-2375,1006,66175,4
-7590,1007,66284,3
-7355,1008,66366,3
-7410,1009,66474,3
-1130,1010,66520,4
2065,1011,66614,5
1345,1012,66731,5
-1365,1013,66777,4
-2490,1014,66868,4
-7915,1015,66994,3
-580,1016,67022,4
-8820,1017,67172,3
-6580,1018,67252,3
-3315,1019,67368,4
-3445,1020,67489,4
2960,1021,67550,5
-1375,1022,67617,4
-8065,1023,67734,3
2080,1024,67823,5
-6800,1025,68073,4
3035,1026,68143,5
-1560,1027,68211,4
-2810,1028,68285,4
-1260,1029,68326,4
-6570,1030,68384,3
-5695,1031,68440,3
-3850,1032,68574,4
-4410,1033,68724,4
-1940,1034,68797,4
-2460,1035,68894,4
-8420,1036,69032,3
-3650,1037,69151,4
-5,1038,69303,5
-4895,1039,69447,4
-5070,1040,69477,3
-9075,1041,69763,4
3015,1042,69804,5
-5075,1043,69834,3
-1215,1044,69871,4
-6095,1045,69935,3
-1415,1046,70000,4
-4795,1047,70028,3
-2765,1048,70124,4
-5380,1049,70310,4
2530,1050,70384,5
-7575,1051,70492,3
-3895,1052,70619,4
-6885,1053,70683,3
-7100,1054,70909,4
-1180,1055,70952,4
1525,1056,71056,5
-4565,1057,71210,4
-1800,1058,71270,4
-3145,1059,71373,4
-6185,1060,71428,3
-6895,1061,71491,3
-1265,1062,71531,4
-7025,1063,71627,3
-16690,1064,72008,3
-2695,1065,72105,4
-3640,1066,72225,4
-3340,1067,72333,4
-5820,1068,72393,3
-5015,1069,72424,3
3445,1070,72477,5
-7830,1071,72581,3
-8625,1072,72695,3
-8475,1073,72838,3
-630,1074,73006,5
-7110,1075,73087,3
-5025,1076,73110,3
-6305,1077,73312,4
765,1078,73448,5
-5180,1079,73631,4
1355,1080,73746,5
10,1081,73763,4
3435,1082,73809,5
2005,1083,73901,5
-6005,1084,73960,3
-4460,1085,74109,4
-3480,1086,74231,4
-6675,1087,74312,3
-7645,1088,74410,3
-6430,1089,74473,3
-4780,1090,74774,5
-5250,1091,74959,4
-5230,1092,74990,3
-5795,1093,75033,3
2765,1094,75086,5
2370,1095,75153,5
-6785,1096,75247,3
-6325,1097,75438,4
-9005,1098,75577,3
-7920,1099,75685,3
-6890,1100,75770,3
-5490,1101,75807,3
-4945,1102,75984,4
-5305,1103,76176,4
-3560,1104,76303,4
-9160,1105,76610,4
-8955,1106,76751,3
-4345,1107,76905,4
-2550,1108,77008,4
-2445,1109,77241,5
-7065,1110,77307,3
1855,1111,77409,5
-3450,1112,77520,4
-5715,1113,77566,3
-6940,1114,77659,3
-3405,1115,77792,4
-6450,1116,77855,3
-7720,1117,77978,3
-4465,1118,77995,3
-7525,1119,78095,3
-80,1120,78256,5
-2520,1121,78364,4
-3585,1122,78484,4
-845,1123,78683,5
-6850,1124,78753,3
-2720,1125,78865,4
-7220,1126,78960,3
-4865,1127,79107,4
-2085,1128,79174,4
-4060,1129,79315,4
6730,1130,79404,6
-6605,1131,79486,3
-5225,1132,79506,3
-7495,1133,79620,3
2225,1134,79682,5
-1945,1135,79890,5
-6375,1136,79942,3
1810,1137,80044,5
1255,1138,80161,5
2900,1139,80208,5
-3550,1140,80334,4
-8535,1141,80455,3
-13095,1142,80883,4
1255,1143,80983,5
-7635,1144,81090,3
-1090,1145,81272,5
1185,1146,81379,5
-7485,1147,81492,3
-7480,1148,81578,3
-8230,1149,81845,4
-6580,1150,81918,3
-5520,1151,81940,3
285,1152,82086,5
-6780,1153,82162,3
-1700,1154,82224,4
2625,1155,82286,5
-11625,1156,82667,4
-7305,1157,82907,4
-2990,1158,83007,4
-5410,1159,83038,3
-5075,1160,83078,3
-5500,1161,83110,3
-8300,1162,83243,3
-8120,1163,83345,3
-5285,1164,83384,3
-5775,1165,83574,4
-6295,1166,83638,3
-8245,1167,83766,3
-5920,1168,83960,4
-5005,1169,83984,3
-8770,1170,84127,3
-6475,1171,84498,5
-8690,1172,84640,3
3625,1173,84675,5
-6110,1174,84724,3
-4835,1175,84880,4
-6875,1176,84971,3
-7080,1177,85201,4
-2195,1178,85423,5
-5555,1179,85473,3
-1765,1180,85539,4
-8155,1181,85674,3
-6045,1182,85721,3
-7255,1183,85828,3
-4520,1184,85968,4
-6690,1185,86208,4
-2915,1186,86309,4
-6380,1187,86360,3
-8145,1188,86615,4
-6200,1189,86825,4
840,1190,86969,5
-2655,1191,87067,4
-8415,1192,87193,3
-13015,1193,87481,3
-5630,1194,87534,3
-2675,1195,87769,5
-7155,1196,87857,3
-5605,1197,87905,3
3090,1198,87983,5
-5725,1199,88168,4
-5570,1200,88218,3
-10830,1201,88569,4
-2255,1202,88647,4
-1070,1203,88681,4
-7455,1204,88920,4
-4805,1205,88947,3
-3520,1206,89080,4
-7920,1207,89211,3
-265,1208,89364,5
-5655,1209,89414,3
-5720,1210,89608,4
-2670,1211,89687,4
-580,1212,89865,5
-1040,1213,90057,5
-4960,1214,90197,4
-5170,1215,90228,3
-6355,1216,90301,3
-470,1217,90318,4
-7105,1218,90409,3
-8915,1219,90858,5
-5570,1220,90903,3
-7280,1221,91133,4
5,1222,91293,5
1735,1223,91388,5
-8735,1224,91537,3
-5110,1225,91557,3
-4815,1226,91575,3
-5930,1227,91755,4
-5220,1228,91945,4
-2650,1229,92038,4
-3470,1230,92145,4
-8815,1231,92296,3
-9275,1232,92462,3
1355,1233,92566,5
-4050,1234,92843,5
-2765,1235,92939,4
-10115,1236,93114,3
-985,1237,93143,4
3085,1238,93206,5
-1225,1239,93260,4
3405,1240,93301,5
-5125,1241,93458,4
-8300,1242,93595,3
-1920,1243,93677,4
-5330,1244,93843,4
-6235,1245,93915,3
-7555,1246,94164,4
-3195,1247,94277,4
-520,1248,94315,4
-5475,1249,94364,3
-9565,1250,94529,3
-13415,1251,94805,3
-4760,1252,94953,4
80,1253,95094,5
-16035,1254,95489,3
-6005,1255,95533,3
-11960,1256,95779,3
380,1257,95905,5
-7455,1258,96137,4
45,1259,96292,5
-5615,1260,96347,3
-7440,1261,96457,3
1170,1262,96561,5
-2200,1263,96792,5
-6630,1264,96881,3
-2150,1265,96953,4
2565,1266,97021,5
-7660,1267,97125,3
-11895,1268,97381,3
4120,1269,97402,5
-5305,1270,97443,3
-1935,1271,97525,4
-1060,1272,97555,4
-1575,1273,97629,4
-5220,1274,97667,3
-960,1275,97713,4
-240,1276,97901,5
-6725,1277,97990,3
-5445,1278,98037,3
-5845,1279,98098,3
5715,1280,98195,6
-5975,1281,98252,3
-5440,1282,98289,3
-4900,1283,98317,3
-1590,1284,98371,4
-5075,1285,98392,3
-1865,1286,98450,4
-2575,1287,98524,4
2140,1288,98620,5
-775,1289,98659,4
3815,1290,98697,5
-5925,1291,98735,3
-8840,1292,99032,4
-4645,1293,99176,4
1270,1294,99282,5
2885,1295,99349,5
-810,1296,99540,5
-310,1297,99555,4
855,1298,99688,5
100,1299,99850,5
-4015,1300,99996,4
-5575,1301,100046,3
2665,1302,100114,5
-2725,1303,100202,4
2445,1304,100282,5
1265,1305,100395,5
-1170,1306,100437,4
-2630,1307,100541,4
2025,1308,100624,5
-2730,1309,100722,4
-1010,1310,100758,4
1195,1311,100878,5
-5270,1312,101055,4
-1520,1313,101104,4
2360,1314,101190,5
-5355,1315,101214,3
-4930,1316,101387,4
-7135,1317,101497,3
-760,1318,101517,4
50,1319,101668,5
-4680,1320,101691,3
935,1321,101807,5
185,1322,101961,5
880,1323,102084,5
1185,1324,102203,5
-3990,1325,102509,5
3695,1326,102549,5
-855,1327,102594,4
6455,1328,102676,6
-2620,1329,102767,4
4370,1330,102922,6
1630,1331,103032,5
-10970,1332,103252,3
-2775,1333,103359,4
-3315,1334,103612,5
2185,1335,103692,5
-5255,1336,103892,4
-880,1337,104079,5
-1120,1338,104134,4
-1985,1339,104204,4
-2625,1340,104314,4
-5045,1341,104475,4
-1315,1342,104533,4
-2275,1343,104636,4
-2910,1344,104722,4
1745,1345,104825,5
-2725,1346,104918,4
-1380,1347,105118,5
-1415,1348,105319,5
1835,1349,105423,5
810,1350,105542,5
-1505,1351,105748,5
-8280,1352,106018,4
7120,1353,106070,6
-4605,1354,106236,4
2040,1355,106329,5
-6830,1356,106555,4
-7885,1357,106676,3
1290,1358,106793,5
-1660,1359,107004,5
-1580,1360,107060,4
1830,1361,107148,5
-6270,1362,107224,3
490,1363,107363,5
-4865,1364,107529,4
-4090,1365,107658,4
3410,1366,107705,5
-9750,1367,108184,5
1330,1368,108297,5
2230,1369,108382,5
1310,1370,108496,5
-285,1371,108658,5
-5935,1372,108716,3
-5345,1373,109049,5
2240,1374,109135,5
-6805,1375,109226,3
440,1376,109375,5
-4850,1377,109533,4
-11425,1378,109895,4
525,1379,110027,5
-5720,1380,110076,3
-5185,1381,110416,5
-7195,1382,110496,3
-5270,1383,110533,3
-1800,1384,110590,4
1570,1385,110695,5
-6855,1386,110790,3
-4275,1387,110923,4
555,1388,111042,5
960,1389,111186,5
-7890,1390,111454,4
-7560,1391,111722,4
-4930,1392,111749,3
-6500,1393,111828,3
-7035,1394,111925,3
4085,1395,111950,5
-1855,1396,112175,5
-1885,1397,112261,4
-1565,1398,112465,5
-110,1399,112629,5
2415,1400,112724,5
500,1401,112863,5
-8475,1402,113306,5
-11030,1403,113817,5
-4840,1404,113834,3
-2595,1405,113917,4
-4835,1406,114238,5
-5500,1407,114585,5
590,1408,114721,5
2325,1409,114801,5
1130,1410,114929,5
-2940,1411,115036,4
-6655,1412,115130,3
-5405,1413,115179,3
-2150,1414,115243,4
3305,1415,115290,5
735,1416,115426,5
3380,1417,115476,5
-6715,1418,115730,4
-1465,1419,115940,5
960,1420,116065,5
2910,1421,116124,5
-1595,1422,116172,4
550,1423,116308,5
-1915,1424,116391,4
-4870,1425,116418,3
-3530,1426,116688,5
-6130,1427,116911,4
-2860,1428,117004,4
-5255,1429,117191,4
4665,1430,117337,6
2685,1431,117408,5
3960,1432,117437,5
-2360,1433,117506,4
-3490,1434,117640,4
1425,1435,117757,5
-8215,1436,117889,3
-4865,1437,118046,4
880,1438,118175,5
2690,1439,118245,5
-3480,1440,118521,5
-5855,1441,118707,4
1645,1442,118811,5
-5445,1443,119008,4
-1750,1444,119073,4
2545,1445,119150,5
-7400,1446,119259,3
-1175,1447,119302,4
-2445,1448,119544,5
-2985,1449,119825,5
7320,1450,119916,6
-4535,1451,120243,5
-3260,1452,120371,4
3040,1453,120439,5
-6655,1454,120525,3
1865,1455,120611,5
-1850,1456,120675,4
4545,1457,120840,6
2880,1458,120914,5
-4185,1459,121219,5
2105,1460,121329,5
1530,1461,121426,5
3250,1462,121476,5
-840,1463,121671,5
2645,1464,121742,5
-2920,1465,121834,4
-550,1466,122026,5
3015,1467,122084,5
2415,1468,122176,5
1560,1469,122281,5
-1645,1470,122505,5
2765,1471,122564,5
2035,1472,122666,5
2055,1473,122750,5
-1535,1474,122958,5
570,1475,123113,5
-2385,1476,123205,4
2030,1477,123313,5
-5675,1478,123366,3
1900,1479,123454,5
3035,1480,123511,5
-5590,1481,123565,3
285,1482,123749,5
-6725,1483,123843,3
755,1484,123979,5
-3560,1485,124119,4
3285,1486,124172,5
7030,1487,124267,6
1505,1488,124379,5
3655,1489,124423,5
-1205,1490,124482,4
1445,1491,124604,5
335,1492,124757,5
-3215,1493,124881,4
-1540,1494,124934,4
6290,1495,125042,6
3645,1496,125094,5
-2870,1497,125345,5
-4640,1498,125489,4
2510,1499,125710,6
375,1500,125855,5
3570,1501,125902,5
3090,1502,125961,5
3740,1503,125995,5
1815,1504,126111,5
2085,1505,126198,5
2265,1506,126285,5
3285,1507,126346,5
625,1508,126499,5
2315,1509,126594,5
320,1510,126749,5
1810,1511,126862,5
5665,1512,126974,6
2895,1513,127045,5
3370,1514,127086,5
-2560,1515,127176,4
1645,1516,127290,5
-3995,1517,127414,4
995,1518,127561,5
1900,1519,127655,5
1435,1520,127764,5
2235,1521,127854,5
-6335,1522,127934,3
-395,1523,127972,4
3245,1524,128021,5
1060,1525,128143,5
-2655,1526,128251,4
2705,1527,128347,5
3265,1528,128390,5
-1725,1529,128469,4
7215,1530,128542,6
-4555,1531,128556,3
-3535,1532,128687,4
1525,1533,128805,5
2615,1534,128877,5
2995,1535,128945,5
2580,1536,129018,5
1570,1537,129138,5
-1110,1538,129196,4
2910,1539,129260,5
255,1540,129436,5
3295,1541,129484,5
885,1542,129611,5
-950,1543,129817,5
2710,1544,129890,5
1600,1545,129994,5
-1015,1546,130045,4
-4220,1547,130352,5
90,1548,130515,5
1770,1549,130619,5
-1105,1550,130823,5
-5085,1551,130856,3
2905,1552,130922,5
2700,1553,131021,5
-1395,1554,131094,4
3180,1555,131148,5
3905,1556,131188,5
1900,1557,131287,5
3755,1558,131317,5
7130,1559,131400,6
-2215,1560,131497,4
-1985,1561,131756,5
2775,1562,131823,5
-5940,1563,131889,3
-645,1564,131940,4
2915,1565,132012,5
3415,1566,132066,5
1600,1567,132182,5
1800,1568,132301,5
3565,1569,132342,5
2320,1570,132441,5
2910,1571,132517,5
655,1572,132660,5
-2330,1573,132754,4
1845,1574,132846,5
2745,1575,132909,5
3375,1576,132955,5
-575,1577,133145,5
1750,1578,133276,5
3270,1579,133337,5
-1950,1580,133426,4
2695,1581,133501,5
1465,1582,133614,5
-3850,1583,133773,4
2255,1584,133887,5
3305,1585,133947,5
460,1586,134105,5
-580,1587,134162,4
-1170,1588,134212,4
2830,1589,134294,5
3360,1590,134341,5
1910,1591,134439,5
2555,1592,134520,5
175,1593,134702,5
-1200,1594,134916,5
3180,1595,134960,5
715,1596,135104,5
3455,1597,135158,5
-135,1598,135349,5
3205,1599,135399,5
2185,1600,135478,5
3670,1601,135529,5
-3295,1602,135645,4
-6615,1603,135737,3
1650,1604,135858,5
3840,1605,136050,6
2605,1606,136133,5
-5070,1607,136342,4
2565,1608,136578,6
2840,1609,136647,5
40,1610,136805,5
845,1611,136947,5
3320,1612,137006,5
-460,1613,137207,5
15,1614,137377,5
3650,1615,137415,5
1375,1616,137543,5
4065,1617,137555,5
980,1618,137706,5
-1470,1619,137937,5
2605,1620,138023,5
3425,1621,138074,5
630,1622,138235,5
3080,1623,138307,5
-3175,1624,138428,4
1990,1625,138559,5
3595,1626,138612,5
360,1627,138781,5
4015,1628,138808,5
-195,1629,138990,5
-1650,1630,139073,4
930,1631,139222,5
2425,1632,139314,5
3655,1633,139387,5
870,1634,139521,5
7015,1635,139590,6
2260,1636,139682,5
3515,1637,139727,5
2210,1638,139860,5
2415,1639,139935,5
3000,1640,139994,5
1480,1641,140137,5
2530,1642,140209,5
2520,1643,140302,5
2460,1644,140379,5
2015,1645,140478,5
-2820,1646,140613,4
2665,1647,140685,5
2145,1648,140778,5
5935,1649,140883,6
3580,1650,140924,5
1165,1651,141064,5
3610,1652,141100,5
2295,1653,141202,5
3490,1654,141247,5
3895,1655,141277,5
2120,1656,141402,5
3475,1657,141468,5
-3240,1658,141605,4
-1710,1659,141694,4
1115,1660,141862,5
2930,1661,141921,5
9170,1662,142061,7
2280,1663,142154,5
3465,1664,142209,5
3365,1665,142280,5
1885,1666,142377,5
-2590,1667,142486,4
-3965,1668,142647,4
6550,1669,142741,6
2820,1670,142828,5
-505,1671,142848,4
1140,1672,143006,5
325,1673,143190,5
7795,1674,143247,6
2670,1675,143317,5
-3235,1676,143457,4
3220,1677,143498,5
3530,1678,143556,5
-3075,1679,143698,4
2235,1680,143799,5
2930,1681,143877,5
2265,1682,143964,5
1555,1683,144077,5
120,1684,144242,5
6795,1685,144331,6
960,1686,144480,5
7825,1687,144546,6
5585,1688,144671,6
2475,1689,144759,5
6650,1690,144886,6
2490,1691,144978,5
2055,1692,145072,5
1775,1693,145181,5
2395,1694,145283,5
-1160,1695,145347,4
1335,1696,145489,5
9360,1697,145615,7
1195,1698,145766,5
2660,1699,145839,5
3100,1700,145906,5
3455,1701,145957,5
1695,1702,146098,5
3345,1703,146149,5
4005,1704,146175,5
3420,1705,146251,5
2925,1706,146326,5
4110,1707,146352,5
3340,1708,146421,5
1955,1709,146527,5
-900,1710,146752,5
1555,1711,146870,5
3555,1712,146915,5
1755,1713,147030,5
2110,1714,147149,5
3325,1715,147223,5
11875,1716,147304,7
1650,1717,147416,5
2890,1718,147494,5
15260,1719,147625,8
3695,1720,147671,5
3525,1721,147739,5
3590,1722,147794,5
7585,1723,147866,6
3250,1724,147939,5
1610,1725,148068,5
-1960,1726,148329,5
8075,1727,148376,6
8150,1728,148448,6
12025,1729,148504,7
3885,1730,148547,5
4025,1731,148574,5
8325,1732,148620,6
3090,1733,148672,5
1885,1734,148793,5
11450,1735,148892,7
2840,1736,148965,5
5290,1737,149102,6
7205,1738,149207,6
2685,1739,149276,5
7135,1740,149392,6
7360,1741,149487,6
2150,1742,149585,5
2445,1743,149690,5
1825,1744,149818,5
3105,1745,149887,5
2115,1746,149985,5
1555,1747,150112,5
4280,1748,150136,5
16000,1749,150206,8
11225,1750,150283,7
4140,1751,150302,5
8220,1752,150328,6
23905,1753,150433,10
3590,1754,150469,5
8380,1755,150514,6
4430,1756,150544,5
8060,1757,150603,6
16810,1758,150666,8
12085,1759,150730,7
3790,1760,150766,5
12205,1761,150832,7
4315,1762,150862,5
12425,1763,150905,7
20510,1764,150994,9
-230,1765,151026,4
12410,1766,151116,7
20340,1767,151207,9
8320,1768,151259,6
4085,1769,151289,5
4430,1770,151319,5
7985,1771,151358,6
8010,1772,151401,6
7825,1773,151447,6
4365,1774,151475,5
15700,1775,151557,8
8175,1776,151633,6
4085,1777,151659,5
8220,1778,151681,6
4490,1779,151714,5
16475,1780,151763,8
4115,1781,151785,5
3910,1782,151829,5
7955,1783,151875,6
12440,1784,151928,7
7885,1785,152009,6
19955,1786,152086,9
4120,1787,152121,5
16570,1788,152196,8
3910,1789,152222,5
4370,1790,152250,5
12535,1791,152297,7
12295,1792,152348,7
12020,1793,152417,7
3770,1794,152468,5
7895,1795,152512,6
23990,1796,152622,10
4070,1797,152649,5
7895,1798,152697,6
19925,1799,152793,9
16335,1800,152862,8
4220,1801,152902,5
4010,1802,152941,5
4235,1803,152971,5
12045,1804,153052,7
11965,1805,153102,7
8000,1806,153149,6
4055,1807,153173,5
12195,1808,153216,7
3890,1809,153246,5
6795,1810,153357,6
4485,1811,153384,5
4285,1812,153399,5
3870,1813,153441,5
4280,1814,153465,5
8095,1815,153513,6
4740,1816,153560,5
8050,1817,153631,6
4090,1818,153672,5
4280,1819,153692,5
8110,1820,153731,6
4320,1821,153748,5
4040,1822,153766,5
16430,1823,153835,8
10675,1824,153949,7
4190,1825,153981,5
16365,1826,154043,8
12025,1827,154141,7
4225,1828,154172,5
3195,1829,154238,5
8230,1830,154313,6
3830,1831,154367,5
3465,1832,154428,5
3740,1833,154484,5
3755,1834,154528,5
2535,1835,154643,5
4950,1836,154818,6
4160,1837,154851,5
1760,1838,154958,5
6520,1839,155082,6
3835,1840,155128,5
3625,1841,155188,5
8130,1842,155236,6
3990,1843,155274,5
3640,1844,155335,5
7895,1845,155379,6
16305,1846,155484,8
19880,1847,155577,9
3950,1848,155589,5
8080,1849,155632,6
16085,1850,155706,8
11730,1851,155773,7
12715,1852,155832,7
-5,1853,155858,4
11815,1854,155915,7
8015,1855,155967,6
3850,1856,156008,5
3680,1857,156035,5
20300,1858,156158,9
8200,1859,156217,6
7875,1860,156266,6
12380,1861,156312,7
4160,1862,156344,5
3285,1863,156423,5
3730,1864,156464,5
16380,1865,156577,8
740,1866,156741,5
2565,1867,156831,5
6160,1868,156948,6
545,1869,157102,5
1740,1870,157209,5
3315,1871,157279,5
2230,1872,157363,5
3610,1873,157410,5
7275,1874,157491,6
-365,1875,157706,5
3645,1876,157750,5
-1450,1877,157827,4
2275,1878,157925,5
3360,1879,157984,5
2210,1880,158071,5
3210,1881,158139,5
2335,1882,158254,5
1980,1883,158359,5
7300,1884,158442,6
400,1885,158610,5
3300,1886,158661,5
2150,1887,158774,5
2085,1888,158881,5
2505,1889,158959,5
3130,1890,159033,5
2170,1891,159129,5
555,1892,159300,5
3250,1893,159351,5
2740,1894,159441,5
2610,1895,159522,5
2870,1896,159596,5
4155,1897,159623,5
3340,1898,159678,5
2980,1899,159757,5
1480,1900,159910,5
1810,1901,160031,5
2475,1902,160114,5
3440,1903,160186,5
745,1904,160334,5
3250,1905,160415,5
12875,1906,160646,8
955,1907,160795,5
560,1908,160947,5
2235,1909,161065,5
2425,1910,161158,5
1135,1911,161303,5
3620,1912,161356,5
2370,1913,161439,5
-560,1914,161644,5
2500,1915,161746,5
2845,1916,161835,5
4055,1917,161908,5
-390,1918,162099,5
3470,1919,162317,6
2580,1920,162390,5
3435,1921,162458,5
3030,1922,162530,5
1810,1923,162638,5
7045,1924,162727,6
8065,1925,162775,6
3735,1926,162823,5
7520,1927,162900,6
3305,1928,162987,5
2805,1929,163071,5
1205,1930,163215,5
365,1931,163372,5
2575,1932,163457,5
350,1933,163635,5
-5175,1934,163992,5
1590,1935,164104,5
3705,1936,164143,5
3020,1937,164215,5
2840,1938,164289,5
2240,1939,164405,5
3725,1940,164439,5
9230,1941,164611,7
2475,1942,164703,5
2665,1943,164796,5
1550,1944,164905,5
2660,1945,164978,5
-1995,1946,165086,4
1825,1947,165243,5
2335,1948,165324,5
-500,1949,165565,5
345,1950,165751,5
1420,1951,165865,5
8205,1952,165926,6
-205,1953,166101,5
115,1954,166251,5
-455,1955,166448,5
3490,1956,166505,5
5905,1957,166630,6
7955,1958,166677,6
12610,1959,166723,7
8395,1960,166747,6
4175,1961,166771,5
24670,1962,166878,10
4100,1963,166900,5
8420,1964,166953,6
19900,1965,167060,9
3720,1966,167131,5
-840,1967,167180,4
3795,1968,167226,5
3185,1969,167289,5
1870,1970,167412,5
1890,1971,167529,5
1055,1972,167675,5
2485,1973,167765,5
2805,1974,167837,5
3935,1975,167901,5
3660,1976,167939,5
3380,1977,167998,5
6335,1978,168110,6
5940,1979,168270,6
410,1980,168460,5
11335,1981,168578,7
4050,1982,168606,5
3880,1983,168635,5
4315,1984,168659,5
4080,1985,168696,5
25440,1986,168828,10
8230,1987,168875,6
11925,1988,168915,7
8140,1989,168950,6
8145,1990,169014,6
20555,1991,169107,9
20430,1992,169190,9
12220,1993,169273,7
12520,1994,169351,7
-4675,1995,169697,5
2635,1996,169787,5
5970,1997,169924,6
7295,1998,169998,6
-4705,1999,170332,5
3905,2000,170366,5
-2445,2001,170472,4
1325,2002,170625,5
-730,2003,170826,5
4015,2004,170852,5
15890,2005,170936,8
8260,2006,170981,6
4155,2007,170996,5
4050,2008,171020,5
16585,2009,171088,8
22700,2010,171276,10
4105,2011,171322,5
3890,2012,171347,5
4050,2013,171387,5
16440,2014,171478,8
16135,2015,171531,8
12475,2016,171559,7
11490,2017,171646,7
8060,2018,171683,6
3585,2019,171734,5
7795,2020,171782,6
3255,2021,171854,5
2500,2022,171962,5
635,2023,172107,5
1605,2024,172227,5
-1010,2025,172282,4
1755,2026,172408,5
-45,2027,172432,4
11760,2028,172480,7
3440,2029,172551,5
20160,2030,172678,9
3990,2031,172713,5
12040,2032,172777,7
8240,2033,172839,6
48795,2034,173056,16
4090,2035,173103,5
11840,2036,173181,7
7260,2037,173257,6
3665,2038,173314,5
3500,2039,173360,5
2140,2040,173654,6
-1080,2041,173717,4
4985,2042,173869,6
3475,2043,173903,5
13425,2044,174103,8
4320,2045,174142,5
3945,2046,174170,5
4160,2047,174229,5
4100,2048,174251,5
270,2049,174269,4
3890,2050,174295,5
4130,2051,174332,5
4160,2052,174361,5
8110,2053,174428,6
3605,2054,174461,5
8280,2055,174498,6
24370,2056,174632,10
20670,2057,174688,9
4100,2058,174727,5
20530,2059,174801,9
3930,2060,174834,5
20865,2061,174924,9
16370,2062,175011,8
11995,2063,175059,7
4225,2064,175086,5
8050,2065,175126,6
8465,2066,175161,6
3505,2067,175242,5
4130,2068,175264,5
15320,2069,175365,8
7535,2070,175439,6
4205,2071,175456,5
11815,2072,175522,7
8150,2073,175573,6
8420,2074,175607,6
15740,2075,175687,8
55810,2076,175925,18
20450,2077,176018,9
20120,2078,176116,9
3775,2079,176149,5
11340,2080,176293,7
8350,2081,176342,6
24130,2082,176443,10
4110,2083,176463,5
16050,2084,176525,8
12475,2085,176579,7
12415,2086,176667,7
12915,2087,176725,7
33570,2088,176840,12
4295,2089,176856,5
8410,2090,176885,6
12515,2091,176936,7
12435,2092,176984,7
16640,2093,177043,8
4300,2094,177068,5
8085,2095,177098,6
4155,2096,177126,5
4350,2097,177158,5
16860,2098,177223,8
8225,2099,177276,6
4140,2100,177290,5
4070,2101,177324,5
8480,2102,177360,6
53400,2103,177548,17
16310,2104,177600,8
32550,2105,177718,12
3835,2106,177756,5
25295,2107,177849,10
24330,2108,177943,10
8375,2109,177984,6
3900,2110,178016,5
3860,2111,178060,5
8615,2112,178102,6
-785,2113,178121,4
7460,2114,178195,6
4255,2115,178217,5
4295,2116,178237,5
16500,2117,178302,8
47675,2118,178498,16
2180,2119,178775,6
4165,2120,178807,5
24530,2121,178915,10
12330,2122,178964,7
8220,2123,178982,6
16365,2124,179041,8
3585,2125,179078,5
32220,2126,179204,12
7430,2127,179284,6
16565,2128,179341,8
2610,2129,179381,5
28695,2130,179517,11
7370,2131,179582,6
4145,2132,179605,5
4265,2133,179628,5
16200,2134,179722,8
4215,2135,179739,5
8435,2136,179799,6
3580,2137,179832,5
4615,2138,179994,6
23865,2139,180089,10
4180,2140,180134,5
4150,2141,180153,5
16205,2142,180251,8
24860,2143,180368,10
23755,2144,180554,10
4195,2145,180588,5
4260,2146,180621,5
12100,2147,180683,7
4140,2148,180706,5
12540,2149,180758,7
4240,2150,180781,5
4120,2151,180802,5
4145,2152,180825,5
3995,2153,180863,5
11265,2154,180938,7
22710,2155,181107,10
37125,2156,181231,13
8210,2157,181274,6
28170,2158,181392,11
8485,2159,181420,6
4065,2160,181471,5
19280,2161,181568,9
29300,2162,181685,11
47070,2163,181962,16
4100,2164,181975,5
8110,2165,182023,6
24200,2166,182181,10
20455,2167,182290,9
20345,2168,182401,9
12570,2169,182468,7
24930,2170,182585,10
20575,2171,182640,9
7485,2172,182715,6
16135,2173,182797,8
40620,2174,182944,14
12220,2175,182983,7
20860,2176,183061,9
16225,2177,183150,8
57440,2178,183377,18
4005,2179,183407,5
4090,2180,183435,5
8385,2181,183459,6
8255,2182,183487,6
-95,2183,183506,4
8365,2184,183529,6
12915,2185,183597,7
4160,2186,183621,5
4245,2187,183669,5
12740,2188,183730,7
45120,2189,183911,15
4500,2190,183952,5
65515,2191,184238,20
20415,2192,184330,9
12415,2193,184385,7
44760,2194,184559,15
20145,2195,184627,9
3490,2196,184670,5
4220,2197,184691,5
37235,2198,184823,13
4175,2199,184852,5
12740,2200,184952,7
20535,2201,185022,9
8130,2202,185053,6
3950,2203,185065,5
31765,2204,185186,12
4015,2205,185229,5
4110,2206,185250,5
8300,2207,185308,6
23365,2208,185432,10
3975,2209,185445,5
4275,2210,185482,5
8325,2211,185530,6
28680,2212,185636,11
8640,2213,185692,6
11675,2214,185764,7
3875,2215,185793,5
8215,2216,185823,6
3820,2217,185866,5
12545,2218,185918,7
23920,2219,186073,10
7280,2220,186162,6
3975,2221,186175,5
12860,2222,186236,7
52810,2223,186448,17
4335,2224,186484,5
12560,2225,186528,7
16160,2226,186672,8
4580,2227,186715,5
17190,2228,186829,8
8250,2229,186874,6
4075,2230,186890,5
24435,2231,187006,10
16605,2232,187065,8
4380,2233,187089,5
41340,2234,187206,14
4140,2235,187225,5
4140,2236,187244,5
48300,2237,187495,16
3950,2238,187519,5
7520,2239,187785,7
8155,2240,187809,6
27900,2241,187920,11
40970,2242,188129,14
24235,2243,188282,10
12450,2244,188344,7
32760,2245,188439,12
36985,2246,188612,13
15755,2247,188687,8
24295,2248,188789,10
64845,2249,189091,20
3020,2250,189148,5
52765,2251,189358,17
4320,2252,189375,5
28460,2253,189531,11
24490,2254,189636,10
24555,2255,189755,10
4225,2256,189785,5
4155,2257,189804,5
8320,2258,189830,6
40540,2259,190022,14
12465,2260,190090,7
8225,2261,190104,6
4380,2262,190158,5
36550,2263,190362,13
8430,2264,190397,6
36665,2265,190576,13
12405,2266,190636,7
49345,2267,190835,16
28585,2268,190964,11
8205,2269,190994,6
33690,2270,191135,12
28550,2271,191232,11
53580,2272,191418,17
12230,2273,191492,7
41305,2274,191625,14
8735,2275,191685,6
32410,2276,191840,12
4290,2277,191865,5
8565,2278,191940,6
4320,2279,191968,5
8030,2280,191987,6
45430,2281,192173,15
54895,2282,192393,17
16680,2283,192433,8
16875,2284,192498,8
12215,2285,192542,7
8280,2286,192575,6
4215,2287,192597,5
72120,2288,192940,22
4180,2289,192956,5
12340,2290,193005,7
24475,2291,193108,10
32855,2292,193222,12
8445,2293,193257,6
4310,2294,193273,5
32440,2295,193425,12
20670,2296,193487,9
39165,2297,193706,14
16385,2298,193770,8
23980,2299,193876,10
3925,2300,193930,5
-5205,2301,194466,6
8125,2302,194494,6
19690,2303,194623,9
36705,2304,194801,13
7465,2305,194848,6
11905,2306,194898,7
20155,2307,194969,9
8385,2308,194989,6
19435,2309,195070,9
32190,2310,195234,12
1650,2311,195319,5
4285,2312,195353,5
8440,2313,195431,6
14485,2314,195553,8
32375,2315,195707,12
11485,2316,195777,7
20380,2317,195884,9
19465,2318,195971,9
20735,2319,196062,9
12435,2320,196105,7
43790,2321,196342,15
72870,2322,196684,22
3985,2323,196715,5
37045,2324,196886,13
47995,2325,197100,16
4080,2326,197120,5
16640,2327,197177,8
4030,2328,197195,5
4210,2329,197216,5
24905,2330,197281,10
20595,2331,197330,9
23410,2332,197469,10
24710,2333,197565,10
59245,2334,197862,19
8285,2335,197878,6
8465,2336,197918,6
4035,2337,197946,5
4320,2338,197967,5
4495,2339,197995,5
4310,2340,198011,5
4215,2341,198033,5
16860,2342,198111,8
78515,2343,198384,23
37175,2344,198506,13
49105,2345,198691,16
16705,2346,198766,8
4370,2347,198785,5
4320,2348,198802,5
20470,2349,198859,9
94025,2350,199212,27
66230,2351,199555,21
8490,2352,199628,6
4030,2353,199642,5
12505,2354,199696,7
29115,2355,199810,11
4105,2356,199827,5
15980,2357,199901,8
8385,2358,199929,6
36435,2359,200084,13
23805,2360,200229,10
86700,2361,200525,25
16285,2362,200594,8
16490,2363,200658,8
96460,2364,201015,27
41110,2365,201132,14
4420,2366,201157,5
4165,2367,201172,5
4320,2368,201189,5
4065,2369,201201,5
57550,2370,201397,18
33025,2371,201545,12
60700,2372,201797,19
16410,2373,201863,8
4050,2374,201878,5
4280,2375,201901,5
4315,2376,201927,5
36230,2377,202079,13
40350,2378,202261,14
4390,2379,202298,5
12130,2380,202365,7
8355,2381,202400,6
23810,2382,202516,10
7975,2383,202560,6
36850,2384,202707,13
-2470,2385,202987,5
49455,2386,203143,16
24620,2387,203248,10
24400,2388,203342,10
44785,2389,203533,15
28335,2390,203666,11
8420,2391,203695,6
4240,2392,203718,5
12450,2393,203794,7
25515,2394,203894,10
80865,2395,204236,24
25105,2396,204391,10
56260,2397,204642,18
32620,2398,204772,12
12470,2399,204848,7
20185,2400,204903,9
20275,2401,204999,9
58715,2402,205227,18
17065,2403,205291,8
70035,2404,205512,21
41645,2405,205679,14
12380,2406,205725,7
8510,2407,205758,6
83085,2408,206046,24
29285,2409,206158,11
32745,2410,206259,12
33100,2411,206423,12
44310,2412,206618,15
8275,2413,206660,6
16510,2414,206711,8
28745,2415,206838,11
11490,2416,206926,7
8035,2417,206963,6
44360,2418,207164,15
44590,2419,207361,15
36880,2420,207516,13
44985,2421,207750,15
15740,2422,207838,8
36855,2423,207969,13
12065,2424,208030,7
4330,2425,208052,5
8230,2426,208083,6
4295,2427,208099,5
25110,2428,208182,10
4090,2429,208191,5
4205,2430,208212,5
4390,2431,208241,5
4255,2432,208264,5
8195,2433,208324,6
4405,2434,208349,5
8265,2435,208382,6
27310,2436,208541,11
8670,2437,208581,6
19595,2438,208684,9
8440,2439,208710,6
4000,2440,208720,5
50070,2441,208857,16
8435,2442,208887,6
4130,2443,208901,5
36890,2444,209024,13
12445,2445,209083,7
25410,2446,209204,10
45205,2447,209391,15
-4170,2448,209732,5
4025,2449,209746,5
4255,2450,209769,5
4215,2451,209791,5
4320,2452,209808,5
20970,2453,209860,9
4370,2454,209879,5
4230,2455,209896,5
12530,2456,209948,7
8595,2457,209989,6
29360,2458,210086,11
12310,2459,210124,7
12675,2460,210156,7
12305,2461,210194,7
4460,2462,210216,5
4435,2463,210237,5
41485,2464,210380,14
12455,2465,210429,7
24935,2466,210536,10
29270,2467,210668,11
25125,2468,210791,10
32840,2469,210934,12
24925,2470,211049,10
10030,2471,211515,9
7850,2472,211563,6
4095,2473,211580,5
12555,2474,211633,7
4470,2475,211660,5
4310,2476,211676,5
4285,2477,211691,5
8545,2478,211721,6
4090,2479,211746,5
8080,2480,211767,6
28390,2481,211864,11
15835,2482,211946,8
24700,2483,212015,10
4365,2484,212047,5
4305,2485,212072,5
4330,2486,212098,5
16740,2487,212184,8
4195,2488,212204,5
4055,2489,212241,5
7785,2490,212295,6
3775,2491,212335,5
94730,2492,212797,28
25260,2493,212884,10
45990,2494,213037,15
20105,2495,213471,11
8650,2496,213501,6
16655,2497,213575,8
4435,2498,213596,5
4510,2499,213620,5
4285,2500,213635,5
4320,2501,213656,5
17470,2502,213727,8
4295,2503,213747,5
4410,2504,213767,5
16805,2505,213816,8
4335,2506,213833,5
3930,2507,213870,5
4145,2508,213884,5
31840,2509,214001,12
53225,2510,214194,17
4170,2511,214213,5
13040,2512,214267,7
4460,2513,214289,5
4330,2514,214315,5
4395,2515,214339,5
8600,2516,214371,6
4320,2517,214392,5
8570,2518,214432,6
8410,2519,214461,6
4440,2520,214482,5
8550,2521,214512,6
11725,2522,214587,7
12980,2523,214634,7
21325,2524,214703,9
4345,2525,214725,5
25495,2526,214811,10
21590,2527,214905,9
7870,2528,214940,6
28985,2529,215049,11
16990,2530,215106,8
4115,2531,215119,5
12280,2532,215161,7
4355,2533,215184,5
8320,2534,215210,6
4230,2535,215223,5
4355,2536,215241,5
4040,2537,215252,5
4205,2538,215273,5
28380,2539,215428,11
8420,2540,215458,6
8875,2541,215497,6
4240,2542,215524,5
29425,2543,215619,11
4180,2544,215639,5
8650,2545,215673,6
4310,2546,215689,5
4295,2547,215709,5
8325,2548,215730,6
4335,2549,215747,5
4370,2550,215770,5
4295,2551,215790,5
25390,2552,215891,10
32405,2553,216023,12
4310,2554,216039,5
20640,2555,217014,15
27525,2556,217141,11
28515,2557,217261,11
47810,2558,217524,16
8345,2559,217555,6
4265,2560,217579,5
29185,2561,217727,11
40860,2562,217866,14
28780,2563,217958,11
68110,2564,218344,21
32430,2565,218480,12
53055,2566,218655,17
40725,2567,218795,14
4170,2568,218814,5
41570,2569,219028,14
12250,2570,219082,7
37080,2571,219191,13
24935,2572,219285,10
62050,2573,219523,19
4270,2574,219545,5
33575,2575,219666,12
4440,2576,219708,5
28930,2577,219792,11
16375,2578,219845,8
-11545,2579,220486,5
29275,2580,220600,11
54240,2581,220806,17
13095,2582,220872,7
36930,2583,221548,17
4245,2584,221579,5
37245,2585,221763,13
68890,2586,222054,21
4195,2587,222066,5
4365,2588,222098,5
37375,2589,222247,13
12465,2590,222292,7
15950,2591,222381,8
29010,2592,222466,11
3945,2593,222482,5
12725,2594,222556,7
16455,2595,222596,8
62270,2596,222793,19
38540,2597,222934,13
12565,2598,222988,7
36985,2599,223165,13
40605,2600,223346,14
36520,2601,223528,13
20080,2602,223639,9
950,2603,224060,7
12440,2604,224109,7
16920,2605,224215,8
25055,2606,224300,10
20640,2607,224398,9
40560,2608,224548,14
96765,2609,224960,28
8505,2610,225006,6
48095,2611,225195,16
29195,2612,225284,11
-6120,2613,225609,5
31055,2614,225773,12
17460,2615,225948,9
26235,2616,226131,11
61015,2617,226412,19
4155,2618,226431,5
16270,2619,226485,8
12225,2620,226525,7
4270,2621,226544,5
40760,2622,226663,14
65920,2623,226972,20
16605,2624,227040,8
12130,2625,227088,7
20840,2626,227190,9
8520,2627,227239,6
59255,2628,227508,18
29365,2629,227615,11
12505,2630,227666,7
24600,2631,227755,10
45190,2632,227959,15
48915,2633,228140,16
4335,2634,228191,5
7705,2635,228256,6
-9250,2636,228788,5
11945,2637,228836,7
-78270,2638,232004,5
28865,2639,232100,11
4480,2640,232128,5
20770,2641,232195,9
16100,2642,232313,8
4050,2643,232325,5
20480,2644,232413,9
4345,2645,232431,5
44865,2646,232620,15
17125,2647,232710,8
23635,2648,232864,10
4160,2649,232879,5
7420,2650,232938,6
4200,2651,232964,5
15855,2652,233017,8
15605,2653,233083,8
12555,2654,233132,7
4165,2655,233152,5
23910,2656,233293,10
19545,2657,233395,9
2865,2658,233493,5
3480,2659,233559,5
4245,2660,233602,5
3285,2661,233678,5
3620,2662,233750,5
8005,2663,233790,6
-1770,2664,234072,5
-3385,2665,234396,5
29330,2666,234509,11
11385,2667,234574,7
15435,2668,234688,8
12050,2669,234734,7
12455,2670,234779,7
-13595,2671,235356,5
4215,2672,235414,5
3455,2673,235465,5
12200,2674,235516,7
28835,2675,235626,11
4365,2676,235666,5
8260,2677,235708,6
16430,2678,235791,8
9615,2679,235934,7
4370,2680,235953,5
20600,2681,236020,9
20940,2682,236099,9
4320,2683,236123,5
4055,2684,236142,5
24015,2685,236237,10
3285,2686,236295,5
58400,2687,236493,18
105240,2688,236898,30
2250,2689,237005,5
12415,2690,237090,7
3725,2691,237156,5
3925,2692,237212,5
1180,2693,237347,5
3750,2694,237384,5
8285,2695,237459,6
3895,2696,237516,5
45030,2697,237837,16
40900,2698,237979,14
43630,2699,238136,15
53715,2700,238381,17
18080,2701,238537,9
12260,2702,238579,7
890,2703,238755,5
3615,2704,238802,5
3725,2705,238854,5
6925,2706,238928,6
-19860,2707,239877,5
16425,2708,239948,8
3235,2709,240009,5
7635,2710,240049,6
-24050,2711,241157,5
57060,2712,241343,18
54405,2713,241542,17
15860,2714,241617,8
31090,2715,241862,12
7605,2716,241944,6
-7810,2717,242562,6
3420,2718,242618,5
3570,2719,242669,5
7615,2720,242901,7
4250,2721,242928,5
31450,2722,243102,12
16310,2723,243164,8
28260,2724,243256,11
8935,2725,243604,8
-11215,2726,244168,5
8090,2727,244225,6
23755,2728,244335,10
25030,2729,244442,10
8060,2730,244476,6
24690,2731,244580,10
17105,2732,244636,8
12920,2733,244695,7
12085,2734,244720,7
9610,2735,244934,7
7795,2736,244991,6
-10025,2737,245733,6
3805,2738,245759,5
3865,2739,245792,5
3860,2740,245828,5
33080,2741,245942,12
7895,2742,246005,6
7790,2743,246090,6
-4035,2744,246432,5
3825,2745,246484,5
3780,2746,246525,5
-12100,2747,247173,5
18570,2748,247306,9
16725,2749,247378,8
4320,2750,247395,5
-43650,2751,248888,5
16635,2752,248944,8
7655,2753,248998,6
12130,2754,249053,7
12175,2755,249096,7
15695,2756,249175,8
69660,2757,249474,21
520,2758,249644,5
4190,2759,249701,5
-18460,2760,250797,6
12085,2761,250862,7
12765,2762,250936,7
4085,2763,250973,5
3760,2764,251011,5
-7915,2765,251464,5
-6955,2766,251932,5
3940,2767,251968,5
24790,2768,252044,10
15655,2769,252156,8
8055,2770,252188,6
-23670,2771,253256,5
7805,2772,253298,6
12250,2773,253355,7
7380,2774,253445,6
-8005,2775,254123,6
16020,2776,254204,8
4120,2777,254251,5
7980,2778,254305,6
5300,2779,254789,8
3965,2780,254830,5
3830,2781,254856,5
-25,2782,255044,5
1845,2783,255146,5
4070,2784,255188,5
-16395,2785,256165,6
8170,2786,256185,6
49495,2787,256309,16
32135,2788,256472,12
8475,2789,256518,6
4070,2790,256534,5
8455,2791,256569,6
58765,2792,256814,18
20625,2793,256889,9
16545,2794,256965,8
4025,2795,256984,5
28385,2796,257108,11
54365,2797,257324,17
12385,2798,257375,7
4470,2799,257424,5
-8550,2800,257926,5
16100,2801,258002,8
4190,2802,258023,5
16755,2803,258089,8
13000,2804,258250,8
4405,2805,258275,5
57435,2806,258631,19
4405,2807,258656,5
14115,2808,258780,8
24660,2809,258899,10
4155,2810,258965,5
2585,2811,259042,5
-28000,2812,260268,6
-3035,2813,260898,7
27530,2814,261063,11
-4235,2815,261392,5
-10410,2816,261973,5
1855,2817,262084,5
2525,2818,262135,5
3290,2819,262189,5
-14855,2820,262848,5
3675,2821,262917,5
3415,2822,263021,5
-6285,2823,263940,8
29255,2824,264021,11
2390,2825,264707,9
500,2826,264877,5
-705,2827,265094,5
12325,2828,265143,7
-8905,2829,265669,5
4390,2830,265731,5
3940,2831,265774,5
8270,2832,265834,6
3150,2833,266075,6
9560,2834,266222,7
12630,2835,266274,7
32495,2836,266414,12
3725,2837,266453,5
4110,2838,266492,5
-1340,2839,267076,7
-25655,2840,268243,5
7440,2841,268312,6
-6725,2842,268841,6
3305,2843,268906,5
3100,2844,268967,5
9780,2845,269104,7
33645,2846,269265,12
23810,2847,269370,10
15950,2848,269480,8
24570,2849,269718,11
8350,2850,269748,6
3850,2851,269769,5
19030,2852,269903,9
4155,2853,269918,5
12040,2854,269978,7
4265,2855,270002,5
-13080,2856,270597,5
-890,2857,271153,7
3040,2858,271231,5
-1955,2859,271632,6
16500,2860,271738,8
16695,2861,271797,8
4230,2862,271819,5
8730,2863,271893,6
23565,2864,272197,11
-5830,2865,272605,5
-1395,2866,272838,5
23945,2867,272968,10
18260,2868,273426,11
3825,2869,273973,8
8135,2870,274028,6
7995,2871,274109,6
5505,2872,275449,14
28715,2873,275932,13
3620,2874,275969,5
7375,2875,276068,6
-13480,2876,276742,5
7775,2877,276788,6
7910,2878,276845,6
4275,2879,276877,5
-7040,2880,277537,7
-18655,2881,278425,5
3450,2882,278475,5
3390,2883,278536,5
3670,2884,278748,6
8235,2885,278784,6
2550,2886,278874,5
12185,2887,278912,7
9835,2888,279060,7
-63255,2889,281668,5
25190,2890,281891,11
20035,2891,281974,9
28965,2892,282080,11
12510,2893,282113,7
8250,2894,282150,6
4295,2895,282166,5
24840,2896,282289,10
3835,2897,282329,5
3800,2898,282364,5
7750,2899,282428,6
965,2900,282536,5
2730,2901,282594,5
3215,2902,282657,5
3590,2903,283016,7
19530,2904,283146,9
12435,2905,283202,7
5250,2906,283525,7
20925,2907,283620,9
4010,2908,283646,5
20990,2909,283752,9
12140,2910,283783,7
28310,2911,283913,11
32625,2912,284096,12
2865,2913,284181,5
-11480,2914,284728,5
-10235,2915,285472,6
19065,2916,285606,9
16600,2917,285696,8
20105,2918,285807,9
3395,2919,285857,5
7765,2920,285927,6
-3450,2921,286530,7
2335,2922,286770,6
-3895,2923,287059,5
-27750,2924,288481,7
6675,2925,288594,6
8240,2926,288765,7
7915,2927,288810,6
16265,2928,288887,8
8110,2929,288951,6
8085,2930,288992,6
25000,2931,289089,10
41350,2932,289329,14
-22050,2933,290439,6
3685,2934,290479,5
1830,2935,290589,5
16165,2936,290653,8
16065,2937,290748,8
3430,2938,290787,5
-23250,2939,291777,5
3010,2940,291832,5
3430,2941,291871,5
9685,2942,292026,7
-21335,2943,293189,7
18940,2944,293336,9
7915,2945,293393,6
11670,2946,293509,7
4100,2947,293556,5
8040,2948,293772,7
15610,2949,293839,8
20165,2950,293930,9
4105,2951,293969,5
11405,2952,294039,7
11535,2953,294112,7
4095,2954,294146,5
7255,2955,294210,6
20250,2956,294309,9
4120,2957,294344,5
3980,2958,294393,5
3980,2959,294440,5
-73935,2960,297309,6
8465,2961,298116,11
24720,2962,298202,10
8415,2963,298253,6
4115,2964,298283,5
41305,2965,298375,14
32420,2966,298437,12
12810,2967,298495,7
28400,2968,298615,11
16470,2969,298665,8
8220,2970,298690,6
17020,2971,298762,8
4020,2972,298780,5
20740,2973,298871,9
32895,2974,299332,14
-23705,2975,300420,6
4300,2976,300462,5
37065,2977,300615,13
12855,2978,300689,7
2580,2979,300750,5
16810,2980,300816,8
11280,2981,300890,7
4120,2982,300925,5
-28930,2983,302217,5
3360,2984,302270,5
-21345,2985,303367,6
30610,2986,303785,13
40820,2987,304167,15
19315,2988,304303,9
23145,2989,304446,10
15315,2990,304522,8
-20515,2991,305739,8
-13175,2992,306364,5
-10365,2993,308124,13
4215,2994,308146,5
4230,2995,308164,5
27935,2996,308315,11
2170,2997,309023,9
-1850,2998,309281,5
3720,2999,309518,6
-18580,3000,310443,6
18070,3001,310841,10
7780,3002,310899,6
1745,3003,311016,5
3510,3004,311067,5
-880,3005,311724,8
19000,3006,311884,9
19550,3007,312014,9
-5300,3008,312331,5
-320,3009,312501,5
-28930,3010,313750,5
-4835,3011,314399,7
3650,3012,314444,5
11680,3013,314505,7
11695,3014,314567,7
7985,3015,314609,6
19955,3016,314722,9
3570,3017,314761,5
8265,3018,315416,10
15260,3019,315506,8
-9445,3020,315984,5
3790,3021,316023,5
20625,3022,316101,9
8190,3023,316148,6
3290,3024,316196,5
-16725,3025,317046,6
-7745,3026,318265,10
8430,3027,318970,10
3490,3028,319173,6
7690,3029,319230,6
7930,3030,319297,6
3835,3031,319324,5
16875,3032,319429,8
3520,3033,319489,5
21975,3034,319686,10
-85230,3035,322888,6
15780,3036,322977,8
3785,3037,322999,5
16390,3038,323067,8
4040,3039,323099,5
4165,3040,323136,5
1010,3041,323602,7
3950,3042,323618,5
-4950,3043,323926,5
-9255,3044,325024,9
28385,3045,325164,11
16010,3046,325262,8
10105,3047,325933,10
22990,3048,326263,11
5610,3049,326397,6
20285,3050,326515,9
-24825,3051,327535,5
3035,3052,327592,5
27090,3053,328079,13
-43930,3054,329674,5
3965,3055,329703,5
-6645,3056,330248,6
4205,3057,330575,7
7960,3058,330626,6
17015,3059,330830,9
-7680,3060,331373,6
-3375,3061,331981,7
7865,3062,332029,6
11805,3063,332101,7
21490,3064,332325,10
7310,3065,332395,6
-12280,3066,333314,7
-955,3067,333481,5
-44085,3068,335071,5
11645,3069,335154,7
22285,3070,335327,10
20815,3071,335393,9
12010,3072,335480,7
3860,3073,335525,5
-3325,3074,336107,7
-7785,3075,336748,6
18075,3076,336885,9
1185,3077,337027,5
-5910,3078,337412,5
835,3079,337995,8
-10835,3080,338597,5
11165,3081,338665,7
11090,3082,338750,7
24525,3083,339078,11
6730,3084,339168,6
230,3085,339453,6
-1970,3086,339972,7
4190,3087,340148,6
3865,3088,340742,9
3580,3089,340787,5
9835,3090,340930,7
-3200,3091,341361,6
3860,3092,341411,5
-36515,3093,343167,8
15980,3094,343226,8
10895,3095,343506,8
4165,3096,343796,7
3830,3097,343833,5
6365,3098,343932,6
-7490,3099,344533,6
4020,3100,344689,6
18020,3101,344869,9
-76610,3102,347900,7
24680,3103,348012,10
12180,3104,348067,7
635,3105,348496,7
-24065,3106,349442,5
28450,3107,349579,11
4225,3108,349618,5
-31435,3109,350858,5
-20875,3110,352001,7
20405,3111,352097,9
24810,3112,352213,10
18755,3113,352305,9
11920,3114,352385,7
15845,3115,352462,8
12370,3116,352530,7
15620,3117,352620,8
-1025,3118,352821,5
9455,3119,353093,8
4215,3120,353127,5
6910,3121,353222,6
12700,3122,353289,7
16050,3123,353359,8
-2050,3124,353875,7
-29995,3125,354965,5
-8605,3126,355873,8
-9480,3127,356303,5
15770,3128,356777,10
3130,3129,356846,5
-2245,3130,357063,5
-11995,3131,357893,7
29240,3132,357986,11
16780,3133,358261,9
5350,3134,358405,6
20915,3135,358468,9
6585,3136,358879,8
7695,3137,358939,6
19760,3138,359023,9
-9500,3139,359481,5
4650,3140,360082,9
10515,3141,360326,8
-8875,3142,361371,9
12335,3143,361419,7
12080,3144,361493,7
12030,3145,361533,7
33045,3146,361701,12
4130,3147,361711,5
16610,3148,361765,8
28510,3149,361857,11
-16500,3150,362848,7
-10605,3151,363371,5
-20255,3152,364507,7
200,3153,364795,6
-5445,3154,365133,5
29000,3155,365221,11
19910,3156,365337,9
1385,3157,365744,7
7825,3158,366401,10
3765,3159,366430,5
12360,3160,366488,7
-25750,3161,367451,5
29045,3162,367576,11
15010,3163,367844,9
24460,3164,367951,10
11365,3165,368302,9
-7520,3166,369275,9
10720,3167,369390,7
4095,3168,369423,5
-18455,3169,370201,5
25385,3170,370450,11
4045,3171,370653,6
3635,3172,370688,5
-26860,3173,372265,9
-10705,3174,373515,10
-10395,3175,374955,11
-1900,3176,375208,5
4020,3177,375230,5
10720,3178,375346,7
13115,3179,375498,8
6590,3180,375609,6
11595,3181,375666,7
3025,3182,375718,5
620,3183,375851,5
2180,3184,376509,9
7500,3185,376547,6
16245,3186,376642,8
-5715,3187,377127,6
20785,3188,377392,10
-36495,3189,378771,5
3735,3190,378791,5
14855,3191,379215,10
-7405,3192,380107,8
8805,3193,380273,7
33215,3194,380387,12
36475,3195,380530,13
8345,3196,380593,6
25895,3197,380698,10
3980,3198,380733,5
8130,3199,380787,6
-22265,3200,381676,5
16990,3201,382015,10
-2955,3202,382536,7
10115,3203,382809,8
19795,3204,382935,9
-16700,3205,383756,6
-5625,3206,384299,6
-4325,3207,384614,5
-12710,3208,385477,7
18905,3209,385623,9
16115,3210,385881,9
12215,3211,385947,7
1445,3212,386195,6
10775,3213,386693,9
-28880,3214,388378,9
4155,3215,388423,5
-36440,3216,390359,8
20910,3217,391378,15
25015,3218,391497,10
3810,3219,391520,5
12420,3220,391580,7
3355,3221,391687,5
-16480,3222,392729,7
9455,3223,393481,11
8145,3224,393517,6
-1020,3225,393730,5
28420,3226,393835,11
15465,3227,393931,8
19675,3228,394106,9
18555,3229,394234,9
-21615,3230,395277,6
31110,3231,395423,12
18110,3232,395592,9
11910,3233,395696,7
-9830,3234,396139,5
-50,3235,396306,5
16620,3236,397278,14
1300,3237,397974,9
11930,3238,398008,7
8875,3239,398175,7
12480,3240,398224,7
-45010,3241,400604,10
-5420,3242,400931,5
-10235,3243,401824,8
-2160,3244,402053,5
8100,3245,402139,6
1805,3246,402700,8
6805,3247,402804,6
-430,3248,403037,5
-39005,3249,405119,9
18240,3250,405291,9
12295,3251,405394,7
-2485,3252,406126,8
12535,3253,406202,7
-4045,3254,406508,5
-7155,3255,407184,7
880,3256,407498,6
-19150,3257,408894,9
-7540,3258,409622,7
25950,3259,409836,11
-12670,3260,410440,5
7780,3261,410482,6
6695,3262,410725,7
9055,3263,410801,6
6460,3264,411038,7
-905,3265,411236,5
-12515,3266,411794,5
20260,3267,411901,9
5305,3268,412203,7
-20765,3269,413011,5
-22020,3270,414422,9
5165,3271,414984,9
-4870,3272,415298,5
3570,3273,415644,7
15045,3274,416212,11
-9880,3275,416669,5
110,3276,416834,5
8075,3277,416902,6
14995,3278,417160,9
-45125,3279,419114,7
-2450,3280,419967,9
-21510,3281,421474,9
-36895,3282,423628,10
32760,3283,423744,12
-28965,3284,424882,5
2850,3285,425112,6
8760,3286,425163,6
7335,3287,425383,7
20530,3288,425803,11
-8960,3289,426415,6
-5560,3290,426927,6
865,3291,427270,6
-30155,3292,428661,7
17540,3293,429576,14
-2750,3294,429809,5
6330,3295,429920,6
-22950,3296,431474,9
-11290,3297,431977,5
-34870,3298,433268,5
-1970,3299,433965,8
-34295,3300,435275,5
-27470,3301,437248,11
-37170,3302,438772,6
-7240,3303,439688,8
11680,3304,440126,9
-13625,3305,440715,5
13955,3306,441310,11
20410,3307,441380,9
12040,3308,441607,8
-3245,3309,442504,9
-25665,3310,443850,7
3780,3311,444000,6
-765,3312,444182,5
3750,3313,444209,5
13525,3314,444410,8
7700,3315,444450,6
895,3316,445137,9
18760,3317,445434,10
8205,3318,446043,10
6990,3319,446579,9
-13550,3320,447603,8
-1235,3321,447942,6
2805,3322,448010,5
-10790,3323,448683,6
3750,3324,449008,7
1835,3325,449670,9
9350,3326,449935,8
-1995,3327,450143,5
15665,3328,450236,8
7120,3329,450454,7
9300,3330,450907,9
19990,3331,450968,9
-9035,3332,451422,5
-10015,3333,451906,5
-15025,3334,452678,6
10295,3335,452787,7
-15465,3336,454173,10
15080,3337,454850,12
-16760,3338,455542,5
-10550,3339,456517,8
10350,3340,456798,8
2240,3341,457030,6
-11170,3342,457561,5
3635,3343,457586,5
-10055,3344,458498,8
12020,3345,458583,7
-955,3346,458773,5
-22750,3347,459778,5
-2000,3348,459994,5
-3180,3349,460569,7
8050,3350,460606,6
32820,3351,460946,13
12240,3352,460994,7
14545,3353,461796,12
-8340,3354,462689,8
-4185,3355,463283,7
-8430,3356,463684,5
-11580,3357,464847,9
3660,3358,465345,8
2070,3359,465600,6
13850,3360,466191,11
-23700,3361,467098,5
2355,3362,467640,8
-12690,3363,468853,9
44840,3364,469139,16
3065,3365,469519,7
22240,3366,469983,12
-6635,3367,470363,5
2655,3368,470745,7
-5880,3369,471081,5
-12515,3370,471633,5
-7905,3371,472068,5
12570,3372,472117,7
-10030,3373,472606,5
-25730,3374,474363,10
-1240,3375,475213,9
20890,3376,475414,10
5340,3377,476103,10
8380,3378,476291,7
-21430,3379,477163,5
-12695,3380,477731,5
-5445,3381,478523,8
-460,3382,478690,5
4025,3383,478717,5
-29035,3384,479801,5
-3550,3385,480391,7
-21095,3386,481896,9
-31990,3387,483292,6
-15075,3388,483961,5
585,3389,484737,9
-3435,3390,485469,8
9160,3391,485946,9
-22170,3392,487514,10
1445,3393,488380,10
15735,3394,488491,8
-6205,3395,489049,6
-16345,3396,489710,5
22535,3397,490006,11
13095,3398,490306,9
-16725,3399,491121,6
-14615,3400,491913,6
20510,3401,492152,10
-15715,3402,492972,6
6970,3403,493509,9
-16050,3404,494506,7
7105,3405,494881,8
1390,3406,495274,7
14935,3407,495542,9
-22135,3408,496792,7
-7810,3409,497473,7
-9005,3410,498377,8
-4160,3411,498649,5
5995,3412,498758,6
-15540,3413,499760,7
-11650,3414,501434,13
16835,3415,501631,9
-23305,3416,502727,6
8785,3417,502767,6
2570,3418,502823,5
4390,3419,503396,9
-13700,3420,504544,9
-44160,3421,506124,5
9945,3422,506903,11
6665,3423,507852,12
4025,3424,507890,5
-310,3425,508051,5
3670,3426,508088,5
-26635,3427,509784,10
20620,3428,510017,10
1090,3429,511168,12
5340,3430,511442,7
12715,3431,511504,7
20020,3432,511868,11
-16285,3433,512900,7
8170,3434,513484,10
-17015,3435,514175,5
18785,3436,514491,10
-12605,3437,515212,6
12110,3438,515261,7
420,3439,515578,6
20,3440,516068,7
-3225,3441,516334,5
-5990,3442,517439,10
6505,3443,518108,10
18005,3444,519199,15
4165,3445,519219,5
1320,3446,519333,5
-3640,3447,519890,7
14640,3448,521066,15
4880,3449,521222,6
8370,3450,521686,9
-1850,3451,522550,9
9570,3452,522710,7
18300,3453,522819,9
4095,3454,522975,6
24270,3455,523073,10
4815,3456,523396,7
8910,3457,523700,8
24820,3458,523949,11
1435,3459,524562,8
-19415,3460,525675,7
19395,3461,526086,11
-3410,3462,527263,11
-220,3463,527433,5
-31355,3464,529057,8
-18545,3465,529960,6
2725,3466,530518,8
7295,3467,531018,9
4690,3468,531338,7
38060,3469,532177,18
19380,3470,532436,10
3750,3471,532617,6
3990,3472,533220,9
7940,3473,533263,6
-8615,3474,533702,5
-14315,3475,534300,5
-17400,3476,535014,5
-7540,3477,535929,8
10900,3478,536928,13
14755,3479,537406,10
-4295,3480,538427,10
-8595,3481,539138,7
-7120,3482,539679,6
-50115,3483,541448,5
4125,3484,542235,10
-730,3485,542424,5
3955,3486,542462,5
5985,3487,542730,7
3265,3488,543335,9
10630,3489,543453,7
-6070,3490,544092,7
12595,3491,544409,9
2845,3492,544606,6
8370,3493,544634,6
-34510,3494,545940,5
0,3495,546977,11
-19560,3496,548036,7
5660,3497,548441,8
7285,3498,548803,8
-30505,3499,549963,5
-7350,3500,550490,6
-3685,3501,550892,6
-16150,3502,552211,9
2790,3503,552380,6
1985,3504,552744,7
-20640,3505,553875,7
-10350,3506,554513,6
1015,3507,554803,6
-14970,3508,555419,5
-9185,3509,556438,9
-3020,3510,556969,7
-16085,3511,557638,5
-12910,3512,558367,6
4065,3513,558383,5
4230,3514,558401,5
-24405,3515,559314,5
3310,3516,559497,6
4260,3517,559649,6
15805,3518,560011,10
10580,3519,560571,10
8980,3520,560772,7
-13390,3521,561368,5
-3945,3522,562099,8
29450,3523,562450,13
-3440,3524,563321,9
15320,3525,563589,9
-1240,3526,563790,5
605,3527,563922,5
-5575,3528,564244,5
-7230,3529,565335,10
-15100,3530,565976,5
4105,3531,566016,5
-9830,3532,566504,5
5770,3533,566627,6
-4845,3534,566936,5
-1850,3535,567131,5
-5640,3536,567453,5
4550,3537,567768,7
500,3538,568251,7
-21620,3539,569144,5
-29245,3540,570573,7
7680,3541,570794,7
-3650,3542,571211,6
18970,3543,571751,12
-20805,3544,572562,5
-23895,3545,573593,6
4925,3546,573719,6
15545,3547,573819,8
-12965,3548,574540,6
-17020,3549,575213,5
-12620,3550,575889,6
3940,3551,576088,6
-1730,3552,576617,7
-31400,3553,577785,5
5665,3554,577911,6
-5955,3555,578267,5
-18400,3556,579170,6
10605,3557,579708,10
-15880,3558,580948,9
-7115,3559,581478,6
-11855,3560,582330,7
-2430,3561,582717,6
-26810,3562,584163,8
-10015,3563,584668,5
5940,3564,584777,6
16910,3565,584965,9
-1460,3566,585171,5
230,3567,585315,5
-2720,3568,585715,6
-8660,3569,586327,6
-19610,3570,587376,7
12045,3571,587444,7
-6675,3572,587853,5
-5635,3573,588180,5
-17480,3574,589319,8
-4570,3575,589638,5
-1760,3576,589838,5
-450,3577,590879,11
3330,3578,591654,10
-7345,3579,592203,6
-10980,3580,592714,5
-30975,3581,593880,5
14395,3582,594025,8
110,3583,594189,5
-25275,3584,595206,5
-18190,3585,596196,7
-1420,3586,596380,5
-5985,3587,596719,5
7370,3588,596923,7
-20350,3589,597742,5
-24695,3590,598702,5
10755,3591,598795,7
6660,3592,599306,9
-14695,3593,599957,5
5115,3594,600643,10
-12790,3595,601349,6
4235,3596,601512,6
-1320,3597,601707,5
-8700,3598,602150,5
4355,3599,602308,6
16640,3600,603157,13
5390,3601,603291,6
500,3602,603592,6
-5310,3603,603910,5
-32715,3604,605282,6
-16190,3605,605971,5
-36960,3606,607275,5
-14950,3607,608684,10
-30530,3608,609867,5
-44665,3609,611947,8
4320,3610,612564,9
2770,3611,612785,6
-30815,3612,614274,7
4065,3613,614424,6
3190,3614,614886,8
10865,3615,615026,7
13320,3616,615185,8
-13995,3617,615777,5
1695,3618,615884,5
15330,3619,616284,10
1705,3620,616873,8
5725,3621,616995,6
3760,3622,617490,8
-54130,3623,619541,6
8860,3624,619730,7
-17890,3625,620486,5
-25900,3626,621451,5
15535,3627,621955,11
4455,3628,622118,6
10830,3629,622476,9
-17965,3630,623317,6
-17045,3631,624077,5
7650,3632,624410,8
-12660,3633,625371,8
2710,3634,625419,5
-13030,3635,626188,6
-23130,3636,627078,5
-15340,3637,627723,5
-4320,3638,628170,6
-480,3639,628483,6
-37580,3640,629849,5
-4995,3641,630195,5
-5410,3642,630545,5
-7740,3643,630954,5
-1400,3644,631737,9
-21510,3645,632852,7
-4915,3646,633590,8
-8790,3647,634016,5
-11885,3648,635030,8
26120,3649,635392,12
-20705,3650,636374,6
-7780,3651,636785,5
20920,3652,636848,9
8710,3653,637027,7
6565,3654,637123,6
4045,3655,637179,5
-9595,3656,638237,9
-10795,3657,638891,6
5115,3658,639014,6
3655,3659,639041,5
-1795,3660,639251,5
-7090,3661,639644,5
-17290,3662,640366,5
160,3663,640500,5
540,3664,640973,7
-37385,3665,642334,5
-12060,3666,642909,5
815,3667,643043,5
-6660,3668,643562,6
-2880,3669,643812,5
-13380,3670,644371,5
10215,3671,644622,8
-1005,3672,645203,8
1765,3673,645456,6
7940,3674,645804,8
-17985,3675,646667,6
1520,3676,646924,6
5715,3677,647715,11
-4410,3678,648021,5
-30820,3679,649178,5
-7435,3680,649605,5
-1445,3681,650235,8
-31245,3682,651366,5
-30905,3683,652570,5
-22170,3684,653458,5
-235,3685,653772,6
8435,3686,653940,7
-7295,3687,654315,5
-9655,3688,654881,6
-17050,3689,656052,8
-8785,3690,656484,5
-6515,3691,656838,5
-5020,3692,657163,5
-65680,3693,659583,6
10640,3694,660016,9
-33895,3695,661904,9
-6055,3696,662374,6
-11740,3697,663472,9
-295,3698,663636,5
2060,3699,663878,6
-325,3700,664622,9
-1020,3701,665087,7
-21720,3702,665943,5
-11390,3703,666642,6
-14775,3704,667398,6
-18080,3705,668115,5
-4465,3706,668887,8
-27640,3707,669958,5
-3595,3708,670217,5
-45565,3709,671814,5
-16340,3710,672608,6
-5600,3711,673103,6
-15755,3712,674474,10
-11415,3713,675576,9
-5060,3714,675858,5
-39075,3715,677381,6
-9265,3716,677802,5
4815,3717,678420,9
7970,3718,678609,7
-10280,3719,679236,6
-44130,3720,680805,5
-14805,3721,681550,6
-32030,3722,683314,9
-20635,3723,684260,6
-3070,3724,684638,6
-5130,3725,684948,5
-22245,3726,685839,5
8265,3727,686018,7
-16815,3728,686987,7
4125,3729,687028,5
-7010,3730,687440,5
3565,3731,688078,9
-4700,3732,688399,5
2340,3733,688478,5
-60,3734,688792,6
13565,3735,688948,8
-4195,3736,689233,5
-4795,3737,689552,5
-13505,3738,690130,5
3770,3739,690171,5
-11315,3740,690719,5
-15580,3741,691921,9
-8065,3742,692372,5
-26425,3743,693507,6
-3975,3744,693793,5
-23245,3745,695144,8
-12790,3746,695698,5
3750,3747,695882,6
-35210,3748,697290,6
-5055,3749,697603,5
-25945,3750,698582,5
-9975,3751,699046,5
-7340,3752,699562,6
-5730,3753,700061,6
-11015,3754,700562,5
305,3755,700853,6
-4505,3756,701147,5
-8665,3757,702165,9
15720,3758,702399,9
-1300,3759,702749,6
-15725,3760,703622,6
-11030,3761,704139,5
-28170,3762,705870,10
7800,3763,705924,6
-9920,3764,706679,7
-44530,3765,708693,8
-26845,3766,709664,5
-33155,3767,710867,5
-15770,3768,711832,7
-4995,3769,712593,8
-4520,3770,713016,6
-11910,3771,713859,7
-31850,3772,715041,5
-19955,3773,715817,5
-2110,3774,716037,5
8120,3775,716194,7
3290,3776,716385,6
-14750,3777,717033,5
-68765,3778,719378,5
-5410,3779,719693,5
11280,3780,720050,9
-1280,3781,720218,5
-18665,3782,720968,5
-83965,3783,723881,5
-1315,3784,724075,5
-11315,3785,724769,6
-3465,3786,725073,5
-32500,3787,726266,5
1295,3788,726489,6
-360,3789,727193,9
-16155,3790,727976,6
-44150,3791,729504,5
-23340,3792,730514,6
-12065,3793,731080,5
15205,3794,731343,9
4190,3795,731803,8
260,3796,732119,6
1520,3797,732233,5
-32630,3798,733419,5
11880,3799,733922,10
1660,3800,734037,5
-12865,3801,734745,6
-65480,3802,737098,6
7390,3803,737455,8
-10695,3804,737970,5
-12010,3805,738644,6
525,3806,738777,5
605,3807,739371,8
-6475,3808,739915,6
4270,3809,739963,5
-21360,3810,740925,6
-15545,3811,741600,5
-51950,3812,743436,5
-6220,3813,743777,5
-3395,3814,744039,5
20480,3815,744316,10
-2310,3816,744558,5
-9885,3817,745039,5
-60110,3818,747069,5
-4090,3819,747800,8
10195,3820,747967,7
-16730,3821,748636,5
-2805,3822,748891,5
-19400,3823,749650,5
-12710,3824,750214,5
-26480,3825,751193,5
-52640,3826,753033,5
-24885,3827,753990,5
-18455,3828,755145,8
-19745,3829,755925,5
-24975,3830,757476,9
-18700,3831,758214,5
-260,3832,758679,7
-14940,3833,759312,5
-46830,3834,761291,7
13380,3835,761593,9
-44055,3836,763180,5
18780,3837,763424,10
-10955,3838,763921,5
-15095,3839,764555,5
-52730,3840,766368,5
-3635,3841,766801,6
-10340,3842,767267,5
-17175,3843,767950,5
-27960,3844,769007,5
-9060,3845,769428,5
-9615,3846,770330,8
-4125,3847,770793,6
-141235,3848,775393,5
-13105,3849,776395,8
-475,3850,777158,9
-27260,3851,778200,5
-2880,3852,778584,6
-9430,3853,779021,5
-14975,3854,779673,5
-8505,3855,780247,6
13340,3856,780439,8
1115,3857,780576,5
1610,3858,780684,5
-8450,3859,781384,7
-52315,3860,783143,5
-20605,3861,784084,6
-18680,3862,784838,5
-72055,3863,787924,10
8825,3864,788107,7
-40775,3865,789701,6
-16870,3866,790407,5
-9780,3867,790998,6
11130,3868,791356,9
-9795,3869,791832,5
-13360,3870,792413,5
-28100,3871,793443,5
-8910,3872,793874,5
4180,3873,794057,6
-91885,3874,797195,6
-1335,3875,797391,5
3950,3876,797427,5
-34970,3877,798692,5
-92070,3878,801794,5
-22595,3879,802962,7
35,3880,803275,6
-59905,3881,805320,5
-82905,3882,808076,5
-4950,3883,809142,10
-7035,3884,809803,7
-40065,3885,811487,7
-31745,3886,812657,5
-38890,3887,814036,5
-8505,3888,814737,7
-10400,3889,815229,5
-22840,3890,816101,5
-44290,3891,817627,5
9545,3892,817783,7
-21190,3893,818775,6
-14860,3894,819522,6
-3740,3895,819786,5
-29595,3896,821002,6
2010,3897,821257,6
-22590,3898,822261,6
-25645,3899,823547,7
-16095,3900,824304,6
2205,3901,824692,7
5735,3902,824965,7
2915,3903,825595,9
-3755,3904,826327,8
-41940,3905,828176,8
-19485,3906,828942,5
-42410,3907,830557,6
-14915,3908,831221,5
10495,3909,831635,9
-36335,3910,833198,7
-2810,3911,833442,5
-955,3912,833621,5
460,3913,833742,5
-210,3914,834066,6
-2455,3915,834337,5
740,3916,834464,5
8020,3917,834553,6
-25720,3918,835526,5
-18675,3919,836235,5
-1185,3920,836555,6
-15135,3921,837222,5
-13540,3922,837980,6
-2595,3923,838531,7
-23940,3924,839439,5
1895,3925,839558,5
-320,3926,839861,6
-2920,3927,840074,5
-3685,3928,840598,7
-18625,3929,841372,5
950,3930,841497,5
-7100,3931,842289,8
-51175,3932,844050,5
3305,3933,844389,7
-6845,3934,844928,6
-16500,3935,845627,5
-15585,3936,846409,6
-14635,3937,847015,5
-4920,3938,847324,5
-5945,3939,847687,5
-46775,3940,849645,7
5400,3941,849736,6
-56140,3942,851659,5
-11985,3943,852209,5
-6355,3944,852579,5
-32180,3945,853738,5
-1140,3946,854624,10
-1325,3947,854797,5
-2890,3948,855034,5
-4105,3949,855891,9
-435,3950,856070,5
-38860,3951,857889,8
-13090,3952,858762,7
-14465,3953,859366,5
7965,3954,859543,7
-4650,3955,859980,6
-16460,3956,860813,6
-24560,3957,861748,5
-8795,3958,862761,9
-1080,3959,862945,5
7575,3960,863173,7
-39600,3961,864588,5
4465,3962,864722,6
-67010,3963,867130,6
15175,3964,867405,9
-5715,3965,867723,5
-13795,3966,868320,5
-41985,3967,869796,5
11635,3968,869899,7
-48120,3969,871575,5
8135,3970,871772,7
900,3971,871893,5
-23890,3972,872970,6
-4580,3973,873298,5
10260,3974,873862,10
9510,3975,874184,8
-14450,3976,874950,6
-1390,3977,875577,8
-21730,3978,876556,6
625,3979,876860,6
-4480,3980,877151,5
-24540,3981,878222,6
-7700,3982,878740,6
-51800,3983,880564,5
-14605,3984,881294,6
-7360,3985,881811,6
-3565,3986,882209,6
-23690,3987,883096,5
-12630,3988,883655,5
-4985,3989,883995,5
-3850,3990,884860,9
-74430,3991,887494,6
-5495,3992,887831,5
-7575,3993,888390,6
-13420,3994,888966,5
-43605,3995,890500,5
-35030,3996,891726,5
-480,3997,892045,6
-6745,3998,892391,5
-22760,3999,893705,8
-10110,4000,894167,5
14450,4001,894413,9
-120,4002,894750,6
-6230,4003,895115,5
-18030,4004,895851,5
-6615,4005,896234,5
-9115,4006,897114,8
710,4007,897269,5
-42130,4008,898768,5
-66800,4009,901062,5
-8125,4010,901463,5
12555,4011,901807,9
1670,4012,901919,5
6295,4013,902645,10
6625,4014,902736,6
-16735,4015,903680,7
-43910,4016,905377,6
-56630,4017,907441,6
-17985,4018,908445,7
-13510,4019,909154,6
4195,4020,909288,6
3660,4021,909467,6
-6620,4022,909851,5
1805,4023,909941,5
-65270,4024,912262,6
-24595,4025,913304,6
6400,4026,913411,6
-13530,4027,914007,5
1150,4028,914258,6
4645,4029,914439,6
-10435,4030,915239,7
2160,4031,915337,5
-2220,4032,915958,8
-3915,4033,916247,5
-26780,4034,917385,6
-22245,4035,918221,5
-11165,4036,918726,5
-40720,4037,920138,5
-7120,4038,920518,5
-47685,4039,922182,5
-78970,4040,924836,5
-2890,4041,925074,5
-3430,4042,925326,5
-22540,4043,926186,5
-670,4044,926365,5
-7510,4045,926925,6
-12610,4046,927494,5
-24310,4047,928396,5
-66740,4048,930627,5
-39880,4049,932056,5
-4325,4050,932470,6
5715,4051,933026,9
1640,4052,933137,5
-10755,4053,933637,5
-12140,4054,934172,5
12115,4055,934373,8
-1180,4056,934538,5
-16145,4057,935195,5
-24760,4058,936095,5
-1885,4059,936459,6
-12210,4060,936985,5
-67085,4061,939246,5
-1110,4062,939576,6
-40185,4063,940997,5
-3310,4064,941274,5
-17050,4065,941945,5
-15840,4066,942623,5
-37170,4067,943959,5
-34795,4068,945372,6
-47080,4069,947030,5
-49045,4070,948769,5
5830,4071,949024,7
1540,4072,949132,5
-12795,4073,949707,5
-36185,4074,950989,5
-63375,4075,953166,5
-8020,4076,953582,5
-74480,4077,956101,5
-12795,4078,956687,5
-45120,4079,958267,5
-48275,4080,960217,7
-14735,4081,960820,5
-13945,4082,961413,5
-22020,4083,962370,6
-11725,4084,963035,6
-12685,4085,963584,5
2195,4086,964129,8
-31125,4087,965259,5
-10155,4088,966158,8
-23120,4089,967046,5
-124435,4090,971096,5
-40670,4091,972513,5
-10245,4092,973004,5
-8815,4093,973421,5
-35200,4094,974660,5
-11160,4095,975304,6
-63575,4096,977483,5
-46350,4097,979095,5
-27070,4098,980102,5
-55240,4099,982131,6
-5440,4100,982609,6
-18725,4101,983366,5
-8885,4102,983812,5
-133650,4103,988091,5
-6310,4104,989027,9
-27720,4105,990050,5
-10175,4106,990534,5
-7370,4107,990923,5
-45610,4108,992833,7
-34570,4109,994614,9
-75145,4110,997114,5
4530,4111,997264,6
-52755,4112,999076,5
1575,4113,999176,5
-1625,4114,999949,9
-6600,4115,1000336,5
-38025,4116,1001697,5
-68430,4117,1003981,5
990,4118,1004120,5
-4670,4119,1004557,6
-75420,4120,1007057,5
-15,4121,1007197,5
-1500,4122,1007385,5
-23525,4123,1008651,8
-9885,4124,1009109,5
5225,4125,1009230,6
-21930,4126,1010068,5
-785,4127,1010242,5
-20145,4128,1011142,6
-6155,4129,1012063,9
6890,4130,1012603,9
-1550,4131,1012813,5
-30855,4132,1014493,9
-1015,4133,1014683,5
-5935,4134,1015192,6
-2925,4135,1015910,8
-12505,4136,1016457,5
-43660,4137,1017966,5
-14585,4138,1018589,5
-10595,4139,1019059,5
-3820,4140,1019329,5
-14460,4141,1019921,5
-1340,4142,1020977,11
1290,4143,1021078,5
-53115,4144,1022878,5
-23670,4145,1024201,8
-8545,4146,1024599,5
-33055,4147,1026069,7
5710,4148,1026452,8
-25645,4149,1027718,7
-1725,4150,1028069,6
-9800,4151,1028682,6
-3965,4152,1029094,6
410,4153,1029643,8
-16325,4154,1030299,5
-2995,4155,1030550,5
2920,4156,1030776,6
-4495,4157,1031666,9
-16020,4158,1032323,5
3190,4159,1032828,8
-17405,4160,1033537,5
-7660,4161,1033938,5
-14245,4162,1034977,8
-2435,4163,1035222,5
-40640,4164,1036704,5
9020,4165,1036873,7
5560,4166,1037401,9
-3270,4167,1037656,5
-70155,4168,1040667,10
-9505,4169,1041138,5
-6075,4170,1041766,7
2115,4171,1041881,5
-13795,4172,1042630,6
1850,4173,1043146,8
-3475,4174,1043851,8
-4120,4175,1044117,5
-18950,4176,1045018,6
-71400,4177,1047401,5
-36570,4178,1048876,6
-83315,4179,1051918,7
-32280,4180,1053082,5
-17350,4181,1053932,6
-13885,4182,1054500,5
-75525,4183,1057158,6
4425,4184,1057481,7
-28820,4185,1058991,8
1670,4186,1059090,5
7450,4187,1059304,7
-20380,4188,1060490,8
-18245,4189,1061214,5
-7095,4190,1061588,5
-550,4191,1061904,6
-4045,4192,1062154,5
-22280,4193,1062989,5
-56175,4194,1064868,5
-9380,4195,1065313,5
-29340,4196,1066379,5
-27060,4197,1067793,8
-6290,4198,1068296,6
920,4199,1068434,5
-7685,4200,1068960,6
-2990,4201,1069202,5
-10825,4202,1069704,5
-14085,4203,1070286,5
-95630,4204,1073414,5
-495,4205,1073574,5
-1155,4206,1073932,6
-24750,4207,1074885,5
-3650,4208,1075303,6
-15835,4209,1076103,6
-56610,4210,1078286,7
-3595,4211,1078804,7
-10410,4212,1079298,5
-31930,4213,1080455,5
-22285,4214,1081290,5
-18825,4215,1082033,5
-41850,4216,1083658,6
-18255,4217,1084825,8
-4880,4218,1085143,5
-1190,4219,1085926,9
-22370,4220,1086763,5
-11240,4221,1087280,5
19035,4222,1087441,9
15475,4223,1087700,9
7550,4224,1087919,7
-13970,4225,1088520,5
-32230,4226,1089819,6
-8880,4227,1090247,5
-16980,4228,1090921,5
-7595,4229,1091327,5
-43630,4230,1092854,5
-3725,4231,1093581,8
-14335,4232,1094175,5
-8235,4233,1094851,7
-14045,4234,1095429,5
-250,4235,1095576,5
-22980,4236,1096472,5
-13530,4237,1097047,5
-7915,4238,1097449,5
2800,4239,1097634,6
14025,4240,1097792,8
-6770,4241,1098437,7
410,4242,1098598,5
1520,4243,1098694,5
-6315,4244,1099045,5
920,4245,1099160,5
-59865,4246,1101229,5
-25875,4247,1102192,5
-4855,4248,1102480,5
14240,4249,1102911,10
-970,4250,1103207,6
-20100,4251,1104017,5
-53015,4252,1105804,5
-51765,4253,1107590,5
-17465,4254,1108293,5
-4370,4255,1108614,5
-8805,4256,1109472,8
-25775,4257,1110486,5
-12365,4258,1111055,5
-19710,4259,1111804,5
-4100,4260,1112074,5
-25500,4261,1113137,6
-54885,4262,1114975,5
5845,4263,1115665,10
1130,4264,1115787,5
-1325,4265,1116285,7
-16430,4266,1116954,5
-6880,4267,1117489,6
60,4268,1117769,6
-57510,4269,1120253,9
-4490,4270,1120582,5
-13525,4271,1121158,5
-135535,4272,1125514,5
-95640,4273,1128799,6
-4285,4274,1129246,6
-26540,4275,1130774,9
-10005,4276,1131236,5
-20555,4277,1132041,5
-36070,4278,1133343,5
11370,4279,1133577,8
-60590,4280,1136151,9
-9925,4281,1136601,5
5995,4282,1136724,6
-4655,4283,1137021,5
-26615,4284,1138007,5
-55505,4285,1139854,5
-46760,4286,1141452,5
-10880,4287,1141970,5
-8175,4288,1142352,5
-6910,4289,1142726,5
-9920,4290,1143177,5
-4790,4291,1144052,9
-9705,4292,1144518,5
-58335,4293,1146613,6
1320,4294,1147013,7
8545,4295,1147288,8
-80345,4296,1149958,5
-10295,4297,1150412,5
-4395,4298,1150856,6
-31395,4299,1151974,5
-14065,4300,1152852,7
-16140,4301,1154346,11
-15960,4302,1155020,5
-21635,4303,1155815,5
8775,4304,1155955,7
435,4305,1156234,6
-99590,4306,1159499,5
3705,4307,1159527,5
-4535,4308,1159819,5
-9800,4309,1160260,5
-4105,4310,1160709,6
-32180,4311,1161986,6
-27695,4312,1163014,5
-23060,4313,1163909,5
-73750,4314,1166343,5
-1480,4315,1166679,6
4705,4316,1166984,7
-7030,4317,1167376,5
-43385,4318,1169046,6
1740,4319,1169159,5
-46225,4320,1170734,5
-45760,4321,1172317,5
-27520,4322,1173326,5
-55550,4323,1175663,8
-3650,4324,1175951,5
-3255,4325,1176221,5
-7500,4326,1176636,5
-4380,4327,1176887,5
-61895,4328,1179404,8
-4870,4329,1179682,5
-8145,4330,1180100,5
-65820,4331,1182731,8
-14910,4332,1183618,7
-1210,4333,1183806,5
-23305,4334,1184707,5
-5090,4335,1185290,7
13840,4336,1185547,9
3355,4337,1185882,7
-6880,4338,1186451,6
-3675,4339,1186845,6
-10425,4340,1187331,5
-26055,4341,1188295,5
-17795,4342,1189490,8
-8130,4343,1190047,6
1420,4344,1190152,5
-9260,4345,1190856,7
-140705,4346,1195582,6
-23385,4347,1196479,5
-54930,4348,1198341,5
-38005,4349,1199693,5
-16520,4350,1200364,5
-50,4351,1200652,6
-14430,4352,1201283,5
-5345,4353,1201606,5
-58955,4354,1203747,6
-9940,4355,1204189,5
-9045,4356,1204623,5
-26875,4357,1206046,8
-48320,4358,1207700,5
3330,4359,1207903,6
-14420,4360,1208537,5
-15645,4361,1209186,5
-690,4362,1209521,6
-62830,4363,1211805,6
-11620,4364,1212465,6
3895,4365,1212510,5
-93125,4366,1215615,5
5205,4367,1215754,6
-41985,4368,1217222,5
-26750,4369,1218198,5
-20175,4370,1219116,6
-12770,4371,1219999,7
-30595,4372,1221254,6
-52945,4373,1223245,6
-12580,4374,1224390,9
-31325,4375,1225675,6
-9170,4376,1226127,5
-4715,4377,1226438,5
-24235,4378,1227484,6
575,4379,1227639,5
-16020,4380,1228266,5
-11135,4381,1228771,5
-3125,4382,1229013,5
-8650,4383,1229584,6
-4060,4384,1229851,5
4830,4385,1230021,6
-34790,4386,1231253,5
1515,4387,1231354,5
-36780,4388,1232651,5
-12720,4389,1233195,5
3805,4390,1233223,5
-99635,4391,1236731,7
-85770,4392,1239885,7
-21975,4393,1240710,5
-4445,4394,1241155,6
-28965,4395,1242215,5
-163790,4396,1247599,6
-74390,4397,1250056,5
-30,4398,1250638,8
-10460,4399,1251125,5
-75880,4400,1253643,5
-165490,4401,1258949,5
-52000,4402,1260697,5
8255,4403,1260863,7
-5890,4404,1261384,6
-77670,4405,1263956,5
11165,4406,1264040,7
985,4407,1264144,5
-13820,4408,1264885,6
-25880,4409,1265869,5
-22885,4410,1266762,5
-17130,4411,1267602,6
-35790,4412,1268880,5
-63360,4413,1271011,5
-84440,4414,1274363,9
-31375,4415,1275527,5
-13135,4416,1276323,7
-39640,4417,1277731,5
7975,4418,1277902,7
-16280,4419,1278725,6
-81180,4420,1281382,5
-76595,4421,1283910,5
-13320,4422,1284755,7
-3005,4423,1285145,6
14030,4424,1285323,8
-50180,4425,1287382,7
3005,4426,1287691,7
-9920,4427,1288134,5
-12135,4428,1288658,5
-49715,4429,1290502,6
-34020,4430,1291723,5
-16685,4431,1292663,7
1535,4432,1292769,5
2125,4433,1293533,10
-70850,4434,1295879,5
-64310,4435,1298184,6
-30220,4436,1299280,5
-51165,4437,1301014,5
-24630,4438,1302089,6
-32600,4439,1303386,6
-8495,4440,1303814,5
7835,4441,1303979,7
-21625,4442,1304942,6
-14145,4443,1306182,9
-16125,4444,1306847,5
-4630,4445,1307239,6
1750,4446,1307515,6
-19255,4447,1308261,5
-9145,4448,1308870,6
-34240,4449,1310281,6
-125155,4450,1314456,6
-1735,4451,1314641,5
-24475,4452,1315542,5
-4580,4453,1316270,8
-4735,4454,1316548,5
-103390,4455,1319941,5
-3985,4456,1320391,6
1295,4457,1320506,5
-34600,4458,1321729,5
-30660,4459,1322811,5
-14115,4460,1323549,6
-19445,4461,1324302,5
-75810,4462,1326982,6
-6910,4463,1327477,6
5925,4464,1327573,6
-2955,4465,1327833,5
-4780,4466,1328710,9
-16325,4467,1329368,5
-29785,4468,1330445,5
-139660,4469,1334922,5
-29735,4470,1336133,6
-19585,4471,1336907,5
-114100,4472,1340636,5
-1195,4473,1341398,9
-23795,4474,1342296,5
-22650,4475,1343169,5
-22700,4476,1344156,6
2195,4477,1344489,7
-14305,4478,1345101,5
4990,4479,1345243,6
-970,4480,1345414,5
-8440,4481,1345848,5
-31320,4482,1347296,7
-49335,4483,1348998,5
-46515,4484,1350597,5
-75,4485,1350915,6
11050,4486,1351189,8
195,4487,1351337,5
-15685,4488,1352264,7
-16090,4489,1352902,5
1395,4490,1353162,6
885,4491,1353284,5
-930,4492,1353887,8
-290,4493,1354630,9
-26610,4494,1355659,5
-74300,4495,1358146,5
-62425,4496,1360207,5
10230,4497,1360335,7
-4695,4498,1360646,5
-6920,4499,1361034,5
-86280,4500,1363879,5
5830,4501,1364031,6
2020,4502,1364249,6
-51485,4503,1366146,6
-11965,4504,1366788,6
-7350,4505,1367139,5
-25495,4506,1368267,6
-45315,4507,1369806,5
-101800,4508,1373091,5
-2410,4509,1373317,5
-39535,4510,1374690,5
-7310,4511,1375249,6
-71100,4512,1377914,7
-12465,4513,1378460,5
-29810,4514,1379685,6
-39640,4515,1381067,5
-14895,4516,1381658,5
1050,4517,1382059,7
-575,4518,1382201,5
-5445,4519,1382808,7
-48335,4520,1384459,5
-58720,4521,1386467,5
-41620,4522,1387930,5
1390,4523,1388175,6
-51185,4524,1389922,5
3800,4525,1390117,6
-92690,4526,1393416,7
-28965,4527,1394630,6
-4285,4528,1394931,5
-23075,4529,1395791,5
-44265,4530,1397318,5
-6050,4531,1397671,5
-73395,4532,1400269,6
-82675,4533,1403012,5
-9240,4534,1403463,5
-26525,4535,1404454,5
13000,4536,1404801,9
-310,4537,1405100,6
2505,4538,1405190,5
9645,4539,1405601,9
1425,4540,1405712,5
-14045,4541,1406309,5
-10895,4542,1406961,6
1055,4543,1407092,5
-44410,4544,1408646,5
-34265,4545,1409851,5
-53150,4546,1411792,6
-17890,4547,1412616,6
-42230,4548,1414093,5
-18840,4549,1414858,5
-23540,4550,1416015,7
19605,4551,1416324,10
9440,4552,1416484,7
790,4553,1416741,6
-21260,4554,1417562,5
7720,4555,1417614,6
-50620,4556,1419373,5
-715,4557,1419541,5
-30260,4558,1420616,5
-23275,4559,1422083,9
-9865,4560,1422692,6
-34980,4561,1423915,5
1545,4562,1424621,9
-18430,4563,1425355,5
-1315,4564,1425560,5
-67385,4565,1428383,9
2555,4566,1428433,5
-25380,4567,1429509,6
-19330,4568,1430550,7
-17085,4569,1431371,6
-38540,4570,1432738,5
-34695,4571,1433951,5
-49690,4572,1435677,5
-14395,4573,1436268,5
970,4574,1436366,5
-13105,4575,1436936,5
-108110,4576,1440447,5
3795,4577,1440478,5
725,4578,1440586,5
-55090,4579,1442772,7
-77805,4580,1445451,6
-5415,4581,1445766,5
-26385,4582,1446726,5
-53000,4583,1448555,5
-7760,4584,1449098,6
-47255,4585,1450739,5
-8300,4586,1451154,5
-24855,4587,1452636,9
655,4588,1452747,5
-85435,4589,1455712,6
-27565,4590,1457159,8
-32950,4591,1458325,5
-215,4592,1458488,5
-32010,4593,1459773,6
-11870,4594,1460295,5
-8555,4595,1460714,5
2060,4596,1460813,5
-1265,4597,1461853,11
-84605,4598,1464653,5
-28065,4599,1465816,6
-32645,4600,1467014,5
-36725,4601,1468438,6
-8310,4602,1468871,5
-27980,4603,1469898,5
-33710,4604,1471238,6
-18010,4605,1472114,6
-16610,4606,1473088,7
-26345,4607,1474071,5
-31640,4608,1475206,5
-19305,4609,1475976,5
-15225,4610,1476852,7
1275,4611,1476963,5
-30850,4612,1478242,6
-18845,4613,1478982,5
-54500,4614,1480954,6
-7230,4615,1481352,5
-38535,4616,1482847,6
-13705,4617,1483698,7
-27705,4618,1484694,5
-65625,4619,1486871,5
4045,4620,1487059,6
-29370,4621,1488268,6
-3160,4622,1488516,5
-15765,4623,1489288,6
-73275,4624,1491718,5
-23050,4625,1492701,6
-57205,4626,1494926,7
-58765,4627,1496902,5
-2750,4628,1497149,5
-22525,4629,1497998,5
-9785,4630,1498442,5
-7740,4631,1498844,5
2665,4632,1499208,7
-40755,4633,1500601,5
-90590,4634,1503595,5
-16025,4635,1504262,5
-16195,4636,1505099,6
-32940,4637,1506305,5
-30910,4638,1507413,5
6870,4639,1507645,7
-18345,4640,1508502,6
-15000,4641,1509117,5
-16625,4642,1509754,5
-37285,4643,1511075,5
2590,4644,1511301,6
-124150,4645,1515461,6
-60850,4646,1517833,7
-21560,4647,1518662,5
-14060,4648,1519240,5
-55645,4649,1521159,5
-29145,4650,1522197,5
-48460,4651,1523840,5
-15960,4652,1524486,5
-2430,4653,1525127,8
-22075,4654,1525958,5
-61680,4655,1528006,5
-9675,4656,1528453,5
-4185,4657,1528763,5
-16265,4658,1529560,6
-40960,4659,1530974,5
-38720,4660,1532465,6
-17085,4661,1533325,6
-21285,4662,1534714,9
-3175,4663,1535488,9
-21100,4664,1536289,5
-17770,4665,1537030,5
-81585,4666,1539749,5
-52095,4667,1541522,5
-52975,4668,1543369,5
-45215,4669,1544917,5
-13370,4670,1545486,5
-11910,4671,1546182,6
-86115,4672,1549012,5
-16875,4673,1549682,5
-90210,4674,1552651,5
-16255,4675,1553860,9
5345,4676,1554141,7
14215,4677,1554396,9
-30540,4678,1555651,6
-8985,4679,1556099,5
-61375,4680,1558158,5
-13755,4681,1559060,7
-22260,4682,1559887,5
12145,4683,1559923,7
-11245,4684,1560403,5
-66725,4685,1562630,5
-1395,4686,1562956,6
-3515,4687,1563211,5
-144910,4688,1567858,5
-57295,4689,1569925,6
-36965,4690,1571398,6
-14140,4691,1571990,5
-7940,4692,1572807,8
-1825,4693,1573151,6
-4895,4694,1573442,5
-30460,4695,1574540,5
-80920,4696,1577222,5
-26775,4697,1578333,6
-25370,4698,1579295,5
2690,4699,1579355,5
5795,4700,1579487,6
-10720,4701,1579986,5
-3895,4702,1580297,5
-51220,4703,1582157,6
-23840,4704,1583058,5
-10550,4705,1583536,5
4145,4706,1583686,6
-11570,4707,1584179,5
-1510,4708,1584396,5
-9450,4709,1584977,6
-34720,4710,1586311,6
5875,4711,1586445,6
-39185,4712,1587976,6
-29610,4713,1589046,5
-74445,4714,1591711,6
5340,4715,1591814,6
-11465,4716,1592358,5
3920,4717,1592386,5
390,4718,1592515,5
-35220,4719,1593798,5
-21500,4720,1594633,5
-23760,4721,1595533,5
265,4722,1595681,5
2035,4723,1595744,5
-14875,4724,1596820,8
-33445,4725,1598011,5
-11390,4726,1598640,6
-72495,4727,1601222,6
-48605,4728,1602886,5
-23715,4729,1603912,6
-2690,4730,1604166,5
-12335,4731,1604704,5
-81835,4732,1607389,5
-21650,4733,1608202,5
-10790,4734,1608842,6
-15800,4735,1609499,5
-1485,4736,1609681,5
-29720,4737,1610759,5
8555,4738,1611174,9
9920,4739,1611748,10
-11740,4740,1612294,5
-73200,4741,1615181,8
2045,4742,1615306,5
-835,4743,1615460,5
-4935,4744,1616372,9
-7940,4745,1616754,5
-127890,4746,1620840,5
-15240,4747,1621510,5
-9100,4748,1621958,5
-19705,4749,1623282,9
-26360,4750,1624262,5
-20290,4751,1625468,8
-12690,4752,1626012,5
-33675,4753,1627216,5
-10525,4754,1627821,6
-10825,4755,1628293,5
-123565,4756,1632263,5
-9695,4757,1632710,5
-3355,4758,1632966,5
-25610,4759,1634054,6
-8915,4760,1634501,5
-14215,4761,1635104,5
7745,4762,1635540,9
-6060,4763,1635868,5
-9255,4764,1636578,7
-35885,4765,1637829,5
-15460,4766,1638637,6
-212435,4767,1645412,5
-4335,4768,1645674,5
-48745,4769,1647641,7
-10000,4770,1648261,6
-43510,4771,1649765,5
-26770,4772,1650895,6
2630,4773,1651107,6
-38775,4774,1652485,5
50,4775,1652634,5
-11595,4776,1653740,9
1435,4777,1653845,5
-21410,4778,1654790,6
-43730,4779,1656327,5
-23020,4780,1657218,5
1735,4781,1657636,7
-16035,4782,1658305,5
-8750,4783,1658757,5
-52620,4784,1660551,5
-121620,4785,1664454,5
5730,4786,1664578,6
-19870,4787,1665626,7
-8115,4788,1666347,7
-3585,4789,1666630,5
-35010,4790,1668614,10
3130,4791,1668945,7
-2020,4792,1669149,5
-20935,4793,1669948,5
-3270,4794,1670193,5
-56165,4795,1672210,6
-40055,4796,1673747,6
-9030,4797,1674309,6
1075,4798,1674438,5
-6290,4799,1674821,5
-2360,4800,1675044,5
-35200,4801,1676281,5
-58725,4802,1678276,5
-24405,4803,1679185,5
-37205,4804,1680644,6
-44970,4805,1682160,5
-32350,4806,1683300,5
5795,4807,1684100,11
-8900,4808,1684547,5
-5880,4809,1685001,6
1875,4810,1685638,9
-20480,4811,1686725,7
-27835,4812,1687930,6
-475,4813,1688219,6
1030,4814,1688332,5
-75410,4815,1691012,6
-13925,4816,1691590,5
-26475,4817,1692581,5
-29525,4818,1694200,9
-87410,4819,1697220,6
-790,4820,1697374,5
-2545,4821,1697582,5
-1750,4822,1697773,5
-13490,4823,1698343,5
-18640,4824,1699089,5
-23630,4825,1699972,5
-34440,4826,1701158,5
-16695,4827,1701822,5
-2760,4828,1702203,6
-17800,4829,1703430,9
-99840,4830,1706694,5
-15055,4831,1707299,5
-48765,4832,1709229,7
-23865,4833,1710278,6
-13230,4834,1711114,7
3280,4835,1711288,6
-8645,4836,1711705,5
-58360,4837,1713862,6
4760,4838,1714447,9
-191915,4839,1720589,5
-27710,4840,1721612,5
-37345,4841,1723087,6
1585,4842,1723298,6
-14365,4843,1723908,5
-15890,4844,1724886,7
-40910,4845,1726443,6
-13350,4846,1727176,6
-22810,4847,1728070,5
-15930,4848,1728744,5
1030,4849,1728870,5
760,4850,1728972,5
-101040,4851,1732260,5
-5675,4852,1732576,5
3800,4853,1732605,5
-17605,4854,1733317,5
5160,4855,1733552,7
-46920,4856,1735176,5
-5115,4857,1735508,5
-1780,4858,1735693,5
-1160,4859,1735878,5
-15175,4860,1736526,5
5420,4861,1736647,6
-53360,4862,1738575,6
-40915,4863,1739986,5
-5,4864,1740135,5
-33400,4865,1741344,5
-2565,4866,1741565,5
-11030,4867,1742221,6
-5515,4868,1742816,7
-370,4869,1743113,6
-13440,4870,1743662,5
-75245,4871,1746290,6
-62335,4872,1748362,5
-17735,4873,1749350,7
-43155,4874,1750816,5
-5975,4875,1751136,5
-130,4876,1751315,5
180,4877,1751451,5
1055,4878,1751602,5
-94660,4879,1754806,6
-7520,4880,1755604,8
-4280,4881,1756038,6
-62160,4882,1758560,8
-2205,4883,1758801,5
-15360,4884,1759430,5
-13960,4885,1760181,6
650,4886,1760300,5
-24535,4887,1761212,5
-2310,4888,1761437,5
-21815,4889,1762240,5
-19510,4890,1763014,5
-26895,4891,1764297,7
-40465,4892,1765829,6
-101275,4893,1769141,5
-9260,4894,1769609,5
-27815,4895,1770949,7
-23885,4896,1771846,5
-11400,4897,1772329,5
-39410,4898,1773707,5
-35695,4899,1774928,5
-64085,4900,1777222,6
8015,4901,1777541,8
-8740,4902,1777989,5
3670,4903,1778582,9
-7940,4904,1779276,7
-20310,4905,1780060,5
-16935,4906,1780710,5
-27915,4907,1781727,5
-15060,4908,1782339,5
-50965,4909,1784328,7
-24050,4910,1785234,5
-8785,4911,1785660,5
3690,4912,1785704,5
4365,4913,1785823,6
-13550,4914,1786420,5
0,4915,1786699,6
4855,4916,1787260,9
-4160,4917,1787524,5
-36570,4918,1788953,6
-30795,4919,1790214,6
-149545,4920,1795043,5
-37280,4921,1796367,5
-18085,4922,1797113,5
465,4923,1797433,6
1595,4924,1797533,5
-28960,4925,1798560,5
-55910,4926,1800454,5
-7990,4927,1801030,6
-56780,4928,1803378,8
310,4929,1803496,5
-1035,4930,1803854,6
-9005,4931,1804295,5
-21110,4932,1805084,5
-68285,4933,1807368,5
-100,4934,1807662,6
-7640,4935,1808071,5
-875,4936,1808262,5
-3330,4937,1808526,5
-10485,4938,1809620,9
-26265,4939,1810770,6
-40880,4940,1812173,5
-23275,4941,1813210,6
-41115,4942,1814659,5
-17500,4943,1815744,8
-67305,4944,1817995,5
-32575,4945,1819136,5
-86200,4946,1822412,8
-17260,4947,1823237,6
-4860,4948,1823818,7
-47065,4949,1825457,5
-25740,4950,1826437,5
-3400,4951,1826829,6
-14935,4952,1827456,5
-85355,4953,1830682,8
-25830,4954,1831638,5
-74765,4955,1834960,11
-79950,4956,1837899,7
-58775,4957,1840454,9
-47325,4958,1842206,6
-12835,4959,1842757,5
-16240,4960,1843558,6
-2990,4961,1844197,8
-3380,4962,1844450,5
-8145,4963,1844997,6
-15610,4964,1845638,5
-45805,4965,1847369,6
-33125,4966,1848676,6
-18670,4967,1849543,6
-61595,4968,1851628,5
-2035,4969,1851854,5
-38475,4970,1853190,5
-230,4971,1853351,5
2355,4972,1853407,5
-71680,4973,1855949,6
-13240,4974,1856806,7
-6625,4975,1857294,6
-1350,4976,1857478,5
-23005,4977,1858493,6
-37540,4978,1859829,5
-39330,4979,1861190,5
-14615,4980,1861788,5
-8205,4981,1862211,5
-2680,4982,1862429,5
1270,4983,1862542,5
-36535,4984,1864071,7
-43875,4985,1865771,6
-2140,4986,1866132,6
-22335,4987,1866976,5
-23035,4988,1867855,5
-34505,4989,1869079,5
8385,4990,1869265,7
-3720,4991,1869644,6
-10965,4992,1870119,5
2095,4993,1870214,5
145,4994,1870363,5
-70665,4995,1872710,5
-103540,4996,1876558,8
-40350,4997,1877969,5
-33990,4998,1879174,5
-4870,4999,1879494,5
3070,5000,1879686,6
-26675,5001,1880654,5
-6030,5002,1881001,5
-14020,5003,1881572,5
-25905,5004,1882564,5
3965,5005,1882744,6
4830,5006,1882884,6
-1405,5007,1883075,5
-11020,5008,1883734,6
-11355,5009,1884257,5
-30925,5010,1885522,6
6610,5011,1886013,9
-27710,5012,1887153,6
-16360,5013,1887975,6
-19725,5014,1888780,5
345,5015,1889064,6
-20025,5016,1889857,5
-16630,5017,1890518,5
-32130,5018,1892258,9
-13205,5019,1892832,5
-97115,5020,1896021,5
-75,5021,1896166,5
-42260,5022,1897618,5
-11270,5023,1898118,5
-11975,5024,1898782,6
-6640,5025,1899156,5
-965,5026,1899339,5
-7655,5027,1900041,7
-62060,5028,1902093,5
-14095,5029,1902694,5
1940,5030,1902771,5
5590,5031,1902878,6
-8785,5032,1903274,5
7125,5033,1903373,6
-19730,5034,1904172,5
-1780,5035,1904390,5
-54740,5036,1906362,6
3100,5037,1906815,8
-79305,5038,1909574,6
-830,5039,1909764,5
-6635,5040,1910417,7
-5035,5041,1910854,6
-6525,5042,1911496,7
-64875,5043,1913817,6
-4490,5044,1914567,8
-43645,5045,1916228,6
-13330,5046,1916805,5
-9785,5047,1917544,7
-22450,5048,1918805,8
-42080,5049,1920268,5
-92775,5050,1923314,5
3765,5051,1923532,6
-17850,5052,1924230,5
-63145,5053,1926525,6
-95035,5054,1929610,5
-14400,5055,1930253,5
-27765,5056,1931273,5
-24590,5057,1932738,9
-114715,5058,1936453,5
-5185,5059,1936902,6
-43690,5060,1938409,5
-39205,5061,1939805,5
-24405,5062,1941024,7
-32935,5063,1942379,6
2420,5064,1942568,6
4105,5065,1942733,6
-1830,5066,1942930,5
-19060,5067,1943687,5
-23750,5068,1944590,5
7875,5069,1944623,6
-73470,5070,1947658,9
-38280,5071,1949259,7
3920,5072,1949446,6
-23580,5073,1950320,5
230,5074,1950446,5
-2760,5075,1950676,5
14855,5076,1950927,9
-6320,5077,1951300,5
-23185,5078,1952193,5
-39160,5079,1953604,5
-31360,5080,1954884,6
-995,5081,1955777,10
-170,5082,1955931,5
-8660,5083,1956359,5
2035,5084,1956564,6
-1050,5085,1956747,5
-24375,5086,1957659,5
610,5087,1957767,5
2025,5088,1957855,5
870,5089,1957956,5
1070,5090,1958081,5
-1335,5091,1958276,5
2705,5092,1958470,6
-52655,5093,1960277,5
-23025,5094,1961130,5
-7370,5095,1961670,6
-34275,5096,1962915,5
7015,5097,1963443,9
2355,5098,1963522,5
-19065,5099,1964261,5
-118085,5100,1968648,9
-47780,5101,1970309,5
-74805,5102,1972776,5
-95055,5103,1975881,5
-23885,5104,1976774,5
-13545,5105,1977341,5
-5405,5106,1977669,5
-21780,5107,1978508,5
-9855,5108,1978973,5
-91135,5109,1981906,5
-35885,5110,1983173,5
-11425,5111,1983667,5
-39525,5112,1985483,8
-6220,5113,1985803,5
820,5114,1985926,5
-2755,5115,1986287,6
-108435,5116,1990260,8
-16390,5117,1990930,5
-15790,5118,1991561,5
-7325,5119,1991943,5
-92065,5120,1994950,5
-106820,5121,1998381,5
870,5122,1998499,5
-8075,5123,1998889,5
-113610,5124,2002737,6
-44840,5125,2004266,5
