-7232.709346000164,0,56,3
-6104.10747448286,1,108,3
6114.58000875562,2,149,4
-5286.532592345959,3,177,3
-4041.611249302813,4,197,3
-6519.8335988486915,5,227,3
-4041.611249302813,6,247,3
-6519.8335988486915,7,277,3
-4041.611249302813,8,297,3
-6519.8335988486915,9,327,3
-4041.611249302813,10,347,3
-6519.8335988486915,11,377,3
-4041.611249302813,12,397,3
-6519.8335988486915,13,427,3
-4041.611249302813,14,447,3
-6519.8335988486915,15,477,3
-4041.611249302813,16,497,3
-9742.925130425123,17,636,4
-3779.397546897552,18,738,4
-10668.789776829637,19,849,3
-13557.767661260315,20,946,3
-9599.408172666685,21,1025,3
-9068.348449366245,22,1105,3
-4301.488095238095,23,1130,3
-8210.710816960818,24,1181,3
-4589.183039183039,25,1205,3
-4738.131313131313,26,1244,3
-8676.443001443002,27,1301,3
-4854.290094150775,28,1333,3
9424.851288417465,29,1350,4
-4388.385186150279,30,1370,3
-3200.904242816008,31,1383,3
-7959.103049728048,32,1443,3
-25256.392179157283,33,1617,3
-11142.797440562534,34,1688,3
-4932.036924848456,35,1725,3
-6568.2521941422865,36,1768,3
-8201.882248728227,37,1824,3
-6314.426545676546,38,1863,3
-6886.035492285493,39,1903,3
-4973.652736152736,40,1931,3
-3675.0847804156624,41,1950,3
7302.629650835917,42,1986,4
-7206.385281385282,43,2017,3
-4356.011820137207,44,2041,3
-5843.098799831284,45,2076,3
-4752.696608946609,46,2106,3
-8996.924603174606,47,2165,3
-9169.60414993503,48,2221,3
-8790.648240648243,49,2264,3
-6276.2563825063835,50,2306,3
-9859.52380952381,51,2358,3
-7819.407127959759,52,2427,3
-10141.933495426141,53,2481,3
-9228.604532077828,54,2613,4
-14489.831634653616,55,2795,4
-10865.286246691045,56,2875,3
-3657.142857142857,57,2891,3
-15936.5943084693,58,2986,3
-6252.994003545476,59,3033,3
-4927.3841988335025,60,3059,3
-13424.094451300332,61,3126,3
-3591.6493228993227,62,3145,3
4242.523310023308,63,3202,4
-7969.684482184482,64,3262,3
-4528.581795096888,65,3287,3
-314.4617188404527,66,3384,4
-8686.927716890954,67,3456,3
8439.20634920635,68,3487,4
3106.803196803196,69,3544,4
-4288.153616249591,70,3569,3
-11339.724234528807,71,3683,3
-10166.838023088021,72,3750,3
-10633.87099012099,73,3813,3
-6889.026497453356,74,3853,3
-5767.168248418249,75,3888,3
-6627.859640359642,76,3940,3
-6490.49714174714,77,4067,4
-566.2692864840693,78,4180,4
9470.703879453878,79,4196,4
-4742.312508827601,80,4219,3
-7195.908308882378,81,4286,3
-8857.446026196027,82,4330,3
-5964.291918307012,83,4366,3
-6025.385999234682,84,4407,3
-3321.8253968253966,85,4427,3
-12771.080288175886,86,4539,3
-4470.13542013542,87,4566,3
-3439.520202020202,88,4590,3
-8963.76981129292,89,4760,4
-18762.037962037957,90,4873,3
-20787.54329820506,91,5032,3
-3939.8372063522993,92,5049,3
-5861.341355797625,93,5087,3
-16577.614155710125,94,5223,3
3273.2760948202135,95,5289,4
-11979.45249195249,96,5362,3
-18879.27807570675,97,5483,3
-6642.9002212359665,98,5529,3
-23431.07552170052,99,5717,3
-4645.830151315833,100,5746,3
-11277.936789517677,101,5820,3
-5112.346912829397,102,5845,3
-4129.9582362082365,103,5882,3
-5196.21675409214,104,5914,3
-11981.510993091873,105,5975,3
-8639.834287444579,106,6037,3
-6806.783147408148,107,6076,3
-16233.528277278268,108,6159,3
-8400.632006882006,109,6210,3
-4742.060030593985,110,6236,3
-8681.221209346206,111,6315,3
-4019.5616883116886,112,6341,3
-6741.242784992785,113,6377,3
-10198.695054945054,114,6447,3
-3691.625531331413,115,6466,3
-11103.656149921628,116,6557,3
-19286.48726681816,117,6699,3
-5330.016471531565,118,6727,3
1431.825396825397,119,6799,4
-6774.170303166046,120,6855,3
-11310.95411941,121,6939,3
-14663.89452266,122,7036,3
-11481.482550387347,123,7119,3
-5153.661393860697,124,7147,3
-16768.46862288039,125,7261,3
-6096.021686646686,126,7302,3
-12723.389110889111,127,7395,3
-7036.56686558196,128,7445,3
-6526.254186111671,129,7489,3
-7260.06538503636,130,7532,3
-5969.670403126284,131,7559,3
-2128.8690476190477,132,7572,3
-6012.383811793642,133,7612,3
-6891.741591741592,134,7659,3
-14044.298389518974,135,7761,3
-7677.3404901585,136,7810,3
6280.343051126718,137,7853,4
1027.7579365079346,138,7921,4
-9060.551948051947,139,7960,3
-7215.253600673492,140,8014,3
-12061.17986223443,141,8123,3
-7401.517049127341,142,8184,3
-14182.693695193695,143,8259,3
-4908.766233766234,144,8285,3
-16222.514372882022,145,8402,3
-7106.734523646289,146,8454,3
-3474.559815184815,147,8471,3
-2857.0436507936506,148,8495,3
-10460.423237967745,149,8583,3
-8649.122068162316,150,8648,3
1053.1997256400434,151,8729,4
-3628.5082972582973,152,8748,3
-8884.9303076954,153,8795,3
-5522.777018732902,154,8828,3
-4882.366002160894,155,8858,3
-5784.126984126985,156,8887,3
-5634.651255607138,157,8920,3
-19807.49944499944,158,9053,3
2681.6036047286048,159,9121,4
-12368.144553245176,160,9205,3
-5164.562134202228,161,9233,3
-3275.4290848040846,162,9251,3
-4937.643018745963,163,9383,4
-4001.284622240504,164,9406,3
5637.451539044031,165,9440,4
-8188.15177877678,166,9502,3
-5626.9588330056595,167,9537,3
-2250.892857142857,168,9549,3
-9195.46044233544,169,9615,3
-4692.139363259719,170,9640,3
-4491.260128760129,171,9670,3
-8150.694444444444,172,9712,3
-14159.865420527181,173,9822,3
-11354.457695082692,174,9898,3
-5274.56210542124,175,10009,4
-4417.349664224665,176,10034,3
-29420.733433233447,177,10213,3
-8042.198773448774,178,10257,3
4291.1111111111095,179,10309,4
-11380.638111888113,180,10389,3
-8228.27325701661,181,10435,3
-6600.099206349206,182,10471,3
-7480.2179113699,183,10521,3
6196.608946608948,184,10568,4
-3115.4761904761904,185,10588,3
6761.26033688534,186,10637,4
-4675.988594738595,187,10663,3
-3200.370462870463,188,10682,3
-5526.842929387432,189,10721,3
6048.702072089978,190,10866,5
3096.1868686868706,191,10922,4
-7965.032883782884,192,10975,3
4214.727494727495,193,11035,4
-4469.540754438201,194,11063,3
-20486.703394859338,195,11211,3
-9896.230158730157,196,11272,3
-2529.301948051948,197,11284,3
13195.345291533373,198,11385,5
-9001.723623598624,199,11459,3
-570.0162337662321,200,11538,4
-18757.38789396877,201,11681,3
-9244.249399551258,202,11757,3
-4243.353521478522,203,11782,3
-14678.607503607502,204,11865,3
-7224.242424242424,205,11898,3
-1090.1785714285713,206,11907,3
-16591.802179784663,207,11993,3
-5192.562298812299,208,12032,3
-4957.738095238095,209,12060,3
-3842.5199800199803,210,12081,3
-13253.10080174421,211,12198,3
-13388.384948384948,212,12372,4
-2111.0119047619046,213,12387,3
-9024.313268430917,214,12452,3
-5857.820651570653,215,12497,3
-7785.497796836807,216,12543,3
-5825.668775668777,217,12588,3
-4873.6832611832615,218,12614,3
-4627.514112779206,219,12637,3
-10331.600344100343,220,12705,3
-12476.59576942665,221,12782,3
-7476.408274173367,222,12823,3
-10271.835252166135,223,12889,3
-8035.519133644133,224,13018,4
203.31460206460088,225,13113,4
-4254.500360750361,226,13139,3
-7729.508808185277,227,13195,3
-14993.048340548326,228,13366,4
106.5284021534012,229,13450,4
-2314.797702297702,230,13559,4
-4716.074218823828,231,13676,4
-8515.218288118827,232,13756,3
-3226.217254967255,233,13844,4
-11551.772533022544,234,13932,3
10856.029942279942,235,13952,4
-8813.123457424927,236,14096,4
-4973.385636532595,237,14125,3
-12313.476177030745,238,14197,3
-6591.090171653251,239,14252,3
-5889.063305975072,240,14290,3
98.54610667111001,241,14370,4
-25610.65115440116,242,14511,3
-13128.423256872447,243,14743,5
-14153.514541014541,244,14850,3
-14547.838966588963,245,14958,3
-3604.046647796648,246,14979,3
-7747.059884559886,247,15030,3
-11696.998834498834,248,15118,3
-3802.344877344878,249,15150,3
5313.927183927182,250,15202,4
-3334.8575036075035,251,15228,3
-19884.076687201687,252,15401,4
-7476.587301587301,253,15447,3
-6926.56394579643,254,15482,3
-28845.16663891664,255,15647,3
-6718.1547619047615,256,15680,3
-3413.2305194805194,257,15700,3
-5363.984626484627,258,15741,3
-3937.8968253968255,259,15769,3
-2381.8452380952376,260,15785,3
-6293.18875572984,261,15962,4
-9059.781884781883,262,16022,3
-2835.7142857142853,263,16047,3
-7159.8680731033655,264,16110,3
4720.997903063118,265,16240,5
-15348.611111111108,266,16317,3
8207.482378732378,267,16344,4
2539.722222222225,268,16417,4
-11924.861249861246,269,16479,3
-5034.758297258298,270,16504,3
-3632.8373015873017,271,16529,3
-4799.144565659659,272,16554,3
-11574.460752740557,273,16630,3
-1411.9248806748778,274,16723,4
4629.833916083915,275,16782,4
-3565.873015873016,276,16805,3
-8595.992202242203,277,16856,3
13012.028872697352,278,16950,5
-15377.089577089579,279,17033,3
-2106.8181532519766,280,17133,4
-2414.583333333333,281,17148,3
1352.5106902602183,282,17246,4
-3806.037161368043,283,17267,3
-3836.841630591629,284,17378,4
7701.431374997551,285,17402,4
-5133.333333333333,286,17427,3
7736.5768953268935,287,17461,4
-17015.733891777523,288,17562,3
456.31340881341,289,17635,4
1953.418068859247,290,17708,4
3897.431873681875,291,17751,4
-883.5360550182521,292,17930,5
-6264.129620379619,293,17971,3
1816.1067649670601,294,18039,4
-8324.468586968587,295,18099,3
-7017.551545676546,296,18136,3
-3211.210317460317,297,18155,3
-2621.6904623154624,298,18184,3
-7740.913049368933,299,18247,3
3830.7291319791325,300,18295,4
-4698.313492063493,301,18329,3
-3314.7872960372956,302,18345,3
-29759.100550722043,303,18596,3
-26132.982989232984,304,18773,3
-13456.475468975472,305,18843,3
-552.2384559884571,306,18931,4
-4194.119769119769,307,18954,3
2404.881507381506,308,19040,4
-6616.829004329005,309,19082,3
-5446.726537351537,310,19121,3
-3781.4143866968952,311,19230,4
9834.211602848023,312,19373,5
-13646.4845214555,313,19452,3
-3982.3558386058394,314,19481,3
-7456.39356665866,315,19530,3
397.01492113837367,316,19640,4
8900.207847707848,317,19672,4
5180.780053280055,318,19724,4
-2997.195165945166,319,19746,3
7152.252886002885,320,19791,4
5523.673548673549,321,19837,4
-7793.2897160813945,322,20014,4
-13496.428571428572,323,20079,3
8012.451714951712,324,20110,4
-21726.643435020633,325,20258,3
241.21917813868373,326,20345,4
-9256.680472305472,327,20417,3
8548.118686868685,328,20445,4
-1930.1364447684957,329,20550,4
2830.321622821625,330,20630,4
-3748.412698412699,331,20663,3
6454.687514921852,332,20789,5
-6811.002886002886,333,20822,3
8009.249639249639,334,20849,4
-19407.608690329278,335,20993,3
-9350.841519591522,336,21056,3
-1987.6684141022374,337,21152,4
253.2698143359903,338,21232,4
-10770.122280913773,339,21396,4
8.178071928071233,340,21473,4
-9594.140581640577,341,21617,4
4618.353174603173,342,21661,4
-77.05538892651853,343,21768,4
-6996.546879548038,344,21821,3
-5248.368952384046,345,21844,3
17720.796683751392,346,21925,5
622.1646409146435,347,22011,4
-8445.337301587302,348,22055,3
-7688.392857142858,349,22105,3
-4163.755411255412,350,22203,4
-5941.996687952574,351,22259,3
12565.310200672628,352,22367,5
-17158.94314019314,353,22472,3
587.1472971472972,354,22556,4
14189.949706296456,355,22656,5
-20418.704418002013,356,22872,4
-5584.22619047619,357,22902,3
-4849.107142857142,358,22928,3
-9674.352507227894,359,23090,4
-11064.880952380952,360,23147,3
-14082.37887520976,361,23245,3
-1764.5808358308375,362,23323,4
-7833.886252636251,363,23369,3
-8168.551587301587,364,23410,3
-4411.939224990696,365,23443,3
-8756.86605061605,366,23486,3
-1815.430680430678,367,23579,4
-14430.047036297034,368,23681,3
9218.918165168165,369,23698,4
2481.3730713730715,370,23761,4
3146.648683442164,371,23917,5
-3457.738095238095,372,23939,3
-3566.528610278611,373,23967,3
-19.0927128427129,374,24047,4
4303.6815961815955,375,24102,4
-9762.281746031746,376,24217,4
6276.907675657676,377,24267,4
4420.7504162018595,378,24405,5
18261.38680763681,379,24465,5
6806.137081442809,380,24501,4
-14225.459956709952,381,24592,3
6897.887002703179,382,24620,4
-4264.285714285714,383,24646,3
-3338.628038628039,384,24672,3
-7452.499155256505,385,24737,3
7577.200577200576,386,24771,4
-21888.82345187492,387,24895,3
-12262.086320542203,388,24995,3
10139.037212787212,389,25008,4
-7362.12839856222,390,25140,4
-3012.7039627039626,391,25152,3
-9310.648697707518,392,25285,4
-5370.102846428934,393,25484,5
16572.762084406815,394,25552,5
14430.854218880533,395,25627,5
5550.757992007993,396,25676,4
7194.095002901706,397,25803,5
-7883.099021506528,398,25916,4
-1930.4144466644468,399,26006,4
-9966.187774643657,400,26078,3
17244.660741042135,401,26153,5
-8160.75036075036,402,26205,3
-1974.4098956598941,403,26295,4
-6043.686868686868,404,26326,3
-4576.289682539682,405,26353,3
1384.6620046620064,406,26441,4
4924.989593739595,407,26481,4
-14333.001564783686,408,26570,3
-8280.3064743564,409,26657,3
-11461.706349206348,410,26709,3
-4342.354230914016,411,26889,5
-2669.4083694083693,412,26905,3
-12164.673520923521,413,26974,3
5802.701799404584,414,27023,4
-4066.8055555555547,415,27111,4
3448.691863691866,416,27177,4
-3256.8452380952376,417,27197,3
-20612.07255979314,418,27425,4
5110.575396825396,419,27471,4
-5789.72657244716,420,27517,3
5907.461011211012,421,27562,4
-7861.147186147186,422,27619,3
-7684.02253383871,423,27676,3
-10210.849567099565,424,27723,3
-8649.20634920635,425,27768,3
-7321.280802530805,426,27824,3
-4844.642857142857,427,27852,3
7273.481240981238,428,27956,5
14118.116296746728,429,28036,5
2489.653759982708,430,28107,4
-5074.812409812408,431,28214,4
10186.999906483265,432,28327,5
6668.295454545454,433,28445,5
-23078.093434343446,434,28578,3
-21495.727883227886,435,28708,3
14690.829378524804,436,28793,5
-16399.744005994005,437,28904,3
-6239.341835868625,438,29015,4
-13891.765873015871,439,29095,3
2171.0627526068706,440,29173,4
-7806.686859966661,441,29246,3
9063.092209647933,442,29389,5
-23694.925132057488,443,29526,3
2236.7762792762805,444,29603,4
18743.77221208743,445,29665,5
-4606.547619047618,446,29691,3
-7974.977232912017,447,29858,5
7512.549117549118,448,29889,4
7696.894355644355,449,29917,4
-5109.52380952381,450,29945,3
12759.842788790156,451,30033,5
6272.489593739595,452,30064,4
-16092.794011544009,453,30149,3
-7099.107142857143,454,30184,3
-5643.611249861251,455,30228,3
7200.049117549118,456,30255,4
5735.218758924253,457,30307,4
-4026.10028860029,458,30339,3
4691.143856143857,459,30381,4
14501.90775387622,460,30476,5
517.6131507381517,461,30550,4
-7206.25,462,30587,3
-7965.265290265289,463,30630,3
-14146.49725274725,464,30733,3
-9341.666666666668,465,30776,3
-7912.103174603176,466,30817,3
-6133.468614718615,467,30849,3
5054.4160006659995,468,30896,4
-8248.908730158731,469,30940,3
-12274.702380952378,470,31002,3
-11669.654789654789,471,31164,4
-4083.074633699633,472,31256,4
-5588.690476190476,473,31282,3
-18844.576950826948,474,31400,3
21324.219064818906,475,31443,5
-8138.224667918929,476,31687,5
-6209.226190476191,477,31720,3
-6523.710317460317,478,31754,3
2079.1008297258313,479,31831,4
-16306.177849927848,480,31912,3
10275.90869878913,481,32001,5
1617.4183491946649,482,32151,5
7066.740897990899,483,32185,4
-12738.799526067325,484,32273,3
-4227.083333333333,485,32295,3
-2725.501581751582,486,32306,3
-1501.1750830868446,487,32398,4
-2973.4043081101936,488,32518,4
-2937.38344988345,489,32533,3
8267.068788699222,490,32621,5
10910.60397935398,491,32708,5
5062.806371165074,492,32823,5
8927.16834373356,493,32954,5
-8471.870490620491,494,33070,4
17035.62312644356,495,33128,5
5183.373015873015,496,33174,4
14707.11638400299,497,33262,5
18171.924603174604,498,33316,5
17467.659135884755,499,33391,5
2901.0925594013825,500,33493,4
-10594.639388389385,501,33559,3
-6755.357142857143,502,33588,3
-21020.86940836941,503,33699,3
-10768.670218670219,504,33773,3
9532.04365079365,505,33794,4
-5513.924963924964,506,33826,3
7486.901154401155,507,33857,4
-8437.98909423909,508,33984,4
-12467.794011544009,509,34058,3
-7601.546826711299,510,34254,5
331.93223443223496,511,34330,4
-10306.940975690974,512,34390,3
8571.063715696066,513,34415,4
16473.5767121091,514,34525,5
-5647.260378510378,515,34557,3
-3757.9621767121776,516,34582,3
-6835.714285714286,517,34617,3
-2195.818903318904,518,34702,4
-13059.376040626043,519,34768,3
-610.1839826839802,520,34840,4
-13369.940476190473,521,34903,3
-20010.31746031746,522,35024,3
13659.759852076028,523,35107,5
9583.86211011211,524,35136,4
24469.596444791874,525,35245,6
-10070.693482429166,526,35320,3
-12576.588510818381,527,35445,3
-4892.240426412253,528,35477,3
10799.210441905872,529,35586,5
-6323.313492063492,530,35625,3
6483.968253968255,531,35660,4
22713.971844580537,532,35694,5
14637.93540974849,533,35779,5
13106.777207092424,534,35866,5
-21413.008285574077,535,36067,4
-8265.77380952381,536,36116,3
4246.789321789319,537,36172,4
3592.6073268836426,538,36310,5
-7773.845598845599,539,36358,3
-4786.607142857142,540,36386,3
-8294.633838383841,541,36453,3
7425.930735930736,542,36491,4
-16710.218253968254,543,36579,3
2524.632034632035,544,36642,4
-5063.392857142856,545,36664,3
-18640.76298701298,546,36827,4
21565.001044277356,547,36861,5
17901.132756132756,548,36906,5
-7596.762265512267,549,36952,3
19102.590187590187,550,36995,5
8991.140802434284,551,37075,5
6641.042631044565,552,37198,5
-4265.159636115519,553,37230,3
-9576.468188674071,554,37375,4
14763.696997446998,555,37446,5
-4484.523809523809,556,37479,3
6463.028776778777,557,37520,4
-5048.412841243725,558,37548,3
7693.525669591843,559,37579,4
-7963.690476190476,560,37622,3
17522.986537194873,561,37693,5
6000.958359273578,562,37807,5
-3322.3214285714284,563,37825,3
32452.541856867716,564,37901,6
-10523.89069264069,565,37977,3
-8683.92857142857,566,38023,3
20788.548450341925,567,38064,5
-19680.976939726937,568,38222,4
8502.242063492064,569,38253,4
2954.6755242091954,570,38323,4
3972.926101676101,571,38370,4
-7885.94802854225,572,38610,5
18099.470167513646,573,38667,5
4243.575270140489,574,38783,5
8082.51347057655,575,38906,5
19225.316778632,576,38952,5
10196.311327561327,577,38968,4
21899.58257385889,578,39000,5
2280.9932787370885,579,39063,4
11013.19077937886,580,39182,5
15627.34668109668,581,39247,5
8340.605436230435,582,39269,4
-2913.80730788819,583,39389,4
28381.885822081254,584,39493,6
15675.561514508883,585,39572,5
-1237.9365079365089,586,39645,4
1239.0546953046942,587,39720,4
10209.58800740322,588,39807,5
19102.28798858147,589,39849,5
13126.421867774168,590,39948,5
-7395.2380952380945,591,39983,3
19249.580211025637,592,40040,5
-4873.502886002886,593,40074,3
-8292.01492951493,594,40135,3
11602.634517829953,595,40256,5
4047.5171474552253,596,40414,5
1771.2051837051818,597,40486,4
-11783.182382418068,598,40565,3
4875.757563514916,599,40624,4
9363.236346986347,600,40641,4
13117.579360998476,601,40736,5
10157.006465756464,602,40845,5
16520.32995989518,603,40914,5
3646.464646464646,604,40974,4
-9341.586330336331,605,41107,4
-15513.517781238374,606,41283,4
-2933.928571428571,607,41301,3
16168.543249462282,608,41405,5
4664.701613316165,609,41457,4
5648.140609390609,610,41510,4
-16138.52221308103,611,41683,4
5906.557955932956,612,41729,4
-4595.138888888889,613,41763,3
-8054.9082861582865,614,41805,3
6441.851065601066,615,41844,4
8991.537212787212,616,41862,4
-6641.765873015874,617,41904,3
-11062.671356421353,618,41984,3
-3645.7341269841268,619,42010,3
-2096.898537908599,620,42134,4
12100.065085880304,621,42212,5
-3453.769841269841,622,42234,3
21265.12529094572,623,42276,5
-163.60743423243088,624,42363,4
9260.190668630887,625,42476,5
-7076.785714285713,626,42518,3
5371.587301587301,627,42569,4
-6462.698412698412,628,42609,3
22781.885826162143,629,42644,5
-4251.4166389166385,630,42676,3
-4628.04521867022,631,42705,3
-4177.972721722724,632,42737,3
-14259.500360750355,633,42873,4
1960.8247804397183,634,42961,4
-8718.829278736399,635,43041,3
-11529.36037990218,636,43135,3
-6555.454614829615,637,43180,3
15944.274891774892,638,43241,5
5822.731157731159,639,43292,4
-7776.190476190476,640,43334,3
16683.056797004167,641,43407,5
-8951.424963924963,642,43453,3
10301.361012176227,643,43546,5
17585.400779775784,644,43620,5
-6897.3208776517595,645,43651,3
-1593.1479345817588,646,43746,4
6735.931152181154,647,43784,4
314.64438661613985,648,43929,5
9853.426989499558,649,44036,5
-3961.198176823177,650,44068,3
-2125.892857142857,651,44084,3
-8066.008297258298,652,44135,3
-2584.2261904761904,653,44149,3
16273.606466203215,654,44222,5
23371.408790942456,655,44263,5
12427.3960185841,656,44362,5
-5348.43788156288,657,44494,4
1710.7351712614843,658,44621,5
-28027.973415473414,659,44777,3
16872.254064949495,660,44862,5
5920.604673104674,661,44896,4
-1440.5478635141963,662,45013,4
22091.385948670904,663,45061,5
7977.631914224406,664,45086,4
14927.359307359307,665,45152,5
5310.0649350649355,666,45194,4
5535.788239538238,667,45234,4
-3237.5000000000005,668,45255,3
-7417.993244678022,669,45460,5
-894.8082587384706,670,45641,5
-6917.601148851149,671,45681,3
-2564.003912753913,672,45765,4
3670.0260850260865,673,45834,4
-1544.8773448773418,674,45908,4
-10073.050838050836,675,46036,4
-3860.7700076411406,676,46258,5
-7409.088550338549,677,46396,4
19687.17244464155,678,46453,5
-3247.0789627039626,679,46466,3
3012.094455203792,680,46624,5
-553.6363636363612,681,46702,4
-14341.446400821396,682,46801,3
20729.8224687679,683,46859,5
-3773.120629370629,684,46876,3
-12527.781533267223,685,46972,3
9130.60143309563,686,47093,5
17451.601438590344,687,47170,5
13618.145832495678,688,47255,5
-5085.941142191144,689,47339,4
-3486.0119047619046,690,47359,3
18300.370544740326,691,47425,5
13816.332906859221,692,47505,5
6782.7518315018315,693,47543,4
19428.391053391053,694,47582,5
20384.986252352737,695,47732,6
2372.4617049617036,696,47818,4
18247.899670633804,697,47882,5
2791.4337741292056,698,48042,5
9794.087301587304,699,48129,5
-7096.803665246006,700,48330,5
15840.36939268461,701,48398,5
3535.4132958544715,702,48464,4
-131.0766044241258,703,48654,5
7834.306416622592,704,48683,4
-4801.878750764202,705,48871,5
1113.4798534798524,706,48934,4
1795.0404929533008,707,49158,5
-986.0119047619046,708,49168,3
17901.08252858253,709,49242,5
7428.346851152919,710,49349,5
-7631.845238095238,711,49383,3
9582.231657231658,712,49403,4
6989.664877606054,713,49440,4
11588.374913485206,714,49556,5
8328.035843800164,715,49675,5
6625.415433809397,716,49821,5
19746.18658388395,717,49863,5
-5058.407307991286,718,49909,3
-5362.783541063341,719,49948,3
5002.112250494605,720,50003,4
-3387.7039627039626,721,50017,3
8578.386058386057,722,50040,4
17023.146160759563,723,50111,5
20495.655201079117,724,50154,5
-4899.792568542569,725,50189,3
-8143.253968253968,726,50236,3
7190.39502164502,727,50272,4
-9167.801949942042,728,50349,3
8247.790878487807,729,50492,5
-8024.346119566707,730,50527,3
-4590.476591262195,731,50661,4
-3641.131091131091,732,50685,3
5638.014485514485,733,50733,4
-11920.922807842318,734,50830,3
-3872.4206349206343,735,50853,3
6274.662698412699,736,50897,4
-7775.997960372962,737,50950,3
9872.728527978057,738,51126,5
-1518.3440864690851,739,51229,4
-332.41557054057085,740,51313,4
-3012.7039627039626,741,51325,3
-5862.103174603178,742,51405,4
-25361.0119047619,743,51506,3
2496.309948750267,744,51557,4
-7297.919488492244,745,51713,4
2475.730519725184,746,51879,5
-320.36075036075334,747,51960,4
-6290.936147186147,748,51993,3
-2054.8713137567634,749,52105,4
-8068.98101898102,750,52150,3
4306.300464241642,751,52190,4
-3004.0494227994227,752,52208,3
-8361.288996950763,753,52263,3
-5859.430153180153,754,52288,3
13207.106630684419,755,52385,5
18374.552866294347,756,52470,5
-4370.079478699834,757,52490,3
-14399.238588209173,758,52584,3
-14365.617228059178,759,52698,3
-13160.31091440192,760,52879,4
-7276.5803243454175,761,52920,3
-3425.711486655762,762,53043,4
-36389.71504587603,763,53406,4
-3828.842481048364,764,53434,3
3975.8941058941055,765,53504,4
18617.8137870901,766,53556,5
14853.243057764084,767,53648,5
-7402.141832840365,768,53710,3
-4837.968975468975,769,53737,3
2027.5909212906124,770,53942,5
-8775.534495174588,771,54001,3
-23062.40320996512,772,54208,3
-2567.8571428571427,773,54226,3
2930.03312670302,774,54301,4
-10280.257203022296,775,54359,3
-8935.921166252048,776,54399,3
-19402.155401787757,777,54546,3
5370.376600094092,778,54585,4
16337.527762092981,779,54646,5
18846.65301159109,780,54708,5
-9776.134997613324,781,54788,3
-13939.64854589854,782,54866,3
-4283.785311910312,783,54889,3
-15770.694032274909,784,54994,3
-12525.01591653101,785,55060,3
16984.762887825964,786,55125,5
-6079.492410539237,787,55165,3
-4872.307223864886,788,55197,3
10502.480158730159,789,55215,4
16328.395343261825,790,55287,5
1253.143078181222,791,55358,4
22167.53608989348,792,55425,5
8531.926406926408,793,55460,4
10739.751498501499,794,55471,4
-20543.090243090235,795,55615,3
5753.023328365819,796,55654,4
-8958.792392248277,797,55721,3
-15671.874765885987,798,55815,3
-4861.788191383781,799,55849,3
-9347.619047619048,800,55903,3
-10161.820009410954,801,55973,3
-6371.384825399919,802,56008,3
-3948.809523809524,803,56030,3
-3261.3095238095234,804,56045,3
-5663.291052473646,805,56091,3
-18082.853992048615,806,56275,4
-2546.031746031746,807,56290,3
-4323.517761907855,808,56310,3
6637.45153904403,809,56338,4
-4082.513974029067,810,56355,3
-6898.1240981241,811,56402,3
-2286.326663532548,812,56509,4
-14951.190917897411,813,56623,3
18555.621392066823,814,56692,5
-12200.46758935901,815,56823,4
16024.034299321911,816,56920,5
-4632.41237928738,817,56947,3
7382.237411281531,818,57001,4
7812.382756132756,819,57027,4
-5911.699636736485,820,57142,4
12534.102669085003,821,57247,5
-3173.3922327672326,822,57262,3
2084.7057605706987,823,57343,4
1857.0359460800619,824,57422,4
20275.574445371854,825,57481,5
5300.067151845403,826,57656,5
21751.106120868706,827,57693,5
17834.476217019695,828,57758,5
-6661.607142857143,829,57791,3
-777.6785714285713,830,57802,3
-6853.528358251657,831,57989,4
-5341.666666666667,832,58016,3
-12943.619656487304,833,58120,3
-15106.417250834824,834,58255,3
-20453.070887445887,835,58386,3
6429.0125438287205,836,58421,4
20752.998879775198,837,58460,5
-8854.894833193983,838,58541,3
-3852.7231143039967,839,58559,3
7021.914893625169,840,58767,5
-4551.334239983033,841,58793,3
12629.016531713902,842,58885,5
14373.638714656518,843,58994,5
7876.202244607817,844,59135,5
18180.002613089633,845,59212,5
-5164.1740204240205,846,59248,3
11748.266133376424,847,59366,5
-6400.829725829725,848,59411,3
4441.937904128223,849,59451,4
15556.720722770071,850,59524,5
5256.857410520335,851,59568,4
-5040.2337246087245,852,59595,3
-4326.923567703367,853,59620,3
14869.549547674545,854,59709,5
-4945.016361347631,855,59737,3
-2850.1076741885568,856,59747,3
5892.065733544061,857,59811,4
-7996.408559191062,858,59934,4
-22930.580682002896,859,60083,3
-10440.170593295594,860,60132,3
5113.444949228618,861,60175,4
15463.404565241523,862,60259,5
-7309.578962703962,863,60288,3
-16008.982511081964,864,60432,3
3080.904495472369,865,60596,5
-483.2175871514128,866,60672,4
-3695.9686147186153,867,60693,3
4911.413998583117,868,60750,4
-23790.094410196383,869,60947,3
-16362.954406704406,870,61051,3
18527.33036287384,871,61104,5
-3038.1403318903317,872,61130,3
-2755.2634865134864,873,61142,3
-9779.686665888292,874,61276,4
-14129.246937702817,875,61369,3
-4191.369047619048,876,61392,3
-13441.504329004323,877,61458,3
-5225.322940947941,878,61499,3
-4608.862625377718,879,61523,3
1561.5844427274467,880,61606,4
15804.23670480444,881,61701,5
-4258.735708735709,882,61723,3
-4603.699004598772,883,61754,3
19022.837301587304,884,61793,5
17939.221568286786,885,61855,5
-7826.261932511932,886,61913,3
1206.4898296148313,887,61999,4
-7369.367669850155,888,62044,3
14843.481395100525,889,62169,5
-6616.419691419691,890,62214,3
-4838.690476190476,891,62236,3
4612.958842198394,892,62307,4
2492.830600771777,893,62376,4
-3378.8690476190477,894,62395,3
-6676.694099459193,895,62436,3
5792.472862105216,896,62477,4
-7077.2782772782775,897,62521,3
8701.514465067097,898,62658,5
13884.91841046835,899,62763,5
20785.373322964857,900,62799,5
-20742.909263294317,901,62952,3
3897.876984126985,902,63012,4
10100.287444103435,903,63145,5
-4550.525108061873,904,63183,3
-1912.846666577315,905,63277,4
-12345.700112795697,906,63370,3
18152.09801427092,907,63443,5
-4426.379135570311,908,63478,3
-5732.442557442559,909,63513,3
-1756.8021482768515,910,63746,5
3793.966704944076,911,63823,4
3385.251601534701,912,63913,4
-8384.23174048174,913,63955,3
-3488.263220053079,914,64071,4
-1798.5119047619046,915,64085,3
-3474.1071428571427,916,64103,3
-7719.8635669362675,917,64280,4
4670.216847407166,918,64320,4
-7464.862044989754,919,64391,3
-2744.940476190476,920,64408,3
13266.614730679948,921,64494,5
23134.913696207175,922,64522,5
19867.344300006833,923,64592,5
9131.440295815293,924,64725,5
-15847.07218152206,925,64810,3
-1334.2261904761906,926,64821,3
-6393.131511684649,927,64864,3
-4182.236561812801,928,64955,4
7955.854978354979,929,64992,4
8245.228174173604,930,65128,5
6662.771508929219,931,65166,4
2538.852948951632,932,65308,5
6804.46177296216,933,65339,4
-6143.418068214894,934,65399,3
-7052.105611321942,935,65556,4
-11399.475844232127,936,65734,4
3514.483279327049,937,65800,4
60.62916554849153,938,65944,4
15349.218876407087,939,66022,5
11908.86919367182,940,66116,5
13558.658792617773,941,66198,5
15286.398887919786,942,66292,5
-12318.412191738436,943,66385,3
-8747.81086968587,944,66449,3
-11570.292207792205,945,66522,3
4869.1613586306,946,66661,5
-4853.300865800867,947,66695,3
20584.77343308865,948,66737,5
-852.3315248992515,949,66853,4
6267.981960969138,950,67018,5
8429.037212787212,951,67038,4
-6598.18258184921,952,67081,3
9523.253968253968,953,67105,4
2601.7418551894266,954,67312,5
10494.939199517368,955,67457,5
-3037.1031746031745,956,67478,3
8260.116454752679,957,67519,4
5149.545718318266,958,67584,4
10005.755772005772,959,67600,4
-7261.032023532022,960,67644,3
-11635.593753082132,961,67785,4
-14487.340437340436,962,67859,3
-6267.233488671856,963,67896,3
-3542.3631526282456,964,67913,3
9470.222420123735,965,68014,5
-16370.08616383616,966,68108,3
1225.026167829792,967,68193,4
-17418.884800424636,968,68416,4
-21703.82513728102,969,68537,3
-6900.403966303736,970,68665,4
-24087.529716370682,971,68829,3
16586.436830283576,972,68982,6
-2119.692607192019,973,69120,4
8901.966168721196,974,69235,5
7227.996031746034,975,69271,4
-9604.53696093208,976,69369,3
13019.383681763706,977,69494,5
2565.340231663762,978,69585,4
2106.6894216894198,979,69646,4
22906.931745584996,980,69683,5
-3676.0005313314136,981,69698,3
-749.7691369387255,982,69799,4
-17686.006655219786,983,69922,3
-7920.630900961783,984,69972,3
-11661.022271287366,985,70022,3
-11291.022866022868,986,70093,3
9287.839105339106,987,70124,4
27056.72861516707,988,70224,6
-12466.607493813373,989,70335,3
-8965.306915306915,990,70388,3
12254.255940997426,991,70486,5
-12310.47369705458,992,70578,3
-10010.657398157398,993,70626,3
-14327.426176727062,994,70782,3
-5178.111471861472,995,70806,3
16365.412248521581,996,70875,5
-3298.5119047619046,997,70892,3
-14760.59178309352,998,71072,4
-6492.967593122393,999,71127,3
-22418.670047403706,1000,71289,3
21995.14665116445,1001,71326,5
21242.96185926217,1002,71378,5
20130.873015873018,1003,71415,5
-1800.4960317460316,1004,71434,3
20607.557580878016,1005,71488,5
12972.861234090535,1006,71582,5
16225.142017210514,1007,71670,5
14595.443159781396,1008,71755,5
19971.577388684582,1009,71827,5
-10472.50319125319,1010,71952,4
20770.13569312524,1011,72010,5
16570.1285341952,1012,72102,5
-2762.7039627039626,1013,72113,3
10964.623015873016,1014,72133,4
9632.234848484846,1015,72231,5
-13486.579045954046,1016,72333,3
-4649.112692862693,1017,72355,3
-202.91660260515408,1018,72459,4
1888.9181651681638,1019,72536,4
20139.671924867354,1020,72607,5
-28013.746746151424,1021,72887,4
-3361.771561771562,1022,72904,3
-18892.098905566403,1023,73040,3
-4744.021256521257,1024,73079,3
-6889.049839049839,1025,73125,3
13788.55433214129,1026,73204,5
-10180.362692862693,1027,73252,3
-5913.893228589434,1028,73299,3
-8893.99975024975,1029,73340,3
-5024.410619050712,1030,73363,3
8033.203879453879,1031,73383,4
-12513.984619807663,1032,73480,3
-3049.9254218004216,1033,73493,3
3468.547592709567,1034,73659,5
-2869.84681984682,1035,73671,3
17174.937774895792,1036,73744,5
1658.3714954206453,1037,73827,4
-4729.016701374186,1038,73851,3
-3872.224263739357,1039,73869,3
-13387.816819618296,1040,74050,4
-15035.796753335659,1041,74262,4
-5269.525062355945,1042,74289,3
19524.9507409926,1043,74363,5
39640.71474190512,1044,74578,8
6786.434379874697,1045,74612,4
7143.813403658605,1046,74674,4
6217.144660894662,1047,74702,4
-4005.621530602182,1048,74740,3
-3769.742063492063,1049,74761,3
-777.6785714285713,1050,74772,3
7351.765873015875,1051,74866,5
-22211.944517960168,1052,75065,4
1218.9313464313475,1053,75152,4
14559.134223516789,1054,75293,5
17633.76262626263,1055,75335,5
-1027.5401612976984,1056,75444,4
13506.862815928032,1057,75513,5
-11895.4460164019,1058,75595,3
-8646.602329969877,1059,75647,3
-12984.796283867494,1060,75762,3
-2406.3937706338766,1061,75879,4
-8488.359748911218,1062,76038,4
19541.08301377844,1063,76100,5
-7600.5952380952385,1064,76139,3
6552.405233655232,1065,76192,4
20910.25537736257,1066,76266,5
-469.1297999386255,1067,76347,4
-3081.1389998890004,1068,76369,3
18851.230158730163,1069,76413,5
-8977.083333333332,1070,76462,3
-10184.386693887469,1071,76539,3
-10720.516778972664,1072,76623,3
-888.6948871991444,1073,76814,5
-2945.739676989677,1074,76826,3
-5564.0241702741705,1075,76854,3
22246.4023295545,1076,76897,5
-3255.809428574522,1077,76909,3
1543.2320457320482,1078,76986,4
-9886.003607675435,1079,77068,3
-9198.842271595227,1080,77390,5
-7903.994372715348,1081,77448,3
1065.409265012592,1082,77535,4
17406.200174524474,1083,77606,5
28174.963782644645,1084,77724,6
11648.42866338205,1085,77866,5
-6370.980457936635,1086,78127,5
-6247.233901915302,1087,78161,3
4328.643480702303,1088,78223,4
39300.500401945836,1089,78328,7
7909.381313131312,1090,78367,4
-3157.142857142857,1091,78382,3
-7093.069262528425,1092,78702,6
-4050.189680675362,1093,78722,3
-12030.991625118948,1094,78909,4
5486.325278302264,1095,79062,5
-4652.832930957931,1096,79086,3
-6874.856294591195,1097,79220,4
-1154.3990426124615,1098,79337,4
15485.424045508862,1099,79424,5
-4176.940380955473,1100,79443,3
21240.96965899598,1101,79478,5
-7813.657768539397,1102,79555,3
14667.355880783718,1103,79743,6
-5624.4047619047615,1104,79773,3
-25835.076202821943,1105,80012,4
34406.94742714284,1106,80087,6
-12771.538667945404,1107,80270,4
-1090.1785714285713,1108,80279,3
8473.015873015873,1109,80305,4
-3873.3689523840453,1110,80321,3
-7917.091242091243,1111,80378,3
-1182.3071671228222,1112,80604,5
-4933.569882989389,1113,80648,3
-4640.680153180153,1114,80668,3
9125.873864349996,1115,80802,5
-506.76899404046446,1116,80931,4
-22112.114528058795,1117,81064,3
-2072.802059052058,1118,81170,4
23423.56782106782,1119,81191,5
9010.41847041847,1120,81213,4
-6747.695632970403,1121,81269,3
-5763.948420860187,1122,81374,4
11855.071564572336,1123,81495,5
-29912.034175404908,1124,81705,3
-302.6161338661341,1125,81781,4
10695.008323065935,1126,81905,5
-4962.277410197304,1127,81939,3
5416.40229085612,1128,82112,5
-12063.931521040997,1129,82330,4
9958.570314059865,1130,82451,5
-4372.362686333274,1131,82477,3
-13226.876889338357,1132,82642,4
8672.145970896561,1133,82781,5
-6511.897477522477,1134,82822,3
-7123.860167610167,1135,82866,3
-615.305996033548,1136,82965,4
8763.830989272163,1137,82988,4
-9195.445553113896,1138,83143,4
-13626.064120133395,1139,83221,3
9550.715311987185,1140,83330,5
-2771.8614718614717,1141,83344,3
-6964.300965632235,1142,83478,4
16584.99160110615,1143,83539,5
-335.65872298309336,1144,83681,4
-4819.480519480519,1145,83702,3
2036.6867480588553,1146,83901,5
9698.27495818595,1147,84060,5
-4674.314459405404,1148,84100,3
-9752.56653069153,1149,84156,3
-31650.685192551908,1150,84629,5
29656.92869587413,1151,84696,6
-27698.866455832198,1152,84992,4
6678.155002247493,1153,85027,4
-3908.315295815296,1154,85055,3
-5347.619047619049,1155,85081,3
-5227.387026224773,1156,85108,3
-12594.837975165156,1157,85319,4
8204.022431816553,1158,85426,5
-19517.329351153916,1159,85634,4
20174.831854629258,1160,85710,5
10614.844877344876,1161,85787,5
1412.3789678636203,1162,85996,5
-3018.6374521591224,1163,86102,4
-13501.879459764523,1164,86196,3
3.8836441747304207,1165,86299,4
-2990.469461094457,1166,86500,5
-12960.3265478072,1167,86587,3
9337.390970957147,1168,86604,4
-10325.415352621234,1169,86661,3
9824.424323608668,1170,86772,5
-6696.216779165779,1171,86957,4
22093.217010102857,1172,87022,5
15399.408381473599,1173,87084,5
14026.547777772621,1174,87189,5
18749.269132252706,1175,87277,5
7622.945686924013,1176,87321,4
21294.85160509051,1177,87384,5
12632.135663613992,1178,87471,5
21205.117939567175,1179,87650,6
-4122.467463092464,1180,87686,3
-11635.690812804776,1181,87823,4
5058.335969156402,1182,87883,4
16119.080955379322,1183,88074,6
-8400.629558350147,1184,88132,3
28642.294996240413,1185,88236,6
24298.975332326485,1186,88440,7
-27121.306004992817,1187,88581,3
16046.429913290009,1188,88824,6
-6572.949272949273,1189,88858,3
2148.999808659669,1190,89017,5
-777.6785714285713,1191,89028,3
-9070.609212124305,1192,89067,3
12103.857148688036,1193,89211,5
7832.562586919143,1194,89353,5
-2494.84681984682,1195,89363,3
-4246.432802429993,1196,89382,3
1977.9756013250662,1197,89737,7
4119.268757341581,1198,89926,5
1773.5705476415903,1199,90150,5
-7202.274808524809,1200,90201,3
-3012.7039627039626,1201,90213,3
-17703.079086805865,1202,90352,3
-35761.25376064423,1203,90594,3
-14916.141320755421,1204,90713,3
-2581.3852813852814,1205,90724,3
-6985.241841491841,1206,90762,3
8797.616823106377,1207,90885,5
-4733.312648757494,1208,91026,4
-24272.171775051203,1209,91304,4
-15659.377767233229,1210,91600,5
-9649.55082434765,1211,91694,3
23289.40365147408,1212,91757,5
10739.751498501499,1213,91768,4
-1297.586833531108,1214,91949,5
-5208.568880376295,1215,92155,5
-9415.054146069677,1216,92324,4
21933.98448773449,1217,92349,5
-2869.84681984682,1218,92361,3
8466.91529114272,1219,92525,5
15026.484624122,1220,92638,5
2997.2915564827335,1221,92708,4
-10251.73874964791,1222,92919,4
1099.692165308284,1223,93176,5
8027.946526512702,1224,93197,4
14422.113148504413,1225,93400,6
-6953.0620115178945,1226,93445,3
-17221.642075375745,1227,93587,3
26172.874671767862,1228,93708,6
-1034.6335694749,1229,93819,4
17104.76094908554,1230,93994,6
14442.158396542056,1231,94105,5
-10578.202238293186,1232,94174,3
-3512.301587301587,1233,94192,3
-21366.242222904388,1234,94515,5
-8789.814303961917,1235,94765,5
32372.730124837315,1236,94841,6
29561.723091255546,1237,95045,7
2022.4102980352973,1238,95126,4
3400.509074259074,1239,95175,4
-7034.77666124725,1240,95223,3
-2494.84681984682,1241,95233,3
-33874.110994140014,1242,95502,4
-1090.1785714285713,1243,95511,3
10708.241633275113,1244,95616,5
-457.50661177188937,1245,95793,5
-9030.341414476476,1246,95929,4
14834.366868567633,1247,96041,5
-9338.857609968294,1248,96119,3
11706.719366160156,1249,96329,6
-8523.53634771774,1250,96731,6
-6131.463675213677,1251,96777,3
14223.742515476846,1252,96858,5
-4837.136474636475,1253,96892,3
12454.675077276484,1254,97029,5
-18889.755701814527,1255,97219,4
-178.4713590310044,1256,97424,5
19265.57130326673,1257,97505,5
12801.480016024268,1258,97593,5
8798.735797844716,1259,97854,6
38119.98672967822,1260,98009,7
-13499.938549736913,1261,98273,5
-5409.336103918416,1262,98385,4
2497.2112592373883,1263,98638,6
33394.25826868835,1264,98791,7
-17337.128849999775,1265,98988,4
-113.09754261881059,1266,99187,5
-5954.424736131188,1267,99335,4
28625.496153913013,1268,99558,7
11373.84106806431,1269,99680,5
-4363.197525513701,1270,99706,3
-9562.287339638347,1271,99781,3
-4330.525360749996,1272,100062,6
-17421.746309246315,1273,100156,3
-18535.180468387094,1274,100433,5
-5244.095447877081,1275,100484,3
-4868.456609525815,1276,100522,3
33940.74201490797,1277,100704,7
-12020.366439116442,1278,100771,3
8618.569784097457,1279,100937,5
28753.323363298212,1280,101043,6
-2494.84681984682,1281,101053,3
8562.117525954549,1282,101164,5
21657.835844750058,1283,101334,6
-16350.068298921897,1284,101626,5
-3223.011665326868,1285,101810,5
19349.339182013075,1286,101955,6
-17790.391307190446,1287,102175,5
17728.79891677511,1288,102383,6
-15092.35206765199,1289,102489,3
10247.734667937846,1290,102726,6
14543.576668000045,1291,102809,5
217.36111111111467,1292,102862,4
-8139.593278561897,1293,103037,4
4744.591154412882,1294,103170,5
-3467.2326284826268,1295,103240,4
-8279.527972027965,1296,103384,4
700.8933632119945,1297,103589,5
11407.881076826508,1298,103682,5
5028.078744982594,1299,103868,5
1540.0559034132953,1300,104179,6
-21981.60118429976,1301,104596,6
-193.48795675129426,1302,105040,7
28883.517312795557,1303,105145,6
12580.9259262839,1304,105235,5
-29739.97658010092,1305,105578,5
23512.929737316335,1306,105696,6
-2059.4007702692747,1307,105773,4
1967.811028233447,1308,105979,5
-6347.119547119547,1309,106008,3
17143.362710516023,1310,106189,6
54414.65063496688,1311,106432,9
8494.50960448171,1312,106752,6
7124.820942945944,1313,106781,4
265.5589628996204,1314,106971,5
21188.151154401156,1315,107000,5
-36917.242466799435,1316,107354,4
-15265.034578424673,1317,107429,3
39752.77983518888,1318,107559,7
-15285.117173633042,1319,107694,3
25308.584574219778,1320,107921,7
-8632.462171585394,1321,108481,8
-7529.833687554276,1322,108527,3
-13884.169060098777,1323,108750,4
9258.956847713238,1324,108855,5
5115.362133781252,1325,108898,4
-13898.13845481331,1326,109209,5
22017.771208194976,1327,109415,7
-9080.981171606172,1328,109467,3
6574.727286172724,1329,109596,5
24883.466750997384,1330,109841,7
18537.192665220915,1331,109898,5
12296.242242910985,1332,110086,5
-6434.747345492645,1333,110455,6
6200.791410386997,1334,110497,4
-3228.587037962038,1335,110512,3
18614.649807144593,1336,110592,5
-1038.095238095238,1337,110605,3
4544.594321953986,1338,110938,6
23048.39561931652,1339,111108,6
7447.909125188538,1340,111170,4
-12373.051948051947,1341,111217,3
21829.93771402988,1342,111289,5
35032.01291597567,1343,111435,7
22863.476485086303,1344,111574,6
-9954.504545592008,1345,111716,4
22650.79327642414,1346,111761,5
7729.606017318783,1347,111915,5
15493.784211908775,1348,112117,6
17630.601869750466,1349,112302,6
-1935.792149027443,1350,112425,4
-2974.488024389428,1351,112742,6
-11380.636501011886,1352,112846,3
-10712.294936530618,1353,112930,3
-15744.382586797446,1354,113037,3
26148.30274265937,1355,113156,6
32493.90616285155,1356,113342,7
7589.368969610306,1357,113677,6
12548.132886998157,1358,113938,6
19408.772020463195,1359,113987,5
26854.175425967234,1360,114187,7
25963.892840046086,1361,114334,6
6403.156565656564,1362,114374,4
1779.9840933490336,1363,114455,4
2401.3272359305643,1364,114522,4
21685.073952617433,1365,114552,5
-9012.616324593879,1366,114702,4
41512.9258919148,1367,114888,8
18275.599155970333,1368,115083,6
4328.601103703658,1369,115282,5
57379.02841418125,1370,115514,9
15416.705818261544,1371,115629,5
21750.651154401156,1372,115654,5
-7473.022056632738,1373,115728,3
2861.008636052182,1374,115813,4
10188.575482712647,1375,115977,5
-1043.0980278489715,1376,116239,5
-27907.085886347104,1377,116521,4
17500.911378650282,1378,116692,6
18941.976547780676,1379,116850,6
2509.922347174665,1380,117148,6
-9595.242515230313,1381,117360,4
20696.776695526696,1382,117396,5
7446.768537834711,1383,117422,4
1295.9958093162431,1384,117506,4
2637.597788214081,1385,117751,6
-11776.373804643928,1386,117845,3
-3575.203962703963,1387,117860,3
-6855.751396576458,1388,117981,4
-1090.1785714285713,1389,117990,3
29560.260226810333,1390,118300,8
-28090.488464241756,1391,118679,5
20089.101800117667,1392,118826,6
35625.2168887315,1393,119015,7
28063.92676604068,1394,119206,7
-1839.3474230317083,1395,119513,6
-5135.511325367546,1396,119756,5
-5534.0454509570145,1397,119912,4
-4912.013443294685,1398,120209,5
7868.232969319754,1399,120552,7
14094.441488974968,1400,120654,5
24560.682195556412,1401,120775,6
-475.59775084736214,1402,120832,4
2826.0743385404176,1403,120995,5
21803.230188069585,1404,121176,6
-30001.138492773964,1405,121600,5
274.1192773215962,1406,121925,6
-4595.438549453643,1407,121947,3
17257.04519530177,1408,122109,6
-762.3036643158939,1409,122320,5
6391.852048917266,1410,122423,5
-9893.572929054542,1411,122591,4
19833.88818125944,1412,122760,6
21206.408730158728,1413,122789,5
6894.284022211989,1414,122939,5
15568.407804624887,1415,123199,6
-36568.20723201883,1416,123437,3
24558.314669803585,1417,123648,7
6873.9713279496555,1418,123701,4
18746.167452428745,1419,123939,7
12558.77755488917,1420,124289,7
-15727.11886969613,1421,124520,4
-10302.040043290044,1422,124622,4
19156.975814041038,1423,124669,5
-2054.6656987432807,1424,124888,5
75319.80060488188,1425,125049,10
7504.793331744904,1426,125205,5
34983.56694375194,1427,125364,7
-6653.332013279565,1428,125551,4
-3396.167721167722,1429,125576,3
11820.126600695485,1430,125939,7
14403.517177267175,1431,126013,5
-3116.378624452207,1432,126229,5
32126.524635710004,1433,126318,6
3271.4680046046146,1434,126386,4
8854.696937350569,1435,126507,5
19387.256797294405,1436,126661,6
-23244.902115858,1437,126799,3
16840.784321457693,1438,126979,6
-20037.738128314755,1439,127114,3
18763.892757195703,1440,127407,7
-762.0563128858964,1441,127641,6
22840.761038616623,1442,127813,6
-14572.164518058495,1443,128097,5
17548.33194583195,1444,128153,5
5297.931472122648,1445,128206,4
11845.02026927731,1446,128453,6
11076.825396825398,1447,128472,4
14277.29416136577,1448,128545,5
13293.345723586246,1449,128642,5
12078.135258741497,1450,128758,5
20677.53031647575,1451,128892,6
-6608.403103174774,1452,129005,4
-6525.1546666697595,1453,129033,3
14111.423714744149,1454,129134,5
-30183.393502387964,1455,129599,5
-3724.0134865134864,1456,129616,3
-8396.069841026292,1457,129745,4
26989.441322136758,1458,129853,6
-18061.526667776667,1459,129943,3
14338.921547793454,1460,130160,6
17402.742548166894,1461,130216,5
5169.231027241777,1462,130262,4
7069.861375972778,1463,130431,5
40673.68118186425,1464,130664,8
10164.590635367082,1465,130755,5
36184.802307769474,1466,130877,7
24096.034541009387,1467,130907,5
49369.31304312303,1468,131060,8
4957.574815049743,1469,131242,5
11297.436375973526,1470,131374,5
6262.249743720331,1471,131416,4
30940.579712255403,1472,131506,6
-3327.1116381468505,1473,131821,6
-7607.810245310245,1474,131859,3
21544.32254187647,1475,131902,5
23802.87767293766,1476,132060,6
6312.206306802481,1477,132225,5
27421.78313301765,1478,132318,6
3426.1354427007604,1479,132379,4
2948.9068295395673,1480,132466,4
1097.7462417968277,1481,132678,5
28001.437788432748,1482,132769,6
11482.44036796947,1483,132896,5
23901.486279673194,1484,132935,5
8462.064206648187,1485,133326,7
13636.791125541125,1486,133399,5
-15472.41443925722,1487,133534,3
-5255.843166766145,1488,133886,6
5947.374908429394,1489,134039,5
21354.660518399432,1490,134175,6
14635.030162300409,1491,134299,5
29155.571416158797,1492,134557,8
-131.41537893065615,1493,134655,4
3233.8571652749383,1494,134846,5
-6689.412412922475,1495,134895,3
18867.979879420098,1496,134949,5
13925.906998439707,1497,135025,5
22290.698402474718,1498,135063,5
5693.451638231051,1499,135116,4
15647.40963285081,1500,135191,5
31333.990127089983,1501,135363,7
-246.3646752714107,1502,135464,4
23721.491890677244,1503,135640,6
12000.367973100172,1504,135744,5
29234.344528658497,1505,136065,8
26990.245626892225,1506,136247,7
-11547.644954813739,1507,136521,5
-6856.611089205061,1508,136594,3
27475.12534194467,1509,136830,7
-4424.5768120768125,1510,136858,3
16070.781496488806,1511,137077,6
26172.68419037963,1512,137175,6
2965.494007841142,1513,137355,5
30422.48029536235,1514,137668,8
11171.738212767621,1515,137780,5
-2762.7039627039626,1516,137791,3
11489.032433891767,1517,137882,5
-11348.031829281827,1518,137965,3
23724.627807263256,1519,137996,5
14507.873490792934,1520,138099,5
3861.1961329807787,1521,138280,5
30528.05885398569,1522,138383,6
25083.4060067619,1523,138655,7
9180.414497568136,1524,138863,6
18006.05083795932,1525,138931,5
-2762.7039627039626,1526,138942,3
14026.398708939763,1527,139042,5
10612.93518938062,1528,139140,5
35110.61872123402,1529,139280,7
21804.124903304462,1530,139336,5
18437.675310370738,1531,139401,5
1805.1696542621467,1532,139457,4
39343.1972353412,1533,139577,7
22821.437109931685,1534,139618,5
6644.961246221508,1535,139766,5
21211.63193672624,1536,139816,5
13999.814338782991,1537,139936,5
19089.563412664567,1538,140317,8
19161.18896474781,1539,140483,6
11343.071938930634,1540,140592,5
-14530.052036456835,1541,140678,3
25732.17243763961,1542,140771,6
24567.712825744944,1543,141032,7
26736.194843598096,1544,141237,7
21078.190836940837,1545,141269,5
20417.574235834683,1546,141310,5
-3507.278832278833,1547,141336,3
25554.049405831494,1548,141475,6
-3591.9494168704,1549,141702,5
31489.209274772344,1550,141777,6
51823.61125271943,1551,142103,10
55362.94331850639,1552,142316,9
3111.587757049715,1553,142468,5
-7900.823625978425,1554,142533,3
-12181.442237672887,1555,142620,3
30224.28443433856,1556,142715,6
-15871.230138325727,1557,142829,3
5451.369472559789,1558,142865,4
22650.905626572687,1559,143023,6
4675.497403390797,1560,143174,5
27221.55056093717,1561,143279,6
-7084.108778015104,1562,143502,5
-17674.891802813625,1563,143653,3
-11460.383470803363,1564,143724,3
21275.473889715373,1565,143765,5
26986.01225579471,1566,143894,6
13329.334198520475,1567,143980,5
-18717.944164109027,1568,144193,4
22638.980487620345,1569,144385,6
34079.17103565996,1570,144586,8
16286.39043339702,1571,144790,6
11108.86584605625,1572,144902,5
1151.4942900237002,1573,144970,4
39755.96500571151,1574,145104,7
-2762.7039627039626,1575,145115,3
21073.587263699486,1576,145194,5
21350.462735364046,1577,145270,5
-3793.950648721612,1578,145416,4
10008.17510258358,1579,145560,5
11319.590980298166,1580,145699,5
47697.34898709447,1581,145971,9
-10090.471631052125,1582,146099,4
29346.473106601665,1583,146221,6
-11021.949146708877,1584,146435,5
-2494.84681984682,1585,146445,3
-9626.864945769743,1586,146511,3
31965.93508872374,1587,146785,8
692.8497197247202,1588,146847,4
20628.425324245756,1589,146898,5
-19033.03812573847,1590,147073,4
12796.150502441727,1591,147266,6
-12894.955187786069,1592,147360,3
23478.873816027437,1593,147505,6
7448.707709773885,1594,147535,4
-5685.055916305916,1595,147565,3
40841.79517743179,1596,147665,7
14237.375455426927,1597,147803,5
-3761.309523809524,1598,147819,3
1140.1540581881163,1599,147910,4
17689.485171261487,1600,147956,5
13340.5226453543,1601,148076,5
8721.170634920634,1602,148108,4
3604.2446084131557,1603,148171,4
6760.647852964029,1604,148204,4
8016.186269348153,1605,148402,5
2478.046814296817,1606,148468,4
-2494.84681984682,1607,148478,3
17590.90194205519,1608,148554,5
11210.416266216838,1609,148695,5
-18541.756605248076,1610,149191,6
1363.6720877161997,1611,149340,5
-3757.244454554707,1612,149458,4
11614.733317722867,1613,149571,5
1188.0713012870035,1614,149772,5
11662.303832293399,1615,149881,5
9471.904284011482,1616,150035,5
17622.429887745107,1617,150083,5
-9882.43305383314,1618,150254,4
-4164.718614718615,1619,150271,3
17095.022828908277,1620,150336,5
45665.74889536285,1621,150598,9
4337.773632915729,1622,150930,6
31109.5236703441,1623,151038,6
-6229.580017729829,1624,151251,5
-7666.70376192435,1625,151320,3
6972.738193179369,1626,151346,4
-10761.109243568611,1627,151420,3
-8948.52462400711,1628,151466,3
757.5011217563128,1629,151640,5
26744.403655554972,1630,151740,6
20214.216893010373,1631,151782,5
-450.60374266256724,1632,151919,5
-2440.9948747988637,1633,152242,6
24233.5918925808,1634,152358,6
2572.9094516594528,1635,152417,4
24115.078351747637,1636,152567,6
22050.012795463455,1637,152626,5
37024.887052876606,1638,152772,7
10739.751498501499,1639,152783,4
-4030.15873015873,1640,152807,3
24076.917719103916,1641,152964,6
7936.189947393508,1642,153097,5
-3579.7688463497298,1643,153214,4
41387.19041042375,1644,153314,7
36521.55204538249,1645,153450,7
-1090.1785714285713,1646,153460,3
2832.6936832031774,1647,153635,5
23058.568581399526,1648,153985,8
14824.518166376929,1649,154067,5
15217.317880427128,1650,154199,5
-2398.2303753664028,1651,154436,6
-8754.196844821845,1652,154514,3
16164.99997572946,1653,154632,5
8881.286477110782,1654,154747,5
6202.119249214837,1655,154792,4
24595.17785943996,1656,154939,6
9468.87085137085,1657,154962,4
21358.02324825158,1658,155007,5
33608.08132231167,1659,155197,7
44690.89509411292,1660,155587,10
8775.596012174956,1661,155686,5
33331.56727980593,1662,155880,7
16756.805715784045,1663,155945,5
18092.776584603154,1664,156037,5
18252.196717186285,1665,156088,5
-18906.950464825855,1666,156216,3
22966.2493895853,1667,156376,6
-9130.592307477149,1668,156520,4
5417.044625518515,1669,156680,5
11005.952184640266,1670,156784,5
15362.822830373661,1671,157088,7
21674.588885656667,1672,157304,6
12629.839783149122,1673,157415,5
42877.67458103198,1674,157735,9
8237.938727079596,1675,157878,5
-766.8246815963503,1676,157983,4
42128.46765042476,1677,158267,9
-4229.695224085503,1678,158398,4
-2165.2397923825747,1679,158619,5
-2849.9094451300343,1680,158652,3
17651.915938677612,1681,158856,6
29227.862280263584,1682,158972,6
-4721.650878790972,1683,158995,3
4967.552785192103,1684,159069,4
54776.532486771444,1685,159188,8
5701.107765897376,1686,159396,5
19425.284021534022,1687,159435,5
18662.37238986129,1688,159511,5
22627.76864024348,1689,159556,5
30767.959813531535,1690,159640,6
1923.0377955377949,1691,159713,4
6063.5593573093565,1692,159833,5
14682.694082700475,1693,159916,5
35337.1254431413,1694,160058,7
-3539.7186147186144,1695,160073,3
8913.223716213266,1696,160190,5
-9395.7241221186,1697,160525,6
8809.133395451705,1698,160638,5
32983.92551849591,1699,160805,7
63413.86439863026,1700,160947,9
57006.627053072516,1701,161123,9
29042.086136043188,1702,161291,7
12517.654426149591,1703,161448,5
26974.009876983462,1704,161747,8
5475.518301143302,1705,161791,4
-2968.1061993562,1706,161819,3
26598.817452542295,1707,161917,6
17809.434948821232,1708,161992,5
-777.6785714285713,1709,162003,3
-10130.806346431347,1710,162062,3
15293.875745054065,1711,162292,6
40546.97735352508,1712,162432,7
33080.07769264246,1713,162637,7
13559.11395367917,1714,162721,5
-22819.12720432674,1715,163084,5
2663.7678305794298,1716,163428,6
38868.841016869264,1717,163546,7
13868.516042995532,1718,163646,5
9095.703879453878,1719,163664,4
11672.701811460476,1720,163827,5
33276.29046671423,1721,164066,8
25004.478836707854,1722,164217,6
-13921.681014148202,1723,164393,4
14975.319674735307,1724,164511,5
15150.329151627531,1725,164807,7
15919.92487646512,1726,164914,5
-4295.991855366856,1727,164949,3
11954.888443681924,1728,165028,5
15431.485153348543,1729,165110,5
-99.8423512761791,1730,165193,4
18757.927766677767,1731,165240,5
62692.941725308396,1732,165432,9
9836.702314653381,1733,165579,5
41585.22439905671,1734,165791,8
21960.764096584517,1735,165927,6
23930.660720428517,1736,165955,5
20491.019005074733,1737,166010,5
-2511.3095238095234,1738,166022,3
194.92598302969918,1739,166104,4
10848.666979520309,1740,166219,5
-1090.1785714285713,1741,166228,3
20393.791998847086,1742,166375,6
30089.65011252936,1743,166644,8
-4599.657586656959,1744,166913,5
67484.85257930362,1745,167337,12
18025.737666571316,1746,167445,5
16164.213992529205,1747,167511,5
10878.410410324095,1748,167657,5
12286.573912451046,1749,167780,5
31115.590964977582,1750,167892,6
24008.88993316625,1751,167914,5
15186.323925080313,1752,168003,5
18008.326741497087,1753,168188,6
27357.317408423893,1754,168322,6
17438.964764589964,1755,168506,6
29463.954434172414,1756,168616,6
30167.048533978625,1757,168781,7
-4009.079947829946,1758,168889,4
25940.023933969365,1759,168926,5
21131.36434217956,1760,168965,5
24255.857267302697,1761,169008,5
-1185.8447893788868,1762,169330,6
18476.535897238286,1763,169415,5
12102.696070344302,1764,169525,5
23551.969223839,1765,169590,5
18571.482752928194,1766,169806,7
47585.90464961595,1767,169968,8
55995.60751705293,1768,170075,8
-13132.41255743255,1769,170305,4
8661.495054494198,1770,170707,8
8220.703879453878,1771,170729,4
20707.899717101736,1772,171009,7
11285.618546308764,1773,171103,5
12649.180166145596,1774,171246,5
23577.968267542572,1775,171361,6
6278.248161796924,1776,171424,4
20786.55962050505,1777,171486,5
13159.424652789592,1778,171581,5
11692.186892055312,1779,171698,5
10955.73051948052,1780,171711,4
5955.987068487068,1781,171757,4
20734.217351756175,1782,171981,7
31962.184821971965,1783,172056,6
33266.53471893603,1784,172126,6
26540.001070994545,1785,172347,7
8042.6587301587315,1786,172379,4
18449.682892739907,1787,172563,6
-13606.417336748218,1788,172627,3
15308.556735513208,1789,172719,5
34107.56361650904,1790,172777,6
15237.633826953614,1791,172847,5
14660.685123699828,1792,172931,5
23661.497986916464,1793,173083,6
21094.25586783282,1794,173155,5
-7255.7765559603795,1795,173211,3
15070.081895695876,1796,173324,5
49169.55849383674,1797,173464,8
14314.40015552529,1798,173582,5
43218.00013651078,1799,173769,8
-2706.385281385282,1800,173781,3
40845.5328694783,1801,173883,7
31889.271643988806,1802,173973,6
33276.84647618201,1803,174147,7
13320.59759717443,1804,174269,5
10070.66745160323,1805,174429,5
9315.659352042865,1806,174554,5
18524.309925755355,1807,174698,6
-4176.940380955473,1808,174717,3
-2320.833333333333,1809,174738,3
15143.182995748213,1810,174811,5
5084.549302391796,1811,174853,4
-725.9884998042894,1812,174971,4
4528.685434203932,1813,175195,6
29160.668707106157,1814,175477,8
16561.448424763643,1815,175534,5
13169.628071484307,1816,175739,6
-1486.0119047619046,1817,175754,3
21035.122861438078,1818,175794,5
-23865.558726404317,1819,175932,3
32058.68818638361,1820,176027,6
2593.007385196054,1821,176286,6
12696.191652550346,1822,176366,5
11404.693403900577,1823,176605,6
-2494.84681984682,1824,176615,3
40620.14284283828,1825,176718,7
22771.11857299983,1826,177034,8
33335.082143303895,1827,177182,7
-3821.419552669553,1828,177212,3
30846.73659651994,1829,177300,6
35359.45008788079,1830,177443,7
22379.17154963872,1831,177512,5
20040.29291360813,1832,177554,5
8744.156211435622,1833,177589,4
18498.92434320066,1834,177645,5
-11018.217102814644,1835,177940,6
5917.435902805483,1836,178228,6
20685.184986152475,1837,178272,5
15671.392157071925,1838,178360,5
61377.41912370829,1839,178544,9
8220.016422131364,1840,178683,5
5148.801081764737,1841,178736,4
26565.229447410173,1842,178931,7
-3033.6101398601404,1843,178954,3
38931.58661406532,1844,179064,7
15491.14080243428,1845,179126,5
33999.272879468306,1846,179193,6
12083.528142823807,1847,179333,5
-5308.363980790453,1848,179369,3
50725.78927973471,1849,179493,8
27442.72817219385,1850,179853,9
3962.91507104007,1851,179920,4
21172.576991721726,1852,179958,5
3784.5620902089636,1853,180033,4
-5764.4209956709965,1854,180060,3
-1830.4015229266774,1855,180138,4
7390.791360986795,1856,180261,5
28429.14722987151,1857,180438,7
10311.470522550762,1858,180558,5
1149.724714069379,1859,180765,5
30671.322493940508,1860,180863,6
38643.00844539417,1861,181011,7
8633.467088467087,1862,181038,4
19457.998803097482,1863,181124,5
23576.40380409924,1864,181154,5
12555.330728782741,1865,181261,5
19991.187145757573,1866,181339,5
9701.991588562792,1867,181467,5
-9979.650006855889,1868,181541,3
6455.162337662337,1869,181583,4
41282.54384461427,1870,181754,8
8170.582000381346,1871,181874,5
10314.407883353319,1872,181995,5
42913.50656245198,1873,182081,7
-4701.217493806504,1874,182124,3
73848.1448529055,1875,182284,10
30550.47538469255,1876,182375,6
29744.926808872246,1877,182537,7
-11408.044733044726,1878,182599,3
27302.61968165993,1879,182729,6
11984.706227666898,1880,182828,5
7035.863858363865,1881,182951,5
-3061.967412747211,1882,183069,4
44963.93720065438,1883,183222,8
18012.34597857722,1884,183292,5
1416.9687542849292,1885,183367,4
54269.87987953738,1886,183582,9
37678.512455252,1887,183885,9
17935.97538665923,1888,184088,6
24465.965227153305,1889,184135,5
-19805.803224553227,1890,184271,3
-232.92364627677415,1891,184361,4
20510.602314352316,1892,184404,5
-1402.6785714285713,1893,184417,3
-4484.809541378814,1894,184443,3
29912.538641484072,1895,184520,6
62662.06325086162,1896,184751,10
20720.58129327672,1897,184821,5
29550.586522180954,1898,185002,7
10288.818080998813,1899,185147,5
-3563.026944890331,1900,185234,4
24034.546494741924,1901,185282,5
8466.770222678639,1902,185415,5
18719.044482087964,1903,185458,5
16697.185982810155,1904,185657,6
31722.287087482517,1905,185750,6
19826.48330792874,1906,185798,5
7406.72005196386,1907,185937,5
-15646.63060813155,1908,186257,5
5954.124624945058,1909,186295,4
34307.96044190587,1910,186356,6
23683.98448773449,1911,186375,5
9083.544649794649,1912,186413,4
32057.603299048733,1913,186480,6
33006.1973125344,1914,186735,8
1772.5114095514718,1915,186920,5
34133.357267302694,1916,186972,6
-3023.120629370629,1917,186985,3
31224.28002595958,1918,187079,6
58240.65240272283,1919,187166,8
18395.976359167147,1920,187324,6
-1090.1785714285713,1921,187334,3
20361.87283755975,1922,187415,5
61680.8062819963,1923,187642,10
27830.599876559616,1924,187752,6
-32.030816405816836,1925,187833,4
21165.46058952253,1926,188102,7
36201.809648255075,1927,188152,6
24128.115872130955,1928,188278,6
16179.543023401717,1929,188345,5
19703.175088370517,1930,188410,5
23905.1168389051,1931,188606,7
18018.480420545642,1932,188657,5
-4383.185480025651,1933,188772,4
22982.09527400704,1934,188811,5
29132.85152304696,1935,189011,7
-2946.500354220943,1936,189041,3
-3725.894806489854,1937,189288,5
20200.326644756737,1938,189435,6
28056.244534488407,1939,189568,6
9777.740315240317,1940,189595,4
20617.446372641803,1941,189664,5
35613.357267302694,1942,189711,6
-1090.1785714285713,1943,189720,3
22100.651154401156,1944,189745,5
13608.961524156955,1945,189843,5
13950.656640524488,1946,189941,5
-2082.7380952380954,1947,189956,3
40979.682802530835,1948,190070,7
-5612.141122766123,1949,190187,4
14031.83800332794,1950,190282,5
10078.164293996331,1951,190402,5
12533.496294941735,1952,190602,6
15660.640400835835,1953,190698,5
26605.376081821512,1954,190810,6
20649.428210678212,1955,190848,5
3608.1468356541445,1956,191129,6
14041.697041516834,1957,191209,5
66417.60312034885,1958,191438,10
21563.611596307026,1959,191494,5
38480.75020116621,1960,191700,8
5875.720061242506,1961,191751,4
-7173.088716838716,1962,191789,3
38594.011175911844,1963,192002,8
36847.92062061606,1964,192213,8
30955.115645233665,1965,192292,6
15716.66629865102,1966,192377,5
-753.9162267471086,1967,192478,4
44158.47924430718,1968,192768,9
13016.069338728003,1969,193047,7
23285.895146090577,1970,193092,5
23582.309846586162,1971,193118,5
-7225.992443191928,1972,193322,5
16633.159132104563,1973,193424,5
7124.820942945944,1974,193453,4
12055.739279939038,1975,193570,5
38774.04125651611,1976,193685,7
12622.455391400825,1977,193762,5
15847.57867132867,1978,193823,5
8516.258145019754,1979,193846,4
37894.67867958605,1980,194003,7
20523.971101997417,1981,194041,5
6546.750055500054,1982,194086,4
-3709.22619047619,1983,194106,3
68470.91456702916,1984,194465,12
15825.964762961345,1985,194553,5
14477.255306183324,1986,194736,6
42297.65581597625,1987,194829,7
16983.301155114226,1988,194923,5
8368.571526512702,1989,194945,4
75221.00777335465,1990,195118,10
18326.450171812598,1991,195203,5
28262.700979146404,1992,195299,6
22764.889633285526,1993,195361,5
-2694.238452466007,1994,195454,4
40136.24855772881,1995,195645,8
32245.023933969365,1996,195706,6
33698.78259361038,1997,195936,8
27528.100802920842,1998,196023,6
36031.07011001554,1999,196074,6
19564.708175850326,2000,196166,5
17607.084504332957,2001,196235,5
17903.895879662134,2002,196312,5
30090.893598790262,2003,196411,6
22089.802093975853,2004,196546,6
16352.62015719059,2005,196609,5
36395.42256311799,2006,196737,7
15224.818211758997,2007,196848,5
20062.91929969754,2008,196929,5
-1038.095238095238,2009,196942,3
10181.507936507938,2010,196963,4
30823.356128557953,2011,197047,6
23359.276695526696,2012,197073,5
25219.964410159835,2013,197118,5
20744.947631194656,2014,197291,6
4032.1530838442613,2015,197380,4
30498.403834942143,2016,197473,6
74320.76131062777,2017,197628,10
40320.031663168265,2018,197736,7
21560.80099247644,2019,198014,7
35319.845362540786,2020,198066,6
-777.6785714285713,2021,198077,3
63888.59421671005,2022,198288,10
31714.750650059992,2023,198377,6
6234.118983441739,2024,198521,5
11940.96412638789,2025,198805,7
33627.297077492505,2026,198953,7
28453.351179561454,2027,199162,7
79951.168357179,2028,199361,11
41898.03203697745,2029,199451,7
-15640.166777666771,2030,199536,3
27610.36330172721,2031,199641,6
23935.252430318214,2032,199669,5
33539.21875961157,2033,199901,8
9173.820158851713,2034,200114,6
16340.760278163529,2035,200195,5
63930.56850377864,2036,200429,10
7029.04530844411,2037,200614,5
9039.273955104067,2038,200865,6
30821.094405680313,2039,201042,7
-7957.418969918969,2040,201080,3
1412.2160740352908,2041,201288,5
28170.682025877453,2042,201387,6
16109.342230044898,2043,201706,8
51486.121955529845,2044,201834,8
18912.160806982527,2045,201919,5
36518.84746338113,2046,201964,6
19076.421564976128,2047,202049,5
35963.635045080475,2048,202094,6
15357.499999999998,2049,202155,5
21561.92640649683,2050,202303,6
3145.926654437296,2051,202454,5
52859.39700009612,2052,202766,10
54515.14939674188,2053,203113,11
-6124.031226556381,2054,203153,3
11206.04639520378,2055,203289,5
22528.439130743693,2056,203354,5
15022.844676823006,2057,203433,5
59646.23932039679,2058,203680,10
20425.12133656676,2059,203746,5
6406.529581529583,2060,203793,4
25393.099510353764,2061,203916,6
19581.585123682646,2062,203980,5
24579.629744825183,2063,204106,6
-1840.1785714285713,2064,204121,3
16777.017636001765,2065,204184,5
52958.67662617365,2066,204374,9
29562.87490312702,2067,204471,6
-6606.516196222079,2068,204511,3
10873.6056998557,2069,204528,4
6370.191336441336,2070,204569,4
50267.11968221837,2071,204711,8
33019.69668382013,2072,204867,7
43588.14113758058,2073,205184,9
50206.51670590328,2074,205327,8
-6197.773714288807,2075,205353,3
46723.99524044066,2076,205417,7
22643.73044782873,2077,205565,6
10490.4748345349,2078,205694,5
79900.69656199496,2079,205915,11
9116.727354341265,2080,206069,5
10840.830758938353,2081,206298,6
39366.633471447705,2082,206426,7
9609.534851795495,2083,206556,5
8626.581903433673,2084,206771,6
-2762.7039627039626,2085,206782,3
15681.918093983308,2086,206850,5
-2869.84681984682,2087,206862,3
12315.8199978089,2088,206986,5
21373.539446234878,2089,207045,5
-4838.507980023073,2090,207069,3
10186.19227994228,2091,207093,4
18484.775183491965,2092,207267,6
39786.73673505715,2093,207381,7
18151.607836178264,2094,207462,5
14920.35654898077,2095,207578,5
12143.722678035765,2096,207763,6
51931.41226785768,2097,207891,8
20814.36535643578,2098,208029,6
2545.3875642256708,2099,208347,6
16824.949772449774,2100,208410,5
17754.04408542953,2101,208480,5
9680.537518037518,2102,208504,4
-476.3163225663202,2103,208581,4
46182.74769713431,2104,208731,8
37219.34199464963,2105,208869,7
69913.17786337329,2106,208966,9
21462.992424242424,2107,208999,5
28492.87942389007,2108,209081,6
57795.027330125995,2109,209265,9
34133.54493570883,2110,209335,6
24459.30307480616,2111,209468,6
40664.622485572545,2112,209677,8
56083.39004906339,2113,209862,9
50163.07595139636,2114,210164,10
7400.459956709957,2115,210194,4
28875.62208461099,2116,210281,6
-3955.3788808613654,2117,210297,3
17247.27450172059,2118,210373,5
51036.45495715154,2119,210510,8
-6097.36795067677,2120,210647,4
22852.491001215843,2121,210776,6
33706.620316602886,2122,210935,7
4417.393925089359,2123,211082,5
50039.47559428014,2124,211201,8
17842.497021382467,2125,211260,5
3042.0047742897395,2126,211388,5
3119.429474249525,2127,211703,7
21111.802225122658,2128,211757,5
28186.950826521257,2129,211845,6
22818.654258752944,2130,211994,6
63982.174650255154,2131,212324,11
16898.971167291602,2132,212384,5
5350.061743811745,2133,212424,4
40522.04214000653,2134,212640,8
18719.075258461864,2135,212725,5
17694.342069179544,2136,212990,7
30467.362845058273,2137,213084,6
3495.92537913197,2138,213175,4
17637.751897860595,2139,213224,5
19431.671869367296,2140,213314,5
988.7172666029182,2141,213462,5
23640.174963924965,2142,213485,5
-1527.6785714285713,2143,213497,3
36969.80178769458,2144,213547,6
37834.31456250147,2145,213662,7
28152.91664175178,2146,213764,6
4338.71552059052,2147,213812,4
14793.011367287685,2148,213892,5
20064.25325164657,2149,213968,5
35970.00993652889,2150,214175,8
13461.640385151037,2151,214273,5
34457.606351551774,2152,214327,6
6166.394786199349,2153,214480,5
20926.177719983836,2154,214630,6
18882.0064778217,2155,214678,5
28721.091546911975,2156,214859,7
27966.387570333,2157,214963,6
20262.360232861392,2158,215015,5
-6802.916944166941,2159,215115,4
15774.522005772005,2160,215178,5
4953.296504326881,2161,215371,5
27961.79277894448,2162,215473,6
22499.71374381179,2163,215584,6
-1715.1785714285713,2164,215595,3
46195.04610134446,2165,215855,9
-4469.642857142857,2166,215875,3
-7905.933792514676,2167,215915,3
21783.31820913864,2168,216048,6
24735.795939741372,2169,216152,6
3730.5329392829426,2170,216212,4
30655.415764361205,2171,216375,7
8350.40847181714,2172,216396,4
-3622.0789627039626,2173,216411,3
8480.559163059163,2174,216449,4
53254.45047964592,2175,216622,9
31843.61770131313,2176,216698,6
15310.88067526728,2177,216791,5
19531.191482701444,2178,217099,7
31675.84828935254,2179,217181,6
7571.343795093794,2180,217215,4
62818.71933578976,2181,217348,9
53571.72864028928,2182,217579,9
-3247.0789627039626,2183,217592,3
19618.721971265448,2184,217631,5
11422.954961275389,2185,217748,5
34119.85314844253,2186,217819,6
13014.48808093351,2187,217926,5
43736.65438642023,2188,218015,7
-5416.453369686729,2189,218221,5
20758.28393334392,2190,218379,6
-4605.059523809523,2191,218401,3
26704.58742603286,2192,218492,6
45362.51703408875,2193,218581,7
-1302.9972887972626,2194,218850,6
4537.540919431149,2195,219006,5
15968.339229784659,2196,219095,5
25412.75457750883,2197,219192,6
36985.99476954934,2198,219411,8
70913.87172425096,2199,219598,10
38275.64610165674,2200,219715,7
1798.3412508618808,2201,219805,4
6403.572223914708,2202,219955,5
9092.364232989232,2203,219975,4
43389.86520381063,2204,220054,7
16063.200221971709,2205,220151,5
14132.430625574974,2206,220267,5
-5864.12990604167,2207,220314,3
-3673.5119047619046,2208,220335,3
62654.886070624976,2209,220485,9
53670.63214520258,2210,220609,8
-4921.663059163059,2211,220634,3
32338.35587980131,2212,220862,8
-1090.1785714285713,2213,220872,3
-4088.5333416583403,2214,220964,4
69270.02468987467,2215,221201,10
27178.742396879,2216,221411,7
35711.71431574102,2217,221473,6
19489.442351762144,2218,221525,5
18304.260045080482,2219,221586,5
34799.28820856644,2220,221739,7
-14030.339105339102,2221,221816,3
34630.158868479295,2222,221883,6
8851.089801366503,2223,221904,4
12215.629662903017,2224,222007,5
-414.29789208040273,2225,222089,4
19400.031634172505,2226,222313,7
79021.78245322789,2227,222455,10
36042.5924765379,2228,222507,6
12429.700124390276,2229,222700,6
29819.606831292193,2230,222884,7
77238.40672635756,2231,223076,11
29676.224059691292,2232,223170,6
33075.67716962259,2233,223247,6
-4039.7186147186144,2234,223265,3
56505.31605011624,2235,223612,11
41341.488022856036,2236,223727,7
-7811.228204415117,2237,223904,5
651.0857198357198,2238,223982,4
50239.15660685203,2239,224104,8
16475.996156191588,2240,224253,6
20300.255473538888,2241,224348,5
8441.777528027527,2242,224374,4
-4697.321428571428,2243,224405,3
41998.78074479139,2244,224511,7
15652.628193744682,2245,224605,5
7767.270229770229,2246,224647,4
45911.81524465386,2247,224823,8
11842.88671931223,2248,224920,5
17444.53467202358,2249,225000,5
23683.98448773449,2250,225019,5
10265.358946608947,2251,225039,4
-1971.641275391271,2252,225208,5
2183.0194397106166,2253,225280,4
4475.113913863913,2254,225331,4
-130.93136846813286,2255,225424,4
2662.6522089022083,2256,225497,4
51745.96648900635,2257,225715,9
10698.710317460314,2258,225805,5
83929.86912640165,2259,226155,13
14586.094862310032,2260,226337,6
19003.259179116365,2261,226412,5
15371.937665662512,2262,226578,6
23375.24414392423,2263,226699,6
21999.3460701665,2264,226766,5
44834.12205806748,2265,226836,7
-7196.747825346981,2266,226944,4
5373.279220779222,2267,226993,4
62966.548520493954,2268,227196,10
24504.830268201003,2269,227349,6
7002.142857142857,2270,227390,4
34098.48987162647,2271,227526,7
-3687.2513142172547,2272,227651,4
14200.463580107542,2273,227843,6
22258.459456779885,2274,227903,5
8403.593073593072,2275,227935,4
4570.619558945718,2276,228127,5
16171.340958448141,2277,228232,5
27047.051225731306,2278,228451,7
43436.19672316847,2279,228620,8
16207.281398297271,2280,228811,6
31207.12767817837,2281,229059,8
30914.61315322963,2282,229134,6
11551.370851370852,2283,229153,4
42865.53719521788,2284,229266,7
20985.906480000907,2285,229431,6
28616.625054680142,2286,229533,6
21817.234774599317,2287,229602,5
33870.52574425058,2288,229672,6
6102.264124764124,2289,229728,4
-3018.0959915165195,2290,230030,6
-3505.3571428571427,2291,230047,3
12607.848955392434,2292,230119,5
50300.7609747064,2293,230245,8
-13092.994852799418,2294,230398,4
57407.16124110667,2295,230503,8
41793.23337635315,2296,230689,8
4213.064641280336,2297,230870,5
-5583.459595959595,2298,230901,3
57266.89608959152,2299,230978,8
-3227.2186147186144,2300,230992,3
23036.22995833715,2301,231050,5
16344.904886350316,2302,231123,5
26419.013832959266,2303,231224,6
15927.244311630908,2304,231317,5
64554.461995907426,2305,231451,9
29020.99289556332,2306,231694,8
25076.175198164103,2307,231810,6
18902.17255869345,2308,231883,5
20082.961986199207,2309,231949,5
8757.90847181714,2310,231969,4
28947.228172967087,2311,232145,7
13854.347192410269,2312,232235,5
28724.717661724233,2313,232435,7
14614.506816283132,2314,232493,5
-6368.228259743352,2315,232520,3
43748.85454779996,2316,232615,7
17770.397986378193,2317,232701,5
2383.4909816275886,2318,232864,5
-2851.8750040808864,2319,232894,3
15911.274627720053,2320,232981,5
-3799.8505661005665,2321,233085,4
14552.949824160305,2322,233300,6
48158.19839839381,2323,233438,8
59754.68345337153,2324,233578,9
43121.25631227216,2325,233677,7
35399.809118255325,2326,233902,8
23946.154400724823,2327,234042,6
17279.63155265787,2328,234102,5
54732.27441053098,2329,234311,9
16683.07784440474,2330,234389,5
-3077.9555364656003,2331,234487,4
26450.078174319668,2332,234694,7
80955.46211528406,2333,234919,11
32645.045645144317,2334,235002,6
39656.97509684156,2335,235119,7
75019.94414533697,2336,235346,11
19891.129564879568,2337,235387,5
81898.80213099896,2338,235609,11
15380.119492006095,2339,235704,5
24974.68047457657,2340,235842,6
61208.079289298126,2341,236035,9
40362.22409577865,2342,236143,7
34537.37365721406,2343,236419,8
19800.50486879822,2344,236689,7
-12350.18939393939,2345,236759,3
11196.372942502969,2346,236885,5
-6696.735209235209,2347,236919,3
37421.550324245734,2348,237123,8
44916.408394919024,2349,237217,7
36110.54024346266,2350,237433,8
20038.171987541187,2351,237578,6
17212.879322943692,2352,237659,5
37041.669996240424,2353,237707,6
66375.08762028306,2354,237898,10
19794.15091809635,2355,237956,5
9909.683233433234,2356,237975,4
-8427.209595959595,2357,238018,3
21056.180277625703,2358,238082,5
37651.96131525853,2359,238289,8
-3769.3457679661196,2360,238481,5
76853.89658909204,2361,238637,10
33744.58742603285,2362,238697,6
26984.477415468646,2363,238923,7
28838.32680721897,2364,239134,7
44395.73391842933,2365,239284,8
3131.3923576423567,2366,239345,4
36221.75153514356,2367,239578,8
22609.644367883273,2368,239630,5
69532.04195357446,2369,239989,12
9731.956376956377,2370,240082,5
-2762.7039627039626,2371,240093,3
14502.260788961634,2372,240217,5
-777.6785714285713,2373,240228,3
19236.926634893865,2374,240311,5
56678.293025988445,2375,240547,10
44461.11640749469,2376,240752,8
6278.944473006914,2377,240895,5
43097.14919132294,2378,241083,8
33014.99064617871,2379,241151,6
35969.68302444889,2380,241285,7
34557.64859688814,2381,241425,7
38915.66827865974,2382,241553,7
13105.594792458698,2383,241672,5
-1689.8570184115836,2384,241761,4
33378.33922978465,2385,241821,6
56140.43341956459,2386,242188,11
70066.04299660609,2387,242369,10
61829.28765635809,2388,242664,11
35007.94060063603,2389,242714,6
5516.684969395627,2390,243060,7
71068.59773335837,2391,243159,9
21258.58780194694,2392,243203,5
9684.108946608947,2393,243226,4
27606.789014902923,2394,243334,6
23129.563977259408,2395,243383,5
35795.09171749302,2396,243457,6
-2566.955266955267,2397,243482,3
22351.196511391943,2398,243525,5
15038.608764423978,2399,243594,5
67538.66376635921,2400,243797,10
73534.7966612421,2401,243958,10
-2152.6785714285716,2402,243971,3
9008.820991744755,2403,244089,5
28209.14939184481,2404,244189,6
16709.52980094679,2405,244275,5
53689.9791460633,2406,244495,9
18378.31414457575,2407,244578,5
41841.146626636175,2408,244685,7
13360.700344324829,2409,244815,5
-14808.7031024531,2410,244892,3
11212.290504510514,2411,245006,5
19927.88565321846,2412,245068,5
50529.830793776215,2413,245200,8
37957.3579617407,2414,245413,8
16270.707360020448,2415,245588,6
62643.60666788491,2416,245815,10
12350.90304740763,2417,245938,5
-3669.678932178932,2418,245962,3
46500.08082152624,2419,246023,7
19338.85510280053,2420,246096,5
11080.957792207791,2421,246110,4
20560.5753968254,2422,246143,5
32991.82847746508,2423,246210,6
20469.73186578643,2424,246285,5
18419.78954507451,2425,246341,5
44386.41282285825,2426,246420,7
29642.461569433308,2427,246523,6
41362.11045941503,2428,246709,8
-10373.993252834198,2429,246777,3
-7114.886502386503,2430,246819,3
8752.427790085423,2431,246970,5
44865.5914995737,2432,247118,8
9630.804889554889,2433,247136,4
58930.93128642085,2434,247552,12
8563.056316748269,2435,247672,5
-4386.309523809524,2436,247690,3
41797.775773632966,2437,247784,7
53789.403491070036,2438,248113,10
1583.2142857142876,2439,248186,4
13462.023211088428,2440,248272,5
60741.16676989161,2441,248433,9
10271.748506911044,2442,248536,5
23685.12085137085,2443,248557,5
-10330.176420801421,2444,248620,3
33260.39972363863,2445,248890,8
-13504.487962373021,2446,248975,3
32310.120574300112,2447,249076,6
31092.532258977688,2448,249154,6
22310.532623411116,2449,249220,5
31945.414662521853,2450,249298,6
10844.362920146596,2451,249575,7
29170.165072155076,2452,249899,8
39730.31877801419,2453,250012,7
-1902.6785714285713,2454,250025,3
11605.211267061104,2455,250160,5
7534.704184704184,2456,250194,4
9649.108946608947,2457,250222,4
40197.21435792448,2458,250432,8
20602.36964016376,2459,250479,5
20452.279942279943,2460,250514,5
33777.76903329728,2461,250583,6
909.6470726985426,2462,250661,4
40156.983085928514,2463,250777,7
25106.050151688683,2464,250907,6
-7476.722582972583,2465,250948,3
6767.996604498906,2466,251149,5
4572.087940728823,2467,251282,5
27782.320179000253,2468,251394,6
25058.6340738295,2469,251501,6
18796.441417452075,2470,251728,7
13976.464071274442,2471,251828,5
46219.06801853976,2472,251904,7
37027.523933969365,2473,251945,6
29513.67524181185,2474,252030,6
23400.05662212184,2475,252055,5
30429.863811798794,2476,252166,6
-9944.751082251081,2477,252224,3
25323.135405830835,2478,252266,5
25277.798242993675,2479,252384,6
-9309.108946608947,2480,252430,3
30534.807773318422,2481,252541,6
64480.13112643587,2482,252757,10
-14014.529547250131,2483,252843,3
-1032.5579936918941,2484,252948,4
54117.606490301914,2485,253070,8
-777.6785714285713,2486,253081,3
30571.078406067296,2487,253170,6
26264.334718382444,2488,253287,6
2310.5234280253608,2489,253483,5
26395.819388514818,2490,253527,5
3214.082774876323,2491,253602,4
-10330.57888748678,2492,253684,3
23683.329725829724,2493,253707,5
5480.111952031455,2494,253769,4
46082.54238773783,2495,253933,8
22027.279942279943,2496,253964,5
-777.6785714285713,2497,253975,3
-4136.849935195522,2498,254011,3
42662.26112663865,2499,254204,8
-2562.38344988345,2500,254217,3
66354.89851157615,2501,254448,10
38840.71851716394,2502,254567,7
198.1231030321585,2503,254775,5
67882.09880354423,2504,254961,10
29917.672521145567,2505,255252,8
18827.834228072817,2506,255318,5
53090.54688324231,2507,255432,8
14092.66719271067,2508,255510,5
28221.01485871667,2509,255614,6
17900.700811439718,2510,255681,5
51848.63668194551,2511,255935,9
15412.753452258095,2512,256019,5
50539.14227194002,2513,256248,9
9279.253524253523,2514,256286,4
42872.20382751922,2515,256392,7
19954.422229172615,2516,256552,6
37520.70909439717,2517,256594,6
-840.1785714285713,2518,256604,3
6989.57579851349,2519,256782,5
20970.81982975482,2520,256861,5
6140.420274170274,2521,256904,4
21766.920995670996,2522,256938,5
-9589.955991076344,2523,257047,4
46902.98301694006,2524,257191,8
20763.642676338106,2525,257250,5
81131.3909656305,2526,257454,11
-777.6785714285713,2527,257465,3
6000.000623946056,2528,257592,5
30940.71131422196,2529,257670,6
-6264.707167832167,2530,257698,3
3740.998584319008,2531,257865,5
17093.51076601716,2532,257928,5
53761.5034340015,2533,258122,9
33302.81856666724,2534,258192,6
33044.33129327672,2535,258256,6
34506.497065670825,2536,258401,7
42972.31296438342,2537,258560,8
20217.34251494119,2538,258855,8
50750.093182531265,2539,259016,8
19681.723701994593,2540,259121,5
12028.158161488593,2541,259238,5
31124.480856083606,2542,259316,6
17281.709108698007,2543,259392,5
62775.64812659821,2544,259639,10
7096.343780441819,2545,259764,5
-4164.718614718614,2546,259783,3
-4574.142609841139,2547,259903,4
1084.066974691975,2548,259964,4
48745.584762030194,2549,260094,8
66865.29505174045,2550,260214,9
40815.85574105117,2551,260327,7
23537.089646035078,2552,260375,5
-3240.864690005558,2553,260548,5
18663.066459254536,2554,260602,5
35990.20070164613,2555,260652,6
32962.568750264174,2556,260813,7
16059.189383190878,2557,260926,5
25622.537756183836,2558,261049,6
23234.48260030303,2559,261112,5
16459.76617727257,2560,261184,5
-5330.679390054391,2561,261231,3
71097.40956122515,2562,261501,11
-7002.266245928582,2563,261707,5
27448.34172728714,2564,261814,6
31427.523517718957,2565,261983,7
-1644.1668054168042,2566,262068,4
-5418.6833999334,2567,262103,3
36988.782952728376,2568,262158,6
34578.05588374473,2569,262317,7
41553.26030243405,2570,262514,8
30775.54345529771,2571,262685,7
45558.254387726134,2572,262847,8
46380.05066440304,2573,263035,8
9987.3556998557,2574,263062,4
30613.841505286935,2575,263153,6
31201.291971487393,2576,263246,6
-7252.634102009101,2577,263356,4
9510.54363510885,2578,263455,5
47495.2733174679,2579,263606,8
21091.51789635485,2580,263642,5
39961.77813522046,2581,263945,9
33020.421748051966,2582,264103,7
4168.214489758607,2583,264173,4
3730.1321659880123,2584,264344,5
-6271.36544011544,2585,264375,3
26441.93759508091,2586,264495,6
26955.00644294271,2587,264601,6
14092.097531456293,2588,264687,5
36683.798215243645,2589,264812,7
37492.06938851482,2590,264852,6
22857.256168576423,2591,265071,7
31872.855640661368,2592,265222,7
40827.11871418914,2593,265405,8
115493.30158076841,2594,265638,14
40166.839479105336,2595,265805,8
46304.17256311798,2596,265876,7
-13549.225623757791,2597,266114,5
12139.880813201245,2598,266242,5
-2965.1785714285716,2599,266259,3
10356.622206482885,2600,266555,7
53834.982096721644,2601,266751,9
-7142.379842379843,2602,266787,3
31223.009792065535,2603,267050,8
31278.597326306306,2604,267229,7
16654.56812558785,2605,267304,5
2567.6145337290845,2606,267385,4
-777.6785714285713,2607,267396,3
17209.8956566739,2608,267481,5
23745.71260520152,2609,267657,7
-9848.7567987568,2610,267727,3
-2806.9606782106794,2611,267814,4
21806.672560325806,2612,267861,5
21039.910860768054,2613,267910,5
4672.797133422136,2614,267951,4
26199.463229577137,2615,268252,8
21951.195067010285,2616,268285,5
-7090.084915084915,2617,268315,3
36034.2513731968,2618,268361,6
8277.073134768569,2619,268467,5
603.4549907866485,2620,268559,4
-103.78250834133104,2621,268628,4
28559.378190823616,2622,268731,6
59369.96822647035,2623,268907,9
3148.812372334245,2624,269007,4
25954.342115787545,2625,269047,5
21260.416666666668,2626,269085,5
23757.87025431568,2627,269135,5
18012.563837129055,2628,269182,5
3950.224775224776,2629,269241,4
39453.641062510964,2630,269437,8
50965.27652945608,2631,269650,9
3072.3797532446883,2632,269734,4
22219.983006759325,2633,269763,5
16165.766524711955,2634,269863,5
20194.184704184707,2635,269903,5
5004.578199578202,2636,269954,4
38031.18328223207,2637,270254,9
24620.36484306027,2638,270297,5
1914.2713272279834,2639,270392,4
43154.53739565387,2640,270483,7
3562.1357074298267,2641,270548,4
17003.440725511155,2642,270632,5
-19.837911701299163,2643,270819,5
11678.825271520702,2644,270935,5
50587.351684693014,2645,271248,10
14501.414071609493,2646,271644,9
-9422.118714618708,2647,271767,4
6533.524846326701,2648,272035,6
20076.98280842824,2649,272092,5
-6995.120851370852,2650,272129,3
8429.74697687933,2651,272183,4
30141.223575830772,2652,272359,7
6135.353535353537,2653,272397,4
20860.493782570604,2654,272574,6
44035.74379116756,2655,272727,8
34704.98147642689,2656,272810,6
-8158.537296037295,2657,272843,3
5076.231962481961,2658,272894,4
22007.292776238217,2659,273177,8
-2578.273809523809,2660,273191,3
-9117.010856145922,2661,273265,3
-3527.1825396825398,2662,273284,3
20218.41631772939,2663,273412,6
20442.37777319299,2664,273463,5
14719.575452712057,2665,273556,5
14110.556200979954,2666,273663,5
14564.371947067382,2667,273829,6
9000.073934493439,2668,273852,4
72973.20630715172,2669,274000,10
20151.51892590553,2670,274084,5
24706.943351411228,2671,274277,7
94423.04660252028,2672,274476,12
13123.048686994114,2673,274569,5
18441.334776334777,2674,274618,5
13407.524072719505,2675,274701,5
73162.05683570818,2676,274923,11
29328.51896168846,2677,275009,6
17209.105477425917,2678,275252,7
-12861.039654789653,2679,275322,3
32383.160772191335,2680,275413,6
22075.091322506174,2681,275548,6
30000.340678796303,2682,275625,6
13202.855824301254,2683,275721,5
17885.873639819067,2684,275866,6
10143.661582694609,2685,275990,5
7860.081168831169,2686,276033,4
-3223.8816738816736,2687,276051,3
25364.403404855944,2688,276268,7
39766.522851718284,2689,276371,7
47636.58501263957,2690,276447,7
23995.540281656762,2691,276499,5
30819.34030988789,2692,276596,6
5430.562696677253,2693,276739,5
7670.842352092352,2694,276779,4
35734.87632830705,2695,276998,8
6013.713745404925,2696,277062,4
18331.492200002845,2697,277143,5
9500.87787212787,2698,277166,4
-2124.158030054179,2699,277350,5
-777.6785714285713,2700,277361,3
23459.35210579753,2701,277491,6
-9998.40922965923,2702,277543,3
15984.122195437414,2703,277610,5
46720.888691192806,2704,277771,8
9419.614186506342,2705,277924,5
44947.57683883323,2706,278187,9
12946.774764837837,2707,278295,5
20505.745085658342,2708,278439,6
35829.06164160841,2709,278498,6
-2568.805916305914,2710,278577,4
11731.737680319337,2711,278777,6
29641.23962187623,2712,278856,6
35196.68341285962,2713,279018,7
4494.863331113332,2714,279074,4
5010.777486402486,2715,279132,4
-11855.430680430682,2716,279203,3
34023.79272326697,2717,279430,8
-2494.84681984682,2718,279440,3
-2216.5733333013573,2719,279538,4
40382.32007354157,2720,279759,8
-4130.065767565768,2721,279780,3
10694.291125541125,2722,279799,4
32285.73488968031,2723,279870,6
46898.987609183016,2724,280017,8
18241.28829138698,2725,280185,6
10380.717893217894,2726,280215,4
24083.473772352063,2727,280348,6
33056.557261752685,2728,280488,7
29619.04967091358,2729,280761,8
37790.66382065273,2730,280877,7
11973.625368908397,2731,281019,5
7855.503337177099,2732,281169,5
6897.2637085137085,2733,281213,4
-8974.548694769283,2734,281268,3
14515.595723291151,2735,281354,5
-8184.497446997447,2736,281400,3
5329.458249653677,2737,281539,5
18703.513777459204,2738,281599,5
23260.07489607915,2739,281722,6
9022.68968075193,2740,281878,5
-840.1785714285713,2741,281888,3
-3511.3095238095234,2742,281903,3
28447.920960571628,2743,282011,6
482.9636413208365,2744,282170,5
14647.237484737487,2745,282245,5
28249.964965160405,2746,282431,7
21709.6731593962,2747,282480,5
6903.0790043290035,2748,282521,4
29989.18969467924,2749,282695,7
15305.103592521424,2750,282814,5
-8332.283688533687,2751,282854,3
-5002.155483405483,2752,282878,3
67172.24782119323,2753,282989,9
42122.28978494844,2754,283102,7
24823.70855369746,2755,283158,5
96692.64920214807,2756,283449,13
61270.96571993264,2757,283688,10
-5655.883422133422,2758,283767,4
5317.141394682035,2759,283915,5
10171.046176046175,2760,283935,4
30571.651388640305,2761,284078,7
14644.474198402215,2762,284273,6
19479.81123000665,2763,284438,6
5748.2055934261825,2764,284500,4
21786.64731059274,2765,284552,5
3016.246392496395,2766,284607,4
29275.457891174432,2767,284878,8
15339.086191156624,2768,285059,6
78422.27644521241,2769,285370,12
48110.274579277975,2770,285523,8
10016.181570446797,2771,285625,5
30309.395466973365,2772,285740,6
18756.82360470925,2773,285899,6
13216.573593460205,2774,286010,5
29280.4049961439,2775,286108,6
31938.337090578392,2776,286281,7
52162.6735280973,2777,286501,9
41707.01102899993,2778,286721,8
9825.88453213453,2779,286740,4
-5784.8935786435795,2780,286771,3
25324.423755162665,2781,286884,6
38838.53944623488,2782,286989,7
42682.7105500671,2783,287182,8
-3159.190255049389,2784,287295,4
5039.895798645797,2785,287348,4
50012.04561885481,2786,287492,8
1646.8962981462992,2787,287557,4
46354.27416103473,2788,287744,8
2426.3202075702084,2789,287826,4
2510.885919635917,2790,287882,4
-9141.363289488289,2791,288011,4
11688.408447800606,2792,288137,5
24298.824994020426,2793,288255,6
23171.171340484427,2794,288458,7
12418.742286909855,2795,288594,5
10429.037212787212,2796,288606,4
2904.2177850230387,2797,288675,4
-4036.246392496392,2798,288697,3
45326.92060613776,2799,288873,8
21946.211258426825,2800,289032,6
-9379.888603398666,2801,289091,3
9989.181385994463,2802,289221,5
29477.64589534131,2803,289319,6
31698.2201821656,2804,289395,6
84146.33287378257,2805,289797,14
13570.777694098124,2806,289887,5
22377.84056586688,2807,289919,5
42346.91065835608,2808,290008,7
75327.7419089245,2809,290482,13
5531.270130835348,2810,290610,5
47345.421482151854,2811,290765,8
42554.99208720039,2812,291038,9
7976.696011891438,2813,291150,5
-1465.1785714285713,2814,291162,3
-3486.0119047619046,2815,291180,3
-4752.516233766233,2816,291201,3
64084.989468044565,2817,291429,10
3808.627622377624,2818,291483,4
-4261.681953022898,2819,291509,3
17577.124333569758,2820,291596,5
69040.25731809954,2821,291799,10
-7480.966394716396,2822,291923,4
37826.347356045415,2823,292180,8
19943.951653137017,2824,292435,7
-2547.411166797184,2825,292599,5
-9291.173423650876,2826,292661,3
13128.575108625171,2827,292938,7
-7407.793248418248,2828,292970,3
-4289.718614718614,2829,292988,3
22274.691570254647,2830,293045,5
4559.830447330449,2831,293092,4
49831.46252629007,2832,293328,9
-5665.755772005772,2833,293365,3
-5933.144633144633,2834,293407,3
-6286.964424464425,2835,293441,3
-14531.366457759645,2836,293539,3
7784.976982763952,2837,293676,5
28107.070492109782,2838,293947,8
23608.194444444445,2839,293968,5
59812.607393466504,2840,294111,9
5120.512265512267,2841,294159,4
-3917.5595238095234,2842,294179,3
20178.80876025419,2843,294269,5
21318.293790402924,2844,294309,5
9036.454711177747,2845,294439,5
-2494.84681984682,2846,294449,3
10907.723468734117,2847,294563,5
53764.92181386724,2848,294680,8
-15826.79933155939,2849,294778,3
6280.824554917047,2850,294809,4
20101.245906441334,2851,294944,6
22125.525624308008,2852,295024,5
-3227.2186147186144,2853,295038,3
4036.6450334581086,2854,295183,5
70337.86373305916,2855,295363,10
40006.18749671381,2856,295616,9
23345.508234408906,2857,295668,5
33529.33582134237,2858,295830,7
-2919.6980103230103,2859,295841,3
22358.169897735115,2860,295872,5
15295.979922425355,2861,295951,5
17880.83369202177,2862,296013,5
51711.28212022755,2863,296208,9
2687.489511533543,2864,296271,4
20013.274781157645,2865,296453,6
5326.925039829454,2866,296506,4
24131.564615510048,2867,296625,6
36915.83172997453,2868,296752,7
12033.036889581006,2869,296841,5
-4784.894926410018,2870,296862,3
-12561.56977353573,2871,297036,4
11403.708513708514,2872,297103,5
24756.508862439594,2873,297306,7
43646.479786377735,2874,297500,8
6505.94759364302,2875,297633,5
18087.11055507772,2876,297709,5
-7850.952519702519,2877,297746,3
11353.19701089244,2878,297845,5
42562.722346667775,2879,297931,7
51330.7602652765,2880,298322,11
54261.72890383609,2881,298435,8
27489.68663238207,2882,298536,6
34652.37996673948,2883,298598,6
61326.557454796355,2884,298746,9
13191.418551190138,2885,298856,5
18152.561894627113,2886,298910,5
-12930.043567543567,2887,298985,3
15574.839200402279,2888,299074,5
-11512.205884071207,2889,299264,4
-7491.957892169898,2890,299337,3
51415.795384740806,2891,299464,8
-840.1785714285713,2892,299474,3
30236.08126432017,2893,299652,7
57619.25024325817,2894,299862,9
31698.242215160964,2895,300119,8
-20371.213304669185,2896,300241,3
-15764.419261294259,2897,300343,3
73007.71314126192,2898,300516,10
14645.731282176712,2899,300672,6
24115.023933969365,2900,300718,5
33665.26369420912,2901,300872,7
-7033.339190479283,2902,300905,3
3923.8318625818624,2903,300953,4
-2340.1785714285716,2904,300966,3
32327.407106352533,2905,301034,6
31264.696761142186,2906,301137,6
21321.222318917746,2907,301205,5
20920.86786522656,2908,301248,5
42268.36906922624,2909,301360,7
-1090.1785714285713,2910,301370,3
18216.581406424666,2911,301448,5
21221.50879082392,2912,301612,6
29612.50409269952,2913,301692,6
46282.898514667155,2914,302050,10
28698.869662544177,2915,302285,7
19102.48279455322,2916,302365,5
23966.011145287463,2917,302389,5
43344.24543029993,2918,302567,8
38507.586842075754,2919,302685,7
1799.9116161616157,2920,302747,4
29189.75822745366,2921,302918,7
-4761.309523809524,2922,302937,3
2921.6409285159293,2923,302989,4
1383.6638361638365,2924,303045,4
20981.550238369717,2925,303187,6
15080.232557471463,2926,303293,5
11436.1048213445,2927,303435,5
5381.465013744425,2928,303515,4
5701.049573788484,2929,303654,5
-777.6785714285713,2930,303665,3
25572.325382520812,2931,303776,6
20707.812713426625,2932,303832,5
22863.736055181485,2933,303881,5
-4245.557452289937,2934,303899,3
42962.051350996786,2935,303999,7
10233.050850116068,2936,304084,5
30490.146034091456,2937,304162,6
66691.40963160507,2938,304276,9
28959.984251429683,2939,304365,6
-4825.07215007215,2940,304387,3
34691.15000561016,2941,304617,8
-3828.2738095238096,2942,304637,3
71040.9564736519,2943,304726,9
20143.64496163451,2944,304792,5
21755.435393424945,2945,304933,6
14491.672646706123,2946,305028,5
37182.55043524586,2947,305156,7
11328.528175685677,2948,305273,5
15225.90680110223,2949,305355,5
7172.896825396825,2950,305387,4
21635.00588179936,2951,305428,5
-9451.335405865202,2952,305597,4
22203.42783424305,2953,305624,5
32148.201450467313,2954,305702,6
82490.54670368331,2955,305884,11
26145.07080977643,2956,305990,6
12816.501859638463,2957,306108,5
19719.138287575406,2958,306340,7
14455.074785465653,2959,306430,5
9336.48176337392,2960,306568,5
23845.14298158841,2961,306710,6
16692.79049704165,2962,306801,5
15257.10852790439,2963,306884,5
-3094.642857142857,2964,306899,3
99096.28998692712,2965,307113,12
22950.478410478412,2966,307140,5
72259.43449223634,2967,307294,10
5460.395091020091,2968,307349,4
4755.975829725831,2969,307387,4
11256.560314255747,2970,307491,5
41306.0456899911,2971,307677,8
-777.6785714285713,2972,307688,3
-2164.722234894448,2973,307765,4
-816.4880079986435,2974,307855,4
16479.14129536613,2975,307934,5
44198.309467879895,2976,308007,7
28949.96497332216,2977,308103,6
31035.739954919514,2978,308200,6
74558.3978874097,2979,308542,12
33475.519483311655,2980,308790,8
5702.214586454141,2981,308922,5
-17461.083198865796,2982,309155,4
28047.67905662447,2983,309253,6
804.6980965333544,2984,309441,5
5117.920135420136,2985,309500,4
37876.234346569436,2986,309823,9
8758.407267826773,2987,309847,4
-703.5997385397523,2988,310124,6
-671.332147599563,2989,310205,4
-9071.75234895823,2990,310268,3
11230.628421237754,2991,310372,5
25284.569388514818,2992,310406,5
63690.73364092906,2993,310542,9
-578.6677211677217,2994,310615,4
28765.676682446927,2995,310717,6
17692.235705470997,2996,310788,5
-4381.358511844193,2997,310811,3
43646.92689212231,2998,310894,7
20822.538750848085,2999,310972,5
38849.17540985847,3000,311254,9
-1153.439794859872,3001,311462,5
18355.040594605656,3002,311574,5
32447.573467768892,3003,311647,6
26123.283000146974,3004,311770,6
-10066.348235098234,3005,311840,3
13126.908575723792,3006,311923,5
50425.52496072041,3007,312146,9
34945.61195705738,3008,312293,7
57685.58967137205,3009,312388,8
23362.56602955494,3010,312427,5
-2282.08041958042,3011,312441,3
36957.69168288712,3012,312567,7
3916.034504272059,3013,312749,5
17586.260822510823,3014,312800,5
-777.6785714285713,3015,312811,3
40369.66109913478,3016,312926,7
40747.70335138343,3017,313035,7
24101.742370583906,3018,313059,5
66903.04306761349,3019,313175,9
23935.5753968254,3020,313194,5
22729.143703089132,3021,313230,5
3939.5759795759795,3022,313290,4
35532.90272184815,3023,313340,6
47025.52350168674,3024,313676,10
-3298.4182484182484,3025,313691,3
6960.014707514707,3026,313734,4
-3012.7039627039626,3027,313746,3
20916.81416944768,3028,313792,5
35382.16644788819,3029,314021,8
-3828.180153180153,3030,314037,3
-12195.764897941754,3031,314111,3
-6782.142857142856,3032,314138,3
19697.17783424305,3033,314178,5
24299.082375527803,3034,314225,5
149.77266895496268,3035,314338,4
54836.413578681364,3036,314453,8
-7981.796606171605,3037,314555,4
26372.125279214797,3038,314692,6
-5690.547973268562,3039,314732,3
28593.380716076143,3040,314824,6
3486.4359206754725,3041,314969,5
37019.56938851482,3042,315016,6
16678.32628696851,3043,315117,5
28515.02421146964,3044,315207,6
-2119.952408702408,3045,315288,4
23641.62090583807,3046,315339,5
51927.7991510983,3047,315574,9
31755.00190190786,3048,315660,6
16177.806726680312,3049,315752,5
36698.00095230332,3050,315897,7
24237.098882369773,3051,315949,5
49782.13265857809,3052,316082,8
52387.67852696834,3053,316395,10
19807.617472826445,3054,316453,5
17479.960317460318,3055,316500,5
7044.260008352499,3056,316536,4
6258.841991341993,3057,316574,4
-5435.551948051949,3058,316596,3
4652.081320597188,3059,316651,4
33630.465657101304,3060,316714,6
74636.07783921444,3061,316887,10
21323.313185177096,3062,317057,6
-1715.1785714285713,3063,317068,3
48372.05103371487,3064,317214,8
6314.845293595295,3065,317252,4
26438.479608841444,3066,317405,6
15399.695165945164,3067,317462,5
22367.52523276519,3068,317676,7
33616.30697325548,3069,318090,10
43369.82758791777,3070,318422,10
18468.066058898105,3071,318570,6
-4099.013486513486,3072,318589,3
-4810.551948051948,3073,318609,3
6910.515873015875,3074,318646,4
11938.281807631653,3075,318737,5
54741.99203617161,3076,318956,9
34244.947898893326,3077,319098,7
-5627.800533659667,3078,319228,4
12176.854126518025,3079,319408,6
21078.404329969548,3080,319445,5
-4047.9534354534353,3081,319476,3
104174.57097297268,3082,319646,12
61056.25747055289,3083,319816,9
54536.36501888019,3084,320025,9
23925.107922263483,3085,320164,6
46236.83470811951,3086,320424,9
7920.205329109876,3087,320577,5
36269.06692658047,3088,320716,7
-7551.394438894438,3089,320748,3
29581.506617952047,3090,320825,6
11551.370851370852,3091,320844,4
40412.1548586003,3092,320952,7
18813.298266957903,3093,321030,5
32053.439577493376,3094,321199,7
8084.905590840188,3095,321224,4
19961.004137583674,3096,321288,5
33429.30339190879,3097,321456,7
24516.782615604207,3098,321740,8
-8683.432539682539,3099,321790,3
2020.1914380339322,3100,321845,4
8337.204184704186,3101,321875,4
-4372.612688953634,3102,321903,3
16026.845654345652,3103,321973,5
32493.52729137533,3104,322236,8
8662.749158091648,3105,322256,4
7571.851895739279,3106,322397,5
48706.26227895771,3107,322602,9
47889.62278798772,3108,322748,8
-4577.997051323288,3109,322868,4
2721.6402562435856,3110,322949,4
1384.7948136744571,3111,323012,4
13480.823551018979,3112,323114,5
33858.92852533228,3113,323295,7
68836.64466295658,3114,323584,11
-3698.8095238095234,3115,323601,3
32652.902137891044,3116,323680,6
22499.34752704296,3117,323800,6
-1428.2303302276198,3118,323909,4
32674.747128301686,3119,324002,6
450.7388444888452,3120,324078,4
2496.8482865174037,3121,324146,4
83698.33960290276,3122,324340,11
21353.42422553292,3123,324377,5
23800.89753121275,3124,324398,5
45633.468438810916,3125,324474,7
32886.92887543311,3126,324562,6
14778.049647720696,3127,324640,5
981.4718206629973,3128,324711,4
5005.441294816297,3129,324765,4
34096.57579782057,3130,324857,6
37535.023933969365,3131,324896,6
18163.457528668434,3132,324993,5
21182.012362207788,3133,325047,5
76413.57497833564,3134,325262,11
10386.557526619967,3135,325409,5
6858.6693492826535,3136,325471,4
10826.370851370852,3137,325491,4
10479.916043923397,3138,325598,5
22367.809273629704,3139,325656,5
6331.664435280921,3140,325788,5
56087.3666896455,3141,325998,9
18356.10712773638,3142,326161,6
7791.311679591478,3143,326195,4
-7681.873626721013,3144,326390,5
83594.82954502497,3145,326558,11
23841.533674229104,3146,326600,5
21106.54088583713,3147,326667,5
14755.25630780468,3148,326797,5
42238.97234666778,3149,326882,7
38795.95083918974,3150,326993,7
41508.77689793493,3151,327173,8
11304.424880245306,3152,327291,5
37046.99288176674,3153,327435,7
-11737.933594183596,3154,327524,3
21216.069193058098,3155,327595,5
40449.910108166674,3156,327696,7
52098.379403183695,3157,327824,8
77845.74897569377,3158,327973,10
12401.114690946866,3159,328121,5
-2822.227772227772,3160,328133,3
8362.388861138861,3161,328159,4
6835.527111777113,3162,328190,4
12597.115563784042,3163,328280,5
48217.310572124814,3164,328410,8
52253.65955960962,3165,328538,8
16784.736155610502,3166,328726,6
3321.168137418139,3167,328793,4
7735.893696470059,3168,328945,5
-4409.894926410019,3169,328964,3
13908.698043013055,3170,329063,5
8068.48404455022,3171,329088,4
58287.54799203688,3172,329271,9
21088.90699170111,3173,329313,5
11188.870851370852,3174,329335,4
14149.604795818888,3175,329567,6
36021.134406482444,3176,329633,6
-5288.0450861488,3177,329679,3
3429.9819055643356,3178,329745,4
350.84620928644654,3179,329953,5
-830.7539682539684,3180,329968,3
1824.682698407546,3181,330132,5
43951.52707951664,3182,330303,8
9119.158647724824,3183,330321,4
23060.12085137085,3184,330344,5
67373.62166990516,3185,330574,10
25823.277347222782,3186,330674,6
16009.03206583877,3187,330761,5
7627.182817182817,3188,330802,4
19989.406605645516,3189,330872,5
33140.32780883844,3190,330967,6
62876.53110735155,3191,331090,9
-2494.84681984682,3192,331100,3
23271.75624151688,3193,331151,5
8257.498176917681,3194,331179,4
42972.55445899988,3195,331270,7
1416.175587137021,3196,331471,5
2646.720709845713,3197,331527,4
12940.314476759902,3198,331631,5
9399.868457519127,3199,331749,5
-12855.115023865024,3200,331816,3
5594.02084027084,3201,331860,4
36071.236055181485,3202,331907,6
39923.56043337467,3203,332040,7
38743.03994573537,3204,332237,8
20303.939931495785,3205,332303,5
8900.804889554887,3206,332325,4
3093.175109848874,3207,332571,6
21042.95286378194,3208,332622,5
18230.444208139637,3209,332697,5
3971.65251415252,3210,332828,5
21535.632492077923,3211,332873,5
54060.24379580689,3212,333052,9
20597.254406193773,3213,333198,6
20202.865259310685,3214,333256,5
65735.83169646829,3215,333446,10
18483.671978895673,3216,333530,5
-3844.642857142857,3217,333547,3
20466.127344877346,3218,333580,5
-2405.248917748918,3219,333591,3
15949.86159630703,3220,333674,5
33687.3889072706,3221,333842,7
11696.370851370852,3222,333862,4
-4164.718614718614,3223,333881,3
2304.2163200539203,3224,334028,5
17891.503500154817,3225,334097,5
36328.85773784664,3226,334147,6
29590.98369015745,3227,334235,6
8822.410228660228,3228,334256,4
23112.658730158728,3229,334279,5
10032.480158730159,3230,334298,4
5513.753872220217,3231,334476,5
2466.767676767677,3232,334531,4
47375.88502939567,3233,334593,7
23750.969932415355,3234,334716,6
41931.058530172486,3235,334914,8
11660.653067169584,3236,335035,5
-8118.912334440587,3237,335171,4
11299.506977322195,3238,335263,5
53723.23351442157,3239,335383,8
34929.22875692418,3240,335443,6
45124.081215696904,3241,335546,7
-9080.412296037295,3242,335581,3
32789.21059272124,3243,335672,6
108893.18056689053,3244,335893,13
10933.268154311696,3245,335992,5
27152.409603855027,3246,336096,6
14229.625221652825,3247,336185,5
27254.29161073704,3248,336272,6
-984.7907781540408,3249,336480,5
749.4688930350693,3250,336532,4
60485.59894808793,3251,336688,9
27268.139820742963,3252,336789,6
-1090.1785714285713,3253,336799,3
18154.423284618715,3254,336869,5
23382.64737759959,3255,337012,6
17952.821191965926,3256,337084,5
46259.480033425454,3257,337165,7
23058.27257258565,3258,337202,5
-8699.404538529927,3259,337270,3
40104.90558010101,3260,337383,7
-4873.368952384046,3261,337404,3
-1130.8382291083535,3262,337497,4
34635.88065614407,3263,337717,7
8193.46305912869,3264,337847,5
15422.544466403158,3265,337917,5
-5733.044806500693,3266,338042,4
4853.029065914712,3267,338185,5
30897.224788670206,3268,338276,6
23877.00681628313,3269,338298,5
15482.382547148407,3270,338393,5
16738.577172909347,3271,338503,5
7773.432871905916,3272,338631,5
12958.596927668135,3273,338761,5
9179.334207029635,3274,338899,5
3616.3142413142405,3275,338965,4
7468.752913752913,3276,339010,4
-11384.829182255651,3277,339073,3
36617.81239550782,3278,339121,6
8570.511993805541,3279,339175,4
51939.98485153477,3280,339311,8
-6846.511283871376,3281,339544,5
45960.14164838056,3282,339625,7
42725.33417927961,3283,339714,7
21198.116123642438,3284,339748,5
-4094.642857142857,3285,339766,3
40514.32771231662,3286,339881,7
45641.72202754246,3287,340012,8
15544.026250319728,3288,340088,5
5923.293365990733,3289,340177,5
24062.246849942283,3290,340293,6
31905.385655581085,3291,340449,7
19473.7901677356,3292,340512,5
7734.449855699855,3293,340540,4
18850.64479577309,3294,340705,6
21297.591717063464,3295,340787,5
606.4187895437901,3296,340862,4
6994.682539682541,3297,340898,4
20758.3812142151,3298,341251,8
-12411.9782994783,3299,341338,3
19659.052756024503,3300,341413,5
-3813.392857142857,3301,341435,3
27020.329192436388,3302,341523,6
7732.123015873017,3303,341558,4
-3012.7039627039626,3304,341570,3
45761.66174060716,3305,341656,7
33938.99218793762,3306,341712,6
19313.325216020647,3307,341786,5
29153.899411991504,3308,341884,6
43238.41993640175,3309,342141,9
19630.425488936136,3310,342207,5
21331.633782454213,3311,342255,5
6872.858807858806,3312,342297,4
3421.0921957729215,3313,342463,5
1763.3800947448499,3314,342667,5
-4183.29378954379,3315,342688,3
70911.4831691786,3316,342863,10
3017.8952495863437,3317,342932,4
24983.039251984686,3318,343092,7
32892.12577949226,3319,343153,6
4243.30753873189,3320,343291,5
-2369.0386002886,3321,343313,3
13202.41529304029,3322,343395,5
52518.15978959607,3323,343582,9
28652.473557994395,3324,343678,6
53816.6070004557,3325,343877,9
15345.399114344547,3326,343962,5
21660.770202020205,3327,343992,5
8972.901138716352,3328,344093,5
40885.55235123979,3329,344231,7
7877.989057081548,3330,344255,4
27758.047389272237,3331,344358,6
-19295.49276532423,3332,344540,4
15520.127164072592,3333,344640,5
-9231.051587301587,3334,344695,3
-7853.791232632178,3335,344751,3
24853.914626610058,3336,344793,5
14852.03733723276,3337,344888,5
-3516.2260952411884,3338,344902,3
-2402.6785714285716,3339,344921,3
-2511.444805194805,3340,344933,3
22712.224496517974,3341,344962,5
-1194.7317959817956,3342,345041,4
20638.865480104385,3343,345105,5
-6795.71396847906,3344,345142,3
-626.5329115329102,3345,345220,4
48244.16437685979,3346,345369,8
-6208.459595959596,3347,345402,3
75992.21759449701,3348,345561,10
-6851.876942501943,3349,345594,3
-5564.457764457765,3350,345628,3
-13656.912819470279,3351,345933,5
-1090.1785714285713,3352,345942,3
45412.64789213679,3353,346032,7
32974.28559615479,3354,346117,6
33169.939025361564,3355,346192,6
30862.744462233357,3356,346279,6
-1277.6785714285713,3357,346291,3
13615.287021415104,3358,346425,5
-4289.718614718614,3359,346443,3
-4642.754467754468,3360,346471,3
3301.020691984315,3361,346549,4
20835.2374704329,3362,346599,5
21108.045079490505,3363,346669,5
21896.029942279943,3364,346696,5
23988.73652572543,3365,346739,5
13842.807283231043,3366,346836,5
25509.569388514818,3367,346874,5
19740.16345947654,3368,346938,5
55586.24054947947,3369,347102,9
21548.671744921743,3370,347139,5
34348.6404535437,3371,347199,6
3829.732535266592,3372,347277,4
23438.554096869317,3373,347301,5
-12283.103242646583,3374,347468,4
65962.24851494393,3375,347585,9
17191.160817018215,3376,347675,5
-42088.59402998662,3377,347986,4
-2295.3814120661955,3378,348138,5
37613.3607251022,3379,348360,8
22252.702505397938,3380,348413,5
52913.80632396499,3381,348598,9
20710.32127353696,3382,348660,5
-4772.676881297237,3383,348686,3
9898.83116883117,3384,348712,4
-6460.278011677007,3385,348863,4
59287.292355906895,3386,349020,9
-3873.3689523840453,3387,349036,3
-3914.7186147186144,3388,349055,3
-8001.272685647687,3389,349100,3
-16788.886183690756,3390,349242,3
-5060.551948051948,3391,349263,3
11425.992063492064,3392,349283,4
7712.094396186887,3393,349310,4
26940.175449120874,3394,349485,7
31252.017912213338,3395,349656,7
18082.475517473573,3396,349725,5
7923.413392163394,3397,349760,4
57399.95935050503,3398,349947,9
16722.106019410585,3399,350024,5
-12568.303677961188,3400,350170,4
-2905.2489177489183,3401,350184,3
67516.47643652844,3402,350389,10
37522.79348149568,3403,350607,8
-6283.280345170824,3404,350664,3
22594.231014506047,3405,350710,5
2905.0353411208694,3406,350788,4
24510.87938286829,3407,350838,5
3773.118199739719,3408,350909,4
14350.4859297031,3409,351014,5
12184.135017842189,3410,351133,5
-4027.6785714285716,3411,351153,3
19742.22788885521,3412,351321,6
17778.901147178825,3413,351400,5
1603.9829614829632,3414,351467,4
6793.720336036513,3415,351495,4
22513.842195244368,3416,351528,5
8251.070041070041,3417,351553,4
21299.47674251273,3418,351744,6
9808.670634920634,3419,351770,4
34125.857267302694,3420,351824,6
4179.6626984127,3421,351866,4
20979.160306322203,3422,351922,5
-7359.114749414674,3423,352071,4
10573.457792207791,3424,352085,4
23572.781050041696,3425,352123,5
-2146.2578587133535,3426,352227,4
13127.177613623042,3427,352326,5
-5141.059541378812,3428,352356,3
20915.091227357098,3429,352501,6
-5100.730519480519,3430,352525,3
20642.959456002933,3431,352568,5
67427.80323799864,3432,352684,9
-8358.215480769657,3433,352820,4
1204.7824397824397,3434,352885,4
66728.10050329786,3435,353006,9
6360.559163059163,3436,353043,4
-13886.74097552774,3437,353116,3
13243.192002524167,3438,353253,5
14272.251418125785,3439,353438,6
29439.356494039148,3440,353541,6
23887.024641595068,3441,353604,5
42552.722946167734,3442,353722,7
-4148.526473526474,3443,353750,3
37674.56938851482,3444,353790,6
-6637.6588689088685,3445,353824,3
9800.391137365794,3446,354215,8
23053.76803751804,3447,354238,5
53813.950533939445,3448,354344,8
1559.005505158757,3449,354502,5
-5906.724872349872,3450,354549,3
7540.369283923838,3451,354676,5
22987.442985758204,3452,354700,5
-18011.59825339779,3453,354894,4
16289.786226025135,3454,354977,5
14974.653428093645,3455,355053,5
11551.370851370852,3456,355072,4
-4737.635281385282,3457,355092,3
-4546.663059163059,3458,355114,3
17640.025052384386,3459,355175,5
18329.869309434525,3460,355233,5
54213.318695623246,3461,355439,9
62557.52354048599,3462,355615,9
5752.881771006773,3463,355669,4
22356.61168495846,3464,355927,7
9623.963576151791,3465,356052,5
14035.734543234545,3466,356115,5
-1277.6785714285713,3467,356127,3
23028.765474291788,3468,356155,5
8932.896825396827,3469,356184,4
18641.988219683648,3470,356248,5
-9390.855223796487,3471,356419,4
-3724.0134865134864,3472,356436,3
35728.86212836871,3473,356590,7
-2342.748917748918,3474,356603,3
-8280.069890334984,3475,356646,3
17173.632094638808,3476,356744,5
21642.88648808192,3477,356867,6
370.9920634920652,3478,356921,4
28034.596722292157,3479,357013,6
2767.01094828804,3480,357203,5
-12290.664666216135,3481,357281,3
-6143.885281385281,3482,357307,3
-1090.1785714285713,3483,357316,3
11462.786102786102,3484,357411,5
24702.03081597624,3485,357538,6
-9817.55079178647,3486,357591,3
22992.857142857145,3487,357617,5
-12288.646893397281,3488,357712,3
-14586.092175798049,3489,357807,3
15208.006715077132,3490,357915,5
4138.453252973372,3491,358068,5
-1965.5844563932787,3492,358173,4
9914.525613275613,3493,358194,4
16913.38578045621,3494,358265,5
23354.480465822,3495,358294,5
18485.015135830352,3496,358344,5
6114.060354261509,3497,358485,5
17185.298500733872,3498,358570,5
4416.271159396161,3499,358610,4
35737.12710857254,3500,358669,6
12535.656565656565,3501,358736,5
23574.252621948053,3502,358774,5
12709.4588865241,3503,358862,5
3289.2010395435314,3504,358915,4
-7605.5659618159625,3505,358971,3
5517.942890442891,3506,359096,5
10159.136854623965,3507,359232,5
20015.245037255485,3508,359304,5
27252.627580323002,3509,359420,6
20875.560354071,3510,359477,5
6790.449374541866,3511,359511,4
-2581.3852813852814,3512,359522,3
81851.69007076515,3513,359787,12
30945.981073235314,3514,359869,6
-17191.23192354016,3515,360049,4
19737.99832069375,3516,360114,5
2431.115243284113,3517,360283,5
-5064.655483405483,3518,360308,3
12235.230282273622,3519,360442,5
-9357.178932178933,3520,360499,3
11114.260424602919,3521,360602,5
-13784.66464091464,3522,360665,3
11660.445090638332,3523,360798,5
-1114.4647717693392,3524,360948,5
27658.26999711674,3525,361046,6
10944.443320220933,3526,361145,5
21656.509170653902,3527,361189,5
58979.22900435478,3528,361388,9
-6407.142857142856,3529,361417,3
11945.593628115503,3530,361573,5
-6416.6047014131345,3531,361706,4
47608.917818460926,3532,361975,9
20461.424679122047,3533,362017,5
-14304.087447210513,3534,362193,4
15408.71308107956,3535,362280,5
-5698.088035330682,3536,362437,4
5454.749694749696,3537,362486,4
20572.430359495578,3538,362524,5
8144.347041847042,3539,362553,4
-2688.392857142857,3540,362567,3
707.4422799422823,3541,362623,4
8046.765873015875,3542,362651,4
6934.980158730158,3543,362684,4
13393.151154401154,3544,362755,5
18936.611096806537,3545,362920,6
-1277.6785714285713,3546,362932,3
-10709.989316239316,3547,363003,3
2719.966144966147,3548,363064,4
12212.142024642022,3549,363151,5
13382.397853049944,3550,363255,5
56861.38481680859,3551,363421,9
19452.151281764032,3552,363603,6
-7217.30644763733,3553,363640,3
22460.810840299742,3554,363705,5
20492.86298393355,3555,363908,6
28614.105664670402,3556,364050,6
-4491.738816738816,3557,364072,3
-3107.731574411141,3558,364176,4
-6960.877317127318,3559,364220,3
6294.588062903282,3560,364320,5
-14333.890559045354,3561,364404,3
14592.5558436624,3562,364499,5
9658.349629984446,3563,364718,6
33386.96925973649,3564,365042,9
-14639.43960658066,3565,365227,4
6909.577355693844,3566,365351,5
-7028.802447552448,3567,365393,3
-21776.101636366722,3568,365510,3
4236.9378860303805,3569,365556,4
5687.756743675104,3570,365710,5
-4996.409880968707,3571,365809,4
3948.6522606220724,3572,366092,6
5536.7884892884895,3573,366147,4
17986.897017092655,3574,366339,6
33657.72512167055,3575,366477,7
39289.6963849629,3576,366610,7
42842.446843185746,3577,366699,7
23016.270885547205,3578,366725,5
-2762.7039627039626,3579,366736,3
-8657.278138528138,3580,366776,3
14343.075812646246,3581,366879,5
11870.389081329298,3582,366967,5
-840.1785714285713,3583,366977,3
3484.823925644359,3584,367102,5
7210.0281662781645,3585,367145,4
-5726.245629370629,3586,367168,3
9056.150308025306,3587,367186,4
46428.51523433567,3588,367442,9
55049.24610069153,3589,367542,8
19218.575753881476,3590,367711,6
-3276.09681984682,3591,367726,3
-3350.099206349206,3592,367748,3
28019.604214799645,3593,367834,6
18576.411057591915,3594,367906,5
8982.661437588751,3595,368046,5
12977.680031956346,3596,368143,5
22460.793442238864,3597,368294,6
-1785.5482692869032,3598,368510,5
-12657.86705812247,3599,368669,4
10790.296743888917,3600,368850,6
-17690.052596612197,3601,368986,3
-4638.296633062493,3602,369161,5
4711.824213368333,3603,369221,4
20784.979199544417,3604,369263,5
-23986.900925871512,3605,369419,3
23661.443090792935,3606,369449,5
-6627.0202020202005,3607,369484,3
18296.082313584247,3608,369565,5
18109.104991800417,3609,369650,5
2355.0674611336385,3610,369735,4
29028.309676005105,3611,369829,6
18774.823154396046,3612,369900,5
-3767.124480911245,3613,369921,3
-3348.6195789504613,3614,369934,3
-12961.88416309353,3615,370007,3
-8216.264084213004,3616,370334,5
-2146.841630591629,3617,370400,4
9019.910644910646,3618,370433,4
-2771.9826741885568,3619,370444,3
-2494.84681984682,3620,370454,3
-3779.0179963225632,3621,370549,4
-1581.9789362740087,3622,370736,5
19182.907154587312,3623,370805,5
41414.560207000366,3624,371035,8
16695.32379367577,3625,371111,5
-2238.555586570294,3626,371299,5
-5214.2281329781335,3627,371327,3
7146.433982683982,3628,371366,4
18037.22713646862,3629,371414,5
6204.720639090419,3630,371562,5
5571.2553279331005,3631,371874,6
-3235.9182484182484,3632,371888,3
18892.5363925253,3633,371971,5
20933.24182718726,3634,372037,5
13516.265192281058,3635,372138,5
-4489.552857469553,3636,372160,3
-10314.926046176046,3637,372212,3
-5005.263486513487,3638,372235,3
7797.519859526441,3639,372379,5
20000.83674842828,3640,372434,5
19154.258889153058,3641,372490,5
13534.270590091017,3642,372595,5
-2407.567444165744,3643,372719,4
-4723.746392496393,3644,372743,3
18678.942695216516,3645,372842,5
-3012.7039627039626,3646,372854,3
-11.813640650716138,3647,372938,4
-6676.299465068816,3648,373085,4
-3978.422014432076,3649,373111,3
18338.09301358256,3650,373198,5
-5346.747928480413,3651,373224,3
3582.4808037810276,3652,373292,4
-3997.021544631837,3653,373384,4
21805.566943496073,3654,373430,5
-12305.408243072718,3655,373513,3
-11227.489177489178,3656,373580,3
-5240.611471861472,3657,373606,3
12554.281266549066,3658,373711,5
-6263.858547498256,3659,373765,3
12859.960773352283,3660,373897,5
28524.873838536758,3661,374229,9
24300.234972930404,3662,374260,5
2221.1984738687506,3663,374447,5
15826.869018147016,3664,374558,5
19727.445263751964,3665,374616,5
-15394.387639793984,3666,374912,5
2616.914000387302,3667,375104,5
20220.959805373495,3668,375157,5
-13153.306415806415,3669,375230,3
-6976.722582972583,3670,375261,3
-17145.29654856667,3671,375378,3
3197.369170432247,3672,375537,5
15658.226327590235,3673,375739,6
-6897.347710087054,3674,375939,5
-4792.063492063493,3675,375970,3
5132.11319317937,3676,376007,4
17117.65873015873,3677,376054,5
7427.096861042297,3678,376208,5
-4531.605452725808,3679,376229,3
21907.325631064537,3680,376299,5
15834.017023005927,3681,376396,5
8710.546536796535,3682,376425,4
-2688.392857142857,3683,376439,3
2018.7615360216046,3684,376628,5
7417.967551839135,3685,376810,5
-5936.5440115440115,3686,376846,3
-7804.238816738817,3687,376900,3
-8567.00036075036,3688,376945,3
7008.827896604599,3689,376976,4
14695.435466880903,3690,377065,5
-9177.7012031656,3691,377115,3
-806.3496960225826,3692,377221,4
34685.67256289946,3693,377302,6
-10285.211203914763,3694,377424,4
22609.048089591568,3695,377459,5
24549.969086855694,3696,377597,6
-6984.076062826062,3697,377697,4
-6553.966165161405,3698,377915,5
2710.326373141525,3699,378072,5
-1131.0978767964066,3700,378157,4
17030.38704437118,3701,378225,5
25491.133518828945,3702,378341,6
11404.264567776561,3703,378469,5
21690.58685144406,3704,378674,7
17693.045222321536,3705,378748,5
17658.230796551234,3706,378809,5
15716.55455655455,3707,378883,5
-8580.774389635357,3708,378945,3
3227.562992133428,3709,379013,4
-4628.0526834706425,3710,379387,6
17408.602092352095,3711,379434,5
5230.964635499485,3712,379604,5
14343.423500948653,3713,379702,5
16968.412083057974,3714,379778,5
14920.071390597708,3715,379854,5
1932.3180614105527,3716,379937,4
21990.4223652557,3717,380112,6
28950.260085498994,3718,380207,6
8966.442099137532,3719,380306,5
-882.5002972603601,3720,380401,4
-5161.141473335744,3721,380525,4
9948.45446392273,3722,380650,5
-4453.180153180153,3723,380668,3
-6571.244196335139,3724,380792,4
3865.4223963526174,3725,380956,5
-3305.8587246087245,3726,380971,3
26533.430388625817,3727,381089,6
-6674.27239676575,3728,381122,3
28473.348248543676,3729,381220,6
-4055.9523809523807,3730,381241,3
24235.5729682684,3731,381273,5
-7778.972298341493,3732,381331,3
-4506.8452380952385,3733,381354,3
-6242.822802197802,3734,381396,3
33693.53436677327,3735,381470,6
1222.6658927587732,3736,381669,5
-830.7539682539684,3737,381684,3
-4750.405293236176,3738,381706,3
17077.579970027353,3739,381780,5
-3396.632534132534,3740,381798,3
6734.662698412699,3741,381832,4
47326.379328912815,3742,382102,9
23436.79250208855,3743,382143,5
18439.195191633273,3744,382198,5
24588.83432257195,3745,382321,6
-1825.1090550316517,3746,382499,5
18937.000984696417,3747,382570,5
5972.843976533549,3748,382742,5
4198.143315018316,3749,382796,4
19911.935518686674,3750,382886,5
12340.598278785194,3751,383030,5
1632.04614829615,3752,383095,4
-10432.972166722166,3753,383221,4
-9880.930507401097,3754,383286,3
5959.78465978466,3755,383338,4
-9566.096798368466,3756,383485,4
16966.75148960946,3757,383570,5
7765.358627870238,3758,383687,5
275.486859584907,3759,383846,5
-1923.3435029023262,3760,383943,4
-4039.7186147186144,3761,383961,3
-13718.466385910275,3762,384058,3
21179.586181362494,3763,384094,5
-4245.557452289937,3764,384112,3
22392.99963924964,3765,384139,5
-3518.5939060939063,3766,384159,3
21942.76813421357,3767,384210,5
19496.244435062326,3768,384300,5
111.55700508641723,3769,384381,4
-7603.869741369743,3770,384428,3
-29230.32632802765,3771,384713,4
2842.9339951843835,3772,384761,4
-9381.035588078928,3773,384934,4
6575.0267493514375,3774,384971,4
-1625.8928571428569,3775,384981,3
-7529.7091990396975,3776,385116,4
-7785.595021163907,3777,385360,5
-9126.068553843119,3778,385534,4
8062.773486403516,3779,385689,5
-2494.84681984682,3780,385699,3
1022.0027918891185,3781,385814,4
18440.439341657348,3782,386065,7
1717.1374035750994,3783,386164,4
-3970.0988057779846,3784,386261,4
5163.478877718431,3785,386430,5
18374.070440223688,3786,386513,5
19824.47636878945,3787,386563,5
-16258.939594677915,3788,386675,3
5300.0268646901795,3789,386810,5
-6476.51845295228,3790,386950,4
-4887.9329004329,3791,386972,3
23685.12085137085,3792,386993,5
8992.305737563089,3793,387027,4
-5071.474540895983,3794,387163,4
-12709.05149120869,3795,387363,4
10924.249655032178,3796,387518,5
13852.74647845275,3797,387607,5
5991.226046009078,3798,387753,5
438.3316187166812,3799,387845,4
16082.970327605784,3800,387956,5
-4378.463203463203,3801,387976,3
9289.15626040626,3802,387994,4
-5864.9387860591405,3803,388021,3
1672.1634417783816,3804,388101,4
6950.495546120545,3805,388125,4
3934.626623376623,3806,388181,4
4562.211007516733,3807,388248,4
4770.420135420137,3808,388307,4
21767.31782106782,3809,388334,5
-7962.890992950978,3810,388388,3
-13137.004751139813,3811,388474,3
-8038.396761906823,3812,388529,3
10460.96296659436,3813,388631,5
19010.653497642412,3814,388760,6
4305.738734304911,3815,388803,4
3915.4459569068704,3816,388855,4
1164.6395960850282,3817,388929,4
18188.10552746486,3818,388998,5
-35253.3496021373,3819,389275,3
23638.458624279057,3820,389306,5
-13316.649404517048,3821,389416,3
19306.459442904874,3822,389493,5
7127.071053516485,3823,389520,4
9980.465367965367,3824,389552,4
-13953.930061844248,3825,389733,4
-20341.191301762203,3826,389945,4
-6666.116522366524,3827,389986,3
-3723.746392496392,3828,390004,3
3837.5144718505203,3829,390145,5
-3912.0594285745215,3830,390161,3
7102.281763643989,3831,390284,5
-4891.170614945769,3832,390404,4
53570.85712855254,3833,390506,8
680.9317071817068,3834,390586,4
-11066.170128890719,3835,390728,4
19490.75446247079,3836,390786,5
-2181.5037402827666,3837,390886,4
-1752.2259684759674,3838,390966,4
6122.175553849317,3839,391097,5
8328.222891444639,3840,391121,4
-38398.9732231992,3841,391389,3
1316.5428893002447,3842,391451,4
-7067.237862326867,3843,391562,4
5435.18706375324,3844,391605,4
-14148.820420850217,3845,391696,3
-25403.74505716871,3846,391823,3
-4120.0075099049545,3847,391963,4
-6140.773809523809,3848,391995,3
-12910.137739152833,3849,392082,3
16186.149168638076,3850,392187,5
-2494.84681984682,3851,392197,3
5091.111111111113,3852,392246,4
-371.6620271283576,3853,392322,4
-3689.1115540805995,3854,392451,4
5893.313492063493,3855,392494,4
11635.266801005713,3856,392604,5
-36244.784478936956,3857,392828,3
13154.320470765899,3858,392911,5
7731.080043145262,3859,393019,5
14541.426280603822,3860,393150,5
-4558.768112047911,3861,393172,3
-6646.099194600239,3862,393321,4
7267.964069290965,3863,393454,5
33456.19679013422,3864,393638,7
-3402.7182870449165,3865,393855,5
17606.536375775922,3866,393928,5
-3041.5501165501164,3867,393942,3
5733.853033613682,3868,394098,5
-4886.878399378399,3869,394131,3
15710.121355844989,3870,394256,5
15103.50087174457,3871,394339,5
34795.97992242534,3872,394405,6
18548.448907688457,3873,394494,5
588.6660279733908,3874,394716,5
31011.348952904675,3875,394808,6
5751.08708199265,3876,394944,5
24677.71365154079,3877,395108,6
-6875.115858847384,3878,395384,5
-11736.89261911979,3879,395471,3
-4172.093604924484,3880,395578,4
8968.507527857126,3881,395842,6
-7268.388938203178,3882,395901,3
6738.227024047207,3883,396037,5
-14068.011502386496,3884,396099,3
-2850.1076741885568,3885,396109,3
7833.385919635919,3886,396145,4
-9273.852352497863,3887,396299,4
7021.685798936184,3888,396330,4
45370.855582811775,3889,396473,8
-8131.231962481961,3890,396592,4
-7136.9408369408375,3891,396626,3
-4713.465007215008,3892,396656,3
7886.64328683872,3893,396802,5
14351.26843619356,3894,396940,5
-2534.623015873016,3895,396962,3
6833.148265777908,3896,396997,4
2068.5653235653244,3897,397080,4
-3247.0789627039626,3898,397093,3
6579.93353868354,3899,397133,4
13574.885715320159,3900,397279,5
-12196.350177600174,3901,397362,3
-5828.300845396433,3902,397394,3
-5518.262436093319,3903,397419,3
-4647.17847619357,3904,397441,3
-13280.659355610143,3905,397529,3
-4990.11544011544,3906,397558,3
7389.563492063494,3907,397587,4
21638.076319750086,3908,397725,6
9162.60101010101,3909,397754,4
-6499.540043290043,3910,397784,3
-12462.542318792319,3911,397854,3
-3595.6349206349196,3912,397881,3
21443.472749646437,3913,397934,5
-4775.135975135975,3914,397968,3
-7877.020202020202,3915,398006,3
-10102.799518163292,3916,398091,3
-19046.600686035665,3917,398220,3
-12864.080017205017,3918,398283,3
-29372.48181213352,3919,398558,4
18956.936661979216,3920,398666,5
2171.5633994058935,3921,398729,4
-6085.651848151849,3922,398759,3
22130.265636711065,3923,398814,5
-3184.407259407259,3924,398828,3
-14299.269927054362,3925,399020,4
-1649.084008741517,3926,399102,4
-2678.5966801983136,3927,399345,5
-3380.2634865134864,3928,399360,3
22299.383602079033,3929,399409,5
-19189.899662171338,3930,399589,4
20546.31132756133,3931,399631,5
-6243.09163059163,3932,399672,3
-1006.4051226551219,3933,399740,4
8001.66847041847,3934,399775,4
-103.44806997678995,3935,399873,4
10709.19372294372,3936,399954,5
32083.56548490694,3937,400054,6
21318.549498746866,3938,400091,5
12641.747042368377,3939,400318,6
-2048.8618040456295,3940,400406,4
-24518.675327940036,3941,400616,4
1969.90317396555,3942,400806,5
-5214.947050928088,3943,400843,3
-14640.800845396428,3944,400917,3
17163.53637547523,3945,400969,5
13755.731486221039,3946,401088,5
-8059.719447219446,3947,401142,3
-14021.854133138966,3948,401344,4
13535.613204428419,3949,401420,5
7668.082611832612,3950,401452,4
-12501.536011932676,3951,401616,4
-3931.55937930879,3952,401741,4
-4928.232674188556,3953,401766,3
1329.0054817847115,3954,402023,5
5657.706889381242,3955,402131,5
14091.966774625445,3956,402214,5
10571.477795332872,3957,402446,6
-4101.04524195275,3958,402542,4
3477.32332778609,3959,402597,4
4595.0217401240425,3960,402774,5
-14879.617654017808,3961,402859,3
-9912.658302739565,3962,403014,4
16191.045321245214,3963,403103,5
11379.561688311689,3964,403185,5
-11256.385370520433,3965,403255,3
-8849.013486513486,3966,403289,3
-5284.33164058164,3967,403325,3
-16207.909073640496,3968,403445,3
39161.58515053057,3969,403559,7
-28032.017982017973,3970,403719,3
11700.415688113057,3971,403810,5
17021.57431194088,3972,403892,5
-6843.948967698966,3973,404019,4
-5502.891140722023,3974,404121,4
34354.02645922188,3975,404179,6
10725.891807748047,3976,404303,5
-6062.529137529136,3977,404330,3
962.7070834764195,3978,404433,4
-13214.363414363417,3979,404519,3
-4224.599705849706,3980,404545,3
17765.083128301,3981,404642,5
-4226.595769426652,3982,404661,3
-3727.083333333333,3983,404680,3
23636.845500560667,3984,404712,5
17624.05561010496,3985,404792,5
31637.62501709677,3986,404942,7
-3395.2380952380954,3987,404966,3
-18502.340857671734,3988,405059,3
39302.76248198602,3989,405287,8
-12193.980842989287,3990,405492,4
167.4310942325673,3991,405647,5
-13504.054362175497,3992,405823,4
20116.172771562582,3993,406005,6
2268.1037413738654,3994,406144,5
-60.49304861804558,3995,406216,4
-4955.889249639249,3996,406246,3
-3571.327168918115,3997,406458,5
-13870.77287500082,3998,406559,3
8888.210678210678,3999,406588,4
-12361.398869448398,4000,406680,3
18445.581435330798,4001,406758,5
-29087.362818854675,4002,407011,3
9406.418165168165,4003,407028,4
-618.4755522255501,4004,407173,5
-549.2370129870126,4005,407264,4
26047.276683407297,4006,407392,6
6832.76993796537,4007,407509,5
-4240.793209376197,4008,407754,5
5923.464799089799,4009,407792,4
10429.037212787212,4010,407804,4
4023.4979852878414,4011,407944,5
18644.071553016984,4012,408019,5
-3473.2434232434234,4013,408036,3
9084.265873015873,4014,408065,4
-14322.987429237433,4015,408161,3
-860.6922920990326,4016,408424,6
17696.675073331935,4017,408536,5
-12206.93584129149,4018,408621,3
-4217.90808391815,4019,408736,4
-3535.2402499461323,4020,408756,3
5495.0683031409735,4021,408803,4
15397.551626864708,4022,408881,5
2318.11388323579,4023,408955,4
-3397.759879009879,4024,408971,3
13583.989708476933,4025,409186,6
-1788.095238095238,4026,409200,3
6045.486596736595,4027,409250,4
13329.364466625113,4028,409356,5
-3958.3884865134864,4029,409375,3
11309.15138864029,4030,409481,5
17811.698452261528,4031,409551,5
63508.19543574498,4032,409694,9
18991.86376080919,4033,409760,5
-6892.573207021736,4034,409897,4
-4293.110389782216,4035,409925,3
999.6992762569441,4036,410107,5
5559.8301696153885,4037,410284,5
12659.994045557127,4038,410386,5
20212.081801927005,4039,410437,5
-5879.5049195300735,4040,410475,3
16589.464285714286,4041,410528,5
16640.503896118465,4042,410605,5
12554.891020654311,4043,410742,5
16825.29711791102,4044,410822,5
13779.311729507164,4045,410933,5
-7645.4635642135645,4046,410980,3
-4015.680153180153,4047,410999,3
1260.5566742469937,4048,411052,4
29284.349330794765,4049,411157,6
-4900.966354981448,4050,411181,3
-5955.716251627629,4051,411302,4
13829.582343945294,4052,411415,5
21995.28200922744,4053,411452,5
13338.931079455446,4054,411559,5
-9211.810342435341,4055,411688,4
-2339.0616046749988,4056,411870,5
19410.301089089786,4057,411943,5
16950.502137004267,4058,412044,5
-20508.730061563972,4059,412179,3
9277.403619342476,4060,412285,5
26836.693580747706,4061,412398,6
-8049.652716564481,4062,412460,3
-6580.4903429903425,4063,412506,3
-5480.592917144774,4064,412541,3
5320.294011544013,4065,412579,4
40258.1679682976,4066,412695,7
4202.736989741834,4067,412881,5
-8238.05402599823,4068,412953,3
-10198.073890333953,4069,413025,3
4957.312826062827,4070,413063,4
7586.659729159729,4071,413100,4
14023.249586885426,4072,413313,6
-3246.4285714285716,4073,413338,3
-2181.6658699973236,4074,413459,4
7264.265337990181,4075,413589,5
-10029.883421317247,4076,413714,4
8446.141425653812,4077,413853,5
-17362.090687090684,4078,413947,3
3248.946678321676,4079,414076,5
-18129.43792318793,4080,414159,3
6407.184445026937,4081,414190,4
10262.059319888467,4082,414316,5
-4042.515777780871,4083,414334,3
4290.951115959765,4084,414515,5
25375.63625035954,4085,414678,6
10975.503246753247,4086,414691,4
-5847.2245524083755,4087,414783,4
19039.65618488839,4088,415016,7
38535.70729064537,4089,415131,7
7038.256049506051,4090,415242,5
39335.212699452255,4091,415429,8
-2211.615762697217,4092,415534,4
11184.419136419137,4093,415638,5
4293.332395625941,4094,415702,4
-6826.438314437539,4095,415921,5
-13571.173136933588,4096,416052,3
4978.007806448125,4097,416097,4
-5150.965007215008,4098,416125,3
5655.368988120281,4099,416282,5
-4239.440380955473,4100,416300,3
-8450.089691869878,4101,416528,5
13256.200891929364,4102,416643,5
18153.73342300974,4103,416695,5
19165.987073249657,4104,416738,5
-12739.530870764716,4105,416914,4
10106.304272353033,4106,417059,5
-11981.350236665638,4107,417233,4
8639.995363506008,4108,417348,5
14507.58019715063,4109,417520,6
-2282.08041958042,4110,417534,3
7173.486199725177,4111,417670,5
39744.71655752227,4112,417787,7
13897.639933166252,4113,417860,5
18064.079327105643,4114,417914,5
13278.331394482708,4115,418006,5
2996.325624275521,4116,418197,5
21402.795738571407,4117,418243,5
-6226.516001444575,4118,418404,4
-20160.93671335543,4119,418634,4
-14031.295767141351,4120,418721,3
-10513.699494949493,4121,418781,3
3042.3885791281305,4122,418849,4
-31660.212404984082,4123,419066,4
-9430.982489732485,4124,419209,4
5795.180016660028,4125,419398,5
12206.623595226281,4126,419525,5
-4189.940791277861,4127,419651,4
10429.037212787212,4128,419663,4
-15271.528060432867,4129,419840,4
-1437.7944318753152,4130,419943,4
19113.438436133867,4131,420010,5
-17497.53038628038,4132,420159,4
-2850.1076741885568,4133,420169,3
-6380.357142857142,4134,420196,3
-5500.285825285827,4135,420236,3
-3694.345238095238,4136,420257,3
-16129.315831657172,4137,420403,4
-2762.7039627039626,4138,420414,3
30425.533596081517,4139,420549,6
11099.215227872362,4140,420664,5
-19642.99508841688,4141,421004,5
-1997.1874049583027,4142,421125,4
-1861.9705981302695,4143,421697,9
841.2416749916742,4144,421761,4
1491.2063630813623,4145,421832,4
23014.720418470417,4146,421859,5
13703.986370769411,4147,421958,5
-1083.7101802136613,4148,422073,4
-4407.080419580419,4149,422098,3
17779.458070094668,4150,422186,5
19223.23375777129,4151,422261,5
-1701.3135668940608,4152,422371,4
10011.608946608947,4153,422395,4
20581.031626049942,4154,422486,5
761.6066119123434,4155,422648,5
-21086.62340000302,4156,422862,4
7638.80697733639,4157,422923,4
-10065.609106021258,4158,422990,3
15504.552656721688,4159,423092,5
14682.492298937728,4160,423183,5
18770.07249088686,4161,423250,5
-12801.631844462729,4162,423321,3
-9841.869853787415,4163,423467,4
-10612.767094017094,4164,423529,3
3329.202741702741,4165,423585,4
2043.0030684362573,4166,423771,5
-22300.811688311678,4167,423927,3
-30680.36126455244,4168,424101,3
31601.893585645514,4169,424187,6
2538.3197482771807,4170,424267,4
2167.272361281655,4171,424351,4
20033.172677500475,4172,424415,5
18262.703812140728,4173,424503,5
-13363.33918059924,4174,424585,3
20817.450401158414,4175,424644,5
-27151.36956803946,4176,424798,3
7617.904038424296,4177,424930,5
7570.118316962962,4178,425067,5
958.449679405564,4179,425214,5
-7503.329269844363,4180,425254,3
22807.628343878347,4181,425286,5
10424.579238394455,4182,425373,5
-9374.361144746208,4183,425458,3
21526.15033925295,4184,425616,6
-17137.473924209597,4185,425722,3
9348.14588189588,4186,425746,4
-4940.792010277301,4187,425782,3
-4423.964190479283,4188,425802,3
1849.4329017645596,4189,425859,4
4266.608460983462,4190,426006,5
-31190.43017440076,4191,426275,4
98.73924278336125,4192,426365,4
-11969.05798557308,4193,426424,3
-2819.1168272302175,4194,426623,5
-34.9349373536661,4195,426746,4
10014.100733248817,4196,426926,5
-10940.689929050994,4197,427036,3
-4015.832187678163,4198,427054,3
-6234.760586635588,4199,427148,4
4787.846736596737,4200,427187,4
-5295.4420579420575,4201,427213,3
38728.05909325452,4202,427328,7
22222.09234027925,4203,427379,5
-6960.470141920787,4204,427563,5
256.76703606850765,4205,427651,4
9844.52045432544,4206,427787,5
19099.30346700083,4207,427830,5
8828.130821015628,4208,427979,5
-11348.587554135347,4209,428177,4
17111.373083438302,4210,428238,5
-6913.952121757261,4211,428289,3
5487.5558056924165,4212,428329,4
-2155.6547619047615,4213,428347,3
4501.0771530185375,4214,428515,5
-5976.876942501944,4215,428546,3
-15865.968753468745,4216,428645,3
-9947.508192272122,4217,428815,4
-4060.8689523840453,4218,428832,3
14672.256655882818,4219,429003,6
2002.5724275724288,4220,429074,4
-1114.1789009494119,4221,429170,4
14136.366064061496,4222,429282,5
-2616.468253968254,4223,429309,3
-9853.864856978245,4224,429429,4
13105.274170274168,4225,429500,5
5538.594233209182,4226,429643,5
-3387.7039627039626,4227,429657,3
28118.34943285987,4228,429771,6
6662.913566266894,4229,429812,4
-14455.406835166894,4230,429922,3
22946.21252156856,4231,430081,6
-4568.857674188556,4232,430103,3
7963.926690354709,4233,430235,5
19530.63083652673,4234,430297,5
3122.4676222470366,4235,430370,4
6374.152857376537,4236,430512,5
-9079.666895282222,4237,430672,4
22713.08701961952,4238,430828,6
-10962.491299335341,4239,431010,4
13440.947218240697,4240,431082,5
7628.787196850275,4241,431215,5
-6351.036639444144,4242,431305,4
23064.42328461871,4243,431359,5
6805.813492063492,4244,431393,4
-1590.4013397163553,4245,431471,4
15306.89470617103,4246,431695,6
-7463.9991952491955,4247,431739,3
-1576.2896825396824,4248,431757,3
-6009.886466517659,4249,431869,4
20400.724963236906,4250,431919,5
3652.9573163764353,4251,431983,4
-3058.4410075218902,4252,431994,3
-8616.330895374422,4253,432148,4
14741.408520223733,4254,432222,5
-5408.223553836942,4255,432350,4
12856.673187923188,4256,432425,5
20835.403192392096,4257,432493,5
-2285.406750112633,4258,432509,3
-6204.308845823938,4259,432540,3
-6312.626262626263,4260,432579,3
-9676.394438894436,4261,432625,3
-2383.721833721834,4262,432650,3
17038.911655976877,4263,432719,5
2490.8168914418898,4264,432846,5
-8944.907174056034,4265,432937,3
12908.342797123756,4266,433026,5
-17135.931424097027,4267,433335,5
-5828.050525970418,4268,433376,3
21253.820082517654,4269,433423,5
31966.794968400747,4270,433616,7
3202.663447663447,4271,433677,4
12111.630303129661,4272,433844,5
16983.63632462981,4273,433926,5
16852.586718407154,4274,434292,8
1752.1721334221347,4275,434366,4
14959.386382658704,4276,434476,5
-12809.325743700743,4277,434544,3
12221.248257666934,4278,434690,5
-6511.961649461651,4279,434734,3
-4060.8689523840453,4280,434751,3
13025.769711454694,4281,434857,5
20666.723053516533,4282,434900,5
1586.7215745640679,4283,434979,4
18537.236052598477,4284,435050,5
8976.0033022533,4285,435071,4
-3931.0638782871765,4286,435152,4
16285.627439081383,4287,435250,5
14554.144521367562,4288,435362,5
5582.77037526457,4289,435596,6
6846.782576513612,4290,435754,5
-19571.887952518748,4291,435917,3
-18719.178059689148,4292,436172,5
14453.395705172026,4293,436242,5
9184.145784341217,4294,436361,5
17106.220277307235,4295,436417,5
-7258.312520812522,4296,436464,3
-5459.496495506556,4297,436492,3
11284.188750276215,4298,436607,5
263.1020654182403,4299,436689,4
8471.088849698184,4300,436817,5
29871.47072097148,4301,436934,6
14887.548828450532,4302,437032,5
2233.16745711289,4303,437199,5
15148.714509556039,4304,437308,5
-5036.111111111111,4305,437335,3
16690.159200702677,4306,437386,5
19422.399406831108,4307,437454,5
-14363.221242981304,4308,437521,3
15425.866135151098,4309,437592,5
-42661.03734908878,4310,437880,3
-355.9330253080264,4311,437944,4
-6254.861111111112,4312,437973,3
-6834.22619047619,4313,438003,3
-14826.470057720053,4314,438107,3
-1594.4703028552647,4315,438195,4
-2395.7167832167834,4316,438208,3
-5824.302086802087,4317,438242,3
-42537.149863165665,4318,438569,3
22704.87892031429,4319,438725,6
-18570.452785303787,4320,438841,3
13434.507702265055,4321,438934,5
5775.6593692255465,4322,438971,4
-37916.31875928511,4323,439264,4
20409.13557439293,4324,439448,6
-4399.035876144689,4325,439575,4
-11028.855493706504,4326,439663,3
31445.035717160066,4327,439765,6
9672.764824135298,4328,439938,5
-4038.764707514708,4329,439971,3
22478.926554826317,4330,440055,5
-8285.701798201799,4331,440107,3
-15653.201496151456,4332,440300,4
22261.831293276722,4333,440353,5
867.6697139532835,4334,440594,5
18863.63041370394,4335,440655,5
8923.635483883156,4336,440798,5
12383.143853648631,4337,440913,5
-5346.747928480413,4338,440939,3
20262.4987706633,4339,441018,5
17498.958039724293,4340,441086,5
18368.140470210896,4341,441170,5
-1893.8388479855194,4342,441255,4
15828.547167701576,4343,441347,5
1410.473603838543,4344,441425,4
17094.396709886256,4345,441513,5
36594.256861634196,4346,441660,7
1715.104088691852,4347,441731,4
269.4941206454373,4348,441901,5
-8079.127122877122,4349,441938,3
23265.575980560243,4350,442181,7
17884.284355350534,4351,442254,5
-5112.591535356628,4352,442281,3
7446.3365800865795,4353,442307,4
-19362.307280138168,4354,442431,3
-5542.554234579144,4355,442671,5
-11235.857760016039,4356,442750,3
1823.4234515484504,4357,442812,4
20054.971879424018,4358,442895,5
-20768.082849383158,4359,443109,4
27013.899975798176,4360,443235,6
2226.1347581297255,4361,443332,4
15687.848314909916,4362,443443,5
-2411.5447052947056,4363,443457,3
23140.853174603173,4364,443480,5
-21227.94217499903,4365,443726,4
-12998.304248855718,4366,443814,3
-16386.22657979276,4367,443934,3
-7965.268759018759,4368,443981,3
-4551.807452289937,4369,444001,3
19341.366125274795,4370,444063,5
-28622.592811385362,4371,444422,5
2802.059884559884,4372,444470,4
-18875.369847730533,4373,444720,4
-3389.54219799808,4374,444735,3
-14097.544814905274,4375,445020,5
40392.424727620164,4376,445109,7
-4292.81600752189,4377,445131,3
-6470.138993109306,4378,445397,5
2238.483981618657,4379,445474,4
7437.876185776721,4380,445726,6
-10440.506402137595,4381,445856,4
-580.4920885358192,4382,445947,4
-11342.834974408117,4383,446070,4
-46082.38710979425,4384,446387,4
49549.61932481862,4385,446639,10
-5507.245718892389,4386,446751,4
-4974.013486513486,4387,446774,3
6804.98015873016,4388,446804,4
8001.592320722752,4389,446907,5
5565.103050544225,4390,446953,4
20134.84820004557,4391,446996,5
2948.1057119097186,4392,447288,6
-3496.334915084915,4393,447304,3
67513.44639918528,4394,447419,9
12527.598374231255,4395,447644,6
-7672.569501362069,4396,447779,4
-13335.441449606104,4397,448022,5
8387.284936855367,4398,448150,5
8692.382838394838,4399,448287,5
21098.738434338273,4400,448341,5
-7372.896691801491,4401,448392,3
4983.261580451898,4402,448437,4
20681.506132756134,4403,448472,5
-68.39468430606354,4404,448566,4
22929.684343434343,4405,448594,5
4966.143884280493,4406,448652,4
-24341.7512196266,4407,448896,4
13922.765042190353,4408,448993,5
-12669.248602704483,4409,449085,3
770.1985439255272,4410,449331,5
16221.251922312293,4411,449433,5
-20903.512360924695,4412,449619,4
18150.86080543124,4413,449683,5
-6253.508297258299,4414,449721,3
3744.084942834935,4415,449844,5
11645.532535956883,4416,449961,5
-15942.258285015636,4417,450133,4
4694.230803334662,4418,450415,6
6583.259657009656,4419,450458,4
-13045.216588966588,4420,450524,3
-15240.108115998206,4421,450611,3
5041.957311049802,4422,450655,4
-13965.116912222842,4423,450774,3
5009.939990564992,4424,450808,4
-3494.857138307469,4425,451006,5
2016.484728077222,4426,451056,4
-8666.727022977024,4427,451104,3
1938.7403374906394,4428,451188,4
13277.807192807193,4429,451274,5
-3821.062271062272,4430,451300,3
32875.38154737045,4431,451372,6
11492.530052077256,4432,451499,5
-4039.7186147186144,4433,451517,3
-8551.198911812302,4434,451635,4
-14193.742512647308,4435,451721,3
9307.33551536183,4436,451829,5
-2486.0119047619046,4437,451845,3
4918.804076956085,4438,452041,5
14130.203985041448,4439,452228,6
24008.29469507101,4440,452249,5
14993.082324601699,4441,452350,5
-15696.410922024317,4442,452537,4
4572.584164631377,4443,452678,5
6617.074869574871,4444,452725,4
-517.8408025209399,4445,452807,4
29.10092766710474,4446,452869,4
2938.759178987505,4447,452937,4
-3184.424603174603,4448,452958,3
8197.993186938618,4449,453084,5
18477.637085137085,4450,453131,5
2243.796897546897,4451,453256,5
5005.813492063495,4452,453292,4
13016.41362421548,4453,453377,5
18763.91485230082,4454,453435,5
-10614.00077584655,4455,453630,4
-1616.8699360495027,4456,453716,4
13021.461332355295,4457,453836,5
2697.7763888289414,4458,454006,5
-3385.8343045843058,4459,454035,3
10235.62279373458,4460,454167,5
-13847.706052481391,4461,454334,4
479.8928359222466,4462,454490,5
-6233.581838912722,4463,454528,3
-637.7354450245309,4464,454604,4
-1251.1187567125417,4465,454841,5
-1857.2569875085285,4466,454953,4
-840.1785714285713,4467,454963,3
10121.370851370852,4468,454994,4
8423.803431503657,4469,455094,5
-3710.6206293706296,4470,455112,3
21003.70257704411,4471,455149,5
5448.6325757146205,4472,455299,5
26.013708513708707,4473,455367,4
12300.917067538583,4474,455487,5
10249.370761499831,4475,455651,5
-14449.740567310228,4476,455746,3
-3969.0843878343876,4477,455779,3
-9579.89177489178,4478,455908,4
14791.130838760471,4479,456009,5
9668.446705121054,4480,456104,5
18718.679673010167,4481,456264,6
23252.16318360861,4482,456312,5
-32908.59303927442,4483,456695,5
409.9720010381776,4484,456758,4
-4646.812313933058,4485,456985,5
6039.3556443556445,4486,457036,4
-3724.0134865134864,4487,457053,3
4545.611230993919,4488,457217,5
31737.56145329184,4489,457318,6
-8761.423992673994,4490,457378,3
13900.647665887605,4491,457467,5
-2686.8482691199424,4492,457553,4
28612.60608697586,4493,457665,6
6737.32346192679,4494,457700,4
-14189.743598334928,4495,457796,3
-904.5796727782052,4496,457880,4
-4360.651154401155,4497,457905,3
21453.485467871884,4498,457950,5
-5824.005023184592,4499,458036,4
-47618.39079715432,4500,458335,3
-6210.096691878812,4501,458397,3
-4728.671982687076,4502,458429,3
14225.321079886298,4503,458508,5
1696.501692790913,4504,458811,6
5820.547855735298,4505,458975,5
5431.133792248345,4506,459122,5
-31755.756049506042,4507,459316,3
16074.996392496389,4508,459370,5
-13573.632849115334,4509,459440,3
3167.165468905016,4510,459611,5
-10889.35508935509,4511,459673,3
6156.170634920634,4512,459715,4
-11675.70331371415,4513,459857,4
-28980.694317856654,4514,460093,4
43830.04580321938,4515,460276,8
-23244.57849353276,4516,460446,3
6462.310397505832,4517,460596,5
14782.484107954313,4518,460803,6
27282.685161630598,4519,460930,6
3170.4326514988293,4520,461013,4
8279.745081276766,4521,461132,5
8261.121048069577,4522,461191,4
-6757.643051393052,4523,461238,3
14041.739217130737,4524,461365,5
-26024.956126175148,4525,461547,3
-23562.3817278801,4526,461709,3
-4384.169302919303,4527,461736,3
13515.30811508753,4528,461823,5
5203.958188998825,4529,461969,5
-2575.480171273516,4530,462095,4
7931.706349206351,4531,462124,4
1334.085995774607,4532,462343,5
-7603.5714285714275,4533,462378,3
-27759.753089832437,4534,462587,3
-21165.607646320877,4535,462902,5
17070.897492209933,4536,463022,5
-4602.449082779966,4537,463046,3
-624.4047619047619,4538,463059,3
22090.706168401597,4539,463106,5
21941.23300675932,4540,463137,5
17248.625157344784,4541,463202,5
-2864.8242321870807,4542,463451,5
17342.004535319757,4543,463515,5
-12549.086364701681,4544,463603,3
17162.045479675115,4545,463689,5
2119.8905501962804,4546,463749,4
-29704.7407447214,4547,464006,4
27100.39140963096,4548,464111,6
12688.401875901875,4549,464196,5
19439.791987282395,4550,464265,5
-10896.061803609335,4551,464416,4
17970.382566303364,4552,464534,5
-2399.8546754728955,4553,464652,4
21384.128028404342,4554,464691,5
-12931.81029067252,4555,464793,3
17912.196698931548,4556,464877,5
15171.649701133061,4557,464991,5
15424.626454678199,4558,465087,5
13840.988594738596,4559,465162,5
-3104.4417800551714,4560,465252,4
-295.52523865023824,4561,465332,4
-12277.359515914084,4562,465401,3
14135.8290077618,4563,465513,5
33459.23912095628,4564,465584,6
-702.1368532997724,4565,465809,5
-9100.522190228072,4566,465861,3
18682.95107416102,4567,465923,5
2148.474399912093,4568,465991,4
-795.8237824566072,4569,466115,4
-9015.770340770341,4570,466169,3
-5814.656831171924,4571,466196,3
23275.137085137085,4572,466221,5
13456.533213088931,4573,466330,5
16443.910492065097,4574,466431,5
5663.492063492065,4575,466472,4
6811.2430910592675,4576,466507,4
12152.90354339503,4577,466583,5
-3011.0504450829526,4578,466657,4
-9144.397408147406,4579,466782,4
-5272.56216006216,4580,466812,3
-5473.883021648115,4581,466839,3
-3164.3898372439335,4582,467016,5
40955.50915136635,4583,467242,8
14222.157986529704,4584,467424,6
-3236.0119047619046,4585,467444,3
18775.230766647757,4586,467524,5
396.83258970991426,4587,467596,4
-10188.711085740882,4588,467744,4
-10220.7702020202,4589,467797,3
-7862.82085969586,4590,467845,3
-7990.201272895522,4591,468116,5
-5637.931166056164,4592,468161,3
-17769.46929246639,4593,468478,5
-2395.7167832167834,4594,468491,3
-605.8951611721166,4595,468749,6
-22792.745102120105,4596,468875,3
31968.099375684516,4597,469060,7
16098.601194127508,4598,469136,5
-6266.211139866325,4599,469263,4
-2314.0072667569652,4600,469385,4
-17865.250721500717,4601,469487,3
-2688.392857142857,4602,469501,3
6955.650766716942,4603,469540,4
5478.094133911959,4604,469770,5
-16317.021175782584,4605,469984,4
-10500.473390343748,4606,470059,3
-5680.889943389943,4607,470090,3
-17125.410700410703,4608,470170,3
-10499.12309216598,4609,470263,3
-594.4158901925708,4610,470458,5
-7879.68593906094,4611,470518,3
-2438.392857142857,4612,470532,3
5121.9327481943565,4613,470573,4
-15547.75377808466,4614,470652,3
18391.812423257867,4615,470845,7
-26912.97777033953,4616,471041,3
21422.07229481631,4617,471291,7
6290.5953173503485,4618,471443,5
-7696.75620539591,4619,471538,4
-4212.259615384616,4620,471561,3
6183.4234631841155,4621,471681,5
554.571274528702,4622,471765,4
-2955.844155844156,4623,471780,3
3966.429889554891,4624,471824,4
1478.0300255300285,4625,471894,4
-8083.685372290248,4626,472038,4
5705.354645354647,4627,472093,4
-8904.554273331702,4628,472233,4
7138.405723748214,4629,472261,4
11288.615477230032,4630,472390,5
9401.860333294158,4631,472567,5
-4965.814443339598,4632,472598,3
7853.020405330526,4633,472766,5
8986.181423766484,4634,472925,5
-1090.1785714285713,4635,472935,3
14257.112563537503,4636,473026,5
9529.426406926406,4637,473057,4
22302.518862716228,4638,473098,5
-7142.1263830338885,4639,473214,4
14323.77260076151,4640,473303,5
12818.702466264387,4641,473418,5
13616.430919609846,4642,473532,5
-4389.285714285714,4643,473553,3
3706.61632807337,4644,473615,4
20478.638981025408,4645,473921,8
21465.18096986918,4646,473978,5
5656.979871263928,4647,474038,4
20006.946664446663,4648,474083,5
-8075.203962703962,4649,474116,3
-7114.6902319442925,4650,474357,5
3163.468868592699,4651,474567,5
-9129.728310475213,4652,474636,3
4243.630466755467,4653,474678,4
-3899.2148170456994,4654,474695,3
12789.126648887293,4655,474799,5
7575.345203901706,4656,474927,5
-1764.2857142857142,4657,474946,3
11605.516117100817,4658,475116,5
1955.4241033304502,4659,475198,4
19254.693916334778,4660,475272,5
11499.3097339537,4661,475382,5
-10928.412995673056,4662,475446,3
-12118.205841715902,4663,475530,3
8493.412401152338,4664,475578,4
-7321.762959262959,4665,475621,3
-4420.266499281593,4666,475643,3
-17463.207126765563,4667,475875,5
17543.25806095349,4668,475950,5
-9811.279840648123,4669,476154,5
18217.65331890332,4670,476203,5
6746.906565656566,4671,476235,4
-4702.417027417029,4672,476274,3
23247.378050693264,4673,476304,5
-12942.8976613342,4674,476494,4
18055.873882953983,4675,476572,5
313.9270264908788,4676,476721,5
-8183.456627651675,4677,476803,3
-8549.035686535686,4678,476851,3
12025.430102700428,4679,476976,5
18363.837318766244,4680,477057,5
16708.284555394275,4681,477242,6
-7645.28818811907,4682,477290,3
16632.763821360946,4683,477424,5
-30415.450382950374,4684,477662,4
10328.7416870569,4685,477750,5
21309.52984472527,4686,477797,5
12307.352658306605,4687,477894,5
308.05345501031616,4688,478083,5
2901.140705269964,4689,478167,4
-33673.82316293508,4690,478432,3
8666.484903555332,4691,478555,5
496.50660222616636,4692,478735,5
19681.063336248328,4693,478821,5
-5350.8636620517445,4694,478975,4
-10932.360511267498,4695,479295,5
-5269.971001221002,4696,479334,3
4466.465478535912,4697,479397,4
-26174.210097738658,4698,479588,3
-6327.335307666191,4699,479624,3
35935.37511057054,4700,479685,6
-3175.3208596958602,4701,479715,3
-1673.7650047750697,4702,479817,4
-21876.11786433381,4703,479969,3
53.125339572709095,4704,480055,4
-4199.305555555556,4705,480091,3
-4728.432678432679,4706,480119,3
-3573.8095238095234,4707,480135,3
13152.85753543468,4708,480248,5
-3066.4467406088847,4709,480426,5
11689.42157880819,4710,480535,5
2252.5525491450417,4711,480601,4
-40497.488592745714,4712,480964,4
21065.319905926404,4713,481374,9
-19139.778664962483,4714,481513,4
22139.579725829728,4715,481541,5
-3348.6195789504613,4716,481554,3
18470.97402597403,4717,481606,5
2496.108597929419,4718,481678,4
11666.169479600208,4719,481768,5
-6312.457512602637,4720,481826,3
-7542.665590903914,4721,481894,3
-9187.834387834388,4722,481941,3
-12272.594684988515,4723,482245,5
15264.91341432905,4724,482431,6
8028.316519651664,4725,482568,5
14313.889435204721,4726,482648,5
-15016.77451633334,4727,482795,4
-7266.401653901655,4728,482834,3
6552.5784627738985,4729,482956,5
17401.580992630257,4730,483035,5
15152.133503321584,4731,483107,5
17874.66931970977,4732,483175,5
13435.435231048627,4733,483305,5
-17216.225877235935,4734,483421,3
15926.270568311975,4735,483513,5
-10807.583307215664,4736,483599,3
-751.9144776362243,4737,483746,5
6449.8600593163255,4738,483902,5
-11472.344270413403,4739,484139,5
-19175.761332320937,4740,484285,3
-2762.7039627039626,4741,484296,3
16087.70999790542,4742,484389,5
1253.175333008926,4743,484482,4
6783.572263563754,4744,484655,5
18940.409436148344,4745,484723,5
-5625.668735933828,4746,484750,3
54.578921895096414,4747,484817,4
-2852.950659161952,4748,485051,5
8873.102678625128,4749,485174,5
-11772.63648052154,4750,485263,3
21025.418398027094,4751,485316,5
14467.024376589588,4752,485399,5
-16566.13898721677,4753,485607,4
1910.4323181548425,4754,485778,5
-5413.610834040401,4755,485972,5
6232.735603319972,4756,486102,5
35146.63849293707,4757,486338,8
159.4817321574852,4758,486570,5
4497.8463246420015,4759,486714,5
-19070.12356426384,4760,486927,4
16395.69896588918,4761,486996,5
642.5234796948072,4762,487239,5
7571.391243130793,4763,487402,5
191.47412357164615,4764,487576,5
21859.431766587073,4765,487748,6
30584.4178733633,4766,487817,6
-16993.724256246212,4767,488021,4
27326.020458944222,4768,488141,6
-4733.626345060166,4769,488233,4
19655.922672911576,4770,488298,5
26520.249870696593,4771,488442,6
16491.677431225162,4772,488562,5
14768.089509819389,4773,488686,5
-19490.45614151071,4774,488896,4
23841.93543749851,4775,489030,6
12458.27938401467,4776,489150,5
9997.08863403065,4777,489354,5
-29454.713641111644,4778,489754,5
20460.851733443265,4779,489800,5
-7513.506967496323,4780,489989,5
-8181.213000522677,4781,490099,4
16360.341186591186,4782,490154,5
31627.85542656143,4783,490250,6
-14395.609251859252,4784,490333,3
7169.966094697469,4785,490489,5
12934.950614606525,4786,490697,6
-2685.3230103230103,4787,490707,3
30575.61384422176,4788,490807,6
-3619.5797258297257,4789,490828,3
9790.813475814644,4790,490950,5
21120.218763929635,4791,491022,5
-4239.440380955473,4792,491040,3
20278.19750197156,4793,491219,6
15854.419094788496,4794,491479,6
10287.714765025135,4795,491631,5
-4250.892857142857,4796,491651,3
-16588.93759534239,4797,491754,3
10479.559676005105,4798,491877,5
5751.1807636807625,4799,491936,4
-23569.442363192364,4800,492072,3
-9122.055057300802,4801,492135,3
-4411.607142857142,4802,492161,3
-10180.380289000646,4803,492234,3
7743.581985217636,4804,492353,5
15247.917700244067,4805,492488,5
-4320.583583083582,4806,492523,3
3353.44667123009,4807,492700,5
7920.196202613581,4808,492838,5
28920.98003067623,4809,492943,6
-5165.2337246087245,4810,492968,3
12983.77817383294,4811,493062,5
-9646.666963927024,4812,493124,3
17924.004938472106,4813,493283,6
16692.57660300095,4814,493347,5
-16271.590705046583,4815,493451,3
-8497.998189246257,4816,493617,4
-8699.84321234321,4817,493665,3
21306.56897105788,4818,493723,5
-6636.673538879421,4819,493768,3
-2777.6924464424465,4820,493790,3
5557.316294816294,4821,493841,4
-4025.970938354807,4822,494092,5
-8964.953102453102,4823,494141,3
-2587.600043360495,4824,494340,5
12454.023100745742,4825,494447,5
-728.1448453507272,4826,494529,4
-4949.64500411869,4827,494653,4
3556.431693306695,4828,494705,4
-2380.2603547553254,4829,494815,4
9924.960317460316,4830,494843,4
1990.3916760284874,4831,495088,5
-15401.280154958567,4832,495236,4
15710.753683451052,4833,495291,5
-34027.516303729615,4834,495633,4
-4548.32879538762,4835,495722,4
-5323.770327324899,4836,495909,5
18822.43765586838,4837,495982,5
20082.708201456262,4838,496048,5
-11235.786435786435,4839,496116,3
12779.045537365966,4840,496202,5
3800.250509294624,4841,496271,4
31000.623750819177,4842,496409,7
3666.101288417467,4843,496454,4
-5644.202285717379,4844,496480,3
9540.882034632034,4845,496507,4
-21477.552064266623,4846,496732,4
21717.59504749636,4847,496774,5
-22761.79893511201,4848,497040,4
-5137.998945498948,4849,497142,4
-15999.081786597066,4850,497330,4
23413.029188376793,4851,497459,6
16657.900918096348,4852,497551,5
-1321.0479991284938,4853,497627,4
15526.461435103982,4854,497731,5
-4493.485511073258,4855,497759,3
6431.220336036512,4856,497796,4
14926.236193931625,4857,497954,6
-19130.802619937676,4858,498072,3
3483.7221397883186,4859,498115,4
17334.400969270857,4860,498413,7
-5743.228259743351,4861,498438,3
12642.476205639907,4862,498582,5
-29027.055467583952,4863,498975,5
10437.091393535396,4864,499117,5
-11427.128762190683,4865,499305,4
-4055.4192258120293,4866,499496,5
6098.513708513708,4867,499535,4
-9215.190537362689,4868,499771,5
9604.946647077219,4869,499986,6
-7994.836209542093,4870,500030,3
3487.747113997115,4871,500089,4
4456.025086025087,4872,500145,4
22635.968001978646,4873,500200,5
13081.386374495069,4874,500283,5
26616.704542662348,4875,500418,6
-2282.08041958042,4876,500432,3
17083.27970597514,4877,500563,6
3267.6703760112687,4878,500734,5
19188.965062715062,4879,500787,5
22376.462557909927,4880,500822,5
21861.57703364746,4881,500888,5
11838.625525614441,4882,501093,6
-2455.189795799316,4883,501190,4
16223.993886875072,4884,501287,5
-5743.228259743351,4885,501312,3
23573.517863285662,4886,501342,5
2857.353258066177,4887,501481,5
202.1225308918838,4888,501590,4
19535.34909976429,4889,501747,6
6242.189316141076,4890,501903,5
3399.9126159787934,4891,501951,4
54324.01008670551,4892,502053,8
18397.775487970914,4893,502131,5
-7462.202380952381,4894,502162,3
16679.388860361898,4895,502254,5
15159.111711769023,4896,502348,5
17949.623318540318,4897,502416,5
-23269.486852371905,4898,502555,3
2374.361318524731,4899,502718,5
-13398.735333294158,4900,502869,4
3863.8490111110077,4901,502930,4
16174.139844503616,4902,503020,5
-28715.935779906387,4903,503185,3
23511.919758732838,4904,503214,5
10862.383642189387,4905,503345,5
5342.907186767481,4906,503491,5
-4205.786534801628,4907,503511,3
10139.195906386056,4908,503622,5
20263.643756176145,4909,503681,5
-12117.716747476807,4910,503759,3
11679.350748151055,4911,503878,5
-2282.08041958042,4912,503892,3
-5548.287783552876,4913,503920,3
13192.474886224885,4914,503994,5
-17006.29691687741,4915,504168,4
-2004.9763108838179,4916,504242,4
31972.067584763012,4917,504322,6
-6851.36219108548,4918,504439,4
21824.50681628313,4919,504468,5
15715.382388724105,4920,504595,5
2534.1008355548674,4921,504801,5
19800.59384324452,4922,504870,5
-8295.174963924965,4923,504914,3
-5271.632534132534,4924,504937,3
-2688.392857142857,4925,504951,3
-7862.535202546282,4926,505164,5
14229.051713670857,4927,505294,5
7386.4410919710335,4928,505527,6
50301.66452012039,4929,505658,8
-37421.64768345689,4930,506027,4
-4162.875180375182,4931,506109,4
10317.644785340219,4932,506202,5
-6916.625943500941,4933,506299,4
-3295.8892550555265,4934,506508,5
20714.304886374233,4935,506862,8
-4061.9047619047615,4936,506881,3
46.40414753804549,4937,507103,5
-10559.906446453591,4938,507253,4
-21910.998752494488,4939,507410,3
23086.485455369617,4940,507490,5
-14544.685904051223,4941,507674,4
3997.93643856144,4942,507720,4
-17243.832821590175,4943,507820,3
-12817.85367410367,4944,507897,3
13386.108783745156,4945,508000,5
13863.201736811066,4946,508105,5
5775.065205047794,4947,508254,5
-2989.4806582306587,4948,508272,3
4464.416002595319,4949,508424,5
23449.455972771193,4950,508447,5
-8828.79759129759,4951,508500,3
9201.41237666889,4952,508650,5
23301.70164376686,4953,508675,5
18401.0155240786,4954,508761,5
-9082.026538759024,4955,508813,3
-35507.00259600221,4956,509026,4
11634.53253918424,4957,509139,5
20148.730643926072,4958,509204,5
-7434.424603174603,4959,509248,3
20577.42091972355,4960,509289,5
21329.508060953493,4961,509353,5
8985.827921648353,4962,509464,5
-5855.538211788213,4963,509508,3
-9822.387334887333,4964,509562,3
7544.453726742813,4965,509742,5
-9364.67484778312,4966,509940,5
-2238.1694694194703,4967,509975,3
-269.4242801402241,4968,510073,4
-2533.6309523809523,4969,510089,3
22556.34706259512,4970,510137,5
-6387.725026306681,4971,510250,4
-909.9134389152289,4972,510432,5
-5533.492202242202,4973,510466,3
-7171.569889584174,4974,510522,3
9357.089972505984,4975,510888,8
-9510.45274170274,4976,510931,3
3511.199742380086,4977,511091,5
-2205.939406740491,4978,511208,4
6145.37155676281,4979,511374,5
-19609.906006016685,4980,511520,3
-11866.129538031622,4981,511730,4
5998.324968375282,4982,511870,5
-3345.780608280609,4983,511897,3
-48511.019105808184,4984,512328,4
-29.588549201123783,4985,512538,5
17212.480548814343,4986,512737,6
3031.3012761606124,4987,512892,5
-19123.819890334977,4988,512993,3
-4640.139027639026,4989,513017,3
-7817.671001169453,4990,513180,4
-2230.98914973915,4991,513202,3
9879.922933748398,4992,513327,5
4783.196353645605,4993,513498,5
-4632.275618043806,4994,513606,4
21899.059463498314,4995,513648,5
-14645.23754711063,4996,513883,5
16721.50974348149,4997,513973,5
5963.958431274608,4998,514006,4
9045.517710479347,4999,514141,5
18921.741664767982,5000,514185,5
16056.220793133145,5001,514275,5
5005.064646181132,5002,514413,5
-3314.9880504354987,5003,514641,5
-4704.836477591896,5004,514676,3
9869.942537252911,5005,514799,5
-1670.5357142857142,5006,514812,3
-7938.682498057498,5007,514847,3
23565.315656565657,5008,514870,5
21484.17773668838,5009,514938,5
9033.329725829724,5010,514963,4
-11548.952436452435,5011,515041,3
7470.920866862531,5012,515176,5
1683.9560834183094,5013,515369,5
18743.224691545125,5014,515520,6
-42529.51817933801,5015,515821,4
12301.155906954808,5016,516077,6
2375.237515752225,5017,516153,4
16888.0560260995,5018,516204,5
-10420.14238663813,5019,516284,3
10027.11647399728,5020,516414,5
-8181.769191850461,5021,516473,3
25401.8408670363,5022,516569,6
266.81543151550795,5023,516730,5
-3528.3341658341665,5024,516753,3
-31893.421284597756,5025,516947,3
13547.481673383376,5026,517050,5
21315.51944508021,5027,517238,6
-1824.461163836164,5028,517312,4
-7226.361832611834,5029,517356,3
15812.762192442919,5030,517460,5
-4060.8689523840453,5031,517477,3
-4195.054856050539,5032,517627,4
18560.183024357375,5033,517690,5
7070.818099384275,5034,517724,4
-4032.142857142857,5035,517741,3
-15098.375031830916,5036,517827,3
-3873.510378510376,5037,517922,4
-14882.86158286158,5038,518019,3
21852.848124098124,5039,518046,5
5027.81066156066,5040,518089,4
20263.45528203306,5041,518175,5
17787.06578101121,5042,518242,5
5393.61111111111,5043,518289,4
9828.070691385909,5044,518362,5
22112.096665411886,5045,518393,5
10318.91838918735,5046,518542,5
103.95132645132583,5047,518617,4
35626.23652572543,5048,518670,6
-7327.659146409145,5049,518781,4
-1408.4225258315787,5050,518913,4
4314.523969752299,5051,518979,4
-4146.726190476191,5052,519004,3
4777.0324120324085,5053,519061,4
-553.1168339314677,5054,519257,5
2012.485917934835,5055,519333,4
2744.5640631653323,5056,519517,5
15507.19336219336,5057,519575,5
8414.694346368695,5058,519685,5
-10289.357864357862,5059,519737,3
-10065.412006079578,5060,519869,4
-4515.088140059115,5061,519892,3
7979.765928515929,5062,519941,4
-4025.60452021991,5063,520208,5
-12013.924963924961,5064,520267,3
-3656.998699829582,5065,520285,3
-2684.2075216721114,5066,520619,6
-1804.6105068821794,5067,520716,4
-13631.827636587695,5068,520806,3
-4461.071567321568,5069,520840,3
22036.15800525882,5070,520881,5
-4843.1547619047615,5071,520909,3
-14244.048564095006,5072,521061,4
1009.6581886036222,5073,521138,4
-3184.407259407259,5074,521152,3
5173.346024031009,5075,521192,4
32311.76839156715,5076,521362,7
16028.037113852337,5077,521431,5
-4498.843651833207,5078,521637,5
-5886.968586968587,5079,521674,3
28964.39768521811,5080,521770,6
8240.674186924185,5081,521805,4
1361.6637503363515,5082,521956,5
-2648.2650114588755,5083,522181,5
5055.148613463829,5084,522267,5
-4627.516233766233,5085,522289,3
3848.148934105706,5086,522506,5
18370.16304347826,5087,522567,5
-7601.569957819958,5088,522616,3
9927.251498501499,5089,522631,4
-3688.4512352972106,5090,522647,3
-8139.925495256379,5091,522686,3
22560.675213327824,5092,522725,5
17443.617170872607,5093,522800,5
5606.035667334041,5094,522842,4
19444.692350133522,5095,522906,5
-3418.9975714859547,5096,523143,5
6196.259997564768,5097,523257,5
-29581.949903167017,5098,523580,4
-7502.065295815296,5099,523628,3
-22138.425622365256,5100,523851,4
-10176.164856815012,5101,523917,3
-18465.293040293043,5102,524009,3
11642.46296423735,5103,524107,5
-4974.559428574521,5104,524131,3
-29431.333857920556,5105,524386,4
19394.982459743107,5106,524463,5
-4766.749712668234,5107,524653,5
-4409.894926410019,5108,524672,3
23540.534846560386,5109,524813,6
19447.567179122907,5110,524879,5
23176.345913718193,5111,524934,5
-15.456349206350865,5112,525002,4
-8774.70238095238,5113,525050,3
5803.945233258315,5114,525191,5
15010.65176386893,5115,525306,5
-9848.987808931699,5116,525567,5
-1553.0764389549304,5117,525779,5
16498.94107117998,5118,525858,5
15720.52121446664,5119,525942,5
-13470.59420305357,5120,526075,3
12072.602137284797,5121,526196,5
-16504.9617049617,5122,526302,3
21085.012548725776,5123,526463,6
-1625.8928571428569,5124,526473,3
-7659.758297258299,5125,526523,3
10724.716216520796,5126,526675,5
-14492.507799567587,5127,527000,5
3402.388893989526,5128,527152,5
18862.047743493174,5129,527210,5
10246.21371640915,5130,527326,5
-7980.908448491649,5131,527501,4
14121.423111846874,5132,527611,5
-26395.423302813688,5133,527803,3
-24525.417908031242,5134,527959,3
-6930.259573372962,5135,528071,4
864.2318792318806,5136,528143,4
20922.65512265512,5137,528178,5
4340.409982389468,5138,528238,4
-2685.3230103230103,5139,528248,3
32764.40870321927,5140,528338,6
24116.88122055962,5141,528463,6
-7975.399924451864,5142,528616,4
-21854.636335886345,5143,528732,3
-3256.993947707366,5144,528980,5
-9237.538737178533,5145,529145,4
8483.724572463552,5146,529289,5
-4774.104177304053,5147,529313,3
-14928.281200784231,5148,529434,3
24278.984889332936,5149,529574,6
-2596.037296037296,5150,529585,3
-824.9007068782616,5151,529676,4
4804.840232567722,5152,529865,5
-6733.96534021534,5153,529911,3
11763.846798271348,5154,530018,5
-7424.0123143559,5155,530073,3
-3461.9576257076214,5156,530170,4
-9927.375709515803,5157,530231,3
-59946.353105593495,5158,530776,5
-5271.363512863124,5159,530883,4
4056.513347763349,5160,530936,4
7335.2777777777765,5161,530969,4
-7936.6341991342,5162,531018,3
-9577.616223001285,5163,531093,3
-1629.8611111111109,5164,531107,3
11177.712339559152,5165,531251,5
-16854.36551537557,5166,531348,3
-4496.241258741259,5167,531369,3
-16501.489279124726,5168,531646,5
11265.05557265232,5169,531762,5
-4152.024453659515,5170,531789,3
35509.21091244982,5171,531850,6
-6035.6698495862565,5172,531965,4
-13693.29394805401,5173,532051,3
-17896.36176731765,5174,532146,3
-3068.9806725352446,5175,532430,6
6080.885022485256,5176,532618,5
58.510955418849605,5177,532822,5
-6962.7886002886,5178,532857,3
6969.94227994228,5179,532891,4
17410.674549516087,5180,532949,5
-6780.557196501474,5181,533278,6
1815.98580749316,5182,533344,4
-10096.987734487735,5183,533401,3
-5826.241821903586,5184,533518,4
-4550.3692182001005,5185,533542,3
-3335.4489260739256,5186,533558,3
3683.537584342741,5187,533719,5
-25334.66954012619,5188,533964,4
9478.513708513707,5189,533988,4
-3899.702380952381,5190,534009,3
4791.026264971701,5191,534131,5
-16584.158075326803,5192,534325,4
20678.32130291934,5193,534402,5
-5142.0156232656245,5194,534439,3
4570.069403635581,5195,534481,4
-2651.2321012321013,5196,534492,3
17972.73734782888,5197,534554,5
8076.488095238094,5198,534592,4
5497.468642468642,5199,534642,4
27157.09310791547,5200,534758,6
14524.609959567126,5201,534872,5
-3563.2992007992007,5202,534888,3
-3699.73914973915,5203,534920,3
-7291.95134776345,5204,535102,4
3795.601967476967,5205,535150,4
-2937.38344988345,5206,535165,3
-13204.14984336644,5207,535328,4
2876.62361696611,5208,535380,4
4233.057804123982,5209,535432,4
16673.743408938844,5210,535514,5
10018.215023318164,5211,535662,5
-6857.303732129584,5212,535711,3
4198.741221583715,5213,535751,4
6715.638528138528,5214,535791,4
8220.235658519327,5215,535931,5
-4065.68415137494,5216,536027,4
6339.987368836574,5217,536180,5
13945.921669704563,5218,536293,5
75.6349206349214,5219,536355,4
408.07386743615814,5220,536525,5
-7366.541097791099,5221,536580,3
9864.682821477243,5222,536730,5
7748.125828419948,5223,536851,5
-10140.156795799881,5224,537001,4
3671.1635586635593,5225,537056,4
-2597.4360696922595,5226,537235,5
-29811.595585465515,5227,537519,4
-7389.313464313465,5228,537577,3
-20409.92210296583,5229,537773,4
14259.868392056871,5230,538027,7
5957.510018576197,5231,538060,4
-11382.43242395719,5232,538136,3
-3942.8661703662547,5233,538350,5
7525.32562148333,5234,538380,4
-5690.512265512267,5235,538421,3
264.2158519286186,5236,538603,5
4894.453830483243,5237,538662,4
301.95346320346096,5238,538725,4
4956.484068262319,5239,538854,5
33069.12960706304,5240,539031,7
10488.87688378013,5241,539138,5
15518.737007101943,5242,539251,5
-6602.444083694085,5243,539294,3
-248.66178927711528,5244,539392,4
20504.255070692827,5245,539461,5
-5130.448678213772,5246,539489,3
-20832.40162615163,5247,539609,3
-1090.6776238056502,5248,539720,4
4606.1899905649925,5249,539760,4
43636.871446360354,5250,539851,7
-16337.38495229401,5251,539982,3
-7198.0325230325225,5252,540025,3
20378.752288947726,5253,540162,6
15857.979103022582,5254,540246,5
-4171.915564011152,5255,540269,3
-6631.803865424221,5256,540302,3
-3998.7454947013766,5257,540321,3
-9669.357610698557,5258,540388,3
-16347.112116637816,5259,540706,5
-4421.478954827572,5260,540735,3
23464.991089828047,5261,540767,5
-13720.769944280004,5262,540862,3
4384.395983488477,5263,540904,4
18735.893520730475,5264,540960,5
-15392.167400023442,5265,541106,3
-4096.037296037295,5266,541123,3
-14024.2421512526,5267,541280,4
4356.686507936506,5268,541330,4
3400.03585466821,5269,541394,4
-4834.0020692671615,5270,541418,3
-7881.123737373738,5271,541460,3
8389.70432302475,5272,541582,5
16349.787885999001,5273,541660,5
10845.985333680765,5274,541777,5
5027.203768453767,5275,541893,5
-3165.0699300699303,5276,542003,4
-9467.64225604976,5277,542109,4
-5666.550116550116,5278,542133,3
7932.615856365856,5279,542170,4
-7852.548779909463,5280,542233,3
12730.441903083156,5281,542343,5
7028.154276279277,5282,542371,4
-22936.71559404835,5283,542576,3
19756.307450112214,5284,542666,5
-8355.555555555557,5285,542718,3
-8629.64058752565,5286,542781,3
-1460.9487734487734,5287,542851,4
12404.379774058767,5288,542963,5
-9777.192913902849,5289,543123,4
-1309.9330055908997,5290,543335,5
-11974.241800557846,5291,543623,5
-12195.522503382406,5292,543898,5
-15142.134887171651,5293,543989,3
20569.146825396827,5294,544022,5
-3006.8452380952376,5295,544040,3
21402.659215354644,5296,544095,5
494.7380025804956,5297,544161,4
6591.891241978433,5298,544362,5
-186.53698726454124,5299,544622,6
12198.863082222219,5300,544747,5
13950.742926488416,5301,544861,5
3485.0100589554936,5302,545099,6
-8136.737007187858,5303,545235,4
9400.584162569457,5304,545357,5
-22037.70159961672,5305,545660,5
21536.835857855593,5306,545706,5
-6191.75407925408,5307,545747,3
-19144.880747867854,5308,546091,5
-3348.6195789504613,5309,546104,3
