-7516.636011047774,0,35,3
-5770.37518037518,1,70,3
9223.566433566435,2,96,4
-8570.063923005098,3,146,3
-14072.701292515541,4,270,3
-5599.345458463106,5,295,3
-7087.730738352374,6,350,3
11624.498695748694,7,441,5
-5765.531139612021,8,475,3
8720.76146076146,9,515,4
-24507.412515245334,10,680,3
-6031.969304560249,11,716,3
-24272.881444436876,12,882,3
-5626.715098738923,13,918,3
-18657.132855534554,14,1084,3
-6217.710646551591,15,1120,3
-18311.15132760631,16,1286,3
-5298.810648201129,17,1322,3
-8245.114688373205,18,1488,4
-5985.04803117419,19,1524,3
-23010.090993385093,20,1690,3
-7026.850649350649,21,1726,3
-22081.513866867044,22,1892,3
-7300.039682539683,23,1928,3
1151.72979175108,24,2094,5
-5605.281156751745,25,2130,3
-17543.09038184038,26,2296,4
-9407.059329559332,27,2332,3
-11571.407876375657,28,2498,4
-7315.70297349709,29,2534,3
-21727.53529636184,30,2700,3
-5815.6971296677175,31,2736,3
5854.213629507747,32,2891,5
-3249.70473970474,33,2914,3
-4774.9956334515155,34,2939,3
-26829.193695656904,35,3104,3
-6527.773060273062,36,3140,3
9397.947330447329,37,3246,5
14363.387445887447,38,3286,5
-4868.183112037602,39,3306,3
-6145.124250749252,40,3342,3
-6733.734949690832,41,3508,4
-7527.196969696969,42,3544,3
-24650.26290294673,43,3710,3
-5256.200133046983,44,3746,3
-22610.06889486204,45,3912,3
-5483.2920837332595,46,3948,3
13190.535714285717,47,4026,5
-6964.761416988586,48,4071,3
-6715.238095238095,49,4110,3
-4407.525252525253,50,4136,3
9813.067765567766,51,4163,4
-11980.596949490136,52,4237,3
-4021.3255172330246,53,4255,3
-8404.478462713758,54,4301,3
-6413.190975690976,55,4340,3
-5909.129008246655,56,4368,3
-5191.303141303141,57,4384,3
-13729.870799135506,58,4484,3
-5074.145256188599,59,4516,3
-4433.2037750691,60,4552,3
-8981.48995453478,61,4607,3
-6168.154734842042,62,4646,3
-7313.806888145207,63,4718,3
-4323.945858707855,64,4745,3
-9009.370629370625,65,4796,3
-6147.245532245531,66,4831,3
-21102.877400377416,67,4974,3
-7484.836621711621,68,5035,3
-1101.8409368409382,69,5128,4
-4654.9751861933855,70,5169,3
-9695.04641170663,71,5262,3
-10618.995027160661,72,5353,3
-7448.157536907539,73,5393,3
14314.960733710734,74,5422,5
-14164.923462974933,75,5520,3
-4443.5980827737785,76,5540,3
-5817.099567099567,77,5587,3
-6715.45469623256,78,5627,3
-9438.857808857809,79,5677,3
-5563.691516816517,80,5704,3
-10594.862021363573,81,5787,3
-20402.00308568056,82,5916,3
-10586.121933621933,83,5998,3
-7128.166127817832,84,6050,3
-7512.934981684981,85,6097,3
-5067.209247795548,86,6124,3
-4464.480467943686,87,6149,3
6521.906512605042,88,6184,4
-5070.158621048713,89,6213,3
-7963.2450882450885,90,6259,3
-8075.7287157287155,91,6300,3
-5240.411949161949,92,6324,3
-5033.851103083587,93,6345,3
-9100.869963369963,94,6386,3
6124.341630591634,95,6504,5
-6394.285714285716,96,6534,3
-6498.5198135198125,97,6565,3
-9909.161304381894,98,6641,3
-2262.417443667444,99,6661,3
-6979.755016225606,100,6710,3
-13161.947317388493,101,6791,3
-3169.7330447330446,102,6812,3
-5360.760988237767,103,6833,3
-7464.81186788563,104,6884,3
19325.71262071262,105,6930,5
17491.6819283228,106,6983,5
-3990.8199439449436,107,7000,3
-14147.730948700124,108,7081,3
-4434.049888020476,109,7103,3
-6061.467143967145,110,7136,3
-8035.297619047619,111,7191,3
5087.156913318206,112,7234,4
4314.251026751027,113,7260,4
-9664.688644688644,114,7328,3
-3925.2742978555675,115,7350,3
5406.010556995468,116,7392,4
-10041.587995337994,117,7441,3
-6166.555666555667,118,7476,3
-13259.205830933766,119,7551,3
-7317.415223665224,120,7602,3
6654.623015873017,121,7641,4
-7263.480881218885,122,7694,3
-1486.9101731601734,123,7709,3
-5969.615142731815,124,7747,3
-5600.9831549169785,125,7777,3
5029.29467462362,126,7832,4
-4345.627373142854,127,7858,3
-3986.383021648115,128,7874,3
-9530.37451426619,129,7963,3
1751.5721982266118,130,8061,4
-7848.858510125921,131,8150,3
-11045.317460317463,132,8203,3
-5035.714285714285,133,8221,3
-15415.24794650355,134,8371,3
-8276.248252269335,135,8423,3
-7414.853673802977,136,8476,3
-6014.312687833772,137,8505,3
-5900.25308025308,138,8532,3
-8318.571428571428,139,8581,3
-8070.1714066806935,140,8623,3
5193.941779479923,141,8659,4
-6215.607295629843,142,8714,3
7759.763532652589,143,8741,4
-7216.510611421601,144,8798,3
-7600.202575202573,145,8918,4
-8872.14713391184,146,8976,3
2099.7023809523803,147,9032,4
-4897.648568321944,148,9066,3
-15121.013125376518,149,9173,3
-29431.455169787205,150,9398,3
-9139.285714285714,151,9431,3
-5744.415584415584,152,9455,3
3399.9150849150847,153,9509,4
-8279.286685536685,154,9564,3
-5689.9326428215745,155,9602,3
-9800.66267066267,156,9664,3
-6168.498077859532,157,9708,3
-5865.767505478774,158,9740,3
-6566.502341183071,159,9776,3
-4160.458297979497,160,9797,3
-9794.762152860174,161,9880,3
-4339.206349206349,162,9896,3
-14446.949716949715,163,9975,3
-9418.805916305919,164,10032,3
-4953.841811782988,165,10067,3
-6008.140340052104,166,10109,3
-10260.246750153878,167,10189,3
-13897.9788701151,168,10309,3
-8056.410318697468,169,10378,3
-21904.74713785677,170,10549,3
-8345.298312798313,171,10618,3
-7205.934065934066,172,10651,3
-4852.466577540106,173,10685,3
-6557.874127319714,174,10748,3
-3620.6494994943137,175,10767,3
-5161.895702336878,176,10801,3
-2803.3145363408526,177,10821,3
-4695.557452289937,178,10839,3
-12693.07955932956,179,10938,3
-8789.108391608392,180,10995,3
-17927.62945796034,181,11126,3
-15707.306582306584,182,11250,3
-7826.216110974325,183,11311,3
-12523.954844545238,184,11427,3
-3027.1428571428573,185,11443,3
6100.260989010989,186,11469,4
-9838.117629583046,187,11554,3
-11817.45876672347,188,11641,3
-8553.330003330004,189,11681,3
-5178.486513486514,190,11716,3
-5169.700449189613,191,11760,3
-4352.843594314182,192,11809,3
-5540.360750360751,193,11845,3
-5418.038354619238,194,11878,3
8712.938140291079,195,11910,4
2308.398754023753,196,11967,4
-6311.865079365079,197,11999,3
-9609.650872003815,198,12083,3
-6437.423381571987,199,12131,3
4311.561695528414,200,12177,4
-10215.069921908162,201,12261,3
-5192.879730311416,202,12302,3
5351.186313686314,203,12327,4
-7005.922563958454,204,12388,3
-7362.740835016379,205,12432,3
-17475.604395604394,206,12542,3
-4895.098712776732,207,12577,3
4886.308103661042,208,12640,4
-10540.937863072828,209,12725,3
563.3777741865972,210,12801,4
-8033.472858840507,211,12870,3
-13381.36091462717,212,12966,3
-6361.47128798685,213,13170,5
-4914.064877331131,214,13204,3
-3610.3787878787875,215,13219,3
-11040.833333333334,216,13264,3
-20221.048257298266,217,13474,4
-7083.213070684045,218,13521,3
-6524.764862975004,219,13579,3
-8851.228183581123,220,13651,3
-4662.90790478871,221,13681,3
-5282.143241605316,222,13724,3
-6377.057570912061,223,13752,3
-3635.0,224,13770,3
-11818.972971472973,225,13840,3
-6136.718281718282,226,13883,3
-10807.020202020205,227,13965,3
2015.3800366300366,228,14017,4
-14150.608757857204,229,14104,3
-5623.1511544011555,230,14138,3
-5539.173779651721,231,14157,3
-5769.413364413364,232,14201,3
-9127.65873015873,233,14239,3
-4202.508528408296,234,14261,3
-3977.503121878122,235,14293,3
-6638.112031061825,236,14368,3
5964.364801864802,237,14387,4
-9114.57428165641,238,14471,3
-4322.249978263909,239,14509,3
-13018.485264735265,240,14564,3
-17179.544676170066,241,14735,3
-5390.081389199038,242,14768,3
9721.428571428569,243,14853,5
-7465.891330891331,244,14898,3
-3579.062812187812,245,14912,3
-4993.046328671329,246,14930,3
-7930.583058582282,247,14996,3
-6020.044532070882,248,15036,3
-2716.979658628267,249,15114,4
-6051.349622599622,250,15140,3
-1806.200604950605,251,15159,3
-7735.954082682022,252,15192,3
-7401.889221889223,253,15238,3
-9849.022505272505,254,15290,3
-8345.7616524355,255,15378,3
2605.7492881215794,256,15465,4
-6049.386463443454,257,15520,3
-12607.996865105999,258,15599,3
-4050.3513153513154,259,15622,3
-7437.516025641026,260,15658,3
-4214.3440924400675,261,15674,3
-4027.5770514315404,262,15687,3
-6972.097347097348,263,15714,3
-4125.703928172379,264,15732,3
-8836.507936507936,265,15779,3
2933.6183261183246,266,15834,4
4133.212707914722,267,15915,4
-2931.6017316017314,268,15938,3
-9326.08131355229,269,16002,3
11219.260543378192,270,16078,5
-8931.003766458336,271,16151,3
-82.25149850149819,272,16221,4
-5773.401488217664,273,16267,3
7840.387945387947,274,16297,4
-6742.4348445671985,275,16345,3
-3953.8961038961043,276,16361,3
-15545.347336916611,277,16452,3
-4979.544352706118,278,16477,3
-4464.880952380952,279,16495,3
4324.769309637732,280,16548,4
-17514.498407925734,281,16667,3
-21035.216327360282,282,16829,3
-6018.517871017871,283,16874,3
-4519.885058826622,284,16897,3
-8656.080447330447,285,16941,3
-6689.385267510268,286,16982,3
-20239.42876975965,287,17098,3
-9508.5449588681,288,17154,3
-6161.218989343989,289,17194,3
-16700.09828922368,290,17375,3
-8862.446661731055,291,17429,3
3406.987456987457,292,17478,4
-5100.530303030303,293,17505,3
-5600.528915528916,294,17525,3
-3628.103367221014,295,17540,3
-3729.30402930403,296,17567,3
-4736.06929834871,297,17586,3
-3777.155344655345,298,17621,3
-16581.150210084037,299,17750,3
-4997.403638028639,300,17780,3
-4975.533217212784,301,17805,3
-8979.444444444445,302,17842,3
-8042.747999549469,303,17889,3
-7742.467968207217,304,17941,3
-7112.03233578427,305,18005,3
-7109.389499389498,306,18037,3
-5779.727821198409,307,18081,3
-4564.664502164502,308,18112,3
-4495.357142857143,309,18126,3
-6289.053292768462,310,18168,3
-4430.689310689311,311,18195,3
-3357.3408721369415,312,18217,3
-4721.919469419469,313,18241,3
-12209.966928281558,314,18331,3
-4161.168831168831,315,18351,3
-17283.079344975627,316,18510,3
-7393.232323232323,317,18549,3
-12816.14219114219,318,18653,3
-15824.884791850742,319,18782,3
-8155.043281022384,320,18855,3
-5596.423576423576,321,18900,3
-12633.353256650471,322,18973,3
-8173.474161194245,323,19043,3
-17566.590354090342,324,19176,3
-2118.2410346361585,325,19270,4
-3872.222222222222,326,19291,3
-10045.364620329792,327,19350,3
-8704.015984015983,328,19407,3
-4619.030283442049,329,19428,3
-8060.011169386168,330,19492,3
-7852.906455000108,331,19548,3
-4042.6893475461584,332,19573,3
-6446.802114014223,333,19621,3
-13399.766858528468,334,19748,3
-5227.748917748917,335,19779,3
-4756.363636363637,336,19800,3
-11303.526952064105,337,19892,3
-4747.835497835498,338,19907,3
-3474.2322261072263,339,19928,3
-3677.1173271173266,340,19944,3
-4961.146378776023,341,19976,3
-7645.411463536463,342,20029,3
-2654.0423465423464,343,20057,3
-8225.484132740323,344,20129,3
-1698.6219336219333,345,20152,3
-3202.967171717172,346,20168,3
-6711.100288600289,347,20211,3
7117.437562437562,348,20244,4
-4399.632638603227,349,20268,3
-5574.240767981514,350,20304,3
-7969.767511899864,351,20364,3
-6231.385256470395,352,20404,3
-7750.585835732894,353,20445,3
-13869.98964203788,354,20662,4
-3361.422430040009,355,20680,3
-4644.007936507936,356,20705,3
-9393.04842216607,357,20754,3
-4629.349816849817,358,20772,3
-7646.578282828284,359,20825,3
-4256.866287307464,360,20870,3
-5634.228597554837,361,20981,4
-2716.6125541125543,362,20999,3
-6871.669580419578,363,21063,3
-7287.406343656344,364,21115,3
-5451.547202797203,365,21152,3
-3036.0410422910422,366,21175,3
-7134.979455528992,367,21220,3
-4219.518252645188,368,21248,3
-4774.464285714285,369,21269,3
-15448.395354645354,370,21351,3
-4252.5796425796425,371,21377,3
-14797.526536687767,372,21501,3
-3383.9760239760244,373,21515,3
7929.332520764408,374,21556,4
-9402.690357028592,375,21648,3
-6723.429487179487,376,21675,3
-3809.030969030969,377,21691,3
-10554.700469211177,378,21784,3
-8871.819153069151,379,21827,3
-4333.624148684133,380,21847,3
-7091.726051726049,381,21980,4
-6494.245996521537,382,22023,3
-5606.127206127207,383,22059,3
-7036.113200524966,384,22101,3
-6991.235936406218,385,22164,3
-5263.997113997114,386,22181,3
-10319.052013284501,387,22242,3
-8450.168165168165,388,22273,3
-5713.234265734267,389,22313,3
-9811.472416472418,390,22382,3
-6230.974118956603,391,22412,3
-7674.47311675253,392,22457,3
-5312.950094925714,393,22485,3
-3876.534250063662,394,22501,3
-4887.879443967661,395,22535,3
-5758.189252697767,396,22581,3
-9122.35527544351,397,22646,3
-5900.534331939131,398,22683,3
-5668.900339856224,399,22716,3
-11201.13498021586,400,22808,3
-5462.1848984349,401,22837,3
-12166.372497247447,402,22931,3
-5552.281947928233,403,22962,3
-9165.43430211,404,23016,3
4307.5063825063835,405,23051,4
-2174.8998223998224,406,23072,3
-5357.14828515138,407,23108,3
-6690.278055278055,408,23139,3
-8544.353978709627,409,23208,3
-9007.811428767312,410,23278,3
-6059.679487179486,411,23311,3
-4857.569857902676,412,23348,3
-5092.837995337996,413,23371,3
-6348.486951497924,414,23418,3
-7267.490842490842,415,23451,3
-7542.789987789986,416,23496,3
-7556.292844698118,417,23550,3
-5062.004662004662,418,23568,3
-5867.161310911311,419,23595,3
-9776.303315492556,420,23667,3
-3998.0025620234596,421,23690,3
-8439.17957042957,422,23748,3
-9943.638677498973,423,23810,3
-16243.827957603111,424,23934,3
-5000.0,425,23971,3
-6063.530880883822,426,24014,3
-6826.105297780993,427,24057,3
-3571.8585581085586,428,24080,3
-4593.29817241582,429,24096,3
-9791.694416694418,430,24173,3
-10163.271532389179,431,24238,3
-4607.263504805569,432,24276,3
-4973.841427535313,433,24295,3
-11894.986369839313,434,24380,3
-5667.187616305265,435,24410,3
-8234.787577618463,436,24465,3
-6083.910223333596,437,24498,3
-6805.303689258797,438,24545,3
-8652.556709043785,439,24601,3
-10354.00722830138,440,24677,3
-5611.541722166721,441,24717,3
-5214.673752656237,442,24737,3
-7236.098484848485,443,24785,3
-29586.120286232494,444,25030,3
-7212.929220332469,445,25095,3
-7197.575757575757,446,25134,3
-10484.316239316242,447,25195,3
-6525.875166500167,448,25234,3
-4998.328538723208,449,25267,3
-6538.5317460317465,450,25282,3
7718.996697746696,451,25327,4
-10049.341810150634,452,25386,3
-12534.731012236814,453,25476,3
-8613.146453219979,454,25540,3
-6643.50694347792,455,25577,3
-2452.208208458208,456,25606,3
-5103.361367734432,457,25649,3
-5424.517993616291,458,25668,3
-2729.2436974789925,459,25694,3
-11526.060051060049,460,25766,3
5904.414309897786,461,25856,4
-6320.257695735638,462,25882,3
-4050.542156240434,463,25907,3
-7440.470571095572,464,25959,3
5651.205844808786,465,26017,4
18797.647768897772,466,26046,5
-4725.750915750916,467,26059,3
-7957.030812324929,468,26115,3
-3949.230481206101,469,26131,3
-5621.466727716727,470,26159,3
-4309.207128655658,471,26197,3
5876.062132312135,472,26262,4
-3981.2004662004656,473,26304,3
-5235.735098235097,474,26343,3
-3626.829403826308,475,26362,3
-4797.472527472528,476,26383,3
-5215.377109345764,477,26422,3
-5842.481754356755,478,26460,3
-6964.191641691642,479,26484,3
-4616.732382182052,480,26513,3
-4251.552155275066,481,26539,3
-13819.738032864963,482,26661,3
-9681.691368272252,483,26705,3
-9368.420242683014,484,26770,3
-4643.76925352881,485,26831,3
-4432.3333417528465,486,26862,3
-3553.4224354077287,487,26886,3
-5702.067568411456,488,26923,3
-6095.81012984264,489,26964,3
-9287.904040404042,490,27032,3
-8503.21484071484,491,27094,3
-4614.191632670736,492,27117,3
-4000.2062031106148,493,27131,3
3950.6454656454634,494,27180,4
-20634.353089720735,495,27323,3
-3428.2913165266104,496,27350,3
-3369.687567334627,497,27382,3
-6610.385900863842,498,27403,3
-13753.112071751775,499,27501,3
-7337.2818690373215,500,27555,3
-6073.30337337951,501,27596,3
-5009.1774891774885,502,27620,3
-7199.627594627595,503,27675,3
-16203.373015873007,504,27758,3
-4067.6184926184933,505,27800,3
-5722.480644355645,506,27843,3
-7680.685825612296,507,27892,3
-9483.253486279802,508,27980,3
-5184.673938677422,509,28013,3
6926.706626706621,510,28060,4
-5890.231645289693,511,28095,3
-7857.134462115112,512,28151,3
-4848.011363636364,513,28178,3
-18159.459157113964,514,28313,3
-9236.25,515,28350,3
-8992.008579655638,516,28417,3
-7188.715034965036,517,28468,3
1083.3849483849483,518,28537,4
-6856.571761571762,519,28590,3
4271.227052376214,520,28669,4
-3411.206154956155,521,28692,3
-8837.283812248985,522,28749,3
-9434.513403263401,523,28815,3
4811.132283609064,524,28853,4
-8232.511506166693,525,28909,3
-3259.2844655344657,526,28930,3
-6139.023191851298,527,29005,3
-3229.3216097627865,528,29032,3
13252.118715907418,529,29088,5
-25438.489010989015,530,29232,3
-8229.62842712843,531,29291,3
-15166.190476190475,532,29382,3
-9787.819316046869,533,29447,3
-5994.897602397602,534,29468,3
-5183.792861550214,535,29513,3
8047.912467434528,536,29581,5
-9711.976911976913,537,29655,3
-6947.800255300253,538,29704,3
-3165.689821164314,539,29830,4
-5340.217907092907,540,29863,3
-4864.949259976349,541,29900,3
-8039.347319347319,542,29942,3
-6265.879969703498,543,29997,3
-8530.237262737264,544,30059,3
-4295.794275169275,545,30097,3
-6655.585664335666,546,30155,3
-10152.459207459206,547,30213,3
-5266.946035990152,548,30247,3
-4323.463203463203,549,30274,3
-3396.567599067599,550,30295,3
-8751.25,551,30333,3
-3494.0278471528472,552,30367,3
-6597.132034632036,553,30411,3
1831.5025335076812,554,30466,4
-11542.080468551057,555,30551,3
-12012.341269841269,556,30617,3
-8493.68738220619,557,30691,3
-9125.661677718565,558,30766,3
-10154.190392940405,559,30942,4
-7387.22902097902,560,30984,3
-7656.480880230878,561,31044,3
-26714.275724275733,562,31202,3
-4471.571858868685,563,31238,3
-10889.691791696436,564,31337,3
-10104.04262404262,565,31400,3
-10970.961330336331,566,31484,3
-7113.181956931957,567,31521,3
-10458.736943498016,568,31604,3
-8401.397825600605,569,31779,4
-18712.440476190473,570,31871,3
-24007.82550782548,571,32071,3
-6885.754245754247,572,32114,3
-5552.9334554334555,573,32141,3
-4557.651515151516,574,32159,3
6228.769841269844,575,32194,4
-11023.743617493617,576,32271,3
-4592.487373737375,577,32302,3
-14376.076843907726,578,32384,3
-2024.5981795981793,579,32459,4
-14313.14029025035,580,32656,4
-22207.336601307186,581,32818,3
-6051.754911754912,582,32862,3
-17650.93253968253,583,33030,4
-12718.505393814989,584,33127,3
-5420.785464535465,585,33169,3
-2593.03441656383,586,33308,4
-9096.861471861472,587,33361,3
-13452.578671328674,588,33444,3
928.418803418803,589,33492,4
-14445.753898878893,590,33602,3
-3074.4492190815718,591,33639,3
1410.9243051634357,592,33712,4
-5873.290043290043,593,33749,3
-7753.063603063602,594,33781,3
-17937.867132867137,595,33897,3
6686.230158730159,596,33934,4
6381.674406828867,597,33992,4
-22925.241425241427,598,34149,3
-5909.1154678654675,599,34194,3
-17047.965784215794,600,34301,3
-15403.191253191262,601,34419,3
-65463.50524475519,602,34856,3
-11263.970473970474,603,34932,3
-4335.955294705295,604,35041,4
-8302.825507825506,605,35093,3
-14504.491341991341,606,35179,3
-15457.707292707297,607,35281,3
-29655.79212454214,608,35500,3
-4711.294955044955,609,35532,3
-8330.98644003056,610,35590,3
-433.2434232434231,611,35688,4
18011.182983682982,612,35734,5
-26304.20262847637,613,36027,4
-16662.304077931003,614,36161,3
-10328.25924075924,615,36226,3
-9966.991341991348,616,36352,4
-4071.1471861471855,617,36390,3
7201.234738343869,618,36538,5
-3715.372229035154,619,36655,4
-26620.949328449326,620,36821,3
-35236.39277389278,621,37118,4
-4846.533466533467,622,37137,3
-23022.669552669544,623,37298,3
-11967.136784783848,624,37399,3
-19342.258297258297,625,37521,3
-17424.782439782437,626,37663,3
-18447.55050505051,627,37770,3
8837.51665001665,628,37871,5
-3892.812045195946,629,37896,3
-10385.677284531776,630,37961,3
-23753.347363206092,631,38115,3
-5886.289682539683,632,38160,3
-8380.898387603109,633,38219,3
-12704.296536796533,634,38308,3
-4531.969696969698,635,38340,3
-4585.79156954157,636,38489,4
-15853.1438006438,637,38685,4
-12515.494227994228,638,38764,3
-14310.612998112996,639,38857,3
-10896.687756687756,640,38996,4
-18744.444444444438,641,39134,3
-18486.311188811185,642,39266,3
-5103.670634920635,643,39302,3
-29707.57936507938,644,39508,3
-5544.6727059004625,645,39549,3
-31705.121716705544,646,39857,4
-11092.636530136533,647,39930,3
-5998.588309424307,648,39966,3
-8681.658896658897,649,40035,3
1603.3242540053689,650,40112,4
-8288.333333333334,651,40168,3
14570.058674985146,652,40256,5
2397.802571525481,653,40338,4
-10865.930735930737,654,40408,3
-6671.468162255701,655,40468,3
-5896.396103896104,656,40498,3
4864.331779331778,657,40547,4
-7691.674203634346,658,40599,3
-10891.79292929293,659,40678,3
-4537.7930764326975,660,40714,3
-29282.60184260185,661,40885,3
-9617.878787878788,662,40957,3
-19084.691142191143,663,41074,3
3169.753775636128,664,41110,4
5190.417500456199,665,41170,4
-5444.579725829724,666,41245,4
-12889.81421356421,667,41407,4
-13637.285839160837,668,41494,3
-3891.7346542346545,669,41517,3
-3023.320290820291,670,41540,3
-21811.34199134199,671,41690,3
-36426.75491605059,672,42056,4
-7599.76911976912,673,42097,3
-24176.666666666664,674,42224,3
-5030.933849654556,675,42263,3
-6675.579004329005,676,42390,4
-17635.148185148188,677,42481,3
-11348.746392496392,678,42596,4
-3912.0346320346325,679,42615,3
-20117.497086247095,680,42742,3
-11964.71762327799,681,42901,4
1947.5128384687205,682,42954,4
-26378.921078921077,683,43135,3
-11931.666666666666,684,43208,3
-9418.412698412698,685,43268,3
-20685.142635142638,686,43416,3
-6445.555153480848,687,43450,3
-8689.872349872348,688,43509,3
-7908.757215007215,689,43567,3
-13235.654761904761,690,43713,4
-3182.1717171717173,691,43734,3
-22732.573260073266,692,43869,3
-4158.556482432256,693,43927,3
-19562.294372294375,694,44043,3
-13893.333333333334,695,44120,3
-17603.849483849484,696,44232,3
-18292.085137085138,697,44332,3
-13513.725444661979,698,44586,5
-21824.743589743586,699,44797,4
-4634.529082029082,700,44829,3
-6219.773559773559,701,44877,3
-8711.446539571542,702,44925,3
-12759.921328671328,703,44992,3
-9079.73975285121,704,45076,3
-18710.38612423866,705,45212,3
-5578.00061050061,706,45240,3
-14845.340770340772,707,45404,4
-12850.966810966815,708,45493,3
-25516.25,709,45625,3
-8476.738816738818,710,45682,3
-20388.633454608687,711,45899,4
-2903.585434173669,712,45920,3
-4973.228715728714,713,45950,3
8744.18768817182,714,46175,6
-38045.47337337587,715,46428,3
-16029.126984126986,716,46644,5
-12253.470418470417,717,46779,4
-4101.54761904762,718,46844,4
-16096.616161616159,719,46948,3
-5819.0620490620495,720,46987,3
-19261.128246753244,721,47117,3
-15991.02272727274,722,47208,3
-3969.661776132364,723,47231,3
-7236.34768009768,724,47276,3
-26656.25,725,47432,3
5339.220779220778,726,47482,4
-11492.996031746034,727,47543,3
-9119.680744307292,728,47680,4
7245.703622943613,729,47719,4
-3524.8082412943095,730,47833,4
-9598.29933954934,731,47887,3
-15445.972148766266,732,48063,4
-5027.485847485849,733,48156,4
-17518.571428571428,734,48240,3
-8283.909840159842,735,48298,3
-10130.116550116549,736,48354,3
-1842.4422799422798,737,48380,3
-33592.83966033966,738,48598,3
-10865.721500721502,739,48655,3
-21554.947552447553,740,48773,3
-10678.53507603507,741,48964,5
-8089.693084693085,742,49009,3
-28357.075424575425,743,49157,3
-3629.2798378092493,744,49174,3
-12720.009712509713,745,49245,3
-11782.67246642247,746,49452,5
-6684.218782014414,747,49504,3
-35748.41269841269,748,49694,3
-15955.197302697294,749,49902,4
-833.1547619047651,750,50021,5
993.6409995233521,751,50110,4
-40421.66833166831,752,50414,4
15334.641226506556,753,50499,5
-8287.695637695637,754,50550,3
-3480.8725198725538,755,50565,3
4164.812271062271,756,50610,4
-2095.5890506122723,757,50698,4
13397.070707070703,758,50758,5
-7610.803485729955,759,50820,3
-10096.713564213573,760,51008,5
-5872.12745738094,761,51065,3
-8080.758408258407,762,51180,4
-5843.946560405539,763,51226,3
-21304.721020079003,764,51358,3
-4124.8445998445995,765,51389,3
-974.8917748917752,766,51409,3
-3925.714285714286,767,51429,3
-12284.404761904758,768,51493,3
-361.82539682539823,769,51551,4
-2592.646103896104,770,51563,3
-2397.860668743021,771,51650,4
-3470.1903651903654,772,51672,3
-6372.794982794982,773,51724,3
-9410.775613275608,774,51852,4
5942.321428571429,775,51947,5
573.9303751803784,776,52014,4
3366.789860681113,777,52076,4
-15663.030303030298,778,52156,3
-12305.238095238095,779,52218,3
-4146.508319681694,780,52239,3
-20575.714285714283,781,52356,3
-7654.051232565163,782,52437,3
-5933.650793650794,783,52472,3
-8425.727605727607,784,52526,3
18071.888528138526,785,52576,5
-15711.414141414143,786,52655,3
-5476.10014985015,787,52685,3
3654.112482262806,788,52805,4
-5321.006216006216,789,52830,3
-4590.936147186144,790,52988,5
1943.7835775335766,791,53086,4
-14576.964285714286,792,53154,3
14577.875978940221,793,53215,5
-4004.2289654789665,794,53402,5
-13340.650221811211,795,53538,3
-1826.4337051837053,796,53558,3
-7832.893587113521,797,53622,3
-233.9400876900864,798,53705,4
-5952.034632034632,799,53737,3
-16120.375573298246,800,53868,3
-12834.821428571428,801,53928,3
-32631.268315018307,802,54184,4
10864.523809523811,803,54256,5
-15797.61904761905,804,54344,3
-14748.92857142857,805,54418,3
7488.6188117438105,806,54464,4
-19475.27777777778,807,54581,3
7312.970779220778,808,54613,4
-27946.339689722037,809,54771,3
-9264.754689754689,810,54933,5
3675.0475912975908,811,54994,4
-13392.770497476382,812,55067,3
-4505.212427751127,813,55104,3
-17263.461538461543,814,55333,5
-27011.60714285714,815,55481,3
-5322.086538762233,816,55512,3
-52273.78498870595,817,55935,4
17707.32142857142,818,55979,5
-5425.924369747897,819,56130,5
-31911.111111111106,820,56265,3
3857.3781905453425,821,56334,4
-11188.838383838383,822,56393,3
-12450.73232323233,823,56586,5
1455.8020694475795,824,56643,4
-1894.623154623154,825,56744,4
-6038.531746031743,826,56847,4
-301.4696414696438,827,56927,4
-8110.645604395604,828,56973,3
-1453.6309523809532,829,57083,5
-7669.453463203462,830,57271,5
2484.8114589658717,831,57413,5
-4973.360169242522,832,57451,3
-31061.03896103896,833,57594,3
2471.471306471305,834,57711,5
7253.492063492063,835,57802,5
-6921.316045066042,836,57903,4
-18570.9881157714,837,58097,4
-2920.35298035298,838,58118,3
-5130.6850012732375,839,58146,3
-10872.76685732568,840,58239,3
-5959.399333896239,841,58280,3
2032.8571428571431,842,58319,4
-6241.417471417473,843,58369,3
-13330.497240762339,844,58441,3
-7759.0317316617975,845,58503,3
-11097.358197358197,846,58597,3
-23949.39976689978,847,58778,3
-8795.19106516978,848,58855,3
-6182.880790520111,849,58904,3
4917.142857142855,850,58944,4
-29708.26990347114,851,59127,3
-29275.404595404594,852,59283,3
-39667.46031746032,853,59490,3
-8929.016445333584,854,59572,3
6293.977591036413,855,59613,4
-10138.055555555557,856,59664,3
-14177.33155733156,857,59796,4
13406.269841269841,858,59860,5
-5645.999065004484,859,60016,4
-24025.35714285715,860,60129,3
-25871.891025641024,861,60276,3
-3219.847520900151,862,60410,4
-9138.048201798201,863,60462,3
6893.87987012987,864,60486,4
10413.804390054387,865,60573,5
-7394.9290986791,866,60619,3
-11185.505050505051,867,60672,3
-30942.647645350586,868,61043,4
-7030.433634992461,869,61105,3
-1753.0804045026148,870,61223,4
16833.237179487176,871,61267,5
-21221.823447879964,872,61450,4
-8989.345238095233,873,61530,4
-15761.679292929293,874,61619,3
-13651.737012987012,875,61708,3
615.982243375819,876,61830,4
-10155.588855588852,877,61885,3
-8735.42813417233,878,61955,3
-24341.514359823188,879,62162,4
-11506.666666666666,880,62216,3
4925.765025308369,881,62309,5
-4587.009803921568,882,62411,4
-9645.698051948055,883,62489,3
-9104.708416583415,884,62657,4
2636.978715728716,885,62772,5
-25852.101281501422,886,63039,3
-6236.067772635078,887,63082,3
-17660.85454253125,888,63263,4
-10354.342067035423,889,63496,4
-10587.629245754246,890,63573,3
-6611.5079365079355,891,63596,3
-11654.82517482517,892,63656,3
-3600.5450513538703,893,63798,5
-38521.825396825385,894,63983,3
-12125.238095238095,895,64119,4
-14163.102850022351,896,64230,3
-29905.570124320093,897,64406,3
-17531.78545718986,898,64584,3
-22125.76163082145,899,64809,3
-9751.448412698417,900,65003,5
-7149.480519480518,901,65057,3
-10364.605774342619,902,65162,3
-5223.214285714285,903,65192,3
-10537.360139860139,904,65277,3
-14146.584179709173,905,65423,4
-14962.98122629005,906,65548,3
3755.362425672023,907,65602,4
-14334.087440337438,908,65745,4
-15713.876046554065,909,65845,3
-21241.53585557032,910,66058,4
-25729.89357864356,911,66261,3
-11377.800508315211,912,66359,3
-71096.32803934225,913,67057,4
-13591.352813852815,914,67121,3
-2335.2323371073426,915,67260,4
670.5555555555557,916,67315,4
-6403.75261655232,917,67359,3
-19815.828107865655,918,67524,3
-48370.3154810876,919,67956,3
-30204.32236371451,920,68282,4
11608.620129870133,921,68355,5
-20739.990426240427,922,68540,3
-12564.487941109464,923,68634,3
-8573.532190204009,924,68744,4
-10879.429700734057,925,68878,4
-31254.242411999803,926,69093,3
-6028.706810690169,927,69135,3
-15508.92857142857,928,69202,3
-8232.524142524142,929,69252,3
-18481.641887524256,930,69406,3
-36300.88264676499,931,69642,3
-18640.2417027417,932,69743,3
-7504.956293706294,933,69780,3
-9937.210567210572,934,69940,4
-3099.4841269841277,935,70016,4
-31328.777824163502,936,70345,4
-8597.696192696194,937,70418,3
-19041.801138075378,938,70610,3
-15459.82142857143,939,70676,3
-17881.388432903517,940,70852,4
-15795.100743769473,941,71003,3
-13247.197247197251,942,71109,3
-7731.733455742742,943,71176,3
-19401.666666666664,944,71281,3
-10185.318847818846,945,71453,4
-3347.596769630441,946,71557,4
5149.577693548285,947,71626,4
716.438283938284,948,71692,4
-35152.738095238106,949,71893,3
-13889.190858161444,950,72008,3
-4644.470768309778,951,72033,3
-11439.852092352095,952,72085,3
-36643.45064657562,953,72352,3
-7378.860261470556,954,72412,3
-21698.718642468615,955,72624,4
-4871.69063779358,956,72662,3
-17621.715050730134,957,72815,4
-47564.8689627366,958,73230,3
-13759.74369992752,959,73379,4
-28044.046987584123,960,73687,4
15385.454545454546,961,73743,5
-17369.087313185606,962,73914,3
-35052.17121200093,963,74270,3
13050.126262626263,964,74337,5
-12088.735793360407,965,74445,3
-14356.542502904742,966,74574,3
-55131.334082584086,967,74992,5
-20774.964643199946,968,75123,3
-15791.712315462315,969,75332,4
-21558.71470996958,970,75670,4
-33599.68441280941,971,75959,4
-20433.993286125635,972,76124,3
-6631.103896103897,973,76224,4
-48495.989916945866,974,76621,3
-16946.547619047615,975,76710,3
-7834.584165834167,976,76777,3
-26201.601192924707,977,77001,3
-64668.28144078149,978,77544,3
-18757.472943722943,979,77730,4
-27044.30902430906,980,77913,3
-45288.123075110394,981,78333,4
-9737.642506690898,982,78431,3
-10548.169069277816,983,78542,3
-88982.00562681223,984,79380,3
-46184.81240981244,985,79689,3
-14823.809523809523,986,79780,3
-36108.91121391507,987,80167,4
-32217.61224886225,988,80376,3
-42611.20518370515,989,80775,4
-44514.963924963966,990,81011,3
-13841.47727272727,991,81110,3
-5799.885531135532,992,81228,4
-8181.3011425466,993,81297,3
-11162.65484923574,994,81370,3
1535.340215340224,995,81512,5
4776.130927895633,996,81562,4
-12254.176119288348,997,81666,3
-24425.29761904761,998,81824,4
-14288.93504371447,999,81968,3
-34847.1986346986,1000,82207,3
-94329.77893438494,1001,83063,3
-21337.23276723278,1002,83235,3
-16717.893217893212,1003,83348,3
-18210.65496594908,1004,83509,3
-29317.727405519472,1005,83820,4
-7671.626984126984,1006,83866,3
-30470.68434016963,1007,84100,3
-12656.452860864623,1008,84259,4
-25260.12251777326,1009,84507,3
-24176.843573093563,1010,84702,3
7869.641265597147,1011,84794,5
-11516.146983989216,1012,84923,3
-33967.683982683986,1013,85313,5
-23896.612276612293,1014,85559,4
-3764.10714285714,1015,85701,5
-24018.648643023644,1016,85902,4
-43451.565365321774,1017,86380,3
-35189.86802564552,1018,86815,3
-22905.465922106803,1019,87040,3
12460.535714285714,1020,87095,5
-19769.642857142848,1021,87211,3
-20728.986291486282,1022,87381,4
-27980.74546043682,1023,87790,4
-17017.605033855045,1024,87948,4
-6714.226190476198,1025,88097,5
-53255.03976415742,1026,88651,4
-10479.905510630691,1027,88753,3
-16253.060064935067,1028,88983,5
-52348.849206349216,1029,89221,3
-17465.0,1030,89300,3
-68849.12199728373,1031,89871,3
-32118.14192343602,1032,90169,3
-66113.61950957536,1033,90809,3
-26618.640530725028,1034,91150,3
-25906.327842908697,1035,91400,3
-47549.173491627094,1036,91877,3
-44254.18177367859,1037,92294,3
-28903.696206539415,1038,92615,3
-21765.40352621233,1039,92842,3
-23813.746530872966,1040,93134,3
-19141.209324731,1041,93318,3
-53739.649566120126,1042,93716,3
-32796.28496503497,1043,93931,3
-124576.13913863875,1044,94786,3
-17843.209878356938,1045,94942,3
-77276.62638635658,1046,95653,3
-2473.1565048728344,1047,95761,4
-78671.94300711315,1048,96590,3
-41961.03418564545,1049,97003,3
-39366.998406005776,1050,97358,3
-84657.35170604047,1051,98212,3
-26930.05952380952,1052,98332,3
9970.0,1053,98401,5
-33144.76190476191,1054,98613,4
-59233.39582802826,1055,99121,3
-42133.68145743149,1056,99435,3
-23368.88167388168,1057,99635,4
-17230.477855477857,1058,99764,3
-48428.61721611727,1059,100199,3
-69636.26373626379,1060,100595,3
-25087.334054834068,1061,100785,3
-55604.425651747595,1062,101255,3
-140921.32938956452,1063,102397,4
-107738.84920634933,1064,103189,5
-43163.489635364625,1065,103425,3
-28319.57986457986,1066,103692,4
-80708.19014319002,1067,104354,4
-17698.41686091686,1068,104551,4
-50578.992004727326,1069,105085,4
-54479.16632387219,1070,105593,3
-48542.21424000843,1071,105928,3
-27965.77380952383,1072,106058,3
-56952.940347592914,1073,106759,4
-29312.463924963904,1074,107100,5
-28415.01158563661,1075,107337,3
-33385.70707070709,1076,107546,3
-117608.13492063519,1077,108268,3
-90815.3421496805,1078,108970,3
-129383.21930778185,1079,110387,3
-23276.931818181805,1080,110556,3
-61256.20004995002,1081,111025,3
-100768.17300346716,1082,111840,3
5247.323232323231,1083,111902,4
-107752.49999999996,1084,112624,4
-43278.23107448102,1085,112997,3
-136012.84780578956,1086,114246,4
-60552.083333333336,1087,114528,3
-23478.30294705294,1088,114728,3
-67797.62237762238,1089,115177,4
-172930.1340326337,1090,116771,5
-104311.54262404259,1091,117619,4
-46607.619047619046,1092,117925,4
-103131.65040433459,1093,118856,3
-20608.316993464046,1094,119115,5
-59559.34523809523,1095,119424,3
-45963.893688011485,1096,119968,3
-120564.88725446525,1097,121293,3
-25741.150793650795,1098,121421,3
-120241.891474539,1099,122523,3
-43681.13095238094,1100,122735,3
-150831.8370935051,1101,124151,3
-32148.232323232332,1102,124345,3
-85202.90376290359,1103,125081,3
-201733.28493401967,1104,126428,4
-136769.71068147512,1105,127460,3
-97557.9761904761,1106,128153,5
-51307.26190476193,1107,128480,4
-93626.32259793945,1108,129685,3
-71111.4559541766,1109,130047,3
-77306.51695526676,1110,130573,3
-57411.689074704074,1111,131343,3
-75351.88714112468,1112,132320,4
-55161.66833166835,1113,132695,3
-103200.07409257413,1114,133356,4
-48346.684665094064,1115,133819,4
-90968.26298701312,1116,134369,4
-8445.476190476194,1117,134550,6
-94352.23349921488,1118,135438,4
-67768.80580612196,1119,136119,4
-26618.406991441545,1120,136455,3
-116181.91808535448,1121,137729,3
-65068.9467150496,1122,138386,4
-950.698963274435,1123,138530,4
-872.6190476190513,1124,138647,5
-111149.85934752395,1125,139424,5
-77627.03282828275,1126,139936,5
-31846.468253968265,1127,140062,3
-55812.11847451314,1128,140669,3
-61610.93725718726,1129,141013,3
-46297.103174603166,1130,141412,3
-83755.04280549193,1131,142352,3
-21281.099941724944,1132,142506,3
-83385.39708356654,1133,143197,5
-59371.756854256826,1134,143467,3
-76865.77380952387,1135,143879,5
-63068.67906860938,1136,144481,4
-44220.70701293028,1137,144953,3
-91244.37002392356,1138,146050,3
-18252.738095238095,1139,146191,4
-4588.634453781512,1140,146319,5
-31726.76282051284,1141,146559,5
-14484.343434343435,1142,146734,5
-89333.42852906982,1143,147772,3
-48592.18040959809,1144,148255,4
-51805.68598068599,1145,148498,3
-36391.295558630234,1146,148940,3
-136653.86027354977,1147,150087,4
-10943.707264957267,1148,150248,4
-34103.81743256743,1149,150479,3
-46975.977078477,1150,150895,5
-22728.346626283932,1151,151193,4
-26296.60839160841,1152,151437,3
-142619.99735945163,1153,152566,4
-2926.579851308113,1154,152697,5
-39635.50381920183,1155,153183,3
2657.153679653679,1156,153292,5
-48585.32203907197,1157,153660,5
-23549.880952380925,1158,153881,5
-63455.62697106812,1159,154456,4
-69187.26708082945,1160,155213,3
-20874.154169703725,1161,155450,3
-483.1073093573147,1162,155615,5
-57881.00288600292,1163,155985,5
2587.132034632033,1164,156087,5
-5749.895104895104,1165,156215,5
-27103.603503479622,1166,156518,3
-53314.046217538686,1167,157214,3
-17061.344211344218,1168,157389,5
-46993.31349206353,1169,157652,5
-13588.547563547563,1170,157781,3
8654.206349206348,1171,157844,5
-93920.0960110643,1172,158809,4
-119606.36080132695,1173,160172,4
-17176.593942132706,1174,160357,3
6894.381868131869,1175,160488,5
11839.22619047619,1176,160553,5
2908.273809523809,1177,160641,5
-16547.31877148475,1178,160913,4
-95538.37565212559,1179,161407,5
962.400793650793,1180,161492,5
-37278.55037119744,1181,161918,4
-47119.014748581336,1182,162392,5
-78521.99006402955,1183,163187,4
-22545.11904761905,1184,163443,5
2172.845210345211,1185,163542,5
-105759.55856439717,1186,164710,3
-59122.90959040959,1187,165069,4
-15737.670217209692,1188,165235,5
2824.3148518148537,1189,165337,5
3369.884559884559,1190,165428,5
-37933.33279778881,1191,165922,3
14216.594655344656,1192,165982,5
19815.595238095237,1193,166010,5
-18848.353096188504,1194,166366,4
-118309.21849693159,1195,167700,3
-3656.9805194805217,1196,167815,5
-34751.51641976498,1197,168193,3
-6970.282217782218,1198,168255,3
4421.405122655124,1199,168368,5
2510.0974863629713,1200,168458,4
14517.848124098125,1201,168527,5
19231.81096681097,1202,168578,5
6321.5632570044445,1203,168648,4
8013.450781244905,1204,168791,5
-28965.625901875897,1205,169070,5
22075.515873015873,1206,169097,5
31209.583333333336,1207,169137,6
-8813.256323140216,1208,169348,4
849.3993506493518,1209,169450,5
-142360.1879406482,1210,171283,5
-37106.77322677327,1211,171623,3
-28647.015322583673,1212,172120,4
-60967.7277424588,1213,172865,3
4452.5,1214,172987,5
-23010.102575771827,1215,173275,3
17661.118326118325,1216,173320,5
1949.6714044469422,1217,173423,4
21441.130952380947,1218,173439,5
-11628.496503496468,1219,173784,5
-19882.591806413373,1220,174351,5
16032.41217116217,1221,174420,5
13418.442264257481,1222,174534,5
17113.095238095237,1223,174575,5
-8860.598903160826,1224,174774,4
13854.70695970696,1225,174842,5
-73969.12313202069,1226,175824,3
14046.48809523809,1227,175871,5
6397.543706293704,1228,175930,4
10034.242954757656,1229,176034,5
18682.236652236654,1230,176067,5
32594.294871794882,1231,176098,6
16819.353726339035,1232,176198,5
-8579.03107182822,1233,176433,4
-16817.59867583392,1234,176879,5
1490.560797897756,1235,177008,4
5309.110447523492,1236,177097,4
-2138.9285714285716,1237,177107,3
-53491.15720451877,1238,177803,3
14014.748584748584,1239,177870,5
-1491.6788493733525,1240,178066,4
8315.956959706968,1241,178107,4
23088.603896103905,1242,178221,6
21850.075757575756,1243,178234,5
17452.97619047619,1244,178256,5
19725.595238095237,1245,178284,5
20988.284632034633,1246,178320,5
1551.576132201143,1247,178554,5
-51836.26357923842,1248,179315,4
-22211.73385438099,1249,179890,5
-24482.318383938768,1250,180196,3
7155.099789915968,1251,180241,4
-64375.88136663335,1252,180965,5
-16619.74043285579,1253,181439,5
-83261.92925385393,1254,182584,4
10853.730158730157,1255,182656,5
-40232.43625429399,1256,183273,4
7260.831741787622,1257,183324,4
24758.707747566434,1258,183456,6
22629.45507150229,1259,183473,5
17654.001831501835,1260,183495,5
7540.173992674003,1261,183550,4
-5054.771388741978,1262,183729,4
7172.246560628913,1263,183777,4
-8684.473484144371,1264,184026,4
11884.953171828178,1265,184144,5
14111.966228216224,1266,184262,5
-545.271327829364,1267,184460,4
31396.454378954375,1268,184501,6
24222.834249084248,1269,184620,6
-73665.16048322142,1270,185657,5
-102869.40927341343,1271,187043,4
46857.231240981244,1272,187135,8
21234.31474081474,1273,187170,5
-15086.89657204198,1274,187543,4
19859.14937186996,1275,187573,5
-105462.75460865226,1276,188615,3
-72852.95815295813,1277,188957,5
-30161.531279178347,1278,189286,3
14781.663059163051,1279,189344,5
20035.75216450217,1280,189378,5
21392.836330336333,1281,189428,5
21132.426739926737,1282,189451,5
20560.032255326376,1283,189491,5
-32160.070212295406,1284,189873,3
-6384.586940836934,1285,190030,5
-22493.52421320098,1286,190225,4
-7212.228188478177,1287,190528,5
-8614.49494949495,1288,190637,4
-45825.81349206352,1289,190979,5
-35381.86327561329,1290,191149,3
-28012.796525794496,1291,191572,4
5583.288933288934,1292,191689,5
-71817.54440430274,1293,192860,4
3751.8674441500425,1294,192982,4
28287.573260073266,1295,193026,6
-23547.17858251139,1296,193422,4
-25844.30290212024,1297,193757,5
-39803.48665223667,1298,194105,6
-35421.767676767675,1299,194323,3
9078.918858918863,1300,194489,6
-21122.760976983158,1301,194828,4
-1203.9285714285706,1302,194876,4
-55731.607142857145,1303,195209,5
-5365.560572277959,1304,195435,4
-40720.90328788856,1305,195797,5
-22075.746614496617,1306,196008,4
-26514.208291708295,1307,196248,5
-53818.80952380954,1308,196575,6
-55167.44110769128,1309,197409,4
-15925.005431659836,1310,197541,4
-52959.645354645334,1311,197905,6
-36435.16650016651,1312,198114,4
998.8619713619619,1313,198306,5
-10102.142857142855,1314,198363,3
-12824.961661145868,1315,198500,4
6823.205128205129,1316,198620,6
-54878.57198099096,1317,199369,3
-38074.31908090191,1318,199943,4
417.15909090909156,1319,200172,5
-17581.77323966023,1320,200520,4
21760.59523809524,1321,200530,5
52440.96611721611,1322,200748,9
23325.124099756453,1323,200778,5
22061.932862459176,1324,200795,5
17067.146917410075,1325,200857,5
4352.025099513485,1326,200953,4
22261.13816738817,1327,201003,5
20586.539264828738,1328,201023,5
27966.200466200466,1329,201127,6
32198.048340548343,1330,201163,6
25287.368381618377,1331,201305,6
19565.47619047619,1332,201317,5
20993.040154290153,1333,201355,5
-1537.3727661227672,1334,201514,4
21541.565656565654,1335,201533,5
-33294.09942654523,1336,202037,4
21862.735638114893,1337,202050,5
-2693.4523809523807,1338,202064,3
-52302.158965568844,1339,202914,4
21959.024327122155,1340,202931,5
18548.90873015873,1341,202982,5
18525.800310800314,1342,203023,5
12568.039738039737,1343,203166,5
-4591.666666666669,1344,203260,5
-1731.7857142857138,1345,203441,7
-15254.249916749919,1346,203521,3
-30701.2091503268,1347,203675,4
-79543.17345527057,1348,204840,6
19618.37912087912,1349,204880,5
-8226.72882672883,1350,204965,3
-14627.360494682496,1351,205112,3
22286.10902255639,1352,205134,5
26438.078471236382,1353,205259,6
22659.030208267828,1354,205721,8
33777.64400632048,1355,205775,6
16977.619047619046,1356,205799,5
-11389.15951695363,1357,205906,3
-74227.14023995951,1358,206870,3
21173.273809523813,1359,206900,5
9476.798871063582,1360,206930,4
16574.106587856593,1361,207048,5
19588.715601778687,1362,207107,5
42433.826447245556,1363,207163,7
20851.483516483517,1364,207184,5
-11280.833474731891,1365,207711,5
-2858.881212956296,1366,208158,6
-13390.074033499295,1367,208543,4
65230.38059163059,1368,208638,10
65417.22920053802,1369,208950,11
20272.559037110124,1370,209011,5
-50327.99424839865,1371,209715,4
31027.842296592295,1372,209759,6
43099.082306582306,1373,209814,7
-5248.518148518149,1374,209867,3
2258.4884559884536,1375,209972,4
20119.313186813182,1376,209996,5
-15669.03685586373,1377,210168,3
22440.389610389608,1378,210184,5
6189.074952824952,1379,210252,4
27186.31673881674,1380,210302,6
17721.31784881785,1381,210380,5
16077.380952380947,1382,210433,5
27691.575395708518,1383,210479,6
-21542.788806255372,1384,210762,3
15289.856442577031,1385,210811,5
15519.52380952381,1386,210851,5
21566.599130144,1387,211145,7
41191.806722689085,1388,211198,7
30912.09554334554,1389,211252,6
26172.561466311465,1390,211328,6
20242.14285714286,1391,211353,5
-68129.6743271648,1392,212311,4
18468.2194847636,1393,212345,5
-27096.61538068196,1394,212899,4
16920.105756816283,1395,213001,5
20315.266955266958,1396,213035,5
7068.699905400755,1397,213092,4
-4416.578269231554,1398,213303,4
18600.441176470587,1399,213327,5
21125.46393557423,1400,213354,5
5417.368557654944,1401,213635,5
2671.0106207861395,1402,213790,4
6347.692822743141,1403,213882,4
28022.52819548872,1404,213932,6
37627.00268277475,1405,214035,7
29234.62620712621,1406,214071,6
21751.41414141414,1407,214097,5
-2543.75,1408,214114,3
-3510.196078431373,1409,214143,3
31055.58621933623,1410,214182,6
-6119.915231826998,1411,214234,3
11390.225563909777,1412,214253,4
-2909.5837019018136,1413,214269,3
22785.964105339106,1414,214296,5
2794.512203482789,1415,214388,4
19296.056998556993,1416,214463,5
6426.022408963591,1417,214532,4
3252.325313575296,1418,214652,4
-52988.87636690814,1419,215461,4
35028.91386584692,1420,215599,7
21013.575298540465,1421,215619,5
19041.512485099443,1422,215686,5
29202.59920634921,1423,215710,6
40677.08333333334,1424,215766,7
-13490.664863387385,1425,216058,4
3430.8228920837582,1426,216180,4
18075.69264069264,1427,216235,5
-62109.416492314514,1428,217338,4
42239.11061161061,1429,217388,7
-2826.25036856848,1430,217405,3
8597.777777777777,1431,217452,4
3192.701465201468,1432,217559,4
7563.167016806732,1433,217616,4
21166.25457875458,1434,217632,5
55466.86396936397,1435,217691,8
4776.667707292709,1436,217744,4
-6627.454951094655,1437,218037,4
7790.752801120443,1438,218070,4
5842.361804861805,1439,218116,4
-26265.574166426006,1440,218464,3
75761.40584303896,1441,218564,10
42881.14461110785,1442,218627,7
20765.42679542679,1443,218662,5
-13955.462640633323,1444,218988,4
19309.2673992674,1445,219019,5
18282.25614663113,1446,219091,5
7840.964276633611,1447,219145,4
5703.211827517169,1448,219362,5
20998.708791208788,1449,219373,5
22027.98774754657,1450,219419,5
19890.833333333332,1451,219435,5
-11740.449784754055,1452,219804,4
22428.44992382918,1453,219819,5
51462.81010656009,1454,219920,8
23321.13095238095,1455,219946,5
22406.302521008405,1456,219975,5
2503.3494558417005,1457,220119,4
19973.228854478853,1458,220154,5
42271.61642622945,1459,220281,7
31899.553571428572,1460,220321,6
-10077.085860261177,1461,220729,5
28511.976773226776,1462,220812,6
19157.639872205087,1463,220872,5
21010.36435786436,1464,220914,5
20423.065476190473,1465,220938,5
22031.76470588235,1466,220953,5
5940.817515817519,1467,221128,5
17287.85159285159,1468,221181,5
-18854.188149311994,1469,221503,4
19755.33834586466,1470,221533,5
20595.714285714286,1471,221548,5
39960.69985569986,1472,221615,7
20439.032217782216,1473,221661,5
61679.63564213564,1474,221727,9
21016.479468244175,1475,221781,5
21368.63826232247,1476,221796,5
21233.174050321883,1477,221820,5
19663.357267732266,1478,221900,6
20126.32274180068,1479,221972,5
16910.294427794426,1480,222042,5
16266.091269841274,1481,222088,5
18504.047006914658,1482,222148,5
-7932.030093222302,1483,222433,4
-1071.111111111111,1484,222448,3
812.5707013574611,1485,222582,4
19197.389306599835,1486,222611,5
32191.03896103896,1487,222655,6
22092.510683760684,1488,222682,5
2840.7433914554686,1489,222787,4
19979.712578013663,1490,222819,5
22233.58193277311,1491,222839,5
20488.982683982682,1492,222864,5
49378.51190476191,1493,222943,8
18998.511904761905,1494,222964,5
16612.64652014652,1495,223009,5
-14307.675070028012,1496,223153,3
42482.404401154396,1497,223220,7
-54797.19638462655,1498,223817,3
10258.91106442577,1499,223839,4
20494.303751803753,1500,223862,5
21877.49042624042,1501,223912,5
8174.77216623956,1502,223952,4
9223.545270089398,1503,224004,4
31698.475882777355,1504,224052,6
-600.5411255411254,1505,224067,3
7216.872020738121,1506,224125,4
14131.607142857141,1507,224179,5
1277.685023804964,1508,224278,4
18820.62715062715,1509,224310,5
22321.587301587304,1510,224331,5
10969.612193362193,1511,224351,4
48218.31862581861,1512,224453,8
20490.55555555555,1513,224472,5
18942.613636363632,1514,224502,5
64856.86077811077,1515,224576,9
18796.774227234757,1516,224606,5
18048.679531253067,1517,224682,5
22034.61727041449,1518,224717,5
33013.78552606813,1519,224745,6
9350.763888888903,1520,224788,4
17749.52380952381,1521,224821,5
19313.195276945273,1522,224866,5
19315.334697981754,1523,224926,5
3590.6030020703893,1524,225045,4
30178.134920634926,1525,225090,6
21664.678675083083,1526,225140,5
18302.97619047619,1527,225164,5
19594.717296592302,1528,225214,5
17732.756826506826,1529,225288,5
19218.819652569655,1530,225329,5
5973.305554095032,1531,225426,4
29447.72186147187,1532,225498,6
28174.046647796637,1533,225566,6
46045.595238095244,1534,225654,8
20131.753136569314,1535,225739,5
20926.223776223775,1536,225778,5
42447.56493506492,1537,225822,7
21611.004689754693,1538,225845,5
21637.92663476874,1539,225880,5
23448.488162164635,1540,225918,5
21003.125901875905,1541,225943,5
3245.6712353114176,1542,226064,4
15684.87096237096,1543,226124,5
9597.901542901544,1544,226151,4
21488.771367521367,1545,226198,5
41732.68259518259,1546,226267,7
38333.47338935574,1547,226329,7
43598.991797676026,1548,226370,7
16980.460927960925,1549,226400,5
22561.33907758908,1550,226432,5
22144.373433583958,1551,226448,5
-2742.870578853549,1552,226632,4
21892.353479853482,1553,226653,5
18418.900750092707,1554,226867,6
32348.30313992853,1555,226918,6
49472.327117327135,1556,227006,8
23458.27941923917,1557,227067,5
19703.057706182713,1558,227305,8
27240.600649350643,1559,227391,6
3144.40273477812,1560,227502,4
46328.093989343986,1561,227666,9
6298.900375939849,1562,227750,5
20094.60915718269,1563,227837,5
9327.792704371654,1564,227904,4
16591.42857142857,1565,227941,5
19430.486387537476,1566,227963,5
-23992.914316076065,1567,228281,6
10645.877733377736,1568,228405,6
-1637.163208523502,1569,228436,3
15773.391608391612,1570,228494,5
23381.061854811855,1571,228634,7
-5602.6550609842425,1572,228796,4
7714.623094297006,1573,228925,6
17977.386363636368,1574,228968,5
13477.40329115329,1575,229024,5
17738.333333333336,1576,229058,5
17703.194444444445,1577,229155,6
4726.917894197307,1578,229210,4
27018.241896991898,1579,229292,6
22723.19715007215,1580,229319,5
6632.438725490196,1581,229396,5
-23417.177544677546,1582,229491,3
11363.288239538242,1583,229608,6
10254.99888999889,1584,229645,4
-38866.02543290044,1585,229853,5
578.1005823381984,1586,229910,4
15457.191003441003,1587,229973,5
23686.468253968258,1588,230051,6
-8682.941760037349,1589,230165,5
9101.968864468867,1590,230222,5
13627.83416875522,1591,230265,5
17755.72741800683,1592,230325,5
18872.153483771133,1593,230384,5
20386.99754901961,1594,230416,5
14934.59425236599,1595,230541,6
7416.2313002110595,1596,230869,6
15080.524656502916,1597,230929,5
-5098.351603461898,1598,231128,6
-5440.773809523808,1599,231208,4
6967.646936396935,1600,231316,5
16649.24603174603,1601,231362,5
10728.589988442931,1602,231442,5
11959.545290450864,1603,231601,7
5745.813492063491,1604,231680,5
15680.565476190477,1605,231720,5
-4906.803459268637,1606,231918,5
-8961.708430458431,1607,232083,5
11535.61507936508,1608,232128,5
5796.1805555555575,1609,232167,4
5609.200974249348,1610,232224,4
-13015.31181086714,1611,232437,6
12265.77380952381,1612,232505,5
9340.813777940326,1613,232547,4
25624.22619047619,1614,232623,6
31156.612554112555,1615,232678,6
22806.049130178384,1616,232709,5
35151.845238095244,1617,232733,6
19460.566378066378,1618,232764,5
20429.49855699856,1619,232803,5
55530.690420690415,1620,232874,8
22842.33766233766,1621,232903,5
-19225.611106934986,1622,233324,4
29046.904761904767,1623,233361,6
20685.119047619046,1624,233378,5
52731.567460317456,1625,233436,8
43350.92276144907,1626,233496,7
17907.134846362776,1627,233574,5
21291.029411764706,1628,233595,5
26466.230158730155,1629,233657,6
9097.401837928153,1630,233719,5
7505.592818129582,1631,233845,5
13060.357142857141,1632,233912,5
14962.05100455101,1633,233964,5
9634.75024975025,1634,234044,5
13150.500508478448,1635,234115,5
25417.77639027639,1636,234217,6
30799.388846447677,1637,234255,6
17059.822677322678,1638,234315,5
21457.018398268403,1639,234353,5
28666.204836829842,1640,234482,8
6436.0588023088,1641,234569,5
18362.23748473748,1642,234613,5
-3544.1199078699024,1643,234792,6
-8039.40476190476,1644,234928,5
10845.16279772858,1645,234965,4
14630.999355391768,1646,235085,6
39407.62249231676,1647,235167,7
-4202.278277278281,1648,235292,5
7525.864661654125,1649,235351,4
19853.62098427888,1650,235385,5
20210.0,1651,235389,5
-7265.345071595073,1652,235534,5
15078.580863580863,1653,235591,5
16707.852768146888,1654,235652,5
27741.25721500722,1655,235732,6
8564.999999999996,1656,235810,5
14514.985292485293,1657,235875,5
-17494.67796092796,1658,236082,5
-2844.147731353617,1659,236234,5
32370.46092796092,1660,236308,7
-2980.965956558061,1661,236412,5
30509.6972570773,1662,236524,6
12185.420843776106,1663,236631,6
30200.54126429127,1664,236718,6
22106.528956080045,1665,236747,5
-3910.6166864779266,1666,236891,5
14134.975531004942,1667,236967,5
11471.513347763348,1668,237097,6
13630.901332798458,1669,237205,5
14643.243257645347,1670,237279,5
19316.666666666664,1671,237299,5
9609.853341103342,1672,237332,4
27766.822344322343,1673,237376,6
-1296.262626262626,1674,237394,3
2261.250000000001,1675,237482,5
-12792.539682539691,1676,237646,5
13144.368756243755,1677,237715,5
-22820.111832611838,1678,237927,5
8378.213495740587,1679,238078,6
-142.02380952380798,1680,238186,5
12148.85642135642,1681,238259,5
19534.880952380954,1682,238328,6
16977.189754689756,1683,238397,5
24479.08855033855,1684,238493,6
-6224.386724386719,1685,238606,5
45933.29723574499,1686,238751,8
9781.607142857141,1687,238883,6
10512.08333333334,1688,238998,6
29258.174603174608,1689,239133,8
12001.031746031747,1690,239202,5
16742.808857808854,1691,239263,5
19679.047619047622,1692,239347,6
10113.214285714288,1693,239411,5
21699.112692862695,1694,239502,6
28416.365440115445,1695,239572,6
17984.223627249943,1696,239605,5
27382.89141414141,1697,239651,6
15653.429625929624,1698,239717,5
28948.47763347763,1699,239765,6
27381.687993379175,1700,239933,8
-56845.000000000015,1701,240282,5
-27757.90043290042,1702,240525,5
-3733.1143856143867,1703,240633,5
6363.67784992785,1704,240727,5
-30141.724664224686,1705,240922,5
9606.44064269064,1706,241008,5
4145.910894660896,1707,241083,5
7576.274509803922,1708,241154,5
17044.575038499293,1709,241302,6
6325.238095238092,1710,241366,5
26048.229515582458,1711,241456,6
19335.359501609502,1712,241525,5
21629.07445956999,1713,241567,5
12607.316376434022,1714,241657,5
7215.85080811861,1715,241755,5
21612.789775583893,1716,241869,6
22020.391552891553,1717,241900,5
18170.165945165943,1718,241936,5
17054.876026321454,1719,242009,5
40025.52059052059,1720,242064,7
22655.033577533573,1721,242094,5
22688.060354677997,1722,242188,6
32605.912139331253,1723,242231,6
19660.833333333332,1724,242255,5
12911.139886730052,1725,242348,5
31922.19299491357,1726,242443,6
4821.091269841272,1727,242540,5
15031.904761904763,1728,242577,5
12381.518525763882,1729,242663,5
-3444.3668831168816,1730,242832,6
11569.783549783553,1731,242909,5
11321.884226884227,1732,242989,5
8492.267084704827,1733,243105,5
6287.423687423685,1734,243189,5
18784.844477418017,1735,243270,5
6655.007631257631,1736,243357,5
28938.068181818184,1737,243416,6
8620.132645132653,1738,243510,5
985.9920634920643,1739,243607,5
27226.937090687094,1740,243685,6
27504.920496170496,1741,243768,6
7186.746031746032,1742,243807,4
15970.545288045294,1743,243855,5
-9083.690476190479,1744,243983,5
25181.91627408539,1745,244053,6
638.240910920867,1746,244176,5
11390.17316017316,1747,244196,4
22610.072150072145,1748,244282,6
6584.11796536797,1749,244367,5
10196.488095238092,1750,244442,5
26429.913795354973,1751,244577,7
21322.960234210233,1752,244668,6
21821.775911286783,1753,244693,5
9195.323842823846,1754,244834,6
12216.01513252829,1755,244848,4
20595.252525252523,1756,244874,5
21246.710405177902,1757,244934,5
21900.992063492064,1758,244955,5
54762.723110223116,1759,245031,8
27270.833333333332,1760,245067,6
19573.842268842265,1761,245106,5
32348.335137085145,1762,245158,6
9020.505744255745,1763,245246,5
-428.15426639923544,1764,245390,5
11950.911033411036,1765,245454,5
25075.707907933138,1766,245512,5
38657.438672438664,1767,245621,7
-5982.474937343359,1768,245738,5
12685.298035298036,1769,245806,5
622.5357773461492,1770,245946,5
15965.625901875897,1771,246061,6
6420.328282828285,1772,246207,6
-285.45412920413185,1773,246325,5
16021.70454545454,1774,246447,6
9179.876789876793,1775,246551,5
5461.596831960611,1776,246633,5
-658.4343434343398,1777,246741,5
7729.613997114,1778,246877,6
12145.001526251528,1779,246942,5
12958.709015246655,1780,247065,6
23522.9329004329,1781,247092,5
1082.162698412696,1782,247239,6
10329.6626984127,1783,247297,5
19146.629204129204,1784,247433,7
43601.84634809634,1785,247503,7
-5418.207070707071,1786,247625,5
4687.230685980684,1787,247722,5
12077.783744033746,1788,247789,5
30103.91414141415,1789,247838,6
14797.371794871793,1790,247952,6
27198.71961371961,1791,248013,6
17259.57403707404,1792,248119,6
11541.778792028404,1793,248281,6
16784.549617049615,1794,248335,5
19818.51501439737,1795,248398,5
44329.160764416185,1796,248481,7
26349.087320407933,1797,248589,6
8122.182539682537,1798,248720,6
15665.99733599733,1799,248791,5
-476.62198912198915,1800,248811,3
17908.945439067604,1801,248948,6
12223.436867569993,1802,249035,5
52466.83641672227,1803,249123,8
15025.695802735278,1804,249231,6
13998.838661338661,1805,249292,5
15267.740592740593,1806,249358,5
19125.45246420247,1807,249426,5
17525.072150072156,1808,249463,5
21434.088411588415,1809,249570,6
26055.673215673218,1810,249717,7
23318.376623376626,1811,249782,6
12869.01334776335,1812,249846,5
10043.86904761905,1813,249919,5
1096.398809523811,1814,250010,5
32398.394660894657,1815,250061,6
41224.657287157286,1816,250132,7
20243.605619741462,1817,250188,5
16823.92857142857,1818,250230,5
2455.423326673325,1819,250344,5
-2155.6769619269626,1820,250535,6
23267.30030590325,1821,250574,5
45364.68073593075,1822,250624,7
59766.80200260696,1823,250710,8
24611.80231533173,1824,250746,5
47355.03343062166,1825,250819,7
90917.43669320874,1826,250895,11
12834.385487878135,1827,250917,4
70083.70284118298,1828,251005,9
94622.36606450412,1829,251120,11
22759.801587301587,1830,251141,5
48616.64994727495,1831,251205,7
22527.851870351875,1832,251241,5
21424.291067960465,1833,251299,5
20836.04166666667,1834,251313,5
22128.579038995063,1835,251360,5
39659.166666666664,1836,251416,7
9920.15873015873,1837,251544,6
2840.4005022755036,1838,251645,5
13079.392135642138,1839,251756,6
27197.594084836728,1840,251826,6
30076.792651792646,1841,251895,6
20283.433282403876,1842,251931,5
22273.27380952381,1843,251950,5
19864.274891774887,1844,252035,6
120619.63127150628,1845,252181,14
30905.626750700278,1846,252222,6
41201.90531690532,1847,252289,7
31232.440476190477,1848,252338,6
32559.72222222222,1849,252386,6
24619.658956239837,1850,252438,5
53731.90476190477,1851,252518,8
54562.77736152736,1852,252615,8
33890.92352092352,1853,252644,6
20919.386724386724,1854,252665,5
19663.561438561443,1855,252701,5
22909.505923134915,1856,252760,5
55562.17791582345,1857,252841,8
54952.794566544566,1858,252903,8
56594.41197691198,1859,252945,8
28552.196969696968,1860,253003,6
23706.90885911474,1861,253041,5
45788.10711626694,1862,253139,7
36558.012281197065,1863,253234,7
21638.214285714286,1864,253245,5
17311.805555555555,1865,253291,5
92366.98634140196,1866,253433,11
67936.92418692418,1867,253525,9
133418.04425225657,1868,253709,14
21450.10101010101,1869,253744,5
20967.045870795875,1870,253785,5
22543.334304584307,1871,253827,5
34370.67821067822,1872,253859,6
19463.209706959708,1873,253888,5
22222.762515262515,1874,253911,5
15278.343878343878,1875,253953,5
32664.332611832608,1876,253989,6
44710.55670593595,1877,254034,7
73793.85800065949,1878,254122,9
48724.05108221672,1879,254182,7
57331.76406926406,1880,254234,8
20739.249084249088,1881,254250,5
85027.77732415503,1882,254335,10
22166.403318903318,1883,254352,5
49230.34645909646,1884,254409,7
35523.56032856033,1885,254448,6
46201.46006771006,1886,254471,7
23095.40528915529,1887,254495,5
24813.144469909173,1888,254523,5
114710.50817646403,1889,254641,13
21682.801226551226,1890,254659,5
22998.10675435675,1891,254690,5
24510.442474192474,1892,254711,5
22880.0,1893,254733,5
23137.120657120657,1894,254756,5
21496.251803751802,1895,254785,5
22172.142857142855,1896,254809,5
22653.42352092352,1897,254834,5
21647.9541373659,1898,254858,5
18029.53595016095,1899,254911,5
18809.602130325817,1900,254934,5
22307.757936507933,1901,254959,5
36541.312992562984,1902,254999,6
34177.64749139749,1903,255042,6
32134.624264624268,1904,255091,6
20218.03613053613,1905,255119,5
23582.380952380954,1906,255150,5
19896.029411764706,1907,255174,5
24909.227294892928,1908,255215,5
12882.099428349431,1909,255282,5
23926.66638916639,1910,255306,5
31937.02922077922,1911,255344,6
34568.892276024635,1912,255393,6
24107.02681713711,1913,255426,5
44149.37479187479,1914,255499,7
22733.107864357866,1915,255523,5
22864.960317460318,1916,255551,5
22222.52705627706,1917,255583,5
32245.039682539682,1918,255616,6
20192.142857142855,1919,255639,5
23664.67942596619,1920,255667,5
20306.449579831937,1921,255693,5
18493.855033855034,1922,255749,5
32060.280136530135,1923,255792,6
19405.304834054838,1924,255839,5
21814.224386724385,1925,255872,5
17835.47502334267,1926,255901,5
19844.895937395937,1927,255941,5
29227.67857142857,1928,255966,6
23131.315090138618,1929,256004,5
23387.40505001534,1930,256049,5
3316.834323012732,1931,256123,4
31181.34143634144,1932,256183,6
15189.58028083028,1933,256237,5
20541.448412698413,1934,256259,5
19016.560245310244,1935,256297,5
20358.214285714286,1936,256321,5
20570.963534015,1937,256361,5
9414.983627483634,1938,256447,5
19843.73015873016,1939,256479,5
22678.7324929972,1940,256495,5
19914.550865800866,1941,256548,5
-1240.0044400044426,1942,256632,4
20606.54761904762,1943,256648,5
20477.195304695306,1944,256682,5
21533.214285714286,1945,256701,5
21391.39946310999,1946,256727,5
21696.414973914976,1947,256767,5
5931.428571428571,1948,256804,4
18092.053571428572,1949,256831,5
66591.74533799534,1950,256924,9
20251.845238095237,1951,256949,5
23677.409975738654,1952,257004,5
21235.535714285714,1953,257030,5
22901.428848928852,1954,257062,5
21681.398666692785,1955,257096,5
18871.164807414807,1956,257137,5
21895.10084278466,1957,257176,5
21932.258297258297,1958,257213,5
19871.298146298148,1959,257254,5
21145.238095238095,1960,257274,5
20138.0815018315,1961,257299,5
19781.35162223397,1962,257347,5
20065.0,1963,257373,5
21403.630952380954,1964,257391,5
34002.6443001443,1965,257430,6
20976.391525141524,1966,257474,5
21841.862165612165,1967,257496,5
21487.70287461077,1968,257528,5
20763.74805749806,1969,257555,5
23703.26554315138,1970,257593,5
48520.5284992785,1971,257634,7
-20329.415584415583,1972,257718,3
34720.10225477137,1973,257765,6
23340.87801087801,1974,257790,5
22696.420662670665,1975,257819,5
21727.916666666668,1976,257831,5
23127.8373015873,1977,257859,5
36141.24240547035,1978,257913,6
43910.67307692308,1979,257940,7
45116.40703616128,1980,257993,7
20061.97263993317,1981,258023,5
18657.65873015873,1982,258046,5
22886.714396714397,1983,258084,5
24115.88370435894,1984,258119,5
47991.938332163714,1985,258197,7
46407.18434343434,1986,258237,7
19772.321428571428,1987,258256,5
41119.40476190476,1988,258305,7
-8638.279220779223,1989,258399,4
20610.833333333336,1990,258411,5
19781.666666666664,1991,258428,5
20607.5937950938,1992,258460,5
24300.680766816604,1993,258497,5
20916.190476190477,1994,258510,5
783.4920634920663,1995,258565,4
20670.97402597403,1996,258591,5
18298.746392496392,1997,258632,5
20830.67973692974,1998,258665,5
23516.422327672324,1999,258699,5
22346.607142857145,2000,258727,5
32228.59126984127,2001,258783,6
19718.27380952381,2002,258802,5
46098.14831002331,2003,258854,7
22730.790594209706,2004,258897,5
22045.128205128203,2005,258912,5
15093.914696414698,2006,258983,5
33064.22868797868,2007,259032,6
35948.02595087232,2008,259086,6
22201.24458874459,2009,259120,5
19027.25203159414,2010,259143,5
20812.13716838717,2011,259173,5
20720.515873015873,2012,259200,5
21402.30158730159,2013,259223,5
31938.603896103894,2014,259271,6
20053.47402597403,2015,259292,5
22370.64463314463,2016,259326,5
15999.989981423803,2017,259408,5
33689.920634920636,2018,259434,6
24436.132248653514,2019,259477,5
23047.02275064117,2020,259506,5
15562.5,2021,259547,5
21796.517857142862,2022,259570,5
20989.42723942724,2023,259598,5
20473.45238095238,2024,259617,5
24003.14521456356,2025,259652,5
32078.20165945166,2026,259699,6
34421.14968364969,2027,259729,6
23586.606048143014,2028,259786,5
21559.999861249853,2029,259827,5
21580.089285714286,2030,259846,5
18515.15873015873,2031,259868,5
41797.28604728606,2032,259915,7
31349.761904761905,2033,259938,6
19727.500000000004,2034,259957,5
42254.84723609724,2035,260003,7
15655.676545676548,2036,260056,5
30448.73015873016,2037,260104,6
30548.392857142862,2038,260142,6
20226.02688977689,2039,260182,5
-1454.4444444444443,2040,260200,3
8972.933316683315,2041,260313,6
13204.473304473306,2042,260373,5
20150.833333333336,2043,260386,5
21884.482670107667,2044,260428,5
12494.1563991564,2045,260466,4
22121.29523254523,2046,260510,5
21305.44934640523,2047,260543,5
1204.7385335252966,2048,260622,4
8763.823676323678,2049,260646,4
6523.006993006993,2050,260675,4
22212.854029140795,2051,260714,5
22861.95290820291,2052,260744,5
17765.833333333336,2053,260761,5
21424.778138528138,2054,260779,5
18674.166666666668,2055,260807,5
20820.12085137085,2056,260843,5
30020.212842712845,2057,260935,7
20639.455266955265,2058,260979,5
21232.03643578644,2059,261009,5
23403.95063270063,2060,261031,5
72.57215007214995,2061,261044,3
22174.74025974026,2062,261061,5
19351.11111111111,2063,261083,5
20709.21509046509,2064,261124,5
1489.1663891663898,2065,261140,3
48658.08982683982,2066,261203,7
13795.0,2067,261247,5
34293.33583083583,2068,261293,6
22636.923076923074,2069,261343,5
20278.76123876124,2070,261374,5
31664.988622488625,2071,261415,6
2338.149350649348,2072,261460,4
20265.83152958153,2073,261487,5
18715.714285714286,2074,261510,5
22144.047619047622,2075,261523,5
17967.198438816085,2076,261559,5
21723.928571428572,2077,261586,5
23298.29462204462,2078,261618,5
24337.59988656854,2079,261674,5
24377.58557232242,2080,261716,5
22566.071428571428,2081,261737,5
24567.715287163817,2082,261771,5
19786.675824175825,2083,261789,5
-8758.08802308802,2084,261890,4
20426.594932844935,2085,261912,5
19946.60714285714,2086,261944,5
19852.97619047619,2087,261963,5
22506.17715617716,2088,262005,5
21659.40947940948,2089,262035,5
6616.97662889226,2090,262101,4
21489.568903318905,2091,262129,5
-1037.342379842381,2092,262217,4
-4214.285714285715,2093,262240,3
18166.733405483406,2094,262288,5
12533.246753246753,2095,262362,5
17439.22619047619,2096,262391,5
22821.996230893288,2097,262433,5
20552.200748597807,2098,262462,5
-6926.111111111111,2099,262500,3
32781.84634251196,2100,262567,6
5937.97084859585,2101,262619,4
-4484.754689754691,2102,262711,4
19553.650793650795,2103,262751,5
20658.37710857254,2104,262788,5
43840.963342213356,2105,262824,7
20584.58794602371,2106,262883,5
19400.111456176674,2107,262918,5
24469.759823509823,2108,262959,5
43981.818181818184,2109,263018,7
17186.269384210555,2110,263060,5
22143.317099567103,2111,263107,5
22061.180833055834,2112,263142,5
20652.11940836941,2113,263168,5
33091.955960705964,2114,263229,6
19552.131479631484,2115,263279,5
69080.36290055834,2116,263368,9
26939.7163947164,2117,263404,6
41695.48687423688,2118,263467,7
24773.715049056696,2119,263510,5
66839.7027972028,2120,263572,9
24201.03266168181,2121,263620,5
21542.380952380954,2122,263645,5
36049.833638583645,2123,263683,6
33262.30380730381,2124,263733,6
64321.142305407004,2125,263819,9
32499.29181929183,2126,263876,6
31068.464262131052,2127,263967,6
52348.23162948163,2128,264026,8
24433.031923142218,2129,264080,5
20671.607142857145,2130,264104,5
45034.415584415576,2131,264177,7
22499.777444777443,2132,264266,6
99749.99326395997,2133,264397,12
11605.60064935065,2134,264423,4
33349.16111666112,2135,264488,6
21273.0815018315,2136,264516,5
28150.709290709292,2137,264583,6
42680.77257842216,2138,264654,7
18898.333333333332,2139,264667,5
32189.39421689422,2140,264706,6
-1871.8181818181818,2141,264727,3
23409.590687090687,2142,264777,5
19245.833333333332,2143,264795,5
56883.285187035195,2144,264859,8
17176.435786435788,2145,264921,5
43348.26659451659,2146,264967,7
33370.624547451174,2147,265012,6
41108.571428571435,2148,265096,7
97247.53968253967,2149,265229,13
59313.18362193364,2150,265340,9
-26807.618200083372,2151,265620,5
-3882.4999999999995,2152,265645,3
1503.319327731094,2153,265742,5
24639.368131868134,2154,265801,6
6779.4047619047615,2155,265888,5
15758.079449145624,2156,265953,5
21462.801226551226,2157,265978,5
44164.791736041734,2158,266031,7
20166.91197691198,2159,266057,5
43008.81768128672,2160,266141,7
21699.88310300811,2161,266191,5
15995.72510822511,2162,266236,5
-5467.142857142857,2163,266263,3
-17188.404748845925,2164,266386,4
-1773.306277056277,2165,266485,5
-17067.81908373518,2166,266671,5
1828.3333333333376,2167,266758,5
20804.316378066378,2168,266788,5
33278.90336787395,2169,266840,6
21004.006132756134,2170,266873,5
42069.041791541786,2171,266926,7
21963.827561327562,2172,266940,5
27279.582639582637,2173,266996,6
-10894.072871572871,2174,267047,3
-6651.017316017318,2175,267136,4
-16442.395382395385,2176,267261,4
3739.8214285714266,2177,267309,4
-4625.952380952382,2178,267331,3
-14107.142857142857,2179,267397,3
-3707.683982683983,2180,267420,3
-11986.594516594516,2181,267471,3
-5447.738095238095,2182,267498,3
-31413.363303363298,2183,267752,5
-13168.788850038856,2184,267933,5
-3177.083333333333,2185,267949,3
63.27380952380997,2186,268051,5
2364.7222222222226,2187,268096,4
-4540.495060495061,2188,268126,3
-20230.826118326124,2189,268307,5
-16058.293650793656,2190,268483,5
-26695.94946719947,2191,268718,5
16932.236513486514,2192,268832,6
-989.940476190475,2193,268957,5
28954.49342324342,2194,269012,6
26871.578282828286,2195,269069,6
34922.8547228915,2196,269131,6
32985.7024189261,2197,269170,6
23761.39055861579,2198,269215,5
17919.696969696968,2199,269228,5
44647.30004515609,2200,269276,7
-18497.17607963933,2201,269478,5
1035.297619047618,2202,269590,5
-1216.3167388167385,2203,269609,3
-6095.761599511601,2204,269770,5
-8328.047161172162,2205,269814,3
6285.590677139673,2206,269916,5
21138.72655122655,2207,269952,5
35266.28741239952,2208,270041,6
6225.833333333333,2209,270067,4
-7001.209346209351,2210,270138,4
-8101.280743894909,2211,270290,5
-36060.52419802423,2212,270541,5
7404.999999999998,2213,270655,6
10765.872931463102,2214,270814,6
-7867.212672947965,2215,270915,4
-20752.82515572999,2216,271058,4
-3296.5656565656564,2217,271083,3
-90553.97713397724,2218,271575,5
-19698.755411255413,2219,271658,3
2413.59348984349,2220,271715,4
-1372.0238095238096,2221,271815,5
-38548.44717782218,2222,272112,5
-10293.333333333334,2223,272167,3
1261.9047619047597,2224,272257,5
19576.25631796861,2225,272316,5
-30287.777777777766,2226,272432,3
-2501.48767898768,2227,272460,3
-10687.612040737045,2228,272637,5
-20081.507936507936,2229,272723,3
-39905.996401534125,2230,273036,5
-34694.16666666664,2231,273267,5
2341.781760765896,2232,273384,5
-13771.11111111111,2233,273440,3
18092.22222222222,2234,273473,5
-13186.146076146075,2235,273585,4
-53122.61904761905,2236,273907,5
-20427.518650258007,2237,274112,5
3211.944444444445,2238,274163,4
-4482.683982683982,2239,274194,3
-31467.400793650788,2240,274419,5
9121.904761904761,2241,274483,5
-27638.34776334777,2242,274682,5
-3186.0119047619046,2243,274699,3
-12553.035714285714,2244,274753,3
3169.4871794871783,2245,274837,5
-3609.843073593075,2246,274954,5
10238.381292620423,2247,275029,5
-9984.199134199134,2248,275077,3
-96371.66444666462,2249,275664,5
-50087.66885891884,2250,275983,5
-16138.015873015873,2251,276176,5
-1467.1897546897549,2252,276192,3
10009.305555555557,2253,276247,5
5459.469419469423,2254,276316,5
-16384.285714285714,2255,276397,3
-43568.86904761907,2256,276586,3
-30622.683982683982,2257,276803,5
-35209.73665223664,2258,277017,4
-14832.711123085195,2259,277223,6
-24296.516955266972,2260,277457,5
-3213.936618936619,2261,277485,3
-4127.373737373737,2262,277511,3
11721.393771347331,2263,277591,5
-9750.654761904763,2264,277736,5
-33945.70887445887,2265,277961,4
-26460.83874458873,2266,278218,5
-33312.38095238095,2267,278446,5
19947.1626984127,2268,278469,5
8236.25,2269,278539,5
-1492.299367299367,2270,278557,3
-527.7669552669578,2271,278709,6
15850.740472762533,2272,278796,6
15446.953463203461,2273,278852,5
2171.547619047618,2274,278896,4
10592.24913974914,2275,278976,5
-16074.285714285714,2276,279038,3
-60895.060956200665,2277,279382,5
-340.17857142856883,2278,279497,5
-16805.674603174622,2279,279685,5
-12449.70598845599,2280,279737,3
-6717.261904761905,2281,279769,3
-26960.1431914319,2282,279938,4
-80376.09126984127,2283,280349,5
4557.777777777777,2284,280394,4
-29366.646825396838,2285,280607,5
-2687.8760128760136,2286,280633,3
4108.392857142851,2287,280719,5
18957.405156762747,2288,280776,5
19471.684704184707,2289,280810,5
-96135.6252081254,2290,281288,5
11377.142857142857,2291,281352,5
-14917.142857142857,2292,281419,3
6457.142857142858,2293,281498,5
-16276.265284423172,2294,281671,5
-26493.207070707067,2295,281840,4
-8576.507936507936,2296,281885,3
-32540.131673881657,2297,282109,5
-46732.02380952382,2298,282322,3
-19958.169816294812,2299,282524,5
2077.619047619048,2300,282577,4
-32711.66666666668,2301,282853,5
-7617.559523809524,2302,282888,3
-2754.9278499278503,2303,282910,3
-8568.644272394271,2304,283059,5
367.8382728382726,2305,283070,3
-3548.293650793651,2306,283096,3
16045.833333333336,2307,283125,5
-8848.361777111782,2308,283273,5
638.5066526610624,2309,283367,5
-8070.892857142857,2310,283461,4
21961.854256854254,2311,283534,6
14155.714285714286,2312,283588,5
15102.59920634921,2313,283645,5
-8437.157980907981,2314,283799,5
5244.693362193362,2315,283889,5
133.57142857142753,2316,283976,5
-13817.777777777777,2317,284035,3
-11509.671717171705,2318,284235,6
-8720.714285714268,2319,284379,5
-40994.06399156399,2320,284522,3
-9010.0,2321,284558,3
2408.690476190474,2322,284677,5
18032.73809523809,2323,284706,5
-52119.67699375787,2324,284980,4
11297.573733456085,2325,285057,5
-37779.68975468976,2326,285314,5
-28982.857142857145,2327,285428,3
17604.590548340548,2328,285483,5
-11960.05952380952,2329,285656,5
-29824.908008658,2330,285812,4
-7093.747882019936,2331,286033,6
17149.212641933234,2332,286090,5
-1472.8769841269846,2333,286204,5
-19991.071428571428,2334,286298,3
12795.180375180373,2335,286379,5
-10803.80924630924,2336,286505,4
-1852.7030812324917,2337,286582,4
-64915.27597402601,2338,287046,5
20577.32794982795,2339,287105,5
-52157.9292929293,2340,287339,4
-2217.8282828282827,2341,287472,5
5006.2642912642905,2342,287579,5
-16084.345238095237,2343,287701,4
-30019.011544011533,2344,287878,4
-10906.25,2345,287924,3
-917.9459429459412,2346,287988,4
12985.744949494949,2347,288048,5
14845.584668599375,2348,288130,5
-28990.224465077397,2349,288364,5
-43833.46868409364,2350,288682,6
4159.999999999999,2351,288775,5
-809.6428571428571,2352,288788,3
30343.50746067658,2353,288866,6
22060.882034632035,2354,288898,5
7329.512987012987,2355,288968,5
19338.472222222223,2356,289006,5
16400.47619047619,2357,289046,5
17712.215007215007,2358,289070,5
21989.598665223664,2359,289118,5
22661.515151515156,2360,289151,5
18792.80844155844,2361,289259,6
15797.183510933512,2362,289310,5
18625.0,2363,289343,5
-8012.983215614792,2364,289477,5
-48393.65305703928,2365,289785,5
-106593.14935064949,2366,290307,5
-3209.1276778776705,2367,290437,5
-52929.28571428571,2368,290734,5
3898.3080808080817,2369,290824,5
-22724.554553418715,2370,290974,4
2340.632318318077,2371,291094,5
2695.5278055278086,2372,291206,5
8943.625541125539,2373,291287,5
-42093.39285714286,2374,291521,5
-47632.42784992785,2375,291678,3
-8071.428571428571,2376,291719,3
-2776.447441447442,2377,291745,3
-22040.892857142855,2378,291868,4
-30793.110751477627,2379,292144,6
-13330.898268398269,2380,292198,3
-48086.832611832644,2381,292487,5
2229.2857142857138,2382,292540,4
-30365.830980165323,2383,292782,5
-1960.9523809523814,2384,292799,3
19699.404761904767,2385,292874,6
-21649.54267954268,2386,292954,3
16348.857600732601,2387,293014,5
-10482.683982683982,2388,293061,3
-3345.714285714286,2389,293088,3
-21118.991563991563,2390,293176,3
-9284.796041376934,2391,293320,5
-4714.6431346431345,2392,293352,3
15309.174852924853,2393,293419,5
-12706.845238095237,2394,293468,3
20011.428571428572,2395,293563,6
10249.880952380956,2396,293609,5
-18561.60714285714,2397,293794,5
-20174.10714285714,2398,293876,3
-1967.299367299367,2399,293897,3
-30153.023088023096,2400,294008,3
11870.57178932179,2401,294095,5
6006.876873126873,2402,294122,4
23363.903457653458,2403,294150,5
19584.391233766237,2404,294263,6
10779.601787101788,2405,294298,4
-8891.949994449998,2406,294444,5
17783.66230583142,2407,294490,5
13574.677030056286,2408,294580,5
18913.290528915528,2409,294643,5
16696.901635945753,2410,294706,5
21179.029184609677,2411,294761,5
20440.65288555614,2412,294806,5
18434.761904761905,2413,294846,5
-1619.6428571428569,2414,294868,3
8728.45238095238,2415,294940,5
18986.075184705216,2416,295000,5
1523.6976911976935,2417,295070,4
11138.452380952382,2418,295135,5
9369.84126984127,2419,295205,5
-10971.594516594516,2420,295254,3
2832.503048422166,2421,295370,5
-3205.1900183150183,2422,295397,3
16364.296588344572,2423,295464,5
19584.23300426783,2424,295527,5
55962.366532246575,2425,295607,8
56690.00617846208,2426,295684,8
36221.74899575828,2427,295743,6
21760.304834054838,2428,295780,5
62169.9539499888,2429,295868,9
-4865.31746031746,2430,295895,3
21483.75742721331,2431,295958,5
15918.214285714286,2432,296001,5
-6937.500277500277,2433,296038,3
-21456.845238095237,2434,296122,3
13220.22769588811,2435,296217,5
1191.1784049284092,2436,296391,6
-7778.571428571425,2437,296522,5
16287.857142857143,2438,296560,5
22735.014577141126,2439,296678,6
12444.98774960849,2440,296758,5
23341.488788988787,2441,296794,5
16109.20255806285,2442,296856,5
23128.223304473304,2443,296889,5
22789.831557331556,2444,296928,5
20308.60805860806,2445,296939,5
-1016.4255230064061,2446,297069,5
-40690.19480519481,2447,297337,5
-29640.833333333332,2448,297581,5
-16271.942501942496,2449,297713,4
6131.374589462823,2450,297842,5
-11787.421467421469,2451,297987,5
21920.99567099567,2452,298020,5
24820.13655462185,2453,298081,6
4765.931552752374,2454,298135,4
22153.57725607725,2455,298187,5
22195.119047619046,2456,298205,5
10108.987401487402,2457,298284,5
22468.795787545783,2458,298299,5
19777.08041549953,2459,298327,5
16479.632034632035,2460,298381,5
22839.784798534798,2461,298422,5
-3270.0,2462,298437,3
12104.764957264955,2463,298494,5
-14541.076839826841,2464,298596,4
-52363.49955599954,2465,298918,5
49908.29517704518,2466,299021,8
23560.03078835509,2467,299078,5
34466.133662089545,2468,299116,6
48357.99229537232,2469,299192,7
21237.528195488725,2470,299211,5
90025.04725709448,2471,299372,11
20920.603701853703,2472,299403,5
22045.302891552885,2473,299452,5
20289.20634920635,2474,299482,5
23373.443728776503,2475,299521,5
32159.497233717433,2476,299597,6
9060.59523809524,2477,299665,5
-22027.142857142855,2478,299746,3
-4966.850926850924,2479,299829,4
-1426.5079365079366,2480,299844,3
-11987.197247197248,2481,299897,3
2963.5173160173167,2482,299977,5
24242.23755819344,2483,300011,5
11553.789682539682,2484,300070,5
17543.949453324454,2485,300122,5
11711.382212988248,2486,300189,5
40878.369408369406,2487,300262,7
22558.492895992902,2488,300312,5
29410.03323065823,2489,300354,6
7602.855894105895,2490,300398,4
1646.3834514298896,2491,300457,4
-90506.07639436593,2492,300871,5
19727.32788045288,2493,300979,6
12715.941558441558,2494,301014,5
24106.947564819082,2495,301051,5
12955.77380952381,2496,301115,5
43079.88261738263,2497,301190,7
43497.58658008657,2498,301258,7
21974.579170829173,2499,301297,5
19534.664224664222,2500,301329,5
-2094.5959595959594,2501,301340,3
18250.546749002635,2502,301369,5
24260.26474342651,2503,301402,5
20789.601717726717,2504,301444,5
20883.34054834055,2505,301472,5
15007.699711279432,2506,301538,5
14460.892857142859,2507,301600,5
15327.828282828283,2508,301645,5
34288.34762459763,2509,301798,8
20608.65607088131,2510,301846,5
19201.854464979464,2511,301891,5
22886.332738435965,2512,301952,5
21693.825532912222,2513,302008,5
-28211.27588914354,2514,302205,5
-100946.35780885784,2515,302753,5
-55082.57503719192,2516,303040,5
26100.936057406645,2517,303077,5
34216.71894690277,2518,303141,6
23317.91844991878,2519,303199,5
17351.54427057291,2520,303263,5
31622.1701909202,2521,303334,6
22067.41647714171,2522,303386,5
42617.17349643819,2523,303443,7
21775.456234941532,2524,303472,5
17497.339466089466,2525,303523,5
11828.958333333334,2526,303572,5
59872.929852655085,2527,303644,8
25243.250985125982,2528,303676,5
24445.840548340548,2529,303693,5
18208.69769119769,2530,303739,5
31161.304112554113,2531,303786,6
39972.26190476191,2532,303838,7
44946.299148907514,2533,303942,7
-7386.739246735379,2534,304094,5
21715.68181818182,2535,304109,5
-27657.853812209447,2536,304359,5
23826.804029304032,2537,304380,5
16583.959790209792,2538,304425,5
15995.0,2539,304447,5
18947.347236097237,2540,304482,5
-2437.8246753246754,2541,304503,3
-21540.35714285715,2542,304681,5
-22975.714285714275,2543,304867,5
22378.856421356424,2544,304901,5
16238.547979797977,2545,304949,5
24649.626623376622,2546,304979,5
16897.083333333336,2547,305012,5
23911.701299646345,2548,305053,5
22306.325757575756,2549,305072,5
34241.58189033189,2550,305105,6
13303.690476190477,2551,305158,5
22735.608672373382,2552,305195,5
24439.982675348387,2553,305237,5
23316.003618844174,2554,305279,5
39499.00432900433,2555,305346,7
20544.255744255745,2556,305391,5
44553.29304982943,2557,305458,7
34058.451200502284,2558,305505,6
40328.24412336665,2559,305590,7
5339.695590357356,2560,305683,5
10509.146825396827,2561,305748,5
42315.20891690009,2562,305802,7
35933.35317460317,2563,305833,6
34778.468614718615,2564,305861,6
21727.67857142857,2565,305880,5
51637.630456918385,2566,306076,9
16876.86762583822,2567,306137,5
22761.56746031746,2568,306165,5
20759.435286935288,2569,306187,5
41961.79112554113,2570,306236,7
24769.257066462953,2571,306263,5
25218.459530665412,2572,306310,5
21475.133749549383,2573,306381,5
17906.296614032683,2574,306444,5
20481.62892662893,2575,306490,5
-17179.996114996116,2576,306641,4
-58583.09523809528,2577,306978,5
-28174.702380952367,2578,307141,4
-5461.268870018871,2579,307181,3
17580.0,2580,307216,5
23206.709956709958,2581,307238,5
24425.490406351473,2582,307294,5
36041.71293575706,2583,307355,6
20222.897796647798,2584,307390,5
21039.532163742693,2585,307409,5
30892.0202020202,2586,307441,6
42837.22367501779,2587,307511,7
21928.09523809524,2588,307525,5
16470.634920634922,2589,307568,5
24060.320605048546,2590,307602,5
33814.22619047618,2591,307632,6
54910.004578754575,2592,307692,8
21049.21176046176,2593,307720,5
21866.685051060053,2594,307753,5
21684.020562770565,2595,307791,5
22372.84685086156,2596,307830,5
31964.768842268837,2597,307872,6
32059.126168808834,2598,307935,6
22300.488816738816,2599,307954,5
22505.407215333682,2600,307982,5
30535.96861063773,2601,308034,6
34277.28378239408,2602,308103,6
22798.461399711403,2603,308131,5
33241.33658008657,2604,308183,6
33874.58874458875,2605,308230,6
24899.02125055401,2606,308273,5
66163.43456616484,2607,308349,9
21125.7196969697,2608,308374,5
21327.626262626258,2609,308410,5
20893.84920634921,2610,308433,5
12676.334776334783,2611,308508,5
-5733.370795870796,2612,308540,3
-19169.54267954268,2613,308611,3
5138.487345987351,2614,308789,6
46987.623377439566,2615,308862,7
96570.16251593264,2616,308971,11
59871.13699789203,2617,309046,8
49264.32021001874,2618,309099,7
96179.83252858256,2619,309188,11
23432.176944787236,2620,309234,5
10589.305555555557,2621,309249,4
35256.556150677665,2622,309287,6
33396.08585858585,2623,309316,6
44242.437492632926,2624,309372,7
28608.28823953824,2625,309414,6
19547.32142857143,2626,309437,5
21146.373805932628,2627,309486,5
31890.833333333336,2628,309506,6
24867.73478125948,2629,309542,5
20395.85497835498,2630,309573,5
20898.45723720724,2631,309603,5
20813.928571428572,2632,309623,5
12965.029390544098,2633,309652,4
17286.072816072818,2634,309715,5
22710.720236076275,2635,309761,5
45813.8594656977,2636,309816,7
23711.124169947696,2637,309852,5
25038.638285089524,2638,309891,5
17351.764705882353,2639,309922,5
17164.80158730159,2640,309964,5
21636.071428571428,2641,309983,5
21423.64587618264,2642,310026,5
16009.011405261408,2643,310089,5
16639.58791208791,2644,310119,5
21384.720834720836,2645,310147,5
14137.111083361087,2646,310212,5
7593.722527472526,2647,310306,5
14524.610389610389,2648,310349,5
11940.067293817296,2649,310414,5
18387.497848011306,2650,310485,5
13582.896825396832,2651,310552,5
1023.5119047619071,2652,310652,5
19130.77380952381,2653,310677,5
55613.17730969878,2654,310768,8
22321.398376949845,2655,310817,5
23072.563131313134,2656,310848,5
47299.16125541126,2657,310890,7
32074.805676349795,2658,310949,6
33663.454184704184,2659,310988,6
22576.031746031746,2660,311006,5
48385.58441558442,2661,311076,8
19273.943001443,2662,311119,5
21099.494949494947,2663,311137,5
33737.22590318179,2664,311181,6
21676.767371517373,2665,311198,5
22197.75771614007,2666,311238,5
24918.121045621043,2667,311264,5
13578.038720152732,2668,311355,5
20877.38261738262,2669,311392,5
25315.822145929633,2670,311441,5
2683.035714285716,2671,311594,6
23720.373054233347,2672,311635,5
20795.833333333336,2673,311652,5
22068.538011695902,2674,311667,5
23669.909113074747,2675,311714,5
21461.851408825092,2676,311742,5
23644.16638916639,2677,311759,5
45210.40043290044,2678,311802,7
55775.83879254149,2679,311879,8
18152.69383394383,2680,311924,5
34049.83933206457,2681,311966,6
46946.43502331001,2682,312013,7
29234.65548340548,2683,312050,6
45997.41332497911,2684,312089,7
44669.77633477634,2685,312125,7
16119.959612970444,2686,312188,5
34456.39167205344,2687,312228,6
17756.408730158728,2688,312250,5
20280.76155462185,2689,312274,5
21960.481601731604,2690,312297,5
22591.197691197693,2691,312318,5
54677.07771798688,2692,312399,8
23678.57926795427,2693,312421,5
21636.755952380954,2694,312434,5
46127.81621156621,2695,312509,7
30819.98862248863,2696,312552,6
33763.47693972694,2697,312592,6
32530.36457007045,2698,312634,6
91590.05154932787,2699,312718,11
103498.15073815075,2700,312818,12
21883.333333333336,2701,312829,5
33839.047619047626,2702,312854,6
47311.60575428184,2703,312903,7
47630.397861512414,2704,312969,7
48202.46198246197,2705,313018,7
33022.75752025752,2706,313048,6
22207.698412698413,2707,313066,5
46046.33755133754,2708,313110,7
32575.631313131315,2709,313135,6
71914.89598228567,2710,313189,9
21275.833333333332,2711,313198,5
48481.513263353416,2712,313249,7
23576.13095238095,2713,313269,5
23571.262626262625,2714,313290,5
32815.75577200578,2715,313343,6
21976.11111111111,2716,313359,5
23436.640165390167,2717,313394,5
33223.869047619046,2718,313426,6
19835.58224708354,2719,313479,5
21995.809884559883,2720,313499,5
11144.107142857143,2721,313513,4
34481.40240972478,2722,313554,6
19141.911976911982,2723,313584,5
30020.755008880013,2724,313630,6
-832.1428571428569,2725,313644,3
22753.82450882451,2726,313667,5
23366.35017760018,2727,313694,5
23272.801786706583,2728,313743,5
22015.283189033187,2729,313766,5
14698.78787878788,2730,313795,5
45018.848512598495,2731,313843,7
44494.82357919857,2732,313901,7
18337.321428571428,2733,313917,5
34301.008623084854,2734,313974,6
68943.9116194263,2735,314057,9
23404.247835497834,2736,314082,5
35451.49142116055,2737,314153,6
-12346.164342193748,2738,314330,5
21578.834776334774,2739,314365,5
23477.108932733932,2740,314404,5
31613.622211122216,2741,314475,6
2240.6510156510158,2742,314574,5
-5437.42784992785,2743,314600,3
22481.83954933955,2744,314629,5
25043.799395049406,2745,314854,9
22721.481137971077,2746,314909,5
4965.244755244755,2747,315011,5
22729.87387612388,2748,315050,5
15113.545898545897,2749,315107,5
20621.931540681537,2750,315140,5
35698.828769269945,2751,315181,6
34796.88714063714,2752,315225,6
21010.714285714286,2753,315234,5
35443.590314913854,2754,315280,6
23797.633477633473,2755,315322,5
23666.491425241427,2756,315346,5
56455.478132978125,2757,315413,8
1488.9282939282925,2758,315517,5
31372.890720390722,2759,315547,6
8345.164835164835,2760,315570,4
34248.81098476687,2761,315609,6
27956.358225108226,2762,315651,6
45596.51764901764,2763,315697,7
21249.40476190476,2764,315709,5
59719.9698912199,2765,315778,8
33577.683982683986,2766,315811,6
60480.064257637794,2767,315895,8
33041.32854890207,2768,315966,6
20393.24855699856,2769,316008,5
21388.187229437226,2770,316046,5
31992.783605283606,2771,316086,6
33606.79084804085,2772,316129,6
22421.22224997225,2773,316157,5
35380.930466592225,2774,316213,6
25349.71597846598,2775,316244,5
23553.27527456204,2776,316271,5
73090.1137507592,2777,316397,9
23515.503246753247,2778,316417,5
13701.802364302363,2779,316442,4
49907.31720485396,2780,316513,7
23324.73845598846,2781,316534,5
20319.84126984127,2782,316569,5
21331.785714285714,2783,316594,5
22574.25824175824,2784,316630,5
29033.9466089466,2785,316761,7
29615.842560217567,2786,316830,6
10191.414141414143,2787,316854,4
34191.89464538729,2788,316900,6
32251.632395382392,2789,316948,6
19281.607142857145,2790,316976,5
20041.758658008657,2791,317000,5
23780.92105263158,2792,317018,5
43595.952380952374,2793,317058,7
22607.12121212121,2794,317069,5
48191.253048422164,2795,317121,7
21473.217893217898,2796,317144,5
23357.65873015873,2797,317161,5
22631.527777777777,2798,317181,5
22146.011904761905,2799,317200,5
33081.79896492396,2800,317256,6
35964.77508602508,2801,317299,6
22387.25982350982,2802,317341,5
43692.418831168834,2803,317420,7
21247.069735819736,2804,317466,5
19583.441558441562,2805,317492,5
21854.702380952378,2806,317522,5
13024.112554112555,2807,317587,5
16487.81024531024,2808,317640,5
24759.78054217025,2809,317690,5
19048.66161616162,2810,317711,5
31579.404202393758,2811,317795,6
36443.9293583953,2812,317838,6
37341.881034557126,2813,317887,6
21391.4880952381,2814,317926,5
36523.419913419915,2815,317964,6
20896.904761904763,2816,317982,5
-245.53571428571422,2817,317993,3
37740.72564733169,2818,318029,6
23464.019330342864,2819,318049,5
34793.346709190366,2820,318094,6
56318.968294777114,2821,318142,8
33029.57431457431,2822,318178,6
34653.27200577201,2823,318206,6
50493.01156617719,2824,318260,7
18975.301226551226,2825,318281,5
24991.407065157062,2826,318309,5
17300.791916416914,2827,318375,5
36843.970751470755,2828,318412,6
24092.810245310244,2829,318440,5
22868.405483405484,2830,318464,5
23419.63747445365,2831,318502,5
22037.586996337,2832,318522,5
33007.62626262627,2833,318550,6
23060.018384393385,2834,318581,5
23075.678210678212,2835,318611,5
24134.975277989986,2836,318644,5
22517.443308325666,2837,318693,5
31898.856421356424,2838,318730,6
23109.646464646463,2839,318748,5
108470.96341158843,2840,318848,12
22830.905483405484,2841,318863,5
71059.39976689976,2842,318927,9
34740.10483668378,2843,318968,6
23186.94444444444,2844,318990,5
43371.74963924964,2845,319031,7
21962.506660006664,2846,319057,5
22262.23901098901,2847,319076,5
23473.77681142387,2848,319111,5
-127.9764679764678,2849,319124,3
33774.75052725054,2850,319158,6
42265.01984126983,2851,319201,7
19761.192973692974,2852,319228,5
19444.166666666664,2853,319238,5
24244.560300810303,2854,319278,5
34678.88777888778,2855,319324,6
19543.591269841272,2856,319343,5
32148.817848817853,2857,319374,6
22619.754865232804,2858,319424,5
34178.30461205461,2859,319466,6
23659.813797313796,2860,319491,5
20251.510861429586,2861,319557,5
20365.535714285714,2862,319578,5
28702.570876835583,2863,319648,6
32615.715278303527,2864,319786,7
29664.676157176156,2865,319847,6
22473.960622710616,2866,319881,5
20388.64704739704,2867,319917,5
30466.671335200743,2868,319969,6
22668.926820728288,2869,319985,5
19725.079365079364,2870,320004,5
19007.24567099567,2871,320051,5
27929.54545454546,2872,320110,6
23125.98845598846,2873,320142,5
20692.02380952381,2874,320158,5
35108.354974274094,2875,320201,6
34098.90873015873,2876,320238,6
64178.42171717172,2877,320365,10
42589.26632900124,2878,320430,7
29395.71428571429,2879,320460,6
45998.31978479039,2880,320504,7
19935.555555555555,2881,320521,5
24040.97943722944,2882,320548,5
22452.500000000004,2883,320558,5
34762.47474747475,2884,320582,6
21181.38888888889,2885,320614,5
34654.78923853924,2886,320645,6
36385.70179820179,2887,320684,6
25006.61019127931,2888,320712,5
24827.94622044622,2889,320736,5
33728.912822858256,2890,320774,6
41661.984681984686,2891,320844,7
58188.58967829557,2892,320925,8
25076.56968031968,2893,320951,5
21523.928571428572,2894,320964,5
23714.474659327603,2895,320989,5
47556.56877844378,2896,321038,7
11467.546897546898,2897,321054,4
58355.88340580987,2898,321116,8
33187.36534299034,2899,321173,6
24013.04723054723,2900,321205,5
20574.922969187675,2901,321236,5
24915.58005483509,2902,321271,5
22918.278735153734,2903,321315,5
19196.451510091214,2904,321380,5
-9827.498007883072,2905,321572,5
16920.94891219891,2906,321639,5
13734.894133644138,2907,321793,6
19790.01939108363,2908,321853,5
22826.085832382272,2909,321896,5
27541.90476190476,2910,321926,6
10517.167392291234,2911,321974,4
45506.66117379353,2912,322030,7
32947.59018759019,2913,322062,6
20871.666666666664,2914,322082,5
79356.36655011654,2915,322186,10
25187.38143392555,2916,322219,5
26147.9651399979,2917,322260,5
49692.34140300703,2918,322313,7
44619.731240981244,2919,322349,7
45380.69083694085,2920,322407,7
62971.784951159956,2921,322482,8
23294.371840590797,2922,322528,5
54089.14682539683,2923,322572,8
75959.16233920878,2924,322704,10
47247.841629474766,2925,322753,7
34515.961452762924,2926,322802,6
22615.212842712845,2927,322837,5
37802.80576857783,2928,322883,6
23449.970205448146,2929,322911,5
35275.48797285446,2930,322964,6
20555.47619047619,2931,322982,5
39376.35406260405,2932,323103,7
20223.342161794175,2933,323157,5
50456.963159389605,2934,323279,8
43736.2861280876,2935,323334,7
5008.975468975469,2936,323365,4
4572.670038295036,2937,323458,5
22571.0119047619,2938,323480,5
21758.796992481202,2939,323496,5
22700.91354723708,2940,323541,5
23468.707815232585,2941,323595,5
35638.25001387502,2942,323642,6
10283.100233100233,2943,323782,6
23566.72626720993,2944,323823,5
32668.71031746032,2945,323866,6
22230.593989343986,2946,323893,5
11446.421356421359,2947,323921,4
21449.78021978022,2948,323939,5
23734.403602933013,2949,323963,5
37191.50419025419,2950,323999,6
19721.018907563026,2951,324018,5
24236.18903971845,2952,324045,5
60154.929074193795,2953,324113,8
35890.907287157286,2954,324158,6
22589.533522033522,2955,324184,5
23231.902125652123,2956,324221,5
21800.138888888887,2957,324233,5
22429.861111111113,2958,324250,5
21610.74494949495,2959,324276,5
22238.888888888887,2960,324306,5
23642.6800976801,2961,324330,5
31411.428571428576,2962,324357,6
23956.094599844597,2963,324443,6
24864.430014430014,2964,324496,6
22165.90909090909,2965,324526,5
34088.90873015873,2966,324568,6
16346.696428571428,2967,324597,5
21436.60714285714,2968,324619,5
22982.10539460539,2969,324640,5
57587.823287823296,2970,324703,8
33437.56472693973,2971,324734,6
48107.90848040848,2972,324792,7
22958.214285714286,2973,324808,5
32102.976190476187,2974,324843,6
35286.837370146204,2975,324885,6
46353.47928215575,2976,324946,7
23306.071428571428,2977,324961,5
57334.7249319308,2978,325034,8
23667.71103896104,2979,325052,5
23639.277805527807,2980,325076,5
42921.48809523809,2981,325123,7
47046.103618603614,2982,325166,7
24779.206185970892,2983,325204,5
36120.14929514929,2984,325240,6
23239.81254856255,2985,325266,5
32845.0,2986,325287,6
19387.518037518035,2987,325308,5
46651.796536796544,2988,325358,7
19902.857142857145,2989,325384,5
23401.404983904984,2990,325405,5
24627.552159098213,2991,325439,5
32352.472943722943,2992,325472,6
47063.605000520634,2993,325521,7
38886.05997441035,2994,325586,6
25488.802586302587,2995,325623,5
37971.20281936846,2996,325667,6
35891.49527652803,2997,325713,6
30582.85714285714,2998,325736,6
20520.238095238095,2999,325758,5
23546.877705627707,3000,325775,5
48497.52317492449,3001,325827,7
23727.51262626263,3002,325852,5
22479.761904761905,3003,325871,5
21633.07644110276,3004,325885,5
24977.28542291042,3005,325916,5
10705.972152847153,3006,325938,4
45615.52107614607,3007,325995,7
21801.190476190477,3008,326008,5
35892.003445900504,3009,326067,6
46705.46280071427,3010,326135,7
21377.232142857138,3011,326155,5
31796.045135420136,3012,326255,7
11887.609440368062,3013,326296,5
13378.659812409811,3014,326372,5
22601.818181818184,3015,326402,5
27500.228937728938,3016,326466,6
26402.445887445887,3017,326528,6
34936.042776667775,3018,326575,6
48976.691636107265,3019,326636,7
24023.2504995005,3020,326657,5
25665.4025794467,3021,326688,5
49288.39211442153,3022,326735,7
24492.073834169,3023,326773,5
21939.761904761905,3024,326791,5
35121.881868131866,3025,326822,6
23587.391774891774,3026,326852,5
38069.1719369718,3027,326897,6
21424.95143745144,3028,326933,5
24894.880952380954,3029,326991,6
32074.188589188594,3030,327040,6
12869.177558552557,3031,327102,5
17302.51172030584,3032,327173,5
28767.842712842714,3033,327252,6
44031.33838383839,3034,327356,8
34785.58441558442,3035,327416,7
22741.99134199134,3036,327451,5
33204.68503718504,3037,327514,6
22572.279942279943,3038,327549,5
12931.324925074927,3039,327621,5
9353.614718614717,3040,327711,5
39699.347617252024,3041,327847,8
12588.706085581087,3042,327868,4
26587.123432123433,3043,327956,6
28856.619699315128,3044,328053,6
21029.911893661898,3045,328081,5
54329.22942253824,3046,328167,8
19260.92345154845,3047,328228,5
18313.971277073982,3048,328281,5
60714.7432527483,3049,328413,9
34931.607836607836,3050,328465,6
21430.9126984127,3051,328486,5
38639.590548340544,3052,328547,7
14715.833333333338,3053,328602,5
-5035.2182539682535,3054,328629,3
22822.130424185376,3055,328728,6
48159.513125763115,3056,328815,8
873.3881288989643,3057,328949,5
21618.69609149021,3058,329001,5
15490.494093969332,3059,329067,5
26933.637056957497,3060,329205,7
7190.378787878787,3061,329222,4
19127.653041403053,3062,329381,6
20799.206349206343,3063,329405,5
-2555.714285714286,3064,329418,3
777.468642468642,3065,329553,5
37814.277519865755,3066,329637,7
57758.22677668199,3067,329706,8
36565.94702833286,3068,329747,6
80984.15929658579,3069,329838,10
33286.019536019536,3070,329888,6
22368.538961038965,3071,329905,5
23977.008685758687,3072,329931,5
35540.727140506555,3073,329976,6
105322.86294179676,3074,330075,12
66467.96976308005,3075,330156,9
34665.42207792207,3076,330178,6
12777.604895104896,3077,330296,6
18701.964285714286,3078,330309,5
-617.5002775002772,3079,330327,3
49056.230228105225,3080,330499,9
10152.062883367065,3081,330544,4
-1503.4397546897549,3082,330556,3
17712.86414565826,3083,330592,5
18384.8171156161,3084,330675,5
54404.47052947054,3085,330766,8
64415.580726463064,3086,330897,9
13803.44215017009,3087,330935,4
57939.57251082251,3088,331053,9
49376.41733266733,3089,331204,9
-2363.3294483294485,3090,331224,3
24957.581653095116,3091,331292,5
21193.571428571428,3092,331312,5
12373.670634920634,3093,331331,4
44338.49678099678,3094,331374,7
45692.48917748917,3095,331480,8
15244.944083694087,3096,331535,5
29535.759556868252,3097,331587,6
119741.24944499946,3098,331700,13
21532.04365079365,3099,331715,5
37154.824225291624,3100,331752,6
58875.36985610708,3101,331833,8
59133.03155178155,3102,331897,8
62086.208513708516,3103,331974,9
66635.20781976734,3104,332072,9
50225.600649350665,3105,332187,9
32905.01248751249,3106,332228,6
38836.85245457792,3107,332337,7
106420.30364393948,3108,332464,12
19509.315406815407,3109,332540,5
38075.0382950383,3110,332650,7
24946.39012947836,3111,332686,5
42708.44224403048,3112,332841,8
38736.98232323232,3113,332898,7
34604.55142080142,3114,332939,6
20288.660714285714,3115,333015,6
20764.107726423907,3116,333038,5
23851.428571428572,3117,333053,5
31907.242063492064,3118,333087,6
22597.110389610392,3119,333109,5
22447.113095238095,3120,333126,5
59488.43975468975,3121,333185,8
23239.596792096792,3122,333208,5
22974.940476190473,3123,333227,5
22264.774531024534,3124,333261,5
12043.984140859138,3125,333284,4
-364.16694416694406,3126,333296,3
7387.386722754369,3127,333447,6
-715.1304945054944,3128,333470,3
695.5555555555557,3129,333481,3
40522.90475004872,3130,333568,7
10026.825396825398,3131,333586,4
35376.002897638566,3132,333654,6
41482.78665778664,3133,333732,7
121964.8989246048,3134,333894,14
22115.63843835903,3135,333946,5
40416.29717397327,3136,334017,7
20263.72086247086,3137,334064,5
44358.726482710605,3138,334187,8
123224.72455648928,3139,334355,14
19648.209388221003,3140,334415,5
54004.79936729936,3141,334497,8
85996.14770815513,3142,334616,10
23660.905299765596,3143,334654,5
35289.2858693594,3144,334696,6
23213.16368478069,3145,334743,5
23505.13888888889,3146,334769,5
44637.79542353072,3147,334828,7
22034.41804841186,3148,334866,5
60841.51336709386,3149,334942,8
23198.571428571428,3150,334958,5
36896.058498604936,3151,335014,6
35762.10789210789,3152,335051,6
23098.033633033632,3153,335093,5
36267.22152847153,3154,335135,6
22762.957320457317,3155,335158,5
22630.370670995668,3156,335192,5
26536.010101010103,3157,335245,6
26899.89538239538,3158,335346,7
20771.992321404086,3159,335408,5
33259.617470592704,3160,335476,6
27834.873296638,3161,335538,6
28970.42984792985,3162,335606,6
30711.329365079368,3163,335656,6
-35341.20934620934,3164,335764,3
23418.794550607632,3165,335807,5
-13537.121508522432,3166,336024,6
20668.81673881674,3167,336050,5
21818.92857142857,3168,336066,5
74666.33296656907,3169,336265,11
-242.2993672993673,3170,336278,3
20084.86208236208,3171,336316,5
22709.722222222223,3172,336354,5
27274.352061337355,3173,336461,6
30021.938616938616,3174,336502,6
9851.0101010101,3175,336523,4
56826.50076286991,3176,336674,9
74895.57729851846,3177,336836,11
19796.907498246514,3178,336884,5
38400.13341233929,3179,337027,8
34511.98176823177,3180,337083,6
21553.84552066441,3181,337105,5
52930.14935507391,3182,337191,8
21010.975829725827,3183,337227,5
54948.88298032751,3184,337404,9
18046.114718614714,3185,337449,5
12864.659090909092,3186,337523,5
6156.914311179017,3187,337688,6
20149.41197691198,3188,337773,6
5352.148325530676,3189,337888,5
32260.34090909091,3190,337943,6
31209.128787878788,3191,338028,7
26353.630034181504,3192,338160,7
51762.62862137862,3193,338227,8
29295.043734859908,3194,338272,6
5463.341706667944,3195,338321,4
40122.417027417025,3196,338385,7
28042.7233589424,3197,338455,6
21588.165174537706,3198,338494,5
36142.009719511654,3199,338561,7
34016.7236929737,3200,338612,6
50093.407148407154,3201,338700,8
15886.020139131595,3202,338793,5
17396.56947627536,3203,338869,5
19430.986909894662,3204,338941,5
47169.482323232325,3205,339010,8
21122.310606060608,3206,339038,5
48936.63398026981,3207,339097,7
66612.24558658575,3208,339161,9
23878.455294705298,3209,339184,5
77019.81227106227,3210,339268,10
33832.44047619047,3211,339295,6
59350.047660672644,3212,339346,8
105579.74392437626,3213,339475,12
58743.74751882102,3214,339534,8
61853.8492063492,3215,339593,9
13583.726551226551,3216,339661,5
22262.71710595047,3217,339708,5
47447.79783125371,3218,339787,8
125340.41710718758,3219,339984,14
45144.7173500734,3220,340035,7
24174.727910977912,3221,340071,5
47771.64792981356,3222,340162,8
44244.38852813853,3223,340224,7
23045.126203131233,3224,340287,5
-337.1428571428571,3225,340298,3
16861.447351667946,3226,340374,5
36798.91705516704,3227,340460,7
42590.73322510822,3228,340538,7
42256.83991296801,3229,340599,7
23474.40184815184,3230,340676,6
34631.19782994783,3231,340721,6
30411.867603500737,3232,340786,6
20331.722919108757,3233,340836,5
102730.80520786405,3234,341047,13
51517.01006917919,3235,341125,8
108297.6254423681,3236,341274,13
55004.86846486846,3237,341347,8
10433.096486846487,3238,341381,4
84756.04651869873,3239,341516,11
31335.961931085756,3240,341575,6
62504.972800891905,3241,341659,9
20934.36285807416,3242,341716,5
10379.242722147135,3243,341801,5
7188.94383394383,3244,341887,5
66404.27383074441,3245,341973,9
16781.11013986014,3246,342033,5
70597.6387542196,3247,342189,10
14405.277777777777,3248,342247,5
12438.900626377404,3249,342395,6
14526.071428571428,3250,342446,5
19322.817044067047,3251,342519,5
37663.5631035631,3252,342617,7
28159.255050505046,3253,342667,6
23433.396266401298,3254,342712,5
22926.86063936064,3255,342746,5
86114.00424889008,3256,342851,11
59509.358349983355,3257,342956,9
20888.64468267744,3258,343031,5
67193.8211747403,3259,343183,10
19604.10714285714,3260,343210,5
31996.984126984124,3261,343247,6
9589.293623902757,3262,343291,4
34722.743090243086,3263,343326,6
20401.565656565657,3264,343346,5
28519.721748839398,3265,343413,6
32235.2396867838,3266,343449,6
68002.02006327006,3267,343517,9
20224.494394494388,3268,343558,5
17303.39523221876,3269,343590,5
19157.59539222388,3270,343657,5
21412.5487012987,3271,343691,5
102325.72360175791,3272,343906,13
20502.051239888337,3273,343950,5
17540.247113997113,3274,344008,5
50658.93668831169,3275,344101,8
19946.772259603138,3276,344138,5
24119.621212121212,3277,344218,6
26013.21428571428,3278,344267,6
22667.70202020202,3279,344295,5
53762.68323996265,3280,344347,8
17861.448412698413,3281,344381,5
22127.130230880233,3282,344417,5
31341.890886890884,3283,344466,6
11167.096375846377,3284,344543,5
25518.472320163502,3285,344620,6
13168.85642135641,3286,344831,7
6390.1904182418875,3287,344888,4
16137.461811064753,3288,344963,5
52575.37518037517,3289,345047,8
10825.792124542126,3290,345084,4
44597.79991422407,3291,345297,10
21421.738816738816,3292,345337,5
73322.79012654013,3293,345484,10
23303.1746031746,3294,345502,5
30606.75185925186,3295,345560,6
32569.54365079365,3296,345608,6
54063.60736485736,3297,345679,8
21745.2380952381,3298,345728,5
22386.957770830297,3299,345768,5
23406.656062161095,3300,345818,5
18786.441197691198,3301,345867,5
31691.653901653903,3302,345921,6
44786.60173160174,3303,346026,8
14934.263583638585,3304,346071,5
22193.595703878455,3305,346108,5
18509.926046176046,3306,346154,5
32471.32609220843,3307,346277,7
84141.22280417902,3308,346432,11
10204.512987012986,3309,346456,4
49226.49130861398,3310,346605,8
36536.318820068824,3311,346682,7
14392.370129870129,3312,346735,5
154819.05551255587,3313,347029,18
65717.38511488511,3314,347106,9
23535.70328726776,3315,347164,5
23281.26942501943,3316,347201,5
23017.324064824064,3317,347231,5
56093.11742222347,3318,347307,8
32368.122016872017,3319,347378,6
41825.1826237488,3320,347459,7
41381.40883200347,3321,347556,7
54379.58738565357,3322,347628,8
37135.710721563955,3323,347690,6
74114.62676212678,3324,347862,11
19306.16702741703,3325,347911,5
12457.145146520146,3326,347933,4
24077.7373091305,3327,348041,6
9487.857142857141,3328,348060,4
-241.5945165945168,3329,348073,3
19399.733294741036,3330,348128,5
33710.15519611108,3331,348243,7
-2063.214285714286,3332,348258,3
40046.50266400266,3333,348416,9
61697.98027265133,3334,348508,9
50837.42784992784,3335,348625,9
9793.738067488068,3336,348661,4
32879.57237207237,3337,348695,6
43038.161976911986,3338,348739,7
104327.23253462226,3339,348871,12
40801.70004423681,3340,348946,7
11598.535769785774,3341,349126,6
12533.599538361528,3342,349248,5
-3926.6400266400265,3343,349258,3
21384.88095238095,3344,349360,6
18615.489490085078,3345,349405,5
26145.17109116374,3346,349481,6
20379.47856108461,3347,349528,5
27935.89986252138,3348,349613,6
57809.72107957402,3349,349727,9
20807.638167561858,3350,349776,5
22625.615156901924,3351,349811,5
33705.14832389833,3352,349859,6
22235.99927849928,3353,349895,5
33307.17086834734,3354,349923,6
63411.10830754212,3355,350056,9
54072.19671541757,3356,350159,8
53384.49161949162,3357,350243,8
55714.760419319246,3358,350315,9
33372.14882339882,3359,350359,6
27480.885225885228,3360,350408,6
29455.737873237875,3361,350478,6
22355.16600745316,3362,350520,5
31716.23015873015,3363,350569,6
17108.223165723168,3364,350618,5
13405.596723388484,3365,350709,5
34983.44449242334,3366,350874,7
19162.660321704436,3367,350943,5
42036.71564546564,3368,351041,7
69629.23310070565,3369,351181,10
88837.12259962263,3370,351335,12
-1401.5945165945168,3371,351352,3
18859.141047291207,3372,351421,5
32823.64774114774,3373,351473,6
52133.1453350571,3374,351592,9
53665.035520035504,3375,351702,8
40471.52611277612,3376,351803,7
20219.522144522147,3377,351831,5
23908.57517482518,3378,351986,7
45102.571491760726,3379,352058,7
9054.981374834315,3380,352094,4
17448.561438561446,3381,352148,5
15535.184488713898,3382,352240,5
23054.641469641476,3383,352369,6
-42511.70274170274,3384,352646,5
5056.071428571427,3385,352726,5
2043.6310503222248,3386,352851,5
17766.734376734385,3387,352986,6
28029.334970584972,3388,353077,6
18732.779700683983,3389,353143,5
28300.541680541683,3390,353202,6
18181.49460425195,3391,353261,5
17449.437253922548,3392,353366,5
24776.880203130197,3393,353444,6
44209.3368559545,3394,353483,7
30488.757215007216,3395,353528,6
20150.320758318045,3396,353592,5
23316.994810744814,3397,353643,5
32973.03571428572,3398,353676,6
21437.790404040403,3399,353697,5
18728.059718059718,3400,353756,5
58544.77605727606,3401,353868,9
75277.29125041624,3402,353987,10
27981.179653679654,3403,354038,6
105083.73649398415,3404,354233,13
26836.31107859924,3405,354386,7
-14869.226190476187,3406,354548,5
47702.13647463647,3407,354694,9
30064.647435897434,3408,354731,6
31241.476627302865,3409,354795,6
21918.903735153737,3410,354844,5
-2141.085858585858,3411,354861,3
24521.81374181375,3412,354944,6
29157.940115440106,3413,354994,6
41058.70726495725,3414,355058,7
19464.09715164063,3415,355093,5
26584.537784626795,3416,355213,6
14587.63888888889,3417,355344,6
19224.657287157286,3418,355386,5
114640.59816580907,3419,355647,15
127950.12123626286,3420,355812,14
72288.85109043003,3421,355908,9
35721.485155281596,3422,355964,6
22236.008019758017,3423,356002,5
8868.87896718005,3424,356035,4
32618.807803823278,3425,356071,6
35815.69125319124,3426,356196,7
27916.20885650297,3427,356262,6
4361.38667704844,3428,356305,4
19970.23673222203,3429,356345,5
28946.219613719604,3430,356436,6
61804.858181847114,3431,356583,9
21287.738095238095,3432,356596,5
136897.034619792,3433,356809,16
21200.190099755317,3434,356829,5
86381.7460429148,3435,356971,11
43013.912753912766,3436,357032,7
53891.629020489316,3437,357198,9
17702.340992340993,3438,357236,5
19929.305555555555,3439,357264,5
-14856.138861138865,3440,357420,5
9370.606060606062,3441,357459,4
1186.7338217338224,3442,357572,5
8617.988195799724,3443,357697,5
940.262634615491,3444,357841,5
-20444.412254412255,3445,357957,3
-355.5230880230881,3446,357968,3
14886.91336441336,3447,358038,5
3763.2856180402905,3448,358211,5
21266.263875013876,3449,358260,5
20235.055916305915,3450,358301,5
67994.76832850672,3451,358509,10
47267.220404509484,3452,358585,7
51552.98160173162,3453,358701,9
19584.40725940726,3454,358736,5
43180.80504088386,3455,358849,7
64681.3400535653,3456,358984,10
-3818.0952380952376,3457,358999,3
19571.467005217004,3458,359116,6
21253.62637362637,3459,359161,5
-2329.9450549450585,3460,359247,4
39906.80527805528,3461,359386,8
22795.849150849146,3462,359411,5
-4022.597320979673,3463,359552,5
39683.55534987889,3464,359679,8
68392.30602730604,3465,359821,10
22611.96033133533,3466,359854,5
58769.384781884764,3467,359950,8
22855.631590631587,3468,359987,5
27990.559163059166,3469,360020,6
28959.125527250533,3470,360085,6
16579.796037296037,3471,360124,5
83578.64345213611,3472,360301,11
39342.36215173715,3473,360376,7
42270.48090798091,3474,360438,7
82223.30086580089,3475,360574,11
43312.42679018608,3476,360661,7
-494.8412698412699,3477,360672,3
16495.739449748737,3478,360787,6
38486.18905840463,3479,360878,7
27709.17048229548,3480,361052,7
22652.4787018537,3481,361091,5
24682.379340860374,3482,361140,5
-3112.280774780775,3483,361163,3
14075.955090660973,3484,361229,5
43752.43739920211,3485,361289,7
8269.403305028305,3486,361377,5
102207.50463309481,3487,361550,13
18494.247280497282,3488,361601,5
20312.009629732147,3489,361654,5
57911.56171851026,3490,361795,9
19120.30858030859,3491,361840,5
20588.93675768676,3492,361922,5
31100.03427128428,3493,361996,6
41839.66864018334,3494,362086,7
22263.976717726717,3495,362117,5
21040.553751803753,3496,362155,5
33722.167624042624,3497,362196,6
134881.84052424185,3498,362432,16
161381.99440158234,3499,362740,17
23487.255282771923,3500,362796,5
41572.43659118659,3501,362933,8
18182.87920498834,3502,363015,5
46230.35533910534,3503,363073,7
33507.97619047618,3504,363160,7
49823.49345099345,3505,363242,8
18986.50793650794,3506,363288,5
30846.595674921915,3507,363350,6
-1494.9657287157288,3508,363361,3
19737.18614718615,3509,363415,5
35950.30774780775,3510,363492,7
39536.11111111111,3511,363587,8
29474.404761904763,3512,363613,6
53788.8988136047,3513,363696,8
28770.040734549246,3514,363773,6
8589.054834054832,3515,363854,5
38317.55264085759,3516,363900,6
33066.617965367965,3517,363953,6
53752.79083838866,3518,364021,8
43855.83097458097,3519,364144,8
47987.773933582765,3520,364239,8
27845.732729602692,3521,364416,8
22337.571786443692,3522,364461,5
51460.06956687101,3523,364557,8
21328.591686091684,3524,364661,6
19707.636584261974,3525,364708,5
11027.54329004329,3526,364726,4
79006.6475150666,3527,364908,11
56870.07145632148,3528,365023,9
74718.73095042213,3529,365149,10
9946.995504495504,3530,365170,4
88608.590846884,3531,365297,10
12960.960705960708,3532,365454,7
5470.408888067566,3533,365576,6
16090.773809523813,3534,365626,5
4377.041847041847,3535,365736,5
12304.292929292928,3536,365809,5
11506.669209273692,3537,365923,5
22197.896825396823,3538,365973,5
-36317.8091045951,3539,366213,5
15648.053984414275,3540,366290,5
73145.12633936001,3541,366435,10
48440.24891774893,3542,366890,15
22671.933487908722,3543,366942,5
12597.734071484072,3544,367009,5
31805.03066378066,3545,367041,6
9910.520590520591,3546,367061,4
20705.121961371962,3547,367092,5
41672.73539949043,3548,367172,7
25876.324370074373,3549,367234,6
26039.722222222223,3550,367301,6
20460.89285714286,3551,367335,5
23567.369004404605,3552,367409,5
29877.687035187024,3553,367469,6
18486.760600510603,3554,367519,5
97247.03227328228,3555,367677,13
18881.666666666668,3556,367694,5
70088.48853441246,3557,367825,10
33233.885183014434,3558,367881,6
21682.38997113997,3559,367922,5
61833.98742446923,3560,368047,9
18532.72768897769,3561,368102,5
71868.09147379966,3562,368250,10
39683.333333333336,3563,368284,7
22891.476717726717,3564,368317,5
75951.84523809522,3565,368425,11
23432.28306007718,3566,368473,5
19712.433318315667,3567,368538,5
32251.028159576927,3568,368603,6
51943.41616716617,3569,368759,9
31529.31847392374,3570,368825,6
6290.144855144855,3571,368865,4
21916.062968893853,3572,368928,5
19306.77011971517,3573,369011,5
35787.78702850297,3574,369070,6
-4285.203413287777,3575,369212,5
10695.564574314574,3576,369230,4
64491.13386613386,3577,369342,9
17343.931623931625,3578,369389,5
33235.99206349206,3579,369433,6
30694.47691197691,3580,369480,6
21238.690476190473,3581,369514,5
10771.740620490618,3582,369572,5
77090.59702724175,3583,369661,10
45464.931881843644,3584,369778,8
14621.150793650793,3585,369830,5
44561.313131313145,3586,369947,8
94774.85389610394,3587,370184,13
106254.72597320114,3588,370365,13
66229.92215301037,3589,370451,9
66455.56208755124,3590,370575,9
64737.59157509158,3591,370620,9
21428.514818514825,3592,370648,5
65844.87043572182,3593,370767,9
41038.21869543424,3594,370866,7
25928.800505050505,3595,370987,7
26735.743353868354,3596,371072,6
17103.196248196255,3597,371123,5
16195.72151575635,3598,371229,5
21498.661616161615,3599,371251,5
24819.838579248408,3600,371362,6
33866.75297397821,3601,371514,7
57678.83116883116,3602,371601,9
32218.685022706755,3603,371643,6
21314.404761904756,3604,371667,5
27896.254578754582,3605,371718,6
21142.05243567772,3606,371789,5
9458.159194176995,3607,371842,4
29678.849736864453,3608,371900,6
29722.489817224625,3609,372013,6
34734.37728228943,3610,372066,6
44632.80178112222,3611,372163,7
22416.81055056055,3612,372193,5
106417.06170258082,3613,372382,13
-10968.741744366745,3614,372645,7
8614.512653239433,3615,372702,4
23796.783268331255,3616,372754,5
11311.990162615164,3617,372861,5
4276.136502386505,3618,373090,7
42344.68864468865,3619,373176,7
34299.18331668332,3620,373219,6
44685.58980063625,3621,373346,8
18971.381094395798,3622,373402,5
22556.076211370328,3623,373437,5
24273.659727785114,3624,373479,5
19017.272727272728,3625,373541,5
8513.066378066376,3626,373572,4
21914.441699604744,3627,373592,5
44351.56385560604,3628,373683,7
24451.240619330794,3629,373775,6
49794.36507936509,3630,373847,8
-11435.884393384395,3631,374007,5
26833.62373737374,3632,374062,6
72092.5143499002,3633,374176,10
32254.671057571606,3634,374237,6
41993.584471084476,3635,374308,7
64849.872132511475,3636,374463,10
21305.464812964812,3637,374504,5
29002.559523809523,3638,374537,6
44553.32284137431,3639,374630,7
20871.12665112665,3640,374669,5
55261.38482024514,3641,374805,9
10118.050144300143,3642,374871,5
10255.802322677322,3643,374892,4
49121.594975586835,3644,375016,8
28461.375430125438,3645,375139,7
52349.550240995675,3646,375228,8
58799.23737494389,3647,375341,9
41548.89509086508,3648,375391,7
83342.67094017092,3649,375507,11
32951.232704558926,3650,375563,6
51568.02898447441,3651,375670,8
72648.89874014878,3652,375789,10
19383.62028494382,3653,375842,5
28225.932539682548,3654,375882,6
22117.984980061217,3655,375944,5
16374.218004218003,3656,376013,5
37719.215367965364,3657,376081,7
6286.247637166754,3658,376187,5
19427.672605172604,3659,376238,5
49209.62641117054,3660,376330,8
27725.75396825397,3661,376375,6
33880.35367410368,3662,376430,6
19257.83593841808,3663,376499,5
20855.84909371674,3664,376542,5
29284.9290986791,3665,376595,6
33073.91947255532,3666,376645,6
14168.345184227537,3667,376733,5
42373.59914187121,3668,376835,7
54369.58333333333,3669,376880,8
32844.20939762852,3670,376940,6
41910.79289125383,3671,377011,7
52466.04256854257,3672,377071,8
36441.05279613112,3673,377130,6
30961.898240648236,3674,377207,6
33277.43853841377,3675,377268,6
62113.80921065521,3676,377409,9
29922.218169901997,3677,377491,6
17515.768422753725,3678,377567,5
11300.019890240479,3679,377675,6
15630.853174603175,3680,377724,5
17483.761169386176,3681,377795,5
23422.94444332757,3682,377843,5
14140.262792762807,3683,377917,5
41224.71889221887,3684,378059,8
29246.88346375846,3685,378124,6
21686.01806732999,3686,378277,7
28228.91843407711,3687,378401,7
17879.206091895718,3688,378461,5
21519.202267694236,3689,378551,5
15527.213961434163,3690,378623,5
21489.624876757225,3691,378662,5
21768.599953967594,3692,378707,5
18797.321428571428,3693,378726,5
21622.868936618936,3694,378757,5
22599.551004551005,3695,378793,5
98184.68334275801,3696,379022,12
57830.71900794423,3697,379128,8
22997.585065201765,3698,379169,5
80583.94369519372,3699,379252,10
83217.07115188734,3700,379375,11
15760.489126886188,3701,379454,5
11899.453463203457,3702,379617,6
18440.569985569986,3703,379694,6
16810.66581702611,3704,379765,5
21283.527167277167,3705,379810,5
19247.277820218995,3706,379877,5
17028.201659451657,3707,379983,6
19198.92316017316,3708,380081,6
44249.65007215007,3709,380129,7
19209.884004884007,3710,380193,5
21812.389971139975,3711,380240,5
79689.97655122656,3712,380381,11
38359.87186102511,3713,380443,7
19490.660173160177,3714,380481,5
14095.542929292931,3715,380541,5
20653.661754911755,3716,380588,5
3096.856476856477,3717,380648,4
33389.01168276169,3718,380760,7
15706.857864357864,3719,380823,5
8343.747342698582,3720,380978,6
45837.23201918854,3721,381054,7
24275.964635854343,3722,381074,5
85584.50715950716,3723,381188,11
-8205.833333333334,3724,381374,7
95341.90545565543,3725,381592,13
19371.04242979243,3726,381637,5
17553.43253968254,3727,381679,5
17286.65087771705,3728,381727,5
29750.7215007215,3729,381824,7
19997.966824841817,3730,381907,6
10394.484126984127,3731,381992,5
7974.278846153844,3732,382053,5
24215.712845805727,3733,382147,6
74556.76455446,3734,382320,11
16632.883504094803,3735,382471,7
30182.62806637807,3736,382518,6
45142.05821955821,3737,382635,8
93375.39660653245,3738,382894,13
21675.17565170841,3739,382933,5
15059.065106719896,3740,383049,5
34808.87619282162,3741,383089,6
-999.8951048951051,3742,383115,3
25020.46980045239,3743,383260,7
10569.404761904761,3744,383273,4
12888.769841269841,3745,383326,5
14229.526029526027,3746,383386,5
32647.947386505824,3747,383450,6
119838.52411069322,3748,383642,14
22414.332254218083,3749,383698,5
19578.690476190473,3750,383728,5
22951.453823953816,3751,383752,5
-23342.575757575753,3752,383918,5
32494.747474747484,3753,383977,6
1299.5598845598847,3754,384029,4
15792.630008880013,3755,384089,5
14082.501007978954,3756,384189,5
37064.80752907221,3757,384284,7
30644.451771139058,3758,384450,7
31109.735542235554,3759,384605,7
38109.902597402615,3760,384684,7
20255.411255411254,3761,384718,5
59800.994005994005,3762,384777,8
44514.38464313467,3763,384892,8
34246.70412920412,3764,385043,8
64289.3567874334,3765,385283,11
22681.0076035076,3766,385319,5
55186.627773885884,3767,385413,8
29753.142001617227,3768,385482,6
21251.023282273276,3769,385546,5
23196.477133977136,3770,385574,5
15176.693510737627,3771,385657,5
22792.421409859486,3772,385733,5
30636.842321764918,3773,385826,6
47702.61363636363,3774,385934,8
18659.9512987013,3775,385971,5
12530.984118650527,3776,386077,5
32803.81329261553,3777,386147,6
32305.412291956403,3778,386286,8
19650.29761904762,3779,386318,5
10222.445609945607,3780,386410,5
72982.97562950836,3781,386590,10
34557.14674214673,3782,386689,7
69737.83105740149,3783,386846,10
40516.3600982351,3784,386950,7
30736.400438359662,3785,387032,6
52779.218304681446,3786,387135,8
56718.92341318814,3787,387427,11
-48252.49742904155,3788,387707,5
-2262.857142857143,3789,387719,3
8667.611832611832,3790,387872,6
-13109.99301694029,3791,388118,6
35911.26258545376,3792,388301,8
14849.821428571435,3793,388389,6
23088.001998001997,3794,388427,5
28309.850704850705,3795,388482,6
36457.91138747509,3796,388546,6
32205.60078810079,3797,388596,6
50325.271796916546,3798,388665,8
22429.968601108812,3799,388711,5
52646.790138610966,3800,388826,8
35047.68353378648,3801,388896,6
29402.956438828962,3802,389003,6
18059.750803676892,3803,389068,5
20537.883366633367,3804,389125,5
14672.909047044695,3805,389258,6
34751.85071872572,3806,389551,11
22188.919552669562,3807,389652,6
-8759.498556998558,3808,389852,7
21889.850406945996,3809,389884,5
10737.668279432988,3810,389927,4
21039.690448440455,3811,390133,9
22002.808580308574,3812,390179,5
29670.654761904763,3813,390210,6
46269.66687660166,3814,390274,7
32689.835581085583,3815,390327,6
39953.41283716285,3816,390419,7
30777.250249750246,3817,390490,6
22042.536496011726,3818,390555,5
22668.18672233339,3819,390621,5
32129.087301587304,3820,390654,6
17894.77092352092,3821,390720,5
56517.4551837052,3822,390805,8
-873.7928737928739,3823,390822,3
28795.149107428522,3824,390886,6
17038.252164502166,3825,390937,5
28494.231879231884,3826,391028,6
21859.536701903187,3827,391098,5
17677.018675768682,3828,391137,5
18799.891774891774,3829,391176,5
15104.664224664226,3830,391252,5
19374.25865800866,3831,391328,6
13922.377028716039,3832,391378,5
-3117.340298590294,3833,391491,5
6214.827282495623,3834,391688,7
-1840.2285214785204,3835,391818,5
-44479.1283022533,3836,392119,6
48032.2508047508,3837,392257,8
50618.55477855477,3838,392458,10
-6708.214285714284,3839,392567,5
12635.903818403818,3840,392678,6
-5701.371683871685,3841,392764,4
-1883.20165945166,3842,392787,3
-36424.68253968254,3843,392954,4
70038.94986504577,3844,393196,11
5355.992063492062,3845,393228,4
-25389.04656662717,3846,393518,7
23979.421966921964,3847,393548,5
33350.736346986356,3848,393580,6
53432.10219347218,3849,393671,8
-13136.726190476189,3850,393828,5
-70833.70906870907,3851,394372,8
11620.295121545121,3852,394432,5
26717.607181689993,3853,394538,6
21138.293160807134,3854,394575,5
31987.687957467362,3855,394686,7
8731.060871533007,3856,394722,4
22720.93795093795,3857,394785,6
25330.64333576133,3858,394867,5
18950.518093018098,3859,394909,5
21525.49603174603,3860,394938,5
39296.43231768231,3861,395022,7
45924.1124153624,3862,395134,8
59288.38299364035,3863,395255,9
26297.65637140637,3864,395345,6
16709.999999999996,3865,395397,5
10838.472222222223,3866,395413,4
29091.612415362408,3867,395501,6
38152.62783204928,3868,395620,7
21896.24270058287,3869,395670,5
30513.05685843225,3870,395723,6
19733.21137196138,3871,395789,5
13406.954018204018,3872,395857,5
13803.9811910226,3873,395929,5
-20894.13295038295,3874,396089,4
20669.988916312446,3875,396126,5
18630.297435407734,3876,396194,5
17696.759016697095,3877,396244,5
-15287.992567073465,3878,396470,6
36256.08391608392,3879,396626,9
34798.42984543837,3880,396710,7
29269.08351044381,3881,396767,6
15367.306443556441,3882,396849,5
20668.530986986872,3883,396877,5
29908.095238095237,3884,396913,6
11027.37505369027,3885,396933,4
38919.65099851129,3886,397013,7
4031.9487456987426,3887,397297,7
28029.258658008657,3888,397381,7
63517.13569926807,3889,397481,9
34791.660500193255,3890,397533,6
43011.83261183261,3891,397615,8
1699.196570972888,3892,397718,5
16846.666666666664,3893,397756,5
15673.294899544897,3894,397872,6
19947.12525091008,3895,397979,6
10785.683205683205,3896,398049,5
25938.885281385283,3897,398115,6
11162.436591186592,3898,398244,6
-1067.1717171717173,3899,398257,3
20042.79910040939,3900,398322,5
17974.44805194805,3901,398367,5
46007.5745373907,3902,398485,8
49596.765873015866,3903,398540,8
57761.690380697735,3904,398604,8
36475.090950715945,3905,398692,7
41613.606915959856,3906,398780,7
110419.40896972825,3907,399029,14
21359.471500721505,3908,399063,5
39102.60350760351,3909,399162,7
32399.812675070025,3910,399198,6
20934.59054834055,3911,399232,5
31806.316738816735,3912,399272,6
17951.924450893108,3913,399372,5
44192.57825507827,3914,399428,7
31221.516334972217,3915,399508,6
15855.290871409292,3916,399555,5
20489.944083694085,3917,399583,5
33764.37824473429,3918,399683,7
32412.67347947217,3919,399746,6
35599.98697617312,3920,399908,8
7978.645651733886,3921,400029,5
15244.644111926718,3922,400083,5
16091.035689671518,3923,400151,5
17500.040653790653,3924,400203,5
21913.76160990712,3925,400217,5
20628.51251345834,3926,400245,5
30737.067099567103,3927,400289,6
18006.417748917742,3928,400324,5
84552.67066267069,3929,400467,11
99787.99991674989,3930,400657,13
40824.81962481961,3931,400719,7
21140.607460350104,3932,400761,5
30896.287482941894,3933,400819,6
-2317.678571428571,3934,400835,3
29849.43227304097,3935,400892,6
-14533.025446775442,3936,401101,5
-9720.530086743318,3937,401370,6
-23060.852333604395,3938,401657,6
42268.04473304473,3939,401778,8
40594.30621665916,3940,401891,8
32015.61699738171,3941,401954,6
38111.26283438784,3942,402030,7
-10048.683485417216,3943,402303,7
30458.559965576216,3944,402427,7
20108.047577422578,3945,402480,5
15813.592441700031,3946,402548,5
55938.09425334092,3947,402650,8
22319.890993079847,3948,402728,6
39928.967421467416,3949,402812,7
54492.408008658036,3950,403021,11
8382.532655253244,3951,403145,6
39296.70376121463,3952,403219,7
11953.27890891359,3953,403385,6
39819.2790693139,3954,403510,7
-1469.789418098238,3955,403667,5
-5570.063657317916,3956,403809,5
-415.8101620601592,3957,403970,6
16553.126179376184,3958,404016,5
48563.949237037465,3959,404190,9
-2409.3684460963864,3960,404384,6
9030.53571428572,3961,404554,7
34018.12553867699,3962,404729,8
46701.41246381495,3963,404797,7
-1082.3256604506632,3964,404929,6
18701.369047619046,3965,405005,6
-23959.70063476255,3966,405364,8
-64133.75235875236,3967,405751,6
20111.713564213565,3968,405784,5
-3598.7554112554117,3969,405810,3
32476.650294150277,3970,405989,8
41677.72081805363,3971,406067,7
21001.091269841272,3972,406089,5
47122.970779220785,3973,406217,9
19859.170274170276,3974,406244,5
17404.89465234627,3975,406435,7
10894.093585937626,3976,406584,6
45705.69610944611,3977,406644,7
77997.88914924943,3978,406828,11
33057.09845301757,3979,406868,6
47876.463976127234,3980,407073,9
26815.265151515145,3981,407159,6
19780.360055536137,3982,407225,5
25029.425792430837,3983,407410,8
3934.285714285713,3984,407453,4
23392.930125430128,3985,407481,5
60747.42576588357,3986,407578,9
-1472.026806100981,3987,407703,5
22895.496031746028,3988,407813,7
45509.455215407244,3989,407953,8
98236.74075107899,3990,408110,12
65018.229928624205,3991,408223,9
64897.48305091135,3992,408352,9
20629.563785887312,3993,408409,5
21193.932248307246,3994,408465,5
11662.368326118329,3995,408538,5
34716.94387698645,3996,408602,6
21460.538905538906,3997,408631,5
622.8865334012389,3998,408751,5
9361.055194805194,3999,408886,5
4774.588605838608,4000,409108,6
52270.94696969696,4001,409372,11
22768.019480519484,4002,409542,8
24467.693269922373,4003,409638,6
31884.83775447978,4004,409707,6
15157.243520368524,4005,409778,5
16368.123452699692,4006,409833,5
9679.195396107163,4007,409862,4
38834.26905352988,4008,409961,7
45914.40273370421,4009,410008,7
-3652.3031135531155,4010,410158,5
18570.99025974026,4011,410237,5
-639.2857142857147,4012,410247,3
29318.99895855778,4013,410315,6
3798.0278042390973,4014,410516,7
7578.14935064935,4015,410546,4
39355.5848844381,4016,410646,7
29494.990422159535,4017,410773,7
27655.89688089688,4018,410860,6
-23198.35555375997,4019,411033,5
58372.877816627806,4020,411140,9
7534.688739193392,4021,411451,8
-8918.333333333332,4022,411622,5
17609.53282828283,4023,411674,5
10814.898989898988,4024,411741,5
16942.851176601172,4025,411806,5
3881.587301587302,4026,411855,4
-5539.294594294595,4027,412070,6
-2897.0566933066916,4028,412252,6
35836.91893074246,4029,412369,7
9897.5,4030,412386,4
31375.6105006105,4031,412422,6
22176.13025863026,4032,412470,5
53415.14818514818,4033,412515,8
20845.45113586677,4034,412577,5
7131.150793650796,4035,412639,5
17565.99060661561,4036,412677,5
50390.268065268094,4037,412781,9
18228.981018981023,4038,412829,5
17741.960261960263,4039,412874,5
-10438.173631923632,4040,412979,4
10365.862748362746,4041,413054,5
-20603.939137816615,4042,413258,5
17243.591269841272,4043,413496,9
25732.86079116961,4044,413589,6
-5425.999278499276,4045,413715,5
33318.973387723374,4046,413969,10
17111.351703851695,4047,414090,6
19867.82828282828,4048,414159,6
14187.575757575763,4049,414352,8
12575.866563991563,4050,414478,6
-5627.777777777777,4051,414506,3
-80764.36313686315,4052,414800,3
12845.53136878601,4053,414923,5
20834.011715408782,4054,415064,6
6604.226190476191,4055,415175,5
18332.128982128987,4056,415288,6
105730.92990342987,4057,415405,13
18027.440476190477,4058,415433,5
16601.28427128427,4059,415483,5
41256.1335886336,4060,415564,7
52778.32725496038,4061,415705,9
-964.5531319815386,4062,415870,5
-21782.985347985334,4063,416184,5
44546.75150013387,4064,416369,9
21728.41255966256,4065,416405,5
85536.26224287409,4066,416584,12
29283.493034743038,4067,416622,6
19708.12846875347,4068,416661,5
82722.56188256186,4069,416786,11
3322.5198412698437,4070,416934,6
37188.69847816441,4071,417035,7
-8808.365800865797,4072,417269,6
40953.23762986015,4073,417371,7
10104.489413758492,4074,417412,4
22329.10062160062,4075,417560,7
24499.927294927304,4076,417700,7
21213.78565620826,4077,417746,5
-28612.716450216463,4078,418018,7
-60635.3409090909,4079,418479,8
-6290.76964701965,4080,418645,5
445.57627829686317,4081,418780,5
27174.60342292091,4082,418943,7
23043.8769400534,4083,419181,9
31710.595238095233,4084,419283,7
15851.890331890334,4085,419338,5
26350.098928419357,4086,419487,8
21116.072816072818,4087,419634,7
28555.782412032408,4088,419754,7
-1087.4604358060267,4089,419960,6
27760.77200577201,4090,419997,6
22568.500405468287,4091,420257,9
10529.58152958153,4092,420322,5
17072.94372294372,4093,420378,5
22529.465256965257,4094,420395,5
35185.83832833834,4095,420687,11
48462.99811299812,4096,420935,11
7211.055194805194,4097,421024,5
14627.752457810508,4098,421105,5
-9101.364836144247,4099,421336,6
-28141.048915180098,4100,421652,5
27182.49467036231,4101,422058,12
44230.40098790099,4102,422133,7
8731.7203221615,4103,422257,6
-1492.299367299367,4104,422275,3
-2209.464285714286,4105,422286,3
5038.820941055848,4106,422325,4
13166.607142857143,4107,422342,4
19399.50361429077,4108,422402,5
10741.1392679388,4109,422535,5
-4944.365079365076,4110,422598,4
-2815.476190476191,4111,422609,3
2910.115440115447,4112,422828,7
23560.16844266844,4113,422868,5
-16738.147546897537,4114,423094,6
92862.73370398956,4115,423271,12
-962.929292929293,4116,423282,3
-742.5137362637306,4117,423432,5
1130.1587301587301,4118,423443,3
-1118.8383838383838,4119,423454,3
9026.686924186926,4120,423569,5
21377.91666666667,4121,423592,5
14361.140696678627,4122,423676,5
2436.937229437233,4123,423826,6
9473.001443001445,4124,423870,4
-8778.192640692641,4125,424031,5
-3578.8291478398714,4126,424170,5
-35786.71897546896,4127,424407,5
-2899.945887445888,4128,424429,3
15703.195038395523,4129,424657,7
12652.071955821957,4130,424725,5
21889.03985507246,4131,424766,5
12321.553030303032,4132,424848,5
14252.261904761908,4133,424894,5
14789.520479520483,4134,424962,5
11366.820401820405,4135,425112,7
11161.057692307691,4136,425125,4
-49364.50639638137,4137,425505,7
-982.6839826839828,4138,425520,3
22574.411560661556,4139,425641,6
12334.939782439782,4140,425714,5
29247.313797313796,4141,425767,6
-749.6428571428569,4142,425780,3
20946.33222878772,4143,425930,6
10696.522758287467,4144,425965,4
-13848.257601961166,4145,426160,5
9868.837139168016,4146,426437,8
-1852.6190476190477,4147,426448,3
4813.234126984126,4148,426525,5
44364.07536907538,4149,426648,8
10662.777777777776,4150,426661,4
21098.503802698844,4151,426718,5
8044.724025974025,4152,426742,4
38105.25613275613,4153,426829,7
35628.67327117327,4154,426968,8
30624.558011433008,4155,427039,6
16168.154761904763,4156,427138,6
36264.65548340548,4157,427241,7
20627.847707847704,4158,427294,5
30034.214127161114,4159,427577,10
-42752.179070929065,4160,427870,5
-9427.131232200894,4161,428108,6
12611.222804972804,4162,428167,5
36132.32773096358,4163,428302,7
39032.082753847455,4164,428404,7
44345.72795260296,4165,428487,7
26784.85820960086,4166,428593,6
34888.70958698165,4167,428684,7
35779.32213813021,4168,428741,6
49936.36422272257,4169,428874,8
285.984687826793,4170,429009,5
-3294.444444444444,4171,429031,3
12358.98433848797,4172,429143,5
-47899.82142857141,4173,429432,5
-5444.642857142857,4174,429460,3
2328.8694638694615,4175,429580,5
13870.61244268287,4176,429774,7
13201.536796536797,4177,429836,5
7947.559385059389,4178,429927,5
161.51119973227605,4179,430048,4
7347.974386724385,4180,430157,5
20050.69646598671,4181,430247,6
15381.197691197689,4182,430349,6
70944.63522588523,4183,430522,11
42641.84167140049,4184,430774,10
37204.77258852259,4185,430910,8
19026.757339882337,4186,431040,6
9780.108225108226,4187,431132,5
3593.091377576671,4188,431250,5
6123.392857142858,4189,431372,6
27099.264416139413,4190,431454,6
20190.357142857145,4191,431614,8
5577.943722943718,4192,431728,5
15453.260537836775,4193,431807,5
-29220.238095238084,4194,431920,3
-24773.746253746263,4195,432189,6
-32603.102533216712,4196,432379,4
8761.309578364537,4197,432492,5
5640.340354090354,4198,432669,7
5979.845573056636,4199,432790,5
-5187.89405039405,4200,432824,3
9738.047114564142,4201,432924,5
7639.159308249444,4202,433086,5
32709.731637471596,4203,433228,7
4390.802947052948,4204,433289,4
10669.060245310246,4205,433362,5
35163.84701298014,4206,433416,6
20814.66366966367,4207,433436,5
43462.74558774559,4208,433509,7
11457.482683982684,4209,433528,4
42230.405844155845,4210,433594,7
73090.36573720395,4211,433726,10
125225.25269664974,4212,433943,15
53771.22355585594,4213,434171,10
20528.483183483186,4214,434260,6
-2355.595238095238,4215,434271,3
14720.282666679728,4216,434493,8
-10083.85461760461,4217,434712,6
-40943.67913132618,4218,435027,6
2561.9298756798744,4219,435082,4
-83221.79522275113,4220,435561,7
26843.64587876005,4221,435954,11
22345.01665001665,4222,435976,5
27663.03521706191,4223,436052,6
17417.627650127648,4224,436120,5
8291.489148965928,4225,436246,5
-12291.940273134158,4226,436303,3
24604.92530345471,4227,436369,6
1603.792041292041,4228,436473,5
12678.625957375956,4229,436549,5
136727.88974913978,4230,436775,17
30467.31019346151,4231,436868,6
60224.762124349065,4232,436999,9
20621.526822850356,4233,437046,5
21341.43282662583,4234,437120,5
21391.490107021717,4235,437200,5
65080.84351922588,4236,437346,10
17918.825757575756,4237,437629,9
53476.191020050304,4238,437743,8
5738.470418470421,4239,437776,4
45480.11165133457,4240,437913,8
41984.09174159174,4241,437983,7
43473.19216730982,4242,438052,7
71719.165001665,4243,438188,10
17164.102082557965,4244,438303,6
-534.2279942279895,4245,438413,5
32206.0865074468,4246,438640,9
22084.71162007927,4247,438671,5
30521.25,4248,438696,6
32514.03891191144,4249,438776,6
43337.825987437056,4250,438906,8
36268.65005092947,4251,439005,7
23327.804749644918,4252,439060,5
12379.472984445894,4253,439276,8
800.7595182595182,4254,439294,3
-12699.27841357988,4255,439493,5
-67205.24599927072,4256,439980,7
30211.03488015252,4257,440265,10
46397.19632083601,4258,440387,8
17614.588322753963,4259,440459,5
-141495.75077700056,4260,441207,5
-8112.734487734488,4261,441249,3
21899.524364524357,4262,441399,7
-7571.064966809933,4263,441564,5
50267.27702444614,4264,441728,9
28337.51389949919,4265,441813,6
38393.92399267398,4266,441905,7
20732.32142857143,4267,441935,5
66418.82761213784,4268,442109,9
-11829.703074703082,4269,442462,7
4918.924019307149,4270,442632,6
49814.57500832502,4271,442761,9
3249.282771751815,4272,442906,5
6053.1351809525295,4273,443040,5
-2075.892857142857,4274,443050,3
11400.446997990493,4275,443132,5
18788.56012565529,4276,443182,5
1484.2857142857135,4277,443273,5
40544.31869600986,4278,443438,8
51634.524850149865,4279,443633,10
44820.9632034632,4280,443757,8
33448.255590513734,4281,443905,7
13113.898462648463,4282,444145,8
42051.5834777967,4283,444284,8
81998.30982377614,4284,444458,12
43463.886807636794,4285,444581,8
1035.2374912669034,4286,444773,6
-34486.655844155845,4287,445068,5
8939.668444730363,4288,445173,5
16374.91235952729,4289,445583,10
33386.43023643024,4290,445773,9
12481.738816738805,4291,445918,6
-2842.53595669037,4292,446070,5
15342.023452983205,4293,446342,9
24004.404761904763,4294,446379,6
67340.13406038408,4295,446485,9
12312.933896169192,4296,446504,4
20951.304070325812,4297,446542,5
34093.2683982684,4298,446576,6
21960.361502317774,4299,446624,5
24960.26615979293,4300,446692,5
28893.855866738737,4301,446748,6
15173.928571428574,4302,446780,5
25044.011360371653,4303,446858,6
22357.96722884958,4304,446947,6
38612.52697616281,4305,447081,8
-362.7777777777776,4306,447098,3
10357.993534243533,4307,447242,6
17117.916666666668,4308,447403,7
-74231.17243867244,4309,447837,6
21887.85714285714,4310,447864,5
11087.210428460427,4311,447955,5
31007.022841709375,4312,448348,11
-13350.392964878258,4313,448698,7
-4801.065821433469,4314,448891,6
11017.797341547344,4315,448923,4
16204.19622044622,4316,448982,5
29301.773920523927,4317,449050,6
19342.03823953824,4318,449082,5
15587.007101086047,4319,449145,5
22100.19841269842,4320,449390,9
5641.694416694423,4321,449548,6
7524.502580752579,4322,449573,4
12262.864406190645,4323,449943,9
-3762.1167476314395,4324,450299,8
110388.17479368752,4325,450536,14
9927.261904761906,4326,450553,4
20307.46401765701,4327,450614,5
44209.08433886376,4328,450707,7
2785.734404484403,4329,450803,5
32510.645816601693,4330,451031,9
-18006.710013197986,4331,451871,14
18860.634920634922,4332,451945,6
20745.273406718843,4333,452004,5
73334.77702852701,4334,452151,10
30916.033227393513,4335,452286,7
-54935.714130640605,4336,452688,6
22309.61685437885,4337,452722,5
67213.67098587689,4338,452964,11
2039.6859268182789,4339,453274,8
855.8023226773216,4340,453351,4
-12116.177834033848,4341,453787,8
13353.572359657881,4342,453980,6
19649.394078144072,4343,454235,9
49257.3556998557,4344,454322,8
36809.52548247247,4345,454522,9
-15600.270323716548,4346,455025,9
33896.305193774235,4347,455323,10
26990.11523199023,4348,455571,9
-494.44444444444434,4349,455582,3
22504.123515373507,4350,455647,6
6966.031746031746,4351,455686,4
27941.53818403819,4352,455792,6
21489.257904762926,4353,455945,6
8079.081963143504,4354,456230,7
11351.44457722734,4355,456310,5
-1956.5956021102966,4356,456606,7
-472.38693496046665,4357,456864,6
-3942.828282828282,4358,456893,3
-46918.25396825397,4359,457183,5
-4164.844997838417,4360,457346,6
11614.916135038293,4361,457455,5
24780.176926831347,4362,457604,7
17852.19158206775,4363,457664,5
-3995.6357531357503,4364,457802,5
15084.425574425573,4365,457876,5
5676.116459438688,4366,458120,6
13083.626421952667,4367,458389,8
-18532.92540792541,4368,458545,5
39333.528269760856,4369,458743,10
19085.72344322344,4370,458793,5
-35973.20887445887,4371,459057,6
-1244.2750305250288,4372,459232,6
2607.5343284166847,4373,459400,6
6242.73414085914,4374,459443,4
38972.66872016873,4375,459611,8
35821.07910250561,4376,459706,7
50388.07359307359,4377,459838,9
34891.4909767735,4378,459919,6
36028.67402205639,4379,459997,7
31587.595966125376,4380,460059,6
34439.19955044953,4381,460212,8
7078.991702741704,4382,460351,6
-1437.3690198690178,4383,460496,5
-28006.179094598203,4384,460787,6
44812.49564848638,4385,460962,9
-37729.08952287822,4386,461370,8
-3564.7311022311023,4387,461401,3
47380.78823953824,4388,461481,8
37387.7321412248,4389,461679,8
16538.774975024975,4390,461770,6
-33185.81349206349,4391,462068,6
-29530.530811017536,4392,462524,6
39355.15422486011,4393,462856,12
82942.4111950272,4394,462992,10
11908.869047619046,4395,463039,5
29932.746350871344,4396,463171,7
37765.268113594335,4397,463314,8
31488.800658835476,4398,463468,7
5673.572261072261,4399,463660,6
40871.508830222054,4400,463747,7
30344.131036447216,4401,463809,6
14787.562437562432,4402,464027,8
-27006.32583833435,4403,464509,8
12042.01943481355,4404,464584,5
33995.37337662337,4405,464692,7
53971.565685776215,4406,464827,9
35331.470473970476,4407,464994,8
-47436.70613700026,4408,465330,6
-15724.285714285714,4409,465393,3
66448.46610798044,4410,465587,11
81962.5084270305,4411,465828,12
-12981.230810192783,4412,466178,6
3840.260989010982,4413,466478,8
18205.03463512752,4414,466563,5
21434.567435703277,4415,466687,6
15348.154761904756,4416,466815,6
28378.015595515597,4417,466899,6
3151.5356626237462,4418,467103,6
-66018.62341498377,4419,467559,6
19808.876262626265,4420,467655,6
4290.041486291488,4421,467699,4
33139.99569874569,4422,467835,8
6833.694083694084,4423,468011,7
6676.856199356201,4424,468167,6
-52845.009157509194,4425,468634,8
-18026.309523809527,4426,468878,6
9058.089826839827,4427,468968,5
-66690.5143478383,4428,469498,8
38355.73246198246,4429,469650,9
61616.947635697645,4430,469838,11
22638.684581701826,4431,469858,5
-1028.946608946609,4432,469879,3
-13222.546897546898,4433,469937,3
1089.1663891663898,4434,469952,3
-21466.064213564212,4435,470097,4
11581.391190508824,4436,470522,11
24664.563492063488,4437,470655,7
2302.586857586859,4438,470727,4
18844.49453324453,4439,470784,5
-31074.56349206349,4440,470978,5
9972.65196324592,4441,471028,4
47640.16846994599,4442,471325,10
20713.181735275375,4443,471658,10
12296.897546897548,4444,471745,5
-5856.4932779638575,4445,471975,6
29418.841876862367,4446,472199,7
-2184.71156845093,4447,472409,6
29848.187975809877,4448,472770,10
13652.484042445358,4449,472911,6
18517.527458351764,4450,472943,5
-17863.11410811411,4451,473008,3
8446.138167388168,4452,473040,4
47564.24131424132,4453,473269,10
-35625.03746253747,4454,473477,4
-5670.472860472869,4455,473705,6
-633.9285714285716,4456,473715,3
-1013.847402597404,4457,473883,5
20681.342546342545,4458,473935,5
33450.85317460317,4459,473995,6
3830.5970418470415,4460,474100,5
35188.85315088545,4461,474251,7
37407.78305028303,4462,474384,7
20628.28601953602,4463,474414,5
1635.23695301946,4464,475221,13
-1123.7554112554114,4465,475244,3
-16696.176948051947,4466,475448,5
55962.20765034794,4467,475726,11
8652.996447996447,4468,475761,4
-29931.845295834653,4469,476010,6
14375.657894736842,4470,476055,5
-8753.86904761905,4471,476170,5
9963.308080808085,4472,476319,6
59095.068383843536,4473,476410,8
25621.466331870757,4474,476625,8
35441.20143745144,4475,476705,7
77755.50394050394,4476,476849,11
19078.34054834055,4477,476894,5
16793.52247017683,4478,477166,8
-59988.855103230104,4479,477639,7
41875.62462863934,4480,477719,7
32239.260544909695,4481,477892,8
2880.2687590187556,4482,477941,4
20010.912306003254,4483,478128,7
-9963.805431110002,4484,478270,5
40009.35721313431,4485,478469,8
45304.183762190965,4486,478630,8
-9514.474202268322,4487,478788,5
46101.81717877925,4488,479014,9
19029.28571428571,4489,479080,6
58831.40498390499,4490,479192,9
31880.710442938696,4491,479302,7
22100.652624808976,4492,479354,5
-8537.503566694744,4493,479542,6
15597.414183039184,4494,479587,5
29323.308442503494,4495,479920,11
32578.180920386796,4496,479984,6
41820.08739626386,4497,480102,7
62248.943397933326,4498,480206,9
22661.588328657705,4499,480247,5
-5925.737734487732,4500,480373,5
17918.98517590082,4501,480422,5
18600.897448140113,4502,480706,9
-69851.10028860025,4503,481064,3
-11571.977793448386,4504,481433,9
29835.493192093447,4505,481895,12
-3347.6190476190477,4506,481914,3
-4402.395787477058,4507,482191,7
36545.22258185571,4508,482297,7
10446.862165612169,4509,482484,7
8092.258019758021,4510,482596,5
24090.99109224111,4511,482712,6
8274.72852719177,4512,482864,6
31156.30562378947,4513,483060,8
38943.47378928261,4514,483202,8
33034.53127410945,4515,483272,6
66386.6440561932,4516,483383,9
-25346.65182040184,4517,483863,9
-36827.67857142859,4518,484004,3
15342.2678138257,4519,484199,7
3541.9819069819064,4520,484302,5
6081.706349206349,4521,484404,5
22389.225496725492,4522,484486,6
-22545.190079528318,4523,484763,5
-39835.67432567433,4524,485057,6
45031.59893211362,4525,485182,8
20651.836020017134,4526,485259,5
55987.775696525685,4527,485349,8
-1290.1785714285713,4528,485362,3
88338.99480765185,4529,485731,15
15276.510711510706,4530,485805,5
367.5595238095284,4531,486016,7
4163.112165612165,4532,486122,5
-607.1428571428571,4533,486132,3
-9304.146825396823,4534,486189,3
-56305.10432635823,4535,486757,7
26846.4140924435,4536,486932,7
14204.659090909088,4537,487001,5
30740.283189033187,4538,487113,7
33930.07808368104,4539,487202,7
24174.88949775714,4540,487313,6
44521.4106032856,4541,487447,8
-62018.5953313972,4542,487922,5
-12518.88888888889,4543,488054,4
-8471.596320346318,4544,488246,6
24927.529068154072,4545,488403,7
-88556.5187590188,4546,488892,5
29910.636446886445,4547,488923,6
5691.968865146835,4548,489007,4
29729.006132756123,4549,489144,7
9779.55447330447,4550,489217,5
15069.26587301587,4551,489320,6
-12832.685920460694,4552,489584,5
-1137.860751649458,4553,490063,10
14103.185099728125,4554,490171,6
23789.81462981462,4555,490304,7
-20178.807418931257,4556,490648,5
-28237.668026418025,4557,491069,6
-7059.423493173488,4558,491454,9
26025.15331890332,4559,491630,8
18023.213869463874,4560,491828,7
8881.830065359476,4561,491854,4
182.4997224997228,4562,491870,3
19246.34986745281,4563,492026,7
21019.01294409177,4564,492145,6
22653.472222222223,4565,492249,7
16771.925770308124,4566,492279,5
43580.32658646823,4567,492355,7
20254.890338419747,4568,492406,5
25901.0834998335,4569,492466,6
-43421.33644133645,4570,492788,5
41490.93247987937,4571,493110,10
38185.9104547843,4572,493234,7
21442.361870585555,4573,493266,5
37059.891931739745,4574,493327,7
21263.59820734821,4575,493365,5
58453.69679555052,4576,493544,10
12752.058298430471,4577,493995,11
-27170.126262626265,4578,494235,6
50329.38105345809,4579,494439,9
-21174.852010090028,4580,494785,8
5484.684204684205,4581,494818,4
-65794.74858882948,4582,495520,8
10255.013332078548,4583,495545,4
-4466.509462759464,4584,495744,5
37352.63948877918,4585,495912,8
14558.964646464647,4586,495987,5
14890.406399156396,4587,496066,5
20998.279786948522,4588,496185,6
17091.558996558997,4589,496374,7
-49539.20034493368,4590,496972,7
71013.70344524753,4591,497338,13
40722.94164169164,4592,497420,7
19131.19011707247,4593,497520,6
15307.108056202482,4594,497583,5
19991.667872246428,4595,497845,7
17875.52748313779,4596,498174,9
17551.62182588654,4597,498349,7
23229.73615436851,4598,498389,5
27983.043731509297,4599,498480,6
17185.51753801754,4600,498628,7
20235.683830058824,4601,498772,6
-4640.396825396825,4602,498787,3
-15461.500444000443,4603,498879,3
24416.645423075366,4604,499131,8
17362.354033780113,4605,499200,5
71892.92133691903,4606,499427,11
7648.321955821959,4607,499545,5
861.0258042610981,4608,499595,4
14579.584720834715,4609,499669,5
21428.744033744028,4610,499775,6
28840.94197469197,4611,500006,9
-47870.53071928073,4612,500303,5
-73617.31251156368,4613,500970,6
-11497.768759018752,4614,501369,9
529.1663891663898,4615,501386,3
19103.28273442246,4616,501670,8
-674.824481074482,4617,501823,6
11762.37012987013,4618,501850,4
37168.370795870804,4619,501914,7
-17579.23992673992,4620,502110,5
28746.2549016825,4621,502218,6
-6300.059523809526,4622,502351,5
17934.87577781695,4623,502418,5
-15935.125572956455,4624,502615,5
-19182.62265512265,4625,502717,3
-77112.85859973358,4626,503335,6
22827.18865551186,4627,503410,5
21442.64776889777,4628,503539,6
31881.135531135526,4629,503607,6
31286.514253720135,4630,503730,7
12840.773809523811,4631,503771,5
47999.16236541237,4632,503968,9
47619.889277389266,4633,504054,8
32713.27666313734,4634,504294,8
-32057.69577644578,4635,504470,3
-29775.60245310245,4636,504689,5
-18090.83333333333,4637,504831,4
-20076.151949615585,4638,505292,8
97375.57901292037,4639,505505,13
47647.33183483185,4640,505572,7
46862.0494444851,4641,505748,8
33930.027056277075,4642,505936,9
-25453.90921578424,4643,506233,6
-34030.892857142855,4644,506386,3
-14127.480158730159,4645,506460,3
-18678.87611979522,4646,506733,6
-9251.824666346734,4647,506954,6
-26794.680123797778,4648,507107,3
4415.413022864642,4649,507442,8
-50674.1523255726,4650,507870,6
14605.372266622267,4651,507949,5
14870.84511077158,4652,508088,6
37397.21075428698,4653,508174,7
90234.47691240649,4654,508490,13
-3480.162154022448,4655,508714,6
36022.47445880572,4656,509266,14
24331.148459383756,4657,509333,6
36947.79656883476,4658,509459,7
12950.17857142858,4659,509609,7
10537.327672327672,4660,509895,9
34431.42871017871,4661,510058,8
44235.83000332999,4662,510137,7
25465.512265512265,4663,510212,6
38166.26068376069,4664,510270,7
20272.293478795025,4665,510300,5
21630.34002203507,4666,510376,5
-18278.795691752337,4667,510636,5
-20873.44097975407,4668,510791,3
-15500.039960264085,4669,510942,3
-15215.830675172785,4670,511200,6
106721.22916764629,4671,511500,14
28395.333971583965,4672,511563,6
30572.941502941507,4673,511616,6
26929.712766808363,4674,511695,6
18283.284632034633,4675,511747,5
882.7006327006327,4676,511760,3
26397.78241573402,4677,511872,6
17092.746694095382,4678,511951,5
6296.666666666665,4679,511980,4
4045.227272727272,4680,512027,4
41076.630591630594,4681,512199,9
-2131.482406482404,4682,512323,5
20830.765124108777,4683,512397,5
-153801.6896094104,4684,513537,8
8060.131465756493,4685,513902,9
23143.136724386724,4686,513975,6
13286.399711399712,4687,514090,6
-10511.180820813175,4688,514362,6
25805.52361853833,4689,514518,6
-45902.06668331666,4690,514976,7
18979.876512376515,4691,515035,5
4672.950937950939,4692,515096,4
34165.344131095495,4693,515184,6
41201.56926406925,4694,515394,9
14136.101143009038,4695,515509,6
-45.24452327858046,4696,515642,5
-73.19646083191219,4697,515997,9
-38432.49758196739,4698,516208,3
-46770.623101099016,4699,517023,11
10086.332758247718,4700,517108,5
-10986.870213120215,4701,517241,5
13853.809523809516,4702,517508,9
18208.154761904767,4703,517563,5
-6319.537130825833,4704,517639,4
26415.917394868637,4705,517859,8
-25816.040764790763,4706,518011,4
-26646.932165057166,4707,518295,6
-10311.690115440117,4708,518351,3
-6801.413447663447,4709,518475,4
-93930.00395232641,4710,519263,8
20757.979238898355,4711,519418,7
12087.368934170405,4712,519494,5
24998.489010989008,4713,519567,6
66945.8264221607,4714,519787,11
28133.111471861506,4715,520129,11
18005.769230769227,4716,520197,5
-36829.47691197691,4717,520541,6
-32766.546068951364,4718,520918,6
-61238.84561122833,4719,521459,6
18614.989718314013,4720,521572,5
8890.411620972769,4721,521701,5
-33296.28427128427,4722,521915,5
53256.04182990213,4723,522065,9
24066.738535157678,4724,522606,12
-1273.5793373293295,4725,522734,5
-118271.192973693,4726,523567,8
25181.722822708314,4727,523872,8
-43720.35714285712,4728,524161,5
4732.442973692976,4729,524263,5
-7465.222105895479,4730,524581,8
12199.011544011546,4731,524702,6
-1346.5569088634024,4732,524930,5
-32070.89148386389,4733,525222,4
-8793.309909045205,4734,525349,4
24062.0293513676,4735,525634,8
9335.964382839375,4736,525885,7
-22865.91991341991,4737,526262,7
25060.890863429056,4738,526405,6
10977.067438925022,4739,526596,6
-2697.0028586824246,4740,526616,3
-7025.579554604327,4741,526820,6
-94203.45039764154,4742,527387,6
48982.92481039772,4743,527527,8
61968.28996317579,4744,527842,12
14377.893217893223,4745,527888,5
-18330.764367211737,4746,528137,5
-4340.786435786445,4747,528415,8
88095.69238767769,4748,528616,12
20141.340326340327,4749,528670,5
-3870.174963924964,4750,528693,3
41451.37211272896,4751,528881,8
-30408.14570641776,4752,529457,11
-100537.60109214827,4753,530084,5
1764.6244033744106,4754,530186,5
20829.52380952381,4755,530263,6
-61193.48852574643,4756,530727,5
9747.182441741284,4757,531003,8
22644.203566041797,4758,531121,6
-23440.85026085026,4759,531303,5
-60025.696188056834,4760,531659,4
7353.033494283495,4761,531878,6
-13684.652847152845,4762,532209,8
-2585.7770007770023,4763,532328,5
9136.637806637806,4764,532361,4
26391.97913197913,4765,532445,6
19613.021609883082,4766,532688,7
31366.07619440244,4767,532764,6
-7485.745088245089,4768,532892,4
5299.7704351032535,4769,533034,5
8574.034050100227,4770,533076,4
15579.934028389907,4771,533220,6
-12086.960816960813,4772,533396,5
-12289.858613608609,4773,533664,6
29996.01911976912,4774,533808,8
-23615.89826839827,4775,534024,5
-2580.416944166942,4776,534253,6
15637.584637584649,4777,534460,7
39841.89684756249,4778,534578,8
16674.23844537815,4779,534627,5
38440.87481962482,4780,534702,7
74502.74439612668,4781,535077,13
-12585.923520923525,4782,535293,6
79.84723609723278,4783,535373,4
6189.749278499279,4784,535427,4
10461.500852089088,4785,535503,5
11085.954760109173,4786,535603,5
7461.283575385745,4787,535767,5
-11575.826118326106,4788,536054,6
-806.2200355544035,4789,536167,5
31157.343726534895,4790,536214,6
-2945.5960705960706,4791,536237,3
11108.818681318684,4792,536254,4
28746.073307067876,4793,536352,6
3831.4407814407714,4794,536487,5
-10313.994625085954,4795,536815,7
27611.01759351756,4796,536910,6
293.96783771783953,4797,537059,5
3255.9232715598823,4798,537271,6
-40234.9473320797,4799,537554,5
-20719.038971864036,4800,538080,8
32395.480189315327,4801,538388,9
-95260.73431062394,4802,538965,7
5337.582866050354,4803,539241,6
-6242.276334776335,4804,539272,3
-5787.736152736156,4805,539442,5
-41110.803503127405,4806,539782,5
14436.273954803368,4807,540008,7
14132.74919524919,4808,540237,7
9600.181366835779,4809,540684,10
65597.8826754601,4810,540961,11
-117794.55565676144,4811,541818,3
9753.232625049826,4812,541923,5
-8506.883116883117,4813,541968,3
18173.4897047397,4814,542192,8
16815.33766886708,4815,542303,6
-13562.451298701295,4816,542499,6
30396.00821714405,4817,542568,6
36313.37588623965,4818,542759,8
17479.1258646754,4819,542896,6
-33500.609133513535,4820,543557,10
-4352.280774780775,4821,543586,3
72896.53739213143,4822,543859,12
56666.68997668993,4823,544173,12
28716.394577644573,4824,544468,10
7832.835220335222,4825,544564,5
-33721.713564213554,4826,544909,5
-78710.5398767899,4827,545419,5
14215.358799267458,4828,545616,6
-19004.661449661453,4829,545866,5
-20051.558683834217,4830,546078,4
7290.831859526331,4831,546263,5
12860.449966699965,4832,546341,5
33907.956071706074,4833,546438,7
-1695.7936507936506,4834,546452,3
44112.01933318173,4835,546588,8
-46379.33510933512,4836,546829,4
13754.292180987231,4837,546986,6
-67790.85317460314,4838,547487,6
-18907.954476509047,4839,547767,6
-113921.1719163192,4840,548355,4
6151.7151763785105,4841,548763,8
-3849.325396825397,4842,548778,3
12585.141247641252,4843,549008,7
-17822.716217605903,4844,549422,7
-17520.011100011096,4845,550014,12
10553.939321772137,4846,550248,7
-21964.31637806638,4847,550540,7
20576.441197691198,4848,550673,7
72904.74900099903,4849,550806,10
-10462.165954960074,4850,551159,8
-56046.1462475433,4851,551665,8
23288.013185000415,4852,551909,8
-34790.34163076344,4853,552133,3
5913.373612971136,4854,552196,4
-13134.949425574427,4855,552461,6
50173.658424908426,4856,552563,8
10860.461482961482,4857,552719,6
-1419.2857142857144,4858,552729,3
9149.816017316018,4859,552751,4
-750.4770051499845,4860,553086,8
37037.49006258396,4861,553583,13
49163.024489244475,4862,553751,9
20088.968253968254,4863,553780,5
10229.412034044379,4864,553919,6
-1304.642857142857,4865,553930,3
-780.2813852813865,4866,553989,4
-20674.18811752404,4867,554211,4
36276.50743048176,4868,554695,11
-8288.245602436775,4869,555241,11
-476.3564213564215,4870,555252,3
19605.672892115905,4871,555369,6
37356.55663780664,4872,555439,7
-1766.3120567046028,4873,555639,6
20886.071299486543,4874,555711,5
8405.768398268396,4875,555797,5
9879.82893332158,4876,555884,5
-719.4770507270473,4877,556106,6
29649.482696034833,4878,556272,7
-10161.399580811343,4879,556338,3
6247.533308624642,4880,556476,5
16929.732658767112,4881,556890,10
-17129.456376956383,4882,557283,7
91914.77690610042,4883,557432,11
73958.75279218546,4884,557543,10
23381.365370740365,4885,557640,6
-103755.77416247841,4886,558293,6
10704.22619047619,4887,558358,5
49932.10500248542,4888,558494,9
-2008.9285714285713,4889,558505,3
26652.48621884651,4890,558682,7
86137.0508761292,4891,559019,13
30219.181096681088,4892,559134,7
-13315.974025974027,4893,559290,5
-135159.91119991126,4894,560091,6
-21605.176693081525,4895,560440,7
-42844.20124444698,4896,560754,5
-9825.91892047581,4897,560810,3
-329.79936729936753,4898,560831,3
7675.650207915658,4899,561256,10
18166.92543567544,4900,561310,5
6170.590158680328,4901,561476,6
4721.976420981839,4902,561602,5
11419.673345445408,4903,561754,6
15430.3841991342,4904,561852,6
35545.031992431366,4905,561991,7
53409.844946719946,4906,562254,11
-8479.689754689756,4907,562354,4
10214.245814385125,4908,562516,5
6438.57418316977,4909,562870,8
7532.15730756172,4910,562989,5
-20378.757002801114,4911,563167,5
35613.19795271807,4912,563514,11
-40354.03006944486,4913,563986,5
14526.505438790662,4914,564202,7
2111.1090298590284,4915,564385,6
61711.37391289481,4916,564557,10
10776.866828561875,4917,564676,5
-15934.903364609247,4918,564932,5
-3207.5,4919,564956,3
3324.2475962290227,4920,565081,5
34175.32904595404,4921,565230,8
19572.061614855735,4922,565294,5
38627.8373015873,4923,565413,8
14028.053751803753,4924,565537,6
-24287.553696303698,4925,565821,5
6594.398240648236,4926,565930,5
-6767.599679732033,4927,566083,5
26927.328585157502,4928,566429,10
580.3994887121837,4929,566593,5
-4231.5592889073505,4930,566637,3
-28325.196119223438,4931,566944,4
-20642.14573008692,4932,567288,6
22022.803585303584,4933,567328,5
18467.26509494116,4934,567868,11
2273.350770961064,4935,568144,7
50741.87271062269,4936,568312,9
4156.2569183912055,4937,568382,4
-88408.40096135375,4938,568918,6
-1841.954749756614,4939,569199,7
18772.672318221856,4940,569266,5
-37556.753997206746,4941,569615,5
58561.87716458808,4942,569768,9
17387.781385281385,4943,569808,5
35860.88929044812,4944,569985,8
11580.159048467869,4945,570126,7
30283.21081696081,4946,570252,7
-10438.007482713367,4947,570440,4
-20632.689369454074,4948,570599,3
-6329.85791985792,4949,570628,3
13028.805833614271,4950,570731,5
-2462.857142857143,4951,570742,3
9098.734092704677,4952,571000,7
-24818.934537684523,4953,571475,9
265.90548340548344,4954,571489,3
-1481.4485748599388,4955,571786,7
12202.400287099805,4956,572279,10
-17810.047424196033,4957,572418,3
-12872.223193473204,4958,572656,5
27066.654219432003,4959,572813,7
10409.880952380952,4960,572861,5
30521.803964009843,4961,573038,8
-27394.62995337995,4962,573221,4
18929.0628083217,4963,573299,5
-13444.429230255466,4964,573548,5
6284.363059662479,4965,573698,5
20460.873015873018,4966,573731,5
28687.965711703007,4967,573971,8
-17802.181489176444,4968,574274,7
-4026.9422738144103,4969,574436,5
-13328.504987015054,4970,574656,5
-18028.890468191945,4971,574798,3
-69395.46303219482,4972,575384,5
-17516.033966033967,4973,575463,3
-3130.456349206349,4974,575479,3
-6356.675395682753,4975,575776,7
-16135.658437494729,4976,576094,6
-3626.1741678775597,4977,576124,3
-76630.10045681863,4978,576972,8
9061.597354314075,4979,577125,5
-2589.8069985570055,4980,577364,7
856.7586580086586,4981,577480,5
184.44985569985386,4982,577540,4
10142.756965256967,4983,577617,5
23585.727474709667,4984,577740,6
-67687.23191274924,4985,578453,7
11408.202749048329,4986,578721,9
-7031.728475557811,4987,578952,5
-6804.007038712917,4988,579085,4
12447.583375105922,4989,579262,6
-872.1617271617279,4990,579283,3
35048.49926260531,4991,579349,6
23013.74722499723,4992,579393,5
-83555.22399599028,4993,579959,7
-597.1897546897547,4994,579969,3
-37927.465312465305,4995,580290,5
-12497.577283827277,4996,580527,5
-5842.208145741427,4997,580550,3
-2970.007670133442,4998,580729,5
21762.09651459651,4999,580779,5
-47838.05366374255,5000,581299,7
-46511.4603084824,5001,581714,7
-54344.81348802556,5002,582041,5
26824.01875901876,5003,582107,6
15207.802242691958,5004,582271,6
22494.061507639548,5005,582339,5
-4586.992590742597,5006,582599,7
-5988.594322344324,5007,582882,6
-2609.684065934066,5008,582899,3
30425.170940170938,5009,582931,6
58330.8688533689,5010,583165,12
-9764.307914307914,5011,583304,4
950.6156113557786,5012,583604,7
8197.650375939847,5013,583673,5
-46625.61660561662,5014,583953,4
-7282.388583638585,5015,584195,6
-27576.190476190466,5016,584389,5
4808.898441599684,5017,584629,6
-11119.948107448106,5018,584713,3
38332.2025278643,5019,584971,9
15074.29304527602,5020,585121,6
19861.841630591633,5021,585230,6
12663.338050838052,5022,585300,5
-69647.15106834393,5023,585761,5
-30053.53413871988,5024,586023,5
-80747.46767121763,5025,586498,5
-40749.1102565735,5026,586701,4
-20209.892844084017,5027,586828,3
-611.1111111111111,5028,586838,3
4461.719659769195,5029,586905,4
7214.885596898501,5030,587083,5
-347.63875013874673,5031,587300,7
7341.212953712955,5032,587532,7
-3817.9830626889425,5033,587682,5
-49287.09481909561,5034,588161,5
-39717.02596015096,5035,588449,5
13169.049601288241,5036,588528,5
33280.41652791652,5037,588576,6
49349.23004790375,5038,588684,8
17629.39213564214,5039,588780,6
91666.04795359442,5040,589035,13
-14505.108225108232,5041,589243,6
-21670.630011328536,5042,589497,5
-36713.64926739927,5043,589838,5
-13247.861338008403,5044,590082,5
-18494.583442618918,5045,590317,5
-38043.61452122871,5046,590761,8
-1851.0119047619046,5047,590835,4
-27797.28969173242,5048,591017,3
13610.813422688427,5049,591070,5
-3279.1358641358643,5050,591096,3
-15878.104673104695,5051,591414,7
22534.973498723502,5052,591477,5
26041.59877446255,5053,591559,6
33949.996114996095,5054,591799,9
-52237.14285714288,5055,592012,3
8676.149961149958,5056,592117,5
-14925.948108908635,5057,592297,4
-52443.16456612699,5058,592921,8
17133.85039560542,5059,593111,7
22593.468125012245,5060,593236,7
-21397.04545454546,5061,593344,3
-71436.3002947774,5062,594104,6
21286.43763013732,5063,594245,7
11874.366119561553,5064,594284,4
21543.78973838339,5065,594328,5
8509.054520695054,5066,594782,8
-41878.436402993306,5067,595118,6
-20596.370573870565,5068,595249,3
-177.23359973359896,5069,595318,4
-4668.031174192166,5070,595370,3
-24820.600199164444,5071,595827,8
22032.675048549667,5072,595930,6
-24229.35425685428,5073,596198,5
13325.669191919194,5074,596367,7
23350.2911924714,5075,596478,6
30300.03267522811,5076,596520,6
-11385.142749407454,5077,596608,3
-77426.92196692192,5078,597164,4
13194.201852499067,5079,597222,5
24758.99939199089,5080,597392,6
19450.151168276167,5081,597460,5
4543.941915927211,5082,597630,5
-19015.79927957806,5083,598072,7
-20989.642857142804,5084,598352,6
-670.659756909753,5085,598474,5
19244.540489395356,5086,598605,6
-10652.824675324673,5087,598658,3
-20628.747025622113,5088,598987,6
-6951.002886002886,5089,599030,3
-72494.09041591066,5090,599517,5
-16991.9295981796,5091,599899,8
6514.998557728816,5092,600138,6
7199.096502053156,5093,600281,5
-947.2132015301518,5094,600309,3
5659.157296951414,5095,600444,5
-50060.56548220444,5096,600925,7
-44766.46742146742,5097,601283,5
34900.97652347652,5098,601613,10
31307.05044955045,5099,601678,6
-7047.334083400261,5100,601862,5
-13846.864446827687,5101,602189,7
24496.82098517238,5102,602272,6
19900.14971139971,5103,602315,5
-11613.063084925496,5104,602661,6
-11274.820596070596,5105,602737,3
-12896.423160173157,5106,602903,4
14682.851037851042,5107,603050,7
21076.10774029892,5108,603192,7
-12915.342157842157,5109,603345,5
-14520.588227132346,5110,603656,6
-25254.74869772468,5111,604086,7
33663.141858141906,5112,604538,12
-26518.29529818308,5113,604794,5
-21426.66133359245,5114,605028,6
-72527.80597111859,5115,605450,4
16136.670135420129,5116,605604,7
4327.937702562312,5117,605760,6
-12200.068126665534,5118,606056,6
-64036.69275169271,5119,606559,6
19675.722565773092,5120,606726,7
-4184.370928778821,5121,606844,5
16714.605949605935,5122,607126,9
-20780.17620838055,5123,607271,3
-10847.97406283085,5124,607879,11
12076.739929746902,5125,608069,6
21951.12312524077,5126,608105,5
19990.160187035184,5127,608231,7
-51755.8857686431,5128,608469,3
23651.118797175895,5129,608964,10
-14588.143102578751,5130,609296,6
29245.93019102498,5131,609464,7
62295.5372848816,5132,609703,10
-61285.466428995904,5133,610121,3
-6663.897058823546,5134,610323,6
-27463.764597330763,5135,610768,7
-9212.46046845314,5136,611216,8
51855.067581909185,5137,611410,9
-19857.42937617937,5138,611728,6
-30042.910908535872,5139,612071,6
-9594.020562770562,5140,612131,3
-11022.27133977134,5141,612255,4
21998.274793017445,5142,612487,8
-2274.387071262073,5143,612634,5
24380.112673059655,5144,612796,7
9182.693001443005,5145,612896,5
-471.74506049506056,5146,612907,3
-25638.947441447435,5147,613022,3
-8414.059727682048,5148,613372,7
-15746.940559440554,5149,613576,5
33951.44078788429,5150,613779,8
10522.812742812743,5151,613910,6
-14963.128155813909,5152,614218,6
-36159.410311910324,5153,614701,7
15084.952318922895,5154,615028,8
-44141.762608306715,5155,615764,10
32736.17708637254,5156,615930,7
-67630.5994680414,5157,616413,5
-6550.743480603691,5158,616481,3
-8503.378197141996,5159,616553,3
-19294.657390682925,5160,616904,7
-38996.08197358197,5161,617111,4
503.95562770562606,5162,617250,5
-44385.65021559737,5163,617964,12
-46171.88890229133,5164,618545,6
-8248.218448218448,5165,618597,3
22272.70042457543,5166,618725,6
13908.82034632034,5167,618890,7
7445.297619047618,5168,618975,5
-18541.17965367965,5169,619250,6
-8123.1547619047615,5170,619347,4
15353.733419358425,5171,619523,7
-18715.33910533912,5172,619682,4
22689.656507707972,5173,619986,9
7530.317044067042,5174,620295,9
-20473.693528693522,5175,620490,4
-56501.6725553858,5176,620994,6
9633.595387698475,5177,621227,7
16920.08612302731,5178,621293,5
20667.55031732973,5179,621365,5
-16051.714119214137,5180,621702,7
-24582.540260740592,5181,622021,5
-10190.771034521036,5182,622082,3
-16827.298899248784,5183,622260,3
-31780.800310800318,5184,622421,3
-2832.7960927960926,5185,622457,3
-17226.704406704408,5186,622692,5
13152.456089869285,5187,622740,4
14772.76154401154,5188,622810,5
-232.68398268398278,5189,622823,3
8812.71608293667,5190,622956,6
28773.2247241922,5191,623136,7
21596.33699633699,5192,623182,5
1866.6143578643591,5193,623304,5
13354.533473062875,5194,623409,5
-6591.862765717256,5195,623442,3
-29955.999478462712,5196,623756,4
445.2150627150618,5197,623826,4
-47741.11111111112,5198,623984,3
-18289.365079365074,5199,624072,3
7063.512182262184,5200,624336,7
-13164.078376688673,5201,624531,5
-45733.84226884227,5202,625018,5
-145330.80684322555,5203,625911,6
-15656.551205072881,5204,626031,3
-2689.107142857143,5205,626042,3
-16350.58344433344,5206,626141,3
-722.2501110001112,5207,626163,3
-18113.848137156958,5208,626435,5
-8246.025849150848,5209,626489,3
5689.645285270283,5210,626518,4
15215.499639249641,5211,626670,6
19419.664502164498,5212,626726,5
7671.626984126986,5213,626759,4
40269.60026393194,5214,626851,7
9432.406204906207,5215,626873,4
1465.436691576394,5216,627002,5
7415.712898212899,5217,627103,5
14111.96430719263,5218,627193,5
-38965.12168945606,5219,627580,5
1560.8527315515084,5220,627890,8
-31121.58806471305,5221,628302,7
12537.03734607624,5222,628507,7
-92129.09895659894,5223,628993,5
28415.195477037567,5224,629218,8
19072.70595290651,5225,629365,6
-2870.01443001443,5226,629383,3
-16015.217870364933,5227,629498,3
-16487.619047619046,5228,629598,3
1196.0422467969418,5229,629986,9
2815.219646409661,5230,630033,4
3448.7062937062956,5231,630302,7
-19425.358451486307,5232,630521,5
7744.464285714286,5233,630537,4
19598.86842947211,5234,631103,11
-23540.959644332568,5235,631565,8
-22933.832535928093,5236,631835,6
-4205.809428574521,5237,631852,3
-8929.754651523226,5238,631923,3
-3808.6619344707547,5239,632218,7
12819.854822465113,5240,632328,6
4215.830974580973,5241,632427,5
21383.717722336143,5242,632447,5
30124.2147481002,5243,632545,6
-43672.10883809845,5244,633017,6
-555.9884276370354,5245,633108,4
17891.131287013643,5246,633241,6
5201.7669830169825,5247,633294,4
19202.014177875415,5248,633377,5
-4675.157758907756,5249,633575,6
-5205.45761385158,5250,633686,4
12112.39121946165,5251,633753,5
46252.709459657985,5252,633981,9
-9913.750000000005,5253,634249,6
8421.442862692862,5254,634299,4
-51173.290121714075,5255,634652,5
-2130.6141081141086,5256,634679,3
80950.99533528904,5257,634844,11
7528.29365079365,5258,634878,4
24814.044770588847,5259,635210,8
191.83157120656637,5260,635345,5
31804.22039561746,5261,635407,6
4483.93973648358,5262,635748,7
-3712.572155656515,5263,635929,5
-15215.721500721502,5264,636005,3
6751.452495088334,5265,636184,6
-23734.598643063622,5266,636496,5
-50976.66067678463,5267,637059,6
-7520.641499023854,5268,637295,6
14916.336525793016,5269,637774,9
13839.170843776106,5270,637823,5
55716.725075538794,5271,638098,10
-12604.404761904763,5272,638253,5
66207.99245087555,5273,638480,11
-13493.540861381704,5274,638886,7
17350.89993339993,5275,639049,6
11828.63455988456,5276,639141,5
-20038.53195415696,5277,639418,5
-36768.30218392716,5278,639747,5
4315.252171718891,5279,639850,5
-31121.4271044573,5280,640166,7
16599.744283494292,5281,640207,5
12937.866922808877,5282,640361,6
3613.7944475675904,5283,640679,6
-8732.443299519546,5284,640985,6
18.888888888888914,5285,640997,3
8050.9610405933945,5286,641334,9
-23261.301514103343,5287,641874,8
33225.298167044355,5288,642267,10
-12916.596102341067,5289,642616,7
52245.80665529001,5290,642809,9
-7574.523809523814,5291,643056,6
2832.9190254190266,5292,643293,6
-11290.188977688977,5293,643369,3
23004.932779638664,5294,643400,5
27966.113041370394,5295,643483,6
28838.741397491398,5296,643543,6
15953.977301293478,5297,643607,5
11232.328643578643,5298,643680,5
45307.40592740592,5299,643789,8
-27328.965225950527,5300,644090,5
-37862.57298257297,5301,644526,6
-13253.221088551958,5302,644898,9
16030.865800865802,5303,645033,6
6044.508644305471,5304,645105,4
-6802.300648707046,5305,645148,3
-6351.308968808966,5306,645248,4
18607.292625674974,5307,645360,6
-83101.24756779174,5308,646133,8
-58295.68846358314,5309,646572,5
21169.563492063495,5310,646602,5
-22297.670942318768,5311,646810,5
14388.370613415016,5312,646990,6
-671.8464705229471,5313,647151,5
14279.85556110556,5314,647260,6
4149.213861903489,5315,647491,6
28664.62301587301,5316,647577,6
-61088.537157287166,5317,648017,6
-50792.37914862917,5318,648354,5
-8489.773976023977,5319,648417,3
-17467.725336866806,5320,648658,4
-23274.461371961366,5321,648898,5
-34250.183982683986,5322,649144,4
16089.290733776019,5323,649291,6
-45179.50254209151,5324,649667,5
567.6554048806386,5325,649779,4
-11323.726551226548,5326,649853,3
-17181.287323787325,5327,650068,5
-17643.952778761308,5328,650332,5
-22529.061196156777,5329,650545,4
-24340.180375180367,5330,650664,3
12982.549533799534,5331,650747,5
-30903.77164502164,5332,651047,5
2008.4208152958095,5333,651224,6
23589.12795537796,5334,651264,5
13241.0501998002,5335,651411,6
-77405.27408693815,5336,651939,4
-41338.29164557488,5337,652414,6
-23599.51479076479,5338,652749,7
12271.87535979971,5339,652875,5
-24666.644327894344,5340,653138,5
7034.164382014628,5341,653485,7
-20885.087841939618,5342,653863,6
-20029.035702635112,5343,654091,5
9334.790810515327,5344,654156,4
-12282.718253968253,5345,654242,3
-3023.5874219949296,5346,654254,3
-49088.75061599911,5347,654694,5
1768.5714285714284,5348,654809,5
-35800.73412698413,5349,655063,5
-62966.55970487387,5350,655646,6
-39333.42574092574,5351,655936,5
-19620.912698412707,5352,656204,6
-4882.3360667110655,5353,656378,5
-5129.620159252512,5354,656410,3
3367.2529508675007,5355,656500,4
-84557.06664293737,5356,657289,7
11329.489538239539,5357,657303,4
20388.28310578311,5358,657481,7
-41176.81818181818,5359,657806,5
-69508.91275391277,5360,658409,6
-96333.3162972946,5361,659072,6
-20823.553226706663,5362,659199,3
-7141.680455981925,5363,659563,7
3046.8227605727616,5364,659763,6
-31652.15399796282,5365,659986,4
-36434.33568474009,5366,660203,3
-9394.65894335283,5367,660252,3
-21284.823847126965,5368,660613,5
41.846405228758385,5369,660722,5
-20351.02813852814,5370,660967,5
13587.280142672938,5371,661215,7
24493.609874425092,5372,661242,5
-97817.58841218973,5373,662142,6
-98217.62078800974,5374,662769,6
-22377.75554940417,5375,663151,6
18669.513029110552,5376,663215,5
13778.415003683964,5377,663339,5
-51473.5059473121,5378,663715,4
-53370.92564706538,5379,664124,5
39022.842774056044,5380,664560,11
5793.6790986791,5381,664613,4
-27278.614196261242,5382,664776,3
-4684.954786785282,5383,664887,4
-5191.393099074987,5384,665124,5
5530.544178044172,5385,665462,9
-18587.7022977023,5386,665581,3
1021.5542137600914,5387,665788,6
18773.13492063492,5388,665953,7
-107376.80134945048,5389,666578,4
-2827.45670995671,5390,666594,3
-4813.068617828681,5391,666632,3
-3858.703796203797,5392,666657,3
-122.83674658674863,5393,666898,6
52645.209790209774,5394,667036,9
-15259.99464105838,5395,667301,4
-112760.08755133749,5396,668040,6
-34273.65431885498,5397,668421,5
-6491.923260562972,5398,668686,6
-21944.994264160025,5399,668991,5
19004.0249129955,5400,669062,5
-49397.239382891355,5401,669479,5
-6383.012814237407,5402,669613,5
-11748.775252525229,5403,669976,7
-11950.807517117197,5404,670058,3
20272.104477059638,5405,670209,6
-75740.42345578257,5406,670837,5
18323.72266622266,5407,670947,6
-1401.654040404038,5408,671090,5
16768.03932178932,5409,671137,5
35018.35573331895,5410,671410,9
64873.67098179599,5411,671593,10
-10222.864673381311,5412,671829,5
-9230.296081375216,5413,671894,3
-10521.701343032611,5414,671968,3
7262.3793608352435,5415,672198,7
2946.641158119476,5416,672604,9
19300.51587301588,5417,672754,7
-172048.1874323258,5418,673883,6
-11409.652028042676,5419,674009,3
-3400.7084723841685,5420,674020,3
-24747.430679915215,5421,674387,7
13641.400694463777,5422,674537,6
4283.535355683185,5423,674791,7
-6810.815295815294,5424,674832,3
-24426.018981019,5425,675189,6
15339.208014208021,5426,675260,5
24307.51831501831,5427,675368,6
175.5465367965387,5428,675477,5
-48964.503968253994,5429,675818,5
-19879.320966056646,5430,675932,3
-9146.570096570098,5431,675989,3
-26089.060374609922,5432,676171,3
-3444.53823953824,5433,676199,3
-40378.99839539545,5434,676500,5
-16157.61183261183,5435,676623,4
12852.618215118217,5436,676671,5
-65262.657342657396,5437,677077,5
-2371.103686260418,5438,677249,5
-1726.2987012987014,5439,677267,3
-11571.370296370298,5440,677329,3
-47200.36269286265,5441,677681,4
-60827.98146813625,5442,678368,7
3607.061688311689,5443,678441,4
-47131.69382904673,5444,678936,6
-27167.781955101993,5445,679222,5
-30190.844849594883,5446,679605,6
-13173.718119648265,5447,679973,6
3400.0039543789544,5448,680103,5
-40804.27650780592,5449,680402,5
-62885.5667943168,5450,681001,7
-1665.4700936318593,5451,681186,6
-49439.60287669839,5452,681663,6
-10756.904761904765,5453,681716,3
-27359.74816849818,5454,682247,10
-27273.711982461984,5455,682434,4
-55880.186686985544,5456,683010,6
-1031.2049062049064,5457,683025,3
-19834.72964105897,5458,683339,5
47589.00033329355,5459,683700,10
26237.307492344262,5460,683902,8
-7530.483405483406,5461,683942,3
-8124.386512180629,5462,684005,3
-7371.607142857142,5463,684044,3
-10015.04329004329,5464,684125,3
10442.703238306465,5465,684240,5
-5536.603674103674,5466,684323,4
8356.131646131653,5467,684636,8
3457.0180181016094,5468,684778,5
8024.952547452551,5469,684819,4
-86766.81237967535,5470,685357,4
-6844.7523310023325,5471,685398,3
-5632.320440996918,5472,685617,5
31307.201174298698,5473,685692,6
149.80998168498172,5474,685715,3
56505.761481165886,5475,685779,8
3102.399702765415,5476,685912,5
19638.98906648907,5477,685962,5
-673.5296647796624,5478,686099,5
36384.09145464099,5479,686275,8
-74720.34677697602,5480,686814,4
-23044.624822846585,5481,687167,7
-77631.13095238102,5482,687549,4
-23024.12024871449,5483,687880,5
-8737.034762622992,5484,688038,4
-35303.75507340095,5485,688731,9
-10310.887784815803,5486,688934,4
-26074.578322004818,5487,689441,9
-25494.480103230097,5488,689666,5
-2069.2857142857147,5489,689678,3
38054.954857234276,5490,689855,8
-96490.62895437902,5491,690475,6
-12312.258852258852,5492,690775,6
-1123.67784992785,5493,690785,3
-7406.791623409271,5494,691029,5
-3119.2331973581977,5495,691055,3
-12734.087398239873,5496,691136,3
-6602.935055140938,5497,691165,3
51372.96672281965,5498,691409,10
6278.795383538029,5499,691517,5
-436.0682570783211,5500,691824,8
4785.992691948577,5501,691975,5
-38401.02680815917,5502,692253,3
41876.580432482384,5503,692447,8
12193.079004329002,5504,692523,5
142.71922521922488,5505,692540,3
45069.915386900684,5506,692694,8
27671.316689846095,5507,692755,6
-8988.20165945166,5508,692794,3
-15095.834153591504,5509,693070,5
-22581.138368425494,5510,693407,5
7027.081737706739,5511,693513,5
-11987.16886870925,5512,693581,3
-12619.155870471515,5513,693948,6
-1544.1721041256628,5514,694018,4
11656.67151884064,5515,694107,5
27140.369479376815,5516,694313,7
-111792.74891774892,5517,694858,3
-48346.6057457148,5518,695410,6
-77375.63786549412,5519,696095,6
22548.52447260342,5520,696131,5
12044.022921522925,5521,696197,5
-95637.95872771881,5522,696989,7
-13763.052503239265,5523,697369,6
-4507.6811531261965,5524,697899,9
3415.250107649491,5525,697998,4
-5876.694357628945,5526,698135,4
-10941.247734445004,5527,698229,3
-24530.546536796548,5528,698451,5
-18582.85880785881,5529,698560,3
29476.38714304644,5530,698665,6
37683.3332489234,5531,698865,9
15429.482045732042,5532,698983,6
-7095.795713706942,5533,699365,7
-5891.6459357635795,5534,699464,4
-11225.995132318661,5535,699668,5
-293.8473332223334,5536,699688,3
-26694.393939393944,5537,699833,3
7151.200960632077,5538,700183,9
-1068.421231546241,5539,700344,5
46514.263753317544,5540,700598,9
22526.477272727272,5541,700729,7
-32991.44986957485,5542,700990,5
-35003.59654234652,5543,701261,4
-31170.554593755063,5544,701757,7
-5003.634639998804,5545,701861,4
49352.00620157277,5546,702145,10
17503.43184593185,5547,702210,5
4265.75005728929,5548,702447,6
-4470.734126984127,5549,702475,3
3854.350004570557,5550,702863,7
-1361.5702353202355,5551,702890,3
26883.597374847377,5552,703041,7
-8049.264763014762,5553,703206,5
-50624.85218127251,5554,703638,4
-12058.364465127228,5555,703827,4
-45056.83441558441,5556,704207,6
-30627.91478537801,5557,704553,5
15798.027944277943,5558,704654,5
14217.128698103032,5559,704779,6
-17864.249720008243,5560,705169,6
3409.31400363483,5561,705398,6
-6078.409090909091,5562,705425,3
-25818.408180656646,5563,705593,3
-27978.13001025463,5564,705804,4
-13214.227994227986,5565,706030,6
-8165.976245976245,5566,706117,4
-40544.821428571435,5567,706376,4
18415.63262309585,5568,706444,5
1633.3229270729203,5569,706690,7
-53279.32639894916,5570,707420,8
-52672.35361860355,5571,707924,6
5447.340841348193,5572,708076,6
-23314.424603174604,5573,708261,5
-15427.669552669553,5574,708343,3
-53190.72212337886,5575,708899,6
5388.774325995943,5576,709076,5
-14269.769119769122,5577,709144,3
-1307.0346320346318,5578,709167,3
-4208.425324675324,5579,709201,3
3119.845387108278,5580,709546,7
31283.072658550605,5581,709667,7
-2409.5178312362214,5582,709880,5
13351.018774826825,5583,710016,5
5756.482833901563,5584,710173,5
-72490.72336096135,5585,710737,6
-19831.613553714942,5586,710873,3
-128.052225552226,5587,710942,4
-14066.780532204297,5588,711335,8
17287.128069513925,5589,711603,7
-35537.44588744589,5590,711757,3
-32306.469450116227,5591,712084,5
46728.39979464979,5592,712184,8
85382.8924388735,5593,712369,11
-21381.623792873794,5594,712493,3
-5855.753968253959,5595,712861,8
-7810.019841269842,5596,712907,3
11313.58229089751,5597,712990,5
23150.00020812519,5598,713269,9
-6320.35742035742,5599,713307,3
-22694.703975719844,5600,713533,4
-3508.4410075218902,5601,713544,3
-9269.337427278604,5602,713605,3
-25348.445268396903,5603,713988,7
5785.5648844619445,5604,714290,8
-67155.92139499652,5605,714998,8
-13678.683261183254,5606,715122,4
-21015.912284954476,5607,715393,5
-4729.651737151723,5608,715607,6
-57645.651975733235,5609,716138,7
10133.323620823621,5610,716233,5
-40656.394783621974,5611,716527,4
-8124.4500638344025,5612,716587,3
4940.026060540768,5613,716645,4
-42264.05632722972,5614,717097,6
-46244.26046176048,5615,717385,5
-40587.79419858309,5616,718035,6
-69075.59897962373,5617,718576,6
3530.829162667403,5618,718728,5
-33029.33392995893,5619,719235,8
-29093.31706064271,5620,719561,4
-38406.94506473918,5621,719882,5
-33635.82987531903,5622,720104,3
-10568.543017225293,5623,720268,4
-14734.531302031302,5624,720428,4
-14139.154040404042,5625,720501,3
23599.289036127266,5626,720553,5
-4504.656764374262,5627,720671,4
-3120.357142857143,5628,720681,3
40572.90917415917,5629,720845,8
-54296.267094403716,5630,721380,6
9280.106273155803,5631,721503,5
273.89179856091675,5632,721579,4
-7568.186218666096,5633,721641,3
-27845.31515484635,5634,722016,7
-12654.103430968767,5635,722306,5
-25168.607503607505,5636,722441,3
-59410.51091881973,5637,722935,5
23285.29328514622,5638,723142,7
-6536.031746031743,5639,723314,5
996.4158856709273,5640,723695,8
-34340.511841100066,5641,723930,3
5816.991341991342,5642,723954,4
-9280.416495269435,5643,724011,3
-6153.719891219892,5644,724047,3
-45847.91907353056,5645,724331,3
3140.563874979509,5646,724472,5
10700.504211131149,5647,724753,7
22747.70155045183,5648,724819,5
10987.669192692421,5649,725185,9
-5874.152093486903,5650,725360,4
-21754.12667397962,5651,725531,4
-40537.07454310401,5652,725897,4
58128.1691919192,5653,725990,9
37832.068556014,5654,726172,8
-5221.72619047619,5655,726192,3
-88761.64447480626,5656,726965,6
-31850.222555222557,5657,727199,5
-34926.77086802086,5658,727466,5
-252.6966089466091,5659,727599,5
-16505.323287823285,5660,727848,5
-11799.173436857256,5661,727947,3
-22125.512558476938,5662,728339,7
7237.80770248843,5663,728455,5
-10048.847263847278,5664,728755,6
13047.699502939438,5665,728853,5
-28290.949210523846,5666,729086,3
-29430.976148034973,5667,729276,3
-31036.69416410902,5668,729655,7
-39806.91030374854,5669,730066,6
25309.770472905144,5670,730533,10
-3702.794992675027,5671,730709,5
-47428.784548784555,5672,731216,6
17461.772410595928,5673,731570,8
-65610.53699568413,5674,732102,7
-39570.73259253346,5675,732441,5
809.383037628005,5676,732633,5
82711.74684497986,5677,733098,14
16726.201950289058,5678,733220,6
-58768.048340548354,5679,733578,4
47116.94704081275,5680,734120,12
-53254.04262404262,5681,734704,9
1591.9933504318174,5682,734881,5
-19950.08495030946,5683,735279,7
19808.063800036878,5684,735444,6
-48492.32661365049,5685,735771,5
-109643.04362304352,5686,736414,5
-10581.973452673916,5687,736646,5
11869.828284460638,5688,736782,5
-28717.828282828283,5689,736912,3
34493.85907908739,5690,737292,10
-26444.756322109246,5691,737719,8
9683.420468420467,5692,737865,6
-114.03434327969637,5693,738043,5
-54325.11642505652,5694,738713,6
14591.43384393385,5695,738793,5
-3970.7331557331527,5696,738937,5
32414.2323859715,5697,739082,8
-1088.2048751901693,5698,739114,3
13242.114066489064,5699,739190,5
-77382.61807636802,5700,739667,5
-32940.039511142444,5701,740011,5
-22869.305555555555,5702,740272,6
29814.831141081122,5703,740492,9
-13293.267925959488,5704,740593,3
-10102.142857142857,5705,740640,3
15181.981899464485,5706,740713,5
19085.349276420922,5707,740850,6
20129.338274384707,5708,741029,6
52921.78030303031,5709,741101,8
48047.20542937454,5710,741238,9
-5541.622859639499,5711,741546,7
-28648.685391611438,5712,741871,5
28133.018163252294,5713,741951,6
-39750.26099717273,5714,742263,6
-9524.378399378398,5715,742321,3
5945.095864571378,5716,742536,5
-85918.0357194405,5717,743050,4
13934.102143771262,5718,743255,7
12197.936103542139,5719,743375,6
19304.641346785313,5720,743429,5
13320.608488733491,5721,743568,6
-24449.43159373307,5722,743831,4
-12108.490675990675,5723,743974,4
-26707.50777000777,5724,744168,3
-15731.405885780887,5725,744279,3
-65503.4894272395,5726,744900,8
-5163.600763916165,5727,745023,4
39338.3923801087,5728,745275,9
13806.724912729165,5729,745397,6
-3684.263170180352,5730,745578,5
-13286.879509379509,5731,745655,3
-29581.249524637416,5732,745916,4
794.9705080780909,5733,746169,6
-75808.2731915917,5734,746971,9
-6972.442067736185,5735,747018,3
1059.9932276615723,5736,747117,4
14481.982600732601,5737,747322,7
-53029.64105339105,5738,747721,5
-11317.4007936508,5739,747845,4
-20127.78318903319,5740,748027,4
11398.495938615903,5741,748275,8
-3480.0449550449553,5742,748297,3
-11701.876838976295,5743,748562,5
3081.1020923520937,5744,748659,5
25888.01795426795,5745,748767,6
30235.49353424353,5746,748885,8
15215.912698412698,5747,749094,8
-62492.97088274652,5748,749688,5
102294.43077514274,5749,749881,13
30253.781447310863,5750,749953,6
20544.52741702742,5751,750047,6
-73810.33246165601,5752,750595,5
-13220.607462283147,5753,750868,6
-8966.771284271283,5754,750920,3
-9695.83990122589,5755,750993,3
-93310.81070073707,5756,751757,5
16944.60261960261,5757,751842,5
-35316.59590817675,5758,752311,8
-20395.886878859015,5759,752488,4
-9625.802644637775,5760,752683,4
-41580.58188011381,5761,753069,5
27324.0003052503,5762,753144,6
1403.427128427129,5763,753225,5
12098.020590520591,5764,753290,5
20099.642857142855,5765,753378,6
480.1587301587301,5766,753388,3
12007.076053031935,5767,753409,4
51572.247972615616,5768,753658,10
-2483.838383838384,5769,753676,3
28312.57716827377,5770,753774,6
201.00778306660504,5771,753949,5
-40419.92976198657,5772,754240,3
-39854.961431971875,5773,754934,10
8332.924309363638,5774,755203,6
10470.354502523624,5775,755458,7
16081.429164517402,5776,755572,6
20922.336968586977,5777,755623,5
-30308.33028083029,5778,755780,3
4103.6562130679795,5779,755901,5
-6003.028915528916,5780,755927,3
-19713.86957813428,5781,756158,4
-8449.646796057397,5782,756240,3
-11137.4111999112,5783,756311,3
772.7070968247453,5784,756423,4
-4758.659257409251,5785,756653,6
-14355.099883776347,5786,756881,5
-3311.6123547934694,5787,756895,3
-12634.115884115883,5788,757106,5
-8670.778649230997,5789,757444,7
61409.05122655122,5790,757514,9
20993.32264957265,5791,757554,5
26140.966810966813,5792,757639,6
13437.67857142857,5793,757685,5
-13498.177933177934,5794,757757,3
-31889.903698812366,5795,758183,6
-52815.7360776479,5796,758765,7
-22069.81750683958,5797,759075,6
23833.636821685523,5798,759274,7
-50288.078556935,5799,759734,5
-33876.8077551533,5800,760225,8
-13716.666666666668,5801,760284,3
-38450.39573988103,5802,760666,5
-6259.58947098653,5803,760705,3
-27137.89256280355,5804,761072,6
25905.242196958534,5805,761168,6
23882.00631476367,5806,761361,7
-824.7724497724477,5807,761497,5
-6795.376012876013,5808,761533,3
-7747.627224641541,5809,761748,5
-62388.31529581532,5810,762134,4
-91162.76875901886,5811,762637,4
-19553.124979595563,5812,762786,3
3444.1585683109624,5813,762890,4
13321.420344361522,5814,762980,5
-86092.7034077034,5815,763539,5
-14773.313492063491,5816,763616,3
-16400.90325085244,5817,763736,3
-4799.0399679084985,5818,764170,8
345.55555555555566,5819,764180,3
-23727.051420801425,5820,764410,5
-5730.714285714285,5821,764440,3
-3614.3051393051396,5822,764467,3
-5860.810091387055,5823,764605,4
-28186.597243056218,5824,764806,3
-7363.45032719259,5825,765032,5
24585.954573032748,5826,765262,8
22387.923701040963,5827,765464,7
-11723.759018759014,5828,765592,4
-91091.89872627358,5829,766131,4
-53752.754563305134,5830,766528,3
-63296.591957878714,5831,767142,7
-4958.856764160218,5832,767369,6
-6212.760937033384,5833,767408,3
-4143.309428574521,5834,767426,3
-1800.595238095238,5835,767437,3
-26711.22044622044,5836,767678,5
-35454.647978870096,5837,768236,8
-23658.069985569982,5838,768625,6
9275.596128587615,5839,768820,6
-12054.73625564733,5840,769114,5
51274.15534113294,5841,769478,10
-90185.45290493815,5842,770131,5
-20918.32054512395,5843,770306,3
-1203.0560802529676,5844,770828,9
2224.579492789633,5845,771360,10
-40117.66620634268,5846,771619,4
29509.47560544891,5847,771784,7
-3216.6036741036696,5848,771900,5
-6328.634806241223,5849,772187,6
-31610.447742383378,5850,772612,5
2531.1195748695754,5851,772727,5
8012.767649017649,5852,772772,4
10006.121933621935,5853,772869,5
-11128.3231253181,5854,773131,6
8007.145906209373,5855,773247,5
8908.928571428572,5856,773258,4
-49161.83321086372,5857,773613,5
-148235.53768633067,5858,774570,5
-110834.56517102601,5859,775231,6
-226.10377711383916,5860,775331,4
12130.636161224393,5861,775577,8
2474.1276778776783,5862,775634,4
-18086.981123451707,5863,775766,3
-1188.7279387279386,5864,775783,3
-22619.68975468976,5865,776011,5
21553.029617441378,5866,776050,5
25662.51180192356,5867,776144,6
-20396.369047619035,5868,776228,3
-75178.34329628058,5869,776710,4
-32284.87587581424,5870,777201,5
-30503.6034570864,5871,777867,11
-55613.9063754872,5872,778423,6
1656.9047619047637,5873,778525,5
3238.6616161616184,5874,778565,4
-13699.959560133711,5875,778878,5
-11017.523310023309,5876,778941,3
-6231.801286191932,5877,778996,3
27110.900361893007,5878,779201,7
-71934.43125184636,5879,779582,5
-6349.321129506886,5880,779629,3
-9311.794307988195,5881,779693,3
-6751.439466536217,5882,779753,3
-5225.500296272355,5883,779794,3
-25308.678653432908,5884,780294,7
22732.96601433296,5885,780423,6
-18720.45955463525,5886,780529,3
-3313.5790598290614,5887,780744,6
22430.485318903666,5888,780782,5
27461.52603846103,5889,780845,6
33003.1726913867,5890,780976,7
14805.670163170165,5891,781062,5
-41965.20064494328,5892,781313,3
-5088.888888888889,5893,781345,3
-39964.54415532005,5894,781783,5
15713.220709029561,5895,782218,10
9144.93884039938,5896,782492,7
82045.11752931454,5897,782870,13
-14397.733628385717,5898,783028,4
-40421.20016550357,5899,783320,4
18322.51900597682,5900,783390,5
-23300.65035261436,5901,783654,5
3124.8452038157943,5902,783854,6
23466.825005060306,5903,784020,7
30435.04144191347,5904,784126,6
-80047.13020639494,5905,784807,6
5299.780578898225,5906,784954,5
11385.283189033187,5907,785029,5
-1406.3797419041211,5908,785176,5
42348.84716547642,5909,785275,7
10469.69585969586,5910,785358,5
-12214.183477985725,5911,785678,6
-6168.244533244529,5912,785787,4
-42743.05772250629,5913,786080,4
-1891.017316017316,5914,786100,3
2532.1058108558136,5915,786221,5
12468.530921692685,5916,786779,11
-597.1897546897547,5917,786789,3
-12593.015343574556,5918,787012,5
-11329.05580530581,5919,787313,6
-20586.716315851627,5920,787489,3
-9010.95571095571,5921,787549,3
-25892.09028587511,5922,788037,8
-48346.334293078195,5923,788527,6
26999.139941585763,5924,788613,6
-41085.75458382348,5925,789104,5
-14137.867312579283,5926,789222,3
21860.016441456268,5927,789612,9
43184.58716042973,5928,789773,8
-33381.197382918006,5929,790064,5
5765.519641896593,5930,790226,5
60534.07467532468,5931,790397,11
-15482.735358466773,5932,790686,5
-27611.60714285715,5933,790824,3
-13471.4653958536,5934,790911,3
7460.44304259365,5935,791057,5
-2312.956349206337,5936,791239,6
29613.446469469935,5937,791447,7
-7039.932567432567,5938,791490,3
-36142.09528335476,5939,791934,6
5239.809634809627,5940,792191,8
16575.587868014332,5941,792275,5
-19534.167980712093,5942,792580,5
-27901.602585795717,5943,792923,6
9974.705988455988,5944,793080,6
-72028.56890443567,5945,793769,8
8174.192879488935,5946,793891,5
-22283.583083583086,5947,794017,3
-22084.847711842678,5948,794280,5
-5622.52588205568,5949,794327,3
-17949.23579688285,5950,794606,5
21273.377850750378,5951,794709,6
-5929.2084210079465,5952,794965,5
-27011.515916712182,5953,795201,4
-30441.98951022805,5954,795576,5
16228.13492063491,5955,795628,5
-3354.174714174714,5956,795658,3
5227.32864357864,5957,795810,6
-44265.79391227474,5958,796367,7
-14292.569477091538,5959,796506,4
-1651.8442720924602,5960,796853,7
5380.952727827728,5961,796958,5
-4260.21645021645,5962,796982,3
-15634.411998605103,5963,797274,5
-25137.111610654567,5964,797481,3
2794.944777444778,5965,797607,5
-4109.287518037518,5966,797692,4
-27804.566907765453,5967,798082,6
-30525.695331929834,5968,798253,3
28595.651917526928,5969,798402,7
27826.035353535397,5970,798565,8
7874.016986688848,5971,798644,4
-9186.001221001223,5972,798694,3
-14339.00394386017,5973,798891,4
-16785.73772761467,5974,799143,5
8294.284326784331,5975,799236,5
-99183.04244280845,5976,799893,5
-8510.42218337143,5977,800184,5
216.16161616161617,5978,800194,3
-1034.557525807526,5979,800277,4
-8287.835497835511,5980,800467,5
-937.7790233072778,5981,800616,5
-42909.544622044625,5982,800927,3
-7226.649182860483,5983,800963,3
-20408.075182378147,5984,801392,7
-24653.409090909096,5985,801629,6
-6799.444444444445,5986,801667,3
-53226.16189366193,5987,802250,6
29728.42296184208,5988,802456,8
13711.647869244627,5989,802605,6
17414.99476014182,5990,802674,5
1095.8295556278192,5991,802988,7
-9179.301948051952,5992,803199,6
-8185.710884402832,5993,803356,5
-22001.102092352092,5994,803526,4
-55498.96520146521,5995,804046,5
23077.864573721763,5996,804168,7
40819.105627363446,5997,804431,8
8271.423160173159,5998,804472,4
27961.271645021654,5999,804554,6
-15687.04906204906,6000,804826,6
-28944.58333333334,6001,805009,4
-25158.774602347596,6002,805296,4
-19145.497835497838,6003,805411,3
-10657.413697413698,6004,805473,3
-13274.538027332153,6005,805646,4
23530.189500042437,6006,805689,5
19196.602618031895,6007,805954,8
6566.043611316445,6008,806191,6
-40733.116883116876,6009,806361,3
-28149.523242980977,6010,806742,6
-83218.75684085446,6011,807349,6
34518.96955319365,6012,807658,9
-20433.36016924253,6013,807903,5
-19597.15537730243,6014,808023,3
-23867.14486493898,6015,808326,5
-6667.611386424336,6016,809020,9
533.3169608169583,6017,809146,5
-15143.9842572998,6018,809419,5
-7482.5098105630495,6019,809465,3
-3556.4096678661213,6020,809498,3
19589.598734598734,6021,809669,6
-21578.904626934822,6022,810051,7
-36697.97077670314,6023,810546,7
-33349.46428571429,6024,810795,5
-31683.418392752745,6025,811077,5
-19876.00616889205,6026,811414,5
14639.661589270729,6027,811489,5
8095.616883116883,6028,811517,4
14968.906106148743,6029,811628,5
-2887.867572528953,6030,811847,5
-40.32712450089002,6031,812007,5
-21832.95702782882,6032,812414,7
1114.5093795093812,6033,812551,5
4495.223655343625,6034,812602,4
-5022.280542624096,6035,812636,3
-62428.306170953205,6036,812972,3
-33522.8592492389,6037,813228,3
-42619.19535529831,6038,813499,5
-21958.42352092352,6039,813662,4
-23663.947942109113,6040,813991,6
-22837.57940996912,6041,814241,4
-30531.256339120115,6042,814699,8
-75622.19754652883,6043,815338,5
-10782.380952380952,6044,815396,3
5810.003191253192,6045,815450,4
-86130.4894838564,6046,816088,6
-12350.662253767905,6047,816173,3
-39735.579911100125,6048,816500,3
-28961.263736263725,6049,816966,7
-88030.56547619056,6050,817630,6
8113.128294134486,6051,817781,5
-14044.41378066377,6052,818136,6
-10424.795621045621,6053,818334,6
-42844.43903318906,6054,818738,4
-69769.04283818175,6055,819440,8
-29009.41724941724,6056,819621,3
-30551.912376624063,6057,820000,5
-1876.79482797904,6058,820114,5
39037.570841825866,6059,820411,9
3154.9839644789417,6060,820648,6
85.96893710864231,6061,820862,6
23016.76948051948,6062,820942,6
-24204.286958487293,6063,821253,5
-15047.476541485474,6064,821527,5
35937.03171377126,6065,821667,7
-5000.137104038052,6066,822190,11
-10194.82667959835,6067,822271,3
-38409.71188125602,6068,822813,7
-44653.87154512155,6069,823212,7
-18976.056998557,6070,823417,5
-36540.341264128045,6071,823811,5
56.17063492063312,6072,823901,5
-63376.94836314138,6073,824363,5
-36057.583481834634,6074,824739,5
17545.992952051387,6075,824805,5
27216.97354481604,6076,824861,6
-72558.50266864194,6077,825353,5
-4234.789903723728,6078,825378,3
22870.234304094596,6079,825518,6
-32067.223332223333,6080,825803,5
-20500.388849841238,6081,826084,4
-78192.69438894442,6082,826609,5
-38998.58764817316,6083,826879,3
-8868.31044338918,6084,827188,7
-13001.507936507936,6085,827338,5
-20985.440713516455,6086,827658,4
-5129.36582208641,6087,827856,5
-18904.64466089466,6088,828018,5
-14452.0346855151,6089,828294,5
3815.654516472592,6090,828402,5
3903.9880952380963,6091,828444,4
-542.0379620379645,6092,828687,6
-27322.71960474168,6093,828988,5
-40408.412521617895,6094,829415,5
-21710.875790875787,6095,829618,4
-18397.937119639904,6096,829833,5
19775.892857142862,6097,829843,5
-27317.2788144518,6098,830205,5
-7800.595238095238,6099,830241,3
34220.50138388931,6100,830404,7
-6859.65811965812,6101,830452,3
11122.758214008214,6102,830594,6
-23212.483349983362,6103,830743,4
-4540.207766949253,6104,830772,3
7689.586864803587,6105,831035,7
-30582.32315865249,6106,831246,3
-4832.722832722833,6107,831275,3
-45374.24123670446,6108,831513,3
-73863.64752894155,6109,832146,5
-15813.411766168269,6110,832490,5
39723.07337270574,6111,832663,8
15801.942085692091,6112,832815,6
-10989.592352092353,6113,833038,5
-24655.69086550708,6114,833340,5
-100654.5885589783,6115,833957,5
-25800.555555555562,6116,834087,3
-14213.706816918893,6117,834198,3
26488.768188510832,6118,834363,7
53168.12997460055,6119,834618,10
-77676.32557951089,6120,835155,5
-3933.6507936507933,6121,835186,3
-9417.617660117661,6122,835313,4
-25171.94097569099,6123,835536,4
-7014.61523008333,6124,835597,3
-4518.723629311865,6125,835627,3
-4615.3715831811805,6126,835657,3
-37171.92223583085,6127,836181,7
43307.7101572748,6128,836278,7
-1102.3818583377397,6129,836394,5
-13016.219474969486,6130,836641,5
-27098.267759119404,6131,836860,4
-37200.93621527256,6132,837373,6
16733.767118767624,6133,837473,5
-1353.4767996059309,6134,837761,6
-29579.146547896547,6135,837925,4
-12452.5516163403,6136,838141,5
6134.111444111444,6137,838365,6
470.978017080958,6138,838535,5
-14931.60855742125,6139,838850,5
16526.27517992844,6140,839125,8
-87007.01298701299,6141,839614,4
-30025.206446809578,6142,840032,5
-357.6839826839828,6143,840044,3
10274.972527472528,6144,840063,4
-6904.971972471969,6145,840294,6
-43816.285828894135,6146,840607,4
-34446.00306404907,6147,840918,4
-9865.676427330838,6148,841053,4
28368.552419802418,6149,841133,6
-50529.1957093082,6150,841603,4
-43323.75041625042,6151,841817,4
-1223.770376086354,6152,842154,7
19194.398496240607,6153,842198,5
-1425.2486402486404,6154,842209,3
7390.1284459005,6155,842252,4
868.2363547185532,6156,842351,4
-47246.638959380805,6157,842722,3
-4493.903461734344,6158,842740,3
-4096.218607673716,6159,842770,3
14397.13531566473,6160,842850,5
6873.849594462983,6161,842930,4
26685.32666636768,6162,843042,6
17881.609456719758,6163,843124,5
-61459.18200607435,6164,843500,3
-23881.941581380433,6165,843672,3
-10309.80334734214,6166,844141,7
-21155.83388833388,6167,844623,9
-22308.729603729596,6168,844777,3
30247.834955077586,6169,845116,9
-66956.66305916305,6170,845507,5
-22211.37057387057,6171,845657,3
-34250.51317639042,6172,846163,6
-15956.608979256041,6173,846438,5
-13403.356445970612,6174,846630,5
-4985.551948051951,6175,846807,5
-2610.3815628815623,6176,846979,5
-37125.492979243,6177,847340,5
-21689.419156694712,6178,847539,4
-17559.48670352695,6179,848050,9
64207.670982268515,6180,848269,11
11413.469447219464,6181,848355,5
-2048.3463565158736,6182,849109,13
-283.72034183566274,6183,849290,5
9418.637751352533,6184,849378,5
41681.949112978546,6185,849484,8
-15354.453463203463,6186,849679,5
-2853.6706349206347,6187,849692,3
3731.841299825045,6188,849772,4
-2098.5714285714284,6189,849783,3
-12496.82241154958,6190,849937,4
-13250.30275280275,6191,850020,3
-26217.28354978356,6192,850246,4
16025.198184168774,6193,850303,5
-4609.352249058131,6194,850350,3
3394.9157786657893,6195,850715,8
-7369.4494394494395,6196,850757,3
-59030.82619135251,6197,851174,5
-40749.74340544068,6198,851593,7
9512.81186950304,6199,851692,5
-27825.34812409816,6200,852085,6
61641.68512408644,6201,852233,9
-42742.07112332111,6202,852624,5
-31502.920753567032,6203,853106,6
-5891.772514401738,6204,853137,3
-20184.111758339714,6205,853294,3
2814.9522699522695,6206,853395,5
5408.5251164981955,6207,853511,5
10199.22101763047,6208,853636,5
33894.122741508574,6209,853755,7
-57811.93291228896,6210,854450,8
19895.465091445625,6211,854525,5
11548.624356110828,6212,854674,5
27839.49241073535,6213,854892,8
-13228.232531357533,6214,855060,5
-9675.241171367348,6215,855290,5
17247.589077589073,6216,855358,5
10647.783744033743,6217,855696,9
9932.762678740766,6218,855919,6
20865.198634569766,6219,856047,6
4925.097402597404,6220,856081,4
-1172.7383231233862,6221,856175,4
-7247.729353979351,6222,856395,6
-32413.216489392948,6223,856715,4
-11652.581536110933,6224,856983,5
-12804.977938727929,6225,857198,5
-5627.61544011544,6226,857227,3
20136.3754382872,6227,857499,8
-7541.727994227994,6228,857609,4
5612.922934478655,6229,857755,5
-42786.52451714959,6230,858193,5
5324.227030064882,6231,858339,5
-14649.471545611248,6232,858579,5
-16047.817460317468,6233,858668,3
14803.000957615026,6234,859009,8
-5233.114385614386,6235,859047,3
-46818.292402042374,6236,859634,7
-2057.683982683983,6237,859653,3
41693.72768957907,6238,859856,9
25778.89971139971,6239,859916,6
24364.181414009738,6240,860210,7
-151212.0810215255,6241,861576,7
28026.739256830202,6242,861922,9
9557.857142857143,6243,861933,4
-517.5002775002769,6244,861956,3
-5609.761904761905,6245,861978,3
-390.7875131404585,6246,862085,4
-27415.499924472788,6247,862312,4
7183.446969696972,6248,862391,5
-7020.008491250748,6249,862605,5
-39046.919880944646,6250,862969,5
-14650.064935064936,6251,863044,3
-15647.619047619048,6252,863128,3
3295.5255698463816,6253,863443,8
-22781.071428571428,6254,863554,3
-19523.09322621821,6255,863704,4
-39535.580322455346,6256,864300,7
-355.18078112118576,6257,864426,4
-9705.937262342059,6258,864503,3
-65462.627669887755,6259,864964,5
-10563.94568189061,6260,865229,5
-11096.672910422905,6261,865426,6
17620.380116959066,6262,865460,5
8039.543650793652,6263,865487,4
-33000.23465956129,6264,865834,5
-8437.54584553733,6265,865884,3
19856.03226838521,6266,866092,7
-42025.54084804084,6267,866535,6
-11446.15551115551,6268,866838,6
37750.04870129871,6269,866897,7
5789.782647916993,6270,867165,6
21512.082505557737,6271,867341,7
2878.093608747633,6272,867564,6
-25963.863235969868,6273,867869,5
-11327.223998911304,6274,867945,3
-17984.869297369292,6275,868065,3
-2341.3600288600287,6276,868081,3
3638.6236016492567,6277,868488,8
-73461.32930966528,6278,868935,4
2995.757253367548,6279,869142,6
-2679.4453738126335,6280,869400,5
-4654.109464022391,6281,869631,6
-8572.729145854144,6282,869687,3
-17186.689005439002,6283,869773,3
-35870.99910193792,6284,870522,9
9035.125568875568,6285,870599,5
21901.182567432566,6286,870625,5
15845.646718477605,6287,870720,5
-3728.291922216071,6288,870760,3
-7364.2811293024115,6289,871193,9
15661.744297369292,6290,871282,5
-30698.857531357513,6291,871568,5
375.5400587582044,6292,871839,7
-5986.13775113775,6293,871934,4
-28713.733488733484,6294,872068,3
13484.231277374916,6295,872274,6
12009.155127824866,6296,872396,5
7543.454184704192,6297,872499,5
-7058.867243867245,6298,872664,5
-11716.253342675554,6299,872890,6
48450.6123982227,6300,873031,8
-49789.882515575206,6301,873598,6
-2781.607281607282,6302,873679,4
26940.784436152095,6303,873830,7
-1529.8412698412703,6304,873901,4
-48521.23634234701,6305,874277,4
-17126.417748917753,6306,874442,4
-60504.896239381575,6307,874999,5
-1268.6507936507937,6308,875013,3
50153.96146158401,6309,875396,11
32006.84813565535,6310,875424,6
33565.21964146964,6311,875468,6
12361.50538364732,6312,875557,5
-42105.228292519336,6313,876111,7
20443.571428571428,6314,876124,5
17992.176865961697,6315,876170,5
-17472.857142857145,6316,876292,4
-44089.34888359687,6317,876914,7
-27991.94556217779,6318,877203,4
-11280.532694214966,6319,877287,3
-7308.743201243193,6320,877530,6
-37876.2987012987,6321,877700,3
-19200.505050505053,6322,877772,3
-14009.73901098901,6323,877838,3
-98930.26724606512,6324,878678,5
-10220.351315351314,6325,878946,6
-9987.26618969266,6326,879026,3
-55764.58774971158,6327,879411,5
-12749.128248693767,6328,879506,3
-32280.670279392318,6329,879856,5
-23480.027005158583,6330,880172,6
-361.69427794427827,6331,880252,4
15718.775332639481,6332,880419,6
8839.826146076151,6333,880503,5
1192.8571428571431,6334,880514,3
-35755.09154540662,6335,880717,3
-10123.829370645057,6336,880810,3
-32263.255286380285,6337,881158,5
-21036.938775448834,6338,881420,5
2403.9243318974436,6339,881569,5
-42598.58875601522,6340,881942,5
3586.0723426899913,6341,882012,4
12679.066253019437,6342,882094,5
4043.0952380952394,6343,882185,5
5447.77417027417,6344,882219,4
-29467.642284186404,6345,882451,4
-13646.029508417281,6346,882570,3
3401.2371909566086,6347,883304,12
-26768.995841619686,6348,883608,5
-33169.08991686214,6349,884108,7
-85470.3195497314,6350,884768,5
-4795.762636056748,6351,885170,8
-20377.467987378986,6352,885543,6
-16061.574675324677,6353,885657,4
-30745.034381690482,6354,886225,7
19660.272371247615,6355,886464,7
-31281.897738914,6356,886823,5
663.6791946406281,6357,887086,6
16344.50993450993,6358,887134,5
10164.10227074753,6359,887328,6
-3330.861981156099,6360,887339,3
-4446.8963879258,6361,887665,7
-70205.87757937802,6362,888033,3
-10128.676007085438,6363,888773,12
-24385.260611421592,6364,888921,3
-11518.468402512517,6365,889146,5
17412.64700169111,6366,889423,9
22199.14548901391,6367,889463,5
1658.4541378813897,6368,889804,7
13101.538654414053,6369,890053,6
-35664.68342072438,6370,890397,5
-146881.55893620485,6371,891661,7
-36516.432595182574,6372,892087,5
-20835.343823406005,6373,892391,5
9198.908615893903,6374,892437,4
-907.0235371783356,6375,892526,4
-9854.823020117135,6376,892719,5
18155.992757242755,6377,893011,8
-97.97092011874702,6378,893650,11
8407.573096725737,6379,893888,7
5936.17093283468,6380,894044,5
-17725.416666666675,6381,894262,5
9496.227216896646,6382,894731,10
-111696.61227661217,6383,895641,7
-45636.18756243756,6384,895998,4
-12458.45664955959,6385,896246,5
-12108.226244530668,6386,896573,6
-13841.388671098422,6387,896694,3
17845.91380841381,6388,896830,6
-5353.243887390563,6389,897030,6
71452.89057369356,6390,897426,12
15827.370892995892,6391,897489,5
-7688.119103119104,6392,897525,3
-11942.51443001443,6393,897593,3
-12317.142857142855,6394,897641,3
19401.349725266133,6395,897841,6
-17664.750673693656,6396,897973,3
-41973.84629259628,6397,898249,4
-24531.799509829678,6398,898574,6
-30967.536056564673,6399,899058,7
-655.881895022774,6400,899437,8
-7660.289432789434,6401,899483,3
1347.6648295804641,6402,899735,6
-9580.404840257781,6403,899849,4
38376.218541781884,6404,900000,7
-11986.543179043192,6405,900400,7
-23092.97619047619,6406,900533,3
-10657.859273079863,6407,900598,3
-11165.673076923078,6408,900669,3
-7853.769841269841,6409,900716,3
-41808.85893312799,6410,901079,5
8435.509256610261,6411,901231,5
-9703.82143813023,6412,901306,3
-20798.780337309752,6413,901467,3
-7257.862745914219,6414,901524,3
17463.517316017318,6415,901782,9
-3116.197691197693,6416,901850,4
32701.760829040228,6417,902033,8
-3032.0217115186156,6418,902043,3
-8973.961887570636,6419,902107,3
-15814.700462291403,6420,902208,3
13903.183305987086,6421,902548,8
6653.221084471084,6422,902747,7
20985.214739157742,6423,902847,6
14075.563443909037,6424,903084,7
-29897.520812520812,6425,903360,4
-8617.472546532228,6426,903407,3
-11564.90773115773,6427,903483,3
-6850.917761289279,6428,903549,3
-9444.289590268696,6429,903732,4
-22225.82255670773,6430,904145,7
-7860.476329226329,6431,904190,3
6519.01165011459,6432,904321,5
1075.491775381482,6433,904412,4
-9076.08007768805,6434,904476,3
6680.683066933068,6435,904591,5
-1811.6631979131992,6436,904668,4
-7539.2867561537605,6437,904938,6
-1794.0467186751996,6438,905196,6
1910.4499666999732,6439,905414,6
-28192.857142857138,6440,905535,3
-16211.798321375965,6441,905847,5
-13343.858241992071,6442,906151,5
13098.51644571459,6443,906293,6
18557.390017084956,6444,906512,7
-4730.158730158731,6445,906544,3
-171498.52694540593,6446,907590,5
-7842.432559700356,6447,907804,5
2533.4800534432825,6448,908000,6
7527.813303612454,6449,908191,6
28040.414658870537,6450,908270,6
-1765.4774972189864,6451,908440,5
15534.844946719948,6452,908588,6
7233.697691197694,6453,908671,5
-22501.928314203862,6454,908810,3
4234.130918101506,6455,908913,5
7276.312437562441,6456,909022,5
14169.519259783674,6457,909139,5
-21766.754079254086,6458,909255,3
-23601.547396102345,6459,909441,4
-6816.7970917970915,6460,909481,3
11883.827038974105,6461,909649,6
19031.400494929905,6462,909706,5
13177.149281532027,6463,909880,6
-18637.494070477624,6464,910173,6
-25567.722081839736,6465,910344,3
39239.20591985414,6466,910509,8
-10854.558011433008,6467,910675,5
-63587.33225108222,6468,911257,6
10559.669497169503,6469,911551,8
-92832.65602818235,6470,912381,7
-37585.38995253973,6471,912673,5
-23250.890313835433,6472,912865,3
-2131.25,6473,912881,3
-71574.24783662036,6474,913434,6
-13225.632747025937,6475,913525,3
-36717.04981778812,6476,913837,5
-50509.83392832655,6477,914153,4
-71626.63710343667,6478,914610,5
-41890.61918237421,6479,914949,4
-3203.8398933367976,6480,914959,3
-72720.9817796583,6481,915493,5
-8611.461888644524,6482,916000,8
-50498.72308590967,6483,916545,5
-25378.696741854652,6484,916751,5
1633.4682719241518,6485,916810,4
-80555.523693283,6486,917490,7
-8524.505493216795,6487,917540,3
-46743.1686224889,6488,918134,6
1418.2142857142842,6489,918254,5
-68104.40601065605,6490,918708,4
15574.796522921526,6491,918766,5
9739.173803249889,6492,918839,5
-39718.04506123391,6493,919147,4
24606.883883949697,6494,919425,8
27300.351152115854,6495,919505,6
-14480.446983571983,6496,919762,5
-24050.2680334801,6497,919993,4
-12996.28800916146,6498,920285,6
-3252.1330256430883,6499,920322,3
-6035.72075800017,6500,920352,3
10286.944444444445,6501,920363,4
4897.643938019304,6502,920611,7
-1189.4370906870913,6503,920711,4
-1583.657188399833,6504,920910,5
-10484.348923135689,6505,921105,4
4513.736471861466,6506,921477,9
45893.85820255594,6507,921810,11
-23429.940476190466,6508,922098,5
-15763.588862118278,6509,922206,3
-13206.063936063936,6510,922277,3
-37943.3116883117,6511,922478,3
-65686.92959817959,6512,922913,6
45123.93542004317,6513,923114,8
-44250.94352542878,6514,923621,7
-13918.056420059133,6515,923902,6
15499.819414976151,6516,923993,5
44935.94072594073,6517,924035,7
21546.252497502497,6518,924071,5
-90111.80215964183,6519,925103,8
12383.541527916525,6520,925208,5
-5657.142857142857,6521,925233,3
9008.08941058941,6522,925339,5
-16624.665820290807,6523,925643,5
5966.644050179269,6524,925780,5
-57401.1426726868,6525,926361,6
-41932.744078610725,6526,926817,6
5585.175824562425,6527,926984,6
13685.416565232848,6528,927177,6
-9138.82790820291,6529,927522,6
-59996.72230547233,6530,927884,5
-93368.51701213422,6531,928683,6
-17540.12458237496,6532,928951,5
-35332.427282899385,6533,929340,5
29027.312062937133,6534,929675,9
-34106.797066893414,6535,929954,3
-6454.931873681875,6536,930120,5
-2570.2172133422173,6537,930368,6
9071.795100324513,6538,930443,5
-5030.093036048919,6539,930649,5
-6747.678571428572,6540,930809,5
18944.07754526174,6541,931313,10
-59501.48504141829,6542,931890,6
-17942.075765451864,6543,932681,11
-16922.916609963824,6544,932826,3
-39978.993506493505,6545,933255,6
-12427.135642135643,6546,933363,4
-7187.186563436563,6547,933410,3
-1699.847837061464,6548,933642,5
-3353.858518502481,6549,933683,3
-1660.4372686772458,6550,933926,6
16102.471139971138,6551,934078,7
-26549.24242424242,6552,934346,6
12186.276779635911,6553,934448,5
9007.877278380374,6554,934478,4
-26109.863017888034,6555,934728,3
-84668.48803973803,6556,935402,5
9819.0892277657,6557,935569,6
-4880.482986319413,6558,935765,5
19203.169148318146,6559,936017,7
9105.284431852675,6560,936261,6
4782.657138613021,6561,936306,4
33904.903724175485,6562,936476,7
22461.305014430018,6563,936504,5
-24655.993324485942,6564,937248,10
-13374.615280660155,6565,937668,7
15572.85173160173,6566,937787,6
8743.091184767083,6567,937929,5
-11709.54630345201,6568,938004,3
-68869.01985183716,6569,938644,6
320.7934998008441,6570,938843,5
-53762.16054778556,6571,939171,3
7415.271776297319,6572,939225,4
-18404.078119592832,6573,939409,4
1148.2738095238096,6574,939503,5
-10940.625416250421,6575,939751,6
-29951.752632472442,6576,940012,4
-21044.585361707028,6577,940356,5
-29954.335337220404,6578,940570,3
3078.0033855033835,6579,940858,7
-10035.146098487297,6580,941071,4
14184.039571539572,6581,941211,6
-29749.329004329004,6582,941460,6
-28047.444222444214,6583,941615,3
-20920.19799644799,6584,941781,4
-15227.088716237324,6585,941875,3
-25432.915190674466,6586,942244,7
-5249.482362528367,6587,942528,6
609.1106116106068,6588,942746,6
-67218.11348781928,6589,943205,5
-20466.621760592327,6590,943469,5
-14766.956419698308,6591,943712,5
19462.01046008515,6592,943766,5
-74272.18812641602,6593,944355,4
-22447.33382931138,6594,944500,3
11244.475785652256,6595,944596,5
-10035.203221271331,6596,944820,5
289.49155784875734,6597,944900,4
14038.698971736898,6598,945175,7
-63501.75532800535,6599,945616,5
-16904.30627379156,6600,945730,3
-4109.956497750616,6601,945764,3
-71667.7991452992,6602,946399,5
-15764.35390997892,6603,946606,5
-49687.8724768953,6604,947066,5
-2259.143829167053,6605,947266,6
-42482.11047444982,6606,947707,5
-85.34201909201846,6607,947791,4
4679.263631964849,6608,947965,6
-30393.14107138989,6609,948254,4
-1012.0669608169609,6610,948279,3
-6644.034992784993,6611,948317,3
17395.604904211716,6612,948647,8
-19664.25477300476,6613,948917,5
-25799.199272949274,6614,949004,3
23271.634129759135,6615,949096,6
-29617.499037769907,6616,949452,5
-3357.463716838717,6617,949471,3
11057.043503881741,6618,949550,5
23006.41733266733,6619,949689,7
1257.5237956487958,6620,949760,4
-49086.6355232744,6621,950419,7
4057.493894993895,6622,950535,5
-1220.94396930413,6623,950694,5
-19527.696825216797,6624,951038,6
-20771.048370472337,6625,951355,6
-2866.5624653124646,6626,951454,4
-27131.471424817013,6627,951742,5
-1789.925629925629,6628,951917,5
-4734.801587301587,6629,951941,3
-51469.13686116074,6630,952550,7
-64693.25446526296,6631,953084,5
-10549.883816733663,6632,953156,3
-6310.515873015873,6633,953194,3
-11891.442437206757,6634,953506,6
-9141.148851148851,6635,953638,4
22842.69732116869,6636,953948,9
-16711.241346372917,6637,954321,7
-11426.190476190475,6638,954371,3
-13324.696969696968,6639,954448,3
-31892.389082304897,6640,954804,5
-71182.68736104155,6641,955556,6
-43965.7589482241,6642,955967,5
-18497.550167961792,6643,956350,6
-58315.27462325258,6644,956775,4
-32239.347041847064,6645,957059,5
-17837.868104118086,6646,957521,8
-22475.194352244416,6647,957755,4
-47321.95361956591,6648,958148,4
-52146.851037249624,6649,958602,5
-58644.6743102529,6650,959159,5
-8693.658229221985,6651,959233,3
5510.540202616441,6652,959305,4
-16641.190419058104,6653,959605,6
-35114.08577533578,6654,959847,4
-13206.805546749432,6655,959927,3
-6247.198349036584,6656,959980,3
20069.647261762184,6657,960179,6
23017.17457916181,6658,960294,6
20089.294467787116,6659,960312,5
-15238.137785828076,6660,960609,5
-58061.90230478159,6661,961074,6
5906.831363081363,6662,961132,4
-6128.6997780341435,6663,961344,5
-9296.970554814983,6664,961589,5
-25747.98340548341,6665,961919,6
-1740.6552956230737,6666,962074,5
-9642.581067882926,6667,962150,3
11954.031919877516,6668,962341,6
-21309.817127317143,6669,962593,5
3308.766714236918,6670,962715,5
-10034.93957474414,6671,962925,5
-20677.888271858854,6672,963032,3
-13206.113587135256,6673,963126,3
12355.695138195138,6674,963284,7
-1108.3178925477682,6675,963448,5
-119399.80397653069,6676,964105,3
13866.977279256693,6677,964268,6
-39652.74933399933,6678,964631,6
-6348.51322801501,6679,964665,3
-24386.287948616788,6680,964827,3
-44751.36627261627,6681,965184,5
-24685.000832500835,6682,965499,5
-1273.5844534722205,6683,965705,6
3096.961730388327,6684,966050,7
20394.438339438337,6685,966240,7
12120.017621267625,6686,966362,5
11162.940120931726,6687,966508,5
-17174.410173160177,6688,966667,5
-7132.327533577534,6689,966714,3
33704.21921688562,6690,966937,8
9649.535828808277,6691,967060,5
-4524.980867515707,6692,967335,6
-1863.2898255161554,6693,967445,4
-27859.85515719304,6694,967692,3
-4635.798952509462,6695,967916,6
16498.734459984466,6696,967968,5
45823.2634032634,6697,968021,7
-27818.153320843838,6698,968181,3
7383.851072817774,6699,968439,7
-9146.75481725017,6700,968710,6
-3508.4410075218902,6701,968721,3
-29734.392330235987,6702,968978,4
-14829.039383818783,6703,969240,6
1590.5730380730395,6704,969377,5
-2455.798393857605,6705,969474,4
-29926.769688644687,6706,969742,5
4476.565362779191,6707,969819,4
17127.609012719313,6708,969934,6
-5942.158952158951,6709,969969,3
-4465.321067821067,6710,970001,3
-7809.854484825457,6711,970070,3
-12364.057369359227,6712,970176,3
-27523.480130980133,6713,970406,5
8961.143947349647,6714,970460,4
910.6069951290833,6715,970951,9
-18116.403078560594,6716,971032,3
-53432.27262116973,6717,971611,7
-6490.291191651485,6718,971784,4
-34463.48008525552,6719,972254,6
16886.088911088904,6720,972335,5
-30230.854731139178,6721,972802,7
-35742.3862248862,6722,973092,4
-10410.078619995405,6723,973340,5
-29553.1684981685,6724,973520,3
4715.378232878233,6725,973659,5
26241.938793098434,6726,973935,8
-19810.218678380446,6727,974123,5
-62106.93342259588,6728,974607,5
-88887.34196359187,6729,975277,6
10169.166111666125,6730,975405,6
7527.4945887445865,6731,975514,5
8960.700696362464,6732,975620,5
167.31601731601722,6733,975630,3
7712.073204573202,6734,975743,5
-31563.070010055326,6735,975991,3
-8097.055625944775,6736,976257,5
16666.897759103646,6737,976297,5
-429.40808782720455,6738,976397,4
-10666.164068949918,6739,976953,9
-32586.73758323718,6740,977355,6
-9542.85574412102,6741,977575,5
-98949.98987123989,6742,978338,7
-421.276223776224,6743,978361,3
-15045.262570891447,6744,978483,3
-2690.4310966810967,6745,978593,4
-20010.46211077365,6746,979061,7
-9902.61513812984,6747,979421,7
-35891.02725937452,6748,979726,4
-97542.04715239021,6749,980475,5
-22002.5713021069,6750,980746,5
-15317.466293166752,6751,981014,5
-82933.48682363384,6752,981722,6
-11115.505688608144,6753,981884,4
-8296.780829464653,6754,982050,4
587.8587545924959,6755,982207,4
-53803.7103174603,6756,982598,5
777.507557260047,6757,982940,7
16000.47220345014,6758,983019,5
-22709.788210155846,6759,983318,5
-40204.67254967255,6760,983679,4
-42115.18427006433,6761,984109,5
-27304.658830356362,6762,984317,4
-5964.296536796538,6763,984360,3
-38668.17013460396,6764,984785,5
-28290.169999419217,6765,984983,3
-12863.240925740927,6766,985058,3
-15322.929292929293,6767,985122,3
-22840.041208791197,6768,985378,5
3110.9295565545535,6769,985599,6
-30267.416587540425,6770,985959,4
-7837.334887334886,6771,986002,3
-45907.74933399933,6772,986567,7
11032.692769738296,6773,986887,7
-38077.30838605841,6774,987233,6
-75875.27501909855,6775,987671,3
-15656.454933954934,6776,987755,3
91.31313131312982,6777,987943,5
-3299.8268398268397,6778,987953,3
50195.018545695806,6779,988189,10
16375.382450740495,6780,988398,7
-15652.678571428572,6781,988479,3
-7208.466361639737,6782,988526,3
7075.4326970889615,6783,988899,8
-75183.1550385459,6784,989645,6
-4248.392857142857,6785,989673,3
-47765.62645150682,6786,990102,6
-27661.82649308036,6787,990343,4
-15633.636363636364,6788,990425,3
-1754.6225996225996,6789,990442,3
21092.85889355742,6790,990477,5
-11468.692191021908,6791,990800,5
20395.720476204224,6792,990945,6
-82454.00175221858,6793,991569,6
15708.659372477192,6794,991742,6
-46072.01279241915,6795,992229,5
13043.640297610877,6796,992330,5
-8335.237568803743,6797,992698,6
-20211.621887127847,6798,992980,4
225.14853213559445,6799,993116,4
-19980.47061641488,6800,993448,6
12745.995390703209,6801,993523,5
1356.6375291375248,6802,993662,5
4991.453301600361,6803,993713,4
37971.539109127516,6804,993858,7
14418.695471195471,6805,993938,5
2885.9396975573454,6806,994016,4
-20716.929100460875,6807,994290,5
-10304.49723908702,6808,994512,5
9086.046427507223,6809,994690,5
-45893.622774744,6810,995073,5
-1688.1727994228004,6811,995202,5
-71568.97209988162,6812,995870,7
-23697.386663287358,6813,996020,3
-127278.98758145748,6814,997069,5
1762.4288211788162,6815,997208,5
-5771.706349206349,6816,997238,3
-471.74506049506056,6817,997249,3
5115.458152958157,6818,997493,7
-2686.0700753832325,6819,997775,7
10831.066254866564,6820,997841,5
-43937.188238318304,6821,998216,4
-87601.92974680975,6822,998864,5
-7455.8907337932105,6823,999020,4
-41981.171189921224,6824,999361,5
-2900.142333157033,6825,999504,5
2637.6428983756787,6826,999674,5
-3707.9725829725826,6827,999693,3
-81871.7010251531,6828,1000299,5
-18279.22910422911,6829,1000559,5
-12180.967165359583,6830,1000647,3
1447.6772689814475,6831,1000782,4
12812.875457875467,6832,1000857,5
-26284.5401697882,6833,1001337,7
26657.49023168581,6834,1001526,7
81241.9552873084,6835,1001742,11
-25272.978112032073,6836,1001863,3
11520.585644575585,6837,1002020,6
-18147.26478586774,6838,1002231,5
-5817.745458875491,6839,1002267,3
-39847.73116589293,6840,1002613,4
13766.086904581489,6841,1002813,7
-37921.7965282052,6842,1003219,5
-4938.803973803974,6843,1003327,4
-53965.50542680579,6844,1003669,3
27016.517716889237,6845,1003946,8
-15572.156415995429,6846,1004238,5
-7788.738483738485,6847,1004393,4
860.8868341840378,6848,1004588,5
-13306.964285714286,6849,1004730,5
16730.67961042226,6850,1004811,5
-108560.55191540487,6851,1005616,5
1388.722454016579,6852,1005835,6
7918.977089087384,6853,1005880,4
16745.656449888236,6854,1006018,6
-5474.961843711844,6855,1006047,3
-3464.9361055611053,6856,1006058,3
20621.688523894405,6857,1006105,5
3100.0540008666917,6858,1006645,10
-1217.0615495615489,6859,1006715,4
-3388.3403361344535,6860,1006737,3
-22591.47205735442,6861,1006955,3
-36836.19459309917,6862,1007193,3
-59881.135584103,6863,1007686,5
15742.102064602068,6864,1007754,5
-57999.317281703436,6865,1008376,7
-44615.739043593145,6866,1008759,5
13936.684458356596,6867,1008855,5
-23064.693794337745,6868,1009005,3
-49845.56443556441,6869,1009272,3
3746.684513364201,6870,1009416,5
2587.182254020492,6871,1009576,5
8655.469901615414,6872,1009600,4
25192.2286047286,6873,1009766,7
-8769.047619047622,6874,1009857,4
-9867.758646712908,6875,1010029,4
-23537.941878383037,6876,1010263,4
-36792.12281934613,6877,1010676,6
-44515.28919299768,6878,1011062,4
-37532.543774380094,6879,1011401,5
-7959.034644835735,6880,1011595,5
-3564.4354828178384,6881,1011734,5
15091.503080253082,6882,1011810,5
-21842.991123513562,6883,1012124,6
-9221.043176594649,6884,1012418,5
-108715.80248655699,6885,1013135,5
8853.506354756359,6886,1013240,5
14515.69433017962,6887,1013306,5
-18013.63660075736,6888,1013859,8
-29845.061017227177,6889,1014146,5
-11140.13431013431,6890,1014290,4
-32864.19597168021,6891,1014640,5
2984.674630924629,6892,1014765,5
-14355.412442949206,6893,1014903,4
-1203.339862536838,6894,1015113,5
-20310.174988410305,6895,1015560,7
-6741.931014032407,6896,1015626,3
6852.667436884011,6897,1015840,6
32504.322503476917,6898,1016056,8
-2338.56887801741,6899,1016305,6
-13306.523035787735,6900,1016603,6
4088.2845322069966,6901,1016761,5
-5266.235963094154,6902,1016826,3
-16320.705895411766,6903,1016972,3
-6802.9666263818735,6904,1017105,4
-29329.614488538664,6905,1017504,6
-46314.84218696679,6906,1017887,4
-13699.166487107663,6907,1017982,3
-16719.33517613277,6908,1018411,8
-13538.758722572573,6909,1018803,7
-12052.397956061975,6910,1018901,3
-46845.088245088235,6911,1019173,3
-31212.589537655338,6912,1019489,5
-17004.95440274306,6913,1020109,8
-63320.620915015854,6914,1020695,5
-26579.23477515777,6915,1021134,7
-25708.004891565273,6916,1021370,3
-15631.190800958066,6917,1021534,4
-8352.645062681744,6918,1021610,3
-29991.40538103033,6919,1021874,5
-874.3843684265488,6920,1022038,5
-5853.485052060384,6921,1022407,7
-21310.882360458596,6922,1022741,6
21419.687257187255,6923,1022770,5
10247.32217945453,6924,1022968,7
-25479.601845522902,6925,1023189,4
-6901.203849470106,6926,1023452,6
-71572.56401987237,6927,1024214,5
-9325.503283920123,6928,1024651,7
-18598.78991643892,6929,1025156,8
11736.24598549848,6930,1025431,7
-5348.950363841495,6931,1025767,7
13799.420440670443,6932,1025866,5
-70162.87938282898,6933,1026636,8
-18989.82468919969,6934,1026832,4
-23723.57947607949,6935,1027131,5
-10917.194610944616,6936,1027311,5
28492.21861471862,6937,1027428,7
-52293.70420532896,6938,1027901,5
-39244.55572978792,6939,1028255,5
13940.317460317467,6940,1028300,5
-20302.20681623158,6941,1028629,6
-22974.420968720326,6942,1028892,5
10920.96289955763,6943,1029001,5
17488.420455843407,6944,1029066,5
30427.249047392233,6945,1029153,6
20822.542812579577,6946,1029195,5
24210.103874883276,6947,1029324,6
9300.17857142857,6948,1029335,4
26759.20948934108,6949,1029474,6
7659.030023555736,6950,1029808,7
-62398.58563177452,6951,1030210,4
4744.470806970808,6952,1030242,4
-109523.39309254558,6953,1030902,5
-17867.559523809516,6954,1031018,4
-3655.0793577767317,6955,1031282,5
-3627.4680973294558,6956,1031450,5
-6463.655116813011,6957,1031492,3
4312.694507934449,6958,1031616,5
-357.2342404327701,6959,1031836,5
-22826.141636141638,6960,1032089,5
-30938.96553953442,6961,1032278,3
2875.656256185297,6962,1032469,5
14169.845085712886,6963,1032566,5
-13279.238955488958,6964,1032843,5
22689.278394314733,6965,1033195,9
-6065.092407592408,6966,1033223,3
-23428.77395222596,6967,1033415,3
15978.306303017067,6968,1033973,11
19986.356852212117,6969,1034014,5
24776.00795038295,6970,1034054,5
-45894.047082948,6971,1034283,3
-18351.544844044845,6972,1034432,4
-2515.1406926406926,6973,1034444,3
-15415.26458230153,6974,1034549,3
-81324.27108430785,6975,1035086,4
-12775.023310023309,6976,1035158,3
-22875.15359960665,6977,1035527,6
-20357.14285714286,6978,1035598,3
-2902.4594598298327,6979,1035861,6
15396.084541062804,6980,1035911,5
19245.462969386543,6981,1036142,6
-19388.022671772676,6982,1036500,7
-395.1839826839828,6983,1036516,3
-15636.90476190476,6984,1036595,3
-4998.682983682984,6985,1036630,3
-5272.622655122655,6986,1036664,3
-6327.198755612407,6987,1036714,3
8548.882258522352,6988,1036874,5
18853.23926073926,6989,1036897,5
28369.790394764867,6990,1037009,7
-15865.916305916306,6991,1037103,3
-3583.1755091313885,6992,1037277,5
-22286.02845962948,6993,1037631,6
-7346.2672303616555,6994,1037965,6
-58206.411662214894,6995,1038373,4
-2168.5041802882365,6996,1038549,5
13878.405781431591,6997,1038720,6
-15.299282947348843,6998,1038874,5
-6587.386841447466,6999,1039095,6
-44181.1702650634,7000,1039517,5
-12014.882753872866,7001,1039699,4
-2840.2993207772624,7002,1039785,4
2415.730987064196,7003,1039958,5
34723.78792990634,7004,1039996,6
-14148.809523809525,7005,1040084,4
-8534.511860647628,7006,1040258,4
-5139.184089095196,7007,1040465,5
-3094.792568542568,7008,1040603,5
12063.332140425797,7009,1040672,5
-2760.6024739364566,7010,1040863,5
-24317.495910951802,7011,1041250,6
3444.7184052113107,7012,1041511,6
-22436.94333444336,7013,1041883,7
-14012.366616871264,7014,1041993,3
13040.243474705554,7015,1042257,6
8791.955246550831,7016,1042566,8
-10070.946567622264,7017,1042609,3
14635.818425855192,7018,1042719,5
-16642.818847818846,7019,1042934,5
-30265.040775572917,7020,1043347,5
10811.45639187542,7021,1043567,6
-12753.108974358971,7022,1043789,5
-6535.119190450074,7023,1043837,3
-19726.812631812627,7024,1044128,5
-12143.027030588955,7025,1044233,3
-54379.11537572335,7026,1044789,5
-47296.960539460546,7027,1045192,5
16577.974232724653,7028,1045375,6
-25041.785714285706,7029,1045517,4
3787.0702336972154,7030,1045675,5
-77529.49726867108,7031,1046114,4
-17886.478156776146,7032,1046266,3
1778.722473532603,7033,1046486,5
-33425.910063448784,7034,1046931,6
-83620.29402528642,7035,1047677,5
-15544.579709506186,7036,1047855,4
23198.861206239668,7037,1048119,7
16656.758300394133,7038,1048256,6
-36790.5862912887,7039,1048611,5
9627.921103664134,7040,1048702,5
11368.333333333332,7041,1048713,4
-16865.658497826495,7042,1049102,5
28100.14534485123,7043,1049197,6
39358.01100554369,7044,1049509,10
6448.952089577089,7045,1049526,4
-3274.3650793650795,7046,1049554,3
-2696.654872904873,7047,1049584,3
-36036.7594578624,7048,1049988,5
-15572.827858416082,7049,1050208,4
-14150.632227249844,7050,1050557,7
-20179.34878137858,7051,1050760,4
-31735.869507926214,7052,1050988,3
-18513.263207380853,7053,1051104,3
-106269.72448574338,7054,1051947,5
-78457.82007466206,7055,1052657,6
10890.039682539682,7056,1052675,4
12204.816017316018,7057,1052689,4
-32867.9503187301,7058,1053053,6
-47725.39757112515,7059,1053332,3
-17973.755411255413,7060,1053407,3
4820.590104340105,7061,1053459,4
23371.941102509758,7062,1053496,5
-82690.38511325268,7063,1054159,6
-6656.1283650989535,7064,1054210,3
-28430.078488108993,7065,1054525,4
7938.779645337092,7066,1054564,4
3653.84508551304,7067,1054714,5
39320.59765806092,7068,1054991,10
-4839.38951914958,7069,1055032,3
-5195.5671649584,7070,1055270,5
-12026.307720057723,7071,1055392,4
-30756.13176447736,7072,1055637,4
-30719.789932289932,7073,1055933,6
2054.7215967726816,7074,1056083,5
1362.7720176205858,7075,1056188,4
-46386.95294940396,7076,1056863,8
-6548.96978021978,7077,1056914,3
-4612.774462622525,7078,1057054,4
7501.207977123307,7079,1057161,5
-6244.086060353476,7080,1057181,3
-13287.085496632713,7081,1057408,5
-11197.87878787879,7082,1057470,3
1012.2524357793302,7083,1057619,4
-26593.157202274833,7084,1057908,5
-5288.285244167597,7085,1057942,3
-8963.797295466005,7086,1058234,5
-15547.664532320116,7087,1058488,5
16654.3333055833,7088,1058554,5
-91076.67779486302,7089,1059027,4
-4821.171328671328,7090,1059038,3
-4941.7069429501125,7091,1059060,3
-54067.652430129245,7092,1059518,5
-4906.570334814799,7093,1059551,3
-3997.655677655678,7094,1059562,3
8363.104332887613,7095,1059709,5
40760.806415806415,7096,1059847,8
-17095.58191808192,7097,1059953,3
-25900.23571157084,7098,1060334,5
-25020.54074193779,7099,1060635,5
16379.825411806078,7100,1060909,7
7584.097014097015,7101,1061008,5
5833.603896103897,7102,1061110,5
-45136.9246031746,7103,1061349,3
-48966.70199898135,7104,1061722,4
-3780.91981547864,7105,1061811,4
-9316.612554112555,7106,1061855,3
-20694.736097236102,7107,1062065,4
3207.970438574177,7108,1062410,8
-17031.176421617598,7109,1062534,3
-23538.701788622457,7110,1062985,7
-27639.307856671257,7111,1063267,4
-36522.969360622476,7112,1063474,3
-35281.464767951795,7113,1063747,4
-18915.29508501324,7114,1063981,5
-11374.270847616435,7115,1064050,3
1754.773154381849,7116,1064165,5
12875.667086181791,7117,1064249,5
9327.214097257645,7118,1064447,6
-41194.016623818665,7119,1064846,6
-8270.191197691198,7120,1065032,5
-13094.170261283261,7121,1065288,5
14162.25462446051,7122,1065370,5
-12153.96889058653,7123,1065617,5
-17923.22349602098,7124,1066020,6
-7588.671328671328,7125,1066055,3
4601.320574849988,7126,1066198,5
47182.52256730198,7127,1066403,9
-100997.38391145316,7128,1067221,5
-8215.714285714286,7129,1067266,3
-40464.545044703,7130,1067834,7
-328.80338701546407,7131,1067905,4
-10348.508339791035,7132,1068000,3
-24354.58488750669,7133,1068310,5
-24956.23865105482,7134,1068579,4
-50754.89675249929,7135,1068904,4
-38483.58397020938,7136,1069183,3
-25581.15079365079,7137,1069407,5
-87487.74570286945,7138,1070091,5
-4408.618326118327,7139,1070117,3
22166.667489717016,7140,1070199,5
4672.503292498394,7141,1070359,5
-40169.147935397945,7142,1070697,5
6547.844263579562,7143,1070803,5
-36190.30862154701,7144,1071020,3
2309.2633226766357,7145,1071354,7
13993.081994115284,7146,1071693,8
-64807.305888555864,7147,1072246,5
-20784.198866149327,7148,1072377,3
-18558.869235339822,7149,1072488,3
-2198.5714285714284,7150,1072500,3
-6212.81452504885,7151,1072810,7
-30446.40578633614,7152,1072999,3
-38343.00451182801,7153,1073408,5
-4657.738095238094,7154,1073473,4
-110268.98851340282,7155,1074414,5
-23377.70464678941,7156,1075092,10
-15304.939208967842,7157,1075354,5
-18669.954962226042,7158,1075551,5
-14064.030773148417,7159,1075622,3
-3038.214285714286,7160,1075633,3
-4356.704081525883,7161,1076230,9
-16435.56249306249,7162,1076456,5
-26617.140637140645,7163,1076709,4
-25461.18489353784,7164,1076998,5
7148.396950271952,7165,1077141,6
-98546.21003802703,7166,1077722,4
-19227.674223205795,7167,1077885,3
1481.2758075257893,7168,1078194,8
10566.865201362105,7169,1078283,5
-5323.883782822149,7170,1078305,3
-4741.6841609462335,7171,1078336,3
-14966.561803564513,7172,1078742,7
-29512.588522588514,7173,1079055,5
-48943.273809523795,7174,1079369,4
-4906.045880354671,7175,1079468,4
-32952.86808478759,7176,1080105,8
14050.834452355351,7177,1080203,5
8640.370238940925,7178,1080278,4
14355.415870664086,7179,1080345,5
-18073.13407142153,7180,1080665,5
-4830.021367521367,7181,1080692,3
-36184.91404428906,7182,1080917,3
5095.923010355133,7183,1081001,4
-42305.46078921082,7184,1081374,4
16786.597844702163,7185,1081545,6
-2274.672688422688,7186,1081556,3
3902.814195608312,7187,1081619,4
-5729.202283354763,7188,1081681,3
7836.201070171661,7189,1081869,6
-12056.368527628194,7190,1082092,5
20732.793819098,7191,1082261,6
2307.1204511432866,7192,1082376,5
3119.980158730162,7193,1082508,5
-18063.392857142855,7194,1082592,3
-2561.594516594517,7195,1082615,3
-42315.48830919607,7196,1083080,6
-11595.017574015252,7197,1083164,3
4754.8342180695145,7198,1083333,6
-19793.139755411426,7199,1083433,3
-23326.79997625914,7200,1083728,4
477.5525210084043,7201,1083830,5
-15850.477659595304,7202,1083987,4
-4688.701298701299,7203,1084005,3
141.2552185946122,7204,1084286,6
-18456.610374409327,7205,1084452,4
-8305.887842377777,7206,1084510,3
-6844.524910718799,7207,1084554,3
-27478.061367596954,7208,1084796,4
-36425.75310396518,7209,1085012,3
-27153.26830376369,7210,1085345,5
-17102.99869139137,7211,1085738,6
-27380.83125208124,7212,1085993,6
-8199.46797891651,7213,1086041,3
-69031.92357607983,7214,1086597,5
-4782.250138238393,7215,1086649,3
-5707.1486388998,7216,1086807,4
-13876.520549883548,7217,1087075,5
-15576.643148518151,7218,1087168,3
-3221.4162267471056,7219,1087387,5
-67736.10534249336,7220,1087922,5
7829.02347652347,7221,1088062,5
-30856.27164502165,7222,1088201,3
-52280.21447914834,7223,1088654,5
-23054.163752913755,7224,1088804,3
42730.73258440905,7225,1088962,8
-32331.661277711395,7226,1089180,3
-21385.565027292967,7227,1089522,6
2968.4704530505614,7228,1089582,4
-9978.85260164672,7229,1089632,3
-3195.445314489432,7230,1089642,3
-9859.236874236865,7231,1089828,5
-6240.993840196086,7232,1089863,3
-10221.785200094024,7233,1089933,3
-28348.27982818694,7234,1090171,4
-6054.353746099105,7235,1090210,3
-28819.075507825513,7236,1090373,3
15130.4335147137,7237,1090461,5
18091.06456043956,7238,1090581,6
-14355.694314929995,7239,1090845,5
13310.63521596223,7240,1090927,5
-23280.696332820935,7241,1091226,5
-23965.817577484657,7242,1091470,4
-1086.2767882272515,7243,1091633,5
-49082.92908072323,7244,1091955,4
-12871.055872661927,7245,1092262,5
10581.783355533353,7246,1092511,7
-27194.349849496924,7247,1092949,7
-11074.395192226097,7248,1093168,5
-39888.10732611041,7249,1093427,3
-30216.33338883337,7250,1093623,4
-35660.23234655783,7251,1093981,5
21514.369838967363,7252,1094022,5
-25489.228467610817,7253,1094241,4
-18105.270283122452,7254,1094444,4
-51514.56740949968,7255,1095040,7
23623.68803766066,7256,1095494,11
-40097.51274868921,7257,1096127,7
-3664.6302308802315,7258,1096154,3
6822.746697746697,7259,1096191,4
-2779.545913537797,7260,1096541,7
14891.148063186643,7261,1096647,5
-15934.334687929886,7262,1096924,5
62.499722499722566,7263,1096934,3
2061.7363886113853,7264,1097046,5
-88636.83040363419,7265,1097670,4
9345.530164280164,7266,1097793,5
-31844.96922582063,7267,1098202,6
16912.438795193975,7268,1098364,6
8360.301504051517,7269,1098476,5
10706.31790895724,7270,1098615,5
-52802.50262972881,7271,1098924,4
-2440.476190476191,7272,1098934,3
17017.59491325667,7273,1099004,5
-154336.19745916608,7274,1100148,5
-33437.42172344341,7275,1100474,5
-14734.433316081911,7276,1100835,7
-17132.1176046176,7277,1100932,3
-29041.9465869098,7278,1101208,4
-42499.206765456765,7279,1101549,5
-8473.943393208088,7280,1101822,5
-13850.496031746032,7281,1101900,3
-4391.111111111111,7282,1101923,3
-38166.51888552623,7283,1102138,3
-37835.83313702118,7284,1102428,3
-30737.103925056716,7285,1102662,4
29699.158827283823,7286,1102806,7
9667.827768636591,7287,1102835,4
-30687.85714285715,7288,1102982,3
1158.0634235046005,7289,1103152,5
-78385.79559845042,7290,1103762,5
-6413.879386007871,7291,1103960,5
-54029.1305950298,7292,1104356,4
-74787.71853662329,7293,1105031,5
-117175.13302873596,7294,1105960,6
-56696.221765635455,7295,1106487,5
-49003.0301781757,7296,1107017,6
-16892.73098719307,7297,1107252,5
-7596.261119771181,7298,1107308,3
15815.417156373045,7299,1107394,5
-21849.61128669942,7300,1107618,5
-23861.68946083604,7301,1107827,4
26401.387987012993,7302,1108030,8
-29960.746245928127,7303,1108339,4
-9446.008423756437,7304,1108426,3
1911.6799866799913,7305,1108563,5
-19935.508658008654,7306,1108728,4
-5133.440725940726,7307,1108743,3
-23048.685481185486,7308,1109123,6
-366.51493930905747,7309,1109261,5
-1630.9339271839276,7310,1109408,5
-3396.447441447442,7311,1109434,3
2970.8772006218915,7312,1109617,5
-19092.436452436454,7313,1109818,4
-40863.939766803545,7314,1110274,6
-12478.19472550639,7315,1110474,4
-56873.16598369805,7316,1110869,3
3591.6945874846524,7317,1110951,4
-9858.658008658012,7318,1111069,4
-14600.203615828617,7319,1111360,6
14134.99847374847,7320,1111434,5
-27790.55823261705,7321,1111796,5
-4559.463994897431,7322,1112035,5
14470.364819434091,7323,1112180,6
-11328.443894426868,7324,1112271,3
15904.719437339416,7325,1112672,9
7933.344988344988,7326,1112713,4
-81273.42910549055,7327,1113295,3
18500.334730199284,7328,1113506,7
21320.97029223375,7329,1113717,7
21290.581240113137,7330,1113838,6
-13724.384509539323,7331,1114251,7
21543.08867860725,7332,1114298,5
-38088.7938471917,7333,1114665,4
-103391.26865167747,7334,1115477,6
-4746.356658047835,7335,1115494,3
-39217.378316128284,7336,1115727,3
-6471.378728555585,7337,1115865,4
19078.248434273133,7338,1115950,5
-3931.1111111111113,7339,1115973,3
-28016.53080579551,7340,1116253,5
-13505.511923791722,7341,1116362,3
15813.68686868687,7342,1116408,5
-3867.9945054945056,7343,1116444,3
-16696.4753996004,7344,1116515,3
-4621.774891774891,7345,1116542,3
-10738.534161916512,7346,1116707,5
-10375.084930978895,7347,1116851,4
-72005.52111195886,7348,1117421,5
-26936.952769452768,7349,1117620,4
3070.895354645354,7350,1117760,5
-18818.571428571428,7351,1117838,3
566.1616161616162,7352,1117849,3
-65561.3200950236,7353,1118443,5
-19442.426201679307,7354,1118747,5
12895.299712327573,7355,1118944,6
-26137.693842105604,7356,1119467,8
-15324.834471084467,7357,1119762,5
-13612.022076351732,7358,1120002,5
-14102.338494838496,7359,1120122,4
10332.007089132878,7360,1120252,5
16710.13569763569,7361,1120294,5
-38629.43718755446,7362,1120712,5
-79184.3116238336,7363,1121281,5
3246.854811854814,7364,1121348,4
-43188.074286824296,7365,1121750,5
-28438.64360355846,7366,1122021,5
-20228.941475191477,7367,1122287,5
1015.5251692751708,7368,1122426,5
-8961.80651778562,7369,1122516,3
-33679.35064935064,7370,1122733,3
8306.908369408357,7371,1122929,7
8590.333772264885,7372,1122986,4
-49756.758617199805,7373,1123448,5
-11436.185105314362,7374,1123524,3
-34347.15563394069,7375,1123833,3
18142.624182233314,7376,1123965,6
-12477.151182151178,7377,1124146,5
10393.335631759543,7378,1124231,5
9924.857850482851,7379,1124350,5
-2731.120978264937,7380,1124506,4
16461.78255405473,7381,1124578,5
17504.069680319695,7382,1124731,7
-23024.939088689098,7383,1124945,4
-5167.237402830266,7384,1125015,3
-60883.76027859495,7385,1125549,5
-7610.526483320601,7386,1125675,4
-31960.8845043621,7387,1126113,5
10509.026667776665,7388,1126500,9
-9404.20521141412,7389,1126721,5
30428.63897977219,7390,1127055,9
-75864.43742751436,7391,1127770,5
-38305.160186176065,7392,1128064,4
-14127.395353399606,7393,1128232,4
-55686.85967326449,7394,1128588,4
-8623.698523698524,7395,1128634,3
-27300.68833943832,7396,1128895,5
-29876.26651126652,7397,1129121,4
-21253.852201719827,7398,1129522,7
-10653.11244311244,7399,1129579,3
7053.138408046537,7400,1129712,5
-27466.827216471178,7401,1129999,4
-35518.74975772425,7402,1130390,5
-18093.0126190459,7403,1130613,5
-2817.7032526297144,7404,1130862,6
-13786.666660223185,7405,1131334,8
-546.0848076502118,7406,1131643,7
-3431.441197691204,7407,1131781,5
20931.18079332089,7408,1131932,6
-5307.585220507047,7409,1131955,3
-7204.184992638944,7410,1132012,3
9745.860938690383,7411,1132263,6
13407.899331061095,7412,1132342,5
-11280.50505050505,7413,1132410,3
-2253.815247360137,7414,1132599,5
4968.0807346248475,7415,1132698,5
-1800.7377344877364,7416,1132771,4
3827.5797119547115,7417,1132979,6
-39985.42417224791,7418,1133471,5
-10715.964974138353,7419,1133606,4
-6681.943539047959,7420,1133658,3
5518.62482288953,7421,1133824,5
13270.930214912669,7422,1133992,6
2844.912625858832,7423,1134197,5
-4468.22066822067,7424,1134233,3
-35425.02491617429,7425,1134608,5
4590.481038569275,7426,1134774,5
6661.316771463828,7427,1134884,5
18799.313646879433,7428,1135072,7
-23129.922353188605,7429,1135352,5
-16882.02797202797,7430,1135465,3
-10460.606476856472,7431,1135611,4
8379.28214893446,7432,1135804,5
-6293.397226913097,7433,1136026,5
-8374.935871017526,7434,1136139,4
-45211.26096126093,7435,1136377,3
-9355.898718369695,7436,1136429,3
768.8870709146831,7437,1136509,4
-25097.274516845075,7438,1136829,5
-18413.87741601363,7439,1136955,3
-10447.793499911048,7440,1137018,3
934.2707292707264,7441,1137142,5
-6521.111111111111,7442,1137179,3
-39322.26298619678,7443,1137641,6
-10882.845336637913,7444,1137852,4
-6663.538201994084,7445,1137982,4
-40554.53699078702,7446,1138434,6
-5625.714285714286,7447,1138462,3
-30762.79154802028,7448,1138804,5
-25247.077922077915,7449,1138980,4
-51669.58583083584,7450,1139472,5
-4059.112276612279,7451,1139670,5
-45256.97261072262,7452,1139957,3
-2794.523809523809,7453,1139967,3
-68212.57698356001,7454,1140472,5
-10891.96105365223,7455,1140544,3
-10069.704074090694,7456,1140733,5
-6323.215093729801,7457,1140892,5
-25560.74437449151,7458,1141134,4
-5099.007936507936,7459,1141165,3
-114370.03636477898,7460,1141980,5
5240.763971150963,7461,1142071,4
-16048.145767851447,7462,1142204,3
-2455.4382051121293,7463,1142366,5
6169.069182451537,7464,1142577,6
-10486.46686646687,7465,1142845,6
13602.549950049955,7466,1142910,5
15189.164224877144,7467,1143085,6
109.8358585858573,7468,1143194,5
-1348.9177824053036,7469,1143366,5
22446.20546120546,7470,1143405,5
5485.586913086912,7471,1143542,5
-28843.260376534363,7472,1143789,4
12842.727661914978,7473,1144007,6
-1303.6494705844548,7474,1144130,4
-26044.2122909446,7475,1144279,3
-8293.83455295994,7476,1144345,3
-5533.354978354979,7477,1144363,3
-4118.050111653054,7478,1144386,3
-46294.074952824885,7479,1144762,5
-28886.565176309756,7480,1144959,3
-2273.7283663618864,7481,1145214,6
-17632.899600399604,7482,1145297,3
8175.298141186304,7483,1145487,5
-18254.80752091046,7484,1145607,3
11976.660042865038,7485,1145818,6
-24235.761183261176,7486,1146101,5
-30454.470758000156,7487,1146259,3
-34700.77759164641,7488,1146634,5
-37319.73428467819,7489,1146784,3
5084.038278542917,7490,1147020,6
972.9830953360351,7491,1147108,4
-1867.5595238095236,7492,1147119,3
-1635.0721500721534,7493,1147207,4
-27332.806049729443,7494,1147517,5
-79534.53122041351,7495,1148062,5
-13141.722269818243,7496,1148251,4
-1111.4069500331398,7497,1148840,9
-102.44888410522526,7498,1149079,6
-46949.417079784966,7499,1149444,4
-12029.584859584858,7500,1149522,3
-4794.195314489432,7501,1149552,3
-13201.494158201403,7502,1149788,4
294.26503106456255,7503,1149955,5
-8423.598762348762,7504,1150130,5
-89275.95513877252,7505,1150713,3
-36573.23711011216,7506,1151223,7
-22022.557720057728,7507,1151425,5
1492.5054112554144,7508,1151504,4
10052.219150818228,7509,1151622,5
-108509.77911278611,7510,1152458,5
5069.274059274058,7511,1152675,6
-14731.469812437306,7512,1152749,3
-20211.017316017314,7513,1152927,4
-14947.663725163713,7514,1153129,4
-32827.75950872312,7515,1153609,7
-44628.74925727868,7516,1154085,5
3471.0906044420003,7517,1154197,5
-26527.47162151575,7518,1154564,5
-5325.016650016647,7519,1154725,5
-32925.59523809524,7520,1154884,3
-32149.326012609683,7521,1155257,6
4130.213675213675,7522,1155313,4
-5979.060645491119,7523,1155382,3
-19498.753795224402,7524,1155643,5
-92439.77700228612,7525,1156242,4
-41712.98451677321,7526,1156511,3
-33326.67446082356,7527,1156737,3
7855.073847720908,7528,1156903,6
-31714.995218816646,7529,1157464,8
-14736.6336677038,7530,1157570,3
35221.38119829125,7531,1157907,9
-68545.27531227806,7532,1158485,5
-71437.54756208703,7533,1159042,5
-68914.3506845751,7534,1159733,5
-6602.907385094826,7535,1159771,3
-2718.8852813852814,7536,1159781,3
-5185.161507335489,7537,1159819,3
-2290.595238095238,7538,1159829,3
-28853.632958458817,7539,1160181,5
-3223.236593557799,7540,1160312,4
8408.458497127236,7541,1160507,6
-3956.6984159631247,7542,1160665,5
18181.399886074723,7543,1160754,5
-11378.513468815323,7544,1160831,3
14998.567821067825,7545,1160872,5
-59749.032217782216,7546,1161276,5
-21514.59496385967,7547,1161404,3
-5089.300144300144,7548,1161437,3
-4925.865800865801,7549,1161466,3
-35829.95779890904,7550,1161693,3
-12362.678421509694,7551,1161764,3
-67099.96744743943,7552,1162253,5
29494.72721722722,7553,1162432,8
33811.81221556222,7554,1162638,8
-62171.81827610817,7555,1163109,4
-48111.079280196915,7556,1163476,5
-16826.944060411555,7557,1163705,4
31433.206515706523,7558,1163912,8
-18270.450430763063,7559,1164083,3
-41459.12680070188,7560,1164415,5
-52007.40519882295,7561,1164900,5
-17935.97830188387,7562,1165010,3
5021.219356623768,7563,1165039,4
-37876.68223162324,7564,1165506,6
20452.82828282829,7565,1165547,5
1202.005191474001,7566,1165695,5
-9836.772455485689,7567,1165777,3
9537.624861853124,7568,1165824,4
-48235.47704851943,7569,1166305,5
-1512.9589854589883,7570,1166383,4
4607.526236878015,7571,1166587,6
-16026.223814884805,7572,1166705,3
-35737.954545454544,7573,1166988,4
-30884.232434232443,7574,1167144,3
-5974.016687217151,7575,1167187,3
-4479.236972178151,7576,1167237,3
-6639.431818181817,7577,1167292,3
26394.29327208739,7578,1167397,6
-31801.57062897171,7579,1167787,5
-35214.745278371454,7580,1168218,5
-3052.977994227991,7581,1168365,5
-11891.232395055924,7582,1168435,3
3470.252174296294,7583,1168559,5
656.7794297206068,7584,1168687,5
-35419.455704684035,7585,1168923,4
-7705.246224363871,7586,1168954,3
-34976.83227719993,7587,1169233,4
-9437.943347716946,7588,1169537,5
19256.28885798587,7589,1170082,11
10995.668730779025,7590,1170499,8
10249.977243879046,7591,1170742,6
-5109.583333333333,7592,1170766,3
-5386.735209235209,7593,1170804,3
-10830.428697119874,7594,1170861,3
-7075.045705068925,7595,1170941,3
-32843.505561131344,7596,1171269,5
-22232.54108091285,7597,1171546,5
10785.806675264881,7598,1171647,5
-8039.784268556342,7599,1171756,3
-4199.111030653214,7600,1171924,5
2049.592092204321,7601,1172069,5
-16804.505637327187,7602,1172341,5
-2939.824113794704,7603,1172429,4
-13341.612554112555,7604,1172491,3
-2482.497264293257,7605,1172655,5
-7269.545454545454,7606,1172696,3
-29613.799559573526,7607,1173244,8
9414.414575362718,7608,1173382,5
-26154.076314552327,7609,1173679,5
-2793.6487123987104,7610,1173894,6
11469.814025843438,7611,1174039,6
-20257.84951159951,7612,1174151,3
51063.72044622045,7613,1174243,8
-28684.91982282423,7614,1174365,3
4422.595761536937,7615,1174447,4
-85180.4478181833,7616,1175221,7
-8125.936318583378,7617,1175421,5
-21062.66121541852,7618,1175700,5
-4648.755411255412,7619,1175727,3
-12438.924825174825,7620,1175803,3
-2770.728149559413,7621,1176135,7
27514.260657857794,7622,1176583,10
-1220.872899675139,7623,1176749,5
-65197.0423326673,7624,1177169,4
-10645.953005328003,7625,1177306,4
22150.40401076394,7626,1177620,8
-104036.3925960521,7627,1178300,4
11236.775642657994,7628,1178380,5
-7782.309634809635,7629,1178434,3
-4319.0056228601115,7630,1178450,3
-9428.251171772843,7631,1178536,3
-45646.979051650116,7632,1178900,4
6955.624677609971,7633,1179121,6
-10034.22619047619,7634,1179163,3
24062.489810026567,7635,1179382,7
-32469.749070374095,7636,1179655,5
-18184.17604110715,7637,1180010,5
-14100.840548340548,7638,1180154,4
-4567.13649096002,7639,1180176,3
-4942.612921349375,7640,1180210,3
-64961.69435349204,7641,1180541,3
20969.119925967756,7642,1180633,6
6605.105033855029,7643,1180755,5
35221.07124085066,7644,1180854,7
13010.039682539686,7645,1180993,6
-10214.934183463598,7646,1181057,3
-21033.93776759875,7647,1181291,5
-107625.79103666333,7648,1181991,3
-51189.51279478173,7649,1182485,5
-34020.21594316865,7650,1182783,4
-16354.149208634504,7651,1182893,3
-23481.384893518803,7652,1183050,3
60414.22410922408,7653,1183238,10
31109.629811837633,7654,1183530,9
-26633.741920703997,7655,1183963,7
-10462.213715477183,7656,1184137,4
-34231.74616082157,7657,1184631,6
3713.9285714285706,7658,1184676,4
-22119.368709930786,7659,1184888,4
-7958.7038529066385,7660,1185009,4
-116722.22116312485,7661,1185664,4
-9553.749653124654,7662,1185721,3
-36897.33752060114,7663,1186014,3
-27158.26385817486,7664,1186254,5
-7440.8871683871685,7665,1186303,3
24814.012711145082,7666,1186587,9
-27044.1829734593,7667,1186767,3
-33550.06550093539,7668,1187102,5
13680.770079593607,7669,1187226,5
-30463.666472416462,7670,1187578,5
-9798.00241425242,7671,1187829,6
-59204.93500007044,7672,1188431,7
-6202.603091353091,7673,1188607,5
21168.21428571429,7674,1188635,5
-7391.917970744281,7675,1188840,5
-42373.832774137976,7676,1189166,4
-20794.110748989857,7677,1189377,3
-41121.488290651876,7678,1189791,5
13209.30824441147,7679,1189882,5
16004.33590918885,7680,1189955,5
11486.801899940438,7681,1190156,6
-22398.45937258476,7682,1190336,3
-4304.02823183009,7683,1190359,3
-70514.57556887255,7684,1190981,5
-6896.516443185746,7685,1191195,5
-29127.75730504448,7686,1191558,5
-5455.167197138953,7687,1191863,7
-48741.72325983012,7688,1192264,4
-3426.3386613386615,7689,1192274,3
837.8519178190222,7690,1192342,4
63.42769081436802,7691,1192525,5
-23664.115744506624,7692,1192750,4
15786.643216389732,7693,1192860,5
-10743.065129315128,7694,1193181,7
-46481.45131519855,7695,1193623,4
-29676.107226107226,7696,1193797,3
-5049.517704517705,7697,1193820,3
-30993.473156866603,7698,1194111,4
13517.073088590121,7699,1194362,7
-5384.814442093856,7700,1194559,5
-847.1128177378109,7701,1194849,5
-27050.726433654065,7702,1195087,4
-25935.659981909466,7703,1195305,4
-22416.908369408367,7704,1195407,3
-47067.214163545475,7705,1195902,5
-79198.65091650696,7706,1196496,5
-7539.599567099566,7707,1196539,3
-96845.40387587987,7708,1197007,3
-37061.3308913309,7709,1197165,3
1933.1438436004996,7710,1197317,5
1699.8167565671974,7711,1197494,5
-4322.8621745901155,7712,1197510,3
-32864.416077640664,7713,1197641,3
-2553.7166325246703,7714,1197840,5
5126.059634809632,7715,1198068,6
-275.259026887171,7716,1198268,5
-16924.044705294706,7717,1198346,3
-21987.9392973298,7718,1198569,4
-41.18034528251593,7719,1198750,5
13116.958343084501,7720,1199054,8
-12568.45238095238,7721,1199106,3
-3417.5,7722,1199116,3
619.5395293224758,7723,1199210,4
-172762.23137672446,7724,1200303,5
-19146.153256358368,7725,1200414,3
-48545.31551287552,7726,1200765,4
23910.357142857145,7727,1200817,6
-2243.3982683982686,7728,1200840,3
-18683.682983682986,7729,1200925,3
-8925.238095238095,7730,1200968,3
-10418.71878121878,7731,1201056,4
-9644.28946053946,7732,1201163,4
-4546.079673680292,7733,1201205,3
17339.79881229882,7734,1201334,6
3999.0166083916074,7735,1201397,4
-2821.1738261738274,7736,1201555,5
-15140.692640692641,7737,1201623,3
-573.2435499656835,7738,1201741,4
-42189.92695986503,7739,1202179,5
-48727.79243152187,7740,1202652,5
-9234.271284271286,7741,1202806,5
-27014.676377544016,7742,1203059,5
8063.667027417025,7743,1203103,4
9267.214601742971,7744,1203497,8
-17258.240350335935,7745,1203611,3
-1202.1533852752164,7746,1203930,6
-27007.25311453253,7747,1204255,5
-15465.092002650805,7748,1204584,5
-74527.87964894588,7749,1205185,5
-6988.510933510935,7750,1205221,3
-256342.83931520864,7751,1206944,6
-7652.439733469145,7752,1207142,6
-24979.706682206677,7753,1207266,3
8045.186761767643,7754,1207466,6
-32336.283033188156,7755,1207799,5
-10362.575757575756,7756,1207869,3
-8561.320970695971,7757,1207919,3
9182.73781773782,7758,1207951,4
-19523.896340587515,7759,1208044,3
-18495.13936313085,7760,1208362,5
-106028.35426269636,7761,1209160,5
13992.26261856962,7762,1209469,8
-70729.34771822832,7763,1210029,6
10149.757167926673,7764,1210137,5
5689.105265649384,7765,1210307,5
24614.014391090062,7766,1210535,8
-1822.959486074556,7767,1210656,4
16950.854700854703,7768,1210737,5
-49794.5078259208,7769,1211102,4
-4709.195575666163,7770,1211150,3
18389.48237349166,7771,1211193,5
-26641.761248493734,7772,1211324,3
-14664.402934526772,7773,1211565,4
3639.414058164059,7774,1211717,5
-25328.410248592143,7775,1211902,3
-21781.14914840921,7776,1212089,4
-16660.60063827529,7777,1212398,5
17849.7619047619,7778,1212434,5
-93907.43434880766,7779,1213130,4
-31019.74198827302,7780,1213629,5
25379.881380229686,7781,1213826,7
7682.294372294373,7782,1213843,4
-7041.695295158918,7783,1213906,3
-46222.97174166561,7784,1214179,3
-6762.190946308594,7785,1214230,3
-7634.502817229211,7786,1214273,3
-43437.46279390469,7787,1214725,5
-25062.402597402597,7788,1214863,3
13124.319518752061,7789,1215014,6
-12739.772727272728,7790,1215137,4
-11453.779970029971,7791,1215206,3
14908.118853970243,7792,1215417,7
-23457.54219980224,7793,1215584,3
-13421.483137190808,7794,1215674,3
-22248.092921010888,7795,1216048,6
-34153.50732600732,7796,1216252,3
25066.493565988545,7797,1216537,8
-42668.09391308649,7798,1216890,4
-10127.321412210533,7799,1216977,3
-8151.371666259437,7800,1217045,3
-28235.931637162288,7801,1217534,7
-43948.09860074568,7802,1217870,4
3794.0874442278237,7803,1218053,5
-12353.679653679654,7804,1218118,3
-45341.51704504647,7805,1218486,4
3893.172333492028,7806,1218866,8
-5188.011120716228,7807,1218896,3
-114168.83035790201,7808,1219618,4
-27670.09127852225,7809,1220109,7
26174.96618485467,7810,1220603,10
808.5918628585036,7811,1220859,6
-12081.800070414618,7812,1221163,5
-21074.878454878464,7813,1221328,3
-6229.987672613279,7814,1221376,3
896.1714851009572,7815,1221666,5
-11845.836316461315,7816,1221811,4
-19642.83257592081,7817,1221978,4
-3750.1785714285716,7818,1222001,3
-22548.617876791253,7819,1222110,3
19238.437950937954,7820,1222150,5
17242.09197359334,7821,1222472,7
-22279.811485599042,7822,1222642,4
-27128.952933461438,7823,1223040,6
-2921.440659163603,7824,1223062,3
-18459.41683316684,7825,1223186,3
-5326.883810633812,7826,1223363,5
-23631.96012321013,7827,1223592,5
-46629.95930503816,7828,1223934,5
-6650.297619047618,7829,1223975,3
-22480.175518925524,7830,1224090,3
-9827.60533584063,7831,1224154,3
-9118.66142629301,7832,1224303,5
-11983.359100050278,7833,1224375,3
-57921.36648074145,7834,1224743,4
-63328.710858903396,7835,1225248,5
-38016.78030303032,7836,1225487,4
-5986.749537227479,7837,1225506,3
-9549.05209771309,7838,1225569,3
-3861.3636363636365,7839,1225580,3
23688.3885217996,7840,1225781,7
-123741.85940478511,7841,1226437,4
11923.15184815184,7842,1226575,6
-29431.078762316574,7843,1226769,3
655.7375259329599,7844,1226875,5
-5686.624872571734,7845,1227273,6
-35424.19454427584,7846,1227695,6
-59311.54327290361,7847,1228205,5
-2505.362554112554,7848,1228226,3
13696.356086723727,7849,1228338,5
-6458.734135110419,7850,1228693,7
2986.462295444496,7851,1228820,5
-22779.641655143452,7852,1229072,5
-24344.787517049514,7853,1229266,3
-26960.70616883118,7854,1229432,3
-65455.03115477569,7855,1229865,4
-8823.480827737794,7856,1229942,3
3728.472382450709,7857,1230008,4
17736.675755463777,7858,1230151,6
-21263.679861804863,7859,1230298,3
4354.721848965855,7860,1230459,5
-78401.08421315385,7861,1231069,5
5305.824384593739,7862,1231204,5
-26142.227355977375,7863,1231449,5
-27407.884060384047,7864,1231863,6
-14864.847526699321,7865,1232130,5
-20611.170634920643,7866,1232360,5
-17913.78282616489,7867,1232650,4
-12886.22873224836,7868,1232953,5
-38559.05431986314,7869,1233142,3
-14316.080868520881,7870,1233435,5
-4478.2373182373185,7871,1233467,3
-25624.55526628511,7872,1233801,6
-45097.96902336565,7873,1234175,4
-56871.0259183616,7874,1234587,4
-14968.150183150183,7875,1234688,3
-14467.19447219447,7876,1234884,5
-2928.6335568456307,7877,1234923,3
-21693.956880537764,7878,1235035,3
-5565.514289631937,7879,1235068,3
-5434.758574758575,7880,1235099,3
9712.202380952382,7881,1235148,5
8347.067837133622,7882,1235333,6
3275.5357142857147,7883,1235362,4
4662.641802641803,7884,1235416,4
-4923.819930069931,7885,1235454,3
2564.3328489535925,7886,1235679,6
2608.6693671358216,7887,1235856,5
16933.219860972775,7888,1235991,6
36120.46328671329,7889,1236084,7
-23058.855326604935,7890,1236176,3
25470.68757631257,7891,1236307,6
5183.751942501941,7892,1236341,4
7271.889852570143,7893,1236387,4
-39342.77732028896,7894,1236798,5
-9506.635790679906,7895,1236899,4
-20389.588748669634,7896,1237106,4
-79046.09129499533,7897,1237790,5
-46036.88035176041,7898,1238106,4
14296.283506225463,7899,1238325,7
3031.772488132783,7900,1238386,4
-6761.025419032891,7901,1238451,3
23765.3791899535,7902,1238852,11
-6760.409312909311,7903,1239151,6
-1071.6767464561565,7904,1239323,5
-21578.968253968258,7905,1239430,3
-7646.581245551829,7906,1239715,5
15437.573953823954,7907,1239799,5
-20004.810606060604,7908,1239900,3
-6788.590951532128,7909,1240045,4
-156357.5333481448,7910,1241130,6
-17138.27547452547,7911,1241269,4
-611.1111111111111,7912,1241279,3
1705.8051670551695,7913,1241407,5
4551.364159408137,7914,1241565,5
-5982.638176864791,7915,1241635,3
-42676.119303383246,7916,1241949,4
-62405.29147323272,7917,1242442,5
7323.791742313413,7918,1242604,6
-51784.90152801985,7919,1242916,3
-7058.512024611095,7920,1242972,3
-39815.76179795291,7921,1243450,5
5910.566076510348,7922,1243652,6
-15335.47688422688,7923,1243883,5
-33031.93362193361,7924,1244061,3
-31217.95815295812,7925,1244342,5
-10292.293564820484,7926,1244510,4
-19468.072710742985,7927,1244663,3
3784.920634920635,7928,1244791,5
-36025.61597716009,7929,1245035,3
-2240.712639184002,7930,1245159,4
-3827.5199548903115,7931,1245173,3
5887.71423021423,7932,1245272,5
-35912.287505376495,7933,1245472,3
-37915.619829021336,7934,1245780,4
5977.638024209752,7935,1245977,6
-24883.58821733822,7936,1246096,3
-13224.55563012839,7937,1246190,3
-52374.23743181481,7938,1246583,4
3971.6014916642825,7939,1246747,6
-3120.3571428571427,7940,1246759,3
-8926.30405701857,7941,1246831,3
-30310.395606219725,7942,1247241,6
-50329.608497797366,7943,1247570,4
10252.063693100841,7944,1247686,5
-13328.000430941604,7945,1247836,4
-3699.0842490842497,7946,1247849,3
-28557.389731871157,7947,1248035,4
-25319.546751408187,7948,1248366,5
-11610.243865611516,7949,1248600,5
11948.914703932116,7950,1248801,6
-11613.605865631233,7951,1249421,10
26407.364843400195,7952,1249541,6
12353.925286314992,7953,1249673,5
-15213.097874347877,7954,1249790,4
-13125.585442249529,7955,1249990,4
-1211.904761904762,7956,1250004,3
7121.217601842608,7957,1250288,8
8784.371808746808,7958,1250369,5
-22965.69158582551,7959,1250609,4
7694.829468776834,7960,1250781,5
11990.653913509941,7961,1251054,8
-48914.11080921144,7962,1251368,3
12511.285242535243,7963,1251385,4
-5387.207930957933,7964,1251468,4
6690.784313725486,7965,1251516,4
-5316.236652064825,7966,1251554,3
-12199.51021201021,7967,1251613,3
2523.1560106560096,7968,1251729,5
-21499.614298712946,7969,1252192,6
-35124.58498609234,7970,1252653,6
2110.1171336833104,7971,1252780,5
-5873.958329252446,7972,1253013,5
-25784.59956709957,7973,1253228,4
-1793.103871103098,7974,1253403,5
1671.094322344321,7975,1253499,5
-7544.716408892105,7976,1253536,3
-6076.642299908554,7977,1253572,3
-10306.722833186017,7978,1253626,3
-27598.212971836954,7979,1254018,5
-91270.25588274808,7980,1254606,4
-4216.100786468434,7981,1254641,3
-2508.9620093528756,7982,1254677,3
-1571.3368904393938,7983,1254763,4
-9284.873737373735,7984,1254879,4
-1982.5978781280637,7985,1255110,5
-6466.360028860028,7986,1255147,3
-9893.504290042594,7987,1255378,5
473.7708476332432,7988,1255573,5
-36474.87368045613,7989,1255885,4
5345.361892149819,7990,1256002,5
-4161.369871313755,7991,1256096,4
-37344.20298354896,7992,1256467,5
-20472.333132553715,7993,1256737,5
-32804.88220113218,7994,1257133,5
-25791.509740259742,7995,1257363,4
17993.359348984348,7996,1257457,5
-7757.179583231921,7997,1257677,5
7336.114776606267,7998,1257856,6
-15292.231089762432,7999,1258295,7
-117572.21925219617,8000,1259053,5
-24984.143494963922,8001,1259191,3
-6775.624375624375,8002,1259214,3
-5253.197839741957,8003,1259242,3
-24856.128728083066,8004,1259391,3
8733.33180708181,8005,1259493,5
-4288.796632289281,8006,1259601,4
-33060.92885872298,8007,1259757,3
-9632.480742296917,8008,1259910,5
-37142.954141017246,8009,1260263,4
-13402.407369667775,8010,1260500,5
15873.690476190477,8011,1260525,5
2248.621863705247,8012,1260655,5
-6250.964364153217,8013,1260910,5
-36583.17793489621,8014,1261327,6
10178.05568614392,8015,1261462,5
8353.306277056277,8016,1261494,4
-10410.53965642201,8017,1261569,3
-33737.198452991805,8018,1261781,4
-19894.8692690179,8019,1261953,3
-8860.0209516725,8020,1262162,5
22344.399468817628,8021,1262210,5
-2839.791319791319,8022,1262444,5
-3490.3246753246776,8023,1262522,4
-5100.50505050505,8024,1262549,3
-10580.929793245978,8025,1262641,3
-7143.774734682239,8026,1262712,3
1994.5928821780194,8027,1262775,4
-15437.988521196723,8028,1263202,6
1802.9148775201406,8029,1263412,6
12477.027642120513,8030,1263636,7
-2327.970184535704,8031,1263678,3
-25547.645338108883,8032,1264002,5
-17113.90442890444,8033,1264283,5
20701.85206133735,8034,1264452,7
-6873.302253302252,8035,1264498,3
-21632.936328377502,8036,1264668,3
554.4328598817751,8037,1264824,5
-43227.26023976026,8038,1265195,5
-1540.1785714285713,8039,1265205,3
-12053.83788211908,8040,1265280,3
-2599.4832944832942,8041,1265303,3
-10681.820000268632,8042,1265645,6
-11099.001998818174,8043,1265723,3
7104.856393606395,8044,1265960,7
-32870.110028860014,8045,1266138,3
-6303.945295181329,8046,1266178,3
-6257.929292929292,8047,1266215,3
-12916.378368148879,8048,1266317,3
16576.842476169983,8049,1266564,6
5346.772304492899,8050,1266648,4
4975.509776171546,8051,1266829,5
-13296.673032849503,8052,1266951,4
3073.2167704106196,8053,1267093,5
-10620.95869816458,8054,1267162,3
-25013.26839826838,8055,1267552,6
-1858.2514952367883,8056,1267704,5
-24483.100778865093,8057,1268101,6
-35186.642454767476,8058,1268373,4
-64828.37661413343,8059,1268931,5
-23432.42907419377,8060,1269263,5
1940.8488571934204,8061,1269438,5
-71378.20465074276,8062,1270301,8
8925.264849529554,8063,1270445,5
-5037.846690418288,8064,1270657,5
8190.359606423848,8065,1270788,5
-6321.483205215537,8066,1270914,4
-43329.702107533005,8067,1271144,3
-12413.157675657678,8068,1271221,3
-38896.799782782175,8069,1271461,3
-48429.28830089531,8070,1271958,5
-18552.907120828942,8071,1272109,3
-6705.140424590887,8072,1272171,3
3731.403596403594,8073,1272244,4
-11498.421578421578,8074,1272308,3
-7960.279680974338,8075,1272667,6
-23763.59099143224,8076,1273032,5
28152.83844492655,8077,1273072,6
-12112.561188811189,8078,1273133,3
-1507.2904872904874,8079,1273146,3
18493.60628320767,8080,1273342,7
-9114.66195698007,8081,1273385,3
-13767.676674206714,8082,1273661,5
-9312.247430606662,8083,1273756,3
-29862.632590390836,8084,1274121,5
-34165.573470217474,8085,1274421,4
-45563.32034451607,8086,1274899,5
8024.592175801794,8087,1274977,5
-4046.6026433576776,8088,1275223,6
11909.437134502923,8089,1275235,4
-1639.9657287157288,8090,1275245,3
30775.447963629063,8091,1275452,7
-2458.7123334182156,8092,1275563,4
14353.968253968254,8093,1275616,5
-12750.374736783824,8094,1275815,4
-32865.175599684095,8095,1276049,3
-10128.570673607439,8096,1276134,3
-5524.079605035489,8097,1276340,5
-8722.547452547455,8098,1276389,3
-12050.791052557668,8099,1276998,9
11282.605311355312,8100,1277057,5
-30583.04467698628,8101,1277429,5
15711.47075147074,8102,1277505,5
-17350.966931275463,8103,1277665,3
-57473.76180364182,8104,1278180,5
-14049.718448905764,8105,1278383,4
-7861.838811343461,8106,1278454,3
-13946.879093129091,8107,1278585,4
-12602.545786686665,8108,1278787,5
-6925.418202368668,8109,1278837,3
1288.015893635089,8110,1279063,6
-6411.327214452215,8111,1279092,3
-40726.616578725705,8112,1279288,3
-25461.993981549767,8113,1279531,4
-30619.26650963416,8114,1279762,4
-6196.365301365302,8115,1279798,3
-5256.171328671328,8116,1279811,3
2998.5560062572367,8117,1280056,5
9327.096861471866,8118,1280157,5
-128.11108933206572,8119,1280429,6
22013.995545517282,8120,1280453,5
-20557.796866371533,8121,1280694,5
28654.33919022154,8122,1280763,6
-51849.405973713256,8123,1281220,4
-6851.479631479632,8124,1281271,3
-6136.724118674583,8125,1281326,3
-9349.528413500815,8126,1281434,3
-13841.336057733128,8127,1281666,5
18773.131313131315,8128,1281703,5
-9048.02555073066,8129,1281750,3
-10512.098942723942,8130,1281817,3
-5746.3104950604875,8131,1282002,5
-33301.12083326741,8132,1282405,6
-3593.6904761904766,8133,1282423,3
8498.648297007421,8134,1282553,5
-37415.094505168054,8135,1282789,3
1408.5435424045609,8136,1282986,5
6162.331663005037,8137,1283158,5
11092.596222791655,8138,1283191,4
-25479.6602034876,8139,1283341,3
-65958.72410036006,8140,1283688,3
-20192.718534886386,8141,1283828,3
-1148.6314257637782,8142,1284246,8
-27379.349816849815,8143,1284517,5
16674.767189509836,8144,1284683,7
-41411.184333382516,8145,1285023,5
-25777.841006602608,8146,1285290,4
-34460.62875316603,8147,1285597,5
-2862.021711518615,8148,1285608,3
-9676.443001443002,8149,1285668,3
-36108.36262743966,8150,1286059,4
-79944.94935145545,8151,1286547,4
-42535.23789806684,8152,1286838,4
-28417.522536896122,8153,1287276,5
-5802.661456190867,8154,1287314,3
-5250.967116155483,8155,1287341,3
31339.216477966496,8156,1287693,9
25400.146408459106,8157,1287795,6
-5330.166708291708,8158,1287818,3
6214.279319536672,8159,1288004,6
-6736.785006359315,8160,1288140,4
-61167.70153655625,8161,1288597,4
10831.719989008006,8162,1288810,7
-4181.8014690007,8163,1288990,5
-3044.1033303753716,8164,1289024,3
-3158.484848484848,8165,1289053,3
-6911.7479742479745,8166,1289084,3
18221.733691406953,8167,1289253,6
37057.77618687642,8168,1289412,7
-18779.642579642583,8169,1289581,4
27271.638630976868,8170,1289677,6
-11867.455877455877,8171,1289749,3
26158.12520812521,8172,1289892,7
32458.283382853806,8173,1289964,6
-41071.252202987656,8174,1290459,5
-15463.675213675207,8175,1290560,3
6032.663725163728,8176,1290680,5
-22824.396257337445,8177,1291125,6
-46415.668202196845,8178,1291537,5
-9944.918126249391,8179,1291687,4
4714.325842286368,8180,1291844,5
-27943.650204284888,8181,1292059,3
-4541.445030091799,8182,1292408,7
-50062.66129574757,8183,1292636,3
2713.7884456015227,8184,1292876,6
-3449.1885891885895,8185,1292907,3
-1610.5508380508368,8186,1292991,4
-59025.36376076633,8187,1293591,6
-50540.537240537225,8188,1293835,3
-6450.770298889427,8189,1293893,3
-33854.97686330696,8190,1294157,4
-6424.136793098762,8191,1294323,5
-10053.13903625091,8192,1294559,5
13865.366420645056,8193,1294618,5
-20417.142857142855,8194,1294717,3
-6907.227930737992,8195,1294758,3
18194.548237709998,8196,1294811,5
1605.4361874795304,8197,1294905,4
-40987.12290719251,8198,1295396,5
3987.691911846323,8199,1295551,5
-19965.31357531356,8200,1295823,6
-3894.0857182033646,8201,1295852,3
4700.164565826317,8202,1295936,4
-37648.518728004026,8203,1296333,5
231.77169235992892,8204,1296422,4
-18235.868930436904,8205,1296576,3
-16376.381182697956,8206,1296868,5
-40915.78088578089,8207,1297154,4
28937.822406351814,8208,1297235,6
-4126.785714285714,8209,1297258,3
-5250.135281385281,8210,1297279,3
-45007.067682919114,8211,1297768,6
-33741.636299931575,8212,1298013,3
-3322.0238095238096,8213,1298030,3
-25631.661533740258,8214,1298431,5
-24264.504720668574,8215,1298613,3
-27187.019329080966,8216,1299012,5
10217.701742701744,8217,1299038,4
-6202.016872016872,8218,1299146,4
-7733.454405072052,8219,1299281,4
-2488.185425685426,8220,1299304,3
-22633.900470444605,8221,1299650,5
-2829.1916331003167,8222,1299902,6
18644.147197831408,8223,1300040,6
-33001.56039222219,8224,1300442,6
-6719.150544587856,8225,1300570,4
-11569.892551334115,8226,1300745,4
21843.690476190473,8227,1300846,6
6720.535714285713,8228,1300938,5
-3400.1774266325347,8229,1300953,3
-5411.554057418319,8230,1301004,3
-3516.200640175098,8231,1301027,3
-10484.685314685312,8232,1301105,3
1794.7905366906832,8233,1301266,5
-32032.833200361798,8234,1301488,3
-74337.23927617009,8235,1302075,6
-1175.6327006327006,8236,1302089,3
-6267.922077922079,8237,1302116,3
-36974.32843085707,8238,1302408,4
-4168.809523809524,8239,1302418,3
-11448.653451811337,8240,1302527,3
-9603.889373440456,8241,1302599,3
29626.79027263588,8242,1302800,8
-6522.145289565952,8243,1303000,5
-15770.705999217551,8244,1303376,5
-65031.63913915465,8245,1303755,4
-28334.571651258975,8246,1303948,3
-45807.32172218048,8247,1304452,5
-8515.810578310578,8248,1304499,3
20488.97963497221,8249,1304780,7
5584.852508602514,8250,1304915,5
-8295.603867236994,8251,1304976,3
-592.6542082750866,8252,1305185,5
-5658.3802308802315,8253,1305216,3
-3684.221823927707,8254,1305239,3
-12493.390205640588,8255,1305355,3
8926.9165004672,8256,1305532,6
-17286.268287731473,8257,1305631,3
-10319.052323450542,8258,1305693,3
18520.814954356225,8259,1305908,6
-4029.1973304473304,8260,1305925,3
8927.850804166597,8261,1306174,6
21531.261605060485,8262,1306228,5
-4925.146103896103,8263,1306261,3
18508.689431483548,8264,1306496,7
-47130.124410324024,8265,1307045,5
-8870.586814286506,8266,1307126,3
-48669.30126164122,8267,1307585,4
7024.93728493728,8268,1307688,5
-8226.66484229565,8269,1307882,4
7568.737373737371,8270,1307965,5
-2346.9624819624823,8271,1307987,3
-39866.84495224637,8272,1308413,5
-15364.728327228328,8273,1308531,3
6328.861147022912,8274,1308604,4
13066.596410125821,8275,1308702,5
-4695.275055611743,8276,1308830,4
-19290.736144660284,8277,1309141,5
2576.958292593574,8278,1309329,5
-67673.66163248513,8279,1309702,3
19839.76154852013,8280,1309907,7
-79643.6268418545,8281,1310542,4
-55045.06718246979,8282,1311052,5
-5790.837692793962,8283,1311161,4
-12251.64700087494,8284,1311331,5
-9727.264333963247,8285,1311657,5
-6734.6861471861475,8286,1311755,4
-2744.6907080389883,8287,1311765,3
-15831.66393032492,8288,1311886,3
34836.388219884975,8289,1312159,9
20912.7713843137,8290,1312262,6
-48559.25473219596,8291,1312621,4
-8444.774175557843,8292,1312859,5
-1938.0193989017553,8293,1313046,5
-27650.90171266641,8294,1313314,4
-48644.15426850415,8295,1314023,8
-3627.5,8296,1314034,3
-10670.620238063106,8297,1314225,5
5444.217604543251,8298,1314485,5
-9231.300171276947,8299,1314657,5
-6862.806776556776,8300,1314714,3
6610.98014558541,8301,1314842,5
-38680.76281475665,8302,1315299,6
16720.81425884057,8303,1315354,5
4836.333527583532,8304,1315431,4
5110.015742341595,8305,1315590,5
-54405.90416527912,8306,1315986,4
797.5002736341712,8307,1316123,5
1369.4039325576923,8308,1316295,5
-47237.22452111532,8309,1316739,4
-42182.71993937437,8310,1316981,4
-2526.652236652237,8311,1317004,3
-14715.931997998565,8312,1317120,3
22139.426129426123,8313,1317271,7
-4764.126984126984,8314,1317294,3
-38291.113215559824,8315,1317739,5
-6446.580315968859,8316,1317768,3
7103.986250309501,8317,1318083,7
-15716.607151448503,8318,1318377,5
-30082.63746165255,8319,1318545,3
-86001.93572165702,8320,1319244,5
-7483.348089603897,8321,1319486,6
-1273.2828282828282,8322,1319503,3
-23372.947330447318,8323,1319769,5
12242.846582596965,8324,1319825,5
-2348.4601509601484,8325,1319975,5
-20480.151071838383,8326,1320083,3
-8028.25396825397,8327,1320119,3
-4593.797591297592,8328,1320155,3
-20008.293617287425,8329,1320316,3
-105513.97502856661,8330,1321040,4
-14475.5191600625,8331,1321137,3
-58150.352932241476,8332,1321481,3
-16470.35802920095,8333,1321744,5
-10249.902389277391,8334,1321842,3
-24544.288409818597,8335,1322092,4
-517.4313168410305,8336,1322398,6
-6000.643175194259,8337,1322430,3
-373.8898910686963,8338,1322651,5
-14934.075859846307,8339,1322870,4
-17240.519268313386,8340,1322970,3
-2998.3635808635822,8341,1323147,5
-11399.081950900834,8342,1323467,5
-2646.049564470616,8343,1323548,4
-39291.788738866926,8344,1324002,5
-13971.146068759395,8345,1324234,5
-629.6428571428571,8346,1324244,3
-45946.59596530921,8347,1324642,5
-24483.00310821789,8348,1324921,4
-3699.0842490842497,8349,1324934,3
-51349.04979157337,8350,1325371,4
-4437.655677655677,8351,1325382,3
-32070.635415281326,8352,1326002,7
22214.263182423012,8353,1326163,6
-17009.784649831843,8354,1326283,3
-7248.442411346823,8355,1326317,3
-13780.071911260922,8356,1326401,3
-38426.66995049157,8357,1326902,6
-4313.1263181263175,8358,1326925,3
-22813.56698856699,8359,1327106,3
-25963.502747252758,8360,1327318,4
-3577.24848680731,8361,1327341,3
-7050.452741702741,8362,1327384,3
-26746.18549076669,8363,1327665,5
40767.33544297979,8364,1327997,10
-13298.16086691087,8365,1328235,5
9366.32215007215,8366,1328251,4
15715.114860629556,8367,1328369,6
-6539.309824106738,8368,1328435,3
-78921.31548338848,8369,1328865,3
-16673.389940250992,8370,1329105,4
24875.708180708185,8371,1329223,7
-3978.071330973808,8372,1329265,3
-17530.469663850083,8373,1329364,3
-11939.766061037342,8374,1329452,3
-13872.896613190731,8375,1329531,3
-69618.43675115735,8376,1329956,4
-50240.44450647394,8377,1330399,5
37705.991178440876,8378,1330457,6
-17244.13732613912,8379,1330555,3
-32493.845313274524,8380,1330843,4
6286.014930351653,8381,1330968,5
-2307.6428432678413,8382,1331063,4
14350.915327362696,8383,1331127,5
-4471.731601731601,8384,1331148,3
-49232.21395508404,8385,1331531,4
-3561.188575141751,8386,1331686,4
-17242.748474211658,8387,1331774,3
10046.991128186512,8388,1331897,5
18819.626815178286,8389,1331957,5
-23807.613954672775,8390,1332113,3
-21660.721470866596,8391,1332246,3
-18649.927731501833,8392,1332561,6
11546.679348773003,8393,1332593,4
-3038.788939818351,8394,1332619,3
-6781.3098013098,8395,1332657,3
-8229.563412593601,8396,1332712,3
-34538.68205281126,8397,1333065,5
-16346.782522602953,8398,1333283,4
-6498.602092352095,8399,1333333,3
-10776.721228966217,8400,1333417,3
-11335.3289664468,8401,1333697,6
4289.416833166834,8402,1333820,5
19113.902290519934,8403,1333894,5
20865.834165834163,8404,1334021,7
-15247.985625485622,8405,1334109,3
-4269.789238539239,8406,1334139,3
-2940.625,8407,1334163,3
-3613.2965686274506,8408,1334189,3
7618.237526362536,8409,1334331,5
-70835.2950552779,8410,1334797,3
3326.689573502131,8411,1334956,5
-79579.53369667681,8412,1335438,3
-3749.3551473479215,8413,1335575,5
-11842.83013211418,8414,1335739,4
9387.727499538645,8415,1335884,5
14917.2218555868,8416,1335984,5
-48864.56365121805,8417,1336256,3
21586.05963480963,8418,1336344,6
-4295.275014158526,8419,1336508,5
-3713.393395819867,8420,1336535,3
5.0438070931595576,8421,1336935,7
8059.769228337515,8422,1337257,8
5448.214285714285,8423,1337309,4
12404.98828163655,8424,1337582,7
-32753.34693084691,8425,1337891,5
-9677.95253765842,8426,1338068,4
-16161.304504319205,8427,1338226,4
-13564.283910533914,8428,1338450,5
-11966.482296513252,8429,1338672,4
-7377.692984260322,8430,1338726,3
-37270.11980258303,8431,1339245,6
-4893.863636363636,8432,1339257,3
-34978.77381454976,8433,1339577,4
-5212.44292858844,8434,1339640,3
-35447.19253761148,8435,1339965,4
11950.410211993028,8436,1340115,6
373.7529137529136,8437,1340191,4
-49858.59683026852,8438,1340741,6
-4458.468614718615,8439,1340759,3
606.2035187035194,8440,1340922,5
-28412.29887132882,8441,1341238,5
-46495.543920948345,8442,1341659,5
-32330.79642579642,8443,1341824,3
-5204.511738261737,8444,1341866,3
-17852.287851037847,8445,1342075,4
-50168.035548472864,8446,1342506,4
7104.754893799013,8447,1342614,5
-4580.594122939325,8448,1342647,3
5162.788707626189,8449,1342845,5
-3020.416666666667,8450,1342855,3
-26264.956737374287,8451,1343163,5
7890.07249780663,8452,1343209,4
-41260.87635103116,8453,1343565,5
8218.067626817628,8454,1343594,4
-4233.2848607790565,8455,1343698,4
-26875.221597502947,8456,1344081,5
-67743.14778358894,8457,1344521,3
-44685.74808168268,8458,1344876,4
-18791.690890808535,8459,1344973,3
-4296.756854256853,8460,1344997,3
-2788.59681984682,8461,1345008,3
-6891.682472584175,8462,1345058,3
-21196.966417001568,8463,1345462,5
-3307.9166666666665,8464,1345478,3
-40927.11745491348,8465,1345872,5
-2789.0288727253674,8466,1346006,4
-17698.559471574183,8467,1346273,5
20483.652218608546,8468,1346674,9
4637.295517949534,8469,1346844,5
15998.648022943693,8470,1347024,6
-22102.72727272726,8471,1347152,3
-6732.357919857919,8472,1347183,3
-16992.23629569605,8473,1347349,4
-19066.74850819976,8474,1347473,3
-36527.029478304634,8475,1347946,5
-26656.128593628608,8476,1348117,3
-14766.459606999473,8477,1348385,5
-25496.313683437453,8478,1348582,3
-22751.615321168345,8479,1348877,5
-1585.5050505050506,8480,1348888,3
-79386.56433607673,8481,1349478,4
18731.263815518854,8482,1349571,5
-6267.994820535203,8483,1349604,3
646.3139891584183,8484,1349719,4
-2386.25,8485,1349734,3
-9007.059546920229,8486,1349816,3
-48974.17440574566,8487,1350214,5
-3688.729187479184,8488,1350426,6
-9461.269841269843,8489,1350479,3
-37074.13381338304,8490,1350875,5
-13681.143190315019,8491,1350974,3
4032.470223523578,8492,1351260,6
-28812.411497171553,8493,1351500,4
-68624.05308484865,8494,1352106,5
-11291.908369408366,8495,1352245,5
-39426.03004471481,8496,1352707,5
-5163.294793441852,8497,1352746,3
-49579.725923949314,8498,1353187,4
-16802.9570461788,8499,1353434,5
19967.691411568863,8500,1353614,6
-4812.137931512931,8501,1353729,4
-6530.602084384572,8502,1354086,6
-2069.4243704557516,8503,1354343,5
22166.13396407514,8504,1354400,5
-17918.30113385067,8505,1354496,3
-27079.133564206164,8506,1355067,6
-5755.075707101642,8507,1355301,5
-16681.802627907084,8508,1355545,4
-23743.898181244695,8509,1355870,5
-6145.25258724091,8510,1355920,3
15273.882072618833,8511,1355988,5
-11674.154303513824,8512,1356067,3
-9284.906270200396,8513,1356318,5
-27034.68253968254,8514,1356612,5
-18472.664175742157,8515,1356938,4
-5852.69779068541,8516,1357058,4
18641.923599276543,8517,1357124,5
-9072.648172475963,8518,1357320,4
-17962.848581157406,8519,1357649,5
3841.9767530371255,8520,1357784,5
-12836.190127792972,8521,1357958,4
11736.475441539209,8522,1358160,6
-41254.12964679797,8523,1358505,4
-8690.826643014188,8524,1358737,5
-5100.553196803197,8525,1358772,3
-33840.32158824147,8526,1359074,4
28511.641539145417,8527,1359342,8
-16544.363340685195,8528,1359504,3
-23161.87415181249,8529,1359900,6
13908.889043729105,8530,1360155,7
6333.320860566198,8531,1360310,5
-8757.077655746387,8532,1360572,5
-20556.078281883238,8533,1360733,3
-3573.7159911811614,8534,1360750,3
-14274.000390089786,8535,1360889,3
-63111.71090990042,8536,1361339,4
14804.294259661907,8537,1361482,6
-29069.562478490818,8538,1361817,5
22353.69782994782,8539,1361929,6
-5308.333615988415,8540,1361958,3
-6266.881729381729,8541,1361987,3
-23822.290306442774,8542,1362269,5
-20743.331466864754,8543,1362372,3
-6068.809523809524,8544,1362382,3
-6229.559469168604,8545,1362420,3
-5010.624968426826,8546,1362456,3
-38507.79815884647,8547,1362766,4
-28899.69831574514,8548,1362918,3
13435.542790542791,8549,1362988,5
11450.763517528225,8550,1363017,4
-19236.716365849494,8551,1363166,3
-15077.579447772887,8552,1363407,4
-14318.790532428644,8553,1363608,4
-16494.553363303366,8554,1363696,3
7124.655899655908,8555,1363836,5
-7781.003996003996,8556,1363931,4
-37473.40811362553,8557,1364279,3
-79528.39200767416,8558,1364921,4
-15054.095904740252,8559,1365174,5
-13142.021713079997,8560,1365268,3
-18891.47067093253,8561,1365550,4
-95827.21283790182,8562,1366285,3
-3425.367965367965,8563,1366304,3
-24268.855645371656,8564,1366650,5
-11436.62760850261,8565,1366720,3
-10766.797369297368,8566,1366855,4
-2.2705447306152564,8567,1367186,6
-10102.171239866757,8568,1367285,3
-16652.957037055166,8569,1367435,3
-53948.95815215009,8570,1368036,5
8649.095395488588,8571,1368207,5
38275.264691691445,8572,1368374,7
-17391.146399830406,8573,1368495,3
-8541.524864024868,8574,1368593,4
-14596.840234284122,8575,1368755,4
-1926.7316017316016,8576,1368776,3
-7706.130536130537,8577,1368824,3
-7065.849012099012,8578,1368957,4
-3121.0282772782775,8579,1368977,3
-23302.927751344076,8580,1369175,3
-12215.259348494643,8581,1369263,3
-9822.063852255413,8582,1369475,5
6530.190196183763,8583,1369663,6
-62476.2896424312,8584,1370457,6
-56012.62035387626,8585,1370808,3
-9174.293822549473,8586,1371017,4
-23861.887165122465,8587,1371239,3
-6258.173142590386,8588,1371288,3
-5179.881699183169,8589,1371322,3
-35341.85901473825,8590,1371641,4
-15911.965609210189,8591,1371758,3
17615.89590964591,8592,1371795,5
-10972.422662476842,8593,1371878,3
10714.351405696721,8594,1371988,5
-3214.272155433146,8595,1372010,3
-15412.387959262956,8596,1372095,3
9782.555430680432,8597,1372270,6
-17055.295157199176,8598,1372409,3
-32578.67020080583,8599,1372846,6
-25170.907227802323,8600,1373171,5
-34453.02530802533,8601,1373381,3
-3690.3030303030305,8602,1373403,3
-2547.377450980393,8603,1373526,4
11450.894627388441,8604,1373734,6
-33518.639416139406,8605,1373945,3
-28916.503758520677,8606,1374188,3
-4525.33068064904,8607,1374220,3
-4944.803942187844,8608,1374240,3
-26097.671625694482,8609,1374471,3
5697.552655677658,8610,1374531,4
-7019.053724053723,8611,1374578,3
-56735.60354978694,8612,1375197,6
-30463.108558108554,8613,1375474,5
-32786.79713789151,8614,1375707,3
-2260.9142303830686,8615,1375894,5
-12080.812582025823,8616,1375998,3
-23416.222853943436,8617,1376197,4
-6629.869706089216,8618,1376265,3
-62249.60895165914,8619,1376604,3
-22444.768872338536,8620,1376839,4
-8757.44020685197,8621,1376904,3
-6660.2319902319905,8622,1376933,3
-29321.85248961566,8623,1377375,5
-16418.397351917087,8624,1377563,4
-7645.798248449176,8625,1377621,3
-31765.724630331824,8626,1377783,3
-17707.929104564162,8627,1378009,4
-49701.317793403694,8628,1378433,4
-81638.7705638501,8629,1379061,4
-1526.0622092046224,8630,1379167,4
-23231.933848959776,8631,1379452,5
-27297.69645547913,8632,1379647,3
-75814.49292666402,8633,1380265,5
-5634.532521786772,8634,1380446,5
-39135.670866800916,8635,1380747,3
-21413.00715473896,8636,1380901,3
6573.548192004076,8637,1380985,5
6285.530996780998,8638,1381019,4
-8596.230158730159,8639,1381062,3
-28855.794760794754,8640,1381413,5
-16104.665957752255,8641,1381529,4
-48610.47249420535,8642,1381876,3
-12532.335981012448,8643,1382090,4
-7774.662837162837,8644,1382158,3
-4721.955324087677,8645,1382183,3
-50481.475161928465,8646,1382484,3
-5825.718725718726,8647,1382506,3
-11099.954330585118,8648,1382824,6
-12092.3405433856,8649,1383130,5
-20171.795426795426,8650,1383307,4
-4632.325036075036,8651,1383328,3
-9425.03663003663,8652,1383384,3
-54727.75916034421,8653,1383791,3
19392.157287157286,8654,1383831,5
-25147.927746273333,8655,1383966,3
8432.011485741712,8656,1384136,5
-7309.3943523478965,8657,1384321,4
-39024.69885096133,8658,1384530,3
-4877.359163669148,8659,1384558,3
-26423.26007991836,8660,1384818,4
2865.3679653679646,8661,1384845,4
5240.931350454336,8662,1384910,4
-2884.2188152404874,8663,1384935,3
-2215.5823085769916,8664,1385041,4
-14857.277816567674,8665,1385240,4
-11020.307930859317,8666,1385382,3
-39151.221207198374,8667,1385552,3
-40095.159829149816,8668,1386116,6
-9168.688966714473,8669,1386360,5
-11885.907941088988,8670,1386477,4
-8984.562937062938,8671,1386531,3
8155.577894327895,8672,1386668,5
-15903.291337145827,8673,1386749,3
-22664.48958504926,8674,1386860,3
-10950.207106745336,8675,1386954,3
-83217.30157097797,8676,1387542,5
-47856.49168512947,8677,1387882,3
-9965.40522171327,8678,1387964,3
-7438.533423630933,8679,1388188,5
3501.203152930959,8680,1388235,4
-14737.073064319575,8681,1388492,4
-4096.900305576777,8682,1388519,3
-6752.324717765894,8683,1388575,3
-8946.606338707732,8684,1388745,4
-21996.557616575035,8685,1388963,4
-36040.44426376858,8686,1389388,5
-5724.184565434565,8687,1389414,3
-4459.814628101965,8688,1389625,5
-28472.697106814754,8689,1389774,3
6046.929043179045,8690,1389810,4
-3801.2987012987014,8691,1389820,3
20177.733611203035,8692,1389943,6
8212.449640572704,8693,1390084,5
-16410.714285714283,8694,1390160,3
3901.8022903869587,8695,1390383,5
-32204.205167121985,8696,1390690,4
23744.80679043178,8697,1390943,7
-16649.481409972897,8698,1391330,5
20570.526761250443,8699,1391395,5
-9352.328136949192,8700,1391557,4
-4943.435510567863,8701,1391584,3
-6533.379953379956,8702,1391633,3
-6326.964285714285,8703,1391668,3
-4311.428571428572,8704,1391684,3
-7179.058507823821,8705,1391850,4
287.7470587977514,8706,1392054,5
-52440.412347180034,8707,1392443,3
11226.235643441525,8708,1392546,5
-3959.5447512509013,8709,1392818,5
18753.971866531414,8710,1392900,5
-20612.58386737102,8711,1392991,3
-6762.383420672893,8712,1393064,3
-30223.56964810961,8713,1393463,5
14715.779231947969,8714,1393576,5
21857.380952380954,8715,1393646,6
27384.59978312756,8716,1393908,8
-4428.571428571428,8717,1393931,3
19765.491108478724,8718,1394071,6
30618.42518592518,8719,1394121,6
-364.34280591493746,8720,1394255,4
-7229.444444444444,8721,1394298,3
22613.226052637478,8722,1394368,5
5341.531801531801,8723,1394399,4
-27371.16087988005,8724,1394644,4
-1847.6264292982546,8725,1394825,5
-77194.6163713307,8726,1395450,4
-13438.134514264544,8727,1395560,3
-29116.996285018733,8728,1395755,3
-6515.576923076922,8729,1395799,3
-37504.37812905002,8730,1396078,3
-2780.3044229592174,8731,1396266,5
33988.343077845806,8732,1396448,7
-27095.881070254116,8733,1396788,5
-21269.695219586938,8734,1397005,3
-6358.963744588744,8735,1397053,3
8133.38003778987,8736,1397199,5
-1808.4633916135451,8737,1397317,4
-9489.319242848656,8738,1397402,3
-16651.512520417324,8739,1397532,3
-3538.2717772423653,8740,1397554,3
-4069.236668689068,8741,1397781,5
-42400.423723593245,8742,1398112,4
-50929.04369471967,8743,1398526,4
14482.84152680825,8744,1398579,5
-20366.589521589514,8745,1398892,6
12302.052669552673,8746,1398967,5
-1363.1454160304788,8747,1399054,4
11041.309523809523,8748,1399065,4
4106.143745457517,8749,1399190,5
10636.660353535353,8750,1399395,6
-1192.283768218363,8751,1399556,5
-51465.50907425912,8752,1399993,4
-14497.033941853082,8753,1400160,4
-21583.515783266244,8754,1400500,5
-51531.2668327974,8755,1401023,4
-17428.037240537233,8756,1401194,4
2368.6026022481137,8757,1401228,4
-23191.70577571574,8758,1401407,3
-30398.632302567974,8759,1401644,3
-20751.760658072573,8760,1401787,3
-20688.390917423763,8761,1401935,3
-15134.283928540235,8762,1402354,6
-2901.1020923520923,8763,1402368,3
-31399.78669526917,8764,1402714,6
-4692.6684426684415,8765,1402742,3
-7564.9859443681435,8766,1403001,5
-30044.874856571354,8767,1403633,7
-3365.9153060488316,8768,1403867,5
-37387.63536938112,8769,1404183,5
9671.492133812179,8770,1404310,5
-25795.17933839241,8771,1404644,5
-582.4593462093463,8772,1404654,3
15370.408858609713,8773,1404770,5
-4655.990482685526,8774,1404943,4
-3563.589049839047,8775,1405112,5
-754.8493089727583,8776,1405304,5
-33303.04195159844,8777,1405650,4
11457.01091849477,8778,1406051,8
-20485.646361210478,8779,1406193,3
-14844.400491131051,8780,1406483,5
2947.3241715714553,8781,1406794,7
-57374.26565607513,8782,1407458,5
-16283.35739123277,8783,1407569,3
-22741.78668897323,8784,1408003,6
308.79065379065355,8785,1408014,3
-17043.456306335567,8786,1408123,3
-9876.231203437086,8787,1408180,3
-6766.75305903247,8788,1408225,3
-29512.07157823256,8789,1408416,3
-24334.204822954824,8790,1408583,3
-57538.95469262793,8791,1409089,4
-5659.329903412719,8792,1409133,3
-11656.513625263628,8793,1409200,3
-10088.570351217393,8794,1409376,5
-8481.005106005108,8795,1409429,3
7421.069685341875,8796,1409579,5
-7547.529137529141,8797,1409685,4
-38913.377270043005,8798,1410086,5
-16511.667184533948,8799,1410456,6
-3914.9335386835387,8800,1410490,3
-78604.05016375578,8801,1411238,5
-8156.5112665112665,8802,1411287,3
-34763.8345832444,8803,1411597,4
-1777.142857142857,8804,1411609,3
-34860.8417178367,8805,1412004,5
3780.80178442989,8806,1412229,5
-11194.639457764459,8807,1412339,4
-12263.908024977824,8808,1412455,3
-16397.84668698175,8809,1412588,3
-8372.525530025525,8810,1412779,5
510.8207764457768,8811,1412843,4
9048.219558219558,8812,1412951,5
-4304.023714288807,8813,1412971,3
-14261.852564360306,8814,1413240,5
18945.999278499283,8815,1413386,7
-14599.463997586898,8816,1413516,3
-9117.409292131411,8817,1413590,3
-98968.02368179604,8818,1414171,3
-19329.794788544797,8819,1414283,3
-47900.11863758053,8820,1414554,3
-34843.931022276345,8821,1414726,3
10208.854477817908,8822,1414892,6
1.2508514017844163,8823,1415064,5
-20506.325924597004,8824,1415156,3
13280.084671785644,8825,1415255,5
15603.942221571531,8826,1415326,5
-36393.391351716025,8827,1415652,4
-26130.28341090451,8828,1415914,3
3079.2056897649845,8829,1416185,6
-16441.28961682153,8830,1416417,4
-47016.93788211759,8831,1416969,6
-15772.939102521148,8832,1417424,6
-7121.080979808038,8833,1417502,3
-24352.644993894988,8834,1417668,3
-22355.829760531265,8835,1417813,3
-4253.136724386726,8836,1417843,3
16887.926736357596,8837,1417938,5
-8728.870051517111,8838,1418050,4
-58056.1417684483,8839,1418475,3
-14042.837472978728,8840,1418612,3
-5101.334405188897,8841,1418751,4
-4363.5714285714275,8842,1418821,4
-10410.03222203493,8843,1418893,3
-15543.624349075892,8844,1419134,5
-46653.17925946595,8845,1419536,4
-18617.369462179206,8846,1419729,3
2072.9166666666665,8847,1419781,4
-34440.63276592689,8848,1419996,3
-2967.0939155014235,8849,1420006,3
-12368.861153548594,8850,1420079,3
-39526.812831776064,8851,1420310,3
-15692.066293886193,8852,1420449,3
-15833.602371570636,8853,1420591,3
-3082.141604955074,8854,1420721,4
-2640.1506663271366,8855,1420892,5
-8907.609930489187,8856,1420969,3
-8238.25607699461,8857,1421220,5
-24926.726305894605,8858,1421378,3
-6438.915543091241,8859,1421414,3
7636.209148608532,8860,1421506,5
-17180.4682995173,8861,1421725,4
1192.8571428571431,8862,1421736,3
-5885.709975868646,8863,1421768,3
-24130.110222809537,8864,1422070,5
-27169.05704589526,8865,1422297,4
-49130.478011513376,8866,1422696,4
-27604.15155235207,8867,1423437,9
-59398.268182196225,8868,1423848,4
-9829.727365427823,8869,1424087,5
-47642.02289944877,8870,1424376,3
-12090.392412245914,8871,1424582,5
-14743.647936815512,8872,1424817,5
-10160.113636363634,8873,1424889,3
-24490.726955363156,8874,1425128,4
-55550.545403384094,8875,1425830,6
-21687.8778786162,8876,1426034,4
-3648.5769911352804,8877,1426165,4
-2652.36506140918,8878,1426230,4
8668.815129014432,8879,1426260,4
-50133.1758039825,8880,1426833,5
-37243.94736176277,8881,1427247,5
-2620.898615273615,8882,1427284,3
-14031.72270413851,8883,1427684,6
-45163.26834501246,8884,1428133,5
-3054.6907080389883,8885,1428144,3
-12755.969359158213,8886,1428416,5
-51116.75100162135,8887,1428742,3
-13683.16491880153,8888,1428995,5
19668.218672881983,8889,1429075,5
-5487.389081506729,8890,1429106,3
-18712.158943997183,8891,1429236,3
-19341.18557053542,8892,1429340,3
2902.2057109557095,8893,1429390,4
-20729.425574425575,8894,1429512,3
-31777.421467421478,8895,1429887,5
-63250.27313174926,8896,1430446,5
-1118.89763014763,8897,1430459,3
-25187.66479350615,8898,1430885,5
-2144.338235294118,8899,1430901,3
-5581.051171051168,8900,1431021,4
1943.4591251541578,8901,1431240,5
-3777.655677655678,8902,1431250,3
-29105.285179217077,8903,1431433,3
-10526.517456571632,8904,1431665,5
-4951.768240508985,8905,1431693,3
-4909.296328671329,8906,1431708,3
-15290.341297228972,8907,1431840,3
-66776.31120019463,8908,1432353,3
-12304.509379509382,8909,1432431,3
-18082.19542067839,8910,1432705,5
-8120.491968257061,8911,1432744,3
-23446.167437438726,8912,1432887,3
-5224.490981369848,8913,1433110,5
2724.6934384415067,8914,1433280,5
-7180.599637290814,8915,1433315,3
-37289.58684607821,8916,1433597,4
-8268.179565532508,8917,1433654,3
1171.6348860118194,8918,1433713,4
-16698.273551744387,8919,1433874,3
-43141.234132224854,8920,1434387,6
-7999.2946215720995,8921,1434455,3
-13430.245659053711,8922,1434690,5
-21236.764074418865,8923,1434816,3
-12797.106782106783,8924,1435133,6
-4458.704870980413,8925,1435150,3
-1447.720629865937,8926,1435275,4
-24636.429154136207,8927,1435572,4
-11470.079112493975,8928,1435668,3
5795.4457665700975,8929,1435975,7
-7403.71842424861,8930,1436021,3
-30716.475552311458,8931,1436332,5
3062.861895586355,8932,1436422,4
21928.993770652924,8933,1436508,5
-5414.071790137966,8934,1436635,4
-21106.133976532594,8935,1436837,4
-5213.449439912625,8936,1436855,3
-19722.5892803447,8937,1437016,4
2778.4460482757695,8938,1437097,4
-12817.232065320308,8939,1437254,4
-2317.768413389928,8940,1437422,4
-321.2135690676691,8941,1437578,5
11940.621971982267,8942,1437685,5
-6332.067932067933,8943,1437707,3
2492.397576194014,8944,1437855,5
15934.76277180368,8945,1437962,5
-4375.92264568075,8946,1438366,8
-15029.79716018416,8947,1438524,3
-34319.8600367641,8948,1438797,3
-44190.26165479873,8949,1439294,5
-21373.809523809523,8950,1439383,3
-8555.036176413883,8951,1439455,3
-9807.438035820389,8952,1439537,3
7737.120542855835,8953,1439658,5
-25306.73854611157,8954,1440130,6
-21086.22652287513,8955,1440409,5
-8677.32538337995,8956,1440460,3
-72197.1417864079,8957,1441095,5
-14048.42651169967,8958,1441185,3
-14237.5834420997,8959,1441523,6
176.6100774440577,8960,1441698,5
-13943.733488733487,8961,1441771,3
-32467.58605053696,8962,1442019,3
-29195.6349977422,8963,1442268,4
-8821.930272805223,8964,1442323,3
-17402.326410045058,8965,1442452,3
-35473.56965824177,8966,1442772,4
-26574.764775128548,8967,1442975,3
-7939.400540120357,8968,1443044,3
-28587.998783981748,8969,1443224,3
2109.666585349633,8970,1443370,5
-3819.7330447330446,8971,1443386,3
2788.817195031052,8972,1443500,4
-9961.295073390671,8973,1443626,4
-26792.59509711136,8974,1443836,4
-34419.306575524955,8975,1444393,6
-8715.488083326021,8976,1444486,3
-483.83838383838383,8977,1444497,3
-18113.105558886757,8978,1444651,3
-22267.37712859037,8979,1444983,5
9413.544412244106,8980,1445108,5
-40582.549940450095,8981,1445480,4
-2579.005994005994,8982,1445491,3
-40983.67327251799,8983,1446082,5
-14557.503339929535,8984,1446530,6
3100.357420357421,8985,1446671,5
-7294.828435453435,8986,1446710,3
18841.90659830366,8987,1446818,6
-14507.880934425051,8988,1446885,3
-12238.333333333332,8989,1446956,3
7773.372044622054,8990,1447091,5
-44860.61053003581,8991,1447554,5
-21666.908142250224,8992,1447726,3
-53367.27196818676,8993,1448050,3
-77053.48923340195,8994,1448493,3
32014.671925296927,8995,1448565,6
9916.459512709507,8996,1448670,5
-16974.03510630646,8997,1448892,4
-29759.3214628509,8998,1449119,3
-3052.166119484231,8999,1449129,3
-8600.054806304806,9000,1449176,3
9773.050632503035,9001,1449290,5
5580.3110256186865,9002,1449349,4
1263.2903892682602,9003,1449709,7
-21823.01570419607,9004,1449883,3
-21350.966532392613,9005,1450046,4
6772.331825381365,9006,1450178,5
-14874.780867808184,9007,1450454,4
-9830.435191743241,9008,1450527,3
-10269.357170607173,9009,1450757,5
-12225.670497401296,9010,1451084,5
22676.484537349475,9011,1451137,5
-43443.05730711682,9012,1451560,4
-11965.939871498353,9013,1451673,3
-17001.22840330464,9014,1451907,4
-38282.86994051701,9015,1452362,5
-72004.13907104026,9016,1452944,4
-7122.615789530821,9017,1453255,6
-7073.0526686505755,9018,1453490,5
-6044.66291370794,9019,1453530,3
15997.77667894541,9020,1453607,5
-5394.222314922779,9021,1453747,4
-3299.1162881236414,9022,1453757,3
4248.060461343218,9023,1453900,5
5127.664900459018,9024,1453934,4
-31190.99483877499,9025,1454367,6
-3231.946872571871,9026,1454469,4
-4545.869892491409,9027,1454517,3
13654.864020783141,9028,1454627,5
4692.538641913644,9029,1454755,5
-14383.54312354313,9030,1454909,4
-13795.978246684515,9031,1455029,3
-2036.7063492063492,9032,1455042,3
-19810.652631682045,9033,1455126,3
-4769.431532949341,9034,1455483,6
7280.834863021398,9035,1455697,6
1076.0338762544607,9036,1455767,4
-9050.380403909818,9037,1455834,3
-38423.267857873136,9038,1456276,5
36366.91986903869,9039,1456440,7
-44659.47401626208,9040,1456686,3
-17051.83772196156,9041,1456800,3
-4900.650244559591,9042,1457010,5
-24517.659731908992,9043,1457304,4
-1939.9082167832169,9044,1457332,3
-39365.26703916327,9045,1457621,3
-39471.75324675323,9046,1457801,3
-37317.8703397995,9047,1458186,5
-7612.2935392519075,9048,1458251,3
-82616.36323114001,9049,1458921,4
-7483.780796087292,9050,1458990,3
-18944.691608700898,9051,1459245,4
-10510.565547778751,9052,1459496,5
-27911.640034801803,9053,1459692,3
-152948.60511272,9054,1460526,3
-14655.291542178158,9055,1460730,4
-26527.166412019353,9056,1461087,5
-15043.900295410356,9057,1461303,4
-43428.63182010624,9058,1461843,6
-41151.93389835999,9059,1462237,5
-3253.169650267173,9060,1462287,3
-6251.035631035632,9061,1462320,3
-10373.819047253726,9062,1462421,4
-7950.637773333288,9063,1462503,3
-40745.89002543724,9064,1462691,3
-7319.373932955591,9065,1462751,3
-19512.324417609383,9066,1462896,3
-9865.964013196983,9067,1462992,3
-4355.455074829873,9068,1463151,4
-19495.348197554078,9069,1463257,3
-26585.68892085729,9070,1463469,3
-43163.68036246516,9071,1463744,3
-9091.581956055641,9072,1463929,4
-14970.763802116355,9073,1464038,3
-4848.6828734990495,9074,1464063,3
9213.763851619293,9075,1464219,5
-35391.627331002324,9076,1464418,3
-7408.551914108681,9077,1464488,3
-65828.22600172443,9078,1465113,5
-5258.353174603175,9079,1465141,3
-12360.239359668536,9080,1465302,4
-2169.0404040404037,9081,1465321,3
-9363.535560586632,9082,1465574,5
-14090.485902985902,9083,1465647,3
-16681.083152724692,9084,1465753,3
-6282.219931322773,9085,1465789,3
1822.9767454767461,9086,1465856,4
-19355.392727112914,9087,1466028,4
-23891.99466203064,9088,1466494,7
-4120.478345184228,9089,1466522,3
-48406.03497315378,9090,1466982,5
4525.1999348690515,9091,1467249,6
-5372.655505729891,9092,1467361,4
-31019.351884355747,9093,1467707,4
-10113.648018648018,9094,1467762,3
-13783.717015698441,9095,1467929,4
-3812.7260239760235,9096,1467958,3
-8814.597054715377,9097,1468046,3
-9240.5168109754,9098,1468248,5
-17734.552183927186,9099,1468428,4
-26354.517339170976,9100,1468885,5
-48771.91988566989,9101,1469330,5
-79.08106706674482,9102,1469497,5
-21402.353361722555,9103,1469689,4
-32806.25513762122,9104,1469947,3
-10328.85337873341,9105,1470135,4
4060.731203780741,9106,1470347,6
-7523.745211187164,9107,1470406,3
-5208.4771777556125,9108,1470439,3
-4217.380388574275,9109,1470454,3
-39671.60612027289,9110,1470915,4
-3135.597380560616,9111,1470934,3
4358.782057275383,9112,1471027,4
-36103.120474450094,9113,1471230,3
-38679.21488513206,9114,1471840,7
-25564.022574647566,9115,1472107,5
-9221.088070211523,9116,1472166,3
-8201.9074449802,9117,1472208,3
-25930.775723029972,9118,1472391,3
-2332.001577498869,9119,1472477,4
-6792.93068043068,9120,1472508,3
-5070.0882450882455,9121,1472536,3
-12505.11518710048,9122,1472616,3
-2008.76168049621,9123,1473028,6
-48242.37584485367,9124,1473492,5
-5512.607420529253,9125,1473710,5
-3428.867243867245,9126,1473799,4
-18527.7910200208,9127,1473960,3
-7391.275799364037,9128,1474115,4
-5899.1103250894275,9129,1474566,7
-19497.233303547288,9130,1475212,8
1088.3377589528807,9131,1475433,5
-51194.45355470123,9132,1475761,3
7761.143578643578,9133,1475835,5
-6217.278785736183,9134,1475880,3
-50513.354726413905,9135,1476276,3
-4254.070582195582,9136,1476291,3
-7113.436343373752,9137,1476348,3
673.6873433583964,9138,1476411,4
-21019.55519427104,9139,1476634,4
-6492.464202464203,9140,1476670,3
-13307.003226391756,9141,1476794,3
11712.068769294001,9142,1476883,5
-4360.894522144523,9143,1476907,3
-12533.359859095146,9144,1477064,4
25555.957514707516,9145,1477194,6
8808.033280788708,9146,1477323,5
5749.031402034499,9147,1477358,4
-4384.632034632034,9148,1477368,3
-13575.14513264513,9149,1477600,5
-1253.461181416034,9150,1477835,5
11598.739923026973,9151,1477895,4
-9168.241293020705,9152,1477956,3
-10256.816233302303,9153,1478022,3
-42549.89616420731,9154,1478538,6
-46568.80516333849,9155,1478794,3
-3400.7084723841685,9156,1478805,3
-14589.486167427343,9157,1478980,4
-8683.090751895536,9158,1479066,3
-2108.9378440616783,9159,1479160,4
-30164.246953382015,9160,1479335,3
9415.949404501362,9161,1479401,4
-6285.398085829187,9162,1479714,6
-16094.715767922122,9163,1479785,3
-15666.75055508645,9164,1480031,5
6210.437908345449,9165,1480283,7
-9789.442452971864,9166,1480484,5
-32330.078109740138,9167,1480782,3
-46570.53172618576,9168,1481166,4
-20064.85636761758,9169,1481487,5
-43843.55765751278,9170,1481713,3
-44056.09076853659,9171,1482160,5
-4540.650806237106,9172,1482187,3
-3139.692814065882,9173,1482419,5
-10306.741665197547,9174,1482478,3
-96516.3408558433,9175,1483380,4
-6671.212461643964,9176,1483527,4
-3964.231601731602,9177,1483554,3
-13558.183332582896,9178,1483878,5
-9020.400710830278,9179,1483939,3
-32008.42433237558,9180,1484270,5
12528.77436893396,9181,1484495,6
-4442.150710486623,9182,1484531,3
4229.278638028642,9183,1484602,4
-59848.23674197323,9184,1485114,4
-4295.59835997336,9185,1485127,3
-11147.17241092241,9186,1485257,4
-10685.243487053764,9187,1485337,3
-5896.893273350318,9188,1485365,3
-18563.30434271611,9189,1485493,3
12173.251914923743,9190,1485598,5
-75568.41452664981,9191,1486045,3
-7452.820172659488,9192,1486118,3
-20405.721737412903,9193,1486230,3
-13056.145354473532,9194,1486404,4
-21778.054526742602,9195,1486751,5
-10077.80205905206,9196,1487021,5
7.261627261627268,9197,1487031,3
-19421.06347041329,9198,1487299,4
-12304.882863707535,9199,1487509,4
-15827.020185696656,9200,1487625,3
62.499722499722566,9201,1487635,3
-19616.34781049927,9202,1487758,3
3568.0731201203307,9203,1488010,5
-9605.234487734488,9204,1488059,3
-45072.451101959625,9205,1488392,3
726.6954334794898,9206,1488498,4
-3464.9361055611053,9207,1488509,3
-44863.75527164611,9208,1488999,4
3173.7931572790744,9209,1489139,5
-6631.692850325067,9210,1489186,3
-3286.364676989677,9211,1489198,3
-20788.975029657307,9212,1489606,5
-13080.762612001005,9213,1489856,5
-27717.736659811973,9214,1490266,5
-18312.22430347432,9215,1490525,5
-3280.6926406926405,9216,1490540,3
-8069.714795008913,9217,1490600,3
1776.0213436374424,9218,1490802,5
-27852.183812274758,9219,1491076,4
-44923.8052617579,9220,1491433,3
-2880.7738095238096,9221,1491443,3
1987.944229378929,9222,1491734,6
-9853.860208066666,9223,1491837,3
-21855.49174613357,9224,1492080,4
18845.795297968278,9225,1492238,6
25917.004721471676,9226,1492342,6
-29550.047175047177,9227,1492505,3
-23570.72869940518,9228,1492806,5
-4326.348331526687,9229,1492833,3
-39927.574280724446,9230,1493307,6
3251.7014929514953,9231,1493371,4
-13230.703185703185,9232,1493441,3
-5042.154243180205,9233,1493475,3
-4233.839893336797,9234,1493495,3
-8035.124875124875,9235,1493554,3
-776.9577644577648,9236,1493574,3
-2362.857142857143,9237,1493584,3
-1542.2022516527163,9238,1493684,4
-5235.621621026032,9239,1493719,3
-9194.52161998349,9240,1493966,5
3537.093237866965,9241,1494021,4
-9707.440685370926,9242,1494245,5
-17070.660900631887,9243,1494565,5
-12027.400521305317,9244,1494634,3
-14561.87414217155,9245,1494886,4
9676.626253648312,9246,1495129,6
-22800.101010101014,9247,1495240,3
-10048.838857865585,9248,1495572,5
-16053.11813659337,9249,1495678,3
18283.167047520765,9250,1495723,5
7777.964974267224,9251,1495861,5
-29763.597613473732,9252,1496220,5
-7016.5695155620615,9253,1496261,3
-7275.576403300861,9254,1496305,3
-1109.6129313582871,9255,1496396,4
-4047.3592371251043,9256,1496417,3
-17163.265859957035,9257,1496539,3
68.09541916706462,9258,1496751,5
-11438.665011459132,9259,1496825,3
-9465.747271932089,9260,1496994,4
-7305.277777777778,9261,1497030,3
16157.966616716618,9262,1497087,5
-26598.37424829696,9263,1497500,5
784.4338994339009,9264,1497595,4
-46504.27266318135,9265,1497866,3
-38833.19910333756,9266,1498276,5
-37169.45221445223,9267,1498475,3
10435.112665112665,9268,1498508,4
-9599.869375120916,9269,1498610,3
-18670.80209822857,9270,1498807,4
-6986.005106005106,9271,1498837,3
-5673.228368515318,9272,1498868,3
10979.727675789989,9273,1499186,7
-20195.88720554471,9274,1499278,3
-6640.487638436555,9275,1499330,3
15608.115533931004,9276,1499507,6
-28446.886801279208,9277,1499690,3
20495.345230749648,9278,1499718,5
-11529.799367299369,9279,1499777,3
-7663.596819846819,9280,1499811,3
-4110.274725274725,9281,1499822,3
-7809.5110853199085,9282,1499861,3
-10449.321851972578,9283,1500046,4
-26047.88757131727,9284,1500310,4
-34815.27702603554,9285,1500530,3
989.8322738493039,9286,1500673,4
-26096.771490893007,9287,1500831,3
-6927.390562868503,9288,1500864,3
-37328.591800356495,9289,1501118,3
-35872.6592647548,9290,1501389,4
-7602.191436014962,9291,1501426,3
-4129.340191039861,9292,1501443,3
-34551.79931886788,9293,1501869,5
8627.717843750454,9294,1501917,4
1651.208513708516,9295,1502023,5
-50660.36336016701,9296,1502440,5
-13247.451011535753,9297,1502741,5
51.05179950768127,9298,1502804,4
-4207.577051431541,9299,1502818,3
471.45031482105446,9300,1502924,4
-16270.493881118879,9301,1503002,3
-34879.1441579726,9302,1503452,6
5369.855144855144,9303,1503552,5
-12857.172225629622,9304,1503657,3
-15188.165004929711,9305,1503892,5
-16932.061339073724,9306,1503963,3
-34754.19234173642,9307,1504202,3
-72832.46790361327,9308,1504746,3
6770.904095904098,9309,1504795,4
-18187.9836333687,9310,1504968,4
10076.585073970542,9311,1505133,5
8583.8887007864,9312,1505262,5
4006.8101092831866,9313,1505375,5
9534.892022322367,9314,1505498,5
4783.974783386551,9315,1505634,5
-12757.41862304362,9316,1505801,4
-3293.7099017888827,9317,1505813,3
5618.731075874365,9318,1505886,4
-13817.202432416374,9319,1506024,4
-28306.666201445616,9320,1506262,4
-71827.38178550733,9321,1506875,4
-28054.994348448556,9322,1507190,5
-6204.274679568797,9323,1507220,3
-5726.234814377226,9324,1507355,4
4762.715166455491,9325,1507559,6
-7761.230135588326,9326,1507628,3
-6365.7406686450795,9327,1507878,5
-465.4157175383958,9328,1507977,4
8747.50785978727,9329,1508024,4
-31592.144953524454,9330,1508222,3
-4251.9505026277475,9331,1508247,3
-2552.9012654012654,9332,1508263,3
-23370.447721110497,9333,1508382,3
-4106.320150437798,9334,1508406,3
12046.197730120197,9335,1508460,4
-17866.689464584495,9336,1508661,4
517.8571428571431,9337,1508671,3
-13208.646090004282,9338,1508804,3
-3841.55765394736,9339,1508827,3
-5036.945002022401,9340,1508858,3
-19325.040868574146,9341,1508955,3
-4036.10014985015,9342,1508979,3
-3763.1170822211843,9343,1509005,3
44.92160617160607,9344,1509015,3
-12828.636305644828,9345,1509208,4
-3848.690476190476,9346,1509223,3
-6628.273540009739,9347,1509468,5
16851.82917572623,9348,1509554,5
-2188.372748867244,9349,1509793,5
-78699.91473157557,9350,1510631,7
-65138.876931891646,9351,1510933,3
-4838.896037724111,9352,1510954,3
-105169.02970417094,9353,1511691,4
-15799.916749916752,9354,1511801,3
-8142.019022644024,9355,1511926,4
-3032.0217115186156,9356,1511936,3
6422.3942040931215,9357,1512081,5
-40039.84557109556,9358,1512296,3
-13560.035030329145,9359,1512455,4
-13592.779376196559,9360,1512560,3
11554.132311868963,9361,1512731,5
-5687.311793929138,9362,1512763,3
1695.3021978022011,9363,1512850,4
-14737.414825456619,9364,1512974,3
-6004.246031746032,9365,1513012,3
-9352.293352072766,9366,1513377,6
6655.162651907414,9367,1513580,6
22325.63852813853,9368,1513663,6
-10428.550838995885,9369,1513757,3
-3832.8021978021984,9370,1513774,3
22405.455644716483,9371,1513919,7
-15110.726422055757,9372,1514064,3
-10251.56883944229,9373,1514155,3
-4542.6419864964755,9374,1514171,3
-42343.79196375521,9375,1514621,4
-12156.29365512625,9376,1514727,3
-35801.19544686329,9377,1514968,3
3143.3348595848583,9378,1515036,4
5195.367039968602,9379,1515121,4
-30953.050491175505,9380,1515424,4
-27676.15466276076,9381,1516089,8
-20716.22360101088,9382,1516284,4
-38946.93768628174,9383,1516568,3
-8209.786945081063,9384,1516618,3
4319.537044559434,9385,1516837,6
18197.403985763132,9386,1517026,7
-4000.2062031106148,9387,1517038,3
-2654.895382395382,9388,1517060,3
-5118.072695278578,9389,1517093,3
-5128.625749250748,9390,1517133,3
-14344.88885297709,9391,1517230,3
-580.8254245754247,9392,1517251,3
-27759.478494072144,9393,1517456,3
-16157.442696192697,9394,1517652,4
-10769.012239695292,9395,1517743,3
-66796.48971040992,9396,1518287,4
-9962.251742065982,9397,1518388,3
-6815.89244089244,9398,1518420,3
-38337.88617771974,9399,1518793,5
-17166.111946899066,9400,1519074,4
-3245.9724833989544,9401,1519099,3
26008.187462238267,9402,1519212,6
-2572.9684116622975,9403,1519259,4
-12259.698451058754,9404,1519343,3
-247.1794416453833,9405,1519433,4
35361.770613287656,9406,1519575,7
-2765.89257964258,9407,1519608,3
-11437.053941298196,9408,1519711,3
-4073.1753402649997,9409,1519728,3
-2744.6907080389883,9410,1519738,3
-7235.887445887446,9411,1519776,3
-8949.693084693085,9412,1519829,3
7352.599067599067,9413,1519866,4
-2693.4523809523807,9414,1519880,3
-4852.521081214967,9415,1519901,3
-8297.041447544541,9416,1519953,3
-9748.744108245892,9417,1520012,3
-5056.528438352825,9418,1520043,3
-5373.255898513251,9419,1520071,3
-24977.667991623104,9420,1520274,3
-5557.359307359307,9421,1520287,3
-5106.639046582933,9422,1520306,3
5538.021103640231,9423,1520410,4
-7863.591269841271,9424,1520459,3
-9780.956591325248,9425,1520513,3
-25290.977283831256,9426,1520661,3
-4005.5974159606717,9427,1520722,3
-45777.878787878755,9428,1520923,3
-6375.992855184033,9429,1521036,4
-4552.1697221038485,9430,1521063,3
-7955.471066601102,9431,1521131,3
-40334.774206243856,9432,1521548,5
-3300.1076741885568,9433,1521558,3
-38007.19865789526,9434,1521938,4
-9310.894748869978,9435,1522024,3
-22341.780480656318,9436,1522493,6
-8481.802124342506,9437,1522532,3
-29599.275659345738,9438,1522941,5
-12642.62990148826,9439,1523026,3
-7388.67261866101,9440,1523071,3
-40856.72494172496,9441,1523430,5
-13830.714285714286,9442,1523494,3
-13436.547055240942,9443,1523552,3
-21647.436134556876,9444,1523881,5
-507.9401154401154,9445,1523891,3
-18149.567840491723,9446,1524055,3
-3426.4239926739933,9447,1524081,3
6925.000000000001,9448,1524100,4
-33877.50263797091,9449,1524407,4
-6433.205058830059,9450,1524446,3
-4622.808136136309,9451,1524474,3
-8024.740259740259,9452,1524520,3
11782.76812076812,9453,1524538,4
1762.9961021950166,9454,1524647,4
2344.334332293482,9455,1524852,5
-12021.255115718923,9456,1524973,3
-3991.295371295371,9457,1524998,3
-26558.00955858652,9458,1525249,4
11329.417526917527,9459,1525424,6
16241.804029304029,9460,1525458,5
-3951.373422870933,9461,1525485,3
-10376.20243469121,9462,1525691,5
26837.583978238512,9463,1525780,6
-25124.953302631337,9464,1525943,3
15610.715453706962,9465,1526096,6
-14851.58948894243,9466,1526285,4
-6715.282866857942,9467,1526325,3
-3628.36108379065,9468,1526365,3
-14253.62554112554,9469,1526479,3
-7362.783270650918,9470,1526502,3
-3375.9271284271285,9471,1526525,3
-17045.020705726725,9472,1526633,3
1303.1961012843367,9473,1526705,4
-11640.82383560712,9474,1526788,3
-10779.177538885862,9475,1526970,4
-6481.601731601733,9476,1527027,3
-79784.51924601875,9477,1527868,5
-15986.333667842762,9478,1528156,5
7005.195152284938,9479,1528303,5
-7298.528113398467,9480,1528360,3
-12373.702364457005,9481,1528577,5
-4340.427489177489,9482,1528602,3
29028.39285714285,9483,1528708,7
-9711.835371800542,9484,1528766,3
-22918.78510378513,9485,1529087,5
-4384.420761510421,9486,1529108,3
-26350.185673612814,9487,1529305,4
-2759.7897458578573,9488,1529319,3
-836.2574016540755,9489,1529519,5
15515.264008222606,9490,1529745,6
-6774.602079851693,9491,1529779,3
-17846.43777546169,9492,1529959,3
-668.8888888888889,9493,1529974,3
-25971.884849308117,9494,1530296,5
1563.8887069018997,9495,1530421,4
-23277.105071337555,9496,1530520,3
-4733.174838353192,9497,1530554,3
-8760.896048396047,9498,1530614,3
-5114.161875276426,9499,1530661,3
-11425.18676284156,9500,1530709,3
-855.5955155955154,9501,1530729,3
-23036.803087693166,9502,1530889,3
-388.70934620934634,9503,1530900,3
10662.226037851038,9504,1530915,4
21922.595400385653,9505,1531071,6
-26394.796404519777,9506,1531276,3
-1309.102009102009,9507,1531289,3
-6595.657398157398,9508,1531328,3
-16706.010852322783,9509,1531495,3
8297.031024531025,9510,1531516,4
-4958.221875457067,9511,1531567,3
19305.7982383749,9512,1531727,6
-5847.9531579531595,9513,1531756,3
-1640.4211066711034,9514,1531858,4
-5444.252943245489,9515,1531891,3
-25928.424594196662,9516,1532058,3
-5369.311244311245,9517,1532086,3
-31446.847041847057,9518,1532227,3
4526.779760150999,9519,1532515,6
-36090.549728049744,9520,1532693,3
-32264.208152958145,9521,1532907,3
-3627.5,9522,1532918,3
35205.89066426875,9523,1533178,8
-17863.90394349372,9524,1533325,3
-9821.341138436721,9525,1533407,3
-9437.19445063208,9526,1533476,3
-8189.219450691464,9527,1533732,5
-12943.951953973994,9528,1533814,3
3823.8186888267564,9529,1533979,5
-6994.6176553065125,9530,1534282,6
-9543.997150939877,9531,1534459,4
-36164.18394105898,9532,1534699,3
-27792.345146253807,9533,1534889,3
-41258.42279839543,9534,1535234,3
-7515.396600948073,9535,1535439,5
-12527.721583971585,9536,1535519,3
-22850.9213009213,9537,1535625,3
-5995.02331002331,9538,1535656,3
-1810.6565656565656,9539,1535668,3
-3638.103367221014,9540,1535679,3
-22335.735098235098,9541,1535796,3
-3777.655677655678,9542,1535806,3
-2507.398573648574,9543,1535827,3
-5465.171555740441,9544,1535853,3
-3813.453491532472,9545,1535868,3
-20650.344932844942,9546,1535986,3
-9617.258657235436,9547,1536034,3
-6357.492588198935,9548,1536080,3
-13680.32040857583,9549,1536359,5
-3330.861981156099,9550,1536370,3
-7754.670579790382,9551,1536427,3
-3540.522345301757,9552,1536445,3
-572.9949531033129,9553,1536551,4
-893.3982683982686,9554,1536568,3
-539.6772884314975,9555,1536681,4
-15930.213008824532,9556,1536815,3
16376.19320222261,9557,1536888,5
4672.3214285714275,9558,1536918,4
-6302.965889285464,9559,1537048,4
-7266.508480984105,9560,1537197,4
-1495.2072927072927,9561,1537211,3
1967.1212121212134,9562,1537293,5
-5673.287823287823,9563,1537321,3
-6438.3247574578845,9564,1537372,3
-22017.985348414913,9565,1537584,4
-14082.659577094257,9566,1537725,4
-28686.663438900294,9567,1538116,5
2951.24093141121,9568,1538192,4
-18349.188672963497,9569,1538465,5
-12236.797490435261,9570,1538557,3
-5660.405844155844,9571,1538662,4
-6020.390930364935,9572,1538725,3
-4929.408369408363,9573,1538823,4
-3039.5507936336107,9574,1538849,3
-25133.855069355937,9575,1539073,3
-38143.87660842769,9576,1539298,3
-5270.917096095452,9577,1539340,3
-50794.67855360714,9578,1539711,3
-2630.642135642136,9579,1539737,3
-12612.544955044956,9580,1539792,3
-4473.8642893054675,9581,1539817,3
6124.7129749335645,9582,1539949,5
9378.993761992482,9583,1539987,4
-14386.976496156063,9584,1540139,4
-11585.343161310655,9585,1540192,3
11898.669274696747,9586,1540316,5
-12560.25494599327,9587,1540397,3
18767.410506160504,9588,1540442,5
-20.179820179819444,9589,1540516,4
-12030.124002889097,9590,1540577,3
-8286.498424176443,9591,1540641,3
-2996.075036075036,9592,1540656,3
-7168.860722610722,9593,1540706,3
-11752.318318291615,9594,1540760,3
-24698.331017967244,9595,1540959,3
-5379.1357906799085,9596,1540982,3
-39338.933027326995,9597,1541242,4
-18635.840712518566,9598,1541494,5
-2805.3099106775576,9599,1541666,5
-9613.110769949004,9600,1541744,3
-1741.9710844710823,9601,1541834,4
1447.5296886088108,9602,1542013,5
-15982.05699099662,9603,1542113,3
-5424.997839324717,9604,1542150,3
5281.369994384701,9605,1542254,5
-7297.2835497835495,9606,1542284,3
-25135.671550671548,9607,1542447,3
-6395.433316683318,9608,1542469,3
-5776.567182817184,9609,1542511,3
-12620.389610389611,9610,1542582,3
-17341.119814997517,9611,1542730,3
-29340.86038961039,9612,1542854,3
-5263.062819533408,9613,1542894,3
-3629.9100899100904,9614,1542905,3
-11937.655481773128,9615,1542979,3
-9859.243891783346,9616,1543052,3
-2182.683982683983,9617,1543070,3
-4067.6539628242417,9618,1543088,3
-3341.428571428571,9619,1543103,3
-29936.719391719398,9620,1543244,3
-7014.423076923078,9621,1543282,3
-4491.059579869261,9622,1543305,3
-3638.103367221014,9623,1543316,3
-3771.0537655611015,9624,1543343,3
-10376.911175579029,9625,1543425,3
-51044.64561395437,9626,1543725,3
-17180.195830552537,9627,1543870,3
-42941.754974042175,9628,1544228,4
-28874.038920745566,9629,1544479,3
-7387.2653735153735,9630,1544523,3
3530.4549374904573,9631,1544633,4
-3564.7741828604835,9632,1544646,3
-3926.6400266400265,9633,1544656,3
-9474.460162085938,9634,1544796,4
-14873.908929048242,9635,1544923,3
-5751.3923361266525,9636,1544959,3
-3943.8995897482064,9637,1544982,3
-9493.301446332642,9638,1545033,3
-18873.546932084075,9639,1545205,4
-5879.758297258297,9640,1545239,3
-25888.45902313201,9641,1545598,5
-9002.542707813791,9642,1545635,3
-6895.9822652837365,9643,1545660,3
4498.513225895192,9644,1545792,5
-6161.912891030538,9645,1545819,3
-4494.766594559551,9646,1545847,3
-4553.397484868074,9647,1545873,3
-18826.90476190476,9648,1545947,3
2385.9752625274355,9649,1546391,7
-4149.176135397111,9650,1546470,4
-4101.864247723381,9651,1546497,3
-13463.701669847196,9652,1546723,4
-5106.9160799491265,9653,1546786,3
624.9666527143318,9654,1546900,4
29082.27416030822,9655,1547064,7
3153.8053613053617,9656,1547118,4
-5477.277688200055,9657,1547172,3
-28652.773914467027,9658,1547400,3
-6798.64958570841,9659,1547447,3
-3602.3314920373746,9660,1547469,3
-2979.420835442507,9661,1547491,3
-17610.86604851117,9662,1547608,3
-7921.586162590422,9663,1547648,3
-13343.971143235847,9664,1547745,3
-12634.569466481234,9665,1547827,3
-17313.36930999857,9666,1547929,3
-92.95843045843048,9667,1547997,4
-3784.2261904761904,9668,1548015,3
-1902.1897546897549,9669,1548032,3
-2781.25,9670,1548044,3
-5499.431818181818,9671,1548070,3
-9799.005622860113,9672,1548113,3
-7551.99666776292,9673,1548190,3
-3977.19100752189,9674,1548202,3
10793.588720585303,9675,1548432,6
-4738.600357975358,9676,1548460,3
-12959.466809719195,9677,1548667,4
-6989.234124148986,9678,1548857,4
-2323.6661585337424,9679,1549120,6
-4461.428571428571,9680,1549135,3
-5670.818070818072,9681,1549168,3
-3478.5714285714284,9682,1549184,3
-6333.222132852837,9683,1549250,3
-6303.571428571428,9684,1549279,3
-29057.760989010985,9685,1549572,5
-3362.6720501720506,9686,1549589,3
5950.137085137087,9687,1549612,4
-22982.888777888784,9688,1549775,4
-5180.378880861365,9689,1549794,3
-4320.088036963036,9690,1549818,3
7616.514258399308,9691,1549940,5
-10405.522802146255,9692,1550011,3
10799.369747899158,9693,1550085,5
-1989.8412698412699,9694,1550101,3
-14718.524531024526,9695,1550172,3
-7865.180652680653,9696,1550227,3
-5846.291274085392,9697,1550266,3
-1383.0573146871839,9698,1550501,6
-11193.150806237105,9699,1550549,3
-5207.23208007437,9700,1550585,3
-7455.401640842818,9701,1550624,3
-875.2515390962079,9702,1550862,5
-5108.0476255340745,9703,1551105,5
-1545.0252525252527,9704,1551115,3
-13629.431539822406,9705,1551209,3
-10623.405517341278,9706,1551342,4
-4021.205617993678,9707,1551396,3
-2565.9135843946187,9708,1551515,4
12987.163632076552,9709,1551677,6
-17629.79027916528,9710,1551761,3
6826.0792097479425,9711,1551826,4
6047.457100647891,9712,1551905,4
-11519.146131646134,9713,1551969,3
-17308.98263501206,9714,1552151,4
-4170.08325008325,9715,1552174,3
-2746.625645596234,9716,1552186,3
-16077.705627705627,9717,1552270,3
-12794.444444444443,9718,1552335,3
-8274.282109275464,9719,1552381,3
-20912.656718281723,9720,1552529,3
-6714.750758983243,9721,1552566,3
-6692.444916194916,9722,1552596,3
22909.77956189837,9723,1552915,8
-6136.0053517174265,9724,1552965,3
-7166.014128845009,9725,1553097,4
-7304.504939504939,9726,1553141,3
-35421.039099359514,9727,1553392,4
-45360.304650480306,9728,1553863,5
-10608.289055136544,9729,1553965,3
-26279.631450850495,9730,1554158,3
-8478.667827670444,9731,1554278,3
-7225.950204728641,9732,1554327,3
-5210.367965367965,9733,1554372,3
-525.5073864903611,9734,1554557,5
-8937.393994034861,9735,1554631,3
-9061.389657813806,9736,1554685,3
2417.280007574121,9737,1554803,5
-23375.59460491349,9738,1554981,3
-4483.383716732334,9739,1555006,3
-26042.511655011655,9740,1555117,3
-7880.172882672883,9741,1555149,3
-4737.558781088193,9742,1555183,3
-8512.303923893885,9743,1555335,4
-66604.58678301777,9744,1555787,4
25293.891614921024,9745,1555859,6
-7626.156709722142,9746,1556138,5
-3134.304370667845,9747,1556422,6
-12736.137443164369,9748,1556523,3
-26083.410492586183,9749,1556636,3
-28398.971672891952,9750,1557035,5
-4326.885049934586,9751,1557054,3
8483.5748973249,9752,1557128,5
-14212.346974115531,9753,1557265,3
8089.004803675853,9754,1557294,4
-8495.093913654286,9755,1557420,4
4005.2197475726916,9756,1557525,5
-13737.192468203437,9757,1557608,3
-4309.935509475892,9758,1557628,3
15198.23416070513,9759,1557704,5
-13984.11172161172,9760,1557779,3
-6336.3110766942045,9761,1557817,3
10004.98015873016,9762,1557893,5
-10397.706521419756,9763,1557967,3
-9302.202426056916,9764,1558015,3
16788.984487734484,9765,1558085,5
4224.999306249305,9766,1558140,4
-6897.822258580775,9767,1558198,3
-4316.220519891185,9768,1558229,3
-28136.71717171717,9769,1558377,3
-21672.957715825552,9770,1558796,6
-19959.942043437633,9771,1559097,4
-4734.508547008546,9772,1559123,3
-7576.449938949938,9773,1559159,3
-12129.687568903484,9774,1559263,3
-16145.396825396821,9775,1559366,3
-5242.288961038961,9776,1559390,3
16021.995200362093,9777,1559549,6
-6090.326842172649,9778,1559585,3
-2519.686457333516,9779,1559603,3
-5968.689269966362,9780,1559659,3
-21500.198560898996,9781,1559965,5
-3527.3211882286955,9782,1559977,3
-5243.09530373681,9783,1560144,4
-3794.9669592757486,9784,1560188,3
28628.953823953827,9785,1560237,6
-1146.7604617604618,9786,1560252,3
660.029578948443,9787,1560373,4
-13484.001332774547,9788,1560502,4
-4867.341043029897,9789,1560526,3
-10842.455831062642,9790,1560585,3
-5089.26406926407,9791,1560609,3
-14833.154115217796,9792,1560806,4
-1985.0080475080476,9793,1560829,3
-3417.5,9794,1560839,3
-6156.127988153918,9795,1560871,3
6051.156100736211,9796,1560946,4
-7229.68697968698,9797,1560972,3
-863.1327006327007,9798,1560984,3
-25865.139911687904,9799,1561148,3
20473.052292135108,9800,1561210,5
-25020.646020646025,9801,1561360,3
-9320.569638694638,9802,1561409,3
-25751.42857142857,9803,1561542,3
-3993.3730158730154,9804,1561556,3
5386.430198889817,9805,1561582,4
-3014.2676767676767,9806,1561595,3
-10707.676079080882,9807,1561713,4
-6664.448251382933,9808,1561751,3
-4596.760702762486,9809,1561769,3
-5269.267492698221,9810,1561790,3
5289.250391636229,9811,1561927,5
9791.518740134621,9812,1562200,7
20997.55591630592,9813,1562248,5
-22630.788449166932,9814,1562367,3
-45724.82753357757,9815,1562610,3
-18712.722393350483,9816,1562954,5
-7126.43758524757,9817,1563004,3
14054.761904761905,9818,1563065,5
-36203.78807810693,9819,1563295,3
-6141.672347260582,9820,1563329,3
-8532.468880233973,9821,1563371,3
-46915.236673426145,9822,1563685,4
19839.488724639657,9823,1563731,5
-7795.8569809963,9824,1563767,3
-7739.48377186483,9825,1563811,3
-29119.833630421865,9826,1563983,3
-5604.699789421403,9827,1564016,3
-3864.3028041789653,9828,1564041,3
-7444.731706202294,9829,1564079,3
-121.25155632121857,9830,1564259,5
-10441.19910275483,9831,1564325,3
6013.848488109456,9832,1564370,4
-10086.178625296274,9833,1564431,3
-18091.83026792833,9834,1564548,3
17148.97121239613,9835,1564644,5
-54813.8711160775,9836,1565104,4
-3682.6787280057406,9837,1565139,3
-27086.81116935179,9838,1565416,4
2177.734437904718,9839,1565523,4
3767.635811900519,9840,1565737,6
-9023.155580874234,9841,1565778,3
-10868.803897341048,9842,1565869,3
-15560.460395688218,9843,1566120,5
-13317.420779964861,9844,1566226,3
-28822.89523170329,9845,1566455,4
-6917.5878288378335,9846,1566512,3
-22088.38236840559,9847,1566621,3
-4267.536869051438,9848,1566756,4
-22151.141066259395,9849,1566976,4
-9668.885836385836,9850,1567023,3
-2186.1111111111113,9851,1567040,3
-4829.921328671329,9852,1567058,3
-7973.22045356791,9853,1567348,5
-28399.02638641032,9854,1567547,3
-25025.927620710907,9855,1567778,4
-5984.246031746032,9856,1567809,3
-5949.889843640752,9857,1567848,3
-6838.6551029317725,9858,1567999,4
10194.713990859502,9859,1568016,4
-33083.835282364686,9860,1568225,3
2348.5460617813533,9861,1568301,4
875.3489020439472,9862,1568476,5
-3215.6801531801534,9863,1568489,3
-13734.848683523218,9864,1568594,3
-1225.3113316851661,9865,1568757,5
-6986.778629222515,9866,1568796,3
-17056.30296561024,9867,1568892,3
2911.9484080590914,9868,1568984,4
-21181.09794701194,9869,1569132,3
-13752.45076964286,9870,1569278,3
-4862.367436485083,9871,1569306,3
-14053.888888888889,9872,1569379,3
3252.646264339376,9873,1569444,4
925.6230371123036,9874,1569536,4
-18956.20973797443,9875,1569833,5
7457.671007670102,9876,1570011,5
3293.331656303793,9877,1570178,5
-14681.71380090498,9878,1570252,3
-102598.40404220829,9879,1571203,7
-12254.43554145746,9880,1571343,3
-19412.45226909314,9881,1571430,3
-4704.398490861676,9882,1571452,3
-16387.561327561336,9883,1571561,3
-7030.939944128798,9884,1571613,3
-2554.3796659660175,9885,1571655,3
-21168.201659451657,9886,1571751,3
-19020.065122356144,9887,1571878,3
2898.659949310947,9888,1572076,5
-22693.771061025313,9889,1572216,3
-16872.087645009306,9890,1572488,5
-1653.8716443515193,9891,1572683,5
12665.924260208321,9892,1572941,7
-4322.681509666803,9893,1572963,3
-4694.376962047241,9894,1572993,3
3554.950305888554,9895,1573283,6
-9700.129870129871,9896,1573321,3
-11990.847745156538,9897,1573407,3
-5429.560023310024,9898,1573431,3
14527.113997114,9899,1573485,5
-2336.1125061730872,9900,1573605,5
-11811.593789767161,9901,1573685,3
3763.555611055611,9902,1573739,4
-8251.205894208992,9903,1573788,3
-4382.655677655677,9904,1573801,3
-3882.8571428571427,9905,1573817,3
-24318.652355332248,9906,1574061,4
-3638.103367221014,9907,1574072,3
7226.542084749282,9908,1574144,4
-4115.380591630592,9909,1574168,3
6195.765575368904,9910,1574294,5
7254.175414368909,9911,1574359,4
-3508.4410075218902,9912,1574370,3
-1203.1491384432566,9913,1574399,3
17221.810271771574,9914,1574473,5
-3209.406085400666,9915,1574631,5
-16925.786313796267,9916,1574966,5
7002.573276452831,9917,1575093,5
6123.98420207244,9918,1575293,6
-19378.57473543292,9919,1575431,3
-7441.16621627398,9920,1575508,3
-12614.150687013596,9921,1575607,3
5591.049783549783,9922,1575643,4
-9173.814959550253,9923,1575695,3
-16894.84544029242,9924,1575846,3
291.0711510711511,9925,1575857,3
3301.726051726052,9926,1575901,4
-25815.542051165914,9927,1576267,5
-4884.631202131202,9928,1576280,3
-3032.0217115186156,9929,1576290,3
-6535.62413506686,9930,1576336,3
-4937.993140706713,9931,1576391,3
-4867.055713249599,9932,1576408,3
-4690.032045488499,9933,1576461,3
-8011.5002655153585,9934,1576497,3
-3595.7084723841685,9935,1576509,3
-6111.846323611028,9936,1576537,3
-5766.557184430638,9937,1576568,3
-4003.5012210012223,9938,1576678,4
-4273.5002175327245,9939,1576702,3
-3641.6323953823953,9940,1576717,3
-35746.2481350349,9941,1576909,3
-4148.377494538485,9942,1576940,3
-24002.693637202134,9943,1577084,3
-5509.912856106742,9944,1577106,3
-29215.157554648657,9945,1577363,4
-5034.0054799674535,9946,1577400,3
-5286.413863913864,9947,1577436,3
-2767.6728826728827,9948,1577449,3
-5017.529948009993,9949,1577479,3
-8712.491674991674,9950,1577548,3
-2708.6906149406154,9951,1577564,3
580.2484488970904,9952,1577739,5
-12647.505118925732,9953,1577938,4
-6906.296441561535,9954,1577969,3
-5812.0088054005655,9955,1578022,3
5306.867052581062,9956,1578179,5
13503.574199493316,9957,1578210,4
-13875.850320989639,9958,1578309,3
-7288.912705586472,9959,1578360,3
-38754.72406137412,9960,1578615,3
217.1878355119694,9961,1578677,4
-12838.12933491554,9962,1579052,6
-2856.572455322454,9963,1579145,4
25633.299200799203,9964,1579208,6
-7494.581572276748,9965,1579451,6
-5949.167100678747,9966,1579571,4
11536.94724673406,9967,1579687,5
8789.081890331892,9968,1579723,4
2410.8730158730127,9969,1579834,5
-6516.036435185042,9970,1579866,3
9100.244134950015,9971,1579955,5
24968.971050449363,9972,1580081,6
-7838.528851338536,9973,1580166,3
-7690.024205651813,9974,1580273,4
-7039.3574970780855,9975,1580316,3
-29735.119279351762,9976,1580461,3
-21785.279046569267,9977,1580622,3
1895.0116794969763,9978,1580681,4
-9463.764789541456,9979,1580927,5
4757.247020695162,9980,1581140,6
3362.49555999556,9981,1581204,4
-5806.553955272824,9982,1581255,3
-4663.920734837918,9983,1581297,3
-33957.717899706215,9984,1581468,3
-3527.205696135657,9985,1581700,5
2014.8270479520484,9986,1581778,4
-37969.802731175,9987,1582024,3
7918.710790450925,9988,1582263,6
-1639.9657287157288,9989,1582273,3
-11201.953928424518,9990,1582369,4
-4413.680668769579,9991,1582399,3
-14589.719130796666,9992,1582520,3
-17200.4603231306,9993,1582699,3
-4463.627471599608,9994,1582718,3
-4172.577051431541,9995,1582733,3
-3992.389081506729,9996,1582747,3
-3903.1062687312688,9997,1582769,3
-2435.6962481962482,9998,1582780,3
-7185.930735930736,9999,1582813,3
