4484.361088725065,0,63,4
-8070.562770562771,1,108,3
-7865.716632849655,2,181,3
-4771.557847467291,3,221,3
-7509.851159762151,4,269,3
-7469.346315019689,5,315,3
-7143.954795204795,6,361,3
-8706.686507936509,7,407,3
-7227.630111761303,8,453,3
-4653.246753246753,9,499,3
-6769.532760840808,10,560,3
-2565.5122655122655,11,575,3
-4113.064574314574,12,601,3
-8966.170634920636,13,649,3
-4272.869344707579,14,676,3
-6486.09252374732,15,716,3
-7847.712842712844,16,770,3
-4049.328422099505,17,788,3
-8239.892557757075,18,846,3
-3128.4468208520066,19,865,3
-6038.665848040847,20,904,3
-8314.567099567099,21,963,3
-4266.277343987954,22,993,3
-6428.738537004791,23,1033,3
4201.44117728614,24,1101,4
12419.70695970696,25,1201,5
-7477.447831199177,26,1255,3
-2875.358253437234,27,1268,3
-7210.303030303031,28,1319,3
-5703.2269813519815,29,1360,3
-5253.989600543562,30,1403,3
-3715.883838383838,31,1436,3
-5049.864718614719,32,1471,3
-9331.830669330668,33,1520,3
7064.1760445436885,34,1566,4
-17215.39281796635,35,1703,3
-4880.143745143745,36,1739,3
-7722.450446925983,37,1805,3
-2161.664871076636,38,1835,3
-3871.899668743708,39,1860,3
-5761.20218017277,40,1904,3
-16222.029847137735,41,2067,3
-3975.3246753246754,42,2096,3
-12262.070356114473,43,2201,3
-13894.49439449439,44,2307,3
-5338.644712270875,45,2354,3
-7006.547619047618,46,2398,3
-1007.7589526486577,47,2462,4
-4107.212787212788,48,2480,3
-3094.0182366652957,49,2506,3
-2294.44055944056,50,2519,3
5681.323065479411,51,2557,4
-15922.61925626534,52,2656,3
-364.5286210439334,53,2745,4
-10601.26984126984,54,2796,3
12118.31795397585,55,2879,5
432.7006327006327,56,2893,3
-7482.041847041846,57,2940,3
-9712.640415140415,58,3012,3
-12345.94268605492,59,3133,3
-4748.559467493291,60,3166,3
-7588.731962481962,61,3218,3
-6576.526635129577,62,3262,3
-6883.467652058985,63,3314,3
-13430.169830169832,64,3391,3
-14166.953279348787,65,3516,3
-3109.1130805469043,66,3533,3
-8807.97081122352,67,3588,3
-3331.036757677791,68,3684,4
-6600.2138833388835,69,3713,3
-7037.614790395362,70,3786,3
-6704.464486751636,71,3837,3
-5763.789682539682,72,3872,3
4920.165945165946,73,3915,4
709.3173411555765,74,4028,4
-3031.6845654345652,75,4044,3
-5091.70562199799,76,4090,3
-7978.1012812436975,77,4143,3
-2747.1032643826766,78,4164,3
-16286.208113228806,79,4344,3
-9764.998057498055,80,4408,3
7984.875190598874,81,4451,4
-6617.766955266956,82,4501,3
23065.117243867244,83,4587,6
-9345.563949801986,84,4674,3
-6750.046537569758,85,4735,3
-13501.028693528691,86,4804,3
-6544.439026792221,87,4853,3
-5326.502806833691,88,4884,3
-5005.627705627706,89,4901,3
-7816.190268065268,90,4956,3
5197.023809523812,91,4988,4
-14440.277777777776,92,5068,3
-5700.102601646719,93,5109,3
-6759.868326118326,94,5159,3
6364.024031524031,95,5281,5
-8118.790092215858,96,5350,3
-3952.698412698413,97,5369,3
-2906.9047619047615,98,5384,3
-24323.48403402582,99,5595,3
-6861.312584474349,100,5656,3
-3509.609987535684,101,5672,3
-8399.93284901373,102,5714,3
30160.362554112555,103,5750,6
7936.991341991339,104,5778,4
-7832.546859745003,105,5831,3
-15406.902876535227,106,5929,3
-17797.539682539686,107,6033,3
-13900.595723720728,108,6128,3
-5154.435435995032,109,6154,3
-5149.05303030303,110,6184,3
-3266.435508935509,111,6202,3
-4716.0929253289605,112,6228,3
-723.6167725799575,113,6281,4
-11934.886363636362,114,6362,3
-8178.6647326701495,115,6421,3
-18309.26586330392,116,6555,3
-7351.670086449501,117,6611,3
-9170.568413784355,118,6658,3
-5017.678155178156,119,6690,3
-7515.6026897938655,120,6735,3
-5683.196840737222,121,6777,3
-4982.94733044733,122,6811,3
-10233.726656900033,123,6910,3
7748.766203967359,124,6960,4
-5319.751718869366,125,6988,3
-5937.154512154511,126,7018,3
-167.96043417366764,127,7136,4
-8261.125541125542,128,7177,3
-7793.123322850929,129,7229,3
-5156.166974910867,130,7281,3
-5023.985965015377,131,7301,3
-3909.761904761905,132,7329,3
-4536.664004591452,133,7368,3
-13303.34949772449,134,7469,3
-533.1290553271976,135,7497,3
-3030.172461697229,136,7519,3
-4449.730920059211,137,7545,3
14531.448135198132,138,7642,5
-4162.947746697746,139,7670,3
2898.9504613034014,140,7744,4
-8719.45865344666,141,7825,3
-3046.1018801459977,142,7841,3
-16596.570651281156,143,7990,3
-8118.429725159604,144,8061,3
-4045.7708753664638,145,8080,3
-8225.572344322343,146,8123,3
-10367.130230880233,147,8163,3
-2340.714285714286,148,8183,3
-15637.032913337083,149,8298,3
488.98462648462737,150,8393,4
-5884.625652125652,151,8420,3
-13883.759071810535,152,8539,3
-2789.5021073697567,153,8662,4
-9580.37663936212,154,8720,3
-8217.927902420935,155,8798,3
-5679.86117914145,156,8840,3
-6690.952380952382,157,8881,3
-7237.810522810522,158,8934,3
-7211.806943056943,159,8984,3
-4634.517996193692,160,9005,3
3522.0238095238074,161,9057,4
-8228.113553113555,162,9116,3
-3035.328054298643,163,9139,3
-4510.829457779922,164,9173,3
-2905.123364122977,165,9191,3
-8835.249381466487,166,9256,3
-18369.276707125016,167,9373,3
-6948.642782011592,168,9445,3
-21072.64886257534,169,9597,3
-10314.317075897961,170,9664,3
-11520.238095238095,171,9716,3
-7889.720279720281,172,9775,3
2527.5200534759374,173,9843,4
-1934.6428571428569,174,9858,3
-265.8782883782887,175,9921,4
-3747.711455211455,176,9935,3
-5558.1529581529585,177,9952,3
8807.423891468012,178,10092,5
2054.301878676881,179,10250,5
-11677.720335220338,180,10323,3
-2440.8155506493786,181,10477,4
-3961.4181406828457,182,10506,3
-4389.7782772782775,183,10538,3
-6103.7229437229435,184,10585,3
9727.632763478348,185,10694,5
-4440.619429590018,186,10725,3
-7035.573593073595,187,10767,3
-2766.8281052452853,188,10911,4
-6807.162698412699,189,10947,3
-6027.635281385282,190,10976,3
4618.55339105339,191,11023,4
-14726.618659118658,192,11115,3
-1412.2218059718061,193,11134,3
-18840.281619824967,194,11292,3
-3903.924825174825,195,11319,3
-4595.367965367966,196,11340,3
1450.1875901875937,197,11407,4
-14872.900432900435,198,11594,4
-967.1428571428571,199,11608,3
-8835.689033189034,200,11662,3
-11178.158369408371,201,11729,3
-1712.830086580087,202,11814,4
-10738.308080808083,203,11873,3
-5484.985153735155,204,11910,3
-5021.893106893107,205,11941,3
2791.949855699855,206,11990,4
-6086.933654580713,207,12031,3
-3773.085109335109,208,12053,3
-3457.6082251082253,209,12135,4
-7080.822510822512,210,12155,3
-11187.726652432531,211,12223,3
-5648.333333333334,212,12247,3
-20212.476763432645,213,12418,3
-2586.9881507381506,214,12520,4
-13665.575396825392,215,12596,3
14450.144689761562,216,12669,5
-4786.663752913753,217,12689,3
-6516.477966477967,218,12731,3
-2856.4539627039626,219,12744,3
-14112.090548340544,220,12830,3
-16273.000969618613,221,13044,4
-7935.980685980685,222,13097,3
-6164.736978707568,223,13146,3
-2540.0317357650965,224,13254,4
-3736.3286713286716,225,13287,3
7860.334215858178,226,13304,4
13028.469863469863,227,13386,5
1819.4805194805185,228,13440,4
-4352.195582195582,229,13475,3
-2576.891197038256,230,13491,3
19563.968253968254,231,13519,5
-4655.8337495837495,232,13549,3
9501.571441581706,233,13597,4
1372.7777777777778,234,13613,3
-7914.491619491619,235,13660,3
-4614.5526001776,236,13696,3
-2700.94696969697,237,13770,4
-6089.204545454547,238,13803,3
-1498.5675435675437,239,13825,3
-6518.885281385282,240,13863,3
8212.72352647353,241,13899,4
-7742.177460052846,242,13939,3
-23736.35304130855,243,14134,3
7167.133144633146,244,14172,4
-4520.654345654344,245,14215,3
-24840.44733044733,246,14373,3
-2909.6039087331696,247,14571,5
-8446.716026921136,248,14629,3
-7903.769841269844,249,14675,3
-8605.1486013986,250,14720,3
-5900.492007992007,251,14861,4
-13509.906564024215,252,14964,3
-5519.516594516596,253,15015,3
17159.99135625297,254,15094,5
-15042.918470418464,255,15191,3
5227.842266952183,256,15344,5
-564.7057487576077,257,15446,4
1395.1233600420871,258,15545,4
-19158.01761335986,259,15703,3
-4272.378356937182,260,15745,3
-4644.949494949495,261,15783,3
-6152.306027306027,262,15822,3
-9667.196969696968,263,15869,3
-1085.3764291264292,264,15886,3
10721.309246309247,265,15918,4
-3585.2727827727836,266,16004,4
2886.802616887758,267,16101,4
-2905.5050505050503,268,16120,3
-942.5974025974026,269,16141,3
-5281.977605727609,270,16349,5
-8731.904761904763,271,16397,3
-9178.579344706679,272,16495,3
5560.916722166716,273,16552,4
-855.0288600288573,274,16648,4
1763.8525902631945,275,16753,4
-6493.035714285715,276,16782,3
-4529.652002409355,277,16808,3
-18968.452380952374,278,16974,4
18321.45788035494,279,17029,5
-1680.3742765662266,280,17046,3
-3477.083333333333,281,17064,3
1999.493839493839,282,17134,4
-7352.624458874459,283,17179,3
-7964.411976911977,284,17230,3
-4179.00432900433,285,17290,3
2418.4095683728037,286,17449,5
-3273.467504717505,287,17476,3
-12271.136641136643,288,17561,3
-4854.881646131646,289,17589,3
12867.757936507938,290,17668,5
-6520.274725274725,291,17702,3
14742.025335775337,292,17778,5
11053.941743039572,293,17795,4
369.16125541125564,294,17854,4
-21034.808058196053,295,18159,4
-4698.753607503603,296,18269,4
-1171.1190744240291,297,18440,5
4908.178012218261,298,18499,4
17155.0,299,18522,5
-4753.571428571428,300,18554,3
11881.420956494487,301,18641,5
-16843.675833969948,302,18754,3
-7386.0280517556075,303,18828,3
-15995.141439442903,304,19196,6
-2628.6724386724422,305,19307,4
-21993.953458821885,306,19538,4
780.9149184149182,307,19557,3
13444.747474747475,308,19625,5
7427.784784659784,309,19723,5
-1636.1604211062445,310,19824,4
-5980.518754046988,311,19877,3
19522.860897487455,312,19956,5
-1412.036337845162,313,20179,5
-5308.266469083033,314,20217,3
16713.755411255413,315,20266,5
-15281.550022474948,316,20391,3
9094.624183006536,317,20420,4
-6244.565707125693,318,20454,3
854.8484848484843,319,20513,4
639.1557618937661,320,20604,4
6429.999999999997,321,20703,5
-9513.330003330004,322,20767,3
-3461.9560994560993,323,20785,3
-29441.885622547376,324,21146,4
16655.963203463205,325,21190,5
-8344.905290787647,326,21318,4
-12309.514790764792,327,21390,3
-9171.434121434126,328,21438,3
-7134.488600065222,329,21497,3
19562.460317460318,330,21613,6
16226.428571428572,331,21648,5
10289.237012987018,332,21714,5
6694.905864259581,333,21780,4
6783.955766455766,334,21822,4
-6784.7542735042725,335,21858,3
1003.4523809523857,336,21995,5
-11364.630467571646,337,22059,3
9617.40356865357,338,22090,4
18957.020202020198,339,22130,5
10270.689988116463,340,22265,5
-12965.542376869778,341,22476,4
12475.568032328867,342,22576,5
-4997.563470026707,343,22714,4
-11736.171328671328,344,22767,3
-9107.880591630594,345,22846,3
-10192.744270693182,346,23006,4
-4651.073730191378,347,23034,3
-4474.285714285715,348,23052,3
15137.00424575425,349,23103,5
6566.477272727272,350,23137,4
-2886.212121212121,351,23164,3
14374.700577200572,352,23238,5
-5117.2444193962065,353,23266,3
-19401.367798867795,354,23391,3
9632.036435786438,355,23460,5
-9890.658340842163,356,23589,4
-10882.139706268963,357,23731,4
3936.1860361860377,358,23779,4
-2202.730929201518,359,23811,3
-2067.703962703963,360,23826,3
-8280.228105228105,361,23883,3
15192.631118881118,362,24039,6
6485.536370234516,363,24106,4
-11145.501705466873,364,24174,3
2530.606786574276,365,24258,4
-4852.305945688299,366,24287,3
33710.0,367,24308,6
-5993.510101010102,368,24347,3
-3431.9642857142862,369,24417,4
-9815.3305028305,370,24467,3
7115.935869685868,371,24500,4
-18107.33629932159,372,24644,3
-7364.111721611722,373,24680,3
-15487.246576952455,374,24783,3
-618.0357142857142,375,24849,4
-6434.530747030747,376,24887,3
-12648.653185050243,377,24962,3
-6178.706497750616,378,25017,3
-6875.383986928107,379,25083,3
-4385.535714285714,380,25110,3
10480.326895326894,381,25139,4
-5543.474456400152,382,25196,3
4209.906135073554,383,25328,5
-4234.637445887447,384,25425,4
-1344.8412698412699,385,25442,3
-108.92857142857042,386,25576,5
-7372.5,387,25605,3
8571.629204129204,388,25704,5
-3636.478596223178,389,25723,3
-17912.14014399773,390,25853,3
8698.33602671838,391,25871,4
3154.6065282326895,392,25967,4
-5297.142857142857,393,25992,3
-4873.600288600289,394,26034,3
3814.6024808524817,395,26080,4
-9386.569541569543,396,26159,3
-8409.251998001999,397,26208,3
21046.587301587304,398,26229,5
12288.933705183706,399,26252,4
917.1519411960601,400,26400,5
-14537.548562548563,401,26512,3
-5244.736227824462,402,26641,4
-257.00577200577186,403,26658,3
-4024.982656232656,404,26709,3
-11961.637806637813,405,26925,5
13616.901154401157,406,27012,5
11808.194583194583,407,27112,5
-8886.511266511265,408,27170,3
3115.518792353155,409,27260,4
-2470.289734775029,410,27290,3
3460.3120546464215,411,27347,4
22218.541593640282,412,27400,5
-5852.543012543012,413,27441,3
2787.879032731976,414,27527,4
-4182.5038850038845,415,27566,3
-4605.690836940837,416,27590,3
7470.308441558442,417,27626,4
-17053.174603174597,418,27717,3
8204.508088464454,419,27752,4
6506.831223901657,420,27813,4
-14614.88344988345,421,27904,3
12613.566988566987,422,27991,5
26661.59812409812,423,28097,6
12383.264598963131,424,28228,5
-9074.47379417968,425,28393,4
11858.794832618363,426,28516,5
-4782.414252414253,427,28547,3
19427.62667887668,428,28599,5
5407.239684335272,429,28637,4
-8169.808802308804,430,28831,5
-2805.1569264069262,431,28866,3
15596.163419913417,432,28933,5
-9077.824675324673,433,28989,3
8228.676046176048,434,29078,5
-11196.19593233564,435,29178,3
6127.541755629995,436,29325,5
-5005.284992784991,437,29360,3
77.90709290709128,438,29454,4
9613.415334665335,439,29552,5
18806.616161616166,440,29597,5
13078.463619713619,441,29797,6
-6391.666666666668,442,29839,3
-2220.98026973027,443,29857,3
16279.920634920636,444,29907,5
11017.59795759796,445,29945,4
-6476.792490275461,446,29981,3
-7783.593073593073,447,30024,3
-2230.495060495061,448,30060,3
-1388.6904761904746,449,30129,4
19604.309855521158,450,30164,5
12492.972097347096,451,30225,5
-910.7070707070704,452,30245,3
-4885.649350649351,453,30412,5
-6166.493506493508,454,30451,3
-5076.338661338661,455,30474,3
-8623.888472638475,456,30608,4
12329.418024785675,457,30688,5
-7064.880952380953,458,30739,3
-11414.155844155845,459,30807,3
-2099.6057414807415,460,30830,3
4969.936338171632,461,30892,4
7723.87270323416,462,30940,4
-18598.53146853147,463,31076,3
35949.80880230879,464,31168,7
-3576.477374749443,465,31445,6
20194.837662337664,466,31485,5
18072.52913752914,467,31527,5
14746.904761904761,468,31586,5
15749.321789321788,469,31634,5
17769.49494949495,470,31661,5
-6659.949494949494,471,31704,3
-2795.378787878788,472,31717,3
15963.457792207793,473,31781,5
2164.334415584415,474,31877,5
16940.882352941175,475,31920,5
19092.86324786323,476,31975,5
19163.68575868576,477,32032,5
-11522.851037851036,478,32108,3
9120.255508380507,479,32211,5
11751.813186813186,480,32304,5
6996.25,481,32330,4
21130.76257076257,482,32375,5
-7962.801226551228,483,32499,4
3897.4572037439693,484,32566,4
8382.797619047618,485,32592,4
-1034.642857142857,486,32606,3
19642.48015873016,487,32649,5
-5236.989538239538,488,32679,3
7020.052294411816,489,32736,4
20630.837838631953,490,32778,5
7564.27489177489,491,32888,5
18108.076368076367,492,32960,5
21780.152279136408,493,33033,5
14345.29082029082,494,33114,5
-6276.287878787879,495,33159,3
12043.531746031747,496,33241,5
14528.309884559885,497,33310,5
-3307.6785714285716,498,33341,3
10633.344323804853,499,33478,5
5130.822510822514,500,33599,5
22602.10678210678,501,33677,6
5185.03205128205,502,33807,5
17129.996531246536,503,33870,5
11195.677655677655,504,33986,5
17490.48479298479,505,34034,5
-11602.785547785546,506,34105,3
-8986.883116883118,507,34162,3
11935.14021517698,508,34185,4
-2861.87340716559,509,34201,3
14896.006083914364,510,34283,5
27979.38596126096,511,34376,6
6726.048534798535,512,34425,4
20080.39363414364,513,34476,5
15018.582528582527,514,34555,5
-4416.024182860483,515,34576,3
6032.863941613939,516,34663,5
13563.97907647908,517,34733,5
-4277.579365079366,518,34768,3
21858.33580925476,519,34832,5
-4726.281959784282,520,34987,4
11276.166611166613,521,35016,4
-5959.841269841269,522,35050,3
15927.568542568546,523,35111,5
17529.495147036516,524,35183,5
-6622.972582972583,525,35224,3
75.48525914902581,526,35402,5
2329.817959817959,527,35539,5
10311.161616161617,528,35559,4
19521.506214373858,529,35680,6
8245.637626262624,530,35722,4
1798.82978132978,531,35782,4
8675.35714285715,532,35890,5
-3615.714285714286,533,35914,3
13546.944444444445,534,35981,5
14829.036796536795,535,36047,5
9559.425805317835,536,36187,5
12580.339825722953,537,36291,5
-10693.327922077922,538,36345,3
8320.469923037734,539,36406,4
17079.821428571428,540,36437,5
18527.92996219467,541,36486,5
16938.162393162384,542,36549,5
-2897.7917915417916,543,36567,3
4249.604246802389,544,36633,4
6854.999999999999,545,36666,4
-2765.8658702408757,546,36866,5
7995.354291176662,547,36939,4
-8685.81798769686,548,37013,3
3013.7500000000005,549,37057,4
30508.794468989905,550,37128,6
12658.917887667887,551,37228,5
5460.887445887445,552,37283,4
16689.890395552175,553,37419,6
-14434.83100039795,554,37527,3
15274.47142017769,555,37624,5
-22676.428571428572,556,37718,3
13627.110805860812,557,37797,5
7842.634228516579,558,37850,4
16922.52801120448,559,37896,5
15108.21672608437,560,37986,5
19276.384498714215,561,38127,6
2341.5324789589513,562,38219,4
13101.250069375072,563,38346,5
-4405.80343675932,564,38381,3
10486.017316017318,565,38466,5
-4168.917748917749,566,38502,3
6548.76984126984,567,38533,4
8141.224608724613,568,38561,4
-1716.2229437229446,569,38646,4
-5261.160783660783,570,38758,4
3759.656412553288,571,38845,4
11952.541486291484,572,38934,5
13604.285714285714,573,38993,5
9769.608585858585,574,39077,5
10257.241220037275,575,39205,5
16422.80396388517,576,39266,5
-14409.4425019425,577,39357,3
-4287.005772005772,578,39385,3
12999.39393939394,579,39452,5
-3418.095025889144,580,39566,4
4915.508658008659,581,39615,4
-3313.032106782107,582,39632,3
9401.998157071688,583,39758,5
-3037.142857142857,584,39778,3
15341.84815184815,585,39840,5
3890.228195007608,586,39967,5
4190.399322899322,587,40030,4
34337.723803973815,588,40131,7
14155.55375180375,589,40223,5
5898.4748584748595,590,40284,4
20769.699046868165,591,40349,5
17977.375541125548,592,40397,5
17884.651737151737,593,40438,5
19260.016233766233,594,40486,5
-3072.785547785548,595,40507,3
-6956.249999999999,596,40548,3
12353.885281385279,597,40634,5
3318.4904719463552,598,40692,4
30930.754662004667,599,40822,7
18610.055777555775,600,40878,5
36388.279396257334,601,40941,6
-2596.2500000000005,602,40963,3
-12149.58028083028,603,41102,4
10751.026814591462,604,41200,5
15115.616883116887,605,41259,5
21836.44585570089,606,41325,5
-4700.123210123211,607,41357,3
577.5228937728943,608,41425,4
4083.6750055500042,609,41544,5
13879.105639372667,610,41744,6
240.45315022095292,611,41848,4
-2880.595238095238,612,41862,3
10859.5985958486,613,41975,5
5004.527133942768,614,42052,4
-2668.5062160062166,615,42077,3
-9293.362193362193,616,42132,3
4758.392715600532,617,42197,4
12205.803432678427,618,42294,5
-6126.626984126983,619,42331,3
21522.557442557445,620,42366,5
4981.381118881119,621,42408,4
21516.961371961374,622,42461,5
12364.478299478295,623,42540,5
-18411.51328246917,624,42698,3
22410.634643134646,625,42757,5
5784.388389388389,626,42813,4
12585.624999999998,627,42880,5
29049.453593791823,628,42974,6
-1531.5945165945168,629,42993,3
742.9828504828511,630,43205,5
17060.833333333336,631,43238,5
17532.348484848484,632,43278,5
-4140.913808413807,633,43442,5
15163.818542568542,634,43513,5
25221.13109113109,635,43606,6
28726.63029823634,636,43689,6
-4137.142857142857,637,43707,3
10666.683732933736,638,43814,5
12153.462964194392,639,43938,5
1384.6031746031736,640,43992,4
11059.838078588076,641,44117,5
13830.388172199313,642,44263,5
-3830.295260295261,643,44302,3
15527.922910422909,644,44405,6
7203.84920634921,645,44492,5
15501.757548007548,646,44581,5
9831.994255744261,647,44667,5
5254.307359307364,648,44723,4
6620.192862692866,649,44859,5
23846.978649145825,650,44999,6
3960.9990009989997,651,45060,4
21452.25429390871,652,45110,5
11799.648512407133,653,45132,4
7635.357142857143,654,45158,4
29188.59783942407,655,45245,6
-898.9485514485518,656,45405,5
7414.018759018761,657,45443,4
9162.584360084362,658,45474,4
-7153.943001443001,659,45525,3
-5713.964167630053,660,45564,3
24063.45695455216,661,45670,6
28774.134084869376,662,45747,6
-2564.0764790764792,663,45777,3
7983.951881451882,664,45893,5
25239.75468975469,665,45960,6
10702.54384504384,666,46069,5
12744.230279524398,667,46156,5
17275.555555555555,668,46189,5
-3502.389081506729,669,46202,3
8021.0635198135205,670,46309,5
14892.034012169459,671,46385,5
-2774.8376623376626,672,46396,3
-5600.795593295592,673,46439,3
26733.289831083956,674,46500,6
1748.6007334169094,675,46614,4
14161.360918493276,676,46668,5
17453.51172047767,677,46716,5
-1026.5692640692623,678,46787,4
6525.714285714285,679,46811,4
10417.603799709063,680,46858,4
3314.3994511680276,681,46959,4
17708.37481962482,682,47019,5
-333.98809523809547,683,47079,4
9852.270279618675,684,47109,4
21515.311384521905,685,47139,5
-13846.431264813617,686,47219,3
10795.179771209183,687,47309,5
-3443.0844155844156,688,47345,3
4466.146353646354,689,47367,4
11524.235421441299,690,47459,5
17858.063301078004,691,47508,5
36411.8429364753,692,47612,7
7544.652574592592,693,47633,4
8460.757575757576,694,47708,5
23860.790875790877,695,47826,6
39759.054834054834,696,47922,7
9975.606060606062,697,47938,4
13426.271408330234,698,48014,5
19733.122294372297,699,48068,5
14978.502886002887,700,48123,5
16528.91435362024,701,48204,5
19514.45526695526,702,48325,6
3314.5754447650725,703,48378,4
-140.9126984126985,704,48393,3
10617.026933923926,705,48538,5
8469.931937089696,706,48611,4
-6828.666815210935,707,48676,3
-8396.185064935064,708,48729,3
28603.20006790595,709,48819,6
-4466.547619047618,710,48838,3
19292.079101454096,711,48864,5
6883.9811577311575,712,48920,4
-1535.2038239538242,713,48951,3
20333.57142857143,714,48975,5
19590.53284950344,715,49075,6
-9682.824675324677,716,49125,3
22446.504822791587,717,49173,5
16994.6114996115,718,49233,5
1421.32117882118,719,49404,5
6673.736916678094,720,49463,4
16229.271390374332,721,49515,5
47614.36601796896,722,49631,8
5403.750000000002,723,49665,4
-4639.191919191919,724,49696,3
7278.972416472416,725,49740,4
20656.244588744587,726,49783,5
8417.444622371091,727,49839,4
9060.626230050144,728,49871,4
4860.6934390429,729,50044,5
-479.2460317460318,730,50057,3
-7220.119047619042,731,50174,4
-15116.11111111111,732,50244,3
8193.917748917751,733,50348,5
8996.406413503937,734,50395,4
20462.16935841936,735,50418,5
21114.12194015135,736,50452,5
-5906.190476190477,737,50474,3
13523.228438228438,738,50545,5
2405.0238508481525,739,50591,4
-2862.4873737373737,740,50616,3
5152.41491201437,741,50780,5
19040.708450046684,742,50818,5
-7225.34965034965,743,50865,3
22841.2278442232,744,50940,5
5804.823995448997,745,50966,4
7448.441558441559,746,50978,4
22276.129197599785,747,51080,6
10933.918026418029,748,51106,4
-819.5382395382398,749,51127,3
7745.089295211452,750,51197,4
18425.47619047619,751,51235,5
-4529.166666666667,752,51259,3
-3287.9256572890467,753,51278,3
8272.508116883118,754,51323,4
16857.880101924216,755,51405,5
17078.967033783203,756,51475,5
-412.51609501609505,757,51496,3
-8359.480519480518,758,51606,4
-7627.0060873079465,759,51672,3
3352.301587301588,760,51712,4
-2761.5123827410985,761,51731,3
-4265.101010101011,762,51763,3
-9588.146335948193,763,51840,3
17340.92532467533,764,51901,5
6098.052136417077,765,52047,5
4412.193639693638,766,52113,4
-1124.1033966033965,767,52133,3
22779.043317793316,768,52220,6
21841.735340467927,769,52255,5
7265.931421519658,770,52316,4
-3699.2857142857147,771,52339,3
-12963.881951381954,772,52416,3
1154.1432178932182,773,52585,5
19053.02041096159,774,52638,5
-3740.0364912864907,775,52655,3
-7036.039287509875,776,52722,3
-4214.741092241093,777,52755,3
-4554.821428571428,778,52785,3
-496.9003219003222,779,52810,3
43964.07946220447,780,52853,7
-5936.615884115883,781,52903,3
10006.78384115884,782,52922,4
8927.635221031118,783,53053,5
-5053.580573837927,784,53077,3
9361.994671994671,785,53183,5
-5877.900432900433,786,53194,3
38974.033882783886,787,53333,8
5999.69246031746,788,53372,4
15576.325161766335,789,53438,5
-4722.47682872683,790,53473,3
186.0822510822518,791,53544,4
-3287.797619047619,792,53561,3
-7648.570473644002,793,53630,3
-4863.380467571644,794,53646,3
-5935.333537936094,795,54011,6
-7397.592823842824,796,54143,4
3689.01713074507,797,54291,5
-6777.806915306915,798,54331,3
18769.316378066378,799,54359,5
-6056.924603174603,800,54385,3
10404.543095793098,801,54491,5
2833.4303196803194,802,54638,5
28239.004915363268,803,54724,6
16715.194096194482,804,54773,5
-4737.597402597403,805,54811,3
-4430.345855125266,806,54832,3
-2657.401985269631,807,54941,4
1760.4464979464954,808,55019,4
7151.488095238094,809,55052,4
-9455.036188656548,810,55100,3
10377.768065268068,811,55191,5
-11641.858183552287,812,55327,3
7182.936507936508,813,55360,4
1368.275603395572,814,55479,4
2354.320609945608,815,55609,5
3477.109626484628,816,55744,5
-5362.929292929293,817,55772,3
8431.4874014874,818,55932,6
19059.55632153328,819,56102,6
16680.848018940127,820,56177,5
-13804.354216045387,821,56297,3
-6638.066308691308,822,56341,3
7899.818514818515,823,56383,4
1267.7378177378177,824,56402,3
5598.762822145173,825,56461,4
6706.241421976714,826,56508,4
18094.707963605026,827,56544,5
8708.446275946277,828,56641,5
627.626678876675,829,56806,5
-2564.2676767676767,830,56819,3
8059.203413330735,831,56837,4
17984.484126984124,832,56883,5
3339.8475707299253,833,57045,5
9185.706485636825,834,57172,5
-1819.7073057231728,835,57310,4
-3867.303807303807,836,57344,3
19350.779286073404,837,57406,5
-3539.493006993007,838,57432,3
-2917.738095238096,839,57452,3
-4191.2624875124875,840,57475,3
-3236.722234808535,841,57488,3
-3646.238626569509,842,57501,3
-4809.679046443752,843,57527,3
-8626.156490568257,844,57591,3
31518.69005994005,845,57839,8
11696.338573706995,846,57857,4
-6642.764180264181,847,57910,3
18219.56375366979,848,57963,5
-4721.919191919191,849,58001,3
-6783.787878787879,850,58038,3
-8330.587448327391,851,58129,3
-8302.561327561329,852,58182,3
12120.714291083876,853,58285,5
-1344.4444444444443,854,58298,3
19527.627243757266,855,58474,6
-7995.451492951494,856,58615,4
1239.1125541125537,857,58675,4
9664.877186796693,858,58725,4
6883.17828005328,859,58790,4
11636.35828224063,860,58888,5
-10589.496614496613,861,58943,3
15147.028992679147,862,59050,5
13394.737280693158,863,59120,5
10343.732354676626,864,59268,5
5814.2840737693705,865,59405,5
-14142.666826637416,866,59495,3
-3748.481518481519,867,59511,3
10797.804972804972,868,59609,5
6870.937869320227,869,59740,5
1966.725312870822,870,59787,4
35505.25736518383,871,59875,7
-1254.3686252258237,872,60053,5
10771.28968253968,873,60132,5
29701.286287242172,874,60189,6
-2790.8659258697985,875,60358,5
-775.1046176046179,876,60378,3
320.01402115070164,877,60571,5
-4615.057724997738,878,60703,4
7972.619047619049,879,60728,4
-18883.850926335443,880,60858,3
6477.428127428129,881,60901,4
-6788.315027765494,882,60963,3
-11283.958541458544,883,61022,3
-14330.378787878788,884,61089,3
-4784.339798488405,885,61138,3
20361.96081696082,886,61189,5
3569.916970770212,887,61268,4
4138.536324786326,888,61329,4
-3289.6103896103896,889,61353,3
14523.944527694524,890,61422,5
-3505.314252311157,891,61439,3
4324.373339079221,892,61597,5
7308.888888888889,893,61635,4
-978.5173160173161,894,61647,3
-527.7777777777778,895,61659,3
-4678.898046398047,896,61695,3
-5702.3792415556945,897,61823,4
21436.912785571843,898,61904,5
-5408.225108225108,899,61932,3
-3840.4894756945846,900,61965,3
-2123.145530939647,901,62057,4
21409.560439560435,902,62111,5
10347.936507936509,903,62171,5
-5087.000627847646,904,62255,3
6522.574786324786,905,62294,4
-3639.9689607777846,906,62318,3
6502.865477685745,907,62389,4
1221.0474505714412,908,62485,4
19755.540199179908,909,62589,6
-2473.269438894439,910,62599,3
13171.805016878547,911,62683,5
-5206.472971472972,912,62717,3
2327.359870521636,913,62823,4
-8545.36206848707,914,62929,4
-14220.68130399013,915,63103,4
10128.637612387614,916,63124,4
-8169.59595959596,917,63162,3
9696.806575777167,918,63271,5
14222.086940836938,919,63335,5
20564.134924672853,920,63448,6
1216.8134479899186,921,63472,3
-8862.871156621157,922,63536,3
6272.628218659569,923,63815,6
3467.9383116883128,924,63852,4
8967.68514165573,925,63963,5
8467.182486659025,926,64066,5
19891.768374599258,927,64138,5
-2464.00322523194,928,64151,3
-2498.7495837495835,929,64174,3
-10429.023902224368,930,64249,3
-3832.1647796647835,931,64350,4
-4666.828603972567,932,64387,3
27534.482280705197,933,64562,7
25046.59347596848,934,64747,7
28452.222222222226,935,64799,6
-8464.13867436313,936,64869,3
-4082.4568899452797,937,65046,5
9771.975355879818,938,65111,5
7011.594516594514,939,65155,4
21112.68342768343,940,65268,6
-10056.47746044805,941,65428,4
31505.62375124876,942,65540,7
19978.093662873074,943,65599,5
9328.449572013815,944,65710,5
467.3160173160172,945,65727,3
-4594.444444444444,946,65756,3
-4730.194805194805,947,65778,3
2394.129269423389,948,65842,4
-3526.155545950437,949,65872,3
38740.18759018759,950,65918,7
11429.590409590412,951,66078,6
-3530.503871128871,952,66099,3
-14993.25258075258,953,66197,3
-2593.987854895363,954,66209,3
2422.714192412333,955,66301,4
30661.21767121767,956,66346,6
-4222.049968005851,957,66384,3
6352.809412809411,958,66427,4
17737.494742744355,959,66536,5
-5024.351200270318,960,66565,3
-9014.469771053196,961,66747,4
16730.982905982906,962,66799,5
-7490.056471306472,963,66853,3
-3813.349111114204,964,66871,3
-23539.15904464472,965,67037,3
-16065.77505827506,966,67136,3
-15657.517482517482,967,67212,3
6639.091388058107,968,67326,5
-4584.523809523809,969,67349,3
16397.824915667403,970,67514,6
-9589.405076791814,971,67636,3
697.4424507605288,972,67843,5
-15192.902281541988,973,67959,3
5691.793773915022,974,68028,4
-7599.04198742434,975,68094,3
12743.483044733048,976,68163,5
-2127.6461038961043,977,68175,3
5446.946978674921,978,68232,4
-6253.819513819512,979,68294,3
-5850.517643691021,980,68343,3
2145.2570842470204,981,68434,4
16864.905045504885,982,68568,5
-9717.091782271735,983,68626,3
-945.996434121434,984,68649,3
-5897.22360972361,985,68691,3
14098.878066378065,986,68758,5
-4123.769899262673,987,68778,3
7960.698051948055,988,68818,4
18420.208847525024,989,68962,6
-15631.990189892666,990,69084,3
-4348.250360750361,991,69108,3
7467.13371187636,992,69126,4
16932.62626262626,993,69245,6
-16824.542934541125,994,69414,3
-21910.480291533604,995,69689,4
-9098.971286926007,996,69844,4
-9274.422913687617,997,69977,4
8431.339050143484,998,70149,5
-10355.86829235436,999,70232,3
-16283.895410145411,1000,70326,3
-10607.738095238095,1001,70386,3
16989.12878787879,1002,70431,5
19671.318333369425,1003,70478,5
-2029.532079762339,1004,70639,4
-6014.05760905761,1005,70683,3
-6759.26406926407,1006,70714,3
4454.699438633263,1007,70881,5
-1194.0764790764788,1008,70949,4
-5816.4566887361,1009,70981,3
28513.280814472775,1010,71090,6
16.17489751390849,1011,71207,4
11618.886057827618,1012,71290,5
9285.738739889284,1013,71527,6
6761.283160853594,1014,71583,4
14921.20063115419,1015,71692,5
-9537.972712272247,1016,71746,3
7062.499444999444,1017,71789,4
3842.323648573649,1018,71820,4
11235.62332705135,1019,71950,5
-7539.674556394758,1020,72112,4
22311.099132889514,1021,72200,5
12567.657967032967,1022,72258,5
17796.421356421353,1023,72323,5
21683.80899028732,1024,72456,6
-3558.5714285714284,1025,72471,3
-2110.2600177600198,1026,72542,4
-18588.82312132311,1027,72727,4
23832.918201509536,1028,72849,6
15056.358396505453,1029,72922,5
14858.060134310139,1030,73004,5
11640.601343101345,1031,73095,5
21546.396184249406,1032,73308,7
-17443.534897549984,1033,73406,3
10782.38095238095,1034,73502,5
-370.9039575835216,1035,73592,4
2847.252391571276,1036,73658,4
627.5388500388494,1037,73709,4
7691.295844678196,1038,73748,4
-117.69649480131926,1039,73894,4
-3638.582878604921,1040,74021,4
26620.22223691341,1041,74107,6
11813.937932982059,1042,74277,6
21481.60609857978,1043,74290,5
-2552.864409841964,1044,74326,3
-4803.7133888643175,1045,74450,4
-6937.207099502999,1046,74501,3
8487.15984995397,1047,74590,5
3511.991341991344,1048,74648,4
15960.007666052548,1049,74849,6
17829.580558330556,1050,74883,5
8667.901126651126,1051,74897,4
9376.180109665018,1052,74922,4
4104.884559884562,1053,74984,4
-18059.870130514486,1054,75254,4
32817.29617604618,1055,75343,7
2600.6296195634427,1056,75412,4
3032.8236795883827,1057,75477,4
19688.058716309493,1058,75525,5
-1652.162282162282,1059,75540,3
-9387.7340242317,1060,75626,3
7347.659581990075,1061,75743,5
-7254.784798534799,1062,75800,3
-3630.426138618865,1063,75901,4
1220.8179892003425,1064,75969,4
-13297.204018891327,1065,76069,3
2276.422396739229,1066,76253,5
36971.734009454594,1067,76358,7
22016.495726495734,1068,76399,5
3278.784132534133,1069,76449,4
4791.3657068765415,1070,76515,4
-4516.5234146658295,1071,76546,3
-405.8982683982685,1072,76558,3
21755.645604395606,1073,76572,5
1142.3413647755751,1074,76708,5
-4293.928571428572,1075,76736,3
19238.85492775198,1076,76832,6
-9910.435865948639,1077,76990,4
7575.368447771698,1078,77047,4
9732.481740563919,1079,77065,4
-3820.459262277557,1080,77295,5
11738.179304206362,1081,77376,5
5914.037548064249,1082,77465,4
21084.03165461989,1083,77510,5
8863.501665388276,1084,77652,5
-5013.540970982922,1085,77701,3
-8077.431596760576,1086,77840,4
14697.765331074155,1087,77917,5
-9898.101526956018,1088,77964,3
-40.82455899793575,1089,78083,4
-409.4512570594496,1090,78203,4
-2499.938863166418,1091,78324,4
-806.7196692196708,1092,78407,4
11168.411796536795,1093,78432,4
6962.298650165292,1094,78476,4
-3168.1006493506493,1095,78497,3
11983.154541536895,1096,78518,4
15902.06997482935,1097,78690,6
20490.86744954392,1098,78757,5
17747.12620712621,1099,78784,5
9798.606116106112,1100,78902,5
12079.470971971225,1101,79020,5
-15088.692961450315,1102,79120,3
28691.867299367306,1103,79206,6
-2685.1785714285716,1104,79227,3
8299.271429540751,1105,79377,5
28381.960816960822,1106,79436,6
-7300.99097315765,1107,79670,5
3282.3541783294113,1108,79811,5
15821.892968142967,1109,79893,5
5183.097527472528,1110,79937,4
22332.315834682806,1111,80065,6
-2372.1985331060405,1112,80079,3
29900.10989010989,1113,80157,6
-3313.256743256744,1114,80176,3
17450.05723035135,1115,80245,5
-4081.176750880697,1116,80376,4
-22632.903712644424,1117,80548,3
38915.69980204134,1118,80630,7
-927.120795870796,1119,80644,3
-993.5742828946806,1120,80755,4
24266.36530136529,1121,80850,6
7920.635538352255,1122,80897,4
-15390.763368436727,1123,81031,3
-2620.922363240475,1124,81047,3
-23353.598920858993,1125,81207,3
-15674.414391750846,1126,81338,3
-7991.042622172451,1127,81501,4
14600.18199015056,1128,81676,6
10064.867301815832,1129,81765,5
12054.739704739706,1130,81843,5
2702.2272621169677,1131,81900,4
9503.16887361005,1132,81942,4
-7222.640515229524,1133,81998,3
-4391.765873015873,1134,82022,3
-1165.7926795426797,1135,82042,3
4565.257465030146,1136,82314,6
-11098.197685097839,1137,82395,3
-3142.740716455889,1138,82601,5
21445.617642161764,1139,82762,6
6781.9571486734785,1140,82899,5
20083.448704716768,1141,82961,5
-2504.878454878455,1142,82991,3
-17309.590409590415,1143,83092,3
23238.405463001047,1144,83191,6
-4561.915291665678,1145,83227,3
-9533.602510105995,1146,83281,3
25230.50962673828,1147,83406,6
-7888.238428238428,1148,83455,3
23551.828787631133,1149,83585,6
19873.070284548616,1150,83815,7
-2562.857142857143,1151,83832,3
-3321.63207621412,1152,83998,4
-2173.9994381693286,1153,84108,4
-4283.332177564662,1154,84127,3
9411.76231663074,1155,84272,5
33097.7022676326,1156,84403,7
447.0214303856917,1157,84509,4
16673.215673215673,1158,84571,5
5301.209762459764,1159,84614,4
-7435.114681070564,1160,84656,3
7171.878056042309,1161,84793,5
18402.402458652457,1162,84862,5
22242.556642554307,1163,85017,6
11994.119287575168,1164,85185,6
15152.60017760018,1165,85259,5
-8381.56426906427,1166,85296,3
9555.023531035526,1167,85345,4
41650.941722536154,1168,85582,8
-7744.880952380953,1169,85613,3
-5029.982000283857,1170,85669,3
8336.334404563226,1171,85815,5
-2.6434221093637547,1172,86013,5
39115.21173271173,1173,86097,7
4682.696053516485,1174,86247,5
5817.983908721136,1175,86309,4
24877.06675677264,1176,86358,5
12536.87496735291,1177,86386,4
11081.607142857143,1178,86404,4
12081.849436281476,1179,86664,6
2418.2529806794537,1180,86736,4
9557.778120572237,1181,86818,5
2607.1505281354353,1182,86861,4
-2637.6029526029524,1183,86876,3
12866.374747543476,1184,86949,5
-1916.0714285714284,1185,86961,3
9304.613754324602,1186,87205,6
15281.980380300813,1187,87278,5
-1137.2001566544934,1188,87393,4
8552.610028860025,1189,87424,4
-2657.2741828604835,1190,87434,3
-1396.8459264763414,1191,87618,5
18196.677710632885,1192,87707,5
-3914.1950614744737,1193,87824,4
-800.6424297798557,1194,88119,5
20542.5335616396,1195,88176,5
18129.729649435536,1196,88257,5
-18622.598428403384,1197,88392,3
38077.24246489442,1198,88607,8
22332.503534047653,1199,88701,6
24246.282361429418,1200,88727,5
-9811.036419076281,1201,88804,3
44800.113481289955,1202,88891,7
-7686.005106005106,1203,88925,3
14828.717254967254,1204,88983,5
362.73958476164455,1205,89191,5
12588.305257908587,1206,89300,5
24216.92957777517,1207,89430,6
29611.941583743057,1208,89526,6
-15366.959984459994,1209,89638,3
16682.14285714286,1210,89664,5
37063.03437618452,1211,89793,7
-4049.6536796536793,1212,89816,3
13295.706244238852,1213,89832,4
-4482.113985945255,1214,89955,4
-2690.8928571428573,1215,89969,3
-10228.925734997716,1216,90273,5
24658.372077698703,1217,90364,6
2171.2023833579533,1218,90449,4
-1569.7276334776336,1219,90461,3
2351.1693045516577,1220,90640,5
21828.17155067155,1221,90663,5
33066.832158041776,1222,90708,6
11128.03929300833,1223,90907,6
9700.069403420795,1224,91042,5
-8705.206948624129,1225,91113,3
6150.389709190018,1226,91137,4
15081.205461205458,1227,91230,5
2220.9752555441837,1228,91416,5
14290.051337551336,1229,91505,5
15104.593015773353,1230,91584,5
-25900.929458828065,1231,91868,4
50056.12277886953,1232,92098,8
15705.769629702494,1233,92299,6
-23186.059830617458,1234,92645,5
15011.442443650261,1235,92713,5
10581.747002997003,1236,92746,4
8484.718867733574,1237,92782,4
-13714.282106782108,1238,92851,3
10197.245276223603,1239,92889,4
-3579.041805717502,1240,92902,3
22328.73112998113,1241,92925,5
22594.394771894775,1242,92955,5
-3573.396742146743,1243,92980,3
-9802.042402042402,1244,93027,3
-29.86635590931131,1245,93137,4
14247.041339536463,1246,93258,5
30959.21527946896,1247,93349,6
13059.387842979175,1248,93437,5
9676.906655436065,1249,93543,5
13945.27777777778,1250,93608,5
15249.088726675802,1251,93688,5
-4440.135519150612,1252,93709,3
-1687.0668220668222,1253,93720,3
11408.465007215007,1254,93819,5
24405.345461641886,1255,93943,6
7722.813681416621,1256,93982,4
16678.034259127533,1257,94278,7
3556.1874995059998,1258,94486,5
12360.546189921188,1259,94564,5
6645.093852655773,1260,94717,5
14202.488826962512,1261,94781,5
3966.8201243201256,1262,94936,5
20418.442390942393,1263,94971,5
19773.847957597955,1264,95019,5
25164.767471091,1265,95131,6
27512.857546864907,1266,95241,6
-594.1669441669437,1267,95261,3
41694.81060606059,1268,95349,7
-715.5050505050506,1269,95359,3
18444.142524142524,1270,95411,5
-2184.285714285714,1271,95421,3
16313.333837448883,1272,95537,5
36372.36306015928,1273,95621,6
15487.42257742258,1274,95691,5
4415.932500162377,1275,95779,4
11033.764013764014,1276,95800,4
20117.390889983777,1277,95989,6
-3024.7230981093185,1278,96095,4
13253.085898449668,1279,96204,5
20199.662698412696,1280,96243,5
5625.087820676059,1281,96388,5
32097.801295496705,1282,96515,7
6382.529737288713,1283,96675,5
-636.5352049910865,1284,96765,4
32772.87193091566,1285,96899,7
8817.763209013207,1286,97001,5
58171.90590053242,1287,97151,8
10009.818382338719,1288,97256,5
36116.85881543786,1289,97407,7
15840.439560439556,1290,97485,5
469.70453227056987,1291,97706,5
30563.30028545584,1292,97895,7
23133.346425890933,1293,98031,6
25423.727714279183,1294,98112,6
22825.003052503052,1295,98146,5
24484.19934513521,1296,98286,6
4699.351355728746,1297,98453,5
64841.85190164119,1298,98633,9
-2225.5768097397176,1299,98733,4
15495.830738358358,1300,98837,5
17386.779304589607,1301,99003,6
13271.626735192913,1302,99108,5
-3314.82683982684,1303,99139,3
29488.223775792336,1304,99252,6
4351.571607786776,1305,99322,4
10687.592353466966,1306,99453,5
16372.296510678858,1307,99561,6
34190.79128323515,1308,99756,7
8027.4649859943975,1309,99781,4
-4941.369047619048,1310,99804,3
-14335.625421190434,1311,99907,3
30425.3610620116,1312,100027,6
3661.4957264957266,1313,100114,4
-1296.7197018667605,1314,100146,3
40242.33870296372,1315,100410,9
17836.929267278538,1316,100571,6
13984.876678413495,1317,100642,5
19929.93346930847,1318,100674,5
20505.086851233624,1319,100761,5
20396.270243844374,1320,100816,5
14840.130328477851,1321,100931,5
16612.426086013726,1322,101096,6
11291.893661893664,1323,101180,5
65704.29787364515,1324,101444,10
20786.555250305253,1325,101501,5
15174.209956709958,1326,101568,5
-3281.751049088513,1327,101785,5
12910.818034280594,1328,101970,6
2883.7155899655927,1329,102042,4
9705.750356669474,1330,102169,5
26528.53174603175,1331,102223,6
19876.062617937612,1332,102283,5
29554.087301587304,1333,102303,6
-2719.6288339283683,1334,102404,4
-5040.665584415584,1335,102427,3
-7672.1678040311945,1336,102477,3
15790.491938895235,1337,102561,5
28622.11214451482,1338,102633,6
25414.15284985912,1339,102722,6
22365.506164587045,1340,102750,5
21036.805555555555,1341,102782,5
33941.46043241243,1342,103004,8
-1896.1155511155512,1343,103025,3
-5995.921521289162,1344,103258,5
-5704.596445221445,1345,103280,3
-81.52766394252336,1346,103386,4
9861.980253148982,1347,103431,4
46365.98943883774,1348,103577,8
16932.447650388825,1349,103644,5
34677.27985250044,1350,103747,7
68441.11171508231,1351,103988,11
-4348.481518481519,1352,104006,3
18387.265188129208,1353,104159,6
4401.468862664683,1354,104232,4
40016.83060841059,1355,104481,8
3245.2495096922344,1356,104578,4
24320.456349206346,1357,104599,5
15681.472699771846,1358,104668,5
12281.731737689553,1359,104764,5
-9850.996280263604,1360,105085,5
6475.6992233772435,1361,105251,5
32080.59675081539,1362,105340,6
3797.2610528801306,1363,105512,5
17228.276702470735,1364,105599,5
938.613867212934,1365,105767,5
2756.2439297888227,1366,105921,5
15587.80871132651,1367,106039,5
8605.894453628587,1368,106173,5
14771.476938094585,1369,106253,5
18128.738202157318,1370,106375,6
12737.060163134083,1371,106574,6
-2639.641122766123,1372,106606,3
51119.3277829113,1373,106778,8
3507.7791530365057,1374,106938,5
7573.588170944987,1375,107094,5
25234.059728063025,1376,107246,6
16333.311071677603,1377,107435,6
40244.85249158792,1378,107632,8
10733.333333333334,1379,107642,4
-3347.2650266400265,1380,107653,3
19230.516428016424,1381,107730,5
14628.335653443333,1382,107795,5
8574.660745815932,1383,107857,5
18877.105504789324,1384,107987,6
31302.720057720057,1385,108044,6
21833.236069486065,1386,108090,5
-10258.986815393677,1387,108395,5
14344.755106005105,1388,108493,5
70157.21277062585,1389,108859,11
37819.82843738649,1390,109016,7
36230.21840321477,1391,109074,6
22791.472940357377,1392,109126,5
31540.150747944866,1393,109206,6
28349.435604814844,1394,109566,9
-3522.7733897509484,1395,109818,5
18059.677095380357,1396,109979,6
10683.956254406428,1397,110233,6
16756.960297022266,1398,110471,6
-7621.279819027834,1399,110548,3
28775.23340952134,1400,110590,6
6739.315122427113,1401,110785,6
40122.92526917526,1402,110847,7
16958.527147517085,1403,110916,5
23126.144607026967,1404,110969,5
30979.085661070956,1405,111039,6
23691.964285714286,1406,111058,5
17205.22262702623,1407,111231,6
19697.56588655583,1408,111291,5
20894.960317460314,1409,111325,5
72499.75346474731,1410,111599,11
24076.21502765122,1411,111836,7
37898.261254214456,1412,111967,7
-22824.437914255424,1413,112189,3
20687.504765831007,1414,112263,5
-8236.303448873108,1415,112325,3
51017.68994893995,1416,112507,9
9485.485692072254,1417,112869,7
-4329.253524253524,1418,112895,3
54761.62298485829,1419,113100,10
1371.3600288600296,1420,113167,4
12583.955962338317,1421,113243,5
-8604.08232698674,1422,113422,4
-5975.904571434757,1423,113466,3
25581.957258653845,1424,113609,6
-9309.775818866374,1425,113796,4
-7890.277777777778,1426,113841,3
7732.092352092351,1427,113872,4
18685.96508067097,1428,113925,5
10254.685039332871,1429,114119,6
14386.62242040725,1430,114298,6
13995.932819517417,1431,114485,6
32435.024162741796,1432,114638,7
9524.78599726204,1433,114905,6
35753.16095518688,1434,115036,7
45457.14864684679,1435,115171,8
29646.499645043186,1436,115244,6
54732.148849938596,1437,115331,8
17363.99976193027,1438,115546,6
-3131.6400266400265,1439,115556,3
19953.53105228105,1440,115614,5
20860.806485181485,1441,115652,5
41274.4957340057,1442,115761,7
71140.38809229982,1443,116009,11
41870.41773585892,1444,116197,8
28429.842299307904,1445,116304,6
20690.46097394327,1446,116585,7
13970.492896131109,1447,116772,6
18276.38299200799,1448,116814,5
34866.89264191486,1449,116883,6
-3934.6320346320344,1450,116893,3
20355.832152883242,1451,116951,5
14341.39918625406,1452,117073,5
22493.212209187437,1453,117127,5
22311.26159477889,1454,117417,7
23530.54283679284,1455,117444,5
-8076.011034673965,1456,117588,4
4920.761237670939,1457,117773,5
-8413.789996767935,1458,117954,4
-1627.8145465645462,1459,118026,4
17938.721139971145,1460,118079,5
7187.693061582381,1461,118129,4
14137.573815840191,1462,118220,5
30769.383157906766,1463,118291,6
27691.697111582947,1464,118391,6
22961.16161616162,1465,118412,5
31675.70270733365,1466,118621,7
2810.3278585655107,1467,118762,5
-2771.7261904761904,1468,118778,3
47176.57739136473,1469,118966,8
15319.53615828616,1470,119111,6
17821.77666777667,1471,119173,5
21280.622433122433,1472,119197,5
17967.841186591184,1473,119341,6
20396.462836484126,1474,119582,7
28127.045454545456,1475,119640,6
36666.72091711179,1476,119674,6
10480.493538202396,1477,119829,5
46125.66685292691,1478,119998,8
-1227.0540728633662,1479,120215,5
36965.75791081983,1480,120362,7
17196.47369787076,1481,120434,5
15996.283513183207,1482,120529,5
-3476.6400266400265,1483,120539,3
33052.08333333333,1484,120553,6
-36548.22730205178,1485,120953,4
36567.206347573985,1486,121067,7
25700.721539812108,1487,121264,7
18903.38777235836,1488,121320,5
9849.71790507394,1489,121438,5
34291.15818413611,1490,121513,6
17659.91182621987,1491,121690,6
37171.01364150126,1492,121821,7
57693.88643455786,1493,122019,9
31720.336297689242,1494,122200,8
14159.251948459858,1495,122338,5
30359.702380952378,1496,122360,6
17450.78282828283,1497,122407,5
21685.310326927975,1498,122444,5
14810.592879342876,1499,122531,5
32477.86435786436,1500,122568,6
23723.59321770907,1501,122776,7
20681.580003113373,1502,122969,7
-3265.581869111282,1503,123150,5
12072.54418254903,1504,123288,5
-7483.214285714285,1505,123329,3
14187.132034632034,1506,123386,5
4926.814532767975,1507,123552,5
-2697.7380952380954,1508,123564,3
-8285.373792873794,1509,123592,3
11951.292547321958,1510,123664,5
8432.90086139351,1511,123707,4
23047.440476190477,1512,123725,5
21311.174242424244,1513,123762,5
22951.458818958818,1514,123830,6
-2840.8024831205944,1515,123842,3
51952.50474009056,1516,124111,9
24203.987993206607,1517,124334,7
31619.69480257819,1518,124642,8
22446.004012327543,1519,124695,5
26357.010517899267,1520,124921,7
6592.838363327494,1521,124957,4
17745.05300663389,1522,125021,5
6151.663476892679,1523,125128,5
-1978.3239799416247,1524,125235,4
10031.79251304251,1525,125259,4
-2965.178155178155,1526,125283,3
22061.71680851828,1527,125355,5
-2604.336601865628,1528,125452,4
8993.484033943652,1529,125483,4
6675.363184604842,1530,125655,5
10024.781052281052,1531,125680,4
32164.228524743234,1532,125726,6
-1729.8232323232323,1533,125744,3
16449.639013246662,1534,125857,5
32579.153815310954,1535,126020,7
18799.57944918858,1536,126074,5
21739.1323953824,1537,126118,5
-2191.1899211899213,1538,126135,3
-3383.2289932289927,1539,126167,3
1197.111788280518,1540,126240,4
22039.670246978683,1541,126382,6
20242.513132292544,1542,126424,5
23907.14847652347,1543,126579,7
14261.3671051171,1544,126641,5
22395.423881673883,1545,126676,5
15861.829004329002,1546,126743,5
52946.7446238402,1547,126845,8
38814.19262110437,1548,127033,8
13019.833855944536,1549,127148,5
19993.264455695065,1550,127256,5
17413.374414543145,1551,127306,5
4922.043136387175,1552,127468,5
153.50267597575476,1553,127552,4
38839.64229741706,1554,127691,7
40931.54761904762,1555,127724,7
19034.583333333332,1556,127772,5
25737.121865819467,1557,127867,6
5601.89393939394,1558,127903,4
8522.070408092079,1559,127996,5
16338.463064713065,1560,128053,5
75378.69764097569,1561,128239,11
24660.110771581363,1562,128329,6
17824.242391595333,1563,128388,5
-1552.4657287157288,1564,128399,3
18586.087987305098,1565,128451,5
8481.659794295156,1566,128625,5
28689.502715421833,1567,128775,7
24263.20395806464,1568,128891,6
-5955.238095238095,1569,128917,3
-1929.072355233344,1570,129034,4
20867.321428571428,1571,129055,5
30404.671398862578,1572,129139,6
-1436.4285714285713,1573,129158,3
13582.41828003438,1574,129280,5
4617.366885565414,1575,129344,4
35588.47056954726,1576,129705,9
20675.535714285714,1577,129729,5
17514.492186492032,1578,130004,7
31834.83269589887,1579,130079,7
17802.885443804556,1580,130139,5
-1562.0483111659603,1581,130230,4
7277.782217782219,1582,130284,4
16961.023616905975,1583,130387,5
22143.4593850422,1584,130420,5
-5391.599650349651,1585,130452,3
9319.972388722388,1586,130534,5
14148.732274132813,1587,130710,6
30082.254836666598,1588,130792,6
18649.429860618882,1589,130862,5
-2471.845238095238,1590,130877,3
54253.918026418025,1591,130973,8
2935.683207401468,1592,131102,5
9247.031024531025,1593,131124,4
15875.054806304805,1594,131157,5
-6541.80402930403,1595,131258,4
18586.911976911975,1596,131291,5
20186.666666666664,1597,131310,5
21957.105394605398,1598,131340,5
30764.31004491352,1599,131577,7
25611.1226967477,1600,131697,6
8320.763195138195,1601,131728,4
-14919.353139980076,1602,131832,3
-5561.098276723276,1603,131875,3
38028.94586318843,1604,132038,8
11813.518685021174,1605,132159,5
25465.83466647581,1606,132287,6
24699.4061382374,1607,132403,6
1344.8268088233099,1608,132503,4
12666.658549783553,1609,132583,5
-12887.53746253746,1610,132666,3
28013.453629703632,1611,132738,6
19740.76372629779,1612,132817,5
872.8649446528705,1613,132850,3
6036.850233100232,1614,132903,4
51060.45630882706,1615,133093,9
-1550.4739704739704,1616,133103,3
58152.794924278634,1617,133198,8
-16299.075776519665,1618,133315,3
2404.7837579087573,1619,133380,4
33327.84165181224,1620,133451,6
59585.34139471639,1621,133594,9
8825.256142206603,1622,133706,5
53963.53929567166,1623,133833,8
-1327.8174603174602,1624,133844,3
2385.8027361355535,1625,133920,4
21304.435703185703,1626,133942,5
21364.440975690974,1627,133984,5
18154.28571428571,1628,134040,5
11524.804974437326,1629,134063,4
17994.716944562148,1630,134114,5
5206.243127787247,1631,134166,4
-683.6296920189488,1632,134394,5
20608.620546120546,1633,134425,5
17484.20267232767,1634,134455,5
9391.266788766789,1635,134484,4
31874.20904589718,1636,134591,6
11204.115122493606,1637,134738,5
6734.667387351213,1638,134893,5
49180.62694293153,1639,135067,8
80585.83271647514,1640,135226,11
19249.433621933622,1641,135252,5
-3107.655677655678,1642,135263,3
20022.192048147932,1643,135367,6
-3137.3268398268397,1644,135380,3
12306.230408952932,1645,135478,5
15786.828916994918,1646,135565,5
14695.826567653194,1647,135619,5
19279.450974391293,1648,135654,5
14273.089965589965,1649,135731,5
-2184.285714285714,1650,135741,3
18471.639574091205,1651,135814,5
42436.07617464236,1652,135984,8
30528.16364191364,1653,136058,6
20610.01082251082,1654,136084,5
14292.286626986706,1655,136244,6
18093.736263736264,1656,136303,5
25594.675116550115,1657,136387,6
68546.06677231737,1658,136481,9
13386.136363636364,1659,136550,5
22556.961094461094,1660,136582,5
30802.90569488131,1661,136660,6
26421.470457217358,1662,136760,6
24941.654374653233,1663,136895,6
15034.500381154796,1664,137158,7
12690.118558902539,1665,137262,5
17245.195686666277,1666,137329,5
14901.628857253856,1667,137415,5
10433.34373959374,1668,137440,4
15487.313650831447,1669,137630,6
18316.529581529583,1670,137681,5
20799.96697746698,1671,137729,5
38375.539274957184,1672,137878,7
27625.486596736602,1673,137978,6
19639.463869463878,1674,138022,5
8572.563633476946,1675,138182,5
23636.50030116942,1676,138216,5
22198.326220563067,1677,138252,5
21774.30104209516,1678,138290,5
20918.0617993118,1679,138328,5
58389.61431134225,1680,138417,8
8546.442057899101,1681,138574,5
52169.29175142023,1682,138671,8
18567.5516945215,1683,138751,5
8522.019022644025,1684,138903,5
47755.36889728554,1685,139031,8
6586.562839465311,1686,139098,4
15217.777777777776,1687,139130,5
22480.81161209156,1688,139198,5
20158.699191245632,1689,139255,5
20483.113969363967,1690,139307,5
31869.807553557548,1691,139390,6
-2905.3662881236414,1692,139401,3
30031.216941021637,1693,139606,7
19544.733044733046,1694,139649,5
30926.239655597245,1695,139711,6
29987.498161453288,1696,139895,7
14516.309523809525,1697,139953,5
41023.24178874102,1698,140074,7
22263.913027332143,1699,140103,5
65479.546425796434,1700,140266,10
-4249.291108788011,1701,140363,4
18698.41579301332,1702,140424,5
41010.38877788877,1703,140507,7
32203.661560168493,1704,140587,6
22574.84726831476,1705,140718,6
-1145.8886382813735,1706,140863,4
77226.55327896628,1707,141234,12
14737.316029558679,1708,141321,5
21323.489439482084,1709,141370,5
6469.425713175717,1710,141413,4
36415.41011015764,1711,141485,6
19561.470473970476,1712,141526,5
15079.019187763966,1713,141621,5
35461.580682389496,1714,141680,6
-2779.4444444444443,1715,141698,3
1280.0209933685162,1716,141770,4
11486.95686215229,1717,141818,4
5954.769882894884,1718,141863,4
23607.00702075702,1719,141886,5
-3062.2741828604835,1720,141897,3
31399.420718170713,1721,141922,6
55431.44210794365,1722,142027,8
24934.947541278812,1723,142145,6
23361.22516372516,1724,142181,5
19366.085668717245,1725,142210,5
44558.14033189035,1726,142345,8
49287.64633801011,1727,142464,8
39158.39749088202,1728,142582,7
19776.177086802087,1729,142628,5
38292.873062395134,1730,142755,7
22791.09899001927,1731,142799,5
-257.2337930387458,1732,142885,4
1885.1310939849097,1733,142976,4
20753.26611511983,1734,143029,5
-2196.7796373770257,1735,143137,4
73627.8756803912,1736,143330,10
10123.04292929293,1737,143363,4
-6420.095182595183,1738,143404,3
34530.146471175874,1739,143482,6
1434.4044844044845,1740,143496,3
22548.093434343435,1741,143524,5
24015.555555555555,1742,143558,5
104401.22445021436,1743,143735,12
7645.970904095901,1744,143854,5
7130.507965976233,1745,143897,4
34295.68452380953,1746,143919,6
13751.734865060533,1747,144054,5
16647.66233766234,1748,144099,5
36165.79413147912,1749,144215,7
31477.4266011766,1750,144256,6
-5788.795964956957,1751,144303,3
21198.431901174165,1752,144344,5
-161.72746371275417,1753,144442,4
28534.351481851478,1754,144502,6
8173.55013042513,1755,144550,4
-3327.655677655678,1756,144560,3
17503.787878787884,1757,144608,5
22191.06768231768,1758,144632,5
20154.625125691306,1759,144675,5
30453.557576614094,1760,144778,6
-969.2857142857144,1761,144788,3
21802.76975475505,1762,144845,5
1324.0138129843997,1763,144944,4
49739.02673715175,1764,145050,8
22452.346681096682,1765,145076,5
17641.496003996002,1766,145114,5
22965.60522810523,1767,145140,5
23487.404775307255,1768,145282,6
5928.6239238058115,1769,145307,4
46373.50957227479,1770,145511,8
-11.855016300685293,1771,145599,4
18821.377544024603,1772,145661,5
20545.833333333332,1773,145671,5
59839.746654489296,1774,145749,8
-8406.917388167387,1775,145789,3
36234.621395761096,1776,145824,6
-3062.2741828604835,1777,145835,3
21026.03361421859,1778,145889,5
32092.554112554117,1779,145938,6
50898.44447219447,1780,146015,8
16515.485764235764,1781,146090,5
14115.125719598802,1782,146180,5
31384.38860975625,1783,146311,7
31877.647213897213,1784,146368,6
26891.247193638836,1785,146465,6
12866.64224664225,1786,146558,5
59286.583822498076,1787,146726,9
21085.47584360084,1788,146769,5
-7031.753524253525,1789,146805,3
39788.14242946597,1790,146905,7
32186.00385725386,1791,147037,7
18766.28769276669,1792,147149,5
67098.02320228794,1793,147289,9
117800.97670797553,1794,147524,15
24820.35570638512,1795,147640,6
4181.7741286491355,1796,147789,5
6112.288724347548,1797,147844,4
23580.316350316352,1798,147882,5
19842.190805195834,1799,147945,5
32054.781984871,1800,148097,7
41988.53562158516,1801,148159,7
31666.8466781999,1802,148205,6
60434.194025788434,1803,148344,9
38602.76235273678,1804,148462,7
17984.89815739816,1805,148539,5
-4554.761904761905,1806,148554,3
26063.804871598983,1807,148644,6
12860.82042957043,1808,148744,5
55539.94429812833,1809,148908,9
32482.923619208446,1810,148969,6
10656.40331890332,1811,148999,4
21701.28094128094,1812,149027,5
21444.84126984127,1813,149047,5
36902.068001443,1814,149134,7
37442.13624202594,1815,149235,7
10847.678016428015,1816,149331,5
21902.70412593943,1817,149383,5
24390.43179043179,1818,149466,6
1388.3723302840967,1819,149623,5
-33.838383838383834,1820,149634,3
15510.77685687206,1821,149700,5
20094.318181818184,1822,149736,5
45838.16791932697,1823,149804,7
20615.66905618536,1824,149849,5
5737.6375421963685,1825,149888,4
5878.603357426889,1826,150012,5
-12685.009088134086,1827,150104,3
-9293.27840015685,1828,150191,3
-3602.8174603174607,1829,150210,3
19820.833333333336,1830,150234,5
4247.05154945674,1831,150486,6
39780.47807244653,1832,150613,7
2902.1215007902306,1833,150675,4
-5528.534610814025,1834,150796,4
30979.470590683828,1835,150857,6
-268.50140013065834,1836,151050,5
9449.98702278114,1837,151065,4
-6817.948301698302,1838,151094,3
30172.557932506625,1839,151196,6
43581.81796896775,1840,151265,7
21564.05733155733,1841,151305,5
19602.559523809527,1842,151348,5
-19167.307653394535,1843,151635,4
9702.560356310352,1844,151711,5
22496.033272283275,1845,151763,5
8543.67126400282,1846,151834,4
6413.313492063492,1847,151870,4
19296.287274863374,1848,151967,5
17509.207042957045,1849,152008,5
-11524.68617649009,1850,152091,3
32182.13141025642,1851,152167,6
30331.506955806482,1852,152382,8
8163.942964715025,1853,152520,5
-1764.0732878232886,1854,152604,4
-8969.28666556182,1855,152658,3
16039.450378053323,1856,152707,5
-5001.847904417565,1857,152749,3
52867.07251082251,1858,152807,8
-2181.2114837347062,1859,152923,4
39155.17773361418,1860,153036,7
21455.6727994228,1861,153060,5
13395.184557659397,1862,153175,5
-4595.418809132045,1863,153196,3
20572.890997890998,1864,153254,5
22225.220196470196,1865,153278,5
39859.94138214728,1866,153331,7
30446.881795964615,1867,153409,6
23125.416666666664,1868,153430,5
8651.72077922078,1869,153457,4
52735.0582241303,1870,153650,9
17118.328142875354,1871,153776,5
28015.327172827176,1872,153843,6
33508.4126984127,1873,153870,6
19394.240147107794,1874,153921,5
19176.284521049474,1875,153984,5
31181.443685743223,1876,154045,6
17834.390163724194,1877,154155,5
53491.26978370787,1878,154234,8
47307.928386328145,1879,154372,8
9362.898555263106,1880,154409,4
30737.410228660236,1881,154491,6
2753.548058408741,1882,154531,4
-2746.1039315431726,1883,154551,3
9834.439857258523,1884,154702,5
24447.331401333377,1885,154915,7
48682.58131595787,1886,155089,8
-1281.7859917859914,1887,155110,3
31147.83020084491,1888,155170,6
37481.30265567766,1889,155262,7
1199.0126540126516,1890,155313,4
21721.618381618384,1891,155348,5
23166.615047534164,1892,155368,5
16098.823619191266,1893,155533,6
35133.01046176047,1894,155601,7
17220.832570207567,1895,155661,5
-1622.853329805733,1896,155791,4
-4485.101010101011,1897,155825,3
31134.25466690172,1898,155912,6
42279.70357257122,1899,155974,7
16484.353570490257,1900,156161,6
5315.429279995588,1901,156228,4
60434.89480168245,1902,156317,8
45239.08147408148,1903,156367,7
41718.286435786446,1904,156444,7
20672.376928626927,1905,156487,5
23960.443722943728,1906,156506,5
39176.76499753221,1907,156649,7
35696.47587944507,1908,156839,7
32559.833531621458,1909,156888,6
18879.79534775697,1910,156976,5
21248.86437908497,1911,156996,5
9829.667277167278,1912,157112,5
51984.80814972179,1913,157256,8
35944.09764255353,1914,157290,6
3709.117002120011,1915,157468,5
12330.432866497114,1916,157682,6
19427.402597402597,1917,157728,5
17938.944304534474,1918,157806,5
9188.53367865365,1919,157852,4
19282.82106030365,1920,158076,7
16835.18692966297,1921,158160,5
26335.4237760004,1922,158271,6
20456.399156399155,1923,158311,5
-1494.2460317460318,1924,158325,3
20968.214285714286,1925,158340,5
41063.45674084258,1926,158432,7
43683.89818875894,1927,158641,8
8323.955072302899,1928,158676,4
20071.254966224,1929,158732,5
2055.7314254373073,1930,158786,4
22141.879509379512,1931,158821,5
44003.69359506163,1932,158908,7
-2850.1076741885568,1933,158918,3
22555.95238095238,1934,158939,5
-1220.0434738979632,1935,159014,4
-4388.673516885591,1936,159053,3
15444.63650748527,1937,159277,6
13105.612913703086,1938,159316,4
44869.40947382511,1939,159371,7
59333.91760093193,1940,159542,9
-4451.038961038961,1941,159565,3
-3871.637446755337,1942,159671,4
26890.859140859142,1943,159732,6
22452.261904761905,1944,159748,5
11149.932918388802,1945,159854,5
18839.34613997114,1946,159905,5
10521.94539937187,1947,159924,4
20783.619574869575,1948,159954,5
21713.20210924565,1949,160010,5
-8595.793724649291,1950,160073,3
-10385.29913713737,1951,160144,3
32306.5188977689,1952,160177,6
8389.785252801896,1953,160355,6
4849.018759018758,1954,160414,4
10516.87625626867,1955,160448,4
21737.79761904762,1956,160466,5
21912.5,1957,160479,5
22958.214285714286,1958,160494,5
30673.0775506743,1959,160556,6
28659.573729504074,1960,160664,6
47358.159112774054,1961,160721,7
30959.852941176472,1962,160739,6
20184.745115995116,1963,160771,5
31177.855339105343,1964,160828,6
20819.79703276338,1965,161027,6
73338.63565678387,1966,161188,10
60500.06037671478,1967,161264,8
22924.946236683856,1968,161308,5
19240.662393162394,1969,161367,5
5470.756475636506,1970,161440,4
6238.567498463008,1971,161491,4
42042.68492377188,1972,161555,7
-4187.084924879043,1973,161588,3
25991.98910566558,1974,161677,6
20087.290961747232,1975,161752,5
22001.44555693703,1976,161836,5
26839.419012789756,1977,161922,6
19899.78826728827,1978,161965,5
15831.766725921141,1979,162035,5
1494.7966007011692,1980,162126,4
17975.050296925292,1981,162185,5
23124.19191919192,1982,162205,5
-6884.060037185038,1983,162256,3
13911.85051060051,1984,162330,5
51818.54797979799,1985,162422,8
7169.821428571429,1986,162446,4
7868.79634254634,1987,162493,4
-8576.3657373758,1988,162557,3
20815.178571428572,1989,162590,5
21937.26190476191,1990,162607,5
33975.77865890559,1991,162652,6
15817.401340489574,1992,162723,5
22531.309523809523,1993,162742,5
20580.992063492064,1994,162775,5
40989.72946437683,1995,162908,7
-3530.595238095238,1996,162924,3
-3195.9575518650595,1997,162939,3
21912.11538461538,1998,162951,5
14783.25258075258,1999,163018,5
65507.678204148804,2000,163114,9
24611.41402478671,2001,163331,7
5460.079365079366,2002,163369,4
43134.66366236103,2003,163475,7
35310.959906106975,2004,163596,7
22938.629287379288,2005,163622,5
8189.10760077556,2006,163739,5
-5035.324397824398,2007,163762,3
3952.9108391608397,2008,163813,4
4677.896698889344,2009,163848,4
56955.221511505486,2010,163980,8
33594.12920412921,2011,164023,6
20366.817765567765,2012,164054,5
18684.641469641472,2013,164125,5
32774.4246031746,2014,164164,6
17676.135442233848,2015,164205,5
46006.605860599666,2016,164388,8
-7579.59595959596,2017,164421,3
20173.492848310965,2018,164602,7
33122.14045736685,2019,164737,7
1361.267433546845,2020,164816,4
36297.731029290626,2021,164929,7
22776.80735930736,2022,164943,5
20625.254120879115,2023,164967,5
32057.952602952588,2024,165086,7
18123.165461988996,2025,165160,5
10007.054934444643,2026,165203,4
3642.8795067591514,2027,165355,5
45093.19677871149,2028,165396,7
36855.463530496294,2029,165447,6
23713.53896103896,2030,165476,5
32824.85743015154,2031,165519,6
7961.723172954834,2032,165542,4
-2285.6962481962482,2033,165554,3
-4996.629920002599,2034,165573,3
35045.55710221151,2035,165630,6
8685.510488823184,2036,165674,4
65005.386013382384,2037,165810,9
22773.333333333332,2038,165824,5
51702.59733043015,2039,165911,8
41077.669572644416,2040,165988,7
31568.605861802458,2041,166050,6
54043.23903220963,2042,166164,8
-6731.412337662338,2043,166201,3
23247.042296835843,2044,166250,5
-6041.898329353824,2045,166296,3
-1666.3961038961038,2046,166310,3
20514.285714285714,2047,166336,5
21070.789720900015,2048,166386,5
68640.97789016258,2049,166522,9
11156.93431568432,2050,166635,5
23906.435786435788,2051,166655,5
5850.535103441446,2052,166702,4
-3330.9605100781573,2053,166716,3
12465.853174603177,2054,166743,4
-2355.0595238095234,2055,166756,3
23816.441197691198,2056,166780,5
8615.473676650152,2057,166883,5
10454.940476190477,2058,166900,4
42258.794860110655,2059,167138,9
13818.772889692007,2060,167218,5
20220.272975863147,2061,167267,5
18627.06376956377,2062,167312,5
61046.99709627467,2063,167468,9
-7609.977983832474,2064,167513,3
10453.250332053416,2065,167631,5
31448.35004735547,2066,167685,6
32119.450242954495,2067,167746,6
22755.696248196247,2068,167768,5
50335.643922576084,2069,167959,8
21661.764763014762,2070,167985,5
31675.247240002183,2071,168053,6
-5508.568098568099,2072,168092,3
34150.59170404758,2073,168128,6
36358.75594177065,2074,168164,6
21859.546564546567,2075,168200,5
22970.459994726636,2076,168222,5
35033.89444662664,2077,168286,6
44573.81174381175,2078,168330,7
23004.906204906205,2079,168359,5
19951.386183261184,2080,168399,5
-2481.677558552559,2081,168439,3
19836.607142857145,2082,168476,5
2120.4428904428887,2083,168545,4
21279.6626984127,2084,168568,5
32952.84673659674,2085,168613,6
22440.77313209666,2086,168654,5
288.93495393495175,2087,168741,4
23581.445151640586,2088,168774,5
8814.651112776113,2089,168808,4
29673.66630269455,2090,168904,6
19761.673698033996,2091,168968,5
19884.544700225815,2092,169047,5
20421.13759606406,2093,169110,5
-5233.2733932733945,2094,169145,3
76460.87383613118,2095,169308,10
25750.606906684945,2096,169346,5
-7365.182306513576,2097,169394,3
19156.279262103566,2098,169437,5
89614.11661521089,2099,169555,11
22629.03779055482,2100,169579,5
653.3620546120558,2101,169634,4
-4778.159433598959,2102,169802,4
20457.051698301697,2103,169838,5
21757.358030537413,2104,169907,5
58552.67964062081,2105,169984,8
15160.636206114148,2106,170073,5
23024.19413919414,2107,170090,5
24909.84432234432,2108,170180,6
18721.249999999996,2109,170222,5
27670.867581645736,2110,170397,6
-2011.9588744588743,2111,170408,3
11436.865291571174,2112,170426,4
17640.93478417008,2113,170520,5
10036.269841269841,2114,170538,4
18614.107142857145,2115,170557,5
31313.50108225108,2116,170595,6
24263.294381272324,2117,170624,5
11159.523809523807,2118,170685,5
35602.34099234099,2119,170727,6
21680.70013792537,2120,170787,5
17779.383329089214,2121,170843,5
22510.94436609143,2122,170982,6
22794.88816738817,2123,171008,5
29091.248289893792,2124,171054,6
42358.759711865365,2125,171202,8
10353.00394007437,2126,171234,4
32595.84110334111,2127,171263,6
5127.0126049224855,2128,171328,4
-4384.372294372294,2129,171355,3
44321.36793761794,2130,171415,7
44229.20580002734,2131,171546,7
-5944.115893566358,2132,171592,3
22633.969225219225,2133,171622,5
22099.166666666668,2134,171641,5
19406.449340824598,2135,171691,5
45847.606938555095,2136,171792,7
-7842.9317904317895,2137,171841,3
1699.7284681263034,2138,171913,4
19415.427058598212,2139,172030,6
-7020.619241869243,2140,172074,3
44454.31484365308,2141,172150,7
43273.662550684625,2142,172207,7
-7269.652847152847,2143,172250,3
35591.03794081735,2144,172342,7
17303.98781773782,2145,172388,5
16796.011904761905,2146,172410,5
20509.166666666668,2147,172422,5
24553.604312354313,2148,172452,5
20839.527000777,2149,172478,5
33413.57142857143,2150,172505,6
70267.13562989299,2151,172710,10
30773.46011831306,2152,172781,6
17391.439075630264,2153,172852,5
17696.309523809523,2154,172895,5
8688.73286156568,2155,172910,4
30303.58271028376,2156,172983,6
24618.9072039072,2157,173063,6
36689.6947945845,2158,173114,6
6798.201659451659,2159,173145,4
18748.242937073108,2160,173240,5
25161.085577004695,2161,173326,6
10991.349225464945,2162,173436,5
8831.179653679652,2163,173462,4
20623.39285714286,2164,173484,5
13410.53794653059,2165,173599,5
10927.494498965085,2166,173685,5
-4691.433472621738,2167,173713,3
18100.533050716356,2168,173760,5
10292.459722939602,2169,173881,5
32103.15036270919,2170,173937,6
33340.03968253968,2171,173968,6
29403.510823971355,2172,174012,6
18354.15164900459,2173,174136,6
77662.08374958373,2174,174251,10
25071.16904337493,2175,174329,6
32418.695454871926,2176,174389,6
15928.433510933515,2177,174461,5
-2317.6728826728827,2178,174474,3
23131.903384712976,2179,174634,6
35603.124207663685,2180,174742,7
61405.61949041295,2181,174943,9
24140.72401884321,2182,174980,5
-9243.030695775935,2183,175059,3
52584.04498279497,2184,175145,8
7700.853274539133,2185,175170,4
24489.78244751464,2186,175285,6
-1479.8812298812297,2187,175302,3
9222.05286979813,2188,175366,4
79338.85496447996,2189,175517,10
15829.265623652233,2190,175603,5
-1439.3502331002342,2191,175690,4
44141.934038184045,2192,175753,7
30810.034227332093,2193,175871,6
-4231.25,2194,175897,3
21606.865079365078,2195,175915,5
24832.743514870064,2196,176034,6
32963.116328116324,2197,176079,6
7560.237401487401,2198,176109,4
6241.089715023539,2199,176164,4
11951.317355245374,2200,176261,5
45506.42634734546,2201,176342,7
5367.659260673964,2202,176466,5
19811.298113651057,2203,176529,5
2367.1967493291,2204,176599,4
-6363.828393828395,2205,176636,3
33260.70707070707,2206,176693,6
17253.749326009387,2207,176781,5
42102.038957774246,2208,176887,7
19990.3334818776,2209,176929,5
9457.41341132208,2210,176956,4
51046.70314034091,2211,177086,8
72601.42870459436,2212,177211,10
32796.86592303466,2213,177281,6
20674.334415584413,2214,177309,5
25440.913114663126,2215,177391,6
42646.5390715236,2216,177515,8
21881.50839508004,2217,177570,5
21209.264549762767,2218,177611,5
11687.245670995671,2219,177636,4
5896.597592079403,2220,177713,4
-3250.289751098573,2221,177799,4
-7277.712944613604,2222,177883,3
6520.4954337887775,2223,178008,5
19871.579897141037,2224,178055,5
-6019.590446318387,2225,178079,3
-2183.3640664890668,2226,178104,3
32389.50229208356,2227,178211,6
27601.08118189,2228,178325,6
19822.30117105117,2229,178373,5
-12312.762136169644,2230,178451,3
18959.56349206349,2231,178479,5
34135.31044935457,2232,178578,7
23841.876456876456,2233,178602,5
48529.21618156525,2234,178674,7
-485.63089688089724,2235,178744,4
51134.45229969698,2236,178831,8
36517.13825189521,2237,178974,7
-5329.604978354978,2238,178998,3
29927.543012543014,2239,179054,6
7548.214285714284,2240,179087,4
21062.90279165279,2241,179135,5
20772.849927849926,2242,179185,5
16010.977910977912,2243,179264,5
3289.099927849929,2244,179333,4
5257.453102453102,2245,179378,4
-10009.849886525584,2246,179432,3
22217.311552826257,2247,179491,5
22103.28256302521,2248,179512,5
39164.62601897586,2249,179621,7
60784.30133428477,2250,179807,9
8040.297619047618,2251,179885,5
31049.840992340985,2252,179931,6
50619.163322487635,2253,180127,9
-4981.042152292152,2254,180149,3
23241.36162040574,2255,180198,5
-4011.428571428571,2256,180213,3
27226.300088800086,2257,180285,6
3401.8999954294068,2258,180331,4
5195.692640692642,2259,180366,4
41617.932265747666,2260,180486,7
40383.15621878121,2261,180578,7
13586.817275861391,2262,180647,5
30416.70634920635,2263,180673,6
8459.04761904762,2264,180694,4
23177.147074635945,2265,180777,5
12412.332226811719,2266,180813,4
21373.051470588234,2267,180830,5
19567.777777777777,2268,180864,5
7673.588633159071,2269,180908,4
22429.755938505936,2270,180938,5
29713.76504429524,2271,180988,6
20683.569763569765,2272,181028,5
18964.477947448147,2273,181088,5
41894.54236531441,2274,181195,7
22150.000416250412,2275,181223,5
-7358.5653235653235,2276,181260,3
72906.01010466143,2277,181403,10
25369.448566784096,2278,181439,5
30334.67047744137,2279,181510,6
-8314.610389610389,2280,181555,3
-12342.494172494171,2281,181631,3
55075.887307137295,2282,181701,8
23942.68793298205,2283,181805,6
31912.79456611501,2284,181855,6
13212.56959369096,2285,181972,5
20484.720275639393,2286,182026,5
20319.608447108443,2287,182061,5
17417.497755512464,2288,182117,5
-8582.774725274727,2289,182156,3
1618.675587828063,2290,182234,4
22783.281332530554,2291,182398,6
-3820.646053293112,2292,182433,3
15693.01863368979,2293,182526,5
31079.9025974026,2294,182556,6
16930.725940725937,2295,182612,5
22364.779079709424,2296,182669,5
23750.379399585923,2297,182688,5
16716.81474595087,2298,182742,5
24692.072804216765,2299,182912,7
44837.531848096856,2300,183028,7
7162.73754023754,2301,183070,4
-1677.856587856588,2302,183084,3
13609.626362199893,2303,183164,5
12116.223929831327,2304,183313,5
23113.538961038957,2305,183340,5
47244.89553940211,2306,183418,7
23616.865079365078,2307,183439,5
8726.718624512743,2308,183556,5
-7095.950577200578,2309,183598,3
101746.78078199751,2310,183850,13
9207.795190920191,2311,183953,5
15891.120117627472,2312,184033,5
23259.330805288624,2313,184068,5
32689.16111666112,2314,184110,6
90764.9345620989,2315,184293,11
-4313.392857142857,2316,184313,3
3455.455377955379,2317,184442,5
41131.40623716667,2318,184568,7
-7081.086511527688,2319,184601,3
17527.21694971695,2320,184631,5
12130.607659248964,2321,184653,4
19411.150793650795,2322,184692,5
-3544.700230325231,2323,184786,4
-5841.396103896103,2324,184812,3
34696.87395937396,2325,184849,6
-2701.843018093018,2326,184865,3
7143.199855699856,2327,184903,4
46165.54149217654,2328,184996,7
-3702.2119166485836,2329,185172,5
3286.484125609511,2330,185238,4
20413.274379129645,2331,185278,5
13258.45931845932,2332,185301,4
27547.45904422375,2333,185393,6
27240.212203741277,2334,185506,6
8388.500177582995,2335,185606,5
-13345.563325563322,2336,185693,3
29391.354537490366,2337,185777,6
31409.292593371545,2338,185949,7
28440.05383505383,2339,185999,6
45363.33808285947,2340,186122,7
30575.650807525806,2341,186176,6
25144.033744033743,2342,186205,5
24490.9145021645,2343,186244,5
-2665.70165945166,2344,186262,3
-7574.56043956044,2345,186302,3
3163.071211414107,2346,186361,4
-5525.324675324675,2347,186385,3
32669.811299811292,2348,186431,6
20540.19744617268,2349,186498,5
23222.30201171378,2350,186537,5
36916.6205900223,2351,186641,7
19255.515873015873,2352,186667,5
19123.373619199854,2353,186735,5
-2771.9826741885568,2354,186746,3
43711.547757797765,2355,186807,7
5449.392127480362,2356,186851,4
21051.155511155514,2357,186907,5
13763.749973796412,2358,186951,5
23469.67021540551,2359,187067,6
21139.931457431456,2360,187103,5
22650.99167516351,2361,187177,5
-4450.141525141526,2362,187203,3
41546.624405006754,2363,187298,7
18643.054861804863,2364,187349,5
-2823.690476190476,2365,187361,3
20477.092406432577,2366,187415,5
18007.43172548126,2367,187476,5
17135.505651898842,2368,187562,5
-4323.888333888333,2369,187589,3
49154.99604562104,2370,187632,7
36168.891631674145,2371,187737,7
-4882.102203352204,2372,187767,3
35161.48046398046,2373,187894,7
6902.395243645242,2374,187938,4
29615.545288045287,2375,187998,6
32537.806905856443,2376,188060,6
22605.176906426906,2377,188090,5
-15359.065738183384,2378,188185,3
25846.008158508164,2379,188225,5
17049.05691530691,2380,188288,5
-9738.197219447218,2381,188360,3
-3292.220051988144,2382,188472,4
5477.045870795871,2383,188519,4
2286.8682366824783,2384,188602,4
49858.41341858176,2385,188729,8
49797.110801779905,2386,188858,8
10432.139918904626,2387,188879,4
37190.98195717213,2388,188936,6
19590.76897689514,2389,189015,5
29007.005825486864,2390,189115,6
4332.261904761903,2391,189148,4
6456.741028579265,2392,189307,5
297.753325965399,2393,189503,5
-4060.656565656566,2394,189524,3
53103.02342974363,2395,189669,8
22411.629204129204,2396,189706,5
21560.23872369461,2397,189764,5
17042.723914626527,2398,189845,5
-7565.630444546855,2399,189908,3
21141.74062049062,2400,189926,5
33004.350926850915,2401,189980,6
35097.93609168609,2402,190013,6
23334.096875346873,2403,190029,5
16961.935559280762,2404,190090,5
37213.427048312886,2405,190134,6
16117.311269741609,2406,190213,5
19384.40824884946,2407,190271,5
21987.276824482706,2408,190320,5
20466.257284382285,2409,190369,5
35100.014430014424,2410,190411,6
18568.542647368115,2411,190485,5
30852.120910135614,2412,190555,6
1963.011677864623,2413,190648,4
19238.535671844493,2414,190711,5
25742.423404768608,2415,190822,6
23500.504543615996,2416,190871,5
21838.24855699856,2417,190907,5
31713.809365299305,2418,190975,6
35068.10647685648,2419,191010,6
27414.651875901876,2420,191066,6
9321.875327974403,2421,191202,5
30928.886742342624,2422,191267,6
23134.004435107378,2423,191286,5
11858.750617717336,2424,191365,5
19331.690115440113,2425,191399,5
25980.396201021205,2426,191479,6
-3503.457571839925,2427,191512,3
-4954.444444444444,2428,191541,3
42989.83771542655,2429,191638,7
19413.9880952381,2430,191674,5
9256.874098124095,2431,191688,4
-5208.057636807636,2432,191723,3
20586.312910945268,2433,191774,5
49593.344131358834,2434,191896,8
49089.38480522149,2435,192117,8
13573.351730828512,2436,192181,5
12035.93457991097,2437,192406,6
51951.49801587301,2438,192472,8
-3400.12987012987,2439,192487,3
20179.00183150183,2440,192527,5
30922.741563991567,2441,192570,6
19151.28787878788,2442,192632,5
-7184.606782106783,2443,192750,4
-3765.5050505050503,2444,192773,3
33230.888902763894,2445,192814,6
21284.185051060056,2446,192854,5
18944.978354978353,2447,192878,5
-2589.4852051972794,2448,192906,3
31065.995939045475,2449,192970,6
18837.73809523809,2450,192995,5
23438.743894993895,2451,193020,5
18283.288534006406,2452,193112,5
38033.41540124821,2453,193191,7
15635.16045035975,2454,193332,6
-3408.9285714285716,2455,193353,3
23125.6530969031,2456,193401,5
7573.0659618159625,2457,193440,4
21952.39330079591,2458,193496,5
651.0962607653798,2459,193548,4
19074.477050727055,2460,193593,5
21913.272422022423,2461,193635,5
18902.20116570736,2462,193703,5
-3885.1870433488084,2463,193823,4
22229.324732070472,2464,193960,6
22199.675324675325,2465,193975,5
34044.03360528361,2466,194082,7
20558.340548340548,2467,194112,5
-17045.162944640502,2468,194236,3
-3881.747419247419,2469,194259,3
21855.595723720726,2470,194285,5
19952.837301587304,2471,194314,5
17488.40600575895,2472,194373,5
18475.485080794682,2473,194499,6
22569.93151456387,2474,194535,5
34210.67148086692,2475,194598,6
49299.62556202676,2476,194749,8
41797.08874458875,2477,194808,7
29686.180347430345,2478,194862,6
49512.35620996651,2479,194991,8
11788.373498706316,2480,195084,5
53423.91108891109,2481,195190,8
19129.89336772619,2482,195249,5
20215.79365079365,2483,195283,5
54478.12551011078,2484,195481,9
2635.669191919188,2485,195534,4
549.2450407349777,2486,195619,4
-4688.794955044955,2487,195646,3
20358.52875280894,2488,195677,5
16261.81174540114,2489,195777,5
-25.351169149129873,2490,195997,5
4807.396214896214,2491,196049,4
21573.248556998555,2492,196076,5
51218.94528351765,2493,196188,8
24306.209207459207,2494,196219,5
33309.35189810189,2495,196283,6
7663.818542568541,2496,196319,4
19671.5367965368,2497,196353,5
8931.607142857143,2498,196430,5
18953.827561327565,2499,196481,5
-16647.671411686082,2500,196590,3
34089.842829169465,2501,196708,7
5891.351752822348,2502,196876,6
41559.26275070818,2503,196968,7
19278.511904761905,2504,196996,5
14602.657835669515,2505,197108,5
32768.86904761905,2506,197131,6
22595.79254079254,2507,197234,6
22625.619103119105,2508,197271,5
18306.686507936505,2509,197303,5
-11732.674963924961,2510,197363,3
32904.51879819527,2511,197486,7
-3064.246031746032,2512,197506,3
23122.405788655793,2513,197598,6
18382.97619047619,2514,197635,5
7379.9590687090695,2515,197752,5
64373.58413988831,2516,197866,9
32267.513875013876,2517,197931,6
19722.500416250416,2518,197971,5
27138.130494376623,2519,198073,6
68359.68448218446,2520,198176,9
4249.448051948056,2521,198221,4
22280.70728291317,2522,198242,5
24572.762376512375,2523,198265,5
39535.01998001998,2524,198343,7
13326.924783202396,2525,198446,5
36594.394771894775,2526,198482,6
1393.7284610814024,2527,198557,4
-1320.2182879040463,2528,198582,3
19188.990315240313,2529,198635,5
495.7235125985161,2530,198810,5
19714.70238095238,2531,198823,5
23632.7070195307,2532,198886,5
23720.30463786411,2533,198967,5
20498.048739597394,2534,199036,5
-4282.389081506729,2535,199053,3
66772.16384106092,2536,199189,10
35326.892068200126,2537,199244,6
36009.84201256261,2538,199373,7
19405.372103386813,2539,199451,5
15180.819604456277,2540,199551,5
21621.9715007215,2541,199588,5
24744.51257076257,2542,199678,6
42362.414252414244,2543,199730,7
-8172.448346502139,2544,199780,3
25673.1091554308,2545,199889,6
22651.78571428571,2546,199921,5
9541.884627240663,2547,199974,4
-3904.4444444444443,2548,199997,3
32613.138985627367,2549,200100,6
28440.945165945166,2550,200216,7
33243.16526610644,2551,200243,6
24172.253996003998,2552,200261,5
36168.92954267954,2553,200295,6
24706.954449489283,2554,200389,6
41396.75144300144,2555,200451,7
41377.60225885227,2556,200496,7
41879.91132420548,2557,200595,7
54821.793064821315,2558,200758,9
43420.76379159197,2559,200868,7
-4203.691855001536,2560,200888,3
-16992.750713246187,2561,201086,4
22856.45535020535,2562,201133,5
-4676.865079365079,2563,201158,3
-817.0426795426797,2564,201177,3
16821.026220511514,2565,201273,5
16420.196608946615,2566,201340,5
21354.621459337017,2567,201395,5
19961.309523809523,2568,201414,5
50595.152445593616,2569,201524,8
74960.5965449912,2570,201737,10
3329.0455964314333,2571,201808,4
26837.55012144718,2572,201901,6
32281.091462716846,2573,201968,6
20964.986019312644,2574,202010,5
6483.733255693393,2575,202135,5
-2910.400155400155,2576,202152,3
30564.930779574737,2577,202304,7
1540.2237270813102,2578,202475,5
2192.817815569364,2579,202516,4
46897.90637467109,2580,202570,7
32550.589541822133,2581,202627,6
-497.4316696375514,2582,202775,5
7657.696817071818,2583,202821,4
7930.495639980932,2584,202936,5
17592.908713019006,2585,203018,5
61776.86950583817,2586,203173,9
42382.94399657789,2587,203235,7
27272.46120709356,2588,203407,7
16757.82578532579,2589,203465,5
10222.173638438104,2590,203666,6
51287.88725163726,2591,203762,8
9555.375457875456,2592,203859,5
29812.87851037851,2593,203910,6
3346.250655089663,2594,204035,5
12904.722450751862,2595,204118,5
25203.930375180375,2596,204175,6
34231.30902336397,2597,204245,6
20856.475330225334,2598,204298,5
9313.09620934621,2599,204327,4
27846.026403721837,2600,204519,7
7730.609668109669,2601,204549,4
19194.415584415583,2602,204601,5
-2827.5,2603,204611,3
22885.80808080808,2604,204644,5
-3599.1414141414143,2605,204676,3
17289.285714285717,2606,204702,5
-2430.7738095238096,2607,204712,3
-16373.764568764567,2608,204798,3
-1816.5796405307926,2609,204931,4
37676.47667761823,2610,205117,8
20859.761904761905,2611,205141,5
15153.63706962971,2612,205272,6
-11379.644448688567,2613,205340,3
97913.59155789399,2614,205664,13
10390.77380952381,2615,205683,4
33003.775591883175,2616,205746,6
21956.271987816104,2617,205806,5
-7115.637695637696,2618,205856,3
21833.82215007215,2619,205871,5
9671.381673881675,2620,205905,4
30178.721732344038,2621,206002,6
20302.03823953824,2622,206035,5
12297.214493023317,2623,206134,5
19624.92576867577,2624,206188,5
20604.827394827396,2625,206281,6
15130.943223443224,2626,206335,5
18475.58261183261,2627,206392,5
19487.5,2628,206401,5
1617.0833333333326,2629,206445,4
10212.46271702154,2630,206484,4
13737.982035594265,2631,206571,5
23086.289682539682,2632,206593,5
45273.84859421624,2633,206639,7
20438.80314130314,2634,206680,5
15823.911778580892,2635,206744,5
-11858.71517371517,2636,206835,3
13693.446022931315,2637,206921,5
-2656.2099017888827,2638,206932,3
-2400.1547241383505,2639,207032,4
-37331.60356800061,2640,207262,3
32735.9721977369,2641,207318,6
80315.67229038593,2642,207492,11
33430.575694730105,2643,207558,6
7126.466727716727,2644,207604,4
-5112.646103896104,2645,207642,3
9370.489820636878,2646,207770,5
22761.876552240323,2647,207804,5
11634.495316774728,2648,207831,4
-3365.146103896104,2649,207849,3
44631.4454989455,2650,207911,7
-3426.4069264069262,2651,207947,3
33093.73917748918,2652,207975,6
-1431.6323953823955,2653,207987,3
-5920.812749342161,2654,208024,3
45166.523532535284,2655,208184,8
15857.001332001331,2656,208261,5
19674.48517405367,2657,208322,5
20663.333333333336,2658,208334,5
38618.69654407977,2659,208426,6
-5299.044289044289,2660,208463,3
11204.632034632035,2661,208502,5
33582.93332892598,2662,208557,6
7690.693841332386,2663,208683,5
59886.117182181406,2664,208811,9
29829.39048696402,2665,208878,6
-1588.5970795200694,2666,209063,5
18150.948773448774,2667,209103,5
24304.253246753247,2668,209131,5
19718.71323121323,2669,209175,5
15438.894300144302,2670,209232,5
21820.95238095238,2671,209249,5
14951.486759284748,2672,209326,5
13909.740953490955,2673,209382,5
10860.087760966244,2674,209529,6
20831.24793099058,2675,209561,5
-2814.520202020202,2676,209641,4
34389.497202144266,2677,209761,7
15738.779351023935,2678,209928,6
783.7923819386684,2679,209984,4
6259.152514152514,2680,210002,4
24482.383761319517,2681,210041,5
-4208.434343434344,2682,210074,3
22415.572205572204,2683,210172,6
21232.5,2684,210188,5
11908.081159970881,2685,210282,5
9075.225523315692,2686,210328,4
37122.39755342697,2687,210427,7
-873.1246408353027,2688,210530,4
-3516.3636363636365,2689,210540,3
25913.903318903318,2690,210568,5
-58.032572003161164,2691,210626,4
5484.761904761905,2692,210662,4
9002.782054546766,2693,210786,5
6824.090088832735,2694,210843,4
22554.356754356755,2695,210885,5
54872.530247530245,2696,210949,8
16448.77344877345,2697,210981,5
23907.691197691198,2698,211003,5
-6743.113136863138,2699,211034,3
31456.76046176046,2700,211079,6
16985.452464202466,2701,211134,5
2447.116396675216,2702,211292,5
33950.76118326119,2703,211338,6
48138.73498749274,2704,211423,7
19238.947294535526,2705,211488,5
16940.05392891422,2706,211559,5
20556.143790849674,2707,211579,5
-6241.931818181818,2708,211612,3
24382.402597402594,2709,211709,6
9937.297009406144,2710,211816,5
24664.49938949939,2711,211919,6
20100.69264069264,2712,211955,5
-5630.325160950161,2713,211987,3
22892.18725718726,2714,212009,5
11800.460450497216,2715,212043,4
31426.088035262193,2716,212213,7
19263.54256854257,2717,212250,5
42569.871383346624,2718,212444,8
19976.406926406926,2719,212483,5
15375.535714285714,2720,212544,5
20018.652597402597,2721,212574,5
17207.717689517227,2722,212722,6
20983.2503485077,2723,212775,5
59570.33321253909,2724,212910,9
19872.63930513931,2725,212975,5
-5378.625263625263,2726,213018,3
32086.70634920635,2727,213048,6
12593.392857142857,2728,213066,4
-15030.696386946387,2729,213138,3
3865.4008757840083,2730,213206,4
39927.21838210808,2731,213317,7
24468.953407703408,2732,213392,6
-3738.9988655509255,2733,213586,5
-10789.831824522227,2734,213670,3
29823.406711752297,2735,213830,7
6276.847292499382,2736,213955,5
11316.449579831933,2737,213971,4
3785.185547166971,2738,214063,4
21458.69824619824,2739,214120,5
19262.865467865475,2740,214176,5
3312.481048363402,2741,214253,4
39191.20865245864,2742,214350,7
22388.15476190476,2743,214365,5
33718.84441946942,2744,214497,7
22376.78661616162,2745,214516,5
10641.678274575364,2746,214647,5
21410.595238095237,2747,214663,5
22053.22562886031,2748,214789,6
6760.529609279607,2749,214835,4
23901.16161616162,2750,214857,5
39136.972445400956,2751,215003,7
16434.61929668198,2752,215094,5
32587.000702470912,2753,215303,8
25644.378815628814,2754,215441,7
64075.23434382956,2755,215595,9
-2204.7619047619046,2756,215613,3
31340.38544788545,2757,215658,6
20858.333333333336,2758,215668,5
17913.13900152135,2759,215746,5
13688.186813186818,2760,215848,5
11713.46558261999,2761,215962,5
-13923.373015873014,2762,216034,3
29213.11507936508,2763,216084,6
-7928.354361711562,2764,216134,3
58119.75550636155,2765,216293,9
23143.095238095237,2766,216308,5
-1164.6782053515797,2767,216410,4
-2757.0529470529473,2768,216422,3
3979.1794316794303,2769,216473,4
-11846.399711399712,2770,216544,3
19070.595234014356,2771,216583,5
28196.15120990121,2772,216648,6
18043.43641523596,2773,216710,5
13794.08084782883,2774,216811,5
17579.42515409427,2775,216866,5
16396.253098037152,2776,216934,5
-739.2730880230881,2777,216944,3
-3476.6400266400265,2778,216954,3
25991.870155987803,2779,217046,6
44924.083718569,2780,217225,8
30194.000721500717,2781,217277,6
23484.424603174604,2782,217300,5
11885.568875568873,2783,217405,5
8396.7109361227,2784,217451,4
23843.652458652454,2785,217543,6
29294.144723095957,2786,217615,6
12779.218338542525,2787,217660,4
2245.833601383143,2788,217818,5
42332.79651119435,2789,217931,7
36259.973498723506,2790,218048,7
-4631.964285714286,2791,218074,3
12866.779193029191,2792,218154,5
44681.00128723485,2793,218306,8
14882.243260265706,2794,218397,5
30127.010885786036,2795,218490,6
53386.9049006549,2796,218581,8
22767.723665223664,2797,218609,5
55440.509976135,2798,218773,9
22761.329633129175,2799,218828,5
22215.654761904763,2800,218849,5
-8364.058898617723,2801,218891,3
22901.201437451437,2802,218987,6
66063.97442834942,2803,219079,9
50175.19536019535,2804,219213,8
-2139.2857142857138,2805,219231,3
-5305.804195804197,2806,219255,3
19823.252580752578,2807,219370,6
40740.67272338945,2808,219472,7
32186.14392551892,2809,219510,6
11776.707597957598,2810,219650,6
21387.175357593227,2811,219732,5
27471.22899159664,2812,219783,6
29230.301022506912,2813,219869,6
13294.848484848486,2814,219934,5
39552.78152403152,2815,220046,7
22436.428571428572,2816,220072,5
57360.496938776734,2817,220184,8
29436.56071461218,2818,220272,6
26827.432432763315,2819,220375,6
35858.24064824065,2820,220467,7
-2569.4444444444443,2821,220483,3
16791.853163606265,2822,220548,5
-8296.947469455208,2823,220612,3
21233.184315936447,2824,220681,5
19813.4221452483,2825,220808,6
4222.391166923744,2826,220895,4
-6139.3650793650795,2827,220935,3
62992.78111662645,2828,221173,10
23376.877705627703,2829,221194,5
16687.293262293264,2830,221252,5
19682.077628254097,2831,221297,5
22295.18378272055,2832,221328,5
111484.33894944923,2833,221517,13
14972.50716689571,2834,221613,5
9586.483450190126,2835,221655,4
30098.685384663637,2836,221736,6
-724.8040530161288,2837,221807,4
47581.12518200754,2838,221852,7
66509.97394933926,2839,221978,9
-17265.095597127332,2840,222083,3
-2867.557303807304,2841,222099,3
4515.884407989671,2842,222163,4
6979.6879509379505,2843,222198,4
19509.15584415584,2844,222222,5
9453.780663780664,2845,222252,4
46435.61764624265,2846,222333,7
47633.55554906722,2847,222499,8
17163.272364030876,2848,222560,5
38677.676420801414,2849,222636,7
-5056.127344877345,2850,222669,3
20200.070346320346,2851,222708,5
-2351.206293706291,2852,222868,5
59030.83865801231,2853,223043,9
789.4642857142858,2854,223056,3
20346.887467108056,2855,223106,5
46293.56338106339,2856,223173,7
14700.927822177822,2857,223265,5
19036.14531302031,2858,223360,5
19570.18930673729,2859,223434,5
10181.680660026246,2860,223468,4
11078.423520923518,2861,223490,4
28634.15223665224,2862,223563,6
-4060.656565656566,2863,223584,3
3792.062298296817,2864,223650,4
19722.976190476194,2865,223671,5
23957.665112665116,2866,223707,5
70987.2429708683,2867,223820,10
-5743.181818181818,2868,223859,3
20362.391566766564,2869,223925,5
43474.91801499155,2870,224042,8
16187.207306582304,2871,224099,5
5702.427849927848,2872,224144,4
19573.928571428572,2873,224175,5
19286.83524293045,2874,224250,5
13399.040878711929,2875,224329,5
19759.00474525474,2876,224378,5
-2804.91008991009,2877,224389,3
12588.665358334476,2878,224553,6
45209.06384873296,2879,224726,8
20163.370098039213,2880,224748,5
8616.700799200798,2881,224802,5
8692.801597939904,2882,225112,6
8870.644784781785,2883,225273,5
33119.067460317456,2884,225300,6
8313.506493506493,2885,225320,4
11546.06747238269,2886,225345,4
22166.732434232435,2887,225448,6
-6530.772887243476,2888,225488,3
35751.181457431456,2889,225631,7
-4794.047619047618,2890,225656,3
11017.837301587302,2891,225673,4
45086.69635919637,2892,225812,8
4355.357410906949,2893,225870,4
18847.084304584303,2894,225915,5
-11609.809634809635,2895,225979,3
20088.463260595614,2896,226035,5
28018.34613099319,2897,226108,6
22714.000721500724,2898,226134,5
3758.557227086637,2899,226292,5
34867.952664165896,2900,226350,6
21174.49249187552,2901,226591,7
5581.573010323012,2902,226631,4
8393.475690975689,2903,226660,4
-5849.585137085137,2904,226686,3
4565.656560072193,2905,226755,4
-6515.0960150960145,2906,226788,3
6565.635977584507,2907,226927,5
46452.74912179323,2908,227059,8
13376.371891567323,2909,227148,5
-2725.501581751582,2910,227159,3
-6733.290043290042,2911,227203,3
-3387.797619047619,2912,227218,3
12215.017482517485,2913,227324,5
-1214.8412698412699,2914,227336,3
31417.23637473638,2915,227546,8
19116.755806113393,2916,227597,5
313.37794150294167,2917,227757,5
26881.410350270646,2918,227840,6
3366.206582375309,2919,227897,4
-3227.2186147186144,2920,227911,3
24045.2886002886,2921,227943,5
19326.67561605062,2922,228114,6
22902.500000000004,2923,228144,5
19434.588744588746,2924,228183,5
-12202.417027417028,2925,228239,3
12781.139209144156,2926,228345,5
-7598.253968253967,2927,228388,3
10437.77639027639,2928,228457,5
463.9285714285709,2929,228547,4
8963.568380149263,2930,228599,4
13828.379182092405,2931,228782,6
-3673.1622544122547,2932,228803,3
29888.520091020095,2933,228864,6
8669.77147852148,2934,228994,5
8382.010709878356,2935,229033,4
32346.778791813616,2936,229101,6
14509.504498769209,2937,229186,5
43891.92363192363,2938,229268,7
8402.122901608194,2939,229311,4
-5958.038015905663,2940,229421,4
7550.399012751953,2941,229436,4
15177.513774280413,2942,229510,5
2981.8850314632036,2943,229750,6
-4248.993506493507,2944,229766,3
13137.62687709384,2945,229876,5
8357.69244236156,2946,229987,5
-1759.4642857142858,2947,229998,3
-833.2853002666404,2948,230094,4
19011.25541125541,2949,230145,5
-1112.1785444947204,2950,230206,4
11634.348019670322,2951,230256,4
15699.09689167042,2952,230318,5
23802.42924774819,2953,230472,6
42229.43063472475,2954,230634,8
15052.820456117672,2955,230737,5
9124.181235431237,2956,230754,4
-2715.84817573209,2957,231049,6
43829.553257200314,2958,231162,7
-486.7450604950608,2959,231175,3
-179.46428571428464,2960,231240,4
21094.166666666664,2961,231248,5
-9075.367965367965,2962,231289,3
15940.639749182707,2963,231380,5
10619.537466855543,2964,231418,4
35764.80711754706,2965,231554,7
51575.38461538462,2966,231627,8
20313.333333333336,2967,231649,5
23338.219696969696,2968,231669,5
22710.31746031746,2969,231685,5
29510.817884479377,2970,231795,6
23447.209595959597,2971,231818,5
-3755.0,2972,231829,3
33805.40223665224,2973,231861,6
61376.063576731154,2974,232089,10
25376.877566877563,2975,232184,6
19764.920634920632,2976,232230,5
32885.14553585976,2977,232403,7
-2522.4514374514374,2978,232420,3
29465.30157342659,2979,232509,6
21714.28805626628,2980,232628,6
29999.623840212087,2981,232708,6
-11375.892926517927,2982,232771,3
46993.96796887771,2983,232904,8
-5135.50505050505,2984,232934,3
-5091.006216006216,2985,232957,3
8796.20240870241,2986,232992,4
-2186.039026333146,2987,233130,5
-7188.370795870797,2988,233323,5
-1699.6486846486846,2989,233428,4
12944.37954546314,2990,233572,5
26536.794618779917,2991,233654,6
22610.37518037518,2992,233675,5
24930.938289651524,2993,233763,6
11205.613275613277,2994,233777,4
-862.3304473304461,2995,233876,4
-4661.702952620135,2996,233915,3
5634.691558441558,2997,233950,4
20186.249999999996,2998,233973,5
39464.72422185657,2999,234032,7
22551.203102453106,3000,234058,5
38787.50006773897,3001,234179,7
21504.54219434676,3002,234309,6
-13563.532868705082,3003,234474,4
23200.562770562774,3004,234498,5
10107.990015230718,3005,234798,7
10324.745890588445,3006,234895,5
1462.4382033515158,3007,234953,4
53470.79225770789,3008,235034,8
31647.976467976467,3009,235092,6
-106.20422877775563,3010,235224,5
-8226.194169346007,3011,235291,3
-9206.099023095927,3012,235348,3
-5082.684668272904,3013,235384,3
19023.347069167496,3014,235445,5
10731.789727300562,3015,235564,5
40823.79220860836,3016,235828,9
-5050.210275835276,3017,235855,3
22646.38261892906,3018,235909,5
34863.27325452326,3019,236016,7
32304.673659673655,3020,236061,6
13742.01158533589,3021,236121,5
18210.56381118881,3022,236172,5
23255.38017538018,3023,236226,5
20665.47534165181,3024,236266,5
4937.7777777777765,3025,236307,4
11264.315823065823,3026,236410,5
-4472.060095477278,3027,236451,3
-5568.823793595466,3028,236495,3
29664.311847638084,3029,236591,6
31115.206634610655,3030,236681,7
11947.794011544009,3031,236709,4
7576.47804852526,3032,236829,5
30962.126623376622,3033,236873,6
21057.540098790098,3034,236908,5
33153.096070596075,3035,236968,6
34769.34903919348,3036,237126,7
22595.252525252527,3037,237174,5
12980.100756226915,3038,237266,5
18067.349142339986,3039,237443,6
28657.476136479618,3040,237533,6
12748.45038196238,3041,237717,6
19762.212654495263,3042,237762,5
23954.94531161133,3043,237827,5
29667.98181393771,3044,237913,6
-4386.801842808035,3045,237955,3
8317.74203314409,3046,238006,4
-6668.560328560328,3047,238045,3
7406.308127716791,3048,238177,5
-11259.85236985237,3049,238228,3
33492.320873570876,3050,238291,6
-4162.990159994804,3051,238340,3
17930.7313590692,3052,238467,6
-8370.969698086568,3053,238574,4
40415.07230514583,3054,238695,8
-12124.25327940034,3055,238762,3
43955.515806767304,3056,238856,7
415.58441558441564,3057,238871,3
17946.673881673883,3058,238908,5
-12105.62534687535,3059,239060,4
38627.88919413919,3060,239134,7
16142.857142857147,3061,239181,5
59302.22545707647,3062,239345,9
18538.98809523809,3063,239374,5
33495.76650409274,3064,239439,6
11904.875541125539,3065,239513,5
13540.318876170268,3066,239579,5
42749.70148315736,3067,239735,8
4628.888056388057,3068,239785,4
23150.68917193917,3069,239821,5
-6580.292088372582,3070,239869,3
8903.772682500641,3071,239903,4
17358.579010858422,3072,239964,5
24007.975357975356,3073,240052,6
23488.118409368406,3074,240084,5
13919.503968253968,3075,240130,5
29743.118480246965,3076,240212,6
-5250.858585858587,3077,240243,3
-4730.281385281385,3078,240275,3
-2859.7741828604835,3079,240286,3
22756.941526610644,3080,240302,5
11599.281753099056,3081,240403,5
6402.608273374745,3082,240438,4
63746.01878556598,3083,240567,9
45882.43932538051,3084,240706,8
-4991.429760899576,3085,240738,3
52173.41896665425,3086,240825,8
31682.488841414637,3087,241019,7
18888.892496392495,3088,241064,5
20327.00036075035,3089,241191,6
35066.09487734489,3090,241268,7
-5239.116161616162,3091,241295,3
27058.358787969853,3092,241477,7
17633.32750582751,3093,241538,5
32263.313908313903,3094,241581,6
35785.00907589143,3095,241638,6
22836.5134824326,3096,241672,5
16444.792568542565,3097,241727,5
55320.29169864326,3098,242079,10
15399.345654345656,3099,242138,5
28313.625883920005,3100,242213,6
27188.907049263085,3101,242308,6
16734.982794982792,3102,242371,5
11280.520175895059,3103,242401,4
19390.87933222608,3104,242466,5
15197.600038850043,3105,242654,6
-2271.4092035415565,3106,242741,4
8033.883689839581,3107,242914,6
34766.933170888275,3108,243093,7
23118.169420448834,3109,243210,6
16583.56504692418,3110,243261,5
22664.682539682537,3111,243277,5
21180.672927218977,3112,243337,5
22528.93759018759,3113,243357,5
20601.36668886669,3114,243396,5
9963.012158550084,3115,243476,5
6022.161000763938,3116,243529,4
21092.857142857145,3117,243557,5
27909.36385767655,3118,243667,6
-4111.720599661776,3119,243705,3
12722.455877455879,3120,243787,5
33909.34531498773,3121,243965,7
19330.84365797601,3122,244041,5
39721.71567854232,3123,244154,7
-3479.6552969734084,3124,244173,3
31869.111860361856,3125,244221,6
21182.58533133533,3126,244260,5
18858.50431001747,3127,244303,5
-8386.741661116663,3128,244351,3
29351.477525742226,3129,244420,6
-20191.864429000652,3130,244566,3
-6056.717171717172,3131,244595,3
-8751.695997500952,3132,244663,3
16591.404477230713,3133,244820,6
5949.183594183595,3134,244851,4
38625.20340770341,3135,244913,7
6005.385725385726,3136,244993,4
21501.07381911175,3137,245052,5
19670.0,3138,245059,5
18101.462287712286,3139,245156,6
24290.785403322167,3140,245243,6
10142.1905560227,3141,245337,5
-3529.4560994560998,3142,245364,3
17176.904761904763,3143,245403,5
-2050.6962481962482,3144,245415,3
4741.774059274057,3145,245524,5
-4814.267399267398,3146,245546,3
5557.0505032892825,3147,245690,5
-70.62014414669413,3148,245785,4
-4337.159458188869,3149,245821,3
19745.04551004551,3150,245908,6
20571.646825396823,3151,245934,5
30147.654012654013,3152,245988,6
-3059.695165945166,3153,246021,3
8164.808267712681,3154,246132,5
-2452.777777777778,3155,246155,3
39447.63432882047,3156,246331,7
10297.1032587983,3157,246446,5
28858.66501085212,3158,246556,6
6452.274253524255,3159,246672,5
22771.81012132975,3160,246722,5
1748.8839641180984,3161,246886,5
-6081.381118881119,3162,246918,3
43084.40869587928,3163,247073,8
18457.528860028866,3164,247110,5
42080.94457013575,3165,247198,7
22560.503246753247,3166,247214,5
-6256.286768786768,3167,247248,3
9975.783807695567,3168,247385,5
46993.36799638268,3169,247591,9
33693.868916386346,3170,247742,7
19611.79552376552,3171,247791,5
8425.446914196913,3172,247897,5
8799.057147917441,3173,247952,4
15792.710271754388,3174,248028,5
9248.277833277834,3175,248136,5
9121.45510449303,3176,248177,4
-30014.621212121205,3177,248336,3
76908.3988455215,3178,248714,12
-1287.3050582028927,3179,248801,4
7044.880952380951,3180,248821,4
2939.2857142857097,3181,248872,4
35853.722982598745,3182,248953,6
41748.86508915922,3183,249032,7
22159.557398226127,3184,249064,5
29917.736707736705,3185,249125,6
-2926.6845654345652,3186,249138,3
17375.980590887626,3187,249216,5
28467.796589590325,3188,249387,7
21914.05124330434,3189,249413,5
44194.75346484441,3190,249688,9
2445.7920523748667,3191,249836,5
18099.67435428349,3192,249923,6
56153.7633528752,3193,250110,9
30519.63324665531,3194,250264,7
18849.518381085716,3195,250343,5
26003.616106116107,3196,250399,6
-5818.507534132535,3197,250427,3
14446.466654260774,3198,250513,5
39393.39230235709,3199,250593,7
23109.166666666668,3200,250608,5
9511.51875901876,3201,250633,4
26764.8717205567,3202,250735,6
43592.75953621541,3203,250811,7
15551.010101010099,3204,250859,5
11265.926309709786,3205,250998,5
21561.244208148237,3206,251249,7
56598.121383260666,3207,251407,9
49181.48305534335,3208,251528,8
6156.47671364583,3209,251586,4
14523.277972027972,3210,251731,6
14665.296077331679,3211,251814,5
14928.888056388058,3212,251871,5
23447.363675775476,3213,252011,6
35998.634919646924,3214,252060,6
-8286.996753246753,3215,252105,3
14982.402973703283,3216,252183,5
30981.149822399817,3217,252243,6
37447.87698412698,3218,252308,7
35337.02856783738,3219,252389,7
24684.46959086665,3220,252479,6
33296.72098734598,3221,252538,6
17340.0,3222,252557,5
61079.21608620139,3223,252654,9
18342.519574508744,3224,252800,6
6405.9787434787395,3225,252894,5
27253.616478980257,3226,252953,6
11287.138417138418,3227,253040,5
52365.801026315734,3228,253155,8
13316.249444999452,3229,253235,5
23575.86344211345,3230,253265,5
32909.79388623932,3231,253318,6
-9511.959915084915,3232,253357,3
14162.658730158731,3233,253409,5
14961.948121323121,3234,253452,5
8049.134892884895,3235,253512,4
27028.174038938367,3236,253702,7
11823.494630369629,3237,253818,5
23603.91483473527,3238,253933,6
41268.183949859456,3239,254005,7
21573.779285238543,3240,254098,5
17728.116816272523,3241,254197,5
18907.370129870123,3242,254250,5
18003.450706500244,3243,254327,5
-5701.0644910644905,3244,254368,3
27791.686854410305,3245,254437,6
12538.351093351088,3246,254522,5
-2650.7484382232815,3247,254685,5
21519.913003663,3248,254725,5
10223.189612674909,3249,254833,5
13505.353666371464,3250,254927,5
14451.883533133534,3251,255029,5
19076.641275391274,3252,255046,5
35683.902600667294,3253,255096,6
22348.422035480853,3254,255125,5
15817.10175021506,3255,255205,5
31019.669774669786,3256,255296,6
4473.7281468531455,3257,255391,5
13713.88888888889,3258,255436,5
33675.266614620334,3259,255508,6
22689.924242424244,3260,255535,5
49869.46928071928,3261,255614,8
16107.628613216846,3262,255719,5
21301.0101010101,3263,255754,5
22643.055555555555,3264,255773,5
22940.33313908314,3265,255819,5
27607.497086247084,3266,255915,6
70801.18352947588,3267,256051,10
-2602.166119484231,3268,256061,3
6229.225928010758,3269,256166,5
8257.810245310247,3270,256197,4
-1624.9321511821513,3271,256278,4
29782.53787878788,3272,256341,6
-920.1163746384334,3273,256428,4
55837.21285658786,3274,256529,8
22330.35755395276,3275,256583,5
14306.188839540235,3276,256672,5
-4191.493506493507,3277,256687,3
32924.088525853214,3278,256849,7
14108.407703407704,3279,256934,5
-6041.116522366522,3280,256969,3
27185.96388089036,3281,257084,6
-3062.2741828604835,3282,257095,3
7522.833880515771,3283,257108,4
16109.877377524437,3284,257169,5
-1388.477910977911,3285,257248,4
6276.813087797995,3286,257289,4
16631.181318681316,3287,257331,5
-4691.6176711145745,3288,257354,3
46110.96729616273,3289,257409,7
41842.47530247529,3290,257480,7
10736.06114516718,3291,257518,4
59475.32176157176,3292,257651,9
22737.49060322204,3293,257793,6
43506.46284271285,3294,257835,7
24225.225932170088,3295,257886,5
-4101.298701298701,3296,257899,3
-1970.595238095238,3297,257916,3
33663.77146449145,3298,257997,6
19642.631396381392,3299,258106,6
25321.229742479743,3300,258226,6
12007.988816738818,3301,258241,4
25929.0730586493,3302,258344,6
11338.620684870684,3303,258373,4
4848.233721902451,3304,258531,5
65355.261242025954,3305,258653,9
6135.506438006439,3306,258693,4
9525.021265284422,3307,258720,4
20525.56152181152,3308,258756,5
19920.230472142233,3309,258938,7
16897.669552669555,3310,258991,5
16423.894300144297,3311,259050,5
14179.02417027417,3312,259151,5
37414.686807290534,3313,259215,6
7131.456876456874,3314,259255,4
28454.264542646895,3315,259359,6
12280.68600463216,3316,259465,5
11600.124866963102,3317,259653,6
25247.70796197267,3318,259735,6
15742.502497502499,3319,259797,5
10388.537157287157,3320,259876,5
17136.19227994228,3321,259927,5
13875.81945831946,3322,260002,5
78.96922521922437,3323,260096,4
42090.13883933988,3324,260177,7
30301.141714108042,3325,260295,6
20188.792528635793,3326,260372,5
57164.58111333111,3327,260484,9
17178.432539682537,3328,260535,5
41514.197330447336,3329,260593,7
-4476.746900139988,3330,260618,3
-6662.640831390831,3331,260648,3
56556.72328878852,3332,260706,8
60542.99773170139,3333,260811,8
22800.31746031746,3334,260848,5
27243.15618578861,3335,260937,6
-3811.1908924408926,3336,260967,3
27297.529627665073,3337,261069,6
32646.310527892492,3338,261233,7
22502.251635962937,3339,261281,5
47892.39970798183,3340,261403,7
20012.179487179485,3341,261413,5
20630.94039946981,3342,261451,5
19679.087301587304,3343,261606,7
14277.325545018539,3344,261732,5
40738.46036210166,3345,261815,7
12279.184426684427,3346,261909,5
41754.21980796981,3347,262037,8
33192.18394350747,3348,262122,6
18881.16386049601,3349,262177,5
18563.62355373385,3350,262243,5
17702.319232699665,3351,262301,5
23450.33827283827,3352,262339,5
20811.369047619046,3353,262368,5
-3500.146103896104,3354,262385,3
18763.478465978464,3355,262440,5
33702.56886033232,3356,262492,6
3492.7763894172567,3357,262562,4
-6194.06648906649,3358,262597,3
8830.744925009632,3359,262687,5
19870.0974025974,3360,262715,5
1972.7154789654792,3361,262790,4
25701.748529248536,3362,262954,7
22953.22629511871,3363,262989,5
21225.51004142916,3364,263035,5
18246.755915652975,3365,263099,5
27495.635891885897,3366,263183,6
-1245.5892963245904,3367,263216,3
17936.289682539682,3368,263264,5
628.4440649649641,3369,263342,4
21529.65695660549,3370,263402,5
37749.1035713718,3371,263569,7
-2730.875966783475,3372,263581,3
32202.07861582862,3373,263632,6
16403.919508424144,3374,264069,9
20898.057775557772,3375,264109,5
13401.610611610617,3376,264177,5
19999.455613830614,3377,264233,5
13997.58791861733,3378,264327,5
21514.19415208116,3379,264379,5
15391.999389499391,3380,264456,5
35132.169814619505,3381,264530,6
-14975.979289887957,3382,264647,3
64113.76848854658,3383,264827,9
22556.90448440448,3384,264858,5
24803.575036075035,3385,264887,5
20384.40889992361,3386,264940,5
-16072.533022533022,3387,265048,3
21513.09523809524,3388,265075,5
15491.275252525254,3389,265152,5
27899.740120990115,3390,265270,7
25918.24765512265,3391,265360,6
7946.269841269842,3392,265442,5
20778.154761904763,3393,265462,5
51723.34206127551,3394,265577,8
8513.51370851371,3395,265613,4
-4120.12987012987,3396,265632,3
17719.869913663457,3397,265719,5
7336.461038961042,3398,265755,4
26024.910089910092,3399,265814,6
51515.72069614251,3400,265946,8
16395.218094598902,3401,266133,6
-1881.2463924963938,3402,266194,4
27251.859345719644,3403,266273,6
-2953.8888888888887,3404,266295,3
19075.457320457317,3405,266359,5
32116.31501260178,3406,266409,6
20989.282106782102,3407,266436,5
19163.86918636919,3408,266507,5
12975.200147075144,3409,266585,5
10485.861152736152,3410,266625,4
9823.594738594738,3411,266658,4
7327.731713590845,3412,266699,4
-3255.809428574522,3413,266711,3
28002.368169541154,3414,266823,6
17839.340659340654,3415,266888,5
16405.73817522347,3416,266920,5
21307.708333333332,3417,266933,5
22011.051587301587,3418,266949,5
16007.916666666666,3419,267008,5
21524.583333333336,3420,267026,5
21250.50505050505,3421,267058,5
-7501.7610861360845,3422,267101,3
-4842.966733988405,3423,267142,3
7166.827197570231,3424,267212,4
29046.591186591188,3425,267337,7
4635.435585656173,3426,267397,4
16697.096498702536,3427,267475,5
20233.118131868134,3428,267504,5
20597.635501753153,3429,267576,5
24379.852003134765,3430,267629,5
84686.68345059804,3431,267887,11
13920.327172827172,3432,267953,5
14514.017731494507,3433,268047,5
8912.84201909202,3434,268078,4
11065.876068376067,3435,268169,5
-8829.924936174933,3436,268222,3
30930.048039335972,3437,268436,8
11306.172275436984,3438,268539,5
40677.856491418795,3439,268626,7
19604.213564213573,3440,268666,5
58177.47024217613,3441,268802,9
17478.96464646465,3442,268858,5
1734.818973166497,3443,268938,4
-3636.981323415147,3444,268957,3
30923.237734487735,3445,269008,6
-11672.961726525966,3446,269188,4
16577.5432900433,3447,269344,6
24457.007790541065,3448,269534,7
15472.589020604795,3449,269625,5
17363.604091986446,3450,269702,5
14781.885128760128,3451,269762,5
18326.693195865024,3452,269866,5
31529.34984949689,3453,270026,7
30093.215350825645,3454,270199,7
21355.300667469783,3455,270235,5
30078.82575757576,3456,270291,6
20848.82936507936,3457,270323,5
6593.505308824225,3458,270384,4
-15006.424751718869,3459,270473,3
-7973.46279236759,3460,270525,3
17809.347041847042,3461,270558,5
31253.707517972223,3462,270613,6
12779.664502164502,3463,270661,5
25648.857531357535,3464,270762,6
45356.90781440782,3465,270864,8
16910.224301841947,3466,270932,5
17048.485713965223,3467,271028,5
7653.56032856033,3468,271074,4
-5634.040404040404,3469,271103,3
-104.69753899462921,3470,271355,6
22995.32106782107,3471,271389,5
5135.1148851148855,3472,271417,4
27084.959891759434,3473,271522,6
10069.010989010989,3474,271538,4
-2275.5050505050503,3475,271558,3
21757.63323278029,3476,271693,6
28115.079365079364,3477,271750,6
21463.849553224558,3478,271796,5
15448.285048285048,3479,271890,5
3397.8804198318144,3480,272089,5
26846.83408009259,3481,272184,6
10080.450937950938,3482,272205,4
-5338.155455655456,3483,272232,3
17649.465452847806,3484,272280,5
12780.335497835498,3485,272376,5
10946.301970088734,3486,272446,5
19186.488307444193,3487,272494,5
7337.142857142857,3488,272509,4
20466.190476190477,3489,272527,5
9996.177608925826,3490,272545,4
13239.038600288604,3491,272635,5
29406.826486422073,3492,272758,7
19982.857166483325,3493,272891,6
31747.790771320186,3494,272950,6
-5405.0573038073035,3495,272977,3
17509.19219441362,3496,273188,6
46451.42806539864,3497,273319,8
64716.49532656888,3498,273469,9
49947.070878038394,3499,273696,9
-1566.0714285714287,3500,273715,3
-3328.838383838384,3501,273734,3
2827.517066267069,3502,273815,4
21332.37623487624,3503,273862,5
17963.071601601016,3504,273924,5
18408.493520368524,3505,273996,5
21019.166666666664,3506,274018,5
25086.794531292056,3507,274128,6
9856.359620771389,3508,274157,4
-5330.143448179278,3509,274350,4
38863.75131232716,3510,274467,7
-3030.8094824851787,3511,274481,3
14477.182539682539,3512,274540,5
10627.909798105231,3513,274634,5
-3482.683982683983,3514,274662,3
4030.0314675005056,3515,274742,4
-3047.0238095238096,3516,274759,3
17014.770992895996,3517,274797,5
34867.17991824995,3518,274917,7
9654.175220634203,3519,275033,5
-3211.4540782574804,3520,275232,5
-3868.2738095238096,3521,275248,3
7889.645077145076,3522,275278,4
19469.31818181818,3523,275301,5
12005.666905384518,3524,275422,5
-3610.790467403404,3525,275570,4
14749.318935708257,3526,275683,5
112722.28460728413,3527,275912,13
18210.041070041072,3528,275959,5
16424.145437895433,3529,276024,5
-11190.453027364794,3530,276089,3
-2326.6096403596393,3531,276167,4
-172.5907425907444,3532,276297,5
34779.540043290035,3533,276406,7
43692.3891912611,3534,276528,7
-17787.08595841723,3535,276619,3
12990.232814113466,3536,276729,5
29395.57296869796,3537,276810,6
41396.643993261634,3538,276914,7
6028.39297183724,3539,276996,4
15453.455433455438,3540,277062,5
10699.402473853528,3541,277177,5
16067.889194139196,3542,277254,5
64920.78321188612,3543,277369,9
-5885.15995442466,3544,277493,4
7551.640026640023,3545,277520,4
31208.844084836725,3546,277558,6
999.2651098901101,3547,277643,4
19268.360944610948,3548,277704,5
-16315.435908046198,3549,277797,3
8618.92386831435,3550,277971,6
20689.9531024531,3551,278013,5
9307.611643172788,3552,278126,5
24757.897808620888,3553,278329,7
21430.178571428572,3554,278348,5
28487.114413364416,3555,278458,7
6462.847626229979,3556,278571,5
19450.40186991533,3557,278657,5
15116.290466069871,3558,278737,5
10209.944083694083,3559,278770,4
17855.661768786766,3560,278842,5
-7785.979730623693,3561,278907,3
22771.051587301587,3562,278946,5
21017.488483738478,3563,278987,5
-9997.511264550198,3564,279184,4
56877.85984547788,3565,279368,9
14794.781052281052,3566,279451,5
8621.760151613094,3567,279555,5
19510.808636667767,3568,279782,7
17542.777777777777,3569,279816,5
18665.688755688756,3570,279865,5
22024.107142857145,3571,279899,5
27626.85064935065,3572,279937,6
-1663.5524538328848,3573,280194,6
31530.689396662496,3574,280279,6
1649.7276334776334,3575,280340,4
23106.334058098775,3576,280444,6
17712.621406371407,3577,280510,5
-3889.8809523809546,3578,280578,4
9852.48853938609,3579,280708,5
32124.976967476967,3580,280831,7
7226.282467532467,3581,280865,4
33979.40351315351,3582,280917,6
8008.9070651570655,3583,281023,5
20842.022422022423,3584,281042,5
30873.765886890887,3585,281111,6
23519.84772129315,3586,281158,5
-28090.41847041847,3587,281283,3
16324.920634920634,3588,281338,5
18554.576830548194,3589,281416,5
52975.058518486425,3590,281563,8
1744.8424532983356,3591,281698,5
6093.626789876789,3592,281826,5
16565.17621267621,3593,281950,6
14796.536935286933,3594,282037,5
31616.58075235416,3595,282191,7
9762.090548340548,3596,282269,5
23536.486985236985,3597,282452,7
3783.773448773448,3598,282490,4
7787.451510907393,3599,282521,4
19362.203951019743,3600,282594,5
23051.17715617716,3601,282649,5
18722.395952001218,3602,282698,5
18232.007880750138,3603,282854,6
14988.072944212645,3604,283009,6
-2757.2472013280817,3605,283163,5
14828.244810744805,3606,283236,5
28084.194555444552,3607,283299,6
-8031.589339882684,3608,283418,4
8465.04897879898,3609,283516,5
-8161.696026711508,3610,283579,3
29811.24146257079,3611,283674,6
16927.103174603173,3612,283712,5
3912.544583684295,3613,283817,5
99953.45447377472,3614,284071,13
12678.809523809523,3615,284131,5
10598.785707756299,3616,284332,6
20250.548687423685,3617,284380,5
5068.361924023687,3618,284436,4
24237.278293601823,3619,284467,5
13709.923457175779,3620,284577,5
3542.2007159507175,3621,284633,4
2513.930489678657,3622,284811,5
19085.486442301662,3623,284864,5
-4679.419873427228,3624,285008,4
10022.88644412601,3625,285048,4
29693.672328273726,3626,285122,6
13663.0772005772,3627,285178,5
-565.0327450327441,3628,285244,4
15811.910589410589,3629,285354,6
14551.21572871573,3630,285407,5
19945.535575535574,3631,285444,5
-19878.84928453041,3632,285646,4
-10060.367844230072,3633,285708,3
18701.081557761125,3634,285778,5
20235.229066599033,3635,285895,6
-5457.344474625817,3636,286024,4
21451.45583583084,3637,286078,5
-11250.63492063492,3638,286135,3
-662.1717171717171,3639,286151,3
-4786.149822399822,3640,286178,3
-7198.5759072368965,3641,286234,3
15698.420607170607,3642,286296,5
17515.04329004329,3643,286338,5
18523.859473859477,3644,286389,5
2716.805000555003,3645,286532,5
10197.838272877489,3646,286648,5
31679.558497058493,3647,286746,6
-910.2019516020378,3648,286862,4
18810.530659832384,3649,286947,5
17128.807434395672,3650,287093,6
24751.43342768343,3651,287122,5
30855.431929181927,3652,287189,6
19939.82348319036,3653,287325,6
6741.058802308803,3654,287471,5
8607.19828417197,3655,287561,5
-6084.951004447908,3656,287589,3
23971.04076479077,3657,287677,6
11028.951263024821,3658,287777,5
-10456.186035326902,3659,287843,3
29025.59523809524,3660,287872,6
20960.59523809524,3661,287886,5
16452.965576090577,3662,287932,5
21471.29355250872,3663,287958,5
10442.91403041403,3664,287978,4
18236.94929124883,3665,288138,6
13555.668454193912,3666,288308,6
-8887.848495888353,3667,288471,4
24735.004162504156,3668,288589,6
22072.845267477624,3669,288736,6
18901.044788544787,3670,288778,5
21710.62200398501,3671,288919,6
10588.531266438871,3672,288949,4
18722.917957515478,3673,289123,6
11301.756728431079,3674,289231,5
12909.318181818184,3675,289312,5
21032.440476190477,3676,289352,5
1002.7445885727575,3677,289541,5
24396.684624070465,3678,289579,5
-2686.7696192696194,3679,289597,3
46703.03846480318,3680,289725,8
-2457.6728826728827,3681,289737,3
12472.89978812037,3682,289830,5
3628.6009217820274,3683,290015,5
4618.41928904429,3684,290087,4
23906.528634409067,3685,290118,5
26694.015623609273,3686,290236,6
28850.372544122547,3687,290276,6
-16380.550730659092,3688,290516,5
59932.00327450327,3689,290629,9
23262.261072261073,3690,290672,5
2018.73151573229,3691,290750,4
19908.694916194912,3692,290795,5
15150.118981895295,3693,290884,5
6846.470988162167,3694,290945,4
7712.792379619004,3695,290988,4
8102.330651374767,3696,291107,5
-17899.53730395068,3697,291445,5
21198.209069482287,3698,291578,6
29990.355765319855,3699,291867,8
-2017.396282648268,3700,292006,4
-17354.706419956034,3701,292301,5
5837.730686066593,3702,292469,5
-10290.040013091482,3703,292718,5
-3885.7151182151183,3704,292819,4
2025.1305338108727,3705,292985,5
-2662.5417637917635,3706,293004,3
15622.842506650555,3707,293105,5
-165.0793650793653,3708,293115,3
2173.451009774538,3709,293288,5
17329.386504018854,3710,293347,5
25729.570695098868,3711,293454,6
29212.90043290043,3712,293500,6
13879.38401875902,3713,293607,5
-10198.412698412698,3714,293661,3
30802.68002422415,3715,293716,6
33173.46187159074,3716,293757,6
-1070.4650414944563,3717,294008,6
-11283.666088999918,3718,294101,3
18306.91919191919,3719,294148,5
6859.161483940896,3720,294209,4
8533.91153823816,3721,294319,5
29211.624486624492,3722,294390,6
5761.818181818181,3723,294418,4
19907.227355977357,3724,294456,5
-5951.035631035632,3725,294483,3
13950.447889528774,3726,294587,5
27251.431798718684,3727,294788,7
24179.744814439084,3728,294896,6
-1669.968503718504,3729,294917,3
30741.076628265106,3730,295123,7
20335.62534687535,3731,295179,5
-4051.265262515263,3732,295214,3
14681.549422799417,3733,295287,5
8478.687516473892,3734,295400,5
6279.78549228549,3735,295530,5
-22343.239712214167,3736,295705,3
40405.867776873965,3737,295792,7
19649.181455799102,3738,295913,6
11703.748216652626,3739,296009,5
-2393.6521811521816,3740,296040,3
-7551.904855755809,3741,296257,5
4995.398794102357,3742,296416,5
24875.719835719832,3743,296518,6
13856.637912740845,3744,296633,5
6090.122668224443,3745,296780,5
16870.536591676297,3746,296846,5
31998.425984490223,3747,296918,6
-3381.176927647516,3748,296942,3
52348.97687023234,3749,297069,8
10896.253187536498,3750,297182,5
11029.167082917082,3751,297269,5
4603.598015546544,3752,297329,4
14170.42404682558,3753,297407,5
1025.1699770817431,3754,297486,4
15388.48032243254,3755,297588,5
19299.764234733277,3756,297639,5
5404.651426770907,3757,297817,5
7431.7231379731365,3758,297934,5
6972.965645465646,3759,297972,4
14839.903345541448,3760,298105,5
11276.009011899021,3761,298264,5
-17601.47090826457,3762,298427,3
9807.35334110334,3763,298456,4
5173.853923853924,3764,298498,4
16960.341221572886,3765,298549,5
27762.59254634255,3766,298623,6
25173.129069603754,3767,298766,6
16697.685786435784,3768,298822,5
46618.90153840417,3769,299000,8
7194.700577200579,3770,299038,4
22601.67873792874,3771,299159,6
1021.0833381923445,3772,299479,6
-8324.564047064046,3773,299616,4
13683.060938244762,3774,299725,5
15064.66776279276,3775,299803,5
24772.27357201622,3776,299831,5
21518.450348670936,3777,299888,5
6204.557942057941,3778,299909,4
26778.512043512048,3779,299988,6
2728.918581418581,3780,300045,4
-13598.08229218621,3781,300186,3
17037.253677265286,3782,300259,5
15260.327450327455,3783,300320,5
8247.698209518827,3784,300395,4
-4865.215942897832,3785,300627,5
20833.549783549784,3786,300655,5
11085.399285526995,3787,300793,5
40514.52998025367,3788,300857,7
25601.662880033622,3789,300974,6
9810.423049173049,3790,301079,5
3592.760780885783,3791,301210,5
39747.10514168383,3792,301300,7
-7939.954906204906,3793,301476,5
11274.25928238428,3794,301588,5
21957.38095238095,3795,301607,5
-10312.590187590185,3796,301724,4
-99.2323276998294,3797,301888,5
25683.92951497247,3798,301986,6
18146.959900380654,3799,302120,5
1158.656823912242,3800,302296,5
28433.177135042457,3801,302390,6
-5169.329815781063,3802,302582,5
5457.490981240981,3803,302636,4
10313.591049473405,3804,302755,5
32983.692108545045,3805,302903,7
20430.5371017871,3806,302943,5
-2675.6365856365846,3807,303032,4
-6976.300673599518,3808,303081,3
-15984.582763727496,3809,303201,3
1537.3437183731294,3810,303269,4
18595.238095238095,3811,303290,5
4873.6522522212435,3812,303467,5
19684.74747474748,3813,303505,5
-14355.57435813241,3814,303588,3
1989.1541540898756,3815,303684,4
16414.71469640462,3816,303963,7
19922.480158730163,3817,303997,5
33286.90459652149,3818,304157,7
-1842.5985125985128,3819,304172,3
-7089.911616161612,3820,304298,4
-15254.962075678022,3821,304603,5
-13468.760933086969,3822,304687,3
-6658.988233988233,3823,304719,3
7389.394092740013,3824,304862,5
15728.085748792271,3825,304916,5
11958.409009291361,3826,305017,5
12544.405109461804,3827,305201,6
-2158.3967992791513,3828,305378,5
-6878.214285714286,3829,305412,3
16589.465501818442,3830,305462,5
18636.42857142857,3831,305487,5
16856.602425352427,3832,305550,5
12383.377577874482,3833,305667,5
-7315.743006993007,3834,305701,3
16915.814602064605,3835,305767,5
-7394.940476190476,3836,305799,3
14791.952695996813,3837,305857,5
15725.692984775802,3838,305958,5
-5114.502979043362,3839,305986,3
10260.47625985126,3840,306023,4
353.6972798872956,3841,306081,4
32602.044067044066,3842,306173,7
-20367.333850621653,3843,306487,5
19686.659035409033,3844,306534,5
18207.14285714286,3845,306553,5
-9829.981142223789,3846,306636,3
23794.30851827911,3847,306746,6
-871.9428610605073,3848,306827,4
10554.670760955596,3849,306941,5
-4031.346851677735,3850,307090,5
16103.442285268911,3851,307177,5
14539.591588966588,3852,307247,5
6869.646464646467,3853,307341,5
13983.123843390866,3854,307530,6
13145.691767812508,3855,307645,5
41382.315694926,3856,307753,7
5167.85436785437,3857,307882,5
21304.500728030143,3858,307909,5
-9664.185986703653,3859,308242,5
27134.188865224605,3860,308373,6
13771.25360750361,3861,308442,5
3573.0232108792457,3862,308531,4
6214.227786102786,3863,308572,4
14207.292152292153,3864,308693,6
8115.136791742831,3865,308737,4
32861.912529335124,3866,308801,6
24834.16559727084,3867,308923,6
13008.492757027978,3868,309033,5
31777.369505494502,3869,309140,7
18216.11825674325,3870,309188,5
-531.4772033522034,3871,309257,4
21853.394383394385,3872,309297,5
5119.880952380951,3873,309331,4
10036.73708236208,3874,309551,7
-5864.5493245144935,3875,309582,3
9001.802356784941,3876,309627,4
9421.725719932243,3877,309652,4
-4424.087301587301,3878,309679,3
-17560.605044894906,3879,309975,5
21421.072012138193,3880,310061,6
16656.29222901282,3881,310122,5
6668.097939642053,3882,310236,5
1066.785436785437,3883,310249,3
27437.429845481314,3884,310343,6
21556.01398515486,3885,310419,5
15403.363997113993,3886,310488,5
15594.432327508188,3887,310581,5
-13618.095238095239,3888,310651,3
-2591.7374292374293,3889,310661,3
11601.542803601624,3890,310787,5
-4528.55823029366,3891,310819,3
-7857.546897546895,3892,310904,4
357.49117547996775,3893,311163,6
13753.956390831383,3894,311222,5
28950.15730399632,3895,311338,6
25410.943450254596,3896,311413,6
9399.22619047619,3897,311442,4
32495.8682983683,3898,311483,6
21104.513550390096,3899,311549,5
30000.397513563155,3900,311621,6
-5364.316955048442,3901,311697,3
17959.080568124675,3902,311850,6
-2775.8318764568758,3903,311949,4
-7494.020562770561,3904,312060,4
23848.63081071724,3905,312186,6
7886.785714285714,3906,312205,4
23071.329781329783,3907,312303,6
29398.81110719346,3908,312348,6
-3212.3844769781304,3909,312365,3
-4465.413752913753,3910,312389,3
-2072.3214285714284,3911,312403,3
16392.022560772555,3912,312471,5
16421.926129426127,3913,312530,5
3884.7206959706955,3914,312678,5
-6994.831435003948,3915,312882,4
1057.5485625485633,3916,313083,6
-10710.582146611563,3917,313153,3
10209.161422727599,3918,313242,5
-13904.671845612247,3919,313342,3
-11293.649879532231,3920,313429,3
11597.70938212114,3921,313545,5
10687.920153379775,3922,313666,5
5394.472263847264,3923,313704,4
17573.92048719254,3924,313773,5
2286.346346936519,3925,313853,4
6139.472745606643,3926,313998,5
-4167.741702741703,3927,314020,3
20525.822510822512,3928,314064,5
-3898.5714285714294,3929,314095,3
-4014.127886002886,3930,314131,3
10808.802100677107,3931,314275,6
4251.196690306598,3932,314340,4
-26104.831118743667,3933,314533,3
34269.76424418374,3934,314668,7
22046.233766233767,3935,314700,5
442.7939492567948,3936,314867,5
-10927.951276655163,3937,315131,5
-3447.0098733806863,3938,315296,4
-8519.962149133977,3939,315559,5
-13611.193627708719,3940,315635,3
17156.722885602532,3941,315684,5
7103.012384386526,3942,315719,4
38210.83001127698,3943,315914,8
-6439.351520512511,3944,315953,3
10151.199373811602,3945,316073,5
-10833.611030892898,3946,316213,4
20006.54761904762,3947,316230,5
8032.187127243243,3948,316270,4
463.0998168498161,3949,316435,5
-1603.6907536907534,3950,316467,3
41575.02845148264,3951,316560,7
-2837.3809523809523,3952,316571,3
16539.85629136945,3953,316658,5
8791.119604724478,3954,316802,5
20688.339919884038,3955,316837,5
25935.898531536066,3956,316956,6
-12554.380984355676,3957,317065,3
2304.712288270721,3958,317237,5
6155.785989466331,3959,317368,5
15261.31392343467,3960,317470,5
-3142.9647025050826,3961,317570,4
19707.857142857145,3962,317599,5
19066.429301907243,3963,317695,5
-2031.4726939726938,3964,317710,3
-3853.653323800383,3965,317752,3
9937.535242535245,3966,317852,5
33406.456737706736,3967,317937,6
20958.88227120392,3968,318077,6
-3433.6113886113885,3969,318091,3
28815.379766861966,3970,318189,6
7848.930815762958,3971,318314,5
8815.284448523606,3972,318502,6
14815.560211846978,3973,318602,5
7255.796564546568,3974,318706,5
-3405.0686813186853,3975,318886,5
36083.16156066155,3976,318998,7
-1044.9657287157288,3977,319009,3
33564.84851319991,3978,319067,6
19800.266955266954,3979,319108,5
14212.458097458097,3980,319188,5
-977.7777777777776,3981,319204,3
5810.504609227686,3982,319368,5
14854.757326007322,3983,319419,5
-1163.9538239538233,3984,319497,4
8633.895467737893,3985,319556,4
25120.474173444374,3986,319695,6
-5024.891259411383,3987,319731,3
2414.1730594826577,3988,319958,6
-1721.422947967066,3989,320067,4
21323.31585081585,3990,320101,5
8293.748578562816,3991,320153,4
-4444.222444222443,3992,320185,3
3857.011815798587,3993,320314,5
-5858.554770393006,3994,320370,3
29525.797258297254,3995,320424,6
17978.902130076673,3996,320676,8
-8449.630635961905,3997,320737,3
6110.591490982358,3998,320777,4
-7703.848858185159,3999,320819,3
-17152.356352797535,4000,320995,4
3217.7784143960644,4001,321049,4
4734.9406802347985,4002,321123,4
10585.613275613268,4003,321220,5
8025.496031746035,4004,321333,5
-3082.983197358196,4005,321428,4
-1118.2687668368635,4006,321632,5
16930.09065009065,4007,321680,5
8472.16630591631,4008,321712,4
1362.071262071262,4009,321732,3
-4260.271736132802,4010,321851,4
-539.5144607845677,4011,322021,5
6699.682539682542,4012,322046,4
-7561.9047619047615,4013,322083,3
32822.77118714618,4014,322155,6
-1369.316849131411,4015,322250,4
9871.365440115438,4016,322349,5
-4484.719908574399,4017,322368,3
33.9466089466091,4018,322388,3
-1394.6428571428569,4019,322402,3
-8308.438228438228,4020,322444,3
2232.3971522113934,4021,322509,4
20538.72419247419,4022,322556,5
25822.160367796976,4023,322639,6
-1793.5006603640002,4024,322726,4
7672.375839964094,4025,322791,4
22786.80421616568,4026,322909,6
18621.803898715654,4027,322990,5
11051.382962367876,4028,323143,5
20059.848965347184,4029,323178,5
6379.710705960707,4030,323269,5
-15488.915341400194,4031,323405,3
16507.130802848682,4032,323478,5
-2509.7527472527477,4033,323504,3
62205.481159707146,4034,323666,9
11623.187784437785,4035,323790,5
-6007.427581878047,4036,323844,3
-1568.4343434343434,4037,323868,3
15101.757784698959,4038,323970,5
12849.972975510902,4039,324080,5
17905.42166618212,4040,324172,5
-3533.147529340086,4041,324201,3
21526.612206835656,4042,324259,5
31139.81260569496,4043,324316,6
23803.83691041799,4044,324458,6
9663.283620441718,4045,324546,5
-21807.95732045732,4046,324690,3
22709.18631205396,4047,324717,5
16089.698634698634,4048,324781,5
-5321.495540063651,4049,324913,4
29188.38725297949,4050,325023,6
-2984.2311107365294,4051,325066,3
23942.876367913133,4052,325092,5
6387.028110778111,4053,325212,5
5091.698771644593,4054,325278,4
16190.05359836242,4055,325309,5
15616.03805916306,4056,325389,5
17179.843489843493,4057,325464,5
-10294.714079779866,4058,325714,5
14595.809815184815,4059,325782,5
11315.120904422372,4060,325902,5
5928.203463203462,4061,325931,4
15350.894024276377,4062,325971,5
15492.380984598467,4063,326159,6
-7176.61513323278,4064,326216,3
3306.1784049284042,4065,326365,5
9045.101911976912,4066,326391,4
-5981.85465635156,4067,326433,3
19841.515706515715,4068,326582,6
20321.87553631439,4069,326656,5
20670.238123589515,4070,326706,5
19463.240995115993,4071,326868,6
19253.840143228987,4072,327080,6
7410.624014788103,4073,327288,6
-8821.428571428572,4074,327330,3
-8087.582972582971,4075,327372,3
5986.240289357971,4076,327432,4
14993.263960038259,4077,327556,5
-6180.795674913323,4078,327592,3
-5633.410192748429,4079,327627,3
21237.14908973035,4080,327829,7
11891.065944484495,4081,327970,5
16553.83290213399,4082,328199,7
30150.78102453103,4083,328245,6
25088.48443223443,4084,328334,6
7640.951111796688,4085,328470,5
16800.900194576672,4086,328551,5
16417.930680430676,4087,328647,5
-6088.835531728333,4088,328775,4
4593.993783993783,4089,328801,4
25720.392928794627,4090,328996,7
18843.31404298316,4091,329044,5
14803.183275058276,4092,329115,5
32240.93253968254,4093,329155,6
-2500.126262626263,4094,329168,3
-2365.052288397875,4095,329285,4
25240.251451914024,4096,329421,6
14344.533358798064,4097,329487,5
23239.796582846117,4098,329592,6
5491.341758731464,4099,329740,5
10797.682178932178,4100,329829,5
-14581.405020902526,4101,329945,3
-17906.323015220074,4102,330043,3
15046.049112136578,4103,330178,5
-8415.890122480158,4104,330249,3
-7752.883622655292,4105,330405,4
27037.714646464647,4106,330468,6
16292.774170274173,4107,330578,6
-8742.555634724755,4108,330721,4
-3289.2111156817036,4109,330756,3
7636.985051197513,4110,330817,4
683.3999329703674,4111,331074,6
17342.117604617604,4112,331139,5
9441.034959641098,4113,331247,5
19760.985876868235,4114,331405,6
34247.15094291037,4115,331677,8
13948.81007881008,4116,331747,5
-5005.267666812929,4117,331777,3
16804.55377955378,4118,331847,5
10902.735606326942,4119,331967,5
11530.2320303965,4120,332093,5
17866.31693942452,4121,332195,5
12652.186304034127,4122,332263,5
22152.33460983461,4123,332305,5
10598.081642514691,4124,332430,5
-12860.322251278129,4125,332524,3
-4707.81398125438,4126,332678,4
6794.680872318253,4127,332816,5
20495.434565005,4128,332935,6
19354.649122807015,4129,332961,5
14319.9753024753,4130,333088,6
17921.8253968254,4131,333132,5
-14671.26356162607,4132,333249,3
12414.892929567839,4133,333367,5
-3508.695485371182,4134,333381,3
-4909.236229456814,4135,333563,5
-2924.5924908424913,4136,333652,4
20271.70634920635,4137,333677,5
17566.594516594516,4138,333740,5
-1670.7584082584085,4139,333752,3
20189.886918636916,4140,333801,5
22522.63888888889,4141,333823,5
-8220.021783771785,4142,333865,3
20265.747655122654,4143,333987,6
-9197.483284689166,4144,334093,4
8480.582783229844,4145,334235,5
21747.06375452892,4146,334261,5
9665.96466033966,4147,334364,5
14381.33116883117,4148,334433,5
-17142.94334240469,4149,334594,3
35349.22083764189,4150,334708,7
14441.11974283027,4151,334789,5
9234.946096859798,4152,334799,4
-3440.146103896104,4153,334819,3
-6621.932675167969,4154,334868,3
2281.6445107030977,4155,335059,5
19732.565694539382,4156,335089,5
18014.215907501515,4157,335186,5
12938.763456186054,4158,335334,5
2511.8642591069065,4159,335407,4
10561.92395775018,4160,335732,7
-443.1331168831166,4161,335828,4
7520.142357642357,4162,335880,4
19606.407203907205,4163,335918,5
12963.61481424007,4164,336017,5
30242.21203010096,4165,336075,6
6609.299093364496,4166,336118,4
24615.35905142329,4167,336254,6
-6267.09753932858,4168,336425,4
-2161.8147242334553,4169,336535,4
17750.61144737615,4170,336682,6
21626.901897122487,4171,336774,6
-12565.034882343321,4172,337009,5
-7372.451714951715,4173,337057,3
30319.313186813186,4174,337201,7
1921.5433912492751,4175,337375,5
-8351.625645596234,4176,337414,3
10253.5347985348,4177,337510,5
-27824.83414952555,4178,337712,3
-10592.86281808147,4179,337818,3
29944.974335305218,4180,337903,6
-10899.982031857033,4181,338028,4
34222.56784215955,4182,338172,7
-10507.77661880603,4183,338232,3
17048.94813519814,4184,338345,6
30023.629009879012,4185,338404,6
33328.16850119415,4186,338536,7
-8906.908369408371,4187,338601,3
-242.01111388611372,4188,338677,4
-898.6965481199212,4189,338898,6
-5591.299037649657,4190,338921,3
11342.738511488513,4191,339007,5
22053.291991927323,4192,339088,5
18555.21228771229,4193,339142,5
28404.75934260958,4194,339247,6
16008.715940921822,4195,339328,5
28450.31947348318,4196,339386,6
27549.877226531637,4197,339491,6
21463.76096126096,4198,339532,5
17641.155788655786,4199,339574,5
14605.897682898454,4200,339664,5
-24881.60839892037,4201,339846,3
8698.55241980242,4202,339895,4
23250.239564357213,4203,340032,6
28382.814040319856,4204,340313,8
19838.769841269837,4205,340327,5
22047.124732422722,4206,340393,5
-11.3536867329463,4207,340480,4
-7835.454545454545,4208,340521,3
23520.810439560435,4209,340540,5
-5818.788528293173,4210,340579,3
1564.5441976324328,4211,340674,4
1877.1674159174147,4212,340730,4
-3091.8453768453764,4213,340755,3
27654.67760846824,4214,340875,6
-6033.551831725207,4215,340924,3
14597.203214312347,4216,341006,5
8243.668720984899,4217,341167,5
-3131.6400266400265,4218,341177,3
-17270.717211709878,4219,341377,4
21427.424242424244,4220,341394,5
10109.026734034574,4221,341460,4
42616.72612110112,4222,341519,7
-31473.098413024894,4223,341785,4
22192.495100153432,4224,341841,5
2101.1594292360514,4225,342014,5
-16284.246568882205,4226,342191,4
-27604.150380093604,4227,342447,3
9574.86020923521,4228,342540,5
9704.710983460978,4229,342714,6
-3297.429441473559,4230,342730,3
22572.223470973473,4231,342762,5
14006.483516483519,4232,342805,5
17247.02380952381,4233,342851,5
8430.266555769651,4234,342890,4
4153.463619713621,4235,343041,5
24234.928821178815,4236,343123,6
31706.715784215776,4237,343220,7
5276.327667430609,4238,343280,4
6447.617709088299,4239,343330,4
2606.7836330336336,4240,343394,4
10480.220604558843,4241,343529,5
9290.066628418015,4242,343644,5
-12717.82176157176,4243,343708,3
-5379.68697968698,4244,343721,3
17151.099584278512,4245,343841,5
-4934.492174492175,4246,343874,3
10241.587811546824,4247,343975,5
26179.324445433496,4248,344029,5
13374.826947011272,4249,344206,6
-8854.867779279546,4250,344277,3
7676.15929711619,4251,344425,5
9122.559523809521,4252,344494,5
-1259.2615880851174,4253,344524,3
13360.591634672517,4254,344605,5
-3634.0352861792494,4255,344626,3
15588.870761591348,4256,344741,5
15863.91780478014,4257,344871,5
18809.760704981294,4258,344923,5
2623.7612387612385,4259,345067,5
-4430.059478919773,4260,345098,3
35527.62265512266,4261,345127,6
-5912.99062049062,4262,345164,3
46973.83512729101,4263,345340,9
-8502.348721539896,4264,345385,3
-6638.1523582626505,4265,345542,5
-4760.12987012987,4266,345565,3
36398.89851978089,4267,345694,7
18700.442196692195,4268,345745,5
-13710.727856838772,4269,345861,3
19109.34653753539,4270,346001,6
8854.73897791235,4271,346108,5
19253.928571428572,4272,346131,5
14504.886155511156,4273,346191,5
4917.928136292147,4274,346319,5
-1989.5238095238096,4275,346332,3
-26286.11339705188,4276,346542,3
4198.468614718615,4277,346590,4
1090.9525899367216,4278,346705,4
5094.602684896803,4279,346751,4
40703.18671696381,4280,346892,7
-1330.2579365079368,4281,346904,3
6636.150722249291,4282,347077,5
-5846.994949494951,4283,347110,3
16934.172077922074,4284,347151,5
18935.615495615493,4285,347196,5
-1326.7857142857142,4286,347208,3
19845.123406005765,4287,347288,5
7344.557808837389,4288,347526,6
-15878.524877899878,4289,347623,3
5207.711714072258,4290,347788,5
29484.282661782665,4291,347867,6
24674.526654546007,4292,347972,6
4584.101731601731,4293,348033,4
-5434.278721906261,4294,348230,5
18825.115995115993,4295,348260,5
-13080.475759670924,4296,348464,4
-7561.416070384725,4297,348522,3
19465.17650494986,4298,348703,6
-9419.96719981459,4299,348776,3
26901.160740057865,4300,348845,6
-5713.987111959249,4301,348878,3
17454.880952380954,4302,348907,5
-6122.234827006499,4303,348957,3
7305.100710263252,4304,349106,5
-10324.542678683543,4305,349179,3
-9229.529642184441,4306,349235,3
22136.171467421456,4307,349378,6
-3182.4489497972295,4308,349393,3
1106.2534769152408,4309,349480,4
22477.432151182144,4310,349566,6
-3355.2726070705467,4311,349737,5
-8996.643356643355,4312,349795,3
-4845.365190365191,4313,349827,3
3591.5520334685343,4314,350010,5
41440.81728728788,4315,350112,7
22391.904761904763,4316,350135,5
-3344.4444444444443,4317,350162,3
21436.625180375184,4318,350191,5
-24672.607898248934,4319,350575,5
24195.907105282375,4320,350717,6
-2614.4642857142853,4321,350732,3
7922.123654877687,4322,350827,5
23904.308300488643,4323,350937,6
5690.162060162062,4324,351034,5
-18942.469620938205,4325,351281,4
5422.342449086718,4326,351445,5
9334.379831769545,4327,351718,7
-9824.412254412255,4328,351776,3
14765.216523672407,4329,351857,5
16939.6629065379,4330,351930,5
17914.908979908978,4331,351999,5
15493.25977535536,4332,352110,5
18093.0815018315,4333,352162,5
27198.263888888887,4334,352250,6
9033.598374707508,4335,352395,5
14035.517725646798,4336,352602,6
-4092.9716016361226,4337,352725,4
6129.043040293043,4338,352790,4
14473.303169998211,4339,353002,6
23081.21088599223,4340,353066,5
-2021.4889277389277,4341,353088,3
-10942.507353757357,4342,353164,3
57027.13827838827,4343,353297,9
-923.239082898526,4344,353378,4
13683.55562329827,4345,353434,5
622.3135198135184,4346,353551,5
29415.46703296703,4347,353652,6
-4249.345882016161,4348,353679,3
30544.939504939513,4349,353760,6
13678.41246880914,4350,353845,5
-3256.9805194805194,4351,353861,3
4504.636613386611,4352,353998,5
16389.24499584523,4353,354079,5
10402.078277115043,4354,354364,7
13484.697136368964,4355,354470,5
-1410.5917693417703,4356,354566,4
22957.545039240085,4357,354621,5
27092.992840492847,4358,354689,6
16273.945308647322,4359,354819,5
15871.4803333921,4360,354903,5
-5118.893613911033,4361,355087,5
13761.521967043738,4362,355195,5
17373.26070987836,4363,355262,5
7898.523348426597,4364,355311,4
-10011.756056952505,4365,355496,4
15286.176323676327,4366,355558,5
23216.9246031746,4367,355584,5
11525.368147933938,4368,355615,4
9404.182153630682,4369,355646,4
3702.673090798089,4370,355787,5
26876.654138989663,4371,355888,6
28301.31658030652,4372,356081,7
-6820.584514650035,4373,356141,3
8108.897907647906,4374,356252,5
27565.724783136284,4375,356341,6
17507.33662020814,4376,356429,5
-13684.67202388257,4377,356743,5
7644.911424206182,4378,356822,4
-6485.358183483184,4379,356862,3
-6246.05339105339,4380,356894,3
-2894.285714285714,4381,356906,3
24669.02655759273,4382,356995,6
-2041.4207696328438,4383,357030,3
5896.612415362415,4384,357060,4
7135.990279070776,4385,357109,4
2579.346348096351,4386,357181,4
17718.63566988569,4387,357303,6
-1727.0402731083882,4388,357515,5
-21335.26645134752,4389,357758,4
14474.962537462538,4390,357825,5
16238.57448107448,4391,357946,6
39616.813907197036,4392,358047,7
13668.947803572417,4393,358150,5
16317.302003552004,4394,358224,5
40162.55785880787,4395,358315,7
34484.60721339205,4396,358366,6
7648.926769628493,4397,358404,4
-617.4603174603176,4398,358419,3
21026.071428571428,4399,358445,5
-5774.749764124764,4400,358476,3
14862.349846267685,4401,358552,5
6870.369919731213,4402,358702,5
15031.123112138985,4403,358882,6
3456.0557463692126,4404,359060,5
15226.223774075945,4405,359143,5
10346.242646242647,4406,359230,5
18401.69691011603,4407,359298,5
31135.784502344617,4408,359585,8
-2584.6276640026645,4409,359691,4
11711.756772639126,4410,359769,5
14372.830153975408,4411,359863,5
14778.785779493983,4412,359950,5
-3015.9774838949347,4413,359998,3
7888.296438039083,4414,360121,5
-5411.961602638848,4415,360163,3
13866.503748874109,4416,360253,5
5757.917776667777,4417,360303,4
22575.87606837607,4418,360431,6
22483.692834942834,4419,360474,5
8986.74603174603,4420,360558,5
42094.67606739665,4421,360717,8
15299.549510731787,4422,360808,5
31679.87848412635,4423,361049,8
14251.305232650047,4424,361115,5
21724.276282916384,4425,361288,7
12758.511904761903,4426,361352,5
2256.7488067488093,4427,361501,5
15951.627457509807,4428,361577,5
-4165.797535797536,4429,361592,3
-29482.67440892438,4430,361961,5
16045.429986679987,4431,362032,5
17471.783216783217,4432,362080,5
17454.036241536243,4433,362149,5
-1967.1998933299242,4434,362441,6
17468.497140385603,4435,362515,5
17661.595626595627,4436,362592,5
-8789.404761904761,4437,362633,3
5631.197104058053,4438,362716,4
-3270.9077039866847,4439,362732,3
19675.773809523806,4440,362760,5
13402.798760836686,4441,362855,5
4548.818680244766,4442,362933,4
12976.887581372874,4443,363047,5
15861.256055457108,4444,363218,6
18160.961260961256,4445,363278,5
19423.16647447838,4446,363359,5
32628.419164684656,4447,363569,8
13530.015413937623,4448,363681,5
18973.256824874476,4449,363769,5
646.0704755403241,4450,363895,4
339.1663891663893,4451,363909,3
21813.180014430014,4452,363938,5
9898.331510465796,4453,364056,5
-1013.1140346581535,4454,364132,4
-12646.424349644167,4455,364218,3
21322.25788100788,4456,364269,5
1345.1856476856515,4457,364324,4
-46083.41609138121,4458,364722,4
-9941.95371621842,4459,364777,3
-952.8086185400449,4460,364982,5
15444.15169067259,4461,365052,5
-1596.195471195471,4462,365066,3
27423.514549176314,4463,365189,6
11360.495932207887,4464,365283,5
17638.11394058298,4465,365347,5
-6108.924825174825,4466,365386,3
-9381.075535017097,4467,365540,4
12843.826451326451,4468,365599,5
-9868.032636438207,4469,365756,4
-5140.714222233043,4470,365923,4
12448.73003372616,4471,366031,5
7562.374948967443,4472,366095,4
8837.647398825804,4473,366275,5
21770.040034784615,4474,366503,7
-9783.790899502974,4475,366572,3
7640.994977244978,4476,366719,5
7725.117660117661,4477,366825,5
316.0254889589231,4478,367010,5
19080.940154616626,4479,367160,6
15609.90778829014,4480,367293,6
28476.795634920636,4481,367355,6
-12142.878046567559,4482,367551,5
-772.4242424242435,4483,367626,4
25030.559024309023,4484,367705,6
-3542.541742313415,4485,367738,3
757.480227757833,4486,367908,5
-2868.5404166267167,4487,367920,3
22090.876623376622,4488,367941,5
10712.116315916628,4489,367971,4
-6182.440476190475,4490,368005,3
1140.0524108244697,4491,368086,4
6148.820415695416,4492,368138,4
27129.804109933768,4493,368248,6
3304.0449929084857,4494,368419,5
34594.64507714507,4495,368492,7
-1998.4894783578989,4496,368532,3
16204.702242202235,4497,368574,5
17820.454435700172,4498,368692,5
-2670.357142857143,4499,368702,3
10752.956120676703,4500,368820,5
6750.825705590683,4501,369019,5
33470.27736152736,4502,369087,6
28259.535325785324,4503,369133,6
9164.418704145874,4504,369290,5
13455.68062895362,4505,369487,6
19391.196162153985,4506,369690,6
16710.110241066122,4507,369760,5
28027.45100144094,4508,369849,6
4962.654939015235,4509,369984,5
29304.940476190477,4510,370040,6
-7297.14874328458,4511,370092,3
40179.709712801814,4512,370215,7
-13628.00938182904,4513,370382,4
20863.42365967366,4514,370421,5
-1946.3283938283944,4515,370443,3
-4700.068734370206,4516,370489,3
15805.522345301757,4517,370543,5
30192.045454545456,4518,370598,6
27397.23912396514,4519,370823,7
26538.69822128337,4520,371038,7
8536.318843695004,4521,371134,5
-5794.5329180623285,4522,371163,3
30139.590190511237,4523,371329,7
-44.64285714285711,4524,371340,3
-6004.862914862915,4525,371367,3
22356.7297979798,4526,371473,6
178.405401787747,4527,371647,5
20422.20243121171,4528,371697,5
27883.558578351247,4529,371782,6
21400.641935463915,4530,372079,8
-17413.76956376957,4531,372174,3
17707.317682317684,4532,372230,5
24417.228917380537,4533,372381,6
-1547.0238095238092,4534,372399,3
22047.519446955346,4535,372496,5
6460.382551744779,4536,372552,4
19761.812808437444,4537,372683,6
23828.620660385368,4538,372719,5
-3952.4368686868665,4539,372819,4
9789.772087862255,4540,372966,5
10537.553451450505,4541,373058,5
-8779.41120540966,4542,373136,3
10232.045454545454,4543,373208,5
7999.677941167876,4544,373314,5
33967.7738927739,4545,373457,7
18859.146995075782,4546,373557,5
1381.4597629322905,4547,373721,5
-3724.523809523809,4548,373736,3
21386.054282981397,4549,373874,6
17867.699996082345,4550,373918,5
-599.1227264737323,4551,373952,3
-1262.7777777777778,4552,373963,3
24569.609918511742,4553,374013,5
9959.607283841036,4554,374142,5
-6794.338161838164,4555,374346,5
44229.295565545566,4556,374437,8
30360.101442674964,4557,374583,7
14536.021062271066,4558,374710,6
20834.17603230103,4559,374827,6
5819.1300366300375,4560,374861,4
-2753.8398933367976,4561,374871,3
208.40548340548344,4562,374890,3
14015.40404040404,4563,374971,5
-877.0754245754247,4564,374990,3
7482.997690518972,4565,375137,5
8831.464659818575,4566,375161,4
38871.00956899138,4567,375314,7
9609.111721611722,4568,375410,5
26453.40909090909,4569,375479,6
11930.040098790098,4570,375546,5
16049.043783014376,4571,375623,5
-10588.37652543535,4572,375700,3
-28050.573798406596,4573,375919,4
6809.017595751342,4574,376062,5
-30430.36260739378,4575,376360,4
19844.790903540907,4576,376518,6
3369.322066822065,4577,376664,5
42845.06424131425,4578,376720,7
10738.139818987342,4579,376807,5
-3499.8973248973257,4580,376830,3
2255.0185437347222,4581,376932,4
-14795.54632459044,4582,377032,3
-3157.5163009561134,4583,377140,4
18667.076330532214,4584,377177,5
28132.212509712506,4585,377254,6
8010.542153924511,4586,377398,5
19359.373812462047,4587,377454,5
3972.8311594678526,4588,377533,4
-18932.70802511901,4589,377818,5
17597.45827154479,4590,377915,5
-3400.7461900844246,4591,377961,3
36779.990981240975,4592,378060,7
10863.69855677518,4593,378160,5
-5472.490816249901,4594,378434,5
-12123.644688644688,4595,378489,3
9867.083194583196,4596,378572,5
-7858.397074202034,4597,378703,4
3995.7099844599834,4598,378755,4
16186.530924589462,4599,378951,6
3330.39561532901,4600,379174,5
24738.244549568073,4601,379268,6
956.9769119769112,4602,379415,5
26808.255355755355,4603,379491,6
-11993.861345445517,4604,379662,4
11551.527777777777,4605,379745,5
1194.5687645687667,4606,379810,4
-3339.8110577502985,4607,379904,4
18658.717393717394,4608,379962,5
11043.197027430762,4609,380095,5
-7442.930533518759,4610,380336,5
-7449.241808028572,4611,380399,3
6474.107048996753,4612,380523,5
8386.167929292933,4613,380556,4
-8856.595210774778,4614,380616,3
10930.324926621368,4615,380675,4
25569.875035095643,4616,380784,6
3663.0161024046474,4617,381041,6
-1535.5557136362077,4618,381203,5
22087.613146657262,4619,381241,5
-552.8328738255229,4620,381331,4
13541.904761904761,4621,381382,5
10176.176264227986,4622,381466,5
16340.236711817593,4623,381670,6
1194.007838566663,4624,381760,4
-923.1501934597895,4625,381860,4
14161.913641913641,4626,381914,5
19628.492063492067,4627,382021,6
-3790.1667205343656,4628,382209,5
21827.29866946779,4629,382222,5
-5346.006216006215,4630,382248,3
451.82726329398247,4631,382300,4
22568.979925303454,4632,382323,5
3355.951201576203,4633,382506,6
6642.130407002696,4634,382664,5
20465.491731350863,4635,382798,6
7922.656510156508,4636,382847,4
-32431.56075449652,4637,383116,3
-1097.4720055486312,4638,383231,4
-5933.7471884840315,4639,383371,4
8283.878066378069,4640,383398,4
-101.68509552023417,4641,383504,4
14687.91014541014,4642,383666,6
26454.730272307672,4643,383738,6
18634.339165736226,4644,383875,6
-24477.262068426946,4645,384098,4
18560.93975468976,4646,384147,5
-1282.4048461858044,4647,384275,4
-7109.915501165498,4648,384382,4
6932.276975475506,4649,384512,5
-3578.1800144300087,4650,384657,4
35824.8229307672,4651,384693,6
-3877.18744104193,4652,384711,3
10225.397241647244,4653,384816,5
4816.258582104169,4654,384872,4
-4796.309246309246,4655,384904,3
3028.234898271663,4656,385035,5
21588.254662004663,4657,385145,6
18279.32831057832,4658,385201,5
-2868.8344988344984,4659,385227,3
-3814.572995159297,4660,385429,5
32551.911226028875,4661,385522,6
29537.2548978799,4662,385604,6
17576.736470658663,4663,385738,6
-344.50163798563574,4664,385835,4
2847.024523678937,4665,386016,5
31798.293650793654,4666,386055,6
16493.1639443288,4667,386237,6
12283.614441114434,4668,386333,5
17951.664030414024,4669,386387,5
8232.707260788604,4670,386665,6
6417.910006660005,4671,386692,4
-5494.211805678356,4672,386839,4
-4598.2519875205635,4673,386962,4
41943.23113161349,4674,387023,7
-1527.5768297749723,4675,387055,3
12244.401015651012,4676,387148,5
-8018.549783549785,4677,387289,5
-4320.968614718614,4678,387306,3
18233.831857427063,4679,387378,5
-9088.373271894943,4680,387440,3
952.7822830764021,4681,387548,4
20768.214285714286,4682,387559,5
20619.166666666664,4683,387589,5
22115.880161505163,4684,387683,6
12035.479797979799,4685,387730,5
3061.161616161615,4686,387796,4
13809.325609031495,4687,387874,5
-4628.220844128352,4688,387901,3
37793.55595793094,4689,388005,7
23515.949027815936,4690,388119,6
19953.8406038406,4691,388183,5
2597.743349701559,4692,388352,5
31425.225296130797,4693,388631,8
22428.322510822512,4694,388652,5
-13171.323383063893,4695,388870,5
1884.5543345543383,4696,388998,5
12430.724552150636,4697,389117,5
-3056.3421133390166,4698,389294,5
9951.034776879016,4699,389435,5
10010.800346248925,4700,389571,5
28563.152680652693,4701,389698,7
9056.047810027501,4702,389966,6
3420.1093005478738,4703,390379,8
8567.782140889723,4704,390427,4
30974.132019726047,4705,390616,7
-2735.209822856882,4706,390700,4
-23023.762479995068,4707,390941,4
-7304.783688533688,4708,390983,3
17262.04600954601,4709,391039,5
-3228.8138138950826,4710,391134,4
6909.878060106388,4711,391202,4
-1539.0381677146406,4712,391376,5
8844.692088956794,4713,391523,5
9682.995759830126,4714,391566,4
2479.7070984570973,4715,391619,4
17956.941274940415,4716,391710,5
-2409.5060495060516,4717,391808,4
4343.150599400598,4718,391869,4
10695.677655677655,4719,391884,4
18824.06361182677,4720,392031,6
-1722.646103896104,4721,392041,3
1076.5923202184833,4722,392197,5
8546.845752286928,4723,392231,4
-14718.739316239316,4724,392342,3
24326.047759859674,4725,392473,6
11407.165289131237,4726,392567,5
19632.752207372945,4727,392705,6
9740.456349206348,4728,392793,5
-6674.399086876539,4729,392924,4
-2329.9914178958375,4730,393080,5
-4313.315295815296,4731,393104,3
19894.938394938396,4732,393157,5
-9209.950954618136,4733,393232,3
-3755.8930334334163,4734,393257,3
18397.077220165454,4735,393290,5
20140.373418197996,4736,393402,5
15153.441558441556,4737,393443,5
-10737.628818335093,4738,393590,4
7978.499486624483,4739,393690,5
21145.155300495855,4740,393770,5
-9885.847065516167,4741,394018,5
18828.70879120879,4742,394046,5
-1168.5297509078407,4743,394265,5
14480.04342879343,4744,394336,5
18608.62868899247,4745,394420,5
28882.408008658007,4746,394484,6
25633.253968253975,4747,394531,6
20407.404271425166,4748,394605,5
402.78045483927605,4749,394802,5
11285.065783889313,4750,394907,5
-9707.641580904925,4751,395098,4
15840.781965712302,4752,395152,5
-5297.613636363637,4753,395185,3
24083.495634357343,4754,395230,5
-2893.75,4755,395247,3
-1972.28354978355,4756,395266,3
33469.91819326184,4757,395331,6
20386.093489843486,4758,395376,5
-4911.8722866400885,4759,395411,3
8299.080196334453,4760,395460,4
20470.229056718992,4761,395524,5
20048.38393107693,4762,395626,5
-3568.163024994064,4763,395645,3
21479.655622155627,4764,395774,6
27274.32177085041,4765,395981,7
-33488.20667800811,4766,396272,4
-23728.669839541864,4767,396659,5
21839.02000777001,4768,396700,5
21235.210163316737,4769,396859,6
2593.154761904763,4770,396903,4
36618.01634813565,4771,397122,8
18718.648283476068,4772,397205,5
-8942.812400018283,4773,397254,3
22315.18030172442,4774,397295,5
-2569.4444444444443,4775,397317,3
21270.904344193816,4776,397336,5
-1018.1165321606499,4777,397433,4
26533.694083694085,4778,397497,6
-6033.036920939398,4779,397666,4
20275.617571283212,4780,397709,5
30141.532544253136,4781,397764,6
37888.312937062954,4782,398003,9
6402.730597575782,4783,398343,7
5039.285714285714,4784,398395,4
22495.626671519876,4785,398580,6
14820.028860028859,4786,398643,5
8807.599132893245,4787,398742,5
-3425.1747235822313,4788,398761,3
11855.553270259155,4789,398866,5
17066.570374070376,4790,398917,5
7912.559601346366,4791,399047,5
18402.793647932365,4792,399140,5
16923.86183261183,4793,399192,5
5078.832174794888,4794,399351,5
-10597.184065934067,4795,399416,3
26524.420698410642,4796,399510,6
17049.682205049856,4797,399588,5
12253.733003107998,4798,399662,5
-2484.3833382221815,4799,399781,4
11049.162285221548,4800,399901,5
-6508.01504051504,4801,399949,3
18283.950836185275,4802,400100,6
-16485.45533843521,4803,400220,3
29092.532660230616,4804,400334,6
-4248.174603174603,4805,400360,3
-2940.958714917692,4806,400487,4
8056.352450205677,4807,400536,4
6764.087301587303,4808,400650,5
-131.27226049775834,4809,400785,4
26766.61522301227,4810,400902,6
-11270.865800865802,4811,400965,3
16673.13707126207,4812,401107,6
-2461.2778919996404,4813,401229,4
20724.49580240021,4814,401352,6
11302.392176966483,4815,401470,5
-8277.169557308876,4816,401653,4
11280.952380952382,4817,401704,5
12006.607142857143,4818,401718,4
-4178.690476190476,4819,401742,3
3479.4999500843146,4820,401931,5
-4290.714285714285,4821,401956,3
54570.28374403373,4822,402167,10
-11847.359584859583,4823,402235,3
18358.154761904763,4824,402265,5
37444.37591948814,4825,402453,8
575.7866434820794,4826,402599,5
-5016.875692620746,4827,402641,3
19134.836691086693,4828,402680,5
-2582.8571428571427,4829,402694,3
-9517.782217782216,4830,402740,3
-11492.66844266844,4831,402806,3
-1534.7532807749517,4832,402906,4
39392.169050849385,4833,402986,7
-14376.485810987597,4834,403135,4
11857.769648652,4835,403181,5
4901.7715617715585,4836,403210,4
7840.668661403955,4837,403369,5
18692.857390904064,4838,403427,5
6216.651940036227,4839,403611,5
3820.991647241647,4840,403675,4
-3291.710614591806,4841,403695,3
19448.821960633104,4842,403749,5
7583.346375846373,4843,403880,5
17212.2695768284,4844,403962,5
-2856.1724386724286,4845,404117,5
12206.501831501833,4846,404222,5
22179.938672438675,4847,404250,5
18921.68339422016,4848,404299,5
5768.122918747922,4849,404413,5
15137.106410746113,4850,404494,5
7075.253219003215,4851,404608,5
3195.058619010698,4852,404692,4
21352.96791336459,4853,404835,6
5869.55978769253,4854,404988,5
-3327.655677655678,4855,404998,3
-1494.0074876104286,4856,405024,3
-2038.2939287234954,4857,405141,4
-3423.5353535353534,4858,405172,3
4899.579448329449,4859,405310,5
-10630.326195991835,4860,405370,3
1058.535353535354,4861,405423,4
3511.8184286044193,4862,405515,4
20979.40406815407,4863,405549,5
32577.759682268195,4864,405714,7
25548.72858758888,4865,406025,8
42088.780525030525,4866,406182,8
5802.801985596103,4867,406312,5
7518.031135531145,4868,406448,5
-6380.458498780191,4869,406731,5
-327.31730494307476,4870,406827,4
-7276.956793206793,4871,406935,4
9766.335204827852,4872,406964,4
31911.83627646863,4873,407018,6
19986.50370923254,4874,407165,6
1115.50613602084,4875,407335,5
-1910.3633728672423,4876,407433,4
-5129.036316038098,4877,407459,3
-3443.92538275278,4878,407711,6
14742.615440115434,4879,407752,5
17335.411741036743,4880,407819,5
-4620.761159205431,4881,407860,3
13538.467023172905,4882,407943,5
-11930.082156405684,4883,408019,3
8638.0950993451,4884,408042,4
26673.726102973385,4885,408219,7
6566.636949866442,4886,408418,6
19243.511627261625,4887,408476,5
-10186.974136974135,4888,408542,3
-3891.655573338135,4889,408565,3
6423.166218671252,4890,408712,5
5083.068043068044,4891,408768,4
13130.148699339872,4892,408993,7
5994.045693298788,4893,409129,5
19850.88140273899,4894,409353,7
-4714.415584415585,4895,409372,3
-16535.80719517915,4896,409624,4
-13347.734487734484,4897,409700,3
19356.858974358976,4898,409727,5
9136.844982073308,4899,409780,4
20673.10276267084,4900,409816,5
20265.0,4901,409834,5
14369.384505243639,4902,409931,5
14645.489963467904,4903,410010,5
-19228.68048489178,4904,410157,3
19259.345376845384,4905,410196,5
3594.660894660896,4906,410256,4
25136.31506973419,4907,410330,6
19461.340187590187,4908,410403,6
-11453.7164579057,4909,410493,3
-2486.795496170497,4910,410512,3
-9337.28896103896,4911,410565,3
-3179.325396825397,4912,410581,3
-5811.580086580087,4913,410611,3
582.4137191068319,4914,410731,4
22081.39416139416,4915,410813,6
-3304.285714285714,4916,410826,3
47173.42214440036,4917,410939,8
7029.3998852454715,4918,411068,5
10197.857559107559,4919,411093,4
-5559.684131228252,4920,411231,4
20945.373249041975,4921,411287,5
-22230.32070870306,4922,411409,3
6925.036572129129,4923,411482,4
-2559.88122988123,4924,411507,3
-5579.68697968698,4925,411521,3
18364.904401154403,4926,411559,5
10905.425407925408,4927,411635,5
21091.84952872244,4928,411878,7
995.3197700991823,4929,411962,4
15799.647880499275,4930,412027,5
2060.2039944919215,4931,412100,4
8360.900232378559,4932,412280,6
12422.645410145411,4933,412376,5
-14809.52574085701,4934,412463,3
1346.0870669578117,4935,412634,5
30136.189435564433,4936,412717,6
-11729.141197854447,4937,412920,5
-3160.1728826728827,4938,412936,3
19202.429653679657,4939,412977,5
-2112.061688311688,4940,412996,3
22697.93067226891,4941,413020,5
-4113.831703933431,4942,413164,4
14079.024944507039,4943,413267,5
9334.01350283704,4944,413366,5
1854.810185729307,4945,413642,6
28560.856227106226,4946,413724,6
7481.549789864413,4947,413789,4
-19140.950224526085,4948,414091,5
5829.724870717517,4949,414216,5
26867.071344865642,4950,414316,6
26206.545390883624,4951,414409,6
5807.495192715776,4952,414560,5
14928.106060606062,4953,414624,5
23629.636238374627,4954,414739,6
33005.20767588105,4955,414854,7
15253.525224775218,4956,414945,5
10465.999915117563,4957,414987,4
13572.58442537855,4958,415107,5
7279.663947163947,4959,415219,5
9795.795038295038,4960,415251,4
18014.191919191922,4961,415296,5
17834.339173898,4962,415346,5
794.1107503607504,4963,415409,4
9968.146991896987,4964,415535,5
1158.9844094972627,4965,415657,4
10629.740259740262,4966,415763,5
1414.188074996899,4967,415833,4
-4903.143722892176,4968,415857,3
-16705.96995677866,4969,416006,3
-656.2415362415342,4970,416086,4
21662.511622364567,4971,416172,6
23425.96472971473,4972,416252,6
8050.112665112663,4973,416320,4
6212.678987678987,4974,416426,5
20890.912698412696,4975,416442,5
-3055.5181186426994,4976,416598,4
-3046.8686868686873,4977,416621,3
16882.63084138084,4978,416695,5
-3476.6400266400265,4979,416707,3
12086.156515053573,4980,416729,4
3413.827561327562,4981,416780,4
-17119.115884115887,4982,416877,3
8894.463036963041,4983,416913,4
11774.661449661451,4984,417003,5
-6500.137405164494,4985,417035,3
8679.473509161971,4986,417199,5
3902.261624812258,4987,417360,5
-13942.79729926301,4988,417516,4
-3098.8615428688945,4989,417597,4
-13868.814479079569,4990,417666,3
26708.916998893776,4991,417844,7
-8024.554758322173,4992,417886,3
-3080.081103536986,4993,417914,3
-13866.660011385242,4994,418103,4
22412.526362526365,4995,418181,6
-3340.156575450701,4996,418367,5
-3877.1428571428564,4997,418390,3
18574.776334776336,4998,418472,5
-4239.638486513486,4999,418491,3
31127.11260961261,5000,418553,6
10513.789215815144,5001,418683,5
21426.695457320464,5002,418814,6
-3356.0572760572763,5003,418838,3
9158.59120785288,5004,418976,5
21608.00595238095,5005,418997,5
-10725.946807750219,5006,419174,4
-12550.496031746025,5007,419243,3
16688.802676082087,5008,419320,5
6093.436139024368,5009,419510,5
1423.4995559995655,5010,419733,6
18983.355698738826,5011,419776,5
-4257.211260102127,5012,419801,3
17399.76864638629,5013,419862,5
-3628.8690476190477,5014,419885,3
11215.793775915308,5015,420132,6
14695.324744699745,5016,420202,5
17922.248812456433,5017,420372,6
13913.146672299152,5018,420437,5
20295.14516443309,5019,420523,5
118.88888888888891,5020,420534,3
43994.05469616382,5021,420722,8
23594.556619850737,5022,420786,6
-6577.175364905201,5023,421050,5
9370.397821133116,5024,421084,4
3488.8391469641465,5025,421160,4
-3007.1861471861457,5026,421270,4
-3502.735828127942,5027,421332,3
6976.747628035657,5028,421614,6
13199.21165027783,5029,421873,6
-598.3136467076147,5030,422087,5
20445.453851703853,5031,422118,5
-13900.529394496114,5032,422416,5
4180.970891853243,5033,422587,5
5961.020208291878,5034,422729,5
33610.984293484296,5035,422766,6
3077.6069151436714,5036,423022,6
10184.037874032758,5037,423078,4
16262.467597761715,5038,423137,5
-2299.576306046894,5039,423153,3
-23114.044482349447,5040,423384,4
29189.047619047622,5041,423417,6
9441.914474414476,5042,423450,4
1184.2454767454758,5043,423598,5
904.1734899087846,5044,423752,5
16214.158064158062,5045,423827,5
20658.723914973918,5046,423871,5
-9983.521412076805,5047,423971,3
17630.825912432785,5048,424117,6
20037.749884918998,5049,424194,5
-6271.479937077324,5050,424255,3
-2130.1406926406926,5051,424265,3
26802.132185195263,5052,424359,6
-1961.3204532825284,5053,424457,4
31377.269119769117,5054,424497,6
20786.42857142857,5055,424519,5
17315.538836397296,5056,424704,6
33950.829725829724,5057,424757,6
-1090.1785714285713,5058,424767,3
12756.288869707416,5059,424868,5
20268.678697084044,5060,424947,5
5032.045552486728,5061,425080,5
22710.038251222453,5062,425291,7
-5138.671328671328,5063,425309,3
-6015.618630595412,5064,425380,3
-4175.560244708852,5065,425399,3
-9772.900432900433,5066,425434,3
370.01525843437526,5067,425610,5
18257.99878634437,5068,425661,5
4467.8680481972015,5069,425851,5
16754.39032488652,5070,425983,5
16766.59403848645,5071,426082,5
21345.756535131528,5072,426132,5
-3173.1143714834966,5073,426257,4
527.2720180576226,5074,426429,5
20750.05407174525,5075,426481,5
15609.007936507936,5076,426529,5
-8141.2858613265025,5077,426710,5
-28131.443393208086,5078,426895,3
-393.89674051438465,5079,427050,5
18609.146825396823,5080,427101,5
-2528.7786478227654,5081,427110,3
2197.826381135204,5082,427171,4
-2510.0240649872967,5083,427404,5
18501.61474962945,5084,427590,6
-3250.7416714729625,5085,427791,5
-23747.20138121924,5086,428060,4
-7298.871336996335,5087,428113,3
-14963.561501987937,5088,428231,3
28393.62445560975,5089,428325,6
5227.964977488977,5090,428455,5
-5855.230880230881,5091,428492,3
8003.979076479076,5092,428522,4
6202.184486265366,5093,428647,5
13479.00419197246,5094,428773,5
6910.966912559405,5095,428802,4
14955.381424131425,5096,428869,5
17975.649350649353,5097,428905,5
10663.479940252393,5098,429028,5
18279.51225613277,5099,429197,6
30897.955684021857,5100,429371,7
6058.323868683776,5101,429519,6
15324.920259479077,5102,429627,5
16855.786974463444,5103,429692,5
55122.021628612165,5104,429841,8
12098.552928060484,5105,429976,5
4218.103159534708,5106,430166,5
-8167.623903873904,5107,430213,3
21526.193728656966,5108,430320,6
13728.617991485637,5109,430383,5
-15396.586143480292,5110,430508,3
-235.77950772997184,5111,430583,4
-23238.84107369725,5112,430915,5
13948.055555555555,5113,430992,5
14678.455768517684,5114,431103,5
-7444.664502164502,5115,431142,3
25547.14826839827,5116,431181,6
15232.973912052857,5117,431253,5
-5990.318015318016,5118,431302,3
13482.278735196698,5119,431519,6
1579.3253968253957,5120,431597,4
-6010.868792075245,5121,431658,3
12744.42709456849,5122,431781,5
9699.471763975098,5123,431829,4
14767.28785103785,5124,431885,5
18241.95374070374,5125,431946,5
-2740.9456831438256,5126,431966,3
14409.332611832615,5127,432037,5
6720.238095238095,5128,432065,4
-4572.355426006722,5129,432337,6
5766.92061614856,5130,432464,5
12583.281440781442,5131,432542,5
17980.031060270994,5132,432606,5
10690.259083535851,5133,432743,5
12510.993052934262,5134,432858,5
5317.479493545671,5135,432977,5
15141.487401487397,5136,433046,5
-45.80385966802561,5137,433131,4
4914.402876535226,5138,433195,4
-6064.202714210453,5139,433240,3
22911.071428571428,5140,433257,5
32591.327214452234,5141,433306,6
-7330.234981521746,5142,433355,3
26506.453268953268,5143,433452,6
-4995.5239591849495,5144,433497,3
15255.612581862575,5145,433590,5
5978.358545049724,5146,433709,5
-8958.586152260266,5147,434006,5
18159.729458804282,5148,434098,5
-7055.1696022378355,5149,434423,6
12248.27006327006,5150,434481,5
3097.4037767787772,5151,434523,4
6631.960786461563,5152,434673,5
5677.692667818864,5153,434813,5
7519.136815626755,5154,434900,5
-6928.345959595959,5155,434941,3
33476.785190643546,5156,435097,7
-14673.896917495988,5157,435302,4
12765.72064931972,5158,435336,4
23916.734977698605,5159,435459,6
-9950.088979647802,5160,435591,4
20257.29437229437,5161,435623,5
-430.0069778862369,5162,435740,5
6194.585692085687,5163,435875,5
12085.397635746942,5164,436058,6
37355.9781884782,5165,436105,7
-6184.819885790913,5166,436287,4
17620.02403362891,5167,436349,5
-6742.162733851976,5168,436392,3
5801.744360515649,5169,436436,4
9986.050787447848,5170,436535,5
7357.96596270087,5171,436566,4
5911.654868823982,5172,436627,4
-60.49506049506044,5173,436640,3
6689.459838192424,5174,436777,5
19275.334249084248,5175,436810,5
4327.6456549986,5176,436882,4
-4123.162254412255,5177,436905,3
3919.179362304365,5178,436980,4
-10700.682034683583,5179,437065,3
32238.437950937943,5180,437141,6
21156.288090993974,5181,437183,5
12431.327906699422,5182,437325,5
14687.512903762907,5183,437392,5
21172.10189320484,5184,437438,5
16434.166666666668,5185,437474,5
8007.067515817518,5186,437525,4
20638.743478743483,5187,437553,5
-8784.893994893995,5188,437593,3
12035.18816151169,5189,437686,5
-27328.388608534784,5190,437856,3
-18837.931453838035,5191,437995,3
-9259.340299540949,5192,438077,3
-12819.993894993899,5193,438155,3
45846.3290875791,5194,438287,8
-3874.6267621267616,5195,438382,4
-1169.6428571428569,5196,438404,3
-11551.401231870761,5197,438639,4
5758.606123193972,5198,438775,5
-2510.357142857143,5199,438837,4
24754.761037764973,5200,438950,6
36818.00497934448,5201,439157,8
2613.269092019092,5202,439219,4
28245.11363636364,5203,439286,6
19979.846542346542,5204,439327,5
24017.082566126683,5205,439362,5
-9537.078417583447,5206,439480,4
21501.88720722001,5207,439580,6
18628.21213916802,5208,439645,5
9522.005972398776,5209,439783,5
2939.1573704073667,5210,439835,4
3054.6230158730173,5211,439885,4
10887.23457098457,5212,439910,4
5096.651577939266,5213,440019,4
-26747.545159089284,5214,440203,3
-30140.701048570045,5215,440534,4
21487.126386956035,5216,440612,5
24435.20063270063,5217,440638,5
-3569.099164724165,5218,440659,3
22067.66483516483,5219,440773,6
24573.536492747022,5220,440795,5
-3213.8812766909577,5221,440810,3
17751.161616161615,5222,440850,5
-2536.185245269156,5223,440941,4
6627.973245159437,5224,441047,4
3689.3504412254415,5225,441122,4
18531.714683235583,5226,441189,5
-10429.993994429318,5227,441285,3
-4198.768391696021,5228,441529,5
10488.108583639785,5229,441648,5
-5271.908036493949,5230,441670,3
-9356.32969069116,5231,441939,5
-5831.028396421482,5232,442054,4
21723.62817737818,5233,442180,6
-5850.242012889071,5234,442258,3
19250.811900517783,5235,442305,5
13169.011144084674,5236,442423,5
-1471.628207281644,5237,442608,5
17984.43305232779,5238,442656,5
22461.699796722183,5239,442874,7
13961.437437906092,5240,442993,5
3559.1113788172597,5241,443076,4
-8758.352033393092,5242,443144,3
57592.84416005388,5243,443340,9
5536.495448995446,5244,443481,5
-3493.220382558618,5245,443514,3
9183.417719380348,5246,443673,5
24360.584900780334,5247,443779,6
9809.326594458178,5248,443879,5
-5962.510822510822,5249,443912,3
9926.27775002775,5250,444001,5
24944.29362304362,5251,444039,5
-8653.486057512979,5252,444114,3
22598.871545121547,5253,444150,5
6446.85593216553,5254,444277,5
-11170.77061827062,5255,444344,3
12407.700632700631,5256,444360,4
-7624.468867046264,5257,444520,4
-1346.0560096937777,5258,444696,5
24554.682174998834,5259,444799,6
29117.166305916307,5260,444848,6
6707.87304005764,5261,444885,4
18665.50603399868,5262,444940,5
8837.475648276733,5263,445060,5
21291.167557932262,5264,445096,5
-3373.4890109890107,5265,445110,3
7655.408464084936,5266,445234,5
1842.7078558696194,5267,445378,5
7706.569541569542,5268,445421,4
12491.087531749296,5269,445527,5
14606.461455211454,5270,445608,5
1007.0052170052172,5271,445626,3
32689.55498224798,5272,445703,6
9530.6989873059,5273,445741,4
-10481.075713502187,5274,445999,5
-12773.690378249188,5275,446243,5
40986.50414469209,5276,446396,7
12877.661782661782,5277,446456,5
-16910.048701298703,5278,446542,3
3891.216846878612,5279,446605,4
12904.133516851078,5280,446722,5
1799.4148279032854,5281,446810,4
13057.820223077577,5282,446901,5
-3898.4609976366937,5283,446920,3
175.48881673881647,5284,446998,4
28279.033107415464,5285,447149,7
16738.411241536243,5286,447215,5
42750.21844673178,5287,447499,9
34726.6736041736,5288,447599,7
9539.383116883117,5289,447618,4
9870.274309024313,5290,447704,5
9007.5,5291,447717,4
-2535.4974027090893,5292,447883,4
-4648.62012987013,5293,447910,3
-8989.856760886174,5294,447973,3
-8158.243284493285,5295,448023,3
-4441.086511527687,5296,448047,3
11263.027528027525,5297,448071,4
241.7337877980268,5298,448154,4
-10481.911254165509,5299,448221,3
5762.994066086697,5300,448414,6
16780.245871689367,5301,448479,5
-7721.51354020936,5302,448627,4
21599.16287552317,5303,448664,5
-436.2806637806625,5304,448801,5
16819.362704718744,5305,448888,5
-24764.449888346946,5306,449110,4
13393.953823953825,5307,449192,5
8577.920469623252,5308,449293,5
-5891.097673478611,5309,449492,4
10106.46645021645,5310,449567,5
-1585.1225305949229,5311,449748,5
19188.4632034632,5312,449789,5
-1561.4031964729907,5313,449894,4
20029.152652902656,5314,449941,5
28199.27056242318,5315,450038,6
18520.804473304477,5316,450074,5
19160.01956376957,5317,450136,5
-7301.166786644729,5318,450174,3
13350.439760057478,5319,450426,7
16439.936216604176,5320,450616,6
23359.612911598204,5321,450657,5
4245.91242091242,5322,450695,4
31539.1338073691,5323,450731,6
12468.669802419803,5324,450748,4
-4829.036894478071,5325,450790,3
31192.179469782022,5326,450896,6
128.0161941171971,5327,451112,5
13197.191582926876,5328,451217,5
-4471.558441558442,5329,451235,3
4796.984233516742,5330,451289,4
-8676.127344877345,5331,451328,3
-8554.388974888201,5332,451453,4
1468.6515363721246,5333,451521,4
20822.726858624697,5334,451671,6
9117.675883413114,5335,451707,4
15382.738438032558,5336,451788,5
-12788.245720782488,5337,451877,3
20453.25577200577,5338,451910,5
-14675.061751114383,5339,451997,3
7358.487499772331,5340,452151,5
11459.944780073058,5341,452357,5
-6129.34488842771,5342,452596,5
12534.473546095398,5343,452656,4
7817.297008547009,5344,452758,5
-3415.3937728937726,5345,452772,3
9061.332968502082,5346,452868,5
17191.086691086693,5347,452942,5
5891.416908979803,5348,453174,5
1407.4575948647139,5349,453254,4
-4761.501683133127,5350,453395,4
-10718.298877228328,5351,453758,6
18761.263736263736,5352,453786,5
16891.075942031825,5353,453848,5
13948.479645354642,5354,453940,5
10534.715007215007,5355,454006,5
5222.264845801659,5356,454028,4
23286.40692640693,5357,454057,5
11961.05233002292,5358,454131,5
21012.5,5359,454138,5
13208.09366115481,5360,454250,5
11310.72470421735,5361,454351,5
16556.847041847046,5362,454419,5
16912.709235209233,5363,454485,5
-1754.5173692406663,5364,454561,4
-11383.193256691708,5365,454711,4
-1368.2726986635653,5366,454788,4
28672.015623265626,5367,454867,6
-6569.174547336497,5368,454913,3
6683.186772377951,5369,454979,4
20649.1215647098,5370,455064,6
5491.507888611221,5371,455206,5
-12539.642925873572,5372,455594,6
13958.712235476934,5373,455803,6
34455.781024531025,5374,455907,7
1401.7751628316655,5375,456097,5
8484.315084425381,5376,456234,5
-26985.06385316125,5377,456411,3
-4214.918618962736,5378,456436,3
3717.6287214677327,5379,456494,4
19455.768161147418,5380,456573,5
12231.369047619048,5381,456639,5
-8091.55416242684,5382,456681,3
-13519.694772247018,5383,456771,3
-15639.356452371158,5384,456862,3
27719.282436259993,5385,456962,6
18689.33611044098,5386,457048,5
5013.97005772006,5387,457096,4
2589.0934050899214,5388,457159,4
-3574.0241702741705,5389,457182,3
22606.378898878895,5390,457273,6
10067.639716449698,5391,457413,5
24751.57306638151,5392,457599,7
355.3416215277697,5393,457756,5
-5026.800846212609,5394,457788,3
-10091.480384081002,5395,457925,4
-4682.035668990765,5396,458231,5
-19090.715899382692,5397,458433,4
14991.847869193072,5398,458533,5
-861.1188646459445,5399,458833,6
-10770.576110980519,5400,458896,3
11848.393828393815,5401,459112,7
20222.88939259914,5402,459141,5
12395.239924304467,5403,459267,5
-22812.762375131628,5404,459425,3
15185.14811169223,5405,459485,5
15646.532640046575,5406,459566,5
14077.626609501604,5407,459686,5
868.9658408028375,5408,460003,6
-3927.318658508673,5409,460028,3
-15945.615878789247,5410,460307,5
27159.04761904762,5411,460345,6
-6049.207003222097,5412,460385,3
28771.516710217667,5413,460522,6
6045.401918343096,5414,460562,4
49430.79947829947,5415,460721,9
-3623.051948051948,5416,460740,3
14647.10022691073,5417,460947,6
21698.342490842493,5418,460965,5
-8276.571833739017,5419,461033,3
19714.182484182485,5420,461079,5
3730.7216394716397,5421,461219,5
-3374.962121212121,5422,461232,3
8240.532800532801,5423,461387,6
19438.552503997555,5424,461531,6
-13094.310698761168,5425,461675,4
5559.794372294373,5426,461703,4
5147.107056385323,5427,461982,6
30997.59199134199,5428,462117,7
-10205.602175602175,5429,462191,3
9518.809523809523,5430,462212,4
9924.432883788102,5431,462456,6
13881.9246031746,5432,462522,5
-4192.707728717789,5433,462556,3
9752.114023317583,5434,462871,7
-21461.54461981088,5435,463084,4
16937.805046503727,5436,463159,5
18113.692418692415,5437,463196,5
26983.333333333336,5438,463257,6
15044.372294372293,5439,463299,5
15757.6880390851,5440,463368,5
-234.4767732267744,5441,463427,4
-8243.627471599608,5442,463482,3
-9043.333472083475,5443,463712,5
-7634.167055854362,5444,463750,3
-9437.385928765156,5445,463807,3
15282.652913821643,5446,463889,5
18618.714777439614,5447,463979,5
9780.481828823129,5448,464134,5
10457.362970277056,5449,464177,4
-3157.4202231526588,5450,464405,5
10772.741947594886,5451,464504,5
8139.081423392566,5452,464649,5
42568.85803330656,5453,464724,7
-8375.656565656565,5454,464760,3
3559.396675735688,5455,464820,4
20076.36904761905,5456,464848,5
17437.57881007881,5457,464914,5
29337.425891674495,5458,465015,6
3855.0241425241416,5459,465145,5
-20497.902375402376,5460,465336,4
2718.519241504676,5461,465538,5
15170.268759018758,5462,465594,5
655.4891054078375,5463,465754,5
1666.9068059992974,5464,465800,4
9360.894660465097,5465,465899,5
7438.64740565592,5466,465971,4
-11168.796828171828,5467,466052,3
24273.102269462564,5468,466086,5
-16250.143657941651,5469,466206,3
-9376.248734925206,5470,466325,4
-8545.844155844155,5471,466372,3
18570.0,5472,466391,5
10274.838991632721,5473,466486,5
-3949.600647030985,5474,466648,5
21677.344637646493,5475,466773,6
18647.278138528138,5476,466826,5
-8834.00672943877,5477,466998,4
13611.31757947934,5478,467092,5
14418.140886890887,5479,467192,5
8578.959165834165,5480,467230,4
-1404.1065790504636,5481,467292,4
-8237.006065829595,5482,467336,3
-3161.6683316683316,5483,467352,3
-14732.791888567901,5484,467479,3
13732.20154845155,5485,467582,5
287.9989257388629,5486,467758,5
31419.418636918643,5487,467821,6
-6625.9018759018745,5488,467850,3
10224.257050139402,5489,467946,5
16397.11240556829,5490,468010,5
-4946.799515843634,5491,468119,4
2901.773575983176,5492,468215,4
6379.078976578977,5493,468258,4
20734.772796647798,5494,468314,5
2509.202445068053,5495,468395,4
-240.93795093794756,5496,468464,4
10842.471139971141,5497,468554,5
-5284.397546897547,5498,468580,3
16426.803651972383,5499,468660,5
-2052.5515705914336,5500,468857,5
-11197.12086116498,5501,468999,4
7667.272084741358,5502,469188,5
28221.774416029453,5503,469271,6
2241.205061278592,5504,469428,5
15220.981364696536,5505,469526,5
-6115.732304768413,5506,469593,3
29384.540043290046,5507,469649,6
-14519.916865040703,5508,469749,3
22387.56592672034,5509,469808,5
31618.97310614222,5510,469884,6
-8786.246392496392,5511,469936,3
8417.133838383837,5512,470040,5
-6241.269841269841,5513,470078,3
1296.8509678452717,5514,470173,4
-5236.334278466632,5515,470370,5
29228.977272727276,5516,470436,6
8618.985208333119,5517,470653,6
21262.236652236657,5518,470698,5
4653.814620836683,5519,470862,5
6630.796962097746,5520,471148,6
38835.63755688755,5521,471283,8
9826.003278869915,5522,471363,5
20649.166854387444,5523,471482,6
-26711.29130293486,5524,471766,4
21901.65527159907,5525,471922,6
1396.6647138551155,5526,472049,4
2011.9331043053894,5527,472269,5
5502.156593406593,5528,472392,5
16211.891809815563,5529,472474,5
-8048.088716838717,5530,472514,3
10569.848762348764,5531,472606,5
17517.288544788553,5532,472663,5
-5175.036630036631,5533,472686,3
3535.966672216671,5534,472806,5
-16082.294372294373,5535,472900,3
-11871.704961704956,5536,472974,3
2469.1637121048884,5537,473036,4
-2052.4408447589562,5538,473047,3
1521.2682497241299,5539,473106,4
25188.73015873016,5540,473165,6
616.2797395672758,5541,473271,4
9103.347321136565,5542,473448,5
34.326180355599945,5543,473693,6
-4628.87827729546,5544,473730,3
-4059.267676767676,5545,473749,3
4946.796536796535,5546,473779,4
46728.509319627745,5547,473918,8
-731.0352884373117,5548,474224,6
19563.230402208726,5549,474296,5
32075.752704654646,5550,474473,7
13024.919524919525,5551,474555,5
-5426.940380955473,5552,474577,3
814.0779094878746,5553,474679,4
4150.791147706784,5554,474743,4
-9157.50312187812,5555,474788,3
-2949.762062571744,5556,474802,3
12443.839355089354,5557,474873,5
15925.662279756707,5558,474963,5
-3458.5714285714284,5559,474976,3
22458.934255888587,5560,475121,6
25294.444583194585,5561,475210,6
-18251.350344425326,5562,475393,4
16498.09642262623,5563,475476,5
-10727.492259632352,5564,475533,3
-2907.306340245582,5565,475555,3
4514.2678074612595,5566,475767,5
-15571.974553224556,5567,475861,3
-4934.6317897788485,5568,475910,3
9293.764381043793,5569,476085,6
7086.992521367524,5570,476203,5
16399.415584415587,5571,476267,5
-2981.00468975469,5572,476293,3
15715.598763121985,5573,476379,5
-6722.431270999382,5574,476417,3
29202.169913419915,5575,476474,6
-13050.185871611451,5576,476562,3
-2461.6924980334384,5577,476682,4
19778.736511073468,5578,476712,5
12204.636735813207,5579,476741,4
1347.642496392498,5580,476901,5
-3955.059191330274,5581,476921,3
-3194.7889610389607,5582,476939,3
21871.27886002886,5583,476966,5
7558.9285714285725,5584,476997,4
16900.11925166337,5585,477062,5
31092.855520597397,5586,477170,6
14158.697274947275,5587,477246,5
13790.122655122652,5588,477306,5
-7935.568125544904,5589,477361,3
-14284.112685369548,5590,477581,4
15480.48701298701,5591,477622,5
16731.011904761905,5592,477690,5
-9895.76799542899,5593,477829,3
13388.514419017512,5594,477891,5
24762.17941737485,5595,477939,5
-11536.620840198373,5596,478025,3
6689.091953797836,5597,478134,5
2529.8773721641874,5598,478187,4
19097.06391273284,5599,478327,6
8361.006481133105,5600,478472,5
13921.149285011516,5601,478578,5
43035.69623814812,5602,478660,7
25421.198036999125,5603,478779,6
-17272.97483347406,5604,478912,3
25881.651175621766,5605,478993,6
-2976.8513635057748,5606,479092,4
19525.443722943724,5607,479131,5
8859.792222255543,5608,479276,5
-1474.1777830013123,5609,479293,3
-6218.13651218063,5610,479346,3
-5967.361543496029,5611,479407,3
27895.950468949704,5612,479487,6
8056.902486058836,5613,479519,4
21131.904761904763,5614,479532,5
8071.415288143229,5615,479653,5
10408.385780885777,5616,479762,5
-3281.905595825036,5617,480000,5
-1792.1071678579417,5618,480082,4
-7845.3617420161545,5619,480122,3
-15760.16743189731,5620,480244,3
5498.872793872792,5621,480369,5
9626.633671061894,5622,480609,6
-19560.799200799192,5623,480730,3
-4331.3838155121975,5624,480758,3
12222.737678987676,5625,480858,5
-1609.539515342869,5626,481045,5
5397.448593073593,5627,481109,4
-6276.314478401598,5628,481378,5
11827.88824436658,5629,481648,6
-4415.372225813402,5630,481666,3
5029.134476634481,5631,481720,4
14207.307367555042,5632,481861,5
15105.301226551228,5633,481909,5
-3969.0324063621274,5634,481944,3
21908.80321067821,5635,482020,5
17296.203102453102,5636,482079,5
19654.620395943926,5637,482191,6
-13726.208095310263,5638,482289,3
2758.2550047991176,5639,482394,4
-3421.155566140086,5640,482421,3
23788.636416940026,5641,482559,6
-1061.8051393051394,5642,482576,3
14390.663511325276,5643,482651,5
23675.529658250245,5644,482828,7
266.8204477840692,5645,482912,4
14762.737386882123,5646,482974,5
20947.61352038055,5647,483097,6
31098.57202566955,5648,483186,6
-1668.3533133533103,5649,483290,4
23200.757572750605,5650,483414,6
-2810.8315295815296,5651,483429,3
23497.43561164311,5652,483485,5
16944.865551115552,5653,483529,5
65.18217893217937,5654,483598,4
-5522.048229548229,5655,483636,3
15345.10860269761,5656,483753,5
9004.35892796574,5657,483967,6
5738.23429838136,5658,484127,5
29881.041597291594,5659,484164,6
6522.543374572385,5660,484322,5
20378.737805022636,5661,484416,6
24381.765873015876,5662,484497,6
15727.68192913897,5663,484574,5
-28897.370955927436,5664,484883,4
20738.6747974248,5665,484927,5
-1560.8850899179347,5666,485032,4
23478.971788015897,5667,485141,6
12838.53923853924,5668,485214,5
-556.5727426131193,5669,485365,4
-7533.446166070511,5670,485433,3
7343.127705627708,5671,485481,4
10048.916777666776,5672,485521,4
-3510.743978243973,5673,485714,5
-11010.331890331892,5674,485773,3
-3794.3370123168875,5675,485900,4
10872.584796739206,5676,486002,5
8466.955780231789,5677,486060,4
3195.289987789989,5678,486123,4
-32587.526076864273,5679,486443,4
-12181.33513824497,5680,486519,3
34757.79063460582,5681,486634,7
30407.361111111113,5682,486683,6
-14101.390301734735,5683,486782,3
4901.246045621047,5684,486930,5
12261.967893217894,5685,486975,5
-4131.356658047835,5686,486989,3
-1639.2346542346554,5687,487141,5
-3605.6313131313127,5688,487167,3
3074.1568519200077,5689,487245,4
33720.23922800625,5690,487313,6
13755.434413461233,5691,487429,5
-22228.846778828763,5692,487576,3
-25359.259109875784,5693,487742,3
22397.049825174825,5694,487875,6
-4719.981684981684,5695,487897,3
-2863.8944388944387,5696,487906,3
26704.807067932066,5697,488051,7
-14501.326543683355,5698,488132,3
25913.157836539875,5699,488449,8
3545.3953680908016,5700,488612,5
3683.9028960786627,5701,488669,4
21701.15107115107,5702,488714,5
29890.61827061827,5703,488767,6
-15446.865836047331,5704,489041,4
10813.994477744476,5705,489139,5
25481.86482334315,5706,489250,6
-5725.624375624375,5707,489273,3
27130.960673313617,5708,489368,6
5245.364933269352,5709,489545,5
6444.059421400747,5710,489590,4
-3435.135975135976,5711,489658,4
6626.217534400579,5712,489791,5
-15444.290804523844,5713,489954,4
-6985.831203110614,5714,489983,3
2758.2715242274035,5715,490063,4
-9220.546328671328,5716,490099,3
7927.171849907916,5717,490247,5
-8063.227397602399,5718,490312,3
10671.625392581278,5719,490398,5
-20173.6777816267,5720,490559,3
3385.326631834233,5721,490714,5
-25239.455348573003,5722,490938,4
-5016.805041363866,5723,490973,3
15882.362286471774,5724,491107,5
19485.78876189171,5725,491231,6
12643.06193806194,5726,491342,5
17488.30256344963,5727,491434,5
-13294.688763249134,5728,491527,3
7531.655427905424,5729,491626,5
-5970.126676943627,5730,491741,4
-9166.257006882006,5731,491792,3
-2270.6653762903766,5732,491877,4
-6929.378456510808,5733,491918,3
-2719.282106782107,5734,491939,3
22900.919913419915,5735,491971,5
9343.361846486847,5736,492001,4
23469.467316598908,5737,492155,6
-10998.888888888889,5738,492204,3
13359.033466533467,5739,492276,5
9987.846505060126,5740,492408,5
-1318.3327493370077,5741,492547,5
-4190.341464091463,5742,492579,3
11111.58003331378,5743,492714,5
4795.789210789211,5744,492749,4
8096.837064079709,5745,492875,5
24055.30411324142,5746,492972,6
-933.9285714285713,5747,492982,3
8249.905057747548,5748,493033,4
34961.88885869034,5749,493305,9
15550.357142857143,5750,493335,5
-5379.255144365439,5751,493398,3
16146.19318181818,5752,493500,5
-4694.954605722794,5753,493536,3
-2034.6778284065435,5754,493550,3
2699.3261803555924,5755,493673,5
-7868.440112266926,5756,493869,4
21236.905867824982,5757,493999,6
17745.31177156177,5758,494069,5
18195.20541958042,5759,494203,6
18262.883366633367,5760,494262,5
25625.86527003866,5761,494414,6
-3485.9702797202794,5762,494429,3
23190.021737378553,5763,494575,6
-7470.743081485526,5764,494825,5
-9030.342114706207,5765,495071,4
8964.869159478292,5766,495191,5
-17427.182539682537,5767,495265,3
11503.552697302692,5768,495393,5
29983.806875099443,5769,495570,7
13161.850233100226,5770,495657,5
15526.824911199918,5771,495712,5
-6670.104685690984,5772,496008,5
-1211.5756465756472,5773,496080,4
795.5555555555557,5774,496090,3
5668.257437007438,5775,496135,4
-3753.905677655678,5776,496147,3
-303.04623695877547,5777,496216,4
19334.805990578046,5778,496257,5
6423.546869796869,5779,496350,5
4720.711206335284,5780,496530,5
2608.050976800984,5781,496686,5
26690.30719280719,5782,496751,6
-7197.141032553938,5783,496856,3
4770.6727994228,5784,496908,4
-15946.274164269571,5785,497049,3
9325.681673159334,5786,497184,5
13634.52102936623,5787,497256,5
-7801.807147101265,5788,497300,3
21715.71144133644,5789,497403,6
30680.020208549617,5790,497455,6
5875.728853190153,5791,497588,5
12870.616605616608,5792,497682,5
26488.398268398272,5793,497729,6
-5116.988566988567,5794,497767,3
12760.918357528262,5795,497856,5
16447.366522366523,5796,497932,5
7828.371475338568,5797,498071,5
650.4563492063508,5798,498134,4
4860.311100294864,5799,498211,4
-3256.958596958596,5800,498310,4
-5548.095238095238,5801,498333,3
-3537.5676645336057,5802,498470,4
5128.844143257842,5803,498507,4
5457.326007326007,5804,498641,5
-2886.269841269841,5805,498657,3
14416.50557775558,5806,498734,5
-571.445676356665,5807,498835,4
-1769.3582459080226,5808,499103,5
-6437.15147382717,5809,499139,3
-8150.321328997798,5810,499197,3
14891.788987156637,5811,499300,5
5789.682368285307,5812,499347,4
20809.680621665917,5813,499413,5
14756.946027828379,5814,499505,5
-7504.6166531267145,5815,499643,4
24127.779026529028,5816,499714,6
22769.950486304206,5817,499837,6
6293.921554873839,5818,500103,6
-3814.8809523809523,5819,500119,3
-13193.581374674282,5820,500310,4
-8007.34126984127,5821,500351,3
36501.95039274451,5822,500466,7
-5009.603174603174,5823,500497,3
-12100.94905094905,5824,500561,3
-8136.963669375431,5825,500701,4
12643.576562326563,5826,500799,5
-27346.21402693995,5827,501119,4
-3034.687444908033,5828,501290,4
21396.720436426316,5829,501350,5
9675.63977688978,5830,501483,5
22575.017729341074,5831,501775,7
-13010.888882359466,5832,501927,4
4010.431235431235,5833,501975,4
9049.76287601288,5834,502121,5
-12756.590737693678,5835,502193,3
27993.557647716785,5836,502313,6
-1166.9341058408431,5837,502543,5
5853.841499058212,5838,502685,5
19698.218571074613,5839,502849,6
16209.328865578855,5840,502940,5
9631.063519813517,5841,503050,5
-4891.83105765923,5842,503282,5
7410.862148619989,5843,503355,4
-5760.283553513375,5844,503421,3
3181.030848236735,5845,503577,5
6053.820762570761,5846,503694,5
-13472.17116217116,5847,503791,3
-23626.45691381052,5848,503963,3
8082.713394491646,5849,504208,6
18276.450955090655,5850,504272,5
22887.102897102897,5851,504312,5
-6161.240842490843,5852,504361,3
19812.14856937594,5853,504437,5
16709.6178114728,5854,504685,7
2083.820762570764,5855,504732,4
-24020.696248196244,5856,504844,3
11571.531801531803,5857,504869,4
-19139.48512594216,5858,505014,3
10676.457643663529,5859,505123,5
91.11291486291543,5860,505203,4
-561.2148962148957,5861,505367,5
22282.351617680564,5862,505415,5
14114.030324250914,5863,505507,5
-14812.099354893468,5864,505591,3
11089.589487310075,5865,505682,5
-3016.524772192199,5866,505718,3
35596.67563473678,5867,505834,7
-20060.296296840424,5868,506081,4
10368.898878898877,5869,506115,4
-4747.879596053055,5870,506154,3
20564.811560838625,5871,506207,5
953.7812194909359,5872,506333,4
-13399.779317904331,5873,506570,5
21494.81211255205,5874,506610,5
18167.943722943724,5875,506637,5
10547.474747474746,5876,506653,4
-13482.126823125276,5877,506743,3
-2348.206782038051,5878,506756,3
18264.310232251413,5879,506845,5
8599.487789687093,5880,506907,4
-5899.661372124615,5881,507155,5
-10237.587412587412,5882,507212,3
-8633.910164296152,5883,507285,3
-6850.277850374598,5884,507330,3
6868.563299445648,5885,507360,4
-12055.19130336468,5886,507439,3
14335.57189306222,5887,507550,5
30310.408896658897,5888,507636,6
11881.87867687868,5889,507720,5
28458.725104669047,5890,507964,7
-3919.335293189782,5891,507981,3
-9690.916933691118,5892,508237,5
-22121.818181818184,5893,508345,3
26017.57756132756,5894,508427,6
-604.4444444444443,5895,508441,3
2328.5119047619046,5896,508480,4
-12184.343434343435,5897,508537,3
-10856.682900432896,5898,508599,3
11034.532273282275,5899,508687,5
-3277.289650493985,5900,508828,4
16835.992321661826,5901,508992,6
676.3332865964403,5902,509105,4
14288.70448995449,5903,509175,5
4365.7499168675795,5904,509263,4
-9214.068591367355,5905,509355,3
2920.049696820208,5906,509437,4
18769.887751137754,5907,509465,5
-15407.562576312575,5908,509559,3
-7846.156204906206,5909,509610,3
-6642.282985976872,5910,509641,3
16431.565101565102,5911,509698,5
-13735.33266991754,5912,509881,4
5326.719114219113,5913,509928,4
16638.072051787225,5914,509998,5
13324.682539682537,5915,510083,5
-2581.4285714285716,5916,510095,3
4754.362579752103,5917,510150,4
7547.793179043177,5918,510188,4
-15103.685285302932,5919,510284,3
8233.780269008597,5920,510426,5
-2997.6556776556777,5921,510436,3
21101.32215007215,5922,510454,5
37947.73741265614,5923,510611,7
13239.804917304915,5924,510689,5
-9117.64154080018,5925,510767,3
22284.98683914125,5926,510803,5
7053.1964956268375,5927,510941,5
-2738.103367221014,5928,510951,3
47715.11047410623,5929,511063,8
-3331.4227580984543,5930,511076,3
10402.195000563117,5931,511213,5
21189.301948051947,5932,511271,5
-2049.5439609410196,5933,511294,3
30517.467086147422,5934,511390,6
-10132.569064707222,5935,511561,4
20639.1052003552,5936,511698,6
-15553.822843822843,5937,511784,3
-18407.556852332396,5938,511957,3
-6370.328441338503,5939,512142,5
28386.25497159359,5940,512205,6
12671.439680031017,5941,512297,5
-4492.707219251336,5942,512318,3
7181.193528693533,5943,512405,5
23240.676406926414,5944,512477,6
7885.283327783329,5945,512607,5
-6657.281746031747,5946,512647,3
19695.0777000777,5947,512693,5
12416.460238248163,5948,512813,5
138.3836992863105,5949,512905,4
30194.1514041514,5950,512943,6
114.84917954048808,5951,513107,5
23241.826909760344,5952,513237,6
15301.699027236951,5953,513327,5
11791.721611721614,5954,513386,5
26041.20074370074,5955,513466,6
10868.114940614942,5956,513607,5
11757.742201039417,5957,513787,6
22979.889500670717,5958,513913,6
2832.965090465089,5959,514032,5
5033.871683871683,5960,514071,4
1283.682012432012,5961,514147,4
19097.08416583417,5962,514277,6
2521.246534468279,5963,514441,5
11195.516248886986,5964,514522,5
5052.276681250129,5965,514586,4
6050.471181295486,5966,514617,4
-3497.4188311688313,5967,514638,3
-2850.1076741885568,5968,514648,3
5306.3452929938985,5969,514796,5
20509.963072058657,5970,514852,5
15315.470120265012,5971,514918,5
9273.571844821845,5972,515049,5
-3653.8068875568874,5973,515071,3
974.6605570212371,5974,515148,4
10746.519213715428,5975,515318,5
5348.461746586746,5976,515441,5
-2598.2764457764433,5977,515583,5
15752.336972667856,5978,515660,5
16743.095238095237,5979,515683,5
2954.6270795767728,5980,515876,5
-16418.199161949153,5981,516148,5
-6481.456842883415,5982,516204,3
34616.66305916307,5983,516301,7
2313.709808199298,5984,516560,6
5652.116551748904,5985,516701,5
-2905.9438892720623,5986,516818,4
6919.432234432237,5987,516949,5
1197.5871438932584,5988,517001,4
25251.158539173244,5989,517032,5
8704.719536998948,5990,517185,5
17544.107142857145,5991,517238,5
17000.122655122657,5992,517276,5
-8187.975706783758,5993,517311,3
-15634.481363280831,5994,517596,4
38623.37070231485,5995,517827,8
23712.669413919408,5996,517922,6
8139.139034984626,5997,517940,4
-22180.85577901183,5998,518243,5
-5530.200355200355,5999,518271,3
9170.804401436046,6000,518357,5
-1956.2742812742813,6001,518378,3
18877.562436273733,6002,518433,5
-9762.533748930804,6003,518623,5
-3921.213415067904,6004,518640,3
-34029.064953562454,6005,518857,3
20646.090759515686,6006,518918,5
6008.089826839829,6007,519037,5
20965.873015873014,6008,519066,5
11964.295733291476,6009,519156,5
-3812.803169053169,6010,519172,3
18566.35623771653,6011,519243,5
27435.116827616832,6012,519336,6
-6630.232757438641,6013,519373,3
-4427.655677655677,6014,519389,3
-24292.44505494504,6015,519548,3
25245.476190476198,6016,519596,6
3369.268799441017,6017,519791,5
-8979.142870803085,6018,519897,3
1270.5620508326106,6019,520002,4
17302.83171485378,6020,520076,5
-6095.8242494949145,6021,520116,3
17312.638273319393,6022,520287,6
21540.52587792063,6023,520541,7
38455.34090909091,6024,520633,7
-4207.956487956488,6025,520667,3
1521.3181331911974,6026,520782,4
2504.854034854038,6027,520831,4
-1315.2453102453103,6028,520845,3
-6190.9190620181325,6029,520979,4
10795.337301587302,6030,521003,4
-11244.134346046112,6031,521158,4
20599.125180375177,6032,521200,5
13152.26911976912,6033,521285,5
-3493.671328671329,6034,521297,3
18893.620886122822,6035,521365,5
-2636.890470640471,6036,521384,3
17349.67615717616,6037,521436,5
11657.909995920832,6038,521557,5
-13773.588111235173,6039,521725,4
16524.287261586025,6040,521806,5
-31090.394595514543,6041,522262,5
7779.2866425799875,6042,522426,5
-11023.81877752301,6043,522532,3
-115.3188375092368,6044,522640,4
17427.093152590438,6045,522726,5
8098.514908723882,6046,522828,5
5853.609307359309,6047,522860,4
5829.12518037518,6048,522892,4
4168.7624535766945,6049,523030,5
8290.967643467646,6050,523107,5
12334.406797099786,6051,523213,5
-7067.721861471863,6052,523260,3
-13098.058974890151,6053,523397,4
34310.593434343435,6054,523425,6
20808.61644891058,6055,523562,6
37369.27505092947,6056,523659,7
2864.4576512668586,6057,523769,4
-12655.848808054689,6058,523839,3
-3199.873394579277,6059,523863,3
12348.104285420453,6060,524172,8
22762.693782825347,6061,524308,6
-2633.316683316684,6062,524320,3
213.67063492063517,6063,524393,4
-1991.885346503901,6064,524640,5
10618.050144300143,6065,524724,5
18061.68026418027,6066,524796,5
4524.059274059272,6067,524927,5
-655.6981580510999,6068,525008,4
10761.345440906893,6069,525158,5
8095.267241457563,6070,525182,4
-16113.856589730483,6071,525452,5
-6458.308445749524,6072,525738,5
9783.534506055707,6073,525784,4
5185.63628523105,6074,525977,5
24463.136585636585,6075,526055,6
535.099929310459,6076,526132,4
34368.95833333333,6077,526207,7
12271.262071262063,6078,526396,6
-9405.762126721036,6079,526559,4
51683.89138639141,6080,526645,8
24332.40731490731,6081,526757,6
4253.58832193778,6082,526817,4
3970.1476995227013,6083,526942,5
14101.052558552563,6084,526998,5
19936.629204129204,6085,527048,5
22101.709956709958,6086,527090,5
14003.869047619048,6087,527155,5
-3927.5965527396584,6088,527204,3
18257.36281692164,6089,527248,5
10240.296982429334,6090,527366,5
18652.291983472333,6091,527512,6
-255.5890798167278,6092,527637,4
20438.819835135626,6093,527691,5
2846.7639159086566,6094,527843,5
12840.243090243092,6095,527922,5
7417.910372931861,6096,528129,6
-3316.4530264627056,6097,528242,4
-3440.3325840825837,6098,528266,3
-8422.01885412178,6099,528466,4
10828.894022644019,6100,528561,5
11526.838439338439,6101,528642,5
19333.072729404874,6102,528712,5
19417.444323653937,6103,528755,5
-825.7054750804747,6104,528823,4
34226.201260040274,6105,528947,7
-11541.326635181125,6106,529007,3
34876.09002109003,6107,529132,7
-21083.975838178972,6108,529305,3
12061.760207886366,6109,529442,5
20921.238622488625,6110,529492,5
1989.5080132715584,6111,529582,4
7307.926968542292,6112,529716,5
-6818.987123987124,6113,529758,3
-9174.844599844599,6114,529821,3
-4679.619197638784,6115,529943,4
-19696.534241687106,6116,530195,4
12407.840173019767,6117,530323,5
8213.258130758128,6118,530435,5
26035.365270479433,6119,530508,6
21259.240620490626,6120,530565,5
-14169.570757918355,6121,530864,5
11392.242577532463,6122,531058,6
38053.06938344967,6123,531189,7
11261.386200229079,6124,531291,5
27818.39197996706,6125,531369,6
7682.170421846066,6126,531457,4
-11672.035356284581,6127,531553,3
10992.234601664371,6128,531676,5
-157.1428571428571,6129,531686,3
4074.3315018315006,6130,531827,5
11696.598908487453,6131,531939,5
-6000.86038961039,6132,531971,3
782.1687462863972,6133,532114,5
5886.96771337874,6134,532295,5
8137.039667848494,6135,532455,5
7291.260427094408,6136,532580,5
-3072.4601787101797,6137,532758,5
19042.261904761905,6138,532793,5
-7578.831421528623,6139,532854,3
19245.036768786766,6140,532922,5
16469.594294594295,6141,532985,5
9428.727280256482,6142,533126,5
-10888.909496076676,6143,533228,3
41425.06264976852,6144,533430,8
-2695.912698412699,6145,533448,3
-6343.1206285115,6146,533719,5
2958.283456739336,6147,533785,4
-2232.8787878787875,6148,533808,3
12708.13667325331,6149,533870,5
-6746.111813023579,6150,533999,4
4792.774272296335,6151,534138,5
10617.17587967587,6152,534247,5
-2622.65873015873,6153,534264,3
-6558.198398823399,6154,534309,3
8727.439643689644,6155,534351,4
20003.239972961328,6156,534530,6
13124.52727827728,6157,534603,5
11673.631507381513,6158,534791,6
-6716.586885336887,6159,534931,4
14990.500372109604,6160,535016,5
31516.607142857145,6161,535051,6
-7807.023809523808,6162,535085,3
8351.245837495842,6163,535183,5
-4767.728782225686,6164,535206,3
13526.536772051477,6165,535301,5
15671.45784856698,6166,535476,6
3261.9464831693977,6167,535683,6
-5508.6406725444285,6168,535748,3
-16323.736016305676,6169,535861,3
15544.226329226327,6170,535956,5
15887.796714248789,6171,536133,6
-6548.284193018414,6172,536353,5
-23460.79319287524,6173,536489,3
11471.771606231743,6174,536583,5
5284.772363382791,6175,536695,5
3094.523721892141,6176,536773,4
18461.565305590742,6177,536882,6
6710.9523809523835,6178,536910,4
-1884.1455681196062,6179,537079,4
22005.709013209012,6180,537120,5
299.6052784728936,6181,537362,5
-30706.341420017896,6182,537566,3
-2758.284068872304,6183,537585,3
14061.743934170405,6184,537630,5
10738.217413989223,6185,537806,6
422.6068050437939,6186,537945,4
49037.97974589012,6187,538094,8
24290.768398268396,6188,538118,5
-533.2142857142858,6189,538130,3
-6940.882278588732,6190,538189,3
29927.204392829393,6191,538230,6
-12350.922349709115,6192,538311,3
12074.364433940675,6193,538350,4
-8353.78049567981,6194,538531,4
28824.89923067129,6195,538654,7
10758.537805074178,6196,538688,4
12608.31175618327,6197,538776,5
13441.21708614743,6198,538947,6
953.9054332320634,6199,539113,5
1318.9680610926732,6200,539183,4
-5035.252664002662,6201,539351,5
-4297.023809523809,6202,539372,3
8898.367882117886,6203,539440,5
28106.856692499103,6204,539588,7
17496.179653679654,6205,539627,5
-5861.094486379136,6206,539859,5
20799.368131868134,6207,539881,5
-6068.853420871527,6208,539954,3
22903.059440559442,6209,539993,5
-6719.525335775337,6210,540181,5
-7561.031135878524,6211,540245,3
18793.256327006326,6212,540307,5
15790.4230940628,6213,540409,5
9434.970336036513,6214,540426,4
18147.28221533369,6215,540467,5
7201.48448773449,6216,540551,5
18033.775550429964,6217,540642,5
22215.430043812405,6218,540778,6
1168.741896536181,6219,540862,4
26945.113502338736,6220,540923,6
14478.734815236363,6221,541012,5
-5901.05339105339,6222,541050,3
-10701.67006196418,6223,541116,3
17157.552292478766,6224,541167,5
9071.984126984125,6225,541189,4
11653.502936047442,6226,541386,6
9260.554584304584,6227,541483,5
-3559.2671898534904,6228,541501,3
9096.344003219005,6229,541636,5
6437.154512154516,6230,541678,4
5667.865051615052,6231,541721,4
21013.984626484627,6232,541757,5
-356.9988344988356,6233,541835,4
5921.151179215184,6234,542004,5
30257.481697906045,6235,542096,6
20942.64520610109,6236,542158,5
-7437.939144189144,6237,542287,4
17281.467421467423,6238,542349,5
2897.219187678807,6239,542412,4
14097.345125652519,6240,542535,5
5062.698902404781,6241,542685,5
24493.638583638585,6242,542775,6
18176.9921650417,6243,542865,5
11039.604840893538,6244,542903,4
9158.690476190479,6245,542939,4
18790.12913372131,6246,543018,5
18151.37987012987,6247,543075,5
-3681.1466039176867,6248,543092,3
13127.225826662827,6249,543257,5
1914.2782733262657,6250,543557,6
12553.646492396494,6251,543638,5
8310.80930507401,6252,543690,4
3062.5260449082543,6253,543904,5
17110.81487956488,6254,543975,5
8065.2065989566,6255,544003,4
5927.901467942107,6256,544173,5
2210.6159290485916,6257,544374,5
9613.612498612505,6258,544465,5
43201.81533744034,6259,544530,7
-31930.298979467603,6260,544879,4
1773.2817350348303,6261,544945,4
-51949.77640319702,6262,545324,3
34793.82828364446,6263,545464,7
20561.218456895702,6264,545594,6
665.4933671419725,6265,545789,5
-4962.002164502165,6266,545826,3
3862.5816752906503,6267,545976,5
21598.134053339167,6268,546098,6
1233.8656793842551,6269,546193,4
7066.220700385898,6270,546374,5
3023.514100278804,6271,546511,5
-9920.46828171828,6272,546565,3
7916.794285426583,6273,546848,6
11087.852551921544,6274,546966,5
10007.795159623438,6275,547115,5
9272.662108962673,6276,547256,5
28126.528508256444,6277,547351,6
19880.07820852626,6278,547438,5
-10823.925256112698,6279,547499,3
15519.881872943022,6280,547598,5
3202.7549467216636,6281,547648,4
8710.873764823067,6282,547805,5
1130.6748806748822,6283,547890,4
-1470.8091706195414,6284,548067,5
-13750.216435530861,6285,548202,3
25847.75435048268,6286,548289,6
-11664.704853969557,6287,548459,4
7324.479825729825,6288,548571,5
12700.874357308008,6289,548687,5
2682.062476126348,6290,548887,5
4513.430863568161,6291,548955,4
25754.170274170272,6292,549034,6
14673.948016852431,6293,549124,5
-10071.11888111888,6294,549189,3
-3491.8706293706296,6295,549208,3
8223.81313131313,6296,549255,4
5166.754356754354,6297,549295,4
8616.901085026082,6298,549331,4
14618.793706293709,6299,549409,5
13056.913734350857,6300,549537,5
-1867.3232323232323,6301,549550,3
15453.126456876462,6302,549615,5
2730.550554583319,6303,549704,4
5344.6587440337435,6304,549759,4
-10958.537919124217,6305,549823,3
14386.095433950351,6306,550025,6
-880.7131855073067,6307,550175,5
20414.281763987652,6308,550220,5
12302.017319902096,6309,550334,5
-860.9875900953247,6310,550567,5
12889.988761238765,6311,550630,5
13200.109068777798,6312,550762,5
-6470.350229620736,6313,550905,4
6773.464035964038,6314,551006,5
21536.4524317272,6315,551063,5
21208.323482073483,6316,551200,6
15266.5404040404,6317,551262,5
7287.474970849586,6318,551423,5
9257.272563271517,6319,551573,5
-3702.389081506729,6320,551587,3
19457.40079365079,6321,551626,5
-3318.8576741885563,6322,551637,3
10610.07554945055,6323,551661,4
-8980.52960927961,6324,551704,3
8598.4733534869,6325,551862,5
-12642.608551579144,6326,551936,3
-11518.098660976548,6327,552216,5
4897.908896658894,6328,552282,4
-4635.189156818415,6329,552304,3
4127.175770136297,6330,552462,5
21312.56578453367,6331,552637,6
-4438.262530065773,6332,552830,4
2284.4072594072536,6333,552927,4
19917.291874791877,6334,553038,6
19263.570259719643,6335,553141,5
5711.320982938632,6336,553287,5
20287.031718281716,6337,553313,5
15999.378959533757,6338,553432,5
19341.764069264067,6339,553452,5
-5382.254833659636,6340,553606,4
-16412.400793650806,6341,553722,3
9292.761525110602,6342,553868,5
-2812.9152791652805,6343,554020,5
20179.732489732494,6344,554132,6
8862.315767102584,6345,554164,4
15660.21153704397,6346,554236,5
38836.894213672465,6347,554319,7
-11217.447517652623,6348,554397,3
10814.768356643357,6349,554471,5
8701.738816738818,6350,554551,5
-5470.431096681095,6351,554601,3
-3197.676747272335,6352,554624,3
7328.571632615752,6353,554687,4
4249.831002331,6354,554729,4
10480.971880567045,6355,554878,5
18488.344954409193,6356,554941,5
2085.790182040185,6357,555022,4
-6602.428111104581,6358,555150,4
98.02183927183995,6359,555233,4
22182.66136641137,6360,555300,6
30219.997086247084,6361,555352,6
22115.47619047619,6362,555368,5
-17159.23361210513,6363,555489,3
-3190.731108416867,6364,555534,3
22255.49131424131,6365,555671,7
14895.666400219337,6366,555769,5
14962.184065934067,6367,555798,5
2336.6443278943293,6368,555951,5
-4201.890658361247,6369,555989,3
14310.728483327368,6370,556084,5
5303.661734507326,6371,556231,5
20793.255297334246,6372,556258,5
-415.1096426793009,6373,556343,4
-9965.179195804198,6374,556412,3
3978.9966406142894,6375,556667,6
-11934.452214452213,6376,556735,3
27424.03069969246,6377,556795,6
22980.85450862348,6378,556931,6
-4320.174825174825,6379,556955,3
20049.256198355368,6380,557028,5
-24248.055530640675,6381,557228,3
-3983.2643414377158,6382,557261,3
29928.214008214014,6383,557430,7
7711.4711670768165,6384,557587,5
-8802.582080801898,6385,557830,5
17061.76837051837,6386,557874,5
18489.15404603448,6387,557913,5
-13003.633796758799,6388,557974,3
8692.92532387969,6389,558097,5
6187.652363975895,6390,558248,5
-6792.727272727272,6391,558283,3
14099.682539682537,6392,558337,5
30025.704463020644,6393,558475,6
-9433.525537948237,6394,558678,4
8291.309523809525,6395,558695,4
-9252.297128825765,6396,558901,5
3763.9203752903427,6397,559066,5
27413.990800865795,6398,559218,7
-30050.779024896674,6399,559394,3
9913.8818482784,6400,559563,5
-6326.923631923633,6401,559602,3
21301.15301365302,6402,559641,5
19304.589016934213,6403,559707,5
6729.833818142647,6404,559804,5
5896.024661612896,6405,559937,5
-9689.49141136641,6406,559995,3
-13177.994227994228,6407,560062,3
-4636.243792542167,6408,560104,3
24213.443096935745,6409,560299,7
15753.683519782586,6410,560492,6
-15453.397158397154,6411,560573,3
12824.107142857143,6412,560647,5
18542.617255652334,6413,560777,6
10939.848705216355,6414,560886,5
19900.833333333332,6415,560913,5
-8888.062073078581,6416,561158,5
6829.480831990497,6417,561306,5
-6855.576368076367,6418,561378,3
-19866.330164933108,6419,561498,3
-14429.369948693713,6420,561690,4
-11316.710719835719,6421,561766,3
14112.114968364967,6422,561834,5
8313.358447108447,6423,561862,4
1584.3638933306113,6424,561916,4
28009.424840566408,6425,562032,6
9270.142216744383,6426,562171,5
19950.954600954603,6427,562210,5
306.0197971962679,6428,562222,3
523.0586450387218,6429,562438,5
21548.26368076368,6430,562489,5
-23063.758569002373,6431,562635,3
31714.172020789672,6432,562774,7
-7471.470612720614,6433,562892,4
-10453.181818181816,6434,562949,3
14821.901154401152,6435,563013,5
21825.65698190698,6436,563110,6
-13308.479935097586,6437,563347,5
19398.50170662671,6438,563390,5
-6183.53896103896,6439,563421,3
12927.78289177283,6440,563498,5
-10544.27683835772,6441,563577,3
9724.673883907637,6442,563773,6
30043.646144447237,6443,563890,6
13597.242728032203,6444,563952,5
14450.89826839827,6445,564001,5
13339.112125341187,6446,564211,6
24137.02505827506,6447,564246,5
15726.980519480518,6448,564318,5
-3168.928987678986,6449,564423,4
3903.203461914759,6450,564567,5
-2289.702267546695,6451,564581,3
38.80952380952448,6452,564635,4
5265.285825285823,6453,564763,5
-7734.927572427572,6454,564814,3
3859.9284049284024,6455,564977,5
18599.822024380846,6456,565121,6
10716.030477520417,6457,565263,5
13690.738077282193,6458,565350,5
14284.268134695432,6459,565584,6
-3585.051060051063,6460,565732,5
-2604.8663836163837,6461,565746,3
-1014.3664668664637,6462,565898,5
-4250.879750381534,6463,565917,3
4984.051232387734,6464,566126,6
15585.325369075368,6465,566184,5
-19627.198773448767,6466,566350,4
1806.839826839826,6467,566510,5
16028.686625830242,6468,566613,5
-2097.646103896104,6469,566629,3
15152.645440047007,6470,566749,5
24091.524988360234,6471,566874,6
7148.462762727477,6472,567141,7
7112.82320620556,6473,567263,5
17215.903679653682,6474,567380,6
-6005.455798286681,6475,567409,3
1005.1246710805549,6476,567508,4
1908.6458369764896,6477,567713,5
-4010.6502566061386,6478,567731,3
8843.194394614675,6479,567862,5
-32490.621366787756,6480,568101,3
-1918.2009167303281,6481,568115,3
-4952.904040404041,6482,568144,3
13379.720213996532,6483,568235,5
-7488.897446507742,6484,568290,3
10770.284562358864,6485,568389,5
17146.34559884559,6486,568434,5
16802.42384249737,6487,568521,5
-4929.124252510478,6488,568661,4
-4499.579864579865,6489,568692,3
10058.888612032963,6490,568832,5
-17564.027508439274,6491,568938,3
15979.891105626402,6492,569013,5
19068.098072378256,6493,569071,5
5897.023809523806,6494,569155,5
19889.775268021407,6495,569212,5
-4000.397472324718,6496,569237,3
11353.495230259929,6497,569395,6
3475.7486156344507,6498,569473,4
12259.462481962482,6499,569558,5
-10468.77580752581,6500,569846,5
3910.0224775224747,6501,570047,6
-1517.7240340984495,6502,570300,5
9762.499722499724,6503,570328,4
-852.8590674479973,6504,570552,5
13125.7039937187,6505,570634,5
33828.60511544849,6506,570707,6
21754.265873015876,6507,570794,6
-6701.100431431313,6508,570824,3
-13255.37944425715,6509,570895,3
2705.1212919534382,6510,570998,4
4191.10508549646,6511,571086,4
19602.02908202908,6512,571126,5
13569.05858030858,6513,571283,6
12204.304445554442,6514,571348,5
1683.6932479714994,6515,571502,5
5966.6003128073235,6516,571618,5
-9333.221500721502,6517,571670,3
16950.734126984127,6518,571711,5
-2704.285714285714,6519,571721,3
17792.06433573306,6520,571887,6
-20259.6699230609,6521,572025,3
-27005.783549096235,6522,572370,5
5967.875342592753,6523,572529,5
-12357.071400821394,6524,572610,3
3303.162963197793,6525,572672,4
-19825.604256854254,6526,572786,3
9324.077708926781,6527,572923,5
-3249.0968840315977,6528,572956,3
9929.546142711775,6529,573072,5
13319.301142107655,6530,573221,5
5854.841174262611,6531,573363,5
-3394.180352885849,6532,573453,4
30871.230158730163,6533,573501,6
30378.93759018759,6534,573560,6
6901.542982198153,6535,573731,5
9371.940585466711,6536,573862,5
9940.045101527301,6537,574001,5
7695.640088408022,6538,574154,5
-6662.4923212752155,6539,574289,4
22406.89366189366,6540,574317,5
-3689.4444444444443,6541,574339,3
-2996.111710357067,6542,574379,3
-14614.857090364047,6543,574575,4
-5404.636019751189,6544,574831,5
-8141.065821433472,6545,575043,5
16393.24884674149,6546,575108,5
9780.798159743596,6547,575221,5
34082.04213597235,6548,575250,6
19307.539682539686,6549,575297,5
920.4903429903434,6550,575439,5
-21395.85541049938,6551,575597,3
8896.523370420427,6552,575730,5
1865.3638757196084,6553,575843,4
3737.4603174603167,6554,575879,4
-13041.311687538468,6555,575957,3
222.94027781644184,6556,576042,4
-74.9916749916747,6557,576060,3
18954.14696414696,6558,576114,5
4646.682650854476,6559,576284,5
-7202.888484494521,6560,576501,5
-5929.218004218004,6561,576527,3
5741.475746475746,6562,576566,4
7216.510156510159,6563,576595,4
29321.20615495616,6564,576675,6
-4049.3394105894104,6565,576717,3
22151.99314574315,6566,576745,5
5080.6487915679145,6567,576888,5
16615.99343058902,6568,576971,5
-4586.999419569079,6569,576996,3
-992.4334244187196,6570,577173,5
12370.230227503836,6571,577274,5
-11669.508893883894,6572,577347,3
13534.53569091727,6573,577444,5
19862.60758032817,6574,577582,6
1675.6429446811424,6575,577739,5
-8512.179242326303,6576,577877,4
-3072.4829985975493,6577,577898,3
-5402.508741258743,6578,577928,3
-3098.809523809523,6579,577949,3
-11089.847429985097,6580,578033,3
18947.558626014514,6581,578119,5
-188.50579975579421,6582,578281,5
25943.427721014792,6583,578372,6
40460.23434898435,6584,578461,7
-4538.570309879991,6585,578485,3
640.6564751019757,6586,578577,4
5489.359464513592,6587,578696,5
-3651.428571428571,6588,578713,3
-1378.7502122060916,6589,578878,5
21368.46653346653,6590,578915,5
8426.889577141123,6591,579023,5
-5063.9235764235755,6592,579229,5
3145.3247691850675,6593,579304,4
-8137.273170526103,6594,579390,3
-3940.91368813505,6595,579504,4
9211.128287730204,6596,579690,5
-18514.70821082083,6597,580062,5
15717.86000610978,6598,580146,5
14943.750016323545,6599,580271,5
-8790.1043124533,6600,580549,5
8369.089284898108,6601,580690,5
-8423.770326895326,6602,580744,3
7103.601748780675,6603,580930,6
14271.798291577703,6604,581010,5
19822.106088356093,6605,581041,5
24434.801172909516,6606,581225,6
-5739.375881471469,6607,581248,3
-3428.3398056192177,6608,581268,3
-7444.513389427611,6609,581401,4
11829.808108558113,6610,581493,5
29995.801215897965,6611,581735,8
1277.8676874381194,6612,581849,5
-11701.04020979021,6613,581910,3
-4803.466647731349,6614,582155,5
-11830.935370958587,6615,582328,4
-585.3579235951547,6616,582662,7
17173.372738372727,6617,582751,5
8472.454628704627,6618,582879,5
7593.492063492065,6619,582896,4
17599.35522810523,6620,583016,6
-4412.723619689564,6621,583044,3
-25290.142685187184,6622,583266,4
16936.345865177133,6623,583339,5
4482.874625374628,6624,583399,4
-10714.322344322347,6625,583473,3
30850.288600288593,6626,583531,6
7558.10983850084,6627,583602,4
14244.909434755058,6628,583716,5
-4829.893023643024,6629,583741,3
7042.916666666666,6630,583765,4
34375.68063052245,6631,583905,7
7104.994658119654,6632,583959,4
6676.944444444445,6633,584134,6
2350.3133464440148,6634,584287,4
15684.790045779668,6635,584392,5
20138.820917644443,6636,584458,5
-1946.7041040943832,6637,584573,4
11158.270056182211,6638,584723,5
-5195.555062197865,6639,584858,4
5032.885441260782,6640,584940,4
-4481.979548229553,6641,585137,5
-22.738372738372732,6642,585148,3
-11117.283304930364,6643,585375,5
977.5199228875697,6644,585469,4
-2879.593915501423,6645,585480,3
-2256.868686868687,6646,585503,3
21667.755790391246,6647,585625,6
-8271.623931623933,6648,585667,3
-7838.703732627884,6649,586003,6
29905.086926961925,6650,586134,7
-17128.418180375458,6651,586241,3
9186.992914206538,6652,586410,5
27256.925578291684,6653,586530,6
19812.019242916635,6654,586658,6
-7649.773779188909,6655,586718,3
-12021.858003108002,6656,586800,3
31085.249750249746,6657,586897,7
-10157.465279818221,6658,586962,3
-10537.476504833316,6659,587102,4
4107.23263900702,6660,587211,4
-15237.052411812476,6661,587424,4
-6984.381204021297,6662,587466,3
14223.432539682539,6663,587543,5
-12472.111251106991,6664,587632,3
-5343.544164169166,6665,587721,4
20252.160352547347,6666,587763,5
-12164.609973359975,6667,587832,3
-5291.762025169533,6668,587859,3
-26510.27553994852,6669,588134,4
17356.65032808609,6670,588358,6
-5883.9941308691305,6671,588398,3
-6342.389081506728,6672,588425,3
-21692.30880961144,6673,588566,3
20831.718968381112,6674,588623,5
-13700.940281299663,6675,588736,3
19046.229603729607,6676,588794,5
5290.119047619046,6677,588826,4
13409.228486682352,6678,588905,5
-11739.826264207064,6679,589102,4
-13421.144149967678,6680,589279,4
15922.087863117273,6681,589379,5
-4285.752372627371,6682,589405,3
13741.148485823911,6683,589538,5
39988.31307581308,6684,589618,7
-10383.991523182705,6685,589857,5
1760.0241425241406,6686,590026,5
9965.47671390357,6687,590136,5
11569.373265623268,6688,590155,4
22207.497194684744,6689,590420,7
1909.678002595962,6690,590606,5
9068.953823953821,6691,590674,5
-2611.130838975266,6692,590689,3
31220.684760480384,6693,590854,7
12695.597989471826,6694,590960,5
20989.411699411703,6695,591091,6
19383.5216825658,6696,591202,6
-2355.0595238095234,6697,591215,3
-3932.2651372535297,6698,591333,4
20714.135439723672,6699,591472,6
-28999.918324709324,6700,591652,3
17856.60173160173,6701,591685,5
10078.954452996786,6702,591709,4
6456.370541223483,6703,591768,4
20667.383693662712,6704,591821,5
-11716.058325003838,6705,592028,4
16563.144914725795,6706,592169,6
13130.246087378693,6707,592287,5
7613.77344877345,6708,592320,4
-5379.33773689742,6709,592352,3
2447.8681041181026,6710,592423,4
20511.619010074894,6711,592454,5
9895.07450882451,6712,592553,5
27594.23657482868,6713,592626,6
6322.217922191253,6714,592798,5
-17268.823055814155,6715,592930,3
5461.692673754359,6716,593008,4
20956.562326562325,6717,593042,5
7770.822380122084,6718,593100,4
20004.671823274763,6719,593230,6
-22222.15293094641,6720,593497,4
15496.776695526694,6721,593555,5
15214.311927565563,6722,593691,5
39744.5442045055,6723,593851,8
10054.082327631091,6724,594003,5
3460.1821789321802,6725,594159,5
28656.449040295793,6726,594400,8
-3476.6400266400265,6727,594410,3
-17098.116201608853,6728,594725,5
4855.162337662339,6729,594836,5
12515.330841973644,6730,594933,5
6484.826843907722,6731,595084,5
-9190.034738653163,6732,595191,4
-15474.946613488815,6733,595322,3
10081.190476190475,6734,595341,4
44134.111653525346,6735,595551,8
-1372.1643932132358,6736,595657,4
11075.163586413588,6737,595762,5
15214.348229384994,6738,595842,5
30619.685543214957,6739,595909,6
-12746.602041749089,6740,596209,5
19500.801526904466,6741,596228,5
-3256.1615034002807,6742,596417,5
27582.648270912785,6743,596527,6
-3241.0439560439563,6744,596550,3
-11868.727178394363,6745,596636,3
-26506.8374816655,6746,596871,4
-5119.597914125773,6747,597030,4
18086.595161374582,6748,597106,5
5934.746109583568,6749,597243,5
12193.235065588013,6750,597431,6
26507.215303401455,6751,597711,7
10925.450089556125,6752,597757,4
6816.086168088878,6753,597831,4
10097.44144293099,6754,597973,5
1524.884327703601,6755,598054,4
8505.411255411254,6756,598084,4
20919.016955266954,6757,598192,6
24411.916330143893,6758,598321,6
-4953.969478411615,6759,598352,3
15230.596381173007,6760,598412,5
8012.3229837781755,6761,598554,5
9054.59464146964,6762,598585,4
7521.131459083236,6763,598773,5
-10125.446567106783,6764,598842,3
7237.915417915415,6765,598963,5
-5995.083201112613,6766,599072,4
-5986.31875069375,6767,599104,3
18807.290348540344,6768,599140,5
-13504.19164169164,6769,599216,3
-12418.675494612018,6770,599305,3
2040.814879564878,6771,599375,4
-3715.8008658008657,6772,599402,3
13273.875826615767,6773,599495,5
12362.125374625375,6774,599583,5
-2132.8152465439616,6775,599594,3
-5010.972222222223,6776,599622,3
15581.561554200867,6777,599894,7
7437.344183594185,6778,599929,4
21132.152284205305,6779,599985,5
-12095.780067455766,6780,600077,3
16416.60904712763,6781,600142,5
2718.6111111111113,6782,600214,4
7676.838687628166,6783,600435,6
14795.566729022614,6784,600551,5
12861.685645365991,6785,600637,5
6504.062988954629,6786,600689,4
-4262.269654365242,6787,600716,3
10560.47619047619,6788,600737,4
7215.694923682455,6789,600889,5
-6928.3584990860545,6790,600951,3
26000.59659012933,6791,601094,6
21353.431898339022,6792,601156,5
18247.206351788733,6793,601191,5
-17245.898541602874,6794,601303,3
-6125.075024734461,6795,601512,5
12348.825182170769,6796,601601,5
14834.511442346105,6797,601702,5
15316.25356760057,6798,601870,6
8809.873737373739,6799,601904,4
5552.700949721073,6800,601939,4
28089.226568280355,6801,602061,6
-8333.195775887343,6802,602207,4
-20157.801287469436,6803,602395,3
10998.036117863901,6804,602516,5
7810.4047120320365,6805,602596,5
-6948.889792697839,6806,602753,4
-2657.2741828604835,6807,602763,3
23614.554397056334,6808,602891,6
21689.204545454548,6809,602929,5
-16445.661005661008,6810,603127,4
20585.03801753802,6811,603176,5
15956.080628906542,6812,603315,5
1898.8604599024957,6813,603413,4
10173.331361038114,6814,603581,5
16418.30891330891,6815,603630,5
15673.797407442911,6816,603684,5
-9678.894487865078,6817,603762,3
8814.292929292931,6818,603798,4
2117.0754086814436,6819,603940,5
-15444.08853358544,6820,604013,3
13122.792575071995,6821,604210,6
-5139.970633941222,6822,604244,3
7816.710046919024,6823,604361,5
26232.03657861746,6824,604451,6
-8297.847001209999,6825,604523,3
16404.297101226395,6826,604627,5
11697.343355174235,6827,604740,5
-5532.106867805399,6828,604776,3
30628.258685758687,6829,604823,6
-4992.262182262181,6830,604853,3
19782.20043845044,6831,605051,7
-24076.391406795814,6832,605200,3
8273.056706526148,6833,605298,4
18782.809967809968,6834,605353,5
-1477.1270396270395,6835,605389,3
19086.052558552557,6836,605443,5
-4884.7619047619055,6837,605460,3
7630.50643800644,6838,605544,5
19282.960042193787,6839,605601,5
14162.124913485208,6840,605662,5
-1338.0763843999136,6841,605675,3
19087.33398545899,6842,605729,5
13065.634880255624,6843,605812,5
-6363.749583749584,6844,605849,3
7282.440892440894,6845,605891,4
13275.186614855733,6846,605971,5
-3481.390066976367,6847,605989,3
19176.345598845597,6848,606017,5
5028.937145156185,6849,606165,5
14551.95804195804,6850,606246,5
-453.27493928500036,6851,606332,4
2430.784411666761,6852,606393,4
19297.866158823977,6853,606464,5
8917.475467858594,6854,606589,5
21705.070742810676,6855,606726,6
13859.156374671078,6856,606812,5
15491.791125541124,6857,606856,5
2136.044544335952,6858,607029,5
10013.326324951578,6859,607071,4
16964.79540435709,6860,607166,5
11665.905941323897,6861,607191,4
-3885.336590439145,6862,607245,3
12651.785714285714,6863,607295,5
-18299.40712108669,6864,607511,4
-7232.308022859494,6865,607529,3
-1660.696248196248,6866,607539,3
13815.830254458602,6867,607623,5
7659.903465772275,6868,607656,4
24611.67443667444,6869,607678,5
8989.861111111111,6870,607754,5
17523.683971257495,6871,607814,5
17143.5920125626,6872,607871,5
-15150.589082615012,6873,608092,4
9741.477272727278,6874,608196,5
-2935.230712914535,6875,608408,5
-6589.094690139581,6876,608458,3
17185.901737151737,6877,608528,5
-5820.0004162504165,6878,608556,3
2759.9012751953906,6879,608622,4
5233.906628502216,6880,608722,5
12617.545388692835,6881,608822,5
13731.666666666666,6882,608881,5
-4548.751803751803,6883,608980,4
20891.749714423866,6884,609058,5
-2024.8729192073674,6885,609197,4
-6090.044161205153,6886,609244,3
7322.788389371206,6887,609280,4
8864.435316091058,6888,609477,5
7416.374733367768,6889,609639,5
21085.28796983367,6890,609703,5
-4906.208791208791,6891,609807,4
-2931.3047981430336,6892,609826,3
34771.33830372413,6893,609865,6
95.55555555555566,6894,609877,3
8780.909923409923,6895,609960,5
-635.9640359640412,6896,610051,4
21255.745616612494,6897,610081,5
26015.078859049445,6898,610194,6
3816.4379677769766,6899,610354,5
-3427.6021201021194,6900,610454,4
14344.770646020646,6901,610541,5
19403.25174825175,6902,610607,5
21511.096459096458,6903,610639,5
13473.534170937422,6904,610738,5
-15073.901445776442,6905,610820,3
17943.579704609117,6906,610859,5
7483.452680145792,6907,610974,5
-2669.0126050420167,6908,611100,4
9878.01406926407,6909,611212,5
5451.905757211485,6910,611362,5
9098.103408459445,6911,611507,5
19748.677444846173,6912,611561,5
3280.881127786231,6913,611738,5
-7716.391709126937,6914,611799,3
32889.12732348492,6915,611870,6
11243.916949064007,6916,611955,5
10822.108275860634,6917,612251,7
-3636.085402600496,6918,612267,3
3298.4765234765264,6919,612579,7
2538.369136883068,6920,612669,4
-8459.604275798161,6921,612820,4
3685.52405927406,6922,612884,4
19877.533855033853,6923,612927,5
-2842.3232323232323,6924,612955,3
-9031.081458364915,6925,613133,4
-822.9490974711587,6926,613323,5
25698.445590357354,6927,613385,6
22728.991702741703,6928,613423,5
-11413.67314767276,6929,613483,3
-6318.1961992256165,6930,613670,5
-41495.10345519634,6931,613886,3
13928.730793929004,6932,613997,5
-6562.190783287921,6933,614053,3
17142.624461611867,6934,614181,5
29851.713078588073,6935,614254,6
7142.435897435897,6936,614375,5
-3694.5973612730577,6937,614394,3
22997.186339202588,6938,614497,6
-84.23312798312787,6939,614578,4
15711.83396260602,6940,614664,5
25243.145061637704,6941,614774,6
5406.476023976029,6942,615021,6
10089.62973301209,6943,615060,4
17627.828560328562,6944,615114,5
-8527.851037851036,6945,615162,3
9269.261259036803,6946,615210,4
18693.957817638155,6947,615311,5
17299.15756748524,6948,615385,5
2501.3580739006507,6949,615559,5
16776.903453275627,6950,615637,5
9889.238842249495,6951,615705,4
868.0180771241144,6952,615863,5
18981.747447598842,6953,615974,6
-27294.414550582296,6954,616258,4
-3328.371525923637,6955,616360,4
425.3425047175032,6956,616538,5
-11132.286870980754,6957,616607,3
11992.243237713436,6958,616715,5
21812.878787878788,6959,616746,5
-11092.424013894602,6960,616801,3
9594.676948868128,6961,616999,6
14150.99100246159,6962,617074,5
6326.646825396825,6963,617118,4
4427.1060883560895,6964,617156,4
-19010.02488116459,6965,617354,4
20988.333333333332,6966,617362,5
17781.871878121885,6967,617394,5
-5556.901431901432,6968,617429,3
19243.590346916582,6969,617487,5
-12823.531746031746,6970,617607,4
21056.071428571428,6971,617715,6
20456.631562881557,6972,617747,5
16939.473280847124,6973,617899,6
26529.356501341797,6974,617982,6
4316.702256292039,6975,618162,5
16328.409621424333,6976,618238,5
3010.255621868372,6977,618317,4
-23427.776277057466,6978,618509,4
-8262.975706783756,6979,618557,3
-17675.08360424255,6980,618693,3
14092.063492063495,6981,618763,5
3588.9200045740276,6982,618811,4
5814.968954425447,6983,618886,4
623.9853449074085,6984,619018,4
7286.302710877015,6985,619058,4
21721.40151515151,6986,619121,5
-3117.73766674502,6987,619136,3
13088.70573870574,6988,619178,5
30633.185425685428,6989,619234,6
13444.499691484985,6990,619344,5
-8595.725524475523,6991,619392,3
-14159.760639257544,6992,619510,3
-1282.7214452214453,6993,619526,3
20670.119047619046,6994,619547,5
16616.222804972804,6995,619615,5
6031.125263625266,6996,619651,4
16408.726985376845,6997,619751,5
-10925.990675990675,6998,619821,3
63511.71717171716,6999,619895,9
-580.766659810778,7000,619985,4
-6013.119829516887,7001,620111,4
-5212.521367521367,7002,620152,3
-6786.662077994693,7003,620340,4
14481.747835497838,7004,620417,5
5833.014497757143,7005,620480,4
-12162.34550086137,7006,620742,5
-702.6046176046177,7007,620755,3
38228.347763347774,7008,620839,7
-4105.862423180534,7009,620864,3
20084.34758868583,7010,620927,5
16297.395568571457,7011,621031,5
7499.537427441844,7012,621270,6
9690.058498862678,7013,621438,5
37157.43811743811,7014,621507,7
-2116.7088192165584,7015,621599,4
-9864.038461538465,7016,621735,4
13307.440476190477,7017,621782,5
11052.548587033874,7018,621915,5
8626.095703402209,7019,622041,5
-18498.60936330014,7020,622208,3
-8538.0593915888,7021,622298,3
-10970.487812134772,7022,622498,4
10221.445465224488,7023,622606,5
9915.8767030613,7024,622859,6
17095.925324675325,7025,622933,5
-1354.4642857142858,7026,622943,3
31474.69946719947,7027,623010,6
-8074.709604121369,7028,623060,3
-9267.65801407055,7029,623326,5
-10883.46135761384,7030,623401,3
-6246.196164946165,7031,623445,3
14727.789640606476,7032,623534,5
-3.292679542679622,7033,623549,3
15898.071736914615,7034,623725,6
-4268.451817145702,7035,623741,3
-3575.3998186196313,7036,623851,4
16320.310025723073,7037,623899,5
2433.435869685869,7038,624051,5
13501.720224220226,7039,624130,5
15125.970418470419,7040,624194,5
21889.661654135343,7041,624216,5
30179.502321482752,7042,624389,7
15511.594806337449,7043,624564,6
6822.057387057385,7044,624624,4
18838.855882035063,7045,624707,5
6907.93956043956,7046,624817,5
35390.76235855649,7047,624951,7
-1393.9521598112915,7048,625098,5
18717.330928875046,7049,625256,6
11857.370129870129,7050,625319,5
-14243.957887227994,7051,625670,5
21914.536301761535,7052,625727,5
-977.8154506966084,7053,625863,4
16061.399850149852,7054,625916,5
-7413.953411293091,7055,625989,3
-6131.840872620672,7056,626027,3
11673.438390112306,7057,626119,5
5666.901938360917,7058,626192,4
3877.318033273912,7059,626264,4
3125.397604416561,7060,626436,5
15948.085284813229,7061,626511,5
24591.42815517815,7062,626602,6
14734.222039785122,7063,626714,5
-8698.42182735565,7064,626773,3
11865.498327977717,7065,626915,5
-2283.391885891886,7066,626936,3
7730.061594107646,7067,627086,5
-3212.1717171717173,7068,627106,3
11639.973359973359,7069,627210,5
-2143.080391830392,7070,627229,3
-3301.1126206095246,7071,627246,3
-1530.675762146352,7072,627347,4
-6382.410922410924,7073,627487,4
4869.587372402355,7074,627561,4
18460.39682539683,7075,627598,5
-7120.919913419914,7076,627635,3
7088.623827153235,7077,627789,5
-1457.1717171717173,7078,627806,3
2476.149961149962,7079,627886,4
6921.055200389565,7080,627988,5
7158.490946961535,7081,628115,5
9359.42640692641,7082,628221,5
-12339.273088023087,7083,628268,3
27536.644087402798,7084,628401,6
16555.536685536685,7085,628450,5
-6836.889254536313,7086,628499,3
16350.640199587435,7087,628620,5
6056.510711510712,7088,628648,4
-597.5845886140004,7089,628830,5
-2974.51250504069,7090,628930,4
-36779.952036445255,7091,629163,3
-10141.482532989887,7092,629235,3
-6035.337706668976,7093,629280,3
-3131.6400266400265,7094,629290,3
2724.4033744033773,7095,629368,4
2608.864052614052,7096,629433,4
3065.0085331335326,7097,629513,4
2866.4962814962823,7098,629647,5
-14304.947809543397,7099,629741,3
-3537.3576798980625,7100,629755,3
17170.404758640052,7101,629819,5
1715.5041039298985,7102,630012,5
8990.413685901303,7103,630192,6
13303.82249286661,7104,630293,5
9943.175876411167,7105,630386,5
49041.44140474248,7106,630599,9
-6740.863976709565,7107,630633,3
3100.1779926075865,7108,630787,5
-22529.38846284434,7109,630902,3
6974.768495823059,7110,630966,4
20824.266139562198,7111,631095,6
-20805.83152958154,7112,631282,4
2720.6786269286276,7113,631343,4
-5709.997502497502,7114,631391,3
-5557.196969696969,7115,631422,3
12220.129176379178,7116,631492,5
-25037.350650510485,7117,631655,3
-686.6938943409516,7118,631740,4
21018.456127206122,7119,631775,5
-4672.363649422473,7120,631811,3
7510.373972432794,7121,631917,5
31402.90417915418,7122,632046,7
4743.533966033967,7123,632088,4
-11785.474970720723,7124,632193,3
-34980.53864219566,7125,632426,3
-17263.929026340018,7126,632597,4
616.5065932519535,7127,632859,6
9176.13095238095,7128,632948,5
-9597.352967906732,7129,633231,5
16915.689588189587,7130,633299,5
563.8221535086857,7131,633411,4
2570.8928571428573,7132,633498,5
12909.083112281893,7133,633710,6
12083.451345285037,7134,633831,5
7686.616357498713,7135,633965,5
-45825.71530593588,7136,634424,4
2894.9855699855693,7137,634477,4
20047.8687366555,7138,634542,5
14934.796804502688,7139,634621,5
27631.780719280712,7140,634716,6
-14299.398738516384,7141,634787,3
-8055.703621069335,7142,634960,4
12003.115079365081,7143,635031,5
-3980.9605100781573,7144,635047,3
6231.250000000001,7145,635085,4
2070.4920114285346,7146,635304,5
18077.30463980464,7147,635342,5
20824.40476190476,7148,635370,5
32199.519924519926,7149,635420,6
2915.059593184589,7150,635574,5
3687.3969657793177,7151,635643,4
-16361.879195151258,7152,635776,3
18667.499999999996,7153,635795,5
-13448.120279273531,7154,635897,3
9993.891802641801,7155,635984,5
-14082.295057883292,7156,636069,3
3694.3187299456645,7157,636146,4
-11616.941391941391,7158,636192,3
-5196.464681905791,7159,636224,3
-12424.386049107401,7160,636402,4
20533.45598845599,7161,636433,5
11842.292380579,7162,636594,5
26156.71542070872,7163,636693,6
-8882.251323253106,7164,636755,3
-6112.093898103959,7165,636790,3
5852.813603664996,7166,636844,4
22119.511738261735,7167,636877,5
10132.665398541945,7168,637007,5
-7361.559411950278,7169,637058,3
7257.166897859627,7170,637239,6
12013.656204906207,7171,637315,5
-2910.9595959595963,7172,637333,3
-8082.067932067931,7173,637359,3
18638.809523809523,7174,637393,5
-3569.152097902098,7175,637411,3
2198.9161532911553,7176,637491,4
19387.971930675103,7177,637579,5
18221.682328574643,7178,637794,6
32970.018315018315,7179,637822,6
2419.50665562508,7180,638014,5
9082.88059163059,7181,638101,5
-14404.26567971446,7182,638332,4
-4828.389298609888,7183,638363,3
-23843.174943694223,7184,638775,5
-21889.66896186623,7185,638916,3
12810.95682095682,7186,639011,5
2815.0346733589754,7187,639073,4
29454.862425156556,7188,639175,6
11234.396881713054,7189,639283,5
-2230.312465312466,7190,639388,4
-12536.681831653474,7191,639497,3
-1177.7709459443208,7192,639566,4
9217.916666666666,7193,639586,4
-11470.91007200835,7194,639707,4
-802.7149484502427,7195,639731,3
-22082.997859983163,7196,639936,4
8636.225320666528,7197,640069,5
-1853.5670897897792,7198,640168,4
10670.632455779509,7199,640368,6
11841.011904761905,7200,640452,5
-3135.6424147318776,7201,640595,4
18464.357448107443,7202,640644,5
6239.07967032967,7203,640673,4
23079.85794760795,7204,640713,5
-4415.162370309428,7205,640809,4
-3162.72923520408,7206,641002,5
1641.756669946466,7207,641203,5
-1020.7142857142857,7208,641212,3
-5468.354978354978,7209,641250,3
-20391.384204031263,7210,641360,3
12576.251587464822,7211,641477,5
12173.334087522237,7212,641605,5
-16173.058219483508,7213,641720,3
22526.71578421578,7214,641775,5
29764.868069984328,7215,641940,7
5401.012109665361,7216,642087,5
35416.80575003734,7217,642357,8
9083.520913640887,7218,642516,6
-2250.236096462877,7219,642538,3
37730.703667247784,7220,642655,7
7000.832881411421,7221,642818,5
-18071.997737281385,7222,643005,4
-2889.9361055611057,7223,643016,3
7895.73408977429,7224,643362,7
8777.430373419145,7225,643523,5
1272.629523254525,7226,643821,6
19073.780663780664,7227,643872,5
-1926.7857439258412,7228,644082,5
-5728.1615444874315,7229,644220,4
7014.047619047618,7230,644248,4
18572.51768536275,7231,644321,5
-5890.370046620046,7232,644362,3
2956.7453339144504,7233,644555,5
-7858.024803713655,7234,644625,3
23653.142690642693,7235,644672,5
-935.9809647696636,7236,644851,5
849.9094404047983,7237,645022,5
-21242.367371190896,7238,645248,4
7707.577311534357,7239,645402,5
-18098.250915750916,7240,645502,3
-13678.093560850913,7241,645572,3
6564.479478854479,7242,645617,4
15307.985089171234,7243,645694,5
9043.614163614164,7244,645723,4
6751.14200274905,7245,645843,5
24711.601486748543,7246,645951,6
14484.642297631846,7247,646041,5
4581.431901431903,7248,646077,4
21491.86507936508,7249,646110,5
-2745.445314489432,7250,646120,3
7216.99494949495,7251,646232,5
3682.7644652351905,7252,646325,4
1275.5966255966227,7253,646453,5
29785.592928743084,7254,646819,9
32201.992862228923,7255,646921,7
3892.3534156985806,7256,646998,4
-16557.709181007216,7257,647326,5
8910.792792640199,7258,647463,5
-1577.0987779849966,7259,647641,5
1725.1984126984185,7260,647763,5
1201.5811977204842,7261,647927,5
10036.646270396266,7262,648045,5
-2544.0476190476193,7263,648055,3
7259.967640827362,7264,648121,4
10959.08868908869,7265,648210,5
12622.494036321435,7266,648327,5
4186.83383051417,7267,648492,5
-7048.734598734599,7268,648520,3
-7305.715673215673,7269,648659,4
4760.447948164667,7270,648709,4
-9505.624375624377,7271,648758,3
4057.5599400599413,7272,648812,4
599.7065842654083,7273,648942,4
7212.709235209236,7274,648977,4
-5211.879509379509,7275,649160,5
3503.6345598845596,7276,649207,4
16463.71660675066,7277,649346,6
-816.4703314868358,7278,649415,4
-677.7777777777778,7279,649433,3
14523.03452674776,7280,649515,5
9950.787010332291,7281,649754,6
20981.403873903877,7282,649802,5
-4968.531746031746,7283,649832,3
12654.788267288262,7284,649979,6
14114.024170274171,7285,650048,5
9138.352693058576,7286,650233,6
-2962.0270817503783,7287,650247,3
-2186.038961038961,7288,650258,3
9409.12071030105,7289,650378,5
-12330.502898372544,7290,650490,3
-10262.357157104574,7291,650585,3
6098.906085501521,7292,650710,5
5555.456850940598,7293,650877,5
24043.15792051087,7294,650990,6
-1396.4092117033276,7295,651110,4
23123.851521715304,7296,651221,6
-6968.57789269554,7297,651284,3
28213.001891898955,7298,651370,6
-4023.5775954351802,7299,651398,3
7714.989015112853,7300,651533,5
15188.996003996002,7301,651614,5
-2770.400155400155,7302,651630,3
14479.274891774892,7303,651689,5
30528.45219734985,7304,651758,6
-35111.98089492206,7305,651992,3
10827.519841269837,7306,652097,5
20321.666666666668,7307,652111,5
13864.983461670763,7308,652216,5
-2526.402972027972,7309,652291,4
-5957.492784992785,7310,652450,5
1921.8743569699595,7311,652542,4
22081.926398764637,7312,652596,5
-17050.647600126504,7313,652803,4
-8928.205266955269,7314,652855,3
15944.28800323344,7315,652936,5
20774.74289599289,7316,653048,6
4850.16659402689,7317,653131,4
21690.039682539686,7318,653168,5
28639.687950937954,7319,653241,6
17918.742117016114,7320,653309,5
-1013.161976911977,7321,653321,3
-5937.7084510346895,7322,653370,3
10897.862476575712,7323,653441,5
-10280.996669139424,7324,653783,5
31066.689768564767,7325,653946,7
22846.211421877055,7326,653989,5
-4532.9228269375,7327,654016,3
733.087108969462,7328,654074,4
11111.511127761127,7329,654165,5
25328.528416028414,7330,654308,7
14709.71805971806,7331,654371,5
-11108.378824477895,7332,654455,3
18368.54028800876,7333,654579,6
-5459.276879936068,7334,654694,4
1149.2343715795737,7335,654771,4
12228.995069444993,7336,654913,5
-3659.837662337662,7337,654936,3
18700.47077922078,7338,654965,5
16419.081891525915,7339,655078,5
11034.174998977629,7340,655187,5
16996.393664170362,7341,655274,5
-1333.234126984127,7342,655291,3
-5109.613164613164,7343,655318,3
-6765.014430014432,7344,655361,3
519.973112404566,7345,655580,5
3663.5170166446082,7346,655779,5
-8479.166203808232,7347,655855,3
20065.590474718967,7348,656041,6
-3245.2920690420688,7349,656123,4
26385.650109694227,7350,656246,6
-18347.892422120363,7351,656384,3
8317.442884343041,7352,656452,4
67.81990498321878,7353,656519,4
-3215.9126984126983,7354,656539,3
8043.727932041637,7355,656685,5
32855.269129454915,7356,656908,8
7048.753365872171,7357,657030,5
1483.6961045920034,7358,657108,4
16206.219474969468,7359,657183,5
23444.509750870046,7360,657294,6
20320.715637449553,7361,657363,5
14430.859219469901,7362,657435,5
17395.149711399707,7363,657486,5
11190.443751509927,7364,657652,6
7330.338550338552,7365,657799,6
11077.735393476494,7366,657890,5
15778.919691419691,7367,657946,5
13117.228479986084,7368,658047,5
-6553.091357172239,7369,658083,3
15214.555722055717,7370,658305,7
4457.579365079364,7371,658356,4
36394.19941169941,7372,658431,7
41188.807303807305,7373,658510,7
16226.397907647903,7374,658572,5
11044.696569340533,7375,658677,5
-2481.2175324675322,7376,658691,3
14307.733855197088,7377,658856,6
-1356.7717218506352,7378,658965,4
13208.049906534812,7379,659090,5
-24570.23641320317,7380,659314,3
-21572.708878883408,7381,659574,4
-14667.33297076011,7382,659814,4
-10026.57260352307,7383,659896,3
-8767.767232767234,7384,659935,3
16468.52793040293,7385,659982,5
-2473.2612305135517,7386,660109,4
18917.269070798488,7387,660158,5
24258.787878787876,7388,660218,6
-5066.116918817633,7389,660341,4
19947.813297813296,7390,660444,6
8764.32738864723,7391,660649,5
13238.848735618492,7392,660906,6
21259.70122882381,7393,661034,6
4338.958572816926,7394,661107,4
18980.059523809523,7395,661134,5
28221.785274446473,7396,661349,7
-4928.976721807604,7397,661374,3
22625.544930430773,7398,661547,6
-3380.518211363797,7399,661737,5
41256.8987956488,7400,661829,7
24946.708185605243,7401,661948,6
-4164.415584415585,7402,661966,3
-4653.214563214562,7403,661993,3
4110.53386929549,7404,662193,5
15914.650072150072,7405,662254,5
-6372.857142857143,7406,662288,3
-7811.986208236208,7407,662329,3
15706.076146076144,7408,662387,5
-19836.16390588632,7409,662676,5
12259.447219447216,7410,662782,5
16877.79040404041,7411,662848,5
13790.545981795984,7412,662923,5
15768.988650238654,7413,663001,5
20104.018759018752,7414,663047,5
-1098.1463978058337,7415,663256,5
8305.369769119769,7416,663287,4
7776.877363094716,7417,663350,4
1671.6962047670208,7418,663538,5
1852.3562196317744,7419,663709,5
21428.763605675365,7420,663753,5
17889.30611055611,7421,663823,5
13574.575362082765,7422,664032,6
17776.62358345989,7423,664161,6
25260.794736309446,7424,664249,6
-8680.27728450413,7425,664344,3
-1881.335723100429,7426,664365,3
27320.758685758683,7427,664414,6
17606.442435273697,7428,664572,6
28798.7134502924,7429,664608,6
17440.65545866243,7430,664706,5
12344.625751570406,7431,664806,5
-14657.627176744823,7432,664876,3
28833.376144596197,7433,665050,7
-7225.034965034965,7434,665098,3
-3066.085858585858,7435,665125,3
14057.476821872433,7436,665201,5
2669.321629093302,7437,665277,4
13632.828119592828,7438,665367,5
5283.973673385434,7439,665478,5
23294.239024864022,7440,665543,6
-23240.730310281408,7441,665725,3
-3327.655677655678,7442,665735,3
-20835.096615845454,7443,665884,3
9158.430474604591,7444,666016,5
-2676.843434343434,7445,666033,3
-8773.634922121588,7446,666224,4
10480.100956989725,7447,666396,5
-7308.567821067821,7448,666429,3
6373.036130536134,7449,666561,5
12522.960447507054,7450,666699,5
4108.394660894663,7451,666835,5
19476.350732600727,7452,666918,5
-7174.89898989899,7453,667011,4
-19375.4993056699,7454,667229,4
10155.69910095065,7455,667315,5
16064.63054579019,7456,667401,5
-4299.523809523809,7457,667415,3
-16295.996853593604,7458,667668,5
-584.0394327894329,7459,667678,3
10590.684951443465,7460,667766,5
14278.09720057204,7461,667943,6
-5521.873885918003,7462,667968,3
-7727.883227883227,7463,668006,3
-9246.895711357787,7464,668152,4
20604.403929403925,7465,668190,5
9558.57142857143,7466,668210,4
10104.127726848315,7467,668283,5
11630.548329809166,7468,668391,5
-21004.98320049404,7469,668554,3
3102.3719336219333,7470,668658,5
-4524.104302504443,7471,668882,5
-8179.087301587302,7472,668921,3
9373.713390367802,7473,669003,5
2662.2263340374807,7474,669083,4
12975.396510075976,7475,669281,6
-15800.142973977605,7476,669509,4
-503.356365856366,7477,669533,3
24423.178626928635,7478,669630,6
17152.46970349911,7479,669680,5
-22610.834757855948,7480,670034,5
316.9528388278386,7481,670053,3
-2030.152937447831,7482,670214,4
-9580.471829859467,7483,670289,3
10702.635756056809,7484,670304,4
18164.615519069856,7485,670462,6
11385.8170995671,7486,670561,5
-1198.4397546897549,7487,670574,3
8292.051298356151,7488,670723,5
19794.502164502162,7489,670772,5
16369.345425816005,7490,670875,5
21600.110176350925,7491,671060,6
-8463.690476190477,7492,671103,3
15460.737435509105,7493,671198,5
2823.2574941398466,7494,671279,4
19555.969368795457,7495,671312,5
-3188.103367221014,7496,671323,3
20326.053339505354,7497,671364,5
-4622.801040679456,7498,671397,3
18957.17493742068,7499,671462,5
4687.114131783244,7500,671616,5
-228.3148101898296,7501,671777,5
-3972.1694971694974,7502,671809,3
-17326.928172446755,7503,672018,4
-10321.532842157842,7504,672077,3
26776.331168831166,7505,672136,6
1202.0850608369956,7506,672231,4
18307.123015873018,7507,672282,5
-2427.3232323232323,7508,672298,3
-23035.248362748363,7509,672492,4
10277.036853979243,7510,672528,4
23367.19164414017,7511,672641,6
-21387.82692732964,7512,672870,4
6234.736648155766,7513,672900,4
1892.1274472861194,7514,673100,5
-1789.0873015873015,7515,673110,3
-9252.477708050463,7516,673190,3
21800.597923318513,7517,673318,6
8777.927019726134,7518,673431,5
-3800.650391275391,7519,673445,3
21194.000721500724,7520,673479,5
-3385.555555555556,7521,673518,3
-7545.201172535605,7522,673739,4
-5599.234260452467,7523,674003,5
7270.62538768421,7524,674043,4
26511.644682156366,7525,674154,6
18367.457177325603,7526,674377,6
19147.165799886385,7527,674462,5
-2685.3230103230103,7528,674472,3
14434.509171384172,7529,674545,5
-3088.290875790876,7530,674567,3
-7577.131778333688,7531,674657,3
12235.017474140925,7532,674754,5
-13223.882329830467,7533,674877,3
-3384.041805717502,7534,674889,3
-1915.537518037518,7535,674906,3
-6419.301948051948,7536,674952,3
19789.11408036408,7537,675002,5
23194.631579505804,7538,675126,6
-4596.520979020979,7539,675145,3
20162.3140380861,7540,675196,5
-10100.359592406887,7541,675380,4
7065.887629527335,7542,675503,5
-11656.156898656902,7543,675567,3
6728.2637024568185,7544,675724,5
10737.637085137087,7545,675834,5
12332.53998345136,7546,675934,5
-5972.833531894138,7547,675966,3
-4459.809150072587,7548,676197,5
19373.11876032464,7549,676257,5
15814.21357108664,7550,676342,5
-2451.0531135531137,7551,676365,3
5852.063458342486,7552,676459,4
15371.789321789322,7553,676529,5
-3993.9046666697595,7554,676546,3
7149.736053205479,7555,676614,4
-6702.090285193409,7556,676686,3
16075.813492063491,7557,676739,5
15023.421571780103,7558,676854,5
-3408.3621846718665,7559,676870,3
3672.222456765793,7560,677012,5
1147.9761904761908,7561,677064,4
20950.883862869163,7562,677118,5
-9536.718142968142,7563,677170,3
59669.42938618829,7564,677379,9
-4445.98901098901,7565,677392,3
3230.8240875574884,7566,677555,5
-9357.922140853643,7567,677693,4
2945.6313131313145,7568,677841,5
-20146.400731191756,7569,678053,4
-11349.214119214117,7570,678112,3
-1063.1407889496127,7571,678128,3
9427.135780885783,7572,678222,5
-3282.97619047619,7573,678240,3
-2087.037097319605,7574,678573,6
-11564.097191508183,7575,678651,3
2278.922960209724,7576,678793,5
-10802.247752247751,7577,678868,3
9751.56746031746,7578,678888,4
9050.47095684673,7579,679075,6
-4452.062617240972,7580,679109,3
7433.906918245155,7581,679220,5
-19594.619310428137,7582,679578,5
-15001.620601620603,7583,679655,3
-3265.624375624376,7584,679665,3
4147.531635031638,7585,679728,4
-4719.566707157651,7586,679862,4
14411.09405300582,7587,679921,5
5266.356629481629,7588,679953,4
10702.782527929587,7589,680068,5
3555.988851834445,7590,680219,5
-3961.396103896104,7591,680249,3
8736.52437839938,7592,680286,4
11495.739309709897,7593,680321,4
4662.966538105857,7594,680375,4
10496.43282371224,7595,680556,6
17303.698801198803,7596,680628,5
27202.439815086862,7597,680721,6
-2871.557449903038,7598,680740,3
22137.583355971514,7599,680769,5
-23447.48251748252,7600,680891,3
10036.363165819688,7601,680911,4
12869.590121136172,7602,681057,5
12068.964835698245,7603,681080,4
13838.113553113553,7604,681151,5
46359.827948539256,7605,681306,8
-6073.538961038961,7606,681336,3
7152.350418506949,7607,681482,5
13550.443722943723,7608,681560,5
-20884.357864357866,7609,681686,3
14727.233575929986,7610,681781,5
12175.96308490271,7611,681987,6
10090.96835234657,7612,682165,5
3818.6188716684064,7613,682338,5
9742.707235145317,7614,682429,5
-23516.891842397294,7615,682597,4
2166.7834453128567,7616,682642,4
11502.366761056352,7617,682785,5
66.74263644852405,7618,682861,4
-4988.623033037011,7619,683079,5
-19567.15124336448,7620,683349,4
-11783.2702020202,7621,683402,3
18292.756826506826,7622,683461,5
6299.5716025497995,7623,683734,6
-15969.244089244083,7624,683824,3
-16314.897849828194,7625,684042,4
-3208.690476190476,7626,684060,3
10296.081953821893,7627,684142,5
17013.079004329007,7628,684202,5
-4094.193587657646,7629,684456,5
5787.40356865357,7630,684504,4
11841.186420433713,7631,684686,6
-1086.7022769112518,7632,684886,5
16313.578921078923,7633,684954,5
-1778.6600042114694,7634,685066,4
6280.056561085971,7635,685104,4
-12224.009782114512,7636,685233,3
3923.1664482748065,7637,685312,4
-11430.614189731838,7638,685367,3
20306.20062364113,7639,685441,5
4987.722095585874,7640,685545,5
-9177.50135571343,7641,685607,3
-957.9905796817543,7642,685773,5
-14424.349571277078,7643,685925,3
-2125.7443403129228,7644,685946,3
-4779.565796475625,7645,686059,4
-1218.1577018612622,7646,686160,4
-19875.840629958286,7647,686277,3
6905.166832717345,7648,686478,6
24195.260989010985,7649,686567,6
-2289.092364678665,7650,686576,3
21756.666666666664,7651,686620,5
10192.015806690726,7652,686746,5
28717.385947385952,7653,686837,6
15.046203796204281,7654,687010,5
19342.59252125023,7655,687043,5
18855.93683277507,7656,687103,5
1736.887834387832,7657,687169,4
-16472.843910176645,7658,687494,5
-2287.7061463237264,7659,687506,3
-13867.40322177822,7660,687593,3
-3533.781744571218,7661,687645,3
18289.28855866356,7662,687700,5
29149.009095479683,7663,687802,6
-30887.127991474717,7664,687971,3
-3675.8253592812407,7665,688052,4
-14577.640692640693,7666,688124,3
7027.26569208599,7667,688291,5
19741.9090946208,7668,688371,5
553.7980075480083,7669,688440,4
-17176.41829342193,7670,688550,3
-3511.161299355959,7671,688851,6
-1900.405643548063,7672,689032,5
109.73984610459962,7673,689152,4
-4221.4019314019315,7674,689171,3
4807.753357753357,7675,689214,4
7287.422197670416,7676,689248,4
17612.914720083838,7677,689315,5
17285.139301487987,7678,689389,5
40783.21767285003,7679,689533,8
-3936.3188885847544,7680,689659,4
-6854.614059102382,7681,689710,3
21023.57226107226,7682,689736,5
11788.759843098074,7683,689857,5
5405.882552689826,7684,690007,5
-8422.652167570393,7685,690148,4
-13288.823090609081,7686,690296,4
3663.4707500961395,7687,690347,4
-5984.963732732697,7688,690527,5
13460.652314661602,7689,690615,5
10298.059831035836,7690,690712,5
-576.713940084682,7691,690882,5
-3453.686098473254,7692,691034,4
-7805.836798005916,7693,691156,4
-3922.2650266400265,7694,691168,3
28606.161616161615,7695,691232,6
11189.122903884903,7696,691327,5
-1510.4365079365075,7697,691339,3
19471.17063492064,7698,691392,5
19558.709731530937,7699,691477,5
32452.55203130204,7700,691579,7
-15353.976429916827,7701,691898,5
14151.653971028973,7702,691979,5
-26766.274701390772,7703,692326,4
6632.914035139269,7704,692390,4
-16160.233320600966,7705,692481,3
716.6090186641352,7706,692724,5
-12993.97206959707,7707,692799,3
15459.306224820926,7708,692934,6
18233.219696969692,7709,692992,5
16684.210891232957,7710,693069,5
5287.795954045952,7711,693202,5
13912.65553890554,7712,693262,5
5290.788343398201,7713,693358,4
16059.85469595764,7714,693446,5
14767.018245336943,7715,693551,5
-10688.849214940545,7716,693748,4
-2910.5122655122655,7717,693775,3
15668.084693084693,7718,693822,5
15388.097041847035,7719,693884,5
20290.764390837925,7720,693934,5
7899.352453102454,7721,694021,5
17092.990759240754,7722,694090,5
24028.150868739103,7723,694176,6
-4521.263875013875,7724,694218,3
-4219.2162004662005,7725,694243,3
12020.619874406639,7726,694342,5
11756.133866778217,7727,694444,5
5411.47051782366,7728,694588,5
37819.0531308217,7729,694733,7
4468.382215909308,7730,694940,5
30556.179531253063,7731,695180,8
14785.61094542713,7732,695297,5
-3033.3727220491965,7733,695466,5
-5595.367965367966,7734,695501,3
3772.8179173767353,7735,695587,4
32479.296953046956,7736,695642,6
4634.53288541524,7737,695725,4
-4986.082042957042,7738,695753,3
-30306.93693088818,7739,695904,3
8891.820858235333,7740,696020,5
-4532.003284551408,7741,696058,3
3367.6587301587288,7742,696094,4
-7013.218101950098,7743,696153,3
-3778.0942668442676,7744,696244,4
19403.408952158956,7745,696290,5
-2258.173631923632,7746,696312,3
9219.500774638158,7747,696455,5
6218.943932394984,7748,696622,5
1974.8248069010447,7749,696718,4
-11042.567991648875,7750,696768,3
4852.386499594317,7751,696833,4
-4111.594036095819,7752,696849,3
33693.05299275888,7753,696908,6
23925.206900083056,7754,697034,6
21403.708305583303,7755,697075,5
3216.2645687645686,7756,697102,4
2468.4141941649677,7757,697309,5
18808.047681592572,7758,697463,6
-3117.1639082881343,7759,697621,5
-3804.458164384635,7760,697637,3
-825.6127920316566,7761,697719,4
7378.650276452135,7762,697750,4
-31370.133956118796,7763,698045,4
14661.835941835943,7764,698098,5
17964.924597461362,7765,698153,5
11982.163184038181,7766,698266,5
7621.682082937031,7767,698317,4
14715.960705960702,7768,698405,5
6702.710719148413,7769,698589,5
-5980.099335648872,7770,698621,3
7301.202527720485,7771,698783,5
-4774.3298368298365,7772,698808,3
25364.876995209812,7773,699016,7
29232.6409179486,7774,699168,7
2493.882824155622,7775,699490,6
-8456.55810689162,7776,699566,3
4744.8903747648565,7777,699714,5
10145.650500450776,7778,699840,5
11745.842976467977,7779,699864,4
14150.278610278612,7780,700025,6
-4245.947875653757,7781,700059,3
-10668.778505954882,7782,700275,4
4874.92170303896,7783,700378,4
8756.262683395036,7784,700495,5
13936.910976020883,7785,700666,6
-7990.502504031915,7786,700728,3
-7427.313936063935,7787,700776,3
2167.290576033427,7788,700889,4
-2666.2334887334887,7789,700904,3
3472.84604284604,7790,700977,4
17209.717447585095,7791,701027,5
1616.859220286078,7792,701098,4
-7232.833694083693,7793,701147,3
24388.578153872273,7794,701168,5
-9579.103931629086,7795,701233,3
18408.3986193545,7796,701337,5
-17454.798391752727,7797,701457,3
4072.571595071592,7798,701510,4
23537.287087912086,7799,701543,5
-1865.7428682428726,7800,701726,5
18693.750190727744,7801,701874,6
17971.546925296923,7802,701938,5
-2491.592364678665,7803,701948,3
-36394.48574301516,7804,702209,3
21097.02694364459,7805,702247,5
30087.745310245307,7806,702313,6
-6598.7686816537425,7807,702344,3
12111.679782206096,7808,702425,5
28614.186507936512,7809,702478,6
3172.694300652008,7810,702652,5
-916.0408745451311,7811,702746,4
-12053.154623154622,7812,702828,3
22647.602495543673,7813,702867,5
3492.273569980443,7814,703098,5
27189.729784104784,7815,703162,6
6561.137889887891,7816,703271,5
12857.895441976327,7817,703399,5
16379.648573820392,7818,703503,5
34414.19309190981,7819,703534,6
-6549.712530386511,7820,703596,3
15588.69862404911,7821,703704,5
-4068.4890109890107,7822,703724,3
-14931.556549745406,7823,703803,3
10227.281607281604,7824,703907,5
8498.822150072152,7825,703938,4
-3590.4729416610217,7826,704061,4
-22131.881851378756,7827,704178,3
33284.93825747695,7828,704299,7
-13791.273005460314,7829,704449,4
-5964.516224902212,7830,704505,3
-12313.48900841161,7831,704588,3
8321.335555784086,7832,704727,5
2381.9531792316634,7833,704901,5
25808.331880799233,7834,705010,6
-3019.089954163481,7835,705143,4
9463.02128427128,7836,705238,5
32301.80389055389,7837,705351,7
25941.908091908088,7838,705433,6
3800.7530126821925,7839,705527,4
-3087.9689754689757,7840,705544,3
6888.626328736626,7841,705674,5
9178.106415213613,7842,705804,5
-3268.212204462204,7843,705904,4
-2208.76679499551,7844,705913,3
-4173.964646464647,7845,705938,3
-7381.291348120336,7846,706054,4
10235.007631257628,7847,706093,4
6630.633484162896,7848,706131,4
-1583.456151691445,7849,706238,4
42490.19703443272,7850,706422,8
-41.847041847041396,7851,706490,4
-18136.382807508966,7852,706600,3
-14023.749187903602,7853,706666,3
15864.222166722167,7854,706728,5
27960.287756404246,7855,706819,6
27665.197862852667,7856,706960,7
18963.310868697863,7857,707020,5
-1278.707027406717,7858,707077,4
35406.15866396249,7859,707217,7
4626.869809112455,7860,707332,5
4976.800760299213,7861,707499,5
9280.709302951951,7862,707538,4
8423.184115935668,7863,707669,5
15082.716514007147,7864,707782,5
13407.134380497384,7865,707893,5
9567.0115995116,7866,707999,5
16648.398615273614,7867,708052,5
4220.064233152469,7868,708100,4
13903.610080663942,7869,708224,5
4728.359448683113,7870,708472,6
33562.34057609058,7871,708526,6
-4083.4744566149357,7872,708637,4
15389.696798514522,7873,708890,6
-3082.164502164502,7874,708913,3
-13229.500164867812,7875,708995,3
-7749.431791119097,7876,709047,3
13758.930791430794,7877,709117,5
-7503.185772560773,7878,709141,3
-14733.968519534037,7879,709213,3
-2435.471467816671,7880,709337,4
-6947.414193983806,7881,709631,5
18809.062544782355,7882,709802,6
-17571.209172234707,7883,709944,3
15713.171954679308,7884,710020,5
10988.30847686885,7885,710143,5
19040.876724791782,7886,710226,5
20518.609829712776,7887,710273,5
35025.51488777597,7888,710412,7
7092.935814185815,7889,710446,4
8839.472482935773,7890,710617,5
8173.624108129276,7891,710778,5
-9410.36963036963,7892,710842,3
-1721.3472348514933,7893,711042,5
27522.876984126986,7894,711095,6
6153.034743034742,7895,711141,4
5423.665901951506,7896,711318,5
-5146.8831168831175,7897,711353,3
842.3160173160172,7898,711364,3
9850.448211274452,7899,711472,5
20064.86430236431,7900,711522,5
32509.72508078512,7901,711630,6
16387.538711288707,7902,711708,5
-2389.7412881236414,7903,711719,3
-12333.478299306476,7904,711799,3
-8502.882380272844,7905,711863,3
-14398.242447295233,7906,712081,4
17636.221278721285,7907,712155,5
9234.2667615752,7908,712253,5
20621.989538239533,7909,712353,6
-2113.875985125985,7910,712368,3
-4000.0,7911,712384,3
1690.1329920079925,7912,712450,4
827.3055453866444,7913,712544,4
-3262.332873095262,7914,712782,5
22051.3494185553,7915,712806,5
10317.09034021534,7916,712909,5
820.8325843179111,7917,712971,4
925.5960950813883,7918,713060,4
18040.030370386405,7919,713113,5
16318.165584415581,7920,713172,5
-23452.082876488854,7921,713460,4
-3587.2317062022944,7922,713479,3
-22087.666255229276,7923,713794,5
19514.00647963148,7924,713845,5
7338.188059360663,7925,714016,5
1946.4945438977943,7926,714200,5
23375.773809523813,7927,714219,5
-8528.753328714629,7928,714271,3
-13636.283569371803,7929,714347,3
32479.423792189467,7930,714408,6
8320.566794316794,7931,714462,4
2314.4748790511167,7932,714578,4
2209.696414696415,7933,714723,5
-2195.4856254856254,7934,714753,3
-9766.761651231467,7935,714812,3
-7783.492063492064,7936,714848,3
61.164946164945604,7937,714999,5
-14156.30098122591,7938,715261,4
18923.364879659388,7939,715311,5
-12916.430249317247,7940,715407,3
6891.515845265846,7941,715452,4
23307.787900953535,7942,715495,5
-2727.3232767834133,7943,715705,5
-4314.844877344879,7944,715740,3
-5550.809791343843,7945,715949,5
3045.118159879636,7946,716132,5
13519.083694083694,7947,716201,5
14546.073230436872,7948,716371,6
-5183.855650470436,7949,716408,3
-2766.7059376811726,7950,716504,4
4413.640870802669,7951,716587,4
-5275.475749740455,7952,716606,3
15462.460699774938,7953,716818,6
-9439.471937376353,7954,716946,4
22094.684611726945,7955,716968,5
-18747.20812684048,7956,717082,3
-2742.777777777778,7957,717099,3
-25789.917981660874,7958,717298,3
-1698.996176252369,7959,717505,5
8199.218028273754,7960,717622,5
22788.95121905957,7961,717745,6
17721.91031191031,7962,717796,5
9201.401783201321,7963,717913,5
-5847.2835497835495,7964,717942,3
19568.962842712845,7965,717992,5
29115.858690458146,7966,718216,8
-13485.803494965645,7967,718318,3
5271.709028419422,7968,718378,4
18437.902236652237,7969,718433,5
3803.328485884601,7970,718481,4
12429.321642798895,7971,718736,6
14952.046939988117,7972,718803,5
8410.772865072215,7973,718909,5
9140.17651250463,7974,719065,5
-3353.8806650435918,7975,719188,4
8306.471424817015,7976,719329,5
19548.36038961039,7977,719380,5
38256.12498612498,7978,719504,7
29507.42012480982,7979,719626,6
-23216.999714156915,7980,719877,3
-4222.263500388501,7981,719914,3
10245.595238095237,7982,719927,4
-14471.075512035262,7983,720147,4
4896.779520788808,7984,720335,6
-9303.442903845382,7985,720394,3
5826.185064935063,7986,720424,4
-3207.6170733291474,7987,720461,3
10837.022902278322,7988,720497,4
-11970.79365079365,7989,720561,3
3077.9588630323915,7990,720705,5
12788.368052655976,7991,720887,6
22910.55224595666,7992,721008,6
10464.115507600412,7993,721100,5
-4706.044788544789,7994,721118,3
23697.18281071316,7995,721286,6
11083.586307483365,7996,721323,4
15190.161072587545,7997,721480,6
4795.834003448522,7998,721758,6
-1743.4704184704183,7999,721783,3
22516.758658008657,8000,721803,5
-13837.94399937008,8001,722090,5
-13155.917832167832,8002,722177,3
11771.989595371948,8003,722264,5
