-1517,0,43,3
-621,1,52,3
-450,2,82,4
-535,3,87,3
-956,4,106,3
-2067,5,146,3
-1549,6,170,3
-585,7,183,3
-1684,8,228,3
-2742,9,289,3
-572,10,296,3
-2011,11,340,3
-1191,12,395,4
-572,13,402,3
-936,14,414,3
-1075,15,428,3
-349,16,431,3
-1434,17,458,3
-526,18,463,3
-824,19,477,3
-1552,20,500,3
-1445,21,572,4
-2059,22,620,3
-515,23,642,4
-1709,24,673,3
-4032,25,761,3
-5879,26,946,4
-1504,27,973,3
-3258,28,1075,3
-1817,29,1133,3
-1277,30,1164,3
-2920,31,1238,3
-572,32,1245,3
-1385,33,1288,3
-349,34,1291,3
-777,35,1300,3
-1380,36,1345,3
-409,37,1369,4
-2061,38,1438,3
-535,39,1443,3
-1394,40,1463,3
-349,41,1466,3
-352,42,1469,3
-438,43,1476,3
-967,44,1493,3
-2452,45,1576,3
-477,46,1579,3
-674,47,1596,3
-1045,48,1645,4
-3670,49,1737,3
-352,50,1740,3
-352,51,1743,3
-1454,52,1796,3
-1664,53,1851,3
-2649,54,1917,3
-4989,55,2076,4
-477,56,2079,3
-1647,57,2107,3
-2124,58,2136,3
-2014,59,2162,3
-1568,60,2221,3
-1423,61,2262,3
-3036,62,2368,4
-477,63,2371,3
-576,64,2393,3
-667,65,2404,3
-1571,66,2447,3
-478,67,2456,3
-1459,68,2482,3
-1333,69,2509,3
-1260,70,2567,4
-578,71,2574,3
-1630,72,2615,3
-3260,73,2688,3
-1317,74,2730,3
-2093,75,2768,3
-1153,76,2806,3
-477,77,2809,3
-2204,78,2849,3
-352,79,2852,3
-1409,80,2889,3
-3374,81,2998,4
-477,82,3001,3
-949,83,3019,3
-1555,84,3045,3
-1635,85,3097,3
-1260,86,3147,4
-2608,87,3240,4
-352,88,3243,3
-352,89,3246,3
-477,90,3249,3
-1602,91,3280,3
-477,92,3283,3
-904,93,3310,3
-855,94,3331,3
-3382,95,3420,3
-477,96,3423,3
-535,97,3428,3
-1463,98,3444,3
-477,99,3447,3
-572,100,3454,3
-2226,101,3505,3
-2831,102,3633,4
-1173,103,3666,3
-578,104,3673,3
-860,105,3696,3
-477,106,3699,3
-438,107,3706,3
-1050,108,3737,3
-750,109,3743,3
-349,110,3746,3
-749,111,3759,3
-496,112,3776,3
-1287,113,3794,3
-1032,114,3812,3
-352,115,3815,3
-2383,116,3871,3
-526,117,3876,3
-1410,118,3906,3
-2176,119,3974,3
-707,120,3981,3
-1370,121,4024,3
-2156,122,4090,4
-1620,123,4126,3
-1083,124,4147,3
-1977,125,4177,3
-1192,126,4210,3
-817,127,4221,3
-884,128,4231,3
-1744,129,4270,3
-352,130,4273,3
-632,131,4290,3
-1051,132,4319,3
-3364,133,4446,4
-1780,134,4475,3
-352,135,4478,3
-2373,136,4544,3
-1782,137,4592,3
-349,138,4595,3
-715,139,4606,3
-477,140,4609,3
-913,141,4626,3
-961,142,4662,4
-1471,143,4677,3
-722,144,4684,3
-1532,145,4712,3
-654,146,4721,3
-710,147,4734,3
-776,148,4747,3
-652,149,4762,3
-665,150,4770,3
-1479,151,4794,3
-1983,152,4876,4
-477,153,4879,3
-1967,154,4931,3
-1117,155,4945,3
-477,156,4948,3
-3210,157,5019,3
-1771,158,5048,3
-456,159,5082,4
-3334,160,5174,3
-918,161,5189,3
-624,162,5198,3
-963,163,5244,4
-903,164,5265,3
134,165,5333,5
-135,166,5364,4
198,167,5432,6
-3367,168,5534,3
-900,169,5558,3
-898,170,5576,3
-1732,171,5614,3
-633,172,5645,4
-584,173,5652,3
-1523,174,5712,4
-2224,175,5751,3
-1598,176,5786,3
-1294,177,5821,4
-707,178,5828,3
-2912,179,5904,3
-250,180,5928,4
-477,181,5931,3
-646,182,5946,3
-3472,183,6074,3
-1806,184,6116,3
-592,185,6131,3
-944,186,6159,3
-2195,187,6236,3
-1819,188,6280,3
-969,189,6295,3
-2262,190,6340,3
-1923,191,6374,3
-3019,192,6454,3
-1051,193,6477,3
-1509,194,6517,3
-982,195,6534,3
-628,196,6549,3
-1049,197,6575,3
-1984,198,6600,3
-820,199,6617,3
-352,200,6620,3
-1557,201,6648,3
-796,202,6659,3
-349,203,6662,3
-527,204,6673,3
-1691,205,6722,3
-665,206,6739,3
-477,207,6742,3
-1765,208,6771,3
-1066,209,6800,3
-1168,210,6830,3
-578,211,6837,3
-852,212,6862,3
-477,213,6865,3
-1984,214,6904,3
-2604,215,6976,3
-1878,216,7001,3
-3001,217,7147,4
-1561,218,7191,3
-352,219,7194,3
-395,220,7199,3
-477,221,7202,3
-584,222,7209,3
-996,223,7236,3
-1640,224,7285,3
-477,225,7288,3
-477,226,7291,3
-1070,227,7307,3
-395,228,7312,3
-1085,229,7347,3
-898,230,7370,3
-477,231,7373,3
-753,232,7382,3
-1286,233,7405,3
-771,234,7414,3
-2248,235,7464,3
-526,236,7469,3
-1201,237,7498,3
-1028,238,7524,3
-2000,239,7577,3
-401,240,7582,3
-2044,241,7645,3
-1033,242,7659,3
-2334,243,7705,3
-1661,244,7733,3
-1723,245,7789,4
-2754,246,7849,3
-349,247,7852,3
-2438,248,8007,5
-1316,249,8026,3
-349,250,8029,3
-349,251,8032,3
-1279,252,8077,3
-1768,253,8107,3
-1540,254,8167,4
-3011,255,8237,3
-523,256,8294,4
-477,257,8297,3
-1478,258,8322,3
-655,259,8333,3
-477,260,8336,3
-1247,261,8358,3
-1725,262,8386,3
-1732,263,8419,3
-1059,264,8456,4
-721,265,8477,3
-2183,266,8535,3
-856,267,8552,3
-231,268,8577,4
-1517,269,8603,3
-477,270,8606,3
-1595,271,8631,3
-2479,272,8703,3
-1346,273,8722,3
-1272,274,8738,3
-2115,275,8811,3
-787,276,8832,3
-1883,277,8875,3
-352,278,8878,3
-2974,279,8970,3
-477,280,8973,3
-769,281,9021,4
-1343,282,9044,3
-3091,283,9119,3
-876,284,9143,3
-477,285,9146,3
-933,286,9177,3
-993,287,9198,3
-596,288,9205,3
-945,289,9227,3
-1036,290,9241,3
-1372,291,9292,3
-543,292,9324,4
-710,293,9337,3
-1104,294,9398,4
-526,295,9403,3
-1463,296,9446,3
-9,297,9481,4
-477,298,9484,3
-3024,299,9575,3
-1517,300,9592,3
-1567,301,9639,3
-1478,302,9676,3
-477,303,9679,3
-401,304,9684,3
-352,305,9687,3
-1235,306,9703,3
-521,307,9714,3
-349,308,9717,3
-949,309,9743,3
-1137,310,9770,3
-1339,311,9797,3
-477,312,9800,3
-658,313,9805,3
-349,314,9808,3
-811,315,9847,4
-2266,316,9898,3
-693,317,9917,3
-352,318,9920,3
-1745,319,9975,3
-658,320,9980,3
-1537,321,10000,3
-2126,322,10061,3
-1292,323,10083,3
-1363,324,10115,3
-1036,325,10139,3
-594,326,10152,3
-1073,327,10195,3
-1307,328,10227,3
-1134,329,10264,3
-1130,330,10281,3
-1437,331,10312,3
-1197,332,10348,3
-1864,333,10386,3
-398,334,10391,3
-2064,335,10449,3
-933,336,10470,3
-1317,337,10512,3
-1481,338,10546,3
-477,339,10549,3
-851,340,10559,3
-1326,341,10589,3
-1982,342,10666,3
-722,343,10673,3
-477,344,10676,3
-352,345,10679,3
-2003,346,10720,3
-349,347,10723,3
-1050,348,10754,3
-1887,349,10872,4
-349,350,10875,3
-4217,351,10993,3
-1058,352,11027,3
-1060,353,11075,4
-615,354,11084,3
-1428,355,11108,3
-588,356,11121,3
-1063,357,11144,3
-3145,358,11234,3
-653,359,11251,3
-526,360,11256,3
-1268,361,11287,3
-1253,362,11318,3
-1842,363,11354,3
-1060,364,11383,3
-864,365,11399,3
-658,366,11404,3
-1882,367,11461,3
-1188,368,11489,3
-477,369,11492,3
-1182,370,11519,3
-352,371,11522,3
-1686,372,11577,3
-1687,373,11639,3
-1363,374,11683,3
-477,375,11686,3
-2136,376,11734,3
-776,377,11747,3
-831,378,11772,3
-438,379,11779,3
-869,380,11818,4
-1397,381,11894,4
-636,382,11903,3
-535,383,11908,3
-577,384,11940,4
-1833,385,11986,3
-3671,386,12071,3
-1921,387,12140,4
-1274,388,12187,3
-2580,389,12244,3
-1118,390,12306,4
-1029,391,12319,3
-845,392,12332,3
-518,393,12377,4
-349,394,12380,3
-3029,395,12471,3
-2638,396,12536,3
-841,397,12553,3
-1690,398,12588,3
-1530,399,12618,3
-1681,400,12641,3
-349,401,12644,3
-621,402,12653,3
-2871,403,12725,3
-477,404,12728,3
-193,405,12748,4
-568,406,12789,4
-2125,407,12830,3
-1910,408,12867,3
-2063,409,12929,3
-447,410,12944,3
-477,411,12947,3
-1164,412,13010,4
-349,413,13013,3
-1052,414,13032,3
-2223,415,13063,3
-2583,416,13123,3
-4811,417,13308,4
-349,418,13311,3
-904,419,13353,4
-1120,420,13401,3
-349,421,13404,3
-2141,422,13468,3
-1989,423,13501,3
-441,424,13508,3
-1913,425,13542,3
-352,426,13545,3
-2887,427,13616,3
-878,428,13635,3
-526,429,13640,3
-3563,430,13768,3
-1701,431,13811,3
-1952,432,13848,3
-1411,433,13880,3
-477,434,13883,3
444,435,13909,5
-927,436,13933,3
-651,437,13942,3
-44,438,13969,4
-1200,439,13996,3
-1197,440,14030,3
-2098,441,14095,3
-237,442,14115,4
-725,443,14128,3
-2718,444,14187,3
-1276,445,14222,3
-584,446,14233,3
-2610,447,14356,4
-2042,448,14391,3
-2135,449,14438,3
-2379,450,14498,3
-2083,451,14539,3
-349,452,14542,3
-1259,453,14583,3
-952,454,14610,3
-1770,455,14644,3
-477,456,14647,3
-1780,457,14674,3
-1530,458,14713,3
-1910,459,14742,3
-477,460,14745,3
-2229,461,14857,4
-3325,462,14935,3
-438,463,14942,3
-352,464,14945,3
-1223,465,14968,3
-1920,466,15017,3
-352,467,15020,3
-841,468,15037,3
-1599,469,15073,3
-477,470,15076,3
-1089,471,15107,3
-352,472,15110,3
594,473,15131,5
-1373,474,15159,3
-1279,475,15179,3
-349,476,15182,3
-477,477,15185,3
-1691,478,15210,3
-218,479,15234,4
-1458,480,15280,3
-2106,481,15317,3
-1902,482,15362,3
-1476,483,15380,3
-477,484,15383,3
-4013,485,15487,3
-477,486,15490,3
-395,487,15495,3
-349,488,15498,3
-1514,489,15556,3
-5413,490,15699,3
-369,491,15718,4
-1387,492,15759,3
-1458,493,15807,3
-349,494,15810,3
-2284,495,15840,3
505,496,15876,5
-887,497,15895,3
-477,498,15898,3
-477,499,15901,3
-710,500,15923,3
-658,501,15928,3
-2747,502,15981,3
-704,503,15994,3
-477,504,15997,3
-2517,505,16060,3
-1306,506,16078,3
-967,507,16095,3
-1494,508,16119,3
-352,509,16122,3
-3256,510,16215,3
-750,511,16221,3
-1017,512,16248,3
-2072,513,16289,3
-704,514,16302,3
-1223,515,16330,3
-401,516,16335,3
-833,517,16357,3
-2211,518,16385,3
-658,519,16390,3
-575,520,16397,3
-1356,521,16438,4
-1147,522,16461,3
-4861,523,16595,3
-1140,524,16614,3
-1343,525,16649,3
-349,526,16652,3
-578,527,16659,3
-2943,528,16758,3
-2270,529,16816,3
-1280,530,16835,3
-477,531,16838,3
-1489,532,16880,3
-1017,533,16930,4
-2429,534,16982,3
-1397,535,17059,4
-438,536,17066,3
-395,537,17071,3
-648,538,17098,4
-1086,539,17110,3
-2169,540,17153,3
-1217,541,17185,3
-665,542,17193,3
-2284,543,17243,3
-985,544,17293,4
-477,545,17296,3
-1815,546,17326,3
-1271,547,17354,3
-613,548,17378,3
-352,549,17381,3
-1540,550,17437,3
-1334,551,17501,4
-352,552,17504,3
-1356,553,17537,3
-1399,554,17579,3
-2844,555,17653,4
-349,556,17656,3
-352,557,17659,3
-1936,558,17690,3
-2463,559,17748,3
-1027,560,17777,3
-1214,561,17825,4
-184,562,17855,4
-1181,563,17880,3
-1385,564,17909,3
-973,565,17926,3
-1078,566,17955,3
-1982,567,17995,3
-1921,568,18048,4
-477,569,18051,3
-477,570,18054,3
-248,571,18085,4
-398,572,18090,3
-750,573,18096,3
-1978,574,18128,3
-1822,575,18155,3
-814,576,18163,3
-2049,577,18193,3
-1307,578,18240,3
-2223,579,18282,3
-1773,580,18325,3
-2883,581,18418,3
-2546,582,18474,3
-151,583,18518,4
-1859,584,18573,3
-1401,585,18609,3
-1354,586,18635,3
-4009,587,18735,3
-477,588,18738,3
-1387,589,18765,3
-2082,590,18805,3
-291,591,18829,4
-1277,592,18860,3
-946,593,18883,3
-750,594,18889,3
-456,595,18896,3
-1233,596,18914,3
-1409,597,18934,3
-477,598,18937,3
-1209,599,18961,3
-1174,600,18990,3
-477,601,18993,3
-526,602,18998,3
-515,603,19047,4
-548,604,19058,3
-1074,605,19095,3
-622,606,19110,3
-477,607,19113,3
-1591,608,19168,4
-1636,609,19209,3
-2075,610,19276,3
-1324,611,19312,3
-2592,612,19370,3
-932,613,19398,3
-2037,614,19434,3
-484,615,19443,3
-776,616,19459,3
-2991,617,19523,3
-1347,618,19547,3
-2365,619,19673,4
-515,620,19684,3
-4824,621,19807,3
-2165,622,19860,3
-644,623,19933,5
-1653,624,19978,3
-352,625,19981,3
-1109,626,20016,3
-2905,627,20084,3
-542,628,20095,3
-892,629,20130,3
-1448,630,20164,3
-3615,631,20261,3
-1082,632,20296,3
-2232,633,20342,3
-1228,634,20379,4
-2151,635,20405,3
-570,636,20436,4
-572,637,20443,3
-1863,638,20509,3
-1285,639,20535,3
-1011,640,20571,3
-1488,641,20589,3
-2386,642,20633,3
-573,643,20646,3
-477,644,20649,3
-1450,645,20691,3
-1505,646,20731,3
-1558,647,20772,3
-487,648,20781,3
-477,649,20784,3
-722,650,20791,3
-456,651,20798,3
-682,652,20809,3
-444,653,20816,3
-1327,654,20893,4
-751,655,20933,4
-803,656,20956,3
-411,657,20972,3
-1473,658,21003,3
-2295,659,21045,3
-395,660,21050,3
-1295,661,21091,3
-4276,662,21229,4
-1434,663,21260,3
-438,664,21267,3
-477,665,21270,3
-3183,666,21372,3
-582,667,21385,3
-1717,668,21415,3
-2503,669,21529,3
-699,670,21548,3
-499,671,21565,3
-715,672,21601,4
-551,673,21612,3
-1440,674,21645,3
-1727,675,21698,4
-2643,676,21761,3
-1752,677,21803,3
355,678,21827,5
-803,679,21874,4
-2075,680,21920,3
-1407,681,21944,3
-535,682,21949,3
-477,683,21952,3
-1225,684,22007,4
-352,685,22010,3
-997,686,22033,3
-744,687,22048,3
-1870,688,22074,3
-1295,689,22093,3
-1027,690,22116,3
-349,691,22119,3
-477,692,22122,3
-673,693,22133,3
-707,694,22140,3
-1893,695,22174,3
-1699,696,22221,3
-477,697,22224,3
-2206,698,22255,3
-707,699,22262,3
-1519,700,22310,4
-352,701,22313,3
-535,702,22318,3
-1541,703,22337,3
-352,704,22340,3
-1283,705,22368,3
-1372,706,22444,4
-887,707,22454,3
-1887,708,22527,4
-352,709,22530,3
-3129,710,22598,3
-453,711,22605,3
-1316,712,22627,3
-1397,713,22664,3
-349,714,22667,3
-927,715,22698,3
-2060,716,22744,3
-1109,717,22775,3
-3276,718,22871,3
-750,719,22877,3
-352,720,22880,3
-3926,721,22981,3
-1589,722,23007,3
-1531,723,23039,3
-2278,724,23103,4
-1081,725,23136,3
-2541,726,23199,3
-1899,727,23266,3
-1644,728,23290,3
-477,729,23293,3
-1468,730,23350,4
-477,731,23353,3
-434,732,23405,4
-951,733,23436,3
-858,734,23461,3
-809,735,23483,3
-1513,736,23507,3
-1879,737,23543,3
-606,738,23561,3
-2070,739,23668,4
-1684,740,23694,3
-817,741,23702,3
-2493,742,23774,3
-667,743,23785,3
-1355,744,23813,3
-477,745,23816,3
-477,746,23819,3
-645,747,23828,3
-1415,748,23871,3
-349,749,23874,3
-883,750,23891,3
-1969,751,23968,3
-2773,752,24027,3
-1895,753,24121,4
-2295,754,24184,3
-735,755,24199,3
-599,756,24234,4
-1658,757,24271,3
-835,758,24298,3
-1393,759,24348,3
-1359,760,24364,3
-575,761,24383,3
-395,762,24388,3
-2786,763,24467,3
-477,764,24470,3
-2130,765,24551,3
-2633,766,24596,3
-349,767,24599,3
-1444,768,24623,3
-584,769,24630,3
-702,770,24649,3
-5013,771,24811,3
-654,772,24820,3
-1962,773,24874,3
-2722,774,24952,3
-1639,775,24996,3
-2471,776,25069,3
-1480,777,25095,3
-52,778,25109,4
-477,779,25112,3
-2513,780,25183,3
-1227,781,25222,3
-1624,782,25251,3
-1121,783,25267,3
-1663,784,25288,3
-1564,785,25326,3
-395,786,25331,3
-4011,787,25414,3
-477,788,25417,3
-443,789,25460,4
-456,790,25467,3
-1337,791,25508,3
-986,792,25518,3
-1734,793,25560,3
-1532,794,25585,3
-1826,795,25613,3
-1760,796,25636,3
-1931,797,25667,3
-349,798,25670,3
-2424,799,25710,3
-1302,800,25735,3
-1770,801,25784,3
-1373,802,25858,4
-1029,803,25901,4
-578,804,25908,3
-2362,805,25940,3
-1812,806,26001,3
-817,807,26009,3
-352,808,26012,3
-395,809,26017,3
-1588,810,26040,3
-352,811,26043,3
-1139,812,26093,3
-581,813,26100,3
-2066,814,26143,3
-2770,815,26211,3
-1888,816,26255,3
-1355,817,26274,3
-858,818,26295,3
-826,819,26312,3
-1387,820,26326,3
-1316,821,26349,3
-658,822,26354,3
-713,823,26367,3
-352,824,26370,3
-1793,825,26435,3
-477,826,26438,3
-477,827,26441,3
-1539,828,26480,3
-2596,829,26540,3
-1135,830,26563,3
-2844,831,26659,3
-1446,832,26681,3
-395,833,26686,3
-535,834,26691,3
-395,835,26696,3
-111,836,26711,4
-352,837,26714,3
-447,838,26721,3
-1009,839,26744,3
-4369,840,26870,3
-664,841,26881,3
-979,842,26904,3
-1695,843,26931,3
-1427,844,26956,3
-1093,845,26979,3
-3599,846,27089,4
-841,847,27110,3
-1292,848,27151,3
-817,849,27159,3
-3245,850,27229,3
-1372,851,27246,3
-2042,852,27304,3
-2186,853,27368,4
-514,854,27377,3
-894,855,27429,4
-1853,856,27469,3
-671,857,27486,3
-444,858,27493,3
-682,859,27504,3
56,860,27560,5
-800,861,27583,3
-352,862,27586,3
-1733,863,27645,4
-612,864,27698,4
-1659,865,27726,3
-1681,866,27804,4
-1155,867,27835,4
-899,868,27864,3
-477,869,27867,3
-1051,870,27882,3
-903,871,27903,3
-1234,872,27932,3
-3079,873,28030,3
-1466,874,28058,3
-1944,875,28112,3
-708,876,28131,3
-395,877,28136,3
-3032,878,28194,3
-845,879,28204,3
-1371,880,28225,3
-531,881,28280,4
-477,882,28283,3
-477,883,28286,3
-779,884,28345,4
-477,885,28348,3
-630,886,28357,3
-1640,887,28397,3
-1115,888,28423,3
-349,889,28426,3
-1644,890,28477,3
-1579,891,28497,3
-2497,892,28559,3
-913,893,28586,3
-572,894,28593,3
-1380,895,28618,3
-986,896,28643,3
-627,897,28652,3
-535,898,28657,3
-1224,899,28684,3
-2402,900,28739,3
-352,901,28742,3
-937,902,28750,3
-349,903,28753,3
-2180,904,28802,3
-844,905,28813,3
-349,906,28816,3
-658,907,28821,3
-1327,908,28868,3
-352,909,28871,3
-1491,910,28893,3
-2053,911,28940,3
-352,912,28943,3
-1502,913,28977,3
-557,914,29002,4
-863,915,29012,3
-2626,916,29104,3
-2058,917,29141,3
-477,918,29144,3
-1806,919,29205,3
-1125,920,29242,3
-1834,921,29307,3
-1314,922,29343,3
-795,923,29358,3
-1225,924,29384,3
-349,925,29387,3
-395,926,29392,3
-4985,927,29555,3
-750,928,29561,3
-1318,929,29597,3
-615,930,29606,3
-615,931,29615,3
-535,932,29620,3
-349,933,29623,3
-886,934,29658,3
-1548,935,29688,3
-1525,936,29711,3
-768,937,29726,3
-1830,938,29771,3
-952,939,29794,3
-3140,940,29865,3
-1051,941,29888,3
-1647,942,29915,3
-3919,943,30028,3
-1690,944,30057,3
-526,945,30062,3
-1014,946,30084,3
-465,947,30091,3
-477,948,30094,3
-921,949,30109,3
-349,950,30112,3
-2321,951,30161,3
-624,952,30170,3
-526,953,30175,3
-477,954,30178,3
-2069,955,30246,3
-3366,956,30367,3
-1126,957,30406,3
-352,958,30409,3
-1210,959,30429,3
-1090,960,30458,3
-576,961,30471,3
-1044,962,30492,3
-1529,963,30527,3
-349,964,30530,3
-395,965,30535,3
-576,966,30548,3
-1081,967,30586,4
-967,968,30600,3
-734,969,30613,3
-2339,970,30662,3
-745,971,30688,3
-352,972,30691,3
-873,973,30712,3
-1302,974,30739,3
-2581,975,30804,3
-1632,976,30849,3
-4269,977,30989,4
-2428,978,31043,3
-1986,979,31079,3
-2302,980,31124,3
-2851,981,31204,3
-1872,982,31237,3
-3148,983,31336,3
-551,984,31372,4
-1013,985,31391,3
-1029,986,31412,3
-722,987,31419,3
-2185,988,31506,4
-514,989,31515,3
-2783,990,31566,3
-352,991,31569,3
-1472,992,31601,3
-1092,993,31629,3
-352,994,31632,3
-1278,995,31700,4
-787,996,31726,3
-349,997,31729,3
-1346,998,31760,3
-2513,999,31855,3
-1521,1000,31900,3
-508,1001,31909,3
-918,1002,31930,3
-2261,1003,31980,3
-1093,1004,32013,3
-535,1005,32018,3
-1644,1006,32060,3
-918,1007,32081,3
-447,1008,32088,3
-1504,1009,32123,3
-679,1010,32134,3
-1794,1011,32185,3
-854,1012,32195,3
-2340,1013,32246,3
-1556,1014,32271,3
-572,1015,32278,3
-1570,1016,32316,3
-1724,1017,32341,3
-567,1018,32354,3
-1381,1019,32386,3
-2878,1020,32494,3
-1555,1021,32550,4
-1107,1022,32577,3
-444,1023,32584,3
-872,1024,32597,3
-770,1025,32610,3
-1094,1026,32641,3
-1576,1027,32679,3
-1526,1028,32716,3
-676,1029,32727,3
-1061,1030,32776,4
-790,1031,32793,3
-994,1032,32843,4
-632,1033,32891,4
-1806,1034,32933,3
-1247,1035,32949,3
-1268,1036,32980,3
-1552,1037,33004,3
-496,1038,33031,4
-2429,1039,33077,3
-594,1040,33090,3
-1634,1041,33130,3
-2175,1042,33166,3
-1495,1043,33201,3
-1244,1044,33241,3
-352,1045,33244,3
-1722,1046,33268,3
-398,1047,33273,3
-817,1048,33281,3
-658,1049,33286,3
-2279,1050,33360,3
-2688,1051,33451,3
-453,1052,33458,3
-483,1053,33483,4
-1272,1054,33519,3
-1920,1055,33568,3
-2157,1056,33619,3
-868,1057,33640,3
-3121,1058,33714,3
-1330,1059,33740,3
-1796,1060,33781,3
-477,1061,33784,3
-1447,1062,33811,3
-2988,1063,33931,3
-4202,1064,34061,3
-720,1065,34080,3
-477,1066,34083,3
-456,1067,34090,3
589,1068,34138,5
-1367,1069,34218,4
-563,1070,34229,3
-2340,1071,34297,4
-1033,1072,34333,4
-3598,1073,34423,3
-447,1074,34430,3
-1891,1075,34462,3
-973,1076,34497,3
-1724,1077,34553,4
-921,1078,34612,4
-352,1079,34615,3
-2754,1080,34690,3
-530,1081,34706,3
-905,1082,34725,3
-477,1083,34728,3
-352,1084,34731,3
-1793,1085,34771,3
-1727,1086,34829,3
-658,1087,34834,3
-633,1088,34843,3
-1520,1089,34892,3
-1668,1090,34928,3
-395,1091,34933,3
-1683,1092,34957,3
-803,1093,34976,3
-2577,1094,35060,3
-477,1095,35063,3
-2279,1096,35112,3
-477,1097,35115,3
-572,1098,35122,3
-2158,1099,35161,3
-1679,1100,35195,3
-1127,1101,35220,3
-930,1102,35241,3
-2287,1103,35283,3
-1216,1104,35304,3
-438,1105,35311,3
-1455,1106,35351,3
-1364,1107,35373,3
-1231,1108,35393,3
-395,1109,35398,3
-1661,1110,35444,3
-477,1111,35447,3
-763,1112,35468,3
-2292,1113,35525,3
-915,1114,35565,3
-443,1115,35593,4
-611,1116,35612,4
-352,1117,35615,3
-648,1118,35624,3
-477,1119,35627,3
-2734,1120,35678,3
-1094,1121,35700,3
-2758,1122,35778,3
-1173,1123,35796,3
-1612,1124,35843,3
-3934,1125,35959,3
-1190,1126,36028,4
-584,1127,36035,3
-651,1128,36048,3
456,1129,36061,4
-1726,1130,36105,3
-1028,1131,36133,3
-615,1132,36142,3
-1875,1133,36175,3
-3839,1134,36284,3
-4319,1135,36406,3
-1427,1136,36431,3
-1395,1137,36470,3
-349,1138,36473,3
-1705,1139,36503,3
-1326,1140,36519,3
-612,1141,36532,3
-658,1142,36537,3
-2478,1143,36591,3
-624,1144,36600,3
-2221,1145,36674,4
-873,1146,36699,3
-1049,1147,36715,3
-4704,1148,36859,3
-2084,1149,36920,3
-985,1150,36943,3
64,1151,36981,5
-352,1152,36984,3
-323,1153,37013,5
-352,1154,37016,3
-349,1155,37019,3
-1004,1156,37039,3
-1366,1157,37059,3
-1767,1158,37120,3
-2040,1159,37192,3
-352,1160,37195,3
-477,1161,37198,3
-1339,1162,37227,3
-1008,1163,37248,3
-1431,1164,37287,3
-1536,1165,37368,4
-3613,1166,37467,3
-2212,1167,37514,3
-937,1168,37522,3
-636,1169,37531,3
-2128,1170,37561,3
-674,1171,37586,3
-731,1172,37599,3
-1772,1173,37658,3
-732,1174,37673,3
-2141,1175,37738,3
-642,1176,37759,3
-477,1177,37762,3
-2087,1178,37853,4
-1905,1179,37907,3
-1535,1180,37935,3
-677,1181,37952,3
-1197,1182,38003,4
-477,1183,38006,3
-1079,1184,38037,3
-4121,1185,38158,4
-1322,1186,38177,3
-1129,1187,38243,5
-352,1188,38246,3
-2241,1189,38295,3
-255,1190,38320,4
-817,1191,38356,4
-750,1192,38371,3
-1367,1193,38417,3
-2251,1194,38511,4
-1573,1195,38561,3
-923,1196,38590,3
-551,1197,38601,3
-490,1198,38610,3
-477,1199,38613,3
-477,1200,38616,3
-1154,1201,38647,3
-1573,1202,38731,4
671,1203,38762,5
-886,1204,38804,4
-1696,1205,38833,3
-477,1206,38836,3
-477,1207,38839,3
-349,1208,38842,3
-535,1209,38847,3
-463,1210,38865,3
-816,1211,38890,3
-768,1212,38909,3
-1829,1213,38941,3
-1356,1214,38956,3
-1591,1215,38992,3
-4086,1216,39157,4
-1580,1217,39210,3
-1348,1218,39245,3
-291,1219,39278,4
-1445,1220,39324,3
-1428,1221,39346,3
-1959,1222,39394,3
-2460,1223,39442,3
-759,1224,39451,3
-1998,1225,39524,3
-782,1226,39538,3
-1396,1227,39565,3
-1541,1228,39602,3
-852,1229,39617,3
-572,1230,39624,3
-5700,1231,39844,4
-1412,1232,39913,4
-352,1233,39916,3
-1293,1234,40016,5
-1414,1235,40115,4
-1040,1236,40131,3
-352,1237,40134,3
-2436,1238,40192,3
-1545,1239,40210,3
-2022,1240,40253,3
-1712,1241,40278,3
-585,1242,40291,3
-477,1243,40294,3
-1489,1244,40318,3
-1596,1245,40373,3
-1966,1246,40409,3
-1069,1247,40442,3
-825,1248,40467,3
-1673,1249,40516,3
-859,1250,40527,3
-609,1251,40579,4
-1071,1252,40609,3
-1011,1253,40636,3
-847,1254,40663,3
-1090,1255,40686,3
-3777,1256,40766,3
-1390,1257,40792,3
-1618,1258,40839,3
-410,1259,40874,4
-352,1260,40877,3
-3029,1261,40969,3
-1876,1262,41028,3
-1945,1263,41066,3
-1559,1264,41106,3
-719,1265,41131,3
-535,1266,41136,3
-2737,1267,41241,4
-438,1268,41248,3
-1168,1269,41315,4
-1922,1270,41343,3
-1390,1271,41366,3
-670,1272,41381,3
-698,1273,41398,3
-1387,1274,41440,3
-477,1275,41443,3
-1630,1276,41496,3
-2243,1277,41572,4
-781,1278,41592,3
-349,1279,41595,3
-2194,1280,41642,3
-573,1281,41655,3
-767,1282,41668,3
-1548,1283,41722,3
-349,1284,41725,3
-477,1285,41728,3
-1530,1286,41750,3
-1360,1287,41785,3
-1425,1288,41810,3
-1840,1289,41891,4
-3988,1290,41987,3
-352,1291,41990,3
-1056,1292,42020,3
-438,1293,42027,3
-1791,1294,42051,3
-1192,1295,42074,3
-1516,1296,42103,3
-1680,1297,42149,3
-1591,1298,42205,3
-655,1299,42216,3
-933,1300,42255,4
-2880,1301,42339,3
-1309,1302,42368,3
-997,1303,42425,4
-1678,1304,42506,4
-1757,1305,42538,3
-349,1306,42541,3
-352,1307,42544,3
-2907,1308,42619,3
-1398,1309,42649,3
-984,1310,42670,3
-535,1311,42675,3
-352,1312,42678,3
-352,1313,42681,3
-1963,1314,42707,3
-438,1315,42714,3
-1034,1316,42730,3
-2215,1317,42792,3
-842,1318,42811,3
-661,1319,42822,3
-1483,1320,42846,3
-1423,1321,42881,3
-2035,1322,42919,3
-2373,1323,42967,3
-3524,1324,43088,3
-5962,1325,43252,3
-349,1326,43255,3
-1482,1327,43288,3
-1455,1328,43312,3
-1245,1329,43404,4
-1554,1330,43434,3
-986,1331,43444,3
-1115,1332,43491,4
-584,1333,43498,3
-778,1334,43518,3
-523,1335,43535,3
-3130,1336,43622,3
-1289,1337,43654,3
-2225,1338,43694,3
-1134,1339,43721,3
-750,1340,43727,3
-465,1341,43734,3
-1366,1342,43779,3
-762,1343,43788,3
-477,1344,43791,3
-1885,1345,43869,4
-1231,1346,43907,3
-4294,1347,44023,3
-1151,1348,44045,3
-1660,1349,44066,3
-1579,1350,44113,3
-477,1351,44116,3
-1419,1352,44173,4
-814,1353,44181,3
-1032,1354,44208,3
-1988,1355,44254,3
-1474,1356,44289,3
-1393,1357,44341,4
-1128,1358,44368,3
-1579,1359,44397,3
-3029,1360,44474,3
-3160,1361,44608,4
-1627,1362,44669,4
-2886,1363,44720,3
-1541,1364,44757,3
-349,1365,44760,3
-349,1366,44763,3
-616,1367,44778,3
-352,1368,44781,3
-644,1369,44798,3
-2826,1370,44856,3
-1730,1371,44888,3
-2010,1372,44918,3
-1487,1373,44943,3
-1167,1374,44964,3
-2083,1375,44994,3
-2119,1376,45056,3
-1825,1377,45113,3
-658,1378,45118,3
-750,1379,45124,3
-1053,1380,45145,3
-477,1381,45148,3
-990,1382,45197,4
-1139,1383,45226,3
-2135,1384,45266,3
-477,1385,45269,3
-3425,1386,45358,3
-1128,1387,45385,3
-1843,1388,45411,3
-352,1389,45414,3
-352,1390,45417,3
-1010,1391,45427,3
-760,1392,45439,3
-1945,1393,45483,3
-533,1394,45494,3
-1520,1395,45537,3
-349,1396,45540,3
-690,1397,45580,4
-2911,1398,45642,3
-349,1399,45645,3
-477,1400,45648,3
-477,1401,45651,3
-888,1402,45663,3
-1208,1403,45709,4
-983,1404,45753,3
-609,1405,45766,3
-1691,1406,45804,3
-1717,1407,45837,3
-2468,1408,45882,3
-974,1409,45947,4
-1256,1410,45998,4
-1270,1411,46024,3
-1939,1412,46079,4
-731,1413,46092,3
-711,1414,46111,3
-401,1415,46116,3
-2715,1416,46224,3
-1474,1417,46281,3
-2356,1418,46343,3
-1259,1419,46383,3
-909,1420,46398,3
-573,1421,46411,3
-820,1422,46432,3
-447,1423,46439,3
-1426,1424,46456,3
-658,1425,46461,3
-3010,1426,46532,3
-2666,1427,46626,3
56,1428,46647,4
-1005,1429,46668,3
-1832,1430,46726,3
-3552,1431,46810,3
-852,1432,46831,3
-954,1433,46846,3
-615,1434,46855,3
-578,1435,46862,3
-477,1436,46865,3
-893,1437,46884,3
-496,1438,46893,3
-902,1439,46922,3
-3730,1440,47059,3
-395,1441,47064,3
-490,1442,47073,3
-2461,1443,47160,3
-2104,1444,47211,3
-860,1445,47224,3
-349,1446,47227,3
-948,1447,47258,3
-817,1448,47266,3
-2792,1449,47348,3
-1195,1450,47378,3
-2495,1451,47430,3
-1167,1452,47458,3
-2654,1453,47509,3
-1372,1454,47536,3
-1261,1455,47562,3
-3454,1456,47666,3
-679,1457,47677,3
-447,1458,47684,3
-999,1459,47715,3
-1933,1460,47775,3
-435,1461,47851,5
-477,1462,47854,3
-1585,1463,47892,3
-1528,1464,47964,4
-2414,1465,48025,3
-1860,1466,48058,3
-2049,1467,48095,3
-1257,1468,48128,3
-535,1469,48133,3
-352,1470,48136,3
-477,1471,48139,3
-456,1472,48146,3
-3459,1473,48219,3
-864,1474,48243,3
-2038,1475,48321,3
-349,1476,48324,3
-1790,1477,48362,3
-477,1478,48365,3
-665,1479,48373,3
-352,1480,48376,3
-2198,1481,48420,3
-1530,1482,48453,3
-682,1483,48464,3
-2759,1484,48528,3
-579,1485,48541,3
-1786,1486,48570,3
-352,1487,48573,3
-465,1488,48580,3
-477,1489,48583,3
-1370,1490,48614,3
-1659,1491,48659,3
-1229,1492,48684,3
-477,1493,48687,3
-477,1494,48690,3
-1501,1495,48705,3
-573,1496,48723,3
-658,1497,48728,3
-1010,1498,48744,3
-3973,1499,48837,3
-477,1500,48840,3
-1148,1501,48871,3
-1884,1502,48931,3
-1631,1503,48981,3
-349,1504,48984,3
-2687,1505,49042,3
-1246,1506,49059,3
-1786,1507,49110,3
-2927,1508,49202,4
-830,1509,49221,3
-1003,1510,49248,3
-2460,1511,49302,3
-401,1512,49307,3
-2869,1513,49356,3
-866,1514,49375,3
-1986,1515,49441,3
-395,1516,49446,3
-661,1517,49461,3
-585,1518,49474,3
-625,1519,49489,3
-979,1520,49503,3
-1281,1521,49527,3
-1180,1522,49550,3
-1440,1523,49598,3
-1574,1524,49708,5
-667,1525,49719,3
-395,1526,49724,3
-1386,1527,49754,3
-572,1528,49761,3
-949,1529,49788,3
-1621,1530,49808,3
-1930,1531,49832,3
-832,1532,49843,3
-2236,1533,49906,3
-477,1534,49909,3
-2537,1535,50004,3
-1172,1536,50021,3
-401,1537,50026,3
-352,1538,50029,3
-642,1539,50038,3
-1020,1540,50084,3
-1678,1541,50131,3
-4195,1542,50282,4
-1770,1543,50318,3
-664,1544,50329,3
-444,1545,50336,3
-750,1546,50342,3
-1265,1547,50373,3
-2106,1548,50424,3
-1632,1549,50494,3
-1315,1550,50537,4
-349,1551,50540,3
-2516,1552,50580,3
-3255,1553,50667,3
-839,1554,50686,3
-352,1555,50689,3
-1652,1556,50723,3
-2481,1557,50771,3
-1673,1558,50793,3
-477,1559,50796,3
-352,1560,50799,3
-1342,1561,50817,3
-858,1562,50833,3
-665,1563,50850,3
-349,1564,50853,3
-1951,1565,50921,3
-535,1566,50926,3
-477,1567,50929,3
-68,1568,50946,4
-477,1569,50949,3
-1266,1570,50967,3
-1882,1571,51030,3
-2795,1572,51094,3
-990,1573,51116,3
-1741,1574,51173,3
-865,1575,51190,3
-1970,1576,51228,3
-870,1577,51253,3
-2720,1578,51342,3
-1115,1579,51359,3
-526,1580,51364,3
-1144,1581,51387,3
-1568,1582,51440,3
-502,1583,51449,3
-477,1584,51452,3
-3122,1585,51544,4
-3037,1586,51631,3
-1800,1587,51670,3
-658,1588,51675,3
-401,1589,51680,3
-349,1590,51683,3
-1576,1591,51734,3
-2328,1592,51803,3
-477,1593,51806,3
-1321,1594,51832,3
-349,1595,51835,3
-173,1596,51901,5
-601,1597,51916,3
-822,1598,51931,3
-658,1599,51936,3
-2409,1600,52045,4
-349,1601,52048,3
-477,1602,52051,3
-2577,1603,52148,4
-860,1604,52167,3
-925,1605,52202,3
-3335,1606,52285,3
-349,1607,52288,3
-1234,1608,52308,3
-1834,1609,52368,3
-925,1610,52391,3
-1607,1611,52417,3
-655,1612,52428,3
-1728,1613,52456,3
-1316,1614,52518,3
-980,1615,52562,4
-401,1616,52567,3
-714,1617,52595,4
-762,1618,52610,3
-3311,1619,52708,3
-2438,1620,52767,3
-1202,1621,52837,4
-477,1622,52840,3
-1250,1623,52862,3
-3758,1624,53003,4
-352,1625,53006,3
-1455,1626,53039,3
-2223,1627,53084,3
-753,1628,53093,3
-2239,1629,53140,3
-4271,1630,53297,3
-1623,1631,53316,3
-1702,1632,53336,3
-896,1633,53355,3
-2306,1634,53398,3
-477,1635,53401,3
-643,1636,53449,4
-750,1637,53455,3
-829,1638,53476,3
-2177,1639,53519,3
-636,1640,53528,3
-2170,1641,53584,3
-4389,1642,53702,3
-2751,1643,53774,3
-834,1644,53799,3
-2659,1645,53868,3
-3907,1646,53957,3
-1044,1647,54007,4
-752,1648,54045,4
-1850,1649,54076,3
-1278,1650,54092,3
-4029,1651,54182,3
-2171,1652,54235,3
-352,1653,54238,3
-4013,1654,54386,3
-858,1655,54407,3
-1482,1656,54425,3
-937,1657,54433,3
-770,1658,54456,3
-638,1659,54481,3
-697,1660,54492,3
-594,1661,54513,3
-460,1662,54559,4
-1837,1663,54597,3
-1507,1664,54645,3
-1081,1665,54668,3
-1082,1666,54685,3
-1105,1667,54715,3
-2733,1668,54770,3
-352,1669,54773,3
-1165,1670,54812,3
-2635,1671,54896,4
-1414,1672,54913,3
-2346,1673,54994,3
-1023,1674,55025,3
-937,1675,55033,3
-526,1676,55038,3
-3210,1677,55125,3
-731,1678,55138,3
-4567,1679,55267,3
-586,1680,55298,4
-1473,1681,55337,3
-3036,1682,55433,3
-2262,1683,55509,3
-1861,1684,55544,3
-1118,1685,55569,3
-350,1686,55599,4
-691,1687,55610,3
-566,1688,55621,3
-477,1689,55624,3
-4521,1690,55754,4
-2332,1691,55816,3
-1967,1692,55883,3
-1753,1693,55943,3
-2085,1694,55997,3
-2741,1695,56076,3
-2191,1696,56136,3
-2409,1697,56188,3
-2115,1698,56239,3
-502,1699,56271,4
-939,1700,56302,3
-1792,1701,56340,3
-1119,1702,56367,3
-1039,1703,56405,3
-833,1704,56424,3
-477,1705,56427,3
-477,1706,56430,3
-3736,1707,56558,4
-477,1708,56561,3
-950,1709,56595,3
-1602,1710,56625,3
-542,1711,56636,3
-937,1712,56644,3
-2054,1713,56733,4
-2875,1714,56838,3
-1015,1715,56871,3
-3190,1716,56972,3
-995,1717,56992,3
-1369,1718,57027,3
-3856,1719,57106,3
-638,1720,57166,5
-352,1721,57169,3
-1861,1722,57228,3
-2888,1723,57293,3
-1844,1724,57324,3
-1776,1725,57360,3
-565,1726,57399,4
174,1727,57432,5
-477,1728,57435,3
-1159,1729,57504,4
-477,1730,57507,3
-2013,1731,57536,3
-722,1732,57549,3
-1300,1733,57569,3
-1456,1734,57586,3
-1230,1735,57604,3
-750,1736,57610,3
-1805,1737,57638,3
-1407,1738,57659,3
-2091,1739,57699,3
-2129,1740,57748,3
-2935,1741,57858,3
-352,1742,57861,3
-352,1743,57864,3
-2474,1744,57944,3
-526,1745,57949,3
-1067,1746,57965,3
-4603,1747,58124,4
-2069,1748,58177,3
-1184,1749,58209,3
-477,1750,58212,3
-289,1751,58242,4
-1247,1752,58273,3
-774,1753,58288,3
-1999,1754,58320,3
-786,1755,58352,4
-811,1756,58360,3
-2075,1757,58427,3
-846,1758,58461,3
-875,1759,58480,3
-447,1760,58487,3
-853,1761,58522,3
-3400,1762,58602,3
-1781,1763,58630,3
-1756,1764,58660,3
-986,1765,58670,3
-2319,1766,58705,3
-1000,1767,58722,3
-1794,1768,58780,3
-771,1769,58789,3
-1665,1770,58856,3
-750,1771,58862,3
121,1772,58895,4
-477,1773,58898,3
-809,1774,58921,3
-1384,1775,58972,3
-2456,1776,59025,3
-2742,1777,59097,3
-1170,1778,59124,3
-552,1779,59146,3
-477,1780,59149,3
-1426,1781,59167,3
-2718,1782,59285,3
-630,1783,59294,3
-1347,1784,59387,4
-1609,1785,59419,3
-914,1786,59448,3
-2046,1787,59520,3
-352,1788,59523,3
-1848,1789,59575,3
-1945,1790,59601,3
-535,1791,59606,3
-1238,1792,59637,3
-777,1793,59652,3
-1281,1794,59685,3
-750,1795,59691,3
-1546,1796,59754,3
-1819,1797,59780,3
-896,1798,59799,3
-352,1799,59802,3
-535,1800,59807,3
-1137,1801,59835,3
-1881,1802,59875,3
-2553,1803,59929,3
-328,1804,59973,4
-738,1805,59992,3
-1275,1806,60008,3
-398,1807,60013,3
-1920,1808,60056,3
-352,1809,60059,3
-2324,1810,60106,3
-2578,1811,60181,3
-1216,1812,60207,3
-2753,1813,60278,3
-545,1814,60289,3
-949,1815,60343,4
-1788,1816,60385,3
-1864,1817,60424,3
-526,1818,60429,3
-1512,1819,60459,3
-2784,1820,60543,3
-899,1821,60585,4
-658,1822,60590,3
-526,1823,60595,3
-1816,1824,60630,3
-1238,1825,60652,3
-722,1826,60659,3
-2422,1827,60707,3
-477,1828,60710,3
-882,1829,60740,3
-753,1830,60758,3
-716,1831,60771,3
-66,1832,60799,4
-857,1833,60846,4
-2660,1834,60947,3
-2692,1835,61012,3
-1049,1836,61055,4
-867,1837,61080,3
-1043,1838,61106,3
-225,1839,61134,5
-1821,1840,61157,3
-2714,1841,61248,3
-2731,1842,61328,3
-581,1843,61335,3
-750,1844,61341,3
-1182,1845,61374,3
-4507,1846,61475,3
-1589,1847,61500,3
-872,1848,61519,3
-1600,1849,61573,4
-2733,1850,61654,3
-352,1851,61657,3
-878,1852,61704,4
-800,1853,61727,3
-893,1854,61740,3
-957,1855,61755,3
-2876,1856,61889,4
-471,1857,61904,3
-609,1858,61917,3
-1398,1859,61951,3
-3852,1860,62090,3
-2796,1861,62166,3
-730,1862,62187,3
-829,1863,62204,3
-713,1864,62217,3
-1173,1865,62253,4
-994,1866,62285,3
-965,1867,62305,3
-1356,1868,62339,3
-72,1869,62367,4
-765,1870,62376,3
-1242,1871,62409,3
-3030,1872,62479,3
-1067,1873,62522,4
-911,1874,62542,3
-349,1875,62545,3
-2540,1876,62646,3
-477,1877,62649,3
-1729,1878,62675,3
-1801,1879,62719,3
-1259,1880,62742,3
-1325,1881,62770,3
-1417,1882,62820,3
-331,1883,62848,4
-1076,1884,62879,3
-1480,1885,62930,3
-477,1886,62933,3
-1030,1887,62948,3
-1454,1888,62982,3
-851,1889,62995,3
-352,1890,62998,3
-601,1891,63013,3
-790,1892,63030,3
-2667,1893,63099,3
-822,1894,63124,3
-750,1895,63130,3
-2661,1896,63205,3
-1353,1897,63230,3
-1279,1898,63291,4
-2258,1899,63364,3
-906,1900,63379,3
-1839,1901,63412,3
-1627,1902,63451,3
-1386,1903,63475,3
-1513,1904,63514,3
-1677,1905,63544,3
-3813,1906,63653,3
-579,1907,63666,3
-535,1908,63671,3
-1269,1909,63698,3
-953,1910,63723,3
-2165,1911,63788,3
-701,1912,63801,3
-1488,1913,63829,3
-895,1914,63852,3
-591,1915,63865,3
-1095,1916,63883,3
-2339,1917,63941,3
-997,1918,63964,3
-1083,1919,64010,3
-3019,1920,64078,3
-1067,1921,64117,4
-826,1922,64144,3
-349,1923,64147,3
-2258,1924,64236,3
-1573,1925,64259,3
-1794,1926,64292,3
-937,1927,64362,4
-1536,1928,64413,3
-1699,1929,64442,3
-1105,1930,64471,3
-1482,1931,64492,3
-352,1932,64495,3
-1648,1933,64557,3
-1999,1934,64590,3
-1274,1935,64615,3
-2507,1936,64682,3
-884,1937,64695,3
-1737,1938,64734,3
-352,1939,64737,3
-668,1940,64754,3
357,1941,64779,4
-477,1942,64782,3
-3567,1943,64902,3
-2907,1944,64966,3
-1338,1945,64981,3
-1745,1946,65028,3
-1461,1947,65050,3
-1846,1948,65106,4
-1629,1949,65151,3
-881,1950,65164,3
-2348,1951,65210,3
-1236,1952,65265,4
-398,1953,65270,3
-477,1954,65273,3
-555,1955,65294,3
-1528,1956,65314,3
-2673,1957,65369,3
-584,1958,65376,3
-352,1959,65379,3
-624,1960,65388,3
-535,1961,65393,3
-3024,1962,65523,4
-4681,1963,65640,3
-2108,1964,65680,3
-2468,1965,65745,3
-2144,1966,65810,3
-4110,1967,65919,3
-1753,1968,65957,3
-398,1969,65962,3
-349,1970,65965,3
-584,1971,65972,3
-693,1972,65991,3
-572,1973,66007,3
-4958,1974,66146,3
-350,1975,66224,5
-857,1976,66247,3
-477,1977,66250,3
-2063,1978,66280,3
-1504,1979,66315,3
-3228,1980,66403,3
-352,1981,66406,3
-957,1982,66428,3
-854,1983,66489,4
-1560,1984,66574,4
-788,1985,66612,4
-1522,1986,66635,3
-1795,1987,66671,3
-2647,1988,66730,3
-1684,1989,66793,4
-1571,1990,66851,3
-1470,1991,66909,4
-1392,1992,66948,3
-1279,1993,66974,3
-843,1994,66990,3
-1617,1995,67032,3
-987,1996,67053,3
-2687,1997,67132,3
-903,1998,67144,3
-722,1999,67151,3
-542,2000,67162,3
-1392,2001,67219,3
-660,2002,67278,4
-1110,2003,67324,4
-670,2004,67335,3
-1769,2005,67372,3
-984,2006,67403,3
-707,2007,67420,3
-2555,2008,67535,4
-477,2009,67538,3
-1757,2010,67588,3
-2010,2011,67651,3
-1399,2012,67668,3
-3339,2013,67758,3
-835,2014,67769,3
-2154,2015,67800,3
-1027,2016,67823,3
-447,2017,67830,3
-857,2018,67849,3
-2506,2019,67906,3
-419,2020,67950,4
-943,2021,67977,3
-1625,2022,68002,3
-3090,2023,68095,3
-4341,2024,68242,3
-1820,2025,68273,3
-352,2026,68276,3
-477,2027,68279,3
-584,2028,68286,3
-2955,2029,68364,3
-2405,2030,68452,4
-2539,2031,68520,3
-1220,2032,68552,3
-578,2033,68559,3
-1092,2034,68590,3
-1686,2035,68651,3
-2016,2036,68730,4
-2178,2037,68772,3
-1768,2038,68799,3
-349,2039,68802,3
-444,2040,68809,3
-395,2041,68814,3
-3225,2042,68958,4
-477,2043,68961,3
-1503,2044,68988,3
-1643,2045,69037,3
-352,2046,69040,3
42,2047,69067,5
-1400,2048,69096,3
-535,2049,69101,3
-744,2050,69120,3
-477,2051,69123,3
-615,2052,69136,3
-438,2053,69143,3
-2045,2054,69196,3
-1956,2055,69263,3
-897,2056,69278,3
-1345,2057,69329,3
-542,2058,69340,3
-844,2059,69351,3
-535,2060,69356,3
-615,2061,69365,3
-722,2062,69372,3
-674,2063,69389,3
-1794,2064,69425,3
-3107,2065,69510,3
-2892,2066,69571,3
-352,2067,69574,3
-934,2068,69591,3
-786,2069,69606,3
-352,2070,69609,3
-1438,2071,69626,3
-1988,2072,69663,3
-2253,2073,69762,3
-2905,2074,69858,3
-621,2075,69867,3
-1823,2076,69929,3
-2142,2077,69993,3
-968,2078,70046,4
-1849,2079,70097,3
-890,2080,70110,3
-352,2081,70113,3
-3724,2082,70206,3
-1398,2083,70230,3
-1170,2084,70245,3
-911,2085,70304,4
-2291,2086,70351,3
-2258,2087,70422,3
-1701,2088,70473,3
-477,2089,70476,3
-349,2090,70479,3
-1871,2091,70520,3
-5543,2092,70741,4
-759,2093,70750,3
-670,2094,70765,3
-993,2095,70796,3
-1085,2096,70813,3
-1907,2097,70894,4
-453,2098,70901,3
-352,2099,70904,3
-1448,2100,70920,3
-676,2101,70935,3
-578,2102,70942,3
-957,2103,70972,3
-1277,2104,71013,3
-1272,2105,71055,3
-535,2106,71060,3
-2141,2107,71157,3
-1480,2108,71205,3
-3167,2109,71285,3
-1442,2110,71304,3
-1270,2111,71325,3
-2572,2112,71412,3
-477,2113,71415,3
-2605,2114,71465,3
-1350,2115,71504,3
-811,2116,71530,3
-725,2117,71543,3
-1499,2118,71580,3
-638,2119,71597,3
-444,2120,71604,3
-650,2121,71621,3
-352,2122,71624,3
-2257,2123,71689,3
-674,2124,71744,4
-5280,2125,71889,3
-1996,2126,71939,3
-1999,2127,71983,3
-184,2128,72045,5
-477,2129,72060,3
-2147,2130,72173,4
-2428,2131,72223,3
-349,2132,72226,3
-349,2133,72229,3
-2424,2134,72321,4
-750,2135,72340,3
-1729,2136,72359,3
-615,2137,72368,3
-2028,2138,72397,3
-1024,2139,72430,3
-1314,2140,72502,4
-2453,2141,72563,3
-477,2142,72566,3
-1299,2143,72590,3
-2427,2144,72641,3
-2727,2145,72756,4
-1133,2146,72790,3
-1995,2147,72836,3
-2300,2148,72903,3
-1170,2149,72939,3
-1127,2150,72964,3
-984,2151,72986,3
-2077,2152,73030,3
-713,2153,73043,3
-2770,2154,73117,3
-2400,2155,73174,3
-2074,2156,73231,3
-2443,2157,73308,3
-1800,2158,73341,3
-2175,2159,73395,3
-1781,2160,73450,3
-622,2161,73465,3
-1874,2162,73520,3
-2933,2163,73599,3
-794,2164,73621,3
-902,2165,73640,3
-955,2166,73654,3
-697,2167,73665,3
-2689,2168,73740,3
-1601,2169,73790,3
-477,2170,73793,3
-2618,2171,73869,3
-1138,2172,73898,3
-352,2173,73901,3
-477,2174,73904,3
-1567,2175,73984,4
-2940,2176,74078,3
-352,2177,74081,3
-1079,2178,74112,3
-1160,2179,74134,3
-2309,2180,74208,4
-817,2181,74216,3
-564,2182,74229,3
-636,2183,74238,3
-2793,2184,74301,3
-352,2185,74304,3
-352,2186,74307,3
-1620,2187,74331,3
-874,2188,74354,3
-1522,2189,74402,3
-1389,2190,74444,3
-940,2191,74467,3
-1500,2192,74546,4
-3923,2193,74646,3
-2420,2194,74686,3
-487,2195,74695,3
-1422,2196,74740,3
-674,2197,74762,3
-1939,2198,74809,3
-1691,2199,74835,3
-1369,2200,74858,3
-398,2201,74863,3
-1472,2202,74888,3
-2845,2203,74969,3
-990,2204,75034,5
-2552,2205,75131,4
-349,2206,75134,3
-1055,2207,75160,3
-2081,2208,75204,3
-477,2209,75207,3
-1369,2210,75234,3
-349,2211,75237,3
-2314,2212,75278,3
-1634,2213,75309,3
-866,2214,75344,4
-1779,2215,75374,3
-2547,2216,75464,3
-1292,2217,75492,3
-729,2218,75511,3
-1516,2219,75552,3
-724,2220,75573,3
-905,2221,75616,4
-1084,2222,75664,3
-2793,2223,75787,4
-1269,2224,75844,4
-349,2225,75847,3
-2348,2226,75920,3
-554,2227,75931,3
-1981,2228,75963,3
-1403,2229,75995,3
-3068,2230,76072,3
-1509,2231,76111,3
-477,2232,76114,3
-477,2233,76117,3
-1226,2234,76160,3
-1223,2235,76183,3
-352,2236,76186,3
-2678,2237,76251,3
-1738,2238,76277,3
-1431,2239,76322,3
-1889,2240,76350,3
-673,2241,76361,3
-352,2242,76364,3
-2559,2243,76432,4
-3672,2244,76552,3
-609,2245,76573,3
-2419,2246,76656,3
-1135,2247,76695,3
-1135,2248,76709,3
-73,2249,76734,4
-4591,2250,76954,4
-4507,2251,77079,3
-1505,2252,77122,3
-2056,2253,77155,3
-1068,2254,77173,3
-1126,2255,77235,4
-1389,2256,77268,3
-914,2257,77288,3
-2232,2258,77333,3
-1745,2259,77410,4
-2959,2260,77524,4
-2013,2261,77624,4
-453,2262,77631,3
-4478,2263,77743,3
-1678,2264,77806,3
-1207,2265,77827,3
-1641,2266,77851,3
-799,2267,77859,3
-563,2268,77875,3
-533,2269,77886,3
-2755,2270,77939,3
-3186,2271,78023,3
-3010,2272,78100,3
-2117,2273,78164,3
-1354,2274,78190,3
-3322,2275,78265,3
-750,2276,78271,3
-1356,2277,78292,3
-477,2278,78295,3
-1964,2279,78332,3
-1797,2280,78368,3
-4511,2281,78501,3
-1029,2282,78532,3
-633,2283,78541,3
-477,2284,78544,3
-1456,2285,78589,3
-578,2286,78596,3
-874,2287,78614,3
-1112,2288,78683,4
-2696,2289,78741,3
-2316,2290,78804,3
-645,2291,78813,3
-477,2292,78816,3
-2461,2293,78878,3
-535,2294,78883,3
-2706,2295,79014,4
-601,2296,79077,5
-2157,2297,79156,3
-477,2298,79159,3
-1141,2299,79179,3
-689,2300,79201,3
-447,2301,79208,3
-1981,2302,79249,3
-2170,2303,79305,3
-2062,2304,79353,3
-477,2305,79356,3
-3594,2306,79468,3
-477,2307,79471,3
-352,2308,79474,3
-1283,2309,79524,4
-2012,2310,79561,3
-1136,2311,79592,3
-1665,2312,79620,3
-401,2313,79625,3
-1882,2314,79733,4
-937,2315,79741,3
-788,2316,79764,3
-2122,2317,79802,3
-1337,2318,79849,3
-349,2319,79852,3
-1545,2320,79913,3
-3179,2321,79990,3
-477,2322,79993,3
-2461,2323,80047,3
-1841,2324,80123,3
-535,2325,80128,3
-820,2326,80149,3
-1171,2327,80184,3
-854,2328,80197,3
-797,2329,80277,4
-2969,2330,80402,4
-2713,2331,80488,4
-3409,2332,80548,3
-2775,2333,80618,3
-2756,2334,80707,3
-572,2335,80714,3
-1097,2336,80749,3
-2009,2337,80811,3
-1549,2338,80852,3
-1566,2339,80879,3
-3567,2340,80960,3
-362,2341,80992,4
-737,2342,81005,3
-1279,2343,81025,3
-658,2344,81030,3
-535,2345,81035,3
-4,2346,81090,5
-2701,2347,81162,3
-1377,2348,81204,3
-1799,2349,81266,3
-585,2350,81313,4
-1198,2351,81333,3
-819,2352,81412,5
-3116,2353,81500,3
-805,2354,81517,3
-1056,2355,81548,3
-447,2356,81555,3
-2784,2357,81652,3
-352,2358,81655,3
-1717,2359,81694,3
-2378,2360,81749,3
-1444,2361,81775,3
-349,2362,81778,3
-447,2363,81785,3
-3348,2364,81856,3
-717,2365,81875,3
-739,2366,81955,4
-846,2367,81980,3
-1279,2368,82006,3
-1107,2369,82042,3
-352,2370,82045,3
-352,2371,82048,3
-790,2372,82065,3
-526,2373,82070,3
-3952,2374,82171,3
213,2375,82220,5
-693,2376,82239,3
-1887,2377,82302,3
-873,2378,82323,3
-1902,2379,82347,3
-658,2380,82352,3
-622,2381,82367,3
-1396,2382,82402,3
-1281,2383,82441,3
-395,2384,82446,3
-803,2385,82468,3
-2545,2386,82521,3
-658,2387,82526,3
-2080,2388,82603,3
-702,2389,82622,3
-2214,2390,82692,3
-1487,2391,82720,3
-477,2392,82723,3
-1841,2393,82779,3
-395,2394,82784,3
-477,2395,82787,3
-477,2396,82790,3
-1048,2397,82819,3
-1908,2398,82861,3
-1275,2399,82904,3
-84,2400,82954,5
-477,2401,82957,3
-535,2402,82962,3
-352,2403,82965,3
-2331,2404,83011,3
-2437,2405,83068,3
-1140,2406,83089,3
-1330,2407,83116,3
-2339,2408,83198,3
-3510,2409,83276,3
-477,2410,83279,3
-1594,2411,83317,3
-3470,2412,83391,3
-610,2413,83415,3
-833,2414,83434,3
-1149,2415,83467,3
-352,2416,83470,3
-3551,2417,83583,3
-1741,2418,83618,3
-1353,2419,83657,3
-2337,2420,83706,3
-2000,2421,83740,3
-1326,2422,83783,3
-897,2423,83795,3
-1811,2424,83850,3
-3088,2425,83934,3
-2108,2426,83989,3
-2200,2427,84033,3
-526,2428,84038,3
-803,2429,84061,3
-852,2430,84077,3
-3821,2431,84195,3
-2480,2432,84256,3
-2461,2433,84349,4
-1553,2434,84366,3
-536,2435,84377,3
-2627,2436,84445,3
-578,2437,84452,3
-490,2438,84461,3
-1485,2439,84483,3
-750,2440,84489,3
-1091,2441,84506,3
-1195,2442,84538,3
-746,2443,84591,4
-438,2444,84598,3
-1048,2445,84631,3
-1934,2446,84669,3
-1757,2447,84691,3
-477,2448,84694,3
-1715,2449,84743,3
-2151,2450,84779,3
-821,2451,84802,3
-1228,2452,84823,3
-4755,2453,84935,3
-477,2454,84938,3
-2008,2455,84979,3
-829,2456,85006,3
-535,2457,85011,3
-3755,2458,85124,4
-814,2459,85132,3
-572,2460,85139,3
-851,2461,85149,3
-1817,2462,85192,3
-1381,2463,85221,3
-1172,2464,85253,3
-477,2465,85256,3
-1397,2466,85293,3
-1043,2467,85333,4
-484,2468,85342,3
-924,2469,85367,3
-395,2470,85372,3
-1166,2471,85397,3
-1533,2472,85458,4
-2489,2473,85529,3
-581,2474,85536,3
-2036,2475,85576,3
-477,2476,85579,3
-2097,2477,85640,3
-1229,2478,85654,3
-352,2479,85657,3
-981,2480,85694,4
-1858,2481,85744,3
-1406,2482,85782,3
-2352,2483,85836,3
-4752,2484,85974,4
-2608,2485,86024,3
-352,2486,86027,3
-2518,2487,86081,3
-2595,2488,86198,4
-1626,2489,86226,3
-1778,2490,86254,3
-477,2491,86257,3
-477,2492,86260,3
-1072,2493,86283,3
-477,2494,86286,3
-1797,2495,86311,3
-401,2496,86316,3
-2239,2497,86369,3
-349,2498,86372,3
-1509,2499,86421,3
-667,2500,86441,3
-563,2501,86452,3
-1586,2502,86514,4
-444,2503,86540,4
-2145,2504,86576,3
-1266,2505,86615,3
-2249,2506,86647,3
-875,2507,86660,3
-969,2508,86749,5
-1610,2509,86778,3
-526,2510,86783,3
-477,2511,86786,3
-2418,2512,86846,3
-2108,2513,86973,4
-2786,2514,87055,3
-1295,2515,87102,3
-477,2516,87105,3
-1297,2517,87141,3
-2604,2518,87278,4
-2258,2519,87367,3
-2178,2520,87439,3
-2594,2521,87501,3
-1600,2522,87621,5
-2048,2523,87673,3
-707,2524,87680,3
-694,2525,87710,3
-1958,2526,87750,3
-1467,2527,87772,3
-2000,2528,87834,4
-639,2529,87886,4
-1219,2530,87915,3
-414,2531,87931,3
-694,2532,87942,3
-2832,2533,88038,3
-2960,2534,88126,3
-398,2535,88131,3
-3548,2536,88220,3
-1371,2537,88259,3
-477,2538,88262,3
-395,2539,88267,3
-535,2540,88272,3
-1914,2541,88308,3
-477,2542,88311,3
-2487,2543,88374,3
-477,2544,88377,3
-2226,2545,88434,3
-3298,2546,88512,3
-2233,2547,88550,3
-783,2548,88565,3
-1393,2549,88600,3
-1612,2550,88624,3
-558,2551,88655,4
-349,2552,88658,3
-477,2553,88661,3
-2149,2554,88720,3
-609,2555,88741,3
-1913,2556,88802,3
-1158,2557,88839,3
-2246,2558,88918,3
-4253,2559,89040,3
-2471,2560,89086,3
-491,2561,89116,4
-1007,2562,89126,3
-2112,2563,89172,3
-1779,2564,89227,3
-1612,2565,89284,3
-2659,2566,89358,3
-658,2567,89363,3
-701,2568,89385,3
-1207,2569,89405,3
-2183,2570,89452,3
-930,2571,89464,3
-2288,2572,89534,3
-1226,2573,89580,3
-3907,2574,89664,3
-2908,2575,89732,3
-2210,2576,89800,3
-991,2577,89823,3
-477,2578,89826,3
-1964,2579,89872,3
-1143,2580,89914,3
-1650,2581,89953,3
-1810,2582,89998,3
-2062,2583,90030,3
-1701,2584,90072,3
-1794,2585,90100,3
-2980,2586,90166,3
-1294,2587,90186,3
-349,2588,90189,3
-3441,2589,90282,3
-2219,2590,90376,4
-572,2591,90383,3
-1633,2592,90412,3
-349,2593,90415,3
-2888,2594,90491,3
-1370,2595,90548,4
-2349,2596,90629,3
-1700,2597,90652,3
-1410,2598,90676,3
-2422,2599,90791,4
-1610,2600,90819,3
-1165,2601,90849,3
-1814,2602,90895,3
-1544,2603,90914,3
-4978,2604,91054,3
-349,2605,91057,3
-2304,2606,91100,3
-2214,2607,91146,3
-236,2608,91175,4
-1473,2609,91196,3
-1287,2610,91239,3
-2492,2611,91346,4
-1570,2612,91403,3
-1223,2613,91443,3
-3485,2614,91570,3
-349,2615,91573,3
-725,2616,91590,3
-477,2617,91593,3
-444,2618,91600,3
-658,2619,91605,3
-1060,2620,91653,4
-768,2621,91662,3
-438,2622,91669,3
-1830,2623,91739,4
-1848,2624,91773,3
-2150,2625,91871,4
-2341,2626,91921,3
-349,2627,91924,3
-2518,2628,91980,3
-1205,2629,92029,3
-527,2630,92040,3
-1580,2631,92084,3
-881,2632,92137,4
-349,2633,92140,3
-2524,2634,92191,3
-853,2635,92208,3
-1812,2636,92253,3
-1632,2637,92320,4
-1724,2638,92384,3
-2078,2639,92413,3
-1915,2640,92478,3
-1201,2641,92501,3
-349,2642,92504,3
-3559,2643,92623,3
-3723,2644,92716,3
-609,2645,92729,3
-4372,2646,92842,3
-3237,2647,92947,3
-3193,2648,93027,3
-1698,2649,93092,4
-477,2650,93095,3
-832,2651,93122,3
-745,2652,93143,3
-2151,2653,93203,3
-1346,2654,93241,3
-398,2655,93246,3
-1651,2656,93284,3
-3663,2657,93420,3
-1496,2658,93442,3
-551,2659,93453,3
-2044,2660,93546,4
-2520,2661,93603,3
-438,2662,93610,3
-2164,2663,93682,3
-775,2664,93694,3
-707,2665,93701,3
-477,2666,93704,3
-2507,2667,93817,4
-1160,2668,93839,3
-851,2669,93849,3
-2767,2670,93911,3
-1535,2671,93955,3
-304,2672,94012,4
-2290,2673,94086,3
-1587,2674,94125,3
-2778,2675,94188,3
-1379,2676,94225,3
-1924,2677,94269,3
-1969,2678,94301,3
-997,2679,94324,3
-352,2680,94327,3
-1137,2681,94354,3
-1146,2682,94387,3
-481,2683,94396,3
-3503,2684,94481,3
-477,2685,94484,3
-1200,2686,94499,3
-1619,2687,94527,3
-1308,2688,94557,3
-1117,2689,94608,4
-401,2690,94613,3
-1350,2691,94628,3
-1308,2692,94673,3
-1129,2693,94696,3
-1466,2694,94746,4
-477,2695,94749,3
-673,2696,94764,3
-2342,2697,94844,4
-2312,2698,94972,5
-352,2699,94975,3
-352,2700,94978,3
-921,2701,95009,3
-2126,2702,95052,3
-4857,2703,95206,4
-2401,2704,95245,3
-1465,2705,95286,3
-2016,2706,95344,3
-487,2707,95353,3
-967,2708,95367,3
-477,2709,95370,3
-2801,2710,95471,3
-352,2711,95474,3
-2063,2712,95511,3
-2157,2713,95601,4
-656,2714,95632,4
-1873,2715,95691,3
-5456,2716,95889,4
-422,2717,95902,3
-1130,2718,95967,4
-2066,2719,96005,3
-1694,2720,96039,3
-2659,2721,96095,3
-2312,2722,96144,3
-637,2723,96159,3
-4589,2724,96298,3
-2021,2725,96341,3
-3112,2726,96467,4
-658,2727,96472,3
-477,2728,96475,3
-814,2729,96495,3
-2089,2730,96537,3
-986,2731,96556,3
-592,2732,96571,3
-3699,2733,96656,3
-2119,2734,96686,3
-1617,2735,96716,3
-891,2736,96737,3
-3009,2737,96809,3
-3432,2738,96929,3
-450,2739,96936,3
-349,2740,96939,3
-931,2741,96962,3
-2789,2742,97027,3
-2473,2743,97078,3
-677,2744,97095,3
-1475,2745,97120,3
-1466,2746,97154,3
-2588,2747,97229,4
-848,2748,97248,3
-1784,2749,97276,3
-722,2750,97283,3
-1933,2751,97352,4
-1216,2752,97369,3
-1714,2753,97433,4
-3708,2754,97535,3
-1373,2755,97566,3
-2434,2756,97651,4
-630,2757,97660,3
-407,2758,97688,4
-1988,2759,97719,3
-477,2760,97722,3
-750,2761,97728,3
-1341,2762,97761,3
-2115,2763,97842,3
-2163,2764,97887,3
-1291,2765,97925,3
-477,2766,97928,3
-991,2767,97966,3
-623,2768,98004,4
-1476,2769,98031,3
-1085,2770,98065,3
-477,2771,98068,3
-1539,2772,98113,3
-477,2773,98116,3
-772,2774,98145,3
-1614,2775,98197,3
-1411,2776,98248,3
-453,2777,98255,3
-352,2778,98258,3
-822,2779,98283,3
-3017,2780,98345,3
-2200,2781,98386,3
-623,2782,98412,4
-639,2783,98421,3
-2180,2784,98467,3
-1615,2785,98524,3
-1092,2786,98555,3
-707,2787,98562,3
-750,2788,98568,3
-1023,2789,98595,3
-545,2790,98606,3
-3159,2791,98681,3
-1879,2792,98722,3
-1565,2793,98763,3
-1943,2794,98831,3
-453,2795,98838,3
-685,2796,98868,3
-658,2797,98873,3
-1706,2798,98922,3
-2607,2799,98963,3
-1016,2800,99006,4
-738,2801,99043,4
-872,2802,99062,3
-2610,2803,99134,3
-2678,2804,99193,3
-2609,2805,99258,3
-3726,2806,99376,3
-398,2807,99381,3
-2248,2808,99507,4
-2082,2809,99555,3
-679,2810,99566,3
-5857,2811,99742,3
-352,2812,99745,3
-682,2813,99756,3
-1491,2814,99802,3
-795,2815,99817,3
-2699,2816,99902,3
-2203,2817,99940,3
-1044,2818,99998,4
1305,2819,100035,7
-477,2820,100038,3
-2582,2821,100132,3
-477,2822,100135,3
-714,2823,100154,3
-1551,2824,100193,3
-624,2825,100202,3
-658,2826,100207,3
-352,2827,100210,3
-1708,2828,100289,4
-964,2829,100306,3
-1218,2830,100324,3
-433,2831,100395,5
-3367,2832,100499,3
-481,2833,100508,3
-494,2834,100528,3
-349,2835,100531,3
-2397,2836,100600,3
-2063,2837,100661,3
-1187,2838,100677,3
-349,2839,100680,3
-477,2840,100683,3
-3279,2841,100740,3
-395,2842,100745,3
-2108,2843,100791,3
-3592,2844,100874,3
-2448,2845,100922,3
-630,2846,100931,3
-1917,2847,100964,3
-465,2848,100971,3
-563,2849,100982,3
-1734,2850,101027,3
-1688,2851,101076,3
-712,2852,101106,3
-922,2853,101199,5
-5118,2854,101319,3
271,2855,101375,5
-1511,2856,101403,3
-3191,2857,101489,3
-660,2858,101498,3
-838,2859,101509,3
-658,2860,101514,3
-1242,2861,101595,4
-1907,2862,101643,4
-1205,2863,101660,3
-1840,2864,101707,3
-2214,2865,101753,3
-526,2866,101758,3
-1443,2867,101779,3
-1593,2868,101813,3
-707,2869,101820,3
-2575,2870,101910,3
-1501,2871,101930,3
-644,2872,101947,3
-752,2873,101960,3
-1864,2874,102011,3
-823,2875,102032,3
-743,2876,102045,3
-1071,2877,102066,3
-207,2878,102091,4
-1804,2879,102120,3
-1063,2880,102135,3
-658,2881,102140,3
-2839,2882,102197,3
-4423,2883,102338,4
-2154,2884,102404,4
-5140,2885,102560,3
-2093,2886,102621,3
-3013,2887,102757,4
-1957,2888,102781,3
-713,2889,102798,3
-3336,2890,102869,3
-2013,2891,102936,4
-1129,2892,102950,3
-1355,2893,102993,3
-477,2894,102996,3
-1131,2895,103032,3
-2899,2896,103129,4
-2349,2897,103207,3
-1548,2898,103261,3
-2513,2899,103332,3
-58,2900,103350,4
-477,2901,103353,3
-352,2902,103356,3
-722,2903,103369,3
-1765,2904,103422,3
-1417,2905,103440,3
-588,2906,103453,3
-349,2907,103456,3
-582,2908,103469,3
-535,2909,103474,3
-1839,2910,103526,3
-986,2911,103536,3
-1144,2912,103586,4
-1813,2913,103625,3
-1007,2914,103641,3
-1727,2915,103675,3
-1526,2916,103718,3
-2019,2917,103766,3
-477,2918,103769,3
-1793,2919,103801,3
-3266,2920,103910,3
-1298,2921,103935,3
-3720,2922,104037,3
-1684,2923,104078,3
-1829,2924,104124,3
-1600,2925,104162,3
-477,2926,104165,3
-1961,2927,104194,3
-4518,2928,104321,3
-4906,2929,104488,3
-784,2930,104505,3
-636,2931,104514,3
-1023,2932,104545,3
-968,2933,104564,3
-1029,2934,104585,3
-1970,2935,104625,3
-1014,2936,104652,3
-3659,2937,104773,3
-2189,2938,104807,3
-1389,2939,104846,3
-2862,2940,104944,4
-1038,2941,104966,3
-352,2942,104969,3
-2125,2943,105031,3
-3879,2944,105188,4
-1855,2945,105229,3
-1344,2946,105254,3
-1195,2947,105292,3
-1900,2948,105361,3
-1740,2949,105404,3
-2209,2950,105470,3
-1645,2951,105502,3
-1950,2952,105629,5
-3616,2953,105708,3
-1713,2954,105732,3
-477,2955,105735,3
-1491,2956,105762,3
-824,2957,105784,3
-2301,2958,105836,3
-1017,2959,105863,3
-821,2960,105877,3
-447,2961,105884,3
-477,2962,105887,3
-3424,2963,106050,4
-477,2964,106053,3
-496,2965,106062,3
-2271,2966,106100,3
-1750,2967,106136,3
-352,2968,106139,3
-352,2969,106142,3
-2659,2970,106195,3
-1214,2971,106220,3
-2661,2972,106359,4
347,2973,106402,5
-1801,2974,106440,3
-1517,2975,106474,3
-2317,2976,106537,3
-349,2977,106540,3
-542,2978,106551,3
-1040,2979,106570,3
-719,2980,106577,3
-401,2981,106582,3
-4659,2982,106714,3
-948,2983,106739,3
-579,2984,106752,3
-817,2985,106760,3
-1775,2986,106791,3
-1652,2987,106840,3
-2031,2988,106883,3
-1112,2989,106929,3
-661,2990,106940,3
-555,2991,106953,3
-477,2992,106956,3
-762,2993,106971,3
-1379,2994,106993,3
-406,2995,107035,5
-2796,2996,107090,3
-2026,2997,107131,3
-477,2998,107134,3
-2946,2999,107203,3
-533,3000,107214,3
-2280,3001,107260,3
-2333,3002,107294,3
-477,3003,107297,3
-1977,3004,107348,3
-2061,3005,107436,3
-477,3006,107439,3
-732,3007,107454,3
-621,3008,107476,4
-2596,3009,107586,4
-2600,3010,107656,3
-769,3011,107673,3
-679,3012,107684,3
-349,3013,107687,3
-5066,3014,107817,3
-1183,3015,107840,3
-3501,3016,107930,3
-1257,3017,107948,3
-477,3018,107951,3
-1712,3019,107991,3
-2042,3020,108052,3
-1201,3021,108084,3
-2004,3022,108127,3
-621,3023,108136,3
-1102,3024,108165,3
-490,3025,108174,3
-2638,3026,108249,3
-477,3027,108252,3
-937,3028,108260,3
-1571,3029,108309,3
-1240,3030,108338,3
-658,3031,108343,3
-1953,3032,108415,3
-1746,3033,108440,3
-944,3034,108451,3
-477,3035,108454,3
-447,3036,108461,3
-2366,3037,108493,3
-1365,3038,108518,3
-1015,3039,108559,3
-1466,3040,108588,3
-450,3041,108595,3
-2758,3042,108645,3
-2343,3043,108714,3
-1234,3044,108734,3
-3593,3045,108820,3
-584,3046,108827,3
-3212,3047,108919,3
-1867,3048,108952,3
-2026,3049,109014,3
-3397,3050,109095,3
-1992,3051,109126,3
-771,3052,109135,3
-477,3053,109138,3
-2715,3054,109245,4
-1783,3055,109284,3
-3234,3056,109362,3
-484,3057,109371,3
-2880,3058,109431,3
-2260,3059,109508,3
-349,3060,109511,3
-968,3061,109531,3
-352,3062,109534,3
-1294,3063,109564,3
-1622,3064,109596,3
-3144,3065,109699,3
-2289,3066,109745,3
-2201,3067,109788,3
-3669,3068,109884,3
-2006,3069,109930,3
-349,3070,109933,3
-607,3071,109948,3
-502,3072,109957,3
-1311,3073,110020,4
-766,3074,110037,3
-4080,3075,110146,3
-477,3076,110149,3
-1133,3077,110189,3
-1370,3078,110212,3
-477,3079,110215,3
-1367,3080,110249,3
-1324,3081,110290,3
-1056,3082,110302,3
-477,3083,110305,3
-2203,3084,110355,3
-689,3085,110372,3
-817,3086,110380,3
-976,3087,110403,3
-4019,3088,110549,4
-2231,3089,110607,3
-477,3090,110610,3
-1572,3091,110647,3
-572,3092,110654,3
-1485,3093,110699,3
-1231,3094,110725,3
-1749,3095,110767,3
-1327,3096,110806,3
-1127,3097,110832,3
-477,3098,110835,3
-349,3099,110838,3
-912,3100,110853,3
-581,3101,110860,3
-1127,3102,110894,3
-908,3103,110923,3
-1589,3104,110966,3
-1602,3105,110994,3
-1004,3106,111013,3
-866,3107,111032,3
-1160,3108,111057,3
-1431,3109,111096,3
-226,3110,111116,4
-726,3111,111150,4
-1371,3112,111192,3
-2316,3113,111246,3
-1578,3114,111276,3
-2455,3115,111344,3
-4078,3116,111511,4
-1014,3117,111538,3
-2776,3118,111613,3
-2341,3119,111649,3
-1050,3120,111705,4
-477,3121,111708,3
-2324,3122,111811,4
-352,3123,111814,3
-401,3124,111819,3
-762,3125,111828,3
-621,3126,111837,3
-1362,3127,111861,3
-844,3128,111872,3
-955,3129,111905,3
-1016,3130,111934,3
-1636,3131,111969,3
-1809,3132,112014,3
-913,3133,112040,3
-352,3134,112043,3
-2499,3135,112085,3
-2078,3136,112120,3
-2026,3137,112164,3
-1000,3138,112197,3
-4105,3139,112337,4
-2084,3140,112375,3
-1580,3141,112400,3
-1494,3142,112449,4
-1450,3143,112476,3
-3261,3144,112561,3
-722,3145,112568,3
324,3146,112604,5
-1333,3147,112630,3
-769,3148,112676,4
-1521,3149,112719,4
-1046,3150,112735,3
-942,3151,112747,3
-1684,3152,112782,3
-1507,3153,112829,3
-2961,3154,112940,3
-2991,3155,113021,3
-2838,3156,113129,3
-530,3157,113140,3
-809,3158,113162,3
-1181,3159,113203,3
-1771,3160,113242,3
-1286,3161,113329,5
-940,3162,113343,3
-3707,3163,113449,3
-1432,3164,113499,3
-477,3165,113502,3
-3319,3166,113594,3
-1520,3167,113622,3
-1646,3168,113669,3
-768,3169,113678,3
-1915,3170,113734,3
-3019,3171,113870,4
-1212,3172,113909,3
-4002,3173,114030,3
-3086,3174,114113,3
-951,3175,114128,3
-1136,3176,114159,3
-676,3177,114188,4
-1521,3178,114234,3
-1847,3179,114274,3
-1794,3180,114305,3
-759,3181,114320,3
-1480,3182,114361,3
-398,3183,114366,3
-1420,3184,114389,3
-352,3185,114392,3
-700,3186,114441,4
-401,3187,114446,3
-2099,3188,114484,3
-2156,3189,114567,4
-3843,3190,114706,4
-2680,3191,114774,3
-2167,3192,114855,3
-2935,3193,114920,3
-2172,3194,114999,3
-401,3195,115071,5
-765,3196,115086,3
-477,3197,115089,3
-537,3198,115117,4
-2022,3199,115148,3
-514,3200,115157,3
-349,3201,115160,3
-459,3202,115167,3
-352,3203,115170,3
-395,3204,115175,3
-2945,3205,115234,3
-1581,3206,115261,3
-2079,3207,115315,3
-2863,3208,115380,3
-1486,3209,115415,3
-765,3210,115430,3
-807,3211,115455,3
-850,3212,115466,3
-1666,3213,115519,3
-535,3214,115524,3
-1142,3215,115546,3
-1000,3216,115560,3
-484,3217,115569,3
-2706,3218,115635,3
-1791,3219,115680,3
-2100,3220,115716,3
-1501,3221,115740,3
-3510,3222,115853,4
-1616,3223,115893,3
-352,3224,115896,3
-1336,3225,115914,3
-477,3226,115917,3
-2632,3227,116001,3
-2493,3228,116092,3
-477,3229,116095,3
772,3230,116116,5
-352,3231,116119,3
-1112,3232,116144,3
-2435,3233,116200,3
-939,3234,116221,3
-2018,3235,116264,3
-585,3236,116277,3
-3265,3237,116354,3
-1003,3238,116377,3
-349,3239,116380,3
-1769,3240,116414,3
-972,3241,116439,3
-1559,3242,116509,4
-2958,3243,116596,3
-584,3244,116603,3
-1213,3245,116638,3
-641,3246,116702,5
-3261,3247,116778,3
-1425,3248,116808,3
-1798,3249,116853,3
-2698,3250,116904,3
-1948,3251,116970,3
-2343,3252,117019,3
-929,3253,117039,3
-1340,3254,117082,3
-636,3255,117091,3
-878,3256,117104,3
-2105,3257,117208,4
-1876,3258,117265,3
-1240,3259,117294,3
-664,3260,117305,3
-2406,3261,117347,3
-477,3262,117350,3
-1279,3263,117370,3
-2348,3264,117455,3
-906,3265,117470,3
-2132,3266,117603,5
-1364,3267,117674,4
-1706,3268,117738,3
-290,3269,117775,4
-1903,3270,117802,3
-570,3271,117815,3
-738,3272,117842,3
-2872,3273,117910,3
-496,3274,117919,3
-1725,3275,117946,3
-1054,3276,117969,3
-1870,3277,118007,3
-801,3278,118022,3
-2280,3279,118077,3
-658,3280,118082,3
-658,3281,118087,3
-1479,3282,118123,3
-3328,3283,118194,3
-912,3284,118215,3
-477,3285,118218,3
-4074,3286,118327,3
-1056,3287,118354,3
-673,3288,118393,4
-3297,3289,118481,3
-716,3290,118494,3
-904,3291,118521,3
-1996,3292,118572,3
-3504,3293,118654,3
-2401,3294,118707,3
-477,3295,118710,3
-1858,3296,118746,3
-477,3297,118749,3
-352,3298,118752,3
-1015,3299,118809,4
-600,3300,118830,3
-3772,3301,118937,3
-2479,3302,118980,3
-3666,3303,119126,4
-766,3304,119166,4
-1564,3305,119201,3
-2955,3306,119297,3
-1166,3307,119345,4
-2771,3308,119412,3
-3470,3309,119512,3
-1402,3310,119538,3
-2850,3311,119635,3
-352,3312,119638,3
-2130,3313,119693,3
-1493,3314,119728,3
-508,3315,119745,3
-1857,3316,119818,4
-2369,3317,119868,3
-2274,3318,119910,3
-1518,3319,119940,3
-965,3320,119992,4
-2859,3321,120059,3
-4292,3322,120193,3
-1135,3323,120213,3
-1738,3324,120243,3
-352,3325,120246,3
-572,3326,120253,3
-1639,3327,120310,3
-2728,3328,120361,3
-352,3329,120364,3
-1569,3330,120410,3
-352,3331,120413,3
-765,3332,120422,3
-2344,3333,120469,3
-750,3334,120475,3
-1783,3335,120544,3
-349,3336,120547,3
-2364,3337,120607,3
-1362,3338,120622,3
-2350,3339,120693,3
-2219,3340,120776,4
-1922,3341,120816,3
-1688,3342,120877,3
-1594,3343,120910,3
-1220,3344,120932,3
-545,3345,120943,3
-535,3346,120948,3
-1271,3347,120995,3
-2084,3348,121032,3
-535,3349,121037,3
-3435,3350,121137,3
-2899,3351,121226,3
-1209,3352,121241,3
-478,3353,121250,3
-2400,3354,121331,3
-735,3355,121350,3
-991,3356,121438,5
-2991,3357,121531,3
-477,3358,121534,3
-1588,3359,121563,3
-1410,3360,121584,3
-1162,3361,121607,3
-771,3362,121616,3
-3422,3363,121693,3
-811,3364,121701,3
-832,3365,121718,3
-1807,3366,121766,3
-395,3367,121771,3
-491,3368,121791,3
-2551,3369,121878,3
-1621,3370,121941,4
-2771,3371,122054,4
-607,3372,122112,5
-3034,3373,122204,3
-1221,3374,122231,3
-1086,3375,122249,3
-962,3376,122296,4
-1663,3377,122335,3
-1636,3378,122364,3
103,3379,122421,5
-4024,3380,122549,3
-2471,3381,122599,3
-2111,3382,122688,4
-704,3383,122701,3
-1668,3384,122729,3
-743,3385,122742,3
-1493,3386,122767,3
-1621,3387,122815,3
-685,3388,122826,3
-890,3389,122868,4
-2338,3390,122960,3
-1508,3391,122988,3
-1296,3392,123039,3
-768,3393,123048,3
-811,3394,123056,3
-521,3395,123067,3
-3060,3396,123151,3
-5310,3397,123301,3
-3380,3398,123380,3
-1721,3399,123433,3
-1279,3400,123459,3
-1203,3401,123492,3
-1143,3402,123513,3
-937,3403,123539,3
-1633,3404,123560,3
-1501,3405,123595,3
-2088,3406,123632,3
-1549,3407,123665,3
-1226,3408,123690,3
-2310,3409,123750,3
-3285,3410,123819,3
-931,3411,123836,3
-375,3412,123867,4
-1205,3413,123899,3
-352,3414,123902,3
-1888,3415,123931,3
-1991,3416,123962,3
-4893,3417,124071,3
-1918,3418,124106,3
-760,3419,124136,3
-2206,3420,124167,3
-477,3421,124170,3
-2118,3422,124255,4
-771,3423,124264,3
-5023,3424,124396,3
-1790,3425,124433,3
-1950,3426,124512,4
-913,3427,124529,3
-2131,3428,124604,3
-453,3429,124611,3
-4123,3430,124767,3
-899,3431,124796,3
-2660,3432,124857,3
-395,3433,124862,3
-750,3434,124881,3
-578,3435,124888,3
-1034,3436,124913,3
-1058,3437,124929,3
-642,3438,124938,3
-2615,3439,125005,3
-630,3440,125014,3
-1304,3441,125055,3
-352,3442,125058,3
-1355,3443,125105,3
-2097,3444,125162,3
-2298,3445,125207,3
-477,3446,125210,3
-1748,3447,125260,3
-2052,3448,125299,3
-2529,3449,125356,3
-1113,3450,125383,3
-1067,3451,125426,3
-359,3452,125458,4
-578,3453,125465,3
-349,3454,125468,3
-1859,3455,125514,3
-1664,3456,125540,3
-1620,3457,125594,3
-578,3458,125601,3
-1249,3459,125621,3
-1533,3460,125660,3
-1903,3461,125723,3
-526,3462,125728,3
-743,3463,125741,3
-3081,3464,125853,4
-352,3465,125856,3
-2933,3466,125959,3
-1016,3467,125984,3
-2678,3468,126061,3
-582,3469,126074,3
-1552,3470,126106,3
-1683,3471,126140,3
-579,3472,126153,3
-1234,3473,126182,3
-3359,3474,126276,3
-756,3475,126295,3
-1517,3476,126333,3
-1001,3477,126368,3
-621,3478,126377,3
-676,3479,126422,4
-986,3480,126442,3
-1805,3481,126506,3
-2695,3482,126611,4
-1617,3483,126641,3
-1855,3484,126706,3
-927,3485,126763,4
-892,3486,126781,3
-1659,3487,126826,3
-526,3488,126831,3
-707,3489,126838,3
-714,3490,126862,3
-2599,3491,126946,3
-2223,3492,127012,3
-1401,3493,127054,3
-1245,3494,127093,3
-1483,3495,127117,3
-739,3496,127182,4
-1965,3497,127218,3
-572,3498,127225,3
-857,3499,127238,3
-1279,3500,127273,3
-901,3501,127319,4
-453,3502,127326,3
-2664,3503,127369,3
-2405,3504,127418,3
-477,3505,127421,3
-1792,3506,127474,3
-2045,3507,127538,3
-863,3508,127569,3
-1839,3509,127614,3
-2137,3510,127679,3
-869,3511,127692,3
-750,3512,127707,3
-5699,3513,127894,3
-2221,3514,127956,3
-1944,3515,128010,3
-1134,3516,128038,3
-3790,3517,128199,4
-395,3518,128204,3
-1393,3519,128253,4
-1124,3520,128278,3
-679,3521,128289,3
-1092,3522,128307,3
-2586,3523,128355,3
-2072,3524,128392,3
-535,3525,128397,3
-679,3526,128408,3
-981,3527,128435,3
-717,3528,128454,3
-642,3529,128463,3
-1527,3530,128508,3
-4935,3531,128623,3
-1756,3532,128707,4
-477,3533,128710,3
-352,3534,128713,3
-906,3535,128728,3
-1325,3536,128780,3
-707,3537,128787,3
-1947,3538,128854,3
-1938,3539,128905,3
-952,3540,128919,3
-3277,3541,128977,3
-572,3542,128984,3
-1819,3543,129037,3
-3262,3544,129129,3
-2079,3545,129177,3
-1840,3546,129213,3
-1908,3547,129292,4
-349,3548,129295,3
-1060,3549,129319,3
-4580,3550,129456,4
-3368,3551,129532,3
-716,3552,129545,3
-4601,3553,129652,3
-447,3554,129659,3
-1392,3555,129698,3
-569,3556,129709,3
-659,3557,129726,3
-907,3558,129761,3
-1835,3559,129792,3
-2156,3560,129847,3
-1626,3561,129918,4
-689,3562,129934,3
-570,3563,129947,3
-1886,3564,129978,3
-892,3565,130001,3
-2179,3566,130054,3
-2274,3567,130106,3
-1568,3568,130155,3
-526,3569,130160,3
-768,3570,130169,3
-1871,3571,130239,3
-3487,3572,130319,3
-1717,3573,130348,3
-4164,3574,130468,3
-687,3575,130487,3
-1385,3576,130507,3
-2229,3577,130558,3
-2544,3578,130616,3
-474,3579,130668,4
-1473,3580,130713,3
-1492,3581,130739,3
-2219,3582,130816,3
-753,3583,130825,3
-823,3584,130836,3
-627,3585,130845,3
-806,3586,130883,4
-1798,3587,130942,3
-1431,3588,130993,4
-40,3589,131033,5
-3325,3590,131117,3
-3141,3591,131252,4
-2304,3592,131337,3
-658,3593,131342,3
-4110,3594,131517,3
-1873,3595,131570,3
-2783,3596,131646,3
-2120,3597,131674,3
-1480,3598,131709,3
-395,3599,131714,3
-535,3600,131719,3
-1882,3601,131751,3
-2048,3602,131785,3
-578,3603,131792,3
-1232,3604,131838,3
-1501,3605,131879,3
-3144,3606,131945,3
-352,3607,131948,3
-2518,3608,132047,3
-2610,3609,132104,3
-1250,3610,132158,4
-2061,3611,132209,3
-1487,3612,132237,3
-2718,3613,132300,3
-477,3614,132303,3
-477,3615,132306,3
-1160,3616,132322,3
-691,3617,132333,3
-524,3618,132344,3
-349,3619,132347,3
-3159,3620,132432,3
-3146,3621,132502,3
-4187,3622,132639,3
-673,3623,132650,3
-1848,3624,132686,3
-1421,3625,132711,3
-953,3626,132736,3
-1385,3627,132756,3
-1965,3628,132822,3
-1166,3629,132853,3
-1872,3630,132939,4
-603,3631,132952,3
-2245,3632,132990,3
-707,3633,132997,3
-1596,3634,133048,3
-2017,3635,133092,3
-2420,3636,133163,3
-1784,3637,133197,3
-352,3638,133200,3
-1169,3639,133234,3
-2190,3640,133303,3
-535,3641,133308,3
-2104,3642,133349,3
-985,3643,133366,3
-1736,3644,133431,3
-490,3645,133440,3
-2150,3646,133498,3
-477,3647,133501,3
-1277,3648,133538,3
-3396,3649,133674,4
-1909,3650,133719,3
-2490,3651,133786,3
-1105,3652,133815,3
-395,3653,133820,3
-1029,3654,133838,3
-893,3655,133876,3
-2655,3656,133939,3
-659,3657,133956,3
-1650,3658,134022,3
-490,3659,134031,3
-4459,3660,134153,3
-2272,3661,134219,3
-2993,3662,134319,3
-349,3663,134322,3
-2132,3664,134357,3
-2467,3665,134416,3
-352,3666,134419,3
-1311,3667,134452,3
-2143,3668,134481,3
-477,3669,134484,3
-658,3670,134489,3
-2196,3671,134544,3
-1355,3672,134567,3
-1050,3673,134603,3
-1008,3674,134633,3
-1291,3675,134653,3
-1166,3676,134687,3
-2689,3677,134776,3
-5375,3678,134902,4
-1292,3679,134937,3
-477,3680,134940,3
-3538,3681,135012,3
-2558,3682,135061,3
-438,3683,135068,3
-1903,3684,135131,4
-2764,3685,135229,4
-985,3686,135256,3
-2070,3687,135310,3
-2076,3688,135349,3
-584,3689,135356,3
-2688,3690,135423,3
-1340,3691,135442,3
-1417,3692,135478,3
-349,3693,135481,3
-3984,3694,135624,4
-3711,3695,135787,4
-1538,3696,135836,3
-1972,3697,135880,3
-2959,3698,135954,3
-1581,3699,136005,3
-1948,3700,136037,3
-1049,3701,136053,3
-1221,3702,136077,3
-2551,3703,136142,3
-643,3704,136157,3
-1055,3705,136173,3
-655,3706,136196,3
-972,3707,136227,3
-1153,3708,136256,3
-2798,3709,136338,3
-2007,3710,136404,3
-1979,3711,136481,3
-882,3712,136496,3
-2031,3713,136532,3
-237,3714,136552,4
-1686,3715,136579,3
-1008,3716,136606,3
-1282,3717,136629,3
-3418,3718,136715,3
-658,3719,136726,3
-1301,3720,136757,3
-816,3721,136772,3
-1618,3722,136804,3
-3143,3723,136881,3
-1044,3724,136912,3
-610,3725,136927,3
-2376,3726,136987,3
-4625,3727,137090,3
-2037,3728,137130,3
-352,3729,137133,3
-3344,3730,137215,3
-1662,3731,137276,4
-2197,3732,137324,3
-2946,3733,137385,3
-2302,3734,137420,3
-535,3735,137425,3
-3381,3736,137574,4
-1117,3737,137588,3
-453,3738,137595,3
-2149,3739,137637,3
-968,3740,137662,3
-444,3741,137669,3
-904,3742,137696,3
-477,3743,137699,3
-1832,3744,137761,3
-1486,3745,137790,3
-477,3746,137793,3
-1478,3747,137818,3
-349,3748,137821,3
-1392,3749,137857,3
-477,3750,137860,3
-447,3751,137867,3
-2262,3752,137919,3
-5364,3753,138087,3
-5817,3754,138318,3
-1057,3755,138341,3
-767,3756,138354,3
-2498,3757,138415,3
-3426,3758,138491,3
-1675,3759,138538,3
-561,3760,138551,3
-603,3761,138564,3
-1479,3762,138582,3
-796,3763,138593,3
-395,3764,138598,3
-2226,3765,138667,3
-477,3766,138670,3
-917,3767,138689,3
-349,3768,138692,3
-1023,3769,138722,3
-2447,3770,138821,4
-1570,3771,138862,3
-1366,3772,138898,3
-2897,3773,138964,3
-2852,3774,139023,3
-2241,3775,139059,3
-1114,3776,139098,3
-1819,3777,139125,3
-1512,3778,139202,4
-707,3779,139215,3
-292,3780,139257,4
-780,3781,139282,3
-3232,3782,139362,3
-1478,3783,139387,3
-2986,3784,139462,3
-2033,3785,139562,4
-1080,3786,139583,3
-2364,3787,139643,3
-4895,3788,139758,3
-2008,3789,139824,4
-2605,3790,139889,3
-352,3791,139892,3
-2969,3792,139962,3
-770,3793,139985,3
-908,3794,140004,3
-2509,3795,140079,3
-477,3796,140082,3
-1627,3797,140132,3
-1127,3798,140167,3
-521,3799,140178,3
-1437,3800,140211,3
-349,3801,140214,3
-2425,3802,140300,3
-2048,3803,140343,3
-2764,3804,140408,3
-3594,3805,140493,3
-1143,3806,140568,4
-3714,3807,140669,4
-4111,3808,140806,3
-352,3809,140809,3
-3049,3810,140900,4
-2977,3811,140992,3
-2039,3812,141038,3
-1397,3813,141072,3
-3491,3814,141185,4
-2264,3815,141231,3
-1893,3816,141289,3
-352,3817,141292,3
-1607,3818,141320,3
-1915,3819,141361,3
-2265,3820,141396,3
-3793,3821,141533,3
-3023,3822,141613,3
-477,3823,141616,3
-1007,3824,141641,3
-1743,3825,141698,3
-1276,3826,141724,3
-1867,3827,141762,3
-697,3828,141773,3
-1510,3829,141834,4
-2871,3830,141892,3
-894,3831,141904,3
-1353,3832,141953,3
-1779,3833,141986,3
-1303,3834,142006,3
-3157,3835,142104,3
-1792,3836,142151,3
-1720,3837,142189,3
-1142,3838,142223,3
-1679,3839,142276,3
-2468,3840,142328,3
-477,3841,142331,3
-477,3842,142334,3
-2305,3843,142417,3
-1450,3844,142498,4
-4240,3845,142632,3
-1621,3846,142689,3
-1931,3847,142729,3
-352,3848,142732,3
-3339,3849,142843,3
-2014,3850,142893,3
-918,3851,142905,3
-1184,3852,142930,3
-581,3853,142937,3
-352,3854,142940,3
-395,3855,142945,3
-1723,3856,143010,4
-2040,3857,143080,3
-3069,3858,143226,4
-3089,3859,143296,3
-1524,3860,143371,4
-2251,3861,143427,3
-1242,3862,143451,3
-4348,3863,143562,4
-2160,3864,143607,3
-578,3865,143614,3
-1651,3866,143653,3
-1858,3867,143713,3
-1936,3868,143763,3
-2942,3869,143867,4
-477,3870,143870,3
-1986,3871,143900,3
-814,3872,143911,3
-1344,3873,143955,4
-1637,3874,143998,3
-919,3875,144055,4
-1639,3876,144102,3
-352,3877,144105,3
-352,3878,144108,3
-393,3879,144130,4
-1236,3880,144195,4
-1028,3881,144251,4
-581,3882,144258,3
-1197,3883,144276,3
-1411,3884,144317,3
-6320,3885,144495,4
-579,3886,144508,3
-2619,3887,144562,3
-2455,3888,144650,4
-2308,3889,144686,3
-3438,3890,144759,3
-2950,3891,144820,3
-734,3892,144833,3
-1522,3893,144884,3
-699,3894,144903,3
-3682,3895,144977,3
-2056,3896,145015,3
-2963,3897,145097,3
-572,3898,145104,3
-2796,3899,145173,3
-1912,3900,145233,3
-3446,3901,145336,3
-1522,3902,145387,3
-919,3903,145410,3
-1187,3904,145460,4
-966,3905,145491,3
-535,3906,145496,3
-1359,3907,145553,3
-716,3908,145566,3
-1238,3909,145612,3
-1691,3910,145703,4
-2192,3911,145764,3
-352,3912,145767,3
-762,3913,145782,3
-918,3914,145803,3
-1375,3915,145820,3
-756,3916,145835,3
-1308,3917,145899,4
-1638,3918,145944,3
-2378,3919,146000,3
-679,3920,146011,3
-3559,3921,146092,3
-3621,3922,146307,5
-1160,3923,146348,3
-965,3924,146367,3
-2680,3925,146429,3
-3016,3926,146497,3
-2628,3927,146557,3
-3348,3928,146681,4
-1092,3929,146699,3
-567,3930,146712,3
-1397,3931,146759,3
-753,3932,146768,3
-1704,3933,146834,3
-811,3934,146860,3
-1960,3935,146919,3
-565,3936,146964,4
-1403,3937,147007,3
-740,3938,147020,3
-3701,3939,147121,3
-914,3940,147150,3
-601,3941,147165,3
-2822,3942,147259,3
-906,3943,147271,3
670,3944,147296,5
-3711,3945,147375,3
-930,3946,147424,4
-2264,3947,147473,3
-1258,3948,147493,3
-524,3949,147504,3
-1116,3950,147531,3
-1399,3951,147597,4
-624,3952,147606,3
-444,3953,147613,3
-2288,3954,147674,3
-3825,3955,147788,3
-865,3956,147805,3
-1103,3957,147822,3
-899,3958,147841,3
-4673,3959,147995,3
-2206,3960,148060,3
-2563,3961,148161,3
-3878,3962,148297,3
-1059,3963,148334,3
-1957,3964,148406,3
-477,3965,148409,3
-2024,3966,148455,3
-1100,3967,148486,3
-1029,3968,148516,3
-3177,3969,148583,3
-1003,3970,148600,3
-755,3971,148613,3
-2399,3972,148654,3
-539,3973,148695,4
-352,3974,148698,3
-2809,3975,148763,3
-1257,3976,148790,3
-1891,3977,148831,3
-597,3978,148844,3
-1936,3979,148891,3
-1713,3980,148944,4
-477,3981,148947,3
-1369,3982,148988,3
-633,3983,148997,3
-987,3984,149018,3
-2031,3985,149058,3
-1365,3986,149091,3
-1052,3987,149116,3
-2364,3988,149223,4
-3087,3989,149317,3
-477,3990,149320,3
-658,3991,149325,3
-444,3992,149332,3
-2922,3993,149407,3
-477,3994,149410,3
-453,3995,149417,3
-836,3996,149479,4
-2136,3997,149533,3
-2452,3998,149577,3
-352,3999,149580,3
-342,4000,149627,4
-1141,4001,149657,3
-2409,4002,149714,3
-548,4003,149725,3
-477,4004,149728,3
-1782,4005,149764,3
-1990,4006,149814,3
-6979,4007,150008,3
-734,4008,150021,3
-3087,4009,150099,3
-625,4010,150114,3
-1854,4011,150177,3
-2025,4012,150252,3
-1446,4013,150285,3
-2267,4014,150335,3
-728,4015,150348,3
-1532,4016,150391,3
-3198,4017,150472,3
-1743,4018,150539,4
-4862,4019,150699,3
-1883,4020,150779,4
296,4021,150807,5
-778,4022,150824,3
-477,4023,150827,3
-1012,4024,150865,3
-2361,4025,150940,3
-352,4026,150943,3
-3348,4027,151018,3
-3919,4028,151098,3
-1071,4029,151119,3
-3065,4030,151186,3
-352,4031,151189,3
-408,4032,151216,4
-1730,4033,151256,3
-2088,4034,151331,3
-2060,4035,151377,3
-1769,4036,151420,3
-438,4037,151427,3
-1967,4038,151485,3
-453,4039,151492,3
-921,4040,151507,3
-1288,4041,151552,3
-4102,4042,151663,3
-1370,4043,151685,3
-1743,4044,151727,3
-1062,4045,151764,3
-722,4046,151777,3
-581,4047,151784,3
-2227,4048,151831,3
174,4049,151856,4
-1692,4050,151922,3
-1236,4051,151949,3
-745,4052,151970,3
-349,4053,151973,3
-648,4054,151982,3
-2416,4055,152053,3
-1585,4056,152101,3
-2113,4057,152151,3
-1987,4058,152251,4
-722,4059,152258,3
-2644,4060,152309,3
-5646,4061,152459,3
-1189,4062,152479,3
-1916,4063,152525,3
-2832,4064,152612,3
-658,4065,152617,3
-1867,4066,152656,3
-922,4067,152683,4
-1803,4068,152722,3
-1682,4069,152777,3
-554,4070,152788,3
-1523,4071,152835,3
-5309,4072,153014,4
-1897,4073,153058,3
-1876,4074,153105,3
-1304,4075,153136,3
-1602,4076,153199,3
-2775,4077,153268,3
-633,4078,153277,3
-863,4079,153300,3
-2613,4080,153354,3
-1362,4081,153405,4
-4241,4082,153490,3
-1178,4083,153512,3
-1178,4084,153534,3
-847,4085,153545,3
-3256,4086,153634,3
-688,4087,153672,4
-2947,4088,153724,3
-2898,4089,153785,3
-1893,4090,153863,4
-3054,4091,153919,3
-1462,4092,153954,3
-676,4093,153965,3
-1455,4094,153995,3
-1955,4095,154044,3
-927,4096,154065,3
-2432,4097,154115,3
-349,4098,154118,3
-1147,4099,154151,3
-5346,4100,154307,4
-2580,4101,154364,3
-5369,4102,154512,3
-2340,4103,154600,3
-1499,4104,154637,3
-720,4105,154661,3
-3430,4106,154774,3
-3120,4107,154852,3
-2199,4108,154900,3
-3112,4109,155001,3
-1928,4110,155080,3
-3993,4111,155180,3
-647,4112,155197,3
-2118,4113,155248,3
-5420,4114,155396,3
-352,4115,155399,3
-707,4116,155406,3
-731,4117,155419,3
-849,4118,155463,4
-1062,4119,155494,3
-668,4120,155502,3
-683,4121,155527,3
-1694,4122,155601,4
-477,4123,155604,3
-477,4124,155607,3
-349,4125,155610,3
-2458,4126,155667,3
-571,4127,155698,4
-2595,4128,155753,3
-477,4129,155756,3
-1873,4130,155777,3
-349,4131,155780,3
-2435,4132,155856,3
-1264,4133,155909,3
-1643,4134,155946,3
-1419,4135,155976,3
-521,4136,155987,3
-3874,4137,156062,3
-2651,4138,156175,4
-1126,4139,156207,3
-1048,4140,156236,3
-3723,4141,156326,3
-477,4142,156329,3
-8601,4143,156572,3
-2979,4144,156647,3
-578,4145,156654,3
-395,4146,156659,3
-1623,4147,156695,3
-453,4148,156702,3
-3464,4149,156826,3
-1072,4150,156850,3
-465,4151,156887,4
-2061,4152,156954,3
-581,4153,156961,3
-1186,4154,157063,5
-2234,4155,157103,3
-3824,4156,157201,3
-1342,4157,157246,3
-2612,4158,157311,3
-1371,4159,157341,3
-1677,4160,157371,3
-3056,4161,157492,4
-578,4162,157499,3
-3153,4163,157595,3
-2443,4164,157667,3
-2707,4165,157729,3
-395,4166,157734,3
-5654,4167,157882,3
-352,4168,157885,3
-964,4169,157899,3
-1461,4170,157947,3
-4154,4171,158037,3
-349,4172,158040,3
-3621,4173,158133,3
-2146,4174,158201,4
-1766,4175,158266,3
-1107,4176,158303,3
-1797,4177,158360,3
-3125,4178,158419,3
-636,4179,158428,3
-913,4180,158451,3
-2675,4181,158502,3
-2584,4182,158580,3
-727,4183,158601,3
-820,4184,158622,3
-352,4185,158625,3
-1327,4186,158661,3
-572,4187,158668,3
-1953,4188,158749,4
-591,4189,158762,3
-1903,4190,158800,3
-2610,4191,158863,3
-1831,4192,158926,3
-4184,4193,159069,3
-477,4194,159072,3
-1202,4195,159107,3
-3113,4196,159198,3
-1700,4197,159247,3
-1167,4198,159283,3
-634,4199,159298,3
-584,4200,159305,3
-2576,4201,159384,3
-3206,4202,159449,3
-3415,4203,159541,3
-1889,4204,159586,4
-1979,4205,159647,3
-1873,4206,159704,3
-1347,4207,159731,3
-3839,4208,159852,3
-2298,4209,159912,3
-780,4210,159927,3
-759,4211,159936,3
-477,4212,159939,3
-2316,4213,160042,4
-1032,4214,160054,3
-3738,4215,160192,3
-1169,4216,160223,3
-2448,4217,160280,3
-4927,4218,160447,3
-535,4219,160452,3
-3984,4220,160535,3
-1099,4221,160601,4
-2160,4222,160704,4
-2373,4223,160758,3
-1106,4224,160793,3
-477,4225,160796,3
-1169,4226,160830,3
-2494,4227,160911,3
-352,4228,160914,3
-1729,4229,160958,3
-2337,4230,161039,3
-527,4231,161050,3
-477,4232,161053,3
-217,4233,161126,5
-774,4234,161141,3
-477,4235,161144,3
-619,4236,161167,3
-3019,4237,161238,3
-774,4238,161253,3
-2009,4239,161296,3
-1631,4240,161318,3
-477,4241,161321,3
-1777,4242,161341,3
-2062,4243,161400,4
-578,4244,161407,3
-2630,4245,161462,3
-1340,4246,161509,3
-1168,4247,161548,3
-3140,4248,161685,4
-1871,4249,161741,3
-1217,4250,161787,3
-3648,4251,161878,3
-1945,4252,161914,3
-2363,4253,161987,3
-835,4254,161998,3
-1434,4255,162031,3
-444,4256,162038,3
-646,4257,162053,3
-491,4258,162112,4
-3212,4259,162240,4
-438,4260,162247,3
-768,4261,162256,3
-807,4262,162271,3
-2138,4263,162317,3
-3427,4264,162460,4
-1880,4265,162503,3
-2722,4266,162614,4
-477,4267,162617,3
-1448,4268,162666,3
-535,4269,162671,3
-477,4270,162674,3
-584,4271,162681,3
-817,4272,162692,3
-478,4273,162745,4
-884,4274,162764,3
-477,4275,162767,3
-704,4276,162780,3
-728,4277,162793,3
-1741,4278,162823,3
-545,4279,162834,3
-1205,4280,162908,4
-2024,4281,162984,3
-633,4282,162993,3
-1950,4283,163074,4
-545,4284,163085,3
-1154,4285,163101,3
-2827,4286,163148,3
-5042,4287,163287,3
-4154,4288,163402,3
-716,4289,163415,3
-1676,4290,163480,4
-3306,4291,163562,3
-352,4292,163565,3
-3148,4293,163678,3
-750,4294,163693,3
-1263,4295,163726,3
-7577,4296,163977,3
-477,4297,163980,3
-3537,4298,164067,3
-2685,4299,164148,3
-5675,4300,164305,3
-2168,4301,164412,4
-701,4302,164429,3
-1120,4303,164468,3
-651,4304,164477,3
-2275,4305,164524,3
-554,4306,164535,3
-906,4307,164556,3
-578,4308,164563,3
-3079,4309,164661,3
-2150,4310,164771,4
-352,4311,164774,3
-959,4312,164793,3
-1050,4313,164824,3
-477,4314,164827,3
-1560,4315,164883,4
-1930,4316,164948,3
-496,4317,164957,3
-1738,4318,164996,3
-650,4319,165013,3
-2422,4320,165067,3
-1639,4321,165090,3
-3611,4322,165163,3
-2406,4323,165270,4
-2020,4324,165308,3
-1820,4325,165339,3
-2377,4326,165444,4
-1741,4327,165470,3
-535,4328,165475,3
-2449,4329,165541,3
-1416,4330,165577,3
-1416,4331,165613,3
-658,4332,165618,3
-548,4333,165629,3
-1983,4334,165681,3
-477,4335,165684,3
-2204,4336,165727,3
-658,4337,165732,3
-2236,4338,165773,3
-1436,4339,165796,3
-2108,4340,165869,3
-1572,4341,165896,3
-5309,4342,166032,3
-4609,4343,166166,3
-1306,4344,166202,3
-2095,4345,166274,3
-2098,4346,166318,3
-1668,4347,166355,3
-657,4348,166388,4
-841,4349,166405,3
-477,4350,166408,3
-1297,4351,166437,3
-2600,4352,166498,3
-728,4353,166511,3
-4859,4354,166698,3
-1035,4355,166725,3
-1253,4356,166757,3
-2625,4357,166823,3
-561,4358,166836,3
64,4359,166861,4
-2803,4360,166929,3
-658,4361,166934,3
-2608,4362,166996,3
-2035,4363,167085,4
-557,4364,167096,3
-3974,4365,167198,3
-1167,4366,167231,3
-5357,4367,167404,3
-2255,4368,167457,3
-1082,4369,167497,3
-1135,4370,167526,3
-894,4371,167547,3
-1221,4372,167622,4
-1620,4373,167658,3
-948,4374,167679,3
-958,4375,167696,3
-624,4376,167705,3
-1912,4377,167755,3
-352,4378,167758,3
-2031,4379,167827,3
-1287,4380,167861,3
-477,4381,167864,3
-2850,4382,167919,3
148,4383,167961,5
-3209,4384,168043,3
-1629,4385,168071,3
-2339,4386,168150,3
-1786,4387,168185,3
-1583,4388,168240,3
-1122,4389,168277,3
-477,4390,168280,3
-477,4391,168283,3
-3841,4392,168414,3
-658,4393,168419,3
-988,4394,168452,3
-898,4395,168475,3
-920,4396,168546,5
-2126,4397,168622,3
-1139,4398,168638,3
-1049,4399,168703,4
-1763,4400,168768,3
-816,4401,168783,3
-7666,4402,169005,4
-835,4403,169022,3
-2203,4404,169055,3
-393,4405,169134,5
-1577,4406,169178,3
-453,4407,169185,3
-465,4408,169192,3
-2296,4409,169231,3
-349,4410,169234,3
-939,4411,169281,4
-581,4412,169288,3
-2743,4413,169338,3
-477,4414,169341,3
-3405,4415,169447,4
-352,4416,169450,3
-1286,4417,169487,3
-578,4418,169498,3
-1424,4419,169535,3
-993,4420,169574,3
-921,4421,169589,3
-674,4422,169614,3
-915,4423,169626,3
-1690,4424,169695,3
-535,4425,169700,3
-3078,4426,169775,3
-1470,4427,169814,3
-1552,4428,169840,3
-1070,4429,169871,3
-961,4430,169885,3
-2651,4431,169998,4
-1019,4432,170014,3
-725,4433,170027,3
-1582,4434,170068,3
-1582,4435,170149,4
-1329,4436,170188,3
-1602,4437,170249,3
-2813,4438,170401,4
-1787,4439,170456,3
-578,4440,170463,3
-484,4441,170472,3
-2425,4442,170587,4
-352,4443,170590,3
-584,4444,170597,3
-1454,4445,170650,3
-352,4446,170653,3
-1296,4447,170696,3
-4069,4448,170839,3
-1724,4449,170862,3
-576,4450,170875,3
-352,4451,170878,3
-1207,4452,170917,3
-533,4453,170928,3
-5371,4454,171069,3
-2472,4455,171112,3
-2271,4456,171143,3
-1237,4457,171169,3
-2259,4458,171244,3
-2216,4459,171317,3
-2201,4460,171357,3
-1595,4461,171421,3
-2448,4462,171469,3
-1599,4463,171542,4
-1369,4464,171559,3
-1119,4465,171580,3
-1131,4466,171638,4
-817,4467,171649,3
-352,4468,171652,3
-1226,4469,171674,3
-3683,4470,171768,3
-4574,4471,171916,3
-1713,4472,171946,3
-2961,4473,172048,4
-2318,4474,172155,4
-2242,4475,172194,3
-2676,4476,172242,3
-2512,4477,172319,3
-2498,4478,172383,3
-1827,4479,172408,3
-1723,4480,172455,3
-2163,4481,172518,3
-1878,4482,172554,3
-3138,4483,172614,3
-1977,4484,172723,4
-1584,4485,172742,3
-813,4486,172775,3
-2449,4487,172829,3
-1076,4488,172848,3
-679,4489,172859,3
-2020,4490,172895,3
-2492,4491,172953,3
-1665,4492,172995,3
-979,4493,173012,3
-3273,4494,173160,4
-352,4495,173163,3
-535,4496,173168,3
-2046,4497,173240,3
-1267,4498,173269,3
-484,4499,173278,3
-3116,4500,173351,3
-2259,4501,173383,3
-1419,4502,173416,3
-3088,4503,173499,3
-744,4504,173514,3
-2685,4505,173571,3
-1851,4506,173613,3
-2508,4507,173673,3
-918,4508,173694,3
-1375,4509,173712,3
-633,4510,173721,3
-1723,4511,173759,3
-1824,4512,173826,3
-1203,4513,173844,3
-924,4514,173859,3
-1502,4515,173896,3
-3440,4516,173990,3
-3324,4517,174093,3
-1353,4518,174133,3
-3160,4519,174238,3
-1886,4520,174278,3
-3837,4521,174359,3
-2404,4522,174427,3
-631,4523,174442,3
-2754,4524,174508,3
-2204,4525,174579,3
-819,4526,174604,3
-2332,4527,174661,3
-1621,4528,174708,3
-4845,4529,174908,5
-4082,4530,175044,3
-1165,4531,175117,4
-653,4532,175134,3
-2021,4533,175196,3
-1587,4534,175284,4
-1077,4535,175302,3
-673,4536,175313,3
-2056,4537,175351,3
-1820,4538,175446,4
-450,4539,175453,3
-3563,4540,175536,3
-1732,4541,175575,3
-988,4542,175589,3
-2557,4543,175666,3
-851,4544,175676,3
-1248,4545,175694,3
-637,4546,175709,3
-3488,4547,175782,3
-3322,4548,175869,3
-2485,4549,175949,3
-2447,4550,176016,3
-3946,4551,176108,3
-870,4552,176141,3
-584,4553,176148,3
-4342,4554,176253,3
-1049,4555,176272,3
-998,4556,176377,5
-1065,4557,176404,3
-735,4558,176423,3
-2373,4559,176471,3
-1426,4560,176524,4
-2471,4561,176576,3
-4215,4562,176700,3
-777,4563,176709,3
-2540,4564,176764,3
-5210,4565,176949,4
-854,4566,176959,3
-1326,4567,176998,3
-4819,4568,177181,4
-352,4569,177184,3
-6210,4570,177349,3
-843,4571,177374,3
-349,4572,177377,3
-1605,4573,177413,3
-1627,4574,177445,3
-6561,4575,177643,3
-1472,4576,177677,3
-572,4577,177684,3
-746,4578,177697,3
-771,4579,177712,3
-1563,4580,177763,3
-702,4581,177782,3
-1602,4582,177813,3
-1670,4583,177848,3
-5192,4584,178056,3
-1643,4585,178139,4
-2638,4586,178201,3
-352,4587,178204,3
-753,4588,178213,3
-352,4589,178216,3
-578,4590,178223,3
-889,4591,178240,3
-656,4592,178257,3
-2178,4593,178326,3
-1501,4594,178383,3
-554,4595,178394,3
-2583,4596,178454,3
-2321,4597,178493,3
-1607,4598,178519,3
-1352,4599,178602,4
-5049,4600,178794,3
-814,4601,178802,3
-352,4602,178805,3
-5581,4603,178961,3
-2413,4604,179018,3
-707,4605,179025,3
-5308,4606,179169,3
-2573,4607,179230,3
-718,4608,179282,4
-3537,4609,179406,3
-4240,4610,179528,3
-2141,4611,179620,4
-4042,4612,179787,4
-477,4613,179790,3
-572,4614,179797,3
-1402,4615,179848,3
-1540,4616,179898,3
-477,4617,179901,3
-1708,4618,179954,3
-477,4619,179957,3
-1983,4620,180011,3
-578,4621,180018,3
-539,4622,180029,3
-1667,4623,180090,3
-3187,4624,180155,3
-1461,4625,180191,3
-2362,4626,180241,3
-769,4627,180262,3
-4515,4628,180386,3
-566,4629,180397,3
-924,4630,180409,3
-4302,4631,180566,3
-757,4632,180587,3
-496,4633,180596,3
-5360,4634,180744,3
-3579,4635,180916,4
-2109,4636,180967,3
-1621,4637,181015,3
-526,4638,181020,3
-3442,4639,181089,3
-1736,4640,181120,3
-441,4641,181127,3
-758,4642,181140,3
-857,4643,181159,3
-3305,4644,181311,4
-2578,4645,181373,3
-2108,4646,181425,3
-3609,4647,181509,3
-352,4648,181512,3
-535,4649,181517,3
-3682,4650,181612,3
-673,4651,181623,3
-477,4652,181626,3
-1447,4653,181652,3
-2797,4654,181738,3
-6787,4655,182047,4
-854,4656,182057,3
-942,4657,182078,3
-3607,4658,182209,3
-352,4659,182212,3
-3795,4660,182345,3
-1663,4661,182375,3
-890,4662,182394,3
-668,4663,182419,3
-2438,4664,182468,3
-1500,4665,182517,3
-2032,4666,182573,3
-910,4667,182596,3
-2081,4668,182639,3
-1181,4669,182680,3
-793,4670,182697,3
-477,4671,182700,3
-878,4672,182719,3
-2662,4673,182800,3
-477,4674,182803,3
-2843,4675,182906,3
-3764,4676,182996,3
-2733,4677,183075,3
-447,4678,183082,3
-4617,4679,183195,3
-3167,4680,183278,3
-596,4681,183285,3
-349,4682,183288,3
-1102,4683,183348,4
-487,4684,183366,3
-2927,4685,183479,4
-477,4686,183482,3
-572,4687,183489,3
-1726,4688,183557,3
-542,4689,183568,3
-1641,4690,183595,3
-352,4691,183598,3
-2616,4692,183689,4
-1423,4693,183724,3
-2857,4694,183798,3
206,4695,183847,5
-1169,4696,183869,3
-2203,4697,183923,3
-2018,4698,183994,3
-1028,4699,184013,3
-7387,4700,184309,4
-771,4701,184318,3
-1780,4702,184412,4
-477,4703,184415,3
-4621,4704,184528,3
-1757,4705,184575,3
-3072,4706,184656,3
-1135,4707,184670,3
-658,4708,184675,3
-1667,4709,184755,4
-1067,4710,184771,3
-4320,4711,184874,3
-830,4712,184897,3
-854,4713,184907,3
-2021,4714,184944,3
-1759,4715,184976,3
-615,4716,184985,3
-866,4717,184995,3
-740,4718,185008,3
-2672,4719,185085,3
-2340,4720,185202,4
-835,4721,185237,3
-477,4722,185240,3
-1340,4723,185281,3
-1244,4724,185304,3
-581,4725,185311,3
-2393,4726,185363,3
-624,4727,185372,3
-636,4728,185381,3
-258,4729,185449,5
-1522,4730,185490,3
-624,4731,185499,3
-2118,4732,185535,3
-1628,4733,185572,3
-1118,4734,185628,4
-1580,4735,185662,3
-624,4736,185671,3
-1081,4737,185691,3
-4377,4738,185860,3
-2575,4739,185906,3
-4366,4740,186001,3
-444,4741,186008,3
-594,4742,186021,3
-477,4743,186024,3
-1688,4744,186055,3
-1232,4745,186101,3
-1244,4746,186132,3
-2680,4747,186225,4
-2454,4748,186315,3
-535,4749,186320,3
-2737,4750,186422,3
-838,4751,186433,3
-352,4752,186436,3
-3453,4753,186538,3
-561,4754,186551,3
-799,4755,186559,3
-1049,4756,186603,3
-4877,4757,186742,3
-1586,4758,186782,3
-1074,4759,186803,3
-597,4760,186816,3
-1330,4761,186861,3
-290,4762,186893,4
-1577,4763,186937,3
-1935,4764,186971,3
-1895,4765,187011,3
-581,4766,187018,3
-484,4767,187027,3
-1747,4768,187063,3
-2474,4769,187142,3
-887,4770,187161,3
-1016,4771,187189,3
-453,4772,187196,3
-4875,4773,187332,3
-661,4774,187343,3
-934,4775,187370,3
-1845,4776,187427,3
-2141,4777,187470,3
-526,4778,187475,3
-5517,4779,187655,3
-535,4780,187660,3
-2331,4781,187720,3
-450,4782,187727,3
-4450,4783,187891,4
-1233,4784,187957,4
-2095,4785,188013,3
-751,4786,188025,3
-3384,4787,188136,3
-3710,4788,188239,3
-2794,4789,188310,3
-4477,4790,188421,3
-648,4791,188430,3
-1341,4792,188454,3
-2341,4793,188521,4
-1099,4794,188536,3
-3039,4795,188630,3
-2992,4796,188699,3
-5732,4797,188853,3
-1195,4798,188879,3
-2193,4799,188930,3
-3618,4800,189005,3
-585,4801,189018,3
-680,4802,189035,3
-3107,4803,189105,3
-1323,4804,189144,3
-3652,4805,189222,3
-6741,4806,189453,3
-3039,4807,189531,3
-1704,4808,189573,3
-2443,4809,189624,3
-991,4810,189641,3
-2676,4811,189734,4
-1213,4812,189755,3
-822,4813,189770,3
-584,4814,189777,3
-3213,4815,189856,3
-2108,4816,189943,4
-1030,4817,189976,3
-1252,4818,190026,3
-3380,4819,190103,3
-1280,4820,190131,3
-3537,4821,190267,3
-5377,4822,190544,5
-817,4823,190561,3
646,4824,190579,5
-4927,4825,190764,3
-2959,4826,190826,3
-3411,4827,190916,3
-1268,4828,190957,3
-2418,4829,190996,3
-2197,4830,191056,3
-3853,4831,191163,3
-2674,4832,191229,3
-1584,4833,191262,3
-3559,4834,191375,3
-2155,4835,191417,3
-902,4836,191437,3
-887,4837,191447,3
-2067,4838,191496,3
-1505,4839,191555,3
-2608,4840,191618,3
-1789,4841,191666,3
-1016,4842,191695,3
-554,4843,191706,3
-627,4844,191715,3
-4843,4845,191886,4
-2384,4846,191942,3
-1715,4847,191997,3
-2513,4848,192062,3
-2301,4849,192098,3
-1054,4850,192137,3
-692,4851,192154,3
-7152,4852,192376,3
-3945,4853,192475,3
-886,4854,192502,3
-1429,4855,192543,3
-1024,4856,192590,4
-3623,4857,192672,3
-437,4858,192703,4
-2702,4859,192755,3
-899,4860,192768,3
-581,4861,192775,3
-3796,4862,192872,3
-477,4863,192875,3
-1633,4864,192922,3
-3935,4865,193010,3
-1688,4866,193042,3
-2145,4867,193078,3
-740,4868,193091,3
-3965,4869,193188,3
-937,4870,193196,3
-2251,4871,193313,4
-2127,4872,193368,3
-1503,4873,193398,3
-2716,4874,193520,4
-2605,4875,193600,3
-637,4876,193615,3
-3419,4877,193701,3
-1686,4878,193746,3
-4837,4879,193869,3
-2383,4880,193987,4
-1734,4881,194020,3
-2950,4882,194127,3
-1975,4883,194196,3
-747,4884,194211,3
-2202,4885,194262,3
-2277,4886,194316,3
-751,4887,194364,4
-2345,4888,194414,3
-878,4889,194433,3
-1453,4890,194465,3
-2521,4891,194543,3
-2337,4892,194628,3
-477,4893,194631,3
-1844,4894,194686,4
-1241,4895,194709,3
-2405,4896,194765,3
-905,4897,194794,3
-1326,4898,194859,4
-1263,4899,194883,3
-970,4900,194906,3
-980,4901,194931,3
-2501,4902,194973,3
-584,4903,194980,3
-1020,4904,195007,3
-4096,4905,195142,3
-2753,4906,195215,3
-750,4907,195221,3
-1794,4908,195263,3
-2859,4909,195374,3
-395,4910,195379,3
-1214,4911,195404,3
-2536,4912,195493,3
-759,4913,195508,3
-3878,4914,195608,3
-1749,4915,195644,3
339,4916,195676,5
-1245,4917,195719,3
-3273,4918,195830,3
-585,4919,195843,3
-2328,4920,195903,3
-1088,4921,195928,3
-5978,4922,196069,3
-477,4923,196072,3
-697,4924,196083,3
-5127,4925,196212,3
-905,4926,196231,3
-799,4927,196239,3
-3241,4928,196390,4
-665,4929,196407,3
-3765,4930,196554,4
-1799,4931,196591,3
-716,4932,196604,3
-3842,4933,196699,3
-554,4934,196710,3
-1244,4935,196747,3
-477,4936,196750,3
-2264,4937,196824,3
-352,4938,196827,3
-2467,4939,196904,3
-4170,4940,197024,3
-1967,4941,197092,4
-1038,4942,197104,3
-1533,4943,197144,3
-919,4944,197171,3
-1200,4945,197198,3
-1798,4946,197267,3
-499,4947,197276,3
-2986,4948,197350,3
-477,4949,197353,3
-1103,4950,197384,3
-1320,4951,197435,4
-2375,4952,197518,3
-927,4953,197558,3
-1116,4954,197631,4
-929,4955,197650,3
-1771,4956,197697,3
-539,4957,197708,3
-2624,4958,197763,3
-1704,4959,197791,3
-5228,4960,197978,3
-1226,4961,198018,4
-1468,4962,198087,4
-4202,4963,198287,4
-658,4964,198292,3
-1743,4965,198331,3
-3401,4966,198446,3
-997,4967,198469,3
-1509,4968,198514,3
-536,4969,198525,3
-3524,4970,198608,3
-954,4971,198629,3
-1747,4972,198751,5
-3717,4973,198847,3
-1286,4974,198869,3
-1130,4975,198903,3
-3778,4976,199022,3
-3844,4977,199121,3
-1031,4978,199146,3
-1394,4979,199168,3
-477,4980,199171,3
-897,4981,199196,3
-750,4982,199202,3
-1105,4983,199222,3
-352,4984,199225,3
-2865,4985,199279,3
-2936,4986,199335,3
-1960,4987,199370,3
-916,4988,199387,3
-4668,4989,199535,3
-1443,4990,199578,3
-1541,4991,199621,3
-477,4992,199624,3
-3181,4993,199692,3
-500,4994,199716,4
-2781,4995,199786,3
-4516,4996,199926,3
-2077,4997,199979,3
-3447,4998,200090,3
-4132,4999,200188,3
-2200,5000,200271,4
-944,5001,200300,3
-3142,5002,200393,3
-4234,5003,200516,3
-477,5004,200519,3
-1584,5005,200550,3
-493,5006,200559,3
-6234,5007,200708,3
-584,5008,200715,3
-535,5009,200720,3
-2623,5010,200791,3
-1193,5011,200871,4
-1583,5012,200899,3
-1238,5013,200962,4
-1689,5014,200998,3
-899,5015,201027,3
-2091,5016,201075,3
-1860,5017,201126,3
-1698,5018,201212,4
-1243,5019,201251,3
684,5020,201273,5
-725,5021,201286,3
111,5022,201345,5
-3444,5023,201441,3
-4913,5024,201626,4
-1792,5025,201661,3
-7842,5026,201904,3
-352,5027,201907,3
-722,5028,201920,3
-5710,5029,202105,3
-1865,5030,202142,3
-554,5031,202153,3
-447,5032,202160,3
-3646,5033,202255,3
-2496,5034,202357,4
-4498,5035,202467,3
-2546,5036,202526,3
-3690,5037,202619,3
-2214,5038,202730,4
-1721,5039,202767,3
-3255,5040,202851,3
-2736,5041,202914,3
-5458,5042,203107,4
-548,5043,203118,3
-7256,5044,203380,4
-755,5045,203393,3
-526,5046,203398,3
-4412,5047,203534,3
-395,5048,203564,4
-352,5049,203567,3
-1788,5050,203639,3
-919,5051,203665,3
-5916,5052,203854,3
-880,5053,203871,3
-3967,5054,203949,3
-967,5055,204039,4
-1199,5056,204136,5
-888,5057,204157,3
-4517,5058,204333,4
-352,5059,204336,3
-1564,5060,204387,3
-2013,5061,204450,3
-1543,5062,204485,3
-1461,5063,204509,3
-570,5064,204522,3
-4134,5065,204660,3
-1869,5066,204711,3
-3359,5067,204788,3
-3310,5068,204913,3
-3284,5069,204995,3
-2024,5070,205051,3
-3977,5071,205152,3
-5245,5072,205381,4
-2566,5073,205434,3
-1753,5074,205502,3
-3379,5075,205631,3
-774,5076,205646,3
-768,5077,205655,3
-3434,5078,205744,3
-2772,5079,205792,3
-2116,5080,205833,3
-535,5081,205838,3
-7746,5082,206061,4
-2331,5083,206115,3
-2554,5084,206214,3
-3377,5085,206415,5
-840,5086,206440,3
-8130,5087,206701,3
-539,5088,206712,3
-1680,5089,206748,3
-883,5090,206841,5
-902,5091,206860,3
-352,5092,206863,3
-997,5093,206896,3
97,5094,206971,5
-578,5095,206978,3
-633,5096,206987,3
-3691,5097,207068,3
-3126,5098,207164,3
-5712,5099,207311,3
-1983,5100,207366,3
-845,5101,207385,3
-1068,5102,207412,3
-1874,5103,207467,3
-1493,5104,207511,3
-1071,5105,207539,3
-743,5106,207552,3
-3262,5107,207677,3
-1719,5108,207722,3
-4288,5109,207847,3
-2344,5110,207924,3
-447,5111,207931,3
-496,5112,207940,3
-1066,5113,207973,3
-477,5114,207976,3
123,5115,208038,5
-1034,5116,208054,3
-752,5117,208067,3
-624,5118,208076,3
-750,5119,208082,3
-1592,5120,208147,4
-3588,5121,208217,3
-1199,5122,208249,3
-716,5123,208286,4
-710,5124,208299,3
-477,5125,208302,3
-4162,5126,208439,3
-1379,5127,208470,3
-352,5128,208473,3
-4118,5129,208660,4
-3383,5130,208748,3
-6832,5131,208930,3
-1277,5132,208952,3
-2643,5133,209054,3
-3943,5134,209197,3
-2003,5135,209234,3
-1455,5136,209256,3
-658,5137,209261,3
-720,5138,209280,3
-912,5139,209292,3
-526,5140,209297,3
-116,5141,209320,4
-3614,5142,209417,3
-588,5143,209497,5
-1861,5144,209562,3
-3552,5145,209663,4
-1743,5146,209690,3
-639,5147,209699,3
-2285,5148,209748,3
-1998,5149,209805,3
-2893,5150,209933,4
-2317,5151,210044,4
-2836,5152,210179,4
-2058,5153,210246,3
-578,5154,210253,3
-5029,5155,210447,3
-578,5156,210454,3
-759,5157,210463,3
-3402,5158,210550,3
-1956,5159,210639,4
-4870,5160,210779,3
-4265,5161,210886,3
-944,5162,210920,3
-911,5163,210933,3
-1159,5164,210980,3
-2981,5165,211051,3
-863,5166,211061,3
-6921,5167,211308,4
-5833,5168,211551,4
-499,5169,211560,3
-1361,5170,211607,3
-1153,5171,211627,3
-1721,5172,211670,3
-1041,5173,211697,3
-2856,5174,211796,3
-3512,5175,211881,3
-679,5176,211892,3
-3685,5177,211987,3
-2000,5178,212049,3
-658,5179,212054,3
-1512,5180,212114,3
-3036,5181,212244,4
-2718,5182,212320,3
-6334,5183,212529,4
-2855,5184,212620,3
-1484,5185,212648,3
-786,5186,212663,3
-2351,5187,212782,4
-2115,5188,212822,3
-352,5189,212825,3
-1736,5190,212914,4
-1261,5191,212955,3
-1882,5192,213011,3
-633,5193,213020,3
-780,5194,213035,3
-1077,5195,213053,3
-5650,5196,213226,3
-578,5197,213233,3
-3390,5198,213368,4
-1050,5199,213398,3
-1150,5200,213421,3
-1968,5201,213463,3
-682,5202,213474,3
-1543,5203,213506,3
-3528,5204,213593,3
-3543,5205,213704,3
-4840,5206,213827,3
-1564,5207,213890,3
-1801,5208,213989,4
-900,5209,214004,3
-3281,5210,214095,3
-2194,5211,214142,3
-5266,5212,214340,3
-3899,5213,214440,3
-1083,5214,214458,3
-2262,5215,214552,4
-1177,5216,214581,3
-1054,5217,214614,3
-2241,5218,214723,4
-1788,5219,214780,3
-1792,5220,214824,3
-1715,5221,214861,3
-710,5222,214878,3
-2817,5223,214968,3
-636,5224,214977,3
-5103,5225,215168,4
-636,5226,215177,3
-4442,5227,215359,4
-3278,5228,215445,3
-2954,5229,215548,3
-2620,5230,215605,3
-585,5231,215679,5
-2580,5232,215764,3
-667,5233,215779,3
-6006,5234,215950,3
-3039,5235,216040,3
-1365,5236,216089,3
-2340,5237,216126,3
-1319,5238,216151,3
-785,5239,216174,3
-4190,5240,216326,3
-3824,5241,216441,3
-1109,5242,216476,3
-2073,5243,216530,3
-817,5244,216541,3
-3345,5245,216646,3
-1071,5246,216673,3
-2497,5247,216729,3
-2262,5248,216807,3
-336,5249,216856,4
-1418,5250,216899,3
-477,5251,216902,3
-2502,5252,216984,3
-1411,5253,217010,3
-793,5254,217098,5
-557,5255,217109,3
-3406,5256,217195,3
-477,5257,217198,3
-7186,5258,217410,3
-2025,5259,217434,3
-2548,5260,217496,3
-2634,5261,217584,3
-1109,5262,217619,3
-2277,5263,217657,3
-944,5264,217682,3
-3019,5265,217798,3
-3584,5266,217961,4
-3371,5267,218041,3
-1326,5268,218084,3
-2382,5269,218139,3
-3304,5270,218225,3
-1077,5271,218335,5
-1856,5272,218363,3
-3098,5273,218493,3
-3837,5274,218675,4
-1315,5275,218720,3
-1159,5276,218764,3
-3874,5277,218899,3
-3875,5278,218992,3
-2185,5279,219048,3
-349,5280,219051,3
-1801,5281,219087,3
-762,5282,219102,3
-1852,5283,219126,3
-2702,5284,219221,4
-3468,5285,219341,3
-2874,5286,219419,3
-2459,5287,219526,3
-1606,5288,219636,5
-340,5289,219669,4
-891,5290,219684,3
-801,5291,219699,3
-3618,5292,219801,3
-3366,5293,219945,4
-453,5294,219952,3
-753,5295,219961,3
-1715,5296,220026,3
-2290,5297,220089,3
-4396,5298,220214,3
-964,5299,220228,3
-1970,5300,220295,3
-2798,5301,220347,3
-1153,5302,220432,5
-5794,5303,220641,3
-2004,5304,220725,3
-1441,5305,220752,3
-789,5306,220767,3
-827,5307,220790,3
-2209,5308,220840,3
-2324,5309,220899,3
-2512,5310,220964,3
-615,5311,220973,3
-2060,5312,221008,3
-2373,5313,221077,3
-1585,5314,221140,3
-3984,5315,221231,3
-1159,5316,221264,3
-630,5317,221273,3
-2654,5318,221319,3
-892,5319,221384,4
-1859,5320,221425,3
-1179,5321,221461,3
-3074,5322,221519,3
-759,5323,221528,3
-3040,5324,221605,3
-679,5325,221616,3
-2816,5326,221686,3
-2419,5327,221770,4
-5803,5328,221922,3
-3639,5329,222027,3
-2909,5330,222095,3
-4361,5331,222247,4
-1015,5332,222261,3
-581,5333,222268,3
-3358,5334,222351,3
-658,5335,222356,3
-748,5336,222377,3
-1335,5337,222416,3
-3502,5338,222551,3
-352,5339,222554,3
-1107,5340,222575,3
-4015,5341,222743,4
-3354,5342,222894,4
-1937,5343,222965,3
-1923,5344,223064,4
-3544,5345,223199,3
-447,5346,223206,3
-679,5347,223217,3
-2375,5348,223283,4
-4108,5349,223391,3
-837,5350,223421,3
-6373,5351,223672,4
-1628,5352,223715,3
-987,5353,223746,3
-477,5354,223749,3
-4827,5355,223887,3
-5608,5356,224030,3
-3385,5357,224128,3
-5843,5358,224340,4
-810,5359,224355,3
-352,5360,224358,3
-716,5361,224371,3
-948,5362,224386,3
-1643,5363,224473,4
-3410,5364,224595,3
-633,5365,224604,3
-714,5366,224623,3
-1052,5367,224642,3
-1443,5368,224687,3
-1058,5369,224764,4
-4148,5370,224897,3
-902,5371,224916,3
-2522,5372,224977,3
-927,5373,224998,3
-1634,5374,225051,3
-2211,5375,225126,3
-2237,5376,225259,4
-860,5377,225272,3
-1553,5378,225321,3
-1325,5379,225340,3
-4131,5380,225520,5
-477,5381,225523,3
-2744,5382,225582,3
-1126,5383,225634,4
-1977,5384,225775,5
-477,5385,225778,3
-1795,5386,225816,3
-1352,5387,225853,3
-3274,5388,225982,3
-1239,5389,226009,3
-581,5390,226016,3
-1251,5391,226059,3
-477,5392,226062,3
-2306,5393,226151,4
-1765,5394,226204,3
49,5395,226245,5
-3621,5396,226350,3
-584,5397,226357,3
-349,5398,226360,3
-1861,5399,226404,3
-932,5400,226433,3
-4543,5401,226567,3
-742,5402,226588,3
-967,5403,226615,3
-2531,5404,226658,3
-395,5405,226663,3
-1179,5406,226699,3
-2357,5407,226748,3
-4761,5408,226863,3
-2540,5409,226915,3
-2188,5410,226953,3
-2813,5411,227023,3
-1545,5412,227059,3
-3562,5413,227152,3
-535,5414,227157,3
-1788,5415,227190,3
-2190,5416,227259,3
-1001,5417,227284,3
-1405,5418,227319,3
-2491,5419,227408,3
-757,5420,227429,3
-2381,5421,227493,3
-3339,5422,227640,3
-9513,5423,227979,3
-2745,5424,228064,3
-1070,5425,228099,3
-12368,5426,228528,4
-1092,5427,228549,3
-352,5428,228552,3
-826,5429,228569,3
-811,5430,228586,3
-2706,5431,228640,3
-1584,5432,228676,3
-2421,5433,228713,3
-584,5434,228720,3
-581,5435,228727,3
-3453,5436,228881,4
-765,5437,228890,3
-691,5438,228901,3
-1620,5439,228938,3
-4566,5440,229103,3
-2197,5441,229162,3
-1076,5442,229193,3
-1067,5443,229252,4
-2024,5444,229310,3
-3605,5445,229396,3
-2839,5446,229476,3
-581,5447,229483,3
-2316,5448,229537,3
-1164,5449,229579,3
-876,5450,229638,4
-2530,5451,229695,3
-2590,5452,229781,3
-401,5453,229786,3
-1002,5454,229841,4
-1335,5455,229865,3
-3133,5456,229933,3
-952,5457,229956,3
-1297,5458,229985,3
-3378,5459,230067,3
-2380,5460,230186,4
-1970,5461,230233,3
-477,5462,230236,3
-2460,5463,230299,3
-1762,5464,230367,3
-477,5465,230370,3
-2441,5466,230425,3
-535,5467,230430,3
-914,5468,230459,3
-2293,5469,230521,3
-914,5470,230550,3
-1761,5471,230647,4
-645,5472,230656,3
-10058,5473,230946,3
-3331,5474,231065,3
-2986,5475,231154,3
-3487,5476,231238,3
-2248,5477,231286,3
-4074,5478,231389,3
-1519,5479,231446,3
-2185,5480,231517,3
-2111,5481,231567,3
-1875,5482,231609,3
-884,5483,231628,3
-2111,5484,231671,3
-7271,5485,231875,3
-679,5486,231886,3
-1944,5487,231956,4
-884,5488,232016,4
-1889,5489,232056,3
-919,5490,232079,3
-477,5491,232082,3
-831,5492,232097,3
-2603,5493,232210,4
-751,5494,232307,6
-453,5495,232314,3
-679,5496,232325,3
-2633,5497,232381,3
-1154,5498,232403,3
-352,5499,232406,3
-5297,5500,232539,3
-5502,5501,232677,3
-1026,5502,232708,3
-1080,5503,232735,3
-820,5504,232746,3
-1128,5505,232777,3
-1866,5506,232816,3
-1525,5507,232878,3
-352,5508,232881,3
-2305,5509,232952,3
-1364,5510,233005,3
-1551,5511,233038,3
-4277,5512,233156,3
-2553,5513,233195,3
-4987,5514,233389,3
-3677,5515,233463,3
-1060,5516,233495,3
-1125,5517,233516,3
-2122,5518,233555,3
-2963,5519,233652,3
-1018,5520,233675,3
-3434,5521,233790,3
-1013,5522,233809,3
-4149,5523,233926,3
-3877,5524,234024,3
-1599,5525,234085,3
-545,5526,234096,3
-4296,5527,234204,3
-2635,5528,234258,3
-1431,5529,234291,3
-6039,5530,234571,4
-4771,5531,234741,4
-3023,5532,234832,3
-7017,5533,235012,3
-2050,5534,235059,3
-956,5535,235088,3
-1932,5536,235160,3
-2373,5537,235248,3
-6086,5538,235438,3
-4190,5539,235607,3
-2844,5540,235734,4
-2519,5541,235795,3
-477,5542,235798,3
-857,5543,235821,3
-3157,5544,235895,3
-477,5545,235898,3
-1285,5546,235939,3
-7868,5547,236222,4
-2417,5548,236295,3
-260,5549,236318,4
-2363,5550,236361,3
-1902,5551,236433,3
-2586,5552,236490,3
-1193,5553,236531,3
-1572,5554,236600,3
-909,5555,236621,3
-2185,5556,236696,4
-2967,5557,236762,3
-1209,5558,236790,3
-5103,5559,237013,4
-2613,5560,237061,3
-4348,5561,237189,3
-1237,5562,237206,3
-6490,5563,237424,3
-1488,5564,237479,3
-349,5565,237482,3
-1321,5566,237511,3
-1729,5567,237585,3
-5584,5568,237720,3
-456,5569,237727,3
-722,5570,237740,3
-4180,5571,237893,3
-563,5572,237904,3
-771,5573,237913,3
-1304,5574,237944,3
-2225,5575,238066,4
-2937,5576,238135,3
-1702,5577,238191,3
-2180,5578,238287,4
-1166,5579,238318,3
-3499,5580,238410,3
-673,5581,238421,3
-2266,5582,238471,3
-1634,5583,238526,3
-3753,5584,238650,3
-1711,5585,238688,3
-1833,5586,238802,4
-3550,5587,238884,3
-352,5588,238887,3
-3505,5589,238982,3
-5265,5590,239159,3
-2788,5591,239254,3
-2560,5592,239338,3
-1991,5593,239408,4
-3743,5594,239529,3
-4371,5595,239630,3
-2543,5596,239688,3
-2562,5597,239746,3
-2293,5598,239824,3
-453,5599,239831,3
-4363,5600,239938,3
-3374,5601,240026,3
-12216,5602,240375,3
-3708,5603,240480,3
-2037,5604,240520,3
-881,5605,240533,3
-7886,5606,240817,4
-903,5607,240838,3
-554,5608,240849,3
-1461,5609,240882,3
-581,5610,240889,3
-1541,5611,240923,3
-1216,5612,240958,3
-673,5613,240969,3
-3564,5614,241104,3
-3469,5615,241235,3
-2702,5616,241314,3
-444,5617,241321,3
-630,5618,241330,3
-2545,5619,241392,3
-1545,5620,241422,3
-2300,5621,241508,3
-1940,5622,241569,3
-502,5623,241578,3
-2135,5624,241673,4
-1622,5625,241743,4
-701,5626,241760,3
-3545,5627,241854,3
-909,5628,241866,3
-1197,5629,241893,3
-5497,5630,242052,3
-1303,5631,242087,3
-1919,5632,242152,3
-1807,5633,242215,3
-352,5634,242218,3
-527,5635,242229,3
-7324,5636,242578,5
-4832,5637,242714,3
-1003,5638,242731,3
-447,5639,242738,3
-1471,5640,242770,3
-740,5641,242787,3
-2612,5642,242900,4
-8167,5643,243109,3
-928,5644,243123,3
-2709,5645,243250,4
-5951,5646,243409,3
-2630,5647,243488,3
-1807,5648,243547,3
-5010,5649,243671,3
-2338,5650,243733,3
-933,5651,243764,3
-3134,5652,243831,3
-584,5653,243838,3
-2348,5654,243896,3
-2398,5655,243949,3
-2226,5656,244018,3
-1741,5657,244044,3
-6239,5658,244220,3
-352,5659,244223,3
-1100,5660,244258,3
-4931,5661,244391,3
-3635,5662,244489,3
-1576,5663,244536,3
-652,5664,244551,3
-2797,5665,244629,3
-3295,5666,244707,3
-1787,5667,244750,3
-3267,5668,244892,3
-3209,5669,245011,4
-6110,5670,245192,3
-4156,5671,245327,3
-581,5672,245334,3
-578,5673,245341,3
-2745,5674,245391,3
-3935,5675,245491,3
-1686,5676,245527,3
-4450,5677,245658,3
-2036,5678,245765,4
-535,5679,245770,3
-851,5680,245789,3
-1767,5681,245838,3
-1093,5682,245852,3
-3120,5683,245922,3
-2369,5684,245962,3
-6191,5685,246115,3
-985,5686,246132,3
-6594,5687,246333,3
-737,5688,246346,3
-5293,5689,246520,3
-780,5690,246535,3
-1157,5691,246557,3
-1811,5692,246598,3
-5052,5693,246739,3
-1172,5694,246770,3
-477,5695,246773,3
-352,5696,246776,3
-526,5697,246781,3
-1940,5698,246851,3
-4244,5699,246984,3
-4198,5700,247100,3
-581,5701,247107,3
-811,5702,247124,3
-1056,5703,247145,3
-1860,5704,247202,3
-5713,5705,247358,3
-4683,5706,247512,3
-1741,5707,247538,3
-2353,5708,247600,3
-1601,5709,247643,3
-2313,5710,247707,3
-3429,5711,247877,4
-2598,5712,247952,3
-578,5713,247959,3
-628,5714,247974,3
-704,5715,247987,3
-2874,5716,248053,3
-3640,5717,248254,5
-2077,5718,248307,3
-6438,5719,248525,4
-369,5720,248596,5
-7603,5721,248902,4
-1786,5722,248968,3
-1902,5723,249047,3
-591,5724,249060,3
-1987,5725,249096,3
-3301,5726,249215,3
-1450,5727,249256,3
-1858,5728,249300,3
-1288,5729,249320,3
-1811,5730,249384,3
-955,5731,249398,3
-6239,5732,249567,3
-481,5733,249576,3
-2188,5734,249626,3
-790,5735,249643,3
-697,5736,249654,3
-621,5737,249663,3
-1602,5738,249714,3
-2460,5739,249795,3
-814,5740,249812,3
-2016,5741,249881,3
-7865,5742,250137,3
-2940,5743,250224,3
-2625,5744,250272,3
-762,5745,250287,3
-2636,5746,250378,3
-1279,5747,250407,3
-2236,5748,250469,3
-2076,5749,250538,4
-2322,5750,250584,3
-2206,5751,250662,3
-1565,5752,250711,3
-535,5753,250716,3
-8762,5754,251016,4
-1648,5755,251069,3
-352,5756,251072,3
-748,5757,251093,3
-1035,5758,251152,4
-6217,5759,251409,3
-5032,5760,251576,3
-2834,5761,251640,3
-1596,5762,251701,3
-2120,5763,251744,3
-725,5764,251757,3
-1994,5765,251818,3
-1349,5766,251849,3
-783,5767,251864,3
-673,5768,251875,3
-607,5769,251890,3
-1037,5770,251909,3
-850,5771,251926,3
-4385,5772,252092,3
-3954,5773,252185,3
-578,5774,252192,3
-1957,5775,252270,4
-2977,5776,252323,3
-1645,5777,252356,3
-783,5778,252371,3
-1804,5779,252424,3
-3522,5780,252523,3
-4792,5781,252688,3
-1894,5782,252753,3
-2805,5783,252813,3
-2594,5784,252869,3
-477,5785,252872,3
-1120,5786,252901,3
-2407,5787,252988,3
-2211,5788,253116,5
-762,5789,253125,3
-2653,5790,253215,3
-3203,5791,253316,3
-950,5792,253345,3
-816,5793,253370,3
-3356,5794,253456,3
-8386,5795,253781,4
-921,5796,253806,3
-5516,5797,253973,3
-6882,5798,254222,3
-4751,5799,254425,3
-612,5800,254438,3
-3826,5801,254579,3
-2346,5802,254658,3
-942,5803,254679,3
-2816,5804,254749,3
-572,5805,254756,3
-477,5806,254759,3
-3975,5807,254941,4
-3394,5808,255033,3
-1082,5809,255052,3
-1291,5810,255072,3
-2975,5811,255213,4
338,5812,255259,5
-1253,5813,255284,3
-3364,5814,255391,3
-3093,5815,255466,3
-1746,5816,255494,3
-1677,5817,255591,4
-4712,5818,255706,3
-2542,5819,255793,3
-553,5820,255839,4
-581,5821,255846,3
-1645,5822,255893,3
-1428,5823,255942,3
-401,5824,255947,3
-1003,5825,255961,3
-1824,5826,256018,3
-1220,5827,256053,3
-4345,5828,256202,3
-447,5829,256209,3
-578,5830,256216,3
-634,5831,256231,3
-733,5832,256252,3
-1823,5833,256289,3
-352,5834,256292,3
-2773,5835,256351,3
-968,5836,256370,3
-1184,5837,256401,3
-1038,5838,256428,3
-2738,5839,256517,3
-3041,5840,256630,3
-3645,5841,256757,3
-584,5842,256764,3
-972,5843,256785,3
-2592,5844,256955,5
-6872,5845,257148,3
-4460,5846,257321,4
-1368,5847,257354,3
-2679,5848,257423,3
-3027,5849,257529,3
-1895,5850,257606,3
-6313,5851,257791,3
-848,5852,257810,3
-1685,5853,257868,3
-3441,5854,257949,3
-1555,5855,258000,3
-3816,5856,258093,3
-4641,5857,258223,3
-1179,5858,258250,3
-4651,5859,258381,3
-2722,5860,258498,3
-5358,5861,258639,3
-1542,5862,258694,3
-3630,5863,258866,4
-1096,5864,258898,3
-2267,5865,258965,3
-2298,5866,259132,5
-584,5867,259139,3
-3529,5868,259256,3
-2670,5869,259328,3
-2610,5870,259401,3
-3876,5871,259506,3
-958,5872,259533,3
-3070,5873,259635,3
-1733,5874,259688,3
-1211,5875,259723,3
-1455,5876,259786,3
-2741,5877,259905,3
-2883,5878,260010,3
-7596,5879,260223,3
-450,5880,260230,3
-1729,5881,260277,3
-1527,5882,260314,3
-3799,5883,260403,3
-2230,5884,260480,3
-2830,5885,260536,3
-1525,5886,260568,3
-3250,5887,260631,3
-9628,5888,260887,3
-4301,5889,261026,3
-6240,5890,261275,4
-1285,5891,261304,3
-3260,5892,261401,3
-7835,5893,261654,3
-2514,5894,261742,3
-535,5895,261747,3
-2254,5896,261795,3
-7561,5897,262013,3
-1549,5898,262045,3
-8695,5899,262302,3
-1225,5900,262359,4
-4200,5901,262486,3
-3168,5902,262554,3
-1099,5903,262568,3
-997,5904,262609,3
-817,5905,262626,3
-352,5906,262629,3
-1533,5907,262674,3
-2447,5908,262771,3
-2172,5909,262819,3
-2765,5910,262898,3
-728,5911,262911,3
-581,5912,262918,3
-4823,5913,263072,3
-4104,5914,263247,4
-3885,5915,263399,4
-2146,5916,263449,3
-860,5917,263462,3
-1344,5918,263505,3
-8739,5919,263840,4
-1165,5920,263863,3
-2232,5921,263926,3
-2074,5922,264037,4
-1056,5923,264049,3
-856,5924,264066,3
-729,5925,264085,3
-2324,5926,264169,4
-4336,5927,264351,3
-1722,5928,264412,4
-5505,5929,264571,3
-5407,5930,264838,4
-1009,5931,264855,3
-682,5932,264866,3
-7310,5933,265171,4
-1530,5934,265192,3
-578,5935,265199,3
-3488,5936,265317,3
-1780,5937,265367,3
-4149,5938,265487,3
-5271,5939,265674,4
-1291,5940,265694,3
-2991,5941,265772,3
-8800,5942,266071,3
-5378,5943,266207,3
-705,5944,266253,4
-1549,5945,266371,4
-2964,5946,266464,3
-1574,5947,266492,3
-4991,5948,266750,5
-5848,5949,266909,3
-845,5950,266932,3
-1183,5951,266962,3
-1583,5952,267058,4
-2208,5953,267097,3
-4293,5954,267217,3
-2022,5955,267286,3
308,5956,267323,5
-3370,5957,267440,3
-1201,5958,267469,3
-2050,5959,267516,3
-3326,5960,267604,3
-2772,5961,267694,3
-2479,5962,267768,4
-628,5963,267783,3
-1565,5964,267820,3
-2082,5965,267868,3
-5482,5966,268074,3
-1843,5967,268134,3
-812,5968,268157,3
-5134,5969,268327,3
-624,5970,268336,3
-5540,5971,268499,3
-8485,5972,268769,3
-578,5973,268776,3
-3939,5974,268884,3
-1499,5975,268937,3
-4746,5976,269112,3
-395,5977,269117,3
-1961,5978,269212,4
-2906,5979,269279,3
-2647,5980,269399,4
-3208,5981,269506,3
-863,5982,269516,3
-2826,5983,269579,3
-2531,5984,269664,3
-4448,5985,269791,3
-1054,5986,269811,3
-1958,5987,269860,3
-1467,5988,269899,3
-1593,5989,269944,3
-2185,5990,269977,3
-581,5991,269984,3
-3485,5992,270108,3
-1218,5993,270145,3
-1670,5994,270194,3
-3318,5995,270262,3
-3792,5996,270412,3
-3693,5997,270508,3
-2391,5998,270562,3
-352,5999,270565,3
-545,6000,270576,3
-2737,6001,270633,3
-6037,6002,270876,4
-644,6003,270893,3
-1418,6004,270930,3
-5178,6005,271186,4
-349,6006,271189,3
-4693,6007,271314,3
-1689,6008,271438,5
-1653,6009,271501,3
-1940,6010,271566,3
-1873,6011,271604,3
-636,6012,271613,3
-3010,6013,271687,3
-880,6014,271714,3
-578,6015,271721,3
-4386,6016,271826,3
-3728,6017,271975,4
-5520,6018,272168,3
-2623,6019,272258,3
-5552,6020,272513,4
-3353,6021,272601,3
-1747,6022,272633,3
-1323,6023,272657,3
-548,6024,272668,3
-2361,6025,272752,3
-1282,6026,272772,3
-4177,6027,272882,3
-2889,6028,272935,3
-5672,6029,273125,3
-2954,6030,273271,5
-477,6031,273274,3
-962,6032,273303,3
-4773,6033,273513,4
-2594,6034,273610,3
-3123,6035,273713,3
-8202,6036,273957,3
-3673,6037,274061,3
-4499,6038,274194,3
-1242,6039,274218,3
-3187,6040,274292,3
-453,6041,274299,3
-3512,6042,274390,3
-1896,6043,274462,3
-1768,6044,274509,3
-450,6045,274516,3
-2594,6046,274572,3
-2947,6047,274638,3
-2785,6048,274706,3
-1427,6049,274726,3
-3194,6050,274817,3
-1996,6051,274861,3
-11141,6052,275301,5
-2041,6053,275382,3
-3431,6054,275468,3
-694,6055,275479,3
-4535,6056,275618,3
-3696,6057,275711,3
-5114,6058,275859,3
-780,6059,275874,3
-695,6060,275891,3
-6251,6061,276120,3
-3300,6062,276210,3
191,6063,276258,5
-778,6064,276279,3
-477,6065,276282,3
-2015,6066,276352,3
-578,6067,276359,3
-2525,6068,276438,3
-639,6069,276447,3
-3518,6070,276541,3
-2588,6071,276626,3
-2976,6072,276722,3
-4262,6073,276901,3
-8586,6074,277219,3
-1340,6075,277242,3
-3321,6076,277356,3
-1510,6077,277413,3
-3035,6078,277496,3
-9011,6079,277744,3
-2333,6080,277802,3
-2101,6081,277859,3
-2477,6082,277945,3
-2219,6083,278070,4
-453,6084,278077,3
-2146,6085,278158,4
-627,6086,278167,3
-1083,6087,278194,3
-1437,6088,278237,3
-1353,6089,278286,3
-4594,6090,278402,3
-4401,6091,278499,3
-3833,6092,278597,3
-4799,6093,278709,3
-2397,6094,278794,3
-352,6095,278797,3
-4443,6096,278938,3
-5308,6097,279117,3
-2578,6098,279183,3
-1031,6099,279208,3
-2654,6100,279260,3
-3088,6101,279379,3
-2827,6102,279470,4
-762,6103,279479,3
-6938,6104,279709,3
-1329,6105,279733,3
-4197,6106,279841,3
-2874,6107,279916,3
-867,6108,280016,5
-1844,6109,280071,3
-3189,6110,280161,3
-5580,6111,280311,3
-1855,6112,280390,4
-936,6113,280405,3
-1157,6114,280445,3
-636,6115,280454,3
-477,6116,280457,3
-3800,6117,280617,4
-477,6118,280620,3
-3526,6119,280698,3
-1111,6120,280712,3
-4295,6121,280887,4
-3714,6122,281004,3
-884,6123,281023,3
-3986,6124,281144,3
-5754,6125,281315,3
-1379,6126,281346,3
-3795,6127,281491,4
-3603,6128,281567,3
-3359,6129,281661,3
-3731,6130,281804,3
-4296,6131,281922,3
-6672,6132,282184,4
-3124,6133,282249,3
-1584,6134,282279,3
-4381,6135,282401,3
-2489,6136,282456,3
-860,6137,282469,3
-3877,6138,282582,3
-1745,6139,282665,4
-2812,6140,282749,3
-6530,6141,282928,3
-1264,6142,282964,3
-1786,6143,283027,3
-4546,6144,283197,4
-1305,6145,283230,3
-2354,6146,283306,3
-477,6147,283309,3
-349,6148,283312,3
-937,6149,283320,3
-3297,6150,283396,3
-1176,6151,283433,3
-1549,6152,283484,3
-1117,6153,283513,3
-2162,6154,283566,3
-2012,6155,283609,3
-1067,6156,283634,3
-3912,6157,283711,3
-719,6158,283718,3
-3778,6159,283798,3
-2248,6160,283854,3
-1510,6161,283886,3
-1275,6162,283904,3
-3677,6163,284004,3
-1148,6164,284124,5
-921,6165,284139,3
-1679,6166,284188,3
-6394,6167,284389,3
-3813,6168,284585,4
-1226,6169,284607,3
-3121,6170,284702,3
-988,6171,284725,3
-4884,6172,284879,3
-988,6173,284896,3
-5092,6174,285057,3
-945,6175,285078,3
-5218,6176,285279,3
-4288,6177,285416,3
-862,6178,285433,3
-1863,6179,285497,3
-627,6180,285506,3
-6795,6181,285669,3
-942,6182,285690,3
-1145,6183,285707,3
-1254,6184,285740,3
-5769,6185,285906,3
-2448,6186,285960,3
-5773,6187,286169,3
-2452,6188,286268,3
-1422,6189,286298,3
-4727,6190,286458,3
-1056,6191,286489,3
-994,6192,286506,3
-2940,6193,286678,5
-2992,6194,286758,3
-4563,6195,286883,4
-4826,6196,287050,4
-2395,6197,287100,3
-2008,6198,287147,3
-2523,6199,287219,3
-888,6200,287244,3
-943,6201,287261,3
-872,6202,287284,3
-780,6203,287299,3
-4988,6204,287432,3
-906,6205,287457,3
-2885,6206,287527,3
-1313,6207,287564,3
-1544,6208,287617,3
-1605,6209,287665,3
-2531,6210,287726,3
-3921,6211,287819,3
-796,6212,287830,3
-5396,6213,288047,4
-2499,6214,288128,3
190,6215,288164,5
-2285,6216,288222,3
-658,6217,288227,3
-1908,6218,288278,3
-4298,6219,288506,5
-9002,6220,288828,4
-352,6221,288831,3
-453,6222,288838,3
-4083,6223,289070,5
-3414,6224,289212,4
-1726,6225,289241,3
-7594,6226,289480,3
-1508,6227,289533,3
-965,6228,289562,3
-2629,6229,289648,3
-901,6230,289675,3
-2754,6231,289762,3
-3823,6232,289873,3
-1661,6233,289922,3
-2163,6234,290055,5
-3632,6235,290167,3
-982,6236,290184,3
-450,6237,290191,3
-1140,6238,290218,3
-2543,6239,290285,3
-588,6240,290298,3
-5885,6241,290458,3
-557,6242,290469,3
-835,6243,290486,3
-927,6244,290507,3
-2615,6245,290577,3
-2183,6246,290632,3
-2282,6247,290681,3
-2158,6248,290731,3
-4574,6249,290916,3
-769,6250,290937,3
-5196,6251,291075,3
-1103,6252,291100,3
-2122,6253,291171,3
-2586,6254,291264,3
-2707,6255,291359,3
-6562,6256,291531,3
-4707,6257,291709,3
-1304,6258,291756,3
-1173,6259,291783,3
-3659,6260,291874,3
-2765,6261,291978,4
-2349,6262,292032,3
-710,6263,292045,3
-3955,6264,292137,3
-2695,6265,292206,3
-2361,6266,292364,5
-2808,6267,292461,3
-1388,6268,292508,3
-685,6269,292519,3
-3869,6270,292670,3
-4491,6271,292790,3
-1994,6272,292827,3
-3931,6273,292922,3
-1476,6274,292952,3
-1588,6275,292990,3
-878,6276,293009,3
-4669,6277,293134,3
-6454,6278,293322,3
-946,6279,293349,3
-7634,6280,293600,4
-3978,6281,293684,3
-3223,6282,293771,3
-3951,6283,293930,3
-1958,6284,294007,3
-3901,6285,294126,3
-3581,6286,294275,4
-578,6287,294282,3
-4956,6288,294426,3
-6700,6289,294597,3
-7078,6290,294777,3
-1607,6291,294805,3
-1896,6292,294845,3
-1168,6293,294884,3
-1370,6294,294922,3
-4415,6295,295031,3
-2363,6296,295149,4
-349,6297,295152,3
695,6298,295172,5
-2714,6299,295240,3
-3308,6300,295347,3
-955,6301,295370,3
-7794,6302,295681,4
-2922,6303,295833,4
-3515,6304,295909,3
-349,6305,295912,3
-2264,6306,296022,4
-2661,6307,296106,3
-820,6308,296117,3
-2534,6309,296166,3
-8489,6310,296446,3
-11610,6311,296821,3
-789,6312,296836,3
-3512,6313,296928,3
-1806,6314,296979,3
-603,6315,296992,3
-1966,6316,297051,3
-991,6317,297084,3
-1114,6318,297107,3
-951,6319,297128,3
-627,6320,297137,3
-1365,6321,297191,3
-3691,6322,297328,3
-4485,6323,297565,5
-453,6324,297572,3
-988,6325,297586,3
-2015,6326,297647,3
-2469,6327,297710,3
-1716,6328,297761,3
-4789,6329,297959,4
-838,6330,297976,3
-3110,6331,298052,3
-2430,6332,298103,3
-5262,6333,298381,5
-4704,6334,298525,3
-1885,6335,298593,3
-1850,6336,298633,3
-578,6337,298640,3
-1116,6338,298746,5
-4882,6339,298905,3
-4632,6340,299046,3
-7915,6341,299319,4
-5078,6342,299455,3
-758,6343,299468,3
-477,6344,299471,3
-1190,6345,299496,3
-2468,6346,299554,3
-4632,6347,299666,3
-777,6348,299685,3
-4773,6349,299826,3
-14407,6350,300269,3
-1581,6351,300309,3
-2771,6352,300425,4
-3887,6353,300531,3
-884,6354,300544,3
-2011,6355,300643,4
-451,6356,300682,4
-646,6357,300697,3
-661,6358,300708,3
-5218,6359,300854,3
-9470,6360,301155,3
-1547,6361,301192,3
-5699,6362,301353,3
-9351,6363,301681,3
-909,6364,301696,3
-1630,6365,301749,3
-572,6366,301756,3
-4967,6367,301968,4
-10969,6368,302373,4
-2969,6369,302455,3
-707,6370,302462,3
-1868,6371,302502,3
-1482,6372,302565,3
-710,6373,302582,3
-731,6374,302632,4
-2378,6375,302703,3
-1526,6376,302746,3
-4313,6377,302855,3
-395,6378,302860,3
-6738,6379,303085,3
-7030,6380,303328,3
-1899,6381,303379,3
-3293,6382,303464,3
-4500,6383,303623,3
-1141,6384,303727,5
-2033,6385,303779,3
-477,6386,303782,3
-1922,6387,303828,3
-3115,6388,303936,3
-4350,6389,304092,3
-688,6390,304103,3
-2978,6391,304179,3
-1689,6392,304218,3
-1319,6393,304249,3
-3622,6394,304365,3
-2093,6395,304432,3
-906,6396,304453,3
-633,6397,304462,3
-5937,6398,304658,3
-1137,6399,304685,3
-4907,6400,304852,3
-3075,6401,304922,3
-3737,6402,305037,3
-5252,6403,305177,3
-927,6404,305192,3
-1064,6405,305227,3
-737,6406,305240,3
-967,6407,305263,3
-3400,6408,305376,3
-1506,6409,305415,3
-2065,6410,305474,3
-3382,6411,305578,3
541,6412,305603,5
-1010,6413,305628,3
-5291,6414,305754,3
-2471,6415,305819,3
-4341,6416,305994,3
-4733,6417,306130,3
-7788,6418,306382,4
-2871,6419,306445,3
-6037,6420,306610,3
-2660,6421,306680,3
-3714,6422,306794,3
-967,6423,306811,3
-7398,6424,307054,3
-7884,6425,307300,3
-1892,6426,307340,3
-970,6427,307357,3
-756,6428,307376,3
-2039,6429,307420,3
-630,6430,307429,3
-4168,6431,307585,4
-2392,6432,307663,3
-597,6433,307676,3
-1753,6434,307723,3
-1257,6435,307759,3
-4366,6436,307893,3
-6145,6437,308185,5
-4116,6438,308332,3
-2233,6439,308397,3
-2948,6440,308506,3
-15226,6441,308929,4
-9395,6442,309320,3
-477,6443,309323,3
-572,6444,309330,3
-4720,6445,309470,3
-683,6446,309487,3
-1963,6447,309601,4
-1831,6448,309673,4
-3234,6449,309802,3
-642,6450,309811,3
-744,6451,309830,3
-5172,6452,310003,4
-2723,6453,310088,3
-3409,6454,310207,3
-2660,6455,310299,3
-2175,6456,310374,3
-581,6457,310381,3
-352,6458,310384,3
-8909,6459,310664,3
-630,6460,310673,3
-566,6461,310684,3
-2833,6462,310759,3
-6395,6463,310943,3
-765,6464,310952,3
-2495,6465,311031,3
-9877,6466,311324,3
-2029,6467,311368,3
-2942,6468,311463,3
-6953,6469,311698,3
-2114,6470,311775,3
-6328,6471,312002,3
-1918,6472,312055,3
-2462,6473,312119,3
-5018,6474,312267,3
-2192,6475,312325,3
-1609,6476,312372,3
-8442,6477,312638,4
-4014,6478,312758,4
-5545,6479,312963,4
-4972,6480,313115,3
-6928,6481,313430,4
-535,6482,313435,3
-2985,6483,313489,3
-2168,6484,313556,3
-181,6485,313619,5
-1781,6486,313659,3
-2890,6487,313761,3
-5278,6488,313907,3
-756,6489,313926,3
-3205,6490,313995,3
-2289,6491,314055,3
-4932,6492,314181,3
-2197,6493,314262,3
-900,6494,314363,5
-4994,6495,314490,3
-884,6496,314509,3
-477,6497,314512,3
-6578,6498,314712,3
-7140,6499,314965,3
-9416,6500,315315,4
-682,6501,315326,3
-1746,6502,315362,3
-2521,6503,315445,3
-674,6504,315462,3
-578,6505,315469,3
-4814,6506,315623,3
-2406,6507,315750,4
-3224,6508,315842,3
-1658,6509,315900,3
-1783,6510,315938,3
-5147,6511,316052,3
-3066,6512,316145,3
-643,6513,316160,3
-581,6514,316167,3
-3870,6515,316330,4
-5708,6516,316593,4
-1591,6517,316640,3
-5498,6518,316812,3
-14997,6519,317393,4
-4565,6520,317595,3
-3295,6521,317675,3
-3191,6522,317767,3
-4925,6523,317921,3
-5042,6524,318079,3
-5147,6525,318239,3
-3047,6526,318310,3
-1481,6527,318353,3
-4980,6528,318491,3
-3337,6529,318601,3
-5517,6530,318755,3
-4309,6531,318925,3
-6053,6532,319108,4
-2518,6533,319201,3
-1404,6534,319244,3
-4111,6535,319396,3
-349,6536,319399,3
-2332,6537,319479,3
-5453,6538,319651,3
-453,6539,319658,3
-2570,6540,319710,3
-578,6541,319717,3
-1297,6542,319810,4
-2682,6543,319913,3
-1768,6544,319957,3
-4214,6545,320121,3
-1448,6546,320168,3
-3999,6547,320267,3
-8781,6548,320635,4
-3664,6549,320757,3
-3410,6550,320843,3
-3605,6551,321052,5
-1851,6552,321085,3
-1044,6553,321116,3
-1339,6554,321161,3
-5314,6555,321370,4
-477,6556,321373,3
-456,6557,321380,3
-5726,6558,321510,3
-1257,6559,321537,3
-4919,6560,321725,4
-3379,6561,321808,3
-2005,6562,321867,3
-3194,6563,322017,4
-4509,6564,322168,3
-11869,6565,322561,4
-2203,6566,322599,3
-16758,6567,323103,3
-7365,6568,323375,4
-1637,6569,323424,3
-584,6570,323431,3
-2426,6571,323536,4
-3140,6572,323596,3
-3013,6573,323701,3
-581,6574,323708,3
-477,6575,323711,3
-5269,6576,323833,3
-3131,6577,323937,3
-851,6578,323960,3
-7048,6579,324191,4
-1729,6580,324244,3
-7437,6581,324481,3
-2096,6582,324533,3
-4040,6583,324716,4
-22886,6584,325382,4
-6498,6585,325562,3
-4153,6586,325687,3
-2124,6587,325726,3
-10933,6588,326061,3
-1083,6589,326079,3
-1191,6590,326106,3
-3133,6591,326213,3
-3515,6592,326334,3
-1748,6593,326393,3
-881,6594,326412,3
-924,6595,326433,3
-6040,6596,326684,3
-4748,6597,326863,4
-4783,6598,327054,3
-2822,6599,327118,3
-679,6600,327129,3
-5372,6601,327268,3
-1079,6602,327303,3
-797,6603,327326,3
-2499,6604,327375,3
-2935,6605,327437,3
-6023,6606,327636,3
-1233,6607,327663,3
-3335,6608,327767,3
-1288,6609,327812,3
-937,6610,327829,3
-548,6611,327840,3
-2608,6612,327900,3
-2431,6613,327954,3
-477,6614,327957,3
-9463,6615,328296,3
-6048,6616,328444,3
-3680,6617,328538,3
-4861,6618,328676,3
-1299,6619,328703,3
-582,6620,328716,3
-4141,6621,328845,3
-5752,6622,328995,3
-2800,6623,329090,3
-15277,6624,329581,3
-1896,6625,329641,3
-649,6626,329656,3
-807,6627,329681,3
-3804,6628,329781,3
-5322,6629,329934,3
-1179,6630,329971,3
-4257,6631,330112,3
-3725,6632,330197,3
-2205,6633,330251,3
-12506,6634,330647,4
-3164,6635,330789,3
-1608,6636,330825,3
-588,6637,330838,3
-1537,6638,330873,3
-3022,6639,330974,3
-5388,6640,331163,3
-3310,6641,331288,3
-11577,6642,331678,4
-2645,6643,331770,3
-2521,6644,331862,3
-7776,6645,332169,3
-2362,6646,332252,3
-4140,6647,332381,3
-6141,6648,332543,3
-1701,6649,332598,3
-10035,6650,332957,4
-5179,6651,333100,3
-786,6652,333115,3
-395,6653,333120,3
-4219,6654,333245,3
-3552,6655,333401,4
-6947,6656,333594,3
-2857,6657,333717,3
-3011,6658,333806,3
-4847,6659,334024,4
-2478,6660,334127,3
-676,6661,334138,3
-627,6662,334147,3
-1522,6663,334173,3
-5908,6664,334449,4
-1402,6665,334500,3
-3458,6666,334597,3
-853,6667,334614,3
-5035,6668,334775,3
-1314,6669,334818,3
-1745,6670,334867,3
-5085,6671,335072,3
-1541,6672,335109,3
-1562,6673,335152,3
-2063,6674,335213,3
-3348,6675,335292,3
-679,6676,335303,3
-6349,6677,335515,3
-1407,6678,335560,3
-1345,6679,335596,3
-7570,6680,335919,3
-3197,6681,336037,3
-1216,6682,336094,4
-7236,6683,336381,4
-2766,6684,336460,3
-6720,6685,336718,3
-5464,6686,336897,3
-2186,6687,336974,3
-4559,6688,337101,3
-7328,6689,337396,3
-4083,6690,337504,3
-888,6691,337529,3
-15873,6692,338090,3
-6957,6693,338327,3
-4168,6694,338452,3
-4742,6695,338633,3
-2121,6696,338742,4
-1117,6697,338775,3
-11503,6698,339188,3
-6311,6699,339364,3
-2078,6700,339435,3
-3461,6701,339532,3
-626,6702,339622,5
-878,6703,339635,3
-2085,6704,339698,3
-2772,6705,339782,3
-692,6706,339795,3
-1242,6707,339813,3
-578,6708,339820,3
-2853,6709,339923,3
-7894,6710,340160,3
-2103,6711,340209,3
-6005,6712,340352,3
-7851,6713,340550,3
-752,6714,340563,3
-3386,6715,340660,3
-5886,6716,340831,3
-2827,6717,340896,3
-900,6718,340921,3
-6875,6719,341132,3
-838,6720,341149,3
-4969,6721,341337,3
-4753,6722,341465,3
-1264,6723,341500,3
-4131,6724,341623,3
-7851,6725,341851,3
-8844,6726,342200,3
-6731,6727,342491,4
-2622,6728,342551,3
-1896,6729,342609,3
-7821,6730,342825,3
-4673,6731,342956,3
-11283,6732,343323,3
-4411,6733,343496,3
-3282,6734,343622,3
-1412,6735,343675,3
-5040,6736,343843,3
-1106,6737,343874,3
-3303,6738,343959,3
-850,6739,343976,3
-851,6740,343999,3
-3657,6741,344136,4
-4549,6742,344322,4
-1661,6743,344365,3
-942,6744,344386,3
-2075,6745,344492,4
-6831,6746,344705,3
-1523,6747,344733,3
-6960,6748,344958,3
-2450,6749,345031,3
-3780,6750,345131,3
-1175,6751,345162,3
-2675,6752,345251,3
-2089,6753,345338,3
-3787,6754,345460,3
-4955,6755,345669,3
-3528,6756,345762,3
-4693,6757,345917,3
-3535,6758,346082,4
-1187,6759,346113,3
-6958,6760,346346,3
-1580,6761,346395,3
-953,6762,346424,3
-2389,6763,346477,3
-1628,6764,346526,3
-484,6765,346535,3
-679,6766,346546,3
-1591,6767,346603,3
-4199,6768,346734,3
-1972,6769,346797,3
-4585,6770,346952,3
-1777,6771,347005,3
-6265,6772,347225,4
-1686,6773,347286,3
-7183,6774,347478,3
-6883,6775,347699,3
-11753,6776,348019,3
-8510,6777,348258,4
-7312,6778,348474,3
-8451,6779,348708,3
-6738,6780,348913,3
-4930,6781,349068,3
-477,6782,349071,3
-578,6783,349078,3
-563,6784,349089,3
-1524,6785,349138,3
-2222,6786,349206,3
-1017,6787,349237,3
-936,6788,349258,3
-10945,6789,349612,3
-1936,6790,349656,3
-5742,6791,349867,3
-952,6792,349894,3
-3628,6793,350004,3
-1108,6794,350033,3
-4048,6795,350143,3
-1611,6796,350200,3
-4363,6797,350322,3
-2246,6798,350371,3
-1707,6799,350428,3
-578,6800,350435,3
-1792,6801,350474,3
-11443,6802,350827,3
-1272,6803,350870,3
-2416,6804,350993,4
-1422,6805,351032,3
-679,6806,351043,3
-6038,6807,351221,3
-1958,6808,351267,3
-744,6809,351286,3
-1876,6810,351351,3
-2053,6811,351408,3
-4017,6812,351510,3
-14252,6813,352044,4
-6597,6814,352303,4
-7820,6815,352547,3
-1526,6816,352640,4
-2733,6817,352709,3
-3939,6818,352848,3
-7283,6819,353093,3
-12082,6820,353576,4
-2025,6821,353630,3
-2079,6822,353699,3
-1260,6823,353732,3
-10711,6824,354175,3
-8413,6825,354496,4
-2490,6826,354562,3
-15567,6827,355083,4
-945,6828,355104,3
301,6829,355137,5
-7036,6830,355367,3
-3996,6831,355621,5
-3238,6832,355716,3
-2739,6833,355788,3
-554,6834,355799,3
-5100,6835,355988,3
-3414,6836,356118,3
-2243,6837,356185,3
-4302,6838,356356,3
-3282,6839,356522,4
-7340,6840,356724,3
-1152,6841,356767,3
-1873,6842,356836,3
-3846,6843,356983,3
-1647,6844,357062,4
-1209,6845,357099,3
-2828,6846,357178,3
-2291,6847,357321,4
-4299,6848,357425,3
-2665,6849,357520,3
-2144,6850,357597,3
-7093,6851,357791,3
-3479,6852,357931,4
-4018,6853,358068,3
-3493,6854,358151,3
-3876,6855,358247,3
-10389,6856,358718,5
-4141,6857,358805,3
-3491,6858,358920,3
-3062,6859,359029,3
-11873,6860,359387,3
-7722,6861,359708,3
-9558,6862,360074,3
-6905,6863,360270,3
-4737,6864,360397,3
-3677,6865,360554,3
-7113,6866,360752,3
-2408,6867,360817,3
-3201,6868,360928,3
-5606,6869,361085,3
-5149,6870,361216,3
-5268,6871,361342,3
-5725,6872,361566,3
-6735,6873,361767,3
-1468,6874,361808,3
-6438,6875,362015,3
-7251,6876,362296,4
-3320,6877,362428,4
-13468,6878,362918,4
-1908,6879,362981,3
-3946,6880,363071,3
-5916,6881,363210,3
-7122,6882,363501,3
-554,6883,363512,3
-1247,6884,363553,3
-3280,6885,363687,3
-2033,6886,363769,4
-2257,6887,363852,3
-11657,6888,364202,3
-5241,6889,364447,4
-1683,6890,364507,3
-728,6891,364550,4
-6426,6892,364752,3
-3999,6893,364833,3
-4555,6894,365010,3
-8249,6895,365254,3
-5593,6896,365409,3
-679,6897,365424,3
-2851,6898,365510,3
-1074,6899,365528,3
-8162,6900,365754,3
-1425,6901,365809,3
-5936,6902,366008,3
-11543,6903,366450,4
-2256,6904,366529,3
-1505,6905,366572,3
-8975,6906,366852,3
-4373,6907,367039,3
-2674,6908,367107,3
-8837,6909,367381,3
-2241,6910,367444,3
-1055,6911,367469,3
-13046,6912,367906,3
-9993,6913,368248,3
-5598,6914,368396,3
-7142,6915,368689,5
-7681,6916,368934,3
-8018,6917,369196,3
-850,6918,369213,3
-5255,6919,369418,3
-2904,6920,369511,3
-4711,6921,369675,3
-3204,6922,369790,3
-2205,6923,369883,3
-17527,6924,370440,3
-3357,6925,370533,3
-6637,6926,370703,3
-4833,6927,370902,3
-5966,6928,371125,3
-10858,6929,371454,3
-6535,6930,371670,3
-1068,6931,371697,3
-4041,6932,371870,4
-7988,6933,372129,3
-4530,6934,372261,3
-3384,6935,372333,3
-1621,6936,372384,3
-581,6937,372391,3
-7913,6938,372638,3
-1263,6939,372665,3
-8742,6940,372905,3
-7905,6941,373202,3
-5779,6942,373366,3
-7501,6943,373560,3
-4736,6944,373742,3
-755,6945,373755,3
-8203,6946,373982,3
-1571,6947,374037,3
-4972,6948,374192,3
-1931,6949,374253,3
-1592,6950,374306,3
-6229,6951,374491,3
-2965,6952,374593,3
-3621,6953,374762,4
-3089,6954,374877,3
-7846,6955,375102,3
-1098,6956,375129,3
-7192,6957,375398,3
-3116,6958,375519,3
-2011,6959,375584,3
-2938,6960,375677,3
-1990,6961,375752,3
-6819,6962,376034,3
-5228,6963,376152,3
-5434,6964,376385,3
-18934,6965,376975,3
-1076,6966,377000,3
-1018,6967,377023,3
-554,6968,377034,3
-6115,6969,377204,3
-1814,6970,377259,3
-1250,6971,377290,3
-453,6972,377297,3
-477,6973,377300,3
-2592,6974,377393,3
-5008,6975,377533,3
-3141,6976,377626,3
-3778,6977,377751,3
-12231,6978,378183,4
-1088,6979,378218,3
-8779,6980,378563,3
-749,6981,378576,3
-1114,6982,378609,3
-2539,6983,378702,3
-8002,6984,378906,3
-2116,6985,378971,3
-2448,6986,379047,3
-4531,6987,379226,3
-6173,6988,379485,4
-581,6989,379492,3
-5667,6990,379689,4
-490,6991,379773,5
-906,6992,379794,3
-1495,6993,379845,3
-9342,6994,380157,3
-2494,6995,380214,3
-4359,6996,380413,4
-2233,6997,380463,3
-2592,6998,380544,3
-9003,6999,380772,3
-3412,7000,380946,4
-2343,7001,381012,3
-4095,7002,381183,4
-5821,7003,381353,3
-1261,7004,381388,3
-9153,7005,381755,4
-8939,7006,382074,3
-2059,7007,382148,3
-3348,7008,382356,5
-6494,7009,382522,3
-3050,7010,382641,3
-4674,7011,382749,3
-827,7012,382772,3
-875,7013,382791,3
-2577,7014,382888,3
-6824,7015,383091,3
-3109,7016,383168,3
-8015,7017,383475,3
-9461,7018,383773,3
-4915,7019,383901,3
-1957,7020,383945,3
-5736,7021,384156,3
-9843,7022,384440,4
-1358,7023,384471,3
