-4302.057173992158,0,104,4
4383.696704052741,1,165,4
-6666.190476190476,2,193,3
-9220.953240702702,3,277,3
-10233.721956148429,4,345,3
-6177.440614940615,5,384,3
-1475.0,6,404,3
-4983.16748718258,7,432,3
-5764.639527139528,8,469,3
-16675.714285714283,9,558,3
2151.0005598976204,10,626,4
-5231.330866416007,11,665,3
-3362.7279664779667,12,685,3
-4528.966516528519,13,713,3
4070.4970029970045,14,750,4
-9916.877694458964,15,839,3
-9296.520527975637,16,907,3
-7039.7954822954825,17,946,3
-5040.833333333334,18,966,3
-3911.7369408197583,19,994,3
-4810.724136974137,20,1031,3
-13039.760239760244,21,1120,3
-8964.83770099869,22,1188,3
-6521.650502275502,23,1227,3
-4622.380952380952,24,1247,3
-5249.475108225108,25,1275,3
-7444.0345071595075,26,1312,3
-11662.431526806524,27,1401,3
-11724.176795426796,28,1469,3
-5822.695892578279,29,1508,3
-4468.331940891925,30,1528,3
-5152.561327561327,31,1556,3
-7422.579365079365,32,1593,3
-17818.45238095238,33,1682,3
-9249.355646288695,34,1750,3
-7216.394087938206,35,1789,3
-4009.3158679555736,36,1809,3
-4842.528033541966,37,1837,3
-5360.964360810067,38,1874,3
-11526.786616161618,39,1963,3
3408.1417453805266,40,2031,4
-5772.964882339884,41,2070,3
-4595.090260187009,42,2090,3
-4630.882797543014,43,2118,3
-6151.470057720058,44,2155,3
-10277.59828020277,45,2244,3
3594.0170940170965,46,2312,4
2175.4761904761904,47,2351,4
-3530.938754872579,48,2371,3
-5787.3376623376635,49,2399,3
-4382.080419580419,50,2436,3
2770.16891089646,51,2525,4
-8863.130118935072,52,2593,3
4841.2238510244615,53,2632,4
5414.083012575658,54,2652,4
-4449.717227796209,55,2680,3
-5237.645430981276,56,2717,3
-15208.616383616383,57,2806,3
18307.65997890998,58,2850,5
3526.5402434197003,59,2919,4
-11022.57553866468,60,3023,3
-5410.939400885305,61,3155,4
-5563.181786610512,62,3194,3
-4075.8441558441555,63,3214,3
-5917.06148018648,64,3242,3
-5360.964360810067,65,3279,3
-10978.885918003565,66,3368,3
-12138.787878787878,67,3436,3
-6957.502180267274,68,3475,3
-3364.2730880230883,69,3495,3
-5162.494186669884,70,3523,3
-5237.645430981276,71,3560,3
-12531.730022428548,72,3649,3
-8969.528751262498,73,3717,3
-6166.153184620677,74,3756,3
-2885.15651015651,75,3776,3
-4698.378912753913,76,3804,3
-5063.69229540669,77,3841,3
-9125.729896014456,78,3930,3
-9613.558230984701,79,3998,3
-4073.844003219003,80,4037,3
-812.6900183150185,81,4057,3
-5414.809565434565,82,4085,3
-7943.735431235431,83,4122,3
-9251.236406567288,84,4195,3
-24810.42568542569,85,4322,3
-8790.169748122533,86,4398,3
2091.54761904762,87,4433,4
-548.9597902097905,88,4491,4
-8112.623487623486,89,4529,3
-6872.621120065006,90,4564,3
-6265.94764175453,91,4613,3
-2245.1136363636365,92,4629,3
-12534.523809523807,93,4685,3
-5186.068931068931,94,4730,3
-9578.846153846156,95,4771,3
1191.725852406967,96,4814,4
-3652.5883670852686,97,4921,4
-7058.084415584417,98,5046,4
-2115.2153316239996,99,5076,3
-6339.68253968254,100,5112,3
-20206.8006993007,101,5242,3
-6025.2344877344885,102,5279,3
-10969.681752715811,103,5371,3
-3962.456709956709,104,5427,3
-10782.79198742434,105,5491,3
-3881.833166833167,106,5505,3
-18103.933566433567,107,5611,3
-15927.347353873298,108,5739,3
-8607.499167499169,109,5791,3
-3677.451004447909,110,5808,3
-3347.4398314104224,111,5916,4
-16253.216843141376,112,6038,3
-11359.083238098332,113,6097,3
-3259.823232323232,114,6112,3
1573.9718614718622,115,6160,4
9709.345238095237,116,6187,4
3822.6205738705758,117,6234,4
-4180.102728154199,118,6259,3
-19626.342713873677,119,6372,3
-3800.898268398268,120,6388,3
-5966.944642904395,121,6428,3
-7116.19227994228,122,6464,3
-5528.33269671505,123,6504,3
-5425.714285714286,124,6528,3
-4326.285258858788,125,6561,3
-10135.833333333334,126,6614,3
-5856.255812685767,127,6648,3
-8832.86158286158,128,6682,3
-8552.888271858861,129,6724,3
-5859.926484876006,130,6774,3
-14464.023122687275,131,6899,3
-4660.197267902377,132,6919,3
-8487.5,133,6953,3
-5097.3884909847175,134,6994,3
-3895.5397014088794,135,7021,3
-9983.58405483406,136,7059,3
-2880.555555555555,137,7081,3
-8655.359020634547,138,7144,3
-8015.564408286932,139,7213,3
-14688.867798867795,140,7375,4
-8388.351370851371,141,7422,3
-5942.715446318387,142,7448,3
-10681.11111111111,143,7499,3
-6921.082251082251,144,7534,3
-4428.9636060533885,145,7556,3
-10811.650507645089,146,7654,3
-3341.847041847042,147,7670,3
13706.90864690864,148,7723,5
-7243.519300799856,149,7767,3
-12719.781468531466,150,7837,3
-2477.5227926098646,151,7946,4
-6279.978158236672,152,7996,3
-4730.5548618048615,153,8036,3
-7396.587301587302,154,8070,3
-4489.109847196147,155,8093,3
-9673.390637140636,156,8142,3
-24361.171328671342,157,8300,3
-11247.12280366692,158,8370,3
-8424.938339146982,159,8439,3
-21153.470694992022,160,8620,3
8440.39502164502,161,8652,4
-13358.679086651222,162,8743,3
-7217.215257867349,163,8798,3
-11544.26719114219,164,8870,3
-10674.002049292294,165,8955,3
-12831.160471365578,166,9042,3
-15563.978798978806,167,9156,3
-4894.199107410962,168,9186,3
-4794.871509209745,169,9217,3
-4951.347402597403,170,9249,3
7210.238095238096,171,9285,4
-4999.309451319223,172,9311,3
1146.9246031746022,173,9369,4
-3833.2667708071535,174,9386,3
-16715.092737499865,175,9539,3
-13807.942057942055,176,9597,3
-5071.821494816261,177,9623,3
4084.55586080586,178,9662,4
-4492.465867465868,179,9680,3
-5184.560027390911,180,9710,3
-4709.26045059172,181,9747,3
-3847.972390097003,182,9774,3
2940.9151703559596,183,9803,4
-4398.3187313931185,184,9828,3
-6586.403367873958,185,9885,3
5863.0576653738435,186,9924,4
-5237.918563401047,187,9946,3
8765.060601163545,188,9962,4
-13172.900432900435,189,10032,3
-9037.401834276836,190,10083,3
-4648.367053697936,191,10104,3
-6783.548779651721,192,10137,3
10890.367965367966,193,10220,5
-7084.947552447553,194,10257,3
-9632.613661082416,195,10365,3
-11855.530303030302,196,10443,3
5153.508699333005,197,10484,4
-5551.964236743647,198,10513,3
1103.7536075036085,199,10565,4
-7740.985164216589,200,10624,3
-3866.552197802198,201,10643,3
-5616.007486842811,202,10678,3
-7667.427849927851,203,10710,3
-4222.950431921021,204,10734,3
-5857.626859668351,205,10775,3
-14768.371212121212,206,10862,3
-8162.642912642912,207,10912,3
-9539.740729249645,208,10996,3
1653.578982292216,209,11079,4
-13624.577491007445,210,11201,3
-9212.19696969697,211,11239,3
-5038.194444444443,212,11264,3
-6248.6273448773445,213,11297,3
-6413.899613570498,214,11342,3
-4982.211518057106,215,11365,3
-3767.5151319268966,216,11378,3
-6832.4350649350645,217,11420,3
-11889.847643657324,218,11481,3
-4719.997716866374,219,11502,3
-8116.222193698973,220,11557,3
-5040.648268140529,221,11585,3
-7417.355821852726,222,11625,3
-15290.843749212307,223,11730,3
-4841.002771738066,224,11753,3
-3681.1006292469133,225,11768,3
-8430.0,226,11815,3
-6609.333999334,227,11859,3
-3816.4824601222504,228,11909,3
-6747.17365967366,229,11939,3
-8189.857451629896,230,11997,3
-14530.472860472859,231,12072,3
-5655.541290887063,232,12118,3
-7926.796536796537,233,12165,3
-6730.151168276168,234,12209,3
-5247.43686868687,235,12250,3
-8348.46693747429,236,12290,3
-5205.58941058941,237,12313,3
-10642.720057720057,238,12378,3
-9396.301109880837,239,12442,3
-6941.320241291217,240,12485,3
426.7928279151206,241,12617,4
-5153.052756067462,242,12650,3
-5264.153573044488,243,12687,3
-7145.750903508256,244,12730,3
-4428.830184263621,245,12752,3
-9647.900837122972,246,12827,3
-3722.28741975259,247,12841,3
-4327.565963448316,248,12861,3
-4049.115335129267,249,12879,3
-7061.546631521662,250,12919,3
-8403.207903207904,251,12969,3
-3518.9162076313773,252,12985,3
-10334.251634803111,253,13041,3
-15282.605902869069,254,13172,3
-12497.612942612945,255,13241,3
-5956.171328671328,256,13261,3
-7398.382241253761,257,13326,3
-9228.321678321678,258,13391,3
-7960.276024714881,259,13457,3
-5431.921681468798,260,13503,3
-5385.041160464923,261,13537,3
-6545.354367854368,262,13572,3
-4531.338661338662,263,13596,3
-7278.912680456797,264,13627,3
355.06666944166955,265,13688,4
-5453.942173310678,266,13718,3
-6312.646103896103,267,13754,3
-6865.9965034965035,268,13775,3
-4526.842953844738,269,13795,3
-5109.492200863852,270,13829,3
-7594.5554075753325,271,13900,3
-5971.714535464536,272,13938,3
-5145.913235453618,273,13963,3
-6251.3876157643845,274,14004,3
-5595.450322811004,275,14033,3
-7231.193069056847,276,14088,3
6214.685175935176,277,14130,4
-9585.736763236762,278,14200,3
-4592.761195847495,279,14222,3
-7918.971445221445,280,14256,3
-4769.195804195804,281,14273,3
-5124.579115415029,282,14301,3
-3809.7453369419645,283,14319,3
-6023.339007054176,284,14352,3
-7229.398665060432,285,14395,3
-7593.32914247775,286,14442,3
-11385.582399626519,287,14519,3
-5300.545898112598,288,14547,3
-11374.762786233376,289,14610,3
-10168.324441296578,290,14663,3
-6376.101154177779,291,14712,3
-7512.940514937419,292,14757,3
-5376.5408640693,293,14782,3
-5150.530303030303,294,14797,3
-4381.683455433456,295,14814,3
-8617.89753933717,296,14881,3
-5700.182071969997,297,14919,3
-5543.225545953874,298,14941,3
-5202.422577422577,299,14971,3
-5597.7330100240315,300,15016,3
-10317.286324786328,301,15070,3
-5905.644633144633,302,15106,3
-5175.2548187107,303,15138,3
-5880.754199986684,304,15168,3
-5571.318843695004,305,15205,3
-5285.575148965241,306,15235,3
-7116.7408979909,307,15280,3
-7977.047751869734,308,15345,3
-10273.03509506489,309,15420,3
-8520.593819665024,310,15480,3
-4065.935314685314,311,15508,3
-726.8198509007318,312,15591,4
-6372.732267732268,313,15634,3
-6133.260646918776,314,15671,3
-13141.793990323404,315,15765,3
-5406.532356532356,316,15789,3
-3796.1627261627264,317,15817,3
-5442.64375330552,318,15849,3
-6138.534485380462,319,15886,3
-8686.081709398273,320,15949,3
-5348.207063619215,321,15992,3
-5703.968920432107,322,16018,3
-4976.325822866206,323,16046,3
-5640.535823825298,324,16083,3
-1519.3217674344805,325,16158,4
-5593.591398281799,326,16189,3
-4113.423122285351,327,16220,3
-10738.444763870462,328,16285,3
-9236.399865257536,329,16348,3
-4407.420634920635,330,16368,3
-5294.670733678086,331,16397,3
-7432.385774055664,332,16447,3
-5482.349886525582,333,16475,3
-6800.53071692744,334,16519,3
-4728.075136937367,335,16554,3
-4235.889865134043,336,16582,3
4323.240509490509,337,16627,4
-5586.25,338,16650,3
-4507.266630428396,339,16668,3
-6430.84885895838,340,16714,3
-7017.592382005155,341,16752,3
-3977.8635305183293,342,16774,3
-4706.330197580197,343,16794,3
-11823.578004644438,344,16892,3
-3686.190476190476,345,16917,3
-4284.109224109225,346,16949,3
-8454.724025974025,347,17004,3
-10695.560249564825,348,17111,3
-4351.221903096903,349,17134,3
-5103.503371628372,350,17170,3
-4815.710400710399,351,17195,3
-9512.934981684984,352,17258,3
-4803.202070762055,353,17283,3
-8789.405594405594,354,17344,3
-7021.468253968254,355,17373,3
-3590.581869111281,356,17393,3
-12360.013723161946,357,17509,3
6802.88423715088,358,17553,4
-4994.303821178822,359,17584,3
-7343.655601364581,360,17627,3
-10015.762765785987,361,17687,3
-7037.7034369513185,362,17748,3
-11977.54373421556,363,17821,3
-4311.574675324675,364,17851,3
-5472.0163275799305,365,17888,3
-6462.251935371132,366,17935,3
-5163.035212566408,367,17960,3
-3728.6698395773474,368,17981,3
-4009.858854380913,369,18009,3
-6936.093906093908,370,18056,3
-2089.516506464698,371,18161,4
4680.857119128238,372,18227,4
-3681.4318266312143,373,18246,3
3482.20238095238,374,18278,4
-8893.246915604399,375,18332,3
-12279.610410229605,376,18429,3
-5212.075105649947,377,18459,3
-4663.793824639413,378,18482,3
-6078.204341023613,379,18516,3
-5501.88204575782,380,18547,3
-7355.973446058586,381,18606,3
-3684.2429792429793,382,18620,3
-4327.123154623154,383,18641,3
-4702.1310633810635,384,18674,3
-4831.57737966368,385,18698,3
-10702.713170042893,386,18794,3
-3028.29365079365,387,18811,3
-5882.115790556194,388,18866,3
-6353.863636363636,389,18894,3
-4698.91117147013,390,18920,3
-7605.980269730269,391,18967,3
-8684.583830827942,392,19037,3
-3747.5716440422325,393,19057,3
-7930.2791244703,394,19108,3
-5025.056104026693,395,19140,3
-5404.7619047619055,396,19166,3
-7682.308022859494,397,19184,3
-4911.588544968963,398,19232,3
-9132.652972027972,399,19289,3
-3724.678932178932,400,19311,3
-5397.67488509942,401,19351,3
-7416.083994265109,402,19401,3
-12061.27656108343,403,19497,3
-5553.264309649758,404,19527,3
-9016.486846486847,405,19574,3
-6072.13589519916,406,19612,3
-5146.412242266715,407,19646,3
-3360.526174032366,408,19665,3
-6971.535409035409,409,19709,3
-3753.8690476190477,410,19733,3
-6416.890326305959,411,19776,3
-5165.396557104222,412,19803,3
-3663.3773731484557,413,19817,3
3700.0207535207164,414,19862,4
4894.798660895124,415,19922,4
-8704.392604729292,416,19983,3
-3529.222200228392,417,20002,3
-6343.012820512821,418,20029,3
-6180.386748868308,419,20075,3
-4435.938505938506,420,20096,3
-5400.983171996935,421,20136,3
-5817.816749430779,422,20174,3
-6923.25709013209,423,20210,3
-4793.60120271885,424,20230,3
7895.2146598185755,425,20252,4
-4891.18619856236,426,20277,3
-7152.352647352648,427,20319,3
-4666.954295704296,428,20354,3
-4657.951852069499,429,20375,3
-4548.827909706393,430,20405,3
-4260.207439619206,431,20432,3
-5567.541623405536,432,20461,3
-5443.461187505304,433,20491,3
-3591.6931108107583,434,20505,3
-8472.40675990676,435,20542,3
-5276.69135538524,436,20566,3
-6093.088855588856,437,20593,3
-6409.170551670553,438,20637,3
3311.816378066377,439,20678,4
-7095.128442893535,440,20725,3
-4554.285714285714,441,20745,3
2723.7071120314176,442,20802,4
-6309.712499188119,443,20830,3
6437.040043290042,444,20861,4
-11002.05967235379,445,20929,3
-8118.069153069153,446,20981,3
-18532.34210234211,447,21094,3
-5605.1178439723335,448,21124,3
-6121.152181152181,449,21155,3
-4388.09760500937,450,21178,3
-7411.540979445392,451,21213,3
-6422.112609612607,452,21251,3
-4008.4126984126983,453,21267,3
-5969.069264069265,454,21298,3
-7178.210080546651,455,21344,3
6197.433261183264,456,21397,4
-5885.959040959041,457,21413,3
-9105.093582887703,458,21476,3
-4271.5559026027295,459,21500,3
-8343.095830636212,460,21543,3
6363.3601827738885,461,21582,4
-4096.767676767677,462,21617,3
-8914.9315961816,463,21664,3
-4930.960510078157,464,21682,3
-4863.838383838383,465,21714,3
-6029.321693668427,466,21755,3
-4274.372294372295,467,21775,3
-7600.7189095734,468,21824,3
-5196.2996785636105,469,21853,3
-9880.643939393938,470,21908,3
-10760.914085914084,471,21963,3
3827.0443780505693,472,22006,4
-13435.317635795578,473,22067,3
-5421.164356584248,474,22096,3
-5253.067725832819,475,22117,3
-5360.551948051948,476,22146,3
-7819.326582859863,477,22178,3
-2214.709873459874,478,22253,4
1159.4584582084567,479,22313,4
-4920.04086857415,480,22331,3
-6801.552304764379,481,22355,3
-9088.160173160171,482,22399,3
-5902.16947037012,483,22432,3
-5255.382656988695,484,22459,3
-13518.522727272726,485,22536,3
-3541.7740335000403,486,22556,3
-3195.875718708536,487,22576,3
3140.270979020979,488,22602,4
9035.337024087024,489,22628,4
-5962.951852069499,490,22660,3
-6236.357392607393,491,22702,3
-12445.954288229828,492,22785,3
-1946.0485618612543,493,22871,4
6965.4906204906165,494,22907,4
-4503.988692900512,495,22940,3
-6301.055194805195,496,22974,3
-3725.778818704515,497,22989,3
-3523.672438672438,498,23009,3
-8763.094612430914,499,23060,3
-11647.163594919015,500,23143,3
-5046.171328671328,501,23155,3
-5911.941391941391,502,23189,3
-723.9515345765344,503,23256,4
-6359.593878503553,504,23305,3
-7809.824605592877,505,23361,3
-8594.39697084821,506,23405,3
-5401.919551037199,507,23434,3
-7527.466382087124,508,23496,3
-5304.489799845836,509,23526,3
-7997.637085137087,510,23579,3
-10907.21873714521,511,23627,3
-8948.85758032817,512,23684,3
-5217.72324897325,513,23727,3
-5348.253968253969,514,23756,3
-3643.244929090518,515,23769,3
-4714.805640695734,516,23790,3
-4557.064469328401,517,23818,3
-3948.5394980798806,518,23833,3
-3709.3913929208047,519,23847,3
-5917.524633239063,520,23899,3
-9897.623887120792,521,23962,3
-5899.301574354812,522,24003,3
4268.210081859633,523,24033,4
-5584.385417858714,524,24056,3
-5208.154761904762,525,24081,3
-6261.575122074347,526,24123,3
-4923.062638685703,527,24148,3
-15103.619713619717,528,24247,3
-6390.401265401266,529,24271,3
-4893.719680732065,530,24293,3
-4127.518951636598,531,24313,3
-3573.051948051948,532,24329,3
-9860.08689839572,533,24413,3
-4294.356060606061,534,24429,3
-6482.647907647907,535,24460,3
-7253.4217212526055,536,24498,3
19493.33333333333,537,24535,5
-7436.917168873438,538,24573,3
-4260.952380952381,539,24588,3
-7914.675740925742,540,24628,3
6146.571830946831,541,24651,4
-6033.981455365055,542,24697,3
-6463.363997113998,543,24731,3
-5435.795858134914,544,24765,3
-6016.453489750704,545,24800,3
-4684.243718098207,546,24824,3
-4704.457295968266,547,24852,3
-5244.239094239095,548,24875,3
-8320.590381840386,549,24929,3
-3710.8308358308354,550,24956,3
-6539.270355166437,551,24997,3
-6867.578091413231,552,25058,3
-5371.997206589345,553,25095,3
-6617.786415510873,554,25127,3
-6864.094619947712,555,25186,3
-5704.085382926328,556,25227,3
10120.049019607843,557,25240,4
-5077.052947052946,558,25265,3
-3945.122169497169,559,25278,3
-4305.482735358896,560,25303,3
-3689.0535444947204,561,25326,3
-7996.863017228728,562,25378,3
-4787.613636363636,563,25395,3
-5872.148439795499,564,25440,3
-6773.4816129862575,565,25498,3
4521.129072810575,566,25537,4
-18903.096951423195,567,25691,3
-6420.224928150624,568,25742,3
-4996.264135761039,569,25768,3
-8397.0767526098,570,25848,3
17070.224804435336,571,25888,5
-5763.320950373717,572,25926,3
-5138.128505630861,573,25958,3
-5603.374542124542,574,25987,3
-12832.507272139628,575,26075,3
-8337.87075927169,576,26156,3
6732.011531425232,577,26189,4
-14828.832611149033,578,26312,3
-6485.750915750916,579,26336,3
-7556.240475855414,580,26397,3
-4923.947302697303,581,26430,3
-5407.665679908327,582,26465,3
-16141.77985840979,583,26608,3
-5332.118298368298,584,26629,3
-2282.008489876141,585,26707,4
-12647.698412698408,586,26771,3
-10451.508159667988,587,26853,3
-6905.176073926074,588,26894,3
-5640.674603174603,589,26923,3
7601.1086136086105,590,26985,4
-6742.401854681266,591,27022,3
-3891.4282294932445,592,27041,3
-8906.135682557897,593,27115,3
-2725.5569284516678,594,27255,4
-6952.9855945568,595,27316,3
-3680.632700632701,596,27341,3
-4995.774625271529,597,27370,3
-13717.760989010983,598,27458,3
-7191.840789342569,599,27504,3
-5942.4587744556775,600,27542,3
-4229.657319804379,601,27565,3
-10849.305498423144,602,27635,3
-8502.31654922268,603,27715,3
-4003.4236596736605,604,27738,3
-6051.959984459983,605,27786,3
-7452.013264513264,606,27832,3
-7044.741792694898,607,27901,3
-7966.113360753454,608,27940,3
-6108.244737288854,609,27985,3
-9621.167027417026,610,28035,3
5488.19264069264,611,28074,4
-9632.61904761905,612,28121,3
-7971.744921464771,613,28198,3
4151.366068571951,614,28276,4
-4400.547785547786,615,28310,3
-8859.888167388168,616,28359,3
-15080.357142857143,617,28433,3
-3362.935814185814,618,28457,3
-12213.896103896102,619,28529,3
-9282.885801419081,620,28577,3
-8926.450216450217,621,28628,3
-5975.600094350094,622,28661,3
-11171.984126984124,623,28717,3
9716.136363636359,624,28821,5
-12723.679555738378,625,28896,3
-15053.706709956707,626,28977,3
-26637.735401853057,627,29156,3
-630.6255204204103,628,29333,5
4304.244089244091,629,29394,4
-6574.332708055619,630,29525,4
-9771.240981240982,631,29592,3
-12893.05194805195,632,29672,3
-3683.7425074925077,633,29695,3
-2296.7066022213094,634,29827,4
14306.673187923185,635,29896,5
-7073.1349206349205,636,29933,3
9384.987373737373,637,30030,5
-2378.5720105599894,638,30113,4
-6280.326479076479,639,30149,3
-2824.0079365079364,640,30171,3
398.86139811789394,641,30263,4
188.98681298062297,642,30376,4
-13461.44660894661,643,30446,3
-4447.528721278722,644,30473,3
-5804.202741702742,645,30511,3
-7311.555666555666,646,30566,3
7648.655858030857,647,30621,4
-6572.782356532357,648,30663,3
-6230.0450937950945,649,30695,3
-5752.983127983129,650,30796,4
-31783.78496503496,651,30996,3
4060.8217109687675,652,31072,4
9463.809523809521,653,31106,4
-5800.595238095238,654,31138,3
-12121.904761904763,655,31202,3
-2369.664502164502,656,31224,3
-6594.228655331596,657,31262,3
-10472.481962481961,658,31327,3
-15968.311688311689,659,31418,3
-6190.595238095238,660,31444,3
-10986.60728160728,661,31597,4
2730.1048951048924,662,31653,4
-18238.64801864802,663,31763,3
-11131.967052555287,664,31856,3
11338.531746031746,665,31902,5
-11675.152763902768,666,31975,3
-4899.285714285715,667,32013,3
-5831.349206349206,668,32050,3
-5319.444444444442,669,32128,4
17062.494588744587,670,32179,5
-53.455988455987836,671,32256,4
-1101.8725718725734,672,32357,4
-14649.330530580532,673,32510,4
-26035.26515151515,674,32649,3
1402.9058441558445,675,32721,4
-34921.650432900446,676,32909,3
-7552.328921078921,677,32970,3
6527.914862914861,678,33012,4
-11019.75553857907,679,33079,3
-35358.12604062604,680,33391,4
8622.465940921826,681,33479,5
-7951.433797699361,682,33568,3
-7256.670274170274,683,33609,3
-15006.775863025863,684,33702,3
-9133.334443334441,685,33771,3
-6133.259379509379,686,33803,3
-5794.06665745675,687,33833,3
5380.538738222561,688,33901,4
-12440.115440115436,689,33974,3
-16001.333984642808,690,34078,3
11569.779942279942,691,34096,4
-7435.156510156512,692,34147,3
9863.493867243867,693,34167,4
-640.1010101010102,694,34182,3
-62731.506271506274,695,34609,3
-6930.432900432899,696,34716,4
-4942.557720057719,697,34747,3
-54586.34698634699,698,35071,3
-364.58413659186084,699,35176,4
16039.842861386976,700,35230,5
2123.735569985572,701,35301,4
4609.9666999667,702,35336,4
-8322.207792207793,703,35386,3
-3728.4181040837393,704,35420,3
1372.3015873015888,705,35478,4
-15889.60317460317,706,35574,3
-12525.974025974027,707,35647,3
-13529.475108225111,708,35709,3
-2092.777777777778,709,35727,3
6220.000000000002,710,35755,4
-7379.370629370629,711,35787,3
-3840.6961910638365,712,35897,4
-9362.677322677322,713,35949,3
3341.4754689754673,714,35997,4
298.1746031746027,715,36060,4
-25122.853812853813,716,36198,3
-15985.822510822512,717,36355,4
1212.7896445659608,718,36405,4
-3923.467099897305,719,36433,3
-35605.20202020203,720,36681,4
-9024.652063622652,721,36728,3
3198.333333333335,722,36771,4
-4600.4498536435385,723,36916,4
29995.985395967986,724,36992,6
6381.8055555555575,725,37028,4
-20075.12626262627,726,37142,3
3765.601065601064,727,37195,4
3878.817828254664,728,37252,4
-741.3628038628055,729,37340,4
-5775.499639249639,730,37372,3
5411.468947718947,731,37426,4
-5711.558441558441,732,37454,3
-5498.721556221556,733,37486,3
-13035.624098124095,734,37549,3
22014.47963800905,735,37650,6
1102.2396183967364,736,37734,4
7928.018430172149,737,37771,4
-6937.635281385282,738,37799,3
-22861.072775263958,739,38011,4
-4276.81277056277,740,38094,4
-4421.395071861401,741,38128,3
-10553.300865800866,742,38186,3
-5503.115788580185,743,38224,3
3706.750700280113,744,38279,4
-8671.626637251638,745,38413,4
14612.023809523811,746,38488,5
-5343.062716015363,747,38523,3
979.0570540570545,748,38573,4
-11354.06177156177,749,38691,4
3702.7244497063784,750,38729,4
8500.413344825116,751,38870,5
-2790.8369197881584,752,38956,4
18928.25396825397,753,38985,5
-6271.543419815478,754,39028,3
-21273.944666127147,755,39240,3
-6736.607142857141,756,39270,3
8268.270202020203,757,39349,5
-10015.27777777778,758,39403,3
9303.748620660386,759,39439,4
-4709.821428571428,760,39467,3
7768.5714285714275,761,39491,4
2199.554889554889,762,39546,4
-2785.6346220858604,763,39650,4
-11316.964285714284,764,39704,3
-7708.222333222333,765,39752,3
-2262.7380952380945,766,39773,3
-13706.463675213674,767,39865,3
-4458.171550671551,768,39883,3
10445.310245310246,769,39977,5
10490.17732267732,770,39998,4
8641.155927405925,771,40103,5
-18548.795093795088,772,40255,4
7932.777777777779,773,40279,4
1305.1262626262624,774,40346,4
17042.269119769124,775,40405,5
-3973.127428127428,776,40434,3
-9533.670634920638,777,40485,3
10642.805523724643,778,40558,5
16509.490901255605,779,40608,5
-6167.559344250519,780,40638,3
9167.502458215793,781,40668,4
-2040.178571428571,782,40686,3
-6036.704407283388,783,40727,3
21729.457903207902,784,40757,5
-1733.124098124098,785,40777,3
-8045.721500721501,786,40825,3
-12270.474386724387,787,40874,3
-6380.156956159111,788,40950,3
-10356.753246753247,789,41002,3
-2864.8397435897436,790,41034,3
-10018.662342559403,791,41089,3
-6556.547619047619,792,41124,3
-3414.821428571429,793,41147,3
1168.7626262626254,794,41237,5
-6285.476190476192,795,41268,3
-2601.1507936507933,796,41282,3
6745.756536338057,797,41325,4
-10092.781385281383,798,41428,4
-5608.207120107276,799,41472,3
12628.829365079362,800,41594,6
28046.97945845005,801,41648,6
-6466.499477792214,802,41709,3
11122.857142857143,803,41780,5
-2538.1905950946198,804,41843,3
-10956.433337903927,805,41907,3
-10406.406926406926,806,41958,3
6878.011433011434,807,41995,4
-4794.270509448225,808,42022,3
6248.0452880452885,809,42048,4
-5853.981834084388,810,42112,3
-6939.480410305135,811,42177,3
-1726.7225829725824,812,42261,4
-4308.288933288934,813,42285,3
-6276.3365800865795,814,42392,4
-1255.4761904761895,815,42442,4
-6070.0,816,42469,3
18148.415750915752,817,42530,5
7710.992063492058,818,42560,4
10867.023809523811,819,42632,5
-5653.035714285714,820,42665,3
11219.012654012655,821,42720,5
12867.061272061272,822,42803,5
9171.259124862067,823,42827,4
12198.007920823136,824,42903,5
-12727.142857142859,825,42962,3
22004.516806722688,826,42985,5
6618.852258852261,827,43027,4
-7436.964285714286,828,43068,3
11769.583333333334,829,43129,5
-7324.545454545455,830,43176,3
-7786.396103896103,831,43217,3
-4014.8809523809523,832,43232,3
-9415.176767676767,833,43288,3
16540.6864867159,834,43335,5
13660.452864129336,835,43448,5
3108.44696969697,836,43498,4
21110.463564213565,837,43526,5
-6573.809523809525,838,43554,3
-12388.701298701299,839,43630,3
18813.474159569367,840,43664,5
3988.4518263116624,841,43767,4
6259.4565565153825,842,43833,4
6048.71081833543,843,43871,4
-3641.3690476190463,844,43937,4
11553.75,845,44000,5
-4529.938811188811,846,44020,3
-5465.808088969854,847,44054,3
26822.99603174603,848,44126,6
6219.527417027418,849,44166,4
-3807.6749639249642,850,44187,3
17945.376984126982,851,44232,5
-2521.720696958697,852,44383,4
9806.267752715123,853,44459,5
-2412.3376623376626,854,44480,3
-6215.68931068931,855,44527,3
-5322.975912975913,856,44568,3
-11102.291042291043,857,44619,3
4981.306193806195,858,44682,4
-11053.942021992903,859,44796,3
1509.2492066756759,860,44867,4
6731.940012510262,861,44906,4
-15587.391774891776,862,44988,3
313.97821476768615,863,45116,4
-557.4135184990428,864,45227,4
4430.301504051505,865,45282,4
13854.285714285714,866,45310,5
-4314.444444444444,867,45341,3
6431.746387670301,868,45406,4
12920.785603715169,869,45467,5
18930.015678765678,870,45596,6
20642.694805194802,871,45637,5
19520.28318903319,872,45671,5
-4784.842090099443,873,45778,4
4884.506058310306,874,45834,4
21703.185785513153,875,45943,6
-2827.6190476190477,876,45961,3
5667.899139044647,877,46030,4
19727.23672161172,878,46065,5
6315.363802863802,879,46115,4
17719.521520146518,880,46145,5
8738.057914307914,881,46180,4
-2610.9235209235226,882,46270,4
-1799.7802197802196,883,46353,4
14453.044068504596,884,46391,5
3576.421217671217,885,46530,5
11089.981962481963,886,46614,5
-4758.102453102452,887,46708,4
3611.8267802459004,888,46761,4
7133.181612437904,889,46803,4
-2127.579365079365,890,46824,3
16097.348901098903,891,46854,5
4158.029846437945,892,46924,4
6842.949134199134,893,46964,4
19457.213203463198,894,47002,5
12015.532185206097,895,47074,5
14227.108681661362,896,47203,5
-5909.343434343436,897,47245,3
7951.203562538027,898,47308,4
19326.73669467787,899,47325,5
5392.186775642662,900,47442,5
9716.606018680322,901,47467,4
17843.095238095237,902,47491,5
4471.063936063936,903,47549,4
-3283.1349206349205,904,47571,3
8250.69739084445,905,47689,5
17533.095238095237,906,47731,5
30535.984848484848,907,47748,6
3860.844982331051,908,47805,4
5624.066155722502,909,47857,4
1688.8046477945873,910,47975,4
1635.1785714285706,911,48036,4
-5422.049062049062,912,48069,3
-2706.5295815295817,913,48085,3
-616.4303751803752,914,48159,4
11478.449883449883,915,48218,5
14951.883667802787,916,48291,5
-7113.333333333333,917,48323,3
17142.821027012207,918,48381,5
-3991.77020739726,919,48403,3
-7700.436716061714,920,48459,3
7916.207126207128,921,48490,4
5727.460317460317,922,48605,5
-8473.52453102453,923,48710,4
15210.436507936507,924,48743,5
-7536.1543953272285,925,48790,3
5902.519841269841,926,48895,5
19975.49825174825,927,48943,5
4725.297619047616,928,48980,4
816.8253968253962,929,49037,4
10363.518907563024,930,49112,5
-4842.98618048618,931,49144,3
20241.694139194144,932,49181,5
-11257.307366568919,933,49303,3
-475.50505050505046,934,49320,3
22525.21825396826,935,49470,7
-6430.972421541308,936,49498,3
2133.0221376103464,937,49580,4
18461.372750056955,938,49691,6
-5632.987012987013,939,49713,3
41257.59453781513,940,49742,7
13256.118326118325,941,49807,5
22491.71287046287,942,49843,5
17599.960317460314,943,49875,5
10980.944411868326,944,49901,4
-1371.0620343708579,945,49926,3
10514.146686646685,946,50010,5
-11550.443722943724,947,50068,3
-4469.607100845491,948,50093,3
25730.63492063492,949,50165,6
18881.636831305947,950,50217,5
16918.71572871573,951,50272,5
-10781.07142857143,952,50318,3
20231.462230579877,953,50366,5
-805.8616995749362,954,50487,4
11041.791125541127,955,50520,4
10969.642857142859,956,50533,4
564.1468253968258,957,50594,4
2260.5428517560863,958,50685,4
20542.220557220564,959,50742,5
16212.133053564943,960,50820,5
19920.171633921636,961,50861,5
9207.251984126984,962,50885,4
21089.457984825633,963,50925,5
18950.173160173163,964,50951,5
6271.311047711506,965,51013,4
17538.333333333336,966,51052,5
-134.38672438672438,967,51065,3
6798.351947330273,968,51134,4
-5282.904595404593,969,51236,4
-3688.7968975468984,970,51266,3
-3077.625218106103,971,51361,4
2642.8071685646787,972,51457,4
7755.1202147525655,973,51492,4
18727.599206349205,974,51530,5
-1294.0502553002552,975,51543,3
5.714285714285779,976,51563,3
16860.600861556744,977,51621,5
-2953.805809773306,978,51758,4
18939.28571428571,979,51777,5
-6661.6412019353165,980,51828,3
-5065.280344655344,981,51855,3
5913.809523809522,982,51884,4
-5188.314502834627,983,51921,3
18950.191197691194,984,51967,5
16776.360792200576,985,52035,5
8085.125915750916,986,52062,4
32884.08008658009,987,52079,6
624.0304140304131,988,52143,4
-6422.070707070707,989,52193,3
-3778.8831828758125,990,52266,4
6806.259753318577,991,52322,4
-4418.0952380952385,992,52343,3
17958.198051948053,993,52384,5
10874.63447500212,994,52416,4
8008.654401154397,995,52532,5
-5117.913091810151,996,52583,3
5646.666666666667,997,52604,4
15374.224998857348,998,52703,5
13938.794412501846,999,52767,5
6159.368686868687,1000,52817,4
-7634.120701186754,1001,52942,4
-6994.226190476184,1002,53125,5
-2769.3639429456,1003,53231,4
-4322.287157287157,1004,53253,3
7897.4460968598,1005,53281,4
-5834.27370851661,1006,53486,4
-14471.643356643357,1007,53589,3
-16081.845238095237,1008,53663,3
-4342.380952380952,1009,53687,3
-667.0508658008664,1010,53752,4
13011.175352425355,1011,53834,5
-3830.1785714285716,1012,53912,4
17760.35714285714,1013,53943,5
-3956.0930001371185,1014,54043,4
6304.170690420693,1015,54098,4
-18653.571428571428,1016,54192,3
9930.453431372549,1017,54204,4
6273.349501805385,1018,54345,5
17259.12407037407,1019,54408,5
6688.809523809528,1020,54527,5
4739.1878426011535,1021,54573,4
-5826.071428571428,1022,54608,3
-3636.4880952380954,1023,54774,5
-11757.108816106494,1024,54905,3
-22172.13227132344,1025,55084,4
15598.107864357864,1026,55144,5
14587.893772893774,1027,55194,5
-1802.760611421603,1028,55279,4
-2386.8542568542566,1029,55353,4
18876.20490620491,1030,55401,5
19580.427489177488,1031,55426,5
1763.749999999999,1032,55468,4
-6494.42725637459,1033,55521,3
-12572.132548394158,1034,55619,3
2435.628501546246,1035,55731,4
-5887.357882593919,1036,55775,3
5076.377278981771,1037,55826,4
-14300.119047619048,1038,55889,3
-10617.846320346325,1039,56004,4
-6361.095848595848,1040,56037,3
-10507.634277487221,1041,56119,3
5353.85989010989,1042,56167,4
-5562.91847041847,1043,56207,3
-5710.807297063104,1044,56414,5
4501.650719421616,1045,56547,5
5222.618178390238,1046,56573,4
7215.338193583163,1047,56626,4
8505.37337662337,1048,56663,4
-3937.261904761905,1049,56679,3
-2634.3115218115217,1050,56704,3
17727.624320124316,1051,56749,5
-9522.256248653306,1052,56835,3
31214.08327783328,1053,56871,6
3006.035353535353,1054,56930,4
29877.674963924954,1055,56984,6
-10885.95799109731,1056,57074,3
-903.5038647806234,1057,57246,4
9907.731386260797,1058,57361,5
-6802.884754134755,1059,57417,3
-8113.528138528139,1060,57475,3
-13521.963484786624,1061,57601,3
-4054.7492784992787,1062,57636,3
-12436.63530913531,1063,57706,3
-29252.637362637375,1064,58047,5
-4003.0808080808083,1065,58070,3
-8211.309523809523,1066,58112,3
-21175.901508622104,1067,58228,3
-21745.503246753244,1068,58322,3
-8569.405594405594,1069,58373,3
-8203.051948051949,1070,58425,3
1800.5753968253966,1071,58476,4
-7503.100649350649,1072,58511,3
5590.674603174605,1073,58599,5
-1896.063658563658,1074,58689,4
999.9963924963922,1075,58798,5
5007.91328533008,1076,58845,4
12229.15158328084,1077,58916,5
-8486.973455680889,1078,59011,3
-5045.687645687646,1079,59051,3
-12866.507936507936,1080,59111,3
8874.094655344654,1081,59146,4
12348.94945697577,1082,59220,5
4276.699134199137,1083,59271,4
10655.477161727162,1084,59342,5
17395.833333333336,1085,59363,5
-5073.119658119658,1086,59409,3
8955.634920634924,1087,59511,5
-2069.7885447885437,1088,59596,4
-19704.830447330452,1089,59745,4
-16070.896836007125,1090,59844,3
-2936.8055555555557,1091,59863,3
-4474.415584415585,1092,59881,3
4782.553134000501,1093,59943,4
-12510.50505050505,1094,60000,3
5041.803751803751,1095,60051,4
4617.677458635275,1096,60096,4
-26495.183705183714,1097,60406,5
1019.099927849928,1098,60455,4
-13028.898354827159,1099,60585,3
-26140.892857142848,1100,60722,3
-9771.06262057292,1101,60837,3
-1977.171717171717,1102,60854,3
-15552.507492507495,1103,60940,3
4473.843438908051,1104,61013,4
-2818.333333333333,1105,61032,3
-5631.785714285714,1106,61113,4
-6502.145772782131,1107,61162,3
-433.2828282828277,1108,61230,4
-23860.9700215804,1109,61504,3
-8866.732572982572,1110,61553,3
-5249.126984126983,1111,61578,3
12230.357142857143,1112,61632,5
-1312.2420634920618,1113,61767,5
-15056.388888888885,1114,61834,3
-18125.73149073149,1115,61984,4
-23943.782467532466,1116,62112,3
-5077.656926406928,1117,62275,5
-19767.309161426823,1118,62382,3
-66139.52047952049,1119,62762,3
-4520.0,1120,62794,3
-4853.0244755244785,1121,62961,5
-2937.274531024531,1122,62981,3
-5940.42227747894,1123,63038,3
-2289.731237115136,1124,63149,4
7710.1067682317625,1125,63193,4
-11313.913231161678,1126,63384,4
2006.1075036075063,1127,63440,4
-4052.9581529581524,1128,63463,3
-4122.976190476191,1129,63488,3
15864.83585858586,1130,63566,5
22524.43722943723,1131,63643,6
-1170.478312537136,1132,63736,4
-1194.4444444444443,1133,63748,3
-4398.120351870351,1134,63779,3
26079.89552114552,1135,63859,6
-6904.5539591127845,1136,63980,4
19534.148409561454,1137,64020,5
16515.416666666664,1138,64065,5
7931.807914307916,1139,64109,4
10297.380952380952,1140,64126,4
6932.951852069496,1141,64173,4
18518.522289114397,1142,64242,5
685.3879535497156,1143,64342,4
3262.5902580391753,1144,64425,4
-4253.874597624597,1145,64443,3
4798.625263625264,1146,64504,4
-4562.003968253968,1147,64525,3
-4366.774891774892,1148,64536,3
-5122.94191919192,1149,64561,3
-4428.941058941058,1150,64583,3
-5494.067236083493,1151,64788,4
-12277.619047619048,1152,64863,3
-9453.111231303956,1153,64953,3
-12214.901764901762,1154,65038,3
16115.164835164836,1155,65058,5
2908.911088911086,1156,65118,4
-3188.7801087801085,1157,65141,3
-12343.922387596922,1158,65211,3
-9371.866458704697,1159,65268,3
-4252.373737373737,1160,65291,3
-8766.812354312355,1161,65342,3
-3890.3012265512266,1162,65364,3
-2173.9683927183924,1163,65387,3
-7096.657023532024,1164,65471,3
-5337.02086720469,1165,65521,3
-9443.58335349123,1166,65601,3
-13825.9766214178,1167,65720,3
-3814.709595959596,1168,65744,3
1611.6973304473313,1169,65803,4
-3321.212121212121,1170,65814,3
-9169.514790764792,1171,65867,3
-5058.402014652013,1172,65895,3
-4226.783633033633,1173,65915,3
-120.64366189366268,1174,65976,4
17635.39498899793,1175,66056,5
10340.721500721502,1176,66101,4
15991.112914862915,1177,66155,5
-5882.784992784994,1178,66184,3
-1156.8405695611564,1179,66273,4
3573.505244755249,1180,66420,5
18758.443223443224,1181,66440,5
5252.384004884003,1182,66487,4
20819.761904761905,1183,66524,5
2031.2385625640272,1184,66592,4
9217.437782805433,1185,66628,4
2544.258658008657,1186,66660,4
18560.99927849928,1187,66701,5
20289.393939393936,1188,66716,5
15449.204651557593,1189,66796,5
10935.12237762238,1190,66814,4
23902.053363303363,1191,66904,6
13126.271645021645,1192,66972,5
20953.36996336996,1193,67000,5
14354.343434343433,1194,67080,5
-2865.277777777778,1195,67098,3
-3700.0578443046784,1196,67287,4
-1442.8571428571427,1197,67299,3
-10071.35975135975,1198,67355,3
3495.0408047834517,1199,67404,4
2735.8026695526687,1200,67454,4
17900.6746031746,1201,67491,5
-7238.36038961039,1202,67529,3
-3029.3253968253966,1203,67547,3
4510.775098857932,1204,67588,4
14002.510128760123,1205,67663,5
10103.75653650615,1206,67690,4
-17426.75326052741,1207,68040,4
-1844.642857142857,1208,68057,3
-4803.953823953824,1209,68077,3
-3892.673992673993,1210,68106,3
19101.655844155848,1211,68141,5
-3518.5840548340548,1212,68168,3
-5082.857142857143,1213,68189,3
-5529.761904761905,1214,68223,3
11045.019841269841,1215,68238,4
-577.1500721500722,1216,68301,4
-4116.892135642136,1217,68324,3
-9175.454545454548,1218,68370,3
-14772.040763302291,1219,68528,3
-4821.558441558442,1220,68545,3
-8503.461403792287,1221,68625,3
6747.311507936507,1222,68658,4
-6571.428571428572,1223,68692,3
-12999.985569985576,1224,68753,3
-6886.992721330955,1225,68800,3
-4778.888888888889,1226,68827,3
-5681.767676767678,1227,68861,3
3515.7223291414466,1228,68948,4
-24998.196248196244,1229,69097,3
-2808.5714285714284,1230,69112,3
-11652.256493506493,1231,69167,3
7688.795093795094,1232,69196,4
-12170.79695237085,1233,69319,3
-8143.849206349206,1234,69361,3
-17952.85714285714,1235,69443,3
-24287.171717171714,1236,69559,3
-9811.197691197698,1237,69775,5
-19471.091408591405,1238,69885,3
-6675.498994469581,1239,69988,4
-14803.790251071607,1240,70130,3
-29932.857142857138,1241,70281,3
-7370.577629070273,1242,70371,3
19975.6684981685,1243,70387,5
-7412.594326188015,1244,70441,3
5734.362667561194,1245,70512,4
-8126.150793650793,1246,70552,3
17920.734126984124,1247,70579,5
-15217.01180505942,1248,70718,3
6896.021825396827,1249,70803,5
2990.3226973834553,1250,70910,4
-15684.862914862913,1251,70985,3
1564.8935786435782,1252,71044,4
7067.3512502046815,1253,71089,4
-3649.801587301587,1254,71109,3
-4088.214285714286,1255,71132,3
-11341.295371295371,1256,71189,3
-4158.295454545455,1257,71227,3
-5562.355699855701,1258,71257,3
-22279.013315760614,1259,71483,3
620.631894634284,1260,71556,4
-12190.476190476189,1261,71610,3
-3507.5396825396824,1262,71628,3
-2815.476190476191,1263,71639,3
-3558.0952380952385,1264,71655,3
-3822.8571428571427,1265,71670,3
-9670.961828204474,1266,71743,3
-4081.5584415584417,1267,71758,3
-13355.086580086581,1268,71828,3
-1646.8571495583885,1269,71933,4
-18035.97014097014,1270,72107,4
-4265.714285714286,1271,72135,3
7023.618326118327,1272,72173,4
738.2936507936499,1273,72216,4
-2475.734126984127,1274,72294,4
5509.172077922078,1275,72333,4
-3472.085137085137,1276,72351,3
-13320.69805717196,1277,72473,3
-4175.099206349207,1278,72492,3
-3471.2500000000014,1279,72625,5
-4352.678571428571,1280,72650,3
11327.34126984127,1281,72716,5
-15822.857142857143,1282,72779,3
-4418.0952380952385,1283,72793,3
10114.259607351714,1284,72812,4
5620.642135642137,1285,72858,4
5722.145909645913,1286,72910,4
20239.723817848815,1287,72955,5
-3907.857142857143,1288,72979,3
-32479.583333333336,1289,73141,3
-12281.904761904761,1290,73211,3
-4847.918470418471,1291,73233,3
-4381.558441558442,1292,73249,3
-1673.111333111333,1293,73274,3
11714.155844155845,1294,73341,5
-6066.659419404567,1295,73570,4
4647.394688644688,1296,73610,4
-6486.567599067599,1297,73652,3
-30855.756743256716,1298,73885,4
-53489.72041847042,1299,74402,5
-13079.444444444443,1300,74467,3
-22141.835705359324,1301,74695,3
3747.411456577479,1302,74797,4
-2178.2936507936497,1303,74887,4
11153.753607503604,1304,74971,5
7111.607142857143,1305,74994,4
7131.626984126987,1306,75039,4
6507.8679653679665,1307,75059,4
6570.709984459986,1308,75183,5
22835.84804084804,1309,75211,5
15963.25396825395,1310,75273,5
-11197.653685043811,1311,75397,3
-14656.868686868687,1312,75482,3
-1454.642857142857,1313,75492,3
3917.167030829286,1314,75566,4
4191.881451881453,1315,75669,5
-3359.484126984127,1316,75685,3
-6712.301587301587,1317,75720,3
-17033.78066378067,1318,75815,3
-12323.957362082365,1319,76004,5
7341.655844155846,1320,76047,4
8670.957460582074,1321,76078,4
8756.01023976024,1322,76113,4
-8304.002525252527,1323,76157,3
5507.601540616245,1324,76200,4
-4320.696248196248,1325,76218,3
-3967.3737373737367,1326,76247,3
-26676.0388150628,1327,76558,3
-8815.0,1328,76594,3
-12511.250000000002,1329,76646,3
-12165.813620504023,1330,76874,5
-3634.057609057609,1331,76905,3
-8880.71914196914,1332,76967,3
4346.953463203465,1333,77065,5
-8108.372632269692,1334,77131,3
-9408.61915861916,1335,77176,3
-13427.667432551003,1336,77320,3
10409.310024126204,1337,77437,5
-1426.0920860185552,1338,77554,4
20519.06328320802,1339,77587,5
-10863.730158730159,1340,77757,5
5628.8023088023065,1341,77860,5
7940.566378066378,1342,77890,4
-22505.974025974025,1343,78134,5
8466.688034188035,1344,78208,5
-3060.0,1345,78225,3
9178.486652236654,1346,78304,5
20146.652957036084,1347,78345,5
-5197.371933621937,1348,78478,5
4068.5714285714275,1349,78561,5
-12310.019841269841,1350,78613,3
19911.071428571428,1351,78630,5
-14698.27380952381,1352,78835,5
-9364.107142857149,1353,78985,5
-28100.72330447331,1354,79223,5
-2906.5476190476184,1355,79349,5
6742.162855260683,1356,79390,4
3894.1522366522368,1357,79501,5
-3208.369408369408,1358,79574,4
14997.512626262627,1359,79620,5
11541.727022977022,1360,79728,5
16508.80425130425,1361,79799,5
16938.589743589746,1362,79847,5
9907.292568542574,1363,79923,5
-4803.325840825839,1364,80019,4
982.6490176490165,1365,80161,5
11399.999999999998,1366,80232,5
15162.361111111111,1367,80278,5
-3141.686507936508,1368,80348,4
-13989.222582972581,1369,80408,3
1570.7936507936524,1370,80474,4
-1736.2219724719714,1371,80539,4
-6892.133966609589,1372,80606,3
-3856.3092463092466,1373,80640,3
4541.764705882355,1374,80678,4
10284.0897990898,1375,80703,4
-10796.96608946609,1376,80761,3
-4441.111111111111,1377,80787,3
-11913.705934158721,1378,80909,3
-13455.782616076733,1379,81158,5
7882.141469641474,1380,81266,5
5997.380952380952,1381,81299,4
-7673.7718941705025,1382,81363,3
-2873.5119047619046,1383,81379,3
-7783.0952380952385,1384,81415,3
-2825.5555555555557,1385,81434,3
20179.402958152958,1386,81468,5
7861.527777777777,1387,81548,5
-24270.72209653091,1388,81762,4
-7330.462262410787,1389,81985,5
-6396.954217280311,1390,82075,4
10291.186974789916,1391,82148,5
4087.414257240345,1392,82287,5
-3623.7133699633705,1393,82397,5
4573.063725490198,1394,82475,5
-2921.1507936507933,1395,82598,5
-24219.780497280495,1396,82701,3
2882.8485403485392,1397,82804,5
16444.626623376626,1398,82857,5
9416.555805305805,1399,82901,4
-6129.6302308802315,1400,82931,3
4773.015873015873,1401,82973,4
16948.935574229694,1402,83019,5
4768.4963114800585,1403,83100,4
16801.670106639147,1404,83148,5
13926.91017316017,1405,83216,5
11545.521567804175,1406,83238,4
44724.06746031745,1407,83281,7
19137.00396825397,1408,83305,5
12820.739179121532,1409,83386,5
16901.428571428572,1410,83425,5
27116.372655122654,1411,83490,6
20117.86616161616,1412,83529,5
18911.43772893773,1413,83560,5
11912.195443445444,1414,83623,5
-42671.709930095494,1415,84221,4
20634.34967809966,1416,84290,5
18605.693334443335,1417,84346,5
31651.32936507936,1418,84395,6
22675.645743145742,1419,84412,5
2378.8736323875623,1420,84525,4
22966.43661893662,1421,84550,5
166.47075147075122,1422,84574,3
21736.043123543124,1423,84588,5
10000.29911259602,1424,84631,4
9783.273809523811,1425,84654,4
16758.59612609613,1426,84703,5
16555.578449328452,1427,84765,5
68791.01717726719,1428,84838,9
-7240.404277095456,1429,84903,3
31700.09046509047,1430,84965,6
33318.75,1431,84983,6
20156.71703296703,1432,85034,5
-12091.190243290457,1433,85156,3
5612.139425855108,1434,85241,4
19473.953980801805,1435,85268,5
15849.76037851038,1436,85313,5
124.9461667727569,1437,85481,4
7992.934300176953,1438,85642,5
9284.475663225663,1439,85680,4
20017.440476190477,1440,85701,5
15505.246420246422,1441,85805,5
13523.809523809525,1442,85863,5
221.22325515900638,1443,86008,4
6106.555939975053,1444,86063,4
4392.394212359352,1445,86132,4
22283.353174603177,1446,86150,5
24168.690476190473,1447,86172,5
19210.992063492064,1448,86185,5
15788.214285714284,1449,86231,5
-22804.2131378422,1450,86588,4
2632.629644607188,1451,86666,4
19833.205128205125,1452,86684,5
33487.62265512266,1453,86722,6
17791.865079365078,1454,86769,5
22295.533822472677,1455,86893,6
14083.31834488181,1456,86950,5
6052.130951264073,1457,87018,4
17584.393274853803,1458,87060,5
33495.328282828275,1459,87090,6
21819.571678321678,1460,87132,5
20679.68823326432,1461,87170,5
6688.432539682539,1462,87196,4
20409.081474081475,1463,87232,5
16239.285714285714,1464,87265,5
-9888.289657968455,1465,87358,3
18494.989177489177,1466,87392,5
22563.620129870127,1467,87425,5
-5475.725211750751,1468,87636,4
17139.322066822067,1469,87698,5
5068.645247726128,1470,87774,4
15601.600344100343,1471,87847,5
17615.230741480747,1472,87893,5
16601.485989500696,1473,87966,5
27864.69815723492,1474,88032,6
3112.6942501942494,1475,88123,4
22666.77794427794,1476,88158,5
34109.668109668106,1477,88193,6
34635.63197015403,1478,88235,6
20292.570623820626,1479,88281,5
14271.318869039455,1480,88420,5
17281.25,1481,88465,5
30215.73946478358,1482,88527,6
21400.19768630063,1483,88575,5
7483.556998556987,1484,88685,5
22412.48716153128,1485,88711,5
21142.0370752436,1486,88764,5
31066.399393090574,1487,88796,6
11239.593563900838,1488,88823,4
-5542.843267843268,1489,88847,3
-3002.857142857143,1490,88859,3
7930.3925254312235,1491,88893,4
9537.199616688782,1492,88931,4
30345.109326947553,1493,89053,6
6741.891639062691,1494,89119,4
11026.03021978022,1495,89133,4
-2654.1071428571427,1496,89149,3
-8271.251803751806,1497,89200,3
15361.926406926406,1498,89260,5
-5450.971805971806,1499,89304,3
-2871.984126984127,1500,89319,3
21095.376984126982,1501,89338,5
-5876.363636363637,1502,89365,3
-1314.7077922077915,1503,89461,4
6278.246532878889,1504,89575,5
9866.890404916721,1505,89675,5
-11796.071428571428,1506,89734,3
2867.222222222223,1507,89847,5
-2141.5079365079364,1508,89864,3
595.389441476399,1509,89982,4
-769.2857142857144,1510,89991,3
-11213.261183261184,1511,90048,3
-22033.017313727556,1512,90280,3
7679.917582417584,1513,90391,5
18272.976190476187,1514,90431,5
4810.707088558859,1515,90535,4
5384.196497946495,1516,90591,4
32798.451132201124,1517,90631,6
-3291.114718614718,1518,90644,3
9768.888888888889,1519,90668,4
-4016.3690476190473,1520,90690,3
12611.37531328321,1521,90753,5
-10670.770202020201,1522,90813,3
-8190.414932504717,1523,91028,4
-2352.725468975469,1524,91048,3
15017.216394716395,1525,91142,5
19477.738095238095,1526,91183,5
7680.70734217473,1527,91252,4
15407.847102158245,1528,91366,5
15803.021284271284,1529,91415,5
20399.848484848484,1530,91433,5
19457.478354978353,1531,91467,5
6539.959384440799,1532,91545,4
19715.29761904762,1533,91581,5
7271.879359031078,1534,91628,4
19625.773809523813,1535,91660,5
-3009.843174111751,1536,91863,4
-2078.837828837829,1537,91880,3
20145.49603174603,1538,91911,5
20150.932751888628,1539,91984,5
19820.643939393936,1540,92021,5
17705.595238095237,1541,92064,5
9989.997873643384,1542,92080,4
18358.332639582637,1543,92124,5
20765.833333333332,1544,92139,5
1255.857745195979,1545,92368,5
-2950.5017445574713,1546,92483,4
11770.645743145746,1547,92548,5
15328.580447330445,1548,92611,5
28911.309523809527,1549,92686,6
14542.559523809525,1550,92739,5
16761.86507936508,1551,92782,5
16460.357142857145,1552,92815,5
6296.085442335441,1553,92923,5
-2104.4444444444443,1554,92939,3
5528.61111111111,1555,93028,5
9465.998665077606,1556,93077,4
18498.35359085359,1557,93111,5
4047.070704657668,1558,93240,4
18126.666666666664,1559,93265,5
19027.321428571424,1560,93301,5
-14060.444297704325,1561,93772,5
22551.607142857145,1562,93791,5
28563.440170940165,1563,93835,6
14925.89077180989,1564,93949,5
12194.175738477206,1565,94080,5
20130.277777777774,1566,94110,5
15642.920130265325,1567,94338,6
20954.931457431456,1568,94351,5
13479.999999999996,1569,94418,5
14656.309523809521,1570,94461,5
19507.028053645703,1571,94495,5
22140.714285714286,1572,94519,5
4062.8515947846417,1573,94584,4
21352.82647907648,1574,94605,5
19797.113997114,1575,94642,5
6568.988095238095,1576,94666,4
56871.85729475204,1577,94734,8
5587.433473389356,1578,94776,4
18683.123126873124,1579,94797,5
24930.127511377515,1580,94866,6
20938.037707906125,1581,94906,5
17630.13157894737,1582,94935,5
19275.85847159377,1583,95015,5
23081.3492063492,1584,95042,5
20996.170634920636,1585,95066,5
17827.10317460318,1586,95117,5
19885.5753968254,1587,95153,5
13715.640264877886,1588,95299,5
-30752.770534166986,1589,95778,4
24050.804195804194,1590,95826,5
20614.285714285714,1591,95866,5
17883.333333333336,1592,95876,5
20944.816017316018,1593,95902,5
-5352.856469510879,1594,95991,3
19243.32875457876,1595,96031,5
17828.682369402188,1596,96090,5
9872.757936507936,1597,96107,4
15079.422799422802,1598,96165,5
20608.869047619046,1599,96188,5
21771.940836940837,1600,96211,5
13678.551587301588,1601,96295,5
21776.499333999338,1602,96328,5
19950.552364302366,1603,96368,5
-4857.493878670353,1604,96659,5
21565.375513719166,1605,96748,6
9167.839105339106,1606,96839,5
-28072.13585434174,1607,97046,5
2867.2799422799417,1608,97127,5
-99.95129870128949,1609,97284,5
18978.983426704017,1610,97322,5
18499.523809523813,1611,97346,5
9644.35370788632,1612,97374,4
12869.624582933402,1613,97485,5
4502.8185340201635,1614,97567,4
11137.095543345547,1615,97672,5
26747.494588744587,1616,97741,6
5934.166666666665,1617,97899,6
2665.878565878569,1618,97952,4
3695.897966412672,1619,98050,4
-1498.5714285714284,1620,98060,3
-5059.713477368219,1621,98330,4
14190.658369408371,1622,98401,5
10817.133877259646,1623,98547,5
9971.977567066577,1624,98727,5
16460.949432404548,1625,98774,5
15106.428571428569,1626,98826,5
7398.318574083817,1627,98874,4
19639.531995782003,1628,98906,5
7438.382034632033,1629,99012,5
455.83848341202514,1630,99171,5
-5211.5957653457735,1631,99333,5
-2211.25,1632,99435,5
-62892.17101998449,1633,99992,5
14841.111111111113,1634,100082,6
-1646.3800495954897,1635,100222,4
19464.19222933929,1636,100305,5
15103.303571428572,1637,100347,5
-16865.635359458167,1638,100927,5
5312.233290094242,1639,100986,4
7800.734126984125,1640,101026,4
11286.959216709216,1641,101048,4
-2342.9283216783224,1642,101205,4
26706.845931845943,1643,101302,6
-16123.872968277,1644,101779,5
16521.875,1645,101833,5
16420.119047619046,1646,101879,5
13549.047619047615,1647,102019,6
19365.130702630704,1648,102068,5
-19952.35501834766,1649,102425,5
9346.66666666667,1650,102517,5
-20793.748495788994,1651,103049,5
18608.87085137085,1652,103095,5
20143.327505827507,1653,103117,5
21134.64285714286,1654,103138,5
20276.090840391935,1655,103234,5
4817.642552236206,1656,103465,5
-10506.221703544366,1657,103655,4
18297.97619047619,1658,103690,5
7974.588050838051,1659,103808,6
13239.047619047618,1660,103871,5
8109.884559884562,1661,103903,4
3365.9353973601524,1662,103970,4
17844.370213120215,1663,104028,5
26750.453296703294,1664,104091,6
15752.74005814447,1665,104183,5
20265.865523365523,1666,104235,5
16822.058898274066,1667,104278,5
17229.879413886763,1668,104373,5
18197.661344503453,1669,104430,5
31890.54473304473,1670,104476,6
2793.389697957773,1671,104610,4
11174.119769119769,1672,104675,5
27917.487256895147,1673,104749,6
19400.777310924368,1674,104780,5
17628.185425685428,1675,104830,5
18778.289276083393,1676,104888,5
8812.24949070538,1677,104934,4
10369.247570240217,1678,105076,5
7588.276723276735,1679,105264,5
19849.880952380954,1680,105283,5
15839.960317460318,1681,105347,5
32145.027472527472,1682,105373,6
2927.7630167819843,1683,105626,5
18447.083333333336,1684,105646,5
15359.305555555557,1685,105703,5
257.6845441193318,1686,105862,4
21726.48809523809,1687,105887,5
17225.892857142855,1688,105919,5
22348.432539682537,1689,105941,5
20117.718253968254,1690,105971,5
17679.04761904762,1691,106017,5
-18231.722582543087,1692,106522,5
-10978.146367635294,1693,106866,4
22498.82957728546,1694,106899,5
21438.366494616497,1695,106935,5
-1990.022820531712,1696,107138,4
38633.94080659847,1697,107281,7
17460.18148518149,1698,107331,5
44804.107142857145,1699,107383,7
-3618.1641727837323,1700,107552,6
20803.415261638947,1701,107571,5
13109.052716607066,1702,107621,5
19229.960317460314,1703,107646,5
20015.674603174604,1704,107669,5
19726.31313131313,1705,107710,5
18129.574428839136,1706,107769,5
22332.936507936505,1707,107794,5
21004.808802308802,1708,107845,5
-2928.837828837829,1709,107867,3
34375.78495011965,1710,107950,6
7893.367591301028,1711,107981,4
18465.194805194806,1712,108022,5
17105.305618294748,1713,108068,5
17276.55122655123,1714,108120,5
16932.20238095238,1715,108167,5
21910.367965367965,1716,108200,5
31949.82517482518,1717,108259,6
21196.64939227439,1718,108325,5
4716.640797497996,1719,108454,4
21060.059523809523,1720,108466,5
20153.193489517023,1721,108510,5
21965.134865134867,1722,108534,5
8845.612609784428,1723,108724,5
22508.920940170938,1724,108753,5
17369.08286158286,1725,108803,5
26450.13671339354,1726,108873,5
-1590.7142857142858,1727,108891,3
23491.597430347425,1728,108931,5
18304.189560439565,1729,108965,5
24765.55555555556,1730,108995,5
24542.502970885318,1731,109090,6
21395.864968364964,1732,109134,5
18713.906926406926,1733,109176,5
20417.2879571409,1734,109235,5
3041.1186113657427,1735,109351,4
21287.052669552668,1736,109406,5
21690.932539682537,1737,109434,5
990.9054834054832,1738,109447,3
30651.488095238095,1739,109488,6
-1701.6071428571427,1740,109504,3
55551.52972027972,1741,109543,8
21486.687062937064,1742,109586,5
20456.9064636344,1743,109649,5
-2644.3140193140193,1744,109671,3
20324.13780663781,1745,109709,5
23144.398496240603,1746,109725,5
19797.658730158728,1747,109767,5
23856.066543535584,1748,109801,5
32135.000000000004,1749,109832,6
19359.156770750524,1750,109913,5
14945.039682539682,1751,109981,5
14190.331890331892,1752,110056,5
21734.796176046177,1753,110092,5
18243.314463314466,1754,110131,5
5165.9554523563775,1755,110213,4
-14651.931164810418,1756,110376,3
19673.958475734795,1757,110412,5
19187.397047397048,1758,110455,5
-11507.318553050003,1759,110740,4
18414.54274891775,1760,110775,5
22017.84201909202,1761,110808,5
17804.22822211329,1762,110900,5
22432.43145743146,1763,110923,5
17586.956376956376,1764,110961,5
19167.380952380954,1765,111006,5
13693.234126984127,1766,111081,5
17524.941520467837,1767,111109,5
20689.21176046176,1768,111142,5
21844.114763468988,1769,111183,5
19308.214285714286,1770,111196,5
24040.51947235771,1771,111250,5
16239.268786768787,1772,111321,5
28768.245088245087,1773,111394,6
21983.947876813592,1774,111453,5
14405.992063492064,1775,111533,5
24752.05627705628,1776,111561,5
7852.574957722003,1777,111625,4
22508.228340287158,1778,111659,5
19465.58386058386,1779,111704,5
21538.34304584304,1780,111748,5
-4208.7210633550785,1781,111986,4
18545.12612387612,1782,112024,5
22102.505411255417,1783,112066,5
9867.784992784995,1784,112166,5
3349.219340965125,1785,112481,5
19422.739787619983,1786,112560,5
20184.642857142855,1787,112583,5
21250.24864024864,1788,112633,5
22838.505783432254,1789,112671,5
17258.75,1790,112690,5
20084.159867909868,1791,112721,5
15415.172127708893,1792,112814,5
-18375.40516828348,1793,113419,5
21443.92857142857,1794,113442,5
22007.876984126986,1795,113465,5
21536.433982683986,1796,113499,5
18089.245732337837,1797,113545,5
-2654.761191332404,1798,113809,4
22063.021978021978,1799,113819,5
35675.923237455994,1800,113880,6
20968.194444444445,1801,113910,5
18850.348728069315,1802,113951,5
32539.801587301583,1803,113989,6
23420.018384393385,1804,114023,5
21202.901542901545,1805,114051,5
33686.01911976912,1806,114093,6
20979.184842934847,1807,114144,5
40901.89421689422,1808,114195,7
18742.48015873016,1809,114223,5
-1627.9292929292928,1810,114234,3
36206.41344766345,1811,114278,6
21049.742063492064,1812,114314,5
11482.607947607947,1813,114420,5
18743.591269841272,1814,114467,5
23143.170426065164,1815,114484,5
18178.333333333336,1816,114504,5
22126.675130425134,1817,114548,5
21090.066738816742,1818,114597,5
19937.738095238095,1819,114617,5
23715.10101010101,1820,114637,5
9915.0,1821,114654,4
22023.095238095237,1822,114688,5
10506.749851455734,1823,114710,4
21255.77741702742,1824,114734,5
21735.595238095237,1825,114747,5
20691.267838441752,1826,114769,5
20870.488816738816,1827,114790,5
-17936.11386594675,1828,115344,5
14220.238095238095,1829,115398,5
23345.059450783137,1830,115434,5
9868.791486291486,1831,115530,5
27978.273809523806,1832,115575,6
21890.481601731604,1833,115594,5
33998.11091686091,1834,115630,6
21324.031385281385,1835,115668,5
13893.79820858536,1836,115789,5
23217.529761904763,1837,115806,5
21280.310245310244,1838,115841,5
22160.68181818182,1839,115896,5
20800.0,1840,115907,5
33466.083618179204,1841,115973,6
33510.70707070707,1842,116015,6
14584.19622044622,1843,116085,5
15160.14971139971,1844,116156,5
-1812.8571428571427,1845,116167,3
8522.222222222223,1846,116193,4
28395.654761904767,1847,116231,6
21890.557220557217,1848,116267,5
16720.75396825397,1849,116325,5
67160.65369271251,1850,116399,9
20443.291153291157,1851,116466,5
21962.696331446336,1852,116501,5
22485.16024008672,1853,116563,5
19694.30555555556,1854,116603,5
13564.188589188589,1855,116685,5
435.07215007214995,1856,116696,3
35176.04516806723,1857,116727,6
22461.994949494947,1858,116746,5
8524.089390142024,1859,116840,5
20425.684523809523,1860,116864,5
13461.785714285716,1861,116934,5
18067.777084027082,1862,116980,5
20953.533834586466,1863,117001,5
33951.747002997,1864,117034,6
33896.71536796537,1865,117060,6
14785.871848739496,1866,117103,5
19199.19122544122,1867,117172,5
18259.540198363728,1868,117231,5
13508.32251082251,1869,117302,5
23048.1079874288,1870,117374,5
17909.85476125182,1871,117429,5
21432.083055833056,1872,117463,5
23023.38147963148,1873,117493,5
19752.588509316767,1874,117525,5
14745.000000000004,1875,117572,5
-483.83838383838383,1876,117583,3
33825.092578989636,1877,117636,6
21654.591560400382,1878,117684,5
14567.301587301587,1879,117732,5
20170.79365079365,1880,117759,5
17096.96428571429,1881,117799,5
23488.3658008658,1882,117824,5
19453.369408369406,1883,117850,5
20086.063797313796,1884,117892,5
21347.146219578488,1885,117992,5
16140.0,1886,118002,5
20566.8991262006,1887,118053,5
19035.132783882786,1888,118087,5
26959.865587843524,1889,118129,5
53472.586025086035,1890,118232,8
34819.917166167164,1891,118276,6
20356.139456518707,1892,118320,5
22092.713536463536,1893,118354,5
37097.00216450216,1894,118394,6
24143.574608441097,1895,118445,5
33780.245171495175,1896,118487,6
23508.022213293953,1897,118520,5
44952.48133810634,1898,118579,7
23357.708125208123,1899,118613,5
10961.780025530024,1900,118637,4
24145.65961407873,1901,118672,5
21051.106736400856,1902,118712,5
19256.52777777778,1903,118734,5
28816.726190476194,1904,118799,6
21140.29761904762,1905,118825,5
25074.754273504277,1906,118855,5
18254.285714285714,1907,118901,5
21575.919913419915,1908,118932,5
19832.118575868575,1909,118965,5
19910.82251082251,1910,118982,5
11362.872315592907,1911,119073,5
-2858.5714285714284,1912,119086,3
20227.366522366527,1913,119124,5
17644.166666666664,1914,119168,5
18675.0,1915,119180,5
22870.81127206127,1916,119207,5
-1338.8383838383838,1917,119226,3
23407.215019457664,1918,119267,5
14784.395909645911,1919,119327,5
60248.44821844822,1920,119382,8
6879.85334110334,1921,119436,4
10783.324175824175,1922,119508,5
21757.421606171607,1923,119537,5
20339.582828162547,1924,119590,5
20582.321428571424,1925,119615,5
-1726.1904761904761,1926,119626,3
20966.009570494865,1927,119657,5
22014.198938316586,1928,119716,5
35847.54910015166,1929,119748,6
26543.71767633383,1930,119913,6
19448.571428571428,1931,119931,5
18510.670926295927,1932,119994,5
20456.150793650795,1933,120022,5
21549.940476190473,1934,120045,5
13664.52380952381,1935,120111,5
24402.08686501837,1936,120152,5
22341.947774447777,1937,120182,5
5514.700993450989,1938,120295,5
20725.741619491622,1939,120335,5
16523.809523809523,1940,120366,5
23260.60467310467,1941,120395,5
31052.071955821957,1942,120433,6
16882.172478827604,1943,120560,5
22656.119574869575,1944,120587,5
18712.380952380954,1945,120602,5
19791.714812964812,1946,120638,5
21852.440476190473,1947,120665,5
22957.87518037518,1948,120688,5
20810.626750700285,1949,120708,5
14790.26033628395,1950,120807,5
25487.856726606722,1951,120850,5
19465.11287323787,1952,120915,5
21342.950105450105,1953,120954,5
22551.666666666668,1954,120970,5
35256.447457770984,1955,121007,6
20152.860061335297,1956,121070,5
18806.708846708847,1957,121134,5
20547.32234646084,1958,121219,5
23722.410714285714,1959,121285,6
20600.25775286805,1960,121334,5
32235.89646464646,1961,121390,6
21824.645200001236,1962,121429,5
24611.685051060053,1963,121456,5
19816.14538239538,1964,121504,5
35642.783898070855,1965,121574,6
21675.311355311358,1966,121590,5
20972.183499549985,1967,121635,5
20884.3253968254,1968,121676,5
34647.87379287379,1969,121774,7
28237.759740259746,1970,121847,6
35349.25505050505,1971,121874,6
15005.653329233475,1972,122029,5
17065.65476190476,1973,122065,5
20993.810495060494,1974,122111,5
21698.834776334777,1975,122132,5
22902.590187590187,1976,122166,5
18117.25776674306,1977,122223,5
11691.904761904761,1978,122280,5
24479.196057210764,1979,122311,5
14100.47619047619,1980,122397,5
9653.52453102453,1981,122494,5
18279.104645354648,1982,122597,6
24420.997474747477,1983,122621,5
19852.420634920636,1984,122646,5
20879.77383727384,1985,122696,5
30251.041666666664,1986,122728,6
24633.14338439339,1987,122811,6
22044.285714285714,1988,122832,5
20052.737817737816,1989,122864,5
19504.18767507003,1990,122890,5
18087.083333333336,1991,122932,5
-144.44444444444434,1992,122944,3
20251.45743145743,1993,122974,5
18639.859307359307,1994,123008,5
20074.332611832615,1995,123042,5
35512.12648462649,1996,123086,6
27879.166666666668,1997,123113,6
20085.835553335557,1998,123167,5
22757.619047619046,1999,123183,5
19277.30158730159,2000,123214,5
20167.186147186145,2001,123244,5
-1917.9292929292928,2002,123263,3
9214.733599733598,2003,123300,4
23612.383058118354,2004,123340,5
22554.410173160177,2005,123373,5
35735.7203866395,2006,123411,6
21558.38985296609,2007,123468,5
17938.508852258852,2008,123531,5
17782.301587301587,2009,123572,5
20217.323232323233,2010,123616,5
18598.119380619384,2011,123730,6
20962.993117993115,2012,123754,5
37394.38073235672,2013,123846,6
23323.16336441336,2014,123863,5
22878.29656454657,2015,123900,5
36340.2354740203,2016,123942,6
19326.834415584417,2017,123969,5
22382.176087801086,2018,124011,5
19330.54764679764,2019,124062,5
25411.71536796536,2020,124100,5
25969.887830392865,2021,124150,5
20134.350902365615,2022,124208,5
37299.49009324009,2023,124285,7
22383.181471306467,2024,124331,5
21260.607864357866,2025,124374,5
23793.734876234877,2026,124401,5
21514.85119047619,2027,124426,5
9955.856311562833,2028,124450,4
13611.666666666666,2029,124503,5
20821.746031746035,2030,124539,5
24592.966735491886,2031,124577,5
24514.669815478643,2032,124623,5
41922.39357864357,2033,124690,7
21025.757575757576,2034,124707,5
22089.880271087703,2035,124739,5
24435.535714285714,2036,124764,5
19019.64285714286,2037,124790,5
6946.914036786564,2038,124848,4
18759.724997225,2039,124909,5
28885.126401376398,2040,124981,6
30615.381354756355,2041,125063,6
20270.977633477632,2042,125105,5
21753.849206349205,2043,125130,5
14040.892857142857,2044,125185,5
34056.743943191315,2045,125215,6
22887.014234475533,2046,125247,5
22148.392824495768,2047,125277,5
23291.82908533973,2048,125339,5
21278.299617049615,2049,125375,5
12761.904761904761,2050,125439,5
60104.82611342906,2051,125510,8
22505.758626263654,2052,125554,5
21419.693362193368,2053,125605,5
10528.333333333332,2054,125620,4
24980.273853130464,2055,125673,5
23712.44352461264,2056,125705,5
16170.84054834055,2057,125751,5
21311.74603174603,2058,125785,5
23332.384421134422,2059,125808,5
24109.268577282037,2060,125856,5
33028.816738816735,2061,125887,6
32920.88862526362,2062,125939,6
23073.188894438896,2063,125960,5
22180.356912824016,2064,126046,5
22416.36877011877,2065,126072,5
28540.833333333336,2066,126090,6
25008.910395160397,2067,126128,5
22230.781024531025,2068,126163,5
18280.684523809523,2069,126182,5
25061.41289266289,2070,126209,5
44533.424293929325,2071,126263,7
34667.60323010323,2072,126313,6
24256.915723165723,2073,126354,5
22865.491986084093,2074,126389,5
34553.51268807732,2075,126442,6
21726.776556776556,2076,126460,5
58781.57647907648,2077,126548,8
-7892.929292929292,2078,126586,3
22305.763680763677,2079,126627,5
28869.447774447774,2080,126690,6
21729.734848484844,2081,126711,5
10349.107142857143,2082,126727,4
30744.437486533076,2083,126781,6
21107.919290818587,2084,126824,5
8934.242424242424,2085,126901,5
20699.882756132753,2086,126944,5
68134.61052836051,2087,127015,9
29339.853896103894,2088,127068,6
30181.451187701186,2089,127125,6
19340.820707070707,2090,127183,5
8314.40568445591,2091,127326,6
8920.360529992882,2092,127414,5
13620.865438096474,2093,127523,6
-23050.8220945721,2094,127721,5
22454.589299589297,2095,127814,6
14245.416666666664,2096,127883,5
11875.838813963814,2097,127921,4
20014.695765835473,2098,127973,5
5546.66666666667,2099,128079,5
23142.617677972707,2100,128202,6
-3839.182084255618,2101,128322,5
5638.979741019213,2102,128408,5
23744.85137491919,2103,128460,5
20000.012046776752,2104,128502,5
32685.63422602509,2105,128594,6
18065.199203419194,2106,128678,5
30057.557026307037,2107,128738,6
46798.72879786193,2108,128810,7
25295.940522038345,2109,128842,5
38763.10153640649,2110,128917,6
35558.24883449883,2111,128970,6
100345.03290010642,2112,129091,12
30170.198412698413,2113,129129,6
19841.177849927848,2114,129184,5
21934.761904761912,2115,129218,5
57348.31016614103,2116,129320,8
23992.691253534907,2117,129362,5
54765.89868464867,2118,129411,8
5033.079154873557,2119,129480,4
16708.4435009435,2120,129594,6
20493.19916194916,2121,129624,5
-3795.6234144682276,2122,129729,5
29814.184565434556,2123,129838,7
9489.289321789323,2124,129959,6
-3040.9523809523816,2125,130056,5
-27589.414412556835,2126,130262,5
19502.862692862687,2127,130309,5
15872.420634920632,2128,130365,5
14817.674408924408,2129,130476,6
33415.022550978436,2130,130519,6
42691.641414141406,2131,130596,7
51934.87373737374,2132,130693,8
16672.74932435276,2133,130767,5
21076.794178044187,2134,130817,5
24298.686729077595,2135,130837,5
-11106.844220880594,2136,131069,6
-32408.25396825399,2137,131353,6
21709.698773448778,2138,131399,5
14646.587301587308,2139,131482,5
3961.9769119769103,2140,131575,5
-11071.428571428569,2141,131621,3
-18666.100084126396,2142,131845,6
19574.265873015873,2143,131893,5
-51531.50643474176,2144,132203,5
11915.323426573425,2145,132267,5
-12043.419913419915,2146,132413,5
-277.8102453102442,2147,132476,4
-36717.625074229196,2148,132789,5
19947.295530621777,2149,132900,6
9326.279553779555,2150,132980,5
-43277.686202686215,2151,133263,6
-31170.664890664884,2152,133526,6
5815.903679653679,2153,133655,6
-93748.69227994229,2154,134142,5
-2604.9206349206333,2155,134255,5
-1783.1425518925498,2156,134424,6
-90613.40964590955,2157,134851,5
-10567.824675324675,2158,134901,3
-50246.90476190476,2159,135211,5
34671.62878787879,2160,135291,7
-832.6839826839828,2161,135307,3
-15342.069735819736,2162,135481,5
-12926.822808833676,2163,135663,6
18209.76481293045,2164,135767,6
16980.164418914403,2165,135840,5
-61570.00000000001,2166,136190,5
-20644.578268953264,2167,136383,5
-19544.285714285717,2168,136587,5
28677.69476180853,2169,136700,7
-32613.30627705634,2170,137036,7
-10383.248590934345,2171,137181,5
-35788.33333333336,2172,137409,5
3336.8191245029484,2173,137530,5
196.21031746031986,2174,137634,5
10224.007936507935,2175,137740,6
-6779.507575757577,2176,137903,5
-40811.70093795096,2177,138155,5
4080.3674062865284,2178,138274,5
-19623.198190698185,2179,138470,5
26390.643939393936,2180,138535,6
8530.208696532221,2181,138629,5
-11993.82538621509,2182,138796,5
-2658.2611832611838,2183,138815,3
-50086.150793650726,2184,139161,5
-28199.265873015844,2185,139469,6
-28859.02555777553,2186,139720,5
12557.308802308804,2187,139792,5
19882.46026185941,2188,139906,6
15555.634365634365,2189,139965,5
20057.301587301587,2190,139998,5
-19513.948526963235,2191,140128,4
20687.896264811898,2192,140177,5
7304.975037217686,2193,140291,5
19084.655539249186,2194,140361,5
-81236.90295815296,2195,140886,7
11491.661671661674,2196,140975,5
-12088.571428571428,2197,141030,3
6192.380952380953,2198,141124,5
-33893.92884892887,2199,141387,5
14161.480880230883,2200,141443,5
-29260.475635475646,2201,141672,5
25716.616161616163,2202,141751,6
54628.76984126983,2203,141797,8
22109.623015873018,2204,141831,5
3744.4209956709965,2205,141973,6
13572.790404040406,2206,142082,6
9103.01778287073,2207,142199,5
-8754.815567988946,2208,142457,7
-58535.674186924174,2209,142705,4
-35280.36979532336,2210,142973,5
-37396.91391941395,2211,143443,10
12766.839826839827,2212,143496,5
7756.161616161617,2213,143569,5
8406.44855144854,2214,143813,8
6183.122155622155,2215,143846,4
20078.820901320894,2216,143929,6
-1123.3861971361985,2217,144113,7
2905.476190476189,2218,144253,6
4087.9150016650015,2219,144343,5
3419.583333333332,2220,144411,5
-39257.1590909091,2221,144729,6
778.5317460317456,2222,144774,4
-1063.9880952380927,2223,144873,5
65736.52611277609,2224,144952,9
-19628.584054834057,2225,145235,7
65112.80965143386,2226,145364,9
-28788.262848262853,2227,145731,8
15701.038961038957,2228,145844,6
13718.393545309178,2229,145928,5
-8444.914668664667,2230,146129,6
45821.226361143155,2231,146249,8
28152.750123328697,2232,146467,8
25386.387778887773,2233,146533,6
18461.45812520812,2234,146694,7
-24895.039960039958,2235,146975,6
7886.647102897103,2236,147177,6
-14298.765123765123,2237,147336,5
-28260.448856698855,2238,147681,8
13509.050532800538,2239,147882,8
-13407.953157953114,2240,148334,10
27261.971986346973,2241,148566,9
8499.912795537795,2242,148614,4
75082.89136925167,2243,148730,10
-8731.145586439705,2244,149005,7
31293.780471568105,2245,149129,7
16411.26096126096,2246,149234,6
30699.848346098344,2247,149280,6
21044.32909002761,2248,149504,9
-5705.362264369619,2249,149856,8
5036.464368964373,2250,150112,8
57455.53370240873,2251,150287,10
8824.112276612283,2252,150368,5
27519.278310913367,2253,150501,7
19818.52506153977,2254,150557,5
12701.099872349876,2255,150681,6
26404.162979048815,2256,150751,6
23928.591269841272,2257,150777,5
604.2388167388167,2258,150788,3
5726.790848040825,2259,151044,8
41212.840909090904,2260,151111,7
72034.54628704628,2261,151233,10
4687.329892329896,2262,151421,7
8711.593267843267,2263,151512,5
93030.74488999994,2264,151760,13
22713.619574869583,2265,151807,5
40487.11675944455,2266,151916,7
-9442.267316017305,2267,152132,7
16860.386904761905,2268,152164,5
21381.30918213568,2269,152278,6
16434.51680672269,2270,152404,6
19110.996780996786,2271,152502,6
20704.34758095362,2272,152544,5
21355.10794760795,2273,152587,5
23789.906176125216,2274,152848,9
18050.968534604363,2275,152900,5
20556.50809158163,2276,152946,5
34307.665627501156,2277,152984,6
29214.9532510833,2278,153175,8
6047.51082251082,2279,153303,6
-15886.277611277603,2280,153632,8
14436.855366855369,2281,153848,8
54515.3403807235,2282,153998,9
-5639.176958662252,2283,154130,5
12171.784465534465,2284,154200,5
13674.889383492322,2285,154347,6
29236.4730530907,2286,154435,6
40648.898621588254,2287,154506,7
-5646.449661449666,2288,154928,10
9394.047619047624,2289,155070,6
11481.654768734878,2290,155109,4
-30610.76381951382,2291,155604,10
3606.8532162282163,2292,155723,5
12406.779748029738,2293,155812,6
30354.510416054523,2294,155940,7
44167.39893512918,2295,156114,10
38798.71564860149,2296,156210,7
21725.144855144856,2297,156247,5
18762.222222222223,2298,156281,5
4509.886363636364,2299,156371,5
36919.30652680652,2300,156458,7
-699.0349927849929,2301,156472,3
-7727.533577533576,2302,156656,6
34233.900761905796,2303,156758,7
19459.280996780995,2304,157075,10
63843.426573426565,2305,157169,9
72462.2096454924,2306,157344,10
41160.07173382174,2307,157407,7
10926.768591315807,2308,157484,5
60060.829116274166,2309,157606,9
34044.231736400856,2310,157653,6
35283.38000922366,2311,157715,6
-975.5644355644383,2312,158060,10
23301.349206349205,2313,158078,5
16375.163080383678,2314,158265,7
-11933.422123065835,2315,158639,9
5925.489094239095,2316,158675,4
61805.133558606845,2317,158880,10
44630.60245310245,2318,158930,7
24068.895350650382,2319,158985,5
55337.665528915524,2320,159198,10
7325.477994227994,2321,159391,7
-4532.904040404041,2322,159423,3
31278.06068931068,2323,159512,7
2759.85065588007,2324,159610,5
28302.560538353384,2325,159738,6
28172.625568875566,2326,159796,6
37709.57861582862,2327,159900,7
3927.054473304477,2328,160078,7
19317.17241092241,2329,160119,5
21891.733405483406,2330,160155,5
22042.823500029383,2331,160197,5
18184.682402221097,2332,160423,8
-26065.13528138527,2333,160683,6
-28252.936507936498,2334,160893,5
32186.64432660563,2335,160966,6
31059.735263661347,2336,161054,6
18352.866994116997,2337,161125,5
-494.6428571428569,2338,161136,3
25912.53427128427,2339,161190,6
28950.56248146419,2340,161428,10
4774.992715617715,2341,161571,6
23477.36111111111,2342,161597,5
16510.75618825619,2343,161658,5
58563.309745809755,2344,161753,9
83573.83094996678,2345,161908,10
30344.752886002883,2346,161959,6
36758.40187590187,2347,162045,7
33869.35640640749,2348,162113,7
21499.37129047423,2349,162150,5
8624.316655566656,2350,162189,4
28107.53975234433,2351,162468,9
43905.694444444445,2352,162516,7
-17065.352425352423,2353,162747,6
11610.356865356867,2354,162801,5
15675.563048063046,2355,162864,5
61625.71157249632,2356,163153,12
-361.030774780775,2357,163165,3
27723.636224886224,2358,163463,10
37609.24603174603,2359,163551,7
38616.53513153513,2360,163618,7
42776.08981296481,2361,163669,7
21757.420634920632,2362,163694,5
667.3160173160172,2363,163706,3
84266.32145632146,2364,163810,11
23859.37754067398,2365,163878,6
33455.08533133533,2366,163957,7
59871.27164502166,2367,164062,9
59743.484555305375,2368,164142,8
13607.474886224889,2369,164309,7
66562.44226404831,2370,164462,10
47477.21285658786,2371,164579,8
20759.87554112554,2372,164618,5
12779.83884171384,2373,164699,5
21532.549950049954,2374,164873,7
-10936.694878478957,2375,165238,9
52044.83225108223,2376,165377,9
26273.229964479964,2377,165449,6
51085.3304783452,2378,165564,8
64544.38825063829,2379,165761,11
47100.89965589965,2380,165888,9
-9755.622433122435,2381,166070,6
48083.90662270306,2382,166221,9
20794.900793650795,2383,166446,9
74168.63697576927,2384,166728,13
44458.675629925616,2385,166803,7
3204.2072637544793,2386,166912,5
55471.763236763225,2387,166992,8
20688.58225108225,2388,167016,5
-915.7142857142858,2389,167032,3
-6790.48180985681,2390,167223,6
8601.525338911173,2391,167556,10
12951.512792762791,2392,167688,6
20272.366522366527,2393,167985,10
35328.97241647241,2394,168073,7
-2527.108212350082,2395,168245,6
25053.388694638696,2396,168331,6
65761.84669497168,2397,168530,11
60479.80393531478,2398,168761,10
12974.940476190473,2399,168910,7
4414.294727460362,2400,169010,5
5768.333333333333,2401,169080,5
35161.59812409813,2402,169117,6
53534.55644123492,2403,169224,8
-445.98110223110234,2404,169383,6
43198.573787323796,2405,169428,7
-8336.149822399822,2406,169469,3
17703.242451992453,2407,169529,5
36158.86373172749,2408,169654,7
20866.584967320265,2409,169681,5
20369.585084033613,2410,169710,5
69423.45681191912,2411,169821,9
29305.358183483193,2412,169936,7
21099.34149184149,2413,169976,5
36013.31213868467,2414,170049,6
49199.785088277735,2415,170153,8
51839.35908260986,2416,170263,8
57086.182844932846,2417,170364,9
21220.443249990458,2418,170474,6
22544.24603174603,2419,170517,5
18443.97297147297,2420,170565,5
66435.88813963813,2421,170686,9
8835.535714285716,2422,170758,5
19847.406621156624,2423,170819,5
41507.711759344886,2424,170881,7
36381.79029304029,2425,170975,7
17702.99603174603,2426,171025,5
50691.680569817174,2427,171154,8
19529.218420468416,2428,171200,5
17961.01537351538,2429,171260,5
8191.940836940836,2430,171292,4
19460.823718764896,2431,171330,5
22864.078282828283,2432,171358,5
46559.179120887726,2433,171464,7
9841.00075869376,2434,171549,5
28823.91414141414,2435,171741,8
15619.603174603173,2436,171791,5
5798.468480693709,2437,171958,6
-38286.839490703656,2438,172471,10
12017.757936507938,2439,172541,5
11203.536229207675,2440,172625,5
22754.65901079484,2441,172728,6
51592.29770229771,2442,172946,10
43332.19155844156,2443,173004,7
13699.504703457882,2444,173091,5
17083.39263677499,2445,173147,5
70643.31002331001,2446,173281,10
51306.04016037132,2447,173390,8
39139.93005680959,2448,173491,7
19527.738095238095,2449,173525,5
17664.707792207795,2450,173570,5
24866.43511931825,2451,173610,5
79799.05226717728,2452,173748,11
20901.082667332692,2453,173891,7
27977.907647907647,2454,173966,6
985.8556394585794,2455,174069,5
53861.72819676885,2456,174176,8
24965.710493403494,2457,174235,5
20117.17696519167,2458,174296,5
14180.566487820744,2459,174356,5
14167.828282828283,2460,174403,5
52633.2992007992,2461,174495,8
40915.36685536686,2462,174574,7
19586.388333888328,2463,174634,5
31530.39052214555,2464,174703,6
28370.74494949495,2465,174750,6
21436.010239760242,2466,174775,5
4652.7103892409605,2467,174938,6
14160.47619047619,2468,174998,5
41379.717448014664,2469,175077,7
12370.055916305913,2470,175134,5
18351.765873015873,2471,175183,5
17573.45606687998,2472,175224,5
26785.989991690465,2473,175374,7
20935.19915541974,2474,175442,5
22587.670242339358,2475,175538,6
8470.238095238097,2476,175619,5
46742.35389610391,2477,175728,8
-4460.50505050505,2478,175756,3
19916.55061315384,2479,175809,5
-10123.002414252409,2480,175974,6
-2229.6663059163034,2481,176153,6
108660.39369363863,2482,176362,13
22158.827614379086,2483,176444,6
15130.963281887194,2484,176493,5
5493.544372294374,2485,176576,5
15353.093582114485,2486,176657,5
25653.253968253972,2487,176704,6
19408.413943083055,2488,176859,7
-16053.077547452538,2489,177111,6
12351.011904761906,2490,177182,5
15968.580263690561,2491,177255,5
-19971.694000444,2492,177442,5
53886.53522805698,2493,177542,9
10293.464803170693,2494,177736,7
67423.18292818296,2495,177813,9
25230.5616549773,2496,177894,6
19611.020224185864,2497,177955,5
15009.220016095016,2498,178042,5
40121.073771429816,2499,178107,7
12625.384823509823,2500,178242,6
2380.122100122099,2501,178358,5
17631.43578643579,2502,178414,5
-60581.85044122546,2503,178858,7
-12742.837301587293,2504,179025,5
-3332.683982683983,2505,179048,3
-6605.266955266958,2506,179279,7
30069.47052947053,2507,179451,8
32318.452380952378,2508,179488,6
41268.81695102284,2509,179577,7
1839.4355644355726,2510,179876,9
23641.8253968254,2511,180071,9
21532.59018759019,2512,180095,5
42178.38893133011,2513,180142,7
14511.928590200665,2514,180521,11
41108.929497789795,2515,180606,7
39425.41298978798,2516,180690,7
21870.323287823292,2517,180735,5
-117.02464202464216,2518,180757,3
21449.879670982617,2519,180797,5
5294.333791208791,2520,180894,5
21636.546231546232,2521,180996,6
39218.053661379905,2522,181097,7
-58885.44897912547,2523,181476,6
18374.133170750807,2524,181723,8
29782.377899877894,2525,181786,6
10537.399529005565,2526,181880,5
12418.629287379288,2527,181947,5
29448.071797913133,2528,182019,6
21462.49020114732,2529,182075,5
47301.943163046104,2530,182194,8
52756.04396420572,2531,182351,9
23204.031830098003,2532,182395,5
39192.625845301925,2533,182491,7
20686.70093795094,2534,182530,5
28523.959447415327,2535,182606,6
-31205.978743478736,2536,182989,8
77526.20818342756,2537,183137,10
-1262.7135364635362,2538,183218,4
19729.139279837807,2539,183470,8
37749.91480741479,2540,183572,7
81128.54475589763,2541,183751,11
9653.871406371407,2542,183828,5
53884.08730158729,2543,183898,9
18822.45601620602,2544,183964,5
50843.03241418399,2545,184067,8
44257.79925226134,2546,184204,8
19327.440476190477,2547,184248,5
6263.095238095238,2548,184335,5
-1719.267399267397,2549,184493,6
46275.26203779877,2550,184710,10
25233.807997558,2551,184928,9
28671.969280719277,2552,184985,6
34402.466838716835,2553,185034,6
64680.39761971103,2554,185319,12
6386.4285714285725,2555,185399,5
44608.12929717342,2556,185492,8
39638.908730158735,2557,185712,10
50926.593063798944,2558,185825,8
46771.98721213428,2559,185943,8
69653.24970673835,2560,186068,9
24668.796342546335,2561,186160,6
14437.948962801906,2562,186247,5
8411.157800532801,2563,186327,5
28217.187257187255,2564,186372,6
51569.980215862575,2565,186511,9
44798.17291712414,2566,186586,7
33115.21561771562,2567,186643,6
18517.072580197582,2568,186719,5
52383.32469001587,2569,186915,10
62842.33782965398,2570,187087,10
-66418.23606476086,2571,187510,7
41281.145035520036,2572,187623,8
18445.520590520588,2573,187671,5
20401.09700176844,2574,187755,5
15605.252109002111,2575,188054,9
16360.328421578424,2576,188105,5
27539.66269841269,2577,188209,7
61099.47129259629,2578,188338,9
19497.42681123486,2579,188379,5
35711.95235191366,2580,188560,8
-1519.345238095238,2581,188572,3
-13222.77847152847,2582,188959,9
28877.629731379733,2583,189187,9
-16250.663254444202,2584,189718,12
-28217.285353535346,2585,190032,7
54912.903960289805,2586,190166,9
21824.31818181818,2587,190251,6
-299.8412698412699,2588,190262,3
20990.424175497705,2589,190320,5
20918.816738816735,2590,190403,6
21492.90404040404,2591,190450,5
77631.93618881122,2592,190577,11
56561.01551226553,2593,190702,9
128620.33435905351,2594,190927,16
11361.986485736483,2595,190987,5
-6263.0521684198175,2596,191118,5
5944.4644203835405,2597,191295,6
53676.822974104936,2598,191478,9
31815.887584637578,2599,191703,9
-7503.646076146074,2600,191977,8
7360.0,2601,192043,5
12832.934761317114,2602,192227,7
22143.274225774225,2603,192291,6
29338.340548340548,2604,192353,6
93964.9305654356,2605,192589,13
-20344.888523928767,2606,192894,7
32928.714953347306,2607,192930,6
19538.856237716533,2608,192982,5
48187.64445521798,2609,193102,8
38662.034840159846,2610,193209,7
36009.41378066378,2611,193298,7
47424.60150960151,2612,193400,8
-17408.52106227106,2613,193777,8
15405.542313079082,2614,193915,6
-7206.895604395579,2615,194203,8
27920.120965635662,2616,194356,7
31363.530144727396,2617,194458,6
55385.63797313797,2618,194686,10
-23888.08635808633,2619,195150,10
24577.757936507933,2620,195226,6
-34702.50824382015,2621,195594,7
32067.121424327306,2622,195726,8
-5160.324675324675,2623,195751,3
-268.92884892884877,2624,195772,3
-2802.3933664374836,2625,196002,7
58763.51574543818,2626,196225,10
1532.2817460317456,2627,196315,5
52448.43722454014,2628,196615,12
22856.18274291069,2629,196943,10
34648.85429404729,2630,197003,6
-20130.628954378953,2631,197238,6
18148.648887876825,2632,197273,5
4933.281024531034,2633,197575,9
19781.02262933146,2634,197778,8
24658.360389610396,2635,197872,6
22810.706483059424,2636,197916,5
24233.15476190476,2637,198108,9
12102.05764007235,2638,198266,6
12655.838328338328,2639,198353,5
55497.49766327697,2640,198607,10
4187.400793650793,2641,198693,5
22185.081375594847,2642,198769,5
35553.10478436251,2643,198946,8
-2620.2019508269514,2644,199084,5
467.3160173160172,2645,199095,3
10336.067821067823,2646,199183,5
21167.602466977463,2647,199333,7
-18742.083333333332,2648,199512,5
22039.067460317456,2649,199590,6
32748.77759946451,2650,199685,6
1227.146800782637,2651,199924,8
14778.600060632822,2652,200011,5
41534.54180215209,2653,200107,7
31438.04983415278,2654,200237,7
14355.425903980024,2655,200330,5
-35290.296647796655,2656,200555,5
20451.23015873016,2657,200635,6
22953.797175047166,2658,200782,7
27509.360826437063,2659,200876,6
31057.05946787991,2660,201173,10
29019.673243423244,2661,201292,7
16605.047313797313,2662,201563,9
-24192.71312021311,2663,201913,6
90801.02647352651,2664,202272,16
33828.28754578754,2665,202381,7
1328.5786435786488,2666,202788,10
4745.654761904759,2667,202944,6
34982.055246310265,2668,203009,6
11679.417388167378,2669,203160,7
3262.266006052778,2670,203272,5
23176.42149358396,2671,203352,5
9251.488095238095,2672,203376,4
76714.49927115368,2673,203565,11
50965.04440004438,2674,203760,10
18638.071605681904,2675,203806,5
19161.442238317246,2676,204072,9
12611.96413880238,2677,204320,8
19032.06349206349,2678,204453,7
17357.151320901317,2679,204521,5
11733.511781168012,2680,204639,5
34180.10531135531,2681,204740,7
36536.65251415249,2682,204966,9
19635.103646353637,2683,205003,5
20745.38302925519,2684,205057,5
21275.769508269488,2685,205172,6
-7174.779942279944,2686,205295,5
30485.331890331887,2687,205351,6
7542.739274614275,2688,205389,4
32580.185684413602,2689,205577,8
9398.209151959145,2690,205904,10
24433.13492063492,2691,205973,6
37983.645382395385,2692,206035,7
30271.68831168831,2693,206153,7
-19314.977522477526,2694,206349,5
26880.833541458553,2695,206507,7
12508.472083472085,2696,206581,5
13299.502937507961,2697,206698,5
5734.9729437229435,2698,206730,4
63412.968558144654,2699,206894,10
7172.603923853922,2700,207097,7
48316.036186036195,2701,207279,9
9077.328563464405,2702,207421,6
17980.049395049395,2703,207585,7
-7426.962343212344,2704,207732,5
-1057.4354281339538,2705,207967,7
18691.50793650794,2706,208014,5
50065.67042499126,2707,208214,9
-93020.27777777778,2708,208879,9
22290.84054834055,2709,208902,5
15228.378427128428,2710,208962,5
15448.899711399705,2711,209019,5
14843.827561327558,2712,209071,5
29311.763514263515,2713,209126,6
-30637.977161727147,2714,209570,9
31994.119560994575,2715,209828,9
13809.09035409035,2716,209893,5
20231.24861249861,2717,209942,5
-16355.08116883117,2718,210188,7
9197.451433370543,2719,210350,6
9011.679901625721,2720,210466,5
46878.22496947497,2721,210500,7
5179.8088023088085,2722,210802,8
7460.881410256404,2723,211133,9
49662.792598483415,2724,211293,8
83565.46911421911,2725,211442,12
15783.567821067825,2726,211495,5
30326.727577977577,2727,211554,6
-36806.712454212444,2728,211858,6
29233.88888115667,2729,212108,9
54542.253787664005,2730,212313,9
15892.072510822514,2731,212418,6
21295.714632589632,2732,212527,6
62712.551122767836,2733,212638,9
8026.7803797640345,2734,212754,5
26409.581369353044,2735,212866,6
14716.46816955834,2736,212936,5
17344.928206468452,2737,213182,8
1526.966366966376,2738,213532,9
35417.359144123846,2739,213675,8
-33446.509393384404,2740,213956,6
43166.68373765894,2741,214246,10
30734.584998334994,2742,214365,7
-18232.267205833406,2743,214620,6
44657.545276361074,2744,214874,11
26411.29118280242,2745,215055,8
22480.359293484256,2746,215295,9
24059.54681326585,2747,215350,5
21425.549173049174,2748,215405,5
39683.42074592074,2749,215564,8
-38801.39014322452,2750,216250,11
26014.932942874093,2751,216595,10
-1492.0056332556396,2752,216852,7
-16967.37637362637,2753,217142,7
14607.243267353566,2754,217335,7
-1477.2256022701267,2755,217925,13
21425.60675435675,2756,217979,5
15235.638681923509,2757,218041,5
27065.121901876937,2758,218108,6
27496.106707834642,2759,218209,6
40476.890678765674,2760,218361,8
20201.91197691198,2761,218413,5
50675.31302031302,2762,218630,10
20042.221249897335,2763,218702,5
41988.996350871355,2764,218765,7
-14230.910768153413,2765,218942,5
-1292.6388888888887,2766,219064,5
11879.007936507938,2767,219121,5
-27037.30409038845,2768,219415,7
-1220.754245754244,2769,219587,6
17705.66738816739,2770,219627,5
13123.573496077366,2771,219935,8
506.56024251805934,2772,220028,5
10938.055555555555,2773,220048,4
18110.542929292933,2774,220222,7
70479.50222313809,2775,220363,11
34272.93122834339,2776,220478,7
14015.747238872233,2777,220619,6
32617.046810735108,2778,220826,8
-60207.70103735275,2779,221275,7
43558.491741690355,2780,221571,11
25669.000305250298,2781,221653,6
26638.284493284475,2782,222033,11
38064.87737151049,2783,222285,9
-27904.259353048037,2784,222561,6
39848.48790098789,2785,222643,7
2532.4783549783533,2786,222775,6
6850.6132756132765,2787,222854,5
42057.54052814229,2788,223240,12
-12828.701645576644,2789,223465,6
9205.24535320201,2790,223499,4
10267.916389166388,2791,223601,5
35997.12491348522,2792,223811,9
3526.8263255492357,2793,223985,6
-1373.3977133977132,2794,224012,3
40219.99980819833,2795,224275,9
32860.43186288853,2796,224669,12
1353.6183261183232,2797,224815,6
-1679.101731601736,2798,225122,8
18720.00360750361,2799,225185,5
43731.94121481039,2800,225341,8
-37093.377512580315,2801,225562,5
47545.41020297215,2802,225963,12
966.9938394938422,2803,226132,6
119.17555140077474,2804,226493,9
29043.269698567674,2805,226648,7
16622.23304473305,2806,226709,5
-15949.424603174602,2807,226866,5
423.0016689536777,2808,226972,5
10537.928668124103,2809,227067,5
-7661.5999278499185,2810,227271,6
32953.08722731517,2811,227356,6
12023.627414252413,2812,227450,5
8677.483349983355,2813,227671,7
37140.52267177266,2814,227835,8
24912.118298368292,2815,227908,6
1330.2994227994204,2816,228081,6
-93829.09632034629,2817,228639,7
4603.613122988121,2818,228992,9
14699.277805527812,2819,229223,7
26903.700188700186,2820,229376,7
15229.585447876849,2821,229714,9
-16678.562042532634,2822,229914,5
-17774.9007936508,2823,230088,5
21597.172256278285,2824,230281,8
-50872.05572205572,2825,230829,9
30327.555916305897,2826,230933,7
1789.3718781218774,2827,231110,6
-15092.076048951063,2828,231359,5
-10679.076617826633,2829,231738,8
-36378.397158397165,2830,231994,4
-392.9967826291431,2831,232295,8
21100.386974136974,2832,232345,5
18735.832476347186,2833,232410,5
37615.2751460412,2834,232536,7
38428.86016352931,2835,232699,8
-26865.14268003238,2836,232893,5
3281.4511416441387,2837,233136,7
27407.54120879121,2838,233218,6
21897.946775446773,2839,233349,7
5178.751803751806,2840,233445,5
31616.671939171938,2841,233574,7
-3260.938095702031,2842,234142,11
18348.905816405808,2843,234273,6
18069.22619047619,2844,234304,5
-15134.927849927846,2845,234695,9
55769.01895468652,2846,234858,9
35580.467853654765,2847,234985,8
-12060.172605172596,2848,235411,9
11092.996031746032,2849,235474,5
11232.363816738816,2850,235493,4
-27763.443405579637,2851,235962,9
-29710.236430236426,2852,236283,6
8351.936890723655,2853,236388,5
6366.163419913417,2854,236537,6
-3587.1854534354543,2855,236980,10
35811.64457360665,2856,237100,7
-22701.25,2857,237287,5
28597.083071512243,2858,237452,7
6323.798146298145,2859,237493,4
-31108.134920634915,2860,237728,5
32129.116092241107,2861,237812,6
4683.982406482406,2862,237870,4
6704.745670995668,2863,238059,7
15160.357142857145,2864,238103,5
-2281.95165945166,2865,238127,3
39343.30062867991,2866,238246,8
-30034.747931806745,2867,238476,5
14278.499278499281,2868,238654,7
-9435.081862581865,2869,238807,5
9997.28539026333,2870,238966,7
64569.726718070415,2871,239190,11
-41541.29884004877,2872,239601,6
22129.635225885228,2873,239821,8
19498.35375408905,2874,239916,6
7498.71281496281,2875,240000,5
17968.960483960484,2876,240059,5
48982.12259672582,2877,240255,9
29436.78932178933,2878,240374,8
19277.137874380514,2879,240546,7
13823.984210234214,2880,240682,6
26836.57667946948,2881,240856,8
15439.20662670662,2882,240897,5
58565.925263723504,2883,241207,12
944.438178780292,2884,241354,6
30962.810522810538,2885,241532,8
10399.734015984024,2886,241695,6
-5157.7862415362415,2887,241916,6
-100920.11904761901,2888,242396,6
-12236.011904761901,2889,242502,4
-4769.642857142857,2890,242529,3
2457.9887596064063,2891,242718,6
10603.046606171605,2892,242738,4
35278.59092296592,2893,242834,7
-30.371572871572994,2894,242846,3
9067.665945165943,2895,243228,10
5259.595733029255,2896,243365,5
-2611.9696969696965,2897,243454,4
-6977.50659063157,2898,243921,9
-5311.763653013652,2899,244050,5
-483.370795870796,2900,244069,3
3087.7998349689447,2901,244396,8
63060.69007381508,2902,244592,10
38358.00929827826,2903,244682,7
23665.006105006112,2904,244777,6
-9399.811611312736,2905,244953,5
37646.76259735276,2906,245140,8
4677.3611111111095,2907,245237,5
20811.415806415804,2908,245280,5
23692.786241536236,2909,245358,6
-187.1428571428571,2910,245369,3
38841.52541902542,2911,245460,7
21300.93189425813,2912,245513,5
16252.61904761905,2913,245553,5
12505.41478280062,2914,245680,6
-61481.507882382444,2915,246157,6
-20931.382645132646,2916,246390,5
-29516.036324786328,2917,246763,6
-292.1428571428571,2918,246774,3
-1380.161728321556,2919,246924,5
14410.477994228,2920,246997,5
-1635.4632787662906,2921,247220,6
6778.673255279293,2922,247391,6
11364.947691197693,2923,247464,5
8196.643217893217,2924,247557,5
20421.2543012543,2925,247619,5
12359.86208236208,2926,247672,5
27232.134933135323,2927,247774,6
40170.30774651906,2928,247932,8
25887.57421564505,2929,248014,6
4697.684260184256,2930,248239,7
-13582.16912870564,2931,248688,9
-92394.16847041849,2932,249304,6
-21365.21139807904,2933,249587,6
-16912.61183261183,2934,249777,5
20415.674361332112,2935,249939,7
26871.61616161616,2936,250024,6
30474.45165945166,2937,250079,6
4103.7958867757625,2938,250175,5
18881.56302031302,2939,250216,5
16163.943078979843,2940,250353,6
-59487.55952380951,2941,250708,5
-29924.51038748832,2942,251110,6
8783.676046176048,2943,251210,5
-1886.5258352758322,2944,251361,5
-21224.557803307813,2945,251667,5
-59443.33363246143,2946,252313,8
16831.38000888001,2947,252581,9
-1306.7009379509377,2948,252738,6
35836.051304216926,2949,252859,7
2929.258658008656,2950,252972,5
2077.0425407925354,2951,253196,7
-21037.418915578746,2952,253407,5
24656.932858807853,2953,253569,7
-3272.536636909709,2954,253903,8
-28339.485915701087,2955,254404,7
22981.351050909874,2956,254512,6
-51688.86904761902,2957,254935,5
39445.709437429294,2958,255151,8
30701.071428571435,2959,255183,6
27575.650044400027,2960,255362,8
13729.645737604289,2961,255784,10
13227.807513478949,2962,256004,8
25134.194979856744,2963,256241,8
-756.5295815295815,2964,256258,3
-12944.244921744925,2965,256470,5
12438.994045600082,2966,256566,5
6008.5954164514405,2967,256813,8
-26168.960622710627,2968,257051,6
1606.0110681801839,2969,257167,5
30485.478298146645,2970,257416,10
-10315.899239649247,2971,257713,7
6142.058491474132,2972,257954,7
-43297.17532467536,2973,258268,5
-1315.0039543789535,2974,258543,7
35920.764835654554,2975,258835,10
13641.314935064933,2976,258989,6
-36374.16666666665,2977,259207,5
74596.29984136952,2978,259371,10
3757.084304584305,2979,259465,5
-8253.327922077922,2980,259642,5
-14033.126734376734,2981,259717,3
-33352.678571428594,2982,259892,3
-18083.1393883894,2983,260077,5
7909.593323343317,2984,260233,6
-6220.5103270911895,2985,260503,7
28179.485930735922,2986,260818,11
-8603.261183261187,2987,260864,3
-3507.076395826397,2988,261004,5
8882.036435786435,2989,261074,5
-62176.5492881301,2990,261555,6
15248.881951381949,2991,261614,5
23880.15657356433,2992,261713,6
27284.537684537685,2993,261792,6
45825.64603568087,2994,262062,9
-12207.379148629147,2995,262268,5
36162.99825174825,2996,262351,7
-47562.89821289818,2997,262794,6
-5726.598470973477,2998,263011,6
9177.83141759342,2999,263165,6
-25455.13070263072,3000,263472,5
-15376.103202353213,3001,263677,5
39916.550132873665,3002,263790,7
28316.312431978073,3003,263865,6
58758.55755355755,3004,263952,8
70502.61807958981,3005,264228,12
15417.853535353532,3006,264292,5
-2852.102133977134,3007,264454,5
34992.254689754685,3008,264480,6
1387.7380952380963,3009,264745,7
30175.82764457765,3010,264817,6
21772.255889535307,3011,265032,8
24741.143390708006,3012,265127,6
-37733.63095238095,3013,265291,3
-14804.905417295131,3014,265796,8
-8910.980510502575,3015,266220,9
-565.4083049303626,3016,266343,5
-29339.642857142855,3017,266447,3
-61046.79062767298,3018,267009,8
3059.0277777777765,3019,267124,5
-70534.92604617598,3020,267653,6
-1576.626984126984,3021,267666,3
-8487.452131202122,3022,267877,6
-37852.77968615716,3023,268106,4
-46551.45313020314,3024,268510,6
-65460.275476157796,3025,269058,5
36370.33563658563,3026,269273,9
-31002.326839826837,3027,269425,4
-62681.78821178812,3028,269853,5
-11274.146825396825,3029,270157,7
16139.523809523816,3030,270240,6
18737.429098679095,3031,270284,5
5806.585833971672,3032,270400,5
1532.6531719914192,3033,270690,7
-31719.064269064274,3034,271102,7
-9798.560703572317,3035,271279,5
9677.54648129648,3036,271320,4
-47546.96923926606,3037,272177,9
-34493.540764790756,3038,272517,6
37120.678542518704,3039,272769,10
14444.273989898991,3040,273025,8
-10358.10661560662,3041,273232,6
19165.12987012988,3042,273390,7
8316.278860028859,3043,273425,4
34471.793536896745,3044,273534,7
-23896.341991342004,3045,274149,11
-482.4801587301581,3046,274288,5
-51199.433621933604,3047,274757,5
-66794.54365079365,3048,275209,5
-11362.564241314234,3049,275634,9
-2783.8283938283944,3050,275659,3
31759.725622543803,3051,275794,7
3528.0817344420534,3052,276144,9
-22068.39826839827,3053,276232,3
-24056.746031746054,3054,276437,5
-3487.1717171717173,3055,276462,3
37757.68350113935,3056,276642,8
-148580.0443837209,3057,277725,7
26463.7221269013,3058,278121,11
-17599.64285714286,3059,278193,3
-16421.93938822615,3060,278379,5
11187.718519225875,3061,278562,6
22718.716283716283,3062,278666,6
38062.122553290974,3063,278920,9
-38643.992049617045,3064,279256,6
-94814.33921749906,3065,279806,5
-4891.309523809516,3066,279906,4
-30712.81968031971,3067,280217,5
35230.46689421692,3068,280411,8
-11222.247058497058,3069,280586,5
-19334.796514759753,3070,280952,7
-9664.66477966477,3071,281081,4
28869.022366522375,3072,281129,6
29779.660894660898,3073,281303,8
5542.579365079364,3074,281416,5
-25629.83280608279,3075,281680,5
-73874.64285714293,3076,282053,4
21313.539250781898,3077,282159,6
-63083.38744588746,3078,282766,7
82403.972971473,3079,282878,11
11548.963077984816,3080,282889,4
-1537.4134199134214,3081,283027,5
-52428.53407621781,3082,283726,8
14170.734126984129,3083,283789,5
-42871.17682816541,3084,284178,5
-44439.691501309164,3085,284525,5
-4692.10740648241,3086,284729,6
-73502.85714285716,3087,285279,7
-3567.7777777777774,3088,285298,3
6304.603905081847,3089,285392,5
-1960.4365079365077,3090,285404,3
39320.57928182929,3091,285808,12
14769.35421386768,3092,285940,6
17969.30463735611,3093,285998,5
1992.10914085914,3094,286097,5
-6364.295854738823,3095,286366,6
16119.868980134072,3096,286503,6
-81125.21867021864,3097,287142,5
-46310.27597402599,3098,287604,7
4589.970688587747,3099,287776,5
13320.963758463758,3100,287990,7
36999.791635308284,3101,288160,8
-26470.951344836794,3102,288355,5
-30444.97003555442,3103,288719,6
22946.527167277167,3104,288743,5
-6853.391555340078,3105,288987,6
-11258.209568209568,3106,289098,4
-15695.487012987014,3107,289240,4
9248.888888888889,3108,289250,4
-12942.638750138745,3109,289522,5
12792.420634920643,3110,289740,8
-1868.5667110667105,3111,289881,5
32658.26943481355,3112,289938,6
17065.714285714286,3113,289973,5
-76431.65098790097,3114,290535,7
-65935.53195170843,3115,291008,5
-30504.375950846515,3116,291609,10
-78174.37903599667,3117,292063,6
-5017.137280718935,3118,292222,5
-118130.53864779856,3119,292906,6
-22562.380952380947,3120,293027,3
-37867.61904761905,3121,293274,3
-20366.666666666668,3122,293376,3
-13043.705183705182,3123,293444,3
9340.364357864359,3124,293628,7
2738.2255244755247,3125,293833,7
559.9025974025972,3126,293885,4
-35828.9818922907,3127,294173,5
-381.3591963591898,3128,294397,7
-77678.5588023088,3129,294890,6
-11481.286075036074,3130,294961,3
-27218.77483627483,3131,295365,6
-88316.63794538802,3132,296068,5
-14240.993774027806,3133,296431,8
-10257.3955864397,3134,296699,6
21225.415309066877,3135,296946,8
-35761.28066378067,3136,297349,6
-1811.111111111111,3137,297365,3
14570.606060606058,3138,297535,6
-28046.88420647978,3139,297963,7
-17179.84752949149,3140,298294,6
8065.023310023311,3141,298336,4
-46798.78510378509,3142,298746,6
2964.106375650475,3143,299154,9
-22996.60714285713,3144,299352,5
4472.596708846711,3145,299545,6
-6257.683982683982,3146,299578,3
9079.648496927912,3147,299725,6
-17858.214285714286,3148,299808,3
1536.6469029336645,3149,300037,6
-148559.283935019,3150,300939,5
4052.896825396827,3151,300980,4
-32636.904761904756,3152,301292,5
-68975.31024531028,3153,301796,5
-22148.233710733704,3154,302052,5
-83204.15875790888,3155,302527,5
-10724.642857142859,3156,302670,5
22184.455501498844,3157,302704,5
-35066.28427128428,3158,302838,3
8110.429603076658,3159,302938,5
14509.94541870613,3160,303033,5
5077.200299700298,3161,303152,5
-1645.4335125658667,3162,303292,5
8267.68476621419,3163,303504,6
-7623.17821067821,3164,303549,3
-2878.968253968254,3165,303563,3
-7990.503246753246,3166,303609,3
-5062.738372738371,3167,303723,4
-55627.74170832609,3168,304297,7
-13680.97711885638,3169,304638,6
38033.13209666149,3170,304931,9
-62720.44955044952,3171,305375,5
19949.38582734812,3172,305444,5
-45432.87948162951,3173,305852,5
15138.21096306963,3174,306221,8
-16903.292818292815,3175,306448,5
-8595.238095238092,3176,306644,5
10958.868769044851,3177,306729,5
-12902.222222222223,3178,306785,3
48121.67384642141,3179,306999,10
-3387.7777777777774,3180,307022,3
-13046.349286463466,3181,307379,7
42532.68350156892,3182,307600,9
7957.792207792203,3183,307746,6
-43206.20851370857,3184,308161,6
-5431.623376623376,3185,308257,4
8089.12323787324,3186,308372,5
13568.70925020112,3187,308536,6
-21638.630952380958,3188,308706,4
274.83458534929866,3189,308929,6
-6104.486763236766,3190,309109,5
-51646.16861896282,3191,309785,8
-20821.13872238873,3192,310014,5
19436.130728361764,3193,310192,7
43110.76330940302,3194,310268,7
15182.795815295816,3195,310386,6
7318.982683982682,3196,310413,4
-26060.650659969524,3197,311031,10
-72675.14086532641,3198,311825,8
-3955.3692141192114,3199,312016,5
-20807.302697302697,3200,312192,4
34323.61832611833,3201,312299,7
-4088.214285714286,3202,312324,3
-16228.014069264073,3203,312578,6
-104629.0628815629,3204,313369,6
-18548.871961371966,3205,313560,5
-22674.98477013182,3206,313795,5
-3240.7070707070707,3207,313820,3
-11208.789682539678,3208,314019,5
15453.117299367299,3209,314071,5
-4781.364335698701,3210,314286,6
-45644.16666666665,3211,314758,7
-16163.96381396382,3212,315375,11
2092.4957470719887,3213,315512,5
-26593.253968253972,3214,315629,3
-8392.992285492277,3215,316314,13
13633.68361256906,3216,316425,5
10741.708846708847,3217,316451,4
-12015.02997002997,3218,316562,4
12683.991702741694,3219,316691,6
10366.327773533658,3220,316806,5
-91063.2988498429,3221,317488,5
-55963.789682539675,3222,317815,4
8310.803363303363,3223,317918,5
-1771.626984126984,3224,317934,3
8816.079892329895,3225,318038,5
-23938.44336219336,3226,318312,5
12274.978354978364,3227,318404,5
-60454.44444444445,3228,318656,3
13268.55672105672,3229,318810,6
-86878.81421468104,3230,319337,5
-34139.99098124099,3231,319576,4
-27892.12676212675,3232,319962,6
23557.879530600123,3233,320056,6
-19197.072649572638,3234,320347,5
-9367.012709512719,3235,320721,7
13176.071428571428,3236,320764,5
-167357.23179598208,3237,321585,5
47151.61975322577,3238,321777,9
23400.277777777777,3239,321868,6
53091.91017316016,3240,321955,8
655.2731934388244,3241,322288,8
8352.91271228771,3242,322322,4
62567.717992361955,3243,322457,9
7164.025974025987,3244,322572,5
-8562.202380952382,3245,322816,6
-56008.57919857919,3246,323170,5
20518.710278154897,3247,323625,11
15014.41017316017,3248,323781,6
-6909.561272061273,3249,323823,3
-5010.741341991343,3250,323916,4
-8339.487734487733,3251,323963,3
-3885.375127323654,3252,324213,6
-16184.189005439008,3253,324414,5
6296.034995920832,3254,324549,5
-981.3098013098011,3255,324572,3
-61290.44372294372,3256,324974,4
-64914.29987625028,3257,325474,5
25287.740976343932,3258,326128,14
14820.59523809524,3259,326268,7
68296.81841326141,3260,326760,14
-13976.513886440356,3261,326994,5
1392.069180819185,3262,327295,7
-1755.5050505050485,3263,327450,5
-31668.504492368655,3264,327762,6
26048.466933822976,3265,327860,6
-5495.714285714285,3266,327892,3
-46582.615983480355,3267,328302,5
13691.392244796974,3268,328560,7
26379.389776889777,3269,328667,6
2741.0714285714275,3270,328771,5
6786.234043734043,3271,328824,4
-28097.37406384468,3272,329264,7
7729.35814185815,3273,329472,7
16651.87187812188,3274,329712,8
14100.698606948623,3275,330004,9
28481.628371628372,3276,330143,7
-17434.884754263632,3277,330627,9
21921.762081872374,3278,330701,6
-17748.928848928852,3279,330783,3
-14608.00477300477,3280,331045,6
-4583.75,3281,331071,3
-9316.081305838774,3282,331477,8
-12785.820707070707,3283,331538,3
18538.61832611833,3284,331587,5
6287.99888348253,3285,332102,10
-23688.901662063432,3286,332597,7
-66371.65945165945,3287,333050,4
-35469.28571428571,3288,333173,3
-30501.37917637917,3289,333523,7
-77479.57972582978,3290,334103,5
-34093.45466624879,3291,334495,6
-29262.66738163797,3292,334782,5
14123.299200799189,3293,334979,7
3517.10872052783,3294,335141,6
-34755.55555555555,3295,335280,3
-16293.113830613836,3296,335606,7
46337.233810940466,3297,335722,8
-22495.873061407096,3298,336045,6
12429.76911976912,3299,336111,5
16898.469302502064,3300,336179,5
18659.637307137305,3301,336235,5
296.08391608391594,3302,336308,4
-12778.212481962473,3303,336590,6
6067.222173251584,3304,336746,5
-13494.612355523726,3305,336970,5
-25395.367129785453,3306,337155,4
-18931.090853590853,3307,337334,5
-17167.544122544117,3308,337674,6
-2290.595238095238,3309,337684,3
-137602.4801587303,3310,338390,5
5998.916565460708,3311,338696,8
-31810.626456876464,3312,338975,5
16168.920710996954,3313,339220,8
-4289.2186290231775,3314,339684,8
-50458.38813963814,3315,340085,4
-57871.14568438093,3316,340733,9
-869.0881293629158,3317,341161,9
-34679.66256997214,3318,341424,3
-65186.8208180709,3319,342165,8
9057.169163870334,3320,342282,5
10614.242701742756,3321,342862,12
-27158.1771006771,3322,343457,9
-138780.65836940805,3323,344393,7
-26819.266195405886,3324,344675,5
-23028.98462648463,3325,344860,4
-9012.916666666664,3326,344960,4
-34160.03859702389,3327,345299,5
7937.217504717528,3328,345542,7
-54644.836968587,3329,345980,5
20999.976412476415,3330,346043,5
-47810.790038564846,3331,346651,8
-10322.391081141075,3332,347025,8
2405.127784796904,3333,347221,6
-19263.956043956045,3334,347473,5
-124052.90708818169,3335,348792,12
-32871.66305916308,3336,349008,4
-5016.5268065268065,3337,349043,3
-9059.544736309446,3338,349328,5
-21027.764180264185,3339,349507,4
-12115.424575424573,3340,349757,5
32562.606205069445,3341,350085,10
-8813.690476190459,3342,350359,7
-19781.97998896529,3343,350681,7
-28272.581168831148,3344,350994,5
5313.607781107783,3345,351273,7
-20030.082001332,3346,351503,4
-8369.261044337349,3347,351717,5
-33919.40573315572,3348,352037,5
16764.954591976657,3349,352386,9
-45327.30158730159,3350,352610,3
1566.4430014430056,3351,352849,7
-46033.3553946054,3352,353227,5
13668.034743034746,3353,353494,8
-31378.950077700076,3354,353819,5
-19198.694083694074,3355,354038,5
-5736.428571428571,3356,354186,5
3637.703130203133,3357,354297,5
-20280.97587869646,3358,354540,5
3074.0387512814023,3359,354730,6
3312.6187046097966,3360,354887,5
-28970.366716616718,3361,355075,4
-24630.852758352758,3362,355248,4
-15619.464285714288,3363,355324,3
-2212.596153846151,3364,355463,5
-40344.3831168831,3365,355659,3
14231.365401024843,3366,355808,6
-9600.569430569438,3367,356023,5
-72027.05877455877,3368,356698,5
-11128.800003512364,3369,356963,6
6189.8654389985695,3370,357068,5
-4037.4927849927844,3371,357141,4
3373.4704184704206,3372,357183,4
-59108.75,3373,357643,5
-19913.041125541135,3374,357807,4
-14743.810356310358,3375,357880,3
1647.6093192153567,3376,357958,4
-79273.21374660758,3377,358976,9
-8296.959290709292,3378,359161,5
23517.816766566768,3379,359329,7
-43921.4411976912,3380,359731,5
-45004.841686091655,3381,360097,5
-9838.115079365087,3382,360346,6
-9103.412698412696,3383,360454,4
-83481.09126984127,3384,361033,5
-8973.077200577198,3385,361222,6
28647.847569097547,3386,361349,7
1536.540959040959,3387,361537,6
-56213.09163059166,3388,361918,4
3647.4983349983336,3389,362057,5
23100.75188700188,3390,362105,5
-18290.575951825962,3391,362228,3
-14477.024070700532,3392,362500,5
-9740.536378181489,3393,362826,7
-51865.469183594185,3394,363249,6
25017.797778202188,3395,363404,7
-42273.25516803458,3396,363990,7
-42910.82833832835,3397,364396,5
8007.231240981242,3398,364619,7
10286.665311289413,3399,365002,9
-103419.01913037943,3400,366057,9
10993.849345099341,3401,366344,8
-353.6937939511665,3402,366621,7
3821.779054279053,3403,366834,7
31317.673160173166,3404,366992,7
-8695.555555555555,3405,367034,3
-34667.57839382839,3406,367361,5
7165.8147081676525,3407,367406,4
-56278.61867299366,3408,367906,8
-21442.452131202146,3409,368121,5
-14854.923552754435,3410,368508,8
-31819.752873115816,3411,368929,5
-15851.137057387055,3412,369249,5
-5829.29834054835,3413,369508,7
40959.70695970696,3414,369603,7
-38900.90991868468,3415,369991,6
-75297.3088023089,3416,370439,5
-47789.50944007835,3417,370809,3
-43396.6774891775,3418,371222,5
17358.1457431457,3419,371409,7
-39448.80952380953,3420,371708,5
8931.40977443609,3421,371730,4
-61438.49969474969,3422,372144,5
7234.664975547332,3423,372280,5
-111312.75446775446,3424,372987,5
-29562.46657024677,3425,373470,8
-59501.725321247344,3426,374247,7
-5229.027014652012,3427,374440,5
-46160.28151930634,3428,374819,5
-55800.241563991556,3429,375514,9
-26041.11111111111,3430,375623,3
-72015.25732845586,3431,376093,6
-75424.0404040404,3432,376717,8
-18334.08008658008,3433,376985,6
-1183.766704571655,3434,377270,6
1179.9340243090246,3435,377384,5
4165.147075147069,3436,377620,6
-28209.642857142833,3437,377980,6
-27654.761904761905,3438,378108,3
-16946.666666666657,3439,378271,4
-25621.42857142858,3440,378453,4
-25569.2928476752,3441,378747,6
-1153.2738095238094,3442,378760,3
-41579.01154401155,3443,379131,5
-7290.066738816739,3444,379285,5
-998.915945165944,3445,379453,5
-9388.728354978371,3446,379608,4
-5554.478152995953,3447,379968,8
12039.958166833168,3448,380385,10
-91125.0124875124,3449,381128,6
-85884.16631571035,3450,381847,6
-23437.72333059098,3451,382086,5
-153919.10714285713,3452,382749,4
-166278.15975690985,3453,383994,11
-16697.26318616025,3454,384130,4
-31130.70436507938,3455,384333,4
-9294.39393939394,3456,384393,3
1731.2698412698487,3457,384601,6
-373.7554112554114,3458,384612,3
-83504.32178932194,3459,385248,6
1141.4171939171956,3460,385443,6
443.71488726870257,3461,385745,7
4326.294400044401,3462,385808,4
-56488.077339327305,3463,386244,5
-3599.365079365079,3464,386264,3
-29021.409423909412,3465,386638,6
-14071.558441558444,3466,386832,5
-6204.821428571428,3467,386866,3
24737.04357153853,3468,387428,11
-10936.323953823949,3469,387592,5
-58638.89438455417,3470,388146,7
-13515.203962703978,3471,388441,7
-81842.10497835487,3472,388942,5
-39064.21356421356,3473,389172,3
18168.91829833394,3474,389313,6
-58755.10822510821,3475,389645,4
-35155.47619047618,3476,389942,5
3732.1481296481247,3477,390073,5
-80467.2281884782,3478,390696,5
-71034.93411007924,3479,391370,8
-33452.61904761904,3480,391579,4
-139449.2119604251,3481,392935,11
34659.562794231904,3482,393032,7
-6857.683982683983,3483,393072,3
-23183.047785547784,3484,393312,5
-44305.47953916197,3485,393727,6
-29274.65409590411,3486,394000,4
-44286.158147408205,3487,394505,6
-52189.08078033073,3488,395040,7
-15669.226190476194,3489,395211,5
-38165.84232432925,3490,395538,5
28732.321428571435,3491,395588,6
-73500.0198412698,3492,396171,7
-49204.48315573316,3493,396372,3
-7238.696442446441,3494,396479,4
25772.58144633145,3495,396585,6
-13956.815684315688,3496,396945,6
6818.333333333332,3497,396972,4
-14327.945526695526,3498,397228,6
-16837.539346403515,3499,397542,5
-37077.274531024486,3500,397993,7
3442.689393939395,3501,398103,5
20216.062409812417,3502,398403,9
-12534.424603174604,3503,398462,3
-37826.14198301699,3504,398666,3
-65190.023088796355,3505,399181,5
-487.02882086168773,3506,399359,5
28657.4925768676,3507,399510,7
-52909.44444444444,3508,399724,3
-1048.8383838383838,3509,399734,3
-6951.976205983568,3510,400042,7
-5000.773809523811,3511,400127,4
8646.427168033202,3512,400299,6
-19727.67338054103,3513,400516,5
-6648.755411255412,3514,400552,3
-11971.661867544217,3515,400730,5
-46661.32936507937,3516,401033,4
-3974.4444444444443,3517,401063,3
-54646.34990009994,3518,401520,5
-4767.530525030543,3519,401804,6
-61139.34690309685,3520,402271,6
-14023.814517311024,3521,402828,8
36625.14521299844,3522,403092,9
921.6396103896054,3523,403208,5
-9821.151764901768,3524,403457,6
-18027.512071262056,3525,403878,7
-258.3707958707959,3526,403890,3
-5083.271029795816,3527,404422,10
-15124.77335164835,3528,404506,3
-3751.8514818514823,3529,404535,3
-14631.389443889446,3530,404838,6
-8561.453685203684,3531,404989,5
-21022.734765234763,3532,405231,5
-27506.725496725507,3533,405496,5
-41244.79828994534,3534,405863,6
20490.38961038962,3535,405904,5
1138.3333333333328,3536,406025,5
-11204.024426510878,3537,406371,7
-29633.398268398272,3538,406674,7
-49252.240259740254,3539,406969,5
18215.62055999556,3540,407032,5
-5869.357448107447,3541,407146,4
-7135.082865349977,3542,407360,5
-13889.050810300803,3543,407590,5
-61611.430375180404,3544,408205,7
-234.68975468975486,3545,408217,3
-60489.39569009419,3546,408795,7
-83167.72546897548,3547,409306,5
-15676.116522366534,3548,409513,5
-23434.55405705405,3549,409799,5
-34740.62930125429,3550,410209,5
-20984.670414295022,3551,410510,6
-4937.2046009546,3552,410789,7
18270.198412698413,3553,410833,5
-33956.130397380395,3554,411249,6
-43153.858317250284,3555,411617,3
-4727.341269841269,3556,411702,4
-50218.30142080139,3557,412211,9
-58162.44949494951,3558,412566,5
-36814.64591909637,3559,412903,5
-9527.308802308808,3560,413076,5
-81850.54112554117,3561,413649,6
12672.379859777335,3562,413905,7
-62206.497111849334,3563,414414,5
-32106.488095238088,3564,414675,5
-33002.26911976913,3565,414943,5
-79153.58332843613,3566,415725,9
-30449.81969419469,3567,416045,6
-89828.47922910425,3568,416613,6
-5959.812979427604,3569,417237,12
-11997.28149473506,3570,417370,4
12761.914474414472,3571,417444,5
-4669.319985569988,3572,417607,5
-14202.929292929293,3573,417669,3
-62574.7365134866,3574,418181,5
-10396.729797979795,3575,418452,7
-111407.99117549101,3576,419110,5
19843.09704985941,3577,419282,6
-26809.83114108114,3578,419687,7
-17763.971167721174,3579,419924,6
-22634.549062049064,3580,420070,4
-48314.34650316997,3581,420598,7
17745.356207026773,3582,420972,8
-37635.48951177819,3583,421194,4
-75766.64828494957,3584,421671,6
-39392.03588637025,3585,422136,6
-6566.462148962149,3586,422171,3
-21684.377576029212,3587,422326,3
-57420.297619047655,3588,422797,6
-56847.74947274938,3589,423145,4
-76888.88156777862,3590,423827,5
-21939.60101130379,3591,424091,5
45794.890580181906,3592,424183,7
-6919.999999999999,3593,424228,3
-36878.772191860415,3594,424640,7
-363.14213564214094,3595,424781,5
-48541.36904761908,3596,425156,5
-28961.746031746028,3597,425381,5
-35665.02386502388,3598,425711,5
-97921.96914196925,3599,426575,7
-18263.282689532698,3600,426751,5
-36919.080086580085,3601,427058,6
6120.618805214395,3602,427205,6
-82359.00391275392,3603,427767,5
-40761.27303252298,3604,428478,10
-29737.08706433747,3605,428945,7
-34834.40476190473,3606,429266,7
-151093.77775002783,3607,430233,5
27958.403083844263,3608,430453,9
-24679.527433995314,3609,430659,5
1157.1109446109458,3610,430881,7
17608.737026862025,3611,431139,7
-9004.949494949495,3612,431195,3
-22005.295710481467,3613,431387,4
-42469.523809523875,3614,431740,5
-126487.22042598776,3615,432674,9
-42334.59410252181,3616,433461,11
21273.949734737533,3617,433779,10
-50552.93825412634,3618,434456,8
-15730.669330669336,3619,434560,3
30611.0956046018,3620,434665,6
-17273.095238095237,3621,434739,3
-5014.298140155338,3622,434964,6
18628.890913652904,3623,435092,6
-25217.844516594512,3624,435199,3
-50333.78287261417,3625,435586,5
23756.693759583926,3626,435841,8
6383.67807072529,3627,436122,8
-12081.86507936508,3628,436184,3
6343.357822732827,3629,436426,6
-41852.54800754802,3630,436998,7
-38719.66833003596,3631,437596,10
-6868.47582972583,3632,437635,3
-6399.123792873794,3633,437809,5
2548.5840548340566,3634,437997,6
-1344.5426795426797,3635,438015,3
7975.999278499279,3636,438043,4
-4721.62953446623,3637,438304,6
-45580.3459040959,3638,438607,4
-112840.09740259756,3639,439246,5
45060.83893037647,3640,439497,9
-19315.615079365096,3641,439704,5
7264.595543345542,3642,439853,6
27964.73528513969,3643,440009,7
-15441.27275502276,3644,440269,6
-35877.22929847927,3645,440727,5
-6257.467532467533,3646,440762,3
-5768.803231082642,3647,441148,7
-13255.367410367391,3648,441436,6
20242.375541125537,3649,441566,6
-27164.776879682056,3650,441810,5
-4243.888284917695,3651,441986,5
-16498.66888529427,3652,442277,6
-20865.11904761904,3653,442518,5
-40935.65115440115,3654,442697,3
-65406.570929070855,3655,443160,4
-2539.0092582482266,3656,443469,7
22906.27823565324,3657,443645,8
-6972.551195579448,3658,443784,5
-975.8549783549788,3659,443926,5
-22482.558899433894,3660,444180,5
-49465.731823851354,3661,444685,6
-9395.284947895243,3662,444949,6
-40416.257198683685,3663,445332,7
16236.939588189596,3664,445548,7
-67895.85641482702,3665,446034,6
-50689.341173532295,3666,446679,8
18301.961755564695,3667,446769,5
-3483.486652236652,3668,446801,3
30087.71490270137,3669,446893,6
9129.65017009135,3670,447129,8
30104.380263269588,3671,447252,7
16057.00391369898,3672,447491,8
2560.678857391326,3673,447798,7
-4821.0120435120425,3674,447835,3
-15217.447691197687,3675,447906,3
-30039.992805397193,3676,448370,6
-56508.55748826336,3677,448843,6
-2450.892857142857,3678,448855,3
-19802.34161671662,3679,449189,6
-5519.040404040405,3680,449215,3
-1617.9685592185574,3681,449387,6
-43761.59992784993,3682,449714,5
-3377.4801587301586,3683,449732,3
-45651.03049728052,3684,450137,5
-52080.22317959818,3685,450559,6
-7413.754995004995,3686,450622,3
11360.402930402932,3687,450770,6
15159.333860583865,3688,450885,6
30815.60359231412,3689,450924,6
-5422.114845938373,3690,451052,5
-22380.892929524904,3691,451319,4
-2018.0479242979254,3692,451567,6
-19535.793022337122,3693,452038,8
-28258.52390707846,3694,452328,5
8246.190744025496,3695,452607,7
-18892.715895215908,3696,452944,6
14303.585169560396,3697,453020,5
-76313.84435009437,3698,453776,9
-82984.96031746034,3699,454191,5
3603.882204396914,3700,454308,5
-13064.755609418402,3701,454513,4
-50215.20650917713,3702,455071,7
-18029.17207792207,3703,455227,5
62.499722499722566,3704,455237,3
41425.22727272728,3705,455412,9
-25982.980422785,3706,455650,5
-3956.1435786435754,3707,455729,4
-18250.709698797935,3708,455881,4
-8805.336734344106,3709,456112,5
9717.22851430475,3710,456373,7
-45801.499195249235,3711,456729,5
-6975.940656565653,3712,456948,6
-13856.466866466868,3713,457025,3
-23386.011904761905,3714,457256,5
-13269.851557755974,3715,457637,8
20258.57722343017,3716,457693,5
18073.991008991008,3717,457817,6
-31916.745170893795,3718,458047,4
13223.994338994336,3719,458227,7
-107284.95429750838,3720,458980,6
-476.3564213564215,3721,458991,3
-3500.7817182817143,3722,459156,6
-55535.42693417691,3723,459550,5
-9878.879176379183,3724,459741,5
-16825.151931401935,3725,459930,4
36963.400835275825,3726,460119,8
30940.752046156456,3727,460205,6
-7017.564935064932,3728,460400,5
19075.57539682539,3729,460627,8
-41479.97664100605,3730,460909,4
8276.39360639361,3731,461061,6
-94896.32159507152,3732,461830,6
-97838.34415584413,3733,462529,6
-11182.897944848395,3734,463063,10
-27482.502497502457,3735,463393,6
1752.961107519932,3736,463680,8
-81967.93734043743,3737,464167,5
-41636.95900268459,3738,464813,7
-29529.6600381043,3739,465111,6
-14577.577620822589,3740,465403,7
-62543.972472278736,3741,466131,5
13385.354841433302,3742,466232,5
-2627.3874042624066,3743,466510,8
-60231.39067223625,3744,466942,6
-11722.224014805292,3745,467211,5
-683.00851925852,3746,467492,7
36127.559038184045,3747,467629,8
50904.59408646911,3748,467743,9
16703.396464646466,3749,467813,5
22577.359829712772,3750,467841,5
-3711.5043290043286,3751,468144,8
-16836.56884781885,3752,468366,5
-20594.7308941059,3753,468501,3
-35818.68026130214,3754,468980,6
-3978.0429292929307,3755,469189,7
-48817.56132756135,3756,469620,5
-8667.387290399136,3757,469692,3
-36326.482267732266,3758,470271,10
-161724.2969612089,3759,471356,8
-61856.115262175685,3760,471969,8
-44046.07642357639,3761,472458,8
-41137.903297120545,3762,472683,4
-64448.875777000794,3763,473292,7
-15750.35173160173,3764,473523,6
-20071.358225108233,3765,473782,5
-10589.084249084248,3766,473845,3
-12005.145219977983,3767,474657,12
-68590.2680162974,3768,475349,6
-6364.4763569763545,3769,475653,7
-59350.43650793649,3770,475873,3
-64050.89629067182,3771,476619,10
7196.986346986348,3772,476764,6
-1178.3910533910507,3773,476894,5
-61852.64553386069,3774,477458,8
23738.16197691198,3775,477501,5
-59787.658134349454,3776,478255,8
-45887.974941724926,3777,478587,5
58944.68403178349,3778,478753,9
20695.257193786605,3779,478778,5
-31585.180448636347,3780,479502,11
-206.97436550377574,3781,479633,5
-30481.994793991762,3782,480134,8
-4577.225829725829,3783,480159,3
3389.188974724958,3784,480410,6
3542.67674727233,3785,480651,7
-61020.496031746006,3786,480995,5
30171.62945714416,3787,481119,7
-7211.664995292461,3788,481395,6
-79842.23600165747,3789,482145,8
-32250.897240014892,3790,482627,8
-23253.83782883783,3791,482716,3
-27386.318542568537,3792,483000,5
-25382.37373737373,3793,483112,3
-5252.750166500165,3794,483436,8
-99321.96621833618,3795,484517,8
-48787.282912520925,3796,484920,6
-16492.142857142855,3797,484986,3
8027.036435786435,3798,485018,4
-19415.833209804823,3799,485306,5
470.382902915793,3800,485513,6
870.2813852813849,3801,485570,4
5773.986291486291,3802,485614,4
-44700.41237615159,3803,485980,6
-23878.97793383087,3804,486198,5
2437.140359640365,3805,486522,8
-27456.409840159842,3806,486790,5
-8879.451659451659,3807,486836,3
-22092.976190476184,3808,486968,4
-35421.27428234819,3809,487321,5
-9138.977896028999,3810,487809,8
-1749.8294760794881,3811,488066,6
-19592.695360195343,3812,488258,5
-2219.4444444444443,3813,488274,3
-19296.49520657025,3814,488532,5
-8438.18333715997,3815,488619,3
-26148.471634574584,3816,488907,5
-4506.868524062793,3817,489225,8
-19957.232767232774,3818,489402,4
16651.49512902407,3819,489509,5
-15511.740204240212,3820,489737,5
-65014.74025974031,3821,490305,8
30961.9320103178,3822,490752,10
-9938.234820734822,3823,491018,7
25480.247113997117,3824,491082,6
43188.393853308735,3825,491192,7
44060.919913419915,3826,491239,7
-36779.653679653675,3827,491497,5
-51990.68833943829,3828,491808,3
-57793.33998474867,3829,492164,4
25823.423382173383,3830,492378,8
-9600.759028553151,3831,492549,5
-2469.285714285714,3832,492610,4
-37245.46633921635,3833,492904,4
-49537.841798724156,3834,493225,4
-30384.108332085332,3835,493629,6
-2673.9037351537354,3836,493957,7
-24614.85383607599,3837,494449,8
5809.6277333777325,3838,494491,4
-16702.610663974832,3839,494751,6
-36452.83617225568,3840,494940,3
-6438.731984175088,3841,495335,7
-14843.826312576304,3842,495467,4
32979.073842823826,3843,495716,9
-2308.6507936507933,3844,495726,3
198.4126984127024,3845,495834,5
-34421.82359307359,3846,496128,6
-11240.571789321793,3847,496288,5
7459.2951003245125,3848,496323,4
-4592.325868575868,3849,496343,3
-549.8475422944509,3850,496554,5
3570.2355977355946,3851,496689,6
35393.883902045665,3852,496872,8
51016.59701409704,3853,497058,10
-16351.340833014592,3854,497259,5
22666.94000444,3855,497378,6
-47579.992927179475,3856,497760,6
-32729.404251915363,3857,498048,4
14418.07140719393,3858,498435,9
18704.566593537187,3859,498556,6
31828.667374292374,3860,498612,6
-574.3217893217902,3861,498737,5
967.1383473337855,3862,498892,5
39302.73916485993,3863,499005,7
-55851.24999999999,3864,499384,5
20692.04911918148,3865,499524,7
-29895.89791744205,3866,499919,7
19832.228033404503,3867,500028,6
-9761.534992784993,3868,500074,3
-31256.633140895912,3869,500360,4
121.73493173492989,3870,500496,5
3538.2896270396122,3871,500701,6
-13131.035076035076,3872,500864,5
-116926.32568326074,3873,501860,8
-65978.68422322656,3874,502248,5
-19698.867666990733,3875,502531,5
8364.246243952126,3876,502692,6
-26534.773837273846,3877,502915,5
-29734.389152514188,3878,503280,6
-24858.41672216672,3879,503874,9
-30060.127148393418,3880,504080,3
47523.496660083,3881,504253,8
33794.528804528825,3882,504442,8
-15702.261904761906,3883,504588,4
-23161.314449439447,3884,504853,5
-54458.98133381823,3885,505441,8
-644.4444444444443,3886,505457,3
-48422.70576645581,3887,505698,3
-68495.49603174604,3888,506052,4
-7794.709538827186,3889,506111,3
-2377.777361527362,3890,506132,3
-45651.55122655123,3891,506574,7
28407.182539682526,3892,506765,9
31716.959118023366,3893,506887,7
-39694.0707617546,3894,507113,4
-1926.7316017316016,3895,507134,3
20586.990439685866,3896,507193,5
-51095.72455322458,3897,507637,5
-15235.714285714295,3898,507782,4
-28091.000237507575,3899,508224,8
-30394.751082251063,3900,508394,3
15390.283050283046,3901,508452,5
-16664.721529760234,3902,508711,5
-75476.65130578057,3903,509475,8
-23755.991708454934,3904,509823,6
-5131.854256854255,3905,510061,6
-16311.57287157287,3906,510238,4
49984.1829004329,3907,510392,9
-21392.32142857142,3908,510634,5
-4788.89936452436,3909,511021,9
17311.32603507604,3910,511153,6
-141328.07238902544,3911,512349,6
15155.59163059163,3912,512485,6
-10510.740354416837,3913,512876,8
4029.4300144300196,3914,512928,4
-24903.26926341633,3915,513214,6
-20995.83311232115,3916,513694,8
-32536.255411255413,3917,513803,3
-66421.58291055352,3918,514252,5
-7571.556119963627,3919,514297,3
-36394.706387738515,3920,514523,3
-20799.212315462322,3921,514857,7
-31324.623015873007,3922,515218,6
16086.051587301585,3923,515270,5
-88049.32137307138,3924,515757,6
-35516.12772031895,3925,516203,5
17037.774170274177,3926,516304,6
-101689.22813297813,3927,516839,5
-65521.08225108226,3928,517273,5
-22372.876012876015,3929,517356,3
-5528.389249639237,3930,517561,6
13729.716533466533,3931,517638,5
-12953.59668109668,3932,517842,5
25817.94292060597,3933,517923,6
52080.024954620494,3934,518134,10
23353.695193695195,3935,518235,6
33514.58173864992,3936,518289,6
-15836.574675324679,3937,518362,3
11274.565373996487,3938,518394,4
-20657.198005812563,3939,518724,6
6911.0714285714275,3940,518734,4
-9128.66988661493,3941,518815,3
-9093.2868266924,3942,518884,3
-7198.944718801413,3943,519125,5
38961.23973248975,3944,519346,9
17631.25,3945,519374,5
-4916.845238095235,3946,519516,5
-18151.801633179348,3947,519876,6
32574.188457453463,3948,519973,6
-29500.22158397159,3949,520278,6
11665.833055833058,3950,520300,4
-17074.814213564212,3951,520469,5
-35468.83227883228,3952,520738,5
-18774.210851573465,3953,520875,3
-7340.535714285715,3954,520923,3
-38468.093193571156,3955,521588,12
9696.192611582319,3956,521671,5
-12047.094155844161,3957,521825,4
-21640.92546342547,3958,522144,6
27520.894211997165,3959,522231,6
-6152.6787101787095,3960,522331,4
-13355.110343303062,3961,522810,10
71479.0646026436,3962,522964,9
35861.107524656276,3963,523045,6
-22181.22080984888,3964,523333,4
-4857.63832508221,3965,523351,3
-2253.1452248731644,3966,523456,4
2746.6453457663943,3967,523585,4
-11387.683982683984,3968,523735,4
-1186.34239387241,3969,523843,4
48098.815124900546,3970,523951,7
59543.305583305584,3971,524055,9
-10336.870617127966,3972,524502,8
-29529.553249468107,3973,524784,4
16261.379053952565,3974,525100,9
21671.666666666664,3975,525115,5
13829.101633660459,3976,525178,5
13290.549807304837,3977,525269,5
-5748.754267318507,3978,525507,6
19106.831647884286,3979,525585,6
3092.1817196391503,3980,525672,4
-40241.05810855811,3981,526095,7
43726.869515288636,3982,526213,8
27789.25331449221,3983,526489,9
-158177.31629352752,3984,527721,8
17150.586322002724,3985,527843,5
-4502.321428571428,3986,527875,3
-6029.265873015874,3987,527912,3
-13530.714285714286,3988,527971,3
-2037.646103896104,3989,527982,3
-12164.711538461539,3990,528122,5
-471.7450604950608,3991,528133,3
-72731.32520257517,3992,528585,5
-70831.94830968833,3993,529246,8
-86269.88677988668,3994,529777,6
-12191.27122877123,3995,529839,3
18756.607142857138,3996,529873,5
-44943.24855699855,3997,530183,5
-12208.084216694893,3998,530286,3
-7683.221292596293,3999,530333,3
-3416.966620377235,4000,530693,7
46608.063382051376,4001,530825,8
31265.378649128652,4002,531012,9
6637.538017538018,4003,531064,4
-12010.957004811493,4004,531150,3
11460.83346922591,4005,531312,5
6809.317284023168,4006,531486,6
-15124.821428571433,4007,531653,5
-15054.56481018981,4008,531748,3
7456.922408731643,4009,532203,8
6143.126052868701,4010,532309,5
-52687.9183316684,4011,532748,5
14032.879481629483,4012,532979,8
27435.941219083634,4013,533044,6
39623.36071608131,4014,533102,7
29129.17830814697,4015,533194,6
-18408.531746031742,4016,533392,5
-16060.443722943723,4017,533573,5
467.3160173160172,4018,533584,3
35118.08554080714,4019,533858,8
-11799.628427128418,4020,534051,6
40483.21067821067,4021,534110,7
2979.891037754813,4022,534298,7
18710.282495282492,4023,534352,5
3575.620714639665,4024,534583,7
-1248.7554112554114,4025,534602,3
-63313.40659340656,4026,534891,3
13326.919346992876,4027,534982,5
-48915.83263958266,4028,535373,5
24355.87343212343,4029,535632,9
42894.64218981053,4030,535783,8
-82934.18680133084,4031,536447,6
11291.228251452705,4032,536621,6
15226.400544759674,4033,536751,6
17891.46825396825,4034,536818,5
42813.318421774304,4035,537033,9
16065.142035252338,4036,537377,9
-6670.954429127805,4037,537606,5
-5588.608613608606,4038,537805,5
-2156.5799478299505,4039,537980,5
15196.379702813525,4040,538283,8
18715.188283938296,4041,538441,6
40154.71186856509,4042,538604,8
-48764.074675324664,4043,539038,6
8471.468253968254,4044,539070,4
2596.0561589683243,4045,539421,8
8858.827953092652,4046,539620,7
-65813.68367743364,4047,540281,10
-60483.19978632473,4048,540768,5
-7141.179262773698,4049,540989,6
1009.4763569763559,4050,541041,4
2793.060874500745,4051,541312,7
7428.177239427234,4052,541644,9
-15622.11760461761,4053,541900,6
-34538.83685758686,4054,542154,4
-5303.022533022532,4055,542194,3
-19985.982617313886,4056,542312,3
-1435.847902097904,4057,542482,6
-44417.21639471639,4058,542758,5
-46859.233960483936,4059,543052,4
-44945.61319928857,4060,543490,6
-5463.409805064201,4061,543719,6
7374.376456876458,4062,543761,4
10770.992631043438,4063,544020,6
9928.594877344878,4064,544207,7
-1454.7283272283275,4065,544306,5
-37538.98666671306,4066,544768,6
-48263.9561852836,4067,545171,6
-30945.140610518705,4068,545591,6
-29686.966998859396,4069,545795,4
5921.303905932393,4070,545921,5
233.0552780552798,4071,546116,5
39364.0566425319,4072,546318,9
-9002.61904761905,4073,546362,3
-32951.720779220756,4074,546809,8
-472.73837273837273,4075,546820,3
-64788.70137623816,4076,547315,5
-13792.74107428519,4077,547497,4
-53926.73909423915,4078,547998,7
-26575.59551559552,4079,548121,3
-19880.75455590161,4080,548364,5
-1250.73593073593,4081,548516,5
-47728.15753690753,4082,548780,4
-25516.392801814647,4083,549236,7
85902.91392316043,4084,549451,11
9796.634962259968,4085,549652,7
49705.87447274947,4086,549798,9
-17860.81542984021,4087,550056,7
-16069.940476190477,4088,550132,3
-32361.71342138256,4089,550623,5
14835.279997779995,4090,550778,7
-25595.445910298837,4091,551201,7
-38190.17857142857,4092,551362,3
9958.498239189954,4093,551657,7
-24257.152716564477,4094,551990,6
-14832.345273190858,4095,552243,6
2160.3375889676163,4096,552478,7
-12556.04546597193,4097,552982,9
-20770.200702075672,4098,553526,8
-16031.111864356842,4099,553867,7
40250.59893829194,4100,554016,8
4379.226190476187,4101,554239,8
22189.372506578384,4102,554349,6
9489.59595959596,4103,554361,4
9120.620698316134,4104,554537,6
-190422.94271671097,4105,555649,5
4553.75124875125,4106,555772,5
56249.9753759313,4107,556058,11
-39511.22002997001,4108,556325,4
-7639.520202020202,4109,556366,3
-3348.4480796980824,4110,556739,8
-16564.389296419096,4111,556928,5
9180.389055389052,4112,557045,5
-55155.84082584083,4113,557367,5
1427.5531468875151,4114,557565,5
42810.85221990921,4115,557893,9
23942.075429515455,4116,558129,8
24665.379114349696,4117,558226,6
-12624.303474303471,4118,558308,3
-5514.64663690283,4119,558345,3
383.3624246840218,4120,558692,8
-22066.416240913502,4121,559138,6
20234.897695090687,4122,559293,6
-20412.361111111106,4123,559492,5
8494.931973770981,4124,559616,5
-6281.373210123211,4125,559851,5
-32314.15972915972,4126,560086,4
10888.188163101082,4127,560526,10
-34011.25582750581,4128,560833,5
-16453.511904761905,4129,561035,5
14918.621933621936,4130,561147,6
-76256.18774607743,4131,561666,5
-60380.970242348,4132,562143,5
54131.765873015866,4133,562240,9
17389.615800865795,4134,562347,6
-53848.276334948074,4135,562792,5
-10098.251748251747,4136,562854,3
15140.183982683977,4137,562998,6
-18317.616411366424,4138,563175,5
-18526.711687220657,4139,564053,13
-42375.48853923853,4140,564356,5
15627.75507537699,4141,564693,9
30154.20634104459,4142,564843,7
-9478.439754689754,4143,564890,3
2096.925273299112,4144,565021,5
-35982.811925094626,4145,565236,3
-8455.022304836553,4146,565485,6
9782.417027417025,4147,565514,4
40890.94387380765,4148,565581,7
-15948.194206049706,4149,565761,3
-3078.065039535628,4150,565775,3
42099.51851360714,4151,566032,9
17205.506854256855,4152,566080,5
-53119.72624597623,4153,566363,4
28519.794061073066,4154,566543,7
-4004.227855477864,4155,566683,5
-32480.17992628289,4156,567200,7
-5318.52265381677,4157,567497,7
5936.708152958155,4158,567656,5
26276.239316239324,4159,567959,10
11715.72666562024,4160,568213,7
18179.512987012986,4161,568257,5
23794.27762188791,4162,568365,6
-22672.929570429573,4163,568652,6
-21328.841608168234,4164,568986,6
1701.1345598845571,4165,569080,5
-624.8412698412699,4166,569090,3
-101766.83580308597,4167,569770,5
-58673.29568406312,4168,570227,5
30179.73203331756,4169,570283,6
40365.68820068819,4170,570534,10
16457.203960255432,4171,570639,6
-593.8383838383838,4172,570649,3
4745.007144147333,4173,571036,7
-9762.261473476643,4174,571270,6
5579.653680596857,4175,571603,7
-32965.523920523934,4176,571850,5
-27649.825868575856,4177,572022,3
-59504.757314838535,4178,572378,3
27594.42417747371,4179,572653,8
-21704.92042271455,4180,572870,5
2971.661775979206,4181,573224,8
11509.129204129204,4182,573303,5
-3097.9830034086935,4183,573434,5
-65479.87408424908,4184,573680,3
7362.083333333332,4185,573695,4
-19253.56240981241,4186,573792,3
-20434.704231526983,4187,574207,7
15294.588883338889,4188,574303,5
-1787.6402441914015,4189,574847,10
-26270.71428571427,4190,575053,5
30888.057775557783,4191,575167,7
-2806.2615055223478,4192,575516,6
19454.92368742369,4193,575565,5
21394.307775557776,4194,575602,5
-12175.99025974026,4195,575667,3
-10336.607948575405,4196,575968,5
-3006.428571428571,4197,575978,3
13794.151857129798,4198,576164,7
13183.043269509983,4199,576475,8
6432.2218171405475,4200,576608,5
13055.173437673438,4201,576680,5
-2036.509324009324,4202,576710,3
-56190.07812148283,4203,576999,3
8106.224747474749,4204,577105,5
1048.14387001887,4205,577177,4
-51957.65315180174,4206,577586,7
-56355.97612806012,4207,578248,7
-6242.081668331697,4208,578660,8
12668.353974456913,4209,578797,6
-127620.03620154354,4210,579743,8
5815.823822720104,4211,580112,8
24061.463675213672,4212,580398,9
-21467.6814250421,4213,580777,6
-5792.37356060695,4214,581394,10
-13127.0183982684,4215,581552,5
45489.04177113736,4216,581720,8
44247.24011626488,4217,581877,8
-35130.22394272395,4218,582123,4
86244.32713120214,4219,582342,12
-23676.477420927873,4220,582747,7
15830.300620226772,4221,582979,7
7677.471417471419,4222,583016,4
-8689.310682008052,4223,583198,6
-24816.116932025914,4224,583735,8
26609.528623998613,4225,584085,9
23953.4568810962,4226,584120,5
-19431.758542221673,4227,584385,5
-9252.023691392884,4228,584454,3
-10442.952676408559,4229,584506,3
37981.031498601165,4230,584670,8
-22254.262404262405,4231,584887,5
6375.729479913459,4232,585000,5
-45945.44142347163,4233,585504,6
-15073.4007394824,4234,585643,3
-21631.714671207712,4235,586044,7
12023.670319833253,4236,586137,5
20348.97201654556,4237,586291,7
36240.59957199663,4238,586386,7
2222.2080778698437,4239,586533,5
-44734.181494742166,4240,587033,6
28536.721176570234,4241,587194,7
6897.420634920635,4242,587220,4
-12215.815509739663,4243,587449,5
43720.214779630405,4244,587648,9
6425.396825396825,4245,587768,5
-1666.292433057139,4246,587980,6
20911.12082362083,4247,588024,5
6710.383115766245,4248,588144,5
-28935.200550868125,4249,588527,5
-659.7895274230438,4250,588704,5
54007.09405630602,4251,589029,10
4935.449134199135,4252,589077,4
5107.87518037518,4253,589180,5
2286.2481472775603,4254,589318,5
15908.413643460077,4255,589399,5
18480.10946363391,4256,589465,5
-2371.1857945545994,4257,589712,6
-4573.211857586857,4258,589738,3
5033.480614600347,4259,589966,5
48067.51456876456,4260,590063,8
-24425.815850815852,4261,590150,3
11461.527547763324,4262,590579,9
15898.791910703674,4263,590747,6
11893.591229032401,4264,590835,5
1385.8787046287077,4265,590982,5
-15240.47022808633,4266,591096,3
38000.86723024994,4267,591434,10
-15377.291275331143,4268,591703,5
-4983.8391405206385,4269,592110,8
8514.863886113886,4270,592248,5
-3600.917554667551,4271,592401,5
-20497.122281472202,4272,592635,4
-16337.065050151536,4273,592859,4
11356.228722258136,4274,592921,5
21256.612317421146,4275,593138,7
19151.19685869686,4276,593194,5
-5783.849553224552,4277,593473,7
16887.21174615719,4278,593892,11
-10257.261904761903,4279,593926,3
-31390.275554574706,4280,594212,3
-70180.2815064193,4281,594645,4
12735.619026226605,4282,594765,5
50675.374486624496,4283,594865,8
11213.219696969707,4284,595031,6
1822.6131384954924,4285,595267,6
-67240.88726546928,4286,595740,4
1235.6042568542591,4287,595874,6
-5451.130258630254,4288,596188,7
25103.412034890433,4289,596392,7
-25958.90873015873,4290,596746,6
-27823.780178155186,4291,597045,5
13892.50846375847,4292,597248,7
29946.173573158867,4293,597529,10
-5951.746031746031,4294,597565,3
-4621.533353986909,4295,597842,6
-51097.87878787878,4296,598034,3
14597.318404634589,4297,598318,8
-32926.59985847485,4298,598612,5
35453.572154539645,4299,598961,10
4211.133090765442,4300,599021,4
-9540.44493904788,4301,599241,5
-3561.311714601163,4302,599733,9
11213.041680541679,4303,599890,6
18646.523109243702,4304,599922,5
-6390.418470418471,4305,599966,3
-8569.444444444445,4306,600008,3
20721.19909266,4307,600184,6
-15715.842914610308,4308,600631,8
-78744.63809539276,4309,601177,6
-65591.93494171283,4310,601615,5
-42333.86113886114,4311,601803,3
-39056.86251184311,4312,602151,5
3809.951714951715,4313,602197,4
-13141.392581586462,4314,602602,7
-11465.825278440465,4315,602890,5
27201.890544096426,4316,602990,7
29302.71229457601,4317,603084,6
-8856.450515643628,4318,603204,4
3272.314433502518,4319,603478,7
-31862.171717171706,4320,603614,3
-3120.0505050505067,4321,603757,5
-36643.03862803863,4322,604105,6
-8028.60597735598,4323,604232,4
-25878.39202464203,4324,604384,3
-68669.8318403882,4325,605036,7
-27098.675034116215,4326,605289,4
-10360.380636520333,4327,605530,6
-72606.45687645688,4328,605925,4
-21699.642857142855,4329,606056,4
-38150.19141196111,4330,606515,6
12190.756298225346,4331,606711,7
-7895.81271669507,4332,606750,3
-1261.11821185351,4333,606924,5
18822.710928991903,4334,607112,6
-1917.7777777777774,4335,607130,3
11341.526459651477,4336,607453,8
-38598.98767898768,4337,607646,3
-21135.157832363722,4338,607822,4
-51767.175545043196,4339,608113,4
-67508.22198205128,4340,608804,7
-49524.24020424021,4341,609161,6
-17842.142857142855,4342,609223,3
-12651.8322097579,4343,609435,5
13054.854145506755,4344,609525,5
-1233.214285714285,4345,609617,5
-7941.098484848485,4346,609775,5
-18086.746885080855,4347,610112,6
-21343.81925264279,4348,610258,4
-9140.603988804452,4349,610480,5
38727.40033594902,4350,610743,9
32075.069554628386,4351,610802,6
-3413.206442250606,4352,611206,7
12504.217788575368,4353,611490,7
-86432.67174002471,4354,611946,3
-13354.47853616971,4355,612205,5
-34374.52148062628,4356,612796,9
35103.770089344776,4357,612994,7
-1970.2770840270878,4358,613186,5
-50134.49218821967,4359,613663,5
-11658.437395937399,4360,613725,3
-22536.050553333847,4361,613971,5
-5239.037528948515,4362,614107,4
-18847.73307188168,4363,614231,3
-16546.01551226552,4364,614480,6
27848.982128982127,4365,614623,7
-2261.4880952380963,4366,614701,4
-7933.603896103896,4367,614741,3
-836.5460927960914,4368,614821,4
-91070.60086971855,4369,615297,4
22072.56464124111,4370,615349,5
-18643.717532467534,4371,615444,3
31551.538457457573,4372,615568,7
-24863.57517482516,4373,615814,5
-2892.1940849398347,4374,616006,5
8723.452380952378,4375,616085,5
-3027.7451714951767,4376,616366,7
2802.404331779333,4377,616517,5
-27189.111929736915,4378,616735,4
-18486.856335958553,4379,617480,11
-25480.8962305325,4380,617933,7
19221.528467447584,4381,618141,8
4703.228715728716,4382,618355,7
-7705.125467927327,4383,618496,4
27106.112172141577,4384,618649,7
9867.924853783989,4385,618727,5
-14136.138301413066,4386,618867,4
13093.082192481843,4387,619049,6
-15239.492574419057,4388,619431,6
35634.95812022516,4389,619644,9
-55834.34760092845,4390,620051,5
-10490.200118508943,4391,620128,3
-9547.796857770863,4392,620202,3
-34045.22114645759,4393,620674,7
-1698.3916083916101,4394,620993,8
-30275.957112399356,4395,621334,5
11281.35068654368,4396,621379,4
720.6443839957788,4397,621632,6
-8949.164654789656,4398,621674,3
12840.7318966723,4399,621930,7
-31897.04993641956,4400,622495,8
-18968.881193625773,4401,622613,3
-1691.5945165945168,4402,622629,3
93780.52565876674,4403,622894,13
-19481.233663817526,4404,623006,3
-10191.46514347366,4405,623267,5
-692.5177600177545,4406,623543,7
-12125.370877187826,4407,623808,6
17072.64576926341,4408,624130,8
-1859.4328102387715,4409,624472,7
-23164.95191571826,4410,624734,6
10334.660171914416,4411,624844,5
5189.958236208237,4412,625046,6
19009.529637029627,4413,625256,7
-64403.87716858302,4414,625854,6
21148.870190664442,4415,626163,8
30205.221583971605,4416,626419,9
164.63385190586598,4417,626688,6
1848.3580308580372,4418,626898,7
-7771.577978041165,4419,627013,4
-6281.214756605623,4420,627060,3
-44239.12134842283,4421,627330,5
38086.65584415585,4422,627373,7
-5111.207877090229,4423,627421,3
-8175.0,4424,627462,3
56923.012131463096,4425,627840,11
-6775.921717171716,4426,627874,3
-12893.40824304194,4427,627984,3
-7249.347424789202,4428,628083,3
25257.205294705298,4429,628208,6
81773.75566427034,4430,628442,12
-4284.9633409676,4431,628820,7
-2541.439891359295,4432,628900,4
15557.536742807306,4433,628980,5
-958.6709201344415,4434,629232,6
64118.275088774295,4435,629406,9
-13778.506718777027,4436,629625,5
-7012.787156368387,4437,629669,3
20893.948046492555,4438,629861,6
21116.81194622371,4439,629926,5
19525.3041695147,4440,629960,5
492.10928841540454,4441,630033,4
32134.604007104015,4442,630271,9
8600.383007515364,4443,630399,5
13428.749738823273,4444,630497,5
-11148.650793650793,4445,630558,3
-2734.0508294184083,4446,630654,4
-22162.261904761897,4447,630929,6
-44738.996910597154,4448,631183,3
-10066.96791770321,4449,631441,6
-59362.47818064511,4450,631863,5
-9005.146103896102,4451,631922,3
-2172.2557527182125,4452,632315,9
25007.62706827916,4453,632587,8
-1249.4444444444443,4454,632613,3
14593.807201785145,4455,632677,5
-11932.830502830504,4456,632722,3
-11377.369049938708,4457,632802,3
-83.01132862665634,4458,632994,5
67180.60245310247,4459,633107,10
-51470.0346157971,4460,633806,8
18007.256077256076,4461,633971,7
-2629.4642857142853,4462,633988,3
-11124.917175402865,4463,634204,5
3076.2896825396847,4464,634302,5
-16702.257448433913,4465,634790,8
792.4862186317293,4466,634859,4
9827.456668157976,4467,634986,5
-9635.577200577201,4468,635096,4
2514.5475770359844,4469,635463,8
-3633.928571428572,4470,635507,3
-2579.4841269841268,4471,635519,3
-13630.386280386283,4472,635604,3
-26086.08812755871,4473,635753,3
-1704.066627816632,4474,635932,5
-36290.00035298205,4475,636344,6
-12330.119047619048,4476,636535,6
-14157.66910561174,4477,637098,9
11151.28205128205,4478,637125,4
6415.75618825619,4479,637350,6
-49939.572649572634,4480,637807,6
5522.689173571525,4481,637927,5
22890.543092337884,4482,638005,5
37332.54124054182,4483,638166,7
-100682.42784992783,4484,638625,3
-18607.326839826837,4485,638867,5
23279.264069264045,4486,639006,7
18030.174552614568,4487,639116,6
-32264.44932926545,4488,639561,7
-35895.60023310025,4489,639792,4
804.076756576751,4490,639936,5
-58168.21383853509,4491,640366,4
-64290.240315240335,4492,640778,3
-5678.607343379015,4493,640834,3
-6066.219613719616,4494,640972,5
32465.31145067523,4495,641249,9
-1463.4527323381776,4496,641412,5
23250.820970824836,4497,641448,5
-5052.554219516262,4498,641952,9
14798.604362613649,4499,642018,5
10446.23133767677,4500,642137,5
18486.522869330543,4501,642208,5
16065.478895674321,4502,642374,6
-7154.100066600065,4503,642442,3
-17435.789232267554,4504,642737,5
11988.43549743804,4505,643103,9
-7118.650793650793,4506,643140,3
-4914.821428571428,4507,643174,3
18671.457292707295,4508,643299,6
-3275.624375624376,4509,643309,3
-22107.156870906878,4510,643570,5
-6508.063817725699,4511,643645,3
1291.8545343545359,4512,643797,5
77546.82839417578,4513,643901,10
-8641.401724509393,4514,643964,3
34303.84801601907,4515,644295,9
-43387.17797811061,4516,644984,8
-69453.93977281744,4517,645642,7
-23595.471308652763,4518,645777,3
-40732.23317096968,4519,646120,5
-5719.178895796475,4520,646153,3
-5249.950057009888,4521,646481,7
9760.347079391202,4522,646984,10
-24176.1087854354,4523,647122,3
-7167.2827172827165,4524,647169,3
28341.91523388892,4525,647233,6
19800.637071262077,4526,647359,6
8883.622093486225,4527,647396,4
-5240.422807326833,4528,647577,5
23666.09525600818,4529,647814,9
18706.603515163886,4530,648060,7
-410.7611832611835,4531,648079,3
6919.207769354822,4532,648383,7
-13366.307997558002,4533,648584,5
41866.839048894,4534,648661,7
-26192.96646826387,4535,648806,3
-4430.723304473304,4536,648840,3
19021.11790986791,4537,648879,5
-8870.714285714283,4538,649230,8
4723.379757497402,4539,649281,4
6855.730519480521,4540,649443,6
-19578.915869132652,4541,649898,7
-10855.09816572317,4542,650097,5
10511.341783216782,4543,650139,4
-57389.891709597636,4544,650384,3
15553.098706848708,4545,650442,5
21968.41145374233,4546,650496,5
-11066.42750739113,4547,650730,5
99373.86360006522,4548,650994,13
4172.199605949606,4549,651047,4
-23773.904156425106,4550,651355,5
31585.541461677294,4551,651412,6
10915.94764261366,4552,651503,5
3097.597984421618,4553,651793,6
-8827.527472527481,4554,651965,5
23099.870710930467,4555,652241,8
-6833.500319125323,4556,652375,4
-71128.29170829173,4557,652709,3
-9173.473748473752,4558,652903,5
16422.26911976912,4559,652942,5
-24923.577398908288,4560,653225,5
-28655.829580690843,4561,653506,5
-400.8928571428571,4562,653519,3
-26623.406597272708,4563,653952,6
8687.212885154062,4564,654019,5
18182.409652181326,4565,654089,5
12668.942899448857,4566,654210,5
21024.11489439353,4567,654464,8
-37858.817016317014,4568,654660,3
-15561.563293302852,4569,655034,7
-9512.438672438671,4570,655219,5
14091.933344433348,4571,655312,5
21022.31653322597,4572,655791,10
-32088.003246753236,4573,655935,3
18106.363422868817,4574,656358,11
-33164.811979171485,4575,656831,6
-27586.108682983682,4576,657005,4
23430.744474823423,4577,657031,5
-7301.255500371883,4578,657188,4
5504.601836072426,4579,657293,5
540.9272671772633,4580,657613,8
-1055.0913139148433,4581,657632,3
14511.634199134198,4582,657672,5
1891.4568764568721,4583,657825,5
17935.77380952381,4584,657843,5
-14120.374670908728,4585,658041,5
-2909.5834720834728,4586,658063,3
34216.69923214041,4587,658201,7
-32075.405010234343,4588,658548,5
-2544.642857142857,4589,658559,3
13263.446275946271,4590,658663,5
-31672.08429663732,4591,658860,4
1919.6066433566425,4592,658928,4
-5141.2660052365945,4593,658967,3
11275.011741354618,4594,659147,6
-6864.864302364303,4595,659188,3
30164.218004217997,4596,659331,7
5306.1505147086655,4597,659679,8
-5190.265161395195,4598,659816,4
4776.733772763184,4599,659869,4
-21676.17961287079,4600,660163,5
-5768.470418470415,4601,660312,5
-6929.71299727106,4602,660765,9
-36386.9615039505,4603,661087,5
-9247.279919223403,4604,661673,10
-124703.45199691941,4605,662522,4
-719.1140803640787,4606,662619,4
7313.406392408466,4607,662778,5
-2324.367299367299,4608,662967,6
-17585.4378954379,4609,663074,3
18714.70469889587,4610,663149,5
-16370.639915639913,4611,663408,6
26724.477328227335,4612,663499,6
-40985.47554655528,4613,663879,5
-37104.618264460536,4614,664260,5
-3877.104007104007,4615,664286,3
20108.744376148123,4616,664678,9
42906.536147461054,4617,664877,9
7975.624107574573,4618,664923,4
7489.896312837491,4619,665053,5
45283.11856830822,4620,665243,8
-5090.671550671551,4621,665262,3
59859.656766316664,4622,665551,11
21072.146048396047,4623,665594,5
26643.342237827535,4624,665790,7
-5183.125901875902,4625,665823,3
-1931.0389610389611,4626,665839,3
-14891.959511077159,4627,665958,4
-16148.09647883413,4628,666073,3
-8353.648083942197,4629,666219,5
-13704.095634757405,4630,666636,8
-18.308358308358265,4631,666659,3
-34136.32527087639,4632,667120,6
5563.790755812815,4633,667170,4
-5842.331002331002,4634,667203,3
-2757.398851148851,4635,667214,3
782.3321817071899,4636,667533,8
-10395.62354347093,4637,667623,3
-18924.341053595403,4638,668104,8
32533.98876052534,4639,668358,8
27749.547258297258,4640,668468,7
-23015.971311540216,4641,668755,5
-13128.81862590455,4642,669045,5
-3167.9765822412883,4643,669059,3
-22734.304029304032,4644,669325,5
-27141.572989918583,4645,669515,3
-6489.119580754644,4646,669657,4
-4470.158730158731,4647,669684,3
-37535.93975468976,4648,669858,3
-33861.49513721198,4649,670160,4
8589.929580223694,4650,670304,5
10799.19050892348,4651,670418,5
4579.940476190476,4652,670490,5
716.2334936735042,4653,670591,4
-5545.3148064525785,4654,670639,3
-32509.320298051938,4655,670850,3
-4575.546491262439,4656,670978,4
-22130.956017629193,4657,671119,3
-2890.952380952381,4658,671136,3
12779.753616481556,4659,671301,6
-9011.14079024392,4660,671652,7
-51632.40403387463,4661,671992,4
-4353.571428571428,4662,672016,3
13054.63023088023,4663,672080,5
34852.58824508825,4664,672137,6
39080.339088866145,4665,672493,10
5756.744758509467,4666,672608,5
-6877.49322572852,4667,672811,5
13572.947350851764,4668,673161,9
-4110.274725274725,4669,673172,3
-16469.100770230805,4670,673434,5
32704.00396127628,4671,673808,11
-20656.92619342788,4672,674320,7
-4701.767676767677,4673,674349,3
8454.79761488082,4674,674754,9
20276.286086824908,4675,674921,6
-12465.328074703071,4676,675008,3
-5217.777777777777,4677,675033,3
-11760.981177405325,4678,675259,5
-9728.130643006807,4679,675324,3
30149.99098124098,4680,675365,6
22367.890598496408,4681,675565,7
-9231.046969026847,4682,675705,4
-6917.760201614692,4683,675742,3
-3548.589892649493,4684,675992,6
-26919.326924749304,4685,676337,6
-22987.184395197164,4686,676625,6
-639.2857142857147,4687,676635,3
-30357.32503607503,4688,676872,5
-35730.59918090654,4689,677254,5
10266.3735601581,4690,677452,6
-4455.160253991606,4691,677482,3
480.1587301587301,4692,677492,3
-6418.4938672438675,4693,677683,5
-32460.507923449113,4694,678126,6
-31534.794976265573,4695,678504,5
40240.358003746755,4696,678595,7
25502.83388588537,4697,678857,8
14657.920621045629,4698,678987,6
-6175.692104593031,4699,679091,4
7184.226910860043,4700,679302,6
-4865.4834054834055,4701,679335,3
27234.26365301364,4702,679414,6
45.31413031413649,4703,679654,6
11180.631227432701,4704,680221,10
-14575.105487907345,4705,680376,4
12346.237373737375,4706,680435,5
-8481.325339805047,4707,680623,5
-45038.90150011671,4708,681039,5
-54653.34345755498,4709,681401,4
35125.046456811164,4710,681588,8
20541.74588483412,4711,681701,6
-739.447970890619,4712,681871,5
-6673.960797973957,4713,682045,5
-6055.0255725526495,4714,682341,7
-9394.235964893982,4715,682599,5
17087.72227772227,4716,682636,5
30517.491122792668,4717,682729,6
14929.454133738867,4718,682972,6
5589.660475608967,4719,683349,8
1345.4563492063512,4720,683454,5
2702.816089139632,4721,683685,6
-23670.341127096155,4722,684149,8
8080.0815223648115,4723,684441,7
-1931.224747474752,4724,684616,6
-12430.420315838279,4725,684814,5
31809.198097653978,4726,685040,8
-66918.62290487289,4727,685302,3
-5771.008297258298,4728,685341,3
-11062.689393939394,4729,685398,3
-56747.088795316966,4730,686274,10
4814.931943056942,4731,686394,5
40485.18741879035,4732,686506,7
-19855.351870351868,4733,686604,3
6289.834136451785,4734,686652,4
-9046.739273522926,4735,686756,3
-7327.386385329483,4736,687066,7
-5415.485625485626,4737,687103,3
-9805.620201224943,4738,687182,3
-14801.496003996002,4739,687393,6
-56034.87075703793,4740,687874,5
-16160.895627420388,4741,687986,3
-15977.645203094118,4742,688160,5
-85255.67202018833,4743,688886,6
-8934.59595959596,4744,688929,3
8727.374180257308,4745,689071,5
11277.436788572624,4746,689105,4
571.9463869463889,4747,689221,5
-17461.082251082247,4748,689317,3
3037.9942208409984,4749,689608,7
13931.55483405484,4750,689707,6
-30989.77079193522,4751,690055,5
-726.106790955864,4752,690238,5
9875.732323232323,4753,690261,4
-16506.157567922273,4754,690358,3
-6166.349659635769,4755,690417,3
-4945.838883338883,4756,690440,3
17269.064420057068,4757,690496,5
-41676.411075188764,4758,691002,6
-10882.111964832553,4759,691065,3
-27135.256483712332,4760,691316,5
-23748.519780443174,4761,691615,5
-5805.674603174603,4762,691750,5
-7925.659756909787,4763,692223,10
-3195.445314489432,4764,692233,3
-3017.384282384278,4765,692522,6
-20919.39327249118,4766,692675,3
20916.419274739706,4767,692795,6
-21169.43856144602,4768,693055,5
-20349.657344250478,4769,693321,5
-15688.953052666282,4770,693695,7
-5224.558996644909,4771,693967,6
-36765.05657891298,4772,694646,10
985.2244977244936,4773,694884,6
16137.649711399717,4774,694941,5
3777.0564158064203,4775,695073,6
-61199.05023094566,4776,695517,5
28413.797569604478,4777,695688,7
16451.91842836386,4778,695771,5
-6384.1276536071355,4779,696032,5
3930.9247696747707,4780,696207,6
-10035.88415091436,4781,696462,5
12325.65998974814,4782,696610,6
-8208.002771334646,4783,696686,3
-9154.881393116688,4784,696741,3
31167.3274846069,4785,697022,9
-6787.528831892223,4786,697057,3
11994.171692600485,4787,697138,5
69539.92021458932,4788,697341,11
2061.1510893423006,4789,697403,4
-5151.631703794478,4790,697431,3
-5850.3090027036715,4791,697473,3
-8621.092796092798,4792,697526,3
-10152.783936479767,4793,697767,6
-4403.379416187746,4794,698024,6
33475.79363511445,4795,698139,7
-12705.094720205541,4796,698305,4
46442.53121878123,4797,698360,8
19265.281385281385,4798,698384,5
-1738.2316281742596,4799,698762,8
10146.48751536002,4800,699156,8
-12359.507159507157,4801,699241,3
-12019.602185254358,4802,699452,5
-2899.11963036963,4803,699464,3
-11763.48252925266,4804,699719,5
41687.83757908757,4805,699804,7
6561.998695748695,4806,699907,5
25338.505249480502,4807,700116,7
2862.6254301254266,4808,700291,5
-10670.15915522336,4809,700389,3
10937.916666666668,4810,700461,5
21986.754218004207,4811,700559,6
-2937.855348245782,4812,700819,5
-3993.237224376919,4813,701002,5
12003.003010061831,4814,701101,5
-12010.551948051945,4815,701167,3
46071.38375921464,4816,701234,7
1266.1277023331072,4817,701495,7
15637.128427128431,4818,701561,5
18289.592843516974,4819,701867,8
3770.4366419614053,4820,702091,6
35759.781746031746,4821,702161,7
11391.580506911381,4822,702322,6
-22789.832824983732,4823,702547,4
-6029.68697968698,4824,702561,3
-15365.88951897776,4825,702804,5
31298.465262377806,4826,702954,7
-8477.61904761905,4827,702995,3
-17864.450431104815,4828,703345,6
-10658.571428571426,4829,703406,3
2475.4730767598357,4830,703553,5
-12581.33167915676,4831,703647,3
35521.21756793107,4832,703789,7
40422.888859506515,4833,703915,8
-62142.976021282804,4834,704355,5
3875.9410034410043,4835,704557,6
8784.002733377729,4836,704657,5
2169.222999223002,4837,704778,5
3319.5589938527273,4838,704858,4
-4362.267314728615,4839,704878,3
-3951.19047619047,4840,705045,5
4973.679801235912,4841,705097,4
9160.49685197805,4842,705390,7
-122.88030251332748,4843,705754,7
-25833.191253191275,4844,706134,6
21238.065476190477,4845,706154,5
4513.506572117252,4846,706299,5
8127.519929116289,4847,706561,7
27875.288008419986,4848,706664,6
-9210.063755688747,4849,706850,5
-25477.490148740173,4850,707107,5
15408.6795056434,4851,707326,6
-9257.923285350853,4852,707479,5
23123.34635952285,4853,707783,8
21191.65841103341,4854,707896,6
-13258.120800767862,4855,708006,4
27574.756776376365,4856,708154,7
-10677.180597180595,4857,708306,4
8755.767149517149,4858,708343,4
10678.143466440682,4859,708460,5
-3672.035437902308,4860,708660,5
18340.294635919636,4861,708804,6
10198.070524676561,4862,708850,4
12264.814189508472,4863,709109,7
7360.728655122416,4864,709336,6
-9789.556334636929,4865,709495,5
-1965.3080253080261,4866,709578,4
-7481.902263328348,4867,709631,3
18435.948421848185,4868,709725,5
4516.081889386844,4869,709901,5
-3236.6071428571427,4870,709921,3
-1713.8729550071087,4871,710070,4
-10564.104550635124,4872,710309,6
10264.170343143798,4873,710643,9
5541.1002886002925,4874,710749,5
6025.027049189202,4875,710831,4
-205.45376085043773,4876,711170,7
13610.352190594058,4877,711451,7
-1828.987529927923,4878,712007,10
-9500.632700632703,4879,712062,3
-2462.8571428571427,4880,712073,3
-17622.700910200918,4881,712178,3
1298.87172876143,4882,712606,8
-1329.8598037239772,4883,712973,8
282.0780425714522,4884,713261,7
11294.409699347776,4885,713512,7
18324.22357870887,4886,713566,5
-12600.093597063413,4887,713763,5
16132.425323806845,4888,713987,7
961.0706009172336,4889,714120,4
-16798.98055375996,4890,714357,5
3361.345251970251,4891,714417,4
-24869.91171002202,4892,714662,4
10457.22217153331,4893,714997,8
34130.50181951692,4894,715306,9
-6931.277195027196,4895,715467,5
21342.48070964984,4896,715568,6
237.3408054793506,4897,715763,5
11618.901200923225,4898,716250,10
-13086.543786236134,4899,716632,7
-14467.70135667976,4900,717063,8
-4405.734126984127,4901,717198,5
-7464.923770759685,4902,717269,3
7631.725084341177,4903,717632,8
-11491.640859140858,4904,717800,5
-14250.300941542899,4905,718225,7
-54727.488701528964,4906,718722,5
-11689.191919191919,4907,718835,4
-7894.272034043117,4908,718952,4
-6547.6254215340905,4909,718998,3
-3641.166459099902,4910,719288,6
-61838.565066684256,4911,719721,4
16095.181268894505,4912,719892,6
-2856.567599067599,4913,719907,3
-52419.92262209755,4914,720380,6
-35564.51572936867,4915,720738,5
9635.91381270948,4916,720964,6
-22917.58414358259,4917,721195,4
5174.577785475616,4918,721384,6
-5071.785714285714,4919,721414,3
-35774.81495411905,4920,721899,6
47829.54844948654,4921,722183,9
-12153.6640792614,4922,722306,3
46600.630276156575,4923,722572,9
19179.587540082903,4924,722988,9
-10546.729764903139,4925,723050,3
-1850.111832611834,4926,723142,5
5942.222222222221,4927,723179,4
4766.944444444447,4928,723286,5
54487.09318459319,4929,723337,8
-2860.9407080389883,4930,723347,3
-4073.1753402649997,4931,723364,3
812.2222222222224,4932,723375,3
16654.00238650239,4933,723497,6
62251.5827228327,4934,723693,10
23300.143328893326,4935,723801,6
31246.25908856368,4936,723881,6
1901.4973228469798,4937,724116,6
-4426.258860034015,4938,724146,3
-2918.3715589965586,4939,724168,3
7226.184305890196,4940,724407,6
-6355.737097869447,4941,724545,4
-52808.82738606425,4942,724892,5
3466.6024240637253,4943,725023,5
-5893.138961142057,4944,725121,4
14810.496260275673,4945,725199,5
-579.7993672993673,4946,725209,3
3839.074397824397,4947,725386,6
24183.91594516594,4948,725534,7
-39340.170884185405,4949,725961,7
57656.78909325967,4950,726094,9
30954.49049316697,4951,726171,6
9374.871918331744,4952,726340,6
29887.84174159174,4953,726400,6
-29191.348332245736,4954,726668,5
18829.148074148063,4955,726884,7
18269.865898007716,4956,726965,5
17680.14679485461,4957,727034,5
-914.4444444444443,4958,727047,3
11519.455773442769,4959,727200,5
21747.72976426252,4960,727243,5
-30881.73102881997,4961,727469,4
-48685.095500904325,4962,727802,4
-45971.40432282002,4963,728338,7
17240.276112776104,4964,728454,6
-1095.5247751101056,4965,728743,6
-40675.68508480538,4966,729241,7
37469.01146303818,4967,729484,9
-439.0465721106718,4968,729832,7
-20226.562313813618,4969,730157,6
-6771.0601898101895,4970,730260,4
-5270.953213453215,4971,730367,4
19564.495803903697,4972,730407,5
5749.667154740684,4973,730625,6
-10612.738756341696,4974,730684,3
21929.36352991694,4975,730736,5
-3781.9264069264073,4976,730763,3
-30015.72573260073,4977,730878,3
15416.03484925731,4978,731036,5
2439.772172552325,4979,731322,7
-4033.671328671329,4980,731332,3
3124.8959857222276,4981,731418,4
-19320.615079365067,4982,731600,5
6560.041910488897,4983,731916,8
-8694.453047532028,4984,731968,3
-29716.73137312165,4985,732267,5
-15538.79639581265,4986,732409,4
-18623.23204959815,4987,732531,3
-33743.35900790813,4988,732931,6
21543.06865067188,4989,733085,6
21599.650090109713,4990,733158,6
-20981.579501724624,4991,733325,4
32817.696126041,4992,733462,7
-15760.150226421896,4993,733580,3
-5620.510739260738,4994,733627,3
8556.70997947701,4995,733817,6
-16520.985929490183,4996,734017,4
33037.90369460263,4997,734183,7
2465.6095293688727,4998,734697,9
13100.669854883005,4999,734827,5
13837.53340679751,5000,734942,5
-32089.67725600853,5001,735091,3
-1639.9657287157288,5002,735101,3
-45211.5628411836,5003,735555,5
-2030.0,5004,735566,3
89.8434898434898,5005,735576,3
29537.84251867844,5006,735660,6
4443.32965645466,5007,735703,4
22296.774946115114,5008,735868,6
-6976.927420405685,5009,736391,7
7046.700868146316,5010,736649,7
-17857.98210787234,5011,736789,3
48148.59026594319,5012,736914,8
9022.508816432965,5013,737074,5
438.46538910006484,5014,737288,5
-20182.07513204031,5015,737537,5
-5833.035714285715,5016,737571,3
-9958.917887667889,5017,737822,6
-10555.206182706177,5018,737951,4
11056.767599669738,5019,738054,5
-23080.77628984364,5020,738281,4
23180.871212121212,5021,738379,6
-37171.56486245502,5022,738833,7
-3721.832542457543,5023,738866,3
-15030.651709401704,5024,739061,5
-3170.9395139174567,5025,739490,8
-2273.170815028736,5026,739679,5
19648.682476364367,5027,739878,7
-21694.827053321635,5028,740086,4
46031.90295815297,5029,740191,8
20153.069740502015,5030,740254,5
-35607.17330195083,5031,740599,5
581.1711164652315,5032,740681,4
-29963.571428571424,5033,740847,4
-11805.841166450098,5034,740947,3
22926.038302512763,5035,741099,7
14231.574675324677,5036,741222,6
-905.0650493297599,5037,741625,8
23353.321196562294,5038,741678,5
16957.898965406206,5039,741758,5
23030.84415584416,5040,741860,6
29207.474162189716,5041,741951,6
-38625.253892993824,5042,742389,5
15654.811743339225,5043,742716,9
-20307.19771198873,5044,743051,5
-15601.994813537029,5045,743567,8
42958.61582990453,5046,743734,8
9210.428052339817,5047,743891,6
-2037.646103896104,5048,743902,3
23664.46338791927,5049,744171,8
10596.02210697799,5050,744276,5
18551.556151751578,5051,744364,5
13035.929209679212,5052,744573,7
-3486.0786435786445,5053,744714,5
14113.768722892173,5054,745029,8
-2914.8015873015875,5055,745047,3
138.9352314352293,5056,745137,4
19062.154789654796,5057,745267,6
908.0952380952381,5058,745320,4
-3587.1428571428573,5059,745342,3
63374.133632750105,5060,745458,9
-27038.01483775942,5061,745821,5
-6084.183808714955,5062,745933,4
-26421.48086880067,5063,746264,6
-6475.392300973135,5064,746303,3
27584.27711177711,5065,746406,7
-54168.474025974014,5066,746662,3
-23040.916722166727,5067,746931,5
17384.09332153914,5068,747109,7
-1617.299367299367,5069,747126,3
16720.69053718713,5070,747262,6
-5814.859943977591,5071,747357,4
4745.027161091406,5072,747508,5
-21832.70102747272,5073,747937,6
-17561.24875426504,5074,748251,5
18578.484848484844,5075,748272,5
-3844.8989898989903,5076,748299,3
-11433.169466421852,5077,748536,5
-5574.123376623376,5078,748575,3
-18750.883422133422,5079,748754,5
2245.60556860244,5080,748818,4
-58121.5211718555,5081,749206,4
-4492.072991508008,5082,749778,10
20423.241341991343,5083,749813,5
-27555.220189793257,5084,750126,5
3170.7547670375307,5085,750285,5
-3171.2772317383624,5086,750425,4
-9150.858493277556,5087,750731,6
16254.673621442194,5088,750892,6
-14388.580447330449,5089,751128,6
-17144.70359791568,5090,751230,3
-20498.175949250788,5091,751578,6
-2813.071707704061,5092,751606,3
6673.624938013483,5093,751667,4
4737.079309579313,5094,751842,6
-2070.811688311688,5095,751860,3
-165.87813698020273,5096,752132,6
-14146.518893902792,5097,752340,4
2956.8686868686827,5098,752519,6
18697.097498090145,5099,752657,6
-23991.67745653038,5100,752991,6
-13552.24927849928,5101,753050,3
7950.796783840517,5102,753184,5
5172.424387188321,5103,753330,5
-9881.964285714284,5104,753382,3
-19780.20709682475,5105,753597,4
-13980.612165612163,5106,753799,5
-412.487284648902,5107,754249,8
36126.646433687754,5108,754421,8
12373.524661612902,5109,754491,5
-9633.46201818518,5110,755172,9
-20160.612767117993,5111,755376,4
-1770.4844012196938,5112,755537,5
-9953.511089443748,5113,755761,5
17645.840339785773,5114,755843,5
20157.434322213743,5115,755958,6
-32937.98096017329,5116,756346,5
-11686.236928705963,5117,756438,3
-9110.309055577767,5118,756790,7
46125.014172918585,5119,756966,8
26234.52541123158,5120,757012,5
6326.008017180621,5121,757165,5
-3957.5560069445487,5122,757555,7
-15307.811563436562,5123,757669,3
10557.331279831282,5124,757764,5
16154.682172402754,5125,757858,5
16833.704161625235,5126,758127,7
19585.683311786255,5127,758157,5
-1587.1586428707153,5128,758270,4
-9386.40193140193,5129,758314,3
-27215.379008246666,5130,758525,3
5644.959484959486,5131,758635,5
1574.7104892572345,5132,758920,6
30264.090828976656,5133,758961,6
20727.3776019732,5134,759010,5
17602.499750851144,5135,759101,5
-4341.547619047619,5136,759115,3
-4886.984126984127,5137,759138,3
11695.304456269345,5138,759355,6
-1498.5714285714284,5139,759365,3
31462.37541741025,5140,759601,8
28988.13311084118,5141,759880,8
38240.99206349206,5142,759951,7
2164.717643467642,5143,760143,6
-31560.666260554037,5144,760481,5
-10754.39393939394,5145,760547,3
-48787.219748439304,5146,761074,7
19166.68650793651,5147,761104,5
18356.27788061611,5148,761160,5
-34960.95518087005,5149,761496,5
29747.213848243257,5150,761572,6
61545.484384896154,5151,761839,11
-24331.42815517815,5152,762063,5
16188.056592100704,5153,762134,5
18155.995185370182,5154,762365,7
-35180.174963924954,5155,762599,3
-2023.1823274335068,5156,763104,9
6129.717516960174,5157,763247,5
44092.02880452882,5158,763327,7
13418.194637768276,5159,763771,9
12144.152236652235,5160,763863,5
31309.697508803543,5161,763930,6
2590.317807192807,5162,764092,5
-3648.661414997253,5163,764379,6
44071.18663779463,5164,764631,9
-14957.642288267292,5165,764750,3
21829.115992831823,5166,764900,6
-6229.511758666171,5167,765054,5
17117.994505494513,5168,765129,5
-32262.652031511647,5169,765507,6
-14974.114100124154,5170,765762,5
-10352.265928515928,5171,765979,5
32574.33106069421,5172,766162,7
5756.389649960202,5173,766229,4
17370.000000000004,5174,766261,5
-30601.719546618857,5175,766459,3
35709.35917769358,5176,766585,7
4697.797912871438,5177,766726,5
6248.460233259582,5178,766960,6
-10434.319498870584,5179,767042,3
-7838.727938727939,5180,767084,3
-21948.81337627836,5181,767425,6
-5268.233843469898,5182,767831,8
30785.018468588518,5183,767949,6
-6751.327214452214,5184,767981,3
-23988.00865800866,5185,768081,3
14116.729520479523,5186,768238,6
-13692.527872000008,5187,768657,6
-58584.49295184033,5188,769076,5
-10329.141414141415,5189,769137,3
2739.37986441663,5190,769279,5
-908.3732291530255,5191,769529,7
23681.04566185448,5192,769787,8
21472.50456187944,5193,770053,8
12016.50924561709,5194,770558,9
1806.9584010760423,5195,770977,7
30539.292320839304,5196,771037,6
20889.261294261294,5197,771060,5
-31030.83651642473,5198,771374,5
-14636.915472037126,5199,771747,5
20116.27077837023,5200,771881,6
16952.875853730777,5201,772061,6
11669.494394494379,5202,772288,7
-14650.740925740925,5203,772432,4
1462.0974705044755,5204,772525,4
-1104.6897546897549,5205,772537,3
33945.334311371465,5206,772711,8
17167.03126530332,5207,772807,5
-2195.734126984125,5208,772869,4
2683.7263675866625,5209,773000,5
5757.842851592851,5210,773059,4
-16197.347159335484,5211,773247,4
-63358.18884456992,5212,773781,5
4996.675269175272,5213,774113,8
10388.254031829872,5214,774205,5
-19902.80971608367,5215,774639,7
-3616.6693127993403,5216,774841,5
-4036.278000465306,5217,775029,5
-9856.34664698906,5218,775094,3
4826.6983914778,5219,775334,6
9434.214327339327,5220,775465,5
11198.315989565986,5221,775542,5
18935.467361443847,5222,775903,9
8271.193169575517,5223,776035,5
-1147.142857142857,5224,776045,3
2283.9858842567774,5225,776140,4
2335.570355765214,5226,776710,10
-14530.820371392118,5227,776972,5
-7773.4610038654155,5228,777025,3
15896.288437869322,5229,777105,5
-42749.45795346723,5230,777538,5
-2752.9761904761904,5231,777550,3
-6494.7089039271705,5232,777688,4
-1118.8383838383838,5233,777699,3
30176.473492537738,5234,777902,7
-64013.30948771011,5235,778406,4
-1269.829879149657,5236,778514,4
13672.353834890599,5237,778648,5
10627.030947208968,5238,778690,4
-3331.2099012098997,5239,778758,4
-5227.03074166676,5240,778887,4
-1819.0404040404055,5241,779038,5
-3799.123495213748,5242,779158,4
21736.201021201025,5243,779363,7
8672.517962082338,5244,779511,5
-5138.605055075643,5245,779550,3
16292.256705712589,5246,779629,5
10441.011904761906,5247,779656,4
7039.973706848708,5248,779693,4
16122.386641136643,5249,779763,5
-3745.283919726646,5250,779878,4
9749.015151515154,5251,779957,5
9154.555763391272,5252,780113,5
6905.992730856124,5253,780443,6
-21401.804197899746,5254,780696,5
9994.52445924389,5255,780811,5
-51260.43379414702,5256,781036,3
-27419.85514270731,5257,781195,3
-5693.939393939393,5258,781219,3
3121.231823731823,5259,781330,5
-4632.9449757758575,5260,781351,3
-3384.3226604836514,5261,781380,3
-27595.231157731163,5262,781515,3
-674.920634920635,5263,781530,3
-3662.3214285714284,5264,781556,3
-13495.076243760925,5265,781624,3
11150.217665891043,5266,781773,5
-5951.919665302019,5267,781869,4
-14128.41311199606,5268,782004,3
10164.475560503153,5269,782218,6
-6913.6566905316895,5270,782255,3
-48201.68019072436,5271,782862,7
-6756.321135276159,5272,783112,5
-2098.5714285714284,5273,783123,3
-123.94159761806941,5274,783245,5
-3786.651753594814,5275,783445,5
-22.262182262182023,5276,783465,3
-12972.914370463,5277,783641,4
-6493.898372868961,5278,783669,3
-3062.8662881236414,5279,783682,3
21658.246753246756,5280,783710,5
2468.688913210972,5281,783835,5
12190.357175373498,5282,784041,6
21691.38596074547,5283,784203,6
18526.658516727864,5284,784347,6
4258.49095349095,5285,784665,7
17085.445615787725,5286,784789,5
4977.04365079365,5287,784820,4
-4133.786075036075,5288,784899,4
2511.736865122624,5289,785582,10
12399.363353150133,5290,785787,7
31785.163561994257,5291,786041,8
3636.3815522021487,5292,786441,8
-9239.9206340615,5293,786493,3
33285.811688311696,5294,786533,6
8374.222236097236,5295,786579,4
37482.11928293585,5296,786709,7
-4089.257551322683,5297,786984,5
-1551.8686868686873,5298,787006,3
-6625.641389861537,5299,787119,4
-1829.9963924963927,5300,787148,3
-12268.598364595877,5301,787250,3
-3914.174199983019,5302,787489,5
-896.7294143764739,5303,787525,3
9780.336670123823,5304,787624,5
10247.195469452925,5305,787694,5
-2674.2041047188104,5306,787710,3
44055.452741702735,5307,787757,7
-12506.222499121108,5308,787923,4
-3480.53058053058,5309,787954,3
-9496.922701051963,5310,788021,3
18133.053098002787,5311,788113,5
15314.992605433777,5312,788198,5
15044.010919635912,5313,788301,5
12141.512803931535,5314,788556,7
31040.143953711606,5315,788783,8
-4555.47756928725,5316,788801,3
18379.736767209317,5317,789075,7
55727.6045639088,5318,789371,10
-8140.841858090311,5319,789423,3
-26831.103588160393,5320,789662,4
26806.846842089042,5321,789884,7
-11373.545261163152,5322,789965,3
45233.82806177307,5323,790308,10
-41376.68787965599,5324,790598,4
-28766.487296028703,5325,790800,4
-18905.36476552341,5326,791162,5
-27775.81842868859,5327,791437,4
-27534.252605372352,5328,791673,3
-484.3048618048652,5329,791752,4
138.98244428430314,5330,791826,4
4701.379613678383,5331,792136,8
-6830.137260615202,5332,792183,3
-3814.487567815743,5333,792424,6
34825.66024817565,5334,792692,8
5994.746680732105,5335,792799,5
13237.731619945238,5336,792997,6
-29091.399711399707,5337,793144,3
-15444.7365965797,5338,793438,4
46590.4614008488,5339,793638,8
3180.811514766615,5340,793934,7
-41149.66401394293,5341,794292,4
50671.94144649639,5342,794514,9
1565.6349206349205,5343,794568,4
-8521.281721751871,5344,794634,3
-6312.514369015919,5345,794681,3
6300.328837828834,5346,794718,4
-14391.995405226306,5347,794943,5
-93564.5887490207,5348,795622,4
22650.344013571572,5349,795808,7
32115.78477078477,5350,795886,7
9624.805872876694,5351,795982,5
-3861.923423798425,5352,796169,5
13539.405533033545,5353,796274,5
-2760.9523809523807,5354,796285,3
37938.964566565206,5355,796462,7
21861.161616161622,5356,796492,5
-7500.90227427856,5357,796820,5
11131.936956017844,5358,796961,5
-128237.21676607692,5359,797817,3
9523.005466755465,5360,797857,4
23831.923085747883,5361,798002,6
9466.776326958214,5362,798021,4
-24983.504942340085,5363,798418,6
-24860.106132257843,5364,798694,4
5257.766431195221,5365,798944,6
-4201.718281718282,5366,798974,3
-10086.565656565655,5367,799050,3
53016.09595469891,5368,799216,9
-15553.53631662456,5369,799320,3
-9050.374254228744,5370,799371,3
-5551.740218415915,5371,799399,3
30698.134920634922,5372,799498,7
-80897.58175424706,5373,799922,3
-5415.0408685741495,5374,799938,3
-3885.2780552780555,5375,799953,3
-5589.812450191708,5376,799991,3
-6519.564580227655,5377,800127,4
-13317.956349206348,5378,800196,3
-37974.49647961258,5379,800404,3
-37508.69772442314,5380,800703,4
-22370.49944806992,5381,801222,8
17533.869047619046,5382,801248,5
5431.443833943835,5383,801294,4
-5737.183725717006,5384,801312,3
-1305.840900155909,5385,801556,5
27193.98647920707,5386,801741,7
39210.78987367705,5387,802067,9
15077.769353304766,5388,802244,5
-1993.4475369401855,5389,802407,5
7465.899080494667,5390,802444,4
-3638.103367221014,5391,802455,3
-5539.008720038133,5392,802743,6
-14671.343030464546,5393,802908,4
-6382.526896048566,5394,802955,3
22469.86753829246,5395,803072,6
-19884.305645335055,5396,803279,4
-13032.193043884221,5397,803364,3
1022.5486319236325,5398,803433,4
20664.81601731602,5399,803492,5
-5505.9242406238,5400,803671,5
-5710.793650793651,5401,803697,3
-2364.2207792207787,5402,803719,3
-4026.4572927072927,5403,803739,3
-3974.167777246758,5404,803755,3
-1582.6952418496544,5405,803868,4
-5889.300097757494,5406,803921,3
-16809.774182860485,5407,803995,3
-5170.661642410027,5408,804042,3
-16537.8996003996,5409,804131,3
17924.20431026662,5410,804205,5
-6704.211736835574,5411,804250,3
-17272.795124122524,5412,804331,3
-1419.2857142857144,5413,804341,3
-8790.804205254672,5414,804458,4
-4071.8808571459504,5415,804472,3
27409.72603785104,5416,804552,6
5935.035959052985,5417,804711,5
7309.291746694994,5418,804773,4
23328.297562430704,5419,805012,7
2960.198372319114,5420,805090,4
15236.106413198386,5421,805266,7
51466.21762482444,5422,805422,9
-53217.489165890765,5423,805958,5
-11347.447811988195,5424,806032,3
13591.72654649384,5425,806129,5
9588.212016741429,5426,806164,4
-2898.2187510631784,5427,806176,3
4134.011295267989,5428,806559,8
-32506.700521700528,5429,806841,4
-4505.440063892091,5430,807160,6
31379.397865206687,5431,807222,6
21939.746356664902,5432,807361,6
-8407.828462693586,5433,807451,3
-20152.873269661195,5434,807694,4
-13139.958225469063,5435,807796,3
-12231.422704187802,5436,807896,4
581.3205420923455,5437,808141,6
-48093.31965293198,5438,808344,3
-4868.344436136618,5439,808378,3
-6572.524069221339,5440,808447,3
35101.694000444,5441,808617,8
963.5775335775324,5442,808672,4
-5850.1330283064035,5443,808721,3
16315.02362212801,5444,808792,5
12566.629204129204,5445,808808,4
-4606.263736263735,5446,808904,4
30305.652958152958,5447,808949,6
-7194.8214285714275,5448,808986,3
5930.64768564769,5449,809146,5
11716.553169053173,5450,809269,5
3116.678250799781,5451,809526,6
17862.563101243442,5452,809628,6
-25038.258408258414,5453,809783,3
-23696.738548688994,5454,810051,5
-6512.3556998557,5455,810084,3
6048.849526376628,5456,810521,9
-740.3968253968251,5457,810534,3
12029.251178551762,5458,810729,6
13365.396062271062,5459,810750,4
37879.72610722612,5460,810852,7
-11845.90909090909,5461,810893,3
17099.736652236654,5462,810992,6
-15742.749055210359,5463,811111,3
-4123.492063492064,5464,811138,3
9745.418191476336,5465,811420,7
-3810.656565656566,5466,811439,3
-10830.13585546235,5467,811533,3
-1360.5609708918544,5468,811608,4
-2622.777777777778,5469,811622,3
-7182.876241405654,5470,811676,3
-5721.042152292152,5471,811699,3
-9371.429510032449,5472,811741,3
-586.382832853423,5473,811823,4
-18022.295727148652,5474,812007,4
-9168.103367221014,5475,812049,3
-5326.013431013432,5476,812078,3
-14157.297979797977,5477,812166,3
-18825.259485078263,5478,812317,3
-14725.575294803239,5479,812418,3
-3355.3941390996342,5480,812437,3
-4829.271182678691,5481,812462,3
-5801.409656519952,5482,812492,3
20920.28221864135,5483,812598,6
-12139.571974998045,5484,813032,7
-3225.7738095238096,5485,813044,3
-3495.4786501767926,5486,813072,3
16835.530783286194,5487,813169,5
-32844.86138367137,5488,813415,4
-8592.906981779977,5489,813468,3
5556.951899150041,5490,813529,4
21061.005700740618,5491,813714,7
-11361.30942586825,5492,813810,3
29110.44985071688,5493,813948,7
23215.496141500396,5494,813989,5
4452.075928887076,5495,814046,4
-8983.625125434808,5496,814092,3
-4849.1637256269105,5497,814110,3
-5789.341491841492,5498,814140,3
-749.1831493669762,5499,814293,5
-3362.6720501720506,5500,814310,3
-388.70934620934634,5501,814321,3
-7622.249853904266,5502,814354,3
-13428.520225904129,5503,814453,3
5740.1064814958,5504,814506,4
19751.23015873016,5505,814535,5
-30790.028953011435,5506,814688,3
-11783.647459500588,5507,814786,3
24580.808554190913,5508,814871,6
-17992.374630608505,5509,815145,5
13924.1207624094,5510,815263,5
-14850.393217893217,5511,815338,3
23391.959984459987,5512,815419,6
631.2985625485605,5513,815560,5
-21980.21249991838,5514,815646,3
18187.230680648445,5515,815847,6
-24434.285714285714,5516,815943,3
19953.20281380089,5517,816102,6
11856.167849279536,5518,816259,5
-10206.918660759608,5519,816388,4
-29190.888844987152,5520,816665,4
-3629.9100899100904,5521,816676,3
-5030.263139638139,5522,816705,3
58837.877539127534,5523,816801,9
-14311.501987864216,5524,816966,4
14206.639304599537,5525,817139,6
-10269.066997524395,5526,817207,3
20647.62519644099,5527,817264,5
8215.714285714284,5528,817282,4
-12212.831625048126,5529,817478,4
-4596.428571428571,5530,817493,3
-3521.382020757018,5531,817601,4
-4541.306597813951,5532,817636,3
-5841.174245001646,5533,817778,5
-4705.823558965974,5534,817813,3
-2726.650123612198,5535,817827,3
36096.13539606473,5536,818013,8
-15228.441346235466,5537,818073,3
-596.5267434066049,5538,818157,4
-15650.303148648738,5539,818291,4
14762.9788348906,5540,818344,5
-836.1345643468007,5541,818420,4
22367.697545570747,5542,818735,8
43788.47068586094,5543,818919,8
-5072.358197358198,5544,818945,3
-47605.28621705095,5545,819236,3
-5701.208307516356,5546,819257,3
-12493.84739521072,5547,819340,3
-6976.217116217117,5548,819377,3
18260.29709261327,5549,819446,5
-21795.144645945737,5550,819654,4
15533.621817638845,5551,819729,5
53634.256258447436,5552,819793,8
-4308.174603174602,5553,819811,3
18602.301794352872,5554,819983,6
-4545.951817145702,5555,819998,3
-11801.448604714844,5556,820270,5
-12094.00296190738,5557,820510,5
-13474.388032203435,5558,820735,5
4063.3248695748734,5559,820880,5
-8418.303171604424,5560,820942,3
-24102.58212394536,5561,821249,5
12968.001165501166,5562,821337,5
12088.619505494504,5563,821358,4
22669.411491286486,5564,821454,6
45793.8920837934,5565,821542,7
3320.808195175624,5566,821619,4
18409.335364283135,5567,821859,7
-5683.671328671328,5568,821878,3
-2273.159471247708,5569,821991,4
-9566.824529612435,5570,822180,5
-23410.221989912385,5571,822327,3
-17683.755411255413,5572,822414,3
-20751.838583224722,5573,822586,3
22374.068431568438,5574,822675,6
-24964.046430865314,5575,822874,4
6262.2702471271405,5576,822947,4
42030.02218112125,5577,823092,8
18998.794538794536,5578,823136,5
11775.482403064543,5579,823222,5
4737.810534276217,5580,823610,7
-6004.426684426685,5581,823640,3
-3131.269327078151,5582,823658,3
5623.291882481122,5583,823911,7
-2103.7718490659627,5584,824122,6
-12596.512538701936,5585,824227,3
-23887.289045448877,5586,824621,7
5818.906088751291,5587,824647,4
29049.9058756431,5588,824860,8
8376.142637462293,5589,825010,5
-3958.695485371182,5590,825024,3
18617.97619047619,5591,825057,5
2029.1790894135252,5592,825136,4
-3970.873015873016,5593,825151,3
6294.751637251639,5594,825218,4
18263.053182347336,5595,825305,5
8845.64808521596,5596,825428,5
-6034.5835453246455,5597,825457,3
-4169.359266034962,5598,825475,3
-9902.12148962149,5599,825534,3
35765.17780739324,5600,825663,7
23876.14531044291,5601,825712,5
-10180.366288123638,5602,825755,3
-5106.847501483724,5603,825783,3
-12969.213262227964,5604,825882,3
14464.029530840677,5605,826063,6
-21423.400979825135,5606,826216,3
10572.726154564389,5607,826265,4
-5341.730769230769,5608,826284,3
-3953.4605723653713,5609,826300,3
7614.736276795104,5610,826345,4
-11642.736756707347,5611,826402,3
1483.5271672771655,5612,826461,4
-6703.738136863138,5613,826490,3
7874.887057387059,5614,826547,4
2889.658854217676,5615,826600,4
-7862.6398601398605,5616,826649,3
13141.929827401797,5617,826743,5
13175.562444091855,5618,826880,6
22688.79753029908,5619,826994,6
-24965.743978243972,5620,827222,4
12362.542855168338,5621,827357,5
-20459.008098906244,5622,827551,3
2095.161505161506,5623,827671,5
-13531.745615495613,5624,827854,5
-1258.0465367965367,5625,827923,4
12190.640410071524,5626,828188,7
22319.746332099276,5627,828294,6
21615.441319301615,5628,828333,5
-1452.6923068331762,5629,828506,5
14203.971861471862,5630,828596,5
8665.682369101485,5631,828616,4
-4267.171349891938,5632,828641,3
-5953.694410164998,5633,828676,3
5926.479964543467,5634,828900,6
43223.63408521303,5635,828944,7
-5399.173779651721,5636,828964,3
-11095.086644521629,5637,829033,3
-4742.1553451764275,5638,829055,3
-2559.8809523809523,5639,829075,3
18906.805745853737,5640,829119,5
-7231.155392809806,5641,829158,3
-35408.4944016252,5642,829464,5
-2378.1307581307583,5643,829485,3
26401.935425685424,5644,829558,6
37306.55413901544,5645,829601,6
6290.157743294556,5646,829785,5
-1599.4715007215023,5647,829986,6
-2440.476190476191,5648,829996,3
-3598.53949807988,5649,830010,3
3459.87202168317,5650,830068,4
41232.99603174603,5651,830249,8
-3385.305642070346,5652,830398,4
-2737.4888999889004,5653,830424,3
-10807.17923373496,5654,830497,3
-2122.6100288600287,5655,830510,3
-9092.828837828836,5656,830685,5
-6543.839775420654,5657,830831,4
-15989.607892107895,5658,830981,4
-10343.03551195966,5659,831179,5
26902.50194250194,5660,831314,7
5855.511894217595,5661,831528,6
-6821.832611832613,5662,831564,3
-2079.4036201156946,5663,831588,3
-5291.003757164747,5664,831616,3
-57445.83649329721,5665,832208,6
-2074.0746753246754,5666,832225,3
-5731.4596514596515,5667,832251,3
5131.076214891521,5668,832357,5
-41253.61693861693,5669,832526,3
-3991.6256455962334,5670,832549,3
-7976.095613193136,5671,832723,4
13229.816976324333,5672,832819,5
-3112.288961038961,5673,832848,3
-4078.9862761706704,5674,832877,3
-67875.86815124165,5675,833331,4
-16280.156999862878,5676,833464,3
-970.3922006542995,5677,833577,4
-24130.267216443674,5678,833820,4
-14664.727538113757,5679,833957,4
-20053.266181189098,5680,834154,4
-4705.47756928725,5681,834173,3
-12337.619047619048,5682,834363,5
-2840.8189033189037,5683,834388,3
-4336.966366966368,5684,834413,3
-8514.146270396272,5685,834465,3
-2416.892135642136,5686,834490,3
-12380.056332556336,5687,834603,4
-24757.249417249423,5688,834837,4
-1540.039682539683,5689,834915,4
4377.023809523809,5690,834967,4
-1617.916805416805,5691,834988,3
-19208.73903873903,5692,835175,4
8097.499999999998,5693,835248,5
34456.61872079886,5694,835337,6
-6596.424608673061,5695,835371,3
34486.07811607036,5696,835427,6
-25854.34898434899,5697,835549,3
-31494.419142948558,5698,835875,4
-3455.714285714286,5699,835891,3
-6853.320703204604,5700,836078,5
22778.267843267844,5701,836139,5
16912.600759887566,5702,836177,5
-6560.32423458894,5703,836194,3
24194.332755307998,5704,836371,7
-639.4843453573076,5705,836503,5
15532.508680045445,5706,836578,5
-14149.074675324677,5707,836633,3
-8064.721944721945,5708,836686,3
-6021.822344322344,5709,836716,3
-2951.0594052060765,5710,836736,3
4495.611081338381,5711,836898,5
-4583.325563325563,5712,836942,3
1004.7587452966668,5713,837065,5
-2990.1190476190477,5714,837084,3
-1218.4526584526584,5715,837108,3
9093.23977901184,5716,837143,4
-2872.8682016596945,5717,837156,3
-4320.246224363871,5718,837177,3
9772.613955141565,5719,837306,5
-9774.909673659671,5720,837373,3
6844.430014430021,5721,837449,5
-8203.149766899767,5722,837498,3
-5323.928571428572,5723,837520,3
747.9380913204445,5724,837654,5
22888.49376522171,5725,837779,6
12354.94130869131,5726,837868,5
24251.48237383532,5727,838026,7
-4935.287905447177,5728,838538,8
14218.171465187726,5729,838673,5
19083.565739815742,5730,838706,5
29621.993296812492,5731,838969,8
5702.993538109644,5732,839101,5
-24909.311881060272,5733,839232,3
-7939.637122357509,5734,839477,5
-9401.11111111111,5735,839524,3
-12326.521949412812,5736,839602,3
-12735.191797282698,5737,839917,7
5383.629356754356,5738,839968,4
5733.976995226993,5739,840073,5
22527.26911976912,5740,840159,6
-12113.75457875458,5741,840302,4
-7936.974853277097,5742,840344,3
-4583.7495837495835,5743,840370,3
-10529.385753135752,5744,840529,5
-8378.223443223444,5745,840578,3
-2206.7676767676767,5746,840598,3
14160.4389611936,5747,840849,7
11110.791009386212,5748,840868,4
-8236.27673839748,5749,841003,4
-3374.5062986548933,5750,841188,5
-16022.967529247662,5751,841509,6
-6507.173520923521,5752,841538,3
1155.2579365079355,5753,841599,4
22468.58003108002,5754,841765,7
-2242.7777777777774,5755,841781,3
-4590.666902541901,5756,841871,4
-813.6507936507936,5757,841883,3
-7964.350410511398,5758,842016,4
-4220.381562881563,5759,842043,3
-6969.903574237941,5760,842313,6
1162.6054221835952,5761,842426,4
37472.95057475205,5762,842608,8
-16189.586225607896,5763,842716,3
-4549.429181929181,5764,842739,3
-16232.549401063328,5765,842897,3
-15790.022697031205,5766,843040,3
-43949.01498570226,5767,843354,4
-7508.576703868887,5768,843388,3
-18120.714285714283,5769,843532,4
-3997.655677655678,5770,843543,3
-37871.80567954728,5771,843896,3
6528.044496353321,5772,843935,4
-6457.89869761787,5773,843979,3
-14227.797350997816,5774,844082,3
11293.745079739661,5775,844113,4
39389.942765567765,5776,844157,7
-5269.119769119769,5777,844183,3
-10985.571719946714,5778,844253,3
-19032.82157003967,5779,844504,4
3228.441845392309,5780,844576,4
-3240.3439955297545,5781,844599,3
-9854.577625676699,5782,844689,3
-1729.9819624819625,5783,844706,3
-6418.545343545344,5784,844723,3
-18199.311313686314,5785,844912,5
-457.94072370697836,5786,845082,5
6703.361287405405,5787,845198,5
15634.595869193075,5788,845321,5
-39080.82200265601,5789,845670,4
19566.709010803443,5790,845810,6
36508.81499842607,5791,845878,6
28085.00661103602,5792,845984,6
12465.790211631736,5793,846134,5
10283.365245865249,5794,846227,5
-6978.6661377837845,5795,846260,3
-9774.97102484719,5796,846345,3
-9310.438528017627,5797,846438,3
2002.0456504280032,5798,846535,4
-2761.0064935064934,5799,846563,3
-1498.4215784215783,5800,846585,3
23915.258148714034,5801,846639,5
-14673.483683852159,5802,846733,3
22696.40635365965,5803,846873,6
-33410.559803973134,5804,847360,7
-33615.922848753326,5805,847762,6
-14277.077089362305,5806,847913,4
25600.30412226232,5807,848018,6
-11119.276028409155,5808,848098,3
-1224.7752247752242,5809,848165,4
-5293.401618337242,5810,848213,3
-14879.088487621768,5811,848278,3
2977.6497233728023,5812,848352,4
3999.549062049062,5813,848393,4
24325.144826363863,5814,848429,5
-1699.8715663421535,5815,848510,4
-14686.571393218066,5816,848594,3
-3363.4358482075195,5817,848616,3
-4588.425733539056,5818,848641,3
-6936.7738511488515,5819,848674,3
2894.837512203998,5820,848860,6
-10715.49152069495,5821,848940,3
-4207.098134669207,5822,848981,3
24555.369694823366,5823,849174,7
-3838.178488178488,5824,849185,3
-5490.290102054804,5825,849333,4
-3108.716070357829,5826,849347,3
26459.922486868003,5827,849647,8
-36356.50787121376,5828,849831,3
-2835.8427123284764,5829,849947,4
-7478.661246734001,5830,849996,3
-50912.5974025974,5831,850250,3
-4171.786903756718,5832,850268,3
-5032.066267066268,5833,850300,3
18927.00424575424,5834,850381,5
-5585.707070707071,5835,850414,3
15171.816436487486,5836,850627,6
21670.914431702444,5837,850690,5
25438.97977353556,5838,850812,6
-10387.296394419362,5839,850902,3
-38283.21709271982,5840,851162,4
-1433.370795870796,5841,851181,3
-12172.563825063831,5842,851270,3
-2555.9989320254863,5843,851392,4
-11191.159158179282,5844,851516,4
-18822.58838383838,5845,851602,3
-19458.607988373857,5846,851715,3
-18405.535296485246,5847,851812,3
-4186.449969019629,5848,851835,3
1918.56797785977,5849,852115,6
-3491.55531968032,5850,852137,3
-9950.788255861786,5851,852206,3
-17299.158274838883,5852,852547,6
-4013.9499389499406,5853,852668,4
25077.604110930348,5854,852711,5
-23739.675379237815,5855,852879,3
-2941.852443099139,5856,853093,5
-22385.656984689835,5857,853237,3
-8211.569051863169,5858,853290,3
-12200.91276692863,5859,853434,4
4131.076146076144,5860,853481,4
-8367.441696590304,5861,853547,3
-3838.178488178488,5862,853558,3
-3820.526695526695,5863,853577,3
-3575.6547619047606,5864,853706,5
-13291.348979537835,5865,853785,3
-1332.6228132033093,5866,853815,3
6287.227078477079,5867,853860,4
-4110.077959618342,5868,853876,3
167.31601731601722,5869,853886,3
-38367.57613301733,5870,854102,3
-5934.106995300881,5871,854126,3
-5221.171328671328,5872,854141,3
-44461.23228766416,5873,854425,4
-4698.368952384045,5874,854443,3
10786.369047619048,5875,854463,4
-516.0216928754113,5876,854639,5
8239.072039072042,5877,854675,4
-10022.068160597571,5878,854749,3
-5727.571968031347,5879,854788,3
3563.462155964089,5880,855017,6
-9181.884572470872,5881,855057,3
2942.470988548778,5882,855400,7
-20488.939240292624,5883,855661,5
-11686.507836809173,5884,855733,3
-53964.732068542035,5885,856044,3
-4031.7857142857138,5886,856057,3
-28551.206283341937,5887,856395,5
5104.129508262635,5888,856458,4
-7821.663614163615,5889,856502,3
-11272.925603807958,5890,856559,3
-10020.861915861917,5891,856610,3
-11185.324234588941,5892,856656,3
3785.020535020536,5893,856690,4
-15379.835026085027,5894,856868,4
37845.93253968253,5895,856969,8
-10618.682951596194,5896,857079,3
51703.709874696884,5897,857294,9
7951.266233766233,5898,857306,4
-941.5444196326514,5899,857423,4
-7066.195193695193,5900,857468,3
4149.033238003829,5901,857527,4
-30241.314935064915,5902,857668,3
-8449.344943841848,5903,857754,4
38603.37184312898,5904,858010,9
18373.51056169642,5905,858216,6
-9408.095238095237,5906,858267,3
-12219.63023088023,5907,858328,3
-103.4669724840004,5908,858444,4
-6842.2733521694345,5909,858488,3
-18964.22110569169,5910,858660,4
-21678.09129896591,5911,858944,5
-10138.307076480452,5912,859009,3
8344.805508389083,5913,859066,4
-19742.392633596206,5914,859317,5
-21253.09743575997,5915,859578,5
9745.725675038757,5916,859700,5
-31206.428100117017,5917,859903,3
-13713.964646464647,5918,860070,5
-10901.214633170484,5919,860172,3
-7021.029794508896,5920,860241,3
6678.665223665226,5921,860284,4
-64237.41604066425,5922,860689,4
-4898.624167953016,5923,860747,3
-4849.1637256269105,5924,860765,3
-4991.8151293151295,5925,860791,3
-34217.43980477727,5926,861030,4
1033.5897435897432,5927,861089,4
-6557.04344674933,5928,861140,3
-4103.373015873016,5929,861160,3
22854.892607392605,5930,861270,6
-1696.0905025599102,5931,861383,4
-10877.323512400912,5932,861464,3
4534.414449929157,5933,861658,6
-9918.968733851907,5934,861787,3
1546.9300221622193,5935,861907,4
7389.717643467648,5936,861959,4
-6077.179487179487,5937,861983,3
7738.206864514921,5938,862090,5
-9579.76425084204,5939,862221,4
-8930.50313764323,5940,862271,3
6516.599691158518,5941,862312,4
-3435.6333943833924,5942,862622,7
-13497.0672784444,5943,862707,3
6841.73361360861,5944,862820,5
-19304.444856828755,5945,862948,3
-6525.453251169196,5946,863003,3
-6024.075370513484,5947,863044,3
-5229.1631979131935,5948,863196,5
-1830.768398268397,5949,863261,4
-232.14424464424383,5950,863344,4
-42506.790723466416,5951,863508,3
-5535.479797979798,5952,863532,3
-1760.2236652236654,5953,863550,3
-11420.71845415616,5954,863655,3
-6624.523572832397,5955,863704,3
-14749.349016996073,5956,863824,4
-6218.218971431045,5957,863843,3
4784.989728000255,5958,863943,4
-10831.526504541209,5959,864235,6
-16122.458774455674,5960,864346,3
-4799.419191919192,5961,864369,3
31544.09525931583,5962,864566,8
-4670.032883782884,5963,864585,3
-4255.756403074762,5964,864606,3
-5288.177877763791,5965,864628,3
-12531.570062849078,5966,864955,6
-4693.929757463039,5967,864971,3
-33273.13996869144,5968,865333,7
-7305.140651363039,5969,865396,3
24851.95346320349,5970,865492,6
-21065.34328416681,5971,865592,3
-8517.830336588075,5972,865776,4
16243.816081579233,5973,865884,6
-14551.22419247419,5974,866014,4
-13105.75064641241,5975,866104,3
-17570.335114400266,5976,866532,6
-9357.503339453806,5977,866589,3
-2241.8865121806302,5978,866615,3
-8437.126092002243,5979,866710,3
-3820.876324397996,5980,866733,3
528.1601559774967,5981,866854,4
-25188.763364473507,5982,866996,3
-4811.633426557963,5983,867023,3
25885.03184315684,5984,867128,6
-5736.097236097236,5985,867161,3
7607.203629703628,5986,867189,4
20630.397796647798,5987,867238,5
5063.42796092796,5988,867286,4
-3588.048618048618,5989,867310,3
-1770.2178420135087,5990,867519,5
6043.163580700342,5991,867686,6
-5414.8173053539695,5992,867710,3
-3718.5552875076205,5993,867807,4
49524.49246051525,5994,868033,9
8768.73418248418,5995,868124,5
17179.49469881458,5996,868243,5
-9898.055179684436,5997,868328,3
8450.303734746207,5998,868474,5
28892.831890331894,5999,868524,6
52211.61496269471,6000,868735,9
-4827.020202020202,6001,868760,3
17814.165238785983,6002,868818,5
4549.313741813741,6003,868888,4
8663.477694812338,6004,869055,5
-39222.636432348416,6005,869430,5
-27275.190654074155,6006,869793,5
-22337.649919739713,6007,869941,3
-54919.393426406845,6008,870252,3
-3670.2894714504623,6009,870274,3
2225.6781413031463,6010,870368,4
-2477.857142857143,6011,870384,3
11907.634065281121,6012,870545,6
-3757.8305126787927,6013,870560,3
-3512.857142857143,6014,870580,3
-3412.6785714285716,6015,870599,3
24454.201210511183,6016,870783,7
20304.172632922637,6017,870829,5
-8772.952741702742,6018,870880,3
-923.1907490103413,6019,870974,4
20542.32482794983,6020,871107,6
22435.02420373744,6021,871131,5
27236.313014751064,6022,871235,6
-8810.123699829583,6023,871280,3
17896.908230658235,6024,871337,5
3345.564713923847,6025,871472,5
-3191.309523809524,6026,871491,3
-3035.1010101010106,6027,871517,3
14333.372791424263,6028,871625,5
1778.8847637570557,6029,871788,5
-4236.217532467532,6030,871809,3
34029.917459561424,6031,871886,6
52336.59146301754,6032,872065,9
10630.15147434265,6033,872105,4
-2956.209174382549,6034,872118,3
56420.060187490555,6035,872274,9
-14526.208450125127,6036,872399,3
8414.09194971695,6037,872432,4
-4482.99235400822,6038,872468,3
11765.533887408887,6039,872552,5
-11164.95100444791,6040,872595,3
-6087.140571846456,6041,872633,3
-7052.931572426544,6042,872753,4
-3692.4188311688313,6043,872772,3
-3502.631325717626,6044,872784,3
-6542.333495047252,6045,872824,3
18668.931272975387,6046,872925,6
681.6915181911345,6047,873021,4
12206.714968468068,6048,873213,6
-12966.796536796544,6049,873293,3
12235.514248987263,6050,873428,5
6704.375624375624,6051,873446,4
-4310.747063394121,6052,873480,3
27286.752993585145,6053,873664,7
-19324.594905615988,6054,873748,3
-3508.4410075218902,6055,873759,3
-6790.76699959827,6056,873805,3
-16122.043816759635,6057,874135,6
5160.590798090798,6058,874154,4
14353.328460754925,6059,874383,7
-46779.46690285117,6060,874779,5
-3372.696220793609,6061,874812,3
35289.68874842907,6062,874981,7
-19877.579871109283,6063,875098,3
-3663.4341312282495,6064,875140,3
2912.8689366189337,6065,875341,6
-8328.627553002552,6066,875393,3
-36672.715950844824,6067,875669,4
-12389.013910456892,6068,875771,3
-3419.0404040404037,6069,875798,3
21666.715367965364,6070,875840,5
-36738.172733867155,6071,876046,3
-34.21902572831459,6072,876143,4
12683.602230672666,6073,876380,7
-5155.624375624376,6074,876398,3
-7474.547604528253,6075,876523,4
48902.68574648606,6076,876664,8
-10175.448311578344,6077,876729,3
6133.0253477602555,6078,876820,5
-2913.299062049062,6079,876833,3
15619.570751101324,6080,876911,5
6690.154845154842,6081,876944,4
-4373.451817145702,6082,876958,3
2819.527217278764,6083,877110,5
-6710.831127506824,6084,877140,3
-10030.089840714843,6085,877266,4
16386.221044607268,6086,877434,6
-7127.422062801322,6087,877470,3
-4426.967400205723,6088,877497,3
-18435.350176784,6089,877597,3
1712.0829102565363,6090,877779,5
-5597.516251097705,6091,877832,3
24982.66702251997,6092,877918,6
6507.47370684871,6093,877965,4
-7039.796869796871,6094,877996,3
-29925.55661075885,6095,878151,3
-4820.119047619048,6096,878167,3
-4028.571428571429,6097,878178,3
-4500.938365040532,6098,878203,3
16941.055039731513,6099,878277,5
24810.85823898323,6100,878394,6
-24856.62492659576,6101,878517,3
26558.528457537683,6102,878685,6
7080.007891575231,6103,878892,6
-23838.88534035735,6104,879064,4
-13791.356161187618,6105,879161,3
57318.485467705665,6106,879249,8
9431.933091418387,6107,879387,5
-6966.861915309081,6108,879611,5
-23056.620462870473,6109,879725,3
-8355.697427572428,6110,879787,3
1891.19352869353,6111,879853,4
-2006.9831557331559,6112,879876,3
-2437.3737373737376,6113,879901,3
-6312.826797798382,6114,880167,6
29842.06406149189,6115,880327,7
-36901.295155783475,6116,880512,3
-18028.2105725372,6117,880726,5
-21240.17380283375,6118,880895,3
-9717.140841184959,6119,881044,5
-9151.796571311312,6120,881090,3
-9824.572811988903,6121,881199,3
-39788.39408226796,6122,881486,4
-19088.814801469598,6123,881592,3
-4302.777777777777,6124,881614,3
-8246.525974025975,6125,881664,3
7737.689185814186,6126,881707,4
19168.612845487845,6127,881742,5
-4924.839902744315,6128,881758,3
18234.281355123912,6129,881906,6
-25963.9441843211,6130,882276,5
12507.795023603845,6131,882377,5
7797.513303689776,6132,882473,5
15161.858072483072,6133,882548,5
-4850.143369522895,6134,882684,4
-29186.099853224805,6135,882905,4
4156.936813186813,6136,882980,4
-2834.334203378321,6137,882990,3
-37039.479131979155,6138,883233,3
-46661.10714040859,6139,883526,4
-11543.443603195386,6140,883589,3
-2880.285595682267,6141,883602,3
-3754.2671898534904,6142,883618,3
-10334.7847087553,6143,883955,7
28677.599467955504,6144,884051,6
7493.481042689382,6145,884363,7
-2507.6728826728827,6146,884373,3
14406.076885379618,6147,884544,6
-21895.294289044283,6148,884700,4
-22866.48210937519,6149,884838,4
-2440.476190476191,6150,884848,3
28877.524345597292,6151,884971,6
30404.764737987814,6152,885150,7
-5232.925501356229,6153,885170,3
-443.4772717162326,6154,885290,5
-8665.45648795649,6155,885345,3
-67126.75374376222,6156,885717,3
-3060.9502997002996,6157,885742,3
-4458.837155491567,6158,885757,3
2602.7982891721267,6159,885852,4
-4664.466562848916,6160,885877,3
-1879.6406371406372,6161,885888,3
-10142.127036620082,6162,886183,6
-4237.183510933512,6163,886223,3
-15542.09932997859,6164,886298,3
1490.3994655155657,6165,886462,5
-7128.42344824265,6166,886627,4
-12407.549849531271,6167,886719,3
-14779.480226945396,6168,886785,3
6182.599072324305,6169,886846,4
-15409.211115681706,6170,886932,3
-10341.73597107227,6171,886993,3
8534.999493325735,6172,887043,4
-9271.321963640075,6173,887087,3
-10017.877677877681,6174,887228,4
-14984.034295427802,6175,887418,4
16026.970163089107,6176,887604,7
30235.84987381041,6177,887685,6
-3820.08908567054,6178,887716,3
-14502.977505865112,6179,887866,4
-8733.416583416583,6180,887923,3
-22116.761014827967,6181,888038,3
7447.362536749336,6182,888214,5
8248.269230769232,6183,888235,4
-6417.444741062322,6184,888371,4
50636.50318806881,6185,888490,8
-6202.414252414253,6186,888506,3
19995.967227217232,6187,888617,6
-5501.211889156299,6188,888795,5
-23927.043299837416,6189,888917,3
-21195.13851536732,6190,889072,3
-8988.699629552753,6191,889156,3
-6916.944444444444,6192,889200,3
13455.789154301161,6193,889422,6
-18035.932054057055,6194,889509,3
-37588.405989435385,6195,889889,4
8638.769841269843,6196,889914,4
-20411.265530350272,6197,890346,6
-3327.871572871573,6198,890368,3
20429.593984446925,6199,890405,5
-19414.577922077915,6200,890507,3
39742.83924408925,6201,890642,8
-4865.406700497645,6202,890671,3
3192.003968253968,6203,890764,5
45296.74708461471,6204,891041,10
31951.666666666664,6205,891080,6
-36724.77066917804,6206,891300,4
8002.964396714394,6207,891538,7
-21211.41658908686,6208,891620,3
-9731.421106256486,6209,891732,3
-3686.6522366522368,6210,891758,3
-5168.246189440075,6211,891777,3
7556.206298001964,6212,891949,6
9947.794493303396,6213,891969,4
-15355.485347985346,6214,892068,3
-56377.23128657135,6215,892463,4
3036.5656565656554,6216,892526,4
27930.18770130724,6217,892701,6
4121.482656919964,6218,892833,5
11030.455933815068,6219,892958,5
18337.2508874798,6220,893011,5
-9483.369272121967,6221,893156,4
-4385.367410367409,6222,893286,4
26853.90026640026,6223,893331,6
-6705.172882672882,6224,893361,3
-11052.02920695276,6225,893448,3
-27239.391569500825,6226,893793,5
16156.064213564212,6227,893852,5
-35154.285714285725,6228,894023,3
-5592.162841243724,6229,894052,3
6697.937382759028,6230,894077,4
31815.901136187516,6231,894272,7
-7219.04041069869,6232,894332,3
-20464.612842437928,6233,894458,3
-22852.001608737144,6234,894607,3
7726.349108407932,6235,894663,4
7993.871102237974,6236,894773,5
-22494.413642261035,6237,894997,4
-4525.235193727838,6238,895057,4
-5035.01332001332,6239,895088,3
-8606.920856920857,6240,895132,3
-11706.894788218318,6241,895201,3
-11223.42041944983,6242,895332,4
-7066.766558735532,6243,895399,3
-12977.620047221439,6244,895479,3
27371.24499841329,6245,895604,6
24674.640714892263,6246,895642,5
-2098.5714285714284,6247,895653,3
-7655.151534482031,6248,895695,3
-3981.7829392829394,6249,895813,4
17973.49741723219,6250,895918,5
10822.429713819032,6251,895953,4
-9372.246332099276,6252,895998,3
-11563.22054579408,6253,896106,3
21500.04052701361,6254,896235,6
7453.977272727275,6255,896272,4
-3983.905677655678,6256,896285,3
-5004.774293903552,6257,896313,3
-3106.2099017888827,6258,896324,3
34026.4067143876,6259,896498,7
44570.41927671572,6260,896594,7
-15638.525468582508,6261,896685,3
30667.032140760854,6262,896778,6
-1082.0668220668222,6263,896797,3
-1547.826027172006,6264,896945,5
-5540.06000348644,6265,896979,3
19961.22392378004,6266,897011,5
-16615.373606705056,6267,897246,5
-9108.524599110899,6268,897308,3
-4622.0960566388785,6269,897332,3
-2892.6764996269662,6270,897528,5
506.16161616161617,6271,897544,3
-14614.970862470862,6272,897619,3
-24827.386988011993,6273,897758,3
-4060.796761289535,6274,897780,3
7258.998917748919,6275,897863,5
4731.932030916464,6276,897899,4
-4605.197721441075,6277,897919,3
-1024.3546164279783,6278,898028,4
-16056.522158397154,6279,898184,4
-4338.041125541125,6280,898207,3
837.3298303415067,6281,898365,5
-2849.2857142857147,6282,898380,3
-16561.53961250159,6283,898537,4
-15254.407675657667,6284,898638,3
9482.02380952381,6285,898656,4
12310.149017649019,6286,898754,5
-10650.779637029638,6287,898816,3
-4066.5112665112665,6288,898856,3
-25406.239415094497,6289,899133,5
9018.313492063491,6290,899155,4
8525.059523809521,6291,899183,4
8523.40811965812,6292,899214,4
-5721.771851045711,6293,899265,3
-6436.2074037074035,6294,899439,5
3641.9758365559474,6295,899591,5
6532.770562770564,6296,899625,4
3411.2157095999996,6297,899735,4
-6393.932736248661,6298,899802,3
15128.547102192606,6299,899896,5
23477.56875477463,6300,900005,6
-3726.607142857143,6301,900027,3
1632.0235320235324,6302,900048,3
10253.24952824953,6303,900088,4
17501.87334487838,6304,900174,5
573.8533048871066,6305,900302,4
-3426.3386613386615,6306,900312,3
-2033.08619785787,6307,900345,3
-6763.639872769131,6308,900397,3
-34381.84666151591,6309,900708,5
7184.159584825225,6310,900854,5
44623.10467310467,6311,900962,8
-29324.103902633306,6312,901117,3
-30688.262032860657,6313,901375,4
-14064.934738249365,6314,901496,3
-7684.654237147593,6315,901724,6
-2602.995060495061,6316,901745,3
7567.464003145115,6317,901803,4
-3422.882672882673,6318,901819,3
14688.333579658245,6319,901932,5
12910.072982572981,6320,902007,5
22498.560320828125,6321,902169,7
-13147.3001998002,6322,902223,3
-21485.603441496878,6323,902513,5
-7356.0654051830525,6324,902546,3
-5580.0408685741495,6325,902563,3
-6052.041708291708,6326,902588,3
7928.719148498556,6327,902670,5
-4888.527424373013,6328,902707,3
13437.91306732483,6329,902794,5
22642.420634920636,6330,902824,5
-4327.004373335643,6331,902859,3
-4578.674626027567,6332,902895,3
-2859.305547393783,6333,902917,3
32612.040260221365,6334,903034,7
-4402.148006791972,6335,903133,4
2095.024901669871,6336,903264,5
-15526.11471161411,6337,903341,3
-18825.77453983436,6338,903587,4
-8744.444444444445,6339,903623,3
-1912.142857142857,6340,903638,3
-68093.4479632145,6341,904188,5
-841.520349705336,6342,904321,5
2997.78851609347,6343,904388,4
-5857.687953283759,6344,904425,3
40609.88383512286,6345,904535,7
-7961.073648573648,6346,904573,3
-11845.080515459771,6347,904722,4
9384.901723663332,6348,904892,5
-4848.937165775402,6349,904980,4
-8319.497377622378,6350,905034,3
-5777.651928096134,6351,905080,3
-4468.45734564489,6352,905196,4
-2134.4444444444443,6353,905217,3
33674.44390600089,6354,905388,7
19541.358827575932,6355,905459,5
-6112.5,6356,905480,3
-3508.4410075218902,6357,905491,3
-27615.992391046228,6358,905691,4
-4080.8782935330933,6359,905721,3
-4794.8058885558885,6360,905758,3
-8592.759176453063,6361,905809,3
-14598.445557710264,6362,906002,4
4827.3933419521645,6363,906021,4
-10443.045654465934,6364,906089,3
-5418.989898989898,6365,906114,3
-3699.1845654345652,6366,906130,3
-1349.8959373959347,6367,906258,5
-14550.841687290727,6368,906543,5
-6175.537176961327,6369,906588,3
6945.431914853067,6370,906676,4
-10644.580110292183,6371,906740,3
36421.423021423005,6372,906849,7
-5713.168313940289,6373,906885,3
-29317.625206750603,6374,907061,3
-3841.3888888888896,6375,907083,3
-15096.566000153265,6376,907265,4
22560.074578199572,6377,907434,7
19202.393962246908,6378,907475,5
-9090.113341044424,6379,907556,3
-17086.164457747276,6380,907787,5
-2666.7142906113495,6381,907801,3
-3430.059523809524,6382,907816,3
-67162.14185314202,6383,908247,3
8454.684130238378,6384,908302,4
-6285.805860805861,6385,908344,3
-15018.961525384027,6386,908437,3
-7873.082611832612,6387,908477,3
-5646.132543926662,6388,908522,3
-7942.538572538573,6389,908561,3
8934.660348036898,6390,908740,6
33508.569992099394,6391,908791,6
1473.7765665706843,6392,908863,4
-16187.020229688054,6393,909073,5
-7467.950937950939,6394,909125,3
486.13117274881915,6395,909228,4
-3935.130557007491,6396,909254,3
-4513.101095241188,6397,909270,3
-5196.820342325374,6398,909298,3
-5186.922113833881,6399,909581,6
6487.301587301588,6400,909601,4
35560.10059385059,6401,909708,7
9724.359496712437,6402,909826,5
-2470.6121946733065,6403,909939,4
-1759.7619047619048,6404,909952,3
-2283.392857142857,6405,909969,3
-12212.352846336835,6406,910281,5
-8551.37085137085,6407,910325,3
-8305.289124976665,6408,910527,5
11460.46536796537,6409,910607,5
8173.112304362299,6410,910644,4
6188.153725425599,6411,910711,4
60265.78636641137,6412,910813,8
-1973.0916305916307,6413,910903,4
24146.54460911092,6414,911185,8
-28471.94830045256,6415,911374,3
-7252.553002553003,6416,911416,3
-5475.829725829726,6417,911440,3
5553.97866022866,6418,911563,5
-11824.757415786824,6419,911728,4
-3670.7655296499015,6420,911757,3
7377.294759978586,6421,912005,7
13018.68497937949,6422,912236,6
-3181.964285714286,6423,912248,3
-4594.484126984127,6424,912268,3
19592.5,6425,912282,5
11913.185425685426,6426,912296,4
-1031.6666269821462,6427,912380,4
-1354.4642857142858,6428,912389,3
-3934.429580622137,6429,912415,3
20281.95049231814,6430,912477,5
9871.343570073484,6431,912673,6
-6777.597652868735,6432,912709,3
2654.1665455287684,6433,912842,5
5316.668886668885,6434,912970,5
-5875.624375624375,6435,912992,3
7280.678318686293,6436,913288,7
-379.2598234276452,6437,913388,4
34595.256751547386,6438,913591,8
-514.5679320679312,6439,913676,4
-308.55487756997184,6440,913836,6
-3385.648591604473,6441,913979,5
-7185.349952764813,6442,914027,3
-5139.075740436035,6443,914046,3
-27650.90576090576,6444,914172,3
-7593.331504184779,6445,914231,3
-10585.80251378047,6446,914338,3
-4265.633515173898,6447,914355,3
-437.69702519702355,6448,914439,4
-4781.651404151403,6449,914460,3
-8299.872627372628,6450,914504,3
36612.367036343436,6451,914665,8
10745.17440892441,6452,914746,5
-23386.967406633754,6453,915164,6
-31981.801534378952,6454,915420,3
-4008.598068598069,6455,915452,3
9459.890338419753,6456,915494,4
-6336.309523809524,6457,915524,3
4336.822433003645,6458,915680,5
-5218.888888888889,6459,915709,3
-2608.3335414585417,6460,915727,3
10732.65250014863,6461,915927,6
22431.875763125758,6462,916017,6
48206.426607448266,6463,916294,10
-8848.872678534053,6464,916506,5
-4283.5051060051055,6465,916525,3
-16858.84395424837,6466,916636,3
-3714.3123543123543,6467,916661,3
-1371.0333375774553,6468,916748,4
-16618.366211531844,6469,916910,3
-8186.255411255412,6470,916954,3
-6329.794372294373,6471,917024,4
-25185.707461613027,6472,917198,3
-6317.229786037835,6473,917231,3
24528.39327189726,6474,917276,5
13303.052166486774,6475,917419,5
-300.93706476926025,6476,917531,4
6476.723346098348,6477,917718,6
-27861.32936507936,6478,917833,3
-6516.940568891033,6479,917881,3
19449.503552003545,6480,917925,5
8132.072510822514,6481,917960,4
-6045.282866857943,6482,918000,3
-17854.41276013589,6483,918254,5
-13225.858479111188,6484,918364,3
-5433.890937064314,6485,918496,4
-5130.9151284731715,6486,918723,5
28175.918179043176,6487,918814,6
-7335.808649125208,6488,919041,5
24460.911106866995,6489,919143,6
-3772.9437229437226,6490,919224,4
-10070.691046569527,6491,919291,3
-2265.1116620737366,6492,919305,3
-5200.963951598946,6493,919357,3
18970.275419025424,6494,919575,8
-3053.5588023088026,6495,919599,3
-8007.235411647177,6496,919670,3
-8985.202020202021,6497,919770,4
12381.39611011547,6498,919993,6
-8387.760013679128,6499,920063,3
-2336.309523809524,6500,920075,3
13828.54477954256,6501,920204,5
-19256.611893008958,6502,920285,3
-2891.726190476191,6503,920302,3
-2892.609824815707,6504,920317,3
18620.714285714286,6505,920353,5
15653.559160997233,6506,920424,5
-6038.329521785405,6507,920464,3
7626.104564939706,6508,920565,5
-14139.703025732439,6509,920686,3
7429.7579510273,6510,920800,5
-29128.202214452213,6511,920926,3
-4783.20165945166,6512,920949,3
-73198.01396154547,6513,921472,5
-6126.745761977964,6514,921597,4
-9646.448610084435,6515,922127,9
10697.231102231106,6516,922195,5
-4028.571428571429,6517,922206,3
-36930.94903008704,6518,922376,3
-85.88495414488204,6519,922510,4
63841.909652859875,6520,922691,10
-1760.2236652236654,6521,922709,3
-3057.049062049062,6522,922721,3
-14402.450327450326,6523,922832,4
-3230.5504415605046,6524,922863,3
-12106.6688213747,6525,923080,5
6734.912195647489,6526,923207,5
-40612.11101591906,6527,923509,4
8064.569527264959,6528,923554,4
-14079.200244200243,6529,923633,3
-2110.8671883671877,6530,923714,4
-6132.37761786717,6531,923751,3
40636.37194407847,6532,923845,7
1510.976444006631,6533,923898,4
-17550.492162636125,6534,924003,3
-12044.190458234581,6535,924084,3
28079.587334167165,6536,924224,6
-3435.260226342807,6537,924343,4
552.7763902763902,6538,924360,3
35424.97294372294,6539,924446,7
8220.65365085775,6540,924535,5
6992.694805194806,6541,924582,4
14845.168667331984,6542,924674,5
-7954.920634920633,6543,924721,3
28809.20017482518,6544,924786,6
-9478.792707813791,6545,924828,3
-5017.129539622893,6546,924850,3
44735.55763680765,6547,925110,9
-8678.643711600165,6548,925174,3
10206.600205350209,6549,925320,6
9276.818181818182,6550,925334,4
-2820.4807447454514,6551,925367,3
14874.317596318373,6552,925567,6
-14468.498886734184,6553,925684,3
-4786.1124986125,6554,925780,4
-25845.24327474207,6555,926165,6
37635.59648684649,6556,926264,7
520.2805527805504,6557,926362,4
-3426.3386613386615,6558,926372,3
-6506.52540083419,6559,926424,3
4237.830053932996,6560,926583,5
-12651.683771165195,6561,926753,4
-23084.633626177743,6562,926929,4
15794.228023643995,6563,927098,6
-6339.084249084249,6564,927118,3
-2977.82519064071,6565,927155,3
-1971.7676767676767,6566,927174,3
-2052.6262626262624,6567,927241,4
-4386.640026640027,6568,927257,3
-6322.9665754389625,6569,927327,3
27.353414559299154,6570,927420,4
-2097.885864135864,6571,927433,3
-21893.707668320672,6572,927566,3
-3706.9413919413923,6573,927578,3
-4499.328422099505,6574,927596,3
-4027.5770514315404,6575,927609,3
48759.282661782665,6576,927673,8
-6590.425811933164,6577,927752,4
-3339.9361055611057,6578,927763,3
-5299.5150446388825,6579,927791,3
-2910.8245589979338,6580,927812,3
7124.949544517788,6581,927894,4
13173.984890502506,6582,928112,7
-4646.580136839425,6583,928132,3
9455.714285714288,6584,928272,6
19111.646131646132,6585,928312,5
-13927.392884892886,6586,928592,5
-6948.638167388167,6587,928722,5
-5710.743006993007,6588,928746,3
-7977.423212802588,6589,928888,4
-10238.4655266829,6590,929163,6
-8169.447300205816,6591,929224,3
-4225.331488257185,6592,929244,3
-4910.021081214967,6593,929264,3
-15108.497405372405,6594,929340,3
-8701.89948939949,6595,929391,3
-19587.17171717172,6596,929481,3
-14718.337207644736,6597,929605,3
-1816.9642857142856,6598,929617,3
-24913.831168831162,6599,929738,3
-5970.595673696778,6600,929789,3
64757.315405183064,6601,930067,10
-16658.598322042588,6602,930343,5
12363.28545755647,6603,930477,5
-3776.428571428571,6604,930488,3
-1600.6565656565656,6605,930498,3
-8436.235708735709,6606,930545,3
-39059.3870222914,6607,930935,5
7785.266955266958,6608,931026,5
-3739.464285714286,6609,931045,3
-18012.252754984962,6610,931312,5
15589.163891663888,6611,931380,5
71.98634698634692,6612,931393,3
9111.939416792362,6613,931508,5
4496.7037550905015,6614,931666,5
-11627.350131658923,6615,931804,4
-5537.330573837926,6616,931827,3
-3004.2045209692283,6617,931919,4
-5212.055713249599,6618,931938,3
-4063.3022538619352,6619,931961,3
17335.95723720724,6620,932090,6
-1822.5563325563328,6621,932104,3
-17027.685917024144,6622,932219,3
-9107.744041519198,6623,932284,3
21300.51572331177,6624,932453,6
-6573.815628815629,6625,932494,3
-1732.0218996689584,6626,932525,3
10202.229298479297,6627,932557,4
-4384.814629814629,6628,932576,3
13541.213231213233,6629,932659,5
26922.017953451774,6630,932741,6
-11334.31322539799,6631,932801,3
-32727.454351204327,6632,933067,4
-3146.1689056987047,6633,933080,3
-4172.64097014097,6634,933106,3
-48551.737865892275,6635,933390,3
-3509.4444444444443,6636,933408,3
5623.472973105326,6637,933449,4
21362.4284049284,6638,933559,6
-4082.857142857142,6639,933585,3
7339.959838493107,6640,933923,7
-2919.400034520002,6641,934034,4
-5769.979406277579,6642,934075,3
-37914.98907697051,6643,934318,3
-12084.144189144188,6644,934393,3
14152.031718281709,6645,934501,5
-9016.396103896102,6646,934555,3
-38522.41766317618,6647,934914,4
-7319.369658119659,6648,934961,3
-42623.619723686534,6649,935277,4
-3992.694805194805,6650,935296,3
17266.390133559253,6651,935364,5
-3233.762708504354,6652,935624,6
18200.89301092784,6653,935684,5
-4885.036349379968,6654,935834,5
-5760.031836928121,6655,935854,3
39504.960498737564,6656,936115,9
-2146.1507936507937,6657,936126,3
-7290.6572594072595,6658,936161,3
-3010.7084723841685,6659,936171,3
-27241.892561772605,6660,936435,5
-10768.642460480693,6661,936580,4
13285.787910854111,6662,936811,7
36003.42877817915,6663,936913,7
-13661.892551154851,6664,937303,6
-5857.995060495062,6665,937339,3
-6466.533003460248,6666,937371,3
-23337.53800366985,6667,937682,5
-6894.980672707068,6668,937725,3
-16755.726911976908,6669,937803,3
-11244.649058611034,6670,937897,3
-7747.828542368926,6671,937941,3
-4915.642711047122,6672,937960,3
-4613.4572754387,6673,938004,3
-5499.129920002599,6674,938022,3
5131.098185048089,6675,938174,5
-3358.870573870575,6676,938264,4
8657.001268574833,6677,938394,5
16437.216949716938,6678,938474,5
-7253.120278414397,6679,938516,3
-14985.690876461,6680,938620,3
-2192.8792041292045,6681,938747,5
5724.82683982684,6682,938768,4
-6860.199849170439,6683,938816,3
-1466.2799763446164,6684,939008,5
-22929.0690799998,6685,939097,3
-3057.0063179854205,6686,939126,3
-14910.97145345026,6687,939231,3
7424.259816336057,6688,939337,5
-10464.094516594518,6689,939381,3
-5554.271182678691,6690,939409,3
-6130.870973281965,6691,939535,4
-11866.26327576792,6692,939620,3
-9466.904761904763,6693,939665,3
-21517.286879525403,6694,939827,3
-7221.962383707436,6695,939886,3
-3085.3903041403046,6696,939914,3
-18597.078546453547,6697,940018,3
-5034.114219114221,6698,940046,3
-3466.861520832109,6699,940070,3
-9975.60966810967,6700,940174,4
-9066.770215508604,6701,940241,3
-4627.976190476191,6702,940268,3
-23473.81574027893,6703,940392,3
24052.67838461923,6704,940489,6
-4483.014457163064,6705,940512,3
5517.232229844451,6706,940598,5
22209.918961757183,6707,940795,7
3155.248232804345,6708,940845,4
-8300.75189086799,6709,940920,3
13830.877876638337,6710,941008,5
16098.418109668108,6711,941103,5
5728.1204225341235,6712,941146,4
-4768.18807566553,6713,941183,3
3222.313824542741,6714,941227,4
-256.3363457110936,6715,941365,5
3224.6791443850248,6716,941445,4
-7047.524676046347,6717,941485,3
8458.665268554978,6718,941583,5
6936.228979353977,6719,941643,4
4400.938228438228,6720,941667,4
6945.700063825063,6721,941774,5
-412.36168587174666,6722,941880,4
24830.332633615395,6723,941929,5
-11181.474004861746,6724,942134,4
6250.3697691197685,6725,942193,4
7678.044145397085,6726,942241,4
-9099.96780996781,6727,942288,3
-4686.118562809739,6728,942303,3
41680.155393563095,6729,942431,7
25305.674603174597,6730,942544,7
20421.011904761905,6731,942589,5
-7239.79446527695,6732,942622,3
-4544.760702762486,6733,942641,3
-5871.264554554705,6734,942713,3
8989.70238095238,6735,942746,4
9150.853174603177,6736,942874,6
-12874.592096910885,6737,942972,3
-1694.973066149531,6738,943167,5
-6079.166666666666,6739,943199,3
3104.687257187258,6740,943251,4
-3491.55531968032,6741,943273,3
-2500.6962481962482,6742,943285,3
-36009.92202242202,6743,943492,4
-6160.093378843379,6744,943529,3
-4148.135139008102,6745,943579,3
-6415.475635475635,6746,943608,3
13189.26010264246,6747,943843,7
-7827.22362196627,6748,943886,3
8100.56637806638,6749,943979,5
-12774.242693580927,6750,944197,5
-21833.50906692162,6751,944646,7
5152.414807414809,6752,944694,4
-3110.7738095238096,6753,944710,3
-9316.486478478673,6754,944754,3
8766.911026065438,6755,944800,4
-6164.724164724164,6756,944829,3
-7964.682539682539,6757,944871,3
16453.750000000004,6758,944921,5
-15286.707875457872,6759,944984,3
-5339.6210359987435,6760,945033,3
-4456.980519480519,6761,945058,3
-2733.2142857142853,6762,945076,3
-8390.01918703931,6763,945126,3
-11081.821550762694,6764,945355,5
20606.214757464764,6765,945405,5
-4339.151404151405,6766,945426,3
31357.97261559037,6767,945570,6
-5434.444028194029,6768,945605,3
-5888.157741726946,6769,945647,3
11216.327665314522,6770,945864,6
-15771.781650796742,6771,945935,3
-3254.91008991009,6772,945946,3
4519.972801965835,6773,946080,5
20014.155469573427,6774,946224,6
-7217.383542866027,6775,946258,3
-4207.577051431541,6776,946272,3
-19263.954032069705,6777,946531,5
-12878.48803157627,6778,946584,3
-53472.22450829371,6779,946892,4
-4120.311593076686,6780,946909,3
-3400.7084723841685,6781,946920,3
-3513.7056693306695,6782,946935,3
-7671.25,6783,946979,3
-8235.570652033837,6784,947026,3
-2709.8680580685236,6785,947065,3
-24414.372294372293,6786,947209,4
-13435.999399892507,6787,947294,3
3195.3966024515576,6788,947387,4
26059.198840375317,6789,947512,6
-14915.992548258415,6790,947693,4
15758.574823093857,6791,947876,6
13709.945780054139,6792,947976,5
23738.587488363028,6793,948088,6
-3739.464285714286,6794,948107,3
780.3102453102451,6795,948121,3
-5684.2532467532465,6796,948147,3
5579.159174159175,6797,948180,4
8923.594114219106,6798,948442,7
-14875.631313131309,6799,948513,3
33702.97771955727,6800,948912,10
19041.862092884614,6801,949296,9
-7502.060018584792,6802,949535,6
-2867.757936507937,6803,949550,3
-15769.567099567097,6804,949636,3
-3609.2652016973343,6805,949668,3
-1107.7236652236656,6806,949689,3
-15050.147920749703,6807,949903,5
-8104.593543711191,6808,949945,3
-8949.559468309475,6809,950227,6
9944.298340548341,6810,950246,4
6540.469747400863,6811,950283,4
-4763.340446318388,6812,950299,3
-13258.231107128166,6813,950375,3
-2386.498917748918,6814,950386,3
-26077.363192363195,6815,950651,5
-3309.7741828604835,6816,950662,3
-36159.110432634334,6817,950872,3
-8084.380423498071,6818,950910,3
-16220.74046593802,6819,951012,3
18632.916462274967,6820,951164,6
-18650.535714285717,6821,951254,3
-10604.166428425207,6822,951311,3
-7547.525921790626,6823,951356,3
23120.645049395047,6824,951428,6
9869.296259296263,6825,951473,4
9531.035157652794,6826,951581,5
-9944.334207459206,6827,951628,3
-62216.673078112755,6828,952128,5
11976.51163193642,6829,952671,10
-10758.00164373997,6830,952755,3
-4904.304029304029,6831,952793,3
23705.280413600853,6832,952965,7
-13912.078265559898,6833,953088,3
8142.542031412006,6834,953187,5
34192.78551513845,6835,953334,7
-12825.517016188312,6836,953543,4
21488.39285714286,6837,953554,5
-12729.761904761901,6838,953612,3
-3651.46067168126,6839,953632,3
83022.31369937252,6840,953945,12
-8125.596682729034,6841,954013,3
-4829.316256414873,6842,954038,3
-11586.92588800948,6843,954121,3
-1778.2364434147994,6844,954195,4
15261.647962031095,6845,954287,5
16030.460940203588,6846,954376,5
-4691.713564213565,6847,954404,3
-6114.300144300143,6848,954470,4
-23028.600970108328,6849,954656,4
-12013.215479826482,6850,954907,5
-6092.7200577200565,6851,954949,3
-7858.40551884476,6852,954985,3
14690.734900419506,6853,955259,7
7228.982712334105,6854,955385,5
-8082.421993855818,6855,955427,3
-4768.450243342978,6856,955466,3
-4709.4119764824045,6857,955654,5
29854.21203388115,6858,955738,6
-2717.8398271872156,6859,955785,3
-13142.876984126979,6860,955925,4
-2794.458874458874,6861,955941,3
-24556.221862288043,6862,956065,3
-7885.782338576457,6863,956111,3
-7697.0607660313535,6864,956148,3
-17467.387955182072,6865,956350,5
-6910.675377216969,6866,956416,3
12748.793706293704,6867,956481,5
38734.68779893722,6868,956710,9
-5959.8598511911205,6869,956758,3
10557.743506493507,6870,956775,4
-4160.453362150629,6871,957052,6
-14134.939509020383,6872,957276,5
-1664.642857142857,6873,957290,3
-29004.246031746043,6874,957457,4
10987.973137973137,6875,957494,4
31664.90675990676,6876,957554,6
8527.0118688501,6877,957776,6
24253.24339207554,6878,957868,6
21821.31167078536,6879,958050,7
-4189.181061456604,6880,958068,3
-14029.236079537937,6881,958148,3
-6124.340104340105,6882,958194,3
10843.526742864979,6883,958227,4
566.1616161616162,6884,958238,3
-32135.260233402678,6885,958705,7
34317.50388307082,6886,958962,8
17041.065115440113,6887,959030,5
8883.311900517783,6888,959061,4
-8815.797119547118,6889,959179,4
-3625.7445089123653,6890,959210,3
-4654.848484848485,6891,959233,3
36606.58789739672,6892,959317,7
27297.149440042256,6893,959502,8
-7538.284672413931,6894,959558,3
-6345.831722077971,6895,959701,4
-7877.287871843834,6896,959839,4
-10156.555250305253,6897,959980,4
-8664.033988886931,6898,960034,3
4883.103983434864,6899,960100,4
-7105.591075591075,6900,960149,3
-4063.0713649096006,6901,960167,3
4266.4182345432355,6902,960236,4
6940.618131868134,6903,960268,4
-2197.5831113331105,6904,960394,4
-9692.324561833078,6905,960476,3
-4295.59835997336,6906,960489,3
-2455.3361920157586,6907,960507,3
-23156.884471307836,6908,960733,5
-4208.671328671329,6909,960746,3
-16392.538525286196,6910,960911,4
-19223.39969627895,6911,961071,3
14917.059259110336,6912,961191,5
-11720.338742354983,6913,961381,4
105.62420422714604,6914,961466,4
-5034.602079851693,6915,961495,3
-5692.411290979403,6916,961529,3
31177.16216677684,6917,961817,9
-3638.103367221014,6918,961828,3
-4505.324675324676,6919,961847,3
16464.22663787021,6920,961910,5
-5285.237531431417,6921,961927,3
-5441.449187207702,6922,961967,3
-3380.444371804667,6923,962026,3
2863.6904761904775,6924,962074,4
-2357.683982683983,6925,962092,3
10164.731657231656,6926,962126,4
-5656.45541958042,6927,962146,3
-4000.2328680241258,6928,962168,3
-7220.224018757299,6929,962203,3
-4604.869341614698,6930,962225,3
-798.7554112554114,6931,962242,3
-5996.02174733143,6932,962273,3
-4521.981323415147,6933,962294,3
6267.596570096569,6934,962402,5
15028.098837437079,6935,962452,5
-3271.625645596234,6936,962467,3
-29600.91986137632,6937,962700,4
-3936.190476190476,6938,962715,3
-4173.106268731269,6939,962738,3
-8421.615696395109,6940,962780,3
-1828.6449214699978,6941,962876,4
-1493.8997113997075,6942,963052,5
4291.22579304081,6943,963115,4
-9868.878058001514,6944,963317,5
-15698.575272082879,6945,963433,3
1703.1583694083715,6946,963528,5
-2015.9423909423908,6947,963552,3
-4376.263974029067,6948,963570,3
-188.92884892884877,6949,963588,3
18659.880952380954,6950,963612,5
1381.8205813794048,6951,963743,5
31346.81380710792,6952,963796,6
-6753.775064160126,6953,963892,4
6320.828294512504,6954,963960,4
4605.410765704884,6955,964025,4
-24357.076950826955,6956,964126,3
-19138.355381208505,6957,964257,3
-11727.181528911404,6958,964355,3
17752.35017304677,6959,964525,6
-1718.896103896104,6960,964538,3
-15138.629001072886,6961,964631,3
-7763.58386840198,6962,964665,3
5810.714285714284,6963,964702,4
921.7001707442892,6964,964799,4
-11636.908765655906,6965,964879,3
-7422.9079417314715,6966,964916,3
-4605.311077811081,6967,965070,5
-3341.723970473971,6968,965088,3
3240.207153957155,6969,965366,8
-27677.501061030474,6970,965538,3
-50490.84618812555,6971,965943,5
-25101.679495658773,6972,966137,3
9376.666666666668,6973,966225,5
27347.35382672883,6974,966543,9
-15805.708012962272,6975,966636,3
-3389.1143578643578,6976,966655,3
9964.024890658016,6977,966683,4
8167.8674095082715,6978,966802,5
-27553.255154288436,6979,966934,3
-5728.242856214993,6980,966964,3
-17393.117993117987,6981,967058,3
5715.082521752409,6982,967280,6
-12678.077478077481,6983,967355,3
-4400.989010989011,6984,967370,3
-2481.472693972694,6985,967385,3
-25087.62707633821,6986,967513,3
-18952.13999407885,6987,967656,4
-9152.077922077922,6988,967707,3
-37054.97094841415,6989,967991,4
-2204.894266600721,6990,968030,3
-3508.4410075218902,6991,968041,3
16068.756753713893,6992,968109,5
-10712.663286860485,6993,968183,3
-5156.260615459538,6994,968551,7
2308.4025941378877,6995,968617,4
-22601.68432831356,6996,968794,4
-21253.0718047862,6997,968941,3
-4722.244326880549,6998,968969,3
-5784.743867243863,6999,969164,6
6075.420853656156,7000,969433,7
-5943.611049622023,7001,969508,4
-27085.161109315537,7002,969745,5
5663.091581620987,7003,969819,4
-4494.320753850553,7004,969843,3
-11683.90257618199,7005,969976,4
23724.769536019536,7006,970014,5
-9070.836455211454,7007,970057,3
-2747.610028860029,7008,970070,3
-5017.648933709223,7009,970129,3
-8150.487050788909,7010,970303,5
-9856.61528019948,7011,970415,3
-1309.102009102009,7012,970428,3
7717.649295149296,7013,970459,4
-10457.10718547019,7014,971055,10
-18651.63622325385,7015,971370,6
-11736.841580722641,7016,971652,6
-14445.21084479676,7017,971745,3
12743.218076857776,7018,971847,5
1208.4054834054832,7019,971860,3
-7933.312276803655,7020,972013,5
20291.31733215893,7021,972451,9
-4119.006246376603,7022,972473,3
17150.342157842162,7023,972675,7
-6607.022781140429,7024,972712,3
-13811.240601503758,7025,972799,3
-18611.345598845593,7026,972910,3
-7377.135294010814,7027,972956,3
-9182.031285707753,7028,973012,3
-1712.8746253746247,7029,973073,4
9940.116774780088,7030,973092,4
-2138.4126984126983,7031,973107,3
-831.3048776129233,7032,973197,4
-3525.5156438418812,7033,973218,3
-10403.779042165253,7034,973448,5
-10550.265267031316,7035,973679,5
9084.880674880675,7036,973710,4
-5337.017340889247,7037,973748,3
9783.253968253975,7038,973817,5
57235.22035798737,7039,973969,9
-51989.24970994327,7040,974376,4
25185.915508854752,7041,974505,6
-4266.224289425598,7042,974607,4
-5214.322552447553,7043,974631,3
6921.086642377521,7044,974898,7
-7530.785880785881,7045,974933,3
-5723.214285714284,7046,974961,3
-1545.0252525252527,7047,974971,3
21113.073593073597,7048,975005,5
26600.168638046733,7049,975251,7
-4807.777777777777,7050,975275,3
304.2692595688969,7051,975375,4
-22884.667655186233,7052,975505,3
783.8306179115023,7053,975609,4
-3151.0064935064934,7054,975639,3
-4253.928571428571,7055,975658,3
36723.55443167943,7056,975763,7
1219.8753370812192,7057,975835,4
-4068.313847100613,7058,975942,4
-4404.175861716245,7059,975959,3
21838.2974302025,7060,976105,6
-12917.30297888386,7061,976223,3
-1432.6839826839828,7062,976240,3
26735.038246926797,7063,976416,7
-6158.633866133867,7064,976457,3
-19476.780482159742,7065,976557,3
-3560.193118305832,7066,976583,3
2809.069264069264,7067,976651,4
-23132.321428571428,7068,976737,3
-3195.445314489432,7069,976747,3
23359.352193561826,7070,976851,6
-3220.1028535597507,7071,977126,6
5222.1998834498845,7072,977171,4
-4920.04086857415,7073,977189,3
35252.84312909313,7074,977287,7
-4624.195804195804,7075,977305,3
-4716.406632583103,7076,977329,3
-27817.299782261085,7077,977501,3
-6879.987365575601,7078,977540,3
17413.512118546183,7079,977836,7
8496.434229713022,7080,977952,5
21075.84323291947,7081,978009,5
15097.276548813914,7082,978073,5
34242.97029402486,7083,978318,8
-835.4064453896387,7084,978498,5
10384.906759906758,7085,978514,4
-4702.519841269842,7086,978536,3
-4921.991341991342,7087,978561,3
13071.325968735955,7088,978716,6
34402.26861824965,7089,978836,7
17352.442712516244,7090,978953,6
-13703.219142828275,7091,979033,3
8866.0101010101,7092,979046,4
31181.714633835374,7093,979115,6
-55633.31398907248,7094,979477,4
-4075.992063492063,7095,979494,3
8377.148545898546,7096,979591,5
11088.18334271508,7097,979853,7
-8722.23721158766,7098,979928,3
-672.2786961060979,7099,980044,4
1678.904529543217,7100,980284,6
-13426.274546130342,7101,980711,7
48968.028851710194,7102,980854,8
6336.644744144744,7103,980906,4
-27375.676249985037,7104,981026,3
11874.967860227152,7105,981115,5
15048.029222024981,7106,981325,6
-9850.902867088489,7107,981404,3
-4427.900432900433,7108,981415,3
15495.394833924245,7109,981485,5
7899.761900681016,7110,981514,4
-12099.95932625876,7111,981607,3
-376.43843085019654,7112,981709,4
-3638.243218005072,7113,981755,3
21487.795954045952,7114,981781,5
34707.79929863396,7115,981948,7
10284.051157176156,7116,982030,5
6540.689042163249,7117,982115,4
29087.722976459547,7118,982170,6
-7600.1125342478845,7119,982406,5
-15568.464868464866,7120,982516,3
-12521.7060783178,7121,982589,3
-12618.239538239535,7122,982771,5
-8672.867703722446,7123,982831,3
-10793.151983745605,7124,982940,3
-14095.339419782142,7125,983079,4
8900.732323232323,7126,983110,4
-3300.8333333333335,7127,983121,3
-9301.146307038334,7128,983190,3
27986.083010127128,7129,983337,7
55077.30398683853,7130,983686,11
38937.21861471862,7131,983737,7
-711.0995233074361,7132,983886,4
618.8850038850032,7133,984045,5
-11134.642045046454,7134,984094,3
14854.712370962377,7135,984261,6
-11410.59229705548,7136,984317,3
-8320.471195471193,7137,984379,3
-3642.4963924963927,7138,984396,3
-4192.987012987013,7139,984415,3
-5095.628815628816,7140,984441,3
-22797.477405485883,7141,984755,4
-6207.456987456988,7142,984803,3
-10741.592574092574,7143,984906,4
-4924.083929262283,7144,984942,3
-3537.602397602398,7145,984954,3
-413.2140735081907,7146,985034,4
-4257.753178194354,7147,985054,3
-19814.876302747827,7148,985212,3
-3174.7741828604835,7149,985224,3
6531.0330355918595,7150,985259,4
-39149.04424136235,7151,985529,3
-7614.750853721442,7152,985586,3
53748.027528027524,7153,985740,9
12337.002297285055,7154,985935,6
-22541.096662625303,7155,986087,3
2635.58836251692,7156,986162,4
-6014.826839826841,7157,986199,3
-3613.0364712294445,7158,986301,4
38327.313815394846,7159,986453,7
-10024.657703407704,7160,986586,4
-10980.194233870705,7161,986664,3
-3858.2572982572988,7162,986707,3
-4578.863636363636,7163,986717,3
-5651.025946578512,7164,986765,3
-21628.34351922583,7165,987137,6
27666.773643023644,7166,987185,6
-25387.537216526314,7167,987428,4
24444.593612012355,7168,987537,6
2584.9926462426447,7169,987603,4
-3939.582728717791,7170,987629,3
25848.07700622616,7171,987755,6
-5416.815129315129,7172,987779,3
-17713.84647000747,7173,987942,4
20823.74406405651,7174,988110,7
-962.5479218493911,7175,988262,5
-16587.140408610998,7176,988352,3
33249.89538239538,7177,988391,6
25668.99891774891,7178,988479,6
19337.671356421353,7179,988526,5
22871.346847596844,7180,988565,5
-3412.6785714285716,7181,988585,3
-8702.277595900978,7182,988663,3
57608.579693225605,7183,988833,9
4948.504598686486,7184,988874,4
-9147.933104353953,7185,988950,3
19284.475708154634,7186,989078,6
-7730.881375461485,7187,989258,5
8312.645895770896,7188,989352,5
1508.8028760455245,7189,989406,4
-1176.6034073425733,7190,989503,4
-9120.933233433232,7191,989587,4
-4860.983644838135,7192,989605,3
5124.135179135836,7193,989782,5
-3562.8571428571427,7194,989797,3
18434.733420604163,7195,989859,5
-17183.726095026403,7196,990082,4
-7309.254981129981,7197,990122,3
19911.78910142146,7198,990179,5
25909.99338488309,7199,990232,6
-9052.791242931286,7200,990312,3
-6946.103803093303,7201,990356,3
-12266.409840159838,7202,990421,3
-38839.51197510632,7203,990737,4
10026.446776262945,7204,990841,5
-356.7586171997957,7205,990954,4
7423.479559656029,7206,991014,4
-10971.266233766233,7207,991076,3
-5893.062162342601,7208,991137,3
-4500.4947838539165,7209,991193,3
-14839.60489107817,7210,991268,3
-5255.600233100234,7211,991298,3
-35673.77548105488,7212,991492,3
-2893.0230880230883,7213,991514,3
-1504.254911754912,7214,991614,4
-9529.336219336219,7215,991663,3
11227.63851344732,7216,991782,5
-17474.891611656312,7217,991881,3
-1960.9523809523814,7218,991894,3
8692.997506019952,7219,991915,4
-4999.466005971339,7220,991948,3
-1796.283152657666,7221,992140,5
181.604094434976,7222,992226,4
-2747.534868326361,7223,992237,3
-2862.6702116253205,7224,992264,3
-6851.057143321063,7225,992783,9
3552.495800893856,7226,993119,6
-2063.264916758658,7227,993249,4
24678.101459943562,7228,993341,6
-6707.346510558585,7229,993368,3
-6322.674307976165,7230,993427,3
-14407.760016995555,7231,993581,4
-3312.1717171717173,7232,993600,3
20196.154262404267,7233,993646,5
-8803.08879173279,7234,993705,3
-3815.7777142877767,7235,993733,3
7741.7766955267,7236,993872,6
-2485.4763292263297,7237,993886,3
-3904.462213912678,7238,993917,3
905.7936507936515,7239,993991,4
-13425.811919269316,7240,994199,5
-14261.510831145119,7241,994511,6
24722.208971583972,7242,994609,6
43709.958894734445,7243,994870,9
-31576.757832100106,7244,995166,5
-6687.755206609697,7245,995200,3
-22724.065656565654,7246,995323,3
3967.649711399712,7247,995367,4
-1274.643134643134,7248,995389,3
25220.607558524844,7249,995495,6
-3722.0973612730577,7250,995510,3
-15040.31024531024,7251,995641,4
-2542.970779220779,7252,995668,3
-4602.219377844374,7253,995882,5
2953.2950598350185,7254,995996,4
8305.1554001554,7255,996020,4
2177.486263736262,7256,996075,4
-24053.078496151247,7257,996236,3
-7631.932046067107,7258,996283,3
36869.650814871406,7259,996409,8
-4072.939500150764,7260,996574,5
-4832.265026640027,7261,996592,3
-13501.235325132384,7262,996810,5
-4691.672523812616,7263,996827,3
-14009.810606060608,7264,996912,3
-847.8246753246754,7265,996934,3
-3929.1788369439328,7266,997019,4
-175.70035369873938,7267,997131,4
-7101.547619047619,7268,997208,4
-8111.098484848486,7269,997393,5
-5085.627705627706,7270,997435,3
-7656.120595091183,7271,997470,3
-4789.3295183413975,7272,997497,3
-1168.5714285714284,7273,997554,4
62461.21266633263,7274,997730,10
26454.734928787733,7275,997928,7
-5308.297299106122,7276,997972,3
11373.829365079366,7277,998051,5
18472.972582972583,7278,998092,5
-3522.7997002997,7279,998106,3
13194.654581744362,7280,998304,6
16785.62037227478,7281,998420,6
-5451.403362289585,7282,998440,3
-11870.945165945166,7283,998515,3
-60416.08142115889,7284,998939,4
-796.7577683754166,7285,999037,4
-254.62446050681342,7286,999057,3
-9078.602445026592,7287,999127,3
1624.7367476005252,7288,999241,5
-9164.276695526696,7289,999292,3
-8214.558849088648,7290,999337,3
-20878.425251219363,7291,999468,3
-2936.693514818515,7292,999484,3
-4248.66448910566,7293,999637,5
-3878.7560141526856,7294,999690,3
14813.532339693338,7295,999823,5
-7813.190624734742,7296,999866,3
11123.970490723581,7297,1000054,6
-9151.785714285714,7298,1000092,3
-9490.10078157137,7299,1000154,3
18563.293373293374,7300,1000202,5
-44004.92693747462,7301,1000494,4
-9434.866009512094,7302,1000547,3
-46830.021367521345,7303,1000782,3
2795.5390487994964,7304,1000853,4
-5427.535619050712,7305,1000874,3
-10303.032384282385,7306,1000981,4
10874.323315573314,7307,1001023,4
5257.044899544903,7308,1001080,4
-2527.1428571428573,7309,1001093,3
-2037.646103896104,7310,1001104,3
-16997.31782106782,7311,1001222,3
-19138.751803751795,7312,1001382,4
-3837.9391441891435,7313,1001411,3
2247.995060495059,7314,1001478,4
-5239.212784764255,7315,1001551,4
-2975.97027972028,7316,1001565,3
20781.223694830172,7317,1001715,6
15867.368567882357,7318,1001815,5
992.5,7319,1001863,4
-4700.643722892176,7320,1001887,3
-10819.36607173954,7321,1002007,3
-2689.107142857143,7322,1002018,3
39655.72653653537,7323,1002184,8
344.72546029822706,7324,1002457,6
-9343.10124735273,7325,1002523,3
-3851.5400281692855,7326,1002552,3
-7263.575930564253,7327,1002613,3
-4453.160817940223,7328,1002797,5
-27285.684156716503,7329,1003217,7
-44380.81744521909,7330,1003513,3
30193.69304886719,7331,1003657,7
-8092.7383727383685,7332,1003731,4
-9720.899746323492,7333,1003876,4
-5864.664644995528,7334,1003911,3
-2431.8093026684355,7335,1003931,3
17143.74478462714,7336,1003992,5
12443.790274483008,7337,1004171,6
-9217.723526473526,7338,1004221,3
-3005.5916305916303,7339,1004237,3
-6041.48551868593,7340,1004378,4
-7125.842817313406,7341,1004417,3
1522.8282828282827,7342,1004430,3
14714.768397222502,7343,1004511,5
-6448.649383811922,7344,1004566,3
18290.075757575756,7345,1004602,5
-10525.0153114859,7346,1004675,3
-8083.796403544857,7347,1004730,3
-17595.2905689381,7348,1004834,3
7341.904761904763,7349,1004849,4
49252.94913419913,7350,1004936,8
-5212.261904761905,7351,1004956,3
-12094.186805196865,7352,1005027,3
-2732.5547981430336,7353,1005043,3
23238.97737258292,7354,1005253,7
-8451.718975468975,7355,1005297,3
-10541.56259603157,7356,1005382,3
-2676.1111111111113,7357,1005400,3
-10847.439945675238,7358,1005547,4
21746.29451891866,7359,1005580,5
-8644.037257891749,7360,1005631,3
-10867.060653484803,7361,1005697,3
8741.015373515374,7362,1005721,4
27037.327394827393,7363,1005860,7
19293.035776143362,7364,1005911,5
-4817.2302112718035,7365,1005956,3
-9511.571846801593,7366,1006120,5
-8658.760862890122,7367,1006188,3
3390.8838580791753,7368,1006281,4
35505.077447062744,7369,1006385,7
23502.991933891695,7370,1006459,6
-9556.806576589737,7371,1006544,3
-3330.861981156099,7372,1006555,3
-2104.690448440449,7373,1006582,3
-3508.4410075218902,7374,1006593,3
-10035.173160173159,7375,1006642,3
7797.769869019869,7376,1006737,5
339.72325052779524,7377,1006851,4
-4014.6414043472864,7378,1006869,3
-2860.9407080389883,7379,1006879,3
3746.974831154399,7380,1007029,5
