-694,0,43,3
-765,1,215,4
-108,2,283,4
-7,3,329,4
-628,4,342,3
-748,5,395,3
542,6,469,4
-1143,7,527,3
20,8,580,4
-1140,9,620,3
137,10,642,4
-931,11,673,3
-1528,12,761,3
-1271,13,946,4
-712,14,973,3
-1358,15,1123,3
-1218,16,1218,3
-754,17,1269,3
-620,18,1289,3
-788,19,1312,3
-819,20,1357,3
-590,21,1391,3
-915,22,1427,3
-1072,23,1464,3
-1307,24,1572,3
-1499,25,1758,3
-924,26,1802,3
-178,27,1851,4
-996,28,1917,3
-529,29,2076,4
671,30,2131,5
-911,31,2162,3
-908,32,2372,4
-720,33,2392,3
-721,34,2446,3
-476,35,2480,3
-668,36,2510,3
-134,37,2569,4
-790,38,2626,3
-827,39,2664,3
-788,40,2696,3
-747,41,2729,3
-940,42,2769,3
-553,43,2806,3
-1022,44,2846,3
-1127,45,2909,3
-819,46,3006,3
-1241,47,3055,3
-831,48,3106,3
-69,49,3164,4
-1256,50,3215,3
-1100,51,3265,3
-1703,52,3422,3
-597,53,3449,3
-520,54,3469,3
-696,55,3485,3
-521,56,3556,3
-973,57,3700,4
-1263,58,3769,3
-716,59,3805,3
-283,60,3823,3
-868,61,3953,3
-656,62,3979,3
-915,63,4024,3
-325,64,4090,4
-807,65,4126,3
-604,66,4178,3
-1168,67,4256,3
-996,68,4272,3
-496,69,4288,3
-687,70,4369,3
-1012,71,4396,3
-1082,72,4473,3
-940,73,4555,3
-840,74,4595,3
-888,75,4618,3
-443,76,4642,3
-780,77,4672,3
-888,78,4849,4
796,79,4884,5
-832,80,4931,3
-676,81,4952,3
-1295,82,5002,3
-348,83,5048,3
90,84,5082,4
-1152,85,5174,3
-792,86,5206,3
-902,87,5283,3
-839,88,5336,3
-907,89,5447,3
-1152,90,5539,3
-576,91,5560,3
-1092,92,5592,3
-455,93,5620,3
81,94,5690,4
-783,95,5779,3
-746,96,5818,3
-2084,97,6078,3
-1014,98,6123,3
-1076,99,6144,3
-820,100,6189,3
-976,101,6235,3
-54,102,6280,4
-1200,103,6330,3
-783,104,6378,3
-1104,105,6487,3
-451,106,6537,3
-656,107,6563,3
-887,108,6642,3
367,109,6692,4
-819,110,6737,3
-920,111,6782,3
667,112,6803,5
-660,113,6838,3
-309,114,6865,3
-1020,115,6935,3
-1080,116,6974,3
-1108,117,7017,3
-732,118,7048,3
-920,119,7093,3
-685,120,7150,3
-678,121,7224,4
-509,122,7244,3
2079,123,7360,8
-374,124,7374,3
-788,125,7397,3
312,126,7477,4
-575,127,7502,3
-599,128,7527,3
-1712,129,7704,3
-1420,130,7774,3
-439,131,7807,3
-366,132,7857,3
-821,133,8014,4
-1112,134,8145,3
-887,135,8231,3
-500,136,8256,3
-1048,137,8289,3
-754,138,8324,3
-775,139,8354,3
-824,140,8430,3
-632,141,8461,3
-1001,142,8572,3
-709,143,8603,3
-660,144,8642,3
-1279,145,8765,3
-748,146,8807,3
-972,147,8844,3
-966,148,8890,3
-771,149,8927,3
-910,150,8956,3
-1092,151,8988,3
-731,152,9146,4
-999,153,9193,3
31,154,9217,4
-848,155,9288,3
-335,156,9314,3
-700,157,9339,3
1122,158,9435,5
-328,159,9466,3
-1132,160,9488,3
-1323,161,9567,3
-724,162,9596,3
-816,163,9657,3
-786,164,9700,3
-900,165,9743,3
-511,166,9770,3
-712,167,9797,3
-952,168,9814,3
-747,169,9847,3
-856,170,9898,3
-1159,171,9960,3
-1339,172,10009,3
-1267,173,10157,3
-573,174,10299,4
-858,175,10386,3
-660,176,10421,3
-322,177,10520,4
-914,178,10565,3
-1002,179,10624,3
-768,180,10652,3
-907,181,10670,3
-897,182,10695,3
-607,183,10780,3
-1172,184,10867,3
-43,185,10928,4
-861,186,11067,4
-816,187,11103,3
-780,188,11160,3
-875,189,11181,3
-384,190,11224,3
-756,191,11250,3
-1079,192,11305,3
234,193,11395,4
-708,194,11413,3
-708,195,11431,3
-571,196,11461,3
-671,197,11601,4
-59,198,11641,4
-175,199,11733,4
-847,200,11803,4
-737,201,11876,3
-795,202,11917,3
-253,203,11996,4
-116,204,12086,4
191,205,12107,4
991,206,12122,5
-728,207,12160,3
-770,208,12275,3
-630,209,12308,3
-14,210,12340,4
117,211,12357,4
-499,212,12391,3
370,213,12416,4
-872,214,12478,3
-691,215,12510,3
-1012,216,12537,3
-276,217,12564,3
-1043,218,12588,3
-1149,219,12643,3
-672,220,12680,3
431,221,12757,5
-368,222,12840,4
-639,223,12864,3
-1100,224,12889,3
-583,225,12999,4
-1024,226,13053,3
-380,227,13101,3
298,228,13138,4
-829,229,13178,3
-679,230,13225,3
-1003,231,13277,3
-903,232,13311,3
-583,233,13343,3
-459,234,13417,4
380,235,13444,4
-759,236,13479,3
-995,237,13529,3
-1525,238,13743,3
-324,239,13776,3
-638,240,13841,3
-1861,241,14003,3
-964,242,14106,3
-716,243,14117,3
-1020,244,14162,3
-1068,245,14190,3
-500,246,14226,3
-1339,247,14341,3
-2238,248,14676,3
-827,249,14739,3
-1162,250,14792,3
-1136,251,14848,3
-354,252,14874,3
-402,253,14892,3
-1050,254,15055,4
-517,255,15129,3
-759,256,15262,4
-1300,257,15312,3
-1204,258,15396,3
-890,259,15453,3
-90,260,15557,4
-1019,261,15602,3
-499,262,15629,3
-852,263,15646,3
-496,264,15671,3
-653,265,15763,4
-948,266,15796,3
-1115,267,15884,3
-840,268,15924,3
-1323,269,16027,3
-413,270,16128,4
-296,271,16159,3
-713,272,16243,4
-1020,273,16288,3
-582,274,16352,3
-880,275,16382,3
-118,276,16446,4
734,277,16501,5
-618,278,16594,4
-598,279,16628,3
763,280,16700,5
-1272,281,16782,3
-880,282,16812,3
-776,283,16833,3
-636,284,16926,3
-305,285,16948,3
-684,286,16962,3
-365,287,17004,4
-582,288,17087,4
-779,289,17126,3
-1248,290,17159,3
-1196,291,17225,3
270,292,17297,4
-1004,293,17356,3
-751,294,17398,3
-102,295,17464,4
-252,296,17485,3
-1250,297,17683,4
777,298,17774,5
-1011,299,17849,4
-624,300,17878,3
-418,301,17902,3
611,302,18074,5
-985,303,18124,3
-688,304,18256,4
-836,305,18337,3
-996,306,18378,3
-1164,307,18431,3
-372,308,18474,3
-741,309,18557,3
-948,310,18621,3
-1384,311,18685,3
-814,312,18746,3
-543,313,18806,3
-756,314,18834,3
-687,315,18907,3
-1430,316,19044,3
30,317,19075,4
-804,318,19118,3
754,319,19192,5
42,320,19243,4
-788,321,19266,3
-522,322,19306,3
-564,323,19325,3
549,324,19452,5
215,325,19582,4
-1509,326,19761,3
273,327,19874,5
-821,328,19927,3
-326,329,19971,3
-1043,330,20015,3
-80,331,20063,4
174,332,20133,4
-1302,333,20210,3
-980,334,20249,3
114,335,20369,4
42,336,20463,4
-239,337,20637,4
-1067,338,20751,3
-1086,339,20794,3
-759,340,20858,3
-667,341,20895,3
-963,342,20939,3
-1110,343,20995,3
-959,344,21048,3
-679,345,21098,3
-816,346,21134,3
-1060,347,21169,3
-848,348,21202,3
-1712,349,21347,3
-524,350,21408,4
1102,351,21477,5
459,352,21624,5
369,353,21699,5
-1175,354,21844,3
-572,355,21894,3
-389,356,21935,3
-678,357,22001,3
-261,358,22015,3
-669,359,22218,4
-371,360,22243,3
575,361,22366,5
-799,362,22538,4
-438,363,22623,4
-608,364,22666,3
875,365,22726,5
-888,366,22749,3
-1021,367,22803,3
-953,368,22874,3
-296,369,22903,3
-634,370,22999,4
-1790,371,23131,3
167,372,23158,4
-109,373,23323,4
-382,374,23362,3
-1148,375,23395,3
-48,376,23449,4
-530,377,23475,3
-894,378,23556,3
-815,379,23596,3
-511,380,23645,3
-476,381,23666,3
45,382,23710,4
-983,383,23787,3
-1535,384,23945,3
-684,385,23959,3
-1060,386,23994,3
-642,387,24027,3
-642,388,24068,3
-672,389,24105,3
-1377,390,24209,3
-1504,391,24377,3
289,392,24526,5
-712,393,24578,3
-616,394,24598,3
-856,395,24699,3
-357,396,24731,3
-1020,397,24751,3
-1413,398,24881,3
-1184,399,24985,3
85,400,25094,4
-873,401,25176,3
-126,402,25233,4
-932,403,25255,3
70,404,25280,4
-778,405,25339,3
-1797,406,25489,3
-952,407,25531,3
-707,408,25574,3
-638,409,25735,4
-798,410,25760,3
-955,411,25786,3
-519,412,25835,3
-361,413,25867,3
-556,414,25893,3
-645,415,25983,4
-373,416,26037,3
1317,417,26091,5
-168,418,26260,4
-600,419,26319,3
-125,420,26351,4
-974,421,26519,4
-890,422,26739,4
-546,423,26801,3
626,424,26902,5
-647,425,26960,3
-1158,426,27070,3
-41,427,27138,4
-1659,428,27272,3
-88,429,27354,4
-523,430,27431,4
-388,431,27460,3
-606,432,27498,3
-1086,433,27611,3
-572,434,27623,3
-1155,435,27714,3
-1750,436,28134,4
-687,437,28182,3
-728,438,28195,3
-13,439,28254,4
-764,440,28273,3
-687,441,28320,3
529,442,28412,5
-843,443,28501,3
-1647,444,28707,3
-1372,445,28821,3
-666,446,28883,3
-1219,447,29041,3
-755,448,29112,3
296,449,29158,4
657,450,29216,5
862,451,29293,5
-1024,452,29356,3
-849,453,29470,3
-1098,454,29545,3
-197,455,29650,4
-1038,456,29735,3
-515,457,29866,4
-626,458,29913,3
-1071,459,30022,3
-674,460,30098,3
-1891,461,30306,3
-627,462,30344,3
-965,463,30390,3
-1230,464,30480,3
-553,465,30564,3
-832,466,30586,3
-1028,467,30624,3
-229,468,30674,4
-719,469,30712,3
-1503,470,30993,4
-766,471,31127,4
268,472,31163,4
-419,473,31201,3
-768,474,31229,3
535,475,31276,5
-976,476,31297,3
47,477,31369,4
-51,478,31402,4
-1429,479,31519,3
-591,480,31551,3
-691,481,31636,3
-1231,482,31719,3
-2077,483,31919,3
-854,484,32045,4
-1027,485,32083,3
-917,486,32128,3
-586,487,32162,3
-49,488,32207,4
-1579,489,32325,3
-959,490,32360,3
-814,491,32396,3
-688,492,32419,3
-1051,493,32461,3
1012,494,32535,5
-878,495,32589,3
358,496,32632,4
-562,497,32680,3
-2066,498,33136,4
-1028,499,33174,3
-359,500,33202,3
519,501,33264,4
-600,502,33289,3
414,503,33335,4
-504,504,33364,3
-438,505,33467,4
-636,506,33498,3
-1228,507,33561,3
-641,508,33603,3
-1122,509,33699,3
-1520,510,33819,3
-554,511,33867,3
-318,512,33896,3
-657,513,33924,3
-1177,514,34194,4
-338,515,34289,4
-526,516,34344,3
460,517,34487,5
-435,518,34538,3
30,519,34569,4
369,520,34630,4
-640,521,34679,3
-450,522,34743,3
-898,523,34802,3
-1087,524,34875,3
-591,525,34907,3
-801,526,34941,3
-839,527,35023,3
-630,528,35090,3
-378,529,35193,4
-1940,530,35437,3
-643,531,35470,3
-1137,532,35580,3
-509,533,35625,3
358,534,35661,4
-1492,535,35840,3
-656,536,35886,3
-1691,537,36231,4
-472,538,36299,3
-425,539,36330,3
-857,540,36437,3
-911,541,36473,3
322,542,36560,4
-828,543,36598,3
-740,544,36613,3
-764,545,36632,3
-795,546,36723,3
-542,547,36835,4
-975,548,36949,3
-981,549,37015,3
-551,550,37090,3
-500,551,37126,3
-524,552,37161,3
-710,553,37208,3
-990,554,37267,3
-796,555,37308,3
-803,556,37411,3
291,557,37565,5
-836,558,37596,3
-1434,559,37782,3
-1196,560,37848,3
-613,561,37895,3
-873,562,38000,3
-543,563,38033,3
-829,564,38146,3
-1250,565,38222,3
-648,566,38293,3
-516,567,38329,3
-539,568,38373,3
-144,569,38456,4
-285,570,38474,3
-551,571,38516,3
-803,572,38550,3
-584,573,38564,3
73,574,38600,4
-1496,575,38740,3
-763,576,38779,3
-326,577,38810,3
-261,578,39022,4
-757,579,39113,3
-542,580,39169,3
-989,581,39262,3
-643,582,39490,4
-836,583,39530,3
-415,584,39563,3
-705,585,39631,3
-283,586,39677,4
-1148,587,39945,4
-672,588,39957,3
-398,589,40002,3
-994,590,40068,3
-1394,591,40203,3
-619,592,40350,4
-732,593,40406,3
-1239,594,40563,3
428,595,40640,5
-653,596,40727,3
-807,597,40817,3
-1246,598,40967,3
306,599,41002,4
-598,600,41056,3
-331,601,41082,3
-1001,602,41272,4
-964,603,41366,3
-1101,604,41469,3
557,605,41534,4
-1053,606,41587,3
-1051,607,41703,3
-10,608,41918,5
-1653,609,42053,3
-132,610,42105,4
-789,611,42187,3
-1092,612,42244,3
-1594,613,42483,3
629,614,42528,5
-916,615,42736,4
-496,616,42752,3
-676,617,42773,3
-195,618,42795,3
-556,619,42850,3
-753,620,42950,3
821,621,43054,5
-399,622,43267,5
214,623,43402,4
-180,624,43511,4
-872,625,43686,4
805,626,43773,5
-1078,627,43873,3
-1210,628,43954,3
67,629,44025,4
-717,630,44117,3
-1228,631,44225,3
-374,632,44286,4
-1093,633,44411,3
126,634,44426,4
-214,635,44487,4
-2915,636,44835,3
-1064,637,44960,3
-1284,638,44999,3
-10,639,45053,4
-1048,640,45090,3
-914,641,45144,3
-318,642,45252,4
-838,643,45321,3
14,644,45363,4
-190,645,45466,4
-601,646,45540,3
-122,647,45563,4
-1435,648,45699,3
-1092,649,45852,3
-1251,650,45919,3
-1542,651,46027,3
-225,652,46093,4
-846,653,46137,3
-1153,654,46381,4
-397,655,46485,4
-355,656,46506,3
-816,657,46601,3
-174,658,46770,5
-1114,659,46923,3
-708,660,46941,3
-552,661,46958,3
-765,662,47011,3
-1070,663,47073,3
-615,664,47109,3
-521,665,47191,3
-556,666,47328,4
328,667,47390,4
-598,668,47442,3
-739,669,47477,3
-346,670,47496,3
-543,671,47600,4
-912,672,47740,3
-1174,673,47865,3
81,674,48021,5
-764,675,48074,3
-573,676,48124,3
-345,677,48157,3
-1137,678,48291,3
-94,679,48544,5
-373,680,48673,4
-1447,681,48839,3
-968,682,48960,3
-947,683,49022,3
265,684,49107,4
8,685,49250,4
238,686,49340,4
-1239,687,49475,3
418,688,49625,5
106,689,49660,4
80,690,49761,4
-390,691,49788,3
3,692,49816,4
-559,693,49844,3
-677,694,49912,3
-373,695,50069,4
-495,696,50128,3
-792,697,50215,3
-489,698,50367,4
-454,699,50393,3
246,700,50474,4
-662,701,50527,3
832,702,50576,5
-494,703,50636,4
-899,704,50763,3
-802,705,50840,3
-689,706,50930,3
-1861,707,51153,3
-552,708,51199,3
-535,709,51269,3
-212,710,51344,4
-760,711,51379,3
-446,712,51420,3
-928,713,51458,3
-909,714,51651,4
-670,715,51771,4
-1035,716,51845,3
-1018,717,51885,3
-64,718,52010,4
786,719,52113,5
-1064,720,52132,3
-390,721,52257,4
726,722,52349,5
-1610,723,52514,3
1188,724,52590,5
-777,725,52645,3
51,726,52728,4
653,727,52811,5
-1370,728,52943,3
-534,729,52974,3
-620,730,53112,4
-952,731,53181,3
589,732,53208,4
-614,733,53273,3
-229,734,53384,4
-730,735,53442,3
-733,736,53498,3
-330,737,53573,4
-839,738,53711,4
-650,739,53773,3
-111,740,53821,4
-798,741,53880,3
-1331,742,53929,3
-567,743,53982,3
306,744,54046,4
-1006,745,54174,3
814,746,54229,4
-600,747,54263,3
-694,748,54321,3
-1717,749,54468,3
-547,750,54664,4
151,751,54740,4
-1368,752,54871,3
67,753,54898,4
-142,754,54972,4
-379,755,55021,3
-274,756,55055,3
-296,757,55093,3
321,758,55302,5
-930,759,55349,3
-742,760,55431,3
-783,761,55470,3
-636,762,55526,3
-1142,763,55625,3
-800,764,55650,3
-541,765,55810,4
-417,766,55915,4
-1884,767,56187,3
-1335,768,56399,4
767,769,56454,5
-790,770,56506,3
-1373,771,56694,3
-443,772,56727,3
-411,773,56807,4
-420,774,56836,3
-769,775,56920,3
-402,776,56965,3
-1061,777,57058,3
-979,778,57177,4
-1041,779,57319,3
619,780,57477,5
-845,781,57544,3
-696,782,57587,3
-637,783,57638,3
-715,784,57727,3
-749,785,57769,3
-275,786,57854,4
-1176,787,57875,3
-780,788,57905,3
-628,789,57954,3
-848,790,57987,3
-845,791,58098,3
148,792,58156,4
-446,793,58197,3
-1172,794,58234,3
-818,795,58324,3
-377,796,58367,3
-546,797,58409,3
-1179,798,58439,3
875,799,58504,5
-513,800,58647,4
26,801,58760,4
-800,802,58828,3
-74,803,58939,4
-1482,804,59054,3
-816,805,59065,3
243,806,59166,4
-512,807,59222,3
-1198,808,59422,4
50,809,59514,4
777,810,59560,5
380,811,59716,5
368,812,59888,5
-268,813,59915,3
177,814,59960,4
-704,815,60026,3
-1178,816,60213,3
-632,817,60289,3
55,818,60392,4
-650,819,60438,3
-266,820,60666,4
203,821,60703,4
645,822,60767,4
-143,823,60830,4
-492,824,60864,3
-490,825,60917,4
222,826,61010,4
389,827,61147,5
-1053,828,61307,3
-505,829,61350,3
-1211,830,61452,3
-206,831,61563,4
-993,832,61675,3
-268,833,61691,3
840,834,61820,5
-576,835,61872,3
7,836,61927,4
-426,837,61958,3
-403,838,62065,4
285,839,62248,5
-571,840,62307,3
-704,841,62341,3
674,842,62447,5
-362,843,62478,4
-740,844,62493,3
1254,845,62572,5
-1008,846,62655,3
-569,847,62712,3
-1002,848,62995,4
-868,849,63023,3
-702,850,63104,3
-1168,851,63132,3
-1037,852,63199,3
-619,853,63253,3
-661,854,63326,3
-180,855,63406,4
-798,856,63512,4
253,857,63556,4
358,858,63612,4
-662,859,63714,3
-852,860,63840,3
-200,861,63938,4
-385,862,64149,4
542,863,64180,4
723,864,64342,5
-935,865,64373,3
-1070,866,64507,3
-1144,867,64540,3
-22,868,64563,4
722,869,64727,5
-812,870,64754,3
-114,871,64822,4
396,872,64872,4
598,873,65032,5
-508,874,65221,4
-882,875,65318,3
-662,876,65418,3
-429,877,65466,3
-393,878,65482,3
-575,879,65557,3
-819,880,65611,3
354,881,65654,5
-45,882,65769,4
393,883,65832,4
918,884,65924,5
-1155,885,65959,3
416,886,66098,5
-568,887,66168,3
-736,888,66280,3
-485,889,66303,3
666,890,66479,5
-187,891,66594,4
-1216,892,66708,3
-241,893,66812,4
-472,894,66864,3
-602,895,66916,3
-644,896,67004,3
-624,897,67369,5
-660,898,67417,3
-725,899,67503,3
434,900,67534,4
-885,901,67650,3
-518,902,67699,3
-631,903,67892,4
-1130,904,68061,4
679,905,68205,5
-363,906,68344,4
-10,907,68412,4
60,908,68468,4
756,909,68552,5
-754,910,68578,3
-430,911,68666,4
344,912,68821,5
-550,913,68894,3
-311,914,68918,3
-690,915,69034,3
-679,916,69064,3
724,917,69178,5
767,918,69316,5
662,919,69353,5
-622,920,69442,3
-817,921,69623,4
-728,922,69715,3
-533,923,69885,4
-9,924,69983,4
-296,925,70012,3
542,926,70142,5
-1061,927,70432,4
-552,928,70449,3
-1611,929,70838,4
-891,930,70949,3
-547,931,71002,3
-596,932,71027,3
-455,933,71149,4
-1040,934,71207,3
-891,935,71239,3
89,936,71339,4
505,937,71517,5
-899,938,71542,3
203,939,71641,4
-440,940,71695,3
127,941,71778,4
430,942,71962,5
591,943,72093,5
-1000,944,72260,3
-626,945,72311,3
-672,946,72370,3
332,947,72486,4
582,948,72576,5
578,949,72675,5
-210,950,72797,4
-571,951,72876,3
-72,952,72981,4
554,953,73073,5
-294,954,73093,3
-1139,955,73180,3
111,956,73258,5
-626,957,73345,3
-833,958,73448,3
-65,959,73499,4
-918,960,73610,3
-1291,961,73785,3
-471,962,73876,4
-264,963,74018,4
712,964,74104,5
-512,965,74241,4
336,966,74373,5
-309,967,74430,4
-612,968,74479,3
-640,969,74530,3
-658,970,74625,3
-383,971,74672,3
583,972,74737,4
-279,973,74934,4
-360,974,74983,3
-554,975,75031,3
-1242,976,75082,3
-392,977,75144,4
937,978,75202,5
109,979,75311,4
-1435,980,75432,3
601,981,75551,5
234,982,75582,4
-1338,983,75684,3
284,984,75787,4
-692,985,75956,4
483,986,76142,5
1,987,76194,4
326,988,76431,5
-529,989,76494,3
-1357,990,76726,3
-809,991,76980,4
-405,992,77009,3
-739,993,77092,4
-399,994,77139,3
-278,995,77238,4
217,996,77305,4
162,997,77422,4
357,998,77511,4
-357,999,77556,3
-475,1000,77632,3
667,1001,77740,5
-564,1002,77868,4
1033,1003,77968,5
473,1004,78120,6
359,1005,78385,5
208,1006,78474,4
-898,1007,78626,4
689,1008,78714,5
-329,1009,78740,3
1468,1010,78812,5
287,1011,79002,5
-1044,1012,79175,3
399,1013,79230,4
8,1014,79249,4
-503,1015,79316,3
633,1016,79402,6
56,1017,79584,5
-1119,1018,79767,3
-395,1019,79927,4
549,1020,80096,5
229,1021,80251,5
-1329,1022,80448,3
-366,1023,80506,3
-240,1024,80540,3
339,1025,80631,4
-262,1026,80884,5
426,1027,80984,4
575,1028,81092,5
839,1029,81214,5
-529,1030,81296,4
288,1031,81408,5
-762,1032,81514,3
223,1033,81689,5
-370,1034,81939,4
-715,1035,82001,3
1241,1036,82097,5
-410,1037,82165,4
-86,1038,82220,4
-352,1039,82328,4
623,1040,82436,5
-344,1041,82473,3
-862,1042,82689,4
1168,1043,82721,5
514,1044,82858,5
-611,1045,82952,3
100,1046,83022,4
-445,1047,83039,3
-569,1048,83102,3
-422,1049,83143,4
629,1050,83205,5
71,1051,83422,5
935,1052,83500,5
881,1053,83680,5
778,1054,83737,5
-183,1055,83880,5
-291,1056,83982,4
-498,1057,84045,3
-298,1058,84328,5
-254,1059,84349,3
1344,1060,84399,5
43,1061,84457,4
352,1062,84513,4
1169,1063,84552,5
483,1064,84591,4
916,1065,84675,5
628,1066,84742,5
-336,1067,84770,3
-341,1068,84796,3
387,1069,84978,5
348,1070,85066,6
-285,1071,85222,4
815,1072,85272,5
275,1073,85354,4
-303,1074,85596,4
240,1075,85726,4
333,1076,85915,5
825,1077,85951,5
668,1078,86088,5
915,1079,86183,5
743,1080,86300,5
-760,1081,86337,3
155,1082,86485,5
-10,1083,86564,4
42,1084,86595,4
-561,1085,86632,3
-560,1086,86717,3
899,1087,86804,5
-451,1088,86871,3
-378,1089,86967,4
-306,1090,87013,3
221,1091,87135,4
-891,1092,87167,3
-302,1093,87196,3
211,1094,87411,5
-251,1095,87466,4
-295,1096,87510,3
656,1097,87574,5
-94,1098,87639,4
-238,1099,87662,3
1087,1100,87704,5
462,1101,87733,4
969,1102,87792,5
1360,1103,87846,5
592,1104,87943,5
760,1105,88043,5
408,1106,88101,4
1173,1107,88140,5
-262,1108,88171,4
-603,1109,88216,3
808,1110,88276,5
458,1111,88386,5
324,1112,88452,4
572,1113,88616,5
1074,1114,88657,5
35,1115,88692,4
1970,1116,88840,6
110,1117,88933,5
1034,1118,89084,5
-277,1119,89102,3
-204,1120,89343,4
1152,1121,89396,5
-42,1122,89436,4
889,1123,89479,5
-564,1124,89623,4
1263,1125,89678,5
1001,1126,89803,5
888,1127,89884,5
1048,1128,89954,5
551,1129,90063,4
1107,1130,90085,5
-325,1131,90131,3
546,1132,90341,6
1152,1133,90441,6
286,1134,90528,4
600,1135,90596,5
143,1136,90786,5
849,1137,90835,5
926,1138,90911,5
955,1139,90936,5
474,1140,91136,5
598,1141,91271,5
0,1142,91345,4
923,1143,91382,5
1033,1144,91488,5
1104,1145,91527,5
-382,1146,91552,3
-596,1147,91568,3
-480,1148,91615,3
339,1149,91641,4
924,1150,91689,5
2221,1151,91762,7
1383,1152,91841,5
-435,1153,91909,4
-559,1154,92005,4
1126,1155,92048,5
1180,1156,92167,5
-956,1157,92193,3
1139,1158,92249,5
-745,1159,92317,3
874,1160,92398,5
647,1161,92482,5
387,1162,92555,4
-884,1163,92569,3
277,1164,92601,4
-396,1165,92696,4
-415,1166,92738,3
796,1167,92793,5
1028,1168,92892,5
-581,1169,92961,4
887,1170,93042,5
-431,1171,93068,3
954,1172,93147,5
1217,1173,93232,5
664,1174,93435,5
903,1175,93513,5
-332,1176,93603,4
1206,1177,93692,5
-373,1178,93735,3
1295,1179,93777,5
416,1180,93814,4
755,1181,93877,5
286,1182,93915,4
-296,1183,93948,3
787,1184,94014,5
-166,1185,94063,4
1592,1186,94105,5
1055,1187,94168,5
1367,1188,94266,6
-223,1189,94298,4
94,1190,94344,4
802,1191,94384,5
679,1192,94462,5
1409,1193,94532,5
1059,1194,94584,5
750,1195,94656,5
1115,1196,94716,5
1386,1197,94775,5
1473,1198,94819,6
-628,1199,94841,3
962,1200,94873,5
-190,1201,94921,4
462,1202,95008,5
1007,1203,95071,6
770,1204,95114,5
902,1205,95129,5
1073,1206,95157,5
1109,1207,95286,5
337,1208,95364,5
1213,1209,95435,5
1056,1210,95456,5
640,1211,95496,4
1137,1212,95555,5
1326,1213,95600,5
1205,1214,95631,5
-299,1215,95688,4
629,1216,95737,5
910,1217,95810,5
870,1218,95881,5
486,1219,95911,4
870,1220,95961,5
-121,1221,96013,4
-1092,1222,96045,3
1020,1223,96072,5
811,1224,96150,5
941,1225,96190,5
1057,1226,96296,5
1773,1227,96356,6
871,1228,96404,5
1471,1229,96454,5
2,1230,96491,4
1129,1231,96565,6
1634,1232,96621,5
1177,1233,96669,5
1595,1234,96734,7
-425,1235,96800,4
1090,1236,96855,5
82,1237,96869,4
3452,1238,96991,8
907,1239,97031,5
844,1240,97101,5
445,1241,97132,4
815,1242,97176,5
991,1243,97200,5
508,1244,97232,4
993,1245,97285,5
1806,1246,97346,6
2104,1247,97447,7
1295,1248,97480,5
831,1249,97516,5
1293,1250,97650,5
32,1251,97674,4
904,1252,97713,4
926,1253,97762,5
-4,1254,97808,4
-306,1255,97910,4
-158,1256,97941,4
1184,1257,97967,5
284,1258,98051,4
1304,1259,98195,5
925,1260,98213,5
743,1261,98260,5
238,1262,98273,4
-238,1263,98297,3
1076,1264,98323,5
352,1265,98364,5
428,1266,98453,5
45,1267,98519,5
1788,1268,98615,6
1917,1269,98707,6
836,1270,98768,5
440,1271,98964,5
1177,1272,99061,5
197,1273,99100,4
770,1274,99165,5
1312,1275,99237,5
1691,1276,99293,6
-118,1277,99338,4
1083,1278,99404,5
905,1279,99441,5
-552,1280,99471,3
952,1281,99534,5
1372,1282,99630,5
1049,1283,99657,5
683,1284,99723,5
854,1285,99779,5
1032,1286,99822,5
77,1287,99856,4
1038,1288,99890,5
1048,1289,99917,5
354,1290,99955,4
1127,1291,99982,5
942,1292,100029,5
851,1293,100070,5
1376,1294,100116,5
1423,1295,100165,5
1464,1296,100252,6
1372,1297,100306,5
1749,1298,100363,5
1252,1299,100413,5
66,1300,100438,4
1520,1301,100459,6
967,1302,100517,5
435,1303,100644,5
1049,1304,100713,5
1173,1305,100770,5
1784,1306,100826,6
1197,1307,100936,5
395,1308,100996,5
818,1309,101079,5
944,1310,101111,5
1022,1311,101181,5
-629,1312,101214,3
1861,1313,101281,6
1202,1314,101332,5
996,1315,101402,5
977,1316,101458,5
2296,1317,101533,7
1654,1318,101588,6
1824,1319,101650,6
514,1320,101708,5
841,1321,101737,5
994,1322,101763,5
119,1323,101814,5
1255,1324,101854,6
638,1325,101941,4
-145,1326,101977,4
898,1327,102016,5
876,1328,102064,5
1018,1329,102117,5
50,1330,102150,4
1344,1331,102253,5
-111,1332,102283,4
-870,1333,102357,4
-369,1334,102594,5
-134,1335,102619,4
-453,1336,102679,4
965,1337,102740,5
661,1338,102772,5
578,1339,102910,5
1762,1340,102965,6
1352,1341,103006,5
929,1342,103024,5
616,1343,103086,5
564,1344,103147,5
853,1345,103205,5
-516,1346,103335,4
1337,1347,103418,5
399,1348,103592,5
1257,1349,103692,5
1337,1350,103741,5
1125,1351,103837,5
799,1352,103910,5
1576,1353,103986,6
1857,1354,104039,6
1010,1355,104122,5
-297,1356,104159,3
703,1357,104196,5
1434,1358,104256,5
1725,1359,104315,6
666,1360,104349,5
1375,1361,104397,5
-1068,1362,104425,3
980,1363,104514,5
131,1364,104529,4
-4,1365,104646,4
491,1366,104713,4
1392,1367,104757,5
1493,1368,104848,5
1029,1369,104866,5
1061,1370,104935,6
239,1371,104957,4
1131,1372,105004,5
438,1373,105042,5
-499,1374,105062,3
170,1375,105173,4
1311,1376,105231,5
1687,1377,105325,5
950,1378,105392,5
1350,1379,105446,5
66,1380,105495,4
906,1381,105552,5
348,1382,105605,4
898,1383,105653,5
763,1384,105736,5
1201,1385,105790,5
1314,1386,105860,6
1083,1387,105926,5
590,1388,106070,5
404,1389,106180,5
1017,1390,106247,5
1166,1391,106310,5
778,1392,106361,5
1257,1393,106400,5
986,1394,106426,5
1451,1395,106480,5
801,1396,106539,5
1791,1397,106610,5
867,1398,106657,5
1045,1399,106680,5
687,1400,106758,5
-25,1401,106893,5
733,1402,106943,4
1170,1403,106994,6
1386,1404,107055,5
798,1405,107125,5
593,1406,107150,4
1067,1407,107236,5
1396,1408,107265,6
750,1409,107406,5
-208,1410,107467,4
-603,1411,107532,3
1685,1412,107705,7
1390,1413,107758,5
1129,1414,107852,5
509,1415,108032,5
685,1416,108116,5
57,1417,108180,4
7,1418,108326,5
2112,1419,108410,6
1075,1420,108462,5
518,1421,108524,4
482,1422,108625,5
1020,1423,108672,5
1165,1424,108744,5
522,1425,108819,4
107,1426,108838,4
809,1427,108911,5
280,1428,109033,4
1246,1429,109067,5
1005,1430,109125,5
1400,1431,109165,5
1721,1432,109195,6
994,1433,109246,5
755,1434,109333,5
2417,1435,109448,6
849,1436,109505,5
2765,1437,109548,7
883,1438,109606,5
476,1439,109632,5
1084,1440,109676,5
1176,1441,109746,5
-280,1442,109777,3
953,1443,109789,5
668,1444,109846,5
1224,1445,109946,5
1244,1446,109989,5
444,1447,110070,4
1001,1448,110206,5
903,1449,110280,5
214,1450,110340,4
213,1451,110359,4
-230,1452,110391,3
1180,1453,110445,5
767,1454,110514,5
857,1455,110585,5
479,1456,110670,4
986,1457,110732,5
1378,1458,110794,5
1541,1459,110830,5
1041,1460,110857,5
1382,1461,110905,5
869,1462,110954,5
1412,1463,111030,5
686,1464,111064,4
1181,1465,111105,5
2046,1466,111174,6
1028,1467,111212,5
1091,1468,111258,5
900,1469,111311,5
921,1470,111367,5
1421,1471,111411,5
647,1472,111435,4
854,1473,111523,5
1442,1474,111570,5
1412,1475,111642,5
1941,1476,111728,6
-487,1477,111794,3
4,1478,111824,4
2324,1479,111888,6
483,1480,111948,4
1023,1481,111981,5
741,1482,112039,4
849,1483,112091,5
2855,1484,112174,8
1308,1485,112238,5
1334,1486,112303,5
-658,1487,112408,4
807,1488,112496,5
1240,1489,112528,5
-682,1490,112609,3
981,1491,112648,5
-246,1492,112693,4
-34,1493,112744,4
1416,1494,112767,6
441,1495,112842,5
1485,1496,112933,5
1774,1497,112982,6
969,1498,113070,5
2453,1499,113173,7
851,1500,113185,5
823,1501,113239,5
1395,1502,113285,5
1237,1503,113350,5
221,1504,113385,4
1215,1505,113433,5
1358,1506,113488,5
878,1507,113536,5
877,1508,113608,5
1127,1509,113651,5
295,1510,113688,4
1391,1511,113759,5
2749,1512,113865,7
1202,1513,113936,5
-453,1514,113984,3
1133,1515,114026,5
897,1516,114079,5
1185,1517,114138,5
567,1518,114189,4
2315,1519,114274,6
917,1520,114353,5
-262,1521,114376,3
1331,1522,114437,5
707,1523,114532,5
2026,1524,114629,6
844,1525,114682,5
1957,1526,114746,6
788,1527,114842,5
1980,1528,114936,6
2033,1529,115020,6
858,1530,115076,5
1124,1531,115107,5
1032,1532,115171,5
1927,1533,115219,6
1109,1534,115255,6
1060,1535,115291,5
1784,1536,115380,5
730,1537,115456,5
1556,1538,115499,5
1242,1539,115557,5
1236,1540,115584,5
1128,1541,115635,5
1630,1542,115691,5
948,1543,115773,5
468,1544,115836,4
1728,1545,115931,6
1023,1546,115985,5
1053,1547,116017,5
1576,1548,116066,6
856,1549,116107,5
1076,1550,116146,5
1984,1551,116191,6
1185,1552,116233,5
1312,1553,116253,5
896,1554,116288,5
888,1555,116351,5
1056,1556,116372,5
612,1557,116405,5
1285,1558,116484,5
2022,1559,116554,6
1164,1560,116610,5
1070,1561,116658,5
1172,1562,116708,5
358,1563,116726,4
892,1564,116813,5
847,1565,116883,5
870,1566,116952,5
960,1567,117017,5
1996,1568,117075,5
1434,1569,117157,5
939,1570,117199,5
1976,1571,117295,6
1760,1572,117337,6
992,1573,117370,5
1040,1574,117410,5
1190,1575,117465,5
1204,1576,117498,5
1319,1577,117552,5
757,1578,117659,5
799,1579,117716,5
1136,1580,117778,5
1394,1581,117829,5
930,1582,117865,5
730,1583,117913,5
960,1584,117938,5
918,1585,117960,5
915,1586,118006,5
1672,1587,118048,6
1261,1588,118080,5
1838,1589,118138,5
1214,1590,118160,5
971,1591,118190,5
1607,1592,118244,6
1738,1593,118312,6
2236,1594,118363,7
2470,1595,118430,6
668,1596,118468,4
82,1597,118511,4
2258,1598,118591,6
1024,1599,118681,5
3464,1600,118799,8
1684,1601,118859,6
986,1602,118892,5
1406,1603,118949,5
531,1604,119019,4
1104,1605,119065,5
1220,1606,119125,5
1831,1607,119250,6
1717,1608,119298,6
1180,1609,119353,5
1404,1610,119393,5
1298,1611,119448,5
295,1612,119471,4
873,1613,119512,5
1147,1614,119560,6
498,1615,119637,4
1792,1616,119741,6
993,1617,119787,5
997,1618,119813,5
176,1619,119838,4
1600,1620,119880,5
1153,1621,119921,5
1252,1622,119957,5
1413,1623,120017,5
1445,1624,120062,5
2025,1625,120122,5
1447,1626,120154,5
1366,1627,120186,5
1122,1628,120219,5
735,1629,120264,4
1641,1630,120335,6
-17,1631,120358,4
1090,1632,120386,5
1507,1633,120428,6
1022,1634,120464,5
1743,1635,120529,5
1658,1636,120575,6
2301,1637,120655,6
1289,1638,120697,5
667,1639,120746,4
1079,1640,120799,5
1763,1641,120854,6
2483,1642,120942,7
1509,1643,121009,6
1475,1644,121064,5
757,1645,121094,5
804,1646,121140,5
1246,1647,121176,5
1629,1648,121286,6
1193,1649,121343,5
1579,1650,121398,5
1871,1651,121481,6
864,1652,121535,5
811,1653,121573,5
793,1654,121606,5
1855,1655,121649,5
-716,1656,121660,3
1315,1657,121711,5
984,1658,121746,5
975,1659,121789,5
1022,1660,121825,5
1387,1661,121858,5
1009,1662,121930,5
1071,1663,121978,5
1263,1664,122019,5
1133,1665,122048,5
2341,1666,122110,7
1239,1667,122148,5
1836,1668,122178,6
434,1669,122216,5
1220,1670,122245,5
1292,1671,122303,5
805,1672,122359,5
850,1673,122382,5
796,1674,122437,5
1017,1675,122457,5
1861,1676,122535,6
1131,1677,122577,5
1201,1678,122610,5
1347,1679,122666,5
1857,1680,122748,6
1040,1681,122777,5
1428,1682,122853,5
1233,1683,122918,5
1069,1684,122937,5
1889,1685,123047,6
1254,1686,123095,5
723,1687,123148,5
158,1688,123166,4
1739,1689,123263,5
650,1690,123301,4
1013,1691,123354,5
2934,1692,123486,7
632,1693,123541,4
1004,1694,123563,5
1054,1695,123611,5
2403,1696,123695,7
535,1697,123721,4
710,1698,123774,5
2633,1699,123851,7
1591,1700,123893,5
922,1701,123928,5
1320,1702,123966,5
489,1703,123996,4
1339,1704,124063,5
2943,1705,124159,7
1282,1706,124203,5
832,1707,124263,5
1221,1708,124312,5
665,1709,124378,5
584,1710,124438,5
1828,1711,124538,6
1197,1712,124562,5
573,1713,124640,5
1170,1714,124769,5
1336,1715,124814,5
1097,1716,124853,5
1134,1717,124907,5
1170,1718,124937,5
994,1719,124961,5
1714,1720,125024,6
965,1721,125045,5
1376,1722,125075,5
1014,1723,125119,5
1108,1724,125150,5
1041,1725,125209,5
1099,1726,125253,5
575,1727,125350,4
1357,1728,125404,5
950,1729,125427,5
1723,1730,125461,6
1850,1731,125523,7
3133,1732,125628,8
430,1733,125656,4
2498,1734,125739,7
1245,1735,125787,5
1083,1736,125813,5
1092,1737,125855,5
1591,1738,125882,6
921,1739,125930,5
1384,1740,125981,5
2633,1741,126036,6
1224,1742,126065,5
1404,1743,126114,5
846,1744,126152,5
1055,1745,126204,5
1389,1746,126320,5
1485,1747,126395,5
1449,1748,126484,6
2295,1749,126565,7
1414,1750,126616,5
1743,1751,126662,6
532,1752,126686,4
1362,1753,126740,5
1047,1754,126825,5
959,1755,126857,5
2056,1756,126904,7
1283,1757,126950,5
1216,1758,126997,5
1057,1759,127047,5
1010,1760,127069,5
862,1761,127168,5
1042,1762,127264,5
2120,1763,127334,6
1017,1764,127423,5
1113,1765,127474,5
2707,1766,127543,7
1333,1767,127585,5
1061,1768,127617,5
1304,1769,127648,5
1871,1770,127695,6
1301,1771,127752,5
1167,1772,127793,5
1210,1773,127815,5
1594,1774,127898,5
921,1775,127918,5
1086,1776,127975,5
1248,1777,128007,5
1608,1778,128061,5
1340,1779,128138,5
930,1780,128165,5
1451,1781,128237,5
951,1782,128273,5
-54,1783,128295,4
2009,1784,128338,6
1599,1785,128397,6
1768,1786,128488,6
1696,1787,128541,5
924,1788,128602,5
2127,1789,128652,6
1384,1790,128702,5
1304,1791,128780,5
1563,1792,128848,5
2685,1793,128909,7
1123,1794,128940,5
1487,1795,128958,6
2466,1796,129018,6
1130,1797,129045,5
1778,1798,129094,6
1342,1799,129119,5
1366,1800,129151,5
983,1801,129207,5
1792,1802,129272,6
1805,1803,129346,5
316,1804,129403,4
1338,1805,129444,5
1159,1806,129487,5
994,1807,129553,5
1682,1808,129589,6
2284,1809,129656,6
1552,1810,129686,5
1936,1811,129747,6
375,1812,129789,4
1326,1813,129834,5
1240,1814,129886,5
1320,1815,129924,5
1389,1816,129979,5
1325,1817,130039,6
2316,1818,130089,6
1317,1819,130133,5
4455,1820,130263,9
1133,1821,130319,5
95,1822,130349,4
1232,1823,130403,5
1182,1824,130438,5
1100,1825,130464,5
921,1826,130491,5
1532,1827,130518,5
1838,1828,130548,6
482,1829,130595,4
1215,1830,130628,5
1302,1831,130690,5
2319,1832,130751,6
1423,1833,130820,6
1034,1834,130884,5
1000,1835,130919,5
953,1836,130946,5
1267,1837,130978,5
1582,1838,131018,6
1074,1839,131048,5
1592,1840,131104,6
3038,1841,131198,7
1605,1842,131282,5
1157,1843,131323,5
1036,1844,131389,5
1157,1845,131423,5
1103,1846,131485,5
971,1847,131564,5
1211,1848,131597,5
1403,1849,131649,6
1055,1850,131706,5
3726,1851,131806,8
1661,1852,131887,5
3683,1853,131992,8
1589,1854,132032,6
2460,1855,132108,7
1220,1856,132141,5
1227,1857,132186,5
1774,1858,132235,6
2381,1859,132298,6
1460,1860,132364,5
1125,1861,132402,5
1919,1862,132463,6
1362,1863,132500,5
1168,1864,132521,5
580,1865,132548,4
955,1866,132582,5
1303,1867,132606,5
2767,1868,132690,7
1678,1869,132768,5
1952,1870,132825,6
1530,1871,132904,5
1059,1872,132936,5
1368,1873,132984,5
3382,1874,133064,8
2537,1875,133128,6
1092,1876,133163,5
1263,1877,133206,5
989,1878,133250,5
839,1879,133277,5
3665,1880,133410,8
785,1881,133467,5
1893,1882,133529,6
1326,1883,133586,5
1020,1884,133608,5
4742,1885,133697,9
880,1886,133716,5
1204,1887,133747,5
948,1888,133796,5
1604,1889,133843,6
1607,1890,133893,5
987,1891,133910,5
1080,1892,133927,5
1239,1893,133999,5
1198,1894,134024,6
987,1895,134059,5
2638,1896,134137,6
4141,1897,134217,9
6119,1898,134341,11
1749,1899,134387,6
492,1900,134423,4
1161,1901,134450,5
1215,1902,134472,5
1181,1903,134529,5
932,1904,134549,5
1939,1905,134606,6
2237,1906,134679,6
1596,1907,134726,6
987,1908,134743,5
195,1909,134815,4
80,1910,134858,4
912,1911,134891,5
1294,1912,134945,6
-157,1913,134983,4
1339,1914,135039,5
1194,1915,135067,5
1342,1916,135152,5
1181,1917,135189,5
1013,1918,135238,5
1496,1919,135293,5
1020,1920,135320,5
2060,1921,135364,6
1349,1922,135405,5
1608,1923,135436,5
1997,1924,135498,5
1273,1925,135530,5
1076,1926,135558,5
2040,1927,135606,6
4571,1928,135700,9
1600,1929,135738,6
1819,1930,135770,6
1592,1931,135816,5
2717,1932,135869,7
844,1933,135887,5
983,1934,135913,5
893,1935,135955,5
1826,1936,136010,6
1439,1937,136056,6
5177,1938,136189,10
2128,1939,136237,6
926,1940,136257,5
1287,1941,136299,5
1327,1942,136326,5
3303,1943,136424,7
928,1944,136478,5
1421,1945,136514,5
1202,1946,136582,5
1041,1947,136627,5
1254,1948,136676,6
1017,1949,136723,5
1191,1950,136769,5
1420,1951,136846,5
2255,1952,136917,6
1120,1953,136944,5
1489,1954,136982,6
941,1955,137020,5
1022,1956,137055,5
1765,1957,137090,6
1436,1958,137133,5
1989,1959,137169,6
2503,1960,137219,6
981,1961,137247,5
2605,1962,137320,7
1184,1963,137355,5
1128,1964,137386,5
1789,1965,137455,5
1444,1966,137503,5
1140,1967,137537,5
747,1968,137553,5
3148,1969,137614,8
1015,1970,137652,5
1714,1971,137697,6
1752,1972,137732,6
1176,1973,137758,5
2301,1974,137817,7
1370,1975,137860,5
2580,1976,137917,7
1395,1977,137950,5
988,1978,137974,5
1315,1979,138023,5
828,1980,138043,5
1120,1981,138076,5
4635,1982,138208,9
972,1983,138227,5
1327,1984,138269,5
1745,1985,138308,6
1894,1986,138364,6
2715,1987,138426,8
2530,1988,138508,6
1846,1989,138577,6
683,1990,138609,4
1309,1991,138684,5
955,1992,138707,5
544,1993,138733,4
2509,1994,138810,6
2684,1995,138872,8
1245,1996,138897,5
2740,1997,138990,6
844,1998,139017,5
1266,1999,139051,5
1669,2000,139114,6
2375,2001,139215,6
1754,2002,139258,5
2070,2003,139324,5
923,2004,139353,5
1307,2005,139415,5
1842,2006,139458,5
1057,2007,139499,5
3278,2008,139596,7
1359,2009,139628,5
1284,2010,139665,5
2069,2011,139699,7
1378,2012,139761,6
1007,2013,139803,5
1765,2014,139879,6
1767,2015,139921,6
2042,2016,140023,6
1186,2017,140049,5
2187,2018,140086,7
1051,2019,140113,5
1517,2020,140160,5
867,2021,140170,5
1063,2022,140200,5
2786,2023,140256,6
322,2024,140311,4
26,2025,140326,4
973,2026,140361,5
976,2027,140380,5
2166,2028,140429,6
5875,2029,140556,10
2940,2030,140623,7
1083,2031,140696,5
1618,2032,140747,5
1483,2033,140827,5
960,2034,140850,5
1521,2035,140924,7
1939,2036,140968,6
5560,2037,141124,10
1407,2038,141166,5
2470,2039,141213,7
2435,2040,141274,6
2404,2041,141320,7
867,2042,141369,5
1957,2043,141402,6
1924,2044,141468,6
1203,2045,141523,5
2260,2046,141592,6
1191,2047,141620,5
1172,2048,141655,5
1133,2049,141686,5
1661,2050,141748,6
1152,2051,141778,5
70,2052,141794,4
2248,2053,141886,7
1917,2054,141975,6
1899,2055,142011,6
1833,2056,142048,6
3415,2057,142127,8
1125,2058,142147,5
463,2059,142183,4
1390,2060,142209,5
1896,2061,142277,6
1203,2062,142301,5
4915,2063,142423,9
1643,2064,142455,6
1518,2065,142493,5
1836,2066,142534,5
1382,2067,142565,6
2666,2068,142634,7
1324,2069,142661,5
1906,2070,142710,6
1375,2071,142747,5
1031,2072,142778,5
1682,2073,142841,6
1765,2074,142893,5
626,2075,142986,5
1614,2076,143052,6
1235,2077,143086,5
2350,2078,143194,6
805,2079,143218,5
2470,2080,143281,7
979,2081,143318,5
1669,2082,143350,5
1233,2083,143375,5
1007,2084,143397,5
2278,2085,143482,6
1402,2086,143515,5
1985,2087,143555,6
1090,2088,143583,5
2154,2089,143632,6
2348,2090,143692,6
1575,2091,143769,5
1288,2092,143793,5
1805,2093,143880,5
2195,2094,143978,6
2758,2095,144055,7
2328,2096,144164,7
40,2097,144197,4
1176,2098,144256,5
1587,2099,144303,6
2291,2100,144346,6
2307,2101,144407,6
984,2102,144435,5
1792,2103,144487,6
4926,2104,144590,10
1138,2105,144617,5
1722,2106,144657,5
1650,2107,144720,6
1964,2108,144764,6
877,2109,144781,5
4425,2110,144894,9
1221,2111,144941,5
2149,2112,144981,7
3572,2113,145061,8
1959,2114,145181,7
1290,2115,145207,5
773,2116,145286,5
2170,2117,145346,6
2145,2118,145426,6
1272,2119,145465,5
1394,2120,145523,5
1919,2121,145562,6
2930,2122,145652,8
1600,2123,145699,5
3757,2124,145787,7
2344,2125,145873,6
812,2126,145922,5
1615,2127,145975,5
1332,2128,146002,5
35,2129,146026,4
4791,2130,146162,10
3160,2131,146250,7
1988,2132,146305,6
1897,2133,146350,6
2283,2134,146470,5
1467,2135,146507,5
5564,2136,146694,12
1801,2137,146741,6
1132,2138,146770,5
992,2139,146810,5
1795,2140,146898,6
1754,2141,146933,6
908,2142,146946,5
1296,2143,146992,5
3254,2144,147076,8
2203,2145,147163,5
1489,2146,147198,5
2354,2147,147261,7
2512,2148,147311,6
2909,2149,147468,7
1077,2150,147496,5
1073,2151,147519,5
1679,2152,147548,6
1278,2153,147576,5
2939,2154,147641,7
1186,2155,147671,5
3440,2156,147742,7
931,2157,147760,5
2072,2158,147827,6
1742,2159,147853,6
1265,2160,147901,5
4681,2161,148068,9
1188,2162,148103,5
1148,2163,148148,5
779,2164,148208,5
3461,2165,148303,7
1083,2166,148349,5
2145,2167,148432,7
1217,2168,148461,5
2739,2169,148513,8
1781,2170,148576,6
3847,2171,148666,7
4214,2172,148793,9
2655,2173,148856,7
1632,2174,148911,6
813,2175,148922,5
1818,2176,148965,6
738,2177,148983,5
2328,2178,149061,7
1349,2179,149111,5
929,2180,149145,5
2903,2181,149240,6
1084,2182,149284,5
1182,2183,149328,5
1561,2184,149381,6
5902,2185,149540,12
745,2186,149572,5
1110,2187,149630,5
1069,2188,149687,5
7,2189,149706,4
1344,2190,149738,5
1215,2191,149776,5
1408,2192,149826,6
1122,2193,149859,5
1689,2194,149886,6
1140,2195,149911,5
1905,2196,149943,6
3156,2197,150006,7
966,2198,150016,5
1427,2199,150064,6
2376,2200,150158,6
2204,2201,150188,7
5745,2202,150301,11
4081,2203,150364,9
2569,2204,150425,7
4442,2205,150570,8
621,2206,150601,5
1193,2207,150651,5
1195,2208,150686,5
1559,2209,150710,6
1032,2210,150730,5
2996,2211,150827,7
3223,2212,150899,8
2805,2213,150976,6
1060,2214,151012,5
1309,2215,151047,5
4583,2216,151137,9
1174,2217,151158,5
1276,2218,151184,5
7189,2219,151322,13
3736,2220,151399,8
1432,2221,151451,5
890,2222,151470,5
1466,2223,151502,5
2479,2224,151611,7
1573,2225,151700,5
758,2226,151738,4
2648,2227,151807,7
1899,2228,151856,6
2180,2229,151930,6
1365,2230,151967,5
2253,2231,152009,6
1512,2232,152051,5
2772,2233,152132,7
1614,2234,152170,5
3935,2235,152311,9
1565,2236,152361,5
1896,2237,152433,6
1156,2238,152456,5
1193,2239,152480,5
3887,2240,152596,8
1846,2241,152642,6
1529,2242,152678,5
2222,2243,152728,6
3036,2244,152824,7
1573,2245,152862,6
1264,2246,152903,5
3391,2247,152985,8
2476,2248,153054,6
3751,2249,153137,9
1681,2250,153209,6
1300,2251,153237,5
2354,2252,153311,7
153,2253,153331,4
2742,2254,153387,7
1931,2255,153464,6
1443,2256,153503,6
1838,2257,153533,6
1274,2258,153579,5
1081,2259,153607,5
858,2260,153650,5
1565,2261,153687,6
1550,2262,153764,5
2776,2263,153869,6
1192,2264,153927,5
1001,2265,153949,5
345,2266,153996,5
3098,2267,154115,8
1572,2268,154204,5
1315,2269,154260,5
895,2270,154288,5
820,2271,154345,5
1136,2272,154376,5
1399,2273,154427,5
1663,2274,154482,6
1440,2275,154536,5
1413,2276,154580,5
927,2277,154613,5
2442,2278,154670,6
701,2279,154717,5
3374,2280,154818,8
4447,2281,154939,10
2072,2282,155003,6
1116,2283,155063,5
954,2284,155086,5
820,2285,155115,5
1785,2286,155191,6
1589,2287,155237,6
1963,2288,155270,6
928,2289,155297,5
1384,2290,155323,5
956,2291,155350,5
3180,2292,155412,8
1472,2293,155447,5
2814,2294,155507,7
2061,2295,155547,6
562,2296,155578,4
2268,2297,155622,6
1164,2298,155663,5
2613,2299,155724,6
1256,2300,155745,5
932,2301,155788,5
3921,2302,155901,9
1671,2303,155986,6
1268,2304,156020,5
1177,2305,156046,5
1055,2306,156085,5
1707,2307,156119,6
1020,2308,156141,5
4060,2309,156235,9
1096,2310,156265,5
4063,2311,156347,8
2182,2312,156402,5
4492,2313,156474,9
1143,2314,156490,5
3740,2315,156551,8
1506,2316,156602,5
2302,2317,156639,7
1449,2318,156656,6
2649,2319,156709,6
1451,2320,156732,5
1236,2321,156772,5
2658,2322,156817,7
3325,2323,156880,8
1462,2324,156967,6
1350,2325,156997,6
1737,2326,157050,6
1061,2327,157096,5
704,2328,157136,5
112,2329,157173,4
1267,2330,157212,5
1645,2331,157263,6
1358,2332,157286,5
1576,2333,157339,5
2038,2334,157391,5
47,2335,157411,4
5132,2336,157550,10
1143,2337,157566,5
1994,2338,157613,6
1114,2339,157635,5
1212,2340,157655,5
3973,2341,157764,8
2021,2342,157803,6
4021,2343,157874,9
1418,2344,157903,5
5056,2345,158002,10
2701,2346,158055,7
1488,2347,158106,5
2980,2348,158187,7
1719,2349,158239,6
1362,2350,158273,5
1159,2351,158298,5
2822,2352,158374,7
1409,2353,158441,5
977,2354,158460,5
1328,2355,158496,5
1792,2356,158521,6
1239,2357,158564,5
969,2358,158585,5
1678,2359,158630,6
2425,2360,158678,6
2895,2361,158769,7
2656,2362,158865,6
2301,2363,158919,6
1029,2364,158966,5
761,2365,158978,5
2912,2366,159025,8
1934,2367,159082,6
3268,2368,159170,7
1823,2369,159231,5
1754,2370,159277,6
1454,2371,159309,5
1840,2372,159346,6
1305,2373,159383,5
1032,2374,159401,5
2698,2375,159492,7
1256,2376,159524,5
4492,2377,159651,9
1430,2378,159734,5
1948,2379,159824,5
880,2380,159845,5
999,2381,159871,5
4343,2382,160038,9
1143,2383,160079,5
1300,2384,160103,5
1871,2385,160163,6
1829,2386,160210,5
820,2387,160270,4
1239,2388,160286,5
1569,2389,160330,5
1875,2390,160370,6
916,2391,160398,5
918,2392,160447,5
3623,2393,160505,7
1132,2394,160523,5
2106,2395,160584,6
1926,2396,160617,7
1541,2397,160662,5
1491,2398,160682,6
1003,2399,160706,5
2070,2400,160744,6
2145,2401,160796,5
2503,2402,160846,7
971,2403,160865,5
5528,2404,160951,11
6839,2405,161065,12
1742,2406,161119,5
2488,2407,161167,7
3181,2408,161246,7
1876,2409,161326,6
1646,2410,161395,5
718,2411,161426,5
786,2412,161463,5
894,2413,161493,5
1236,2414,161545,5
1181,2415,161584,5
875,2416,161605,5
1288,2417,161644,5
1257,2418,161676,5
2557,2419,161719,7
1143,2420,161746,5
940,2421,161762,5
2450,2422,161829,6
1548,2423,161861,5
2515,2424,161912,7
1452,2425,161946,5
1566,2426,161976,5
2329,2427,162037,6
1192,2428,162065,5
6662,2429,162224,12
810,2430,162269,5
1106,2431,162385,5
1788,2432,162468,6
796,2433,162483,5
1193,2434,162511,5
2195,2435,162550,7
1623,2436,162580,6
1052,2437,162610,5
1153,2438,162633,5
1354,2439,162683,5
1813,2440,162730,5
1073,2441,162762,5
1123,2442,162795,5
2643,2443,162848,7
985,2444,162867,5
1399,2445,162911,5
1142,2446,162938,5
888,2447,162977,5
868,2448,163014,5
1215,2449,163061,5
1701,2450,163097,6
1204,2451,163123,5
1182,2452,163151,5
2428,2453,163238,7
994,2454,163255,5
1095,2455,163290,5
1522,2456,163344,5
929,2457,163364,5
1266,2458,163396,5
3955,2459,163480,8
4583,2460,163550,9
2369,2461,163606,6
2704,2462,163659,7
2198,2463,163702,6
1809,2464,163751,5
924,2465,163769,5
2540,2466,163809,7
2253,2467,163862,6
2806,2468,163939,7
1596,2469,163968,6
940,2470,164009,5
3262,2471,164070,7
1785,2472,164116,5
2881,2473,164189,8
1034,2474,164216,5
6327,2475,164331,12
3358,2476,164410,8
4098,2477,164507,9
1197,2478,164561,5
1766,2479,164612,6
1494,2480,164654,5
763,2481,164674,4
2048,2482,164741,7
1016,2483,164791,5
1025,2484,164822,5
949,2485,164838,5
1234,2486,164865,5
1378,2487,164911,5
1026,2488,164940,5
1710,2489,164974,6
963,2490,165013,5
1231,2491,165069,5
1366,2492,165099,5
1394,2493,165161,5
1474,2494,165198,5
3000,2495,165284,7
1406,2496,165317,5
1005,2497,165339,5
1874,2498,165370,6
1239,2499,165404,5
2707,2500,165463,7
1633,2501,165510,5
1699,2502,165555,6
1284,2503,165596,5
1543,2504,165650,5
1219,2505,165690,5
856,2506,165704,5
1260,2507,165727,5
1455,2508,165770,5
617,2509,165796,4
3211,2510,165861,8
3612,2511,165949,8
4062,2512,166097,9
861,2513,166109,5
982,2514,166153,5
645,2515,166188,4
1374,2516,166236,5
2468,2517,166283,7
1054,2518,166297,5
1046,2519,166326,5
1466,2520,166356,5
3407,2521,166443,7
1394,2522,166485,5
1315,2523,166527,5
2141,2524,166564,6
1902,2525,166620,6
1446,2526,166645,5
1391,2527,166671,5
1396,2528,166695,5
1010,2529,166719,5
1981,2530,166748,6
454,2531,166793,4
2185,2532,166864,5
1452,2533,166894,5
1411,2534,166925,5
1024,2535,166943,5
2451,2536,166987,6
1610,2537,167018,5
1070,2538,167039,5
1328,2539,167075,5
1635,2540,167109,5
1600,2541,167143,6
3197,2542,167203,8
5459,2543,167337,11
1093,2544,167365,5
1756,2545,167407,6
4185,2546,167498,8
10333,2547,167822,17
1195,2548,167848,5
2789,2549,167925,7
2031,2550,167979,6
955,2551,167991,5
4407,2552,168111,8
1286,2553,168150,5
1227,2554,168298,6
2053,2555,168346,6
1035,2556,168377,5
4509,2557,168471,10
2809,2558,168643,9
6398,2559,168868,13
1114,2560,168890,5
4255,2561,168974,9
2824,2562,169014,7
4167,2563,169106,7
1813,2564,169155,5
2507,2565,169210,7
3428,2566,169313,8
1238,2567,169358,5
1787,2568,169407,6
1407,2569,169454,5
1959,2570,169516,6
1651,2571,169567,6
2202,2572,169634,6
4695,2573,169801,9
4186,2574,169890,8
5019,2575,169988,10
1276,2576,170025,5
1058,2577,170048,5
1061,2578,170071,5
1472,2579,170113,6
2838,2580,170178,7
1199,2581,170252,5
937,2582,170270,5
1138,2583,170331,5
1512,2584,170364,5
4107,2585,170491,9
1005,2586,170522,5
5609,2587,170673,11
1085,2588,170699,5
7307,2589,170847,13
1248,2590,170886,5
1348,2591,170918,5
1726,2592,170968,6
1032,2593,170997,5
1216,2594,171028,5
3779,2595,171104,9
2163,2596,171185,6
4082,2597,171311,9
1111,2598,171374,5
4051,2599,171466,9
2511,2600,171536,7
774,2601,171715,5
1125,2602,171797,5
747,2603,171918,5
498,2604,171996,4
1118,2605,172098,5
524,2606,172147,4
732,2607,172247,5
1048,2608,172261,5
7001,2609,172487,12
7736,2610,172682,13
971,2611,172739,5
1096,2612,172763,5
6847,2613,172895,12
3560,2614,172952,8
6217,2615,173067,11
4916,2616,173167,9
3922,2617,173248,8
3392,2618,173332,7
2148,2619,173413,7
5481,2620,173572,11
1061,2621,173595,5
3716,2622,173685,9
1656,2623,173720,6
3482,2624,173805,8
1592,2625,173843,6
1334,2626,173870,5
1066,2627,173900,5
3415,2628,173976,8
2078,2629,174014,6
1424,2630,174082,5
1225,2631,174111,5
1868,2632,174166,6
1487,2633,174201,5
1367,2634,174227,6
2270,2635,174292,6
2204,2636,174346,6
988,2637,174367,5
7980,2638,174614,13
6186,2639,174719,11
789,2640,174856,5
909,2641,174994,5
1095,2642,175046,5
1660,2643,175123,5
1354,2644,175215,5
774,2645,175352,5
2595,2646,175424,6
3905,2647,175496,8
7151,2648,175624,13
2579,2649,175693,6
1082,2650,175712,5
2829,2651,175843,8
1597,2652,175910,5
1476,2653,175936,5
3215,2654,176018,9
884,2655,176076,5
490,2656,176097,4
4312,2657,176197,9
962,2658,176218,5
3248,2659,176272,7
1053,2660,176286,5
1298,2661,176310,5
2450,2662,176372,7
3948,2663,176426,10
3689,2664,176504,8
5429,2665,176621,11
1473,2666,176667,5
6760,2667,176795,11
5108,2668,176896,10
2668,2669,176933,8
3813,2670,177013,7
5719,2671,177112,11
2534,2672,177161,7
2470,2673,177222,7
557,2674,177270,5
1104,2675,177308,5
2184,2676,177369,7
1223,2677,177458,6
1556,2678,177509,6
1341,2679,177571,6
3440,2680,177633,9
6390,2681,177769,10
11674,2682,177979,18
5205,2683,178116,10
3045,2684,178304,9
5607,2685,178422,10
4422,2686,178504,10
3036,2687,178564,7
2040,2688,178603,6
1390,2689,178629,5
2744,2690,178689,7
6441,2691,178942,13
2792,2692,178993,8
1822,2693,179043,6
2948,2694,179104,8
1283,2695,179132,5
3852,2696,179227,8
3239,2697,179285,7
2083,2698,179383,7
1797,2699,179408,6
2298,2700,179471,6
3267,2701,179570,8
3125,2702,179637,8
1186,2703,179663,5
3746,2704,179752,9
3722,2705,179831,9
1685,2706,179868,5
6408,2707,179986,14
1139,2708,180004,5
1893,2709,180042,6
1887,2710,180082,6
983,2711,180101,5
7131,2712,180331,14
2079,2713,180387,6
5354,2714,180493,10
2411,2715,180571,7
4674,2716,180680,8
3667,2717,180794,9
3557,2718,180885,8
523,2719,180911,4
989,2720,180953,5
1659,2721,181018,6
1909,2722,181088,6
1676,2723,181127,5
7822,2724,181282,13
2281,2725,181336,6
8538,2726,181522,14
2742,2727,181594,7
4679,2728,181701,10
5990,2729,181820,11
7854,2730,181954,14
3984,2731,182047,7
2369,2732,182103,6
1626,2733,182144,6
2936,2734,182264,8
-451,2735,182283,3
3862,2736,182511,9
4571,2737,182601,9
5575,2738,182773,10
3501,2739,182875,7
-251,2740,182885,3
529,2741,183113,5
4957,2742,183218,10
11951,2743,183432,20
1045,2744,183466,5
4066,2745,183639,9
4921,2746,183787,9
3033,2747,183843,7
15560,2748,184150,22
2829,2749,184384,8
4050,2750,184512,9
2671,2751,184555,7
5549,2752,184656,10
11398,2753,184866,17
1367,2754,184977,7
3522,2755,185068,9
1272,2756,185105,5
2479,2757,185186,7
4221,2758,185295,9
1171,2759,185323,5
1106,2760,185347,5
877,2761,185445,5
774,2762,185476,4
722,2763,185513,5
2549,2764,185581,7
2355,2765,185628,7
9324,2766,185868,15
266,2767,185893,4
2355,2768,185945,7
2965,2769,185982,8
7329,2770,186115,13
2423,2771,186161,6
2112,2772,186213,6
3110,2773,186305,8
2058,2774,186401,6
3865,2775,186484,9
5983,2776,186610,11
3695,2777,186669,9
2011,2778,186743,7
5137,2779,186856,10
3072,2780,186930,7
982,2781,186951,5
1492,2782,186990,5
1352,2783,187174,5
6006,2784,187377,11
4971,2785,187465,10
1066,2786,187505,5
2440,2787,187579,7
3478,2788,187679,7
3104,2789,187755,8
2399,2790,187792,7
4402,2791,187893,8
6786,2792,188038,12
3575,2793,188104,7
1516,2794,188140,5
2543,2795,188191,6
1124,2796,188209,5
2979,2797,188251,8
3099,2798,188309,8
11377,2799,188531,19
16662,2800,188788,25
8368,2801,188983,13
6825,2802,189130,12
1736,2803,189170,5
4269,2804,189244,9
1710,2805,189267,6
3150,2806,189340,8
1337,2807,189390,5
2240,2808,189439,7
621,2809,189484,5
2882,2810,189584,7
5325,2811,189704,11
590,2812,189725,4
10000,2813,189949,17
6018,2814,190125,11
6356,2815,190352,11
938,2816,190370,5
2143,2817,190416,6
4250,2818,190509,8
7948,2819,190653,12
1112,2820,190673,5
9288,2821,190841,16
5398,2822,190944,10
10906,2823,191218,19
8424,2824,191409,15
746,2825,191477,5
649,2826,191568,5
4875,2827,191693,10
1306,2828,191773,5
2755,2829,191894,8
4140,2830,191954,9
7861,2831,192091,14
2627,2832,192131,7
2985,2833,192180,8
8266,2834,192331,15
8197,2835,192469,14
3180,2836,192520,8
5801,2837,192614,10
5955,2838,192723,10
8155,2839,192983,15
2335,2840,193084,7
11398,2841,193337,19
2182,2842,193376,7
2110,2843,193426,6
7162,2844,193585,13
8810,2845,194150,17
1376,2846,194176,5
4849,2847,194425,10
951,2848,194631,6
3645,2849,194705,8
1690,2850,195010,6
9061,2851,195217,14
4922,2852,195297,9
1505,2853,195328,5
3698,2854,195393,8
4812,2855,195482,9
2598,2856,195673,7
3608,2857,195746,9
2725,2858,195780,8
8305,2859,195948,15
861,2860,195960,5
6366,2861,196281,14
5966,2862,196421,12
1299,2863,196502,6
2292,2864,196592,6
2102,2865,196663,5
1620,2866,196718,5
4503,2867,196815,9
3314,2868,196876,8
2686,2869,196928,6
8161,2870,197056,14
3318,2871,197110,8
5405,2872,197207,11
-487,2873,197438,5
2837,2874,197485,7
8090,2875,197638,11
1888,2876,197736,6
1104,2877,197780,5
1418,2878,197840,5
1837,2879,198166,7
3010,2880,198324,8
8037,2881,198482,13
3526,2882,198977,13
5319,2883,199071,10
5664,2884,199225,10
1704,2885,199287,5
1229,2886,199320,5
4552,2887,199486,9
1621,2888,199507,6
8658,2889,199638,15
1187,2890,199664,5
11018,2891,199870,17
2628,2892,199921,7
7545,2893,200308,14
937,2894,200326,5
3757,2895,200395,9
3777,2896,200651,9
3853,2897,200716,9
2548,2898,200752,7
6431,2899,200840,13
4889,2900,200943,10
689,2901,201017,5
-90,2902,201539,6
866,2903,201549,5
12900,2904,201870,19
3858,2905,201926,9
11511,2906,202103,17
1806,2907,202135,6
4861,2908,202234,9
3385,2909,202517,9
861,2910,202529,5
2984,2911,202584,7
9139,2912,202732,14
3227,2913,202796,9
2455,2914,203128,8
3111,2915,203164,8
1112,2916,203184,5
2057,2917,203217,6
5632,2918,203311,9
5498,2919,203416,10
8098,2920,203767,14
1344,2921,203814,5
1624,2922,203856,5
1944,2923,203948,5
1839,2924,203999,5
881,2925,204038,5
2553,2926,204107,6
6550,2927,204365,13
479,2928,204640,5
7238,2929,204821,13
5661,2930,204949,11
8723,2931,205119,14
2850,2932,205164,7
-887,2933,205477,5
4001,2934,205984,11
2606,2935,206028,7
3144,2936,206194,9
3196,2937,206245,8
4154,2938,206330,9
1326,2939,206603,7
2213,2940,206699,7
2239,2941,206748,7
2280,2942,206802,6
3622,2943,206870,8
9512,2944,207088,15
1981,2945,207254,7
5041,2946,207389,11
3471,2947,207877,9
2075,2948,207917,6
2944,2949,207983,8
4864,2950,208054,11
4078,2951,208123,8
11662,2952,208320,18
2671,2953,208388,7
10713,2954,208608,17
5855,2955,208695,11
5586,2956,208808,10
4049,2957,208894,7
5898,2958,209305,12
8312,2959,209695,13
1433,2960,209720,5
1300,2961,209742,5
3782,2962,209800,8
4294,2963,209859,9
4333,2964,209937,9
3185,2965,210006,8
2830,2966,210083,8
5590,2967,210327,11
9874,2968,210488,15
5897,2969,210941,13
4617,2970,211006,10
5447,2971,211089,12
1068,2972,211108,5
4227,2973,211349,9
4699,2974,211427,10
7342,2975,211547,13
6020,2976,211658,11
2995,2977,211734,8
2317,2978,211947,8
3156,2979,212018,8
5765,2980,212136,10
3064,2981,212746,9
7003,2982,212965,14
6645,2983,213082,12
2839,2984,213138,7
2558,2985,213199,7
3223,2986,213266,7
3083,2987,213323,7
5476,2988,213426,11
5521,2989,213522,9
1101,2990,213544,5
3649,2991,214015,12
4257,2992,214089,9
3863,2993,214353,10
9002,2994,214507,14
2781,2995,214558,8
4149,2996,214628,10
11599,2997,214941,17
8595,2998,215094,13
4049,2999,215240,10
2496,3000,215279,7
5995,3001,215394,11
1433,3002,215419,5
12899,3003,215618,20
10906,3004,215807,18
8832,3005,216127,17
9132,3006,216266,17
455,3007,216524,6
3665,3008,216616,9
4421,3009,216723,9
1535,3010,216757,6
1788,3011,216809,6
1478,3012,216879,6
683,3013,216941,5
4186,3014,217098,9
2839,3015,217148,8
14802,3016,217371,21
2027,3017,217404,7
3637,3018,217500,9
14013,3019,217768,18
953,3020,217809,5
2999,3021,217886,7
5508,3022,217998,10
3941,3023,218065,10
2766,3024,218142,7
2320,3025,218186,7
2803,3026,218291,7
2239,3027,218376,7
3672,3028,218463,8
8601,3029,218661,13
3522,3030,218731,8
2583,3031,218806,7
2286,3032,218869,7
9628,3033,219338,17
5011,3034,219427,9
1046,3035,219639,6
5477,3036,219739,10
5294,3037,219822,11
2642,3038,220044,8
1901,3039,220092,7
995,3040,220109,5
3626,3041,220177,8
2261,3042,220244,7
5022,3043,220401,9
5363,3044,220667,11
5173,3045,220779,9
8772,3046,220910,15
3437,3047,221683,12
-141,3048,222085,5
3058,3049,222258,9
5760,3050,222342,10
8230,3051,222924,17
3476,3052,223017,8
2857,3053,223064,7
8954,3054,223558,17
4501,3055,223683,11
2978,3056,223875,7
7439,3057,224059,14
14491,3058,224328,22
1363,3059,224738,8
4121,3060,225175,10
6774,3061,225345,12
2409,3062,225380,7
428,3063,225734,5
5218,3064,225832,9
2078,3065,225881,6
1808,3066,225932,5
2980,3067,226009,7
1168,3068,226039,5
9605,3069,226249,14
2436,3070,226332,7
5025,3071,226552,11
3637,3072,226638,8
2382,3073,226907,8
12173,3074,227132,19
5638,3075,227232,11
2610,3076,227276,7
2237,3077,227705,8
4949,3078,227786,10
3214,3079,228184,9
3286,3080,228259,7
-2144,3081,230070,8
3059,3082,230138,7
9521,3083,230328,14
8102,3084,230743,16
1052,3085,230766,5
6958,3086,230866,13
2967,3087,230922,7
5146,3088,231443,12
1241,3089,231775,7
10564,3090,231948,17
4884,3091,232311,11
3272,3092,232368,7
3154,3093,232672,9
6697,3094,232769,11
7117,3095,233111,13
2077,3096,233163,7
8070,3097,233340,14
352,3098,233592,5
1950,3099,233625,6
2250,3100,233658,6
2524,3101,233698,7
4012,3102,234035,9
6227,3103,234135,11
3224,3104,234208,7
1569,3105,234679,8
4640,3106,235130,10
5408,3107,235206,10
1547,3108,235810,9
2754,3109,236706,10
222,3110,237468,8
8985,3111,237620,15
4708,3112,237716,10
6422,3113,238090,13
3738,3114,238793,12
1710,3115,238835,5
982,3116,238852,5
3631,3117,238911,8
3003,3118,238973,7
2805,3119,239238,8
1376,3120,239273,5
2604,3121,239659,9
3274,3122,239946,9
5349,3123,240081,11
1939,3124,240116,6
67,3125,240711,6
2976,3126,240983,9
2106,3127,241011,7
-410,3128,241438,5
1889,3129,241504,7
1173,3130,241561,5
1488,3131,241818,7
4109,3132,241900,9
3791,3133,241968,9
2117,3134,242034,6
8588,3135,242430,14
3534,3136,242702,9
1643,3137,243021,7
906,3138,243034,5
3292,3139,243107,7
4900,3140,243579,12
7369,3141,243686,13
6581,3142,243812,11
3870,3143,244163,9
2996,3144,244219,8
-2584,3145,245315,5
274,3146,246291,7
8338,3147,246438,13
4801,3148,246860,11
809,3149,247490,8
9136,3150,247656,14
3997,3151,248299,11
3930,3152,248376,8
769,3153,248578,5
3189,3154,249657,12
7855,3155,249814,12
1529,3156,250245,8
2626,3157,250816,11
3888,3158,251149,12
4485,3159,251267,10
5227,3160,251652,10
3724,3161,251793,9
5234,3162,252128,11
-4962,3163,253763,5
3154,3164,253845,8
2583,3165,253909,8
3003,3166,254020,8
2570,3167,254115,7
3040,3168,254394,9
4965,3169,254496,10
2203,3170,255093,9
-207,3171,256240,9
984,3172,256266,5
996,3173,256290,5
1221,3174,256319,5
5044,3175,256658,11
133,3176,257296,7
4721,3177,257394,10
884,3178,257603,5
2582,3179,257642,7
11871,3180,257809,20
4569,3181,258050,10
2934,3182,258097,7
5865,3183,258707,13
4662,3184,258786,10
5516,3185,258907,10
462,3186,260483,11
5833,3187,260584,10
7709,3188,260957,11
5739,3189,261071,10
3250,3190,262153,13
4010,3191,262543,9
4397,3192,262633,9
1602,3193,263896,12
2693,3194,263980,7
1667,3195,265616,12
-919,3196,267259,12
4934,3197,267678,10
5785,3198,268024,12
54,3199,268290,5
3403,3200,268354,7
2508,3201,268411,7
1357,3202,268647,6
5792,3203,268750,11
3115,3204,269297,9
3091,3205,269367,7
-3191,3206,270613,5
2740,3207,270662,7
3486,3208,270720,9
4575,3209,271135,10
2442,3210,271753,9
4832,3211,272102,11
6820,3212,272239,12
-1045,3213,272836,5
2903,3214,273099,9
2139,3215,273128,7
5305,3216,273271,10
5338,3217,273488,10
4287,3218,273595,9
-6710,3219,277265,14
4842,3220,277540,9
1421,3221,277638,5
-6935,3222,280424,10
3256,3223,281507,12
4426,3224,282693,14
7137,3225,283026,12
-10795,3226,287015,10
5439,3227,287114,10
4091,3228,287362,10
-3252,3229,288917,8
2895,3230,289243,9
10416,3231,289643,17
2164,3232,290396,11
3671,3233,290460,8
2722,3234,290698,8
-1082,3235,291893,9
5464,3236,292107,12
5838,3237,292369,11
3491,3238,292452,9
1139,3239,293526,11
7277,3240,293837,13
3457,3241,294189,10
2331,3242,294642,9
928,3243,295841,9
2503,3244,296431,9
7092,3245,296665,13
6945,3246,297031,13
6269,3247,297337,12
677,3248,297797,7
2452,3249,298110,8
1115,3250,298390,7
2441,3251,299659,11
2155,3252,299697,7
5474,3253,299991,11
593,3254,301585,12
2031,3255,302846,13
7187,3256,303134,14
1184,3257,303164,5
4272,3258,303369,9
3951,3259,303623,10
8536,3260,304223,16
2468,3261,304848,10
1553,3262,305438,8
3195,3263,305726,9
5052,3264,306372,13
2009,3265,306596,6
1612,3266,306617,6
3717,3267,306827,7
5474,3268,307206,12
3145,3269,307612,10
2692,3270,308845,12
-449,3271,309906,7
1164,3272,309936,5
6059,3273,310614,15
-6161,3274,313186,7
3722,3275,313462,9
3710,3276,313666,8
5063,3277,313949,9
595,3278,314260,6
-368,3279,315336,7
1125,3280,316242,10
-2494,3281,318093,9
2645,3282,318144,7
1968,3283,318190,5
1346,3284,319356,11
365,3285,319562,5
5355,3286,319772,13
968,3287,320099,6
-100,3288,320616,5
3625,3289,320843,10
-473,3290,322291,9
-1129,3291,323359,7
4519,3292,323642,10
4424,3293,324126,12
-94,3294,325213,9
-67,3295,326566,11
2831,3296,326724,7
3092,3297,327699,13
3989,3298,327815,8
244,3299,327990,5
4510,3300,328106,10
6190,3301,328299,11
5582,3302,328914,15
5449,3303,329417,13
3441,3304,329859,9
3147,3305,330115,9
5189,3306,330309,11
3913,3307,330959,12
5127,3308,331596,12
4374,3309,331967,11
652,3310,332157,5
4363,3311,332393,10
2405,3312,333031,9
5728,3313,333782,13
3436,3314,334018,9
1502,3315,334773,9
648,3316,334798,5
2838,3317,335429,9
1256,3318,335450,5
3234,3319,335896,10
2200,3320,336400,8
1100,3321,336431,5
4409,3322,336639,10
1261,3323,337099,7
2286,3324,337734,9
-1165,3325,339104,9
8480,3326,339734,17
5384,3327,340113,12
10290,3328,340814,18
924,3329,340874,5
947,3330,340888,5
3585,3331,341158,9
6818,3332,341711,15
2820,3333,341802,7
2761,3334,342505,11
2710,3335,342905,9
-1304,3336,344365,9
5490,3337,344739,13
1086,3338,344776,5
3324,3339,344988,10
5370,3340,345226,11
5291,3341,345528,11
2413,3342,345695,7
1161,3343,345716,5
4992,3344,346232,11
4931,3345,346333,10
5704,3346,346550,11
1511,3347,347172,9
3901,3348,347454,9
3008,3349,347653,7
5165,3350,348064,12
-2727,3351,349806,10
1626,3352,349827,6
4786,3353,350077,10
2394,3354,350746,10
5331,3355,350977,13
825,3356,351170,5
2613,3357,351203,7
-738,3358,351889,7
1730,3359,352197,7
2075,3360,352248,6
4101,3361,352481,9
-1181,3362,353353,6
7220,3363,354186,15
4063,3364,354412,9
1250,3365,354444,5
5476,3366,354640,9
629,3367,355669,10
2127,3368,355764,6
2448,3369,356113,9
-121,3370,356869,7
872,3371,356904,5
800,3372,357510,9
3554,3373,357710,8
4156,3374,358002,9
5370,3375,358208,10
4360,3376,358598,11
3499,3377,359057,9
6229,3378,359532,14
1350,3379,359704,6
4742,3380,359919,9
1096,3381,359945,5
5624,3382,360082,10
2191,3383,360150,7
1211,3384,360183,5
2690,3385,360894,10
2306,3386,361766,9
-1890,3387,363408,10
6271,3388,363913,12
1619,3389,364010,5
2161,3390,364880,10
2258,3391,365683,9
2799,3392,365918,8
3444,3393,366127,8
1727,3394,366290,6
4050,3395,367299,13
2116,3396,367642,8
4115,3397,368026,10
3949,3398,369263,12
2893,3399,369649,9
3501,3400,370385,11
1321,3401,370987,9
3119,3402,371395,9
4344,3403,371586,10
852,3404,372708,9
10532,3405,372976,16
801,3406,372991,5
2475,3407,373358,9
3112,3408,373710,9
1244,3409,373733,5
304,3410,374992,10
4840,3411,375098,11
4112,3412,375222,9
4278,3413,375460,10
-861,3414,377349,12
1774,3415,377378,6
7493,3416,377535,11
1432,3417,377560,5
3258,3418,378152,10
-1360,3419,378714,5
947,3420,379873,11
2909,3421,380091,8
2429,3422,380664,11
3434,3423,380837,9
4415,3424,381073,10
4405,3425,381205,10
6922,3426,381441,12
2182,3427,381482,7
4246,3428,381683,11
331,3429,381852,5
5079,3430,382495,12
-938,3431,383721,9
4495,3432,383956,11
3075,3433,383998,8
4120,3434,384404,10
-881,3435,384967,6
5119,3436,385166,10
1629,3437,385957,9
5570,3438,386387,12
4753,3439,386992,11
8745,3440,387375,15
2252,3441,387464,7
4256,3442,387629,9
995,3443,387734,5
2113,3444,388197,8
4509,3445,388390,10
-2163,3446,389307,5
2063,3447,390266,12
1215,3448,390295,5
3155,3449,390665,8
2113,3450,390812,7
3831,3451,391201,10
518,3452,391578,7
3930,3453,392392,13
-2264,3454,393125,5
2513,3455,393588,9
5757,3456,393767,10
1603,3457,393926,6
3193,3458,394342,9
914,3459,395554,9
2935,3460,396263,10
1723,3461,396817,9
3203,3462,397102,9
5822,3463,397411,11
1012,3464,397433,5
2176,3465,397511,6
4045,3466,397660,9
4608,3467,397808,10
5964,3468,397975,12
1924,3469,399119,12
1346,3470,399837,9
921,3471,399857,5
570,3472,400026,5
3487,3473,400227,7
6330,3474,400393,12
1968,3475,400658,8
4896,3476,400859,9
3193,3477,401038,9
932,3478,401067,5
4403,3479,401433,10
162,3480,401626,5
892,3481,401641,5
1244,3482,401664,5
2887,3483,401712,7
2643,3484,402264,9
4687,3485,402458,10
2713,3486,402676,8
2741,3487,403027,9
1696,3488,403691,9
-120,3489,404687,9
3356,3490,405083,11
3168,3491,405282,9
-1327,3492,406536,8
2102,3493,406890,8
2691,3494,407102,8
1253,3495,408287,12
-3714,3496,410082,10
886,3497,411106,10
6818,3498,411542,14
-6145,3499,413838,10
3626,3500,414229,10
-4664,3501,415634,7
-309,3502,416647,8
-5907,3503,418750,10
-2774,3504,420700,10
-6529,3505,423168,10
4948,3506,423525,10
-2900,3507,424914,9
-2397,3508,426635,11
-1889,3509,427910,9
4218,3510,428299,11
-48,3511,429338,9
3309,3512,430028,10
2663,3513,430443,9
-3347,3514,432763,12
1784,3515,433294,9
1691,3516,433901,9
3795,3517,434193,10
1032,3518,434981,9
5735,3519,435382,13
4651,3520,435858,11
3184,3521,436255,9
2393,3522,436459,8
706,3523,437220,11
3211,3524,437627,10
-803,3525,437990,5
4222,3526,438348,9
2954,3527,438941,11
-4178,3528,441283,10
3721,3529,441526,9
1170,3530,442492,11
729,3531,442668,6
-4836,3532,444827,11
-6991,3533,447582,9
4256,3534,447809,9
2783,3535,448160,9
3136,3536,448720,9
765,3537,449324,7
3976,3538,449615,10
361,3539,450655,9
2418,3540,451218,9
3040,3541,451439,8
-445,3542,451978,6
-10563,3543,455633,12
-480,3544,458027,16
-733,3545,459455,10
5563,3546,459935,13
-4814,3547,461741,9
1605,3548,462886,10
-1576,3549,464269,11
2069,3550,464363,6
2276,3551,465000,9
-206,3552,465880,9
835,3553,466271,7
1883,3554,466460,7
-13,3555,466762,5
805,3556,467216,7
-445,3557,468463,9
4294,3558,469335,12
4357,3559,469507,9
4412,3560,469901,10
-1130,3561,471205,10
-14260,3562,475571,11
-1513,3563,476894,9
5282,3564,477414,11
1020,3565,478215,10
1023,3566,479055,10
7204,3567,479291,11
4317,3568,479627,11
5000,3569,479727,10
-2903,3570,481594,10
7,3571,483208,12
2562,3572,483999,10
3672,3573,484387,11
4670,3574,484951,11
2226,3575,485307,9
3187,3576,485694,10
-2940,3577,487251,9
4892,3578,487658,13
4129,3579,488180,10
548,3580,489373,11
2434,3581,490129,10
1568,3582,490860,9
4850,3583,491253,10
201,3584,491787,7
4213,3585,492321,13
7217,3586,492715,13
3350,3587,493094,9
881,3588,493120,5
115,3589,494191,9
-2095,3590,496029,10
-4,3591,497137,10
45,3592,498423,9
2046,3593,500183,15
-7499,3594,503086,9
2515,3595,504140,12
3457,3596,504481,10
248,3597,505855,12
2475,3598,506237,9
1922,3599,506558,6
1197,3600,507475,10
-6191,3601,509898,9
5457,3602,510365,13
2218,3603,510400,7
1273,3604,511375,10
-1486,3605,513687,14
3877,3606,514217,10
3377,3607,514895,12
-1204,3608,516182,10
-2944,3609,518246,10
1156,3610,518267,5
4297,3611,518613,10
4039,3612,518767,9
3305,3613,519285,9
-2025,3614,520735,10
426,3615,521744,10
686,3616,521956,5
3052,3617,522333,10
1552,3618,522877,9
1878,3619,523466,9
3178,3620,524067,10
4118,3621,524402,10
1775,3622,525689,13
-4356,3623,527561,9
2158,3624,528025,9
1223,3625,529112,11
2297,3626,529768,11
-1105,3627,531734,12
259,3628,532716,10
2600,3629,533407,10
3776,3630,533902,9
-1230,3631,535562,10
-339,3632,537614,16
-4819,3633,539675,11
6098,3634,540374,13
2261,3635,541178,10
-1199,3636,542928,13
1565,3637,543481,10
1759,3638,543964,8
4667,3639,544146,10
4543,3640,544785,13
2305,3641,545316,9
1771,3642,546311,12
2744,3643,546834,10
-870,3644,548068,10
2842,3645,548593,10
-1972,3646,550054,9
3495,3647,550436,11
4600,3648,550646,9
115,3649,550790,5
-442,3650,552267,11
-180,3651,553381,11
363,3652,554221,10
2035,3653,554435,7
-1880,3654,555479,7
4345,3655,555840,11
3674,3656,556412,11
236,3657,557544,9
508,3658,558735,12
-5351,3659,560860,9
1444,3660,561552,10
185,3661,562641,9
689,3662,562685,5
-2265,3663,564097,9
7237,3664,565095,15
61,3665,566371,10
-5729,3666,568617,11
600,3667,569514,9
-28245,3668,576678,9
-6362,3669,578825,10
-5715,3670,580953,9
4248,3671,581272,12
-1166,3672,582427,10
2044,3673,583461,11
-1936,3674,584782,10
-4227,3675,587696,18
-3143,3676,589550,11
1655,3677,590668,12
-42,3678,591445,9
1012,3679,591467,5
583,3680,592148,9
2077,3681,592656,9
373,3682,593675,11
-569,3683,595026,9
-531,3684,595551,5
3824,3685,596172,11
2037,3686,596841,10
996,3687,596865,5
2421,3688,597550,11
-840,3689,597979,6
6046,3690,598727,13
4099,3691,599444,13
4182,3692,600447,13
1746,3693,601229,11
2843,3694,601801,9
-2919,3695,603658,12
2395,3696,603706,7
1888,3697,604167,8
-1108,3698,605337,9
1709,3699,605559,7
2380,3700,605683,7
1538,3701,606205,9
-89,3702,606854,7
-5178,3703,608485,9
1008,3704,608514,5
-466,3705,608793,5
3853,3706,609698,14
-611,3707,610011,5
136,3708,611107,10
4721,3709,611755,13
652,3710,613279,12
1687,3711,613779,9
1107,3712,613964,6
-3678,3713,615097,6
3606,3714,615601,10
190,3715,615777,5
-5417,3716,618472,13
2277,3717,619341,10
2893,3718,619888,9
1443,3719,620385,9
4331,3720,620537,9
2097,3721,621106,10
2918,3722,621773,10
-5197,3723,624211,11
3759,3724,624749,12
3752,3725,625319,13
3046,3726,625803,11
-4693,3727,628247,9
1242,3728,628699,7
-394,3729,629209,6
3582,3730,629752,10
72,3731,630541,8
1475,3732,630593,5
2578,3733,631074,9
1720,3734,631722,9
-5080,3735,633653,9
-4322,3736,635937,11
4321,3737,636939,15
-344,3738,637142,5
1092,3739,637166,5
2251,3740,637322,7
3752,3741,637487,8
-2744,3742,638762,9
2515,3743,639153,8
376,3744,640117,10
1929,3745,640787,10
-1073,3746,642348,13
2758,3747,643352,12
235,3748,644467,10
4566,3749,644943,11
-3261,3750,647637,14
-2011,3751,648477,6
-1490,3752,650077,12
2532,3753,650652,9
-2960,3754,651745,7
-719,3755,653162,11
-1945,3756,653800,6
-636,3757,654538,7
-2926,3758,655629,7
7490,3759,655952,12
3075,3760,656674,11
-8296,3761,659527,8
1170,3762,659827,7
-784,3763,660443,7
-375,3764,662031,11
-6173,3765,664668,10
-1406,3766,665839,9
3452,3767,666179,9
6157,3768,666800,11
-5279,3769,669011,11
-11059,3770,672918,11
6538,3771,673246,11
-54,3772,674329,10
400,3773,675357,11
5418,3774,676069,12
425,3775,676279,5
2416,3776,676863,10
-11521,3777,680528,10
-2806,3778,681841,8
-3334,3779,683401,7
-1046,3780,684080,6
163,3781,685099,11
1038,3782,685862,9
1675,3783,685964,7
5480,3784,686426,12
197,3785,687254,9
3049,3786,687583,8
2510,3787,688215,9
2844,3788,688399,7
2607,3789,688866,9
1177,3790,689330,8
-2237,3791,690969,9
899,3792,691105,5
-2785,3793,692765,9
5301,3794,693230,12
2239,3795,694311,12
1108,3796,694342,5
-3515,3797,696598,10
327,3798,697516,9
432,3799,698346,9
-838,3800,698653,5
5075,3801,699016,10
1798,3802,699673,9
3468,3803,700000,10
-5870,3804,702349,11
980,3805,702402,5
4087,3806,703002,11
149,3807,703177,5
4187,3808,703949,12
-1520,3809,705461,9
685,3810,705968,6
1207,3811,706907,10
-1457,3812,708022,9
3316,3813,708341,10
1671,3814,709144,10
5702,3815,709462,11
4025,3816,709851,10
2101,3817,710612,11
-1136,3818,711716,9
-10778,3819,715344,9
4979,3820,716471,16
-2301,3821,717882,9
-1174,3822,718923,8
-4560,3823,720878,9
1669,3824,721694,10
3877,3825,722040,10
2764,3826,722530,9
-11549,3827,726492,9
-267,3828,727331,9
-648,3829,728497,9
1521,3830,728872,8
963,3831,728988,5
-601,3832,730009,9
217,3833,730844,9
516,3834,731812,10
1912,3835,733067,13
969,3836,733124,5
-1596,3837,734802,11
6292,3838,735459,14
-141,3839,736616,10
3500,3840,737470,13
1695,3841,737979,10
-979,3842,739306,10
292,3843,739934,9
-887,3844,741143,10
4368,3845,741332,10
99,3846,742421,10
937,3847,743187,10
4006,3848,743553,10
4901,3849,744282,14
2343,3850,744912,10
-2134,3851,746039,9
-2590,3852,746730,5
-289,3853,747504,6
2543,3854,748049,8
108,3855,749048,10
743,3856,749653,8
-1663,3857,750306,5
2934,3858,750604,10
-925,3859,751460,9
-296,3860,752687,9
-10057,3861,755669,9
-372,3862,756525,9
2128,3863,757349,9
1059,3864,759249,14
660,3865,759400,5
796,3866,760467,11
1187,3867,761558,11
131,3868,762422,9
-5174,3869,764205,9
526,3870,765616,11
-2812,3871,767440,10
900,3872,767475,5
2528,3873,767797,9
1963,3874,768216,9
138,3875,768877,7
-473,3876,769805,9
653,3877,770607,9
1083,3878,771544,10
3742,3879,772072,12
3282,3880,772216,9
675,3881,772316,5
724,3882,772368,5
2961,3883,772807,8
2094,3884,773171,8
2129,3885,773620,9
-1773,3886,774820,9
4167,3887,775517,11
-355,3888,776442,9
235,3889,776859,7
3074,3890,777216,9
2384,3891,777642,9
4387,3892,778138,10
-935,3893,779405,10
-6622,3894,781600,10
-2898,3895,783501,11
95,3896,784156,8
3296,3897,784453,9
4302,3898,784621,9
-583,3899,785748,9
-867,3900,786215,5
1029,3901,786535,6
2674,3902,787158,9
2782,3903,787711,11
1496,3904,788350,9
-867,3905,788772,5
-1402,3906,789739,9
-2680,3907,790916,7
3890,3908,791211,9
444,3909,792030,9
1762,3910,792849,11
1756,3911,793654,10
5622,3912,793981,10
5379,3913,794177,10
3110,3914,795216,13
3025,3915,796045,10
1665,3916,797064,12
2650,3917,797527,9
2240,3918,798161,9
678,3919,798349,5
-1000,3920,798872,5
2827,3921,799183,9
3118,3922,799502,9
-6,3923,800555,9
-3407,3924,801906,8
-1547,3925,802699,6
-3473,3926,804438,9
3872,3927,804983,10
-2050,3928,806670,10
2385,3929,807393,10
2471,3930,807720,8
1972,3931,808436,11
1275,3932,809315,9
2894,3933,810009,11
1451,3934,810485,8
1554,3935,811103,9
240,3936,811146,5
2415,3937,811770,11
-509,3938,812779,9
1496,3939,813534,10
-651,3940,815023,11
-476,3941,816201,10
-6654,3942,819086,12
-472,3943,819958,9
5101,3944,820403,13
907,3945,821215,9
73,3946,821915,9
785,3947,822083,5
-4659,3948,824504,10
2093,3949,824970,10
-4617,3950,826183,5
88,3951,826487,6
2748,3952,827006,9
-718,3953,827342,5
-6396,3954,830312,11
231,3955,830355,5
-10670,3956,834378,11
41,3957,835853,11
1582,3958,836121,7
-633,3959,837908,12
-16239,3960,842750,9
4570,3961,843148,11
-112,3962,844176,10
-6366,3963,847192,10
1009,3964,847221,5
1835,3965,848358,13
-3022,3966,849767,7
-1938,3967,851796,10
2170,3968,852442,9
1965,3969,852919,9
-1204,3970,854091,10
865,3971,854359,6
1294,3972,854398,5
215,3973,854637,5
1751,3974,855417,9
1633,3975,855965,9
1519,3976,856775,10
-4284,3977,859546,12
3157,3978,860604,11
-2180,3979,861785,8
3401,3980,862348,12
2085,3981,862811,10
-1334,3982,864160,11
321,3983,864266,5
6200,3984,865542,18
561,3985,866852,10
4378,3986,867139,9
896,3987,867869,9
-1028,3988,869142,10
1754,3989,869939,10
1841,3990,871181,10
3425,3991,871536,9
-2055,3992,872347,6
1950,3993,872931,9
-19,3994,873704,9
2723,3995,874519,10
508,3996,874655,5
3520,3997,874782,7
4529,3998,875103,9
-1363,3999,877294,13
-5501,4000,879827,12
5485,4001,880241,11
-5074,4002,882625,9
-1235,4003,883860,8
4074,4004,884167,9
-2877,4005,886092,11
4478,4006,886270,9
-1140,4007,887341,9
671,4008,888215,10
1808,4009,888672,8
4553,4010,888999,9
1615,4011,890022,9
1534,4012,890724,9
-6196,4013,892899,10
1244,4014,893152,6
5281,4015,893337,10
660,4016,893460,5
-6,4017,895002,13
745,4018,895743,9
2242,4019,896946,13
-871,4020,897883,8
3394,4021,898260,10
1505,4022,898795,9
1344,4023,899520,10
-1073,4024,900554,9
3690,4025,901734,14
-2402,4026,903092,9
1258,4027,903955,11
785,4028,905106,10
3644,4029,905357,10
757,4030,905882,7
2702,4031,906029,7
1308,4032,906595,9
-1888,4033,907496,7
-714,4034,908835,11
38,4035,909830,9
-1253,4036,910217,5
-326,4037,910537,6
-4827,4038,913205,10
1731,4039,914188,10
-1160,4040,915406,9
-5916,4041,917925,9
-191,4042,919359,10
-220,4043,920178,7
2112,4044,920864,11
3785,4045,921364,10
3158,4046,922089,11
-2387,4047,923536,10
3441,4048,923673,10
1161,4049,924563,10
538,4050,924699,5
2235,4051,924813,6
2308,4052,925404,9
-4890,4053,927297,9
287,4054,928144,10
-2449,4055,930588,15
1415,4056,931162,9
2600,4057,931241,6
2159,4058,931924,9
1264,4059,932888,9
1238,4060,933650,10
-3358,4061,934957,9
-6389,4062,937205,9
2528,4063,937783,9
3011,4064,938329,9
-336,4065,939561,10
-508,4066,941150,12
2423,4067,941718,10
-1389,4068,942577,7
694,4069,942678,5
-1516,4070,943767,9
3280,4071,944119,9
-268,4072,945048,8
1779,4073,945643,8
2152,4074,946848,12
2717,4075,947415,10
3477,4076,947807,9
5042,4077,947957,10
6069,4078,948505,14
-521,4079,950282,14
240,4080,950325,5
3821,4081,950638,11
-3073,4082,952459,13
-3563,4083,954343,10
-784,4084,955295,9
-272,4085,956209,9
1398,4086,956360,6
-797,4087,956884,6
5690,4088,957140,10
4258,4089,957505,10
-1109,4090,958299,7
2183,4091,958867,9
1037,4092,958910,5
1408,4093,961189,17
5631,4094,961548,12
2929,4095,962009,10
2057,4096,962743,10
1489,4097,963604,9
2509,4098,963906,9
906,4099,964669,9
-57,4100,965716,11
3207,4101,966333,12
3145,4102,967011,11
2925,4103,967771,10
727,4104,968664,9
3432,4105,968961,10
3086,4106,969372,9
1103,4107,969980,9
654,4108,971293,11
2090,4109,971670,8
401,4110,973439,13
361,4111,974228,9
1339,4112,974933,10
2109,4113,976017,10
55,4114,976611,7
2446,4115,976861,9
2052,4116,976992,5
1376,4117,977110,5
1520,4118,977442,7
3513,4119,977702,9
1828,4120,977754,5
-3508,4121,979741,11
2735,4122,980150,9
3293,4123,980581,9
2289,4124,981310,11
5448,4125,981944,11
529,4126,983117,10
5952,4127,983672,13
5294,4128,983929,10
411,4129,985082,11
4419,4130,985964,12
6193,4131,986512,14
1859,4132,987031,9
2559,4133,987420,8
2059,4134,988110,10
641,4135,989787,13
1754,4136,990073,6
621,4137,991006,10
-584,4138,992204,10
3299,4139,992357,9
815,4140,993104,9
3085,4141,993483,9
3186,4142,993805,9
3112,4143,993984,9
5529,4144,994404,11
3585,4145,994684,10
2424,4146,995255,9
261,4147,996026,9
1276,4148,996390,7
946,4149,997120,9
-1481,4150,998289,9
1427,4151,999141,11
2318,4152,999790,9
3601,4153,1000372,11
1009,4154,1000480,5
1272,4155,1001275,11
649,4156,1001366,5
4395,4157,1001613,9
5141,4158,1001790,9
3614,4159,1002209,9
2361,4160,1003734,16
-1253,4161,1004701,9
1123,4162,1004847,5
1672,4163,1005519,9
1805,4164,1006055,9
-390,4165,1006766,7
673,4166,1007539,9
2409,4167,1008143,10
698,4168,1008471,6
5200,4169,1008784,11
5143,4170,1009548,14
-2085,4171,1010987,9
2024,4172,1011634,9
841,4173,1011763,5
1286,4174,1011860,6
2236,4175,1013437,15
1229,4176,1014436,10
3061,4177,1015124,12
560,4178,1016043,9
1562,4179,1016717,9
-5165,4180,1018653,9
4537,4181,1019678,14
401,4182,1019804,5
1929,4183,1020537,10
2797,4184,1021284,11
3960,4185,1021712,11
-374,4186,1022935,10
1168,4187,1024072,10
1326,4188,1025300,11
6524,4189,1025935,15
1320,4190,1027981,15
-65,4191,1028983,9
3588,4192,1029224,9
1666,4193,1029331,6
1928,4194,1029456,7
2681,4195,1029952,9
2649,4196,1030268,9
-574,4197,1031248,9
-321,4198,1032995,13
3747,4199,1034129,15
814,4200,1034160,5
1384,4201,1034204,5
3142,4202,1034296,7
3489,4203,1035293,13
2495,4204,1035792,9
3563,4205,1036387,10
-623,4206,1037651,10
4248,4207,1038133,11
-683,4208,1038725,6
-542,4209,1039871,10
2155,4210,1040308,8
4024,4211,1040741,9
1465,4212,1041894,12
57,4213,1042059,5
2814,4214,1042712,11
2161,4215,1043431,9
-892,4216,1044535,9
2234,4217,1044989,9
199,4218,1045113,5
4607,4219,1045394,10
3356,4220,1046098,10
2197,4221,1047644,16
3946,4222,1048529,13
5829,4223,1050319,22
456,4224,1051169,9
4450,4225,1051672,12
861,4226,1051709,5
3316,4227,1052712,14
5825,4228,1053176,12
4552,4229,1053414,11
4505,4230,1053683,10
1739,4231,1053815,6
-94,4232,1055376,13
1536,4233,1055414,5
901,4234,1055651,5
1101,4235,1056101,8
-455,4236,1057177,10
281,4237,1058099,10
3017,4238,1058852,12
5459,4239,1060121,15
-6008,4240,1062234,10
2947,4241,1063571,14
3352,4242,1065113,19
4809,4243,1066385,17
414,4244,1067769,13
753,4245,1069179,11
2639,4246,1069770,11
-342,4247,1070501,7
4223,4248,1070772,10
2534,4249,1071342,10
-9252,4250,1074766,12
2979,4251,1076067,14
1820,4252,1077223,11
2414,4253,1077876,10
-121,4254,1078998,9
-14678,4255,1084031,15
2056,4256,1084783,9
687,4257,1084916,5
1668,4258,1085045,5
-1055,4259,1085717,6
1280,4260,1085837,5
2444,4261,1085985,7
3284,4262,1086513,9
-931,4263,1087542,9
4644,4264,1088866,14
-43021,4265,1098865,8
-27936,4266,1106974,13
602,4267,1108125,11
-5370,4268,1110301,10
3240,4269,1110550,9
3243,4270,1111125,10
3740,4271,1111385,9
-1615,4272,1112538,9
1872,4273,1113887,15
3773,4274,1114486,12
-14816,4275,1118864,9
-4641,4276,1120921,10
1081,4277,1121810,11
3698,4278,1121985,9
-202,4279,1122260,5
762,4280,1122405,5
3018,4281,1122607,7
2286,4282,1123229,10
-160,4283,1125073,14
2499,4284,1126051,12
6301,4285,1126523,12
-28362,4286,1134895,16
-10000,4287,1138792,11
-10234,4288,1142104,9
5927,4289,1142279,10
-10102,4290,1145693,10
685,4291,1145839,5
983,4292,1145935,5
1127,4293,1146068,5
2734,4294,1146719,10
3626,4295,1147034,10
691,4296,1147946,9
-1452,4297,1149338,11
-45364,4298,1159337,4
-39997,4299,1169336,12
-12754,4300,1173660,12
-2332,4301,1175441,12
3458,4302,1176340,12
3404,4303,1177003,10
-848,4304,1177708,7
1190,4305,1177837,5
-1357,4306,1178418,5
1218,4307,1178537,5
4127,4308,1178831,9
2926,4309,1178981,7
1499,4310,1179603,10
2334,4311,1179968,9
-15738,4312,1184994,14
1986,4313,1186727,15
2043,4314,1187857,14
119,4315,1189713,14
2532,4316,1190414,10
2310,4317,1190956,10
1603,4318,1191922,12
492,4319,1192986,10
3381,4320,1193270,9
-8090,4321,1195752,9
4146,4322,1196174,10
-407,4323,1197136,9
3797,4324,1197408,10
4396,4325,1197979,12
1706,4326,1199336,14
-11595,4327,1203125,11
2661,4328,1203263,8
-7336,4329,1206681,14
3730,4330,1207186,10
-4243,4331,1209324,9
3464,4332,1209754,10
-342,4333,1211797,15
4535,4334,1213652,18
-40772,4335,1223651,8
2957,4336,1224092,9
3313,4337,1224485,9
1621,4338,1225254,9
437,4339,1226088,10
1380,4340,1226946,10
2967,4341,1227434,11
-3496,4342,1229154,10
2211,4343,1230321,14
1482,4344,1231530,11
868,4345,1232545,10
104,4346,1233469,9
1299,4347,1234334,10
2605,4348,1236502,18
-9230,4349,1240658,13
-2519,4350,1242507,10
5173,4351,1243087,11
1947,4352,1243364,7
-115,4353,1243608,5
2604,4354,1244182,10
2381,4355,1244657,9
-1380,4356,1245738,9
-39174,4357,1255737,13
-9211,4358,1259245,13
3767,4359,1260186,13
1732,4360,1261355,11
2167,4361,1262168,11
807,4362,1262968,9
3017,4363,1263153,9
415,4364,1263265,5
3615,4365,1263576,9
-5489,4366,1265423,9
5351,4367,1265964,13
409,4368,1266879,9
-36130,4369,1276878,14
-19262,4370,1282738,13
2736,4371,1283417,10
590,4372,1284119,9
1628,4373,1285655,15
2538,4374,1286245,10
-6643,4375,1289575,13
2228,4376,1289978,9
3136,4377,1290393,9
1944,4378,1290790,9
2540,4379,1291124,9
-2266,4380,1292762,10
4711,4381,1294224,16
-18554,4382,1301780,19
-14711,4383,1305587,6
1429,4384,1306268,9
-101,4385,1306910,8
2342,4386,1307469,9
-592,4387,1309008,12
2975,4388,1310698,15
-31277,4389,1319050,12
-1542,4390,1319976,8
2528,4391,1320348,9
127,4392,1320556,5
401,4393,1320727,5
1069,4394,1320849,5
1625,4395,1320885,6
784,4396,1321231,6
1305,4397,1321273,5
969,4398,1321470,5
1172,4399,1322224,9
1348,4400,1322975,9
-40594,4401,1332974,10
-41146,4402,1342973,10
-42547,4403,1352972,8
-9567,4404,1357194,13
-23047,4405,1363153,10
1318,4406,1363582,7
1254,4407,1363706,5
1905,4408,1364245,10
3890,4409,1364602,9
3171,4410,1365324,9
1409,4411,1367118,16
-42900,4412,1377117,9
-13585,4413,1381113,9
-2937,4414,1383192,13
6074,4415,1384228,16
-9516,4416,1388502,15
-3992,4417,1390607,12
3863,4418,1391058,10
2172,4419,1392231,14
-3982,4420,1393940,9
3819,4421,1394393,11
-2789,4422,1396933,13
1334,4423,1399078,15
821,4424,1399961,11
4953,4425,1400757,13
-16224,4426,1406252,12
-388,4427,1406747,6
782,4428,1406777,5
1835,4429,1406910,6
-480,4430,1408349,11
3716,4431,1408676,9
1013,4432,1410381,15
-12280,4433,1414721,14
3802,4434,1416462,18
-2822,4435,1418583,11
2660,4436,1419449,11
-7179,4437,1422517,14
-11289,4438,1426520,12
4599,4439,1427254,12
2634,4440,1427741,9
588,4441,1427880,5
-871,4442,1429508,13
6485,4443,1431246,19
1065,4444,1432977,14
-6097,4445,1436006,14
2092,4446,1436645,11
3485,4447,1437160,10
4824,4448,1438196,14
-3900,4449,1441385,17
-18304,4450,1446240,9
4046,4451,1446514,9
553,4452,1447666,9
-1981,4453,1448807,9
4549,4454,1449116,11
-24465,4455,1455894,15
1957,4456,1456417,8
939,4457,1456555,5
613,4458,1456671,5
-1109,4459,1457119,5
1789,4460,1457277,7
357,4461,1457935,7
-513,4462,1458810,8
2218,4463,1459124,8
3557,4464,1459609,10
2365,4465,1460468,11
-38967,4466,1470467,12
-36464,4467,1480466,14
-16773,4468,1485141,12
823,4469,1485296,5
876,4470,1485514,6
1870,4471,1485566,5
2460,4472,1486616,11
4066,4473,1488488,19
-17666,4474,1494027,11
2192,4475,1495438,13
1389,4476,1496276,10
3543,4477,1496808,10
3164,4478,1497808,12
-190,4479,1499202,10
1958,4480,1500695,14
-13312,4481,1505699,14
-7575,4482,1508517,11
-652,4483,1509821,9
-508,4484,1510875,9
3112,4485,1511348,9
2453,4486,1511785,9
326,4487,1512718,9
-1193,4488,1513955,9
2026,4489,1514725,11
3971,4490,1515067,10
2415,4491,1516702,13
-40931,4492,1526701,10
5572,4493,1527296,12
636,4494,1527760,6
3396,4495,1527887,7
2558,4496,1528458,9
-769,4497,1528920,5
2894,4498,1529945,14
-6457,4499,1534337,18
-40325,4500,1544336,9
-29407,4501,1552077,11
863,4502,1553070,9
-92,4503,1553945,9
2332,4504,1555244,14
4035,4505,1556190,13
-476,4506,1557717,11
-37719,4507,1567185,11
2380,4508,1569084,14
118,4509,1570355,12
-844,4510,1571666,9
1418,4511,1571796,5
822,4512,1572116,7
2879,4513,1572369,9
4624,4514,1573029,11
974,4515,1574168,13
1969,4516,1574989,11
-2026,4517,1576511,11
3899,4518,1577312,12
-560,4519,1579341,15
-446,4520,1581164,13
4083,4521,1581752,12
5301,4522,1582007,11
3234,4523,1582253,9
272,4524,1582739,7
2186,4525,1583354,9
-3658,4526,1585372,11
-2554,4527,1587987,16
-37918,4528,1597714,13
-5224,4529,1599962,10
1757,4530,1601308,13
3621,4531,1601567,9
3087,4532,1601940,9
124,4533,1603090,11
-2223,4534,1605213,12
3232,4535,1606336,13
-40385,4536,1616335,10
931,4537,1618010,13
1701,4538,1618517,9
2151,4539,1619018,9
4135,4540,1619490,11
720,4541,1620181,9
3050,4542,1620772,10
2226,4543,1621464,10
2876,4544,1622249,11
-13826,4545,1626901,12
2970,4546,1627766,10
-1109,4547,1628936,9
2236,4548,1629415,8
-1977,4549,1630739,11
3248,4550,1631468,11
-1664,4551,1633172,11
2975,4552,1634213,13
4033,4553,1634560,9
1556,4554,1635880,11
-8731,4555,1639054,12
3760,4556,1639462,10
2989,4557,1640140,11
2457,4558,1640722,11
4022,4559,1641018,9
1627,4560,1642093,12
183,4561,1642976,10
2100,4562,1643807,9
2167,4563,1644772,10
10664,4564,1645923,21
484,4565,1647006,11
-11450,4566,1652387,18
-2430,4567,1654134,11
4310,4568,1654389,11
-9591,4569,1657571,11
2760,4570,1658112,9
-4329,4571,1660138,12
-3457,4572,1662328,13
-17671,4573,1667356,10
1084,4574,1667476,5
200,4575,1667796,5
1741,4576,1668955,11
-156,4577,1670413,13
2334,4578,1671514,12
-45982,4579,1681513,4
-22628,4580,1687511,10
-3191,4581,1688988,9
1045,4582,1689103,5
1253,4583,1689150,5
2178,4584,1689690,9
3900,4585,1690353,11
2761,4586,1691424,12
2315,4587,1692213,10
-422,4588,1693527,11
-9605,4589,1697953,14
-24729,4590,1704400,9
990,4591,1705142,9
-3909,4592,1707421,11
-24683,4593,1715228,16
643,4594,1716303,11
1108,4595,1717305,11
873,4596,1718689,12
3586,4597,1719157,10
3577,4598,1719590,10
3911,4599,1720606,14
3295,4600,1721184,9
-4607,4601,1723577,11
1185,4602,1725231,14
8475,4603,1725737,15
-2299,4604,1727341,10
-772,4605,1727709,5
827,4606,1727830,5
-383,4607,1728283,5
2683,4608,1729036,10
1581,4609,1729871,11
1854,4610,1730787,9
-43974,4611,1740786,6
-5066,4612,1743520,12
2420,4613,1744422,9
-1374,4614,1746013,11
3833,4615,1746466,10
967,4616,1748499,14
2930,4617,1749361,11
-4042,4618,1752267,15
1717,4619,1753739,13
96,4620,1754653,9
1002,4621,1755252,9
4393,4622,1755662,11
-626,4623,1757088,10
5365,4624,1757549,13
6200,4625,1758917,18
-11408,4626,1763172,13
-4631,4627,1765151,10
2214,4628,1766247,11
-733,4629,1767718,11
-1463,4630,1769149,10
2078,4631,1770265,11
-17647,4632,1776264,13
1262,4633,1777737,12
3721,4634,1778015,10
1476,4635,1780041,16
3127,4636,1780685,9
1419,4637,1780729,5
1439,4638,1781544,9
1799,4639,1782302,10
2487,4640,1783074,11
2114,4641,1785456,18
-9046,4642,1789541,15
3478,4643,1790737,16
1249,4644,1791381,9
-151,4645,1792776,12
-5778,4646,1794665,9
-4972,4647,1798037,18
-26893,4648,1806451,15
-3276,4649,1808863,12
-920,4650,1809946,10
3531,4651,1810239,9
-18412,4652,1816425,15
-3821,4653,1818381,11
-767,4654,1818832,5
6589,4655,1819196,13
668,4656,1819318,5
4083,4657,1819600,10
1840,4658,1820367,11
2985,4659,1820840,9
4468,4660,1821308,11
7359,4661,1822678,18
-19101,4662,1827867,9
-18915,4663,1832991,10
2376,4664,1833552,9
-958,4665,1833942,5
1498,4666,1833977,5
1015,4667,1834398,8
-1843,4668,1835317,7
660,4669,1835739,7
-2441,4670,1837450,10
4500,4671,1837925,10
4279,4672,1839004,14
-46507,4673,1849003,3
3783,4674,1849304,9
3812,4675,1849565,9
1443,4676,1849713,6
1867,4677,1850020,8
4104,4678,1850547,9
-66,4679,1851369,9
3514,4680,1851902,10
4232,4681,1852235,10
4899,4682,1852564,12
-2387,4683,1854969,14
-44013,4684,1864968,6
-44610,4685,1874967,6
-1803,4686,1876058,9
3834,4687,1876334,10
-2116,4688,1877528,9
2376,4689,1878801,13
-242,4690,1879845,9
-8555,4691,1883922,14
-4303,4692,1885963,10
1822,4693,1886109,7
-2169,4694,1887059,6
2305,4695,1887349,7
4707,4696,1888637,16
-7177,4697,1891739,11
-171,4698,1893925,13
2009,4699,1894754,9
1512,4700,1895385,8
569,4701,1896256,9
-18229,4702,1902173,16
4985,4703,1903342,16
5064,4704,1904016,15
5175,4705,1904724,14
2386,4706,1905720,12
-2416,4707,1906971,9
-5135,4708,1908972,9
170,4709,1909868,10
5882,4710,1910317,12
3413,4711,1910935,9
4643,4712,1911495,12
-24951,4713,1919017,14
-2366,4714,1920925,11
2456,4715,1921955,11
3650,4716,1922461,11
6016,4717,1923063,13
1551,4718,1924551,14
-16931,4719,1930189,12
2220,4720,1932063,15
3409,4721,1932759,10
1653,4722,1933278,9
-4717,4723,1935123,9
989,4724,1936022,9
820,4725,1936282,6
2762,4726,1937425,14
588,4727,1938221,9
-3025,4728,1940052,11
-24642,4729,1947789,15
1891,4730,1948631,11
3563,4731,1949030,9
3236,4732,1950457,15
2859,4733,1951338,11
1387,4734,1951886,9
257,4735,1952737,9
-37,4736,1954284,13
3553,4737,1956116,17
1637,4738,1957461,12
616,4739,1958449,10
2472,4740,1959612,12
-1282,4741,1960099,5
3502,4742,1960664,11
3068,4743,1960953,8
-5175,4744,1962964,9
134,4745,1964326,10
2573,4746,1964923,10
-2478,4747,1966872,11
1546,4748,1968220,12
-6158,4749,1971568,13
2193,4750,1972382,10
-131,4751,1973667,11
1325,4752,1974800,11
3922,4753,1975342,11
-7722,4754,1978768,14
-2805,4755,1980575,10
3497,4756,1980731,8
1394,4757,1982044,12
2863,4758,1982439,10
-5981,4759,1984673,9
-7700,4760,1988182,14
-1412,4761,1989658,11
-2836,4762,1991283,9
630,4763,1991503,5
1352,4764,1991550,5
4227,4765,1991698,9
357,4766,1991821,5
1201,4767,1991854,5
385,4768,1992472,7
2309,4769,1992976,9
2081,4770,1993345,8
-4790,4771,1995733,12
-38045,4772,2005732,16
-41281,4773,2015731,8
-6043,4774,2018064,9
3562,4775,2018225,9
2718,4776,2018531,9
829,4777,2018681,5
2634,4778,2019289,11
1911,4779,2019734,9
4953,4780,2020188,11
-1110,4781,2022486,14
-1628,4782,2024770,15
-22729,4783,2030959,11
1487,4784,2032025,10
2180,4785,2032180,7
3842,4786,2032875,11
4705,4787,2033237,11
4072,4788,2033511,10
1907,4789,2033983,9
1935,4790,2034559,9
3975,4791,2035315,12
2184,4792,2036657,14
-356,4793,2038357,13
2833,4794,2039678,14
-2105,4795,2041893,12
2566,4796,2043120,12
-1827,4797,2044655,10
1221,4798,2045710,10
-615,4799,2047065,11
6997,4800,2047516,12
3494,4801,2047982,9
-28773,4802,2056145,14
2634,4803,2056553,8
3463,4804,2056804,9
2535,4805,2057274,10
-29590,4806,2065689,15
-4888,4807,2067697,9
-1141,4808,2068909,9
-198,4809,2069655,9
2745,4810,2070154,9
2435,4811,2070703,10
5704,4812,2071357,14
4201,4813,2073023,18
4049,4814,2073663,11
8208,4815,2074249,15
-36357,4816,2084248,13
-23247,4817,2090833,14
4889,4818,2091388,14
1611,4819,2091984,10
-3064,4820,2095274,19
-1966,4821,2096720,10
1647,4822,2097306,9
1490,4823,2097414,6
2274,4824,2097594,7
1793,4825,2097787,7
4058,4826,2098106,9
-41097,4827,2108105,13
-39049,4828,2116705,5
704,4829,2116828,5
208,4830,2117883,9
5206,4831,2119066,14
3578,4832,2120347,15
-44878,4833,2130346,7
-47437,4834,2140345,3
-26152,4835,2147797,15
-5039,4836,2150136,11
3800,4837,2150493,10
-12460,4838,2154732,15
2934,4839,2155688,12
2295,4840,2156758,12
2729,4841,2157324,10
979,4842,2158474,11
1089,4843,2159335,9
-1152,4844,2160335,9
-29723,4845,2168603,16
-1147,4846,2169614,8
4434,4847,2170015,11
1935,4848,2170220,7
3070,4849,2170530,8
2014,4850,2171578,12
-42509,4851,2181577,7
-46911,4852,2191576,3
-20810,4853,2197557,13
-1822,4854,2199345,12
3724,4855,2199796,12
2309,4856,2200249,9
7321,4857,2202745,22
-44747,4858,2212744,5
-3532,4859,2215759,15
-2561,4860,2218252,15
-40221,4861,2228251,12
-43330,4862,2238250,6
-4203,4863,2239325,5
739,4864,2239822,7
-1207,4865,2241666,13
11693,4866,2243143,24
-10926,4867,2248721,19
-4355,4868,2251483,14
-16199,4869,2257125,16
3715,4870,2258479,17
-47483,4871,2268478,4
-46563,4872,2278477,6
2988,4873,2278926,8
-7847,4874,2280853,5
-966,4875,2281632,7
8451,4876,2282715,15
-43257,4877,2292714,9
-48601,4878,2302713,3
-28990,4879,2309092,5
-4312,4880,2310680,7
-4049,4881,2313241,13
-28564,4882,2321248,13
-1180,4883,2321714,5
-5339,4884,2323591,7
-45456,4885,2333590,5
-41978,4886,2342993,7
-29072,4887,2351140,15
-5225,4888,2352776,6
-891,4889,2353618,6
-36348,4890,2361929,8
-4360,4891,2363158,5
-45880,4892,2373157,4
-48844,4893,2383156,3
-38846,4894,2393155,12
-12643,4895,2396240,7
-45757,4896,2406239,5
-26778,4897,2412120,5
-817,4898,2413873,11
-35776,4899,2423872,15
-45654,4900,2433871,7
-46855,4901,2443870,4
789,4902,2444984,10
-33732,4903,2452424,5
-46409,4904,2462423,5
-9324,4905,2465134,8
-43925,4906,2475133,4
-41976,4907,2485003,10
-40680,4908,2495002,13
-7141,4909,2496980,6
-2405,4910,2498049,7
1036,4911,2498201,5
951,4912,2498228,5
-2191,4913,2499525,9
-44170,4914,2509524,6
-47629,4915,2519523,3
-47556,4916,2529522,3
-23508,4917,2535824,10
-7320,4918,2537753,5
821,4919,2539406,14
-46585,4920,2549405,5
-46234,4921,2559404,4
-47553,4922,2569403,3
-46750,4923,2579402,3
-44604,4924,2589401,6
-45939,4925,2599400,6
-48349,4926,2609399,3
-42920,4927,2618681,6
-45141,4928,2628680,7
-47898,4929,2638679,3
-47515,4930,2648678,5
-7687,4931,2650929,7
-7611,4932,2652938,6
-19505,4933,2657994,11
-46758,4934,2667993,4
-9043,4935,2671569,15
-36816,4936,2680531,12
-8992,4937,2683722,10
-45861,4938,2693721,5
-38114,4939,2701850,5
-30559,4940,2709140,10
-6234,4941,2712565,15
-33355,4942,2719693,6
-39544,4943,2728201,5
-48815,4944,2738200,3
-45470,4945,2748199,3
-41548,4946,2758198,13
-46525,4947,2768197,6
-28154,4948,2775058,9
3899,4949,2775975,13
-6546,4950,2777932,6
-47553,4951,2787931,3
-8747,4952,2789866,5
-10161,4953,2792705,10
-39064,4954,2802704,14
-41856,4955,2812703,14
-30949,4956,2820612,14
-3084,4957,2822429,10
-5905,4958,2823888,5
-39006,4959,2833887,10
-45098,4960,2843886,10
-5557,4961,2845544,6
-43144,4962,2854792,9
-360,4963,2855264,6
-40915,4964,2865263,12
-38733,4965,2874575,12
-714,4966,2875832,9
4623,4967,2876755,13
-46315,4968,2886754,4
-46756,4969,2896753,7
-22202,4970,2901791,9
-4576,4971,2903962,12
-47617,4972,2913961,4
-48449,4973,2923960,3
-16047,4974,2928013,11
-303,4975,2928920,7
-32664,4976,2935956,6
-5059,4977,2937499,8
-46145,4978,2947498,7
-26000,4979,2953918,12
-15044,4980,2957467,10
-45397,4981,2967466,5
-25773,4982,2974598,15
-16942,4983,2978789,10
-45151,4984,2988788,12
8291,4985,2990158,20
-1645,4986,2992246,14
-12323,4987,2995543,10
-51392,4988,3005542,4
-46566,4989,3015541,4
-10614,4990,3017799,5
-6653,4991,3019799,8
-9288,4992,3021909,6
3735,4993,3024376,20
-28123,4994,3030773,8
-2954,4995,3031698,6
-838,4996,3032264,6
-8495,4997,3034373,7
-5325,4998,3037384,15
-17702,4999,3042234,13
-622,5000,3043540,10
-7815,5001,3046446,12
735,5002,3047962,14
-11379,5003,3052355,19
-3978,5004,3053714,8
-1694,5005,3055765,15
-2438,5006,3058425,18
-16450,5007,3061877,6
-20733,5008,3067915,22
-1484,5009,3070107,15
-653,5010,3071884,15
-12137,5011,3074898,9
-2193,5012,3076328,10
-3550,5013,3080017,24
-5651,5014,3082377,13
-514,5015,3083257,8
-8020,5016,3085013,6
-15834,5017,3089601,15
-4051,5018,3091481,10
297,5019,3091997,7
-16630,5020,3096552,14
-7240,5021,3099160,12
-5726,5022,3100933,8
-13544,5023,3104480,9
-449,5024,3105577,11
-1051,5025,3106753,10
-16704,5026,3110480,7
-6545,5027,3113261,13
-1061,5028,3115632,17
-247,5029,3116516,9
3510,5030,3118286,19
-18277,5031,3123831,12
-17646,5032,3129044,16
-3852,5033,3130147,6
-7066,5034,3133215,16
2294,5035,3134351,13
-12174,5036,3140259,23
-1635,5037,3142066,12
588,5038,3142395,6
-9656,5039,3146696,20
-2514,5040,3149041,14
3901,5041,3149981,14
-4436,5042,3151989,13
799,5043,3152723,9
-5604,5044,3154831,10
-20016,5045,3160918,19
-33287,5046,3169167,14
-2569,5047,3171893,17
-12553,5048,3175367,11
-9615,5049,3178552,13
-2268,5050,3181736,21
-12152,5051,3184453,5
-18846,5052,3188864,10
-3545,5053,3191135,13
4852,5054,3192585,19
-17133,5055,3199591,25
-4158,5056,3201253,9
2237,5057,3201817,9
-599,5058,3202319,6
-5433,5059,3203678,6
-6547,5060,3205079,5
-3789,5061,3206102,6
-2509,5062,3208677,17
-10202,5063,3211590,11
-18061,5064,3216546,12
-14859,5065,3222667,23
-34110,5066,3230880,14
-11878,5067,3233252,5
-10611,5068,3236798,14
-21940,5069,3242985,15
-2303,5070,3245917,18
-23004,5071,3253862,25
8290,5072,3255973,27
-12197,5073,3260946,21
-8984,5074,3263508,11
-11829,5075,3265855,5
-2102,5076,3267075,9
-48937,5077,3277074,6
-25486,5078,3284024,19
-23284,5079,3291423,20
13181,5080,3292373,25
-26311,5081,3297798,5
-5251,5082,3299463,7
-1847,5083,3300990,10
-23679,5084,3307865,20
-1986,5085,3311833,22
-6795,5086,3316140,20
11544,5087,3317051,23
-4409,5088,3320988,24
-13315,5089,3324496,11
3436,5090,3325436,13
-13692,5091,3330827,23
-31141,5092,3338273,12
-19519,5093,3343182,13
-28442,5094,3349237,12
-2322,5095,3349853,5
997,5096,3350228,7
191,5097,3351061,9
903,5098,3351615,8
-762,5099,3354091,18
2675,5100,3355202,14
6892,5101,3355831,16
2680,5102,3357123,14
-27034,5103,3365777,26
-42523,5104,3375776,18
-19047,5105,3381495,20
-3848,5106,3382368,5
-1646,5107,3382885,5
-7387,5108,3385856,15
4394,5109,3386780,13
-41098,5110,3396779,14
-38913,5111,3406737,19
-20665,5112,3411810,12
-14131,5113,3416368,16
-5031,5114,3420000,21
-3603,5115,3423579,22
1372,5116,3424399,10
-9287,5117,3427134,9
-11179,5118,3430318,11
-7158,5119,3435940,31
4003,5120,3437821,19
-2984,5121,3438868,5
-1322,5122,3440437,11
-640,5123,3440901,6
-12126,5124,3444888,15
-18975,5125,3451330,21
-16696,5126,3457249,18
-1184,5127,3459294,15
-12573,5128,3462691,13
1631,5129,3463221,7
-8825,5130,3467160,17
-40053,5131,3477159,21
-4183,5132,3479153,11
-4586,5133,3481881,17
-17743,5134,3487188,14
9958,5135,3488659,25
-6344,5136,3493853,28
-4692,5137,3495371,10
-13515,5138,3498394,8
-194,5139,3501011,18
14123,5140,3502235,27
-40209,5141,3512148,15
-34944,5142,3519059,7
-7278,5143,3523122,21
2474,5144,3525774,23
-19210,5145,3532054,19
-8244,5146,3534683,11
-7921,5147,3536640,7
-16526,5148,3542365,22
-22624,5149,3549057,17
-20272,5150,3556308,24
-6944,5151,3558681,13
-5779,5152,3561954,18
3052,5153,3563222,16
10925,5154,3564550,22
-2225,5155,3567333,18
6209,5156,3570165,28
-14943,5157,3573988,13
3791,5158,3574638,12
-5608,5159,3576769,11
8187,5160,3577900,21
-3188,5161,3581414,23
-5974,5162,3585372,23
-7360,5163,3587516,10
-9260,5164,3594177,33
-28917,5165,3601754,18
-7744,5166,3606018,22
-9215,5167,3608536,9
-7853,5168,3610708,8
-6761,5169,3614462,18
-7639,5170,3617980,18
-4441,5171,3621734,21
1431,5172,3624075,19
-23387,5173,3630708,20
-5200,5174,3632802,11
2363,5175,3635056,20
-1382,5176,3639123,28
-24491,5177,3644434,8
-8746,5178,3646593,8
-6045,5179,3650838,24
-7763,5180,3656045,27
8754,5181,3656591,15
118,5182,3659293,21
-13148,5183,3663073,13
1797,5184,3664948,16
-12318,5185,3668690,13
-12348,5186,3672988,19
-3799,5187,3676208,20
-2156,5188,3678844,19
-799,5189,3681635,21
-3551,5190,3684066,15
-137,5191,3684852,8
-4592,5192,3688423,21
-538,5193,3691495,24
-7588,5194,3696632,27
1598,5195,3699360,22
-11401,5196,3704715,25
5578,5197,3707383,30
-6654,5198,3709474,9
-11734,5199,3713347,16
-3603,5200,3716272,19
-4346,5201,3720777,28
5807,5202,3723303,25
-10708,5203,3728945,27
-1072,5204,3731547,18
-33153,5205,3740142,23
5053,5206,3742504,26
1837,5207,3744643,20
-8542,5208,3746790,9
-14732,5209,3751532,16
4224,5210,3753433,20
-36955,5211,3763432,26
-3317,5212,3764408,6
-4192,5213,3766376,11
-2059,5214,3766971,5
-12588,5215,3772348,27
-10852,5216,3776198,18
-963,5217,3779984,27
-5551,5218,3782290,11
-9471,5219,3784660,8
-22191,5220,3790627,18
-21837,5221,3796242,17
-6604,5222,3797790,5
-6413,5223,3801533,19
-14993,5224,3806363,16
-13986,5225,3811019,19
5362,5226,3813024,20
-13981,5227,3815817,6
-7672,5228,3818965,16
-23983,5229,3825993,23
13260,5230,3828330,33
15452,5231,3829669,29
-13001,5232,3836322,33
-2089,5233,3839236,20
-12887,5234,3843548,16
-20309,5235,3848276,15
-1473,5236,3851225,22
-9351,5237,3855079,21
1239,5238,3856490,13
5336,5239,3859261,29
1645,5240,3860074,11
-1018,5241,3860765,6
-2251,5242,3861574,6
-15446,5243,3866733,22
1360,5244,3867903,12
8049,5245,3869155,21
-1171,5246,3872260,24
9731,5247,3874090,26
1773,5248,3876816,25
-19518,5249,3883830,26
-17096,5250,3889372,21
-4101,5251,3890661,8
-43923,5252,3900660,20
-5149,5253,3903785,17
-8791,5254,3906391,11
331,5255,3906900,7
-8802,5256,3911480,25
2173,5257,3913419,20
-122,5258,3915689,19
-17180,5259,3922090,25
2591,5260,3924016,19
-4551,5261,3926488,13
385,5262,3927074,7
-14335,5263,3931674,18
-3617,5264,3934772,21
-5931,5265,3937716,16
-27308,5266,3944506,18
-12957,5267,3949476,22
-12937,5268,3952601,9
6532,5269,3955364,28
-15342,5270,3961061,25
2231,5271,3964253,26
-9522,5272,3967790,18
-16164,5273,3973605,25
-17818,5274,3978402,16
9175,5275,3982688,39
-3777,5276,3983642,5
-1293,5277,3984787,9
-7130,5278,3986890,9
-21856,5279,3993440,22
-17386,5280,3997602,12
-9109,5281,4001135,17
5959,5282,4002988,20
9768,5283,4003733,21
-23824,5284,4010822,24
-976,5285,4013581,22
4718,5286,4015957,25
-2957,5287,4019339,23
-5444,5288,4022241,17
-5958,5289,4024594,11
-599,5290,4026426,12
4432,5291,4029710,28
-2051,5292,4033642,29
8047,5293,4035302,26
4907,5294,4037839,25
4896,5295,4040822,31
2723,5296,4044452,31
-11169,5297,4048714,17
-20551,5298,4054813,22
-1587,5299,4057210,19
-5205,5300,4058810,7
-8978,5301,4062805,20
4460,5302,4064408,19
-4244,5303,4067786,21
-39319,5304,4077695,24
-9779,5305,4082741,27
-9535,5306,4084694,5
1158,5307,4085679,9
-349,5308,4090258,31
-37,5309,4093806,28
-15935,5310,4098004,14
-11272,5311,4100570,8
-616,5312,4103786,23
6674,5313,4106321,30
-20607,5314,4112649,22
-31533,5315,4119651,15
-6507,5316,4121568,10
-10684,5317,4126759,25
-6935,5318,4128971,9
-14818,5319,4132577,10
-15715,5320,4138023,22
-17473,5321,4142615,15
-7601,5322,4144777,9
-8454,5323,4148338,19
-12146,5324,4152678,22
-24573,5325,4159401,20
-11819,5326,4162227,9
-18959,5327,4166934,13
-12900,5328,4171941,23
-15655,5329,4175167,8
-10740,5330,4177743,8
-19952,5331,4183803,19
6895,5332,4185894,24
-5077,5333,4188444,16
-3064,5334,4189637,8
-2932,5335,4193520,26
445,5336,4197193,26
-13253,5337,4203245,27
7862,5338,4205791,30
-12360,5339,4212408,31
-481,5340,4214327,17
-33689,5341,4222587,19
-9117,5342,4224532,6
-7999,5343,4227481,13
-1403,5344,4229700,17
-22444,5345,4237670,27
-27139,5346,4244317,16
-15937,5347,4249887,22
-6711,5348,4252969,17
14981,5349,4253748,24
-3837,5350,4256195,17
-8785,5351,4261288,27
-8150,5352,4263745,9
-8862,5353,4268963,28
3978,5354,4270194,15
-404,5355,4272989,23
-32495,5356,4281822,29
-18550,5357,4287013,17
-5734,5358,4290217,17
-7744,5359,4294737,25
-919,5360,4298624,28
9630,5361,4299789,21
-17570,5362,4306524,24
10369,5363,4308175,26
3919,5364,4310755,23
-13261,5365,4315289,18
1147,5366,4315468,5
-16229,5367,4320331,16
-2493,5368,4324011,26
-10584,5369,4327955,17
-21094,5370,4334695,23
-40943,5371,4343466,15
-42000,5372,4353465,21
-22165,5373,4357716,6
1087,5374,4362055,31
-28179,5375,4367884,11
-23146,5376,4374048,19
11599,5377,4375214,28
6169,5378,4376725,20
6779,5379,4378862,26
-33521,5380,4387106,20
-15677,5381,4393836,30
-6858,5382,4399114,29
-159,5383,4401742,20
-1200,5384,4404992,23
-2214,5385,4406745,13
-43070,5386,4416744,18
3163,5387,4420564,33
11438,5388,4421933,23
6137,5389,4425007,30
19373,5390,4426395,33
11250,5391,4428771,31
14625,5392,4430068,29
4136,5393,4431789,20
-5740,5394,4433513,8
-5742,5395,4434770,5
-225,5396,4434966,5
1778,5397,4438399,27
9223,5398,4440118,23
-4584,5399,4444779,30
-5170,5400,4449170,28
2369,5401,4450034,13
5249,5402,4452603,27
11414,5403,4454226,28
4165,5404,4457218,28
1845,5405,4460388,27
4681,5406,4463502,31
-17215,5407,4467214,7
-9733,5408,4472135,27
965,5409,4475827,32
-5838,5410,4478119,12
-8142,5411,4479810,5
951,5412,4480183,7
-1023,5413,4480884,7
-15162,5414,4486580,24
5947,5415,4489197,28
1270,5416,4493053,30
5363,5417,4495815,27
2578,5418,4498721,27
7467,5419,4501625,28
7684,5420,4502817,20
-14713,5421,4506962,15
-5325,5422,4509701,17
-21873,5423,4515193,15
-41224,5424,4525192,18
4684,5425,4527109,19
7029,5426,4528553,20
-20472,5427,4536065,30
-7989,5428,4539772,20
-28273,5429,4548104,27
9887,5430,4550522,31
-21203,5431,4557418,26
1937,5432,4560545,30
1919,5433,4564076,26
3689,5434,4566289,22
-5585,5435,4568253,10
1088,5436,4568634,7
-1088,5437,4569599,9
-2222,5438,4573004,24
1365,5439,4575231,19
7343,5440,4577412,28
-11063,5441,4582672,22
971,5442,4584290,15
-6378,5443,4585824,6
-8311,5444,4588386,10
3578,5445,4591154,24
11768,5446,4593172,32
18675,5447,4594139,30
12793,5448,4595318,26
-899,5449,4598824,26
11051,5450,4600586,29
-27904,5451,4609359,31
5279,5452,4611940,26
4738,5453,4614206,26
-25608,5454,4621333,20
-3896,5455,4622306,5
-10172,5456,4626594,20
3496,5457,4628734,21
17805,5458,4630527,35
4976,5459,4632852,23
-335,5460,4636264,26
-17404,5461,4639994,8
-11769,5462,4645853,30
-12456,5463,4651885,30
1065,5464,4653753,17
-8999,5465,4657526,20
-21629,5466,4664635,26
-11410,5467,4670320,29
1210,5468,4673921,27
13367,5469,4675028,28
8155,5470,4677543,32
6803,5471,4679024,20
17907,5472,4681749,42
13501,5473,4682923,27
2704,5474,4683987,14
-4131,5475,4685162,7
-5637,5476,4686632,6
-7683,5477,4691820,31
4021,5478,4694032,24
-16531,5479,4699785,23
5513,5480,4700966,18
-19106,5481,4706866,21
-2262,5482,4710381,22
-8317,5483,4715247,24
-15887,5484,4720991,25
3929,5485,4724096,29
6064,5486,4726817,26
9026,5487,4728355,25
7643,5488,4729542,18
3726,5489,4732388,23
6597,5490,4735080,27
-26387,5491,4743770,27
-17182,5492,4748254,16
-115,5493,4748934,8
-14243,5494,4755868,32
9442,5495,4756871,20
5140,5496,4757796,17
1619,5497,4760077,21
-5283,5498,4763188,20
-754,5499,4763481,5
234,5500,4764147,8
1158,5501,4766772,22
10755,5502,4768686,28
-15685,5503,4775810,29
7393,5504,4778076,28
-10281,5505,4782949,24
6733,5506,4785118,31
-15331,5507,4790494,23
-12964,5508,4793048,5
-4528,5509,4797812,31
9391,5510,4799752,27
14478,5511,4801950,31
8333,5512,4803693,23
8293,5513,4805699,28
13516,5514,4807893,33
12187,5515,4809016,25
5435,5516,4809886,16
9889,5517,4813109,35
8942,5518,4815225,27
-16887,5519,4820778,21
8553,5520,4822735,27
15184,5521,4825281,37
11008,5522,4826880,27
-34256,5523,4835220,14
-6049,5524,4836631,6
-22360,5525,4842900,23
-8937,5526,4845417,10
-1629,5527,4845944,5
-13906,5528,4852228,27
14734,5529,4854072,32
-9168,5530,4859493,27
-2558,5531,4860960,10
-11549,5532,4866020,25
-8354,5533,4870506,27
-33214,5534,4877407,12
-4504,5535,4878608,6
-23850,5536,4885046,18
-9304,5537,4889758,22
2305,5538,4890917,15
-2943,5539,4895662,32
12097,5540,4898481,37
9027,5541,4899991,23
10033,5542,4901345,24
-9283,5543,4903809,8
-3990,5544,4905032,6
-5820,5545,4909439,27
-8312,5546,4914426,25
16116,5547,4916884,36
10128,5548,4919551,34
1973,5549,4922609,25
-12901,5550,4925809,9
-4024,5551,4930905,34
7003,5552,4933556,28
8126,5553,4936196,31
9956,5554,4937344,24
14433,5555,4939248,33
5080,5556,4941407,23
-3887,5557,4942906,8
-17699,5558,4948727,22
-15351,5559,4954128,23
3703,5560,4955959,24
9396,5561,4956453,18
14894,5562,4957986,30
-33217,5563,4964683,11
-10850,5564,4970342,33
8351,5565,4972906,31
7821,5566,4976730,41
10202,5567,4977941,25
2121,5568,4981714,31
-1186,5569,4982147,5
-3921,5570,4984104,12
-17908,5571,4990760,28
8824,5572,4993040,30
10805,5573,4994546,26
-21152,5574,4999589,11
-19441,5575,5007275,29
-11904,5576,5010359,9
-15925,5577,5016356,27
17841,5578,5018733,39
1621,5579,5022149,29
7498,5580,5024629,30
-6238,5581,5029131,24
5449,5582,5032137,30
-2530,5583,5033447,9
-8839,5584,5036450,14
-9551,5585,5039665,17
-24467,5586,5045086,12
-14746,5587,5051025,27
-1145,5588,5054964,28
-6417,5589,5056278,5
-22492,5590,5063188,23
-2965,5591,5065835,19
-24494,5592,5071321,13
-12705,5593,5076390,21
15818,5594,5077945,33
-7534,5595,5081952,22
-17364,5596,5085963,9
-23365,5597,5093085,25
7307,5598,5093421,15
-5700,5599,5096887,21
2919,5600,5100736,33
3636,5601,5103862,26
-2242,5602,5106355,18
-22208,5603,5110425,5
3569,5604,5112193,17
-12940,5605,5116252,16
-16437,5606,5121263,18
-12774,5607,5123766,6
-9326,5608,5125981,7
-2272,5609,5128120,16
-6499,5610,5132032,25
2597,5611,5135078,26
-14383,5612,5141018,25
14874,5613,5142754,31
11723,5614,5144916,30
10473,5615,5146610,27
-5668,5616,5147846,5
37,5617,5148375,6
-26418,5618,5157054,34
148,5619,5160760,31
6238,5620,5162476,22
-16105,5621,5166236,9
-7130,5622,5170537,27
-4419,5623,5174954,26
6089,5624,5177666,28
-6510,5625,5181521,24
8282,5626,5183187,25
-5764,5627,5185265,12
-9316,5628,5187585,10
-5354,5629,5188969,7
73,5630,5193080,30
9531,5631,5195285,30
10355,5632,5197349,32
1445,5633,5201558,35
-6269,5634,5204080,12
-6936,5635,5205947,9
-29373,5636,5214461,29
192,5637,5217318,23
-5520,5638,5222800,32
9239,5639,5225134,29
11003,5640,5227425,31
4876,5641,5228695,17
20175,5642,5230962,43
-47050,5643,5240961,11
-10204,5644,5242988,5
-17399,5645,5249278,26
7699,5646,5252247,31
2652,5647,5254162,22
-420,5648,5255701,13
-9719,5649,5257711,6
-15481,5650,5262355,16
3238,5651,5264893,24
8485,5652,5266689,27
10311,5653,5268574,29
6540,5654,5270725,26
-6074,5655,5272936,11
-5583,5656,5274646,9
-591,5657,5275505,8
-14180,5658,5281592,26
82,5659,5286031,31
7679,5660,5287672,25
-21815,5661,5292246,8
-12017,5662,5295601,13
-7937,5663,5297227,5
36,5664,5299886,23
-25752,5665,5307214,22
-6790,5666,5309103,8
-943,5667,5309555,5
-7032,5668,5311654,10
-7530,5669,5315754,19
-27481,5670,5322891,17
-1592,5671,5327526,31
11708,5672,5328986,26
-1340,5673,5331048,17
-13353,5674,5333473,5
-2906,5675,5334666,8
-11671,5676,5340382,31
-1300,5677,5344328,31
-15588,5678,5350063,20
-8389,5679,5352284,8
3470,5680,5353081,11
-5528,5681,5355419,13
-13,5682,5356587,11
-5484,5683,5360927,27
-8952,5684,5363919,13
-8323,5685,5368222,26
-28735,5686,5375194,14
-20397,5687,5383120,28
-9029,5688,5385080,6
-9881,5689,5387897,10
-18931,5690,5396072,37
5503,5691,5397868,21
7468,5692,5399409,23
10621,5693,5401310,28
8205,5694,5402804,22
-3405,5695,5403550,5
831,5696,5403566,5
-540,5697,5404460,7
-10344,5698,5409480,27
-19938,5699,5417497,29
14526,5700,5418401,27
3526,5701,5421875,32
-16697,5702,5427434,19
-31405,5703,5436764,29
-6477,5704,5442215,34
7014,5705,5445385,33
6104,5706,5447193,22
-37352,5707,5457192,20
4542,5708,5458334,18
-1548,5709,5459009,6
-28562,5710,5467792,27
-5764,5711,5472751,31
11638,5712,5473483,23
21347,5713,5474801,37
17474,5714,5475696,27
12317,5715,5477385,32
-10602,5716,5480373,10
-6804,5717,5484828,26
7518,5718,5487219,30
16339,5719,5488328,30
15135,5720,5490439,35
-1600,5721,5494188,28
-24907,5722,5500183,15
7522,5723,5502183,29
-11234,5724,5507013,21
8724,5725,5509791,33
-4235,5726,5512305,18
-9068,5727,5514471,9
-1791,5728,5515334,6
-4747,5729,5517807,14
11143,5730,5520270,32
-50,5731,5523770,26
14058,5732,5525352,31
-2273,5733,5528044,20
-17835,5734,5533397,20
-3308,5735,5534210,5
-14971,5736,5540690,30
6906,5737,5541554,17
-43330,5738,5551553,18
-143,5739,5555718,30
-11470,5740,5560860,24
-3264,5741,5561757,6
-7325,5742,5563897,9
-2994,5743,5567824,27
11693,5744,5569094,24
-32326,5745,5577721,21
-13949,5746,5581471,13
-10170,5747,5586798,29
-34268,5748,5595182,20
-11734,5749,5597679,6
119,5750,5598463,8
-5320,5751,5600155,9
6561,5752,5603424,33
8293,5753,5606111,31
4443,5754,5609676,34
-7505,5755,5613974,25
-4553,5756,5619182,33
12085,5757,5621191,32
5404,5758,5623883,30
-10244,5759,5626033,6
-9464,5760,5632079,35
4636,5761,5633039,16
-16626,5762,5638289,20
-22368,5763,5644602,18
-22051,5764,5652115,29
-18173,5765,5655898,7
-1951,5766,5656471,5
-10565,5767,5661460,25
1791,5768,5665170,31
18909,5769,5666748,35
-3862,5770,5667925,7
-35097,5771,5677924,29
-2247,5772,5678743,5
-28039,5773,5686940,27
-7005,5774,5691296,24
6342,5775,5694008,33
-12360,5776,5696521,6
-557,5777,5700743,28
18424,5778,5702820,35
22341,5779,5704541,41
13725,5780,5705492,22
14856,5781,5706360,27
8368,5782,5707546,24
17657,5783,5709867,39
4659,5784,5712033,22
-26353,5785,5718813,17
-4498,5786,5723151,28
-6432,5787,5725359,10
-12222,5788,5732179,36
-7575,5789,5738277,33
5281,5790,5740899,28
3602,5791,5743723,26
15417,5792,5744998,31
-13584,5793,5747938,8
-6835,5794,5752159,23
8686,5795,5753825,26
-380,5796,5756198,18
-9182,5797,5759802,16
-11667,5798,5764401,24
-5310,5799,5768511,23
-26760,5800,5775688,23
1916,5801,5778593,25
-14074,5802,5782448,13
-10407,5803,5784937,8
-8238,5804,5787315,10
-1714,5805,5790862,25
-3997,5806,5795093,24
16476,5807,5796507,30
11139,5808,5798090,24
14921,5809,5799348,31
-1247,5810,5802557,24
-11055,5811,5808348,28
1113,5812,5809072,9
1971,5813,5809389,7
12755,5814,5811850,36
10014,5815,5814203,32
4941,5816,5815730,20
-39403,5817,5824411,15
9917,5818,5826866,30
7320,5819,5829550,30
3223,5820,5830446,14
6868,5821,5831994,23
-25541,5822,5839403,23
-24921,5823,5845326,13
16096,5824,5848423,42
15715,5825,5849628,30
11059,5826,5850895,23
-25789,5827,5857139,14
-19325,5828,5863977,25
-750,5829,5866471,20
-10763,5830,5870122,18
-16892,5831,5876542,26
-14739,5832,5880876,16
196,5833,5882355,15
-8985,5834,5888509,34
-21226,5835,5897730,36
7278,5836,5899823,28
-19966,5837,5905686,22
-1903,5838,5909586,27
5781,5839,5910889,20
-8792,5840,5912971,6
-29233,5841,5920384,22
-26912,5842,5926235,13
-27408,5843,5933148,19
-9732,5844,5935107,5
-3266,5845,5936558,9
-28969,5846,5944233,21
249,5847,5944460,5
-4198,5848,5945678,6
-22084,5849,5953197,29
-27673,5850,5959417,14
-4471,5851,5961231,10
-3981,5852,5962625,8
72,5853,5963492,9
-12630,5854,5969253,31
5146,5855,5971400,25
-1833,5856,5973539,16
-19807,5857,5977175,5
-17938,5858,5982774,21
6146,5859,5984668,24
-1508,5860,5986661,15
-3150,5861,5988121,9
-5956,5862,5992382,24
6770,5863,5994493,25
6124,5864,5996240,23
-24543,5865,6004004,24
-4187,5866,6005174,5
-4795,5867,6006205,5
-5476,5868,6007497,6
414,5869,6011359,29
12679,5870,6014058,34
-20122,5871,6021865,30
-23154,5872,6028766,21
-6580,5873,6030621,8
-36147,5874,6040620,26
-6326,5875,6046703,33
18363,5876,6047909,31
13182,5877,6049879,31
-5608,5878,6052786,15
-14547,5879,6056219,9
-407,5880,6060053,29
-331,5881,6064331,35
-12161,5882,6070804,32
13518,5883,6072166,28
-4411,5884,6076772,29
11976,5885,6077929,25
-6143,5886,6082421,27
-1327,5887,6087438,33
14635,5888,6089324,35
12243,5889,6091186,33
12532,5890,6092579,26
-11339,5891,6097440,25
11359,5892,6098571,25
3597,5893,6101362,26
-1730,5894,6102039,5
-3134,5895,6103701,12
-20652,5896,6111399,29
14035,5897,6113078,30
-3698,5898,6115384,15
-14152,5899,6122354,34
11255,5900,6123652,26
14448,5901,6124699,28
-43489,5902,6134698,13
-8266,5903,6136698,7
-3213,5904,6137569,5
-22947,5905,6143718,16
-38085,5906,6153430,23
87,5907,6157480,29
-3009,5908,6161476,28
13156,5909,6162742,25
-32263,5910,6171421,25
-4983,5911,6173610,11
-19510,5912,6180887,27
-7259,5913,6182872,7
-19421,5914,6189713,28
9433,5915,6191702,29
-27501,5916,6197184,8
-4687,5917,6198210,5
280,5918,6198568,6
221,5919,6198900,7
-7021,5920,6204520,31
16965,5921,6205696,31
-25574,5922,6213579,26
-12033,5923,6218204,21
-4897,5924,6220796,15
-48725,5925,6230795,15
-3632,5926,6236481,36
12087,5927,6238377,32
-2976,5928,6239423,7
-2520,5929,6240096,5
-5551,5930,6241804,8
-41682,5931,6251803,21
10282,5932,6253396,27
13238,5933,6254270,25
4753,5934,6257251,28
-19048,5935,6261845,11
-7797,5936,6266158,24
-21230,5937,6270137,5
-8397,5938,6272046,7
-6192,5939,6275680,22
4786,5940,6278063,26
7028,5941,6280196,26
-4633,5942,6282594,16
-176,5943,6282846,5
-19767,5944,6290280,28
2290,5945,6293479,26
-13040,5946,6295893,5
-21545,5947,6302884,25
-13139,5948,6306576,12
-38643,5949,6316575,25
-12320,5950,6323548,36
-4039,5951,6328411,33
11073,5952,6330034,26
18302,5953,6331251,33
10684,5954,6333341,29
-8482,5955,6336695,15
-2652,5956,6337298,5
1037,5957,6339744,19
6601,5958,6342073,28
-22800,5959,6350891,28
-28080,5960,6358011,20
3098,5961,6359407,15
-14801,5962,6362867,10
74,5963,6363550,8
-13473,5964,6369558,28
-24928,5965,6374302,7
-30694,5966,6383898,32
-48153,5967,6393897,14
-7694,5968,6395751,8
-4040,5969,6396787,6
-7526,5970,6401912,27
-3056,5971,6403244,8
1164,5972,6403619,7
-10513,5973,6406516,11
-6487,5974,6407771,5
-12667,5975,6412842,25
-13311,5976,6418554,23
-11219,5977,6421073,7
-3411,5978,6425434,28
-6625,5979,6430195,27
-13366,5980,6432850,6
-38676,5981,6442849,26
8324,5982,6446568,36
5372,5983,6448582,24
-2328,5984,6449457,6
-37651,5985,6459456,25
-8161,5986,6463773,25
-182,5987,6464831,10
-20557,5988,6471961,30
-1081,5989,6475984,31
-15782,5990,6479510,11
-21887,5991,6486880,27
-7922,5992,6492056,30
-1188,5993,6492920,8
-5845,5994,6494354,6
-18970,5995,6501044,26
-11303,5996,6505761,21
-2028,5997,6506377,5
-6307,5998,6507721,5
-10772,5999,6513345,29
13409,6000,6514749,28
-2027,6001,6518275,25
-38534,6002,6528274,28
9794,6003,6529640,22
-14053,6004,6534503,22
-40315,6005,6543579,19
-11583,6006,6546955,13
-19397,6007,6551780,14
-16088,6008,6554960,5
-810,6009,6555323,5
-5643,6010,6557340,11
-31254,6011,6565627,25
-1426,6012,6566327,8
-45226,6013,6576326,16
-38617,6014,6585267,16
-1627,6015,6585826,5
-23811,6016,6593648,28
14390,6017,6595617,33
-46663,6018,6605616,14
-15860,6019,6609983,15
-6586,6020,6611969,8
-39102,6021,6621968,23
-10855,6022,6624275,7
-9029,6023,6629493,29
-1284,6024,6634489,35
-27260,6025,6642605,25
-33154,6026,6650344,16
-49095,6027,6660343,13
-16072,6028,6668166,35
-23865,6029,6674340,19
-36741,6030,6684339,27
-4658,6031,6685574,5
-8158,6032,6689977,26
13892,6033,6692137,34
10572,6034,6693803,30
1927,6035,6697871,35
20998,6036,6699023,33
2602,6037,6702388,28
-8707,6038,6707727,28
-51498,6039,6717726,11
-26861,6040,6723044,9
-19280,6041,6730601,34
-8325,6042,6732800,9
-1717,6043,6733501,6
-37999,6044,6743500,25
-19200,6045,6747513,9
-5819,6046,6748891,6
-13448,6047,6754630,25
-28149,6048,6763570,29
2238,6049,6765639,18
-2105,6050,6766322,5
-29620,6051,6775978,34
-25436,6052,6780678,5
-14539,6053,6785362,18
-49872,6054,6795361,11
-23545,6055,6800568,13
-8000,6056,6802814,9
-2142,6057,6806186,25
-16505,6058,6813028,28
-24009,6059,6820905,28
-27775,6060,6828402,25
386,6061,6828666,6
-1479,6062,6829470,7
-34302,6063,6839469,28
-8898,6064,6844238,28
-1352,6065,6845138,7
-37908,6066,6855137,27
-15727,6067,6859142,12
-6936,6068,6860606,5
-10280,6069,6864272,17
16183,6070,6866510,40
-23319,6071,6872183,13
-18358,6072,6879412,31
8906,6073,6880941,25
20291,6074,6882379,37
7919,6075,6883510,23
-5696,6076,6884630,5
-21699,6077,6891797,29
-25586,6078,6900633,35
-8529,6079,6902576,8
-1646,6080,6903113,5
-13024,6081,6909476,30
8742,6082,6911748,30
-43631,6083,6921747,18
-26101,6084,6928403,20
-27556,6085,6936619,26
-12536,6086,6939566,10
-2298,6087,6940279,5
-11106,6088,6947383,37
-6519,6089,6948707,5
-7305,6090,6950410,7
-9883,6091,6954767,22
-20761,6092,6959599,13
-7928,6093,6961257,5
462,6094,6961455,5
-44715,6095,6971454,19
-6678,6096,6973385,7
-47961,6097,6983292,10
-6976,6098,6984631,5
1680,6099,6985533,12
-30688,6100,6992199,14
-2199,6101,6995134,20
-4747,6102,6997394,13
-23952,6103,7005122,29
-3242,6104,7006234,7
-21041,6105,7011043,10
-44279,6106,7021042,17
-25897,6107,7026584,11
-15297,6108,7030447,13
-38458,6109,7038435,8
-51729,6110,7048434,11
-39284,6111,7056977,14
-1468,6112,7057475,5
-42751,6113,7067474,19
17508,6114,7068639,32
13411,6115,7069654,27
2885,6116,7071209,16
-16759,6117,7076052,15
1726,6118,7076233,6
-24887,6119,7080770,5
-10754,6120,7083228,7
-11649,6121,7089204,32
-40628,6122,7099203,21
-8058,6123,7101510,9
-9945,6124,7103854,8
-8800,6125,7109468,35
-7594,6126,7115278,32
-34114,6127,7121610,8
-48897,6128,7131609,14
-20912,6129,7136338,11
-1832,6130,7138188,13
-51543,6131,7148187,12
-31172,6132,7154735,9
-13694,6133,7161614,33
-39137,6134,7170147,15
-12680,6135,7173249,9
-14488,6136,7181041,35
-6094,6137,7185227,23
-518,6138,7185391,5
-40294,6139,7195390,24
-7246,6140,7198884,18
-53678,6141,7208883,7
-11607,6142,7211056,5
-7768,6143,7212554,5
-1941,6144,7216437,30
-28582,6145,7222441,10
-22329,6146,7227235,12
-5938,6147,7228638,6
-17310,6148,7237490,46
503,6149,7240051,20
-50304,6150,7250050,9
-28076,6151,7257686,21
-51697,6152,7267685,9
-39532,6153,7277684,20
-4896,6154,7281073,23
-7205,6155,7283006,8
-2174,6156,7284307,8
892,6157,7284633,6
510,6158,7284761,5
-44008,6159,7294760,19
-25731,6160,7300910,12
-10776,6161,7303793,10
-14863,6162,7306431,5
-46291,6163,7316430,14
-56029,6164,7326429,7
-54066,6165,7336428,6
-42746,6166,7345310,11
-20371,6167,7351713,19
-9140,6168,7356887,30
-5110,6169,7358434,8
-29358,6170,7364207,8
-1124,6171,7364647,5
-7328,6172,7367218,11
-46657,6173,7377217,12
-5764,6174,7378578,6
-45067,6175,7388577,19
-53970,6176,7398519,8
-708,6177,7399006,5
-27036,6178,7407192,24
-50914,6179,7417191,11
-29114,6180,7424752,21
-19906,6181,7428579,7
-12864,6182,7434743,30
-10836,6183,7439998,27
-50847,6184,7449997,12
-24324,6185,7455036,10
-41658,6186,7465035,19
-39970,6187,7472215,5
-5979,6188,7473783,7
-2773,6189,7474577,5
-4992,6190,7475691,5
-44,6191,7476325,7
-54667,6192,7486324,6
-15919,6193,7491239,17
-50085,6194,7501238,13
-41280,6195,7509559,10
-3413,6196,7510319,5
-10032,6197,7512662,9
-3024,6198,7513563,6
1021,6199,7513599,5
-21948,6200,7517755,8
-1683,6201,7518239,5
-42837,6202,7528238,21
-45784,6203,7536503,6
-45115,6204,7546502,20
-11179,6205,7548611,5
-3094,6206,7549654,6
-28710,6207,7557566,23
-5199,6208,7559093,8
-53787,6209,7569092,9
-57405,6210,7579091,4
-10627,6211,7585085,31
-19467,6212,7588837,5
-19902,6213,7592728,6
-29988,6214,7598154,5
-24610,6215,7605884,28
-8106,6216,7607651,6
-8571,6217,7609323,5
-3187,6218,7610218,5
-44283,6219,7620217,18
-38668,6220,7630216,26
-3793,6221,7631630,10
-2752,6222,7632584,5
186,6223,7632728,5
876,6224,7632857,5
-12983,6225,7635998,10
-3677,6226,7637555,8
-9670,6227,7639535,6
-26990,6228,7644510,5
-12522,6229,7647595,10
-19378,6230,7654063,27
-14438,6231,7657292,9
-53959,6232,7667291,10
-17983,6233,7670738,5
-4743,6234,7671930,6
-4031,6235,7673892,11
-11405,6236,7678854,26
-33976,6237,7685423,10
3547,6238,7685997,11
1589,6239,7686402,8
-23423,6240,7692498,19
-1815,6241,7693534,8
-17461,6242,7696986,6
-2449,6243,7698138,8
-47391,6244,7707158,10
-22040,6245,7712323,13
-42861,6246,7722322,23
-37559,6247,7729234,6
-4483,6248,7730483,7
-2632,6249,7731110,5
-20998,6250,7738307,27
-26021,6251,7743331,8
-44126,6252,7752746,17
-55357,6253,7762745,6
-6440,6254,7764438,7
-39329,6255,7772883,14
-48505,6256,7782577,9
-4458,6257,7783574,5
-2297,6258,7784598,8
-45742,6259,7794597,16
-18595,6260,7797863,5
-7864,6261,7799634,7
1905,6262,7799821,7
-27780,6263,7806098,16
-16785,6264,7809282,5
-41628,6265,7819040,23
-12555,6266,7821574,5
-16600,6267,7826586,16
-181,6268,7827479,8
-5574,6269,7830124,15
-7713,6270,7831640,5
-49000,6271,7841639,15
-9028,6272,7843851,8
-25326,6273,7848999,9
-17234,6274,7853475,14
-4020,6275,7854682,6
-1035,6276,7855087,5
15,6277,7855387,5
828,6278,7855766,6
548,6279,7856094,6
-1873,6280,7856711,5
-1154,6281,7857170,5
-48187,6282,7867169,14
-4340,6283,7868358,6
-10327,6284,7870670,7
-704,6285,7871156,6
-9027,6286,7875763,27
-39311,6287,7883230,9
-1541,6288,7883782,6
-7276,6289,7885338,6
-3630,6290,7886272,5
-55061,6291,7896271,7
-59158,6292,7906270,3
-20974,6293,7910720,9
-31750,6294,7919649,25
-9400,6295,7921670,6
-4084,6296,7923030,7
-34932,6297,7930877,15
-55859,6298,7940876,6
-8296,6299,7942521,6
-50401,6300,7952520,13
-58446,6301,7962519,4
-38787,6302,7969866,8
-29992,6303,7977124,18
-11531,6304,7980835,14
-6086,6305,7982156,5
-5774,6306,7983494,6
-43853,6307,7993493,21
-58843,6308,8003492,3
-13815,6309,8006183,6
-2628,6310,8006874,5
-51351,6311,8016873,11
-27940,6312,8023834,20
-3579,6313,8025139,9
-52208,6314,8035138,9
-8025,6315,8036704,5
-12778,6316,8039187,5
-815,6317,8040553,13
-52534,6318,8050552,10
-38799,6319,8058398,10
-6513,6320,8059731,5
-523,6321,8060015,5
-50857,6322,8070014,10
-31111,6323,8075635,5
-31678,6324,8082754,16
-38602,6325,8091058,17
-49175,6326,8101057,12
-26986,6327,8106057,6
-29849,6328,8111701,6
-7878,6329,8113459,7
-45046,6330,8123458,16
-16286,6331,8129196,23
-24721,6332,8133632,6
-7469,6333,8135184,6
-11440,6334,8137551,6
-39990,6335,8146335,15
-15470,6336,8150150,10
-51253,6337,8160149,10
-50112,6338,8170148,13
-50998,6339,8180147,10
-13706,6340,8182666,5
-2814,6341,8184550,13
-7582,6342,8187957,19
-55686,6343,8197956,6
-3262,6344,8200630,16
-10890,6345,8203488,9
-16495,6346,8207599,10
-8393,6347,8209414,6
-18912,6348,8213562,10
-10935,6349,8215916,6
-13922,6350,8218706,6
-24663,6351,8223370,7
-9518,6352,8225867,10
748,6353,8225926,5
-33222,6354,8235055,27
-3120,6355,8239022,24
-35227,6356,8245646,7
-49042,6357,8255645,16
-43200,6358,8263190,7
-7347,6359,8264642,5
1413,6360,8265038,8
-1650,6361,8265666,5
-22500,6362,8271494,15
-9270,6363,8273754,7
826,6364,8274196,7
-26248,6365,8280726,16
-21269,6366,8284645,5
-7899,6367,8287090,10
-15917,6368,8290044,5
-15067,6369,8295127,19
-34683,6370,8303730,24
-9345,6371,8305774,5
-47029,6372,8315773,18
-18330,6373,8319078,5
-5723,6374,8320551,8
-52755,6375,8330550,9
-15085,6376,8333328,5
-53639,6377,8343327,9
-19404,6378,8347107,7
-8082,6379,8348690,5
-8990,6380,8350994,8
-25445,6381,8358627,25
-1877,6382,8359523,7
268,6383,8360016,7
-1969,6384,8360642,5
-52426,6385,8370641,9
-36907,6386,8377460,7
-1805,6387,8378591,7
-24475,6388,8383755,9
-45113,6389,8392656,12
-12369,6390,8395513,8
678,6391,8395763,7
-37721,6392,8402850,7
-10379,6393,8404797,5
-42486,6394,8414796,19
-39536,6395,8422288,10
-28176,6396,8427767,7
-24177,6397,8432554,8
-6122,6398,8433930,5
-8078,6399,8435560,5
-56241,6400,8445559,7
-23137,6401,8449794,5
-11237,6402,8453045,12
-22230,6403,8457414,8
-2768,6404,8458646,7
-18638,6405,8462670,8
-13198,6406,8465843,10
-5711,6407,8467574,8
-38695,6408,8475297,9
-7065,6409,8476934,7
-6352,6410,8478181,5
-37054,6411,8486222,13
-11639,6412,8488563,6
-43399,6413,8497880,15
-14515,6414,8500806,6
-20231,6415,8505296,11
-6821,6416,8506633,6
-17316,6417,8509888,6
-11943,6418,8512582,8
-5225,6419,8514056,6
-3046,6420,8514867,5
-27419,6421,8523096,28
-7575,6422,8524579,5
-8824,6423,8526386,5
-49270,6424,8535222,5
-58807,6425,8545221,3
-53358,6426,8555220,9
-10934,6427,8557982,10
-364,6428,8558266,5
-1612,6429,8558851,5
-49223,6430,8568150,11
-11964,6431,8570566,5
-5752,6432,8571910,5
-517,6433,8572425,6
-56392,6434,8582424,7
-39055,6435,8589646,7
-16923,6436,8593302,8
-38919,6437,8600404,7
-6770,6438,8602017,6
-17048,6439,8606612,14
-10076,6440,8608729,6
-50232,6441,8618728,12
-57216,6442,8628727,6
-13439,6443,8631587,7
-887,6444,8632326,8
351,6445,8632514,5
-10619,6446,8635336,9
-37548,6447,8642001,5
-13452,6448,8644801,7
-40686,6449,8652366,7
-4496,6450,8653326,5
-8340,6451,8655043,5
-54580,6452,8665042,5
-59160,6453,8675041,4
-30719,6454,8681563,13
-27334,6455,8686956,8
-51952,6456,8696206,6
-1053,6457,8696902,6
-43807,6458,8706901,17
-13746,6459,8709625,6
-21094,6460,8714386,10
-9334,6461,8716410,5
-7178,6462,8718648,9
-9020,6463,8720464,5
-12081,6464,8722957,6
-20090,6465,8729622,23
-2860,6466,8730886,9
-3130,6467,8732043,7
-50470,6468,8742042,14
-33742,6469,8749141,11
-16886,6470,8752181,5
-49327,6471,8762180,15
-9616,6472,8764190,6
-5827,6473,8765398,5
-2801,6474,8767206,13
-7496,6475,8768847,5
-59186,6476,8778846,4
-58064,6477,8788845,5
-56636,6478,8798722,5
-23023,6479,8803606,9
-59688,6480,8813605,3
-34953,6481,8820180,8
-9919,6482,8822178,6
308,6483,8822346,5
-895,6484,8822846,6
-35607,6485,8831137,19
-52053,6486,8841136,10
