-20628.228596421148,0,130,3
-389980.06140381104,1,4238,4
-8046.509773765965,2,4292,3
-9484.22571752293,3,4360,3
-4068.29817241582,4,4376,3
-8257.344163189751,5,4458,3
1470.2958152958163,6,4518,4
-10202.904040404039,7,4590,3
-10059.281968031966,8,4637,3
-4095.414991355394,9,4665,3
10685.158730158728,10,4747,5
-4356.255134614266,11,4778,3
-10311.193423664396,12,4850,3
-9508.54978354978,13,4887,3
-3761.7676767676767,14,4904,3
-8988.490259740258,15,4963,3
-14893.86988011988,16,5055,3
2457.586996336997,17,5119,4
-16576.49236169747,18,5244,3
4076.3167388167376,19,5279,4
3442.8823953823967,20,5328,4
3635.703463203464,21,5368,4
-3514.505494505495,22,5462,4
5885.185925185927,23,5514,4
-4721.963869463867,24,5629,4
-24634.896041351145,25,5811,3
-17528.104855222395,26,5920,3
-8291.40951197065,27,6009,3
-5805.454174308664,28,6043,3
-8727.768759018758,29,6085,3
-5064.615384615386,30,6108,3
-7276.629920002598,31,6140,3
-26594.681020733628,32,6383,3
-6580.136550540964,33,6419,3
237.81781572438194,34,6505,4
-5111.2246893169795,35,6533,3
-6104.195804195804,36,6556,3
-4515.306157307941,37,6574,3
5747.5154562499765,38,6622,4
-12435.554029304027,39,6702,3
-6495.481380075033,40,6739,3
-6197.048118505164,41,6771,3
6732.646695839421,42,6809,4
-7231.575740436034,43,6844,3
-1932.7131202131202,44,6874,3
-22989.09312909313,45,7033,3
107.78860028860277,46,7108,4
-13569.107975357969,47,7193,3
-7536.363636363636,48,7221,3
-15565.705063770087,49,7358,3
-6368.604336839631,50,7402,3
5286.495219177107,51,7429,4
-10517.812573133779,52,7514,3
-6231.235058352603,53,7549,3
2956.0159285159243,54,7613,4
-9292.746109454702,55,7677,3
-8523.510101010103,56,7722,3
-5160.218253968254,57,7750,3
-8448.507553677833,58,7839,3
-9829.816017316018,59,7900,3
-8349.365597637658,60,7967,3
-5464.874708624709,61,8011,3
-3789.1841491841487,62,8033,3
-6520.519884527238,63,8077,3
-4430.0,64,8097,3
-14698.181426416717,65,8194,3
-3822.0616883116886,66,8228,3
-6371.896853146854,67,8261,3
-11229.582016028795,68,8341,3
-8646.706002331004,69,8389,3
-6956.054911720547,70,8445,3
-8545.72510822511,71,8492,3
-8760.429570429571,72,8559,3
-4919.787493852896,73,8589,3
-3397.5878288378285,74,8618,3
-4579.166666666666,75,8639,3
-4152.324823868941,76,8661,3
-3975.681967026781,77,8682,3
-11487.065712065709,78,8753,3
5162.142857142859,79,8770,4
-7625.5630072541835,80,8804,3
-13444.505298622946,81,8906,3
-13391.063330159697,82,9026,3
-8753.679653679652,83,9058,3
-6003.323426646267,84,9105,3
-8151.599931930815,85,9150,3
-4284.431818181818,86,9171,3
-28591.092593337173,87,9370,3
-11831.12174501047,88,9478,3
-3629.980574980575,89,9498,3
-8851.76282051282,90,9572,3
-3845.04662004662,91,9608,3
-6607.4296891189315,92,9658,3
-7730.74148074148,93,9706,3
-6009.780732249905,94,9739,3
-14679.940268065267,95,9819,3
-20730.732323232325,96,9950,3
5946.295129019591,97,9987,4
-21295.397827147062,98,10105,3
-5997.136980666392,99,10133,3
534.1269841269818,100,10196,4
-18838.211788211785,101,10320,3
-6833.878205128205,102,10358,3
-10983.362470862474,103,10427,3
-5881.554001554001,104,10470,3
-10568.181818181816,105,10532,3
-11825.463980463985,106,10603,3
9337.860505507566,107,10642,4
-5215.041486291487,108,10664,3
-17860.827306937983,109,10806,3
6644.4600497541705,110,10860,4
1122.1645021645015,111,10901,4
-4146.771226092971,112,10950,3
-7774.7827172827165,113,11002,3
-19544.309652765536,114,11147,3
4267.499999999999,115,11204,4
-8721.077498782608,116,11266,3
-7845.674603174604,117,11309,3
-23354.835030165912,118,11494,3
-6779.7835497835495,119,11540,3
-4307.022382931826,120,11569,3
-7320.378781603375,121,11613,3
-6169.347041847042,122,11661,3
-5634.6063261214185,123,11691,3
5340.31425488856,124,11732,4
7017.869532428354,125,11759,4
-8358.354978354979,126,11806,3
-459.89288065885097,127,11932,4
-1539.5177045177065,128,12129,5
-10538.581983247233,129,12216,3
-7832.8404928404925,130,12264,3
-1081.7255160560112,131,12356,4
-8879.825215419256,132,12415,3
-7555.273990715166,133,12544,4
-5736.4080321123665,134,12600,3
-20161.915584415587,135,12721,3
-9526.31816712699,136,12782,3
-11603.554396284973,137,12902,3
-5239.055811319744,138,12933,3
-9687.831323088674,139,12991,3
-7656.320346320347,140,13032,3
-3466.620107833343,141,13050,3
-7363.080251791554,142,13095,3
-6781.190476190476,143,13123,3
-9800.03676878677,144,13189,3
-5963.120490620489,145,13312,4
14213.800505050502,146,13375,5
-3830.117476477774,147,13507,4
-12070.710539460539,148,13585,3
-3414.370195218475,149,13602,3
-7674.56043956044,150,13643,3
-12423.737666487285,151,13735,3
-8886.3566988567,152,13791,3
-9750.180375180376,153,13839,3
8057.46686663869,154,13882,4
-8094.774736357555,155,13940,3
-8403.153067599156,156,14150,4
-6284.635755756112,157,14181,3
-7603.882881824057,158,14307,4
-3518.3358308358306,159,14323,3
-4334.828687889412,160,14360,3
-12619.332848524025,161,14425,3
-5266.2204462204445,162,14472,3
-3539.2354549475294,163,14500,3
-7368.278903543998,164,14545,3
-8375.066926537516,165,14608,3
-8399.533799533801,166,14659,3
-8352.561482635012,167,14724,3
19533.012371615314,168,14759,5
-3685.7142857142862,169,14783,3
9469.892884892884,170,14816,4
-4661.118550567081,171,14854,3
8028.782883782884,172,14897,4
-9700.973117439837,173,14965,3
-25523.469693361334,174,15176,3
-10333.035714285717,175,15230,3
-4269.909812409811,176,15261,3
-14701.23133681764,177,15413,3
-2981.006216006216,178,15426,3
-6692.560772560772,179,15470,3
-5369.25443622425,180,15498,3
7966.927586302585,181,15532,4
5236.7316017316025,182,15575,4
6176.785714285715,183,15612,4
-7368.987727958316,184,15665,3
-7067.439783485683,185,15712,3
-10679.221417127763,186,15804,3
-7223.999125874125,187,15860,3
-14402.889721217902,188,15946,3
-9301.813464313464,189,15985,3
-2681.591880341881,190,16007,3
-8506.709213988623,191,16073,3
-16539.259204318885,192,16167,3
-4438.32882803471,193,16190,3
1959.9012874380528,194,16266,4
-7765.609113109113,195,16308,3
-12532.016594516594,196,16385,3
5846.37459977243,197,16442,4
4322.894428965837,198,16497,4
-14776.946386946385,199,16589,3
-4507.8489944008525,200,16609,3
-6021.688311688311,201,16643,3
-5314.285714285715,202,16662,3
-6903.840160882326,203,16783,4
4883.112376529558,204,16836,4
-10900.05796899179,205,16926,3
-6626.86212607893,206,16975,3
-16635.426368651984,207,17092,3
-4004.1378066378047,208,17185,4
-14495.735551213493,209,17278,3
-10808.204469678929,210,17350,3
-11112.276133309422,211,17469,3
4956.387439315072,212,17534,4
-14576.100774225773,213,17635,3
2970.810300810303,214,17691,4
-8868.434770707461,215,17785,3
5580.030382199502,216,17943,5
-13521.472867792307,217,18087,3
-2928.482767232767,218,18109,3
-3072.228075072502,219,18128,3
-9157.799422799424,220,18184,3
-652.6927239427216,221,18273,4
-6664.468867046267,222,18334,3
2584.498556998555,223,18406,4
-4391.818181818182,224,18435,3
-6939.371878121883,225,18537,4
1051.955062481375,226,18636,4
-10906.493506493505,227,18697,3
3557.988110745464,228,18763,4
-7055.7012432012425,229,18810,3
21330.000000000004,230,18827,5
-8664.10540848041,231,18882,3
6859.325396825395,232,18910,4
-7088.164193981937,233,18983,3
16496.578005328,234,19013,5
-4683.9733225786185,235,19038,3
2096.953131615101,236,19139,4
-8335.497835497838,237,19190,3
-4036.0930735930733,238,19223,3
-15478.156219182769,239,19341,3
4310.139998889997,240,19379,4
1405.4998581140237,241,19465,4
-5482.527937104174,242,19496,3
-7861.992421493193,243,19564,3
-8012.478352400954,244,19732,4
-20125.972365053232,245,19938,4
-3431.135531135531,246,19950,3
-8780.235042735043,247,20003,3
-8021.033827283828,248,20044,3
-7873.44993757533,249,20169,4
-8634.759817925455,250,20333,4
-2094.78021978022,251,20358,3
-8131.832750582752,252,20411,3
-3422.3080595874717,253,20430,3
5040.981518481517,254,20488,4
2048.488865136078,255,20589,4
-23291.23778998779,256,20738,3
14057.571941946944,257,20796,5
-2242.349872349873,258,20820,3
-18884.588404801252,259,21011,4
-76.63123876392933,260,21255,5
-15295.891682062345,261,21368,3
-4302.697702194607,262,21388,3
-2486.038961038961,263,21400,3
-5109.373965565326,264,21435,3
-5558.0523643023635,265,21473,3
7852.648716653293,266,21494,4
-5749.644637513144,267,21531,3
-5171.029730073847,268,21559,3
-4387.5,269,21574,3
-4031.854256854257,270,21587,3
-3725.393772893773,271,21601,3
7194.5689033189055,272,21699,5
-5046.433566433567,273,21728,3
-21082.58900821401,274,21871,3
-5576.363660848954,275,21893,3
-3166.623029748031,276,21990,4
-12475.6993006993,277,22059,3
-968.1440781440781,278,22121,4
5490.840780166644,279,22296,6
-3592.888664483092,280,22320,3
-5258.770610194759,281,22348,3
-27538.18681318681,282,22517,3
-7367.294986733922,283,22598,3
-4725.170449403852,284,22642,3
-10783.735431235431,285,22689,3
-8549.297924297924,286,22750,3
-4549.871721415839,287,22776,3
21145.734126984127,288,22794,5
-7006.803196803198,289,22842,3
-5240.852054077673,290,22872,3
-6341.379558049449,291,22909,3
-8840.677786266024,292,22967,3
-7194.931734931733,293,23002,3
-17832.359372653493,294,23209,4
2714.1287144228327,295,23270,4
3034.999391733137,296,23335,4
-5286.190476190476,297,23366,3
-6418.7246087246085,298,23390,3
-6081.746031746032,299,23428,3
-14622.117604617604,300,23507,3
-3840.6998556998556,301,23533,3
-5582.5522190228085,302,23568,3
-3366.0524769348294,303,23585,3
5714.030691530693,304,23638,4
-4462.381123778183,305,23664,3
-6085.700553531437,306,23702,3
-9765.390239746344,307,23802,3
9004.028463366696,308,23849,4
1378.7322399822406,309,23907,4
-4500.840446318388,310,23925,3
3277.4332611832624,311,23980,4
-8289.382994026957,312,24042,3
-2823.9704739704744,313,24077,3
-8284.403096903097,314,24134,3
-3774.5811174119995,315,24148,3
-8982.317587812946,316,24228,3
-9268.7012987013,317,24277,3
-10966.207403707405,318,24357,3
-3577.5770514315404,319,24369,3
-8137.7268564768565,320,24418,3
-4577.1825396825425,321,24491,4
-6449.9314574314585,322,24534,3
11513.987262737264,323,24633,5
-14654.522283272281,324,24728,3
-5229.110056610057,325,24766,3
13063.226495726498,326,24840,5
930.6775729860105,327,24952,4
8438.807932263813,328,24988,4
-8305.367965367965,329,25029,3
-434.98690894588935,330,25128,4
-6264.512987012989,331,25235,4
886.9047619047628,332,25287,4
-813.3928571428571,333,25306,3
-316.45382395382353,334,25369,4
13507.038794538794,335,25477,5
-5188.988095238095,336,25505,3
20129.52686202686,337,25544,5
2449.1981629481647,338,25593,4
3380.416666666667,339,25708,5
-3789.9999999999995,340,25729,3
-16247.342657342657,341,25857,3
-7186.096681096681,342,25894,3
-7519.152877780974,343,25973,3
-12848.57905982906,344,26196,5
2289.462481962482,345,26266,4
-355.4950604950609,346,26283,3
-10193.16497228262,347,26354,3
11077.59532134532,348,26377,4
-2872.6785714285716,349,26396,3
-2080.4238816738834,350,26480,4
-6380.734975808506,351,26536,3
-5417.28583916084,352,26578,3
-1848.1024531024532,353,26606,3
-12001.623376623374,354,26673,3
-4664.107142857143,355,26710,3
-9339.06204906205,356,26782,3
-4087.5527740233624,357,26960,5
-7601.938633262162,358,27045,3
-5819.444444444445,359,27075,3
-6135.741407285525,360,27253,5
-11745.248085248084,361,27327,3
13250.119047619048,362,27399,5
-12730.463169441497,363,27480,3
-30047.301864801866,364,27649,3
10299.187413893294,365,27684,4
19553.50766472089,366,27729,5
-7462.031024531025,367,27771,3
6832.8613053613035,368,27798,4
6691.139971139973,369,27844,4
-8052.857142857143,370,27885,3
-19207.59435009435,371,28042,4
-6321.565962632138,372,28155,4
-6707.204921598343,373,28302,4
-8400.238095238095,374,28353,3
-5117.462717021542,375,28396,3
-9756.583694083696,376,28446,3
-7458.373015873016,377,28483,3
-14680.99025974026,378,28575,3
-684.0728535123834,379,28658,4
-1698.8068875568877,380,28686,3
-24951.27152366893,381,28996,4
7241.051587301592,382,29107,5
-5414.444444444444,383,29133,3
-7846.973304473305,384,29172,3
-23351.784245166597,385,29333,3
-2480.4781329781326,386,29348,3
-7235.753968253968,387,29379,3
5073.152354181767,388,29450,4
20161.309523809523,389,29474,5
-8372.09249084249,390,29533,3
-7508.928571428571,391,29571,3
-3736.1700799200803,392,29599,3
-5366.222140862231,393,29696,4
-9063.727383727382,394,29823,4
-9737.828282828283,395,29884,3
-2534.6266927516945,396,30056,5
15026.022866022868,397,30102,5
-12692.20154845155,398,30181,3
-14057.927489177493,399,30262,3
-7847.222222222223,400,30316,3
-3394.1266809927642,401,30357,3
-9257.243580937466,402,30408,3
-4775.660173160173,403,30422,3
-997.3464688905872,404,30550,4
-10606.93362193362,405,30607,3
1555.8692696192702,406,30681,4
-20049.189282939282,407,30926,4
-4692.840770340768,408,31061,4
-18169.54836829837,409,31205,3
-6647.483349983349,410,31251,3
-10895.955710955714,411,31314,3
-28869.21568326756,412,31605,4
-8917.41175491175,413,31673,3
2821.8813131313136,414,31736,4
2429.6026889776867,415,31817,4
-16070.126948215202,416,32102,5
-15996.210425281626,417,32221,3
-4667.917637917639,418,32260,3
-2213.327228327229,419,32290,3
-18346.4516039516,420,32414,3
-7171.963036963037,421,32454,3
-14659.642196039254,422,32537,3
-5479.196497946498,423,32572,3
-5661.982323232323,424,32602,3
-15552.111360861365,425,32705,3
-2319.1017316017314,426,32723,3
-13027.958152958152,427,32824,3
-8786.038961038961,428,32869,3
-4526.497113997114,429,32905,3
-5778.581973581974,430,32943,3
-16797.595737595737,431,33049,3
1611.454191233605,432,33149,4
-13887.870462870464,433,33223,3
-15230.03996003996,434,33323,3
21297.85576351753,435,33373,5
-8797.327672327672,436,33428,3
-3345.5555555555557,437,33500,4
570.1432580147725,438,33623,4
-3790.909090909091,439,33637,3
-23465.602175602173,440,33764,3
-8192.510822510823,441,33802,3
-4815.681867152454,442,33834,3
-1475.5907980907994,443,33935,4
-6115.018315018316,444,33975,3
-11991.25,445,34033,3
6102.777785939553,446,34078,4
-14154.891774891776,447,34149,3
4772.910757543113,448,34262,5
-1769.0850815850818,449,34278,3
-5826.3064713064705,450,34304,3
-25584.308191808195,451,34452,3
-12927.154442779442,452,34526,3
-6757.211399711399,453,34569,3
-4703.625541125541,454,34600,3
-22452.647075147066,455,34746,3
17448.143892339544,456,34779,5
-5409.4047619047615,457,34810,3
-14585.349650349652,458,34938,4
-3145.729756354756,459,35034,4
-4805.535714285714,460,35064,3
13018.009768009768,461,35145,5
-1047.9702935952944,462,35256,4
3251.968647107964,463,35330,4
-29007.747497600434,464,35555,3
-5351.5785603285585,465,35678,4
-12716.106809856808,466,35761,3
-6526.547619047619,467,35785,3
-7697.868381618381,468,35840,3
-3644.301948051949,469,35945,4
-7263.53896103896,470,35988,3
-16944.346348096347,471,36098,3
-13052.794427794428,472,36179,3
-10476.81818181818,473,36242,3
-6305.768398268399,474,36274,3
-11723.044316794318,475,36351,3
5523.767214729157,476,36423,4
-4840.277777777777,477,36450,3
-5385.722610722611,478,36489,3
-12413.001443001442,479,36572,3
6512.865794336379,480,36633,4
-32590.032467532455,481,36834,3
-42290.25099900101,482,37081,3
-9226.991341991341,483,37143,3
-8062.886835386836,484,37194,3
-4393.193889443886,485,37318,4
-13433.816183816185,486,37412,3
-5792.547452547453,487,37439,3
-9638.304195804196,488,37497,3
-2315.4351204351206,489,37514,3
19006.86681374181,490,37546,5
-2558.704906204906,491,37566,3
-3881.868686868687,492,37597,3
4828.531052281053,493,37653,4
-23646.113053613048,494,37808,3
11465.024975024975,495,37833,4
-2473.2142857142853,496,37845,3
-4740.467032967033,497,37879,3
-8337.922077922078,498,37917,3
2498.1949300699293,499,37982,4
-6148.311688311688,500,38021,3
-21152.499999999996,501,38134,3
-9570.148601398601,502,38202,3
-7451.660839160838,503,38258,3
-17445.665584415583,504,38357,3
11785.41278166278,505,38458,5
-4319.444444444443,506,38489,3
-8864.618298368297,507,38545,3
-40374.586940836954,508,38882,4
-10350.038086913086,509,38948,3
-18251.664797620684,510,39068,3
-4940.476190476191,511,39092,3
-7795.464397143949,512,39238,4
-4238.311688311689,513,39266,3
-23120.259740259742,514,39401,3
-4982.466144966144,515,39426,3
2390.461760461761,516,39507,4
-19590.889110889115,517,39618,3
1651.7377067377056,518,39711,4
-21999.53645168041,519,39855,3
-12582.60680904063,520,39946,3
-5058.079698079698,521,39984,3
-5353.177937258822,522,40121,4
929.9242424242368,523,40187,4
-10577.011530136531,524,40261,3
-1618.0357142857142,525,40274,3
-2257.655955155955,526,40291,3
-5938.241538303454,527,40439,4
-7550.777417027416,528,40558,4
-10317.515470640474,529,40635,3
-4556.393886686069,530,40658,3
8664.791181041184,531,40690,4
-14094.933816183815,532,40871,4
13928.663003663003,533,40947,5
-20793.437969577422,534,41089,3
-2541.2626262626263,535,41112,3
-2398.759712509712,536,41299,5
12081.21503496504,537,41380,5
-4818.885003885003,538,41406,3
-10010.061188811189,539,41467,3
5980.129651265486,540,41527,4
-18236.90170940171,541,41654,3
-11317.05266955267,542,41845,4
-13895.647685647687,543,41935,3
-2560.9126984126983,544,41947,3
-1807.2041847041853,545,42036,4
-6646.480186480187,546,42090,3
-3964.049561549562,547,42122,3
-13270.353535353535,548,42217,3
13291.926523768629,549,42295,5
-12743.461538461528,550,42560,5
6910.447041778311,551,42604,4
-5589.5415695415695,552,42645,3
-23761.24486624485,553,42879,4
-15846.355033855034,554,42991,3
-3579.7853535353534,555,43021,3
-3498.3570596070595,556,43055,3
15447.544816294818,557,43143,5
-4923.284632034632,558,43175,3
-9375.950299700298,559,43232,3
-6069.285714285715,560,43261,3
-10921.904761904763,561,43317,3
-8171.9227994228,562,43372,3
-18473.34609834609,563,43489,3
-2816.1291486291484,564,43504,3
9062.089160839163,565,43542,4
-5021.25,566,43561,3
-12784.320054945056,567,43645,3
-14228.7012987013,568,43744,3
2355.405844155847,569,43903,5
-56671.32395382392,570,44352,4
20482.272641574113,571,44475,6
10655.892024642026,572,44575,5
-4830.357142857143,573,44598,3
-6704.574314574315,574,44638,3
-6904.761904761905,575,44670,3
-14571.320346320346,576,44749,3
-12138.994338994338,577,44820,3
-7787.474053724059,578,45008,4
-13421.09903984904,579,45177,4
-8924.647574647575,580,45325,4
-10387.77071354858,581,45476,4
12006.877705627705,582,45657,6
-4113.091830125488,583,45873,5
-1088.0411255411257,584,45884,3
-20046.809024309026,585,46074,4
-1733.023088023088,586,46100,3
-21882.002442002427,587,46394,5
-3311.111111111111,588,46412,3
7284.332878593715,589,46552,5
1131.9413919413878,590,46640,4
-6491.082251082251,591,46667,3
-9670.402097902097,592,46713,3
-3328.8690476190473,593,46731,3
-14828.514263514258,594,46928,4
-19268.744519369528,595,47034,3
-6913.333333333332,596,47065,3
-1941.3492063492063,597,47081,3
1098.86641136641,598,47148,4
-2342.8030303030305,599,47173,3
-26691.35572760577,600,47552,5
-3867.3737373737367,601,47582,3
-7899.632260584272,602,47775,5
19904.949494949495,603,47810,5
-5635.575396825395,604,48005,5
21629.23909423909,605,48065,5
-169.8268398268399,606,48083,3
-7591.82234432234,607,48291,5
-18736.02058072646,608,48390,3
-33397.13924963923,609,48610,3
-27515.259740259742,610,48827,4
-7344.8773448773445,611,48863,3
-1835.5050505050506,612,48876,3
-6675.033993783994,613,48922,3
-48298.78496503497,614,49239,3
-8394.404761904763,615,49289,3
-26837.176157176153,616,49464,3
-17741.273448773452,617,49567,3
-11401.298701298703,618,49642,3
18614.945471195475,619,49705,5
6650.7702020202005,620,49791,5
6736.130536130536,621,49842,4
-5473.593073593073,622,49872,3
-9710.584415584415,623,49943,3
-9741.509740259738,624,50005,3
-6057.140984015984,625,50053,3
-17278.75,626,50160,3
-10206.055194805196,627,50227,3
-1231.2777500277507,628,50260,3
-5799.653679653679,629,50288,3
-8250.944472194471,630,50351,3
-19609.411976911975,631,50536,4
-20157.52886002886,632,50650,3
-21492.544400044397,633,50768,3
-5458.585858585859,634,50810,3
9170.498251748251,635,50844,4
-3242.559523809524,636,50861,3
-7809.517149517152,637,50914,3
5915.376984126991,638,50967,4
-30682.157287157293,639,51239,4
-3441.0631035631036,640,51268,3
-3997.9707792207787,641,51291,3
9212.608236276965,642,51313,4
7073.523876364435,643,51440,5
-5042.619880119881,644,51476,3
-1201.6722166722166,645,51499,3
1182.2889610389516,646,51646,5
-6352.222222222223,647,51684,3
-8498.575036075033,648,51798,4
-14009.73484848485,649,51883,3
-15879.413780663786,650,52037,4
10505.9688708414,651,52147,5
22613.012158528778,652,52259,6
-11491.428571428574,653,52320,3
-10494.210491306096,654,52541,5
-6419.942279942279,655,52590,3
-21489.3253968254,656,52705,3
9519.739565989572,657,52817,5
8892.798648934484,658,52949,5
-2138.840673215672,659,53055,4
-5917.929292929293,660,53088,3
-4820.714285714285,661,53106,3
4255.866910866914,662,53337,6
1390.3912753912832,663,53575,6
-45775.56637806639,664,53834,3
2007.7980352980376,665,53914,4
-5522.321428571428,666,53940,3
-6090.61147186147,667,54055,4
-13348.1018981019,668,54116,3
4044.245476745472,669,54241,5
-56435.191475191496,670,54554,3
7182.195458050722,671,54607,4
6962.32487283958,672,54736,5
-18501.34934509935,673,54844,3
-4791.071428571428,674,54873,3
9076.52958152958,675,54964,5
-6708.314463314463,676,55011,3
-14751.722582972587,677,55100,3
3335.8114108114087,678,55172,4
-3983.2251082251096,679,55254,4
18692.09970584971,680,55433,7
-3154.524642024642,681,55466,3
-2550.178571428571,682,55482,3
-2314.2274392274394,683,55508,3
-2965.0334495226134,684,55620,4
3317.4410760807837,685,55773,5
-11609.058441558444,686,55840,3
-4513.392857142857,687,55886,3
15367.380952380958,688,55945,5
36526.04547671111,689,56027,7
7981.071428571429,690,56039,4
-5176.25,691,56075,3
-1823.0994005994,692,56256,5
767.3398728894067,693,56426,5
10238.645382395383,694,56510,5
-31190.4310966811,695,56688,3
-7656.666666666667,696,56730,3
-1815.7142857142858,697,56744,3
-11163.809523809525,698,56810,3
-32549.132395382396,699,56961,3
-9100.576965305221,700,57152,5
-8571.607142857143,701,57205,3
7522.75793650794,702,57331,5
-3148.1854256854253,703,57358,3
20257.0202020202,704,57477,6
-7666.426628926629,705,57529,3
-11246.816378066378,706,57768,5
10719.249717430836,707,57892,5
-2901.6666666666683,708,57959,4
-32879.933261183265,709,58109,3
-3583.0808080808083,710,58135,3
1274.1953007432865,711,58307,5
-68202.71645021645,712,58760,4
-4520.0,713,58782,3
-976.4310689310701,714,58918,5
-2905.935730935731,715,58941,3
-8524.480103230102,716,59005,3
-96.59451659451656,717,59020,3
7509.226190476188,718,59110,5
-7666.964285714285,719,59214,4
-1920.1785714285713,720,59233,3
-10945.93253968254,721,59292,3
-2709.1181041181044,722,59321,3
-4280.614663114664,723,59350,3
-3892.301587301587,724,59476,5
4320.429362304361,725,59537,4
-14518.849206349205,726,59610,3
11791.363841052309,727,59711,5
-4858.434343434344,728,59743,3
-3472.1022033522036,729,59777,3
-1732.8463203463205,730,59793,3
-2462.0634920634907,731,59874,4
-4100.0,732,59898,3
8924.192474192474,733,59945,4
-9386.397838272838,734,59999,3
-3116.7694805194806,735,60023,3
11522.664141414141,736,60195,6
-4508.737373737374,737,60225,3
-15178.452380952376,738,60362,4
4933.928571428574,739,60465,5
-907.2817460317501,740,60620,5
-2636.530969030969,741,60788,5
8014.843489843488,742,60807,4
20801.60561660562,743,60855,5
9424.592135805371,744,60896,4
10193.873765123766,745,60988,5
24082.810651908476,746,61069,6
16646.78965771071,747,61234,6
-3118.1962481962482,748,61253,3
7500.992063492063,749,61275,4
-6558.035714285715,750,61304,3
2199.087162837161,751,61372,4
-494.6428571428571,752,61383,3
172.67857142857088,753,61436,4
3906.607142857143,754,61470,4
8797.936507936507,755,61619,6
4863.405483405482,756,61672,4
-5995.367965367966,757,61705,3
-1576.8076368076368,758,61728,3
-5297.619047619049,759,61751,3
21882.587620712624,760,61849,6
-2079.285714285714,761,61863,3
-5206.479076479081,762,61961,4
7080.15873015873,763,62063,5
-7916.666666666666,764,62105,3
3553.86363636364,765,62215,5
-10849.722222222223,766,62318,4
10827.092352092355,767,62409,5
-6952.023809523809,768,62438,3
10657.0652958153,769,62532,5
19491.44647019647,770,62578,5
14416.99012943578,771,62654,5
11804.64174714175,772,62757,5
-1270.773809523807,773,62882,5
11140.10461760462,774,63084,7
-9371.527777777777,775,63131,3
7489.925629925628,776,63174,4
-13188.598484848486,777,63241,3
-4976.82178932179,778,63273,3
4940.624930624934,779,63426,5
28141.69897955502,780,63530,6
-2216.3564213564214,781,63546,3
4307.905289155288,782,63605,4
16168.912186884323,783,63691,5
-6668.054584304585,784,63730,3
8608.333333333334,785,63748,4
-9625.61507936508,786,63797,3
10072.091797091798,787,63872,5
17560.257936507936,788,63913,5
25347.7380952381,789,63970,6
-8327.777777777777,790,64014,3
19688.54451104451,791,64073,5
-3623.7929594914885,792,64114,3
18363.869047619046,793,64153,5
-14639.110056610056,794,64414,5
-19465.714285714283,795,64516,3
8147.000499500498,796,64613,5
-3620.535714285714,797,64632,3
21533.16724941725,798,64729,6
19074.249084249084,799,64751,5
8955.132506382506,800,64798,4
13201.357902288628,801,64970,6
-11912.85714285714,802,65068,4
-5521.825396825396,803,65105,3
68192.62026372319,804,65277,10
-6826.666666666666,805,65313,3
8719.846681096682,806,65400,5
22651.937045797342,807,65454,5
2002.6529026529015,808,65515,4
26135.430672268907,809,65578,6
870.0721500721502,810,65590,3
42741.89683682332,811,65692,7
-15235.357142857143,812,65760,3
3289.0079365079373,813,65878,5
14136.464646464645,814,65992,6
33011.76226551227,815,66041,6
-3579.2460317460313,816,66061,3
-1199.4785769785772,817,66080,3
3157.21577034077,818,66145,4
-780.7016594516612,819,66280,5
24077.747946497948,820,66374,6
19828.908134349313,821,66440,5
31263.837535014005,822,66474,6
3393.1782106782102,823,66521,4
453.0168442668444,824,66581,4
-1039.3022255522246,825,66662,4
-19337.233111026446,826,66831,4
-1091.4894481593396,827,66991,5
6918.091353091351,828,67101,5
-5163.607503607498,829,67343,6
-13882.514217808326,830,67562,5
18261.062409812395,831,67679,6
12253.571428571431,832,67744,5
18816.58331056068,833,67833,5
15024.0376984127,834,67900,5
7047.857142857145,835,67960,4
-9396.359751359756,836,68075,4
11688.13492063492,837,68144,5
18731.702186702183,838,68195,5
8834.1978826557,839,68248,4
8929.972943722947,840,68346,5
-1183.0322455322457,841,68361,3
1576.4320401820346,842,68506,5
-3692.516372516373,843,68598,4
-3817.1989121989122,844,68627,3
25486.471722721722,845,68655,5
8821.252200242143,846,68782,5
890.0517782870679,847,68907,5
-5825.436507936506,848,69065,5
14211.706765456767,849,69130,5
10422.959956709958,850,69228,5
-1364.1693029193032,851,69255,3
2459.5676545676524,852,69357,5
-6505.875790875789,853,69411,3
-11239.494949494949,854,69462,3
-4197.028804528803,855,69569,4
3452.0719558219553,856,69688,5
-14928.454323454322,857,69760,3
7233.9736652236625,858,69888,5
-20318.226911976908,859,69996,3
-186.51988534341444,860,70013,3
-13073.466810966813,861,70076,3
11980.714285714286,862,70153,5
8341.143578643578,863,70250,5
-1159.7499722499704,864,70387,5
14443.681175850297,865,70477,5
-18284.033466533478,866,70631,4
-7016.964285714285,867,70668,3
8286.467209690898,868,70753,5
6612.79761904762,869,70784,4
-5819.940476190476,870,70812,3
-10963.271173271174,871,70988,5
1183.8219419469415,872,71122,5
10368.555215209628,873,71217,5
-48218.29365079365,874,71573,5
-46012.63888888891,875,71963,5
-2813.618326118326,876,71987,3
-34117.3534798535,877,72268,5
-12635.155103539388,878,72461,5
1006.3979860718982,879,72520,4
-1095.0000000000011,880,72652,5
-22775.48756798756,881,72899,5
-17439.918831168834,882,72979,3
-634.9206349206346,883,73030,4
12087.828339960692,884,73121,5
11370.297831253713,885,73200,5
4624.027777777777,886,73245,4
-32206.706349206353,887,73503,5
-14183.163383043497,888,73776,5
645.7116494616512,889,73908,5
14869.457070707069,890,73965,5
-28101.641552891553,891,74155,4
-53039.78896103896,892,74371,3
-4064.0369352869347,893,74507,5
-6022.606421356422,894,74544,3
-19213.828393828397,895,74616,3
20141.309523809523,896,74642,5
7056.418026418029,897,74733,5
3127.911255411257,898,74845,5
-4106.211288711289,899,74886,3
-4754.249916749917,900,74920,3
13318.095238095239,901,74970,5
17048.473993326937,902,75037,5
5792.90764790765,903,75079,4
7866.467062349417,904,75143,4
-16075.027056277064,905,75321,5
-359.2207792207777,906,75433,5
-12458.847402597403,907,75492,3
-27420.472582972587,908,75701,5
-2047.6539722747127,909,75833,5
-11107.77555777556,910,75975,5
10345.739538239543,911,76054,5
14234.599224305108,912,76148,5
17949.95642217857,913,76257,5
-15515.878819052276,914,76534,5
-2422.5513375513383,915,76699,5
-10264.010295260297,916,76865,5
-45071.42857142854,917,77194,5
-10031.666666666666,918,77297,4
8728.670912420914,919,77416,5
-2078.2611832611838,920,77434,3
-11962.002825605769,921,77539,3
-46738.07650145691,922,78102,5
-5235.642135642136,923,78254,5
7956.985791985793,924,78346,5
4392.834245003361,925,78438,4
5009.014669540987,926,78509,4
-11181.475037570679,927,78769,4
-13528.893606393607,928,78852,3
-26305.467032967033,929,79060,5
-42652.05377353988,930,79547,4
-28205.251013598896,931,79862,4
-13481.786013869487,932,80008,3
15157.242063492067,933,80063,5
15189.601370851373,934,80103,5
10638.565758931474,935,80270,5
-19975.306253773746,936,80424,3
11401.518759018758,937,80504,5
-9620.373376623376,938,80656,5
-8969.223716599876,939,80874,4
-38933.74786118597,940,81307,5
-11664.978187662015,941,81474,4
19132.380952380954,942,81493,5
-2760.0,943,81619,5
11969.778138528141,944,81714,5
-9772.512517148873,945,81963,4
13238.16919191919,946,82039,5
1233.0952380952385,947,82105,4
685.5526418026407,948,82227,4
-2867.8391053391056,949,82306,4
315.6673881673867,950,82459,6
2341.0515873015847,951,82575,5
2719.242424242434,952,82704,5
7624.534632034632,953,82806,5
6825.496031746032,954,82890,5
-18722.316017316003,955,83077,5
-31635.860834427014,956,83562,5
-48834.275015620886,957,84155,3
-18417.326231005478,958,84383,3
-4424.809561624507,959,84591,4
-13461.66666666667,960,84700,3
12459.000374625379,961,84775,5
-6209.107142857143,962,84813,3
15633.290598290601,963,84883,5
12733.036130536131,964,84922,5
-64777.02715456203,965,85515,3
-12074.169876820808,966,85628,3
-16585.406177182304,967,85910,4
-16014.153811444834,968,86057,3
-30858.688906982243,969,86369,3
-6075.753133605301,970,86492,4
-31083.793851272592,971,86812,3
-28048.83930402312,972,87159,3
10402.557165057164,973,87233,5
-9929.330573537225,974,87429,4
-34746.21669996673,975,87796,5
-17533.676543801397,976,87957,3
-2110.5488261738246,977,88080,4
24553.896520146518,978,88161,6
5552.309365041563,979,88272,5
-61107.243913080565,980,88943,3
-18140.47423036202,981,89236,4
3935.4745254745258,982,89371,5
10160.716089466088,983,89471,5
-2759.5039682539673,984,89638,5
-15942.855894105893,985,89758,3
-44883.571557011914,986,90224,3
462.6623376623346,987,90354,5
-27804.340798090794,988,90591,3
-4002.7593431250443,989,90828,5
-21169.220685360397,990,91178,4
-59280.58811243803,991,91857,5
-8657.702158952174,992,92097,5
-33040.67184105877,993,92383,3
8351.839826839829,994,92483,5
-3311.2499999999964,995,92605,5
-6366.084471084457,996,92804,5
-11385.723304473302,997,92874,3
-59896.80597996758,998,93523,3
-11500.337640300893,999,93758,5
-32251.902273423104,1000,94228,4
-52514.424842416025,1001,95191,6
-48003.56442512602,1002,95745,3
-76982.17645015041,1003,96740,4
-37160.34632034629,1004,97117,4
7496.842780972041,1005,97201,5
3769.7023809523816,1006,97349,5
-28502.195115685838,1007,97610,3
-15319.131717955239,1008,97850,4
-54783.52675360403,1009,98313,3
-46474.464001555796,1010,98724,3
21406.005639097744,1011,98738,5
-153898.5432678778,1012,100352,3
-47366.90539803744,1013,100971,4
-47937.76130560176,1014,101764,4
-95924.30210935237,1015,102881,3
-75693.04922729789,1016,103822,4
-42965.188281129835,1017,104447,3
-37119.60317460319,1018,104701,5
-61062.29920019789,1019,105270,5
-17983.236403692943,1020,105681,4
8415.33202908203,1021,105904,6
-1797.3855311355337,1022,106043,5
-17789.47913197915,1023,106355,5
-41919.03784486707,1024,106792,3
-75328.55186480172,1025,107720,5
-68518.47076125532,1026,108571,3
-71597.16498323447,1027,109406,3
-3700.409451659454,1028,109554,5
9627.857277526397,1029,109622,5
1919.411825919175,1030,109711,4
-16372.193884546808,1031,110008,5
13084.464285714286,1032,110069,5
-31878.699078699065,1033,110394,5
-11498.898851148868,1034,110684,5
-3644.960317460313,1035,110825,5
-39720.954878454904,1036,111335,7
-32863.9719353573,1037,111810,4
-34028.830921101595,1038,112542,6
-26540.15082140081,1039,112741,3
5170.6868131868105,1040,112811,5
-47152.969754059195,1041,113305,4
-7856.710764725471,1042,113506,4
3353.7932900432934,1043,113709,6
6930.892857142858,1044,113800,5
-14095.526695526696,1045,114026,4
6262.088910186827,1046,114181,5
-99925.80100626919,1047,115480,5
20490.833333333332,1048,115497,5
-54065.42204527495,1049,116231,5
22268.427128427127,1050,116400,7
-33539.6415737051,1051,116818,3
-4241.060145994359,1052,116990,5
18752.115384615387,1053,117009,5
-29818.340917287504,1054,117398,3
7353.354692692931,1055,117679,6
15917.795954045956,1056,117795,6
-2603.971530920053,1057,117995,4
3980.374902874899,1058,118154,5
-90133.62220672195,1059,119351,4
-29518.747168032853,1060,119912,4
7982.855477855479,1061,119989,5
-14778.921217671215,1062,120173,5
-77177.85381543133,1063,120856,3
170.70722169987323,1064,120984,4
22036.904761904767,1065,121021,5
17418.118792971734,1066,121070,5
-2734.224386724384,1067,121213,5
3401.1002886002957,1068,121370,6
-15034.743867243866,1069,121579,5
-1890.1648841354686,1070,121712,4
-75248.57034321423,1071,122594,3
-25661.749026687023,1072,123308,7
20331.810224089633,1073,123323,5
-37354.418236991754,1074,123630,5
-26727.46780996779,1075,124006,5
-62395.92135805375,1076,124709,5
579.7952333614074,1077,124881,6
-7448.824563594307,1078,125164,5
-30667.88352925249,1079,125498,3
9856.10347985348,1080,125559,5
19713.492063492064,1081,125584,5
3857.5392581274937,1082,125771,5
12714.395049395045,1083,125856,5
13089.96031746032,1084,126001,6
2775.6362877318757,1085,126055,4
-8541.053391053392,1086,126097,3
10110.756666364256,1087,126126,4
-12492.054719016785,1088,126443,5
20583.659147869676,1089,126515,6
26460.19230769231,1090,126566,6
-23189.23843890663,1091,126924,4
-14385.103415676183,1092,127054,3
-11883.177239427241,1093,127321,5
-22544.728180746013,1094,127562,3
-10006.025921747674,1095,127847,4
27464.342574092574,1096,127916,6
8552.009785879756,1097,127938,4
17391.240842490835,1098,128026,5
20617.776610644258,1099,128042,5
-32738.293315604424,1100,128471,3
12082.587273837287,1101,128593,5
15270.354992229994,1102,128675,5
-19721.694635344,1103,128964,4
-13684.266628409421,1104,129347,5
5.758871574424234,1105,129475,4
20173.195488721805,1106,129501,5
-9299.980158730159,1107,129656,5
-9488.872320489956,1108,130049,6
19883.829365079364,1109,130083,5
-5664.6789321789265,1110,130264,5
-50900.88240017478,1111,130990,4
21862.052795031057,1112,131015,5
5846.203796203803,1113,131180,5
5094.516796627863,1114,131311,5
15222.392456399808,1115,131433,5
12766.880260262607,1116,131569,5
-41537.119845328714,1117,132318,4
10776.210317460318,1118,132395,5
-36343.438944703834,1119,132966,4
-31663.155929865516,1120,133663,5
22239.761904761905,1121,133678,5
32708.16409854335,1122,133728,6
15402.94108669109,1123,133786,5
42252.637640137655,1124,133876,7
2634.0720390720385,1125,134049,5
17191.167717086835,1126,134075,5
16176.355311355313,1127,134123,5
52675.15473053516,1128,134184,8
5395.733914778037,1129,134282,4
24724.618612596554,1130,134388,6
33266.71314796315,1131,134554,7
-76359.80176514255,1132,135040,4
-24447.403377066683,1133,135633,5
28822.243230625572,1134,135775,7
5504.07127298599,1135,135860,4
-69243.007289408,1136,136615,3
16400.179615705933,1137,136668,5
30472.869769119767,1138,136717,6
11223.810266530852,1139,136906,5
22948.20165945166,1140,136929,5
-2693.4523809523807,1141,136943,3
19225.579004329,1142,136978,5
46740.56868999594,1143,137036,7
1131.8831168831152,1144,137175,5
40391.75324675325,1145,137227,7
24309.970972440013,1146,137251,5
31725.099206349205,1147,137296,6
21778.008658008657,1148,137323,5
14869.646970676393,1149,137427,5
7409.541708291705,1150,137542,5
29215.57012432013,1151,137597,6
17609.782717282702,1152,137706,6
54293.888611388604,1153,137788,8
42532.38997113997,1154,137821,7
-44944.577125548676,1155,138452,4
1145.3382442720729,1156,138570,4
20204.420681975032,1157,138608,5
10668.286158286159,1158,138727,5
19170.714285714286,1159,138773,5
14659.279588875177,1160,138880,5
10943.511904761901,1161,138976,5
13975.283882783884,1162,139034,5
19449.924242424237,1163,139145,6
1228.6930430680513,1164,139424,7
22275.783730158728,1165,139444,5
-6340.525525815777,1166,139654,4
19259.68640965158,1167,139694,5
15812.25108225108,1168,139745,5
21436.82428682429,1169,139789,5
31370.327825769,1170,139843,6
24327.7731990232,1171,139878,5
13161.15786990787,1172,139965,5
27520.81682206682,1173,140120,6
35938.095238095244,1174,140171,7
19173.690476190473,1175,140194,5
18060.086580086583,1176,140225,5
33038.02977251507,1177,140260,6
2240.2813852813883,1178,140384,5
-24126.773807276993,1179,140661,5
-36523.167620848915,1180,141158,3
-36997.53123897086,1181,141526,5
13344.839466089466,1182,141614,5
439.84527933740634,1183,141799,5
-10571.559143470884,1184,142176,5
9492.863802863803,1185,142285,5
-4316.985930735929,1186,142466,5
11921.315222015679,1187,142638,5
18172.380952380958,1188,142677,5
16613.269062808537,1189,142720,5
-52922.37940445494,1190,143318,3
20333.19624819625,1191,143358,5
5989.415791018643,1192,143720,6
29063.380230880226,1193,143781,6
23236.53110778111,1194,143808,5
29846.611872819314,1195,143853,6
29676.430628195332,1196,143932,6
33991.70973634209,1197,144003,6
22400.588235294123,1198,144028,5
30498.073062558356,1199,144065,6
-6931.17102668575,1200,144266,4
8335.51608522197,1201,144314,4
29785.329670329673,1202,144359,6
18593.73321123321,1203,144399,5
14957.381784881785,1204,144462,5
15323.489010989011,1205,144522,5
34683.830535649424,1206,144746,7
19791.466607064434,1207,144786,5
20351.731884057972,1208,144807,5
37110.524042950514,1209,144871,7
12089.963369963365,1210,145023,5
14659.348050470342,1211,145111,5
32087.449633699627,1212,145145,6
50956.57273282275,1213,145213,8
20074.704184704184,1214,145230,5
12935.54807120984,1215,145387,5
15826.022033522033,1216,145508,6
7504.406755525166,1217,145568,4
-2153.472222222218,1218,145720,5
2864.9301017180287,1219,145806,4
23807.689116439116,1220,145911,6
17635.833333333336,1221,145944,5
8093.335360459978,1222,145990,4
6442.905844155854,1223,146133,5
18794.645489314607,1224,146204,5
12896.498443077391,1225,146262,5
15437.38095238095,1226,146298,5
-153.16100566100783,1227,146432,4
-19144.27102092995,1228,147047,5
39725.96681096682,1229,147165,8
33840.91561216562,1230,147212,6
47060.10281385282,1231,147302,8
31614.82965520891,1232,147352,6
11537.233044733044,1233,147490,6
-17682.022861545673,1234,148294,8
26649.27489177489,1235,148346,6
57567.66802641802,1236,148461,9
19722.976896292115,1237,148487,5
13403.899123752068,1238,148559,5
38795.730366984244,1239,148654,7
35412.406244721446,1240,148765,7
20286.32119815169,1241,148853,5
42613.92498647723,1242,148919,7
19646.16108564638,1243,148953,5
21422.0603008103,1244,148993,5
22896.850649350647,1245,149015,5
46073.829211723954,1246,149077,7
20424.015151515152,1247,149089,5
21832.58928571429,1248,149105,5
56738.43444468143,1249,149245,9
14775.952380952378,1250,149281,5
30379.724025974025,1251,149344,6
20929.541430791425,1252,149443,6
23669.012398420295,1253,149467,5
49395.23056923918,1254,149527,8
20367.70063270063,1255,149576,5
24715.1799181211,1256,149704,6
-24870.407514312377,1257,150305,6
446.5651015651015,1258,150368,4
-11201.964340007813,1259,150553,5
-34158.037101787086,1260,150751,4
-1743.3676046176035,1261,150831,4
20196.978226022344,1262,150924,6
18583.791771094406,1263,150968,5
18852.17817270449,1264,150995,5
34320.21090429179,1265,151053,6
6290.265151515153,1266,151147,5
39957.8859079517,1267,151228,7
54640.80360407568,1268,151317,8
20665.71067821068,1269,151416,6
32021.466797091798,1270,151472,6
35431.049130178384,1271,151674,9
11568.802521008403,1272,151686,4
17030.298867798876,1273,151748,5
7897.599206349208,1274,151808,5
15120.425685425687,1275,151871,5
28984.170482295503,1276,152148,8
26242.98639935056,1277,152254,6
21091.754311864606,1278,152404,7
-1118.8383838383838,1279,152415,3
24454.761904761905,1280,152470,6
1020.8986956213123,1281,152785,5
65103.026230305644,1282,152869,9
39551.47435897437,1283,152949,7
22622.27377155008,1284,152969,5
52368.17793317794,1285,153088,8
49956.23418570595,1286,153198,8
33603.64087301587,1287,153223,6
29766.92810457516,1288,153263,6
33668.32917082917,1289,153384,7
22182.70722333222,1290,153418,5
18948.7003968254,1291,153457,5
80870.83374958375,1292,153656,12
31096.59090909092,1293,153846,8
20650.32076583547,1294,153908,5
21747.411616161615,1295,153929,5
30371.885802106393,1296,154021,6
35875.40188977689,1297,154057,6
22395.176876263835,1298,154089,5
16290.635059385066,1299,154155,5
21959.911297852475,1300,154179,5
32274.191176470595,1301,154322,8
40224.53823953823,1302,154381,7
-29844.78219311587,1303,154786,3
-14472.569599303362,1304,155099,4
38047.30158730159,1305,155175,7
73843.92293959047,1306,155344,10
30971.25,1307,155381,6
12738.734486617614,1308,155469,5
8135.441449581796,1309,155713,5
53556.74062049061,1310,155859,9
22960.09289450659,1311,155933,5
22565.087412587414,1312,155963,5
29117.307553557555,1313,156098,7
33052.75686452351,1314,156162,6
30671.669580419584,1315,156282,7
15372.824755481877,1316,156361,5
27182.1645021645,1317,156409,6
19613.968253968254,1318,156450,5
13359.5014013764,1319,156602,6
20777.41663908846,1320,156655,5
-8869.12815126048,1321,156847,5
65373.170995671,1322,156943,9
58991.81617402205,1323,157087,9
66936.86791772897,1324,157206,9
16503.112026862025,1325,157253,5
21732.19171528954,1326,157268,5
19088.801169590643,1327,157280,5
54137.46607559109,1328,157441,9
16420.416666666664,1329,157461,5
18948.392857142855,1330,157487,5
5140.396825396829,1331,157653,6
21720.915652544907,1332,157680,5
31636.832220343946,1333,157984,8
41587.93650793651,1334,158033,7
19801.67922355422,1335,158081,5
31770.67196692197,1336,158131,6
31393.449328449326,1337,158167,6
48800.25072150073,1338,158245,8
21685.2809894354,1339,158283,5
61366.67956957042,1340,158419,9
40159.62616631735,1341,158497,7
59360.93596354625,1342,158616,9
-4475.297831253713,1343,158887,7
17771.75685425685,1344,158953,5
-13592.802499787798,1345,159312,7
-3353.838383838384,1346,159340,3
-28.837828837828738,1347,159355,3
-24759.305555555562,1348,159589,5
73629.52561327563,1349,159786,11
28288.611692744817,1350,159853,6
27121.86304192883,1351,159909,6
34478.37795245689,1352,159950,6
7350.301087801088,1353,159982,4
72483.41770200904,1354,160088,9
22984.989177489177,1355,160109,5
22816.843230299113,1356,160149,5
-2268.872826519885,1357,160176,3
42322.89682539682,1358,160219,7
-29714.722222222215,1359,160496,5
39603.372640431466,1360,160599,7
34670.93601036906,1361,160684,7
27981.56746031746,1362,160878,8
49326.56681489304,1363,160967,8
2552.2222222222217,1364,161023,4
47250.60698696728,1365,161110,7
21904.65957610501,1366,161162,5
82534.3467521041,1367,161320,11
63656.52463957613,1368,161469,9
44136.84523809522,1369,161508,7
7082.451408455664,1370,161616,5
20233.409090909092,1371,161643,5
31977.917225318546,1372,161698,6
-7938.370889731178,1373,162183,9
16296.257215007216,1374,162236,5
60676.817904317904,1375,162309,8
-2175.2849369412816,1376,162612,7
67732.16339216339,1377,162681,9
-105269.6230158731,1378,163347,6
-33797.78096903099,1379,163673,5
11784.778293601825,1380,163743,5
-26124.766483516465,1381,163960,5
38539.49340498683,1382,164089,7
38393.29051796158,1383,164157,7
31458.05014430014,1384,164225,6
34331.30763135214,1385,164279,6
23261.666425894367,1386,164326,5
35231.951438915705,1387,164372,6
33327.19821844822,1388,164426,6
43992.01284826285,1389,164553,8
32228.40574458221,1390,164594,6
20522.13741968386,1391,164634,5
22673.224275724275,1392,164671,5
48595.5517766547,1393,164770,8
5192.359029859032,1394,164949,6
14421.305734599078,1395,165073,6
22378.13178780284,1396,165094,5
20665.067293817294,1397,165120,5
32082.709843261313,1398,165235,7
12488.992673992678,1399,165351,6
14895.72155785391,1400,165408,5
21074.613997113996,1401,165446,5
34183.20268705995,1402,165504,6
-19327.171717171714,1403,165707,5
-62224.307359307364,1404,166378,7
-35750.362554112566,1405,166737,5
263.991702741705,1406,166926,6
45813.778194414794,1407,167004,7
39091.09757201862,1408,167086,7
33333.394660894664,1409,167124,6
111916.17105117104,1410,167333,14
22480.531241634184,1411,167361,5
18256.666666666664,1412,167376,5
36649.294733044735,1413,167457,7
21334.7095959596,1414,167493,5
38497.549533799516,1415,167600,7
45807.38424060423,1416,167689,7
60789.646084320906,1417,167885,10
45484.08327783328,1418,167946,7
23977.887876012875,1419,167976,5
29904.53643578643,1420,168032,6
9445.366528895938,1421,168124,5
11786.827943298533,1422,168150,4
31223.60561974145,1423,168276,7
20645.375462600696,1424,168326,5
16866.426259928576,1425,168404,5
-3654.9007936507905,1426,168542,5
50224.35042210971,1427,168747,9
47325.32467532465,1428,168856,8
13605.3373015873,1429,168918,5
80527.56667309298,1430,169041,11
-7091.447580197582,1431,169209,5
-8571.558996558997,1432,169383,5
10487.764539382191,1433,169568,7
34707.875478065114,1434,169710,7
36602.44408262017,1435,169941,9
47287.06537423929,1436,170033,8
33602.06630529771,1437,170310,10
-3675.055499411152,1438,170509,6
-10112.738372738371,1439,170560,3
-53960.7539682539,1440,171025,5
-61363.85046216957,1441,171634,7
-44855.85379081708,1442,171986,5
-218123.0357142858,1443,173299,6
-12094.925113586096,1444,173541,6
-48166.79487179483,1445,173895,5
-12178.603757353756,1446,174060,5
20213.627754000685,1447,174240,7
-7411.487956487956,1448,174451,6
34328.95812520813,1449,174598,8
13932.586580086576,1450,174666,5
24749.756579205106,1451,174795,7
1546.3583638583596,1452,175079,8
7410.249084249084,1453,175154,5
18876.96178821179,1454,175252,6
35171.57052914407,1455,175346,7
-29007.61904761905,1456,175523,5
7821.654995975818,1457,175639,5
-8644.30916305917,1458,175803,5
13155.794344544343,1459,176005,8
1130.1587301587301,1460,176016,3
42390.778271436146,1461,176127,7
41809.14307914309,1462,176245,8
-4145.93050332021,1463,176377,5
848.424769674768,1464,176558,6
3407.365978105143,1465,176735,6
-41865.349927849944,1466,177044,5
-2129.949494949495,1467,177062,3
5186.565185545451,1468,177192,5
-21888.57356931853,1469,177530,6
-6870.849844599848,1470,177692,5
4531.369047619043,1471,177801,5
19567.071539571534,1472,177997,7
-2154.2261904761913,1473,178164,5
12432.859640359642,1474,178273,5
-166988.2303807302,1475,179217,6
-113620.06493506495,1476,179706,3
21343.061125965534,1477,179735,5
-20715.054974480285,1478,180071,7
-3116.5079365079373,1479,180092,3
-1771.9669219669222,1480,180112,3
-6936.011904761904,1481,180149,3
-69118.8466109055,1482,180624,6
-8082.996586746587,1483,180954,8
-134068.77761127747,1484,181732,6
-10509.618963552792,1485,182002,6
-62374.52380952385,1486,182403,5
10984.104229104229,1487,182732,9
3563.073454323452,1488,182855,5
-11421.351094510932,1489,183100,6
-11813.186119436126,1490,183399,7
-9422.043666687618,1491,183756,7
18977.97619047619,1492,183898,6
-40917.336552336514,1493,184341,6
-9887.546897546898,1494,184392,3
16337.821828369428,1495,184477,5
-96237.4702707424,1496,184921,4
6435.867604617605,1497,185034,6
37921.28573224162,1498,185141,7
-11910.193695193704,1499,185357,6
-70013.1696734638,1500,185684,4
-941.0714285714287,1501,185696,3
2909.8052500045515,1502,185938,7
30794.944361194353,1503,186049,7
-28706.904761904763,1504,186204,4
-9847.53246753247,1505,186510,7
-11537.712287712282,1506,186705,5
-43309.10533910535,1507,187025,5
-1405.5555555555557,1508,187038,3
-19175.714285714286,1509,187153,4
-16351.471306471298,1510,187344,5
-11593.02308802309,1511,187395,3
-47906.38634241576,1512,187717,5
-9550.444192245666,1513,188050,7
15450.103368853353,1514,188311,8
-963.0395406537061,1515,188464,5
-63754.81296481294,1516,188890,5
-41542.30200355203,1517,189220,5
-27876.290237540237,1518,189489,5
-87881.11111111111,1519,190170,7
-41266.69956118874,1520,190637,7
-30074.49633699633,1521,190782,3
-90561.1970264148,1522,191403,6
-10882.375848910287,1523,191599,5
-40552.773685078224,1524,192060,7
25955.93460181888,1525,192254,8
27646.085690839944,1526,192334,6
-88383.43253968253,1527,192714,3
-5325.541125541125,1528,192744,3
-47458.88791763793,1529,192926,3
31102.317740738825,1530,193283,10
-19237.39450779699,1531,193616,6
-41794.04304029304,1532,194075,7
-163289.70238095237,1533,194871,5
-66174.70238095234,1534,195301,5
-13072.857142857145,1535,195751,9
-6650.728092548412,1536,195923,5
-45667.2619047619,1537,196121,3
19434.00837316279,1538,196173,5
-54522.62571578745,1539,196615,5
-17386.071428571428,1540,196688,3
-6188.015873015875,1541,196778,4
5286.656121656123,1542,196873,5
-8052.707804965919,1543,197073,5
-2247.42784992785,1544,197090,3
-32031.37327949829,1545,197424,6
-14014.869713619717,1546,197607,5
-84399.72041847043,1547,198126,4
-2998.6743764491443,1548,198273,5
-57970.37464577912,1549,198658,5
-15773.900266400271,1550,198795,4
10062.222222222219,1551,198912,6
-9809.469696969698,1552,198959,3
-93084.55808080806,1553,199603,7
-20415.55411478787,1554,199925,6
-59727.81746031745,1555,200325,5
-5819.892399267396,1556,200487,5
-180840.49936174936,1557,201613,7
-7233.7992726228,1558,201667,3
-50995.20992895996,1559,202185,7
-5540.38628038628,1560,202224,3
-70403.42631224985,1561,202928,6
-46345.17732267733,1562,203359,5
-15058.789682539673,1563,203576,5
-17197.404882699,1564,203838,5
-14814.582917082913,1565,203993,4
-27311.004950931412,1566,204312,5
14027.472943722943,1567,204384,5
-8559.945471195464,1568,204613,6
-10239.505494505509,1569,204762,5
-24486.938755688763,1570,204987,5
-9738.956876456876,1571,205150,5
-54525.876169324285,1572,205592,6
-47641.63932064666,1573,205976,5
45236.01550033849,1574,206118,8
19868.85059385059,1575,206303,7
-79137.95958943017,1576,206872,6
-84612.69959250402,1577,207630,8
-341.96331446331453,1578,207652,3
-143621.61019127924,1579,208509,6
-43980.32467532467,1580,208723,3
-16547.485639360635,1581,208866,4
-6457.54667954165,1582,208983,4
-4687.440476190478,1583,209110,5
695.5555555555557,1584,209121,3
20802.39293450787,1585,209288,7
3177.2799422799417,1586,209418,5
-104870.55222555232,1587,210218,6
-4762.476620601619,1588,210474,6
-17977.353769596415,1589,210701,5
-73488.42657342655,1590,211162,5
-6614.559276956051,1591,211353,5
7148.993563625919,1592,211464,5
-2596.693800480568,1593,211600,5
-10921.049644799647,1594,211846,6
-57790.32467532463,1595,212276,5
3462.4729437229453,1596,212320,4
5680.625346875353,1597,212528,6
-6580.623543123543,1598,212575,3
7436.190476190468,1599,212655,5
-52198.37093462088,1600,213107,6
-25003.965117270083,1601,213682,8
-37170.455106039466,1602,214111,6
13233.668173072192,1603,214633,10
16785.28277278277,1604,214696,5
5553.398510244485,1605,214756,4
-200060.61660561676,1606,216137,7
-68529.98251748255,1607,216734,6
-50402.76788978995,1608,217229,7
9608.21262071262,1609,217249,4
-80746.91349328343,1610,217909,7
-8839.182513178257,1611,218100,5
21389.423770673766,1612,218266,7
-34437.38095238095,1613,218546,5
-3026.2910700410725,1614,218693,5
23229.88095238095,1615,218763,6
-37811.040942201944,1616,219053,5
-70234.53595553053,1617,219943,11
-31461.598401598407,1618,220131,3
-4830.826363179304,1619,220329,5
-4478.679653679654,1620,220357,3
277.3452446246579,1621,220450,4
-35867.04004329004,1622,220692,4
5202.402319902313,1623,220943,7
-95049.85930735918,1624,221548,5
36451.86785028699,1625,221660,7
-3332.0111832611838,1626,221789,5
-17839.73013098013,1627,222062,6
-6616.071428571429,1628,222096,3
-110156.73189040065,1629,222747,5
-4032.5,1630,222774,3
-43243.94633144631,1631,223200,6
-11860.92948717949,1632,223387,5
-5013.636363636364,1633,223423,3
-22742.37373737374,1634,223541,3
-69300.54112554107,1635,224067,5
-20221.098484848488,1636,224164,3
-39477.1201021201,1637,224365,3
-31452.102175000782,1638,224972,8
725.4972111222078,1639,225168,6
14603.633278486217,1640,225257,5
-33524.87440255823,1641,225469,3
-8348.214285714286,1642,225516,3
8021.230158730163,1643,225615,5
182.97619047619037,1644,225718,5
-84421.15620490616,1645,226072,3
-114873.25771450777,1646,227172,6
-12458.776223776225,1647,227251,3
-22960.355894105895,1648,227554,5
-44634.24242424243,1649,227900,5
-23149.08730158727,1650,228175,5
768.9917027417023,1651,228260,4
-56518.00352425349,1652,228801,6
-90239.46275946277,1653,229376,5
-42167.86838161838,1654,229581,3
-19404.52880452881,1655,229686,3
-22286.51875901876,1656,229962,5
-45031.38504877473,1657,230322,4
-7453.392857142857,1658,230356,3
2646.3315590927887,1659,230601,6
-49579.36174936175,1660,231123,5
-34954.54459755933,1661,231438,4
-20977.950668397625,1662,231888,7
-29580.467171717173,1663,232234,6
-1826.9642857142858,1664,232245,3
-27268.888888888898,1665,232375,3
-1117.4131132025836,1666,232555,5
-2792.8571428571427,1667,232569,3
-6402.093413122822,1668,232716,5
-26747.47474747475,1669,232860,3
-31978.628732378736,1670,233137,4
-65162.798242564095,1671,233555,4
21828.89195041284,1672,233700,6
29894.66462853937,1673,233808,6
-2021.5746753246754,1674,233818,3
-108029.55769419808,1675,234593,5
-20076.86507936508,1676,234694,3
-1604.6624209124225,1677,234843,5
-22859.27308802309,1678,235081,5
-24427.142857142855,1679,235181,3
-39050.0,1680,235348,3
-113605.59523809499,1681,236248,7
4966.665279165279,1682,236309,4
-5644.345238095238,1683,236337,3
-33154.64285714286,1684,236626,5
-11804.845917970915,1685,236829,5
-3375.6613770216713,1686,236860,3
-2510.733155733156,1687,236884,3
-35519.06532193297,1688,237100,4
-145954.5743839493,1689,238217,7
-26121.970439691035,1690,238676,7
-77812.191003441,1691,239435,6
-8131.590909090908,1692,239481,3
-1234.3560606060614,1693,239559,4
-6512.857142857138,1694,239722,5
-132976.1906149406,1695,240618,5
-32683.10026467342,1696,240872,3
6118.490120990122,1697,241000,5
-82449.8339098553,1698,241752,5
11367.237720354977,1699,241947,6
-75244.27636003475,1700,242598,5
-52302.53066378063,1701,242986,5
-84349.50882450886,1702,243903,8
400.27153402153226,1703,244070,5
-4569.444444444444,1704,244094,3
-66301.09904392992,1705,244581,5
1163.8185266745631,1706,244777,6
-53187.89146311203,1707,245234,6
-30182.45934620932,1708,245431,4
20638.33055833056,1709,245500,5
-6397.22360972361,1710,245544,3
-59099.14646584929,1711,246003,5
-33662.51082251081,1712,246195,3
-95039.3199911544,1713,246819,4
-13696.578699078707,1714,246899,3
-34107.448655687636,1715,247260,4
-21321.94666444666,1716,247470,4
-26019.639037433146,1717,247769,5
10941.529997779997,1718,247926,6
-7561.984126984124,1719,248012,4
-15048.776571081145,1720,248229,5
-24380.119047619046,1721,248386,4
-10090.465229215228,1722,248544,5
-6588.838383838383,1723,248581,3
-98324.55887249997,1724,249344,6
-4904.0069652569655,1725,249375,3
-69460.14647117218,1726,250028,5
3071.8846921052705,1727,250331,7
-12208.345554729069,1728,250530,5
-37023.891023192504,1729,251160,8
-30388.220668220674,1730,251348,3
6525.881618381618,1731,251398,4
-8733.040945982122,1732,251666,5
-38133.288936295925,1733,251971,3
-28982.143554974453,1734,252249,4
4920.726993594642,1735,252367,5
-16308.603896103898,1736,252455,3
-2190.3549228549227,1737,252467,3
-11916.972409470472,1738,252632,4
-95797.5758963259,1739,253248,5
1861.8649608045837,1740,253499,6
-16690.163929208047,1741,254080,9
22094.389327992274,1742,254141,5
-7166.75976800977,1743,254407,6
-32841.11388611384,1744,254757,5
-11554.411838161841,1745,254820,3
-113881.06643356642,1746,255562,5
-10573.622537593123,1747,255648,3
-81922.01920241788,1748,256365,5
7284.725239285996,1749,256624,6
-36095.22395174485,1750,256887,3
-42672.36280875987,1751,257114,3
-4501.060606060606,1752,257144,3
-3853.809523809524,1753,257163,3
-38825.37462580416,1754,257625,5
-21541.664981260594,1755,257988,7
-40824.9004460209,1756,258236,4
-41733.86904761907,1757,258591,5
-9104.63702963703,1758,258644,3
-12584.774564960326,1759,258714,3
-52710.456687919985,1760,259402,5
10640.581442980822,1761,259734,7
-4894.444444444444,1762,259763,3
-4364.819624819628,1763,259944,5
-10926.79889554889,1764,260165,5
-29975.4238816739,1765,260354,3
9919.667970917972,1766,260367,4
-36978.508297258326,1767,260742,5
-24794.17349807055,1768,260981,4
2541.0157203907183,1769,261138,5
-291.8109668109669,1770,261149,3
1515.822226449162,1771,261324,5
-17228.21428571429,1772,261410,3
-30834.479368670538,1773,261609,3
-7476.201298701293,1774,261894,6
-52728.341853309015,1775,262546,7
-35007.51262626262,1776,262922,5
-19568.49603121186,1777,263270,5
-64798.20388973548,1778,263827,5
-10698.024891774885,1779,264010,5
-102155.79365079368,1780,264764,5
-13380.178848928846,1781,264852,3
-2864.246031746032,1782,264870,3
-2243.4415584415606,1783,264956,4
16586.36904761905,1784,265008,5
-20131.822907484668,1785,265250,4
22221.53520499109,1786,265357,6
-38747.538435674796,1787,265805,4
-25539.08417970918,1788,265964,3
-46432.329940852294,1789,266329,3
-6153.181263181263,1790,266381,3
8199.354256854258,1791,266405,4
-6010.69264069264,1792,266447,3
-58419.23826173835,1793,267071,5
-35100.54112554112,1794,267212,3
-7655.335081585094,1795,267414,5
-42000.09082730885,1796,267666,3
-60753.07926130719,1797,268319,5
-4273.654886247585,1798,268593,5
-39140.067461133665,1799,269273,10
-5898.697136197137,1800,269315,3
-26345.84915084916,1801,269643,5
-35307.499787793895,1802,270021,6
-5888.882228882236,1803,270240,5
-19921.98785261864,1804,270395,3
20672.155214066974,1805,270451,5
1669.2110246321786,1806,270652,5
-8070.109906433438,1807,270697,3
-20043.469655344652,1808,270962,5
-9956.269310754606,1809,271108,4
-11802.224050459348,1810,271289,4
14964.636118749564,1811,271405,5
-103905.00561938064,1812,272071,5
-24024.234417543234,1813,272435,5
13166.738122988121,1814,272525,5
-49326.61095848602,1815,272918,4
-4413.875915750916,1816,272951,3
-7225.714910089909,1817,273005,3
17011.07641541464,1818,273274,7
-41512.15489900765,1819,274156,9
-32259.77786510876,1820,274466,4
-17296.119826362377,1821,274594,3
-6388.7839937839935,1822,274621,3
-11552.5749996048,1823,274704,3
-9621.487262737262,1824,274770,3
-4700.353535353534,1825,274810,3
-12708.17932067932,1826,274893,3
-8487.272727272728,1827,274948,3
-36528.51925851926,1828,275298,4
4811.882006882006,1829,275367,4
-12381.753246753244,1830,275436,3
-20356.706626706626,1831,275566,3
-205.95238095238136,1832,275577,3
-24386.974691974687,1833,275724,3
-34078.21767002047,1834,276141,5
-27052.774378399372,1835,276460,4
-75369.93559351724,1836,277278,6
23448.697617741745,1837,277682,10
18348.794142948558,1838,277843,7
-5720.952380952382,1839,277874,3
-59257.704378954375,1840,278401,5
-26047.862137862154,1841,278582,3
-6116.394860299659,1842,278622,3
-37029.390003056826,1843,279304,6
-12910.228496993204,1844,279404,3
16724.856257004092,1845,279493,5
10539.03747117176,1846,279668,5
17608.933427683427,1847,279706,5
20455.72791501584,1848,279745,5
-1535.3288378288366,1849,279834,4
-109921.02509332777,1850,280808,8
-44269.11546786546,1851,281178,5
-7771.1027916871835,1852,281433,5
-19347.39926739927,1853,281551,3
-23400.730058049,1854,282129,7
-9350.161094065894,1855,282195,3
-26658.28218198995,1856,282419,3
-71295.18916540974,1857,282972,5
24435.230531734385,1858,283531,9
-2981.006216006216,1859,283544,3
-3449.735001410698,1860,283644,4
-16295.335497835498,1861,283743,3
-19510.790428611646,1862,283889,3
-5875.499292775843,1863,283935,3
-6900.308025308026,1864,283984,3
10019.010696690644,1865,284135,5
-50144.516663891634,1866,284467,4
-12269.267676767675,1867,284532,3
-2892.977022977023,1868,284554,3
-6395.912698412698,1869,284593,3
-230.2958152958148,1870,284659,4
-78956.53937157609,1871,285305,6
-21129.18346746134,1872,285818,6
-795.6786655896566,1873,286006,5
-14722.353896103894,1874,286463,9
6597.405927405927,1875,286610,6
28703.690198690194,1876,286675,6
4237.0096202816785,1877,286788,5
8753.73737373737,1878,286916,6
-36508.82729327775,1879,287197,4
-33963.680999727825,1880,287473,3
14963.395771754893,1881,287555,5
-42956.39573660215,1882,287873,3
-12912.48510777149,1883,288120,4
-30813.731440128486,1884,288430,5
21137.310610141492,1885,288492,5
-76128.78045717759,1886,289240,5
6409.675118483172,1887,289446,6
-13024.89177489177,1888,289530,3
-48435.988455988365,1889,289937,5
-20134.21356421356,1890,290029,3
-54687.81482406478,1891,290711,7
-7578.888888888889,1892,290751,3
-19458.122294372297,1893,290861,3
-22406.462266663555,1894,291440,7
-42263.01087801088,1895,291655,3
-55466.22342483797,1896,292222,5
-23460.61247575954,1897,292396,3
-15041.076007326015,1898,292514,3
-18859.464285714286,1899,292614,3
-1540.1785714285713,1900,292624,3
-17994.62974933562,1901,292984,6
-2217.929292929293,1902,292993,3
-4542.269990930982,1903,293033,3
-9673.573293536529,1904,293457,7
-26186.877844377854,1905,293778,4
-14009.415584415581,1906,293885,3
-24967.159907340352,1907,294336,5
-28240.37046245024,1908,294633,3
-6158.5481473291065,1909,294765,4
-11518.214285714284,1910,294849,3
-25168.478842400513,1911,295208,5
-21110.746903165626,1912,295615,6
-585.1064213564215,1913,295625,3
-19530.158077216896,1914,295792,3
-35010.49746585541,1915,296292,6
-21390.833610833604,1916,296374,3
-15216.84662559663,1917,296558,4
-34460.31746031748,1918,296742,3
-3417.8404928404884,1919,296937,5
-43475.826004061324,1920,297322,4
-36849.26044736999,1921,297582,3
16091.033520143435,1922,297656,5
-9814.628704628705,1923,297707,3
-17424.82864357864,1924,297798,3
-19911.774295965457,1925,297946,3
-16367.903346653355,1926,298064,3
-26332.79255466756,1927,298321,5
-26973.08399933404,1928,298727,6
-2658.3390465743405,1929,298756,3
-7807.23465023968,1930,298931,4
-15687.992424242424,1931,299024,3
-13641.451742701734,1932,299204,4
-42157.07669605268,1933,299744,6
-33608.5800323687,1934,300253,9
-106747.57290529032,1935,300940,5
770.0940725940741,1936,301093,5
650.1114659764087,1937,301359,6
-26478.924825174836,1938,301504,3
-9863.236502060034,1939,301575,3
-7797.2742556720905,1940,301655,3
13799.432858807859,1941,301834,6
-17236.394161394164,1942,302059,4
-16007.078348208373,1943,302297,4
-53095.79187066808,1944,302906,6
14090.866143660252,1945,302973,5
-5780.95105874518,1946,303232,6
-24562.392884892884,1947,303465,4
-582.4593462093463,1948,303475,3
-9525.500454353003,1949,303563,3
-22455.263992972978,1950,303731,3
-3299.1162881236414,1951,303741,3
-21950.35355744822,1952,303922,3
-55574.80469660151,1953,304404,4
-18631.568431568427,1954,304626,5
-10997.751415680996,1955,304867,5
-9728.730158730159,1956,304919,3
-63200.40826304756,1957,305717,7
914.355914161074,1958,305935,5
-60798.60750360756,1959,306432,5
-11637.646103896104,1960,306497,3
-45538.4490112141,1961,306765,3
-155719.97440294316,1962,307845,5
664.6428571428573,1963,307899,4
-100043.21123321138,1964,308516,3
-10200.954045954046,1965,308574,3
1943.0682183033568,1966,308867,6
13965.675462738149,1967,309002,5
-9957.799210593326,1968,309071,3
-12764.288489288478,1969,309288,5
-84883.73154623157,1970,309974,6
-25948.806471306467,1971,310149,3
10528.247682400164,1972,310276,5
-4177.657620157619,1973,310300,3
-60042.3365132235,1974,310973,5
-1922.2619047619048,1975,310985,3
-25083.290662940442,1976,311295,5
-2060.4723507916297,1977,311560,6
-7401.881035631031,1978,311753,5
-12950.567027786457,1979,311931,5
-23507.50138750139,1980,312128,5
-20402.29437229438,1981,312244,3
-3081.0822510822513,1982,312259,3
6282.298460053881,1983,312406,5
-34249.24245860777,1984,312709,3
23791.05859762013,1985,312826,6
-148583.78286531178,1986,313908,5
-28229.636143010764,1987,314131,3
-6101.825396825397,1988,314161,3
-67215.3156565656,1989,314761,5
-68283.09884559893,1990,315358,6
7304.6618727849345,1991,315597,6
-32300.540806316836,1992,316010,5
-33321.4790592964,1993,316332,4
-23234.28571428571,1994,316452,3
-6388.430319680319,1995,316555,4
7943.151848151849,1996,316601,4
-40054.04234654235,1997,316824,3
-38398.071095571104,1998,317127,4
-11005.805284326954,1999,317437,6
-35327.712912087925,2000,317664,3
-48101.35731098967,2001,318101,4
-2971.396103896104,2002,318119,3
-90480.25755217613,2003,318814,4
-10922.847334722084,2004,318882,3
-5001.2060875141315,2005,319107,6
-13794.806859806866,2006,319347,5
-41535.481740481715,2007,319796,6
-18117.299089799086,2008,320054,5
-86497.78901653904,2009,320758,5
45890.23553244142,2010,320921,8
-14638.327922077922,2011,321004,3
-35650.09961551176,2012,321295,3
-210016.27945944306,2013,323017,6
53715.99604987377,2014,323215,9
-6141.212121212121,2015,323245,3
-29989.36911023497,2016,323560,4
13296.859529359526,2017,323646,5
480.6096681096726,2018,323854,6
-23199.552877677892,2019,324092,4
-14999.94588744589,2020,324167,3
-30804.841318811927,2021,324470,4
-6262.266274746928,2022,324629,4
-8629.283367561216,2023,324906,5
239.67034513474334,2024,325080,5
-41592.62139045864,2025,325629,6
-60614.61205246417,2026,326120,4
-1770.2836052836053,2027,326135,3
-40080.124333226166,2028,326736,7
-12525.704850704857,2029,326824,3
-73402.1292596294,2030,327726,7
-12017.51277575194,2031,328113,5
-15898.490686300283,2032,328220,3
9594.852227236128,2033,328340,5
39376.89719250292,2034,328847,11
-5404.59457209457,2035,329078,6
-4597.645814153166,2036,329488,9
-29462.070037805363,2037,329860,5
-15706.791333666333,2038,329964,3
-54126.20518177216,2039,330612,5
-13987.238455988456,2040,330686,3
-18053.896103896106,2041,330784,3
-75311.79494116991,2042,331267,4
-3279.037824920178,2043,331296,3
-4543.492063492064,2044,331313,3
-35486.27390540314,2045,331661,4
-7923.683273734089,2046,331730,3
4993.077110368134,2047,331908,5
17007.73878834443,2048,332020,5
-62032.983116814394,2049,332405,4
-16651.733070850714,2050,332626,4
-1909.4444444444446,2051,332639,3
-11004.325535575532,2052,332705,3
-1046.111111111111,2053,332716,3
7566.794610618159,2054,333203,11
32826.245559995565,2055,333261,6
-7873.200549450549,2056,333467,5
-9055.238095238094,2057,333510,3
-763.0714791744319,2058,333817,6
601.1731984176972,2059,334032,5
-9412.610860501727,2060,334100,3
13554.446803196806,2061,334182,5
-91565.6019784347,2062,335047,6
-45700.54473304476,2063,335458,5
-100465.38172396932,2064,336086,5
-45478.109398089466,2065,336382,3
3619.3466255966223,2066,336538,6
-23908.563726864817,2067,336944,6
-1426.5850815850818,2068,337021,4
-16629.54334150542,2069,337247,5
-1899.2857142857142,2070,337262,3
-185123.7275828319,2071,338176,4
-2180.2833971583996,2072,338309,4
-5106.96348438134,2073,338361,3
-4033.671328671329,2074,338371,3
-38565.06435514944,2075,338895,6
-62465.72446344502,2076,339640,9
404.02222777222687,2077,339823,5
21269.18595293595,2078,339860,5
-2608.9898989898993,2079,339878,3
-28743.102175602166,2080,340271,6
-119659.44444444428,2081,340726,3
9709.53560049342,2082,340791,4
-190.41323184898988,2083,341077,6
-37046.986394119165,2084,341421,4
-7782.084480062418,2085,341655,5
-2272.142857142857,2086,341671,3
16497.321961854574,2087,341719,5
18974.13114663111,2088,342002,9
-9636.234414665145,2089,342157,4
-4892.3973549670145,2090,342191,3
-1669.4642857142858,2091,342202,3
-61491.62331472843,2092,342893,5
-7424.978064161498,2093,343139,6
-48850.52846672478,2094,343790,6
25611.852453102467,2095,344092,10
-37502.4580974581,2096,344372,5
12826.443001443,2097,344423,5
-3544.6049925306934,2098,344636,5
-3769.4816294816337,2099,344803,4
-26197.526901203368,2100,345001,3
-42813.89158258214,2101,345739,9
15880.48364804866,2102,346169,9
-12067.283812248983,2103,346264,3
6490.24311687624,2104,346397,5
10961.11865215967,2105,346518,5
-2137.066822066822,2106,346529,3
-8458.702755577755,2107,346588,3
-51492.03144078145,2108,347182,7
-9196.652236652237,2109,347235,3
509.07191322758695,2110,347644,7
-127786.2923286723,2111,348538,3
-53711.99479820329,2112,349138,5
-4258.671328671329,2113,349149,3
-62694.29300554116,2114,349965,9
-26498.65148740149,2115,350103,3
-3647.845002220002,2116,350131,3
-15216.6742979243,2117,350455,7
-43181.39451339628,2118,350888,5
-69790.5143761897,2119,351637,5
-33862.01805139307,2120,351940,4
-6591.729070722878,2121,352078,4
-37350.35645232819,2122,352514,5
-87772.79193029189,2123,353100,7
-42969.0461621712,2124,353588,5
-44308.189518814455,2125,354186,7
5071.026155971873,2126,354576,9
-33883.98806473882,2127,355011,6
-27700.242110830342,2128,355286,4
-18690.22230529861,2129,355654,7
17519.019770533236,2130,355759,5
-39713.844211344214,2131,355968,3
-890.5028200550141,2132,356174,5
-335.4747230753473,2133,356383,5
41367.849521264776,2134,356499,7
20633.214285714294,2135,356593,6
68327.53968253969,2136,356652,9
19569.77994227994,2137,356678,5
110.09751986918133,2138,356977,7
-18244.29945054945,2139,357073,3
-17059.405578287493,2140,357423,5
26064.88382532505,2141,357741,9
29449.88372738369,2142,358013,9
3703.7170468420472,2143,358079,4
-169952.90661321365,2144,359119,5
2926.8197348914987,2145,359207,4
-8271.958874458873,2146,359253,3
57296.6378225318,2147,359571,12
2008.7930125430157,2148,359688,5
-69208.40986110402,2149,360240,3
-142625.37337662352,2150,361093,5
-33280.190920190966,2151,361644,8
-13847.051779919424,2152,362006,6
-8603.784907902555,2153,362205,5
-27076.455522891283,2154,362478,4
-18489.094914373563,2155,362652,4
5388.93068358333,2156,362813,5
34630.96112221113,2157,363218,11
-32650.391358727284,2158,363679,7
-2286.300607717006,2159,364173,7
-32377.619047619035,2160,364334,4
-59044.90980038196,2161,365000,6
-12310.60103883717,2162,365208,4
-4496.715090465089,2163,365322,4
-13786.24186252568,2164,365436,3
-5028.156958310683,2165,365502,3
33389.274590648434,2166,365836,10
4738.519119769121,2167,366002,6
9774.95171495172,2168,366092,5
-26109.413086913093,2169,366226,3
-15481.298733945792,2170,366319,3
-26208.045360212553,2171,366480,3
-3620.065009473413,2172,366712,5
-72005.17857142854,2173,367091,4
-21365.460419708477,2174,367237,3
3318.4861988286925,2175,367280,4
-27078.172002803884,2176,367712,8
-15328.334027084027,2177,367910,5
-10748.426573426572,2178,367987,3
-62264.3329646753,2179,368733,8
-1636.9101731601731,2180,368901,5
-35470.44343427467,2181,369359,6
-9801.991341991343,2182,369412,3
1323.6716061716056,2183,369427,3
-15996.78382075441,2184,369656,5
-13062.061688311689,2185,369726,3
-8120.535714285714,2186,369770,3
-3531.8377700730643,2187,369796,3
12942.560037356865,2188,369969,6
20816.22378846644,2189,370108,6
-24241.674583586344,2190,370503,5
-10268.497734445005,2191,370587,3
-7671.948051948052,2192,370632,3
-50460.449897754486,2193,370901,3
-25069.312007436998,2194,371129,5
5808.887293262294,2195,371188,4
3492.5348262848293,2196,371359,5
-40877.07771545622,2197,371837,6
-26366.387691900458,2198,372060,3
-28855.51973482312,2199,372986,11
-23206.923860453277,2200,373162,3
367.7077024022201,2201,373814,10
-1081.8852140291765,2202,374163,8
-71768.70178432675,2203,374576,3
-104697.55918917687,2204,375209,5
-16181.091970465062,2205,375514,5
-67978.61392176803,2206,376454,9
15756.870625289746,2207,376589,6
66661.66125541128,2208,376709,10
37701.19638011251,2209,377086,10
-27013.310234395467,2210,377531,5
-49355.611541236496,2211,377842,3
-4033.671328671329,2212,377852,3
-43609.884493301666,2213,378275,6
-14098.22510822511,2214,378351,3
-29557.857503693427,2215,378572,3
-6906.234637395627,2216,378619,3
16222.959009141203,2217,378946,9
26447.722416472407,2218,379086,7
18319.445138195137,2219,379131,5
-48051.137196137184,2220,379367,3
-16368.666179666563,2221,379480,3
-25654.13181890349,2222,379630,3
-15853.03751803752,2223,379714,3
15313.7031024531,2224,379767,5
-11106.326394997144,2225,379968,5
-59713.83917789299,2226,380511,5
-19645.720367719867,2227,380633,3
-9423.443431568432,2228,380681,3
-12452.691784218236,2229,380786,3
8318.603423365414,2230,380991,7
59733.982235085154,2231,381132,9
-61299.22032624243,2232,381785,6
-47645.87007634547,2233,382204,3
43854.52985123601,2234,382422,9
61460.67454647177,2235,382528,9
52266.08730794486,2236,382744,10
-51224.17176324553,2237,383221,4
-70255.22332436239,2238,384323,11
23414.988403624244,2239,384373,5
-19574.398646589052,2240,384699,5
-5072.306767664741,2241,384726,3
-14213.650517775404,2242,385181,8
47448.07980590104,2243,385394,9
-46647.69560247117,2244,385834,4
-16157.184482184482,2245,386007,4
11855.464568111624,2246,386121,5
-55416.5122377622,2247,386492,4
17609.54377923419,2248,386594,5
16742.121281496282,2249,386665,5
52267.66233766235,2250,386714,8
21897.47691850633,2251,386745,5
-63381.04122112352,2252,387326,5
14422.705418506512,2253,387557,7
-33282.79734154733,2254,387757,4
-11647.393856143855,2255,387840,3
-20539.898781585136,2256,388060,4
-21041.784040692703,2257,388298,5
-17243.823721213426,2258,388429,4
-7586.255411255412,2259,388553,4
8217.199691648188,2260,389028,9
-2112.6190476190477,2261,389047,3
4854.698999429026,2262,389159,5
-63637.31566056055,2263,389556,4
-3813.809523809524,2264,389574,3
-6373.403263403264,2265,389613,3
-27625.361788624185,2266,389922,4
-17584.484820734822,2267,390098,5
-7164.771862124805,2268,390220,4
30547.691695988913,2269,390467,9
59904.162483543274,2270,390650,10
-11759.230491730494,2271,390878,5
-6550.8553946053935,2272,391003,4
-20338.05777555778,2273,391137,3
5579.942705064186,2274,391275,5
24540.553751803756,2275,391346,6
31295.05716505716,2276,391500,8
-140884.2121208683,2277,392821,11
-16526.165283804607,2278,393122,5
-46228.62563487388,2279,393656,6
22166.466569850858,2280,393753,6
-472.6565101565102,2281,393764,3
19923.021423021426,2282,393880,6
33289.96447996449,2283,394065,8
6346.367798867799,2284,394273,6
-16284.137198361606,2285,394494,4
13994.542174074935,2286,394678,7
-133595.38394461566,2287,395506,4
-53363.21428571427,2288,395733,3
-49422.8948149878,2289,396159,4
-30304.546190448524,2290,396564,6
-4823.755411255412,2291,396592,3
-4487.306106561144,2292,396881,6
-63693.22125994921,2293,397337,4
-12936.316768456863,2294,397413,3
-5010.92191283949,2295,397629,5
-31562.28688923736,2296,398002,7
-22177.874035793935,2297,398257,5
-4906.84658202546,2298,398398,4
-24881.946386946394,2299,398534,3
35416.896959249905,2300,398829,10
20416.52874902875,2301,398870,5
20696.56163281163,2302,398929,5
6915.542929292929,2303,398971,4
32099.81036072932,2304,399332,9
-42855.936285936295,2305,399508,3
-19735.525866032836,2306,399860,6
6999.550727050728,2307,399903,4
-14891.069924834825,2308,400495,11
-16728.33333333333,2309,400568,3
-75532.0368520368,2310,401006,4
50513.87361047964,2311,401273,10
67155.35339660339,2312,401359,9
39730.245518370546,2313,401439,7
590.6772890422255,2314,401508,4
-44739.53904474286,2315,401835,3
-3231.1029248529253,2316,401867,3
-38341.30050505051,2317,402127,5
-88801.91415610508,2318,402908,7
-69957.4527794001,2319,403621,8
-106542.46505128844,2320,404587,4
-36356.888796617895,2321,404909,4
-76885.75301182305,2322,405496,6
-22244.232303644065,2323,405640,3
19706.482683982682,2324,405676,5
-17654.277134067896,2325,406136,8
-30067.22467182799,2326,406523,6
10540.011140819965,2327,406732,6
9533.099955599955,2328,406869,6
-69077.26936634054,2329,407578,7
67978.18378516907,2330,407739,10
6506.33120061913,2331,408260,10
7635.584415584415,2332,408298,4
-11499.876935714792,2333,408735,8
34811.63229336026,2334,408969,9
-19574.246890450446,2335,409437,8
7695.9336251983295,2336,409527,5
-13727.29725898456,2337,409712,4
-9063.055278055279,2338,409767,3
-25897.46441896598,2339,410108,5
32472.072510822516,2340,410169,6
-42323.27879591319,2341,410511,5
-15032.16098014473,2342,410907,7
7461.741655317513,2343,411251,8
-470.8336108336108,2344,411262,3
-20518.151693644064,2345,411455,4
-43981.22059442102,2346,411944,6
-7925.236013986014,2347,411992,3
140.87032850189598,2348,412261,7
23132.46975246975,2349,412300,5
17799.309163059166,2350,412346,5
34465.68999370082,2351,412542,8
-15179.053030303037,2352,412869,6
-2888.750000000002,2353,413047,6
957.4490924190734,2354,413190,5
-20973.008642955137,2355,413364,3
5136.2987012987005,2356,413403,4
27589.975098430998,2357,413651,9
53744.194392209116,2358,413745,8
-3246.0282772782775,2359,413764,3
-2146.5115440115533,2360,413963,6
-33971.96330521282,2361,414396,5
-6822.0678029830515,2362,414738,6
-39020.571519983285,2363,415245,9
21810.769332791395,2364,415288,5
-25743.617812356155,2365,415837,7
29814.007936507933,2366,415871,6
51423.14894256068,2367,416065,9
-6688.737373737379,2368,416199,4
-2535.48245614035,2369,416284,5
5664.250124875095,2370,416586,8
10641.192696192695,2371,416710,6
-47631.51185541023,2372,417257,6
8481.798095695156,2373,417494,6
-24355.97962086933,2374,417705,5
13621.348096348096,2375,417873,7
31398.620481685495,2376,417921,6
20310.928635983153,2377,417983,5
42251.31813216396,2378,418125,8
-24489.00793650794,2379,418308,5
2631.907814407814,2380,418444,5
-16536.27973775625,2381,418710,4
28260.82620232327,2382,418940,7
26716.999239580528,2383,419282,10
-33002.766608391605,2384,419470,3
-3678.749583749584,2385,419499,3
15424.792679800421,2386,419599,5
-24465.96199337299,2387,419859,5
-13994.67474642212,2388,420139,5
33418.852080582576,2389,420301,7
28833.65394223678,2390,420408,6
-2835.301531329007,2391,420496,4
-34740.154221423596,2392,420972,6
-20227.28896103896,2393,421081,3
-20778.45238095238,2394,421180,3
-45222.90764790767,2395,421559,4
-4001.136363636364,2396,421586,3
-12530.059523809523,2397,421709,4
12070.817254640784,2398,421829,6
-19675.847069597072,2399,421951,3
-33717.75759242478,2400,422173,3
-18997.180217611472,2401,422723,8
-2301.0218573995617,2402,422848,4
-14166.645923922479,2403,423043,5
23713.787878787876,2404,423124,6
30467.768214757394,2405,423188,6
38389.78216228216,2406,423250,7
30835.954184704187,2407,423381,7
-4074.3371212121174,2408,423638,6
-31197.272727272728,2409,423814,3
-3633.262669936515,2410,423846,3
8730.681257811671,2411,424079,6
-7490.374585639688,2412,424213,5
-5374.040404040404,2413,424250,3
-22135.87107337107,2414,424396,3
-13077.285165814576,2415,424495,3
3.5107887468565195,2416,424621,4
-30934.691142191135,2417,424934,6
-11920.269599681369,2418,425133,5
-16410.0888000888,2419,425423,5
-4005.741619491619,2420,425442,3
9485.901043401042,2421,425561,5
10397.665945165947,2422,425595,4
18973.56938125514,2423,425644,5
-42738.74445746452,2424,426033,5
-6273.681800225939,2425,426338,7
24563.553357117606,2426,426534,8
-3560.8189359659946,2427,426553,3
-7546.601208389132,2428,426629,3
-2944.195804195804,2429,426640,3
-21476.426655345003,2430,426782,3
21764.926201249724,2431,426941,7
-59234.56715763147,2432,427405,5
19109.931318681316,2433,427443,5
24079.54522945235,2434,427508,5
19187.79761904762,2435,427528,5
-5115.349234099231,2436,427721,6
11321.28427128427,2437,427802,5
-10308.08080808081,2438,427869,3
-2284.226190476191,2439,427880,3
-10342.40287898376,2440,428420,10
-3195.445314489432,2441,428430,3
-7659.239374298088,2442,428781,7
-37681.39152514157,2443,429380,8
-69075.61821284151,2444,430466,12
-5457.992350786472,2445,430760,7
-8563.575794639917,2446,430842,3
-38937.70170296677,2447,431160,4
-41252.84334129923,2448,431509,5
32261.880390206614,2449,431564,6
2332.41391584291,2450,431747,5
-10614.961685201624,2451,431911,4
-3117.20013947181,2452,432173,6
11485.32151006029,2453,432452,8
-9046.090208810794,2454,432650,5
33659.96719098978,2455,432846,7
-54788.6911862648,2456,433435,6
3097.7616297101576,2457,433510,4
-33651.07226107226,2458,433687,3
-7336.516185053333,2459,434080,8
10142.413632119515,2460,434096,4
15633.185564435562,2461,434184,5
14585.40404040404,2462,434248,5
39655.19341769342,2463,434357,7
11878.12220867368,2464,434477,5
1664.1253597194013,2465,434739,6
-46407.74674671732,2466,435103,5
-23762.665945165947,2467,435207,3
68800.86593961593,2468,435413,11
10847.621961371968,2469,435494,5
-18172.572455923848,2470,435888,6
29844.89912864913,2471,435952,6
50182.34424657243,2472,436023,7
55539.186507936516,2473,436130,9
-19086.760608750814,2474,436508,5
7881.825396825396,2475,436539,4
19651.160506160508,2476,436579,5
-24566.603273747205,2477,437019,7
23699.464285714286,2478,437123,6
19428.0558558229,2479,437571,9
28831.80014430014,2480,437633,6
-12766.8979223391,2481,437840,5
10177.885431561903,2482,437878,4
1395.3175926614429,2483,438259,7
23133.56351981352,2484,438415,7
-7861.9063414039,2485,438669,5
22634.01751026751,2486,438825,7
46814.1215034965,2487,438879,7
32740.21862175978,2488,439088,8
11519.186188333064,2489,439247,5
62521.72261344568,2490,439423,9
103141.48011302427,2491,439532,12
-17303.75,2492,439619,3
-14241.322876469932,2493,439735,3
27242.31060047623,2494,439834,6
-19227.006327006326,2495,439933,3
7745.317366485087,2496,440046,5
5620.388606491547,2497,440234,6
4733.7229437229435,2498,440269,4
604.4859307359307,2499,440332,4
-2682.4747474747473,2500,440345,3
-87869.36472132089,2501,441164,8
-18646.229884022065,2502,441360,4
-3200.966810966811,2503,441384,3
-538.9887073710605,2504,441458,4
278.459595959596,2505,441571,5
-36445.97907166795,2506,441878,4
-12690.555555555555,2507,441941,3
6855.030583666417,2508,442057,5
71488.7514242294,2509,442245,11
-14484.59212375134,2510,442667,7
-10241.340603840603,2511,442769,4
-40795.26009147745,2512,443262,6
-46112.289675194086,2513,443564,5
-14207.32142857143,2514,443634,3
-15854.826169702335,2515,443732,3
6807.274531024532,2516,443937,6
-20124.89177489178,2517,444119,5
25191.801184496617,2518,444164,5
-87073.92347182403,2519,444721,5
-7447.753150057707,2520,444952,6
-19167.521645021643,2521,445044,3
-1047.4593462093462,2522,445055,3
20014.090007215,2523,445227,7
-42140.74707714025,2524,445869,9
-27380.731032344265,2525,446258,6
-6098.004217145084,2526,446306,3
5850.488707722187,2527,446514,5
-2100.20545501969,2528,446896,9
9481.869767902068,2529,447232,8
-3299.8799811299814,2530,447265,3
2000.9543719953872,2531,447578,7
8793.650793650797,2532,447662,5
-22073.749999999996,2533,447754,3
10135.469311605118,2534,448133,9
2543.0952380952394,2535,448178,4
-165.2365951901562,2536,448307,5
26967.597957597955,2537,448373,6
-75067.70294591878,2538,448962,5
-7999.438424492603,2539,449084,5
2433.583222333221,2540,449135,4
-4378.174913321973,2541,449300,5
7224.145290215908,2542,449460,5
-19564.678359416717,2543,449819,5
50065.3427128427,2544,450092,11
-4449.59845709846,2545,450211,5
24384.29380603916,2546,450481,8
-4326.080288175874,2547,450667,5
-16221.177429596557,2548,450971,5
29568.927203902043,2549,451071,6
-14355.375310533982,2550,451237,4
-20188.13358210419,2551,451403,3
97720.90638936228,2552,451644,14
-34713.530543916524,2553,451816,3
-32546.683814551474,2554,452328,7
-39100.125500232,2555,452681,4
34630.61569598048,2556,453070,10
-35910.15651015651,2557,453218,3
-8108.535433649591,2558,453364,4
37171.70751655465,2559,453459,6
9858.027152580396,2560,453868,8
1692.6805188705434,2561,454100,6
-20609.843073593096,2562,454542,9
59730.28403265416,2563,454865,11
2596.6018712110044,2564,454936,4
21358.25425047948,2565,455060,6
-944.3903318903252,2566,455224,5
10267.967122746537,2567,455331,5
35319.71397174378,2568,455693,10
-36329.54788267286,2569,455881,3
-25165.679748528048,2570,456333,8
-3216.17444131376,2571,456350,3
-4986.611373858565,2572,456371,3
-6854.520479520479,2573,456422,3
-5129.135735265767,2574,456563,4
-14423.085248085248,2575,456642,3
20252.869875222816,2576,456710,6
22615.55536375389,2577,456948,8
-2419.7619047619037,2578,456998,4
-15505.28839216339,2579,457143,4
25436.193407182098,2580,457440,8
-28992.887594431715,2581,457683,5
-45351.86543032128,2582,458285,8
-81306.11790986785,2583,459028,7
-5215.1118326118285,2584,459196,6
-13337.74461649462,2585,459284,3
17604.94501628403,2586,459353,5
-8815.62257187257,2587,459598,6
-19046.706792865007,2588,460008,6
11074.999999999996,2589,460049,5
34256.74436674437,2590,460179,8
-6715.587751132895,2591,460453,5
39640.79891771456,2592,460604,8
18483.69824619824,2593,460662,5
29733.501776001784,2594,460726,6
-377.4645633004769,2595,460978,6
62131.24264967919,2596,461211,10
-63754.04030588443,2597,461828,6
11792.026070334892,2598,461963,5
-22486.518497739293,2599,462114,3
9082.05338845358,2600,462159,4
25781.73957986459,2601,462471,10
5333.04546781908,2602,462686,6
-22710.784269377327,2603,463362,11
-24486.031746031746,2604,463471,3
-92076.2571456322,2605,464062,6
13263.32181983102,2606,464322,6
18426.100749282883,2607,464502,7
27969.287632395724,2608,464548,6
12568.549584230701,2609,464690,6
9865.296291900406,2610,465027,7
33510.89674214674,2611,465064,6
7321.4040836446175,2612,465511,9
-18295.308427793614,2613,465739,4
-325.23421023421196,2614,465899,5
3824.9822399822456,2615,466072,6
-26867.798949416603,2616,466302,4
29973.306970806974,2617,466542,9
-40957.8812720647,2618,466944,5
19975.876683516006,2619,467079,6
-28623.768130734086,2620,467257,3
-27960.586080586025,2621,467720,8
56454.6405432802,2622,467992,10
7314.880952380956,2623,468013,4
34325.07094964718,2624,468072,6
19177.7147199206,2625,468136,5
17001.766832883313,2626,468199,5
-16407.8099007751,2627,468481,5
-13975.65268065268,2628,468569,3
-2805.0987411281517,2629,468817,7
-10294.083694083694,2630,468893,3
-10321.824658829302,2631,468973,3
18164.60204011675,2632,469111,6
34162.07736707737,2633,469270,8
9708.229825729824,2634,469300,4
6106.84644547732,2635,469468,5
-2336.309523809524,2636,469480,3
-23634.458874458876,2637,469611,3
-5275.555555555557,2638,469647,3
-48033.37919304634,2639,469984,5
59360.46911421911,2640,470132,9
1351.5817212904362,2641,470388,6
-4634.118836529828,2642,470410,3
-4196.78064990565,2643,470434,3
-4467.148774857753,2644,470452,3
6437.787947346775,2645,470724,6
-8991.47627843047,2646,471058,6
-5410.979020979021,2647,471073,3
-6000.669307902278,2648,471310,6
-61162.495285931785,2649,471671,4
-4280.8802308802315,2650,471698,3
28104.135031635036,2651,471747,6
685.4353763916777,2652,471970,6
-17910.228758169927,2653,472095,3
43965.3138875079,2654,472365,9
10414.484126984127,2655,472388,4
20543.11626282212,2656,472656,8
-5346.726190476191,2657,472683,3
-60952.40567559567,2658,473243,5
17357.471899445587,2659,473292,5
19086.83170995671,2660,473328,5
10805.918244337363,2661,473350,4
-17451.642989888427,2662,473768,6
25031.107408243635,2663,473856,6
22219.22619047619,2664,473882,5
10099.193869855631,2665,474292,9
-4179.003659428918,2666,474436,4
-12079.54555248673,2667,474540,3
4455.692224442223,2668,474783,7
13833.27572195606,2669,474893,5
-3417.6190476190473,2670,474907,3
16933.780468972032,2671,475018,5
-9488.84385609231,2672,475083,3
72676.15418314915,2673,475248,10
-18074.43653568654,2674,475501,6
41811.42080142081,2675,475698,9
-10476.25064886095,2676,475871,4
49351.32382989387,2677,476157,10
44409.14696414695,2678,476284,8
9336.969974469974,2679,476309,4
-5227.790833607394,2680,476706,8
5192.60101010101,2681,476844,5
-2077.929292929293,2682,476854,3
-3926.6400266400265,2683,476864,3
-8359.542957042955,2684,476913,3
-10291.1373385013,2685,476974,3
3949.9865115403923,2686,477262,6
19952.94191919192,2687,477310,5
25717.046751622984,2688,477580,8
29739.91074027451,2689,477635,6
56612.89879031022,2690,477872,9
7671.958888933414,2691,477945,4
38148.88732440591,2692,478131,8
56062.31962481962,2693,478254,9
9792.74633454781,2694,478499,8
28677.4062049062,2695,478538,6
-40291.11901986902,2696,478804,4
-1236.9037212787168,2697,479087,6
29249.138639138633,2698,479271,8
-16407.966755466758,2699,479780,8
8265.76393796224,2700,479939,5
-11698.840187590187,2701,480018,3
-12186.765595515584,2702,480277,5
12966.256553903613,2703,480360,5
3768.1729094106267,2704,480651,6
-8374.041273269213,2705,480784,4
27385.606363235984,2706,481119,9
36082.2271927419,2707,481203,7
-4418.682567432568,2708,481240,3
54115.31996834436,2709,481585,12
-36252.73268398267,2710,481814,5
3037.5812470123683,2711,481894,4
-24945.28061334951,2712,482076,3
-8671.098044112754,2713,482278,5
22704.619269619267,2714,482324,5
1499.8658979909014,2715,482563,7
-10570.649350649355,2716,482676,4
-12078.800994756873,2717,482862,4
-35856.24999999999,2718,483104,4
-3110.5230880230883,2719,483127,3
-6266.612554112555,2720,483167,3
-4521.138382171664,2721,483430,5
11622.307998803743,2722,483582,6
1645.3259730465572,2723,483740,5
-5572.720057720059,2724,483959,6
-17782.03773350832,2725,484074,3
-8954.26406926407,2726,484123,3
17057.880045195223,2727,484237,5
93943.12055999559,2728,484399,12
1184.0634223877023,2729,484883,8
3912.010762929879,2730,484927,4
11045.864135864134,2731,485267,9
-22627.423551456402,2732,485436,3
-22489.216905738627,2733,485585,3
-29217.5063825064,2734,485971,8
22458.31985824633,2735,486055,6
17673.625186088426,2736,486152,5
-9885.069930069929,2737,486219,3
-7274.5150285301215,2738,486260,3
-16282.792197688033,2739,486556,5
-24628.82124325625,2740,486783,3
12603.685053766325,2741,487321,11
25774.296498135507,2742,487467,7
-21552.4025974026,2743,487566,3
8907.7635378166,2744,487702,5
-10711.906639738192,2745,488045,6
-1159.5756515828962,2746,488410,8
-5606.861435479014,2747,488439,3
11743.500131488578,2748,488728,7
-33019.40682787921,2749,489073,5
60933.28549880744,2750,489226,9
23504.049693641413,2751,489281,5
-15115.589435074726,2752,489391,3
-9553.914540911443,2753,489700,7
1700.5714506082156,2754,489876,5
-4400.24740739137,2755,489915,3
1498.0319081073753,2756,489973,4
54967.71827029181,2757,490120,9
20053.218088026548,2758,490318,7
4165.321309882067,2759,490370,4
3524.6697746697773,2760,490446,4
24289.089382839386,2761,490621,7
-1265.190746431072,2762,490713,4
-4260.609733403851,2763,490736,3
-12907.44247174395,2764,490828,3
-11356.092254967258,2765,491049,5
-14038.58433233433,2766,491238,5
-7550.419332988993,2767,491284,3
-3464.9361055611053,2768,491295,3
21441.388773764935,2769,491426,6
47435.32538539889,2770,491497,7
14250.366161616155,2771,491563,5
-72566.84056547286,2772,492112,4
-11870.328005328009,2773,492301,5
-8225.214646464647,2774,492411,4
-55473.26345223405,2775,492937,6
-29582.268815420914,2776,493287,5
3055.1403283678846,2777,493436,5
-32391.941808191797,2778,493731,5
26591.341803662952,2779,493957,7
-42657.33612512284,2780,494359,6
28592.212693781963,2781,494656,9
25653.620639980934,2782,494801,7
-47712.991869242,2783,495505,9
20395.15504254088,2784,495560,5
1597.382880492335,2785,496076,9
40153.0980661495,2786,496292,8
-15453.852370539676,2787,496414,3
34995.730780265025,2788,496612,8
22474.086266760412,2789,496647,5
13800.833333333327,2790,496682,5
-6605.0621626395605,2791,496847,4
31272.360417360425,2792,497031,8
20584.86957486958,2793,497061,5
-5390.07245205774,2794,497269,5
-5230.08007923449,2795,497298,3
-9120.517654306925,2796,497373,3
24408.16893375877,2797,497586,7
8069.341769341772,2798,497725,5
-2814.704523417759,2799,497735,3
11124.292914258087,2800,498057,9
-8838.8499000999,2801,498107,3
9775.895456125883,2802,498406,7
20572.772366522368,2803,498482,6
-1664.0544178044183,2804,498544,4
-18935.10038358315,2805,498721,3
-1230.4218004218005,2806,498737,3
41101.88533688534,2807,498797,7
-22798.04284956156,2808,499055,5
10433.57142857143,2809,499065,4
-10043.499544457281,2810,499173,3
40903.55361464297,2811,499387,8
9422.171829718272,2812,499538,5
27289.125523169634,2813,499619,6
47871.445290390715,2814,499755,8
-1710.3809766757695,2815,500071,6
55931.60311910313,2816,500201,9
-27016.000384550236,2817,500677,7
-14495.02737199012,2818,500827,4
-1669.4642857142858,2819,500838,3
-2635.743006993007,2820,500864,3
-9918.343878343881,2821,501215,7
-4440.24008928808,2822,501445,6
-3528.9316933066934,2823,501458,3
-1118.8383838383838,2824,501469,3
-3330.861981156099,2825,501480,3
-11214.665726430432,2826,501555,3
-10533.065270175752,2827,501622,3
-1810.4414213237742,2828,501858,6
-3999.2719679271463,2829,502146,8
36905.912853486385,2830,502244,7
-15588.547016708764,2831,502494,6
1874.6119321854612,2832,502662,6
20909.91654651678,2833,502734,5
-21260.180242658964,2834,502867,4
-44700.28367964534,2835,503201,4
-82117.7589775635,2836,503866,6
44995.49604055214,2837,504066,9
23831.924480748014,2838,504224,7
1719.8677711177688,2839,504354,5
38892.73074148075,2840,504591,8
17752.032828282827,2841,504636,5
123853.96639845363,2842,504924,16
8751.104451104438,2843,505135,7
-9039.162364553236,2844,505290,4
16693.793488073676,2845,505457,6
20676.26004091369,2846,505521,5
5200.711275532911,2847,505929,9
-32019.890453543685,2848,506263,5
-2689.74564264425,2849,506401,5
40692.48450778781,2850,506603,8
33464.54403396741,2851,506808,8
8335.255779007713,2852,506951,6
-31062.556193806195,2853,507131,3
-1822.0055108290394,2854,507222,4
44551.5931518602,2855,507301,7
3586.5871480171027,2856,507589,7
14961.398051571543,2857,507849,8
14840.227456367167,2858,508012,6
22654.40377024937,2859,508224,7
11766.329365079364,2860,508247,4
23128.817044491025,2861,508524,8
32214.35606060608,2862,508582,6
-13838.473536201654,2863,508772,4
-1639.729992229982,2864,509135,9
-7342.000083250099,2865,509461,7
3983.430023708674,2866,509626,5
-33410.32356954453,2867,509980,4
20987.059884559883,2868,510025,5
9730.929621848743,2869,510108,5
-4728.809338456969,2870,510262,4
-38981.94098385275,2871,510619,5
35911.147186147195,2872,510657,6
-2287.0313387835604,2873,511050,8
-8822.846974412496,2874,511120,3
-3055.5645628470097,2875,511387,6
-23554.411654308453,2876,511650,4
-41770.58760683761,2877,511944,5
-2118.243006993007,2878,511965,3
-3714.7741828604835,2879,511977,3
7231.766665137402,2880,512235,7
2463.2210885519853,2881,512589,8
-49187.720265845215,2882,512862,3
-8849.237845487845,2883,512919,3
-34012.05555581328,2884,513377,6
11295.098424522344,2885,513828,10
-341.4264901764909,2886,513900,4
19182.55414112966,2887,514097,6
-65095.23210791461,2888,514620,5
38602.61029411767,2889,514871,9
86235.40978070772,2890,515189,13
25.158730158730123,2891,515201,3
11991.015512265516,2892,515298,5
-9222.120934620923,2893,515562,6
-56954.70590789541,2894,516064,6
40395.36685536686,2895,516202,8
-8729.166666666666,2896,516244,3
-41100.57720057719,2897,516607,5
8550.963342213337,2898,516695,5
21592.630286380285,2899,516729,5
-21210.46706561412,2900,516882,3
-25.534118659117894,2901,517057,6
-10751.193826598235,2902,517130,3
-8971.649184149184,2903,517178,3
33582.30013557993,2904,517572,10
27380.902198291922,2905,517729,7
-37912.93871524223,2906,518099,5
-6888.0627104738205,2907,518158,3
-20872.38455988456,2908,518326,3
-28826.424596645178,2909,518542,4
1744.1093628593644,2910,518688,6
-10978.7012987013,2911,518733,3
-6918.402002409356,2912,518761,3
15952.754980022442,2913,519033,7
5602.269003571254,2914,519283,7
-9517.003372425874,2915,519341,3
-3769.982970014538,2916,519569,5
24309.576718216427,2917,519607,5
-9736.640997890996,2918,519792,5
-5043.080808080808,2919,519818,3
2621.558164058162,2920,519970,5
53712.197369670524,2921,520095,8
-17776.18220720328,2922,520229,4
19788.857345971348,2923,520433,7
-46514.660266204344,2924,520945,7
-39868.98540185304,2925,521266,5
-47550.753237775265,2926,521794,8
-57453.682844932955,2927,522336,7
-12260.694203672138,2928,522569,6
3837.7419118100897,2929,522635,4
-19976.747835497834,2930,522888,5
11195.859786498328,2931,523069,6
3800.646991896996,2932,523175,5
38660.42568542568,2933,523254,7
-89995.31198272193,2934,523909,5
-19238.361638361643,2935,524117,5
-15346.666666666666,2936,524187,3
-11195.242000002061,2937,524258,3
10470.357839185228,2938,524700,9
12707.950937950938,2939,524774,5
-13005.235112110111,2940,524929,4
-11292.20031194296,2941,525303,8
-22654.50937950937,2942,525418,3
-15793.07113659848,2943,525585,3
50839.37148087514,2944,525786,9
-5036.098186943785,2945,526080,5
-11535.474941724939,2946,526166,3
-1304.3595293595301,2947,526293,5
3268.620129870128,2948,526407,5
-48880.5960869196,2949,526792,5
-25464.437367141465,2950,526958,4
-7547.215541166777,2951,527018,3
-6000.008318635798,2952,527211,6
-6090.734115815385,2953,527546,6
-9229.243957176517,2954,527735,5
-18039.352949681892,2955,527866,3
47962.363400488386,2956,527943,8
96924.53462387288,2957,528078,12
448.45183497272717,2958,528419,7
56167.510072057295,2959,528575,9
16931.187161221977,2960,528903,8
-2755.514069264069,2961,528965,4
-20119.629488158887,2962,529223,5
43702.4224159054,2963,529351,7
-2551.549763446048,2964,529389,3
11079.599150849152,2965,529481,5
6108.711745770583,2966,529813,7
7896.977925499651,2967,530137,8
-4185.800865800866,2968,530164,3
29897.023532023526,2969,530314,8
22562.264124764115,2970,530406,6
-26066.00238233559,2971,530837,6
1678.1611444111395,2972,531018,6
-3553.4696508341995,2973,531185,5
36541.59738588726,2974,531407,8
13139.370490620493,2975,531464,5
-18937.468087468085,2976,531727,5
66750.32467532465,2977,531840,10
3760.4460464715876,2978,532029,5
14710.005395361433,2979,532140,5
45447.22818847819,2980,532261,8
-23272.401348651354,2981,532478,4
22649.44444444444,2982,532562,6
-19165.62694250194,2983,532650,3
3396.522482458149,2984,532852,5
48907.00077700077,2985,533044,9
-4935.376012876013,2986,533075,3
-7177.084276018109,2987,533362,6
19180.328282828283,2988,533380,5
-3277.7976190476193,2989,533396,3
44111.4050879928,2990,533584,8
-4852.971472971472,2991,533604,3
1568.6106254856238,2992,533707,5
-3134.3722943722946,2993,533724,3
-3978.4502997003005,2994,533811,4
13831.93116846174,2995,533877,5
30347.44724008695,2996,534154,9
-4473.928571428572,2997,534178,3
31769.780397621005,2998,534546,10
41880.09817839542,2999,534993,12
10153.274225774225,3000,535098,5
-5684.346881833337,3001,535289,5
15382.227457289811,3002,535667,8
32492.66481067951,3003,535781,7
6767.000222000224,3004,535846,4
-3508.4410075218902,3005,535857,3
-3480.232683982684,3006,535875,3
-14359.397307199162,3007,535968,3
49802.79345997999,3008,536241,10
-11882.667401183284,3009,536539,6
12321.666666666666,3010,536578,5
-10546.34306203772,3011,537062,9
-19979.846610432913,3012,537169,3
-26416.20251346072,3013,537401,3
6654.731518481514,3014,537530,6
-8301.178127428127,3015,537765,5
-73833.91307308104,3016,538246,5
-46217.25535383911,3017,539160,12
3182.9130591630656,3018,539373,7
-65040.09104049542,3019,540079,7
-74765.7656932851,3020,540741,7
8798.84920634921,3021,540820,5
-811.2374716786494,3022,540931,5
-9288.640221502823,3023,541066,4
-27809.482571269917,3024,541333,4
4992.038021962567,3025,541572,7
71408.25301182306,3026,541923,12
15892.248503130855,3027,542000,5
-5087.477095487926,3028,542194,6
12532.921800421795,3029,542290,5
60323.82238151539,3030,542473,9
6511.543052810261,3031,542909,10
-21222.034632034636,3032,543070,5
-80447.45047586574,3033,543703,5
-593.8383838383838,3034,543713,3
1361.7996872408603,3035,543857,5
22270.683793975197,3036,543945,5
26847.07189933389,3037,544452,10
-1474.9494949494951,3038,544468,3
-4578.863636363636,3039,544478,3
-11906.938894438892,3040,544547,3
-4615.401265401266,3041,544558,3
-661.5658606099769,3042,544694,5
11832.188089688087,3043,544774,5
-9586.615147602717,3044,545043,5
19710.42207792207,3045,545165,6
31764.924866799873,3046,545316,8
-19340.009275640063,3047,545570,4
-71093.8336867381,3048,545927,4
-20682.180613504144,3049,546196,5
21156.307858807857,3050,546309,6
19187.63708513709,3051,546341,5
-16834.953635116173,3052,546511,4
-4509.810671351054,3053,546536,3
-3374.3123543123543,3054,546559,3
3708.1138067728634,3055,546707,5
-7618.241562359209,3056,546766,3
-10871.111111111111,3057,546814,3
22002.26271836179,3058,547130,9
-9142.435750523986,3059,547291,4
-2027.5252525252552,3060,547436,5
15931.440096281443,3061,547594,6
-9473.128554601499,3062,547664,3
-2146.1507936507937,3063,547675,3
37402.557442557445,3064,547755,7
-22062.074661449657,3065,547975,5
7589.253333525769,3066,548247,6
42698.28335879806,3067,548322,7
14206.833856502972,3068,548409,5
-2624.4588744588746,3069,548419,3
-345.8641432109763,3070,548624,5
-22054.910075697022,3071,548780,3
-22079.138639138637,3072,548918,4
-28645.203523256918,3073,549189,4
-59036.190478703276,3074,549825,8
6654.057633542924,3075,549943,5
42972.46128871131,3076,550025,7
-39787.848990516075,3077,550396,5
-7199.642857142857,3078,550437,3
-2467.8066378066333,3079,550670,6
6213.677719339486,3080,550820,5
-4630.775790520558,3081,550840,3
20697.04560961914,3082,551058,7
32610.023983369592,3083,551188,7
-57958.87059376701,3084,551851,7
16219.69842429299,3085,552194,9
18625.40154290154,3086,552232,5
31881.805046005065,3087,552289,6
15931.109535888945,3088,552346,5
-11591.144966144968,3089,552415,3
31809.609704021474,3090,552535,7
-16072.670107670107,3091,552937,8
7630.841103341101,3092,552984,4
16041.504329004332,3093,553014,5
21889.490093240092,3094,553039,5
10973.710175917997,3095,553146,5
-7437.75155808244,3096,553280,4
43081.10353621078,3097,553527,9
-9130.64908625086,3098,553867,7
654.1474942326342,3099,553947,4
6089.987980108534,3100,554052,4
16071.59988704106,3101,554174,6
-33241.905133694985,3102,554651,7
25429.788399380093,3103,555003,9
-12034.680339655182,3104,555139,4
-52319.79639138993,3105,555440,3
-27185.869547119546,3106,555645,5
-46690.96056721061,3107,556106,6
2339.877800335521,3108,556328,5
21234.07509157509,3109,556346,5
7329.305555555556,3110,556424,5
29866.102679140586,3111,556785,10
22054.883295239328,3112,556879,6
20002.129953379954,3113,557089,7
-10644.76089023142,3114,557196,3
31856.17216117216,3115,557427,9
3193.59174494236,3116,557602,5
-8491.645021645021,3117,557645,3
9226.829668009994,3118,558036,9
12811.790848040848,3119,558130,5
-29889.936771959587,3120,558350,3
-40570.08021915193,3121,558575,4
27179.166250416252,3122,558729,7
18793.65653953889,3123,558770,5
49703.41755006435,3124,559015,9
5983.9694945577285,3125,559195,6
-3016.4285714285716,3126,559210,3
-56625.74754021351,3127,559862,8
16596.019952269962,3128,560086,7
3380.0720699579083,3129,560158,4
4559.261555288609,3130,560227,4
-4042.257395811963,3131,560413,6
47255.96604504885,3132,560546,8
50601.55523891612,3133,560746,9
-2002.4657287157288,3134,560757,3
27213.92203384851,3135,560889,7
21621.119004619388,3136,560914,5
-31309.23850401407,3137,561213,4
1561.8149905649962,3138,561438,7
10746.742025604251,3139,561697,7
6780.529772748522,3140,562166,8
-7194.307881227518,3141,562212,3
56283.89776889778,3142,562349,9
28116.03063464854,3143,562710,9
-633.1349206349184,3144,562768,4
22590.149901483095,3145,563106,8
11669.045954045956,3146,563244,6
-3278.6710400023094,3147,563274,3
10045.565268065267,3148,563300,4
20840.16018537295,3149,563460,6
31488.27810261635,3150,563569,7
13520.190407306607,3151,563673,5
5107.671533234875,3152,563986,7
35987.91452813276,3153,564174,8
18757.150072150078,3154,564225,5
-24855.3846493204,3155,564383,4
-7425.238911415383,3156,564561,5
-1459.5393063678691,3157,564809,6
52865.98689708981,3158,564962,9
5392.594172484585,3159,565126,5
-10745.230980749553,3160,565222,3
41204.90060184913,3161,565346,8
69358.34915084914,3162,565503,10
-13021.555682879212,3163,565578,3
41935.62830487367,3164,565816,9
-19765.963233532886,3165,566084,5
5399.959789307696,3166,566397,7
32012.8228440177,3167,566608,7
19864.226190476194,3168,566634,5
-183.08621933621896,3169,566710,4
-20527.875457875456,3170,566829,3
-56723.761377511386,3171,567114,4
10839.148380420007,3172,567441,7
45114.219293778086,3173,567613,8
-14720.107947607949,3174,567819,4
-54047.06196581202,3175,568259,5
-7379.752081423908,3176,568312,3
-6567.15034965035,3177,568446,5
-25137.896547896533,3178,568663,5
-3431.7666556084923,3179,568933,6
-9252.08166833167,3180,569173,5
22217.391774891774,3181,569199,5
5993.7941917044145,3182,569359,5
-1233.828393828394,3183,569378,3
12561.395271395268,3184,569452,5
-10349.038796171148,3185,569610,4
-68640.99874841359,3186,569957,3
-4232.478429508228,3187,569977,3
-5532.067932067932,3188,569990,3
60132.70483365103,3189,570164,9
34656.10743960202,3190,570254,7
-14505.738844488846,3191,570469,5
-24367.201938927952,3192,570636,3
25405.373191050436,3193,570875,8
-5182.389569065265,3194,570901,3
14919.16961782925,3195,571192,7
-5326.196409608847,3196,571383,5
8190.884605590487,3197,571523,5
7132.579530892227,3198,571679,5
41625.24959839037,3199,572097,10
6854.1550759033,3200,572527,10
-939.8881407550152,3201,572638,4
-22795.67304771252,3202,573046,7
-4147.24483849484,3203,573159,4
-9489.485948826303,3204,573260,3
15731.41434545846,3205,573352,5
34641.167317159954,3206,573404,6
35402.686359478146,3207,573523,7
6383.317884610113,3208,573826,7
39767.35447750413,3209,573956,7
1148.5878174113473,3210,574036,4
20581.67873792874,3211,574157,6
-786.5628278539331,3212,574299,4
371.08674005733803,3213,574670,8
3080.700329082682,3214,574802,5
-44390.62860750354,3215,575188,5
-4951.300169790276,3216,575327,4
31234.52213227947,3217,575554,9
15652.799566274804,3218,575818,8
-4045.2428183271836,3219,575963,5
34565.08297258296,3220,576071,7
-4696.200466200462,3221,576185,4
23398.94758019758,3222,576218,5
40924.42030192031,3223,576291,7
-7741.226107689293,3224,576412,4
40256.300341768365,3225,576744,9
15300.357142857141,3226,576796,5
20907.879204129214,3227,577097,10
14591.778915528907,3228,577371,9
-18814.148629148625,3229,577466,3
-229.57792207792318,3230,577599,5
-34672.788249332385,3231,577943,5
13303.836857586852,3232,578060,6
-17936.468273728336,3233,578316,5
-494.44444444444434,3234,578327,3
22908.14942818619,3235,578379,5
9201.92762116288,3236,578641,7
21153.057359307364,3237,578680,5
18720.8149055705,3238,578797,6
-22506.538021008168,3239,579222,6
23608.91081033689,3240,579636,9
-15755.602241671446,3241,579908,5
22460.723165723164,3242,580208,9
-6567.909579240849,3243,580264,3
-7444.811854811853,3244,580381,4
-3655.966810966811,3245,580407,3
-4251.118603618601,3246,580577,5
19121.704822954838,3247,580792,7
1345.5165467916995,3248,580943,5
-3465.4816017316016,3249,580955,3
52392.88076407747,3250,581506,13
-3959.2897380397376,3251,581522,3
14544.21419267007,3252,581710,6
16495.71164946166,3253,581832,6
42912.53565878566,3254,581908,7
15892.523848915102,3255,582063,6
-3400.7084723841685,3256,582074,3
6122.462957502418,3257,582098,4
-3157.765567765568,3258,582208,4
34053.542756263356,3259,582254,6
37433.89443481355,3260,582320,7
41133.429764679764,3261,582426,8
-10020.144969409674,3262,582485,3
9674.807692307693,3263,582592,5
1743.0988455988445,3264,582718,5
-19982.37063477197,3265,582895,3
4889.6894311324195,3266,583045,5
5841.3155901209175,3267,583198,5
-10800.77125402977,3268,583278,3
18420.40135926165,3269,583349,5
-7517.554945054974,3270,583640,7
-2626.4285714285716,3271,583653,3
13540.471334221333,3272,583836,7
28438.320113838683,3273,583921,6
-2274.8042235542266,3274,584030,4
13850.716228216228,3275,584122,5
-11011.73280580788,3276,584270,4
-3815.019702949264,3277,584462,5
-1644.6675873146462,3278,584477,3
-19454.211627062537,3279,584629,3
48931.507732463615,3280,584834,9
-46928.42259434744,3281,585141,3
10596.262675233265,3282,585244,5
5636.582167832173,3283,585454,6
-10347.31240981241,3284,585511,3
47348.04296878692,3285,585758,9
57412.84436667565,3286,586084,11
17695.171911421912,3287,586129,5
22177.8373015873,3288,586158,5
4657.43661287972,3289,586218,4
-29845.132729178364,3290,586441,3
-15735.108930672002,3291,586861,6
-3120.357142857143,3292,586871,3
-4572.739205239206,3293,586905,3
23157.149264134554,3294,587145,7
36201.38722388723,3295,587327,9
-4899.947519800464,3296,587452,4
4618.227189477194,3297,587712,7
-1979.525452159976,3298,587928,5
17128.66883116883,3299,587980,5
-5969.440241643162,3300,588021,3
-7283.445859695859,3301,588067,3
15266.285984182663,3302,588255,6
34870.33790389625,3303,588419,8
-15857.871304821765,3304,588627,5
8256.353776941998,3305,588955,7
-20914.590964590963,3306,589177,4
-2844.8445998445995,3307,589198,3
4655.594479694713,3308,589345,5
-7471.72619047619,3309,589377,3
16046.394373600258,3310,589723,9
17112.608918858918,3311,589791,5
-28722.141867420494,3312,590159,6
6.023951538656547,3313,590285,5
10493.704755212115,3314,590407,6
-21148.991385291687,3315,590550,3
-4307.357127549618,3316,590687,4
3546.763018757987,3317,590837,5
-9956.718390398732,3318,591069,5
9118.878915202444,3319,591161,5
-2828.491426873777,3320,591339,5
19457.445030459738,3321,591387,5
22402.803585947924,3322,591641,8
-9266.28604646987,3323,591943,7
9545.47969056937,3324,592211,6
-9414.235347985348,3325,592325,4
7380.0640413508045,3326,592453,5
19920.714701964698,3327,592502,5
-6787.489752249813,3328,592700,4
56881.58563658564,3329,592821,9
15188.656441168043,3330,592955,6
-15319.51905786852,3331,593073,3
13750.804372141443,3332,593285,7
24081.612926995393,3333,593750,9
18565.835137085138,3334,593852,6
-18014.93336814545,3335,593942,3
173.56688246394083,3336,594141,6
41926.214537096916,3337,594288,8
3692.5009411812835,3338,594467,5
9382.499722499724,3339,594485,4
-7885.365076100382,3340,594748,6
-39240.58554534562,3341,594939,3
-11020.027753240163,3342,595019,3
-4207.746413802915,3343,595076,3
-599.554473304469,3344,595270,5
25403.04924242426,3345,595539,9
46851.06044182593,3346,595629,7
364.23904118757827,3347,595789,5
10608.32251082251,3348,595813,4
21553.81493506494,3349,595840,5
27537.296106671107,3350,596261,10
3214.2603736058527,3351,596407,5
32181.665173491794,3352,596542,7
19770.331971949632,3353,596662,6
-4283.359614241968,3354,596770,4
-11323.487455074954,3355,596875,3
16603.86805424537,3356,597109,7
11598.894045840638,3357,597282,6
-55259.794243424294,3358,597662,4
4324.444444444444,3359,597697,4
23898.885929816643,3360,597929,7
16502.507215007216,3361,597978,5
23085.118551254393,3362,598080,6
-99159.36008113832,3363,598624,3
-8379.759129759128,3364,598667,3
7064.412911434979,3365,599004,7
50294.00030525031,3366,599162,9
-9471.400676207182,3367,599466,5
-23743.0728095434,3368,599826,6
-15913.765528846798,3369,600123,5
42810.315853951695,3370,600416,10
8863.559852814886,3371,600465,4
3866.722041288601,3372,600702,6
-3493.640014526237,3373,600814,4
-16040.070787056076,3374,600923,3
20770.507721552618,3375,601334,9
30794.380229763352,3376,601398,6
-24298.127437577892,3377,601527,3
-18514.00096420607,3378,601968,7
-37114.22073948583,3379,602348,5
-7853.839246408907,3380,602408,3
32299.599541012438,3381,602747,9
-9833.341148684702,3382,602811,3
25520.565113421155,3383,602955,7
31786.52214185883,3384,603047,6
-8873.740725994141,3385,603110,3
13548.801753801743,3386,603293,7
-7273.7995337995435,3387,603632,7
-22062.62071262072,3388,603754,3
2451.5800865800884,3389,603854,5
-17002.305194805194,3390,603921,3
-9313.679910775483,3391,604165,6
-46770.89884788415,3392,604552,6
-7637.840882028217,3393,604773,5
-4055.4617604617597,3394,604869,4
-46453.35455394281,3395,605237,4
10229.141193773548,3396,605274,4
-2718.2359307359307,3397,605285,3
29949.386300189315,3398,605402,7
-3946.137196137196,3399,605421,3
-5639.81145896587,3400,605450,3
-41982.68952237995,3401,605769,5
-16448.646591435965,3402,605962,5
-6646.039894278856,3403,606012,3
15550.208179763134,3404,606073,5
13465.545286971366,3405,606238,6
-16927.860750360753,3406,606457,5
15714.174057152,3407,606554,5
24466.897269397272,3408,606774,9
52402.170656785594,3409,606947,9
-2069.8761545229263,3410,607054,4
-3448.9285714285716,3411,607068,3
8677.530149560962,3412,607453,8
-23071.35392385391,3413,607646,4
2737.097936033699,3414,607918,6
25883.14811414079,3415,608149,8
-21401.738898356543,3416,608493,7
31788.37915823274,3417,608979,11
20029.989433511102,3418,609056,5
-14135.707248349208,3419,609330,5
-4571.915306915307,3420,609365,3
-13264.399211899216,3421,609494,4
38773.444067112796,3422,609698,9
8316.45354645355,3423,609729,4
-8981.5021090021,3424,609989,6
17258.912770236315,3425,610044,5
9862.654162572891,3426,610244,6
58317.56678657336,3427,610502,10
7689.825174825173,3428,610627,5
45079.79020979018,3429,610817,10
37524.3676355875,3430,611134,10
12350.425685425687,3431,611271,6
-10493.483636891135,3432,611613,6
8369.287171162168,3433,611921,7
-6392.8755652672035,3434,612297,8
-23370.212759376853,3435,612499,4
16501.49274336775,3436,612627,6
1846.3783286287153,3437,612796,5
6556.403457653457,3438,612827,4
3050.279094830177,3439,612994,6
-8518.665084915083,3440,613051,3
-29154.173049173067,3441,613286,4
16596.359959484966,3442,613383,5
-9770.126540126543,3443,613437,3
8942.752525252525,3444,613474,4
43690.76209839949,3445,613826,10
20402.549950049954,3446,613864,5
6422.116143660263,3447,613960,5
-2171.4285714285716,3448,613971,3
21315.262339784404,3449,614282,9
-12746.784743034754,3450,614543,6
-4610.190815376574,3451,614583,3
-1885.1190476190477,3452,614596,3
-5233.7755994006,3453,614639,3
-4064.9685028593694,3454,614676,3
26182.21023730313,3455,614885,8
-20507.21538131183,3456,614999,3
66448.98111606689,3457,615215,10
5240.561521811518,3458,615339,5
-16292.587597366577,3459,615485,3
-3083.5250044073578,3460,615512,3
-24442.367485026167,3461,615765,5
-9449.007936507936,3462,615813,3
-8984.936520522822,3463,615856,3
-57932.274762131616,3464,616418,6
-8445.81274351499,3465,616473,3
38350.15166356691,3466,616581,7
29349.332773135015,3467,616662,6
-8225.252830730686,3468,616904,5
5722.972546029823,3469,617189,7
-7074.036869992754,3470,617338,4
5686.089869351319,3471,617457,5
-26462.048926081774,3472,617715,5
-10747.308603845111,3473,617808,3
-30840.35965924191,3474,618162,6
-11434.811527696576,3475,618381,5
6975.002220002223,3476,618562,7
2452.927177956206,3477,618644,4
-62514.85464488769,3478,619135,6
-21412.254830107282,3479,619274,3
26924.36688784212,3480,619516,9
-5644.3094405594475,3481,619749,6
-21313.63636363636,3482,619846,3
-2750.010822510822,3483,619876,3
4730.631345778408,3484,619998,5
-8437.651515151512,3485,620043,3
-23566.460892049137,3486,620187,3
24932.81746031746,3487,620270,6
-4362.648306286078,3488,620410,4
-9105.184023492848,3489,620472,3
358.10096250497816,3490,620890,9
-29163.808262133938,3491,621230,5
9625.108363858364,3492,621396,6
27429.686355311354,3493,621450,6
-7829.334350271554,3494,621500,3
-8820.657805601692,3495,621545,3
-32339.665715243027,3496,621962,6
-503.43866694208214,3497,622137,5
-2309.72360972361,3498,622165,3
3195.1902105462505,3499,622410,7
10117.449703074702,3500,622445,4
34432.85256410256,3501,622544,7
-40648.41781584431,3502,622807,4
24574.12691845926,3503,623001,7
11987.443467480229,3504,623126,5
35571.42157618222,3505,623227,7
-15584.014077224123,3506,623714,8
-8520.740093240092,3507,623764,3
-11275.621311952582,3508,623840,3
15369.949485499019,3509,623919,5
-55682.78450715955,3510,624296,4
3388.501082251079,3511,624409,5
29270.442192611306,3512,624499,6
-16955.069117949373,3513,624632,3
-20748.640315873094,3514,625105,7
18628.464117581767,3515,625174,5
1316.711350583878,3516,625254,4
-60878.12555886664,3517,625906,6
-16719.658054244403,3518,626031,3
16095.868473846414,3519,626086,5
-7325.579836829839,3520,626235,5
-16714.601865282973,3521,626337,3
19407.320387945387,3522,626389,5
47614.803480832896,3523,626523,9
11946.995504495504,3524,626666,6
-5830.031124515543,3525,626877,5
10599.389181939485,3526,627105,7
3216.017703486743,3527,627327,6
15726.426859940284,3528,627687,9
-7974.592393330781,3529,627808,4
-12842.37587279795,3530,627911,3
58032.18299352009,3531,628044,8
11745.20915363073,3532,628358,8
24547.49840467034,3533,628598,7
-1989.1545504121264,3534,628722,4
32968.071451682124,3535,628980,8
-12491.534669750614,3536,629064,3
8917.407151671852,3537,629224,5
-4281.714396714397,3538,629254,3
-161.74506049506044,3539,629272,3
-4965.44178044178,3540,629426,5
6281.626771920891,3541,629549,5
-20825.525667143313,3542,629756,4
64643.271731493456,3543,629921,10
-4182.14310607693,3544,629961,3
-4360.02886002886,3545,629986,3
-5362.13591963592,3546,630019,3
27035.069009078266,3547,630334,8
-5583.939393939393,3548,630358,3
18396.20915575241,3549,630807,9
16290.199578390087,3550,631001,6
-15292.940392940407,3551,631288,6
-40387.62448121193,3552,631668,6
-56582.06979015993,3553,632164,5
-8062.970452749854,3554,632442,5
16070.091847007483,3555,632526,5
30792.948318880983,3556,632673,7
17793.242823353114,3557,632790,6
-38075.251508654226,3558,633056,4
-4003.185564435565,3559,633152,4
-33311.84523809524,3560,633388,5
-7476.674086577333,3561,633906,10
-11538.693875568877,3562,634187,6
-39328.06901431903,3563,634606,6
12528.761977401684,3564,634624,4
-3117.8164890664893,3565,634649,3
7500.356310356311,3566,634771,5
-9031.357808857809,3567,634859,4
58326.553435384696,3568,635000,9
-58057.48559790741,3569,635458,5
-1302.1022033522036,3570,635484,3
-21287.031240818007,3571,635914,7
30659.840624416862,3572,635987,6
-1560.865332637781,3573,636086,4
8887.3104080489,3574,636247,5
-28975.867124361706,3575,636424,3
-7042.820096570126,3576,636731,6
8609.315332378917,3577,636843,5
6510.238095238097,3578,636926,5
-21219.86114422832,3579,637235,5
-19444.493889323607,3580,637583,5
-10098.962728448018,3581,637762,5
849.5405471515169,3582,637932,5
30288.333333333336,3583,637956,6
-10394.725829725832,3584,638006,3
-36589.3084693085,3585,638451,7
-6426.336677411519,3586,638575,4
-35456.23838880419,3587,638780,3
32973.24224250571,3588,638835,6
37651.885671518045,3589,639086,10
-496.93084693084387,3590,639221,5
17740.757575757572,3591,639430,7
-24669.434682964093,3592,639541,3
21575.041917817685,3593,640004,9
21634.887889887894,3594,640037,5
-6259.795412920413,3595,640262,5
23164.4851594484,3596,640299,5
-461.21753246752934,3597,640371,4
-3407.38322135381,3598,640386,3
40411.489717497854,3599,640481,7
-1114.5838450522047,3600,640786,6
9233.120837495837,3601,640992,7
16817.506638957882,3602,641280,8
2604.7587828837854,3603,641414,5
-52980.21583249911,3604,642011,8
-8640.241294419602,3605,642088,3
-26671.984047729016,3606,642414,5
-21204.49593195726,3607,642555,3
-9753.456265956253,3608,642809,6
25804.637419683862,3609,642891,6
5520.477397129873,3610,643039,5
21236.983829723766,3611,643345,8
332.92124542124293,3612,643571,6
-35334.305361176484,3613,644043,6
19446.13095238095,3614,644072,5
-3333.928571428571,3615,644099,3
-2135.792646466017,3616,644234,5
3580.262638809717,3617,644410,5
22646.83566433566,3618,644452,5
-220.49761792215259,3619,644539,4
-3247.909667946433,3620,644568,3
-3556.9585969585964,3621,644606,3
-30241.85966810963,3622,644836,5
-11037.307137307134,3623,644903,3
-17792.876387673216,3624,645098,4
1996.4521855853113,3625,645248,5
-28131.99055846114,3626,645402,3
-1238.4648684648685,3627,645488,4
45693.19568911481,3628,645608,8
34727.24067599069,3629,645662,6
-17227.08388397472,3630,645801,3
61178.39281401805,3631,645952,9
-4989.86568986569,3632,645980,3
-16248.061094392366,3633,646087,3
-476.3564213564215,3634,646098,3
12995.316594739974,3635,646483,9
-1827.6540736525237,3636,646601,4
-662.8418096781057,3637,646856,6
-2388.3271589521355,3638,647237,8
-20240.553474882454,3639,647332,3
17577.23525700306,3640,647396,5
32363.33777290821,3641,647570,8
15641.90254190255,3642,647637,5
-9299.467257914457,3643,647894,5
-8447.474608724606,3644,648084,5
60673.83626006289,3645,648427,12
-21324.145648588732,3646,648845,7
12482.443874793787,3647,649047,6
-24069.872161507177,3648,649354,6
-10273.54174420351,3649,649689,7
-3553.9312111177433,3650,649910,5
19060.192530899054,3651,649950,5
-23173.926871846754,3652,650139,4
-5434.376028383382,3653,650169,3
-819.2446684684874,3654,650350,5
1284.0476190476202,3655,650405,4
-229.00760552656823,3656,650612,6
12923.184033029233,3657,650730,5
-47211.23288476229,3658,651076,4
-995.7142857142891,3659,651146,4
-61296.955412429124,3660,651721,5
-3328.1822948984645,3661,651931,5
16898.46583971584,3662,651996,5
-17606.79035811969,3663,652242,5
-5140.400432900433,3664,652253,3
-4871.957906354947,3665,652303,3
-43996.74744373272,3666,652592,4
-4762.8517316017305,3667,652632,3
-12086.670274170272,3668,652701,3
917.0345282942008,3669,652878,5
20150.767010767013,3670,652928,5
11673.92645581113,3671,653085,6
4751.331226850727,3672,653322,6
3784.0423193040633,3673,653545,6
18646.103741459778,3674,653601,5
-26496.296397745697,3675,653818,4
24077.95883081486,3676,654162,9
49780.621041540144,3677,654360,9
43205.78962703964,3678,654502,8
-5279.107132678273,3679,654577,3
-3586.3095238095234,3680,654591,3
20449.311528932987,3681,655013,9
-1301.7316017316018,3682,655031,3
20320.27785875115,3683,655217,7
-8497.955550641309,3684,655284,3
-14671.069374807901,3685,655497,4
31354.63975029958,3686,655695,8
11742.410391895703,3687,655942,7
-7352.319685818134,3688,656170,6
23311.427498799792,3689,656281,6
40275.71692196692,3690,656370,7
4246.428571428571,3691,656402,4
32459.302984503738,3692,656576,7
-13014.046125443194,3693,656800,5
-13596.411354383496,3694,657018,5
18352.43655753095,3695,657189,6
38284.060803593544,3696,657296,8
-51501.860639360646,3697,657683,5
11789.915015540015,3698,657764,5
16156.501779739005,3699,657990,7
18407.331834831835,3700,658040,5
22489.187732202445,3701,658201,6
17000.483804980708,3702,658430,8
31338.621434465083,3703,658803,11
6057.998551240493,3704,658931,5
15900.738306670966,3705,659161,7
-13166.768284175407,3706,659335,4
5211.3343861758785,3707,659677,8
21673.428377178374,3708,659915,7
6591.839280001048,3709,660162,7
-6296.130952380953,3710,660203,3
16123.982476445799,3711,660464,7
1663.6155021449167,3712,660645,6
-1984.2712842712845,3713,660710,4
16453.72113997114,3714,660765,5
-18832.819936556392,3715,660995,5
16108.347763347761,3716,661038,5
-7816.276255990014,3717,661165,4
-2832.1138583638567,3718,661445,6
44774.184780488875,3719,661534,7
39407.112665166846,3720,661987,11
4696.933877096417,3721,662057,4
37249.2761862264,3722,662258,8
47649.424159837195,3723,662504,9
8050.238095238095,3724,662522,4
-13267.299367299367,3725,662575,3
15893.151029182382,3726,662631,5
9128.708614012412,3727,662765,5
24913.81937506937,3728,662888,6
33933.604322878695,3729,663179,9
10367.812352502571,3730,663284,5
28355.9146428477,3731,663454,7
7566.535391273748,3732,663546,5
-2475.1190830583246,3733,663559,3
-6556.096468890587,3734,663609,3
12220.478758166186,3735,663941,7
19972.42223054723,3736,663987,5
53446.39992360579,3737,664135,9
44707.975635475625,3738,664299,8
22960.884948384948,3739,664337,5
-10372.201170432603,3740,664585,5
-19472.004039562093,3741,664862,5
25887.016002788063,3742,664960,6
2481.124708624709,3743,665032,4
12748.080253080248,3744,665263,7
15548.629585284001,3745,665518,7
572.1820210644423,3746,665571,4
-6604.767511899865,3747,665615,3
58358.686016425956,3748,665895,11
-15488.594503216356,3749,666435,8
15702.23401598402,3750,666671,7
-11377.924575424579,3751,666787,4
8799.300213675217,3752,666895,5
61361.385083140114,3753,667024,9
-2026.0606060606062,3754,667077,4
5466.545078158857,3755,667297,6
-12438.11133311134,3756,667594,6
34739.64125558639,3757,667835,8
-9064.602203352204,3758,667915,4
-9429.21327786981,3759,668139,5
-3101.5584415584417,3760,668149,3
-34226.32867433566,3761,668539,6
4907.14231614992,3762,668628,4
41938.3985336559,3763,668705,7
-3136.2061046501262,3764,668894,5
-12602.992424242424,3765,668955,3
34977.08605163327,3766,669049,7
-4988.226079690849,3767,669363,7
-11057.731714711457,3768,669433,3
18499.090105156276,3769,669799,9
26360.65137691686,3770,670205,10
60686.33090650769,3771,670294,9
-3590.4669268639855,3772,670440,5
45704.84335114004,3773,670595,8
23201.356873092802,3774,670725,6
49860.62595900831,3775,670818,8
-14273.999750249752,3776,670937,4
-30292.840986883624,3777,671167,3
5476.412878935425,3778,671419,7
-61865.45041087241,3779,672523,13
-38543.68096603485,3780,672961,5
-23301.940922639453,3781,673190,5
-14425.522801716685,3782,673268,3
24961.81322354119,3783,673525,8
17019.382561882565,3784,673693,6
529.2335442335457,3785,673883,6
11572.074314574316,3786,673974,5
-16544.363275613276,3787,674133,4
1650.7889332889335,3788,674199,4
-7030.728438228439,3789,674232,3
-25251.87451437451,3790,674350,3
9165.846920107757,3791,674482,5
48142.796240137555,3792,674719,10
21332.6030971896,3793,675028,8
820.8162195524283,3794,675260,6
-3705.817140375964,3795,675292,3
-36148.40590781763,3796,675690,5
5321.666666666665,3797,675720,4
20146.36510204622,3798,675789,5
-32527.313763163213,3799,676001,4
-10705.20280735552,3800,676075,3
14188.602994227995,3801,676142,5
8821.636696636697,3802,676171,4
-8911.111111111111,3803,676273,4
-1222.37755300255,3804,676425,5
-16648.800946860145,3805,676917,8
-42418.35667944026,3806,677382,6
15506.518259432334,3807,677602,7
31158.871856557613,3808,677686,6
-44960.93526055989,3809,678325,8
19473.70230388807,3810,678652,9
10572.944125018428,3811,678669,4
-6842.797619047618,3812,678703,3
-23288.900353845147,3813,679008,5
25444.659000700023,3814,679194,7
3011.6892687168815,3815,679372,5
-51405.514878573915,3816,679814,5
-17251.888111888115,3817,679884,3
-9801.578837828838,3818,680080,5
21307.385669885673,3819,680130,5
346.75685425685333,3820,680259,5
-7166.165701735929,3821,680572,6
1425.3544765348197,3822,680707,5
-22857.43395493396,3823,680834,3
-45755.196436705206,3824,681119,3
-15282.988958925484,3825,681319,5
-7399.687950937951,3826,681364,3
-16504.34320882077,3827,681606,5
-21966.688475353356,3828,681905,5
10884.777306027305,3829,682062,6
25554.00046547879,3830,682214,7
-66249.49372579115,3831,683012,8
-13636.080096374215,3832,683096,3
-47611.00253912753,3833,683358,4
-13503.030955972126,3834,683456,3
8855.356795981794,3835,683544,5
7466.039891671577,3836,683904,8
-13217.096583971568,3837,684128,5
-5136.08065824784,3838,684240,4
2847.7373525167595,3839,684648,9
54968.50237181118,3840,684937,10
40452.32338348414,3841,685259,9
13218.318921612852,3842,685434,6
19317.37012987013,3843,685460,5
23097.874192800693,3844,685652,7
-23301.245648915923,3845,686165,8
17721.840025571222,3846,686418,7
5403.5800583668715,3847,686522,4
-3728.095238095238,3848,686533,3
8441.670918950333,3849,686655,5
-28353.34074422311,3850,686941,5
22092.254090788898,3851,687045,6
-4013.2828282828277,3852,687070,3
-742.0111832611838,3853,687142,4
24726.148459383763,3854,687283,7
3187.665573160926,3855,687371,4
26661.52289432945,3856,687633,8
-27460.077469615015,3857,687879,4
-11899.05471936045,3858,688090,5
-1652.3230538381458,3859,688153,4
18904.975829654857,3860,688393,8
35829.54215289355,3861,688467,6
-4120.700806546395,3862,688487,3
-5223.023625411395,3863,688729,5
-6831.751581751582,3864,688756,3
-4873.492063492064,3865,688775,3
34107.824814074826,3866,688910,7
2068.309386691739,3867,689071,5
-4186.683713846017,3868,689108,3
2652.7136058386077,3869,689220,5
16370.44344544345,3870,689299,5
10584.388657438187,3871,689538,7
6143.782423501847,3872,689632,5
12442.01121633784,3873,689715,5
10257.338163642324,3874,690126,10
19316.800144300145,3875,690165,5
226.87789334847594,3876,690332,5
21287.602258852246,3877,690425,6
7071.358338943491,3878,690696,7
-15740.029530153386,3879,690956,4
11706.630371262721,3880,690987,4
2578.2605588855645,3881,691146,5
772.5709013209025,3882,691225,4
779.9368082099784,3883,691403,5
9470.053280053284,3884,691482,5
36575.86580086581,3885,691566,7
13035.68387838512,3886,691833,7
-9538.82232146938,3887,691973,4
11130.395379474327,3888,692061,5
23595.181199519422,3889,692148,6
8233.955534269204,3890,692305,5
-46458.7878787879,3891,692523,3
-10917.830649533233,3892,692619,3
17174.55650438126,3893,692724,5
-2110.5014430014453,3894,692834,5
-5222.226939726939,3895,692982,5
-4378.254384504389,3896,693158,5
-17853.88791763792,3897,693245,3
20425.702908202915,3898,693360,6
51483.36499302579,3899,693604,9
9523.271952505695,3900,693724,5
33345.70212467272,3901,693852,7
-6703.869047619048,3902,693883,3
-6890.7890720390715,3903,694002,4
-2840.6801531801534,3904,694013,3
-8244.281968031968,3905,694070,3
-36709.67952970662,3906,694318,3
-64050.71827896899,3907,694827,5
-15840.72802197801,3908,695074,5
-38471.99506547803,3909,695408,5
-967.6842601842587,3910,695472,4
-3956.76604613137,3911,695668,5
29099.374721425807,3912,695867,7
13799.574636551582,3913,696038,6
5592.331002331004,3914,696181,5
18159.103343551877,3915,696244,5
17404.28600381386,3916,696313,5
-8110.943014029314,3917,696348,3
28076.515957644304,3918,696497,7
-3402.262182262182,3919,696527,3
9443.20345912258,3920,696615,5
9381.987241596958,3921,697085,9
-54149.10793240124,3922,697709,8
-1639.9657287157288,3923,697719,3
-17354.641504006824,3924,698040,6
59436.13612286406,3925,698287,10
24380.373663844948,3926,698517,7
23289.731904085133,3927,698579,5
22785.13132292544,3928,698839,8
-14154.046002157469,3929,699090,5
982.1897546897587,3930,699212,5
-27333.62171733497,3931,699666,6
37079.73271907459,3932,699805,7
27317.58913665454,3933,699990,7
27352.685092685104,3934,700185,8
604.857891721304,3935,700559,8
16691.383350911212,3936,700638,5
-12642.35982777972,3937,700703,3
-4602.703823953824,3938,700727,3
-23000.31045751634,3939,700988,6
-1321.7857142857142,3940,700998,3
-5531.890685423968,3941,701021,3
-12119.591391481565,3942,701101,3
23262.73193847962,3943,701180,5
22412.534533534905,3944,701331,6
11133.082135442812,3945,701537,6
6140.157352966952,3946,701595,4
-7295.61507936508,3947,701754,5
-3708.997962821498,3948,702102,8
-9893.087361984419,3949,702345,5
-20044.722222222215,3950,702453,3
-15958.333333333334,3951,702533,3
26202.77777777778,3952,702591,6
30958.077578166605,3953,702735,7
-949.8321365204858,3954,703041,6
-18182.27528465312,3955,703209,4
23403.7968975469,3956,703251,5
-826.0730281452318,3957,703452,5
49200.55313322726,3958,703693,10
21146.7784992785,3959,703734,5
23104.80873250417,3960,703827,6
30426.603135426674,3961,703903,6
-18479.576118326124,3962,704112,5
12171.187562437559,3963,704186,5
-36127.73647534101,3964,704797,8
-3624.6597636110055,3965,705049,6
16209.061043875288,3966,705133,5
21524.635784966664,3967,705362,7
-3548.2694388944387,3968,705372,3
-7409.4417798403865,3969,705599,5
26394.107523023933,3970,705715,6
-14756.139962072384,3971,705969,5
8610.387251637263,3972,706303,9
19042.5801078007,3973,706375,5
54250.023391641014,3974,706622,10
9654.459221334231,3975,706708,5
34888.21599066566,3976,706900,8
11438.586148328795,3977,707078,6
-9306.984126984127,3978,707133,3
-73002.67603655379,3979,707840,5
-8015.357142857142,3980,707881,3
882.7006327006327,3981,707894,3
-3574.603174603174,3982,707914,3
-15682.323273132091,3983,708106,4
-9246.88372815695,3984,708321,5
22806.90174634447,3985,708512,7
18819.682539682544,3986,708576,5
14962.98201798201,3987,708879,8
-13657.00445387945,3988,708977,3
-12084.53796203796,3989,709200,5
21161.973147681354,3990,709340,6
2977.465580253634,3991,709657,7
18002.499999999996,3992,709680,5
-6940.1388147885855,3993,710024,6
7788.869047619048,3994,710100,5
12021.825396825396,3995,710157,5
22067.52893842484,3996,710320,7
-21482.0473970474,3997,710515,4
1316.7816931090958,3998,710975,10
-38776.26077111157,3999,711451,6
17753.361479207062,4000,711708,8
12683.896103896102,4001,711791,5
-25565.67724454469,4002,712298,7
13124.808214016804,4003,712627,7
61934.68018093019,4004,712744,9
19372.482756366528,4005,712999,7
-23033.244661068733,4006,713231,5
15936.154748029747,4007,713357,6
3594.82364191535,4008,713579,6
-19776.867491383746,4009,713759,4
-1769.2286879786886,4010,713918,5
5881.161616161616,4011,713960,4
7863.830425502836,4012,714098,5
9085.60606060606,4013,714108,4
-803.8879176379177,4014,714120,3
-20227.31565669452,4015,714490,7
45868.343151946094,4016,714639,8
-2227.465728715724,4017,714780,5
36102.43878971047,4018,714924,7
-40391.05472290715,4019,715233,4
19351.051468305915,4020,715697,9
4750.30844944006,4021,715887,6
62665.27097902097,4022,716016,9
44363.08259035428,4023,716170,8
-49298.89027639027,4024,716525,5
-7368.030303030304,4025,716568,3
-7840.853774278688,4026,716914,7
-1613.8801144694442,4027,717022,4
-14126.163945918217,4028,717253,5
52929.47165579517,4029,717371,9
-8899.357423622128,4030,717412,3
-12473.345027006015,4031,717548,4
63747.48021586257,4032,717797,11
18413.226911976915,4033,717831,5
14908.415641376167,4034,717888,5
23290.019980019984,4035,717941,5
-17461.309523809527,4036,718015,3
9275.577783929177,4037,718055,4
20656.26984126984,4038,718082,5
33942.51416475681,4039,718283,8
14244.12637156445,4040,718358,5
17014.104367854365,4041,718485,6
-12314.682539682537,4042,718600,4
-7733.41180362465,4043,718907,6
-1090.6759906759908,4044,718917,3
-106.30952380952908,4045,719043,5
-10021.37445887446,4046,719092,3
54327.60212916038,4047,719311,9
58030.862941255116,4048,719506,9
8852.65105288701,4049,719673,6
20209.539676010267,4050,719791,6
-12335.788525200289,4051,719864,3
-22128.448071536302,4052,720135,5
31000.307556865242,4053,720766,13
-18608.270590158263,4054,720893,3
-36478.81895881895,4055,721050,3
-17518.05416805416,4056,721363,5
-11166.687715878888,4057,721597,6
-6626.820123274223,4058,721648,3
22905.81524666723,4059,721811,7
7031.302651596778,4060,721964,6
26385.528291153292,4061,722112,7
-23925.178710178716,4062,722441,5
9437.562914167016,4063,722942,9
18601.50158256776,4064,723173,7
12632.592632041147,4065,723285,5
7582.499884016913,4066,723577,8
12138.184380978499,4067,723696,5
347.59657009657184,4068,723792,5
-2461.9588744588746,4069,723803,3
-3099.7023809523807,4070,723820,3
-5030.378880861365,4071,723838,3
53089.51312812574,4072,723962,8
-51034.242913324364,4073,724365,5
3324.09377255647,4074,724465,4
11115.359362859357,4075,724564,5
30651.45700548946,4076,724777,7
-16181.194653085127,4077,724964,4
40917.520286516024,4078,725061,7
41475.68806193806,4079,725139,7
10796.257476613517,4080,725226,5
-10544.998561165357,4081,725314,3
10593.190975690979,4082,725393,5
1321.9582480941694,4083,725535,5
3111.2656186823424,4084,725922,7
42341.78904321514,4085,725990,7
-978.5173160173161,4086,726001,3
-9975.770729791815,4087,726053,3
51806.13087076322,4088,726286,10
3957.7639908251335,4089,726457,5
-4636.476652432535,4090,726499,3
15884.65953357788,4091,726587,5
10477.298710061863,4092,726714,5
18183.181818181823,4093,726758,5
2646.3955931409464,4094,726879,4
-16765.070194645843,4095,727003,3
-6982.142857142858,4096,727035,3
19345.201294878163,4097,727196,6
11131.771683796615,4098,727418,6
-15736.035145410142,4099,727586,5
-23998.513850270825,4100,727815,4
7128.34540459541,4101,727966,6
-29234.84565443157,4102,728339,5
3596.175421800419,4103,728543,6
-18661.78038185584,4104,728845,5
-20070.481601731597,4105,729067,5
-8445.086025086037,4106,729269,5
-2680.523730010941,4107,729589,7
-6356.739094239094,4108,729842,6
4399.191820176726,4109,729970,5
-27783.197154582555,4110,730652,8
4787.219169719168,4111,730741,5
27545.5617095323,4112,730887,7
-71164.28070877699,4113,731551,6
18224.166666666664,4114,731570,5
39510.78312468406,4115,731729,8
-13268.405745870916,4116,731805,3
9368.480984959313,4117,731843,4
-16194.126503871084,4118,731954,3
-33731.779241999815,4119,732353,6
2732.016733266734,4120,732462,5
19058.993535489262,4121,732632,6
-9983.666573140594,4122,732918,6
10401.02345367051,4123,733125,6
-5332.138139638139,4124,733153,3
18103.05252037713,4125,733459,7
21927.99603174603,4126,733487,5
20176.143578643583,4127,733521,5
24413.784178974045,4128,734096,11
17832.85422910422,4129,734133,5
2733.349759330791,4130,734312,5
34181.30678553475,4131,734681,10
23999.298846578244,4132,734827,6
26951.886863136864,4133,734946,7
29334.808572490463,4134,735008,6
-22044.76300694863,4135,735319,5
7261.097791097796,4136,735450,5
14007.260228386056,4137,735814,8
-4489.153787389082,4138,735829,3
-3783.9005016124765,4139,736056,5
-48338.944079656154,4140,736250,3
4786.063103563102,4141,736367,5
51774.239232989195,4142,736436,8
15732.733516483511,4143,736485,5
50420.08689173743,4144,736641,9
8454.181876373206,4145,736806,5
21277.709303725176,4146,737159,8
24564.54567877942,4147,737280,6
8334.024428014365,4148,737455,6
28369.099905727227,4149,737640,7
21205.857528460754,4150,737708,5
14193.157630067546,4151,737960,7
19965.196324143693,4152,737989,5
23110.438662644538,4153,738354,8
4014.8725923815946,4154,738437,4
-9812.846151231404,4155,738701,5
22501.581824393354,4156,738967,8
-12608.354321332265,4157,739059,3
-10092.180524583777,4158,739360,5
-54157.71996123559,4159,739709,4
23181.163554582676,4160,739744,5
-9509.682622374186,4161,739878,4
-373.7554112554114,4162,739889,3
2950.1226551226537,4163,740009,5
60891.60901598401,4164,740152,9
3910.7197377785606,4165,740327,5
33325.05425796254,4166,740572,8
5430.38687649453,4167,740685,5
41331.44424869077,4168,740956,9
-37428.49039160053,4169,741420,6
-5363.922332397564,4170,741459,3
17691.452232408115,4171,741621,7
31007.161823388462,4172,741856,8
-475.01144688644695,4173,741867,3
-23576.925322213716,4174,742139,5
10660.82611832612,4175,742230,5
19575.735673640083,4176,742278,5
5585.039027450019,4177,742623,7
5641.750956922105,4178,742836,6
6180.096405142844,4179,743132,7
102432.06849114939,4180,743255,12
9753.401897789188,4181,743340,5
62193.52726211807,4182,743503,9
32112.934704184707,4183,743544,6
8047.477314352316,4184,743647,5
-2985.4556554556525,4185,743745,4
-6043.949938949938,4186,743774,3
58233.36597392527,4187,743990,9
-4066.1713286713284,4188,744030,3
33559.06690531691,4189,744165,7
534.7450178185145,4190,744302,4
27925.50338550338,4191,744467,7
55293.26490975485,4192,744576,8
9244.921344994867,4193,744727,5
-16465.52608339373,4194,744971,5
10317.76875901876,4195,745047,5
-5001.1048078318245,4196,745183,4
-8634.306987731909,4197,745259,3
10608.360336502838,4198,745421,5
11099.324915280798,4199,745513,5
-8073.478826385165,4200,745835,6
-10886.84997534136,4201,745916,3
43261.05700843705,4202,745995,7
21699.314880166276,4203,746071,5
-18809.210366025683,4204,746542,7
5221.911976911979,4205,746571,4
31816.863004780622,4206,746886,9
-2724.7095959595945,4207,746954,4
-6386.361939574013,4208,746979,3
14839.08952015203,4209,747281,7
10025.405290873554,4210,747445,6
18286.05959400077,4211,747526,5
-2838.9550767859564,4212,747735,5
-5617.512963043151,4213,747954,6
-10841.517842322797,4214,748027,3
11271.16926397626,4215,748291,7
22962.6443001443,4216,748383,6
5699.941732029582,4217,748562,5
-3041.441197691198,4218,748575,3
-6929.255362800254,4219,748638,3
-3183.665223665224,4220,748661,3
29576.58127536006,4221,748971,8
26225.543364873865,4222,749231,8
8113.018231768227,4223,749525,7
61870.30158566923,4224,749613,9
10265.399045399043,4225,749647,4
-10796.274766899765,4226,749709,3
-5683.485909515323,4227,749832,4
-3304.464285714286,4228,749846,3
48957.65457551003,4229,750135,9
2363.9033189033166,4230,750225,5
47638.44508678341,4231,750487,9
-3577.4916825090977,4232,750648,5
-50810.79233266735,4233,750920,3
21839.3867928621,4234,750984,5
8263.516206016207,4235,751018,4
-1519.1323953823955,4236,751029,3
64494.69438778458,4237,751125,9
50974.76190476189,4238,751256,9
-2815.0595255277904,4239,751531,6
5710.016660670535,4240,751760,6
-14770.968614718613,4241,751816,3
7930.648245605076,4242,752156,8
-2510.1461038961043,4243,752167,3
-1588.9288489288483,4244,752187,3
41865.900904865695,4245,752378,8
-4885.15873015873,4246,752401,3
7732.814550636094,4247,752644,6
10843.988190013648,4248,752753,5
19718.669043374925,4249,752781,5
68629.43126318128,4250,752846,9
16251.81277056277,4251,752906,5
-2765.8621338671637,4252,753082,5
58946.15120900472,4253,753225,9
-12949.548098959862,4254,753313,3
9743.400954480676,4255,753433,5
6438.838932358079,4256,753563,5
3625.2569938231745,4257,753808,6
-8627.91108788013,4258,753871,3
-9038.80147630148,4259,754011,4
22560.337857017428,4260,754131,6
-4383.723629311864,4261,754159,3
-4960.581501831502,4262,754270,4
13323.234057609056,4263,754332,5
-18876.99968847802,4264,754457,3
30269.994307826455,4265,754604,7
794.9461552809048,4266,754796,5
6133.2482926000675,4267,754916,5
84239.2250957714,4268,755179,12
9176.522444703556,4269,755298,5
93340.96924081251,4270,755482,12
11892.128047391205,4271,755526,5
45568.514012348314,4272,755600,7
-2515.9668109668114,4273,755618,3
16948.7629037629,4274,755683,5
-10542.053921086765,4275,755746,3
1194.0488269900022,4276,755927,5
20480.62339878904,4277,756028,6
-3395.6601731601727,4278,756040,3
31113.985707936343,4279,756374,9
7688.019064269067,4280,756421,4
8011.25,4281,756442,4
14196.508711876359,4282,756471,5
42763.98841011068,4283,756656,8
46002.42881731272,4284,756806,8
11191.52746655649,4285,756883,5
12908.35224630516,4286,757015,5
-13918.31443238564,4287,757375,6
-693.8380288012604,4288,757556,5
-20614.16378964174,4289,757793,4
13618.967527140912,4290,758100,7
1022.9010123863068,4291,758211,4
-7712.591296732166,4292,758366,5
-2384.887441849516,4293,758609,6
-16092.038794538805,4294,759054,7
9335.85773703421,4295,759231,6
38155.63131313131,4296,759312,7
18517.494927243395,4297,759445,6
-45281.68046822458,4298,759780,5
552.9322543641438,4299,759843,4
-3172.123149053711,4300,760203,6
12922.619148782078,4301,760287,5
48426.33924533499,4302,760415,8
23578.662171162174,4303,760442,5
2247.9083171730244,4304,760534,4
-8359.072099211418,4305,760615,3
-3180.775694893344,4306,760722,4
55560.384199134205,4307,760906,10
8690.145996933923,4308,761022,5
-17045.26997254551,4309,761132,3
4371.719114219115,4310,761227,5
22892.271813154162,4311,761362,7
-3600.714728597858,4312,761515,4
59836.96956831438,4313,761665,9
12550.775671887226,4314,761827,6
-25197.047426683795,4315,762210,6
-19330.485933055596,4316,762342,3
478.0095598845546,4317,762463,5
14329.980464619211,4318,762630,6
-7510.9187252376105,4319,762711,3
571.0352895092574,4320,762879,5
-3330.861981156099,4321,762890,3
-68226.22242605736,4322,763494,4
-12420.393772893769,4323,763568,3
-21109.97508501169,4324,763723,3
31824.667702223815,4325,763883,7
-17142.909650119364,4326,764426,8
11193.899711399712,4327,764444,4
2171.4318595491186,4328,764631,5
7381.150793650799,4329,764714,5
17890.35714285714,4330,764739,5
6405.635137351462,4331,764862,5
3826.367798867799,4332,764980,5
20724.92424242424,4333,765002,5
-1189.2730880230881,4334,765012,3
100112.64939309056,4335,765170,12
34319.11685128597,4336,765201,6
37718.97727272728,4337,765264,7
5109.854181336375,4338,765428,5
-70347.03314934493,4339,766016,7
12052.733712366069,4340,766201,6
4050.9730577300274,4341,766386,5
27835.596625596638,4342,766533,7
25365.4617604618,4343,766752,8
35859.974864746524,4344,767026,9
-7539.950666163901,4345,767173,5
16799.36227171521,4346,767233,5
9634.153971692,4347,767337,5
-3772.050916060205,4348,767571,7
-29656.51498228636,4349,767964,6
27785.13963382529,4350,768081,6
-11034.221872898339,4351,768366,6
-13306.72766475011,4352,768468,3
59736.08509546009,4353,768558,9
76276.24650869424,4354,768698,10
-13799.369918007687,4355,768950,5
-28507.683982683986,4356,769073,3
45656.816729022605,4357,769182,8
25672.078871615213,4358,769398,7
26838.05624114447,4359,769559,7
920.1760618981966,4360,769751,5
-3017.3351648351654,4361,769955,5
1505.4896492396479,4362,770023,4
-3140.8044620423607,4363,770285,5
64854.30080884028,4364,770368,9
4842.791991505226,4365,770537,5
-11483.854617604618,4366,770599,3
36583.833805083814,4367,770682,7
7621.001824972418,4368,770873,6
-28332.422206276704,4369,771003,3
27872.768302389035,4370,771169,7
29905.407505076622,4371,771298,7
16925.742477122123,4372,771351,5
-7580.284094989977,4373,771395,3
43812.53772356479,4374,771485,7
31502.440476190473,4375,771516,6
23011.02209989013,4376,771564,5
53640.392997525356,4377,771651,8
-12283.035714285714,4378,771698,3
-10930.367759328961,4379,771858,4
-7094.4033744033695,4380,772034,5
26817.338644346495,4381,772126,6
-10412.254093945274,4382,772187,3
-3207.0921443967104,4383,772209,3
-5554.046231546232,4384,772248,3
-46375.34024260838,4385,772506,3
11380.626347122097,4386,772795,7
7530.967221259319,4387,773066,8
56371.54512154511,4388,773212,9
14411.06159470904,4389,773296,5
-3775.079641720509,4390,773341,3
38178.27811077813,4391,773516,8
26730.524046769922,4392,773787,8
-1572.171717171717,4393,773809,3
-9032.723387723388,4394,773866,3
-13196.592296592293,4395,773946,3
-33241.65286897487,4396,774185,4
17338.90660284959,4397,774467,7
-55391.48560151762,4398,775063,6
12572.494862163985,4399,775230,6
-7888.52813852814,4400,775344,4
34908.50461565438,4401,775502,7
13350.334818431007,4402,775614,5
41426.57143191645,4403,775743,7
23625.666270434067,4404,775871,6
5793.093847263771,4405,776034,5
-3943.749583749584,4406,776058,3
-3062.023809523811,4407,776207,6
-3513.788781093348,4408,776379,5
-14031.955504720601,4409,776458,3
21815.589965589967,4410,776571,6
-24268.23095527623,4411,776792,4
-3352.901304062295,4412,776818,3
17959.594155844155,4413,776871,5
16689.4587765176,4414,776963,6
30986.419851218634,4415,777036,6
27112.818851067324,4416,777245,7
34082.777222777215,4417,777441,8
26051.57647907648,4418,777518,6
-3484.4118381618377,4419,777536,3
6147.2063926785295,4420,777699,5
16611.975040353533,4421,777867,7
-17338.160450660456,4422,778039,4
31073.872932622944,4423,778116,6
-24772.48407421458,4424,778600,6
67391.51506280953,4425,778878,11
3205.753968253968,4426,778976,5
-24443.916381820785,4427,779201,4
-55761.05720208766,4428,779595,3
-6259.25392503955,4429,779826,5
-20241.632056024468,4430,780031,4
4067.9805847317443,4431,780274,6
-12514.181374181371,4432,780344,3
32291.04998806103,4433,780478,7
-24547.373182373198,4434,780713,5
21013.98379398379,4435,780750,5
4025.3066077369485,4436,780809,4
-23200.764420655465,4437,781102,5
-46287.37340617761,4438,781773,6
16287.098467837634,4439,781859,5
41999.064582892854,4440,782147,9
35392.440715380864,4441,782360,8
61.34427663839347,4442,782460,4
3617.364673295395,4443,782693,7
-31379.23759561059,4444,783080,5
1903.5076035076036,4445,783159,4
-14477.405999276207,4446,783397,5
32483.0422061169,4447,783790,10
11601.178621224719,4448,783929,5
70772.34675970743,4449,784126,10
-27462.67921195352,4450,784282,3
-4862.146131732045,4451,784299,3
-4510.679063583475,4452,784317,3
-64684.38958334181,4453,784616,4
-14187.593382279909,4454,784820,4
49882.25448119992,4455,785004,9
15742.776495326492,4456,785096,5
38786.56742187121,4457,785358,8
44316.727022977015,4458,785414,7
-29891.93129147666,4459,785742,4
-31218.291687887286,4460,786013,5
-9969.41633855965,4461,786392,7
6967.260834280957,4462,786457,4
-21764.585447232505,4463,786565,3
-16389.07872571185,4464,786796,5
15678.152264402266,4465,786932,6
15260.281385281383,4466,786958,5
-16603.81313131313,4467,787083,3
13572.97286047286,4468,787232,6
-5279.744578536457,4469,787492,5
14156.414831083948,4470,787557,5
64348.47870675078,4471,787714,10
-39941.660119832195,4472,788235,7
-17581.474799710093,4473,788332,3
-23821.356421356424,4474,788445,3
2672.51090133636,4475,788771,7
12807.857142857145,4476,788851,5
-12638.162306501916,4477,789077,5
53289.89246864248,4478,789197,9
19082.828693923893,4479,789261,5
-2626.7676767676767,4480,789283,3
12473.626874071928,4481,789646,8
-12576.058108558109,4482,789875,5
19477.269642122585,4483,790246,9
32802.114952471,4484,790464,9
-1040.2481670805964,4485,790579,4
-16284.434236802741,4486,790828,6
-12120.001006475466,4487,790911,3
18333.43226218227,4488,790955,5
8030.766235398591,4489,791160,6
14257.478991596648,4490,791386,7
-2757.1103896103896,4491,791406,3
50818.1386430477,4492,791592,9
11673.79886061202,4493,791752,5
16473.168302450307,4494,791855,5
51289.61828354822,4495,792083,9
-1946.0389610389611,4496,792095,3
30272.04916621906,4497,792405,8
15409.401917526913,4498,792478,5
-20044.053030303025,4499,792799,6
5497.298878704263,4500,792919,5
-6233.414475101781,4501,792957,3
-4468.275838368718,4502,792992,3
19610.29740404934,4503,793081,5
18570.349495920324,4504,793149,5
24616.58351044381,4505,793231,6
-15252.926709728183,4506,793321,3
18393.345618949334,4507,793362,5
-19527.58485924122,4508,793741,6
2544.6681096681086,4509,793799,4
-3890.0,4510,793809,3
20827.09166650344,4511,793865,5
12950.157138613022,4512,793964,5
17708.701278085835,4513,794283,8
3712.3215305935855,4514,794337,4
16832.944694194695,4515,794412,5
21506.67616718507,4516,794442,5
330.4421584352133,4517,794675,5
-6139.5616230175065,4518,794725,3
12211.525697814397,4519,794849,5
977.7198423669104,4520,795214,7
-6406.638354709248,4521,795460,6
-23622.20156839655,4522,795860,6
-7606.033360531274,4523,796310,7
21374.880466755454,4524,796462,6
-3993.392857142857,4525,796488,3
10051.604728604727,4526,796564,5
53686.78391697742,4527,796756,9
6383.734500363751,4528,797022,7
32329.786931667368,4529,797063,6
34511.232101232104,4530,797155,7
-18774.168886668904,4531,797254,3
31104.981115833434,4532,797497,8
19382.370574471955,4533,797607,6
-44065.18305782622,4534,798041,5
6312.292201262791,4535,798105,4
27950.55306685921,4536,798298,8
-23988.629286734933,4537,798504,3
-3001.1976911976913,4538,798526,3
2083.0577755577797,4539,798647,5
1963.3548804137054,4540,798741,4
22973.57594031356,4541,798887,6
15212.228882228887,4542,798969,5
-6863.028784940552,4543,799147,5
-3412.111981156099,4544,799157,3
-44257.5910956948,4545,799465,4
-38834.85362805408,4546,799800,5
-6798.75541125541,4547,799849,3
-5442.814390631728,4548,799886,3
-22134.571172291766,4549,800131,4
-35367.892770910104,4550,800352,3
13511.018992187723,4551,800454,5
-1900.4158775520984,4552,800610,5
-8470.69097569098,4553,800747,5
-11092.626755124807,4554,801135,8
-6355.489655206896,4555,801374,6
18306.97589856301,4556,801539,6
56323.35051214696,4557,801785,10
13177.120400024818,4558,801880,5
16319.149392274398,4559,801964,5
-6811.493506493508,4560,802098,5
-14269.558893119263,4561,802205,3
-37257.38530561286,4562,802614,4
-21761.289757611165,4563,802830,3
-11634.5199898141,4564,803050,5
-6745.679184506583,4565,803332,5
-28006.14108114108,4566,803493,3
12413.755545924663,4567,803576,5
-4211.381522888875,4568,803599,3
14466.417078793238,4569,803789,6
11142.15095770243,4570,803871,5
36888.31236788666,4571,803995,7
-5299.828633399772,4572,804042,3
-2936.0119047619046,4573,804057,3
18407.48917748918,4574,804124,6
13490.408087139895,4575,804395,7
18885.170385170382,4576,804426,5
-12284.457272173993,4577,804602,4
47568.044884037525,4578,804709,8
18819.166666666668,4579,804730,5
20107.19825109531,4580,804798,5
-10595.18924638313,4581,804856,3
10637.428404928403,4582,804968,5
19192.823426573428,4583,805012,5
888.3527462781856,4584,805181,5
-4798.535353535353,4585,805214,3
4639.6416083916065,4586,805382,6
-50190.58287408315,4587,805946,5
22354.418327004725,4588,806092,6
14555.583583083582,4589,806179,5
7861.104034854036,4590,806277,5
15065.201465201462,4591,806346,5
-5257.807324684258,4592,806530,5
19719.754964033225,4593,806740,7
-5851.159771600948,4594,806772,3
27123.435497895636,4595,806841,6
-1984.5225607725597,4596,806983,5
-53792.870026000826,4597,807409,4
-4988.459833080578,4598,807622,5
9813.009533466166,4599,807866,6
17083.002899877898,4600,807920,5
-2199.8044406349677,4601,808023,4
-494.21534348004246,4602,808322,7
-1777.8174603174602,4603,808333,3
-160.26902310907508,4604,808525,5
-55746.61584438098,4605,808803,3
-407.1960040116935,4606,809023,5
34811.748112998124,4607,809146,7
-20070.559193670484,4608,809315,3
33631.26992696845,4609,809526,8
12722.57761870277,4610,809658,5
10794.671409172195,4611,810034,8
18467.37614359324,4612,810316,8
-17505.324675324675,4613,810385,3
-31621.56044527369,4614,810693,5
12890.846980379743,4615,810735,4
1028.9603452103474,4616,810799,4
39244.463673581326,4617,810864,7
69092.52463751481,4618,811101,11
31925.265151515156,4619,811141,6
8866.219336219337,4620,811168,4
-5257.75086025086,4621,811244,4
2636.341852591856,4622,811448,5
97943.33819774994,4623,811611,12
29852.956010922346,4624,811950,9
-27790.500772634132,4625,812166,3
43131.77470298017,4626,812453,9
-18766.33843796383,4627,812599,3
29237.480370936253,4628,812673,6
13077.678571428569,4629,812710,5
-51779.21953562431,4630,813117,4
9742.964395250134,4631,813293,6
11814.435584839997,4632,813540,7
7619.331909920147,4633,813673,5
31003.78200639229,4634,813994,10
39818.986879563505,4635,814241,9
45626.04520479521,4636,814355,8
-16503.50147788228,4637,814455,3
9951.794455544456,4638,814553,5
21305.277989983875,4639,814604,5
28980.97222222222,4640,814647,6
-6280.1225928354415,4641,814785,4
25027.889610389604,4642,814928,7
-3614.9842518592523,4643,815015,4
20467.717605751663,4644,815074,5
23304.821698339507,4645,815140,5
-14489.282098429834,4646,815336,4
72268.41242091244,4647,815517,11
33669.971454193794,4648,815607,6
-5198.855485329944,4649,815738,4
-7662.5,4650,815780,3
-11081.942224442228,4651,815911,4
29586.02612257025,4652,816012,6
-20700.47514985015,4653,816259,5
13784.983349983351,4654,816347,5
16306.338395221901,4655,816491,5
21217.071787002118,4656,816706,7
-4320.284543457918,4657,816744,3
24077.804695304698,4658,816837,6
28961.545660222127,4659,816896,6
-28020.08808528931,4660,817053,3
9525.303030303034,4661,817153,5
41577.06787493552,4662,817393,9
27038.25008325008,4663,817543,7
-4739.553295413106,4664,817776,5
34734.16791541791,4665,817869,7
25646.560108707938,4666,817976,6
6128.940434565433,4667,817995,4
-16615.181041644224,4668,818073,3
35603.18329997316,4669,818363,9
9454.938486436165,4670,818619,6
7654.282026667865,4671,818727,5
25472.477841860582,4672,818929,7
31932.042663648706,4673,818988,6
46823.73542049625,4674,819161,9
31872.674967142993,4675,819259,6
40868.842889137,4676,819377,7
33700.516892219595,4677,819469,6
49799.79048729049,4678,819590,8
19085.199612049455,4679,819778,6
-9771.24890589288,4680,819972,5
7603.5926573426605,4681,820000,4
-11399.082759560706,4682,820193,5
8583.088023088012,4683,820285,5
54637.60101010102,4684,820387,9
15899.017227612427,4685,820455,5
2276.2203074703066,4686,820505,4
-47241.918790488824,4687,820936,5
9716.79292929293,4688,820956,4
-1807.6839826839828,4689,820975,3
-44910.638870933,4690,821199,3
4278.23762949596,4691,821243,4
39036.517649017645,4692,821300,7
-110666.80092819629,4693,821970,4
28447.083333333332,4694,822022,6
-14735.298504599974,4695,822110,3
-25857.849691625426,4696,822477,5
13209.286771336156,4697,822584,5
3125.944959753012,4698,822656,4
-17139.74025974026,4699,822781,3
-107817.15343241923,4700,823512,5
33843.005921050564,4701,823817,9
-13612.161310052175,4702,823910,3
18492.458716034565,4703,824071,6
-20745.745757510445,4704,824424,5
-62566.71760429116,4705,825045,6
23834.31015063367,4706,825168,6
16027.711455211454,4707,825246,5
33217.039075905166,4708,825442,7
16330.505488448594,4709,825627,6
11344.642857142857,4710,825736,6
-2163.7662337662327,4711,825815,4
19998.3191726574,4712,826007,7
-1808.3670006464133,4713,826135,5
13153.788293964375,4714,826435,8
-8609.535121741013,4715,826793,8
8758.459595959597,4716,826887,5
4912.792624042624,4717,826945,4
-2958.9725552225536,4718,827270,7
9690.654761904761,4719,827355,5
7172.890090645508,4720,827443,5
49372.4079736427,4721,827710,10
-27803.144771894767,4722,827890,3
12157.085441003785,4723,827917,4
22180.840687090673,4724,828139,8
19363.418632021567,4725,828211,5
41717.767371517366,4726,828280,7
-20903.858163428013,4727,828408,3
83004.28486138045,4728,828570,11
10298.508246998957,4729,828665,5
13890.406624985375,4730,828802,5
25157.733516483517,4731,828935,7
33869.28391053391,4732,829058,7
21404.044427794433,4733,829122,5
2352.3862270340524,4734,829366,6
-8563.357614607603,4735,829811,8
-31593.52037023864,4736,830010,3
15329.139610389613,4737,830071,5
52568.513503134,4738,830192,8
34188.80253214726,4739,830297,6
-16216.901154401156,4740,830375,3
15222.942177613815,4741,830586,6
22224.776751026755,4742,830694,6
8018.590005196047,4743,830791,5
6629.592547974897,4744,831007,7
17241.385142635147,4745,831049,5
-6613.013136674129,4746,831179,4
25560.56998556999,4747,831270,6
17312.57969799378,4748,831441,6
-13454.48107448108,4749,831588,4
-1972.0986448453712,4750,831922,7
15774.722222222215,4751,831964,5
-20623.183186109894,4752,832194,4
33326.60922410923,4753,832302,7
13694.182011229219,4754,832391,5
4776.846475285531,4755,832571,6
3129.798673548674,4756,832668,5
8954.948837497204,4757,832800,5
-3494.8835886335887,4758,832818,3
28647.695664328792,4759,833036,8
10900.952380952382,4760,833089,5
-3923.477297341468,4761,833275,5
-9561.318609795782,4762,833592,6
1301.531688636001,4763,833976,8
-6804.3000055500015,4764,834183,5
15992.036948259856,4765,834260,5
18456.900371403266,4766,834638,8
15211.678876678874,4767,834840,7
1689.7687647320017,4768,834914,4
-1646.7135642135643,4769,834929,3
20521.56079214903,4770,834997,5
10962.726792321957,4771,835031,4
20360.95647021537,4772,835070,5
-3247.7187002883575,4773,835217,5
9716.185236761863,4774,835337,5
25818.129509379505,4775,835410,6
-3583.6374736374737,4776,835536,4
-2092.593795093795,4777,835549,3
3355.7185869685845,4778,835691,5
-18367.00551097846,4779,835790,3
-3666.4237151737216,4780,835981,5
16460.303094738076,4781,836053,5
55342.87323787324,4782,836170,9
-17115.154205735038,4783,836278,3
33853.9350926851,4784,836473,9
13111.645539917587,4785,836668,6
-5562.5,4786,836695,3
22816.646270396268,4787,836784,6
-3186.6855366855366,4788,836860,4
22790.908930680616,4789,837075,7
455.5092130092114,4790,837223,5
49796.26817626819,4791,837316,8
-16040.121327760648,4792,837505,4
18119.211779577494,4793,837577,5
45353.99153821754,4794,837708,8
18384.288770456897,4795,837863,6
47639.53893328893,4796,838141,10
17323.000688467015,4797,838380,8
37499.54997236127,4798,838517,7
-11164.623819807644,4799,838574,3
18339.51259524788,4800,838772,7
-8075.209961607021,4801,838810,3
-15412.183901409906,4802,839104,6
23766.339971303205,4803,839312,7
-5673.28799876594,4804,839335,3
-2076.006216006216,4805,839344,3
-6593.050699300698,4806,839404,3
-5987.326744201492,4807,839465,3
9903.001243038008,4808,839567,5
-37165.94301402932,4809,839702,3
-3978.749583749584,4810,839730,3
-16103.164802174097,4811,839851,3
20310.711045490458,4812,839971,6
6212.059079551343,4813,840031,4
-5065.482264320012,4814,840055,3
-4322.875596625596,4815,840073,3
-12552.72968573083,4816,840181,3
-8913.566017316018,4817,840234,3
11376.07142857143,4818,840305,5
-13251.471073412533,4819,840383,3
-3527.3211882286955,4820,840395,3
1059.1035761623993,4821,840499,4
20403.948412698413,4822,840536,5
11064.517916723795,4823,840660,5
-10547.1755315772,4824,840757,3
-14654.869232075112,4825,840849,3
5422.772921522923,4826,840967,5
10643.388902763903,4827,841080,5
-5715.680153180153,4828,841102,3
-19943.337798473047,4829,841288,3
-828.7355699855732,4830,841432,5
-2919.6810407085163,4831,841469,3
-5980.858540324485,4832,841689,5
18161.35619368592,4833,841955,7
41481.00623507526,4834,842231,9
-13971.262487512487,4835,842296,3
15811.9359594224,4836,842626,8
-5136.565656565649,4837,842809,5
-13681.566682371631,4838,843097,5
-8521.443423922134,4839,843357,5
-15661.927069748273,4840,843592,4
17.676649331061753,4841,843669,4
-2367.1443833943663,4842,843905,5
-28351.309670721446,4843,844113,3
-10730.37906537907,4844,844175,3
10555.606060606062,4845,844280,5
5163.815768854467,4846,844395,5
49963.60060690944,4847,844592,9
-570.8333333333328,4848,844693,5
-18295.087550907985,4849,844836,3
19756.811942142816,4850,844879,5
21426.93657971715,4851,844913,5
24697.240030781053,4852,844964,5
-18344.658555668615,4853,845060,3
-4707.364069109426,4854,845131,3
-2249.801587301588,4855,845201,4
-549.3195693195713,4856,845339,5
46302.06113803637,4857,845542,9
19859.68648998061,4858,845568,5
-26879.949494949506,4859,845696,3
4580.713576069613,4860,845745,4
4139.226190476192,4861,845787,4
18436.428571428572,4862,845813,5
11781.344968241257,4863,846046,7
17605.396771700955,4864,846127,5
-18650.711408689356,4865,846282,4
10971.868438803089,4866,846447,5
16776.72681893269,4867,846670,7
-22699.18571882194,4868,846805,3
31260.79096148949,4869,846979,7
3351.233349983349,4870,847077,5
34088.51874026349,4871,847237,7
-16201.500509294625,4872,847347,3
-7387.290916192586,4873,847414,3
-2071.988819461896,4874,847615,5
9717.819680319679,4875,847686,5
26034.146825396823,4876,847897,8
41205.57080002902,4877,848010,7
-15690.798844015799,4878,848115,3
40621.81057654934,4879,848326,9
18554.0406162465,4880,848352,5
60557.38550303812,4881,848576,11
-38959.49796377774,4882,849023,5
-33596.86910311907,4883,849370,4
-16903.131521256528,4884,849551,4
4563.524114774114,4885,849683,5
-34627.32223658695,4886,850090,5
13735.98754173916,4887,850182,5
-1128.9841460139626,4888,850444,5
-4133.707839717901,4889,850571,4
-30762.197350348095,4890,850919,5
14097.531737053785,4891,851139,6
-20433.871683871683,4892,851260,3
-327.4947923264765,4893,851392,4
-2444.5887445887447,4894,851413,3
-16555.028274555196,4895,851516,3
-6626.038891663892,4896,851560,3
4248.571428571431,4897,851604,4
-20124.18123543123,4898,851812,4
945.5966255966321,4899,851974,5
19237.171017836652,4900,852028,5
30449.409479409478,4901,852066,6
17870.41277824492,4902,852281,7
17429.84959484959,4903,852355,5
635.4168109544883,4904,852582,5
17794.354118104115,4905,852622,5
11385.889743426507,4906,852646,4
8289.072095345307,4907,852790,5
19476.898310023313,4908,852910,6
24852.980852996356,4909,853251,9
30841.650228688017,4910,853418,7
17076.488095238095,4911,853459,5
16195.339105339106,4912,853511,5
17698.896503822976,4913,853669,6
-6761.415945165945,4914,853710,3
-22343.093295593302,4915,854010,5
-14638.26415028042,4916,854319,6
-24436.052381167534,4917,854677,5
18819.285714285714,4918,854704,5
-8239.624514333425,4919,854927,5
7454.145021645021,4920,855060,6
39950.03385095296,4921,855157,7
31082.32552921794,4922,855317,7
-4194.3005584974,4923,855433,4
18260.904805007143,4924,855527,5
46332.233293237536,4925,855678,9
-1161.2957527508618,4926,855764,4
-2662.2485953551527,4927,856030,6
32702.06028792329,4928,856324,9
25844.6602009102,4929,856467,8
-8889.535746322072,4930,856743,5
15995.271464646465,4931,856788,5
6218.578819073596,4932,857011,6
17155.51948051948,4933,857050,5
30500.720390720388,4934,857166,7
-3319.95337995338,4935,857182,3
-7837.114670460264,4936,857365,4
44280.222227033366,4937,857424,7
21168.095238095237,4938,857455,5
-1945.6653758608122,4939,857571,4
-5387.108345515853,4940,857600,3
-9623.171911078261,4941,857873,5
13343.826451326448,4942,857971,5
20828.43720321123,4943,858004,5
6747.408841158841,4944,858115,5
-14177.008206978258,4945,858324,5
-32393.968326565075,4946,858490,3
-32881.987270984944,4947,858718,4
1101.3488962018375,4948,858858,5
17062.132792173437,4949,859011,6
-7217.616501145913,4950,859136,4
17225.707070707074,4951,859198,5
-547.3822011322006,4952,859328,5
-24367.781385281385,4953,859463,3
19615.66378066378,4954,859494,5
-9244.02097902098,4955,859537,3
2315.6428906061124,4956,859771,5
39510.972222222226,4957,859834,7
16070.110167610172,4958,859939,6
10467.59573006711,4959,860092,5
39224.41322566322,4960,860172,7
6474.5490951257225,4961,860264,5
-17573.262015762008,4962,860473,4
-43457.249018060276,4963,860680,3
-5360.968231759643,4964,860878,5
3515.233502756052,4965,861018,5
14925.05952380953,4966,861067,5
27398.307378656566,4967,861265,7
-6548.581756865428,4968,861498,5
-18233.645476255784,4969,861912,7
24072.516862007953,4970,862200,8
-531.2700193160189,4971,862510,7
22432.413810819384,4972,862660,7
-18687.61585636586,4973,862938,5
28301.911421911416,4974,863079,7
-15655.065360551025,4975,863367,6
6872.032828282826,4976,863481,6
-3932.7508900889725,4977,863930,8
4274.061027551751,4978,864139,5
-19509.055587300547,4979,864347,5
16019.91883116884,4980,864420,5
9929.173226799006,4981,864649,6
1671.062224669035,4982,864791,5
2861.3707467806285,4983,864886,4
17658.486928448227,4984,864955,5
13188.297352587211,4985,865080,5
2628.8888888888882,4986,865162,5
-10999.986288221582,4987,865229,3
15960.738928898752,4988,865476,7
83226.78345347462,4989,865609,11
26588.28539795258,4990,865736,6
30785.697191870888,4991,865816,6
17193.062631812652,4992,866115,8
15293.72737599517,4993,866291,6
43686.588912295425,4994,866367,7
13581.204304445066,4995,866525,6
-3754.7447323917922,4996,866555,3
2159.707049486463,4997,866711,5
-12946.233766233767,4998,866760,3
-11717.522314287018,4999,867026,5
7262.687187683318,5000,867241,6
24983.465776784262,5001,867377,6
-5404.380181375426,5002,867551,4
38689.0657953158,5003,867627,7
3934.695165945169,5004,867681,4
-40408.492685505094,5005,868033,3
25355.882757557276,5006,868221,7
59077.135038164444,5007,868355,9
48089.6024649585,5008,868426,7
18396.957397177994,5009,868496,5
-8423.039154043408,5010,868634,4
-16025.86649461649,5011,868728,3
17544.442078819004,5012,868958,7
-3443.305787135121,5013,869079,4
30163.711615182205,5014,869151,6
15724.864441114445,5015,869284,6
2749.408438783439,5016,869413,5
43216.941746175384,5017,869509,7
21500.50696401122,5018,869546,5
23970.6893106893,5019,869705,7
-4317.915695415694,5020,869786,4
-361.89128681776276,5021,869958,5
-49.86194361195032,5022,870146,5
-10364.632315744404,5023,870524,7
30088.01348226076,5024,870609,6
12194.52380952381,5025,870656,5
-7346.409521421129,5026,870754,4
-1799.7595799453386,5027,870770,3
14559.681136716736,5028,870883,5
21319.791548320965,5029,870998,6
7594.8468157659345,5030,871094,5
-8139.709729984499,5031,871293,5
-9894.798534798529,5032,871517,5
17877.854050833932,5033,871686,6
-44294.71306557219,5034,871934,3
19652.271617271632,5035,872144,7
-24413.159674862447,5036,872583,6
16962.383935508937,5037,872728,6
-35489.97979961215,5038,872925,3
10420.779082029081,5039,873027,5
6135.658708766283,5040,873264,6
-11725.977398074912,5041,873478,5
-15872.253734827269,5042,873587,3
19811.72753348751,5043,873668,5
-13849.985028731162,5044,873912,4
-14852.682272148211,5045,874075,4
28886.28627048905,5046,874183,6
15337.621961371948,5047,874371,7
19737.323648573645,5048,874465,6
13715.25072150072,5049,874644,6
48552.556635615845,5050,874860,9
20460.83097458098,5051,874892,5
26433.609168609186,5052,875151,9
15860.216585347018,5053,875219,5
-1231.3343600843614,5054,875304,4
12580.06045017075,5055,875403,5
12676.749916749912,5056,875494,5
6685.000000000009,5057,875595,5
8057.287717012948,5058,875883,6
14487.67787767788,5059,876052,7
-4683.44696969697,5060,876072,3
-17146.648441427857,5061,876194,3
-15206.608374855281,5062,876402,5
11476.349390418665,5063,876490,5
13107.894554546943,5064,876593,5
36710.87614591292,5065,876713,8
10495.779012924826,5066,876923,6
-4443.130341021208,5067,876958,3
10989.949286824289,5068,877102,6
-16715.892857142855,5069,877203,4
-13798.717532467534,5070,877266,3
-21075.81432456433,5071,877755,9
3894.8872668009653,5072,877787,4
-17102.09340023582,5073,877893,3
16802.346893302773,5074,877961,5
21692.80303030303,5075,878005,5
999.003055767769,5076,878161,5
-6694.053653389955,5077,878202,3
16614.050116550115,5078,878267,5
29186.732572982575,5079,878326,6
2184.173503089017,5080,878520,5
21768.085248085248,5081,878604,6
35337.89109241444,5082,878909,9
-7118.985760971057,5083,879041,4
43132.100183098635,5084,879279,9
-1629.5550527903436,5085,879493,6
8441.842879342883,5086,879625,5
2468.007733559879,5087,879692,4
-5642.252747252747,5088,879722,3
-7604.583631238047,5089,879769,3
-8490.186289253294,5090,879978,5
8389.377925995577,5091,880148,6
8969.248806748807,5092,880254,5
1650.5790777849597,5093,880386,5
-9706.166925345644,5094,880755,6
4862.787212787213,5095,880809,4
20510.67044840264,5096,881101,8
22727.871512302634,5097,881203,6
-56589.11145485058,5098,881534,4
1536.2604062604075,5099,881667,5
17824.543168389908,5100,881830,6
-15475.816123161323,5101,882050,5
-4051.2987012987014,5102,882061,3
-8865.240315240313,5103,882112,3
14173.742823009467,5104,882242,6
30216.246863087024,5105,882299,6
38750.523398170466,5106,882424,7
-10500.863025863026,5107,882564,4
-7271.6067266067275,5108,882606,3
-24862.8636582753,5109,882961,6
-2136.1498223998224,5110,882979,3
12800.634504384507,5111,883144,6
12216.281611190698,5112,883580,8
24657.017164617362,5113,883637,5
28869.88095238095,5114,883689,6
17630.709568209575,5115,883748,5
13107.191737795118,5116,883929,6
40871.25111000111,5117,884029,7
15080.620694235242,5118,884111,5
12541.278998778995,5119,884447,9
27749.488294213534,5120,884612,7
30684.182424687453,5121,884716,6
-15213.793845043834,5122,884930,4
-1744.2857142857147,5123,884944,3
51804.47821786056,5124,885054,8
7976.744592052257,5125,885174,5
15477.17171717172,5126,885300,6
-2959.1136450707677,5127,885494,5
19421.590909090908,5128,885520,5
15894.211273332794,5129,885833,8
25168.142135642112,5130,886010,7
9415.135683459985,5131,886076,5
21268.2072083833,5132,886126,5
29530.932539682533,5133,886169,6
17963.053540671575,5134,886301,6
12874.826777525186,5135,886720,9
-4350.310969130625,5136,886950,5
-3012.1489539871895,5137,886981,3
13038.073861123397,5138,887099,6
-9222.675795566662,5139,887169,3
-7413.761622364563,5140,887228,3
-5513.492063492059,5141,887421,6
-17217.041050624644,5142,887727,5
-11224.011841271902,5143,887802,3
-76.07892107892212,5144,887866,4
-32159.565366264265,5145,888211,5
-4807.683982683982,5146,888237,3
-18365.379064519904,5147,888583,5
17886.16341991341,5148,888628,5
-11474.726122260912,5149,889028,6
-21727.973142054027,5150,889232,5
-29238.39285714286,5151,889384,3
11248.834776334777,5152,889474,5
-26243.9393939394,5153,889628,3
18205.396825396827,5154,889744,6
19549.898989898993,5155,889768,5
9814.541847041863,5156,889960,6
12653.290214351093,5157,890065,5
-11823.102004204944,5158,890287,5
5197.345220139335,5159,890405,5
17427.311475289414,5160,890452,5
43057.783861305536,5161,890671,9
5541.904761904762,5162,890697,4
-7203.4140194619295,5163,890833,4
26307.732772324063,5164,890992,7
18506.24688335513,5165,891082,5
7117.46261671765,5166,891212,5
-4100.557775557776,5167,891247,3
-3320.988559514099,5168,891581,7
4932.5683398129195,5169,891655,4
-6402.254276940806,5170,891830,5
-543.9649239649239,5171,891853,3
-5907.843919066829,5172,892018,4
1354.237984237986,5173,892087,4
39400.75611823675,5174,892304,8
1189.928184560541,5175,892473,5
19323.733904983907,5176,892527,5
10864.544308115197,5177,892571,4
25151.506750473476,5178,892739,7
795.9379509379478,5179,892869,5
2779.464424464428,5180,892963,4
750.0959725688826,5181,893047,4
-27750.405224529757,5182,893304,4
-2504.418594821071,5183,893331,3
-6382.380952380952,5184,893358,3
29697.402042402056,5185,893601,9
-15372.190546381722,5186,893757,4
-56925.37905528417,5187,894345,6
7531.476440226448,5188,894533,6
18001.68712307645,5189,894623,5
-1519.1323953823955,5190,894634,3
4952.473914973915,5191,894757,5
13080.514346764347,5192,894836,5
15726.365856365857,5193,895013,7
-11115.792818292823,5194,895262,6
46729.68930128178,5195,895518,9
9876.233460167285,5196,895679,6
29201.473522007906,5197,895793,6
31010.31122772995,5198,895961,7
12858.48803973804,5199,896203,8
17203.33333333333,5200,896249,5
33398.2187291926,5201,896482,8
-29243.809523809523,5202,896606,3
26152.32350982353,5203,896849,9
14480.357142857147,5204,896946,6
35688.986809179885,5205,897171,7
17208.35296239708,5206,897210,5
41606.845450301334,5207,897251,7
16423.660740535997,5208,897403,6
-9900.004422606975,5209,897544,4
6822.960006614447,5210,897681,5
22549.154040404042,5211,897717,5
-34766.03463475771,5212,898108,7
52735.20250990839,5213,898210,8
15790.681050116029,5214,898381,6
-15358.984765234767,5215,898480,3
19812.02049176313,5216,898583,6
6381.785714285714,5217,898659,5
20927.013347419695,5218,898935,8
-546.4285714285716,5219,898948,3
-904.8798812556488,5220,899332,8
24547.118085517846,5221,899483,7
7231.93944943945,5222,899781,8
-140.12548657613422,5223,899956,5
10152.73088023088,5224,900039,5
-58637.21231813683,5225,900377,3
12120.148907894649,5226,900488,5
13903.510101010097,5227,900577,5
16194.464545340834,5228,900692,6
-5624.245155858935,5229,900744,3
-3395.5030064105144,5230,900757,3
9340.798485570152,5231,900988,7
-1712.9747164170553,5232,901246,5
45414.165001665046,5233,901458,9
-3273.7650152994674,5234,901819,8
-439.30974925001556,5235,901932,4
10893.52540798555,5236,902124,6
-18652.30255485455,5237,902280,4
-7544.393053197233,5238,902346,3
-1454.4006335511745,5239,902598,6
-17612.767232767234,5240,902678,3
-11228.074425574428,5241,902822,4
-444.4554709995874,5242,902976,5
30647.429098679102,5243,903034,6
8397.944353762852,5244,903371,8
-17002.261904761905,5245,903432,3
-9619.634426236931,5246,903509,3
23544.704878454886,5247,903818,9
14581.286851689458,5248,903998,6
11600.873015873016,5249,904072,5
23281.889638139637,5250,904104,5
55501.92460317459,5251,904181,8
17093.214280129916,5252,904273,5
5810.3046970229625,5253,904438,5
4728.084072789957,5254,904588,6
10373.809523809525,5255,904642,5
-11278.585858585859,5256,904714,3
400.9575341108041,5257,904792,4
16744.786294623253,5258,904837,5
-26909.544521955515,5259,905023,3
-3894.766808096825,5260,905263,6
-18247.090376298976,5261,905542,5
-9087.732683982686,5262,905684,5
30653.249250749253,5263,905733,6
18390.813492063495,5264,905772,5
16827.50721500722,5265,905812,5
-6699.941414794377,5266,905987,5
24418.82431831155,5267,906193,7
-2611.2554112554117,5268,906214,3
8519.404761904763,5269,906320,6
-29013.81243756244,5270,906481,3
-10059.909812409802,5271,906644,5
-19658.43614718615,5272,906888,5
65340.645286086445,5273,907032,9
-2121.8138479167915,5274,907265,5
-5298.436636892519,5275,907453,5
14281.936059558222,5276,907685,8
33350.121112547575,5277,907880,8
44710.35342516959,5278,908017,8
18740.55555555556,5279,908045,5
21720.2380952381,5280,908060,5
12121.731587555894,5281,908152,5
-7435.282495282495,5282,908456,8
-26158.669108669103,5283,908582,3
-4395.224579342226,5284,908602,3
10046.654317904324,5285,908743,6
45959.11186036185,5286,908791,7
-840.5136530136533,5287,908810,3
9807.33114108115,5288,908884,5
-12497.691948574296,5289,908985,3
10575.008632382176,5290,909150,6
10845.654898292274,5291,909360,6
-7571.518603945076,5292,909557,5
13994.001885197704,5293,909635,5
-21359.622109916225,5294,909893,5
31139.144466644488,5295,910172,9
19138.809523809527,5296,910223,5
24374.127858081047,5297,910404,7
-11732.384559884562,5298,910480,3
-56062.01256775557,5299,910930,4
-10888.213861302098,5300,911010,3
-4592.915734076725,5301,911056,3
-21688.79037629037,5302,911178,3
-2409.466728661767,5303,911358,5
-9834.73276723277,5304,911499,4
-6694.094516594516,5305,911540,3
-1993.3476031192752,5306,911564,3
18304.762417048554,5307,911706,6
-40276.5885834584,5308,912195,7
-35884.247141747124,5309,912646,6
-465.01290436056183,5310,913201,8
-3358.6124700462938,5311,913224,3
-14082.130353306822,5312,913388,4
9045.811688311685,5313,913425,4
-3968.4822917021056,5314,913643,5
-3548.2694388944387,5315,913653,3
19437.081945831953,5316,913863,7
-8294.858030646987,5317,914129,5
31125.717778953072,5318,914370,9
7631.0920819376715,5319,914388,4
-2076.006216006216,5320,914397,3
62850.28331145979,5321,914661,10
17078.954762793026,5322,914748,5
29945.491315576714,5323,914952,7
-25357.775933217108,5324,915158,4
-5398.634474400732,5325,915292,5
42717.776991091196,5326,915386,7
56159.90543619607,5327,915494,8
2055.619056296302,5328,915595,4
24988.056687035016,5329,915720,6
17054.166666666664,5330,915732,5
20792.198773448774,5331,915764,5
6146.932928182926,5332,915920,5
10653.455364080364,5333,916139,7
7582.445264415002,5334,916413,7
19286.69563172467,5335,916748,8
-9758.39449485768,5336,916797,3
23450.59461425561,5337,917082,8
6770.696118721018,5338,917324,6
-11392.957940752058,5339,917403,3
-3573.095238095238,5340,917414,3
-34659.401001424885,5341,917718,4
19584.83703796204,5342,917810,6
21514.309311110366,5343,917906,6
1249.4677871148488,5344,918121,6
-3052.460317460318,5345,918143,3
-322.89107242087493,5346,918354,6
26309.52476101471,5347,918429,6
9276.808954933958,5348,918547,5
22514.090783605046,5349,918683,6
13622.120138633296,5350,918811,5
22993.946752421987,5351,918915,6
36971.414712738246,5352,919118,8
20144.243362846304,5353,919180,5
-14830.463564213562,5354,919307,4
-10060.373690422068,5355,919465,4
-37609.17915933397,5356,919828,6
-18460.663902660806,5357,919917,3
-13160.46125743881,5358,920013,3
19220.219290513403,5359,920135,6
14456.371243135958,5360,920286,6
-22405.487711892503,5361,920421,3
-43290.96320346321,5362,920575,3
-2850.7411817628536,5363,920595,3
25194.325773789107,5364,920722,6
21526.641824807455,5365,920834,6
7481.446845638027,5366,921097,7
10390.602106227108,5367,921408,8
-12723.204920481474,5368,921494,3
-4781.777389277389,5369,921518,3
25330.49622762858,5370,921658,7
1883.4687697922996,5371,921724,4
-22165.565039535628,5372,921808,3
3180.0151497912784,5373,921887,4
-5751.896951088128,5374,921912,3
-27179.045644757716,5375,922024,3
1683.9581252081516,5376,922251,6
17376.190476190477,5377,922290,5
-9380.238095238095,5378,922343,3
16893.808047817343,5379,922765,9
-23551.7055248673,5380,923078,5
-23783.714748229053,5381,923410,5
55273.955361280736,5382,923523,8
22803.84920634921,5383,923557,5
2523.4393710864306,5384,923681,5
8755.293040293043,5385,923760,5
10679.823232323231,5386,923820,5
74230.16293003525,5387,923953,10
-2980.9715142584673,5388,924322,7
-6280.87329337329,5389,924518,5
-3890.810578310578,5390,924550,3
12622.460378673617,5391,924742,6
10028.743413449298,5392,924828,5
-2961.8434343434355,5393,924892,4
-4286.889468245897,5394,925272,7
-11781.558441558442,5395,925320,3
16340.68429921136,5396,925415,5
-22381.67475283573,5397,925554,3
5847.777777777777,5398,925635,5
19487.380952380954,5399,925671,5
18596.071428571424,5400,925704,5
-16155.445965068635,5401,925996,5
14073.414413888451,5402,926302,7
41054.23524639276,5403,926417,7
-3352.333118359322,5404,926617,5
20925.178571428572,5405,926644,5
39060.519293443074,5406,926755,7
3593.361915861906,5407,926896,5
227.73656898656515,5408,927052,5
-2290.4761904761926,5409,927118,4
-6005.438246394129,5410,927156,3
25330.64574314574,5411,927240,6
7525.766062068296,5412,927501,7
16065.64814292175,5413,927672,6
6044.428284134162,5414,927924,7
13858.665126153495,5415,928155,8
19317.349327229356,5416,928316,6
-24511.396103896102,5417,928456,4
-9289.30735930736,5418,928525,3
-7390.021554597793,5419,928584,3
7881.758688050332,5420,928913,7
-14448.015709780415,5421,929008,3
35499.35915348842,5422,929159,7
-1241.4447407597554,5423,929251,4
5562.278718014006,5424,929379,5
-4125.367965367965,5425,929399,3
42046.45679440958,5426,929549,8
18968.05819180818,5427,929700,6
13971.350117722272,5428,929875,6
16187.871156621157,5429,929940,5
11637.78721278721,5430,929970,4
47671.425606463774,5431,930169,9
37272.2817868406,5432,930424,9
-2878.4126984126983,5433,930488,4
-9939.99122201328,5434,930809,6
81629.28303271376,5435,930968,11
15868.154553779546,5436,931053,5
-32234.615803443212,5437,931377,5
4861.553862803854,5438,931642,7
20016.9696969697,5439,931655,5
18246.06754356754,5440,931701,5
18632.824675324682,5441,931897,8
43687.21028971028,5442,931970,7
33230.10642135642,5443,932071,7
11802.404402443097,5444,932330,7
9039.359251859254,5445,932422,5
-7811.425903387978,5446,932613,5
23764.07627095128,5447,932690,6
50281.55128974427,5448,932897,9
4870.030247530247,5449,933033,5
-10915.018117632277,5450,933223,5
3385.1570325099806,5451,933466,7
24827.038170163167,5452,933512,5
39277.64905437697,5453,933718,8
62227.791640548996,5454,933894,9
-5917.04267954268,5455,933930,3
573.4552253302372,5456,934146,6
11911.605258991096,5457,934257,5
6906.781829281832,5458,934405,6
-4307.330538398648,5459,934555,4
16096.48032523033,5460,934627,5
-1173.4718059718061,5461,934640,3
19033.57500987145,5462,934720,5
9214.326253811549,5463,934890,6
-8713.741119991118,5464,934942,3
9115.005128170764,5465,935071,5
56523.590714840706,5466,935190,9
20584.550865800866,5467,935211,5
41585.871872795244,5468,935317,7
10043.827660127972,5469,935414,5
15192.001907406324,5470,935508,5
-5532.162698412699,5471,935538,3
19884.745393495396,5472,935583,5
32715.09504384504,5473,935687,7
28571.51279276279,5474,935864,7
75.16628645691515,5475,936151,7
14565.262308846235,5476,936252,5
-2581.536306830426,5477,936410,5
10025.04177757524,5478,936654,7
19463.122571872576,5479,936777,6
26999.751842155096,5480,937079,8
47230.33896658897,5481,937265,9
-16612.695358477064,5482,937554,6
17482.267589446034,5483,937795,7
-10033.288173170135,5484,938007,5
12350.58358308358,5485,938102,5
90.70904025679226,5486,938174,4
-37612.88634976135,5487,938434,5
-1445.0974025974026,5488,938449,3
20604.75920729597,5489,938490,5
35312.572772299936,5490,938794,9
18109.8674609704,5491,938847,5
45062.43920295391,5492,938901,7
-627.3712881975252,5493,938992,4
63075.54351557343,5494,939169,9
23343.982475427907,5495,939205,5
-3201.4245629241746,5496,939444,5
30093.488872238868,5497,939506,6
9231.42040879657,5498,939658,5
21145.956127206136,5499,939974,9
31794.835197911823,5500,940224,8
9099.188311688313,5501,940295,5
-33878.4250683546,5502,940746,6
-4212.919872954701,5503,940891,4
25166.27539127539,5504,940992,6
32258.164392796753,5505,941175,8
-5996.349679732033,5506,941224,3
53428.43651476476,5507,941458,9
22486.33907758908,5508,941517,5
31686.346366052243,5509,941609,6
20807.720645367703,5510,941813,7
-5744.428216262586,5511,941997,5
15490.78295564944,5512,942115,5
22405.149426811575,5513,942178,5
-7606.474742148114,5514,942288,4
-43028.39146749356,5515,942717,5
2787.9416218157635,5516,942785,4
-5952.391219891218,5517,942944,5
9766.528981639278,5518,943170,6
-15063.05622482093,5519,943273,3
28831.461038961046,5520,943336,6
22829.88829045912,5521,943378,5
-6487.672050172049,5522,943532,5
716.4939090164571,5523,943608,4
-7452.447552447552,5524,943652,3
-3507.8743258450318,5525,943673,3
41772.392884892884,5526,943818,8
17034.712607653786,5527,943878,5
-8880.334014837634,5528,944095,4
18006.73136504019,5529,944162,5
14059.968228151278,5530,944491,9
18346.18211080286,5531,944562,5
32624.842335596986,5532,944689,7
28725.936568992904,5533,944800,6
53204.42932175323,5534,944921,8
12698.736346213129,5535,945269,9
-2751.0569985569987,5536,945292,3
-5740.299302091098,5537,945525,5
-2205.491773878001,5538,945667,5
-19050.797637868247,5539,945898,4
-34905.98363474888,5540,946149,4
39499.758436008444,5541,946326,8
32813.77705627706,5542,946370,6
-31727.652684567336,5543,946584,3
38223.46334221333,5544,946759,8
10965.803538781483,5545,946879,5
15605.449330081683,5546,947203,9
16893.234126984127,5547,947257,5
27619.88566988567,5548,947317,6
33244.22577422577,5549,947395,7
6577.5,5550,947459,5
51098.55554168055,5551,947645,9
7701.678321678319,5552,947728,5
44132.68328657067,5553,947906,8
-11021.37445887446,5554,947983,3
-7785.26334776335,5555,948146,5
-65833.40280138535,5556,948603,4
40320.95603656749,5557,948830,8
-2490.238029943912,5558,948905,4
17932.92720437457,5559,948957,5
-1326.3736263736296,5560,949112,5
-2608.3333333333358,5561,949226,5
-10705.745643245642,5562,949296,3
5900.053280053281,5563,949434,5
-3962.4807294099132,5564,949637,5
-14880.76818606229,5565,949894,5
-39734.855144855144,5566,950145,4
-7146.709918908058,5567,950339,5
-20709.163059163053,5568,950454,3
-353.93231768231453,5569,950625,5
12740.942662858297,5570,950662,4
4887.0856637342695,5571,950979,7
-2212.218614718616,5572,951147,5
14864.841269841269,5573,951210,5
-15456.411152057433,5574,951509,5
18003.241758241755,5575,951544,5
3488.1979080431133,5576,951711,5
44366.28968253969,5577,951776,7
11269.317071817053,5578,952002,6
17805.300810300807,5579,952059,5
14050.94144331761,5580,952167,5
-4294.83253781822,5581,952187,3
58426.663465963,5582,952356,9
17523.658041305098,5583,952474,6
-14177.130230880228,5584,952534,3
8605.953490953489,5585,952745,7
48307.09241180216,5586,952970,9
12087.373321123325,5587,953078,5
9989.99893896953,5588,953171,5
18890.51587301587,5589,953218,5
-16899.384440136222,5590,953323,3
-3508.4410075218902,5591,953334,3
-16374.295288740068,5592,953486,3
6133.022521424224,5593,953671,6
7891.008260801133,5594,953821,5
-2462.8571428571427,5595,953832,3
-9366.009823509841,5596,954019,5
29980.62709349474,5597,954118,6
33477.71038816705,5598,954431,9
7157.3491092241065,5599,954596,5
-11858.930844267528,5600,954740,4
-22449.75530972755,5601,955076,5
25158.433025308026,5602,955193,6
51800.92853225206,5603,955287,8
30774.267036712852,5604,955358,6
7515.839965141721,5605,955559,5
-5420.844352296348,5606,955752,5
16360.231662257593,5607,955836,5
-15988.709427827076,5608,955912,3
7514.485617366814,5609,956068,5
41556.798895548905,5610,956141,7
60.49471137032458,5611,956256,5
-11205.949189699191,5612,956326,3
31267.91666666667,5613,956418,7
82789.08549783548,5614,956519,11
11897.718804887923,5615,956542,4
8293.239885114888,5616,956767,6
15760.692640692641,5617,956804,5
20624.942340081663,5618,956873,5
-52597.474240585696,5619,957359,5
-15174.146107160812,5620,957557,5
6576.121933621936,5621,957580,4
19060.479747290894,5622,957792,7
-47625.04676631421,5623,958211,5
17182.706460206453,5624,958368,6
38957.87753912754,5625,958478,7
58977.59435009435,5626,958536,8
12915.767704517704,5627,958627,5
36147.16089466089,5628,958667,6
-5182.334107725596,5629,958999,7
43417.762784601015,5630,959169,8
-10234.944638694637,5631,959221,3
39053.38249173055,5632,959354,7
19933.353868353868,5633,959410,5
4071.9787565375823,5634,959531,5
36227.01894059672,5635,959766,8
18420.230186480185,5636,959816,5
6920.665841296651,5637,959982,5
-3556.428571428571,5638,959992,3
-8406.064131946492,5639,960064,3
-7186.512793192359,5640,960271,5
-29614.174714174726,5641,960619,5
3112.698412698411,5642,960710,5
20129.639249639247,5643,960755,5
-15144.322691197696,5644,960969,5
-7309.881091131093,5645,961017,3
-23664.644860841287,5646,961285,5
7705.999045038952,5647,961415,5
11096.567847375998,5648,961544,5
16125.186310077952,5649,961633,5
-2830.8134920634916,5650,961738,5
-15664.457723648911,5651,962007,5
-10916.62990604167,5652,962225,5
15500.318201903243,5653,962317,5
1804.9750443055505,5654,962702,8
-3364.4459094826743,5655,962715,3
25880.814645021303,5656,962915,7
18939.18265529956,5657,962984,5
17865.021645021643,5658,963032,5
-25497.567444810073,5659,963256,4
31474.946042519565,5660,963333,6
-14392.655677655677,5661,963402,3
-12737.290466886046,5662,963592,5
22184.59817959818,5663,963636,5
-19348.533820410754,5664,963940,5
14976.879067784637,5665,964050,5
1522.5312636709677,5666,964106,4
9639.720633926283,5667,964205,5
-9733.429903429904,5668,964282,3
-69799.35989131643,5669,964716,5
-3061.0389610389607,5670,964743,3
4380.768298440758,5671,964966,6
17719.52367077368,5672,965080,6
30967.036982580386,5673,965266,7
-1437.7286765522058,5674,965298,3
39122.3063048063,5675,965363,7
51793.22011322014,5676,965552,9
67431.96079655638,5677,965713,10
30231.87645031093,5678,965943,8
32026.88023695393,5679,966086,7
42697.56051610928,5680,966325,9
-4769.429437951103,5681,966656,6
-6796.85661560662,5682,966830,5
28890.39979327518,5683,966937,6
21841.88526493287,5684,966981,5
76258.00948165666,5685,967281,12
14919.121615183929,5686,967532,7
21640.24988899989,5687,967590,5
48685.426261941924,5688,967726,8
26312.559523809523,5689,967795,6
15733.333416473222,5690,967911,6
16404.073287823285,5691,967969,5
2979.2610008670326,5692,968046,4
44202.781234288566,5693,968193,8
-9296.771895974682,5694,968470,7
22444.405134554134,5695,968518,5
3094.2107084521995,5696,968844,7
-484.5957873022404,5697,968941,4
2963.103646581503,5698,969023,4
22745.383547051504,5699,969242,7
18607.171300921294,5700,969438,7
55879.20815295814,5701,969545,9
8114.689754689745,5702,969796,9
23473.12240863712,5703,969913,6
13877.332528582532,5704,970189,9
-1519.1323953823955,5705,970200,3
33537.043940536576,5706,970312,7
17431.39690761595,5707,970484,7
12226.250955571768,5708,970741,9
22064.376456876456,5709,970768,5
8735.101703851702,5710,970855,5
6097.186958694227,5711,971055,6
-1197.118992118996,5712,971272,6
-4886.576438267618,5713,971404,4
34787.18804071746,5714,971667,9
-13659.818792318792,5715,971798,4
-7749.2111156817045,5716,971847,3
-6727.640495254657,5717,972196,9
15241.904704128001,5718,972430,7
43623.9021762551,5719,972650,9
21107.94137022398,5720,972681,5
-14251.130488019087,5721,973124,8
11752.843684093685,5722,973191,5
9622.198495948502,5723,973384,6
-13498.957055586305,5724,973638,5
349.5700047286732,5725,973817,5
27288.163666398956,5726,973978,7
16929.166666666668,5727,973990,5
19781.569680319684,5728,974036,5
17182.683627646853,5729,974196,6
12670.086037599498,5730,974235,4
-53703.41491841491,5731,974505,4
14829.369722984271,5732,974866,9
22011.027730439502,5733,974994,6
54036.73592424952,5734,975277,10
6969.581684655206,5735,975414,5
21655.303141303146,5736,975451,5
4779.930208680202,5737,975570,5
-19582.692307692305,5738,975667,3
1285.546536796539,5739,975747,5
-16070.113636363636,5740,975816,3
-13248.159148642892,5741,975924,3
46753.01030582764,5742,976068,8
-9769.725445478152,5743,976190,4
-6249.9420024420015,5744,976226,3
-8147.485639360639,5745,976289,3
22852.108308358303,5746,976311,5
-4238.457918444458,5747,976404,4
6212.0569248433085,5748,976636,6
-25900.357142857138,5749,976745,3
-343.43975468975475,5750,976756,3
-6781.467890300569,5751,976899,4
6592.031093906096,5752,977010,5
4016.0275882528204,5753,977203,5
-11186.010990643326,5754,977577,7
14627.857142857141,5755,977624,5
1797.0100732600736,5756,977693,4
15918.1734553193,5757,977811,5
66668.03876678876,5758,977971,10
33230.67198689683,5759,978194,8
56957.092352092346,5760,978294,9
-497.91775433029864,5761,978460,5
-622.7528027528028,5762,978483,3
-47105.33730158731,5763,978853,5
26359.189483547078,5764,979027,7
-3539.817821067821,5765,979050,3
1951.4886420768726,5766,979179,5
-9900.655189538702,5767,979483,5
6049.302641802641,5768,979575,5
-49264.14408905509,5769,979974,5
-11959.343672753117,5770,980189,5
7735.942492534983,5771,980431,6
19211.841920334562,5772,980484,5
11904.960946561187,5773,980621,5
-2577.013264513263,5774,980699,4
33482.11706443711,5775,980854,7
15184.603174603177,5776,980905,5
13855.023089655435,5777,981005,5
13240.728852760582,5778,981124,5
-22878.769425019425,5779,981254,4
-10324.001324612778,5780,981333,3
-15044.702846173435,5781,981427,3
6743.809523809523,5782,981459,4
17682.822373704726,5783,981535,5
5278.341393765744,5784,981594,4
-2277.785825285825,5785,981617,3
17802.985581025445,5786,981703,5
21862.60080283493,5787,981749,5
36501.16304855276,5788,981824,7
-23069.39393939394,5789,981947,3
29472.213495998327,5790,982030,6
-34677.80302896201,5791,982524,8
-2068.30281646458,5792,982702,5
30831.21523569609,5793,982844,7
33642.07857969456,5794,983066,8
-20116.64060569634,5795,983366,5
-41684.63914740238,5796,983892,5
18465.057720057725,5797,983917,5
41046.759336509735,5798,984072,8
31030.720458591954,5799,984320,8
-18798.247736740384,5800,984446,3
-4264.383325008335,5801,984710,5
21988.95562770563,5802,984941,8
-18407.01201576201,5803,985034,3
22219.023754023754,5804,985076,5
2144.3024989716173,5805,985122,4
-1744.8432123432124,5806,985135,3
20505.76553413047,5807,985215,6
-73406.3138555631,5808,985740,4
29151.942779442772,5809,985812,6
25599.517608724265,5810,985930,6
-5236.679712401447,5811,986371,7
-25147.376879656294,5812,986686,5
2520.3755435740654,5813,986824,5
12786.584665334667,5814,986926,5
4312.393657515815,5815,987078,5
-19402.41147741149,5816,987285,4
-14436.90094627594,5817,987429,4
37782.39134943368,5818,987537,7
18147.744338994333,5819,987608,5
-3852.2567336344487,5820,987813,5
37259.6783332318,5821,987972,7
19440.029761904763,5822,987991,5
20084.22619047619,5823,988014,5
52593.88665514052,5824,988138,9
24281.73416860917,5825,988239,6
48763.45112296546,5826,988469,9
18855.223665223675,5827,988522,5
17821.450661266837,5828,988568,5
-36250.892544853254,5829,988889,5
19885.059523809523,5830,988925,5
-20464.192057942066,5831,989005,3
18917.71891767355,5832,989123,5
-42336.733682983715,5833,989331,3
-35300.67186683289,5834,989642,4
7917.057204388691,5835,989774,5
-10459.458306533958,5836,989858,3
16470.340909090904,5837,989893,5
-27086.2236374736,5838,990121,4
1691.6924741924704,5839,990342,6
-11464.992784992788,5840,990423,3
-15145.990232677541,5841,990508,3
-9000.580045599394,5842,990740,5
-1948.7334887334887,5843,990750,3
-11848.480755355753,5844,990976,5
19045.24380031734,5845,991050,5
-2890.6869482856223,5846,991301,6
-11285.146103896102,5847,991366,3
985.3736378001095,5848,991553,5
15985.059523809523,5849,991601,5
25038.765874648245,5850,991749,7
11236.666666666664,5851,991809,5
20089.60097873141,5852,991855,5
-1118.8383838383838,5853,991866,3
52488.53690835308,5854,992042,10
52845.881479631484,5855,992119,8
22270.186776587714,5856,992428,8
2153.0357142857156,5857,992532,5
27746.57176157176,5858,992688,7
-2033.2142857142858,5859,992699,3
8018.626902638128,5860,992983,7
-7116.071428571428,5861,993018,3
-13150.283658549914,5862,993103,3
45447.50203228144,5863,993271,8
41289.60151089022,5864,993502,9
28216.122072372073,5865,993595,6
-437.1717171717171,5866,993610,3
-5350.119047619049,5867,993680,4
-10735.85206460206,5868,993741,3
-22977.551871073534,5869,993991,4
22288.977113572702,5870,994156,7
15478.515239490473,5871,994291,6
-905.173445835213,5872,994540,6
-1180.301646882528,5873,994629,4
-2814.8363600661,5874,994736,4
6244.669971626244,5875,994933,7
13348.71481653023,5876,995202,7
25460.21312021312,5877,995346,7
-9540.326062826065,5878,995467,4
1856.1376940053458,5879,995700,7
9396.836219336225,5880,995851,6
35282.97230547231,5881,995960,7
16126.580160250822,5882,996288,8
32386.72771672772,5883,996445,8
20706.595349095347,5884,996495,5
-5052.797202797203,5885,996531,3
52833.14781516212,5886,996860,11
-3238.9780901932636,5887,997058,5
21572.328553799136,5888,997200,6
-4191.920334567393,5889,997222,3
8150.607058938427,5890,997358,5
-1294.0850815850818,5891,997371,3
-25563.598484848484,5892,997494,3
4108.699671716313,5893,997659,5
7163.567821067822,5894,997840,6
6494.543604736598,5895,997931,4
5672.830364080365,5896,998166,7
-6533.07437831272,5897,998423,6
38400.28554778554,5898,998657,10
12266.120080742607,5899,998688,4
42987.044042558744,5900,998756,7
19853.13110908699,5901,998813,5
27887.444897480735,5902,998939,6
-14457.152957979273,5903,999174,5
-9420.50047175047,5904,999223,3
9643.46028971029,5905,999240,4
30510.010267510268,5906,999295,6
27172.888957018215,5907,999467,8
28202.1737827446,5908,999634,7
20208.205311845017,5909,999710,5
3403.2466144966093,5910,999878,5
11524.54711954712,5911,999977,5
18782.54620379621,5912,1000027,5
16280.237695311233,5913,1000092,5
33302.16734246146,5914,1000338,8
-10187.463894035103,5915,1000580,5
-9665.584415584415,5916,1000653,3
10352.25129037629,5917,1000719,5
-10326.929181929183,5918,1000782,3
3751.736898722198,5919,1000968,5
-6906.37370799135,5920,1001118,4
-33454.63525767321,5921,1001758,9
-10315.62196790138,5922,1001923,5
-4427.900432900433,5923,1001934,3
11574.26948051948,5924,1002023,5
18688.928571428576,5925,1002063,5
19366.227244977243,5926,1002130,5
22483.329701559192,5927,1002260,6
18901.97842633815,5928,1002498,7
10848.949661449657,5929,1002663,6
13722.949929971985,5930,1002927,7
-16107.197663447669,5931,1003094,4
17309.85994551843,5932,1003172,5
9856.547787876774,5933,1003407,6
-9468.748306844891,5934,1003673,6
15714.577263122159,5935,1003812,6
19733.06235431236,5936,1003847,5
3401.418026418027,5937,1003911,4
-14294.852012049216,5938,1004014,3
12330.884670884669,5939,1004100,5
16492.830062094767,5940,1004170,5
14467.154928404916,5941,1004415,7
19023.65079365079,5942,1004440,5
57424.93603618602,5943,1004559,9
18032.797619047622,5944,1004613,5
21283.605546070718,5945,1004739,6
6760.993556293394,5946,1004795,4
2587.4519924519923,5947,1004967,5
57134.38623876123,5948,1005047,8
6167.830556227543,5949,1005236,5
16612.02525497002,5950,1005511,7
549.5150953277875,5951,1005765,6
-4836.540501337331,5952,1006061,6
24068.264582639575,5953,1006271,7
14354.251443001445,5954,1006318,5
13661.697180027133,5955,1006627,7
33375.02031012353,5956,1006677,6
18136.213924963926,5957,1006718,5
-2232.171717171717,5958,1006737,3
-36735.06637024826,5959,1007037,4
25450.57588245088,5960,1007153,7
22384.219518871225,5961,1007193,5
27799.3605006105,5962,1007250,6
-15611.95965927777,5963,1007378,4
16313.482910063809,5964,1007742,9
622.5706238206253,5965,1007861,5
-2370.6962481962482,5966,1007873,3
983.5775335775347,5967,1008041,6
-4.556415806417249,5968,1008097,4
21937.955666624388,5969,1008229,6
49667.05377955378,5970,1008338,8
52149.05736946942,5971,1008434,8
-44673.21437012418,5972,1008773,6
-12548.33832833833,5973,1008974,5
29936.383477633477,5974,1009034,6
21647.1331626843,5975,1009358,9
28387.97222535806,5976,1009442,6
313.9305996291282,5977,1009612,5
22282.543151293154,5978,1009693,6
17180.995242502588,5979,1010021,8
15919.955738705741,5980,1010079,5
25404.22565179919,5981,1010274,8
10137.043414102243,5982,1010569,7
52938.7058718715,5983,1010657,8
2796.7013133924866,5984,1010820,5
-7098.276584526583,5985,1010866,3
-5953.524263572385,5986,1010905,3
66861.20851370852,5987,1011031,10
22537.954955588193,5988,1011103,5
5468.40064347417,5989,1011305,6
32906.43263191057,5990,1011386,6
11070.079027010155,5991,1011526,5
19509.55857803187,5992,1011737,7
-8727.54566404528,5993,1011954,6
7334.437229437227,5994,1012039,5
-9895.079365079364,5995,1012104,3
-36064.49488548949,5996,1012427,5
3856.4243127798463,5997,1012566,5
39387.353573713895,5998,1012741,8
-25374.422799422795,5999,1012916,3
-15680.059523809525,6000,1012995,3
30945.729887802263,6001,1013187,7
26980.20251241296,6002,1013449,8
-36568.570899774466,6003,1013755,4
25165.047905525837,6004,1013896,6
-11775.860609978257,6005,1013986,3
21609.570349885762,6006,1014042,5
18524.12886949651,6007,1014157,6
-7064.847581655892,6008,1014467,6
-2315.162615162615,6009,1014489,3
-20109.264069264067,6010,1014705,5
-4853.851167752096,6011,1014946,5
-14795.59052059052,6012,1015057,4
-62972.27394896128,6013,1015546,5
22742.99492174492,6014,1015609,6
21976.717392647206,6015,1015682,5
7150.789684172036,6016,1015895,6
18741.93722943723,6017,1015930,5
44555.69918085012,6018,1016159,9
30701.75246150478,6019,1016474,9
18269.496059496065,6020,1016524,5
61513.6313733566,6021,1016704,10
7923.021496477386,6022,1016825,5
45865.671273171276,6023,1016950,8
5041.2261349761375,6024,1017039,5
-22515.773606123847,6025,1017369,5
29863.62137862137,6026,1017431,6
11872.107794166615,6027,1017512,5
2721.654040404047,6028,1017577,4
32292.974242819444,6029,1017691,7
9270.41666666667,6030,1017763,5
-1408.89763014763,6031,1017777,3
37988.36621711621,6032,1017918,8
-14885.439305640351,6033,1018246,7
15916.25023527198,6034,1018301,5
39119.60898148977,6035,1018496,8
-13803.519538574092,6036,1018653,4
52602.535807791275,6037,1018891,9
9105.95238095238,6038,1018911,4
20918.969225219225,6039,1018945,5
29669.40115440117,6040,1019127,8
-30537.562267239162,6041,1019567,7
9779.891090161995,6042,1019914,7
12195.039682539684,6043,1019974,5
-12120.348124098122,6044,1020065,3
10024.39635527871,6045,1020160,5
5438.095238095238,6046,1020233,5
93882.49513150248,6047,1020625,15
75395.21492396494,6048,1021027,14
16073.293650793656,6049,1021089,5
-607.1428571428571,6050,1021099,3
33613.26175335261,6051,1021234,7
45553.92249327971,6052,1021551,10
-11722.656510156512,6053,1021610,3
-24077.070765370427,6054,1021978,6
17952.885031635033,6055,1022038,5
26397.081390831387,6056,1022132,6
26720.547209498476,6057,1022359,8
33507.624238506585,6058,1022434,7
12984.713867144204,6059,1022541,5
-14856.04511845223,6060,1022792,5
40869.04198141041,6061,1023059,9
4294.815564337622,6062,1023181,5
28412.233114108116,6063,1023257,6
23172.879065379082,6064,1023469,7
18289.010989010992,6065,1023496,5
43654.64837450131,6066,1023580,8
15358.915528915528,6067,1023724,6
22003.189598069628,6068,1023792,5
13617.155483405484,6069,1023942,7
31193.163704200873,6070,1024121,8
31216.19178078544,6071,1024199,6
12401.849583594947,6072,1024393,6
23832.70702874771,6073,1024618,8
9804.4178044178,6074,1024706,5
12548.668553668555,6075,1024919,6
20235.323426573435,6076,1025096,7
14612.647817868412,6077,1025274,6
28520.52503052501,6078,1025402,7
33992.835140968054,6079,1025619,8
3087.8128506377957,6080,1025723,5
-6562.857142857142,6081,1025763,3
-2548.2556332556333,6082,1025782,3
40617.49833499833,6083,1025889,7
24494.528169414007,6084,1025929,5
25774.889971139964,6085,1025998,6
4881.60533910534,6086,1026038,4
53894.49541793774,6087,1026289,9
17501.441081922898,6088,1026611,8
-682.9216616716622,6089,1026730,5
21927.294372294367,6090,1026757,5
18148.056596181596,6091,1026869,6
17723.58114108114,6092,1026926,5
13424.114357864351,6093,1027055,6
-23631.7704924299,6094,1027410,5
5150.861777111779,6095,1027581,6
-5740.482434232435,6096,1027620,3
16745.176767676767,6097,1027644,5
-3906.8362193362195,6098,1027665,3
5124.386030636033,6099,1027717,4
54418.02704197248,6100,1027880,9
-25569.438339438337,6101,1028019,3
29301.605330943556,6102,1028274,8
20215.993531752036,6103,1028649,9
43986.59992784992,6104,1028706,7
29915.83874458874,6105,1028758,6
-48867.551605386354,6106,1029346,8
60090.18726779756,6107,1029539,9
38026.50557367467,6108,1029707,8
-18723.324154345817,6109,1029810,3
10834.312909312908,6110,1030006,6
10064.097189739492,6111,1030064,4
-2846.558991833765,6112,1030348,6
13698.036097459462,6113,1030503,6
19498.486725692605,6114,1030556,5
-16565.692293817297,6115,1030846,6
445.6678963451368,6116,1031095,5
46296.130797951635,6117,1031292,9
-14606.57473245708,6118,1031393,3
4833.04958178217,6119,1031522,5
10096.76968864469,6120,1031686,6
11645.414347490505,6121,1031946,7
-82061.52464644928,6122,1032643,5
-12343.132804746661,6123,1032877,5
-3579.379446018378,6124,1032892,3
25570.41763791763,6125,1033093,8
-66921.83605223468,6126,1033616,5
-29670.818903318905,6127,1033806,3
-51646.99647164874,6128,1034174,3
-3808.299894549894,6129,1034400,5
6660.0777947972165,6130,1034734,8
-14904.41031191031,6131,1034816,3
-20788.797868797865,6132,1034943,3
11413.829365079366,6133,1035010,5
-2210.8243145743136,6134,1035172,5
18096.06042018697,6135,1035239,5
19920.748556998555,6136,1035274,5
12545.317460317458,6137,1035359,5
-22131.294927982246,6138,1035502,3
-365.658161283161,6139,1035597,4
-45389.5072982573,6140,1035801,4
-12484.40550843243,6141,1035893,3
62651.29662004662,6142,1036071,10
13385.709894465692,6143,1036241,6
251.9528388278386,6144,1036258,3
-334.1519621589306,6145,1036443,5
19747.23776223777,6146,1036644,7
17980.9968952616,6147,1036979,10
41598.16910750927,6148,1037040,7
20200.21546672282,6149,1037175,6
-21347.981601731593,6150,1037259,3
-4874.585585553078,6151,1037283,3
-28257.879967899262,6152,1037754,6
20112.759601509606,6153,1037908,7
-8023.005605505606,6154,1037977,3
14362.007463640592,6155,1038075,5
-48970.963758463746,6156,1038403,4
-3179.962354037427,6157,1038594,5
9436.318909848324,6158,1038683,5
22164.067460317456,6159,1038726,5
5159.639010155673,6160,1038987,6
-4931.547619047618,6161,1039003,3
8662.22312409814,6162,1039265,7
-17983.825190061714,6163,1039624,6
-19039.390331890336,6164,1039734,3
14730.209908555506,6165,1039875,6
-10940.02754190254,6166,1040258,7
11949.394001251587,6167,1040367,5
15352.199046868163,6168,1040461,5
20341.6563991564,6169,1040510,5
32893.032115373484,6170,1040619,6
-2712.579365079365,6171,1040636,3
-4769.48721320446,6172,1040802,4
-30141.529671309072,6173,1041137,5
12615.632423132425,6174,1041215,5
14050.90350224252,6175,1041326,5
22794.056478652063,6176,1041627,8
20249.512987012982,6177,1041668,5
38274.088231964044,6178,1041943,9
22235.425130425127,6179,1042000,5
39408.54149811765,6180,1042119,7
28094.278026110464,6181,1042232,6
2697.09567387787,6182,1042416,5
29085.64846144568,6183,1042562,7
48908.883546149416,6184,1042861,10
8117.521080570614,6185,1042922,4
64942.720404595406,6186,1043030,9
37201.15051615051,6187,1043126,7
19561.428571428572,6188,1043144,5
-8593.282828282829,6189,1043207,3
40458.84762536713,6190,1043593,9
4636.428293928292,6191,1043702,5
15465.999870823609,6192,1043837,6
555.833055833056,6193,1043850,3
19360.614966603727,6194,1044065,7
-4258.671328671329,6195,1044076,3
5342.981063484161,6196,1044242,5
27695.07850809321,6197,1044369,7
8134.440723320366,6198,1044443,5
-1712.7777777777778,6199,1044454,3
-17227.7479939651,6200,1044824,7
-7292.994297369298,6201,1044841,3
1621.5202305845419,6202,1045195,7
20407.083333333332,6203,1045221,5
22739.45707070707,6204,1045253,5
18371.33533133533,6205,1045300,5
-25033.052506059466,6206,1045462,3
39410.38199758469,6207,1045635,7
8907.536675570733,6208,1045957,8
-11803.269442975328,6209,1046036,3
4759.02430902431,6210,1046215,5
-5589.603174603175,6211,1046249,3
-23060.578203401343,6212,1046388,3
8427.101925851926,6213,1046600,7
-4769.444444444444,6214,1046623,3
37940.39424949836,6215,1046917,9
-5132.853936598992,6216,1047139,5
4307.608851969725,6217,1047287,5
8632.522893772893,6218,1047309,4
-9092.777777777777,6219,1047357,3
6543.3799533799565,6220,1047399,4
28942.38499262103,6221,1047747,9
-18482.777777777777,6222,1047822,3
-2460.880994005994,6223,1047833,3
7980.705266955267,6224,1047892,4
9047.947314553347,6225,1048006,5
21692.008685758687,6226,1048043,5
13631.793672014266,6227,1048259,7
-19672.869159134625,6228,1048418,3
7108.015873015871,6229,1048447,4
45000.709379069354,6230,1048515,7
6035.930735930734,6231,1048617,5
5137.684166109091,6232,1048783,5
20142.362359862353,6233,1048804,5
1459.4047619047615,6234,1048862,4
-8800.642274392274,6235,1048912,3
-4340.3962703962825,6236,1049056,4
23345.756267511293,6237,1049105,5
13051.784097395557,6238,1049490,8
-7253.013653013653,6239,1049545,3
7839.673719168691,6240,1049706,5
-4571.196531581593,6241,1049870,5
-6887.376234876234,6242,1049902,3
-14774.679747322862,6243,1050182,5
2590.2750804126963,6244,1050438,6
-19541.6577866578,6245,1050695,5
6417.060914876322,6246,1051030,7
53803.83240241685,6247,1051262,9
22816.969976617816,6248,1051576,9
-4693.612914862914,6249,1051655,4
11410.244226877358,6250,1051818,6
24219.50577200577,6251,1051895,6
22495.285634828895,6252,1051942,5
-114.83057383792698,6253,1051998,4
3071.6864312587973,6254,1052157,5
20852.28215390563,6255,1052383,8
-629.6428571428571,6256,1052393,3
6109.391858141857,6257,1052442,4
16671.598663204702,6258,1052504,5
-9982.222222222223,6259,1052559,3
5901.953471794798,6260,1052849,7
5158.837828837824,6261,1052979,5
43601.160506160515,6262,1053016,7
19867.552863802866,6263,1053150,6
-41891.46480561922,6264,1053417,5
-23801.369324689753,6265,1053799,6
37896.18210715154,6266,1053919,7
13475.385556565896,6267,1054028,5
19600.638307770674,6268,1054200,6
38201.95346320347,6269,1054337,8
-12599.853789786066,6270,1054458,3
6570.577339327339,6271,1054606,5
-2637.4927849927813,6272,1054746,5
34296.80153180153,6273,1054805,6
26620.1492951493,6274,1054863,6
13633.985719732615,6275,1054950,5
-8829.419844861019,6276,1055021,3
28240.430554194012,6277,1055123,6
21516.602715095367,6278,1055270,6
50781.11262791217,6279,1055559,10
25212.077704992196,6280,1055845,8
8512.676794309918,6281,1056198,9
-32713.660459802348,6282,1056348,3
25844.17574255809,6283,1056447,6
-14467.261904761906,6284,1056510,3
8431.097236097237,6285,1056800,9
54308.27949827947,6286,1056920,9
14655.636724386726,6287,1056988,5
-12767.708883393869,6288,1057089,3
2710.3545340967894,6289,1057271,5
-2391.4284326784323,6290,1057415,5
-5468.569624819626,6291,1057458,3
-5590.789488289489,6292,1057750,7
16139.515921814691,6293,1057888,6
10359.704139814434,6294,1058088,6
-10589.747474747473,6295,1058219,5
17435.31204906205,6296,1058279,5
22643.133672742795,6297,1058377,6
17087.824090254428,6298,1058435,5
44153.60292485293,6299,1058658,9
-1768.8084138084123,6300,1059019,9
-8797.922771672775,6301,1059245,6
-22985.86540437546,6302,1059424,5
12594.758019758025,6303,1059524,5
17970.190365190363,6304,1059576,5
-45918.878066378085,6305,1059863,5
2720.397625035775,6306,1060082,6
70449.62399936664,6307,1060398,12
53970.67467254967,6308,1060547,9
21716.552336552337,6309,1060590,5
-55847.71077735474,6310,1060889,4
21173.780578296835,6311,1061099,7
11645.72017557331,6312,1061507,8
43594.23673548673,6313,1061649,8
20730.32615668645,6314,1062027,9
31141.936654032237,6315,1062517,11
28018.481577117404,6316,1062598,6
-113.18194103798362,6317,1062921,7
-4373.1360409456465,6318,1063175,5
-12979.516594516592,6319,1063309,4
4106.269841269839,6320,1063429,5
32440.992866997127,6321,1063620,7
21651.79667554668,6322,1063832,8
-19569.520539445075,6323,1063930,3
-7874.764124764124,6324,1063974,3
20725.256549006554,6325,1064111,7
54293.43885281386,6326,1064221,8
-32636.993848299957,6327,1064706,9
-2133.844990391973,6328,1064842,4
19897.374569874573,6329,1064875,5
44331.206987456986,6330,1064963,7
38312.5790875791,6331,1065157,9
13256.098415473418,6332,1065241,5
28979.973372430803,6333,1065393,7
-15634.270395497175,6334,1065649,6
-4467.958504129152,6335,1066024,8
10435.92102342102,6336,1066234,6
10315.19344604483,6337,1066417,6
-6388.18452789041,6338,1066466,3
-3908.9999787793813,6339,1066629,5
-50012.58305420073,6340,1067077,6
-10200.69875128311,6341,1067253,5
20992.73837896709,6342,1067288,5
38345.877347197005,6343,1067468,8
-355.99803748023885,6344,1067640,5
13094.044922011262,6345,1067802,6
-7213.024475524477,6346,1067838,3
6747.024572649569,6347,1067903,4
43477.49083540299,6348,1068010,7
-7987.629392021811,6349,1068271,6
-10960.948773448772,6350,1068323,3
-14898.659396159392,6351,1068542,6
-14410.103576978574,6352,1068793,6
46237.468364968365,6353,1068917,8
2428.64197270738,6354,1069126,5
-3409.8141441891444,6355,1069144,3
10928.603896103898,6356,1069259,6
47549.13213184305,6357,1069512,10
32118.600699266335,6358,1069652,7
8481.129356754354,6359,1069762,5
17966.423853923858,6360,1069902,6
8375.94414572356,6361,1070025,5
16455.630554086434,6362,1070157,6
-5299.3452380952385,6363,1070281,5
20099.588744588742,6364,1070333,5
31995.64049705883,6365,1070414,6
4980.3515002799,6366,1070557,5
58392.510610304715,6367,1070723,9
12052.725468975472,6368,1070787,5
37749.97697520916,6369,1071023,9
59886.235068979724,6370,1071233,10
27656.084932224632,6371,1071313,6
27226.366648057832,6372,1071586,9
-71559.54365079371,6373,1072079,7
-8028.542463728225,6374,1072236,4
-12176.093073593074,6375,1072419,5
-5648.900706687759,6376,1072612,5
17253.50394961076,6377,1072783,6
-6008.368298368298,6378,1072810,3
24754.433621933622,6379,1072897,6
7596.16892911011,6380,1073096,6
-27274.88284999312,6381,1073408,4
23000.927237107575,6382,1073645,8
9758.093482296183,6383,1073834,6
25962.2537511508,6384,1074081,8
-5769.459752064243,6385,1074216,4
-11292.547863213485,6386,1074571,7
2095.3856555810908,6387,1074672,4
36916.263866852125,6388,1074771,7
28437.134158626024,6389,1075004,7
-16221.874228712462,6390,1075106,3
10256.061604374296,6391,1075247,5
-9330.94918969919,6392,1075390,5
-5926.504500401559,6393,1075421,3
9304.702458489219,6394,1075640,6
7123.973640738349,6395,1075702,4
19403.428434310787,6396,1075901,7
30834.127118796234,6397,1075974,6
-14561.621850371852,6398,1076047,3
-7321.947978645245,6399,1076201,4
18001.61921411921,6400,1076241,5
-19207.103174603173,6401,1076330,3
10529.123237443671,6402,1076359,4
-5792.01337767615,6403,1076393,3
-12103.895649199398,6404,1076897,9
17344.303751803753,6405,1076930,5
19609.58305583305,6406,1077160,8
9574.571123321124,6407,1077278,5
-16425.357142857145,6408,1077452,5
14907.466410653327,6409,1077709,7
22303.728626894263,6410,1077870,7
13931.8176205889,6411,1078028,6
35141.63254149121,6412,1078245,8
14111.849539349543,6413,1078310,5
9414.345187406336,6414,1078426,5
-40276.30450198463,6415,1078826,6
18085.153596403597,6416,1078882,5
20709.027949604577,6417,1078928,5
10921.826645576646,6418,1079195,8
-52343.129930784766,6419,1079528,4
10242.541508843735,6420,1079845,7
-8740.509906759908,6421,1079915,3
8252.910422910423,6422,1079949,4
5286.003109321694,6423,1080164,5
18596.834415584417,6424,1080196,5
-2681.1744627921116,6425,1080346,5
-12690.059345754009,6426,1080710,6
30513.67604617605,6427,1080907,8
-1217.7777777777776,6428,1080919,3
-9062.449494949495,6429,1081243,7
17427.68152708294,6430,1081478,7
32586.5623542694,6431,1081687,8
16644.595531102863,6432,1081852,6
-11715.223535923993,6433,1082182,6
-38803.67673992674,6434,1082361,3
-27289.89608430784,6435,1082628,5
-15377.480224024343,6436,1082840,5
46461.08849204633,6437,1083131,10
-28800.808080808085,6438,1083285,3
-43951.86918240224,6439,1083656,5
-18692.53456363263,6440,1083832,4
-6590.942113442115,6441,1084005,4
-27642.438872402112,6442,1084363,5
18881.56977546877,6443,1084620,7
12533.304473304474,6444,1084675,5
-5825.348075127487,6445,1084796,4
-7224.093171835045,6446,1085081,6
36804.609002109,6447,1085165,7
-1246.111111111111,6448,1085175,3
19252.20238095238,6449,1085202,5
-32435.688755688767,6450,1085461,4
11376.662989797334,6451,1085680,6
-6584.0834818776,6452,1085724,3
-1275.0108225108238,6453,1085898,6
9492.126960876209,6454,1086064,5
62942.19572094572,6455,1086148,9
11836.976836126585,6456,1086278,5
-3762.377344877345,6457,1086303,3
-251.30924630924687,6458,1086368,4
42708.98018648019,6459,1086476,8
20563.588078588073,6460,1086507,5
25069.14374840846,6461,1086552,5
7386.015373515368,6462,1086621,5
36187.35337890524,6463,1086978,9
9411.444866043894,6464,1087107,5
-6004.345932424913,6465,1087143,3
-4628.828392969259,6466,1087183,3
3526.8125658927715,6467,1087336,5
44782.480024705255,6468,1087399,7
43642.48624741271,6469,1087517,8
-10666.785468788183,6470,1087597,3
22242.068949712142,6471,1087747,6
-6929.523707501654,6472,1087996,6
-48395.62630472958,6473,1088450,5
-16464.29011348129,6474,1088605,4
26878.646985754174,6475,1088711,6
-599.4638694638704,6476,1088797,4
9021.413460335674,6477,1088843,4
10584.038045288047,6478,1088982,5
-2259.780774780775,6479,1089008,3
66901.16050897696,6480,1089235,11
6905.546259296256,6481,1089383,6
-966.5945165945166,6482,1089401,3
26965.79059227666,6483,1089732,9
-3636.9281331413645,6484,1089925,5
15735.429292929293,6485,1089978,5
23041.87475514681,6486,1090030,5
-5894.309449795134,6487,1090172,4
-445.7981694088437,6488,1090667,9
7946.082853335174,6489,1090714,4
-4703.3853665684155,6490,1090753,3
20033.46723907702,6491,1090977,7
-1383.8857670107675,6492,1091042,4
-4092.4957146004613,6493,1091266,5
19340.126474832356,6494,1091459,7
15381.91564713236,6495,1091572,6
-3277.5,6496,1091582,3
2648.7334492133245,6497,1091681,4
-3056.335886335886,6498,1091778,4
13810.161227661245,6499,1091911,6
-11116.571472043606,6500,1091991,3
24399.958294199772,6501,1092252,8
18973.351157372053,6502,1092491,6
18907.860195360197,6503,1092551,5
-9644.265228235821,6504,1092758,5
7809.522422022421,6505,1092885,5
-2367.8256457165126,6506,1092915,3
19962.04825897354,6507,1093144,7
6178.299686424688,6508,1093282,5
-25086.161963036964,6509,1093457,4
21544.056811781265,6510,1093907,12
66297.22769146919,6511,1094105,10
11461.168831168832,6512,1094128,4
59825.88008396832,6513,1094230,9
14207.105394605389,6514,1094278,5
-5211.222654883973,6515,1094479,5
15945.941835941834,6516,1094538,5
-9795.483405483406,6517,1094581,3
41758.19055944054,6518,1094654,7
-18283.393431903478,6519,1094782,3
34711.50702403977,6520,1094927,7
-884.9269249269203,6521,1095040,5
212.27127039626794,6522,1095184,5
32705.733433233447,6523,1095410,8
3168.575036075039,6524,1095495,5
-18895.233158609393,6525,1095715,5
25767.270109491466,6526,1095817,6
-3091.2665052152192,6527,1096184,7
-16624.0300566979,6528,1096517,6
19732.59698613219,6529,1096799,8
24379.532118208605,6530,1096975,7
-26639.087401246838,6531,1097272,5
45265.29137529138,6532,1097348,7
-579.9704225942635,6533,1097452,4
-5908.928571428571,6534,1097481,3
-20052.748501498492,6535,1097734,6
-11533.993266533647,6536,1097819,3
-13154.269878728088,6537,1098055,5
-38425.74888346946,6538,1098257,3
-19311.19463290109,6539,1098484,5
-2159.9837662337663,6540,1098509,3
47216.87720518215,6541,1098703,9
20534.46300431594,6542,1098992,9
20954.63747703105,6543,1099373,9
31217.522508451304,6544,1099620,8
3900.1820401820414,6545,1099668,4
4435.007770007771,6546,1099763,5
7722.752997150541,6547,1099831,4
13224.316207154749,6548,1099940,5
-2937.629037629038,6549,1099968,3
3550.8696764192155,6550,1100220,7
-28009.78246018688,6551,1100556,5
5408.095238095235,6552,1100656,5
-4888.754194292134,6553,1100912,5
-14151.108823237299,6554,1101327,7
9944.603174603177,6555,1101426,5
23758.78958051752,6556,1101578,7
27634.24395049395,6557,1101862,8
3122.9874942701335,6558,1102103,6
3495.518950004245,6559,1102275,5
8005.31746031746,6560,1102338,5
15981.078643578647,6561,1102375,5
28375.678887513284,6562,1102502,6
17083.80357881712,6563,1102608,5
19795.208957708957,6564,1102635,5
20217.825785325786,6565,1102682,5
21255.91152784263,6566,1102864,6
21222.09027084027,6567,1102969,6
60484.6110335313,6568,1103094,9
-585.1064213564215,6569,1103104,3
-5425.267490275836,6570,1103324,5
23110.181487973667,6571,1103527,7
-10354.021215712417,6572,1103930,7
4961.881602874248,6573,1104067,5
-3863.608453165345,6574,1104259,6
11887.131618381614,6575,1104347,5
25448.61774663244,6576,1104463,6
3701.510989010986,6577,1104593,5
22572.13769439194,6578,1104703,6
17077.294804868336,6579,1104773,5
9056.754911754912,6580,1104878,5
-5054.661727161729,6581,1104955,4
16490.98651348651,6582,1105026,5
38384.71903096902,6583,1105279,9
39886.29939504939,6584,1105423,8
42986.664520120394,6585,1105494,7
3446.4894500923947,6586,1105675,5
4851.269620901973,6587,1105806,5
19335.208125208123,6588,1105854,5
14028.225524475529,6589,1106063,7
-17440.875912228465,6590,1106214,4
36493.22552447552,6591,1106469,9
17822.44838494838,6592,1106517,5
13973.891480270444,6593,1106672,5
7643.2699137807485,6594,1106725,4
15781.190476190477,6595,1106758,5
18287.095338871655,6596,1106805,5
25482.31327130901,6597,1107086,8
20360.36560661561,6598,1107124,5
44770.87399513633,6599,1107250,8
30710.473125730477,6600,1107399,7
11313.245088245087,6601,1107537,6
9739.578734818671,6602,1107590,4
-1477.142857142857,6603,1107604,3
10601.444385722634,6604,1107646,4
25051.33796758797,6605,1107774,7
41876.43398268399,6606,1107898,8
51008.98744702151,6607,1108101,9
5810.551809301809,6608,1108195,5
13904.87894996375,6609,1108266,5
12217.570695427576,6610,1108369,5
61970.96489230586,6611,1108519,9
24293.87492860597,6612,1108617,6
-3042.1617271617274,6613,1108642,3
11751.488095238095,6614,1108704,5
-8435.126262626265,6615,1108877,5
7958.694877963458,6616,1109000,5
17512.456245165224,6617,1109159,6
14151.50169275169,6618,1109221,5
-6610.660173160173,6619,1109261,3
21961.328316935906,6620,1109644,10
42052.449613601486,6621,1109902,9
65523.045581869126,6622,1110067,10
15695.272710605528,6623,1110148,5
11901.573565323562,6624,1110352,7
17626.64593189748,6625,1110408,5
14592.405927405935,6626,1110485,5
5199.857503607505,6627,1110609,5
17706.666666666664,6628,1110623,5
42591.59939956659,6629,1110743,8
-20416.857129583517,6630,1110895,3
6439.69219505984,6631,1111045,5
19748.461260961263,6632,1111151,6
28504.292700763286,6633,1111300,7
62357.575341325326,6634,1111539,10
4356.299930289866,6635,1111674,5
21425.488979974263,6636,1111830,7
26363.258568486897,6637,1112061,8
-9701.055105025695,6638,1112227,4
3374.0476190476184,6639,1112271,4
16527.74225774226,6640,1112330,5
67256.61906992667,6641,1112577,10
24788.33604993928,6642,1112690,6
19079.50077700078,6643,1112922,8
2566.6215896246854,6644,1113131,6
26109.097212986537,6645,1113236,6
56146.15370181935,6646,1113335,8
33983.42171717172,6647,1113410,7
1153.8549155093233,6648,1113615,6
29809.619729041166,6649,1113702,6
20853.99043809648,6650,1113747,5
38936.336094461105,6651,1113945,9
-23195.968165391543,6652,1114163,4
16901.305875926628,6653,1114331,6
2337.9513177479284,6654,1114491,5
-491.9995241686446,6655,1114825,7
-1473.9054205598331,6656,1115014,5
-6257.160086645365,6657,1115340,7
44962.75189679602,6658,1115570,10
19615.5753968254,6659,1115603,5
-53229.01259695262,6660,1116305,6
-20265.763725653476,6661,1116668,6
-7279.691841526208,6662,1116827,5
13941.993839493838,6663,1116917,5
19934.765899538834,6664,1117000,5
30094.953102453106,6665,1117060,6
-22062.431979784924,6666,1117249,4
25570.986845327006,6667,1117331,6
-1864.4444444444443,6668,1117352,3
23112.84480640345,6669,1117556,7
24943.237003659793,6670,1117806,8
3638.8046675546575,6671,1118088,8
4381.179042620604,6672,1118343,6
-15143.518907563024,6673,1118522,5
18438.373015873018,6674,1118563,5
-2037.646103896104,6675,1118574,3
24537.627421598012,6676,1118745,7
10218.448912198908,6677,1118985,8
35811.43376699465,6678,1119147,7
46041.47454302507,6679,1119313,8
19954.356240165067,6680,1119628,8
-10833.669871794871,6681,1119719,3
18987.78872529259,6682,1119884,6
34916.63471397024,6683,1120035,7
3625.1791305100114,6684,1120135,4
54311.05720668222,6685,1120355,9
35754.02699314753,6686,1120645,9
10630.521729087895,6687,1120866,7
25928.225314417265,6688,1121063,7
48248.36970372473,6689,1121168,7
19628.662897559952,6690,1121216,5
36978.34661006123,6691,1121442,8
18610.81446331447,6692,1121483,5
531.6144966144944,6693,1121681,6
-11368.782883782882,6694,1121746,3
10520.922296657578,6695,1122007,7
18057.871168555645,6696,1122081,5
-9651.478094059368,6697,1122290,5
36417.326562326554,6698,1122394,7
-5921.9732061024615,6699,1122593,5
18040.89826839827,6700,1122645,5
19245.494366744362,6701,1122689,5
-1156.3283938283948,6702,1122712,3
21418.24377011882,6703,1123194,10
-5241.511469416305,6704,1123285,4
-43565.93045920556,6705,1123524,3
40146.6850218495,6706,1123833,10
2980.037054448815,6707,1123976,5
-20797.198141301713,6708,1124394,7
9098.444264069265,6709,1124479,5
32468.938283938285,6710,1124644,8
18778.883575574757,6711,1124694,5
39813.96059359904,6712,1124807,7
3822.434371184368,6713,1124948,5
8581.043678543681,6714,1125062,5
29920.086139350846,6715,1125140,6
3657.740680232181,6716,1125341,6
-1665.8585858585857,6717,1125350,3
29614.336428404633,6718,1125586,9
1288.8401875901895,6719,1125651,4
17816.215728715728,6720,1125747,6
25786.618279596223,6721,1125825,6
-4002.4177211677215,6722,1125852,3
-1937.5468975468975,6723,1125984,5
64426.023421023434,6724,1126084,9
21300.571789321788,6725,1126146,5
5602.621099660575,6726,1126303,5
24050.467349772684,6727,1126472,7
-18188.42712842714,6728,1126613,3
-13364.063812004993,6729,1126877,5
19753.34941567719,6730,1127036,6
-78635.81890331897,6731,1127473,5
10709.536435786436,6732,1127498,4
-25243.560328560336,6733,1127600,3
14069.513750138749,6734,1127744,6
5133.218864468861,6735,1127798,4
7599.246031746035,6736,1128002,7
25462.380952380936,6737,1128115,7
-1961.9937007437006,6738,1128248,5
9994.325942160698,6739,1128425,6
14137.539682539686,6740,1128482,5
15751.432040182039,6741,1128543,5
8138.014139283487,6742,1128672,5
-19723.83214824391,6743,1128812,3
24551.811937202812,6744,1128915,6
21157.75641025641,6745,1128958,5
-24743.590097982513,6746,1129121,3
75390.40390165389,6747,1129274,11
4679.252090695085,6748,1129376,5
23478.66296285414,6749,1129417,5
2791.905626408336,6750,1129620,5
-35253.87459762459,6751,1129760,3
-22088.857570018554,6752,1130071,5
-6958.738965283085,6753,1130127,3
10625.689073997897,6754,1130233,5
-6805.35887723388,6755,1130332,4
-18280.57227902816,6756,1130598,5
-425.7836607836545,6757,1130723,4
-2805.445314489432,6758,1130732,3
-12632.63703616645,6759,1130818,3
39722.13578088578,6760,1130877,7
13181.984265734272,6761,1131033,6
-18110.901546423993,6762,1131177,3
-7487.86075036075,6763,1131334,5
-16965.218392718398,6764,1131534,5
27827.293470418466,6765,1131594,6
12633.643262911835,6766,1131793,6
-153.8961038961068,6767,1132016,6
20438.190836940845,6768,1132249,8
19322.74531024531,6769,1132294,5
-55743.902763902755,6770,1132583,3
-11653.288239538242,6771,1132648,3
7041.948051948053,6772,1132742,5
2943.4523809523807,6773,1132848,5
-17273.81444898187,6774,1132983,3
-7886.791613958794,6775,1133137,4
-34320.11363636363,6776,1133313,3
-6028.686313686313,6777,1133434,4
30492.97438672438,6778,1133497,6
17931.616194263257,6779,1133791,8
27539.48713639974,6780,1133896,6
-18163.493589743586,6781,1134008,3
11157.950403854731,6782,1134400,9
-7844.93742764691,6783,1134575,4
36113.13607896231,6784,1134715,8
11111.195376629523,6785,1134855,5
19374.07453657453,6786,1134997,6
39736.949285365634,6787,1135205,9
-19419.43539626009,6788,1135331,3
10804.339606471955,6789,1135423,5
9151.19209050323,6790,1135628,6
12937.610861360856,6791,1135853,7
12165.21201021201,6792,1135873,4
-23815.359501609502,6793,1136071,4
4030.0421310715415,6794,1136240,5
-5005.715256965256,6795,1136289,3
-4671.033202908203,6796,1136479,5
37485.514593980144,6797,1136617,7
-15500.039682539682,6798,1136691,3
-42142.03949645121,6799,1137115,5
19782.809469941818,6800,1137300,7
3871.4348315083625,6801,1137497,6
12772.437823614293,6802,1137606,5
14392.439088689087,6803,1137794,7
-26005.157501382346,6804,1138166,7
3254.858104142158,6805,1138227,4
-3423.8383838383834,6806,1138256,3
16460.396825396827,6807,1138308,5
21545.15401265401,6808,1138401,6
28239.1797770513,6809,1138506,6
47374.300730444294,6810,1138700,9
28195.19272394272,6811,1138754,6
-26856.61191384295,6812,1139122,7
34223.913348433474,6813,1139326,8
-17372.791767056475,6814,1139554,4
-1454.642857142857,6815,1139564,3
40412.648178489944,6816,1139871,10
-14825.637093384765,6817,1140272,7
-5432.797619047619,6818,1140374,4
24419.27900920254,6819,1140647,7
-476.3564213564215,6820,1140658,3
-9857.940139495866,6821,1140724,3
-1255.8050609521183,6822,1140886,5
10802.642080142074,6823,1141037,6
-9825.455560091783,6824,1141101,3
24233.738105289962,6825,1141283,7
-17720.246607967147,6826,1141781,7
11701.547619047618,6827,1141839,5
24456.829678179536,6828,1142046,7
-3422.888084567651,6829,1142071,3
7399.6292106586225,6830,1142123,4
35673.23260481347,6831,1142207,6
6170.0540023701815,6832,1142328,5
-53079.12884930686,6833,1142819,5
-8536.863691863697,6834,1143114,7
-1563.844003620555,6835,1143311,5
18066.706900126017,6836,1143363,5
26611.803818620105,6837,1143489,6
40249.24062049062,6838,1143543,7
12958.236261287731,6839,1143701,6
6750.366022866022,6840,1143750,4
28116.367913132613,6841,1144043,8
-17131.242819358133,6842,1144179,3
24315.418945304784,6843,1144468,9
-8561.107739309044,6844,1144708,6
21541.328748062406,6845,1145027,9
8074.319985569995,6846,1145232,7
78152.69647427734,6847,1145342,10
20302.51835174629,6848,1145394,5
28621.50168523427,6849,1145596,8
1656.5189181733276,6850,1145719,5
-15657.62626262626,6851,1145798,3
7170.270424020422,6852,1145997,6
-30828.132210281903,6853,1146433,6
18370.892857142855,6854,1146467,5
-69659.43897176097,6855,1146845,4
2931.2458374958387,6856,1146977,5
-41138.13311103728,6857,1147303,5
821.761433011432,6858,1147538,6
-18537.968050275056,6859,1147720,4
30887.107902417498,6860,1147856,7
6984.786607011838,6861,1147936,4
42614.71306084698,6862,1148165,9
-5740.11162040574,6863,1148205,3
-4778.277489624239,6864,1148250,3
34060.48696535177,6865,1148379,7
52794.71231125258,6866,1148626,9
14996.455488955493,6867,1148725,5
20252.326839826837,6868,1148753,5
45461.094501903295,6869,1148954,9
12227.04114512938,6870,1149068,5
22678.375774552245,6871,1149116,5
9716.475468975475,6872,1149233,5
40223.48595848596,6873,1149313,7
-10039.441559687295,6874,1149538,5
24565.90062715062,6875,1149769,8
83.06699277674397,6876,1149842,4
29277.546897546905,6877,1149985,8
-4655.582195582194,6878,1150071,4
-4030.7036019536063,6879,1150207,5
16198.628584392904,6880,1150532,8
-16076.119687154658,6881,1150760,4
-35700.96195471197,6882,1151024,5
-23876.287206449542,6883,1151181,3
-4164.015151515151,6884,1151205,3
13843.63320417113,6885,1151295,5
-40333.69075369075,6886,1151443,3
6909.8695106493105,6887,1151646,5
-2851.6566766566766,6888,1151674,3
-34255.99206349206,6889,1151892,5
12677.99908424908,6890,1151965,5
-2247.42784992785,6891,1151985,3
7751.611594030327,6892,1152140,5
37096.816378066374,6893,1152226,7
26665.631998720233,6894,1152351,6
41584.31599515411,6895,1152547,8
-13128.765478157893,6896,1152687,4
-9073.216183326478,6897,1152749,3
12124.604978354977,6898,1152846,5
-34638.167388167334,6899,1153098,5
-2809.047619047619,6900,1153116,3
20197.307675984146,6901,1153166,5
7244.019027068563,6902,1153217,4
-8612.047410905601,6903,1153355,4
54543.87340445371,6904,1153524,8
33988.10184913126,6905,1153739,8
14648.200039339741,6906,1153818,5
-15876.149089988088,6907,1154201,6
-1761.1960176046862,6908,1154228,3
-26874.477541722128,6909,1154561,5
-20667.413073038166,6910,1154979,7
5330.171356421356,6911,1155059,5
18066.646825396827,6912,1155083,5
5453.095441065641,6913,1155256,6
-6914.021917195291,6914,1155299,3
-21120.174963924957,6915,1155426,3
-1556.0515873015872,6916,1155440,3
-24558.87975242851,6917,1155774,5
-6711.027861027864,6918,1155941,5
1552.314213564208,6919,1156064,5
35294.90023392502,6920,1156293,8
30064.826994900523,6921,1156402,7
-16269.131603690428,6922,1156510,3
-928.5416666666667,6923,1156606,4
-11047.137723387727,6924,1156818,5
-8406.378176776787,6925,1156978,4
36690.2229020979,6926,1157089,7
85926.31750194251,6927,1157217,11
54859.45134114251,6928,1157396,9
31848.580516705515,6929,1157508,7
145.07215007215018,6930,1157522,3
9649.820873570874,6931,1157614,5
52896.85606060604,6932,1157783,9
39135.096292596296,6933,1157875,7
810.6085581085608,6934,1157965,4
-1842.3283660783661,6935,1157979,3
16117.843517650166,6936,1158123,5
-41210.511143268486,6937,1158301,3
-4701.967566746978,6938,1158317,3
9513.889958510696,6939,1158487,6
-759.6272191860825,6940,1158837,8
11336.832883963301,6941,1159077,7
38719.9816759664,6942,1159381,9
20255.944129400006,6943,1159417,5
35694.294137235316,6944,1159838,11
52794.019466515594,6945,1160083,9
39175.819874569876,6946,1160163,7
51655.01792840802,6947,1160396,9
18536.82817182817,6948,1160455,5
-325.7893020628553,6949,1160664,5
24070.365269405524,6950,1160783,6
-6320.833476164359,6951,1160823,3
-8026.828367710717,6952,1160891,3
-9177.784021534022,6953,1160975,3
51965.07360694862,6954,1161058,8
-4172.827167028017,6955,1161182,4
30244.479366093146,6956,1161349,7
-10375.63385981923,6957,1161592,5
-78699.77970462649,6958,1162317,5
19771.95046181888,6959,1162353,5
20995.525277031124,6960,1162516,6
-11337.608225108226,6961,1162594,3
17435.952797202797,6962,1162624,5
14806.557548059096,6963,1162695,5
-60590.21997972559,6964,1163237,8
13577.279526029532,6965,1163335,5
-12505.984672325027,6966,1163558,5
-3596.5637140637145,6967,1163737,6
-11430.9151836632,6968,1163829,3
16838.966246172127,6969,1163904,5
30188.63626569509,6970,1163974,6
35670.975526021975,6971,1164045,6
31991.887140637147,6972,1164105,6
28116.155436196066,6973,1164401,9
11185.22435897436,6974,1164597,6
1202.494282678094,6975,1165004,9
-13194.977066277383,6976,1165408,7
-11742.514430014431,6977,1165468,3
10586.829449145625,6978,1165487,4
3880.2976190476184,6979,1165538,4
3482.6767676767695,6980,1165655,5
-24074.10561059168,6981,1165785,3
-6473.869451709113,6982,1165824,3
12616.102756892235,6983,1166012,8
64101.454383679615,6984,1166119,9
29610.770757020757,6985,1166199,6
23511.874242243823,6986,1166330,6
39268.85163920187,6987,1166561,9
-3608.257231889202,6988,1166813,5
39487.62043512043,6989,1166951,8
-37008.66118174618,6990,1167566,8
-1503.3982683982686,6991,1167646,4
-3130.4856254856254,6992,1167669,3
-7636.8074980575,6993,1167811,5
36901.91355651385,6994,1168026,8
46575.39158918997,6995,1168250,9
3656.3562390425855,6996,1168450,5
67440.03438962997,6997,1168548,9
-857.6225000489717,6998,1168625,4
-37417.829965965146,6999,1169125,7
29670.82426851726,7000,1169196,6
17884.04987783227,7001,1169421,7
22946.314954796995,7002,1169599,6
18880.84508091668,7003,1169680,5
-3716.1841175250593,7004,1169895,5
11565.945952388955,7005,1170062,6
20678.46668080801,7006,1170332,8
-6208.728574487081,7007,1170565,6
30255.24440836941,7008,1170606,6
71782.13062415815,7009,1170872,11
9162.89613164613,7010,1170953,5
13989.241932713194,7011,1171087,6
15237.180043310003,7012,1171400,7
19249.59155352731,7013,1171576,7
-10302.803587143873,7014,1171655,3
-3941.8489181956675,7015,1171698,3
-855.5422518657797,7016,1171853,5
17566.778083028086,7017,1171908,5
-5362.175602175602,7018,1171948,3
8308.015873015871,7019,1172157,7
-2124.1999235284843,7020,1172425,6
-31873.715728715728,7021,1172589,3
-8252.414252414252,7022,1172638,3
-6489.01542901543,7023,1172686,3
1766.8310121251297,7024,1172850,5
36143.14463314462,7025,1172966,7
16690.689033189035,7026,1173018,5
16268.396812810512,7027,1173065,5
17973.61277611278,7028,1173101,5
24216.927046551653,7029,1173419,10
4683.147546897548,7030,1173504,5
-2736.551066322738,7031,1173538,3
17870.507192540856,7032,1173810,7
25489.814005439002,7033,1173892,6
20604.243322037444,7034,1174018,6
-15000.535853035857,7035,1174249,6
28164.451316657218,7036,1174368,7
-1619.9137261946817,7037,1174576,5
29719.73748473749,7038,1174649,6
57905.14968240388,7039,1174878,9
20464.179292929293,7040,1174913,5
15298.63679212943,7041,1175285,10
-13844.181314854433,7042,1175558,6
17903.789682539686,7043,1175592,5
12836.90670032583,7044,1175783,6
43201.552613408254,7045,1175869,7
-0.15692640692714122,7046,1175968,5
51203.2437578761,7047,1176078,8
19464.976909737554,7048,1176135,5
56697.470584970586,7049,1176228,9
15820.1435166141,7050,1176270,5
30775.799588268634,7051,1176336,6
21169.761904761905,7052,1176352,5
16875.044885240313,7053,1176462,6
22870.654761904767,7054,1176513,5
22163.284434887664,7055,1176576,5
14984.490587671698,7056,1176778,6
8532.10622710623,7057,1176801,4
31875.179052114043,7058,1176970,7
-8483.921356421355,7059,1177159,5
-10605.916927929306,7060,1177420,5
61277.01509854953,7061,1177586,10
-1700.3102453102438,7062,1177890,7
-4577.148268398269,7063,1177905,3
11362.26578976579,7064,1177934,4
31758.607160813026,7065,1178091,7
16804.880952380954,7066,1178126,5
-6930.418002162433,7067,1178772,10
26396.03951603951,7068,1178851,6
14290.188129294169,7069,1178931,5
18374.253875209764,7070,1179120,7
175.68486123439504,7071,1179269,5
29352.570737441107,7072,1179434,7
-7953.212774282821,7073,1179593,5
-24507.081058990876,7074,1179869,5
-8679.218511107054,7075,1179923,3
7597.206124423277,7076,1180087,5
218.05538331786852,7077,1180351,6
-35450.50199800202,7078,1180711,5
871.3293650793651,7079,1180854,5
29518.731025353554,7080,1181034,7
27768.926490176495,7081,1181246,8
15190.326964272383,7082,1181634,10
23485.060495060497,7083,1181653,5
20742.08354553943,7084,1181693,5
28575.149572649574,7085,1181850,7
8109.317631542864,7086,1182001,5
22829.51672768237,7087,1182063,5
28287.631726933196,7088,1182227,8
-12513.583916083915,7089,1182306,3
16025.260711510717,7090,1182381,5
38301.40546953047,7091,1182477,7
19530.934343434346,7092,1182608,6
43357.73882735658,7093,1183020,11
28618.290456963063,7094,1183262,8
-519.3723347515861,7095,1183528,6
16634.74064838633,7096,1183627,5
11001.476020969054,7097,1183761,5
17415.778725946057,7098,1183875,6
-19405.927120265365,7099,1184106,4
16965.535714285714,7100,1184150,5
13237.26246534682,7101,1184520,8
3751.2162605383505,7102,1184911,8
41542.05598660362,7103,1185142,8
-16237.28896103896,7104,1185249,3
-4341.332903207905,7105,1185381,4
27368.480356073254,7106,1185690,9
39707.11388693005,7107,1185986,9
-23632.207381541768,7108,1186231,5
-1660.8599733599735,7109,1186255,3
4603.542707292708,7110,1186303,4
-67226.70655625769,7111,1186712,5
7204.858197358199,7112,1186760,4
-540.5753968254021,7113,1186888,5
14591.39971139971,7114,1186970,5
14008.014857519496,7115,1187081,5
-2184.285714285714,7116,1187090,3
-15900.354563204628,7117,1187334,5
-2428.524531024533,7118,1187402,4
-3297.473359973361,7119,1187481,4
343.4824698566108,7120,1187545,4
8793.863486370048,7121,1187594,4
52643.752836001295,7122,1187910,10
10382.87056930035,7123,1188102,6
-22002.366522366523,7124,1188374,5
-826.030774780775,7125,1188388,3
1405.4815375113321,7126,1188614,6
11478.423741291392,7127,1188720,5
-8992.309565434567,7128,1188763,3
38952.66781013105,7129,1188971,8
-10682.875180375184,7130,1189070,4
9092.76820251472,7131,1189202,5
24087.547730047714,7132,1189431,8
-20750.460789210792,7133,1189566,3
13776.413308913312,7134,1189648,5
27755.647642046617,7135,1189934,9
13054.899656773752,7136,1190127,6
-3542.8030303030305,7137,1190156,3
27143.901515151512,7138,1190226,6
18374.766258638138,7139,1190665,9
39335.66078529315,7140,1190801,8
-8094.8153235653235,7141,1190836,3
-49662.89203413732,7142,1191393,7
-12985.221445221443,7143,1191458,3
-4735.543407400994,7144,1191514,3
-4072.9064775523757,7145,1191643,4
26260.51379605946,7146,1191855,7
-2368.5714285714294,7147,1191958,5
29314.746444860604,7148,1192057,6
65965.32779569931,7149,1192136,9
35762.24081065991,7150,1192345,8
-2739.092364678665,7151,1192354,3
8338.746731639541,7152,1192690,7
-1712.7777777777778,7153,1192700,3
8828.188008671752,7154,1192842,5
14182.983544233537,7155,1192999,6
-19926.386668886666,7156,1193078,3
-19365.583864664746,7157,1193166,3
5511.865218115219,7158,1193283,5
-17387.874417249404,7159,1193576,5
-17971.784881784883,7160,1193795,5
-7678.816649037232,7161,1193983,5
17365.63589188589,7162,1194037,5
21158.279922691698,7163,1194267,7
25795.55555555556,7164,1194342,6
25112.34514260249,7165,1194611,8
-2022.7515778425236,7166,1194891,6
-44860.84505235046,7167,1195276,6
21846.35763746059,7168,1195375,6
26109.300560550568,7169,1195407,6
8913.345135256899,7170,1195435,4
25710.17195099811,7171,1195552,6
68385.15213136534,7172,1195641,9
-18893.809523809523,7173,1195842,5
6800.462096597933,7174,1195887,4
54056.71176046175,7175,1196064,9
22016.783910533908,7176,1196207,7
4381.458580334358,7177,1196494,7
22374.51506826507,7178,1196519,5
-61210.257942092365,7179,1196891,5
20732.90154290154,7180,1196923,5
27571.01989341927,7181,1197033,6
20569.794160088273,7182,1197231,7
21912.53871128871,7183,1197278,5
-480.4664779664786,7184,1197371,4
-12332.025022406215,7185,1197438,3
60977.13026245338,7186,1197749,11
31475.220473970476,7187,1197822,6
26723.7234987235,7188,1198032,8
32613.081338596046,7189,1198092,6
20515.44171277563,7190,1198388,10
18408.57294086203,7191,1198534,6
-6795.220955515073,7192,1198603,3
30984.127577144216,7193,1198717,7
17152.007575757572,7194,1198771,5
-13278.342295389506,7195,1198990,5
-12483.167750077571,7196,1199234,5
16561.825396825396,7197,1199355,6
19043.988095238095,7198,1199410,5
31666.549874274333,7199,1199729,9
-11721.997169497172,7200,1199799,3
13748.051254301257,7201,1199935,6
28700.955433455438,7202,1199993,6
50054.34808204353,7203,1200137,8
19811.062409382845,7204,1200211,5
-12191.708360439006,7205,1200303,3
24312.820512820505,7206,1200397,6
-4527.467532467532,7207,1200526,5
-25849.946780991933,7208,1200838,5
22508.879176379174,7209,1200876,5
18605.972222222223,7210,1200971,6
6779.659817306872,7211,1201171,6
-34170.389205737476,7212,1201500,5
-3043.784271284275,7213,1201626,5
-75891.0649366326,7214,1201957,3
40487.94024559892,7215,1202105,8
43800.772283272294,7216,1202163,7
-16323.246035010743,7217,1202272,3
-44786.48153886911,7218,1202655,5
5887.385947385948,7219,1202713,4
-26616.263846662463,7220,1203298,9
8210.13879094763,7221,1203495,6
49225.47938172938,7222,1203774,10
317.0998445998424,7223,1203937,5
30019.839049839047,7224,1204001,6
28574.70238095238,7225,1204035,6
26315.558391541894,7226,1204141,6
-11261.414280164281,7227,1204316,4
27791.978090923527,7228,1204422,6
-17656.456203110614,7229,1204511,3
48119.80672685027,7230,1204672,8
-7267.073129066534,7231,1204939,5
39034.17928648577,7232,1205131,8
-29617.16727716731,7233,1205435,5
9515.968195900134,7234,1205566,5
4644.104645354644,7235,1205682,5
9720.431070477509,7236,1205712,4
35472.45324120326,7237,1205837,7
-12027.789465641968,7238,1206079,5
-19510.373515373514,7239,1206252,4
38772.70706954726,7240,1206370,7
-14886.173629646926,7241,1206460,3
-3042.3855100867477,7242,1206504,3
6169.427308802309,7243,1206594,5
25881.87215562215,7244,1206714,7
-87.71189100716492,7245,1207093,7
8417.84823385249,7246,1207184,5
-28389.337190587186,7247,1207332,3
-10795.134619422543,7248,1207791,8
-7971.058328925978,7249,1208106,6
-22138.977601962342,7250,1208350,4
26355.742264271677,7251,1208516,7
5047.2055391065005,7252,1209031,8
17037.656442070143,7253,1209185,6
12710.946564615295,7254,1209295,6
-39039.18469454747,7255,1209594,4
17393.703796203798,7256,1209660,5
6667.128916834799,7257,1209796,5
6303.551799507688,7258,1209951,6
43318.668774036414,7259,1210099,8
282.3473748473598,7260,1210290,6
5650.995845345362,7261,1210502,5
51986.388484881136,7262,1210653,9
40746.54095904097,7263,1210748,7
57012.57308438033,7264,1210946,9
20277.769687098247,7265,1211279,9
24593.89305139305,7266,1211362,6
77570.9292464072,7267,1211658,11
51579.282245532246,7268,1211771,8
14261.080447330454,7269,1211939,6
16857.66344723388,7270,1212026,5
-5481.192293258854,7271,1212230,5
34867.36213949448,7272,1212345,7
36607.15367965367,7273,1212406,7
57863.478232957044,7274,1212484,8
9381.868131868134,7275,1212593,5
19937.15707903208,7276,1212741,6
16893.35859402035,7277,1212918,6
-31049.087162837175,7278,1213095,4
13785.112393626332,7279,1213201,5
12558.333333333334,7280,1213256,5
-6361.584605634192,7281,1213509,6
93.53571093509714,7282,1213765,6
37769.46417144947,7283,1213872,7
-7503.6837672131805,7284,1213921,3
-313.0913324347921,7285,1214316,8
55864.74178448829,7286,1214490,9
34238.32653049565,7287,1214561,6
78658.06440678345,7288,1214764,11
49553.715730051124,7289,1215065,10
8911.620210946234,7290,1215242,6
4928.199092574093,7291,1215430,6
31272.21438283938,7292,1215492,6
2483.7010259636136,7293,1215706,5
12509.623015873014,7294,1215785,5
3878.57927871212,7295,1215929,5
-921.0472860472878,7296,1215992,4
-10744.016256361458,7297,1216307,6
19161.93250596527,7298,1216366,5
13200.682928182927,7299,1216454,5
-2190.9732916012313,7300,1216752,6
23413.84504384504,7301,1216850,6
-3122.4510583585657,7302,1216860,3
-3347.8463675987036,7303,1217192,7
3155.2002164502173,7304,1217291,5
5141.195054945057,7305,1217432,5
4783.225454859524,7306,1217773,9
54278.14663750421,7307,1217948,9
40313.11776523269,7308,1218077,8
24444.151587146942,7309,1218210,6
-3600.0,7310,1218230,3
30134.229270471544,7311,1218372,7
-3724.1576479076475,7312,1218398,3
-8435.043471918207,7313,1218596,5
37114.13222689876,7314,1218700,7
23717.04699303964,7315,1218747,5
4385.667719195448,7316,1218933,5
16754.70238095238,7317,1218956,5
21059.18045125669,7318,1219002,5
23414.166666666668,7319,1219199,8
-6008.966057162653,7320,1219522,7
-147.0116239969271,7321,1219827,7
11703.462448499222,7322,1220224,9
4672.089839779127,7323,1220363,5
19952.11814372418,7324,1220421,5
45062.33934440061,7325,1220561,8
-12795.495675140051,7326,1220880,6
-26713.055555555555,7327,1221005,3
-11800.334152437277,7328,1221107,3
-12197.660807329878,7329,1221420,7
41867.34211866565,7330,1221661,9
20352.730826535008,7331,1221776,6
-16726.87214337949,7332,1222112,7
16488.78787878788,7333,1222155,5
-4236.323953823954,7334,1222185,3
-12787.84299442387,7335,1222663,8
17198.71031746032,7336,1222688,5
33760.97582972583,7337,1222739,6
31406.947109263285,7338,1222913,7
57414.162349088794,7339,1223157,10
-20321.43814518813,7340,1223412,5
3148.3142102995043,7341,1223615,6
-12690.786968044218,7342,1223927,6
71604.88865301362,7343,1224047,10
42212.76782449577,7344,1224115,7
23707.191000434024,7345,1224306,7
4212.60253227165,7346,1224344,4
8552.187257187257,7347,1224367,4
22769.34107151018,7348,1224399,5
21717.029914529914,7349,1224424,5
15711.967893217889,7350,1224489,5
27722.88424402395,7351,1224582,6
-4226.36544011544,7352,1224666,4
-3980.54612054612,7353,1224699,3
-2660.1461038961043,7354,1224709,3
-579.4050394050395,7355,1224719,3
15781.275147897675,7356,1224847,6
2557.694494832642,7357,1225314,10
18676.36976585506,7358,1225369,5
6241.420603175635,7359,1225476,5
11593.284613133688,7360,1225864,8
15250.607309357318,7361,1225950,5
-1734.1787379287396,7362,1226021,4
11829.764234733273,7363,1226149,6
14469.039448683423,7364,1226470,8
-15449.797364508631,7365,1226733,6
38499.34897541212,7366,1226968,8
18187.16526230011,7367,1227275,8
24183.88824069098,7368,1227470,7
32433.52885891199,7369,1227569,7
-11442.909867909872,7370,1227645,3
723.4154303000253,7371,1227767,4
-11772.049947601421,7372,1227858,3
34417.4395478962,7373,1227993,7
9746.778919897366,7374,1228065,5
-5997.2859516606995,7375,1228112,3
938.146722988052,7376,1228426,7
15429.247149908908,7377,1228570,6
-40770.51262463026,7378,1228908,5
16561.97483072483,7379,1228958,5
993.979745744459,7380,1229163,5
7380.324029900265,7381,1229260,5
-5942.826042421631,7382,1229323,3
-8848.213869463869,7383,1229371,3
9131.962369845503,7384,1229645,7
2172.1146908646933,7385,1229862,6
-1061.0324575291634,7386,1230119,5
19504.416000666,7387,1230194,5
-17524.963598493,7388,1230562,8
20204.577722114485,7389,1230611,5
20046.357670107667,7390,1230653,5
725.07215007215,7391,1230665,3
4031.1678524004383,7392,1230970,7
26254.437346279447,7393,1231340,9
-9919.561688311689,7394,1231388,3
-2820.5050505050503,7395,1231411,3
18231.518759018756,7396,1231632,8
-25390.02594670552,7397,1231776,3
61089.26923600061,7398,1232053,11
21351.58868908869,7399,1232098,5
32834.28025644095,7400,1232282,8
15680.528946002029,7401,1232365,5
55067.069000830605,7402,1232456,8
-851.8488612780495,7403,1232700,7
14580.395576645584,7404,1232781,5
400.52849927849627,7405,1232907,5
25886.37592952508,7406,1233115,7
-10894.702519702518,7407,1233173,3
-23989.742132867137,7408,1233378,5
28601.458451679046,7409,1233453,6
24941.773755784983,7410,1233596,6
26664.997792240425,7411,1233779,7
8168.315434565435,7412,1233801,4
-3046.4775105430303,7413,1233844,3
96384.51492264186,7414,1234150,13
1059.9193781981194,7415,1234336,5
23056.331168831166,7416,1234428,6
-12864.801587301583,7417,1234507,3
-3024.0674603174602,7418,1234519,3
7461.554162426841,7419,1234692,6
35591.850007226436,7420,1234965,9
7043.322187265179,7421,1235060,5
7909.18632773315,7422,1235343,8
-3118.2068421774306,7423,1235445,4
17535.005233844247,7424,1235583,6
41310.75783822301,7425,1235630,7
2731.773479246557,7426,1235767,5
-2099.439436944651,7427,1235908,4
56730.277777777774,7428,1235952,8
40581.644354312695,7429,1236028,7
-10188.715173715173,7430,1236187,4
-967.4467199467199,7431,1236343,5
17229.328449328445,7432,1236456,6
-545.9231046731044,7433,1236605,5
-10274.365438483084,7434,1236673,3
-14380.27433863268,7435,1236808,3
-40694.67073986943,7436,1237158,5
21689.130153489063,7437,1237242,5
23245.377514642223,7438,1237352,6
9423.711427461427,7439,1237380,4
-25.011446886446947,7440,1237390,3
-1375.6830084839246,7441,1237770,7
3983.844620506771,7442,1237879,4
-35684.74471621767,7443,1238074,4
-1048.1014334598294,7444,1238248,5
-23152.35953524459,7445,1238451,4
24351.684704184718,7446,1238634,9
-14394.350635819286,7447,1238740,3
-11314.274219072995,7448,1239243,9
8171.037573537577,7449,1239395,6
20736.849231564793,7450,1239443,5
48630.33763621999,7451,1239720,10
21731.326625086287,7452,1240007,9
-12328.64744130998,7453,1240110,3
16162.23304473304,7454,1240149,5
66489.63292082872,7455,1240298,10
-10139.74567099567,7456,1240358,3
-2554.7268907563025,7457,1240374,3
15004.965486081352,7458,1240456,5
-4870.535714285714,7459,1240480,3
-14216.016800686346,7460,1240834,6
21400.76395826396,7461,1240869,5
15991.70322689866,7462,1240931,5
-8131.223082473081,7463,1241193,6
-20198.97531491033,7464,1241320,3
14610.213537322674,7465,1241440,6
-11427.462162226435,7466,1241651,5
18598.928571428572,7467,1241687,5
-1072.7196986020517,7468,1241714,3
2697.9877067377042,7469,1241934,6
3552.584498834499,7470,1242044,5
-2946.0991674304382,7471,1242146,4
-15131.375499500507,7472,1242397,5
-5427.91184284412,7473,1242632,5
19275.959595959597,7474,1242672,5
36457.367526216025,7475,1242784,7
18317.62132539803,7476,1242947,6
13686.163419913419,7477,1243020,5
-72519.72402597402,7478,1243443,6
42113.81562881563,7479,1243639,9
30915.50896063866,7480,1243866,8
5473.861786237277,7481,1244142,7
29654.272060069266,7482,1244345,7
-27050.981240981237,7483,1244499,3
64866.417528549864,7484,1244816,12
56997.0861042552,7485,1244913,8
-8240.554861804863,7486,1245073,4
11247.25764474603,7487,1245208,5
4887.973554223554,7488,1245296,5
-6788.629411094582,7489,1245435,4
10364.517055656761,7490,1245532,5
26037.080158833247,7491,1245786,9
12374.285714285705,7492,1245891,6
54772.31906981908,7493,1246123,11
-18417.00396825397,7494,1246247,4
7481.201426364874,7495,1246403,5
-1791.3393550893552,7496,1246414,3
13265.27958152958,7497,1246475,5
-8542.663729244612,7498,1246524,3
-6246.811521811522,7499,1246542,3
-6494.526307026307,7500,1246571,3
4968.331888699542,7501,1246692,5
10039.90620490621,7502,1246774,5
19886.128246323693,7503,1247101,8
-9524.903446226977,7504,1247167,3
17365.24226590402,7505,1247344,6
33089.97937928085,7506,1247389,6
19543.195686537398,7507,1247554,6
9439.117054256374,7508,1247677,5
-33302.78717321101,7509,1247860,3
5176.79126429126,7510,1247996,5
56843.84153342356,7511,1248072,8
21877.304133774727,7512,1248114,5
-22504.629120879126,7513,1248428,5
-3505.3616515923045,7514,1248616,5
-20309.93940485039,7515,1248903,6
-8131.213786213787,7516,1248962,3
-7048.872287842876,7517,1249010,3
18923.536001229004,7518,1249074,5
28954.417812150026,7519,1249292,7
5407.254303144386,7520,1249685,8
31581.25096096003,7521,1249755,6
6104.767650650003,7522,1250009,7
79320.92281578928,7523,1250144,10
27008.424500336263,7524,1250241,6
-3159.97335997336,7525,1250251,3
-2196.25,7526,1250261,3
-3572.437206326525,7527,1250282,3
24553.027203265545,7528,1250445,6
13206.628897633147,7529,1250543,5
7182.874309213324,7530,1250794,7
45431.20765672238,7531,1250863,7
-15259.062261268138,7532,1251045,5
-7402.338195000734,7533,1251115,3
-4791.397132279485,7534,1251153,3
13699.101886675415,7535,1251302,6
8564.388013946837,7536,1251554,8
-11336.867160617163,7537,1251610,3
-11839.694833656422,7538,1251711,3
29628.53262685886,7539,1251784,6
10234.187047472635,7540,1251914,5
-3184.041805717502,7541,1251927,3
-9203.262236989018,7542,1251992,3
13462.139437360034,7543,1252227,7
-1632.6461038961038,7544,1252237,3
-4380.111138861139,7545,1252273,3
11984.266428016428,7546,1252295,4
10477.07014718617,7547,1252537,6
19403.64962329552,7548,1252771,7
22141.797406025347,7549,1252808,5
25575.57095682095,7550,1252909,6
9830.381088210035,7551,1253124,7
42999.931008533946,7552,1253240,7
6072.268088378767,7553,1253381,5
-13041.017316017316,7554,1253444,3
39108.05799356302,7555,1253640,9
14880.851370851371,7556,1253687,5
-11988.378822974406,7557,1254018,7
21492.200160950153,7558,1254120,6
20017.97619047619,7559,1254142,5
-27005.97075364472,7560,1254265,3
20122.72186147186,7561,1254385,6
21062.509357472594,7562,1254499,6
18441.77392524916,7563,1254582,5
15402.857420357417,7564,1254655,5
25102.23094565393,7565,1254792,6
40899.980924648116,7566,1254918,8
40526.210777097,7567,1255058,7
33764.86527361527,7568,1255103,6
25877.3500111,7569,1255377,8
12370.702838827838,7570,1255396,4
39022.480158730155,7571,1255477,8
20458.159756909674,7572,1255752,9
26777.67205017206,7573,1255830,6
17781.4880952381,7574,1255882,5
5326.4543789543795,7575,1255981,5
43262.34096184173,7576,1256198,8
25405.89644832294,7577,1256415,8
13643.22607947608,7578,1256458,5
-6167.489134532478,7579,1256514,3
22624.050810300818,7580,1256628,6
-12971.38736671825,7581,1256703,3
7380.596571317406,7582,1256960,8
-4383.66778925409,7583,1256982,3
-33960.49068986567,7584,1257234,5
-13156.038536098215,7585,1257313,3
7735.123195947504,7586,1257483,5
-7832.981601731599,7587,1257609,4
-20451.363362010394,7588,1257765,3
18663.504413113544,7589,1257948,7
-10082.683982683982,7590,1257992,3
27345.18814196638,7591,1258209,8
29447.637085137085,7592,1258256,6
-8775.025252525254,7593,1258486,7
17616.496497568474,7594,1258796,8
10664.47604836983,7595,1259110,7
-46263.41037832139,7596,1259391,3
21362.731863724508,7597,1259431,5
-8454.905511155512,7598,1259602,5
-4465.591630591631,7599,1259621,3
-53403.53443269689,7600,1259945,3
43144.30003003533,7601,1260054,7
32743.62910782027,7602,1260157,7
19724.63490499868,7603,1260204,5
-2168.6015223465756,7604,1260229,3
-11080.219336906644,7605,1260305,3
59006.272795831625,7606,1260443,9
42531.677489177484,7607,1260488,7
10571.763595022096,7608,1260852,7
5479.321601386231,7609,1260954,5
-3108.1601731601727,7610,1260965,3
-9298.756798756796,7611,1261023,3
24811.58168800024,7612,1261388,9
-36573.38124036264,7613,1261856,7
17972.383172383168,7614,1262146,7
33385.40931290931,7615,1262190,6
23162.58334016345,7616,1262221,5
18816.322843822847,7617,1262283,5
13321.702952013135,7618,1262392,5
16010.074370074373,7619,1262511,6
36312.974456099466,7620,1262676,8
27350.332130030278,7621,1262898,7
61394.81532356533,7622,1263038,9
33247.80233655233,7623,1263074,6
18369.12169937905,7624,1263124,5
19569.29986572595,7625,1263184,5
-4317.67456743463,7626,1263369,5
31857.729076479074,7627,1263421,6
-48101.51180261082,7628,1263764,4
26120.98722764163,7629,1263918,7
-12613.17204703621,7630,1264130,5
-12305.31319171025,7631,1264181,3
-11927.020267314387,7632,1264387,5
54534.32890297547,7633,1264583,9
21236.845238095237,7634,1264644,6
-9429.822640594703,7635,1264904,5
18410.027056277057,7636,1264953,5
-1016.944070870578,7637,1265178,5
15973.000700280112,7638,1265230,5
20926.096208143423,7639,1265257,5
-36109.49130915379,7640,1265631,6
-1088.0411255411257,7641,1265642,3
21063.622145828027,7642,1265913,9
55728.233710733715,7643,1265986,8
49316.712110317916,7644,1266183,9
-2786.2676212676233,7645,1266263,4
10579.49494949495,7646,1266281,4
19987.36111111111,7647,1266295,5
-13775.066499120247,7648,1266651,6
24351.856893106895,7649,1266729,6
-3450.007215007215,7650,1266754,3
-17639.678774318665,7651,1266896,3
25614.662543768565,7652,1267113,8
44112.777803766534,7653,1267548,11
49378.44405594407,7654,1267680,8
50584.36169420908,7655,1267942,9
-8977.845094474182,7656,1268106,4
44813.28267923241,7657,1268278,8
21680.510323010327,7658,1268317,5
60557.01479076479,7659,1268405,9
18465.99700394205,7660,1268667,7
61485.92066397432,7661,1268891,10
-1926.4572801284487,7662,1269061,5
-16746.39790764791,7663,1269306,6
17322.983405483406,7664,1269354,5
-17570.032467532474,7665,1269588,5
57040.76603951605,7666,1269918,12
-13063.964845783732,7667,1270116,5
30800.68908215966,7668,1270285,8
11395.72827499298,7669,1270409,5
15593.105606338962,7670,1270572,6
27407.59898598133,7671,1270675,6
17406.508491508495,7672,1270740,5
24087.542829874306,7673,1270862,6
3092.8854925604223,7674,1271193,8
27385.15744876041,7675,1271270,6
-5392.02361063429,7676,1271424,4
17634.68725718726,7677,1271483,5
14011.381032827634,7678,1271659,6
13300.81175768676,7679,1271755,5
-16889.925350277525,7680,1272217,8
17508.556998557,7681,1272247,5
15226.076540848213,7682,1272469,7
21860.196608946608,7683,1272507,5
10367.474575003596,7684,1272604,5
-11420.179354099633,7685,1272697,3
7340.69985569986,7686,1272789,5
10767.548619680982,7687,1272950,6
14006.340934607191,7688,1273068,5
35252.4588105393,7689,1273414,10
20514.146550978225,7690,1273476,5
-20486.11111111112,7691,1273572,3
-43011.70283083793,7692,1274229,9
12916.723182648104,7693,1274431,6
14866.016328442802,7694,1274658,7
27518.571428571428,7695,1274685,6
14457.474331224334,7696,1274948,9
-8103.986083361084,7697,1275048,4
-13851.365578865581,7698,1275139,3
13606.455191695135,7699,1275257,5
15795.176970647179,7700,1275648,9
21008.45071595072,7701,1275871,7
-1827.2041985623941,7702,1276137,7
29729.433279139164,7703,1276227,6
5752.813591637122,7704,1276360,5
12097.631143366441,7705,1276508,6
-2683.199251084306,7706,1276736,7
38934.28712372305,7707,1276862,7
15434.263745800123,7708,1276943,5
39970.828950461306,7709,1277050,7
31680.505050505053,7710,1277100,6
14542.396080656537,7711,1277306,7
32254.46505850532,7712,1277371,6
16998.761414454137,7713,1277446,5
51269.13028415402,7714,1277628,9
180.22681266102518,7715,1277854,6
-7.018596324931423,7716,1278022,5
45123.553866770824,7717,1278198,8
-16769.360847485845,7718,1278311,3
4191.173687423688,7719,1278352,4
-22692.513325597698,7720,1278614,7
-14872.44047619048,7721,1278796,5
-27977.808996559004,7722,1279033,5
19862.54509379509,7723,1279080,5
-361.030774780775,7724,1279092,3
-10246.067230198423,7725,1279159,3
10074.152644740881,7726,1279235,5
67621.22172633011,7727,1279343,9
33375.531690531665,7728,1279604,9
23014.697732822726,7729,1279730,6
19491.07142857143,7730,1279758,5
-32975.46111868867,7731,1280056,4
10338.30490247925,7732,1280139,5
11588.532717282716,7733,1280223,5
38908.80667912354,7734,1280390,8
56125.9983362441,7735,1280725,11
10744.622771449398,7736,1280802,5
6908.402038278198,7737,1280963,5
29923.008796758797,7738,1281003,6
8348.58653665735,7739,1281271,7
45150.38069644491,7740,1281487,9
31261.996855268924,7741,1281703,9
78285.91633128507,7742,1282012,12
39915.67682317683,7743,1282072,7
-18985.569985569993,7744,1282283,5
-21510.64857742877,7745,1282757,7
-21373.58609862412,7746,1283234,7
-9873.578296703297,7747,1283316,3
19243.23264154147,7748,1283461,6
13578.694083694087,7749,1283603,6
31826.037573537575,7750,1283714,7
-22303.869741369745,7751,1283849,3
-6023.006486547518,7752,1284223,7
-1685.3327823277498,7753,1284395,5
8978.983516483517,7754,1284453,5
37731.872272464374,7755,1284554,7
5261.4872726173035,7756,1284622,4
2252.2619047619037,7757,1284699,5
15500.714285714286,7758,1284745,5
-9214.444444444445,7759,1284791,3
24317.80378677048,7760,1285014,8
11483.092006033181,7761,1285194,6
-9187.012436093317,7762,1285396,6
10725.589108603817,7763,1285673,8
-2740.6024006952885,7764,1285876,5
53624.88483373354,7765,1286125,9
35399.47704342442,7766,1286204,7
20276.627677877677,7767,1286245,5
-19161.64307914307,7768,1286598,8
15816.656887788855,7769,1286804,7
22630.867127153884,7770,1286938,7
53675.18857776209,7771,1287168,10
50021.058156884406,7772,1287308,9
-7211.944721944721,7773,1287343,3
46673.11938061938,7774,1287525,9
-14855.654761904763,7775,1287592,3
4002.984870306852,7776,1287697,5
-5388.183409727533,7777,1287863,5
41757.866490020126,7778,1288098,8
-8308.911955777281,7779,1288168,3
28124.759434536914,7780,1288258,6
26192.941392757573,7781,1288640,9
22432.496392496392,7782,1288662,5
-4072.0425899779493,7783,1288877,5
12911.964285714286,7784,1288946,5
-22866.753246753255,7785,1289053,3
549.1386254111724,7786,1289163,4
11846.945186306642,7787,1289303,5
12255.541569713398,7788,1289412,5
37964.51964701966,7789,1289637,8
-470.8336108336108,7790,1289648,3
21579.88095238095,7791,1289666,5
-4106.729797979797,7792,1289749,4
39858.61263800698,7793,1289973,8
20104.54365079365,7794,1289994,5
17198.357465977428,7795,1290132,6
35520.31962105625,7796,1290378,8
-3757.6157176157176,7797,1290396,3
-23980.07936507938,7798,1290636,5
46557.48681873689,7799,1290827,9
9675.863164613165,7800,1290930,5
62350.191806712624,7801,1291091,9
17892.286573290836,7802,1291258,6
-1314.7175047175026,7803,1291396,5
-22426.088879300947,7804,1291544,3
-18381.61090500488,7805,1291810,5
14084.285714285714,7806,1291852,5
18345.427627927624,7807,1291897,5
-23896.347818847826,7808,1292075,4
-10206.50488400488,7809,1292139,3
-1916.9997935071451,7810,1292378,6
-3280.8405483405486,7811,1292403,3
-20512.409812409813,7812,1292633,5
41099.29106840875,7813,1292857,9
50026.71842046842,7814,1292987,9
-12980.298918487773,7815,1293095,3
-3944.2248274601216,7816,1293137,3
36938.67340992342,7817,1293343,9
-29765.476398601393,7818,1293575,4
6563.284235544299,7819,1293680,5
-14389.430740827795,7820,1293912,5
47114.895382395385,7821,1294048,9
35887.21691706986,7822,1294318,10
15821.328100434144,7823,1294391,5
-2320.058970312448,7824,1294582,5
11143.669455114887,7825,1294619,4
18201.721056721068,7826,1294656,5
23154.424255869686,7827,1294703,5
-27264.82683982683,7828,1294811,3
-2033.7334887334887,7829,1294826,3
33545.164654251734,7830,1295045,8
17387.415223665226,7831,1295109,5
-13356.262626262633,7832,1295193,3
-2216.8155305605837,7833,1295247,3
22519.2142951218,7834,1295304,5
-2494.4049006549003,7835,1295323,3
6161.172969187678,7836,1295389,4
18803.30395449961,7837,1295431,5
-5440.548201798202,7838,1295460,3
49895.450620071366,7839,1295648,9
7387.142857142859,7840,1295687,4
-9898.265900765899,7841,1295823,4
-25357.1943487668,7842,1296089,4
-6561.588534015012,7843,1296326,5
10596.351984573734,7844,1296563,7
42167.207816693095,7845,1296788,9
-53219.4419000724,7846,1297342,7
6373.446969696976,7847,1297458,5
503.5479145038032,7848,1297544,4
-16136.396530446798,7849,1297985,7
-34127.27277581379,7850,1298232,4
-4868.7022699522695,7851,1298268,3
23768.353814872775,7852,1298324,5
33808.40240641711,7853,1298431,7
6236.186433505621,7854,1298518,4
-72358.64334861039,7855,1299270,6
7053.721629677529,7856,1299534,7
28023.096756184998,7857,1299701,7
-9231.379870129871,7858,1299874,5
39543.8098013098,7859,1299961,7
25229.17790542791,7860,1300044,6
-36650.08576734584,7861,1300294,4
13458.931485181483,7862,1300373,5
-18920.063901956328,7863,1300643,5
21225.043845043845,7864,1300743,6
-1560.6686829756914,7865,1300965,6
-5423.659989820975,7866,1301090,4
-10191.725496725496,7867,1301254,5
28793.358585858583,7868,1301376,7
-3797.2650266400265,7869,1301387,3
12427.226417373484,7870,1301509,5
15975.291829558468,7871,1301744,8
-4542.9390514026745,7872,1301978,5
-4951.986352141152,7873,1302009,3
26026.845238095244,7874,1302053,6
20925.646853146856,7875,1302104,5
-7818.4626104459685,7876,1302302,6
-17498.71940559441,7877,1302565,5
49957.24428693081,7878,1302814,10
-18047.640465829318,7879,1302946,3
14608.9831002331,7880,1303003,5
37530.6222943723,7881,1303083,7
11785.585051132519,7882,1303201,5
-30172.83588509014,7883,1303470,6
5352.745032745032,7884,1303510,4
-9496.933311356694,7885,1303683,5
12479.786594124822,7886,1303833,6
10150.934065934067,7887,1303844,4
-42817.72642216592,7888,1304240,5
21666.09348984349,7889,1304286,5
22140.481198368216,7890,1304420,6
-11044.911477411479,7891,1304495,3
10430.136807636807,7892,1304578,5
63134.141804617815,7893,1304705,9
17885.041486291484,7894,1304761,5
7974.3494005994,7895,1304800,4
178.93618228177252,7896,1305075,6
37052.71024318818,7897,1305219,7
25069.066574335542,7898,1305498,8
-34433.517717662464,7899,1305724,5
-13804.611500900195,7900,1305991,5
29002.460950642027,7901,1306289,8
258.40215254301904,7902,1306516,6
11338.306064850185,7903,1306603,5
54390.919363144596,7904,1306761,9
6029.193514388947,7905,1306891,5
24614.739288274497,7906,1307019,6
20497.676767676767,7907,1307041,5
24419.523740148725,7908,1307148,6
7406.423576423576,7909,1307265,5
13282.187257187261,7910,1307317,5
-20777.174949233795,7911,1307674,6
-21134.168659857503,7912,1307882,4
2306.740054033695,7913,1308039,5
33903.042513042514,7914,1308145,7
73028.11834407422,7915,1308281,10
33605.87668781167,7916,1308343,6
-8563.589203276646,7917,1308393,3
61030.11230857206,7918,1308663,11
-12495.159088230837,7919,1308765,3
16526.42316017316,7920,1308834,5
28244.951965305227,7921,1309065,8
44648.580514128116,7922,1309293,9
44937.54218004217,7923,1309420,8
47105.43867875332,7924,1309685,10
26779.844877344884,7925,1309826,7
17605.108225108226,7926,1309877,5
-3603.2879620379617,7927,1309897,3
14544.888645711015,7928,1310001,5
19450.795454545456,7929,1310051,5
17920.05307192807,7930,1310110,5
12663.499703555815,7931,1310265,6
10587.240259740256,7932,1310361,5
-109544.78084608895,7933,1310980,4
-26862.13640934232,7934,1311534,8
-22620.55895493393,7935,1312063,8
28217.95995670995,7936,1312204,7
8495.102813852815,7937,1312326,5
6307.142857142857,7938,1312358,4
17812.616966366957,7939,1312582,7
19891.940201826023,7940,1312835,8
10762.972158214889,7941,1313090,7
18386.53846153846,7942,1313098,5
61672.33624725993,7943,1313327,11
12580.821443348543,7944,1313617,7
-25355.20082471704,7945,1313963,5
-5152.408702408698,7946,1314074,4
-19130.08560153297,7947,1314374,6
39205.75660450661,7948,1314467,7
-34397.580109479706,7949,1315148,8
52288.6238471281,7950,1315215,8
-35353.74452284153,7951,1315534,6
13553.550730053963,7952,1315688,6
25733.949463204495,7953,1315780,6
-1275.7206418321798,7954,1315991,5
784.637654012646,7955,1316181,6
3643.994616494615,7956,1316322,5
17164.51623539859,7957,1316495,7
26187.924092684665,7958,1316939,10
52802.679888910534,7959,1317077,9
14479.657980907983,7960,1317151,5
8153.208874458872,7961,1317349,7
14992.625707625706,7962,1317410,5
12922.737847928904,7963,1317653,6
24678.06077040735,7964,1317924,9
24795.513012958832,7965,1318203,9
39706.443556443555,7966,1318332,8
-31491.486315971633,7967,1318862,9
36972.516489666756,7968,1319210,9
21957.43626064414,7969,1319366,6
-10858.861763236762,7970,1319447,3
-8007.282172162173,7971,1319887,8
37053.68936618937,7972,1320055,8
9359.663599859032,7973,1320219,6
-27903.050838050833,7974,1320441,4
-5173.468892218897,7975,1320752,8
-14459.512987012988,7976,1320935,5
33196.468253968254,7977,1321031,7
36437.321428571435,7978,1321096,7
21610.425685425686,7979,1321140,5
21377.165268371937,7980,1321195,5
6696.843434343435,7981,1321223,4
-10953.584605753727,7982,1321288,3
6859.600924531265,7983,1321429,5
13136.578352203353,7984,1321548,6
-17658.515406162463,7985,1321749,6
33467.56003177249,7986,1321821,6
22292.639199036254,7987,1322142,9
7764.860001109999,7988,1322177,4
23999.48758522254,7989,1322344,7
-1413.880147630144,7990,1322498,5
15952.588803954903,7991,1322578,5
-2437.8938867906586,7992,1322844,6
12383.433233433223,7993,1323169,9
-11802.968975468973,7994,1323309,5
-9509.920035030334,7995,1323548,6
-35722.798604287535,7996,1323735,3
-3892.941179869776,7997,1323991,6
5929.148529468485,7998,1324384,9
40766.00191475192,7999,1324472,7
-19070.716644466644,8000,1324642,4
25955.79725829726,8001,1324707,6
-10446.795676381325,8002,1324963,5
-7278.819375069375,8003,1325125,5
-9276.704046727267,8004,1325194,3
-402.3392416407073,8005,1325354,5
12264.10069097569,8006,1325379,4
42770.770463794615,8007,1325481,7
29707.86227961927,8008,1325877,10
9265.397914993502,8009,1325986,5
2623.319319569321,8010,1326103,5
33321.909879336345,8011,1326363,9
20065.982767232766,8012,1326384,5
50423.267265070666,8013,1326565,9
-1966.2402874902955,8014,1326699,5
12414.814160167163,8015,1327011,7
34445.93469030968,8016,1327097,7
-6141.845600154847,8017,1327244,5
-6206.969501087148,8018,1327293,3
214.61167637831704,8019,1327392,4
21667.479545990194,8020,1327494,6
7970.694721944725,8021,1327629,5
-5966.7205017205015,8022,1327669,3
10773.155460380687,8023,1327891,6
39971.78307803309,8024,1328056,9
32401.191327863104,8025,1328374,9
-22428.571428571446,8026,1328499,3
11275.523643023642,8027,1328674,7
8461.99410110014,8028,1328724,4
30066.665001664976,8029,1328974,8
-24765.61507936508,8030,1329219,5
46780.34177015794,8031,1329281,7
-41261.46467954134,8032,1329963,11
36044.76381590547,8033,1330111,7
4984.301539528136,8034,1330214,4
28869.77369852372,8035,1330410,8
22307.20238095238,8036,1330533,7
12943.933598221525,8037,1330618,5
9817.192329729092,8038,1330661,4
12841.944444444443,8039,1330717,5
19155.989459886525,8040,1330840,6
36233.43438016232,8041,1330933,7
-26810.054528804536,8042,1331216,5
66200.373095257,8043,1331333,9
-8947.124106282134,8044,1331534,5
36238.04049042632,8045,1331690,7
31224.00661838162,8046,1331762,6
2678.0103816462242,8047,1332043,8
11130.436507936509,8048,1332081,4
2769.9881954990215,8049,1332250,6
27763.435730935733,8050,1332387,7
17355.979437229435,8051,1332442,5
32873.543619048665,8052,1332499,6
15576.962204462205,8053,1332584,5
7786.030358530361,8054,1332759,6
46154.10348081721,8055,1332932,8
-21576.877705627703,8056,1333260,7
-35453.276168276185,8057,1333536,5
-7025.801441205854,8058,1333568,3
11147.3729048729,8059,1333681,5
37610.28860028861,8060,1333752,7
14852.985331661808,8061,1333803,5
-9127.748917748919,8062,1333896,4
157.38666927327722,8063,1334011,4
12371.716770240117,8064,1334181,6
21928.82215007215,8065,1334196,5
-8759.550887279214,8066,1334333,4
2654.136533401248,8067,1334526,6
-2294.202741702742,8068,1334659,5
44003.098807619535,8069,1334875,8
1328.6505161505193,8070,1334946,4
-35848.63094421918,8071,1335370,5
-16702.006233146047,8072,1335717,6
42476.82614105021,8073,1335874,8
-12589.825320877946,8074,1336108,6
14083.772061272059,8075,1336182,5
-6463.020313020314,8076,1336204,3
-4904.676295067162,8077,1336256,3
48770.940634442966,8078,1336426,9
16237.997786527201,8079,1336487,5
12520.262841406575,8080,1336645,5
21134.890664890667,8081,1336693,5
68983.4768596127,8082,1336799,9
-16262.260974319799,8083,1336932,4
41413.554658490786,8084,1337161,9
-3524.234711367063,8085,1337349,5
26009.459621277914,8086,1337463,6
19970.451150157027,8087,1337697,8
20329.08827283828,8088,1337736,5
-345.4442227916105,8089,1337807,4
4787.365330827994,8090,1337891,4
52787.484113109116,8091,1338062,9
13833.930512305635,8092,1338178,6
-56.28041111122087,8093,1338574,8
2156.327561327567,8094,1338727,6
17824.83544233544,8095,1338862,6
-637.5925463425463,8096,1339010,5
24547.815974874797,8097,1339148,7
9294.55345286808,8098,1339268,5
-8248.250360750364,8099,1339381,4
-1611.4916782563855,8100,1339458,4
33138.61279243632,8101,1339581,7
25216.577713652012,8102,1339797,7
-770.8938932976727,8103,1340019,6
19135.517937944416,8104,1340115,5
48079.64618714618,8105,1340224,8
-3660.839854589855,8106,1340249,3
-14221.948027462731,8107,1340529,5
47116.51875901875,8108,1340613,8
-1035.0491399594375,8109,1340872,6
22905.890086865318,8110,1340922,5
-11244.831834831837,8111,1340987,3
44360.798671357865,8112,1341140,8
-9328.128282106609,8113,1341610,9
11548.88232080956,8114,1341855,7
13837.540592792142,8115,1341939,5
-1098.0240592740588,8116,1342159,5
29271.388668521016,8117,1342223,6
2199.818144531751,8118,1342443,6
32747.648462648438,8119,1342563,7
-28855.368660407363,8120,1342836,5
21519.560766031354,8121,1342943,6
43033.25080964787,8122,1343017,7
16649.72029368121,8123,1343229,7
-1993.9682539682535,8124,1343245,3
-11837.638463617568,8125,1343445,5
10947.854367854374,8126,1343554,5
5457.4719724719735,8127,1343687,5
4843.0325629822555,8128,1343835,5
31456.445360195365,8129,1343888,6
27408.21733821733,8130,1343963,6
14389.629982590508,8131,1344042,5
16930.2459936864,8132,1344165,5
4545.485070485065,8133,1344291,5
-51847.925056726366,8134,1344644,4
-31139.00691091671,8135,1345268,11
-6353.720659472445,8136,1345388,5
2564.615156085745,8137,1345461,4
22352.028289048412,8138,1345573,6
-26401.774891774898,8139,1345800,5
-3424.222999222999,8140,1345822,3
27763.88930513931,8141,1345963,7
8007.885656010656,8142,1346006,4
-9148.564213564212,8143,1346105,4
13629.507783453219,8144,1346319,6
-28114.682539682544,8145,1346458,3
-3539.6428571428573,8146,1346484,3
17272.209793345653,8147,1346737,7
69292.01678051912,8148,1346855,10
25330.174062049067,8149,1347141,8
-44616.938616938605,8150,1347494,5
26581.500190905183,8151,1347833,9
10260.77241386065,8152,1348003,6
19410.544737125594,8153,1348156,6
42581.98380502365,8154,1348347,8
-23601.664978027613,8155,1348586,4
17427.022222058986,8156,1348867,8
11426.06005106005,8157,1348894,4
66812.00263199242,8158,1349125,10
74394.97794345315,8159,1349379,12
-22814.41197691197,8160,1349510,3
-6655.519396753917,8161,1349558,3
-9544.917241341389,8162,1349766,5
-21624.15209744825,8163,1350155,7
-16218.444182451536,8164,1350414,5
11802.709373959373,8165,1350498,5
13724.412393162396,8166,1350737,7
26394.60676535366,8167,1351033,9
-11700.409084379673,8168,1351192,5
-20281.096797434635,8169,1351394,3
18366.55150405151,8170,1351503,6
-730.0678528987388,8171,1351760,6
36785.30844155844,8172,1351844,7
24719.47237102422,8173,1352006,6
-3526.920791197102,8174,1352227,6
-1312.2972860472903,8175,1352420,6
-1226.812770562771,8176,1352537,5
9203.67993117994,8177,1352715,6
16980.680014430025,8178,1352902,7
20441.228354978353,8179,1352921,5
46089.86471453388,8180,1353194,10
17595.93614718615,8181,1353239,5
35232.58084085677,8182,1353277,6
-14862.848740526759,8183,1353393,3
18176.492049617056,8184,1353519,6
-1813.8390831734491,8185,1353641,5
12502.429208218684,8186,1353779,6
-2380.1900183150183,8187,1353805,3
11540.936285936288,8188,1353903,5
33635.96599887044,8189,1354195,10
29673.386197136177,8190,1354343,7
8504.30252976967,8191,1354664,7
-1568.1133164221396,8192,1354683,3
25617.437192580375,8193,1354793,6
32421.439789140983,8194,1355010,8
16349.534266687906,8195,1355173,6
-32210.671772186175,8196,1355472,4
-21897.3462201713,8197,1355659,4
-10494.461788211787,8198,1355721,3
-7267.45169699208,8199,1355757,3
13028.637944442895,8200,1355853,5
24369.040578448337,8201,1355949,6
-3305.595841207295,8202,1356067,4
24390.23629256021,8203,1356248,7
7458.402815364889,8204,1356429,6
2892.8552003551986,8205,1356502,4
-27530.912698412663,8206,1356815,6
14353.065288469701,8207,1357066,8
278.8328828034766,8208,1357228,5
7995.6606016532505,8209,1357316,5
-2788.7622179591917,8210,1357553,5
-13153.676695037004,8211,1357779,4
-35594.62858220215,8212,1358225,7
51978.669884037525,8213,1358344,8
9661.0017066267,8214,1358558,6
20291.96814107804,8215,1358737,7
-22409.083759377874,8216,1359043,5
4957.704795204794,8217,1359182,5
21348.317377067375,8218,1359288,6
4841.71154295145,8219,1359471,5
26758.639624908985,8220,1359587,6
2697.4550082270675,8221,1359700,5
-1459.981893106893,8222,1359713,3
-2909.110105580694,8223,1359726,3
-3220.1998001997868,8224,1359920,5
1385.2976190476188,8225,1360007,5
-23766.964807619508,8226,1360340,5
-17006.39500203807,8227,1360548,4
9895.406046911463,8228,1360685,5
-6894.60670456995,8229,1360939,6
21130.52017427017,8230,1361166,8
11140.074647574631,8231,1361433,8
5122.448801198802,8232,1361743,8
21996.036879786883,8233,1361853,6
7369.196914196916,8234,1362010,5
29703.134920634926,8235,1362057,6
23824.65354090354,8236,1362091,5
20796.160506160504,8237,1362124,5
29938.207346498406,8238,1362492,10
18093.571428571428,8239,1362542,5
2702.9179358223414,8240,1362913,7
15253.06152181152,8241,1362971,5
46273.4942834943,8242,1363025,7
45911.607142857145,8243,1363204,9
-1184.642857142857,8244,1363215,3
-5411.428571428571,8245,1363240,3
-13141.571071901953,8246,1363369,4
5700.294223750109,8247,1363476,5
23093.730370936257,8248,1363521,5
16746.37668064163,8249,1363696,6
-10488.214285714284,8250,1363972,7
10593.421114704015,8251,1364259,7
16278.102926485266,8252,1364398,6
21371.819604758854,8253,1364482,5
18364.99568693262,8254,1364905,9
4535.010822510818,8255,1364999,5
55681.19533244533,8256,1365109,9
422.21782152316155,8257,1365250,5
2539.3202841190455,8258,1365395,5
27175.85893273393,8259,1365509,7
20674.280303030304,8260,1365552,5
21519.80158730159,8261,1365582,5
27370.687552471612,8262,1365774,7
14098.23655253415,8263,1366022,6
-72489.06385281388,8264,1366510,6
20188.45923233176,8265,1366570,5
31058.02565490065,8266,1366653,6
20961.035489323345,8267,1366799,7
24742.002752149798,8268,1366921,6
16609.303691449586,8269,1367079,6
29237.607808857818,8270,1367165,6
17946.93839657075,8271,1367209,5
47270.282597304664,8272,1367430,9
8551.044927294926,8273,1367504,5
-1652.2501110001112,8274,1367527,3
-7632.782682144138,8275,1367671,4
33240.32402200931,8276,1367739,6
30710.455543338656,8277,1367917,8
-29068.392001015844,8278,1368193,5
32168.28518703519,8279,1368474,9
35005.661005661,8280,1368592,7
14676.378225103064,8281,1368676,5
-21355.91975538969,8282,1368969,6
11082.805085781085,8283,1369245,7
27194.006549006554,8284,1369358,7
3509.2555413507075,8285,1369514,5
10479.797841047843,8286,1369550,4
-7697.453518703521,8287,1369707,5
6292.584558114738,8288,1369879,6
-17360.996687136394,8289,1370204,6
16922.59515402899,8290,1370478,8
39646.65465173391,8291,1370782,10
37819.15327782179,8292,1370915,7
4763.783849449476,8293,1371143,7
16902.235853512833,8294,1371504,9
-14780.621437386142,8295,1371592,3
20270.44423004756,8296,1371641,5
17603.180700018933,8297,1371702,5
30774.160347310848,8298,1371993,10
-12486.54732930468,8299,1372179,5
-4783.86544011544,8300,1372207,3
-2207.725468975469,8301,1372223,3
56209.46651044174,8302,1372388,9
20502.1389027639,8303,1372423,5
8327.800949050947,8304,1372523,5
-7557.263431013431,8305,1372567,3
14411.49755473285,8306,1372640,5
-3050.287074037104,8307,1372996,8
30653.54706159852,8308,1373242,9
3984.9962537462534,8309,1373426,6
25132.950937950965,8310,1373588,7
17474.557103113606,8311,1373681,5
40045.4474494374,8312,1373803,7
23086.75574425575,8313,1373899,6
-408.29483425071146,8314,1374047,5
10839.598447647984,8315,1374151,5
15793.180014430018,8316,1374211,5
2603.715728715729,8317,1374342,5
-33018.91095016094,8318,1374707,6
18167.721385726414,8319,1374842,6
-60602.10919799154,8320,1375230,5
-2498.3608011355664,8321,1375383,5
4803.753746253743,8322,1375620,7
33040.951855162384,8323,1375724,7
7766.640859140857,8324,1375916,7
-14850.1298007548,8325,1376083,5
34867.18975468976,8326,1376137,6
-13596.847271665385,8327,1376278,4
6070.577403118038,8328,1376423,5
21355.622294372297,8329,1376465,5
-9167.878787878788,8330,1376567,4
-8870.505050505053,8331,1376625,3
-5867.836558865971,8332,1376669,3
4717.511090560629,8333,1376826,5
5280.852342102342,8334,1376890,4
-1137.487373737374,8335,1376904,3
11466.716472382108,8336,1376933,4
63105.290681540675,8337,1377060,9
6546.289266289269,8338,1377228,6
-11096.97388916441,8339,1377316,3
31591.396658896654,8340,1377469,7
21932.76708993621,8341,1377511,5
20917.90689703388,8342,1377658,6
24456.5386002886,8343,1377709,6
-15775.88158573453,8344,1377993,6
1879.30808484601,8345,1378196,6
18061.66625041625,8346,1378246,5
20519.853801169593,8347,1378270,5
-1818.2645291584947,8348,1378360,4
-1882.7523817771464,8349,1378608,6
33421.98058477469,8350,1378843,9
3768.7238945694808,8351,1378994,5
-5342.045177045178,8352,1379021,3
15112.565490065492,8353,1379252,7
31541.282377752974,8354,1379608,10
11702.608755623463,8355,1379647,4
25458.6038909491,8356,1379891,8
51444.04456654457,8357,1380108,10
-788.1425518925446,8358,1380345,7
-4325.31479012904,8359,1380827,9
18509.33080808081,8360,1380868,5
9623.569763569765,8361,1381003,6
11607.09445782975,8362,1381201,6
12988.154761904761,8363,1381263,5
25281.825396825396,8364,1381330,6
16745.462413833153,8365,1381661,9
4468.726641435613,8366,1381846,5
31840.24919524918,8367,1381923,6
-75451.51187872443,8368,1382436,5
8701.144031407195,8369,1382555,5
20815.68397417856,8370,1382680,6
20775.58635808636,8371,1382720,5
-8704.00384337885,8372,1382923,5
-13874.7360972361,8373,1383122,5
15041.899398975638,8374,1383177,5
7870.498652963826,8375,1383444,7
11814.540043290044,8376,1383570,6
12105.84054834055,8377,1383637,5
43503.87196137196,8378,1383721,7
4437.231657231655,8379,1383831,5
69626.17826617825,8380,1383990,10
57347.92321913216,8381,1384094,8
26127.639923071427,8382,1384190,6
68881.48595427621,8383,1384335,9
44609.88730889852,8384,1384416,7
4916.075452325435,8385,1384767,9
3472.3214285714257,8386,1384818,4
-16478.700449876917,8387,1385116,7
-7040.099206349213,8388,1385253,5
3394.291395953549,8389,1385443,5
785.9228271728298,8390,1385535,4
21530.237658583243,8391,1385585,5
9474.022813505508,8392,1385838,6
-18657.443957186588,8393,1385980,4
-12897.255728877246,8394,1386099,3
10813.842823842822,8395,1386185,5
30923.89430014429,8396,1386237,6
6511.345518087009,8397,1386534,7
15618.950323643987,8398,1386638,5
8509.049480959065,8399,1387007,8
-3032.2741828604835,8400,1387018,3
9959.888210167439,8401,1387356,8
43265.20174957483,8402,1387532,8
28360.946969696968,8403,1387581,6
11288.237427991686,8404,1387698,5
-20458.369130869134,8405,1387833,3
8099.043827904138,8406,1388000,6
-21606.116685601963,8407,1388316,6
-17669.939619204306,8408,1388875,9
90105.42027417028,8409,1389000,11
43884.967937549205,8410,1389081,7
16388.93709747425,8411,1389152,5
-4420.586346917616,8412,1389193,3
18676.72161172162,8413,1389528,10
26030.200853498067,8414,1389706,7
21783.33805083805,8415,1389741,5
-16764.937007437,8416,1390022,7
-5760.551948051949,8417,1390045,3
-25850.198982804788,8418,1390319,5
19119.0675990676,8419,1390525,7
-7033.545204795205,8420,1390574,3
18082.866512572396,8421,1390651,5
-8980.762570762572,8422,1390798,5
16538.8482265069,8423,1390856,5
-14614.79645354645,8424,1391167,7
15351.50613275613,8425,1391208,5
-35974.057054057084,8426,1391531,6
3281.107311805842,8427,1391619,4
1697.8618715306075,8428,1391964,7
-450.59912309912414,8429,1392055,4
9857.556332556334,8430,1392212,6
11813.977272727276,8431,1392300,5
28733.81512430788,8432,1392524,8
6438.392857142858,8433,1392561,4
3815.0611381222916,8434,1392723,5
4857.887529137526,8435,1393049,8
26050.43318652451,8436,1393285,8
18696.510156510165,8437,1393347,5
10835.920966932961,8438,1393541,6
10627.162052988288,8439,1393654,5
-5259.936015137248,8440,1393787,4
24668.221500721498,8441,1393908,6
-1326.2279387279389,8442,1393931,3
572.194759933378,8443,1394307,8
3590.4804917305014,8444,1394425,5
5587.7487282164975,8445,1394673,6
30661.074172430646,8446,1394943,8
29082.129675879674,8447,1395105,7
-11280.221445221448,8448,1395258,5
3594.380619380623,8449,1395410,5
16921.46978021978,8450,1395453,5
9835.443228297303,8451,1395711,7
-1068.4397546897549,8452,1395722,3
27898.00240609064,8453,1395848,6
5358.69429611496,8454,1396107,6
834.643017707532,8455,1396415,6
-10109.616494616494,8456,1396614,5
-35795.183982683986,8457,1396759,3
-52440.60064935066,8458,1396996,3
7571.633763123704,8459,1397259,7
-10671.103896103903,8460,1397453,5
22713.802308802307,8461,1397536,6
14568.691745346157,8462,1397702,6
38669.71253097607,8463,1397969,9
2172.047169162108,8464,1398120,5
27096.153180969362,8465,1398223,6
20141.020923520926,8466,1398255,5
4272.882395382394,8467,1398362,5
5723.492616774335,8468,1398663,7
-14435.458707958713,8469,1398895,6
13450.10683760684,8470,1398964,5
21849.647435897437,8471,1399156,7
18980.95726384039,8472,1399281,6
21326.239043464277,8473,1399466,7
-8770.530303030302,8474,1399614,4
46828.45264363261,8475,1399770,8
-2383.5715673215673,8476,1399884,4
7693.403940830407,8477,1400011,5
29863.501388102784,8478,1400244,8
7796.534297745595,8479,1400298,4
30457.95650019914,8480,1400465,7
-9798.4126984127,8481,1400501,3
8731.973011079053,8482,1400618,5
20193.254580386933,8483,1400749,6
36221.67228288158,8484,1400946,8
-1420.0303536332985,8485,1401240,7
78855.06077256077,8486,1401325,10
-47088.921478418386,8487,1401509,3
-17749.35064935065,8488,1401600,3
22006.212215072523,8489,1401875,8
-23248.80624591454,8490,1402048,3
49829.91730964254,8491,1402162,8
12463.578643578647,8492,1402237,5
-3672.743506493506,8493,1402259,3
12383.445165945164,8494,1402354,5
-9762.402597402597,8495,1402394,3
49810.11251283117,8496,1402611,10
69415.34958223529,8497,1402763,9
5419.541569541568,8498,1402895,5
3997.827866577867,8499,1402928,4
-16607.723734598738,8500,1403153,5
-2642.1849065966717,8501,1403391,6
42044.81324231323,8502,1403665,10
25086.32575757577,8503,1403767,6
2426.1363636363635,8504,1403803,4
-12669.758030282412,8505,1404124,6
-4679.227994227995,8506,1404147,3
-1322.1897546897549,8507,1404166,3
21936.726451652925,8508,1404278,6
56380.333000333,8509,1404369,9
-2969.653263403266,8510,1404450,4
16749.02220393126,8511,1404545,5
54490.75689833041,8512,1404674,9
53288.77837977297,8513,1404850,9
-5099.019522144523,8514,1404876,3
3301.8776974659313,8515,1404953,4
53920.363039308475,8516,1405035,8
4810.500630451197,8517,1405249,7
-10032.64149393255,8518,1405321,3
16223.192085692084,8519,1405377,5
17863.20186478468,8520,1405589,7
52985.37076064443,8521,1405821,9
6935.804750804749,8522,1405904,5
8293.592351920524,8523,1406096,6
5960.1541412850465,8524,1406284,5
-770.2380952380972,8525,1406465,6
33733.35434506865,8526,1406544,6
16861.0708355542,8527,1406771,6
62791.10396547895,8528,1406968,11
30837.60392385392,8529,1407076,7
12879.620647517038,8530,1407323,7
15998.442088956801,8531,1407461,7
19268.016254900926,8532,1407599,6
-7250.97027972028,8533,1407627,3
-4900.150788753729,8534,1407746,4
20921.79117814441,8535,1407964,8
8873.356643356648,8536,1408050,5
-65008.359695859646,8537,1408603,6
-22277.389693639696,8538,1408705,3
99217.73293682952,8539,1409128,14
44110.65115440116,8540,1409167,7
39009.07060668092,8541,1409321,8
8975.139322966335,8542,1409443,5
51493.745887110854,8543,1409584,8
5459.6741910480305,8544,1409636,4
26700.591888331826,8545,1409871,8
-1522.4278499278498,8546,1409887,3
-632.8660404595933,8547,1409961,4
42219.58470859203,8548,1410326,10
8381.296966921967,8549,1410445,5
2911.700937950938,8550,1410490,4
13051.204965699948,8551,1410712,6
22032.73532023532,8552,1410875,7
33198.443223443246,8553,1410990,7
11992.551893411024,8554,1411070,5
31390.689171939168,8555,1411220,7
31279.636752136754,8556,1411282,6
40198.952109981525,8557,1411390,7
13040.979437229444,8558,1411746,9
51278.56641724286,8559,1411911,9
7040.949816867,8560,1412023,5
12168.544307000187,8561,1412163,5
-34030.21284271285,8562,1412336,3
-5741.935217560211,8563,1412559,6
31305.835137085134,8564,1412612,6
-43037.39472945352,8565,1412975,4
-37496.475762330505,8566,1413263,4
-6764.649973779231,8567,1413312,3
17409.049973719095,8568,1413503,7
-4797.777777777777,8569,1413530,3
-13718.214285714284,8570,1413601,3
-21695.690357712156,8571,1413731,3
-4773.341195343897,8572,1413761,3
13128.306427404725,8573,1413866,5
-15386.04262761739,8574,1414251,5
7783.196963425301,8575,1414383,5
17420.489510489504,8576,1414649,8
-2107.200299700299,8577,1414763,4
20112.982434232435,8578,1414937,7
-15263.358348308038,8579,1415048,3
7708.7727550227555,8580,1415077,4
-3189.3126103342806,8581,1415174,4
47264.63080091562,8582,1415324,8
-5301.574733531004,8583,1415448,4
-20015.857892107888,8584,1415773,6
-1804.4642857142858,8585,1415783,3
10926.42718865242,8586,1416074,7
-26401.459060160698,8587,1416390,6
3876.4821233977577,8588,1416552,5
-22936.32367632368,8589,1416660,3
21033.927008449067,8590,1416798,7
48326.44133386393,8591,1416997,9
2053.6384938590895,8592,1417126,5
-7630.760316180208,8593,1417171,3
-4911.756982697386,8594,1417202,3
-3370.9523809523807,8595,1417216,3
49526.00257692946,8596,1417336,8
60914.853003034084,8597,1417649,11
19257.09776334777,8598,1417699,5
3872.624458874464,8599,1417937,6
39067.05516705516,8600,1418140,9
3358.7698412698387,8601,1418323,6
22814.44333444334,8602,1418443,6
-11021.721641791297,8603,1418708,5
52801.71814296814,8604,1418879,9
-1088.0031773781777,8605,1418955,4
-10250.318521347934,8606,1419025,3
7625.747516372516,8607,1419102,5
42955.99844599845,8608,1419177,7
22330.328805181747,8609,1419216,5
65154.08480279612,8610,1419335,9
5313.054307233873,8611,1419487,5
28020.95238095238,8612,1419529,6
56694.31401931401,8613,1419621,9
16881.96206571206,8614,1419679,5
22194.347670303552,8615,1419961,10
19841.25,8616,1419986,5
52331.263527708965,8617,1420096,8
51933.33916083915,8618,1420235,9
2938.921356421356,8619,1420298,4
4493.387445887445,8620,1420403,5
-10503.044300470772,8621,1420449,3
42315.23952762923,8622,1420621,8
-11903.003939644805,8623,1420815,5
23563.78094128094,8624,1420902,6
19741.836774336774,8625,1421060,7
20978.71961371962,8626,1421169,6
2819.503705788538,8627,1421583,10
7104.9855699855725,8628,1421629,4
49137.211554785106,8629,1421878,10
-450.6399156399145,8630,1422092,6
7887.316017316016,8631,1422119,4
56858.12054265415,8632,1422295,9
26271.397004410468,8633,1422382,6
2930.704989454989,8634,1422532,6
20422.704378954375,8635,1422570,5
4667.0936008435965,8636,1422856,7
6744.786463536469,8637,1423001,6
22030.939889359008,8638,1423042,5
-19983.92220932663,8639,1423215,4
78335.456002331,8640,1423317,11
68536.25514599775,8641,1423500,10
-31918.997014965105,8642,1423789,5
1114.6827220057016,8643,1424087,7
31100.53932178933,8644,1424127,6
-20757.480171598487,8645,1424278,3
30570.717893217894,8646,1424427,7
-27711.448412698406,8647,1424603,5
-38898.35872460874,8648,1424922,5
17041.574925248606,8649,1425180,8
29710.114929332274,8650,1425534,10
30748.131921183383,8651,1425720,8
10304.818314855082,8652,1425799,5
-10165.17857142857,8653,1425843,3
-14476.325757575778,8654,1426063,5
21930.983044733042,8655,1426100,5
-6874.5344928549275,8656,1426246,5
-22087.014790764777,8657,1426518,5
16583.681873681882,8658,1426730,7
-2687.7078477078476,8659,1426755,3
5474.271715556542,8660,1427112,9
12685.006569582809,8661,1427195,5
-15042.898629148629,8662,1427363,5
20248.82128879032,8663,1427444,5
76594.35922286348,8664,1427632,11
1166.536310911307,8665,1427796,5
-5160.913485379431,8666,1427922,4
9154.769119769122,8667,1427949,4
35215.27687590185,8668,1428171,8
42966.033411033415,8669,1428283,8
-1126.3740436979538,8670,1428594,8
-6619.909812409818,8671,1428724,5
15826.203102453099,8672,1428826,5
133.64816555992957,8673,1429030,5
17736.175352425347,8674,1429080,5
18986.742146742145,8675,1429226,7
-2093.2341269841263,8676,1429410,5
3456.510156510156,8677,1429508,5
23368.395770895768,8678,1429584,6
21646.375928423146,8679,1429619,5
43224.37909312909,8680,1429774,8
74207.07431457435,8681,1429898,10
10193.688041085386,8682,1429961,4
11658.9932983683,8683,1430072,6
61695.50441539025,8684,1430218,9
-35505.30303030305,8685,1430499,4
15879.758297258302,8686,1430760,7
31833.840833020775,8687,1431021,8
22870.230243612597,8688,1431153,6
7619.816734907681,8689,1431194,4
-14759.97102978721,8690,1431399,4
28999.79900818135,8691,1431495,6
31611.4500072511,8692,1431741,8
-15474.294498071586,8693,1432154,7
-1557.2222222222222,8694,1432165,3
-11812.628968253963,8695,1432517,7
15834.093406593445,8696,1432818,9
-7950.41347541347,8697,1433002,5
50148.89144502729,8698,1433121,8
10366.623232718433,8699,1433230,5
-10585.393009767995,8700,1433439,5
18874.21855921856,8701,1433490,5
16993.0122702375,8702,1433611,6
-3614.748503439022,8703,1433719,4
-23784.518190143186,8704,1434028,5
-5219.279923441874,8705,1434233,5
45494.101201086494,8706,1434360,8
-5102.369852369852,8707,1434400,3
-35474.88850309475,8708,1435018,10
-8435.68181818182,8709,1435150,4
65905.73412698411,8710,1435266,10
-23509.07467532467,8711,1435384,3
-12433.942280629588,8712,1435458,3
-15612.008476129988,8713,1435585,3
1707.1090710545,8714,1435712,5
100719.64986810571,8715,1435974,13
-2867.379564879565,8716,1436001,3
-6326.766091389055,8717,1436062,3
-28582.905427905425,8718,1436266,5
34809.83405483406,8719,1436352,7
6395.432258659812,8720,1436519,6
59992.85456524041,8721,1436652,9
10315.19813240595,8722,1436737,5
17059.00949798396,8723,1437019,7
-11115.518875044803,8724,1437468,8
20991.614357864357,8725,1437498,5
-9837.436591186606,8726,1437678,6
-3448.246524717117,8727,1437863,5
-11843.401875901876,8728,1437940,3
4587.986735486736,8729,1438052,5
-20123.88888888889,8730,1438141,3
24430.627621217795,8731,1438252,6
-801.5315425290537,8732,1438325,4
1589.6457937001746,8733,1438455,5
-5739.822954822956,8734,1438486,3
5375.919913419914,8735,1438524,4
7126.98287823288,8736,1438634,5
-2326.800144300144,8737,1438650,3
23954.36827061827,8738,1438811,7
-4741.127245333598,8739,1438838,3
-5109.949494949495,8740,1438866,3
31021.348939479776,8741,1438966,6
15557.55598482558,8742,1439409,9
2961.8875616127934,8743,1439619,6
29171.645437895437,8744,1439763,7
-27885.668359418367,8745,1440175,8
-24734.224945805843,8746,1440359,4
26449.29473304473,8747,1440427,6
18423.647463647467,8748,1440459,5
-4656.771643389286,8749,1440596,5
11226.25669471733,8750,1441036,9
-3878.8455988456017,8751,1441188,5
14468.606857753539,8752,1441504,8
23158.291708291697,8753,1441637,7
13994.218952487143,8754,1441814,6
-1936.1616161616162,8755,1441840,3
-15433.137320196152,8756,1442253,9
-79571.76415772692,8757,1442837,7
-46801.4466089466,8758,1443158,5
-43869.16514041514,8759,1443573,8
24969.711550975022,8760,1443690,6
19579.994483239203,8761,1443943,8
46352.78095743078,8762,1444234,9
-10786.367174277391,8763,1444683,8
44441.426837051826,8764,1444778,7
-10128.230909097778,8765,1444981,5
35548.079649109066,8766,1445154,8
6980.263817065287,8767,1445286,5
7523.059607875783,8768,1445449,6
17980.637210012213,8769,1445508,5
19317.540820892213,8770,1445773,8
27613.10703658227,8771,1445955,7
-5999.665473415474,8772,1446001,3
4230.645743145744,8773,1446116,5
49003.00985478235,8774,1446265,8
-5550.485625485625,8775,1446299,3
-12233.79079297036,8776,1446382,3
20138.96103896104,8777,1446453,5
50147.35028860028,8778,1446591,9
14471.781759906757,8779,1446754,7
25894.616784789003,8780,1446867,6
39687.53135753135,8781,1446973,7
-15071.78738336827,8782,1447100,3
31184.61809024309,8783,1447228,7
7098.0794981162635,8784,1447277,4
-19007.761990331655,8785,1447402,3
44942.472642344364,8786,1447735,10
26819.787787032372,8787,1447891,7
25793.99066092034,8788,1448078,7
14373.286898000511,8789,1448322,7
-35051.585693288456,8790,1448808,8
-14261.846982548119,8791,1449274,8
25961.737706737702,8792,1449370,6
-1267.9120064531085,8793,1449655,7
12338.631716580647,8794,1449776,5
-5822.901304062294,8795,1449817,3
-26795.480997198247,8796,1450050,5
-18446.845238095237,8797,1450151,3
9040.125985125986,8798,1450206,4
8301.038961038963,8799,1450311,5
-17755.63374125874,8800,1450473,4
-3345.442657832373,8801,1450733,7
23885.99511992473,8802,1450823,6
78764.23042729544,8803,1451033,12
-6890.789688252928,8804,1451278,6
8540.265853427627,8805,1451546,7
3134.398577643546,8806,1451712,5
17592.81746031746,8807,1451738,5
8549.23951048951,8808,1451752,4
6078.547318694382,8809,1451947,6
12506.74908424908,8810,1452088,6
21256.464368964367,8811,1452111,5
20620.486159437412,8812,1452251,6
10881.681573154927,8813,1452414,5
54383.11219977207,8814,1452686,10
66430.01564998468,8815,1452891,10
-8912.899184149182,8816,1452939,3
-5448.470132164018,8817,1452959,3
-15670.401304062292,8818,1453044,3
28012.282994782978,8819,1453169,7
19022.288646810714,8820,1453263,6
659.7883238790437,8821,1453490,6
23547.336691086686,8822,1453569,6
23351.36400364342,8823,1453836,8
18516.39790764791,8824,1453862,5
-21718.49089635854,8825,1454070,6
-17377.622180451126,8826,1454319,6
24092.047776569845,8827,1454410,6
-27857.946055062912,8828,1454912,9
26940.460650460645,8829,1454983,6
-807.6424521470967,8830,1455128,5
19795.059523809523,8831,1455158,5
-13816.998418248419,8832,1455286,4
-17330.20493438449,8833,1455551,6
-40741.065833246605,8834,1455893,6
12315.258299277277,8835,1456135,6
-18115.502414252413,8836,1456375,5
19621.067404817415,8837,1456531,6
15679.126984126986,8838,1456570,5
57217.23096348096,8839,1456736,9
23235.8096070596,8840,1456771,5
16675.370345383883,8841,1456959,7
-66764.71351833583,8842,1457393,6
-8595.010304238247,8843,1457650,6
-48891.656260406286,8844,1458307,8
38073.04146017382,8845,1458402,7
51259.33423194453,8846,1458488,8
-7859.743980219987,8847,1458725,6
8990.808074420609,8848,1459214,10
15205.465118293563,8849,1459440,7
-32387.419968408245,8850,1459656,3
-26063.34279690898,8851,1460003,5
5499.600365916727,8852,1460257,6
-4306.587538278716,8853,1460436,5
-18058.675420087762,8854,1460599,3
-9867.564036410784,8855,1460760,5
-26247.029421816555,8856,1460969,3
62238.61202522965,8857,1461120,9
26721.339355089356,8858,1461278,7
8447.118991689425,8859,1461373,5
57815.31874987757,8860,1461531,9
70858.53904931498,8861,1461670,9
72412.95376879742,8862,1461775,10
49371.51338928194,8863,1462061,10
31230.328650108044,8864,1462218,8
-23143.571616292196,8865,1462588,6
19160.793218219686,8866,1462735,6
-7329.9487374081,8867,1462995,6
12808.973358979745,8868,1463351,8
9575.69917186656,8869,1463505,5
19536.594373763495,8870,1463774,8
-13676.607142857143,8871,1463882,4
25467.16336464683,8872,1464042,6
2798.54734747536,8873,1464408,8
5187.920195129947,8874,1464556,5
-34897.52192660277,8875,1464862,5
23430.710800637273,8876,1464981,6
-35462.23062068646,8877,1465585,10
30719.849872349863,8878,1465814,9
16282.0698444068,8879,1465862,5
43875.95071595073,8880,1465899,7
-1914.2857142857142,8881,1465915,3
29264.5689033189,8882,1466026,7
14560.877733377733,8883,1466239,7
-11991.732349607739,8884,1466334,3
13726.487262737268,8885,1466406,5
30182.91806920289,8886,1466607,8
-4754.613442113442,8887,1466637,3
13933.939430667375,8888,1466805,6
31944.898989898975,8889,1466854,6
-19068.49095757185,8890,1467007,4
-24569.35659283956,8891,1467161,3
-8531.46436896437,8892,1467432,6
-18926.489072502998,8893,1467607,3
1267.9650904650907,8894,1467681,4
12499.00432900433,8895,1467753,5
14131.531379697015,8896,1467889,6
21573.987123987125,8897,1467924,5
49679.79186254921,8898,1468254,10
8250.67940229705,8899,1468339,5
24136.823907476068,8900,1468496,7
12657.561956017844,8901,1468730,7
-7378.0212842712845,8902,1468901,5
15750.595238095239,8903,1468959,5
-43944.84192063524,8904,1469334,6
21669.363622488625,8905,1469369,5
-3014.0546953046955,8906,1469395,3
4594.19389637673,8907,1469647,6
27258.876008292707,8908,1469756,6
4541.192279942284,8909,1469910,6
-6604.1594516594505,8910,1469993,4
-17008.728354978353,8911,1470138,4
36032.01114868105,8912,1470256,7
-44318.39826839827,8913,1470406,3
-54290.00345242994,8914,1470797,5
9505.511529664009,8915,1470929,5
48193.37194003557,8916,1471102,8
20185.139443889413,8917,1471308,7
53709.76544459937,8918,1471440,9
-13440.5772005772,8919,1471498,3
23418.44203766276,8920,1471740,8
13405.822688878032,8921,1471825,5
38431.41539424627,8922,1472096,9
2590.649905649902,8923,1472472,9
-35077.43092691625,8924,1472780,6
29812.242063492056,8925,1472815,6
-1419.2857142857144,8926,1472825,3
20810.85805534335,8927,1472870,5
18853.60847550284,8928,1473028,6
11167.142302142305,8929,1473127,5
12130.58207831041,8930,1473356,7
89305.15040515039,8931,1473492,12
17289.64285714286,8932,1473560,6
47738.86263222276,8933,1473756,9
33922.1350871351,8934,1473879,7
5249.876943661777,8935,1474024,5
6102.85187035187,8936,1474134,5
-17639.460225232295,8937,1474468,7
-16362.003968253972,8938,1474581,4
-14680.694305694306,8939,1474669,3
45269.66783109393,8940,1474878,9
44837.73998619201,8941,1475100,9
34436.1226372527,8942,1475267,7
17144.05757147051,8943,1475591,9
-4953.2369019869,8944,1475884,7
-4510.059523809529,8945,1476049,5
23215.601395704623,8946,1476373,10
3017.2467809967807,8947,1476516,6
56962.28793158165,8948,1476604,8
9668.283384142518,8949,1476711,5
16002.657379385326,8950,1476868,6
16402.50832500833,8951,1476939,5
34416.97991550933,8952,1477042,7
23717.796647796655,8953,1477156,6
11823.496079084314,8954,1477223,5
20219.384018759018,8955,1477415,7
-4510.50505050505,8956,1477444,3
10590.112354965291,8957,1477632,6
24922.433371367188,8958,1477834,7
17628.46202286553,8959,1478079,7
25562.703962274394,8960,1478265,7
-15803.578039607455,8961,1478379,3
-3398.8983728689614,8962,1478393,3
29609.667938270883,8963,1478452,6
76562.08773209935,8964,1478582,10
7971.504190254198,8965,1478800,7
-3770.1984126984125,8966,1478818,3
-37806.72425613601,8967,1479037,3
-15024.688228438225,8968,1479205,5
42474.28044178042,8969,1479450,9
52238.68256743256,8970,1479576,9
43909.701838194494,8971,1479874,10
31631.48809523809,8972,1479902,6
9987.256442602813,8973,1480135,6
69294.08806879395,8974,1480329,10
5382.860728210031,8975,1480499,5
36844.04220779221,8976,1480596,7
-3121.433808709348,8977,1480696,4
-9933.107268548445,8978,1480751,3
14673.598993791995,8979,1480841,5
21904.992201855603,8980,1481062,7
-1804.4642857142858,8981,1481072,3
-8563.095515595509,8982,1481163,4
14180.501373448931,8983,1481464,7
32764.061049674445,8984,1481554,7
12608.801156077961,8985,1481831,6
29665.281385281385,8986,1481937,7
33651.83621933622,8987,1481972,6
476.19505494505916,8988,1482038,4
-994.3545343545343,8989,1482053,3
33268.80831715581,8990,1482297,8
-29108.634004884007,8991,1482567,5
-1123.67784992785,8992,1482577,3
-997.3328754578752,8993,1482601,3
827.2293041832042,8994,1482734,5
22412.33585858586,8995,1482769,5
36930.0,8996,1482824,7
-9315.507409257412,8997,1482996,5
10210.579954157663,8998,1483262,7
29975.850260850257,8999,1483523,9
12008.649336774337,9000,1483552,4
-2921.5079365079364,9001,1483570,3
36247.51003447019,9002,1483838,9
26797.918878114902,9003,1484117,8
84040.23898487136,9004,1484266,11
9330.74386956354,9005,1484398,5
13408.974636474637,9006,1484498,5
-8148.923992673996,9007,1484648,5
489.3960953906767,9008,1484754,4
-3179.047703457532,9009,1484928,6
-16547.2897935398,9010,1485142,6
17444.938394938392,9011,1485179,5
110.969304388424,9012,1485362,5
1231.405939019176,9013,1485691,7
-15768.002830502832,9014,1485804,4
-14178.531746031736,9015,1486099,7
24349.001186077418,9016,1486573,10
-1942.970501720502,9017,1486591,3
27554.836976748746,9018,1486657,6
-32992.85436785438,9019,1486808,3
10961.8962981463,9020,1486896,5
-2842.9635642135645,9021,1486918,3
3953.3195970695947,9022,1487051,5
-4272.526978310652,9023,1487343,6
-10227.254516881972,9024,1487571,5
-3041.7076651848315,9025,1487764,6
-4706.527822882313,9026,1487823,3
-45415.91362069303,9027,1488179,5
21977.896408287274,9028,1488251,5
-5391.028554778558,9029,1488392,5
3268.617348853416,9030,1488656,6
1549.5619982722822,9031,1488902,6
2732.0567504391056,9032,1488999,4
44735.860433076996,9033,1489170,8
-5815.04884004884,9034,1489204,3
7465.566794316794,9035,1489299,5
12422.089412135854,9036,1489416,5
-16097.377020339498,9037,1489666,5
39802.46697746699,9038,1489805,8
-17443.995248817228,9039,1489921,3
23480.739676989677,9040,1490000,6
15827.24927849928,9041,1490058,5
18083.685064935067,9042,1490092,5
33651.536295661695,9043,1490145,6
-13808.174246848794,9044,1490414,6
7863.690255822614,9045,1490739,8
8864.854194652948,9046,1490853,5
5342.454516839786,9047,1491222,7
21559.213217338216,9048,1491279,5
6515.640331890332,9049,1491328,4
1482.8401792565865,9050,1491502,5
32125.287490287486,9051,1491548,6
420.1703851703869,9052,1491699,5
-15215.270562770565,9053,1491790,3
1135.214768461673,9054,1491955,5
-15235.284992784993,9055,1492031,3
-45057.11538461533,9056,1492538,7
19868.1752076426,9057,1492720,7
-3074.9142688872125,9058,1492762,3
-63013.607781107734,9059,1493122,5
-3953.6176831872663,9060,1493541,9
15667.500421031693,9061,1493743,6
18168.698300323682,9062,1493810,5
15097.39228843912,9063,1494012,6
-23894.548551938264,9064,1494399,8
-6797.2906015553135,9065,1494542,5
-1599.6205606828644,9066,1494729,5
4715.981240981239,9067,1494780,4
-17904.44293795305,9068,1495213,8
18352.690493686925,9069,1495395,6
20054.80753766357,9070,1495458,5
9130.695970695971,9071,1495515,4
-27303.670302435785,9072,1495925,7
34410.36708561475,9073,1496153,8
22557.470031319746,9074,1496308,6
-9297.978687978686,9075,1496362,3
-5856.825396825396,9076,1496396,3
1277.6749639249574,9077,1496505,5
18957.41888830124,9078,1496596,6
-1351.3267305449983,9079,1496809,5
47843.47689891806,9080,1496879,8
-11387.088605838599,9081,1497086,5
-41020.942182817205,9082,1497406,5
-10066.612554112555,9083,1497456,3
-7249.92784992785,9084,1497498,3
24722.433261183258,9085,1497619,7
-22176.482203726777,9086,1497943,6
-11261.753940503932,9087,1498108,5
-13493.111667744019,9088,1498186,3
-8063.492063492064,9089,1498218,3
63544.569319569346,9090,1498417,10
3433.867163753002,9091,1498486,4
-5713.040758261349,9092,1498610,4
2876.642552493946,9093,1498666,4
10095.918730476462,9094,1499031,8
25478.05532702592,9095,1499351,9
30302.339669087884,9096,1499408,6
-17893.897768897772,9097,1499531,3
34274.02717337703,9098,1499854,10
-31375.33539151767,9099,1500234,6
-2856.7180211859,9100,1500476,6
17053.173354423358,9101,1500699,7
-2521.878713606648,9102,1500930,5
-1128.0060459425097,9103,1501352,9
43436.558580308585,9104,1501574,9
61391.648629148636,9105,1501696,9
-41.18106416287918,9106,1502222,10
17382.454975579978,9107,1502264,5
20530.72344730433,9108,1502589,9
-25957.607423775273,9109,1502705,3
-7578.5262505812025,9110,1502775,3
-14016.388888888887,9111,1503014,6
-11482.22222222222,9112,1503064,3
10718.793541793832,9113,1503254,6
64245.67879274147,9114,1503489,10
65258.26134499317,9115,1503755,11
-19517.61904761905,9116,1503867,4
33913.78301845214,9117,1503919,6
-9724.84126984127,9118,1503963,3
11738.458690002808,9119,1504250,8
-19154.513819513813,9120,1504452,5
11275.371156621153,9121,1504691,7
-27756.72474517002,9122,1505022,6
25089.260461760463,9123,1505149,7
30502.55161505157,9124,1505294,7
-12732.699261298669,9125,1505393,3
59481.805531714585,9126,1505547,9
35372.88167797189,9127,1505883,9
19116.741452991453,9128,1505939,5
-51110.64490978579,9129,1506368,6
28628.63540742024,9130,1506563,8
20380.46244261415,9131,1506692,6
-6710.910102324554,9132,1506955,5
12913.74949225181,9133,1507039,5
-15889.690165355794,9134,1507338,6
-11361.478718434999,9135,1507756,9
25818.007792860742,9136,1507868,6
7662.626262626264,9137,1507952,5
-9343.006854256859,9138,1508120,5
16324.368848171105,9139,1508458,9
40936.47434265085,9140,1508628,9
-15157.683590918894,9141,1508870,6
25070.701224587916,9142,1509127,7
42151.52356363219,9143,1509382,9
-12187.970779220777,9144,1509572,5
52400.51324256239,9145,1509752,9
7476.036745761976,9146,1509882,5
26116.71415701602,9147,1509993,6
21117.22222222222,9148,1510009,5
16779.91341991342,9149,1510338,9
5126.2480068751465,9150,1510494,5
6822.8790625868905,9151,1510732,7
-18952.108377733395,9152,1510866,3
-3130.605644355645,9153,1510894,3
13264.609573657228,9154,1511008,5
33453.142135642134,9155,1511056,6
23240.328976578985,9156,1511092,5
1184.7367256926054,9157,1511255,5
18087.99110074652,9158,1511564,10
14064.48593073593,9159,1511628,5
51669.25789488291,9160,1511713,8
-10424.425757832014,9161,1511999,5
-24326.455619543856,9162,1512263,5
31733.073556989948,9163,1512370,6
4482.994991119994,9164,1512501,5
-8951.926545676546,9165,1512540,3
5442.257881007878,9166,1512731,6
-40604.82466576962,9167,1513078,6
2197.077922077922,9168,1513145,4
-39457.83695471195,9169,1513497,6
2272.853812853812,9170,1513635,5
3874.4785618391434,9171,1513730,4
5166.253468753467,9172,1513845,5
-34603.15212565213,9173,1514244,6
-20439.49333346392,9174,1514559,6
13431.507302896624,9175,1514818,7
72202.19736146208,9176,1514909,10
60685.205897688495,9177,1515153,10
19243.08608058608,9178,1515174,5
24187.81040446482,9179,1515238,5
14604.49757500841,9180,1515316,5
48275.90795212699,9181,1515504,9
-36872.92748917747,9182,1516069,9
-28640.91179653679,9183,1516327,5
29184.93220306636,9184,1516571,8
3282.490765383557,9185,1516982,10
-27594.04761904762,9186,1517197,5
998.3173766378122,9187,1517302,4
9451.316877566875,9188,1517398,5
33855.83073380867,9189,1517637,9
-29569.135377465092,9190,1517914,4
-18104.703383991295,9191,1518160,5
-15718.571428571428,9192,1518252,3
-2424.4153069153067,9193,1518414,5
26923.720029970027,9194,1518482,6
-4797.0670995671,9195,1518511,3
-6300.32578645013,9196,1518592,3
36178.250638250596,9197,1518863,10
16386.767160428153,9198,1519120,7
13813.867921723977,9199,1519328,6
16291.0147671909,9200,1519412,5
-1945.0763084954224,9201,1519554,5
-13952.257603507613,9202,1519814,6
10764.05388471178,9203,1519869,5
-24978.43308050737,9204,1520235,7
9855.38631303337,9205,1520350,5
-493.91053391053424,9206,1520410,4
-10034.713827838828,9207,1520462,3
8860.193001443,9208,1520547,5
15522.276098084922,9209,1520781,7
9291.804183089018,9210,1520944,6
45665.921904033356,9211,1521149,9
4979.103139507546,9212,1521412,7
-3238.3136679246127,9213,1521548,5
-611.1111111111111,9214,1521558,3
-633.9285714285716,9215,1521568,3
-44041.48641176505,9216,1522243,9
19496.82803307803,9217,1522301,5
5806.673514394095,9218,1522648,9
29889.862498612507,9219,1522722,6
86362.28311312872,9220,1522858,11
37865.50860980378,9221,1523007,7
-3897.086524586525,9222,1523041,3
3150.1173826173854,9223,1523225,6
27168.197635697645,9224,1523281,6
23026.971778221778,9225,1523378,6
26979.219670209546,9226,1523472,6
-9992.370129870125,9227,1523664,5
-7546.821373071373,9228,1523791,4
-6576.479605197604,9229,1523874,3
20394.05108780109,9230,1523911,5
-74411.22206933936,9231,1524627,8
8849.486346986349,9232,1524739,6
17767.109973359973,9233,1524816,5
-42737.68817268045,9234,1525130,4
-7970.534971564383,9235,1525181,3
-4251.432178932182,9236,1525512,8
-5422.911928840948,9237,1525909,7
12983.274742113752,9238,1526008,5
-3034.4563443092975,9239,1526188,5
14922.509810450982,9240,1526336,6
8428.154761904761,9241,1526402,5
-12758.452380952383,9242,1526474,3
-5982.146125288539,9243,1526507,3
27361.31687756687,9244,1526666,7
7071.441310820264,9245,1526924,6
-35845.44635919635,9246,1527243,6
-6333.496332099274,9247,1527278,3
23595.10281557109,9248,1527400,6
17530.2398989899,9249,1527456,5
-1761.4699189699136,9250,1527708,6
21404.04763945204,9251,1527944,7
151.39845448668973,9252,1528199,6
-2544.197746697748,9253,1528230,3
-7310.888658648434,9254,1528460,5
42045.22338772341,9255,1528529,7
2719.2628291041506,9256,1528708,5
-17912.5036972831,9257,1529109,7
-44512.62626262624,9258,1529306,3
13778.153233934963,9259,1529588,7
17324.564406182053,9260,1529650,5
299.3903318903358,9261,1529782,5
24653.42983813572,9262,1529947,7
-5787.632367632368,9263,1529987,3
7634.104780023898,9264,1530036,4
-13489.583333333334,9265,1530099,3
6564.903112668213,9266,1530242,5
20976.473321355294,9267,1530304,5
4950.1354772678305,9268,1530370,4
31196.96293218356,9269,1530527,7
-12469.968434343446,9270,1530740,5
-32471.641414141406,9271,1531016,5
-24598.180797960216,9272,1531458,7
-6240.2189477189495,9273,1531564,4
-2846.3243705039367,9274,1531590,3
-4496.353646353647,9275,1531603,3
18313.85483255039,9276,1531728,5
-61139.269618410464,9277,1532049,4
13545.878088414853,9278,1532145,5
42939.28876442616,9279,1532255,7
-10244.978878190954,9280,1532385,4
18320.467293994352,9281,1532514,6
37220.277186264044,9282,1532691,7
26129.43415244886,9283,1532945,9
-5070.900072150072,9284,1532978,3
-84018.62304362305,9285,1533558,8
-15008.593073593067,9286,1533774,5
21307.320873570894,9287,1534016,8
28271.110833610834,9288,1534058,6
-32907.738095238084,9289,1534181,3
-13722.044854010797,9290,1534279,3
-3351.3500388500397,9291,1534307,3
-43914.49163323773,9292,1535071,10
20874.471778221778,9293,1535217,7
-1572.4873737373741,9294,1535234,3
8969.8262195321,9295,1535315,5
-25887.69799580364,9296,1535694,7
58269.96830826551,9297,1536010,11
47816.53096903096,9298,1536065,7
-4130.61229607912,9299,1536603,9
7968.542499167501,9300,1536640,4
16927.84798534798,9301,1536712,5
-20342.18640449678,9302,1536980,5
16983.562461575235,9303,1537073,5
16064.77095836254,9304,1537366,8
38417.31039750583,9305,1537450,7
62229.20159337675,9306,1537573,9
-8400.220365290024,9307,1537691,4
26179.746919746907,9308,1537748,6
16700.993738803336,9309,1537788,5
8391.78571428571,9310,1537915,6
-10489.36507936508,9311,1537967,3
14057.036019536024,9312,1538169,7
-3235.436507936508,9313,1538192,3
3394.2153679653675,9314,1538353,6
7342.954545454546,9315,1538380,4
38840.25519565572,9316,1538647,10
22102.613415995766,9317,1538684,5
56791.56589146785,9318,1539017,12
25759.191720080147,9319,1539149,6
21704.45751359064,9320,1539219,5
70705.65545565543,9321,1539322,10
-19763.706293706287,9322,1539449,3
36798.142482517505,9323,1539588,8
-2490.438021611059,9324,1539793,5
-49222.04619168242,9325,1540195,5
50735.55408729556,9326,1540451,10
-1298.054398731641,9327,1540728,6
22826.521449564923,9328,1540776,5
-10281.75685425685,9329,1541007,7
35411.234182484186,9330,1541161,8
-17634.22316521142,9331,1541286,3
31263.172701481522,9332,1541481,8
41560.047812095036,9333,1541556,7
1222.3099816849817,9334,1541575,3
12004.122799473973,9335,1541666,5
16676.198303330657,9336,1541740,5
69473.54746560627,9337,1541901,10
-50356.977095616785,9338,1542280,5
-3570.5525030524996,9339,1542489,6
58964.10204103936,9340,1542628,8
44415.909090909074,9341,1542861,10
-16255.0,9342,1542982,5
10530.591630591629,9343,1543007,4
13532.326225331255,9344,1543088,5
-10512.92632352877,9345,1543423,6
25167.353202353206,9346,1543531,7
36002.208853238255,9347,1543612,7
1579.8248973248953,9348,1543721,5
19602.635910981066,9349,1544015,8
20926.78684061038,9350,1544148,6
22910.866633366637,9351,1544230,6
40964.18428793423,9352,1544464,10
20146.87375124875,9353,1544508,5
-10690.535714285734,9354,1544716,6
42782.677723033776,9355,1544808,7
-4748.635298310221,9356,1545103,7
-1954.5833333333342,9357,1545294,6
-19315.238095238095,9358,1545389,3
33571.45271395272,9359,1545586,8
-8751.713564213564,9360,1545635,3
-46432.08555333561,9361,1546243,9
-11488.911432779456,9362,1546719,9
-6389.356033972907,9363,1546865,5
24278.921103406392,9364,1546947,6
-36128.83984111638,9365,1547266,5
30263.3784352902,9366,1547337,6
-1068.4397546897549,9367,1547347,3
-22514.645198497754,9368,1547491,3
-13015.286367362014,9369,1547748,5
-1153.2576558718204,9370,1547879,5
-63282.87158318117,9371,1548207,4
21117.930345797977,9372,1548436,7
8565.677516927517,9373,1548463,4
-30512.310408674566,9374,1548667,4
13182.132110665396,9375,1548857,6
-13080.894660894666,9376,1549036,5
19996.1858974359,9377,1549144,6
55148.117229992225,9378,1549386,10
37204.19236765986,9379,1549498,7
7985.177600177603,9380,1549726,6
-11735.711094461101,9381,1549925,6
26366.208513708512,9382,1550180,9
20253.63844488844,9383,1550436,8
-12235.277440997254,9384,1550665,5
-12590.582383302986,9385,1550948,7
25479.338924963926,9386,1551179,8
7611.706349206352,9387,1551279,5
-47383.86183261186,9388,1551625,5
3103.222055722046,9389,1552040,9
-15514.92784992785,9390,1552096,3
-11945.173160173148,9391,1552216,4
-10484.37659562659,9392,1552532,7
12189.292031497915,9393,1552615,5
35371.5219275049,9394,1552901,9
19520.860112110113,9395,1552961,5
42252.32681534151,9396,1553066,7
30680.812296363758,9397,1553209,7
21688.630952380954,9398,1553226,5
20790.63048063048,9399,1553288,5
-14421.640720390715,9400,1553467,5
-9915.479797979811,9401,1553654,5
2487.3938647351915,9402,1553815,5
29616.717536068398,9403,1554033,8
-31398.635259219624,9404,1554438,8
33418.1942925925,9405,1554604,8
-10552.562092190576,9406,1554981,7
-1705.8184870684872,9407,1555006,3
-9904.761904761905,9408,1555044,3
-9089.820208386385,9409,1555251,5
-10554.387023365352,9410,1555336,3
9992.525113775115,9411,1555482,6
55855.71261061781,9412,1555597,9
-6585.66838154106,9413,1555620,3
8649.312779154106,9414,1555839,6
10002.94212731713,9415,1555931,5
-19290.201643901335,9416,1556264,5
-14536.797508047508,9417,1556343,3
19636.44398901752,9418,1556487,6
15642.84212519507,9419,1556543,5
6458.660168950417,9420,1556700,5
-10951.673326673328,9421,1556762,3
50752.90576404159,9422,1556880,8
47198.680883933375,9423,1557018,8
-4179.087847137382,9424,1557068,3
24632.48495054997,9425,1557245,7
14391.833860583862,9426,1557305,5
-22057.740612500675,9427,1557525,4
-12591.26887001887,9428,1557579,3
-7564.114136637354,9429,1557689,4
-2330.9898434898437,9430,1557708,3
1123.423520923514,9431,1557948,6
37220.53317711363,9432,1558232,8
28988.122988122977,9433,1558411,7
-9748.457424928014,9434,1558484,3
-169.26837051837776,9435,1558790,8
-562.1428571428571,9436,1558804,3
16909.9050908242,9437,1559015,7
-24252.58595571095,9438,1559159,3
-33205.1943889444,9439,1559444,5
26848.69293052149,9440,1559622,7
7607.202307496418,9441,1559781,6
-26236.783936522737,9442,1560344,9
-39032.355283605284,9443,1560750,7
28101.102728970378,9444,1560916,7
27838.41954614015,9445,1561001,6
23861.72209392925,9446,1561373,9
40430.72906260406,9447,1561460,7
4988.238878181838,9448,1561581,5
16238.838800088804,9449,1561704,6
4104.8399678237165,9450,1561866,5
12908.86002886003,9451,1562080,7
-10317.979936729942,9452,1562367,7
18011.73454426551,9453,1562811,9
-17552.09788577437,9454,1563065,5
16135.830419580418,9455,1563321,9
-11669.39088689088,9456,1563552,6
22007.594472520945,9457,1563602,5
43087.17837717839,9458,1563672,7
7477.446164946163,9459,1563892,6
40558.68794604089,9460,1563950,7
16377.440476190477,9461,1563980,5
39602.45343364926,9462,1564166,8
7650.630411255408,9463,1564349,6
-8706.911589227771,9464,1564779,9
32618.234681984646,9465,1564966,8
11326.303813575487,9466,1565166,7
4689.7698828948805,9467,1565348,6
-9636.641414141415,9468,1565404,3
50112.410783660795,9469,1565649,10
66173.54753414089,9470,1565779,9
-7140.221180178623,9471,1566103,7
27069.63796824092,9472,1566226,7
-5471.492951492951,9473,1566386,5
24436.775585525582,9474,1566646,8
25245.263347763346,9475,1566737,6
21895.157656885593,9476,1567154,10
-2829.9643412143373,9477,1567332,6
21911.247518821052,9478,1567385,5
-111257.48138299612,9479,1568170,8
-10030.853593216203,9480,1568531,8
49145.961138534665,9481,1568645,8
45002.461888601596,9482,1568772,8
-95.88591963592307,9483,1568925,5
-3535.084082584084,9484,1569238,8
-1919.6428571428569,9485,1569249,3
26993.014750772112,9486,1569393,7
15314.665408121291,9487,1569463,5
15772.545844592281,9488,1569708,7
4967.7021128951055,9489,1569776,4
23321.178272836532,9490,1570006,8
-2460.355580197013,9491,1570156,4
30690.49931277872,9492,1570298,7
7144.5260295260305,9493,1570397,5
20701.99134199134,9494,1570434,5
44081.82050835302,9495,1570704,9
2981.6212111761347,9496,1571000,8
38301.18548118548,9497,1571343,11
-27113.116883116883,9498,1571513,4
-13037.966725611845,9499,1571881,7
11342.967726717725,9500,1572135,7
25858.591616716618,9501,1572287,7
34177.20473970473,9502,1572480,9
7063.432539682541,9503,1572546,5
8704.244227994228,9504,1572577,4
16198.33874458874,9505,1572721,6
16320.384782700961,9506,1572870,7
33554.252108185916,9507,1572939,6
2235.183982683986,9508,1573121,6
5677.037651890592,9509,1573177,4
-862.4322899322901,9510,1573200,3
9080.405011654997,9511,1573433,7
8759.31097905363,9512,1573603,6
-13112.232073482093,9513,1573979,7
25635.079829656068,9514,1574079,6
9006.051587301588,9515,1574099,4
-4386.554834054829,9516,1574285,6
31858.666141649886,9517,1574466,8
76976.85023310022,9518,1574646,11
-355.8928571428571,9519,1574659,3
9231.34612662468,9520,1574871,6
-508.29365079364914,9521,1575001,5
-83251.91454378956,9522,1575658,8
-21006.69656324069,9523,1576008,8
-14391.845883519643,9524,1576151,4
-24952.32794982794,9525,1576412,6
21654.30846930847,9526,1576441,5
14021.667707292712,9527,1576513,5
29398.912476412483,9528,1576596,6
34308.6836121395,9529,1576705,7
52274.88053613054,9530,1576820,9
1536.544505331271,9531,1576878,4
-31338.392857142855,9532,1577012,3
-12110.788325685095,9533,1577493,9
-16051.959706959706,9534,1577716,5
-19046.576479076477,9535,1578131,8
25390.384337884345,9536,1578265,7
14256.066017316021,9537,1578427,6
10331.58821635021,9538,1578471,4
-2247.374601877333,9539,1578680,5
62.499722499722566,9540,1578690,3
30893.73454976396,9541,1578866,8
39473.06485181485,9542,1578913,7
24864.903846153884,9543,1579080,7
34823.78795224384,9544,1579186,7
8911.735282691156,9545,1579578,9
-16491.945554445563,9546,1579722,4
19649.3510664602,9547,1579881,6
23819.722222222208,9548,1580004,7
-7403.957948441308,9549,1580250,6
19787.54766024309,9550,1580321,5
20080.944402819412,9551,1580362,5
-21473.214285714286,9552,1580462,3
30931.08010045511,9553,1580622,8
34603.07071927041,9554,1580912,9
-638.6183261183262,9555,1580929,3
2150.190781440781,9556,1581159,7
48009.92798867798,9557,1581265,8
13948.14587781498,9558,1581582,9
12341.964285714286,9559,1581635,5
16898.066806129886,9560,1581900,8
-56881.30397380395,9561,1582213,4
1412.5328837828822,9562,1582273,4
-4466.722999222999,9563,1582305,3
16994.540392098443,9564,1582372,5
-38207.41282002306,9565,1582684,5
10635.916305916306,9566,1582736,5
24801.23334998335,9567,1582813,6
19164.81060606061,9568,1582910,6
5389.250112632465,9569,1583038,5
-10214.514582639584,9570,1583095,3
38892.54148629148,9571,1583200,7
-5773.4215784215785,9572,1583234,3
-3711.445082695081,9573,1583317,4
-12619.859556508176,9574,1583640,6
-3811.379812567895,9575,1583838,5
41694.61261291841,9576,1584024,8
13378.582251082255,9577,1584069,5
-8175.835137085141,9578,1584126,3
47364.21092796094,9579,1584223,8
-3111.6572234954715,9580,1584480,7
17139.293827087946,9581,1584546,5
17321.988603716545,9582,1584670,6
-7898.828393828394,9583,1584711,3
50988.25564141739,9584,1584872,9
-28712.886002886,9585,1585082,5
3826.699134199137,9586,1585168,5
5665.106710025437,9587,1585350,6
21921.35158872775,9588,1585442,6
-119064.89772847533,9589,1586309,7
35445.83481469511,9590,1586467,8
19058.382034632035,9591,1586559,6
16433.06776556776,9592,1586889,9
8332.996309246308,9593,1586986,5
-7994.252206127204,9594,1587229,6
-16900.432900432897,9595,1587296,3
-11751.422466422466,9596,1587361,3
57988.70226995226,9597,1587475,9
27011.220862470862,9598,1587534,6
-3422.8571428571427,9599,1587549,3
-10326.111111111113,9600,1587597,3
11561.900592422931,9601,1587959,9
22268.239889195767,9602,1588162,7
41287.728937728934,9603,1588283,8
19227.202593158472,9604,1588574,8
5963.54487402862,9605,1588695,5
8395.769851493533,9606,1588893,6
-28210.091930128714,9607,1589171,5
1554.969336219337,9608,1589278,5
20217.86435786436,9609,1589312,5
-9442.000360750359,9610,1589521,5
19892.655122655124,9611,1589569,5
18203.463342213345,9612,1589609,5
-32167.139172432995,9613,1589924,5
-13132.919996669994,9614,1590092,5
-1207.171717171717,9615,1590112,3
12182.445960901854,9616,1590465,9
-35741.562163971226,9617,1590872,7
11391.964285714286,9618,1590882,4
-37665.06805286219,9619,1591190,5
18307.67094017094,9620,1591251,5
-9055.276737151718,9621,1591538,7
14512.861444111446,9622,1591730,7
41453.79298132782,9623,1591804,7
30500.016233766226,9624,1591959,8
33230.86242554315,9625,1592236,8
-1438.8902763902763,9626,1592248,3
10988.010184260182,9627,1592465,7
5311.66416916417,9628,1592572,5
-23242.034632034636,9629,1592743,4
3328.514818514818,9630,1592837,5
7179.942308366542,9631,1592916,4
-17091.9337641203,9632,1593239,6
-6768.587360352056,9633,1593415,5
85397.8361915862,9634,1593608,12
-11370.829623807573,9635,1594109,9
10949.672357826057,9636,1594314,6
144.90294427794663,9637,1594446,5
11386.38333888334,9638,1594467,4
19198.256327006333,9639,1594522,5
41951.11566129948,9640,1594811,10
18090.144855144856,9641,1594864,5
-18901.698579198586,9642,1595083,5
1250.7742253446618,9643,1595211,5
9415.173227829968,9644,1595483,7
17205.526279276284,9645,1595564,5
25389.83238983239,9646,1595711,7
12276.635586635606,9647,1596010,8
654.5825906119996,9648,1596287,7
10862.031805707938,9649,1596393,5
-50149.07467532464,9650,1596622,3
-16493.39826839827,9651,1596694,3
6503.88111888112,9652,1596795,5
-34570.45093795094,9653,1597004,4
63059.05091640385,9654,1597227,11
58045.15234765234,9655,1597353,9
-14598.777056277042,9656,1597553,5
-2454.1125541125543,9657,1597572,3
15784.997086247075,9658,1597925,9
3579.6389068447934,9659,1598106,6
10431.78751803751,9660,1598254,6
-31317.15465090463,9661,1598607,6
-27099.95772609744,9662,1598769,3
12025.708099949583,9663,1599003,7
8994.751201455922,9664,1599134,5
-10985.124666999664,9665,1599370,5
25136.882651662065,9666,1599657,9
-18411.45153457652,9667,1599943,5
-14346.477868536693,9668,1600091,4
21930.024301678714,9669,1600149,5
4438.714896214894,9670,1600348,6
28833.980258432657,9671,1600453,6
34269.56219583014,9672,1600544,6
-85562.85676698596,9673,1601202,6
16020.345765345752,9674,1601512,10
5925.253219003221,9675,1601652,5
-15515.712657440605,9676,1601828,5
-40596.29370629371,9677,1602061,3
7216.652369818002,9678,1602290,7
-10220.97041847043,9679,1602514,5
-18063.931762681765,9680,1602618,3
-607.1428571428571,9681,1602628,3
3454.5868068120426,9682,1602862,6
61803.09266203799,9683,1603133,10
11266.696643821848,9684,1603383,7
37604.00432900433,9685,1603449,7
7431.211566211567,9686,1603681,7
-34827.17171717171,9687,1603801,3
17695.522916625854,9688,1604079,8
-5725.171001169451,9689,1604275,5
-6197.506635153411,9690,1604730,9
-10493.326118326115,9691,1604841,4
-4734.3267353561605,9692,1605207,8
-23950.813492063495,9693,1605367,4
1650.3998037995661,9694,1605717,8
-27578.994685869657,9695,1606004,5
-7389.271364385531,9696,1606128,4
19839.230928730856,9697,1606269,6
3699.7389118150686,9698,1606393,5
18360.132938956474,9699,1606688,8
-20047.57048507048,9700,1606898,5
-20468.931841936865,9701,1607448,9
-10561.15302107705,9702,1607634,5
26577.285341292678,9703,1607874,8
28319.911415983406,9704,1608161,8
42413.15476190476,9705,1608276,8
15101.954841254377,9706,1608532,7
-11911.428571428572,9707,1608584,3
-71503.706722825,9708,1609110,6
36131.42053616318,9709,1609210,7
-3457.995422741427,9710,1609580,7
18768.611611986234,9711,1609771,6
10278.590576090577,9712,1609867,5
-20968.28282828283,9713,1609974,3
28792.111124814288,9714,1610147,7
31837.125456243146,9715,1610341,8
33649.353573282424,9716,1610540,9
-28258.259982191863,9717,1610839,5
40478.68901271676,9718,1611049,8
15813.172799422795,9719,1611166,6
10295.953421578422,9720,1611184,4
-14236.46839271839,9721,1611260,3
32698.324318225626,9722,1611478,8
40455.827048768224,9723,1611809,10
-33797.598577892706,9724,1612035,3
5748.94078144078,9725,1612131,5
16146.564249304189,9726,1612344,8
21778.18903318903,9727,1612365,5
33713.4999005123,9728,1612505,7
-3300.1076741885568,9729,1612515,3
13496.457319770023,9730,1612799,8
31424.166666666668,9731,1612830,6
-17446.5398679408,9732,1612945,3
-3275.4534036654823,9733,1613062,4
13373.046536796537,9734,1613133,5
62.499722499722566,9735,1613143,3
-4364.7381993408635,9736,1613622,9
17349.420616148556,9737,1613818,7
-17190.08396359402,9738,1614164,7
9144.042207792205,9739,1614237,5
19684.567308551435,9740,1614296,5
4927.883104138051,9741,1614578,7
22380.239690864688,9742,1614904,9
46066.804445554444,9743,1614960,7
2264.984227373886,9744,1615390,9
-10466.64536852038,9745,1615790,9
-53648.22510822507,9746,1616175,6
-38518.321604352066,9747,1616641,7
16416.555477331414,9748,1616807,6
8965.322533811817,9749,1616875,4
15335.767213307849,9750,1616987,5
64147.58806144833,9751,1617280,11
-28586.843770264823,9752,1617615,5
31346.548242349323,9753,1617682,6
-10380.029970029973,9754,1617861,5
7626.3760912290245,9755,1618349,11
17954.660339660346,9756,1618542,7
-18249.305971805974,9757,1618771,5
-83685.98394660902,9758,1619388,6
3415.1017304848588,9759,1619506,5
18004.34053562536,9760,1619693,7
5181.060973340384,9761,1619858,6
3477.1810484407224,9762,1619991,5
10503.272082234915,9763,1620363,9
31120.969618616684,9764,1620504,7
-24904.029581529583,9765,1620617,3
21724.82330105395,9766,1620660,5
27078.776078367813,9767,1621044,9
17284.325396825396,9768,1621080,5
-3234.8217060717066,9769,1621272,6
21223.198190698185,9770,1621321,5
348.5789290259203,9771,1621651,8
28755.862956487963,9772,1621984,10
37656.15144208217,9773,1622225,8
14815.44955517478,9774,1622386,6
47522.37949614882,9775,1622580,9
25685.352634833587,9776,1622832,7
6.171606171605617,9777,1622847,3
6204.654730159756,9778,1622953,5
-40164.02173309793,9779,1623313,6
3478.6247058325207,9780,1623381,4
-9440.001020371024,9781,1623459,3
10224.228965478975,9782,1623542,5
-2892.9623154623177,9783,1623684,5
-17444.960456210472,9784,1623976,5
-17544.69972730228,9785,1624194,5
71836.91722493192,9786,1624460,11
-2456.433062981068,9787,1624818,8
55045.46999332797,9788,1624924,9
-15442.633857352022,9789,1625240,6
32196.139342683462,9790,1625296,6
21147.410783660784,9791,1625406,6
-13166.467837717835,9792,1625466,3
6828.492340992344,9793,1625610,6
15678.566694743162,9794,1625741,6
-8046.741335719666,9795,1625807,3
8074.19339027211,9796,1626024,6
-5991.427628743805,9797,1626073,3
17903.648430817546,9798,1626200,6
29698.392730906187,9799,1626330,7
-50322.670801420856,9800,1626790,7
60646.20310245311,9801,1626872,9
-59090.72863411094,9802,1627347,6
39269.94321919051,9803,1627603,9
18487.169472254616,9804,1627885,8
7913.677849927839,9805,1628000,5
12819.926323676325,9806,1628171,6
-19398.151640026685,9807,1628608,8
3882.23168493873,9808,1628774,5
16870.12957630601,9809,1629008,8
-11461.015651015652,9810,1629084,3
1311.0329539741233,9811,1629305,6
6660.956358313173,9812,1629536,6
-34021.58730158727,9813,1629724,3
-2736.031759348322,9814,1629990,6
21974.428794244992,9815,1630288,8
2917.248584748585,9816,1630500,6
-35492.0304688861,9817,1630807,4
-50282.14139231938,9818,1631161,4
-5680.340794826082,9819,1631516,7
-13324.152391725918,9820,1631725,4
5689.883041019724,9821,1632051,8
-8599.224156482082,9822,1632118,3
20495.04662004662,9823,1632166,5
22515.18217893218,9824,1632187,5
2584.0139027639007,9825,1632359,5
-12843.793983793985,9826,1632484,4
-30522.341751385866,9827,1632838,5
27397.09346209346,9828,1632919,6
26904.2294100808,9829,1632992,6
9210.736346986349,9830,1633111,5
20196.950549450547,9831,1633130,5
-16514.53929519913,9832,1633290,4
-26864.32067932067,9833,1633727,8
6706.69372294372,9834,1633811,5
25588.56241281937,9835,1634071,8
-23702.917886851672,9836,1634353,6
-1874.317913768376,9837,1634543,5
12857.077644577645,9838,1634575,4
-32639.089407324696,9839,1635069,7
-5720.138611388611,9840,1635110,3
-35954.15959040958,9841,1635253,3
-5018.54393972041,9842,1635774,9
11222.79761904762,9843,1635784,4
5787.543706293705,9844,1635910,5
-48174.72541959395,9845,1636406,8
-11321.372344545722,9846,1636479,3
-41896.32034632035,9847,1636795,5
-128515.53142355569,9848,1637988,10
-237.13911088910413,9849,1638569,11
19982.26190476191,9850,1638593,5
-27688.978937728916,9851,1638911,5
-13894.965867465871,9852,1639147,5
-9576.085858585859,9853,1639400,6
28655.86639989698,9854,1639768,10
-21676.754911754917,9855,1640067,6
-7770.294150294156,9856,1640275,6
-8878.167078020018,9857,1640333,3
-36337.770145446244,9858,1640665,5
-28264.99153624155,9859,1640860,4
9423.402153402156,9860,1640944,5
-38781.05902632797,9861,1641626,9
-5665.006660006655,9862,1641863,5
-50492.25531413029,9863,1642234,5
27103.98025585525,9864,1642451,8
-18496.94796861205,9865,1642923,7
30199.38788743936,9866,1643012,6
-1142.213827838828,9867,1643041,3
-22415.757231674415,9868,1643328,5
20655.79080812474,9869,1643406,5
-6562.79845154845,9870,1643465,3
-6872.296037296036,9871,1643589,4
19670.214867262093,9872,1643723,6
-12124.489191364195,9873,1643804,3
-65568.74085237097,9874,1644473,7
37554.71962334192,9875,1644881,11
3281.399279976243,9876,1645058,5
-1545.0252525252527,9877,1645068,3
14767.766409091204,9878,1645264,6
30426.805555555555,9879,1645313,6
-48819.0662145732,9880,1645700,5
12944.67918991913,9881,1645870,6
-26182.33349983351,9882,1646104,5
-9277.182588653179,9883,1646261,5
-2726.7316017316016,9884,1646272,3
-15308.505879010903,9885,1646438,4
-54191.43245643244,9886,1646752,5
49200.51553041005,9887,1646963,9
-9837.110389610389,9888,1647016,3
2412.1585359085393,9889,1647103,4
-34341.570356233984,9890,1647727,9
-3564.8728032803106,9891,1648011,6
-1081.3961038961038,9892,1648021,3
2234.3268210547712,9893,1648356,7
-6687.036982625221,9894,1648584,5
-8007.31064686947,9895,1648774,5
-21506.466311466313,9896,1649027,5
6181.8323457158585,9897,1649269,6
34691.054709179705,9898,1649335,6
14801.867554530103,9899,1649598,7
-26692.04505562654,9900,1649977,6
-8771.662936521683,9901,1650039,3
1142.2459362532923,9902,1650202,5
3128.271034521039,9903,1650343,5
23668.251810968526,9904,1650524,7
5719.888197861276,9905,1650741,6
19987.274067181825,9906,1650871,6
-61277.49316365617,9907,1651352,5
-50496.97717057624,9908,1651741,5
15259.87778561308,9909,1651806,5
17761.54304029304,9910,1651872,5
-63075.45586358085,9911,1652414,6
53423.75807199336,9912,1652620,10
31664.56466950662,9913,1652719,7
-12261.505445663723,9914,1653079,7
-44876.031203273866,9915,1653579,6
-11399.611682392257,9916,1653906,6
12633.729881229881,9917,1653925,4
-23439.50452325454,9918,1654360,8
-58003.63525363531,9919,1654974,8
-3180.714285714286,9920,1654989,3
9976.527094784946,9921,1655102,5
8202.75281907635,9922,1655410,8
37127.916007710875,9923,1655755,10
-2341.3600288600287,9924,1655771,3
-33340.072292903176,9925,1656082,5
-9930.930887409133,9926,1656172,3
25489.683793159027,9927,1656350,7
-15616.091979915513,9928,1656723,7
-15030.659896948591,9929,1657227,9
-6439.260739260739,9930,1657265,3
9715.468670476414,9931,1657619,8
1178.4649041189311,9932,1657695,4
5536.794328859546,9933,1657821,5
19734.41000179843,9934,1657916,5
-8252.442988541057,9935,1658145,5
-3882.9870129870133,9936,1658164,3
9488.968531468523,9937,1658258,5
38101.047147297155,9938,1658558,10
27774.842934842938,9939,1658632,6
24945.453078698043,9940,1658770,6
25259.330369922478,9941,1658805,5
46085.78329350388,9942,1658910,8
63943.64704739704,9943,1658989,9
12978.337618693655,9944,1659286,9
-57498.34734709737,9945,1659660,5
11654.910089910092,9946,1659747,5
-24051.913055339952,9947,1660270,8
-293.1066156066143,9948,1660473,6
3943.5860340639765,9949,1660617,5
-29745.552759967202,9950,1661313,9
37357.01736172326,9951,1661546,9
-23632.39538239538,9952,1661776,4
-841.3782772954603,9953,1661805,3
59238.05156852951,9954,1662016,10
-47058.14685314684,9955,1662383,4
-7319.413738342089,9956,1662694,6
2499.8094157304695,9957,1663049,7
-11360.764888706066,9958,1663105,3
-31488.402430902453,9959,1663506,6
-2943.4149184149187,9960,1663531,3
8663.888128919514,9961,1663647,5
-119760.17003716524,9962,1664723,8
9717.605727605722,9963,1664809,5
-6595.339376846054,9964,1664864,3
-10451.456505096212,9965,1665056,5
6784.63961283814,9966,1665300,7
2740.2534578424666,9967,1665382,5
20672.07528582529,9968,1665421,5
-58098.05520868021,9969,1665908,6
-8949.517699895201,9970,1666438,9
-124819.2675828047,9971,1667023,3
-3351.7365967365968,9972,1667046,3
-4169.394833108069,9973,1667083,3
3897.2608886211838,9974,1667233,6
-24919.270035520047,9975,1667418,4
-156324.65391607443,9976,1668848,10
-2290.436646686643,9977,1669014,5
27721.82019777608,9978,1669191,7
-65090.324087676985,9979,1669687,5
6483.055330036624,9980,1670051,8
621.8018093018072,9981,1670165,5
-10101.227938727941,9982,1670224,3
-5078.109945609945,9983,1670396,5
-32510.58662742481,9984,1670962,8
-28484.007063198245,9985,1671398,7
30137.61630762598,9986,1671493,6
27438.839723228266,9987,1671590,6
-6512.516095016095,9988,1671738,4
-29245.314576634257,9989,1672090,5
-30068.448594104553,9990,1672480,6
10275.447697727113,9991,1672572,5
-41437.03214140528,9992,1673108,7
24131.35363883622,9993,1673320,7
-23088.088761728457,9994,1673617,6
-31951.546786546776,9995,1673890,5
-9729.086387039168,9996,1674168,6
-13706.211566211567,9997,1674239,3
-136196.10870746925,9998,1675024,5
-70051.58698456688,9999,1675510,5
