-8143.928987678986,0,52,3
-6891.401743036804,1,99,3
-3141.969317447259,2,124,3
-6854.4813519813515,3,170,3
-4850.7609389869785,4,195,3
-10489.26406926407,5,250,3
1111.3137748418374,6,369,4
-4019.8682161379697,7,393,3
8408.762389571213,8,416,4
-22319.064960782922,9,578,3
-4955.119880119881,10,615,3
-7347.352841302145,11,670,3
-5782.262563288104,12,720,3
-9420.65379473468,13,781,3
-6808.293601823015,14,818,3
-23944.682156079223,15,984,3
-5617.343527001034,16,1020,3
-11162.525448370447,17,1186,4
-6049.244909502262,18,1222,3
-14144.52672972022,19,1388,4
-7560.634920634922,20,1424,3
-13152.2993550567,21,1590,4
20683.428932178933,22,1626,5
-25167.51456876456,23,1792,3
-5446.856355718585,24,1828,3
-16859.582751045935,25,1994,4
4071.2204462204445,26,2030,4
-10570.140831390832,27,2196,4
-6074.833050935992,28,2232,3
-7565.815759103298,29,2398,4
-3737.0578033078036,30,2434,3
-21721.25295262872,31,2600,3
-5298.810648201129,32,2636,3
11637.388028638028,33,2721,5
-8176.169696746317,34,2795,3
-5956.742424242425,35,2817,3
-5471.825396825397,36,2840,3
2997.512609939073,37,2967,5
-5490.865800865801,38,3001,3
-6419.781884781885,39,3041,3
-22207.60072503675,40,3206,3
-6625.581085581086,41,3242,3
-22733.69073238063,42,3408,3
4876.2654012654,43,3444,4
-21878.696793402672,44,3610,3
6327.343489843489,45,3646,4
-12758.912268072481,46,3812,4
-5990.800865800867,47,3848,3
-586.2225274725264,48,3977,5
-6437.816627816627,49,4011,3
-6640.839160839161,50,4051,3
-4853.339226992475,51,4191,4
-7478.413884447165,52,4223,3
-8784.926878676877,53,4275,3
-7213.089540533427,54,4312,3
-7696.925990675991,55,4349,3
-6570.597418362512,56,4385,3
-2906.9451777153,57,4523,4
-5814.6268437444905,58,4553,3
-9902.709790209787,59,4615,3
5200.952380952383,60,4657,4
-5036.388455885361,61,4687,3
-4864.6647102897105,62,4729,3
-5795.238095238095,63,4764,3
-12027.292777741699,64,4850,3
-14676.343656343657,65,4949,3
-1481.176429779371,66,5039,4
8111.290792540794,67,5080,4
-7821.952565408449,68,5131,3
-6722.687388720669,69,5168,3
-14670.738879928114,70,5281,3
-4965.0511988012,71,5317,3
-5683.4861365228,72,5349,3
-6367.520314437886,73,5385,3
-13079.431818181823,74,5452,3
-4572.48556998557,75,5478,3
-7529.51625687694,76,5543,3
-9962.400242731126,77,5591,3
-9032.987012987014,78,5632,3
-728.1832198589159,79,5681,4
-834.9675324675325,80,5704,3
-12163.612702656823,81,5787,3
19897.64759750054,82,5819,5
-15128.863636363638,83,5905,3
-4924.403733521382,84,5928,3
-12180.090742590748,85,6006,3
-4255.627705627705,86,6027,3
-8081.056255835669,87,6080,3
-11032.06648335325,88,6155,3
-3796.343656343657,89,6175,3
-4320.021645021645,90,6195,3
-12902.751762126758,91,6277,3
-7055.766108891108,92,6326,3
-5815.402097902098,93,6348,3
-7237.289501268016,94,6388,3
-22201.360450694814,95,6573,3
-7983.04535505774,96,6626,3
3627.2628354187964,97,6670,4
-5103.805916305916,98,6695,3
-8591.956654456655,99,6754,3
6408.616003234811,100,6797,4
3893.081423220744,101,6857,4
13771.287185037187,102,6909,5
-17878.003519957856,103,7066,3
-8851.521286161378,104,7234,4
-4604.966869458894,105,7260,3
-8667.234954587893,106,7328,3
-3783.9860921672075,107,7350,3
-5467.042908072319,108,7392,3
-8685.827228327227,109,7441,3
-5126.574675324676,110,7476,3
-10211.88159063159,111,7551,3
-8121.386113886114,112,7602,3
-5433.125901875902,113,7641,3
-7325.562512393009,114,7694,3
-2716.387778887779,115,7709,3
-8079.996392496392,116,7747,3
-7238.41213460602,117,7777,3
-6595.317371600671,118,7832,3
-4259.622615012305,119,7858,3
-3817.672882672883,120,7874,3
-15280.04644864939,121,7963,3
593.9029995202623,122,8061,4
15883.215395715397,123,8101,5
-6707.907804270033,124,8149,3
5684.355366855367,125,8203,4
-4025.0014555877556,126,8221,3
-11781.38486513487,127,8371,4
-7645.909237802324,128,8423,3
-7022.812379613851,129,8476,3
-4504.681922179987,130,8505,3
-5559.453928424517,131,8532,3
-6304.164169164169,132,8581,3
-7518.605425147609,133,8623,3
-7582.508786363275,134,8659,3
-7093.470940823883,135,8714,3
-4791.994462580764,136,8741,3
-8473.42571257432,137,8798,3
-18920.407647907647,138,8918,3
-7489.987791902163,139,8976,3
3421.7032967032965,140,9032,4
-5537.943306693307,141,9066,3
-11979.202942702743,142,9173,3
7094.9805749805755,143,9314,5
-9962.641492027511,144,9387,3
-10056.202166426623,145,9440,3
-5310.657412762675,146,9491,3
-3961.8839983545863,147,9511,3
-7953.732827200321,148,9565,3
-5072.287157287156,149,9595,3
-9517.413856568268,150,9663,3
-4539.269888079569,151,9685,3
-6291.449522699523,152,9730,3
-9125.992063492064,153,9775,3
-4198.129959565718,154,9797,3
-11696.245034898473,155,9880,3
-4542.6419864964755,156,9896,3
-10860.658410217233,157,9975,3
-6685.869380204754,158,10022,3
3042.094155844153,159,10090,4
-5439.089586883704,160,10131,3
-11751.27519539284,161,10226,3
-7805.775499010794,162,10279,3
-4231.833166833167,163,10295,3
-1335.04095577625,164,10319,3
-8709.205677578355,165,10357,3
-6037.833694083694,166,10392,3
-7328.138556934456,167,10433,3
-3065.3614767585354,168,10453,3
-6963.89230002435,169,10502,3
-11917.10465312794,170,10616,3
-3113.9285714285716,171,10630,3
3416.5277777777787,172,10670,4
-5253.186293410752,173,10690,3
-8140.929866057574,174,10730,3
-14760.486653869002,175,10831,3
-5558.195970695971,176,10858,3
-9026.449109885642,177,10938,3
-11449.824830742014,178,11023,3
-9576.113571026495,179,11090,3
-8871.22105835341,180,11157,3
-11277.878514244616,181,11238,3
-7289.951714951716,182,11290,3
-6901.145647653,183,11336,3
-9286.059446874075,184,11442,3
-6944.459706959707,185,11485,3
-52.0529470529458,186,11591,4
-10385.253712508458,187,11678,3
-3970.0213675213677,188,11712,3
-5580.970521566497,189,11744,3
-5389.955678351577,190,11782,3
-5985.595409492468,191,11814,3
8970.989251761313,192,11838,4
-6292.239561693895,193,11890,3
-6789.8196248196255,194,11925,3
-17847.389814777587,195,12059,3
-7312.806637806637,196,12087,3
-5063.4058996559,197,12109,3
-4886.2190924400675,198,12131,3
-17454.788348905993,199,12221,3
-5514.456629039426,200,12257,3
-8844.24235894824,201,12312,3
-4539.5544070820515,202,12341,3
-9739.936888876517,203,12426,3
-9212.928785610678,204,12504,3
-4022.989553875777,205,12525,3
-4535.4334554334555,206,12540,3
-16377.388377016863,207,12671,3
-3669.5426795426797,208,12698,3
-7651.446511005338,209,12869,4
-18127.509157509157,210,13066,4
-9971.46873959374,211,13135,3
-14400.21115258151,212,13222,3
-7022.138932404025,213,13260,3
5423.735569985571,214,13289,4
-8162.836938351057,215,13360,3
-5244.787157287157,216,13381,3
-8257.416194916197,217,13436,3
-9478.972416472416,218,13503,3
-10020.95238095238,219,13553,3
-20591.530437962898,220,13719,3
-3842.8393231295704,221,13746,3
-2129.5761183261184,222,13761,3
-6939.17528335098,223,13795,3
-5647.79484017874,224,13837,3
-8048.514890682073,225,13903,3
-5132.040239172592,226,13936,3
4136.960678210678,227,13980,4
-4323.906926406926,228,14002,3
443.1339493839489,229,14063,4
-4923.607503607503,230,14094,3
-7369.282384282385,231,14145,3
-7015.494472847414,232,14193,3
-7287.774725274725,233,14231,3
-4210.971528471528,234,14253,3
-8428.863636363636,235,14288,3
-2630.535714285714,236,14302,3
-9122.779899838722,237,14365,3
-4290.760702762486,238,14381,3
-5150.119047619048,239,14410,3
-11409.22619047619,240,14465,3
-2427.9012654012654,241,14482,3
-4943.4938672438675,242,14510,3
-7293.683368724424,243,14558,3
-9684.504662004661,244,14619,3
-11117.41491709073,245,14714,3
-4470.755922998571,246,14742,3
-4446.760702762486,247,14759,3
-175.91248620660156,248,14838,4
-3880.321273154089,249,14863,3
-4859.893578643579,250,14889,3
-6827.3080228594945,251,14912,3
-3787.9960317460313,252,14930,3
-15065.510959628604,253,15063,3
-5800.260917467542,254,15107,3
-2387.3232323232323,255,15121,3
-14477.462739766182,256,15220,3
-7123.657388363273,257,15272,3
-3494.6273731484557,258,15285,3
-3326.7171717171714,259,15304,3
-8327.721858185492,260,15381,3
-11703.619297369296,261,15454,3
-8693.501082251081,262,15502,3
-5420.962787212788,263,15539,3
-18417.58456412868,264,15670,3
-6291.591741591741,265,15693,3
8219.387917637914,266,15731,4
-9220.163170163169,267,15764,3
-4375.445387945388,268,15797,3
-3148.854821648939,269,15826,3
-3971.338661338662,270,15841,3
-7289.283188431796,271,15880,3
-4732.5388413485225,272,15902,3
-7988.797033719637,273,15955,3
-10020.894477719825,274,16038,3
-27033.23803990986,275,16191,3
-5173.2569939688465,276,16304,4
-3065.734681984682,277,16319,3
-8217.51193251193,278,16375,3
-11475.39786602287,279,16466,3
-6346.32554945055,280,16512,3
-2654.655760905761,281,16531,3
-3469.4444444444443,282,16553,3
-19095.467032967033,283,16682,3
-5401.294818872218,284,16711,3
-7854.252136752136,285,16760,3
-3242.708614914497,286,16787,3
3517.3290901602277,287,16838,4
17929.007936507936,288,16860,5
-6290.137198757555,289,16897,3
-4436.2416401967475,290,16925,3
-12017.481684981687,291,16982,3
-10356.530691530694,292,17062,3
-4583.365384615385,293,17082,3
7033.420476582242,294,17099,4
-3600.7054658447846,295,17117,3
-14128.46459096459,296,17237,3
-15782.330724830732,297,17343,3
-6206.204906204906,298,17376,3
-3605.4195804195806,299,17401,3
-8709.048316879202,300,17468,3
-2584.363924474218,301,17494,3
-7065.295815295815,302,17523,3
-8249.605920395392,303,17574,3
-3774.1092241092247,304,17593,3
-10050.832500832501,305,17654,3
-5742.204600954601,306,17681,3
-11208.039256924709,307,17774,3
4484.8933909228035,308,17812,4
-5537.740536037751,309,17850,3
-5629.97668997669,310,17884,3
-7556.250110996377,311,17941,3
-5509.5814479638,312,17965,3
-4912.181887599844,313,18017,3
-5474.404761904762,314,18060,3
-4915.966810966811,315,18087,3
-6672.448857472077,316,18125,3
4199.839868164172,317,18185,4
-4090.468364839495,318,18205,3
-6633.431217475336,319,18260,3
-8451.561771561772,320,18314,3
-5693.99503682592,321,18344,3
-5396.689812968921,322,18382,3
-6599.644522144522,323,18414,3
-5663.965305177614,324,18447,3
-6932.438702078795,325,18491,3
-2638.0122655122655,326,18510,3
-4500.207615498874,327,18534,3
-3475.2082302652702,328,18556,3
-15799.691627816623,329,18650,3
-5702.735042735042,330,18673,3
-5328.519834568596,331,18706,3
-5246.7220279720295,332,18737,3
-4017.2310287751466,333,18753,3
-7547.652347652348,334,18778,3
-9026.731315425202,335,18830,3
-3367.514878482371,336,18849,3
-11709.7788756651,337,18914,3
3851.579531579533,338,18970,4
-9635.329077723327,339,19041,3
-6938.20707070707,340,19088,3
-10887.200486180935,341,19169,3
-5523.76984126984,342,19195,3
-5661.7738878768305,343,19240,3
-5126.248196248196,344,19268,3
-5008.760196846498,345,19292,3
-4130.754721929256,346,19319,3
-2797.606698856697,347,19410,4
-3243.7822969943713,348,19428,3
-10181.838397601334,349,19546,3
-2221.1969974469976,350,19561,3
-6279.527286439052,351,19607,3
-4541.421356421357,352,19633,3
-3079.730273811156,353,19668,3
-5001.284965034965,354,19689,3
-6340.187590187591,355,19726,3
-10932.67551892552,356,19782,3
-5371.845217046454,357,19810,3
-8408.201659451659,358,19851,3
-9257.599067599065,359,19893,3
-3814.7380315762666,360,19915,3
-3835.307368714876,361,19934,3
-5593.806193806195,362,19957,3
-2510.5301115461452,363,20073,4
-5147.878787878789,364,20106,3
-17002.539164267113,365,20230,3
-2118.7998276233566,366,20248,3
-830.3020616294601,367,20350,4
-9298.04917304917,368,20401,3
-8283.302808302806,369,20456,3
-6046.33749484949,370,20508,3
-9709.276973026974,371,20565,3
8175.660173160173,372,20596,4
-8211.669665903411,373,20669,3
-1793.7499999999998,374,20683,3
-4522.723599929481,375,20707,3
-7433.57414031206,376,20769,3
172.2169547036617,377,20861,4
-4042.7790604648185,378,20898,3
-4052.9414632065564,379,20915,3
-4547.6508776740975,380,20941,3
6429.752508413495,381,20963,4
-3222.691267066267,382,20980,3
-5223.767265954708,383,21010,3
-12288.634421134415,384,21116,3
-5913.130203130203,385,21155,3
-6284.56467809796,386,21180,3
-8332.045177045176,387,21226,3
-5126.147186147186,388,21257,3
-4804.363712268124,389,21275,3
-12502.534103967928,390,21355,3
-6477.337286896111,391,21402,3
-5721.597933370379,392,21439,3
-8559.235486735488,393,21487,3
-19480.698051948046,394,21607,3
-8041.812368488064,395,21651,3
-4782.940671019652,396,21676,3
-9852.844516594518,397,21732,3
-12962.721102426982,398,21811,3
-9862.738095238097,399,21855,3
-5779.491414158597,400,21893,3
-3047.7078477078485,401,21919,3
-8646.916157254376,402,21979,3
-7515.219633307869,403,22040,3
-2481.3005050505053,404,22054,3
-9306.723754186987,405,22124,3
-6773.8494838494835,406,22163,3
-6327.328577854894,407,22220,3
-5609.521679301091,408,22241,3
-6519.480519480519,409,22268,3
-8843.81549006549,410,22318,3
-4513.119784627137,411,22348,3
-7546.904198098085,412,22382,3
-4483.6351148851145,413,22415,3
-7709.108563065388,414,22482,3
-4549.967504330894,415,22510,3
-8266.145099095953,416,22575,3
6158.311900517786,417,22617,4
-3207.982654600302,418,22638,3
-2411.544705294705,419,22655,3
-6191.322998896528,420,22701,3
-4264.415584415585,421,22717,3
-7402.61637673024,422,22790,3
17560.96500721501,423,22897,6
-4890.095598845599,424,22925,3
6734.76170663814,425,23029,5
-5725.11173101924,426,23063,3
-7098.36446233505,427,23112,3
-7135.786435786435,428,23136,3
-8223.190004440003,429,23194,3
-7542.049617049617,430,23224,3
-11869.950384582738,431,23315,3
-20576.946028687515,432,23439,3
-8702.41910866911,433,23493,3
-7712.906884781884,434,23537,3
-4855.1365301365295,435,23565,3
-3886.582167832168,436,23594,3
-5476.683818146749,437,23638,3
-3966.053391053391,438,23655,3
-10181.61976911977,439,23731,3
-2709.228826728827,440,23764,3
-2903.0462592962594,441,23782,3
-5712.749716743525,442,23820,3
-17250.78427764186,443,23951,3
-5217.842002768474,444,23976,3
-3902.5875070921516,445,23998,3
-9491.09147796648,446,24110,4
-8565.582889332889,447,24163,3
-10441.45604395605,448,24232,3
-3698.2742257742257,449,24261,3
-4150.797569520413,450,24286,3
5961.434770939416,451,24331,4
6891.241182707903,452,24364,4
-4758.203850887675,453,24387,3
-5585.057239801821,454,24421,3
4358.853305277452,455,24478,4
-11328.701409314801,456,24548,3
-4584.292717086835,457,24582,3
-14952.272395432225,458,24678,3
-8184.362165612167,459,24725,3
-3850.547785547785,460,24752,3
-15591.514511871224,461,24859,3
-8681.209116820573,462,24930,3
-7530.506031636063,463,24981,3
-3578.288869068668,464,24998,3
-18547.083333333332,465,25097,3
-5402.919610059702,466,25131,3
-11943.044108669097,467,25237,3
-6585.808080808081,468,25280,3
-6376.2770562770565,469,25317,3
-11940.200220531102,470,25376,3
-4107.105394605394,471,25399,3
-1677.7866753989042,472,25427,3
3332.8991841491834,473,25495,4
4339.744446729739,474,25542,4
-10010.269522144521,475,25595,3
-6144.87870209426,476,25636,3
-4609.382769925593,477,25656,3
-5043.993506493507,478,25672,3
-621.3463501582753,479,25790,4
-3825.536595757185,480,25811,3
3112.905974314642,481,25851,4
-4874.899648854758,482,25880,3
-3274.3062645558775,483,25898,3
-5405.614961019372,484,25925,3
-4474.770465602509,485,25949,3
-12705.180375180375,486,26011,3
-5343.1165444033095,487,26048,3
-6924.455292598549,488,26095,3
5580.94769523562,489,26119,4
-7656.11983389847,490,26182,3
-9762.234208215246,491,26262,3
-4339.729559226464,492,26284,3
4971.190476190477,493,26306,4
-15081.101953601952,494,26404,3
7768.088786213786,495,26432,4
-4414.877622377622,496,26451,3
-7637.896423322118,497,26498,3
-4660.267821703581,498,26535,3
-4835.62002496987,499,26567,3
3360.090738509854,500,26611,4
-11824.865179969669,501,26705,3
-12885.349284087759,502,26832,3
-3322.9008491508503,503,26856,3
-10573.732532517362,504,26918,3
-5872.8561063119905,505,26953,3
-7018.787878787879,506,26992,3
-4299.810759739132,507,27016,3
-9786.658952502607,508,27084,3
-2360.4134835752484,509,27107,3
-4982.186739727123,510,27132,3
5535.378996003997,511,27172,4
-6509.4240112312855,512,27207,3
-9002.876342353899,513,27263,3
-7262.824912016088,514,27294,3
-5023.866272616272,515,27322,3
-5025.284541468836,516,27358,3
-3048.906926406926,517,27375,3
-3942.5425065130958,518,27402,3
-4924.0093790760775,519,27427,3
-11734.904188948305,520,27489,3
-8210.85516627186,521,27541,3
-11070.880918381663,522,27648,3
-8403.927763413058,523,27691,3
-12078.862942612943,524,27758,3
-4588.785483092758,525,27785,3
-6653.452380952381,526,27814,3
-8668.16385003885,527,27845,3
-7715.111942795768,528,27897,3
-8394.956122309064,529,27943,3
-8554.549397111314,530,28036,3
901.4343989343979,531,28089,4
-5407.82092907093,532,28119,3
3698.1696244931536,533,28155,4
-22672.927426759532,534,28348,3
-7285.116713142827,535,28400,3
-7501.239692754787,536,28446,3
-3783.8982566710897,537,28469,3
-5046.614855732503,538,28491,3
-6460.561803392685,539,28542,3
-5677.745333001157,540,28581,3
5630.057720057719,541,28628,4
-4734.739927899758,542,28655,3
5144.79790619261,543,28689,4
-8426.398544266189,544,28753,3
-10423.296802311897,545,28814,3
-4848.222749043182,546,28855,3
-8850.107808857809,547,28895,3
-11052.958152958154,548,28942,3
-8225.793072792585,549,28996,3
-6473.912125456242,550,29026,3
-8509.456881697592,551,29083,3
-7848.028841643393,552,29138,3
-5925.90132090132,553,29186,3
-6010.404502640538,554,29227,3
-20326.637319723624,555,29348,3
-7718.791477485364,556,29395,3
-7688.089419610319,557,29461,3
-5511.416334187416,558,29490,3
-9203.52603794554,559,29549,3
-10598.165168165167,560,29621,3
-4598.847000522697,561,29638,3
-6442.8417741566545,562,29680,3
-5103.449439912625,563,29701,3
-5772.5617068689835,564,29756,3
3668.5095932133563,565,29801,4
-5882.434563215757,566,29834,3
-7211.897963147963,567,29868,3
3775.5167742847807,568,29940,4
-19404.63475980504,569,30084,3
-6849.426840340825,570,30146,3
-6956.555111555111,571,30187,3
-9090.695970695971,572,30223,3
-13867.495378714555,573,30319,3
-7462.207930957929,574,30369,3
-3660.9193304414734,575,30403,3
-6695.505211377891,576,30437,3
5118.504759923526,577,30501,4
-7398.263032117521,578,30542,3
-3599.365849578698,579,30567,3
-7009.724650349651,580,30599,3
-3823.971247191061,581,30616,3
-6339.856934431237,582,30669,3
-20100.31963239494,583,30781,3
-8240.793826271767,584,30848,3
-20195.091187192575,585,30974,3
-8091.0607360046215,586,31022,3
-6257.109039910896,587,31063,3
-6195.119047619049,588,31090,3
-13076.892292878601,589,31195,3
-9792.014157153471,590,31275,3
-3719.7129912571086,591,31290,3
-3088.6967243731274,592,31305,3
-10271.028971028969,593,31356,3
-4901.065238318688,594,31388,3
-62.62800989000584,595,31447,4
-7346.197370591301,596,31499,3
-3730.9159167286107,597,31518,3
-7111.464861502148,598,31579,3
-9307.655639638999,599,31632,3
-12791.346153846152,600,31693,3
-4383.296703296705,601,31777,4
173.47538297615552,602,31838,4
-8300.860626301803,603,31881,3
363.3572400251958,604,31952,4
-11539.913836163838,605,32007,3
-5029.152547873522,606,32034,3
-6864.641828759475,607,32076,3
6912.293401043403,608,32113,4
-5022.496323121323,609,32150,3
-8809.634706109164,610,32197,3
-1584.0478965478967,611,32253,4
-7832.585159938101,612,32306,3
-5546.485862173304,613,32340,3
-6493.845119187359,614,32391,3
8724.972120028237,615,32419,4
-7298.103146853146,616,32463,3
-14561.020670076396,617,32565,3
-7575.959087352277,618,32610,3
-13764.279352183767,619,32696,3
-8050.793650793648,620,32733,3
-3074.335385976253,621,32754,3
-3627.451086495204,622,32769,3
-4421.068574743109,623,32804,3
-4328.405582420675,624,32822,3
-4339.4459706959715,625,32852,3
-7938.253959447847,626,32902,3
-6720.350625681508,627,32947,3
6398.357198357197,628,32969,4
-4041.2776316820436,629,32984,3
-4821.213415067904,630,33002,3
-17655.754245754248,631,33098,3
-9025.051712992888,632,33142,3
-8262.97619047619,633,33175,3
-7633.076923076924,634,33222,3
-5385.073676323677,635,33251,3
-17060.859969493868,636,33349,3
-7290.119047619047,637,33384,3
-10523.023643023644,638,33450,3
-6665.711233211232,639,33475,3
-7700.738705738706,640,33518,3
-4680.51615051615,641,33536,3
-19427.840507016204,642,33655,3
-4059.961655131934,643,33674,3
8321.448342893775,644,33702,4
-3643.893578042185,645,33719,3
-8202.380952380952,646,33760,3
9661.011904761905,647,33783,4
-5227.713311799998,648,33813,3
-7280.714285714286,649,33847,3
-14339.585218702863,650,33933,3
-6122.150541237228,651,33968,3
-5937.421328671328,652,33985,3
-9795.794483294489,653,34067,3
-5480.248640248641,654,34121,3
-5665.345800999826,655,34161,3
-4817.224246341894,656,34179,3
-12045.824738986505,657,34257,3
3820.9498834498845,658,34308,4
5531.470612720609,659,34354,4
-11811.642662892662,660,34422,3
-5410.063131313132,661,34456,3
-4928.996929927657,662,34476,3
-7080.8947996448005,663,34512,3
-7934.0734265734245,664,34565,3
-5675.450535876232,665,34592,3
-7074.466693437282,666,34648,3
-10711.750119720322,667,34706,3
-24609.34625015508,668,34861,3
-15331.75158175158,669,35025,4
-8234.321030276915,670,35072,3
-5008.762805313621,671,35112,3
-4675.926504051504,672,35135,3
-7678.838383838383,673,35179,3
-9350.418809132045,674,35223,3
-4034.460678210678,675,35250,3
-4349.798262453061,676,35274,3
-3508.4410075218902,677,35285,3
-9955.206761332922,678,35342,3
-6301.070864764751,679,35370,3
-3977.998934330203,680,35413,3
-6479.214119214119,681,35459,3
-3562.978687978688,682,35474,3
5825.241425241426,683,35513,4
-13977.182539682535,684,35583,3
-18830.87451763923,685,35700,3
-4061.3110552158546,686,35723,3
-6770.529609279609,687,35759,3
-7285.385953915367,688,35805,3
-13671.9696969697,689,35874,3
-8774.143928658501,690,35948,3
13580.584415584424,691,36012,5
-10665.629509379509,692,36129,4
-5242.443044571528,693,36159,3
-9035.714285714286,694,36209,3
3009.6470364001334,695,36250,4
-7031.338661338661,696,36284,3
-6724.363193995547,697,36321,3
-13030.48245055598,698,36418,3
-6706.796536796537,699,36455,3
17379.700577200576,700,36490,5
-23571.56385281385,701,36600,3
-2739.6988718196158,702,36715,4
-6586.388611388611,703,36762,3
6960.6671514759755,704,36790,4
-7974.869158619161,705,36831,3
-4602.379386609263,706,36871,3
7080.8940242763765,707,36900,4
-18948.713509787434,708,37006,3
-7795.836754834434,709,37077,3
1866.2995337995326,710,37137,4
11862.73088023088,711,37225,5
-11412.104562104563,712,37297,3
-9992.094180329474,713,37359,3
-5144.134435825613,714,37380,3
-7851.74062049062,715,37421,3
-11470.163726881994,716,37530,3
-5585.754912012651,717,37570,3
-3942.1717171717173,718,37592,3
-6810.599633209928,719,37637,3
-7732.081131372925,720,37677,3
-4848.055075056858,721,37702,3
-6186.019584131039,722,37747,3
-6388.970768870084,723,37870,4
-3478.0942576085768,724,37895,3
-6274.958374958375,725,37928,3
-7947.793228163232,726,37994,3
-7353.975054340597,727,38048,3
-4203.628871128871,728,38080,3
4748.333333333334,729,38181,5
-6694.066350316351,730,38217,3
5862.958152958149,731,38272,4
-4376.580017205017,732,38293,3
-7382.857142857143,733,38325,3
-3044.4234809308336,734,38340,3
9691.771708683473,735,38359,4
-6057.011855673603,736,38396,3
-16158.799305269893,737,38490,3
-5057.804695304695,738,38519,3
-3646.796708193767,739,38537,3
-7983.928571428572,740,38584,3
-8442.424242424244,741,38627,3
7951.890352294768,742,38652,4
-7399.653251160605,743,38691,3
-5762.529137529138,744,38727,3
4056.984604018273,745,38791,4
-4305.059523809524,746,38815,3
1518.221899574456,747,38895,4
-20395.097843333137,748,39030,3
-6440.429570429571,749,39065,3
-5943.333333333334,750,39093,3
-4151.559191330274,751,39111,3
2871.8240093240092,752,39165,4
-3102.1825396825398,753,39181,3
-2281.747419247419,754,39197,3
-17305.32051282051,755,39294,3
-3038.7012987012986,756,39309,3
-5100.122149092737,757,39338,3
-8065.0675713175715,758,39384,3
7082.380952380953,759,39406,4
-6700.40322696291,760,39442,3
-5325.186739727123,761,39469,3
3873.042948623446,762,39529,4
-3320.7400932400933,763,39547,3
-7047.888334351521,764,39583,3
-2377.0654944900284,765,39664,4
-7871.232513401632,766,39729,3
6311.920202260762,767,39789,4
-4637.35704762214,768,39808,3
7189.248251748252,769,39832,4
-2309.13752913753,770,39857,3
-4196.345349248499,771,39891,3
-12382.042385718856,772,39975,3
-4604.313033028203,773,40002,3
10604.285714285714,774,40070,5
-10445.202297702299,775,40196,4
-3031.0822510822513,776,40211,3
-6580.398458610533,777,40239,3
8725.029933301994,778,40271,4
-7797.8937728937735,779,40305,3
-6425.160011557069,780,40352,3
-3105.1675367116545,781,40364,3
-16083.846153846152,782,40455,3
-5522.200123755263,783,40484,3
19774.215503095937,784,40508,5
-3653.968253968254,785,40524,3
-4207.577051431541,786,40538,3
-5854.497585747586,787,40590,3
-10265.071215549156,788,40630,3
1628.2273282273286,789,40708,4
-5608.270250990839,790,40829,4
-11401.612554112555,791,40896,3
-7658.560606060605,792,40938,3
-12543.67589110236,793,41015,3
4585.833333333332,794,41058,4
-6451.269841269841,795,41091,3
-4525.0322594072595,796,41111,3
-10530.181509666803,797,41168,3
-7553.0662457597455,798,41226,3
-16486.977621836362,799,41334,3
-6068.406880786912,800,41356,3
-8237.76223776224,801,41417,3
-10076.509960627609,802,41469,3
-4485.714320047895,803,41494,3
-14321.60506160506,804,41637,4
-8702.813852813855,805,41698,3
-18590.062236095517,806,41816,3
-4842.619047619048,807,41840,3
-3835.596829640947,808,41853,3
-4313.2341188223545,809,41882,3
-8835.99206349206,810,41928,3
-4900.795623365282,811,41961,3
-10240.71789729878,812,42012,3
-3848.9776889776886,813,42028,3
-2720.814555671367,814,42108,4
-6980.6547619047615,815,42140,3
-3969.7505313314136,816,42156,3
-9240.602175602176,817,42192,3
-8796.849062147303,818,42264,3
-5157.541486291486,819,42289,3
-3624.415584415585,820,42305,3
-3877.436520522821,821,42321,3
-3191.9031344435166,822,42334,3
-5495.654761904762,823,42358,3
-8717.68759018759,824,42409,3
-2903.4523809523807,825,42427,3
-5393.548772563865,826,42456,3
-5200.889465679697,827,42487,3
-7326.674795792443,828,42529,3
-4541.8650793650795,829,42556,3
7806.74291308966,830,42575,4
-2629.528386345337,831,42606,3
-13522.444203225768,832,42730,3
-22211.07009004068,833,42826,3
-5404.418305292919,834,42863,3
-4773.465027619439,835,42887,3
-6353.2856032856025,836,42921,3
-4763.961088361243,837,42949,3
-6356.335204183501,838,42983,3
-7456.774679568798,839,43032,3
-3079.519438894439,840,43041,3
-7299.16064327829,841,43075,3
332.8968253968244,842,43138,4
8554.366813741814,843,43174,4
-10068.806471306474,844,43235,3
5788.149881693142,845,43257,4
-4856.363636363636,846,43279,3
-5883.4857699060485,847,43321,3
-16642.45823620823,848,43434,3
-9677.148522851343,849,43510,3
-6862.36257292759,850,43569,3
-11121.82732624983,851,43644,3
-5138.806444077526,852,43666,3
-23134.618298368296,853,43803,3
-3291.645854145854,854,43831,3
-4551.101472057355,855,43863,3
-1963.8740980381851,856,43959,4
-5364.571236941592,857,43995,3
-3106.2099017888827,858,44006,3
-3020.098443223443,859,44028,3
-17184.285714285714,860,44131,3
-3487.7855477855483,861,44150,3
-16141.698966882796,862,44241,3
-22339.06911307648,863,44377,3
-8070.961215641943,864,44412,3
-10468.511799732778,865,44491,3
-23965.485041918866,866,44649,3
-11695.146952720484,867,44717,3
-15207.678571428576,868,44789,3
-4697.6506690166,869,44815,3
-4313.447494099281,870,44835,3
1196.9047619047635,871,44877,4
-1137.4286824286824,872,44891,3
-7903.933982683982,873,44924,3
-9252.476018563479,874,44992,3
-6087.052947052947,875,45018,3
-5029.96773930404,876,45045,3
-6464.549030007101,877,45106,3
-8871.12974577583,878,45158,3
-7431.038802313956,879,45200,3
-5230.0,880,45227,3
-5606.083892887299,881,45274,3
-6573.172071484177,882,45327,3
8378.328111946534,883,45397,5
-4891.600564468212,884,45430,3
-6617.896825396824,885,45457,3
-2864.0809603193507,886,45469,3
-15202.346264846261,887,45572,3
-6660.135807819631,888,45623,3
4771.379062114356,889,45663,4
-6802.869367045063,890,45702,3
-3916.674038036267,891,45729,3
189.98298678445917,892,45831,4
-7705.834519367801,893,45865,3
-8880.080873404875,894,45933,3
5989.808950572914,895,45979,4
-11223.45238095238,896,46029,3
-5547.529137529138,897,46060,3
-23954.824481074458,898,46293,4
-1087.7758380680166,899,46379,4
-3878.1313131313127,900,46404,3
-3024.7316460629154,901,46431,3
-14600.109626785325,902,46526,3
-11508.5927960928,903,46587,3
-4490.687645687645,904,46606,3
-11810.77922077922,905,46672,3
-11938.874458874458,906,46745,3
-4125.306157307941,907,46762,3
-6573.791208791208,908,46788,3
-6508.480135061018,909,46822,3
-26504.517010767013,910,46960,3
-2759.1162881236414,911,46970,3
8581.460863053355,912,46985,4
-13130.889110889113,913,47126,4
-8934.29361272094,914,47189,3
16040.535714285714,915,47218,5
2544.432333017858,916,47338,5
5649.443277310925,917,47379,4
-4347.009657009657,918,47407,3
-5345.939754689755,919,47432,3
-7534.9932012432,920,47466,3
-18579.53693365458,921,47590,3
-6082.666360538549,922,47624,3
-8816.964285714284,923,47661,3
-7351.141358641357,924,47713,3
5407.5,925,47793,5
-9839.323242117362,926,47859,3
-9024.285714285714,927,47909,3
-5876.4474414474425,928,47945,3
-20467.220426632208,929,48085,3
-3904.2508711170376,930,48107,3
-3304.1491841491843,931,48127,3
-5210.8954538753305,932,48164,3
-7287.447927889105,933,48201,3
-9023.60805860806,934,48240,3
-12078.869047619048,935,48293,3
-5080.975289293198,936,48328,3
-5081.422232448531,937,48368,3
-6156.375215341934,938,48413,3
4412.165839836118,939,48476,4
-4544.725547285532,940,48504,3
-14389.618132389214,941,48576,3
-7477.5341325341315,942,48618,3
-5355.674837830243,943,48658,3
-8924.05699048114,944,48716,3
3810.60606060606,945,48747,4
-21087.592893217894,946,48868,3
-5250.273231240723,947,48896,3
-2496.5512265512266,948,48908,3
-11712.9329004329,949,48957,3
-3683.8665298447236,950,48979,3
-10837.436868686867,951,49036,3
-25047.974802974797,952,49164,3
-6275.586775625475,953,49216,3
-9718.729603729602,954,49289,3
-7163.82979765333,955,49464,5
-1730.4555062091404,956,49535,4
-262.89495892824266,957,49608,4
-5669.417388167389,958,49637,3
-3974.167777246758,959,49653,3
-12163.921911421909,960,49721,3
-13553.294483294485,961,49812,3
-7630.858585858588,962,49861,3
-11837.936867054514,963,49941,3
-8863.3635166153,964,50000,3
-9580.912698412698,965,50049,3
-4609.955077503149,966,50085,3
-5235.951817145702,967,50104,3
-6639.084526584527,968,50135,3
-22879.421011994546,969,50430,5
-1003.3333333333334,970,50497,4
-19599.828766005237,971,50675,4
-3838.103367221014,972,50687,3
-10221.911536176245,973,50765,3
-3675.8094824851787,974,50780,3
-5652.88961038961,975,50812,3
-20908.045288045298,976,50967,3
-5034.309053949147,977,50993,3
-1899.9213286713275,978,51064,4
-6584.716506403813,979,51101,3
-7088.877372627373,980,51139,3
-3928.8587012832368,981,51159,3
-609.8812298812297,982,51178,3
-2999.6038361363435,983,51190,3
-9368.693944943947,984,51239,3
-4800.549348060368,985,51269,3
-9514.263102601992,986,51350,3
-3920.9333349268404,987,51368,3
-2315.8884948078626,988,51449,4
-5295.13542013542,989,51478,3
16156.111111111113,990,51517,5
-4156.916334187417,991,51534,3
-1728.533966033966,992,51549,3
-961.7857142857142,993,51563,3
-8097.01530667475,994,51621,3
2900.9915596099795,995,51682,4
-3667.2379458776513,996,51700,3
-16462.5,997,51783,3
-20987.238455988456,998,51880,3
-5199.491480741482,999,51908,3
-16099.484126984127,1000,51980,3
-9073.53888951606,1001,52044,3
-5193.633662238959,1002,52075,3
-5104.19135538524,1003,52098,3
-4990.200309432794,1004,52117,3
-4674.1397094048025,1005,52142,3
-3999.431818181818,1006,52165,3
-10404.590446318387,1007,52212,3
-3422.9308024277066,1008,52224,3
-9955.555555555553,1009,52272,3
-6706.814408277594,1010,52310,3
-11013.415742109624,1011,52365,3
-7382.887570058454,1012,52431,3
-7533.412698412697,1013,52477,3
-3795.021645021645,1014,52495,3
-3793.7801903978375,1015,52530,3
-8012.046980796979,1016,52574,3
-2030.8649193943304,1017,52668,4
-4874.761904761905,1018,52689,3
-10654.6253465373,1019,52748,3
-7081.012843365786,1020,52800,3
-7856.025918525918,1021,52831,3
-763.8962508080156,1022,52843,3
-35200.95071595074,1023,53055,3
-9070.48174048174,1024,53114,3
-17013.65981240982,1025,53208,3
-6933.433725717006,1026,53236,3
-7747.734903984905,1027,53276,3
-14008.035805783482,1028,53352,3
-1574.6428571428569,1029,53367,3
-5150.520313020313,1030,53382,3
-7559.603396689309,1031,53419,3
-8526.463813963814,1032,53468,3
7032.857142857143,1033,53490,4
-13316.574675324677,1034,53552,3
-4241.0223110223105,1035,53580,3
-22424.71626412803,1036,53717,3
-6923.582806082807,1037,53838,4
-16975.8325008325,1038,53915,3
-4569.869623840212,1039,53952,3
-7985.839285478958,1040,54014,3
-5592.768278762861,1041,54057,3
-3773.5181485181483,1042,54078,3
-6053.608058608058,1043,54099,3
5649.498058980998,1044,54170,4
-2935.6529057457847,1045,54201,3
10113.11587793012,1046,54270,5
-4125.624375624376,1047,54284,3
-3359.902597402597,1048,54298,3
4544.68660317151,1049,54335,4
-17642.57187257187,1050,54421,3
-5570.967365967366,1051,54457,3
-4768.952518070166,1052,54479,3
-8005.133028306404,1053,54531,3
-6581.170300287945,1054,54657,4
-5295.487012987012,1055,54689,3
-4081.082251082251,1056,54710,3
-5428.5028696793415,1057,54742,3
-10257.887737262736,1058,54798,3
-5069.4577288037035,1059,54818,3
6449.70356032856,1060,54848,4
-4310.272550563808,1061,54872,3
-2757.398851148851,1062,54883,3
-2735.6962481962482,1063,54895,3
10200.09269389881,1064,54984,5
-4398.755411255412,1065,55009,3
399.06515053573685,1066,55073,4
-3643.4512015762016,1067,55099,3
-20410.015721507596,1068,55295,4
-4867.055713249599,1069,55312,3
-20906.03732675133,1070,55415,3
-10379.464285714283,1071,55467,3
-6260.50144708233,1072,55496,3
-6959.531938649585,1073,55527,3
-4027.238000003093,1074,55543,3
-4704.320454657141,1075,55567,3
-11071.51875901876,1076,55626,3
-9795.49617049617,1077,55674,3
-2586.233488733489,1078,55688,3
-11434.593739593744,1079,55764,3
-3426.3386613386615,1080,55774,3
-3943.989898989899,1081,55794,3
-13998.333333333334,1082,55854,3
-6663.717769158945,1083,55883,3
-4097.389081506729,1084,55898,3
-10983.200880646702,1085,55986,3
-1891.7060717060715,1086,56005,3
4606.772713870237,1087,56067,4
-3459.4606782106785,1088,56088,3
-8916.611197325208,1089,56208,4
-7245.761965932245,1090,56255,3
3134.783287318117,1091,56304,4
-5610.292517939577,1092,56343,3
697.5457181707156,1093,56436,4
-3019.3445769916357,1094,56449,3
4964.3452380952385,1095,56548,5
8623.695887445887,1096,56615,5
-8758.599733599734,1097,56663,3
-8146.329365079366,1098,56706,3
-6588.9285714285725,1099,56744,3
-4587.169558382793,1100,56767,3
11900.521145521145,1101,56785,4
-12518.769038409131,1102,56853,3
2659.04428904429,1103,56910,4
-26442.08333333331,1104,57040,3
-2227.938722335683,1105,57130,4
-4752.527195027195,1106,57224,4
-7194.974053724053,1107,57321,4
-19700.4857846402,1108,57418,3
-3654.7161172161173,1109,57452,3
-11581.016206016206,1110,57519,3
-7874.494949494951,1111,57579,3
-2514.0458152958154,1112,57591,3
-12559.689754689754,1113,57641,3
-4075.7031857031857,1114,57667,3
-8885.678071928072,1115,57719,3
-9035.93808968809,1116,57775,3
-5982.08479020979,1117,57802,3
-2362.536075036075,1118,57818,3
-7654.1215728715715,1119,57938,4
-2918.5250044073573,1120,57956,3
-13804.778138528143,1121,58032,3
-13138.588286713286,1122,58117,3
-6869.841269841269,1123,58152,3
-400.81594379842915,1124,58214,4
-5304.949494949495,1125,58248,3
-12217.820582195582,1126,58311,3
-4918.905677655677,1127,58327,3
-4032.314907314907,1128,58348,3
1135.5645743145747,1129,58388,4
-4970.1855089355095,1130,58417,3
-4085.813492063492,1131,58439,3
-4196.612276612277,1132,58473,3
-22350.41167166167,1133,58595,3
-7176.0284160284145,1134,58638,3
-4469.195804195804,1135,58653,3
4397.208902208901,1136,58712,4
-1861.4834430275605,1137,58804,4
-9623.511904761905,1138,58851,3
16372.991452991457,1139,58905,5
1077.21215467539,1140,58978,4
-16105.547230547232,1141,59060,3
-7810.436507936507,1142,59098,3
-5053.210678210678,1143,59126,3
-10095.555555555555,1144,59184,3
-5219.883771162206,1145,59208,3
-4757.997557997558,1146,59229,3
-3731.601731601732,1147,59252,3
-8633.772774082456,1148,59297,3
-1453.013653013653,1149,59320,3
-23042.50457875457,1150,59514,4
-7265.914224664223,1151,59549,3
-3291.1348945172467,1152,59571,3
-720.9032797268092,1153,59593,3
-2990.5806693306695,1154,59606,3
-3696.087246087246,1155,59632,3
-5944.220779220779,1156,59662,3
-3969.7505313314136,1157,59678,3
-7282.643161791769,1158,59719,3
-12151.355866355863,1159,59825,4
-6140.555555555557,1160,59862,3
-5154.127122877123,1161,59885,3
-1605.0366300366322,1162,59947,4
-15154.401154401152,1163,60011,3
19623.690476190477,1164,60029,5
-3645.6580751549795,1165,60043,3
14032.550227550231,1166,60119,5
-8898.79127408539,1167,60174,3
-7043.398268398269,1168,60213,3
-2363.757076257078,1169,60368,5
-14264.880952380954,1170,60431,3
-3265.28131311413,1171,60448,3
17427.83189033189,1172,60487,5
-12911.803613053611,1173,60624,4
-3466.8560606060605,1174,60644,3
-5516.303710479407,1175,60665,3
-4403.679168054168,1176,60700,3
-12556.666666666668,1177,60770,3
5745.142912642913,1178,60896,5
-6895.9273451436775,1179,60934,3
-1672.8246753246754,1180,60950,3
5313.869463869465,1181,60997,4
-6272.45670995671,1182,61033,3
-26436.530136530142,1183,61169,3
12763.042235542234,1184,61243,5
-20624.98033828916,1185,61429,4
-15961.027138710964,1186,61499,3
-7712.010212010211,1187,61677,5
-2954.859135962077,1188,61707,3
-15037.94664485841,1189,61850,4
-2301.9327885736557,1190,61875,3
19546.76767676768,1191,61915,5
-10138.046328671328,1192,61961,3
-4845.548344629227,1193,61995,3
-12355.29401154401,1194,62054,3
-1524.7669139426116,1195,62124,4
-14416.072816072816,1196,62199,3
-10971.365440115442,1197,62256,3
-205.976123120088,1198,62350,4
-10523.809523809525,1199,62400,3
-3006.747419247419,1200,62426,3
-14644.876789876786,1201,62593,4
-3514.9763108838183,1202,62608,3
-7588.432400932401,1203,62657,3
-3610.692640692641,1204,62679,3
-9366.289682539682,1205,62716,3
2728.529813839412,1206,62787,4
19288.69047619048,1207,62810,5
63.7842712842712,1208,62822,3
5483.520923520924,1209,62872,4
-7455.896395271396,1210,62990,4
-556.3404528478047,1211,63047,4
7166.948264154145,1212,63090,4
-948.7554112554114,1213,63110,3
-3850.937452640239,1214,63200,4
-7234.148312072158,1215,63259,3
15140.807664557662,1216,63323,5
-7009.621212121212,1217,63363,3
-17005.926349192603,1218,63457,3
-7696.33952863442,1219,63517,3
-1132.5185925185926,1220,63531,3
1428.678198091899,1221,63576,4
-17707.22763347764,1222,63661,3
-1655.5155955155951,1223,63684,3
-15668.227119242985,1224,63796,3
4929.246598989246,1225,63848,4
-1639.7041847041849,1226,63872,3
-22997.38956906526,1227,63993,3
5122.853812853814,1228,64044,4
-18322.323232323237,1229,64127,3
-8699.661727161729,1230,64168,3
-1447.7466977466972,1231,64242,4
-7148.89091300856,1232,64281,3
-11995.575236596907,1233,64353,3
-8715.714285714286,1234,64391,3
-8640.223732665683,1235,64441,3
-1515.7261488511488,1236,64454,3
-2989.6103896103896,1237,64468,3
-3692.7672327672326,1238,64481,3
-14402.135642135647,1239,64605,4
-4469.08757908758,1240,64627,3
-3317.557303807304,1241,64643,3
-7674.004884004885,1242,64681,3
20901.42857142857,1243,64704,5
8269.21273171273,1244,64751,4
878.6904761904739,1245,64805,4
-4524.180546835346,1246,64830,3
-24587.999647411416,1247,64954,3
-6069.322344322344,1248,64975,3
-3395.739676989677,1249,64987,3
234.14857609710543,1250,65081,4
-2687.9431679431677,1251,65107,3
14589.161532911532,1252,65185,5
-12178.770296396073,1253,65327,4
467.3160173160172,1254,65338,3
-4012.802197802198,1255,65360,3
-3952.1924231599155,1256,65381,3
-12976.190476190477,1257,65444,3
-4222.440476190476,1258,65463,3
227.80330264850488,1259,65537,4
-6993.0429292929275,1260,65645,4
-3369.6980103230103,1261,65656,3
4030.483405483409,1262,65709,4
11227.455771782395,1263,65728,4
-5960.642690642691,1264,65754,3
-7615.492424242425,1265,65848,4
-5046.666666666667,1266,65874,3
-8907.085137085138,1267,65914,3
-5716.2770562770565,1268,65944,3
4053.899988899989,1269,65993,4
14580.820013320013,1270,66053,5
-12325.28971028971,1271,66113,3
-3609.2676767676758,1272,66187,4
7377.248364380717,1273,66209,4
-4934.285714285714,1274,66229,3
-2332.142857142857,1275,66243,3
5250.705544455544,1276,66263,4
-3073.0169830169834,1277,66279,3
-14615.274725274727,1278,66339,3
-7608.214285714286,1279,66366,3
-1762.8246753246754,1280,66383,3
-6141.701256260079,1281,66426,3
-9197.748917748919,1282,66473,3
4425.796287046288,1283,66525,4
-10616.277056277057,1284,66581,3
-7363.042789254088,1285,66646,3
-3496.810411810412,1286,66664,3
-13851.844821844821,1287,66738,3
1140.1911976911988,1288,66828,4
276.2931512931518,1289,66889,4
-3350.12987012987,1290,66902,3
-9389.880952380952,1291,66957,3
-10922.116633366632,1292,67071,4
-8585.255022755024,1293,67123,3
-6788.080808080807,1294,67157,3
2504.0927128427134,1295,67215,4
9239.315104829811,1296,67252,4
-8660.541958041958,1297,67315,3
-7085.849709930593,1298,67353,3
7132.1803931362765,1299,67401,4
-4878.924894549894,1300,67430,3
-9624.285714285714,1301,67468,3
-3104.1958041958046,1302,67479,3
276.78571428571433,1303,67497,3
-3137.321428571429,1304,67516,3
-959.9205124940413,1305,67593,4
-6736.482683982684,1306,67673,4
-4735.424379542026,1307,67700,3
4558.730158730159,1308,67737,4
-9047.516788766789,1309,67774,3
-4030.1190476190477,1310,67795,3
1611.4003995660323,1311,67889,4
5813.219696969698,1312,67923,4
11754.107142857143,1313,67983,5
4857.224303474304,1314,68025,4
-2488.9199689199686,1315,68042,3
-1425.7950382950385,1316,68062,3
1140.3413253413255,1317,68114,4
-16595.954600954603,1318,68274,4
160.16221523574484,1319,68332,4
-3225.3384947096247,1320,68346,3
-9587.738095238097,1321,68386,3
-4382.857142857143,1322,68404,3
8491.292131071541,1323,68439,4
15339.864718614715,1324,68467,5
10168.382450882451,1325,68555,5
-8668.592796092795,1326,68594,3
4886.913780663785,1327,68634,4
810.409663865546,1328,68701,4
-7322.255244755245,1329,68731,3
1378.2467532467545,1330,68777,4
-2346.607142857143,1331,68790,3
-3307.142857142857,1332,68813,3
-1622.0761183261184,1333,68828,3
6962.2817460317465,1334,68919,5
-12008.00636863137,1335,69043,4
-8458.843393019088,1336,69080,3
-3658.0788416725286,1337,69097,3
-12996.353646353647,1338,69143,3
2417.081252081251,1339,69250,5
-4575.206203110614,1340,69263,3
-7045.661976911977,1341,69306,3
-31232.729076479074,1342,69442,3
1574.238816738818,1343,69489,4
-3211.8849900099904,1344,69508,3
-5841.691919191919,1345,69537,3
-6931.785714285715,1346,69570,3
3375.0793650793657,1347,69618,4
-3012.7370816747757,1348,69650,3
5694.21522921523,1349,69667,4
-15328.373015873012,1350,69734,3
-5499.783549783549,1351,69759,3
-2097.22360972361,1352,69774,3
18346.0458985459,1353,69828,5
-23652.46031746031,1354,69946,3
142.2619047619046,1355,69960,3
3262.358752358753,1356,70026,4
8943.470418470419,1357,70042,4
-8427.009657009658,1358,70088,3
11806.355025693263,1359,70176,5
17092.386363636364,1360,70222,5
7979.141312119253,1361,70260,4
-12831.296203796204,1362,70339,3
1120.521284271289,1363,70413,4
-17362.030857644244,1364,70523,3
-2676.3844633963427,1365,70535,3
-23527.92766787735,1366,70709,3
-8256.222229567818,1367,70765,3
19930.30303030303,1368,70804,5
12048.035714285714,1369,70853,5
-2514.5959595959594,1370,70866,3
-1168.1922244422244,1371,70882,3
-10359.047619047617,1372,70929,3
-3038.0280836070647,1373,70941,3
-6637.985148021913,1374,70973,3
-1712.7777777777778,1375,70983,3
-3772.3629148629147,1376,71001,3
16220.227272727272,1377,71048,5
244.2073204573204,1378,71066,3
-9353.027389277388,1379,71110,3
-442.1428571428571,1380,71120,3
-4256.574112162347,1381,71147,3
10107.77777777778,1382,71170,4
-292.1428571428571,1383,71181,3
-2472.4603174603176,1384,71195,3
4131.824694800867,1385,71260,4
3273.1311755876977,1386,71308,4
6669.692577374465,1387,71348,4
10778.719786592314,1388,71395,4
-6842.258297258297,1389,71435,3
-249.88122988122961,1390,71448,3
-2656.6017316017314,1391,71470,3
19780.53085803086,1392,71525,5
-1004.6428571428571,1393,71537,3
-2097.31240981241,1394,71559,3
-3450.714285714286,1395,71577,3
-12672.783189033193,1396,71649,3
-7274.997086247086,1397,71688,3
-3227.256216006216,1398,71711,3
2068.8519813519806,1399,71771,4
-244.780774780775,1400,71784,3
2536.5656565656554,1401,71849,4
-5844.721658415544,1402,71871,3
-5795.470377146074,1403,71898,3
7539.960594960596,1404,71922,4
-2046.1309523809525,1405,71932,3
-8375.633116883117,1406,71982,3
3010.5460715754843,1407,72038,4
3303.3510933510925,1408,72096,4
-6305.714285714286,1409,72126,3
-2914.276695526695,1410,72141,3
2905.7437701187705,1411,72198,4
-4948.451817145702,1412,72213,3
-3009.1000857176655,1413,72224,3
-4702.260893775986,1414,72243,3
-2779.303751803752,1415,72264,3
829.0309690309689,1416,72327,4
-3873.1826030007146,1417,72349,3
-5879.365079365079,1418,72369,3
-2864.3434343434346,1419,72395,3
673.7092804855945,1420,72466,4
-8001.865931625995,1421,72523,3
-9599.484126984127,1422,72569,3
-5909.984109028225,1423,72590,3
19169.96947496948,1424,72616,5
-4868.568098568098,1425,72646,3
-8647.532968773648,1426,72715,3
-4468.671328671329,1427,72727,3
-4915.646314469843,1428,72765,3
4769.566544566545,1429,72805,4
-682.1428571428571,1430,72820,3
-5752.129745254746,1431,72867,3
2930.9740259740274,1432,72922,4
18376.36151967227,1433,72977,5
-5187.456154956156,1434,73012,3
-7264.464285714286,1435,73054,3
-5195.103785103785,1436,73085,3
8282.261904761906,1437,73111,4
-1068.4397546897549,1438,73122,3
-5917.565073815073,1439,73146,3
-6523.734598734599,1440,73167,3
-453.9065101565102,1441,73180,3
-5470.006096844332,1442,73220,3
-10445.446375519907,1443,73291,3
-3923.2137347946173,1444,73306,3
-5824.415584415584,1445,73330,3
-7054.668109668111,1446,73365,3
-2889.894827394827,1447,73391,3
-16553.27339327339,1448,73498,3
-13621.110160264574,1449,73580,3
12723.650793650793,1450,73598,4
-5115.401265401265,1451,73611,3
-2745.595238095238,1452,73623,3
-3781.9913419913423,1453,73641,3
-7762.503607503608,1454,73678,3
-5653.200133200134,1455,73710,3
-3545.9523809523807,1456,73723,3
-10531.382783882784,1457,73789,3
19658.29365079365,1458,73820,5
-3629.7786906804777,1459,73836,3
2227.0723026973023,1460,73894,4
-1442.6757964257965,1461,73905,3
-3072.5468975468975,1462,73925,3
8241.976728122241,1463,73962,4
-3353.648851148851,1464,73979,3
37798.53313353312,1465,74048,7
28172.397534311236,1466,74106,6
-9734.279708453552,1467,74185,3
2521.6015928515926,1468,74225,4
-3399.2590003735518,1469,74262,3
10251.174562022085,1470,74297,4
-2467.023809523809,1471,74312,3
-6123.259379509379,1472,74338,3
345.55555555555566,1473,74348,3
-8217.932067932068,1474,74389,3
-362.42784992785005,1475,74401,3
-3839.5090622741554,1476,74416,3
-494.6428571428571,1477,74427,3
-3797.2650266400265,1478,74438,3
-5082.971472971472,1479,74459,3
-4026.3313075813076,1480,74474,3
-2718.8852813852814,1481,74484,3
-7420.203823953824,1482,74516,3
-2744.6907080389883,1483,74526,3
10200.714285714284,1484,74545,4
10474.470175722114,1485,74569,4
9125.07437007437,1486,74606,4
-4030.441919191919,1487,74626,3
-1605.6257794493085,1488,74646,3
-2733.8888888888887,1489,74661,3
-8174.285714285715,1490,74706,3
-3869.020979020979,1491,74730,3
5871.904761904762,1492,74759,4
-1227.6785714285713,1493,74770,3
-2252.6064213564214,1494,74785,3
7075.714285714284,1495,74814,4
-1609.0462315462314,1496,74836,3
5058.869047619049,1497,74873,4
-4764.446582828936,1498,74903,3
-8072.20238095238,1499,74937,3
-3664.000182823712,1500,74990,3
-3771.171328671329,1501,75001,3
-5266.194638694638,1502,75051,3
26626.32991599903,1503,75119,6
-3741.0714285714284,1504,75146,3
11477.997936016509,1505,75174,4
-7491.460761460761,1506,75213,3
-2654.329559329558,1507,75303,4
-4563.968811760995,1508,75342,3
21293.377733377733,1509,75376,5
-5950.15873015873,1510,75403,3
-1465.6759906759908,1511,75414,3
-2458.5714285714284,1512,75428,3
30648.206793206795,1513,75489,6
-4258.671328671329,1514,75500,3
-914.6428571428571,1515,75514,3
-9485.75036075036,1516,75565,3
-3073.035714285714,1517,75582,3
-3810.165945165945,1518,75606,3
-1642.299367299367,1519,75627,3
-2150.428737928738,1520,75641,3
-3640.8105783105784,1521,75660,3
-3038.4326262402883,1522,75676,3
8388.92857142857,1523,75700,4
-3457.6785714285716,1524,75722,3
-1790.7142857142858,1525,75736,3
-2469.7225270000035,1526,75753,3
9802.102867462774,1527,75771,4
8984.931457431458,1528,75788,4
-6805.246224363871,1529,75816,3
-3797.2650266400265,1530,75827,3
-7777.175562440655,1531,75866,3
-10995.858585858585,1532,75919,3
-5542.857142857143,1533,75949,3
13631.617549117549,1534,76030,5
315.8330558330563,1535,76046,3
-2172.6461038961043,1536,76056,3
8039.786104418457,1537,76102,4
19025.420678178034,1538,76179,5
-3175.7864357864355,1539,76265,4
-2846.2605821680904,1540,76276,3
20880.783105783103,1541,76312,5
-473.4798539094218,1542,76385,4
-4461.618242868243,1543,76423,3
-8335.546328671328,1544,76461,3
-10706.060565251744,1545,76528,3
6135.880230880234,1546,76566,4
4584.04241183653,1547,76628,4
-2961.8217893217893,1548,76645,3
-3597.0708335781865,1549,76660,3
-1671.056721056721,1550,76688,3
5478.387307137306,1551,76727,4
-1530.410977910978,1552,76749,3
8469.511183261186,1553,76788,4
6257.747113997115,1554,76828,4
-3638.103367221014,1555,76839,3
-3091.7743408552233,1556,76849,3
-691.1235509416647,1557,76986,4
-8647.88073038073,1558,77031,3
-2790.2362914862915,1559,77046,3
-894.3452380952378,1560,77058,3
8404.10043774595,1561,77073,4
-2723.896103896104,1562,77088,3
-3705.9535704233845,1563,77103,3
-3638.103367221014,1564,77114,3
-475.01144688644695,1565,77125,3
-2967.0939155014235,1566,77135,3
-4591.428571428572,1567,77159,3
-4118.863636363636,1568,77171,3
1866.341991341993,1569,77225,4
-3205.7084723841685,1570,77236,3
-6306.713352007469,1571,77280,3
-1679.6428571428569,1572,77294,3
4606.4835164835185,1573,77336,4
-7578.758047508048,1574,77384,3
-6660.058275058275,1575,77420,3
-2273.7334887334887,1576,77432,3
-1832.0912747383334,1577,77465,3
-1758.2756132756144,1578,77546,4
-3096.3371065209303,1579,77566,3
-1438.8902763902763,1580,77578,3
-2499.566822066822,1581,77589,3
-10854.163765156416,1582,77646,3
-3708.1127206127208,1583,77673,3
-5175.459744503862,1584,77697,3
150.74980574981305,1585,77780,4
-6681.430236430237,1586,77819,3
1148.9524761873847,1587,77865,4
14066.091269841267,1588,77915,5
8778.500269725115,1589,77954,4
-1015.7686757686758,1590,77965,3
9695.897892956717,1591,78002,4
21601.635586635584,1592,78036,5
11981.606530724179,1593,78075,4
-2577.6461038961043,1594,78087,3
-6418.136106669389,1595,78109,3
-9016.504329004329,1596,78149,3
-5137.038239538241,1597,78192,3
-6130.4748029748025,1598,78217,3
-2254.464285714286,1599,78231,3
-8763.796897546898,1600,78278,3
-5165.757363551481,1601,78310,3
-4996.807636807636,1602,78336,3
-3051.0008700449876,1603,78347,3
5347.782991861941,1604,78398,4
6544.844877344878,1605,78440,4
-2462.857142857143,1606,78451,3
-1554.6987734487734,1607,78468,3
5394.249084249087,1608,78498,4
-3178.5714285714284,1609,78514,3
1153.6130536130545,1610,78583,4
-3252.6190476190473,1611,78594,3
8385.714285714286,1612,78605,4
-4070.6222943722937,1613,78627,3
5543.809523809524,1614,78646,4
2705.015262515262,1615,78705,4
-9822.098000039174,1616,78831,4
-2120.535714285714,1617,78844,3
-5623.962228432043,1618,78876,3
-6223.003454878455,1619,78929,3
-5270.496170496171,1620,78969,3
11767.067152020967,1621,78998,4
-2529.7619047619046,1622,79011,3
-5048.000822706705,1623,79040,3
-6276.875901875902,1624,79073,3
-1630.1010101010102,1625,79094,3
-2162.857142857143,1626,79107,3
-4162.857142857143,1627,79124,3
-4571.547619047619,1628,79139,3
-3508.4410075218902,1629,79150,3
-6051.299811299811,1630,79195,3
-2483.2142857142853,1631,79209,3
-1580.357142857143,1632,79221,3
-17003.92857142857,1633,79318,3
-1838.0551393051394,1634,79331,3
-4298.017676767677,1635,79349,3
-4482.334332334332,1636,79377,3
10861.272061272062,1637,79398,4
-3188.103367221014,1638,79408,3
3644.4165556665575,1639,79461,4
-4046.223629311865,1640,79489,3
10919.073540838246,1641,79518,4
2603.1065911212986,1642,79606,4
4022.6991064491076,1643,79651,4
4402.775835275839,1644,79698,4
-2294.676157176157,1645,79717,3
-3940.7398157398156,1646,79735,3
-3362.857142857143,1647,79754,3
-2584.087301587302,1648,79778,3
-2727.023809523809,1649,79791,3
-1645.6150793650795,1650,79808,3
-3514.8809523809523,1651,79820,3
-4359.246031746032,1652,79843,3
-9500.305250305251,1653,79908,3
-12709.347041847039,1654,79973,3
-3292.713743300044,1655,79985,3
-700.7257326007325,1656,80005,3
-4283.109251859252,1657,80037,3
-5437.003968253967,1658,80062,3
-2699.3745143745145,1659,80078,3
-4427.900432900433,1660,80089,3
-2382.2276334776334,1661,80102,3
-2566.396103896104,1662,80119,3
-3797.2650266400265,1663,80130,3
-2936.56716606407,1664,80142,3
18229.38388000888,1665,80201,5
-4868.935786435786,1666,80233,3
1395.9126984126979,1667,80294,4
-1080.4861804861807,1668,80307,3
-3196.6666666666665,1669,80328,3
19573.31043956044,1670,80363,5
-4226.770681588792,1671,80384,3
-5733.492063492064,1672,80408,3
-3377.023809523809,1673,80420,3
-2178.2715895215897,1674,80431,3
-2050.5050505050503,1675,80451,3
-3938.983554285412,1676,80475,3
-2046.1309523809525,1677,80485,3
10599.274891774894,1678,80575,5
-2593.9285714285716,1679,80586,3
-7694.365079365079,1680,80629,3
-7671.082251082252,1681,80671,3
-1532.6408313908314,1682,80681,3
-2224.188034188034,1683,80711,3
-5588.571428571428,1684,80733,3
-3941.428571428571,1685,80747,3
-4410.021882786976,1686,80766,3
-3565.892440892441,1687,80788,3
-483.83838383838383,1688,80799,3
-6846.33054853643,1689,80837,3
1192.8571428571431,1690,80848,3
-4928.571428571428,1691,80865,3
-1624.2730880230881,1692,80876,3
-1271.0392067512826,1693,80942,4
-6349.653679653679,1694,80973,3
-2115.971805971806,1695,80993,3
-7022.91194916195,1696,81027,3
-1971.2175324675325,1697,81046,3
-4699.123931623932,1698,81064,3
-5325.039764157411,1699,81096,3
-8578.571428571428,1700,81136,3
9056.117081447966,1701,81171,4
-3618.796481296481,1702,81273,4
-4853.210319092672,1703,81306,3
-2248.7334887334887,1704,81317,3
1507.212233071366,1705,81377,4
-11459.735264735267,1706,81435,3
-1742.0058046528632,1707,81466,3
-4345.90034965035,1708,81493,3
-4496.387884561259,1709,81526,3
-5398.214285714284,1710,81557,3
-4010.2380952380954,1711,81574,3
-1327.3683261183262,1712,81587,3
-4500.891053391053,1713,81613,3
-783.214563214563,1714,81627,3
-1272.7579365079368,1715,81637,3
8087.294372294373,1716,81655,4
-1424.034992784993,1717,81671,3
3544.388528138529,1718,81730,4
4135.680014430013,1719,81774,4
9796.358641358642,1720,81866,5
-3164.821188228696,1721,81877,3
-2924.1162881236414,1722,81887,3
-3054.8663836163837,1723,81901,3
-3191.013896449268,1724,81929,3
-4071.8019480519483,1725,81955,3
-874.4422244422246,1726,81970,3
-4616.269841269841,1727,81988,3
-8921.251803751804,1728,82039,3
-772.7383727383727,1729,82051,3
-1104.6897546897549,1730,82063,3
-3994.393106893107,1731,82085,3
-2735.3302253302254,1732,82107,3
-1406.25,1733,82117,3
-2358.899917591868,1734,82136,3
-359.6428571428569,1735,82148,3
-5208.8400978106865,1736,82181,3
-8552.738095238095,1737,82216,3
-3332.15145965146,1738,82232,3
30543.983932733932,1739,82308,6
-4551.729740847388,1740,82341,3
-6327.900432900433,1741,82352,3
-3221.5584415584417,1742,82363,3
-3651.424963924964,1743,82381,3
-4426.428571428572,1744,82398,3
-7563.456543456544,1745,82433,3
-10749.309844567197,1746,82492,3
-1425.7611832611833,1747,82504,3
7817.711938044757,1748,82546,4
-1538.0411255411257,1749,82559,3
-3104.1958041958046,1750,82570,3
-3935.949467199467,1751,82595,3
-3292.3803759020475,1752,82616,3
-4131.428571428571,1753,82628,3
-4914.494949494949,1754,82655,3
-11111.315155432801,1755,82725,3
-2539.464285714286,1756,82737,3
-2673.7914862914863,1757,82748,3
-8391.788836163836,1758,82781,3
-1192.142857142857,1759,82797,3
-3411.5577849652927,1760,82811,3
8713.095238095237,1761,82825,4
6449.314574314575,1762,82866,4
-4157.096237096237,1763,82891,3
11828.376528442317,1764,82905,4
6479.761904761904,1765,82929,4
1236.9601232101236,1766,82989,4
10079.404761904761,1767,83004,4
-7994.322344322346,1768,83040,3
-4665.498789995694,1769,83063,3
-4277.535650623886,1770,83089,3
-3997.655677655678,1771,83100,3
-1839.603691801834,1772,83117,3
-1780.2579365079368,1773,83129,3
-5351.349206349207,1774,83154,3
-7861.405249162603,1775,83189,3
-2845.01443001443,1776,83208,3
-1166.5079365079366,1777,83220,3
7968.984981521746,1778,83270,4
-1117.1428571428569,1779,83282,3
-4514.595959595959,1780,83302,3
-7067.799369747898,1781,83363,3
-7536.746031746033,1782,83403,3
-1279.9639290448117,1783,83495,4
-4156.020683178191,1784,83512,3
-9266.194916194914,1785,83552,3
-2830.2058036133117,1786,83562,3
5246.917388167388,1787,83607,4
-3750.5051892551896,1788,83635,3
-4590.960510078157,1789,83652,3
-1386.2554112554114,1790,83666,3
7708.361360861361,1791,83711,4
-3258.5447885447884,1792,83722,3
-2535.8603896103896,1793,83739,3
-3636.7479630792322,1794,83766,3
-10393.823121323123,1795,83817,3
-2037.646103896104,1796,83828,3
11425.894024276377,1797,83841,4
-3183.7599900099904,1798,83857,3
-19081.612907646188,1799,83954,3
-4821.171328671328,1800,83965,3
-2523.7334887334887,1801,83980,3
8440.899655899655,1802,84007,4
-9310.879953379952,1803,84054,3
-2828.7867619136964,1804,84077,3
-3369.6980103230103,1805,84088,3
-7407.530451574569,1806,84131,3
-1146.1183261183262,1807,84141,3
-2272.777777777778,1808,84152,3
11434.88983711507,1809,84184,4
-3120.357142857143,1810,84194,3
-4326.430513930515,1811,84225,3
-4056.4285714285716,1812,84241,3
10039.938884644767,1813,84263,4
9195.189810189811,1814,84293,4
-2306.6289960039962,1815,84310,3
-3753.8702841276377,1816,84331,3
-7178.202630702631,1817,84346,3
-4301.479145854146,1818,84381,3
1504.0896152351265,1819,84433,4
-3010.7084723841685,1820,84443,3
-3409.7619047619046,1821,84453,3
-3844.523809523809,1822,84466,3
2612.8621450340397,1823,84521,4
-3115.5203619909503,1824,84536,3
21651.37626262626,1825,84567,5
-2211.1507936507933,1826,84579,3
-5042.19696969697,1827,84598,3
-4332.11038961039,1828,84622,3
-1646.3879257996903,1829,84655,3
-2437.8282828282827,1830,84678,3
-1055.97582972583,1831,84690,3
-1927.2144522144522,1832,84701,3
7678.971306471307,1833,84788,5
-3322.0800033300034,1834,84810,3
-2789.1162881236414,1835,84821,3
-8355.952380952382,1836,84854,3
-1383.9285714285716,1837,84865,3
-2529.2111156817036,1838,84888,3
-1750.9126984126988,1839,84906,3
-61.50793650793662,1840,84918,3
-3977.19100752189,1841,84930,3
-5004.464285714285,1842,84952,3
-3232.0217115186156,1843,84963,3
-4308.690476190476,1844,84982,3
-2950.065816536405,1845,85000,3
-3797.2650266400265,1846,85011,3
-4005.3571428571427,1847,85035,3
-2098.5714285714284,1848,85046,3
-3434.285714285714,1849,85057,3
-3756.5488555562088,1850,85075,3
9678.11389333061,1851,85095,4
3763.654539904541,1852,85153,4
-6137.9206088029605,1853,85199,3
-6457.141330891332,1854,85314,4
-5928.368298368298,1855,85340,3
-2426.964285714286,1856,85351,3
9764.90773115773,1857,85432,5
-9283.783161283163,1858,85562,4
-2313.0230880230883,1859,85579,3
-9229.181096681095,1860,85622,3
-4427.794427794427,1861,85642,3
4528.194444444443,1862,85689,4
-1940.1659451659452,1863,85712,3
-6395.129662004662,1864,85739,3
-1538.8383838383838,1865,85752,3
-1175.5050505050503,1866,85767,3
-2727.646103896104,1867,85778,3
-2701.2949550449553,1868,85790,3
5224.087301587301,1869,85826,4
-3400.7084723841685,1870,85837,3
3191.9047619047615,1871,85880,4
-2178.2715895215897,1872,85891,3
-8424.84126984127,1873,85937,3
6786.475746475746,1874,85976,4
-4633.492063492064,1875,85996,3
-5068.040293040292,1876,86012,3
-7215.278055278056,1877,86046,3
405.0926859518204,1878,86121,4
8890.281813774462,1879,86140,4
12099.046786546787,1880,86155,4
-4816.607142857143,1881,86172,3
-4429.325494766671,1882,86206,3
-1618.7718531468533,1883,86232,3
-2930.12987012987,1884,86243,3
6532.747094937414,1885,86261,4
3594.0637140637127,1886,86299,4
1461.9900932400942,1887,86363,4
-2580.1406926406926,1888,86373,3
-3878.896103896104,1889,86395,3
-2880.7738095238096,1890,86405,3
-3739.7619047619046,1891,86417,3
-1679.8956598956597,1892,86438,3
6975.746753246753,1893,86453,4
-2955.6962481962482,1894,86467,3
9816.42857142857,1895,86490,4
344.4044844044846,1896,86509,3
-14661.36055121349,1897,86589,3
-1534.040404040404,1898,86599,3
-3312.0238095238096,1899,86610,3
-1272.7579365079368,1900,86620,3
-1419.2857142857144,1901,86630,3
-4879.711399711399,1902,86654,3
-4050.12987012987,1903,86670,3
8157.133442108285,1904,86708,4
-15249.817682317682,1905,86796,3
-4280.232022879081,1906,86830,3
-367.1717171717173,1907,86842,3
-352.9401154401155,1908,86854,3
-1213.1049506049508,1909,86873,3
-2069.980574980575,1910,86889,3
-2573.896103896104,1911,86904,3
-3883.6688311688313,1912,86926,3
-2989.3179532885415,1913,86951,3
12125.580539830542,1914,86970,4
-1712.3558386058387,1915,86987,3
15430.471334221338,1916,87035,5
-614.6428571428569,1917,87049,3
-2410.892857142857,1918,87063,3
-2042.2104284604284,1919,87080,3
3167.6153181184145,1920,87124,4
-2132.777777777778,1921,87136,3
-5084.484126984127,1922,87159,3
2681.028477886062,1923,87225,4
22517.653958677984,1924,87254,5
-1639.9657287157288,1925,87264,3
-4042.3809523809527,1926,87286,3
-2336.4285714285716,1927,87301,3
3390.840548340548,1928,87360,4
22338.85017760018,1929,87388,5
-4856.7626817626815,1930,87410,3
-2969.7707847707848,1931,87432,3
-4409.027639027639,1932,87458,3
-4989.047619047619,1933,87476,3
9298.339009631578,1934,87516,4
21136.90781440782,1935,87542,5
7695.714285714284,1936,87565,4
-2446.1111111111113,1937,87583,3
-4169.788961038961,1938,87610,3
7252.238178488176,1939,87651,4
-3062.755994005994,1940,87665,3
7252.426323676327,1941,87715,4
-2880.7738095238096,1942,87725,3
-1804.4642857142858,1943,87735,3
9139.523809523811,1944,87748,4
-3453.0952380952385,1945,87759,3
10822.462942665614,1946,87791,4
-3533.809523809524,1947,87810,3
-2286.6071428571427,1948,87826,3
-364.16694416694406,1949,87838,3
-3164.821188228696,1950,87849,3
-5313.727106227106,1951,87870,3
-5229.91008991009,1952,87893,3
-2313.4532134532137,1953,87911,3
1879.5223730517841,1954,87969,4
7144.420673280967,1955,88023,4
-4195.0090187590185,1956,88045,3
-8399.107142857141,1957,88080,3
-2580.1406926406926,1958,88090,3
-2979.9961149961146,1959,88108,3
-3981.9014319014323,1960,88129,3
7275.150016128933,1961,88173,4
-2923.7334887334887,1962,88187,3
-1264.6500721500722,1963,88200,3
7349.999999999999,1964,88218,4
-2209.464285714286,1965,88229,3
-3757.0172882672887,1966,88250,3
-4828.414918414918,1967,88278,3
-2481.49537962038,1968,88294,3
7838.208848255288,1969,88333,4
-2839.1291564472676,1970,88344,3
-1851.7164779664781,1971,88376,3
-3025.6006493506493,1972,88392,3
-3257.0598845598843,1973,88408,3
4351.764069264069,1974,88445,4
-8059.271637804919,1975,88481,3
-2336.309523809524,1976,88493,3
-4283.412698412699,1977,88517,3
-4230.918387168387,1978,88537,3
-4711.510711510711,1979,88563,3
-1909.0945165945168,1980,88582,3
-11248.016289266288,1981,88644,3
-2184.84126984127,1982,88660,3
-2953.8690476190477,1983,88677,3
4296.172438672436,1984,88740,4
-3587.368810240327,1985,88770,3
-2810.827922077922,1986,88784,3
-3400.7084723841685,1987,88795,3
-6760.3507603507605,1988,88818,3
-3293.7099017888827,1989,88830,3
-3992.5595238095234,1990,88848,3
-4540.223710113416,1991,88881,3
-6279.885392385392,1992,88904,3
-4058.0357142857138,1993,88925,3
-3567.685786435786,1994,88942,3
-3132.4404761904757,1995,88957,3
-972.4531024531025,1996,88976,3
-3474.4841269841268,1997,88993,3
-1540.1785714285713,1998,89003,3
-3139.8809523809523,1999,89014,3
-2559.2365967365968,2000,89033,3
18561.540126540123,2001,89078,5
8628.34054834055,2002,89105,4
-5175.178571428571,2003,89128,3
-2255.1406926406926,2004,89137,3
-4111.942224442224,2005,89170,3
-2231.785714285714,2006,89181,3
-3939.285714285714,2007,89200,3
-2002.4657287157288,2008,89211,3
-2541.6071428571427,2009,89229,3
-4525.4329004329,2010,89247,3
-1584.4580419580416,2011,89269,3
7049.071362074456,2012,89298,4
-5567.421328671328,2013,89319,3
6502.326528390769,2014,89365,4
-4757.727272727273,2015,89398,3
-1026.6071428571427,2016,89409,3
-4416.404845154845,2017,89443,3
-2208.1962481962482,2018,89457,3
-3164.821188228696,2019,89468,3
-3312.0238095238096,2020,89479,3
-2290.0,2021,89489,3
-3705.809428574522,2022,89501,3
7847.130161505163,2023,89521,4
-2473.2142857142853,2024,89533,3
5175.487563906681,2025,89560,4
-494.8412698412699,2026,89571,3
-361.030774780775,2027,89583,3
-3594.285714285714,2028,89594,3
6229.642857142858,2029,89615,4
22275.78893328893,2030,89656,5
-3694.252204838505,2031,89671,3
-4697.819895138254,2032,89696,3
-1756.09126984127,2033,89707,3
-5029.68697968698,2034,89720,3
-5326.379662004662,2035,89739,3
-719.8973248973249,2036,89756,3
-2815.476190476191,2037,89767,3
11317.374263593303,2038,89801,4
-2483.015873015873,2039,89821,3
9314.537962037964,2040,89849,4
-3629.9100899100904,2041,89860,3
10609.764012432357,2042,89886,4
11201.964285714286,2043,89897,4
-1361.8767343767345,2044,89917,3
675.7305194805192,2045,89979,4
-1691.9642857142858,2046,89991,3
6636.349608423913,2047,90014,4
-3071.5118215118214,2048,90025,3
-3492.063492063492,2049,90043,3
-6044.399073149075,2050,90083,3
-2753.989898989899,2051,90099,3
-3452.3809523809527,2052,90118,3
-2037.646103896104,2053,90129,3
9396.481524151804,2054,90163,4
510.3574203574203,2055,90182,3
-3303.7400099900096,2056,90212,3
-6064.980158730159,2057,90239,3
-3873.497266622267,2058,90268,3
-1015.7686757686758,2059,90279,3
17012.182539682537,2060,90312,5
21561.808240778828,2061,90359,5
-3508.4410075218902,2062,90370,3
-3492.4675324675327,2063,90383,3
10929.93478743479,2064,90476,5
3376.1096858078263,2065,90552,4
-3426.3386613386615,2066,90562,3
-3484.3745143745145,2067,90587,3
-2273.7334887334887,2068,90599,3
-4005.2958474717143,2069,90621,3
-1454.6428571428569,2070,90632,3
-1639.9657287157288,2071,90642,3
-2827.7777777777774,2072,90660,3
11099.355158730159,2073,90673,4
-4051.2987012987014,2074,90684,3
-5719.504662004662,2075,90706,3
-3764.0432484182484,2076,90722,3
-2967.0939155014235,2077,90732,3
-1419.2857142857144,2078,90742,3
-4378.48151848152,2079,90760,3
-3465.357142857143,2080,90771,3
-634.4444444444443,2081,90781,3
5822.667193917194,2082,90823,4
-3750.6353940177473,2083,90849,3
-1540.1785714285713,2084,90859,3
7917.17571647964,2085,90921,4
-5759.880952380952,2086,90943,3
8433.602871801399,2087,90971,4
-3109.4787157287155,2088,90995,3
7892.857138776255,2089,91029,4
8023.228715728717,2090,91074,4
-1691.5945165945168,2091,91090,3
12177.778749028748,2092,91108,4
20295.634781884783,2093,91143,5
-1368.5307747807751,2094,91159,3
18651.424131424126,2095,91232,5
9078.999626485895,2096,91258,4
-2270.0,2097,91268,3
10375.191528242998,2098,91306,4
-6262.940947940948,2099,91348,3
-6765.401265401265,2100,91369,3
12398.821967935746,2101,91397,4
-2276.964285714286,2102,91409,3
23067.5009018759,2103,91435,5
-2425.595238095238,2104,91448,3
-2462.8571428571427,2105,91459,3
-4241.5620490620495,2106,91487,3
8708.980817431298,2107,91566,4
-1784.107142857143,2108,91577,3
-1087.136131842014,2109,91597,3
22997.322330017763,2110,91627,5
-9635.42124542124,2111,91759,4
10696.006632256633,2112,91775,4
-1919.6428571428569,2113,91786,3
-1491.5079365079366,2114,91801,3
-3057.1428571428573,2115,91816,3
2045.5158730158723,2116,91875,4
-3597.76739600269,2117,91909,3
-3403.474025974026,2118,91922,3
-2510.12987012987,2119,91933,3
-1015.7686757686758,2120,91944,3
-1169.8812298812295,2121,91962,3
-1540.1785714285713,2122,91972,3
-3293.547876879331,2123,91997,3
-3528.8636363636365,2124,92007,3
-3797.2650266400265,2125,92018,3
10737.545093795095,2126,92035,4
-5965.487012987013,2127,92060,3
-1163.0411255411257,2128,92071,3
12463.365107115107,2129,92088,4
-1329.703352203352,2130,92118,3
21416.25366055513,2131,92145,5
19372.05502830503,2132,92184,5
9116.161754911755,2133,92208,4
10832.287754385277,2134,92244,4
8425.743789944843,2135,92305,4
3131.1428155178146,2136,92345,4
-2687.6064213564214,2137,92362,3
-4389.91008991009,2138,92376,3
-5818.75,2139,92400,3
10307.315462315462,2140,92418,4
-3711.212121212121,2141,92431,3
31425.45621045621,2142,92455,6
-705.3571428571432,2143,92499,4
-2162.4971725900514,2144,92532,3
1746.545815295814,2145,92589,4
11238.834434084434,2146,92614,4
-2821.4285714285716,2147,92629,3
14787.951305230716,2148,92703,5
15938.2060994561,2149,92750,5
-1831.984126984127,2150,92762,3
-2562.6352813852814,2151,92773,3
3347.939560439558,2152,92807,4
-3550.12987012987,2153,92821,3
-4343.577256077256,2154,92855,3
-1499.7619047619048,2155,92868,3
-3559.4444444444443,2156,92890,3
14701.188117438118,2157,92960,5
15101.28618113912,2158,93015,5
-1236.5079365079368,2159,93026,3
6589.850011100013,2160,93070,4
2305.7646520146513,2161,93143,4
32366.603178794256,2162,93289,7
9976.190476190477,2163,93300,4
-3554.345238095238,2164,93313,3
23336.15773115773,2165,93341,5
23880.411332948097,2166,93381,5
9913.542568542569,2167,93398,4
-2634.285714285714,2168,93408,3
-3225.646853146853,2169,93434,3
10431.941526610644,2170,93447,4
7123.571428571429,2171,93461,4
12400.325741509952,2172,93478,4
19240.60369066435,2173,93536,5
15781.514735264733,2174,93600,5
-3939.619408369408,2175,93622,3
21398.061346669587,2176,93657,5
-1950.6565656565656,2177,93668,3
22207.582278832273,2178,93702,5
-2462.8571428571427,2179,93713,3
21644.158435303947,2180,93736,5
-4386.41719799808,2181,93751,3
7226.92779442779,2182,93780,4
35369.67318629084,2183,93821,6
21826.031746031746,2184,93849,5
8434.150155400155,2185,93877,4
-5798.214285714285,2186,93897,3
-4944.940476190476,2187,93917,3
8516.08576154294,2188,93949,4
32135.3262015762,2189,94003,6
9758.080909683364,2190,94078,4
-13405.42832167832,2191,94157,3
23611.769925336102,2192,94181,5
-5456.8071471012645,2193,94213,3
-4174.523809523809,2194,94227,3
19221.84523809524,2195,94261,5
-3476.1904761904766,2196,94279,3
21079.421423090156,2197,94334,5
11806.053391053389,2198,94420,5
24253.84282384282,2199,94455,5
-4153.9019314019315,2200,94469,3
-3091.6845654345657,2201,94484,3
-2739.092364678665,2202,94493,3
2089.895243645242,2203,94533,4
-2879.464285714286,2204,94544,3
-3124.4444444444443,2205,94560,3
-2544.642857142857,2206,94571,3
-3323.791486291486,2207,94584,3
10886.844544344543,2208,94665,5
-6387.81746031746,2209,94691,3
11761.719183594183,2210,94769,5
-4162.046287046287,2211,94790,3
10480.67582185616,2212,94828,4
-3484.5238095238096,2213,94841,3
6685.0,2214,94865,4
-3638.103367221014,2215,94876,3
-3432.6406926406926,2216,94888,3
-3417.3556998556996,2217,94911,3
3022.0869408369404,2218,94960,4
20292.377344877346,2219,94987,5
13968.075396825398,2220,95056,5
-5887.5,2221,95077,3
-2871.4682539682535,2222,95095,3
-11432.067932067932,2223,95152,3
8774.531024531027,2224,95172,4
-3032.2741828604835,2225,95183,3
-5523.671328671328,2226,95203,3
21947.496886283654,2227,95236,5
12358.780525030523,2228,95325,5
-3228.4523809523807,2229,95341,3
6507.440476190478,2230,95362,4
-11313.747086247085,2231,95472,4
-2040.178571428571,2232,95488,3
-4034.2261904761904,2233,95506,3
-8843.340446318387,2234,95545,3
-5884.285714285715,2235,95568,3
-3051.0008700449876,2236,95579,3
-4333.035714285714,2237,95599,3
-12669.602965189264,2238,95728,4
-2131.7730880230883,2239,95744,3
-56000.513546910624,2240,96164,4
-2659.226190476191,2241,96176,3
-37902.857142857145,2242,96320,3
-15917.254689754693,2243,96443,4
-1748.2142857142858,2244,96456,3
8599.57126207126,2245,96475,4
20494.42973692974,2246,96503,5
19623.57559107559,2247,96540,5
21496.835317460314,2248,96571,5
18568.59668109668,2249,96617,5
17625.99067599068,2250,96648,5
20598.843795093795,2251,96667,5
21682.612044817928,2252,96688,5
23359.59867789589,2253,96720,5
21315.529617441385,2254,96756,5
-642.2993672993673,2255,96772,3
1426.7857142857147,2256,96888,5
-4.166944166943722,2257,96903,3
-3709.3452380952403,2258,97024,5
855.8297610542184,2259,97079,4
19214.61288711289,2260,97118,5
1001.3092463092444,2261,97242,5
10224.68253968254,2262,97260,4
-1182.1617271617279,2263,97279,3
23114.981173796965,2264,97326,5
9744.193722943724,2265,97416,5
3737.1150681739236,2266,97494,4
19544.01432309521,2267,97545,5
-24479.642857142855,2268,97634,3
-3915.633515173897,2269,97650,3
11487.31102231102,2270,97732,5
15182.46572871573,2271,97786,5
-1492.1617271617274,2272,97806,3
9474.914291608195,2273,97852,4
-2724.0161678706604,2274,97926,4
472.8282828282827,2275,97939,3
-4072.189063432417,2276,97960,3
-3255.523088023088,2277,97980,3
4684.884559884562,2278,98013,4
5835.194174160893,2279,98052,4
20212.274531024534,2280,98085,5
17034.940476190477,2281,98218,7
3836.8720168720174,2282,98276,4
-3217.142857142857,2283,98293,3
-8375.889665889667,2284,98336,3
-2254.464285714286,2285,98350,3
-3906.2968975468975,2286,98380,3
-5217.142857142857,2287,98402,3
-3716.4862761706713,2288,98430,3
12269.404761904761,2289,98488,5
10455.099206349207,2290,98620,6
9903.859932431575,2291,98711,5
-3949.5959595959594,2292,98731,3
9909.79027551396,2293,98763,4
20921.40571739063,2294,98789,5
-8296.190476190473,2295,98919,5
10048.90880689247,2296,98959,4
-8976.746031746032,2297,98995,3
-1273.644785297262,2298,99020,3
-4906.878121878122,2299,99035,3
-3449.7619047619046,2300,99048,3
20174.921606171607,2301,99073,5
-3371.8881118881122,2302,99087,3
-359.6428571428569,2303,99099,3
-5672.171717171717,2304,99131,3
-3184.1547345843014,2305,99161,3
-5009.664502164503,2306,99180,3
-3316.1507936507937,2307,99197,3
-4902.900432900433,2308,99207,3
6691.9515401690005,2309,99268,4
-242.2993672993673,2310,99281,3
-359.6428571428569,2311,99293,3
-972.2187534687539,2312,99352,4
-3641.8073593073595,2313,99367,3
-3958.695485371182,2314,99381,3
-2955.6962481962482,2315,99395,3
19875.303030303032,2316,99407,5
9011.334911004029,2317,99447,4
4461.627776248518,2318,99507,4
-3465.357142857143,2319,99518,3
-1903.013653013653,2320,99536,3
-1079.3780028880656,2321,99618,4
-3336.3095238095234,2322,99631,3
-4662.788600288601,2323,99660,3
22287.706970317264,2324,99690,5
-2704.464285714286,2325,99705,3
-3641.8073593073595,2326,99720,3
18626.369047619046,2327,99747,5
-117.29936729936708,2328,99761,3
22174.446731888685,2329,99851,6
-17431.192973692978,2330,99983,4
-7036.111111111111,2331,100016,3
-652.6980217937383,2332,100083,4
21021.210317460318,2333,100108,5
-4556.198198017561,2334,100188,3
-777.5002775002772,2335,100204,3
19396.558441558438,2336,100240,5
-1840.6746031746034,2337,100253,3
-1543.828393828394,2338,100269,3
951.0377122877135,2339,100325,4
-4648.214285714286,2340,100343,3
-3804.307359307359,2341,100357,3
9262.882129855208,2342,100445,5
-806.6161616161617,2343,100465,3
-4291.121811970429,2344,100490,3
-27981.554001554003,2345,100731,5
16811.654686258014,2346,100789,5
-4978.318806152716,2347,100825,3
11077.48772555274,2348,100846,4
-2451.768539338198,2349,100994,5
20455.73773448773,2350,101118,7
-4736.827665798254,2351,101139,3
-5102.917351727034,2352,101163,3
8460.038090993974,2353,101191,4
-8539.899993731062,2354,101291,4
-3597.321428571429,2355,101354,4
8238.57758254817,2356,101398,4
-16566.86868686869,2357,101566,5
20184.835997336002,2358,101596,5
35564.59235209235,2359,101630,6
-4247.626541287702,2360,101658,3
11119.525572466748,2361,101682,4
-11102.817460317463,2362,101730,3
22650.223665223664,2363,101756,5
6054.992368742372,2364,101846,5
-4978.318806152716,2365,101882,3
16817.306345615165,2366,101913,5
18907.63888888889,2367,101926,5
-4316.247762440318,2368,101953,3
11726.095674731409,2369,101997,4
-10639.417814266099,2370,102083,4
21311.48809523809,2371,102106,5
32697.778949935375,2372,102161,6
12860.705128205127,2373,102202,5
-4296.849684691973,2374,102228,3
10741.578282828283,2375,102242,4
15598.759226884227,2376,102298,5
7066.071428571428,2377,102311,4
21129.75108225108,2378,102344,5
-9843.893578042185,2379,102385,3
4694.54538925127,2380,102490,5
12087.454473182695,2381,102552,5
-2627.362914862915,2382,102565,3
4127.7122877122865,2383,102587,4
16803.333333333332,2384,102630,5
-4109.5300120024,2385,102664,3
7288.482767232762,2386,102693,4
-9037.71187146187,2387,102791,4
10970.918159283096,2388,102818,4
11284.902597402597,2389,102831,4
6492.690256360502,2390,102865,4
5919.34370239324,2391,102901,4
-1503.6895783954606,2392,102964,4
20470.969129339876,2393,103021,5
4459.686607681962,2394,103062,4
8244.65368834401,2395,103080,4
10487.827348305289,2396,103109,4
2923.42608780109,2397,103153,4
-1522.2508047508047,2398,103166,3
-3814.3955391014215,2399,103188,3
-3860.1831715955077,2400,103226,3
28764.139420950567,2401,103286,6
12851.02367317925,2402,103332,5
6168.853923853923,2403,103366,4
-3211.7424242424245,2404,103379,3
15741.825396825398,2405,103410,5
-5335.241326870585,2406,103443,3
12796.161616161617,2407,103461,4
-12220.10517258482,2408,103513,3
-1494.9657287157288,2409,103524,3
-3952.422244769633,2410,103558,3
33.687352379301956,2411,103673,5
-1616.2709194829938,2412,103701,3
-2593.8852813852814,2413,103712,3
-3019.68114101241,2414,103734,3
8988.809523809525,2415,103749,4
6485.073953823954,2416,103777,4
291.0711510711511,2417,103788,3
-3379.9805749805746,2418,103805,3
9063.361858729506,2419,103834,4
5168.6988779605545,2420,103890,4
-3688.719124013242,2421,103909,3
-12666.547243176505,2422,103974,3
-4197.793623391011,2423,104017,3
-3342.0063179854205,2424,104044,3
-5628.605521738547,2425,104087,3
769.1663891663893,2426,104100,3
11732.44274516333,2427,104170,5
-6917.492499115952,2428,104280,4
-9830.252365024036,2429,104332,3
-3098.783161283162,2430,104351,3
-2146.1507936507937,2431,104362,3
-7492.142857142857,2432,104398,3
-4471.288869798933,2433,104438,3
-8960.0,2434,104474,3
-2643.997113997114,2435,104492,3
-3512.2741828604835,2436,104503,3
-4573.760381928238,2437,104538,3
-1922.2619047619048,2438,104548,3
-3265.48798337885,2439,104580,3
-3646.7868248658056,2440,104594,3
9742.391914327352,2441,104628,4
-5335.646536126412,2442,104674,3
7326.549511140808,2443,104713,4
-2898.5714285714284,2444,104724,3
-3628.7786478227654,2445,104735,3
22685.653235653237,2446,104753,5
-5010.4334554334555,2447,104770,3
-1014.8412698412699,2448,104782,3
-3877.570346320346,2449,104807,3
6790.541125541126,2450,104834,4
12881.08544706068,2451,104869,4
16538.014963622547,2452,104910,5
-2929.949494949495,2453,104924,3
-3905.760905760906,2454,104943,3
-4755.04086857415,2455,104958,3
8587.065243273646,2456,105016,4
-2692.9939290156003,2457,105031,3
-2090.413059163059,2458,105045,3
-946.4802078925466,2459,105124,4
-3184.1006216006217,2460,105142,3
-3914.1658341658353,2461,105162,3
8337.331687919926,2462,105197,4
8408.203782840528,2463,105252,4
-3334.3722943722946,2464,105268,3
20676.892694322025,2465,105321,5
-18647.42047168517,2466,105423,3
-4646.1483371103095,2467,105464,3
-3009.1000857176655,2468,105475,3
1672.9972804972808,2469,105532,4
7940.9322939702215,2470,105545,4
-3867.3160173160177,2471,105564,3
-3582.054889554889,2472,105578,3
-3900.7607027624863,2473,105593,3
-14047.324016712562,2474,105668,3
22261.964285714286,2475,105685,5
-1736.547619047619,2476,105696,3
-10141.517894729966,2477,105752,3
15675.503928924314,2478,105847,5
-2729.3405124287483,2479,105862,3
-484.66172716172764,2480,105882,3
-6139.856562426222,2481,105918,3
-4754.784567844249,2482,105943,3
-4302.826054135736,2483,105963,3
3640.9377958642654,2484,105996,4
-2439.523809523809,2485,106009,3
-4237.142857142857,2486,106028,3
939.4949494949494,2487,106040,3
-4554.041514041513,2488,106066,3
-7356.941669441669,2489,106115,3
-6658.260298716753,2490,106169,3
-4578.863636363636,2491,106179,3
-1046.111111111111,2492,106190,3
939.4949494949494,2493,106202,3
41003.40524671407,2494,106240,7
-388.70934620934634,2495,106251,3
5465.007464007281,2496,106324,4
7584.166527916529,2497,106346,4
11612.375696199226,2498,106376,4
6963.549783549784,2499,106395,4
9527.003968253966,2500,106412,4
8997.703855741782,2501,106460,4
-3613.982683982684,2502,106481,3
-1868.8961038961038,2503,106493,3
7188.934843751021,2504,106525,4
-6333.824964689762,2505,106594,3
-4152.810342353165,2506,106618,3
-4254.786324786323,2507,106643,3
10417.853238093176,2508,106675,4
-3273.4951907397735,2509,106709,3
12169.129204129204,2510,106731,4
-2880.285595682267,2511,106744,3
-4031.559191330274,2512,106759,3
-3436.211909006027,2513,106787,3
-6537.876216920335,2514,106818,3
-4665.546328671329,2515,106831,3
9556.07142857143,2516,106848,4
81830.60998233792,2517,106947,10
-977.7777777777777,2518,106959,3
-6071.228575346224,2519,107001,3
-4014.257710774217,2520,107027,3
-4316.509960627608,2521,107045,3
35834.75598361047,2522,107151,7
-1839.300144300144,2523,107166,3
9355.68161005661,2524,107185,4
-4303.116605616605,2525,107211,3
22135.077030812325,2526,107227,5
8935.51342169183,2527,107266,4
-4938.500531331414,2528,107285,3
-5043.146605716265,2529,107325,3
-2910.557727875839,2530,107335,3
-8760.007884272589,2531,107397,3
-3934.0237458619813,2532,107412,3
-3618.7671315612497,2533,107451,3
21188.799639902583,2534,107491,5
-1711.3095238095236,2535,107503,3
-2898.9421698013025,2536,107531,3
-3260.6243756243757,2537,107543,3
-1826.9642857142858,2538,107554,3
-2914.6573554989914,2539,107596,3
18745.052516927517,2540,107630,5
19016.219840530983,2541,107716,5
10478.650793650793,2542,107728,4
-916.3752913752915,2543,107749,3
-3531.558245675893,2544,107777,3
22970.972222222223,2545,107802,5
9402.195304695308,2546,107822,4
31434.45526695527,2547,107856,6
-4484.089827187216,2548,107900,3
-3841.9513914018567,2549,107935,3
10485.957484824594,2550,107986,4
6262.87510777836,2551,108010,4
-2072.65651015651,2552,108027,3
5904.456626359239,2553,108087,4
-3201.3379594261955,2554,108113,3
-292.1428571428571,2555,108124,3
-916.6358641358642,2556,108137,3
-355.5230880230881,2557,108148,3
-4954.466549102772,2558,108174,3
-10751.295898934379,2559,108259,3
-3170.5278433297008,2560,108290,3
-2959.6130993189818,2561,108317,3
-7138.374542124542,2562,108349,3
10883.223525270741,2563,108372,4
-3118.9747262541377,2564,108383,3
-4818.5854827147405,2565,108410,3
-6461.6822861521005,2566,108445,3
-4071.0962472888036,2567,108469,3
-2967.0939155014235,2568,108479,3
-3612.131202131203,2569,108504,3
16582.341269841272,2570,108539,5
10844.97113997114,2571,108555,4
-4.709262167367115,2572,108680,4
-4060.201539946123,2573,108718,3
-5403.583678962937,2574,108760,3
-6852.066913695329,2575,108800,3
-5128.984609006851,2576,108853,3
25095.574196663423,2577,108919,5
-2718.2359307359307,2578,108930,3
19170.178571428572,2579,108957,5
6801.406926406927,2580,108968,4
-3473.7099017888827,2581,108981,3
-3034.285714285714,2582,108992,3
5890.032405544083,2583,109059,4
-3793.200133200133,2584,109082,3
-4849.1637256269105,2585,109100,3
8190.569846819848,2586,109116,4
-2468.113136863137,2587,109126,3
-3100.4761904761904,2588,109141,3
24408.726303581177,2589,109265,6
-593.839163932043,2590,109293,3
7342.0963772135165,2591,109354,4
120.90548340548321,2592,109368,3
-1159.2857142857144,2593,109379,3
32942.21361971361,2594,109417,6
8228.069985569982,2595,109439,4
6574.195942945942,2596,109458,4
765.3571428571429,2597,109469,3
25432.14403958764,2598,109586,6
397.73781773781775,2599,109601,3
10130.992340992343,2600,109626,4
120.90548340548321,2601,109640,3
10393.333333333334,2602,109653,4
-6517.300407925409,2603,109693,3
8410.243718699601,2604,109718,4
-355.5230880230881,2605,109729,3
-3911.711322732995,2606,109760,3
-5043.202048473131,2607,109782,3
-4107.563032942291,2608,109825,3
-2678.21351442675,2609,109851,3
5012.655122655123,2610,109865,4
-8394.545258662907,2611,109912,3
8012.9470529470545,2612,109949,4
-768.8283938283944,2613,109965,3
6763.647186147182,2614,110006,4
-1046.7676767676767,2615,110022,3
-2262.857142857143,2616,110034,3
9223.253968253968,2617,110048,4
-2744.9316258721456,2618,110070,3
133.49206349206338,2619,110082,3
-1260.15651015651,2620,110099,3
8276.926406926408,2621,110121,4
11896.79103672763,2622,110180,5
18835.562770562774,2623,110214,5
11792.287712287713,2624,110239,4
18780.95333587981,2625,110303,5
-3054.6907080389883,2626,110314,3
-4265.2096514596515,2627,110338,3
-1812.8571428571427,2628,110349,3
-4128.260702762486,2629,110364,3
-4729.120879120879,2630,110380,3
-3875.4692801391825,2631,110418,3
-3195.740925740926,2632,110440,3
-8019.545021541928,2633,110507,3
9226.706561412444,2634,110544,4
-3216.331168831169,2635,110557,3
33064.704871152244,2636,110762,7
9618.968253968256,2637,110790,4
20831.666666666668,2638,110799,5
21769.911020781765,2639,110852,5
-3270.964452214452,2640,110871,3
-3883.920653649756,2641,110895,3
-5846.156245285503,2642,110930,3
19064.71651903184,2643,110954,5
-373.7554112554114,2644,110965,3
-6294.456348604956,2645,111009,3
-3419.536861885142,2646,111022,3
-4609.230769230768,2647,111044,3
-1867.5595238095236,2648,111055,3
9737.851731601731,2649,111068,4
9525.951639519748,2650,111111,4
-1625.119325119325,2651,111133,3
423.8344682405707,2652,111253,4
6984.581132848396,2653,111331,4
-7583.756238601439,2654,111382,3
-3945.872457193127,2655,111410,3
-3478.7263108838183,2656,111427,3
46618.61678010672,2657,111497,7
-4021.7718873833423,2658,111544,3
-3971.512270933568,2659,111604,3
19438.346722721715,2660,111676,5
1376.7560911310886,2661,111758,4
-4638.0469530469545,2662,111778,3
19653.021076146073,2663,111843,5
10206.347703723864,2664,111865,4
-2664.218281718282,2665,111888,3
-3571.706349206349,2666,111899,3
-3564.9365127906153,2667,111935,3
-2102.9479017714316,2668,111963,3
8842.441381745713,2669,112023,4
-1260.15651015651,2670,112040,3
21086.08905843039,2671,112069,5
-3948.6309523809527,2672,112089,3
-1519.8809523809523,2673,112101,3
-576.7316017316018,2674,112114,3
9044.067815569366,2675,112143,4
-4424.888704197494,2676,112168,3
-3019.857421989775,2677,112202,3
9737.70504693105,2678,112237,4
-3150.1334776334775,2679,112255,3
10814.546692127962,2680,112302,4
10529.12905592859,2681,112342,4
9727.96665881418,2682,112378,4
20584.25481123623,2683,112444,5
5230.037785805302,2684,112464,4
5944.3168585650765,2685,112512,4
5291.508737840885,2686,112559,4
3526.9728882228874,2687,112612,4
19010.550631562975,2688,112707,5
-2418.7035758359293,2689,112732,3
-742.1897546897549,2690,112746,3
-355.5230880230881,2691,112757,3
-3936.0562844018723,2692,112781,3
-2815.7539682539687,2693,112805,3
24117.414607849194,2694,112869,5
32771.1453823954,2695,112909,6
5055.92561488705,2696,112996,4
-3203.8398933367976,2697,113006,3
-6869.813519813519,2698,113063,3
33363.14935064935,2699,113083,6
10313.628593628591,2700,113128,4
-8619.393743511391,2701,113186,3
-1056.3564213564216,2702,113203,3
-3574.8777611277615,2703,113229,3
1282.700632700633,2704,113243,3
8997.71784888658,2705,113285,4
-2062.725468975469,2706,113305,3
-3970.0,2707,113323,3
9489.871423511131,2708,113350,4
10137.738095238095,2709,113365,4
10373.45238095238,2710,113382,4
-947.8571428571429,2711,113396,3
-4258.671328671329,2712,113407,3
-4049.0309690309696,2713,113424,3
-4710.237531431417,2714,113440,3
-2404.65689169266,2715,113509,3
-2202.3809523809523,2716,113529,3
17373.333333333336,2717,113545,5
11797.566902052195,2718,113576,4
-3370.899149869738,2719,113590,3
29650.998515373514,2720,113646,6
6566.296932127041,2721,113688,4
604.2388167388167,2722,113699,3
5537.367379199523,2723,113751,4
36291.77274114774,2724,113794,6
5495.377173471357,2725,113826,4
15565.827277055072,2726,113929,5
-3021.7629592629596,2727,113945,3
9577.074314574314,2728,113985,4
8396.382090132094,2729,114029,4
-5009.762653777326,2730,114054,3
2825.521284271283,2731,114111,4
27511.120129870127,2732,114162,6
10506.311327561327,2733,114181,4
20139.166666666664,2734,114190,5
18317.204123490887,2735,114246,5
-2112.9962761696506,2736,114272,3
-2784.821428571429,2737,114294,3
17542.65198037257,2738,114334,5
-10736.466670584317,2739,114418,3
-1826.9642857142858,2740,114429,3
-1961.0461760461756,2741,114446,3
-3135.329523417759,2742,114458,3
2289.1663891663898,2743,114475,3
8487.292152292152,2744,114497,4
8634.570466068682,2745,114520,4
27952.83842017976,2746,114593,6
9785.266352640496,2747,114614,4
41268.93821456321,2748,114684,7
-2694.2257742257743,2749,114698,3
1649.5334999108213,2750,114755,4
37348.1376043547,2751,114826,7
19685.90811965812,2752,114875,5
17461.46648437636,2753,114962,5
15383.869790340379,2754,115006,5
-4783.833209965428,2755,115056,3
-3657.465512428748,2756,115074,3
8772.716739146947,2757,115099,4
-2805.445314489432,2758,115108,3
-331.1111111111111,2759,115119,3
-3698.463265451589,2760,115159,3
34450.21534021534,2761,115200,6
9184.202960781908,2762,115253,4
20767.447691197693,2763,115291,5
-413.795093795094,2764,115307,3
33482.654012654006,2765,115362,6
-2630.9402403152408,2766,115389,3
7189.009324009323,2767,115402,4
20548.650793650795,2768,115421,5
28435.68154068155,2769,115475,6
-3119.1294837773166,2770,115496,3
-3788.4493657282733,2771,115552,3
21754.217210225055,2772,115594,5
-4299.545454545455,2773,115623,3
17712.406591731276,2774,115706,5
-3605.5394980798806,2775,115719,3
4768.922069502567,2776,115762,4
7124.835792752541,2777,115847,4
-2709.65367965368,2778,115864,3
-3203.8398933367976,2779,115874,3
-14305.62863606981,2780,115966,3
1395.5555555555557,2781,115978,3
6862.369174673133,2782,116056,4
45607.675683194335,2783,116134,7
2727.06463685953,2784,116168,4
4558.776232003988,2785,116240,4
23731.92847898015,2786,116342,6
-3040.055099699062,2787,116380,3
26437.00000819597,2788,116513,6
-4034.3614718614717,2789,116531,3
21232.209690893906,2790,116552,5
20802.293983330794,2791,116577,5
-5128.866762107862,2792,116598,3
7544.188311688313,2793,116630,4
10998.243371480612,2794,116775,5
-446.7676767676768,2795,116788,3
-1754.0871413588125,2796,116819,3
-2721.0678210678216,2797,116852,3
21709.80463980464,2798,116874,5
-4705.47756928725,2799,116893,3
-1955.9215784215783,2800,116914,3
367.8382728382726,2801,116925,3
-2877.068290095211,2802,116968,3
8243.30044955045,2803,116983,4
48031.14573055942,2804,117021,8
29148.461308643196,2805,117116,6
-9401.263731538496,2806,117181,3
-2947.7997002997,2807,117194,3
7991.163506041601,2808,117227,4
-4064.7781385281387,2809,117247,3
-115.10101010100999,2810,117266,3
-2294.2427009782396,2811,117316,3
18723.715557594922,2812,117396,5
21684.45017314987,2813,117456,5
20266.493506493513,2814,117492,5
-2962.0026533494024,2815,117530,3
10240.640505340723,2816,117593,4
11213.120143745144,2817,117633,4
20910.397754671627,2818,117677,5
715.8330558330563,2819,117694,3
-3259.7735077299617,2820,117727,3
-182.77777777777771,2821,117741,3
22777.646658896658,2822,117786,5
31860.737755911287,2823,117883,6
-488.21428571428567,2824,117896,3
18353.214285714286,2825,117911,5
-3926.6400266400265,2826,117921,3
-3958.7897445280673,2827,117952,3
-4545.137947707607,2828,117992,3
27566.684842934847,2829,118047,6
-3093.3078686019867,2830,118068,3
22420.00367951771,2831,118190,6
8519.177489177486,2832,118218,4
8933.982267732266,2833,118243,4
-3628.7786478227654,2834,118254,3
-3724.6997895894956,2835,118299,3
21083.276870188634,2836,118348,5
23863.377733377733,2837,118383,5
16306.370575803627,2838,118432,5
19745.223179598182,2839,118477,5
19243.12049062049,2840,118511,5
5613.77747252747,2841,118576,4
-4064.9968087468083,2842,118598,3
26234.801961962436,2843,118734,6
9885.277082308812,2844,118773,4
9727.979242979243,2845,118790,4
-1872.3809523809525,2846,118808,3
-543.5120435120435,2847,118830,3
-3657.465512428748,2848,118848,3
10904.719064751673,2849,118880,4
14559.931457431456,2850,118917,5
6950.498963458581,2851,118934,4
9140.120497837215,2852,118968,4
-4742.593733665715,2853,119012,3
37086.20851220503,2854,119162,7
16178.614465446612,2855,119222,5
21777.02389528841,2856,119294,5
-1644.7413207707325,2857,119324,3
15404.752270433391,2858,119378,5
-3118.9747262541377,2859,119389,3
7863.792924387108,2860,119422,4
807.0049395049386,2861,119442,3
-8133.380306913588,2862,119492,3
1342.1239871239868,2863,119506,3
-3060.897301228183,2864,119522,3
21240.704560459508,2865,119581,5
-9149.088554419437,2866,119630,3
30855.174360812915,2867,119683,6
-2093.1358265917097,2868,119709,3
-1664.8445998445998,2869,119732,3
3833.453536721052,2870,119769,4
-3247.2317062022944,2871,119785,3
-945.4617604617606,2872,119799,3
8863.516606634117,2873,119871,4
4253.986022792135,2874,119926,4
41896.42857142858,2875,119968,7
-4650.818070818071,2876,119987,3
19188.502176358215,2877,120064,5
-8856.224508205933,2878,120126,3
11865.617058184107,2879,120166,4
18689.34955163141,2880,120245,5
-2782.8715728715724,2881,120275,3
24859.518211323808,2882,120328,5
-5607.814227786616,2883,120377,3
-3983.6904761904757,2884,120397,3
6897.6645973995055,2885,120420,4
6528.469300307539,2886,120478,4
10466.88034188034,2887,120498,4
19225.0,2888,120502,5
7442.364228908349,2889,120533,4
19074.173009692106,2890,120617,5
3780.25217171889,2891,120657,4
21014.365544586133,2892,120706,5
-3372.130994005994,2893,120718,3
8104.841449400274,2894,120762,4
-3203.8398933367976,2895,120772,3
-3133.8453307957952,2896,120808,3
9030.319972701649,2897,120860,4
9101.950545830983,2898,120875,4
-2176.7959352533335,2899,121015,4
-3107.2741828604835,2900,121025,3
26044.43157799783,2901,121099,5
2289.1663891663898,2902,121116,3
-12107.347664226116,2903,121215,3
6803.784751782969,2904,121234,4
19675.0,2905,121249,5
-2612.0026533494024,2906,121288,3
8248.815559440558,2907,121317,4
18036.283724660272,2908,121359,5
-4243.201324818971,2909,121405,3
8529.112744906291,2910,121456,4
18645.96100142062,2911,121504,5
10917.316017316018,2912,121522,4
-10170.575761918122,2913,121632,3
29457.233398416098,2914,121810,7
15168.425252282066,2915,122010,6
20883.78066378066,2916,122032,5
10204.999999999996,2917,122053,4
20592.100063525868,2918,122109,5
-6151.322011322011,2919,122145,3
931.8595710667482,2920,122205,4
7056.331168831169,2921,122233,4
18481.39827320941,2922,122290,5
11430.059523809525,2923,122305,4
-4711.628880861365,2924,122323,3
10145.328495034377,2925,122342,4
11450.086031118639,2926,122361,4
10297.531730086052,2927,122437,4
-1908.784271284271,2928,122460,3
5776.432590027792,2929,122498,4
-4291.121811970429,2930,122523,3
8974.18233469317,2931,122558,4
8415.90524671407,2932,122576,4
-3782.9675923180434,2933,122604,3
10946.161616161617,2934,122621,4
-2624.4140740580365,2935,122647,3
468.7054040730527,2936,122747,4
19955.503458959345,2937,122777,5
38708.51070703444,2938,122912,7
11536.165966386556,2939,122925,4
9478.892496392498,2940,122947,4
-1348.4215784215783,2941,122970,3
-3121.352605727606,2942,122987,3
7106.793967984049,2943,123034,4
21308.49997224997,2944,123065,5
20859.761904761905,2945,123081,5
-3430.3662881236414,2946,123094,3
-4290.760702762486,2947,123110,3
8977.142024642024,2948,123135,4
19090.227272727272,2949,123148,5
10227.465591898641,2950,123170,4
-6406.751234876235,2951,123209,3
-4277.231706202294,2952,123228,3
14345.568199729254,2953,123284,5
-3910.5135524949765,2954,123316,3
34902.18939950323,2955,123375,6
12942.258980419232,2956,123479,5
11580.488816738818,2957,123496,4
-4112.167374639763,2958,123529,3
-8982.347006456326,2959,123578,3
-1797.0825906120028,2960,123613,3
10226.507242757245,2961,123625,4
21204.50814536341,2962,123651,5
-4755.04086857415,2963,123666,3
15315.354074908355,2964,123729,5
9679.138012829962,2965,123754,4
551.2445887445886,2966,123768,3
6701.867323699467,2967,123833,4
18705.679716994095,2968,123912,5
8433.612202614695,2969,123967,4
-10453.584604465024,2970,124039,3
6956.846070596071,2971,124075,4
24948.500249750254,2972,124108,5
11866.607142857143,2973,124122,4
26012.548995552093,2974,124160,6
21315.328282828283,2975,124185,5
21656.999718118135,2976,124205,5
9876.47415084915,2977,124247,4
-999.3105008973539,2978,124297,3
-2005.5050505050506,2979,124310,3
5708.40004140802,2980,124342,4
46479.602620284306,2981,124412,7
52496.46467503084,2982,124526,8
-3032.0217115186156,2983,124536,3
12348.307444189797,2984,124552,4
23381.36759482348,2985,124620,6
9444.66158841159,2986,124636,4
-4174.044624537399,2987,124656,3
-1216.4232285148646,2988,124705,3
6525.894796861951,2989,124744,4
2247.581609413755,2990,124818,4
9893.28541943093,2991,124832,4
-3263.178488178488,2992,124842,3
17890.833333333332,2993,124853,5
-4000.796761289535,2994,124876,3
53531.66920066742,2995,124928,8
17032.053918303915,2996,124974,5
7226.709591053775,2997,125006,4
-6079.258014946868,2998,125042,3
34950.555555555555,2999,125070,6
33981.27506888536,3000,125111,6
20742.22604601281,3001,125144,5
22428.571428571428,3002,125160,5
35331.97639400318,3003,125228,6
-1641.9552669552668,3004,125246,3
9037.872405372405,3005,125270,4
-2944.84681984682,3006,125280,3
10638.974949026335,3007,125357,4
18278.035714285714,3008,125378,5
-3908.1651681651683,3009,125395,3
7411.353805054372,3010,125445,4
24959.304740039435,3011,125574,6
-269.2135642135643,3012,125588,3
11690.423693953104,3013,125696,5
1065.3382728382726,3014,125709,3
37528.570834730555,3015,125833,7
33276.29229756797,3016,125894,6
10637.730785296573,3017,125909,4
-4085.2021059006356,3018,125934,3
842.3160173160172,3019,125946,3
-4232.52665420235,3020,125962,3
7071.242887014948,3021,125983,4
8203.285072617213,3022,126020,4
34365.46198449963,3023,126078,6
-6983.759145266498,3024,126112,3
8896.84545030133,3025,126143,4
11125.211165898087,3026,126186,4
11269.086280787335,3027,126220,4
12456.152375402375,3028,126239,4
29497.598896631403,3029,126309,6
32603.679653679654,3030,126333,6
-2094.5959595959594,3031,126344,3
9617.557948434209,3032,126377,4
6652.954452471969,3033,126398,4
-2847.777777777778,3034,126416,3
7175.979071499705,3035,126433,4
21438.712922545074,3036,126482,5
-5734.349041433807,3037,126518,3
-898.4215784215783,3038,126542,3
10365.67577030812,3039,126562,4
8710.807525807526,3040,126588,4
-3936.0562844018723,3041,126612,3
-3552.4346645786272,3042,126630,3
28976.68532190204,3043,126676,6
-5184.221823927706,3044,126706,3
20944.464939085687,3045,126739,5
33404.354632295814,3046,126822,6
39049.20514942574,3047,126895,7
19510.13997414934,3048,126929,5
24126.747701472934,3049,126969,5
10461.500721500724,3050,126999,4
30489.811434480547,3051,127037,6
1051.2445887445886,3052,127052,3
4413.526793983453,3053,127127,4
-4227.616053108826,3054,127146,3
17294.80915047285,3055,127180,5
-7709.527204821322,3056,127224,3
-4997.896825396825,3057,127252,3
-3710.718063924081,3058,127283,3
20491.639936860527,3059,127448,6
-3926.6400266400265,3060,127458,3
-3032.357017982018,3061,127476,3
37829.35141636802,3062,127631,7
21442.98663324979,3063,127660,5
19287.306428708373,3064,127707,5
9032.342032967032,3065,127723,4
19957.66525141525,3066,127773,5
5748.311080044827,3067,127828,4
19740.723998223995,3068,127850,5
21771.780398394178,3069,127891,5
20770.55011809656,3070,127921,5
10793.352419853969,3071,127950,4
6591.999802994973,3072,128012,4
2869.7862547164755,3073,128096,4
19562.738164343595,3074,128180,5
-3801.920701417606,3075,128197,3
27158.803749457948,3076,128287,6
-3135.329523417759,3077,128299,3
10539.88095238095,3078,128318,4
17660.497906161607,3079,128354,5
9279.732142857143,3080,128367,4
21757.678571428572,3081,128394,5
31291.084564730078,3082,128423,6
11766.944444444443,3083,128440,4
27064.581904163955,3084,128556,6
17470.263106761326,3085,128589,5
41542.23439001172,3086,128684,7
-3843.083999333999,3087,128706,3
-1740.8116883116884,3088,128722,3
10543.831752907807,3089,128748,4
28454.00165967504,3090,128815,6
10864.696006607774,3091,128854,4
1633.671606171606,3092,128872,3
-4252.316923272805,3093,128889,3
206.16390768674125,3094,128952,4
-2198.8059897618723,3095,128987,3
11984.30047876287,3096,129020,4
29823.76123824016,3097,129074,6
7825.052447552447,3098,129153,5
13149.576257076256,3099,129211,5
-16292.37156477268,3100,129357,4
21517.958538924097,3101,129404,5
5905.391857620775,3102,129428,4
6584.720475602828,3103,129482,4
4730.259936142287,3104,129520,4
8598.88879184597,3105,129586,5
3377.658730158731,3106,129684,5
-4595.237388385608,3107,129756,4
113.21650571650162,3108,129880,5
-5555.696248196247,3109,129904,3
21978.488802462252,3110,129950,5
-1819.0850815850808,3111,130021,4
18099.284465534463,3112,130068,5
17197.499999999996,3113,130100,5
9630.378787878788,3114,130126,4
5671.495994545531,3115,130185,4
-3735.384199134197,3116,130291,5
-3354.163197913199,3117,130310,3
5097.202380952382,3118,130388,5
-3640.039682539683,3119,130401,3
12279.693917193918,3120,130479,5
-1564.536435786436,3121,130493,3
-21540.419563946616,3122,130755,5
-4554.320296902712,3123,130913,5
-3937.171717171717,3124,130941,3
-1727.702240569889,3125,131063,5
-4128.4341312282495,3126,131099,3
-2251.6414881389974,3127,131148,3
9113.461399711403,3128,131172,4
12306.44660894661,3129,131215,5
5507.877929173083,3130,131249,4
-2956.3096251873353,3131,131351,4
-1096.738816738817,3132,131374,3
7581.7171717171705,3133,131413,4
-3100.9251165501164,3134,131427,3
20035.124679242323,3135,131457,5
-15587.039973914973,3136,131572,4
-3794.277463274973,3137,131599,3
11354.166666666666,3138,131618,4
-13319.573893430574,3139,131690,3
-5263.203463203464,3140,131717,3
2564.0318015318016,3141,131766,4
-4612.936507936509,3142,131789,3
-97.16172716172775,3143,131808,3
-11417.299367299367,3144,131860,3
-4446.760702762486,3145,131877,3
-482.4015307877551,3146,131978,5
-4774.824064824064,3147,132006,3
12182.844377844378,3148,132092,5
-3313.402510185556,3149,132137,3
-12957.731584720745,3150,132253,4
-3134.832667332667,3151,132266,3
11141.65404040404,3152,132284,4
-3570.583999333997,3153,132388,5
-7031.005337737823,3154,132470,4
-7377.777777777777,3155,132507,3
6340.495337995338,3156,132529,4
913.2284382284372,3157,132590,4
4440.210830835831,3158,132739,6
-8056.191096638363,3159,132840,4
1006.6017316017314,3160,132855,3
8072.89231549623,3161,132880,4
-6089.92784992785,3162,132910,3
6742.645738166373,3163,132938,4
-5047.799145299145,3164,132969,3
6715.520590520591,3165,133045,5
2574.3338605838608,3166,133145,5
-21657.00396825398,3167,133372,6
-2556.6980304267454,3168,133384,3
-7042.12554147293,3169,133448,3
-1807.7380952380954,3170,133465,3
18016.405122655124,3171,133510,5
11229.850542558423,3172,133601,5
-13137.583330561065,3173,133745,4
26288.144634003766,3174,133808,6
6314.862021677339,3175,133835,4
635.8703716733899,3176,133933,4
2357.004939504939,3177,133948,3
-5824.84126984127,3178,133983,3
43050.74938949939,3179,134030,7
19557.691678189894,3180,134060,5
6308.578325699064,3181,134122,4
6553.721528124141,3182,134178,4
20420.441336269512,3183,134229,5
-3986.729357397214,3184,134277,3
10389.468155683327,3185,134296,4
-1993.5861932185467,3186,134326,3
-5244.671994671995,3187,134368,3
-4110.077959618342,3188,134384,3
10236.40873015873,3189,134399,4
-13260.523088023088,3190,134451,3
15782.42127519024,3191,134559,5
-5968.383715957245,3192,134604,3
7489.717782217784,3193,134626,4
272.6223866171317,3194,134713,4
3075.3504083486246,3195,134748,4
12615.205040057983,3196,134825,5
-11762.609802179395,3197,134920,3
2503.554529620708,3198,135035,5
2957.994023090771,3199,135104,4
-8699.92784992785,3200,135150,3
-692.7725215960505,3201,135199,4
12592.627050452127,3202,135305,5
-11064.444444444447,3203,135359,3
8669.072606045685,3204,135406,4
12927.47643066764,3205,135487,5
386.73881673881647,3206,135502,3
14893.333333333332,3207,135537,5
13281.071428571428,3208,135594,5
-2716.8179532885415,3209,135622,3
8324.166666666668,3210,135683,5
-7854.285714285714,3211,135715,3
-3715.952380952381,3212,135734,3
8098.888026318369,3213,135824,5
-10166.668265440307,3214,136026,6
5841.741591741591,3215,136048,4
-9455.274170274168,3216,136090,3
-4510.9584496320595,3217,136172,4
-3115.6243756243757,3218,136182,3
-3389.97335997336,3219,136193,3
-3178.3252864042674,3220,136206,3
5756.810232441915,3221,136333,5
-3475.624375624376,3222,136342,3
8138.644383906127,3223,136406,4
-2967.0939155014235,3224,136416,3
-25309.899041917135,3225,136604,4
28374.981374834322,3226,136662,6
12743.169560334523,3227,136782,5
-7253.9047881531715,3228,136843,3
11454.296536796533,3229,136904,5
-12978.698557634316,3230,137018,4
6818.720027476673,3231,137045,4
-4426.355730099083,3232,137068,3
-8081.0806179632145,3233,137153,3
2891.25,3234,137244,5
-3054.6907080389883,3235,137255,3
-5795.638710013457,3236,137307,3
11390.005976350792,3237,137437,5
22670.95238095238,3238,137460,5
-3137.28741975259,3239,137472,3
13256.417124542124,3240,137492,4
15385.007215007217,3241,137539,5
17149.824800953098,3242,137606,5
7190.046967351536,3243,137667,4
-33175.705519111085,3244,137910,5
-3221.9826741885568,3245,137921,3
1057.6009481126246,3246,137985,4
10308.92857142857,3247,138039,5
18926.729381729387,3248,138073,5
1069.1666666666672,3249,138160,5
-13470.493033719546,3250,138321,4
65239.52575880414,3251,138450,9
-8900.973641324797,3252,138508,3
20508.254582534762,3253,138544,5
19390.396471685755,3254,138613,5
10058.091580823486,3255,138689,4
10427.803860310505,3256,138711,4
4257.224943790597,3257,138893,5
-2206.883116883117,3258,138910,3
4914.576957055672,3259,138959,4
27585.279969682582,3260,139022,6
9624.25326350636,3261,139041,4
17963.23490752603,3262,139121,5
27021.573218046673,3263,139224,6
-4247.136645967712,3264,139261,3
46205.71497946498,3265,139327,7
18185.39348594302,3266,139360,5
929.083014349957,3267,139475,4
10222.527314885727,3268,139533,4
20710.055083805084,3269,139593,5
12914.821815753234,3270,139640,4
-3392.570073974874,3271,139675,3
-9355.12280201589,3272,139727,3
34295.548203836464,3273,139851,6
10843.673871063576,3274,139870,4
6719.204157555553,3275,139906,4
11965.774077573611,3276,139995,5
27940.649877728058,3277,140083,6
5140.844439587941,3278,140265,5
9130.28397728862,3279,140289,4
-4192.977569287251,3280,140306,3
-4192.977569287251,3281,140323,3
-4100.541125541125,3282,140346,3
44469.63669113824,3283,140426,7
-3054.6907080389883,3284,140437,3
27158.03348347895,3285,140554,6
9484.712403609463,3286,140593,4
6268.944890678636,3287,140652,4
-2772.402597402597,3288,140663,3
7842.112148257662,3289,140712,4
43962.32772032711,3290,140798,7
11560.59182776288,3291,140818,4
33169.18842595313,3292,140857,6
18619.72134075075,3293,140891,5
10493.418803418801,3294,140907,4
-5775.0858210417055,3295,140951,3
11656.203314659197,3296,140983,4
9189.707139265964,3297,141015,4
20819.599844599845,3298,141042,5
17115.14256739117,3299,141144,5
-9214.346592091646,3300,141204,3
9210.536737474366,3301,141270,4
850.208353737765,3302,141357,4
-2958.3375009922997,3303,141368,3
10252.69314382019,3304,141503,5
-9809.796268253669,3305,141599,3
12527.613867712198,3306,141707,5
7618.266806722688,3307,141726,4
20271.40596589513,3308,141757,5
21999.180707717525,3309,141790,5
-3675.335986682736,3310,141825,3
7434.377705627703,3311,141846,4
19965.833333333332,3312,141862,5
22283.614844383177,3313,141920,5
10260.631313131315,3314,141942,4
23825.69645224057,3315,142032,6
-4058.559191330274,3316,142049,3
6898.177447552447,3317,142069,4
27485.623938483935,3318,142205,6
7786.060767577797,3319,142267,4
-4253.935509475892,3320,142288,3
7259.086061642176,3321,142311,4
2172.1168807972217,3322,142388,4
20184.166666666664,3323,142404,5
18957.26190476191,3324,142435,5
-3151.3381716322897,3325,142448,3
21365.680014430014,3326,142471,5
9746.084054834055,3327,142497,4
-2977.166119484231,3328,142508,3
27320.807664557666,3329,142545,6
31002.731653452083,3330,142671,6
31652.18930812684,3331,142743,6
-14678.605893614702,3332,142953,4
-3945.982362860811,3333,143000,3
12701.372238872238,3334,143034,4
58202.430948973575,3335,143144,9
-3221.9422734128616,3336,143163,3
-3646.7868248658056,3337,143177,3
29084.17409817565,3338,143259,6
1091.2970464534937,3339,143345,4
40830.5361386979,3340,143391,7
35822.133733139926,3341,143541,7
21821.619112367873,3342,143595,5
47908.991298248366,3343,143705,7
377.0079774400681,3344,143780,4
-9829.784339996313,3345,143848,3
11072.504101290866,3346,143865,4
8479.418914418917,3347,143887,4
17555.261812061355,3348,143942,5
-8386.114341979139,3349,144023,3
1317.2328394000224,3350,144112,4
-4711.628880861365,3351,144130,3
-3097.845487845488,3352,144154,3
-7968.406000604144,3353,144192,3
19171.280937629625,3354,144241,5
24075.968267843265,3355,144274,5
5275.500293480173,3356,144324,4
5555.745024669174,3357,144398,4
27932.137447940608,3358,144481,6
17700.96153846154,3359,144492,5
17978.229548229545,3360,144530,5
-7916.881100925219,3361,144575,3
-373.7554112554114,3362,144586,3
10759.07425907426,3363,144612,4
29445.02625156734,3364,144680,6
-4195.602176142558,3365,144702,3
-4507.281054774408,3366,144720,3
2200.984569004828,3367,144791,4
22159.345238095237,3368,144811,5
8737.00223143244,3369,144830,4
16057.806860322322,3370,144915,5
6944.2297974201165,3371,144942,4
3067.464281766005,3372,145011,4
44157.35290795598,3373,145202,8
-2814.885417729845,3374,145215,3
8425.107196724844,3375,145229,4
12131.209836728161,3376,145394,5
15802.769154864738,3377,145458,5
-7424.937399726343,3378,145610,4
-3316.8334933040815,3379,145634,3
2982.8564194159003,3380,145702,4
5973.87686891952,3381,145758,4
-3977.171717171717,3382,145785,3
19386.962577970702,3383,145825,5
9771.150099900102,3384,145839,4
7698.81901724007,3385,145890,4
-2709.7655122655124,3386,145902,3
-3909.1388642317424,3387,146010,4
11285.540465573073,3388,146039,4
27168.684210526317,3389,146086,6
-1914.1400266400267,3390,146116,3
27979.997150999643,3391,146225,6
30045.762599113987,3392,146276,6
46260.56097924039,3393,146400,7
-74.7537343584761,3394,146477,4
-7711.224714398089,3395,146523,3
20449.640914640913,3396,146591,5
23134.22202797203,3397,146630,5
21381.8253968254,3398,146656,5
1282.700632700633,3399,146670,3
9338.808260882564,3400,146695,4
45297.657724971985,3401,146761,7
21518.897768897765,3402,146790,5
6522.802059052056,3403,146839,4
18689.568172494717,3404,146892,5
-3380.4082192317483,3405,146938,3
1927.998865207273,3406,147029,4
22388.526334776336,3407,147059,5
1325.9420961106412,3408,147154,4
48158.466150292785,3409,147264,8
-4711.256401566083,3410,147287,3
1452.8382728382721,3411,147302,3
17989.347357149214,3412,147372,5
4648.910122600137,3413,147418,4
23330.557628645864,3414,147478,5
-4296.155964563472,3415,147502,3
8655.25571495554,3416,147538,4
18704.68202595964,3417,147591,5
32057.069376701722,3418,147638,6
628.4054834054832,3419,147650,3
19522.93124281791,3420,147779,6
1136.9771194316224,3421,147898,4
53112.893874646375,3422,148000,8
13166.727928933813,3423,148058,5
30256.174728049726,3424,148112,6
24046.990756921095,3425,148164,5
31781.55138451609,3426,148251,6
32160.932539682537,3427,148282,6
15472.190624562907,3428,148378,5
-3318.4629354134,3429,148409,3
13068.349652124527,3430,148555,5
21573.447691799083,3431,148588,5
-3069.704523417759,3432,148600,3
1537.7112817691122,3433,148722,4
-4659.545547528032,3434,148741,3
19756.666666666664,3435,148759,5
18077.73124432626,3436,148833,5
30258.221950048584,3437,148888,6
-3383.7591452664983,3438,148903,3
12425.82708957709,3439,148933,4
24768.98731837552,3440,149010,6
24475.403624153627,3441,149052,5
17921.316320838716,3442,149086,5
30759.05067155067,3443,149129,6
29349.53396199231,3444,149356,7
7841.9866591868795,3445,149410,4
8435.380035286551,3446,149551,5
11226.220112017325,3447,149604,4
19571.948514448515,3448,149631,5
32976.78918303919,3449,149669,6
10707.511527000694,3450,149702,4
18997.947853913935,3451,149784,5
13070.777555777555,3452,149842,5
4954.560043284888,3453,149891,4
-3400.7084723841685,3454,149902,3
-6160.147346848198,3455,149944,3
6598.855211910552,3456,150003,4
-8552.941623872703,3457,150072,3
-4507.281054774408,3458,150090,3
7277.051429607544,3459,150110,4
6853.141583106919,3460,150198,4
18133.307100106635,3461,150252,5
18508.333333333332,3462,150260,5
21411.726174152645,3463,150306,5
31807.442735927634,3464,150343,6
18612.102205405365,3465,150398,5
-4754.7029126094785,3466,150427,3
-5139.248893455347,3467,150491,3
21962.896825396827,3468,150520,5
33142.308386058394,3469,150568,6
9967.773337773338,3470,150587,4
33677.2136837191,3471,150655,6
42520.300541177094,3472,150726,7
21029.92849578182,3473,150776,5
-3634.9866582453374,3474,150803,3
-3206.518410639928,3475,150825,3
-5228.8949708515265,3476,150871,3
19990.23809523809,3477,150894,5
34697.110389610396,3478,150934,6
30243.952366675814,3479,150991,6
-4622.0960566388785,3480,151015,3
-2716.4896867838047,3481,151031,3
-2817.1000857176655,3482,151041,3
23347.02380952381,3483,151061,5
11392.517002271545,3484,151096,4
30090.71618783693,3485,151158,6
11403.691813862093,3486,151192,4
33471.5275002775,3487,151240,6
9767.651267204115,3488,151270,4
20496.699254263116,3489,151313,5
21869.727633477632,3490,151343,5
-8534.571433468493,3491,151386,3
30760.821490022547,3492,151437,6
9667.036600835825,3493,151457,4
7184.124078965411,3494,151504,4
7306.994671994673,3495,151520,4
15442.8289971982,3496,151600,5
34434.06068991208,3497,151660,6
13470.798816705288,3498,151752,5
26151.525144102543,3499,151893,6
-3859.2660097128482,3500,151931,3
9226.618752764263,3501,151946,4
-5216.385708701717,3502,151975,3
-3203.8398933367976,3503,151985,3
-3452.363747942729,3504,151997,3
51262.58949383949,3505,152083,8
-4306.044462227024,3506,152111,3
-10510.218405652096,3507,152177,3
-3045.329523417759,3508,152190,3
24093.63539238539,3509,152223,5
17719.200037363742,3510,152273,5
11307.387667327983,3511,152338,5
9740.631846653518,3512,152379,4
18991.977649648026,3513,152472,5
-834.8299749897835,3514,152582,4
8706.036294716634,3515,152616,4
-4193.559191330274,3516,152632,3
-2379.776334776335,3517,152646,3
33947.509549274255,3518,152697,6
-8186.158435086048,3519,152796,3
-3979.1905845272713,3520,152815,3
-3510.73729390515,3521,152862,3
35489.60788652352,3522,152929,6
526.6647618178299,3523,153031,4
9694.353146853147,3524,153051,4
8976.743491931189,3525,153129,4
-4499.328422099505,3526,153147,3
21059.285714285714,3527,153172,5
18371.519995024944,3528,153233,5
2600.0653535752485,3529,153311,4
5252.189477189478,3530,153348,4
-3502.631325717626,3531,153360,3
17779.315742307226,3532,153427,5
21312.323232323233,3533,153453,5
14525.792695716815,3534,153510,5
22228.92829392829,3535,153539,5
15199.676091256302,3536,153614,5
22509.960317460318,3537,153636,5
9223.168081918082,3538,153679,4
19877.599206349205,3539,153720,5
10334.241232623588,3540,153916,6
22443.154761904763,3541,153940,5
23433.162396468197,3542,154069,6
26827.123644329524,3543,154163,6
9951.32106455636,3544,154190,4
41206.65546055252,3545,154273,7
-2600.6491384432566,3546,154297,3
2228.586433131713,3547,154360,4
18992.06786269286,3548,154398,5
-5803.621958376816,3549,154533,4
26332.967171717173,3550,154586,6
-6103.912031595856,3551,154615,3
31991.32575757576,3552,154658,6
-2898.2187510631784,3553,154670,3
14964.100492758544,3554,154763,5
378.5047488201502,3555,154991,5
18715.170091346557,3556,155049,5
68436.38942799548,3557,155145,9
9417.395964458656,3558,155175,4
6941.777962469172,3559,155202,4
21189.733044733046,3560,155238,5
-5386.254809715534,3561,155277,3
45252.698069903956,3562,155337,7
20225.884090166124,3563,155361,5
18060.73261216282,3564,155379,5
-3484.7105723653717,3565,155394,3
34433.85212096125,3566,155450,6
7203.862414841332,3567,155486,4
20629.52112116283,3568,155564,5
19722.5,3569,155580,5
31991.699501478914,3570,155647,6
-3780.5394980798806,3571,155661,3
43092.44682764601,3572,155727,7
-3868.43906091871,3573,155743,3
15448.286615345438,3574,155818,5
24529.632034632028,3575,155851,5
24028.971722721722,3576,155881,5
5260.304058686413,3577,155930,4
1195.8330558330563,3578,155945,3
10215.425824175825,3579,155959,4
41639.284817349835,3580,156060,7
-5368.695495792227,3581,156114,3
8260.567211426345,3582,156143,4
-4012.127365024037,3583,156181,3
19560.03454062277,3584,156232,5
6763.6437173937165,3585,156270,4
9819.544304165049,3586,156295,4
16465.609291117948,3587,156388,5
22615.16719391719,3588,156414,5
1351.9528388278386,3589,156430,3
21220.300631171376,3590,156482,5
44378.40466722819,3591,156534,7
9994.271724853868,3592,156580,4
-3299.1162881236414,3593,156590,3
34905.521284271286,3594,156631,6
21407.11726643259,3595,156682,5
7613.129231879231,3596,156726,4
21642.027014488063,3597,156776,5
-3532.1436994919795,3598,156791,3
-5802.172868134841,3599,156845,3
10067.70221007063,3600,156862,4
10014.86866676495,3601,156880,4
-3171.421538296286,3602,156899,3
10966.651482332596,3603,156922,4
6251.92326249602,3604,156974,4
8556.791527615831,3605,156993,4
19047.446686668354,3606,157054,5
6714.559472456346,3607,157112,4
21152.63492828121,3608,157157,5
7629.061046643195,3609,157228,4
19939.946192438467,3610,157280,5
35083.93308730496,3611,157423,7
-4729.533981884988,3612,157464,3
-2722.048230407363,3613,157494,3
48785.06863563143,3614,157599,8
21483.247414350353,3615,157620,5
4306.013777244428,3616,157665,4
6065.252359869231,3617,157699,4
-2862.8758410492155,3618,157713,3
-6834.561004591737,3619,157781,3
42777.622100122106,3620,157826,7
6388.357465809341,3621,157866,4
22976.979584957528,3622,157908,5
19781.25771625711,3623,157971,5
-3549.7735077299617,3624,158005,3
-2923.3166833166833,3625,158017,3
21478.170024420022,3626,158045,5
-3301.1147778949635,3627,158064,3
30664.879219974628,3628,158112,6
14301.535779632188,3629,158206,5
41230.691975778966,3630,158295,7
6149.343434343433,3631,158310,4
18930.043079424722,3632,158349,5
39789.93723596665,3633,158429,7
23715.67320359864,3634,158545,6
10708.228905597327,3635,158559,4
31490.906262854798,3636,158592,6
9105.863125952135,3637,158617,4
-17226.872925112988,3638,158775,3
-2665.549806445704,3639,158792,3
7520.054945054946,3640,158807,4
25169.874379852812,3641,158935,6
-3030.5406650453087,3642,158964,3
13811.682206682208,3643,158990,4
5538.196547174875,3644,159009,4
15627.80274006516,3645,159112,5
22011.26848641555,3646,159167,5
-4643.660768774729,3647,159205,3
10547.321428571428,3648,159219,4
8237.54433066933,3649,159243,4
44742.23463251351,3650,159430,8
22619.658952158952,3651,159458,5
9465.523390088994,3652,159489,4
9550.911033411034,3653,159519,4
7748.054369521087,3654,159540,4
21312.383866133867,3655,159586,5
5923.827895829513,3656,159645,4
7777.420861732007,3657,159671,4
-6880.169168259389,3658,159730,3
9331.875134669253,3659,159783,4
6726.73156908451,3660,159826,4
9701.362526362525,3661,159848,4
16694.32035284976,3662,159898,5
20166.1890117966,3663,159949,5
9893.50236773031,3664,159986,4
6093.477392475609,3665,160018,4
8780.014430014431,3666,160056,4
18944.10714285714,3667,160079,5
19353.834637584638,3668,160108,5
8748.766421487011,3669,160141,4
9210.310008618831,3670,160158,4
28814.090250135145,3671,160223,6
17794.638948167274,3672,160311,5
23070.953592331298,3673,160345,5
19543.392857142855,3674,160375,5
9199.80058831553,3675,160445,4
-4342.544058736615,3676,160473,3
30014.55532212885,3677,160500,6
18590.93975468976,3678,160545,5
5737.139152166762,3679,160606,4
1574.4440496723746,3680,160705,4
30268.54950604951,3681,160746,6
7872.348158526982,3682,160789,4
34781.80361777885,3683,160838,6
48981.780623526494,3684,160982,8
31484.59054834055,3685,161016,6
20406.13095238095,3686,161048,5
15565.974275376888,3687,161109,5
1351.9528388278386,3688,161125,3
10019.965996765532,3689,161156,4
15544.927708600302,3690,161203,5
-7182.9129113920135,3691,161256,3
7705.778688344008,3692,161277,4
16855.469391159713,3693,161314,5
31905.833333333336,3694,161330,6
19442.955452533464,3695,161435,5
-4100.594036095819,3696,161454,3
38982.43218165526,3697,161520,7
18627.900544587854,3698,161588,5
6055.239680984653,3699,161639,4
17075.008737840883,3700,161709,5
-3449.823020117138,3701,161727,3
-4446.760702762486,3702,161744,3
30405.82363950979,3703,161813,6
2515.7927486562717,3704,161887,4
7973.33021145521,3705,161910,4
17944.81693342927,3706,161971,5
9506.328873654724,3707,162001,4
-2735.406750112633,3708,162017,3
-4550.464134350527,3709,162043,3
18505.399871671158,3710,162066,5
10558.356821841731,3711,162097,4
8797.53353973168,3712,162119,4
-3321.4985014985014,3713,162135,3
29778.408119658117,3714,162177,6
30928.006087984035,3715,162226,6
9319.620016851055,3716,162281,4
12566.488095238095,3717,162298,4
9449.973742287984,3718,162322,4
22434.846681096682,3719,162346,5
20784.544066465085,3720,162369,5
60627.764953522135,3721,162562,9
45268.232591282125,3722,162634,7
16463.546470019417,3723,162709,5
20528.95944741533,3724,162743,5
30774.01621812999,3725,162781,6
18499.778073702742,3726,162842,5
-4065.277607818663,3727,162864,3
20930.27257056669,3728,162891,5
-3126.0621155590197,3729,162902,3
31073.40515388704,3730,162980,6
-6015.121238412664,3731,163035,3
19871.32716140069,3732,163079,5
29586.587694426315,3733,163143,6
10935.012626262625,3734,163163,4
33011.23376623376,3735,163194,6
-3941.1479666044197,3736,163229,3
18061.499358331504,3737,163285,5
14385.701910038626,3738,163356,5
9102.797387511011,3739,163387,4
31719.188842203544,3740,163450,6
29003.884318725657,3741,163511,6
22141.13539238539,3742,163540,5
6740.289341096181,3743,163616,4
7218.843394158999,3744,163645,4
20462.44905074113,3745,163702,5
32995.28249528249,3746,163741,6
30376.867823552257,3747,163775,6
9206.349206349207,3748,163793,4
8612.236929400126,3749,163838,4
68034.16514582395,3750,163944,9
-6754.238503154912,3751,164013,3
55508.27380952379,3752,164078,8
18734.285714285714,3753,164098,5
20058.333333333332,3754,164138,5
18148.202176796,3755,164234,5
21975.135016127664,3756,164262,5
-2489.88122988123,3757,164281,3
15644.332815876936,3758,164354,5
-3464.9346645786272,3759,164373,3
22237.171717171714,3760,164399,5
1111.7388167388165,3761,164412,3
23579.62596652759,3762,164542,6
16207.674070640398,3763,164601,5
7572.079636050224,3764,164626,4
-11884.607111005686,3765,164709,3
18960.151964478595,3766,164755,5
19162.860096705994,3767,164896,6
17125.5090987444,3768,164923,5
42399.69341683243,3769,165029,7
21701.50641025641,3770,165058,5
10724.767732267734,3771,165088,4
38616.55622370404,3772,165146,7
18793.030680041327,3773,165261,5
29795.773809523806,3774,165295,6
-4085.3103423531643,3775,165320,3
28523.81146631147,3776,165357,6
18039.668185867693,3777,165407,5
21915.357142857145,3778,165427,5
32651.642904197244,3779,165465,6
-2816.500754147813,3780,165483,3
44601.20102120102,3781,165549,7
8918.554741014359,3782,165570,4
20287.622387072854,3783,165605,5
8863.072916076013,3784,165626,4
18200.909499427304,3785,165694,5
55910.11806992456,3786,165807,8
6127.405474427535,3787,165851,4
61839.1828394344,3788,165937,9
-3135.997335997336,3789,165958,3
28428.990069528005,3790,166023,6
-10524.314729285541,3791,166093,3
838.8429713990845,3792,166153,4
-770.9415584415585,3793,166168,3
10866.755240708557,3794,166226,4
-1212.5718725718725,3795,166248,3
18547.017941209117,3796,166300,5
-640.377678307245,3797,166325,3
-4585.021197562252,3798,166350,3
7793.487394957981,3799,166365,4
-23869.247679658412,3800,166600,4
17105.654761904763,3801,166620,5
20573.88888888889,3802,166655,5
32374.880738147127,3803,166743,6
-2810.7465451215453,3804,166755,3
31170.895970859216,3805,166826,6
22048.802071036982,3806,166858,5
6376.107030224677,3807,166897,4
3952.6575681394606,3808,166980,4
8384.117480405504,3809,167027,4
-4374.981387874475,3810,167049,3
21471.530630532176,3811,167101,5
30156.088562280507,3812,167176,6
-2948.8634241575423,3813,167198,3
-3301.309801309801,3814,167221,3
36288.31003963357,3815,167258,6
12402.87890039168,3816,167357,5
-2762.7679813282703,3817,167414,3
-4619.196063736446,3818,167436,3
18654.136002886,3819,167496,5
-7606.060639286679,3820,167536,3
20319.84668109668,3821,167563,5
19588.89166389167,3822,167600,5
16559.379740243756,3823,167675,5
18819.14502164502,3824,167708,5
-6601.650054286933,3825,167761,3
19069.446167437665,3826,167832,5
28824.073165826263,3827,167873,6
29044.919447382683,3828,167988,6
17038.944013502834,3829,168042,5
8525.710471831755,3830,168085,4
8702.343972676792,3831,168105,4
2762.6190476190477,3832,168248,5
-4395.500333000333,3833,168270,3
16793.221500721498,3834,168341,5
19462.820512820515,3835,168371,5
19086.329365079364,3836,168413,5
37461.03041652191,3837,168526,7
28272.58963258964,3838,168555,6
6514.780422778639,3839,168581,4
4634.1031442701415,3840,168619,4
8454.26046176046,3841,168647,4
-2983.234824815707,3842,168661,3
22461.428571428572,3843,168682,5
21901.678697119878,3844,168698,5
16171.839410589408,3845,168739,5
19046.904862117673,3846,168838,5
7106.059204383508,3847,168857,4
17905.628766658177,3848,168893,5
46624.86990173644,3849,168978,7
32420.81212889428,3850,169038,6
17677.278472731257,3851,169098,5
-4362.059428574521,3852,169112,3
16678.78642320012,3853,169143,5
6761.488659044774,3854,169159,4
14195.724593043542,3855,169308,5
8585.889166518038,3856,169348,4
-3300.1076741885568,3857,169358,3
-3024.288211788212,3858,169370,3
8194.220516755346,3859,169393,4
-6509.458520196844,3860,169461,3
29254.81917607901,3861,169589,6
8512.296669058347,3862,169637,4
20654.4246031746,3863,169659,5
22241.142010163752,3864,169693,5
27856.60927307986,3865,169726,6
9617.888545278252,3866,169745,4
27460.433608956966,3867,169847,6
8563.521160641905,3868,169872,4
-5089.819993843819,3869,169908,3
-9540.167772758716,3870,169968,3
20029.280492898914,3871,169985,5
1282.700632700633,3872,169999,3
15142.758352758354,3873,170041,5
-6569.271006771008,3874,170085,3
9820.771290917746,3875,170119,4
15961.932053453795,3876,170167,5
8462.092098218258,3877,170200,4
9159.939365610386,3878,170219,4
-4750.578422099505,3879,170241,3
-2960.9724833989544,3880,170268,3
18816.599538915616,3881,170365,5
391.5190365190365,3882,170383,3
56132.685533206044,3883,170457,8
45429.00987422986,3884,170546,7
7126.280672470992,3885,170572,4
-5952.523482709242,3886,170609,3
6851.6312134288155,3887,170665,4
33324.22674547674,3888,170721,6
17376.985389809524,3889,170771,5
-7641.673291665484,3890,170812,3
22612.807168321873,3891,170850,5
-7254.220570486707,3892,170901,3
44240.245310245315,3893,170964,7
21600.0,3894,170975,5
1277.864570599006,3895,171033,4
4337.835497835498,3896,171063,4
19738.333333333336,3897,171076,5
19178.578741949488,3898,171127,5
5632.2780876860825,3899,171196,4
32378.641763392447,3900,171269,6
21422.5,3901,171289,5
6400.3912753912755,3902,171299,4
32269.280164280164,3903,171351,6
9566.792929292931,3904,171375,4
21591.04201233549,3905,171417,5
18112.96481218973,3906,171487,5
6241.650492610248,3907,171618,5
7949.508574799664,3908,171719,5
8302.979242979245,3909,171833,5
20838.7959344577,3910,171873,5
-4202.632682130192,3911,171913,3
7353.654286889584,3912,171944,4
17163.340611057327,3913,172004,5
41240.17752251003,3914,172083,7
14186.346006410009,3915,172193,5
23497.437398893937,3916,172237,5
10634.067985248324,3917,172265,4
10259.975939093587,3918,172287,4
20439.219163189755,3919,172345,5
-4716.612554112555,3920,172372,3
4948.753767732095,3921,172418,4
17410.283113597492,3922,172485,5
19421.038699862234,3923,172556,5
21082.988816738816,3924,172575,5
32802.002319575855,3925,172622,6
21700.16991178756,3926,172664,5
-326.73160173160187,3927,172678,3
1111.7388167388165,3928,172691,3
28764.107142857145,3929,172723,6
1162.2521158552595,3930,172801,4
-3046.1352688848815,3931,172812,3
21355.0,3932,172841,5
6015.625485625486,3933,172877,4
10005.92463092463,3934,172917,4
7856.2974074429185,3935,172936,4
9218.596567865225,3936,172992,4
44873.932595182596,3937,173047,7
56500.877978507364,3938,173161,8
32523.001998002,3939,173223,6
22266.573452683635,3940,173282,5
5488.246842263539,3941,173390,4
19165.92732050254,3942,173469,5
32843.35919579951,3943,173521,6
16526.76283339983,3944,173639,5
22232.615162615162,3945,173674,5
8447.257219045148,3946,173696,4
-5046.864140070157,3947,173751,3
-2943.031866439374,3948,173764,3
31030.74625339886,3949,173831,6
-2709.305547393783,3950,173854,3
32415.167193917194,3951,173882,6
-6259.614604114054,3952,173930,3
9009.179292929293,3953,173957,4
28038.7391155008,3954,174020,6
21148.423104673107,3955,174049,5
9266.717033396597,3956,174094,4
4137.121043463873,3957,174166,4
22679.285714285714,3958,174188,5
30483.927694037997,3959,174250,6
-4925.280542624096,3960,174285,3
10210.80318417393,3961,174327,4
8074.96227193535,3962,174365,4
-3686.722234808535,3963,174378,3
21948.49589333394,3964,174518,6
20525.119252952067,3965,174591,5
31924.310448702738,3966,174666,6
6706.791527615831,3967,174684,4
21999.24335683237,3968,174718,5
-9921.517370658239,3969,174780,3
6901.560872991667,3970,174817,4
19563.145604395602,3971,174857,5
32832.620990120995,3972,174911,6
32021.706234941536,3973,174947,6
-10979.214194967324,3974,175014,3
-3054.6907080389883,3975,175025,3
9229.424351448346,3976,175054,4
10985.054072214034,3977,175085,4
-10426.543743494207,3978,175155,3
40972.453796203794,3979,175231,7
20158.667166167168,3980,175263,5
-3107.2741828604835,3981,175273,3
3259.726395961121,3982,175343,4
34659.17506105006,3983,175389,6
38715.77036224869,3984,175454,7
3896.493783993783,3985,175496,4
22991.971796596026,3986,175598,6
20277.380952380954,3987,175624,5
8271.911666764605,3988,175658,4
44185.32171488156,3989,175742,7
15865.250714926486,3990,175803,5
20511.777739804053,3991,175833,5
19051.47642375348,3992,175887,5
20740.717996528758,3993,175930,5
65833.06413357884,3994,176004,9
7782.760372022045,3995,176058,4
45248.808830058835,3996,176121,7
21624.583333333332,3997,176144,5
43485.29761904761,3998,176187,7
-2789.660595682267,3999,176201,3
18047.506383270847,4000,176265,5
40161.61480676187,4001,176330,7
1282.700632700633,4002,176344,3
22517.602813852813,4003,176377,5
32407.54435107376,4004,176417,6
29367.436692396313,4005,176449,6
20162.5,4006,176465,5
8900.61876504988,4007,176490,4
23530.02929986491,4008,176543,5
13584.19285577995,4009,176642,5
30893.02742149491,4010,176677,6
30318.432138037395,4011,176735,6
22720.098496704533,4012,176770,5
16909.84401975173,4013,176812,5
22211.944305694306,4014,176841,5
15470.103830871347,4015,176891,5
40693.65393979946,4016,177007,7
30458.53174603175,4017,177049,6
12028.273809523807,4018,177069,4
-857.5002775002772,4019,177089,3
8053.7801360090525,4020,177106,4
37817.4810579334,4021,177223,7
17711.617229304928,4022,177292,5
31217.05630068246,4023,177370,6
29698.999888999886,4024,177412,6
-3088.6839549339543,4025,177437,3
27957.03431308113,4026,177498,6
20905.512058246186,4027,177541,5
1195.8330558330563,4028,177556,3
9019.4628982129,4029,177592,4
8510.361569068747,4030,177625,4
19923.976471155267,4031,177686,5
-3329.593915501423,4032,177697,3
29877.022492161952,4033,177802,6
18877.574301988,4034,177818,5
41042.756475550595,4035,177881,7
41053.42398921753,4036,177977,7
-9162.037703438633,4037,178048,3
31826.695526695526,4038,178071,6
21831.192696192702,4039,178110,5
20733.35824208359,4040,178254,6
-3195.445314489432,4041,178264,3
8476.521126577243,4042,178284,4
18728.909571708486,4043,178330,5
7784.4819590322895,4044,178362,4
32664.15043290044,4045,178401,6
5053.041314193813,4046,178438,4
7511.454264536406,4047,178494,4
-4349.328422099505,4048,178511,3
18375.0,4049,178519,5
19672.04051667287,4050,178574,5
18038.427386809803,4051,178608,5
22863.939477889602,4052,178667,5
1195.8330558330563,4053,178682,3
6819.708931204674,4054,178707,4
-3161.497602844352,4055,178732,3
31179.4871174988,4056,178807,6
7087.6945062161785,4057,178855,4
4548.723914394934,4058,178894,4
5060.567543762404,4059,178943,4
-2948.9009519891874,4060,178957,3
53434.5312758277,4061,179042,8
23155.87640300876,4062,179079,5
9399.958553284707,4063,179102,4
-3613.8398933367976,4064,179114,3
23033.948412698413,4065,179141,5
20517.23923647113,4066,179200,5
133.38858622346117,4067,179334,4
-4936.290080830464,4068,179358,3
17838.75790980381,4069,179547,6
21541.19265259164,4070,179587,5
-2562.7164675479216,4071,179631,3
3397.934262029532,4072,179801,5
33561.72716172716,4073,179840,6
5352.539940104316,4074,179906,4
17260.831683213368,4075,179984,5
29067.446997447,4076,180022,6
8747.18253968254,4077,180044,4
-2880.285595682267,4078,180057,3
39436.72252497977,4079,180115,7
10927.25004320324,4080,180183,5
8256.976007254045,4081,180217,4
18999.339064573196,4082,180239,5
9596.531473342618,4083,180285,4
52930.92341045944,4084,180400,8
54803.248250932076,4085,180487,8
6334.895267734614,4086,180543,4
28913.442668442665,4087,180605,6
33833.437153876395,4088,180674,6
12363.91774891775,4089,180691,4
20329.264387573206,4090,180727,5
-1329.0945165945168,4091,180745,3
12883.031732855254,4092,180883,5
52930.76131829464,4093,180972,8
-3448.846292596293,4094,180990,3
20801.161616161615,4095,181014,5
17152.345006246724,4096,181049,5
33519.97294372294,4097,181100,6
19086.85521163227,4098,181144,5
13376.929725051272,4099,181251,5
42452.81610589272,4100,181304,7
6940.598225304109,4101,181368,4
-995.4807447454507,4102,181398,3
28693.76694239863,4103,181481,6
8493.309850624093,4104,181512,4
43218.62193362194,4105,181555,7
33343.749647045355,4106,181610,6
1452.8382728382721,4107,181625,3
-3502.631325717626,4108,181637,3
20756.035284160283,4109,181685,5
19371.720016095012,4110,181731,5
19272.982776877485,4111,181773,5
30954.918842337574,4112,181829,6
18649.821428571428,4113,181849,5
9269.938373460041,4114,181886,4
14580.707377264758,4115,181988,5
-10211.366351886325,4116,182232,4
-2272.6974414474416,4117,182251,3
17040.814046419695,4118,182415,6
28633.73443034433,4119,182527,6
19101.926231018722,4120,182551,5
9752.991591741593,4121,182570,4
9806.941526610644,4122,182585,4
729.5049395049393,4123,182598,3
777.1234321234319,4124,182612,3
13244.64285714286,4125,182646,5
13602.826973975009,4126,182708,5
6042.159088415734,4127,182744,4
33542.03477078477,4128,182776,6
19917.095483635727,4129,182837,5
31493.039395714062,4130,182908,6
25910.238095238095,4131,182954,6
28848.925404507554,4132,183027,6
18893.452380952378,4133,183043,5
32141.309523809527,4134,183074,6
20259.41912340326,4135,183135,5
51025.768120768116,4136,183202,8
3325.6065011886444,4137,183272,4
21069.90037138644,4138,183324,5
8462.9507992008,4139,183342,4
53825.25377400377,4140,183412,8
1784.3263294153394,4141,183481,4
18332.5093533917,4142,183550,5
33878.46153846154,4143,183585,6
33925.90161472514,4144,183639,6
32984.94047619048,4145,183662,6
18225.882691524017,4146,183707,5
20088.996388028896,4147,183728,5
40804.07681370916,4148,183832,7
44782.068903318905,4149,183880,7
21838.678266178267,4150,183902,5
14752.326224257338,4151,183956,5
9219.229247919262,4152,183982,4
8404.808386917519,4153,184026,4
11069.06684410361,4154,184052,4
6282.433748973391,4155,184125,4
9179.83303847855,4156,184141,4
1573.7991603587197,4157,184244,4
67428.36528056551,4158,184356,9
21982.550505050505,4159,184380,5
20566.102863639626,4160,184432,5
20820.221722721722,4161,184461,5
29720.595238095237,4162,184495,6
15475.32522538272,4163,184716,6
17983.938832009746,4164,184794,5
66557.99991674995,4165,184886,9
17600.498636830784,4166,184944,5
8642.493022113767,4167,184973,4
15166.227403702249,4168,185027,5
7123.79082561745,4169,185043,4
31843.004496363632,4170,185124,6
5315.129813427028,4171,185181,4
41589.219351340085,4172,185247,7
18232.708058195687,4173,185341,5
10694.349068905203,4174,185528,5
11079.240404633207,4175,185568,4
18419.584314811742,4176,185623,5
-11771.044533489074,4177,185686,3
20024.35857245236,4178,185750,5
30879.696553446553,4179,185807,6
408.3776376235171,4180,185901,4
8426.792834358623,4181,185931,4
19033.66094969776,4182,185968,5
18645.68181818182,4183,185983,5
9574.581398993165,4184,186008,4
8820.378151260502,4185,186028,4
-4143.4596930025145,4186,186051,3
18164.08792660728,4187,186113,5
8947.554402067322,4188,186149,4
20155.564599444246,4189,186189,5
8201.250240342733,4190,186209,4
54331.3945958358,4191,186283,8
19758.809523809523,4192,186304,5
17729.07239819005,4193,186382,5
20634.346344062145,4194,186469,5
-3395.9215784215785,4195,186496,3
10452.509703059237,4196,186529,4
-3939.883441193123,4197,186545,3
4746.26928850117,4198,186623,4
20520.109751359752,4199,186665,5
3950.35926749549,4200,186740,4
19650.803085803087,4201,186779,5
9066.68956043956,4202,186794,4
9826.014054744704,4203,186814,4
-3664.4689786533736,4204,186835,3
30866.666666666664,4205,186860,6
7523.919899544901,4206,186897,4
15658.340572672718,4207,186964,5
-4930.699189187443,4208,187010,3
9788.762436823581,4209,187042,4
33851.666666666664,4210,187067,6
17241.88311688312,4211,187144,5
8787.471975754737,4212,187273,5
-3707.683982683983,4213,187299,3
1111.7388167388165,4214,187312,3
-2817.1000857176655,4215,187322,3
23050.02489034675,4216,187512,6
21735.13888888889,4217,187539,5
16782.81645212373,4218,187628,5
10260.78781512605,4219,187645,4
9201.442768402905,4220,187682,4
28377.338941401402,4221,187772,6
-6276.275674789607,4222,187805,3
29783.359017143848,4223,187866,6
11330.352559322544,4224,187910,4
18330.31594523468,4225,187957,5
-3502.631325717626,4226,187969,3
1659.906176808789,4227,188060,4
19809.532254381324,4228,188121,5
17063.919651899527,4229,188193,5
45342.959436627585,4230,188266,7
22685.685425685424,4231,188300,5
18493.64814751811,4232,188355,5
49521.2380733993,4233,188495,8
7130.655548961143,4234,188544,4
-22887.971716026084,4235,188708,3
-3232.0217115186156,4236,188719,3
17796.53534094904,4237,188749,5
19716.130034396287,4238,188815,5
-3221.9826741885568,4239,188826,3
27953.443032715477,4240,188956,6
-3797.820587322371,4241,188975,3
21032.42965367965,4242,189009,5
7180.434885256532,4243,189052,4
19797.381229881234,4244,189107,5
31861.028662170305,4245,189176,6
22274.202723500886,4246,189218,5
4902.652928660384,4247,189269,4
29496.482592484914,4248,189322,6
20030.164835164833,4249,189347,5
-4434.281960645285,4250,189386,3
15469.657195874306,4251,189472,5
7828.97453589993,4252,189543,4
2372.3611738938857,4253,189609,4
15918.212322200921,4254,189680,5
29752.508292790804,4255,189725,6
-5272.150599921682,4256,189751,3
6493.422132563,4257,189779,4
-11013.833755420606,4258,189873,3
8919.61646372689,4259,189925,4
32913.2215007215,4260,189957,6
19881.838519514327,4261,190029,5
27926.96728427493,4262,190165,6
9965.797446018034,4263,190216,4
15407.866295002834,4264,190250,5
20092.804222566218,4265,190275,5
37615.68357162761,4266,190412,7
9036.025163669507,4267,190475,4
20376.522137992724,4268,190531,5
17481.58180871416,4269,190560,5
-5397.369343056548,4270,190592,3
20467.81752410815,4271,190633,5
368.41491841491825,4272,190649,3
-1875.3697513008326,4273,190712,3
7939.137815328137,4274,190735,4
34636.31673881674,4275,190771,6
6920.459587711911,4276,190816,4
21621.48705096074,4277,190833,5
19377.62547974042,4278,190909,5
1622.4997224997232,4279,190925,3
26110.114120265254,4280,191016,6
-2965.4236485416404,4281,191092,3
-2866.8120656433352,4282,191130,3
21922.24813970224,4283,191181,5
32465.46920614646,4284,191235,6
19001.537165534846,4285,191302,5
8312.291978635027,4286,191364,4
31330.839854589853,4287,191408,6
11390.745920745921,4288,191428,4
9578.153155126234,4289,191454,4
-4457.155345176428,4290,191478,3
42913.00229535201,4291,191571,7
-2027.5667907943443,4292,191600,3
7161.831264066172,4293,191619,4
31258.90837423446,4294,191667,6
21468.245177871446,4295,191713,5
9965.554443621393,4296,191749,4
5658.584349087445,4297,191769,4
8451.118316406371,4298,191812,4
21562.17582417582,4299,191835,5
11024.841269841269,4300,191859,4
21135.0,4301,191872,5
18847.65873015873,4302,191902,5
-3876.509315318997,4303,191917,3
77422.03175393578,4304,192045,10
6801.835730488979,4305,192072,4
7469.478867473438,4306,192120,4
8758.353929996738,4307,192166,4
4827.017261848919,4308,192225,4
11457.101510460643,4309,192253,4
-2468.7082808832038,4310,192266,3
19914.45679320679,4311,192306,5
-3974.167777246758,4312,192322,3
21746.726190476187,4313,192343,5
10740.68459692929,4314,192444,5
20107.657138211474,4315,192500,5
9788.734022321687,4316,192563,4
35048.58044733045,4317,192592,6
-3046.1352688848815,4318,192603,3
8868.236663782665,4319,192650,4
8985.09324009324,4320,192671,4
9910.15981573055,4321,192702,4
27554.113324625,4322,192800,6
63492.311079443425,4323,192887,9
9587.367366680446,4324,192938,4
49645.251615295165,4325,193053,8
11815.469498681581,4326,193184,5
40223.781124920824,4327,193264,7
-5525.247624107919,4328,193292,3
18399.493335946652,4329,193363,5
-7569.431106471489,4330,193403,3
19687.5,4331,193431,5
33733.14338439339,4332,193473,6
8112.39839790089,4333,193524,4
43878.387454049225,4334,193596,7
-3681.2512797206246,4335,193623,3
18747.380952380954,4336,193644,5
-4844.458273228538,4337,193678,3
22976.67624042624,4338,193720,5
5274.702944759058,4339,193755,4
1665.2166857685766,4340,193845,4
4642.39579005446,4341,193917,4
32166.353923853923,4342,193947,6
30955.019841269837,4343,193985,6
21322.100060886823,4344,194009,5
-2251.21489707403,4345,194034,3
21981.84523809524,4346,194055,5
18851.564601362355,4347,194093,5
23031.949774941262,4348,194158,5
4998.803021883517,4349,194206,4
6877.859754194891,4350,194254,4
51600.53352542709,4351,194405,8
32538.34054834055,4352,194430,6
9200.736396816117,4353,194463,4
28932.18784235648,4354,194518,6
20083.21340424282,4355,194541,5
44608.53174603174,4356,194601,7
19792.61349812524,4357,194666,5
31287.957094971993,4358,194731,6
20276.772290222518,4359,194796,5
15958.349826558042,4360,194870,5
46973.37523179436,4361,194956,7
-1349.9997551468139,4362,194978,3
22038.333333333336,4363,194991,5
-4155.000616053854,4364,195022,3
33834.32441848657,4365,195063,6
19328.00254348111,4366,195146,5
-3844.7453093077334,4367,195211,3
19240.19841269841,4368,195244,5
23126.832611832615,4369,195272,5
9518.881810138451,4370,195306,4
-4179.655573338136,4371,195331,3
31018.609890150987,4372,195407,6
21232.38538675496,4373,195605,6
6819.474127125846,4374,195624,4
29635.232683982686,4375,195649,6
34628.91578909112,4376,195709,6
21725.416666666664,4377,195729,5
31427.05286457608,4378,195807,6
30630.837463229625,4379,195914,6
53969.88944645191,4380,196007,8
11460.643338252277,4381,196135,5
17770.951760504493,4382,196214,5
8633.67821720763,4383,196242,4
46120.86765294388,4384,196332,7
14821.273448194464,4385,196383,5
55920.043027547974,4386,196484,8
10407.906162464986,4387,196500,4
13732.759879009876,4388,196536,4
32904.793969763945,4389,196610,6
6474.3986979223055,4390,196646,4
52922.36431383188,4391,196724,8
11442.57006882007,4392,196754,4
-3154.191175778029,4393,196794,3
45466.00108225109,4394,196823,7
28424.46502843562,4395,196918,6
-4062.7032548791217,4396,196939,3
11392.86019127931,4397,196973,4
23089.462834851773,4398,197113,6
-3273.614450564915,4399,197132,3
-2282.179625929626,4400,197149,3
33250.45634920635,4401,197190,6
8196.385309736705,4402,197231,4
32872.35907523998,4403,197368,7
32787.97799422799,4404,197419,6
11742.07812526311,4405,197536,5
1721.762423869336,4406,197603,4
6926.160106663201,4407,197625,4
-1788.7546287150874,4408,197746,4
31755.535853035857,4409,197802,6
12629.618575868573,4410,197825,4
-4258.258550622512,4411,197853,3
7178.880540254379,4412,197898,4
20974.531024531025,4413,197933,5
40028.22974497123,4414,197995,7
7443.0354785281415,4415,198014,4
11495.74657368775,4416,198051,4
-2706.579878454879,4417,198064,3
35945.74864677806,4418,198188,7
29884.44023935838,4419,198302,6
17313.557807510086,4420,198404,5
18723.779615637202,4421,198448,5
16878.111197517574,4422,198500,5
18635.28270405206,4423,198582,5
-3484.714389404908,4424,198615,3
44625.09204439353,4425,198685,7
23485.11904761905,4426,198713,5
24357.46642246642,4427,198750,5
35172.03369751163,4428,198795,6
21266.785714285714,4429,198816,5
49496.46797174273,4430,198920,8
-4044.478517511563,4431,198964,3
-3684.6876785924774,4432,198983,3
-4446.760702762486,4433,199000,3
43955.28293301126,4434,199061,7
8830.700789523717,4435,199115,4
7498.0577121312745,4436,199164,4
17982.25652873098,4437,199202,5
9558.886958629606,4438,199218,4
-5713.431390036131,4439,199267,3
7690.643767996709,4440,199306,4
19281.6152904543,4441,199334,5
-4507.712015366815,4442,199359,3
-3769.9341100076394,4443,199378,3
-5660.639269785942,4444,199419,3
19684.70238095238,4445,199443,5
5196.145650445187,4446,199517,4
-4711.628880861365,4447,199535,3
20951.314959550255,4448,199575,5
8795.230922552568,4449,199619,4
19776.69483294484,4450,199650,5
-3145.162309525699,4451,199667,3
-8118.703092274231,4452,199722,3
28572.04365079365,4453,199773,6
15016.368276219462,4454,199866,5
6895.562916699593,4455,199928,4
495.8330558330563,4456,199943,3
24634.416555666554,4457,199972,5
-14175.32707064501,4458,200085,3
11557.356250076233,4459,200118,4
20381.607142857145,4460,200134,5
10939.984737484738,4461,200158,4
14099.3016916378,4462,200235,5
21774.444444444445,4463,200247,5
-5128.876598119372,4464,200280,3
20239.456445929893,4465,200336,5
41392.48015873016,4466,200376,7
33912.13877299411,4467,200508,7
19987.30124002469,4468,200567,5
10457.239388578399,4469,200603,4
20831.15521270917,4470,200685,5
20964.11172161172,4471,200704,5
1743.1608020182366,4472,200900,5
34164.99819624819,4473,200939,6
13715.130618678371,4474,200990,5
40367.58441534971,4475,201092,7
44969.13239538239,4476,201136,7
21924.770878416384,4477,201176,5
3884.509443085294,4478,201245,4
2219.467775320431,4479,201333,4
9639.575848212524,4480,201366,4
16460.50101687098,4481,201416,5
74968.95723409009,4482,201532,10
22752.537878787876,4483,201570,5
22624.903122333464,4484,201625,5
31408.495670995675,4485,201658,6
42742.367216976345,4486,201721,7
22174.11310911311,4487,201757,5
29043.384019231537,4488,201828,6
8753.966451505152,4489,201857,4
33935.7215007215,4490,201904,6
29118.770583991172,4491,201966,6
-4121.664867370323,4492,201985,3
23586.018911643914,4493,202031,5
19696.918498168496,4494,202063,5
17170.74020836405,4495,202097,5
1270.012918962102,4496,202178,4
41301.71420727535,4497,202251,7
31962.16582029082,4498,202310,6
-3774.14540228193,4499,202344,3
25983.280065242212,4500,202472,6
19379.37678149837,4501,202545,5
9920.735294117647,4502,202557,4
-11955.483815028845,4503,202630,3
22002.380952380954,4504,202648,5
7344.244845711564,4505,202667,4
11271.482683982684,4506,202685,4
-3996.8069477821805,4507,202714,3
29401.001198280872,4508,202799,6
10707.02380952381,4509,202820,4
-3439.5624729624924,4510,202853,3
-3292.444783673499,4511,202870,3
18868.788663027794,4512,202914,5
19206.905426848323,4513,203003,5
-4291.121811970429,4514,203028,3
22353.928571428572,4515,203048,5
6436.993738116029,4516,203092,4
-4000.2587756010657,4517,203116,3
12327.341269841269,4518,203132,4
15325.441919191919,4519,203168,5
15206.233766233769,4520,203204,5
31204.3878998968,4521,203231,6
8364.459577015694,4522,203257,4
31644.82596866498,4523,203316,6
18524.17019255253,4524,203380,5
34496.15620490621,4525,203424,6
45550.16403736426,4526,203515,7
5999.815976936722,4527,203568,4
22394.91106116106,4528,203605,5
-3519.7813178082392,4529,203636,3
21576.785714285717,4530,203655,5
23112.233044733046,4531,203683,5
53644.623987123974,4532,203730,8
21394.455266955265,4533,203761,5
23851.455087310354,4534,203796,5
69064.38976947189,4535,203938,9
22411.891948631077,4536,203973,5
5837.436448085997,4537,204004,4
-11112.058106804356,4538,204105,3
-3709.4985080279203,4539,204189,4
-891.7859939338266,4540,204222,3
1150.3228747292553,4541,204286,4
19114.76121573645,4542,204392,6
-7437.8257296308675,4543,204511,4
18278.22691197691,4544,204545,5
29235.774862392514,4545,204577,6
-4902.096323064422,4546,204642,3
-2958.3375009922997,4547,204653,3
15316.295267245487,4548,204727,5
21843.34054834055,4549,204753,5
-1210.9666327450702,4550,204956,6
16821.64974774108,4551,205032,5
-4103.960126354056,4552,205063,3
9853.73462776959,4553,205092,4
10815.11517893871,4554,205112,4
30394.16851015343,4555,205212,6
8547.291739263488,4556,205233,4
21051.778886962707,4557,205302,5
8011.721213662422,4558,205346,4
80635.63124783713,4559,205472,11
7226.778979534398,4560,205526,4
18177.97619047619,4561,205558,5
40350.15540512343,4562,205676,7
22988.363297778928,4563,205724,5
19264.181512931515,4564,205761,5
13004.00228168804,4565,205892,5
-2948.9009519891874,4566,205906,3
8119.884559884562,4567,205937,4
-2892.398851148851,4568,205950,3
10179.04692650345,4569,205969,4
43173.44107346043,4570,206062,7
55786.60839160839,4571,206109,8
19660.95238095238,4572,206131,5
23269.81906981907,4573,206179,5
-5420.43243314619,4574,206206,3
7513.191585489338,4575,206233,4
8247.278540602843,4576,206253,4
6753.075205453305,4577,206337,4
21643.374414841976,4578,206380,5
20719.166666666664,4579,206406,5
6984.629235612731,4580,206436,4
15246.567885258206,4581,206465,5
20551.778233751313,4582,206546,5
47891.11102967887,4583,206714,8
83115.24198024198,4584,206804,11
-4115.3468435589175,4585,206843,3
12047.516143986733,4586,206860,4
18595.9126984127,4587,206895,5
1527.587165255814,4588,206953,4
21280.47619047619,4589,206971,5
4935.177911458567,4590,207017,4
8092.549157284064,4591,207036,4
19296.79812018047,4592,207104,5
11608.43011155511,4593,207126,4
8418.296633921633,4594,207154,4
30828.72888884902,4595,207272,6
18439.790625461646,4596,207316,5
12951.079801906042,4597,207344,4
5970.669025071632,4598,207413,4
30270.93392718393,4599,207454,6
11353.847055722055,4600,207485,4
34134.80635141432,4601,207534,6
22429.852231102235,4602,207572,5
10470.480778036894,4603,207593,4
27957.9985412764,4604,207689,6
6051.9539037860495,4605,207720,4
29386.024531024537,4606,207790,6
25645.54117687438,4607,207890,6
8770.263106419474,4608,207921,4
21041.070734820732,4609,207968,5
6455.4010151299335,4610,207999,4
69837.75928728133,4611,208079,9
14928.371119138632,4612,208107,5
9055.01477817848,4613,208129,4
46144.78674103674,4614,208183,7
6833.24061151267,4615,208230,4
19011.03279404447,4616,208290,5
6903.385642135646,4617,208335,4
11737.53897289501,4618,208360,4
17028.78545151958,4619,208392,5
4558.170995670994,4620,208422,4
33148.62900944945,4621,208508,6
23647.790322422676,4622,208542,5
40997.3353035853,4623,208610,7
37259.07460868256,4624,208718,7
21737.857142857145,4625,208737,5
20732.85260682387,4626,208796,5
-7138.097174803628,4627,208867,3
5970.504392313164,4628,208902,4
7434.239110992205,4629,208928,4
-3343.613751825992,4630,208967,3
41321.39110889111,4631,209025,7
21852.301587301587,4632,209048,5
21095.66397804981,4633,209100,5
7853.673114848241,4634,209164,4
-985.3953457813325,4635,209203,3
19607.454671026313,4636,209258,5
40015.01587569413,4637,209345,7
29786.523545898548,4638,209396,6
29988.611111111117,4639,209438,6
19980.257105725374,4640,209505,5
40861.34055645749,4641,209571,7
13736.83878975304,4642,209626,5
31549.66668178743,4643,209661,6
41544.93978243978,4644,209716,7
47088.48509511793,4645,209800,7
19804.472819706953,4646,209853,5
8295.17857142857,4647,209880,4
7989.496780533596,4648,209910,4
20609.0293040293,4649,209931,5
21415.886972504617,4650,209970,5
22801.433982683982,4651,210002,5
23067.890856772647,4652,210096,6
10843.116883116882,4653,210111,4
-3442.5992934853134,4654,210153,3
62834.56431940952,4655,210232,9
50911.08423439304,4656,210335,8
-1487.5737935954648,4657,210364,3
9800.244035070089,4658,210397,4
31578.256326485236,4659,210436,6
3701.2613102841415,4660,210467,4
25802.230648983135,4661,210567,6
18565.097010832313,4662,210630,5
16857.84138457487,4663,210700,5
20151.944444444445,4664,210710,5
19715.415535253196,4665,210763,5
21886.42857142857,4666,210780,5
31815.358946608943,4667,210812,6
19822.180862714013,4668,210853,5
14726.40795611636,4669,210937,5
34264.921051171055,4670,210972,6
16884.367621542548,4671,211040,5
21692.36111111111,4672,211067,5
22423.09731934732,4673,211099,5
5399.591429505721,4674,211175,4
45833.29739146303,4675,211245,7
-5574.836027413157,4676,211297,3
31949.757326007326,4677,211321,6
19690.499869299572,4678,211401,5
22958.41561216561,4679,211435,5
33946.82799413685,4680,211493,6
-5439.248554815858,4681,211539,3
21821.948051948053,4682,211557,5
34339.778659163334,4683,211638,6
19033.333333333336,4684,211647,5
21466.07142857143,4685,211676,5
42797.07494057482,4686,211780,7
21385.436507936512,4687,211804,5
19882.371794871797,4688,211815,5
21674.889386714072,4689,211862,5
11562.2048941266,4690,211974,5
8625.879322520272,4691,212004,4
38750.64015748612,4692,212115,7
-2652.4066937534426,4693,212140,3
21831.130952380958,4694,212169,5
21046.23407203069,4695,212245,5
30673.690476190473,4696,212279,6
-10178.29273667509,4697,212348,3
3265.644672235229,4698,212422,4
-3422.9308024277066,4699,212434,3
43257.23573639982,4700,212481,7
6471.655095510225,4701,212548,4
-2894.5939155014235,4702,212559,3
21224.501054501052,4703,212600,5
21290.20497068291,4704,212650,5
-4045.079641720509,4705,212688,3
21213.908730158728,4706,212716,5
-3300.1076741885568,4707,212726,3
-2598.7995337995335,4708,212741,3
32659.33906414364,4709,212813,6
8027.777578458696,4710,212839,4
24064.67804926561,4711,212962,6
20649.821428571428,4712,212978,5
19465.885676495396,4713,213048,5
6672.066544566544,4714,213091,4
-2533.6707917151643,4715,213260,4
-3801.920701417606,4716,213277,3
20414.64444161752,4717,213333,5
54148.54076479078,4718,213389,8
19098.988095238095,4719,213417,5
16542.773969535647,4720,213476,5
-12031.625979500524,4721,213545,3
20623.809523809523,4722,213569,5
14681.945629227566,4723,213687,5
-4434.072296965385,4724,213708,3
22811.834415584417,4725,213730,5
21435.503246753247,4726,213760,5
19772.298475350202,4727,213798,5
32911.845234378554,4728,213854,6
22351.144700065575,4729,213918,5
11142.386049940398,4730,213939,4
19077.023809523806,4731,213956,5
20732.152278789014,4732,214028,5
11163.626998001997,4733,214057,4
22234.3253968254,4734,214081,5
33564.79091551399,4735,214142,6
31815.714285714283,4736,214165,6
41158.300562694654,4737,214260,7
22657.39130150895,4738,214306,5
41603.95160395161,4739,214362,7
7723.796471448191,4740,214377,4
-2747.534868326361,4741,214388,3
43748.180569430566,4742,214437,7
-2972.2741828604835,4743,214448,3
18612.922234229674,4744,214498,5
-2497.3487750938284,4745,214519,3
35444.14269991947,4746,214579,6
23008.26229326229,4747,214611,5
25622.09716753834,4748,214651,5
4257.743894646509,4749,214732,4
18900.714285714286,4750,214750,5
10386.86507936508,4751,214776,4
7884.518786167397,4752,214825,4
4206.647746235312,4753,214885,4
19105.303174011864,4754,214985,5
22152.599206349205,4755,215013,5
31207.380952380954,4756,215045,6
-4351.262642586173,4757,215086,3
42992.73663428074,4758,215150,7
32648.3442945943,4759,215184,6
19992.321428571428,4760,215207,5
-4118.489068981842,4761,215228,3
5348.326317168944,4762,215268,4
20419.020954226206,4763,215350,5
22150.628826797558,4764,215396,5
10431.046176046177,4765,215414,4
9782.848850066342,4766,215430,4
33790.793650793654,4767,215454,6
9167.472388722388,4768,215499,4
7558.407635321337,4769,215511,4
29793.571428571428,4770,215548,6
-9929.210429328321,4771,215616,3
21091.47164110399,4772,215650,5
41593.57142857143,4773,215681,7
-2812.285488138613,4774,215729,3
23002.866161616163,4775,215757,5
36720.969621195945,4776,215846,7
1195.8330558330563,4777,215861,3
21289.85974794189,4778,215922,5
41852.25961151851,4779,215983,7
23447.03643578644,4780,216008,5
-2589.4225004441714,4781,216024,3
18918.589576702972,4782,216078,5
21206.626984126986,4783,216102,5
18309.639703086432,4784,216180,5
19520.553793081406,4785,216246,5
19689.474189017736,4786,216314,5
20005.90013486685,4787,216359,5
21487.962184873948,4788,216382,5
24629.99382561883,4789,216415,5
35484.76516539017,4790,216461,6
20998.492063492064,4791,216472,5
50113.673821019016,4792,216542,8
40722.32705203294,4793,216611,7
20251.04661662876,4794,216670,5
24758.970196470196,4795,216704,5
24024.999926114473,4796,216766,5
32922.09282534445,4797,216839,6
20876.937506937506,4798,216876,5
5521.594654823573,4799,216904,4
377.0107828991397,4800,217044,4
23086.955266955265,4801,217081,5
22465.714285714286,4802,217110,5
-4700.0090187590185,4803,217141,3
45653.464590964584,4804,217214,7
20963.52014063509,4805,217271,5
-6681.072817314954,4806,217317,3
7965.274887287473,4807,217374,4
7977.760188512899,4808,217414,4
9716.205343933674,4809,217451,4
35653.62104162607,4810,217516,6
4886.610125985126,4811,217559,4
42554.82252090986,4812,217665,7
17981.055920343842,4813,217721,5
9391.598842334137,4814,217743,4
34514.78285603285,4815,217783,6
19194.94152905918,4816,217835,5
21722.142857142855,4817,217850,5
34244.870684870686,4818,217915,6
25293.25836405036,4819,218017,6
-6053.040190624052,4820,218050,3
8216.91336006291,4821,218087,4
21461.931782350326,4822,218144,5
21046.156204906205,4823,218173,5
29252.62201936351,4824,218245,6
40998.018422561974,4825,218324,7
19199.02676925721,4826,218394,5
15047.40583461946,4827,218452,5
21004.940476190477,4828,218472,5
-3827.784224289642,4829,218508,3
34612.77132589633,4830,218546,6
21999.642857142855,4831,218569,5
40039.4978744166,4832,218635,7
23054.016816516814,4833,218659,5
30691.137870986946,4834,218746,6
22832.90528915529,4835,218773,5
-2781.2173120996654,4836,218792,3
23257.487442682876,4837,218836,5
17914.977744728018,4838,218899,5
10646.078989589254,4839,218933,4
18288.713170214716,4840,218990,5
45718.56371932311,4841,219072,7
-5490.570580398871,4842,219130,3
32322.678571428572,4843,219152,6
16813.344642328768,4844,219222,5
17653.352808369298,4845,219296,5
16240.909074784773,4846,219391,5
18555.516436822552,4847,219423,5
7190.957036468714,4848,219476,4
9000.70192750146,4849,219495,4
5133.629339429671,4850,219532,4
12951.079801906042,4851,219560,4
-4180.763977381557,4852,219582,3
13479.407212836593,4853,219717,5
-5176.500123933812,4854,219756,3
8726.520048578874,4855,219795,4
1260.1755760454812,4856,220013,5
17971.431402286267,4857,220200,6
-1249.6629428363174,4858,220229,3
-3232.0217115186156,4859,220240,3
15920.38088588398,4860,220324,5
20635.416666666664,4861,220335,5
6676.964285714285,4862,220420,5
7742.844989846606,4863,220485,4
21080.241019748864,4864,220529,5
1359.6383015301099,4865,220623,4
-487.4723953146865,4866,220698,4
5109.909175660794,4867,220773,4
20219.325396825396,4868,220795,5
-3008.7669572074774,4869,220880,4
22983.095238095237,4870,220898,5
5364.610389610391,4871,220930,4
9128.214285714283,4872,221010,5
8198.156959474827,4873,221039,4
7603.4913003663,4874,221112,5
23135.564333542276,4875,221228,6
32713.57142857143,4876,221295,7
21369.821428571428,4877,221314,5
6653.425352597179,4878,221341,4
8703.736050484265,4879,221370,4
-8252.906659099213,4880,221420,3
-3525.124218531726,4881,221436,3
20072.853238093176,4882,221477,5
46448.95202020202,4883,221538,7
35395.90818903319,4884,221596,6
34160.36255411255,4885,221642,6
4529.112454107491,4886,221713,4
-3321.858383011799,4887,221744,3
22951.13816738817,4888,221771,5
19370.238095238095,4889,221805,5
19221.893654376236,4890,221831,5
31050.595238095237,4891,221857,6
32800.98831723831,4892,221906,6
7695.215043655362,4893,221924,4
45283.42352092351,4894,221966,7
65429.18745470216,4895,222052,9
28634.586986604507,4896,222088,6
32845.340320154566,4897,222131,6
20534.844363000033,4898,222216,5
23204.4715007215,4899,222251,5
-2427.1605956822677,4900,222264,3
16651.34676575626,4901,222351,5
52385.80336330336,4902,222406,8
20755.833333333336,4903,222425,5
5198.128366731307,4904,222524,5
13821.871037862691,4905,222634,5
6278.239297237515,4906,222655,4
23295.257936507936,4907,222685,5
24938.34716753834,4908,222728,5
9294.884091871321,4909,222770,4
-4561.628880861365,4910,222787,3
19922.5,4911,222818,5
21890.27874902875,4912,222839,5
17817.458203561146,4913,222905,5
21332.305194805198,4914,222951,5
-2946.6311487789817,4915,222998,3
-2865.394078780958,4916,223010,3
18049.54365079365,4917,223056,5
30556.985930735933,4918,223088,6
23099.709387834388,4919,223121,5
21633.977272727276,4920,223139,5
21493.357051445288,4921,223180,5
1010.8756293586007,4922,223306,4
-2967.0939155014235,4923,223316,3
20192.272727272728,4924,223330,5
32089.6158008658,4925,223367,6
20051.38419571634,4926,223427,5
20448.333333333332,4927,223441,5
19842.92067624498,4928,223472,5
22393.055555555555,4929,223500,5
20541.071428571428,4930,223513,5
20576.90476190476,4931,223532,5
6725.793242825121,4932,223599,4
-3709.2016230113045,4933,223613,3
16432.607077305223,4934,223680,5
20055.0,4935,223691,5
2973.384316740843,4936,223812,4
20846.666666666664,4937,223834,5
41112.380952380954,4938,223868,7
65624.42245448053,4939,224010,9
36887.63159376741,4940,224078,6
18474.72326641711,4941,224124,5
-9404.361450177676,4942,224175,3
21096.42857142857,4943,224193,5
20044.49836154558,4944,224218,5
-4739.13040083007,4945,224240,3
20715.454545454544,4946,224250,5
-4499.68707630033,4947,224292,3
-1205.6133164221396,4948,224314,3
20364.880952380954,4949,224340,5
8706.110137366783,4950,224365,4
19556.060606060608,4951,224377,5
19293.0391632791,4952,224430,5
11135.714285714286,4953,224447,4
22976.74603174603,4954,224472,5
10136.581066637184,4955,224486,4
-4192.977569287251,4956,224503,3
-14086.100449769014,4957,224646,3
-3945.6804628563295,4958,224669,3
14426.308666889365,4959,224761,5
-12648.215816046695,4960,224978,5
18207.738095238095,4961,224999,5
17445.119047619046,4962,225111,6
7515.759755380498,4963,225149,4
7844.393171645659,4964,225189,4
6389.161035043388,4965,225223,4
14365.86155823419,4966,225322,5
34108.77148048814,4967,225383,6
15815.711192402368,4968,225447,5
15587.93631849746,4969,225513,5
20344.658907269204,4970,225574,5
26623.21523613188,4971,225645,5
17814.413652410018,4972,225721,5
-4313.803710479407,4973,225738,3
20640.16669604905,4974,225787,5
19202.303675746745,4975,225879,5
-8304.283781663813,4976,225924,3
29001.666666666668,4977,225946,6
7825.919913419913,4978,226033,5
-8402.931017594208,4979,226080,3
20087.51984126984,4980,226110,5
19752.777777777777,4981,226150,5
18422.240259740258,4982,226200,5
-3079.9516035351135,4983,226317,4
33654.741406469344,4984,226356,6
13842.42057293225,4985,226447,5
32209.33678630987,4986,226524,6
11108.58031974905,4987,226602,5
133.61083361083365,4988,226616,3
19302.443114496276,4989,226682,5
8841.919934640522,4990,226707,4
9817.456016850365,4991,226818,5
1227.9323432845129,4992,226915,4
1819.2443667443688,4993,227061,5
-4110.107260449551,4994,227088,3
23077.347236097237,4995,227112,5
16364.290926222027,4996,227207,5
14607.33620087306,4997,227329,5
-7065.476190476186,4998,227488,5
23437.17678155178,4999,227532,5
193.6255411255413,5000,227597,4
21223.87365472505,5001,227618,5
10082.142857142855,5002,227700,5
9511.817488067489,5003,227725,4
10043.56558373413,5004,227776,4
10843.804908971313,5005,227904,5
-2613.6222547232605,5006,227926,3
22456.984126984127,5007,228005,6
10803.917904275399,5008,228166,5
26126.453260361926,5009,228265,6
22682.14285714286,5010,228281,5
-3640.1889533568096,5011,228311,3
37528.32696199569,5012,228443,7
9281.599052224303,5013,228481,4
7608.571424490541,5014,228515,4
50581.535821888516,5015,228691,8
21563.121045621047,5016,228716,5
20270.83811508633,5017,228752,5
22738.43434343435,5018,228792,5
8696.798151109295,5019,228831,4
-6876.700916196168,5020,228895,3
31993.452380952378,5021,228923,6
15277.10539460539,5022,228990,5
6619.464285714284,5023,229021,4
22999.821428571428,5024,229040,5
2651.907841636756,5025,229086,4
28663.22494971489,5026,229156,6
28042.559523809527,5027,229197,6
-2187.372736228641,5028,229292,4
20587.97619047619,5029,229311,5
23762.55702630703,5030,229342,5
22823.55158730159,5031,229362,5
29001.138432376218,5032,229435,6
30810.603810534147,5033,229497,6
46791.18060302271,5034,229553,7
19231.269104179446,5035,229596,5
-4301.7504322303075,5036,229651,3
33528.502943135296,5037,229688,6
30689.94769119769,5038,229728,6
44634.37585290526,5039,229791,7
44425.00721500722,5040,229826,7
32849.38672438672,5041,229874,6
20787.65873015873,5042,229909,5
31006.07142857143,5043,229944,6
-2338.716634672518,5044,229973,3
-2664.092364678665,5045,229983,3
-4760.146103896104,5046,230003,3
19003.353841375192,5047,230070,5
-3862.9355344456058,5048,230215,4
54952.75252525254,5049,230282,8
23236.333943833943,5050,230305,5
3294.087301587302,5051,230409,5
21777.89502164502,5052,230426,5
18029.56349206349,5053,230521,6
19520.948589808882,5054,230573,5
-9181.466988249109,5055,230781,5
23469.781746031746,5056,230802,5
16175.080300437212,5057,230841,5
23977.560217560214,5058,230873,5
2446.666666666669,5059,230967,5
21627.685786435788,5060,231004,5
18147.70863467459,5061,231048,5
22463.988095238095,5062,231073,5
12856.973070802425,5063,231149,5
-3781.4227580984543,5064,231162,3
22595.368104118104,5065,231188,5
8727.343662286623,5066,231223,4
10494.933447615334,5067,231273,5
13981.345357428947,5068,231356,5
12000.248040358334,5069,231389,4
12964.343300318531,5070,231472,5
-97.16229633799344,5071,231536,4
-2474.2429854717,5072,231547,3
-3893.309428574522,5073,231560,3
-6993.086599073435,5074,231701,5
27379.7080602576,5075,231766,6
20549.1810966811,5076,231810,5
15539.80178025374,5077,231960,6
-17580.714285714286,5078,232145,5
-9586.111558934703,5079,232199,3
1683.6045467297986,5080,232321,5
8454.679367115512,5081,232419,5
-8199.202825038738,5082,232483,3
-2532.8876663001383,5083,232561,4
-3860.7453700958213,5084,232588,3
8453.183603436091,5085,232640,4
27093.62034594232,5086,232759,6
14538.018584592144,5087,232813,5
17388.63636363636,5088,232860,5
8789.208112149287,5089,232937,5
22911.526496379443,5090,232978,5
3561.32215007215,5091,233099,5
6694.00398620987,5092,233135,4
-27354.268620731815,5093,233266,3
-813.6498223998234,5094,233323,4
5208.952620736677,5095,233376,4
7755.337301587302,5096,233452,5
-19397.052947052947,5097,233541,3
9710.298135816713,5098,233639,5
-385.7265513386123,5099,233790,5
4821.495768163727,5100,233893,5
-5728.703666904123,5101,234038,5
-19103.465289495296,5102,234220,4
36898.6462654169,5103,234280,7
-25337.008664906,5104,234565,5
-3242.171717171717,5105,234583,3
7632.393578643578,5106,234610,4
-20716.77946183915,5107,234749,4
21656.32061437015,5108,234798,5
-10659.587215180836,5109,234851,3
23893.095238095237,5110,234927,6
2835.1559770638723,5111,234980,4
-21435.677372163427,5112,235163,4
-9839.869125972065,5113,235412,5
12158.481934731935,5114,235484,5
-934.1071428571449,5115,235587,5
-15011.231344764625,5116,235660,3
-21768.8116662749,5117,235750,3
1109.9127653765936,5118,235931,5
7993.638167388166,5119,236043,5
18573.628353500633,5120,236118,5
-5488.769753208606,5121,236216,4
-18846.076929759485,5122,236378,4
21452.500000000004,5123,236403,5
27162.994484820505,5124,236473,6
-3801.0060914317883,5125,236550,4
23961.04256854257,5126,236572,5
32638.424571429605,5127,236614,6
-3641.969438587019,5128,236631,3
31115.753968253972,5129,236658,6
9038.21550466666,5130,236691,4
10374.325396825398,5131,236710,4
9001.388888888887,5132,236744,4
21904.27558552559,5133,236769,5
8230.942664092216,5134,236800,4
32110.518786768786,5135,236842,6
34334.063882061746,5136,236926,6
21984.633353684727,5137,237010,5
57597.480738216036,5138,237080,8
11190.871848739496,5139,237094,4
20065.649350649357,5140,237125,5
20424.10714285714,5141,237151,5
43555.37180980579,5142,237228,7
20220.56596181597,5143,237274,5
20534.980158730155,5144,237295,5
-3107.2741828604835,5145,237305,3
10638.179500238326,5146,237332,4
21034.821428571428,5147,237346,5
46426.20018870018,5148,237403,7
5824.385348858426,5149,237435,4
-3622.151570479744,5150,237453,3
-4990.138221132859,5151,237481,3
11945.723438741004,5152,237509,4
9348.923576423576,5153,237542,4
9596.09243697479,5154,237556,4
-5959.616603278272,5155,237647,4
15975.198412698413,5156,237699,5
22521.621262724213,5157,237798,6
-4183.803394318102,5158,238004,6
3919.0566378066374,5159,238108,5
969.9816849816862,5160,238206,5
9074.365291571174,5161,238223,4
-9649.030291734562,5162,238302,3
-2566.6492434294287,5163,238376,4
11633.751734376736,5164,238482,5
-16930.216073580865,5165,238577,3
19346.111111111113,5166,238625,5
19105.376984126986,5167,238658,5
6716.924603174602,5168,238762,5
-39145.6121757101,5169,239026,4
8393.683261183261,5170,239102,5
-6844.422519869358,5171,239162,3
23057.132029686403,5172,239221,5
35237.043650793654,5173,239248,6
23303.850177600176,5174,239274,5
18970.90004014733,5175,239352,5
8718.360406363503,5176,239368,4
20131.488095238095,5177,239393,5
34005.71649178359,5178,239482,6
18375.03266341502,5179,239510,5
62659.6291786951,5180,239660,9
19298.50028185696,5181,239717,5
8626.957209457212,5182,239737,4
23196.607142857145,5183,239753,5
-3595.7084723841685,5184,239765,3
18969.162138227457,5185,239778,5
54509.572936092605,5186,239871,8
-4217.0960566388785,5187,239894,3
7447.030265486148,5188,239951,4
10865.390155737983,5189,239970,4
32036.858488733487,5190,240015,6
22764.660894660894,5191,240048,5
19556.893523143524,5192,240096,5
25843.629148629156,5193,240153,6
21891.13552555116,5194,240205,5
15560.014013325099,5195,240329,5
10374.897602397603,5196,240348,4
9390.602819392363,5197,240477,5
5305.619642440464,5198,240521,4
-4360.566256414873,5199,240545,3
21009.642857142855,5200,240563,5
7372.107905891388,5201,240604,4
-3668.108141167103,5202,240707,4
-1477.108058955445,5203,240788,4
31489.151240915948,5204,240859,6
12023.489438515746,5205,240967,5
-3143.040293040293,5206,240977,3
-3164.6031746031767,5207,241105,5
7393.199153787389,5208,241126,4
848.273809523811,5209,241238,5
-5230.751604346277,5210,241449,5
17083.677156177164,5211,241508,5
19928.22173827205,5212,241568,5
11978.916663401957,5213,241646,5
2712.4806147155214,5214,241692,4
12011.230044465336,5215,241767,5
9732.981811145512,5216,241787,4
-4490.594036095819,5217,241807,3
32071.088752710675,5218,241901,6
6712.20884121039,5219,241933,4
11667.120657120659,5220,241960,4
19747.69841269841,5221,241986,5
7060.22996611232,5222,242002,4
8566.50951473707,5223,242054,4
-4874.624125874126,5224,242077,3
6722.162698412697,5225,242108,4
6047.943722943722,5226,242209,5
-3922.7394827394824,5227,242292,4
8513.803736421518,5228,242330,4
18943.27380952381,5229,242357,5
-14099.622826528643,5230,242485,4
8230.609001645818,5231,242505,4
28323.275312210157,5232,242602,6
20128.751873126876,5233,242619,5
16273.443917193916,5234,242678,5
-4107.433351115913,5235,242704,3
7104.076329491563,5236,242738,4
9041.904761904761,5237,242809,5
7668.035714285714,5238,242834,4
9426.75079109298,5239,242881,4
6081.896223401642,5240,242909,4
12504.643028969655,5241,243000,5
18101.549928829347,5242,243056,5
5345.853060982704,5243,243087,4
17996.904761904763,5244,243106,5
8854.912897559958,5245,243127,4
19289.64050044366,5246,243200,5
21900.331697456313,5247,243281,6
11722.020895770896,5248,243357,5
13573.080693662838,5249,243453,5
3702.7070393374743,5250,243494,4
-2765.535334427093,5251,243509,3
3682.8342023984205,5252,243594,4
-2583.5650482128804,5253,243619,3
5403.744588744588,5254,243720,5
28681.27571556859,5255,243835,6
-1952.1891186784678,5256,243907,4
-9197.504699557576,5257,243962,3
-4134.732610925167,5258,243985,3
7586.914717652116,5259,244193,5
17377.86749262949,5260,244256,5
8914.86301688508,5261,244287,4
10676.428571428574,5262,244363,5
33473.630952380954,5263,244395,6
23954.36162693516,5264,244425,5
23474.869574869575,5265,244449,5
32255.122593134278,5266,244519,6
10951.473560596089,5267,244556,4
-3454.598994742101,5268,244599,3
17542.082815060756,5269,244645,5
12484.059524321268,5270,244704,4
13627.462594197134,5271,244778,5
-374.4860138571456,5272,244847,4
-6412.0078730179375,5273,244955,4
28178.11704005825,5274,245012,6
6215.505771318465,5275,245065,4
12951.913727033903,5276,245149,5
26338.831277698388,5277,245260,6
-355.48777203189024,5278,245323,4
549.195300743291,5279,245390,4
-1957.0702783068193,5280,245527,5
-3778.838383838384,5281,245546,3
16443.214285714283,5282,245566,5
6788.681041181042,5283,245621,4
9795.218008255935,5284,245638,4
10854.601551923197,5285,245750,5
19948.34776334776,5286,245795,5
27083.946739665727,5287,245907,6
-19688.304473304463,5288,246106,5
10399.171835701036,5289,246253,6
13802.589109377033,5290,246385,6
19766.428571428572,5291,246409,5
43158.17963662586,5292,246506,7
7358.6736406718555,5293,246538,4
-3195.445314489432,5294,246548,3
43667.767857142855,5295,246587,7
10811.825392744511,5296,246613,4
29923.740576159307,5297,246696,6
34075.25072150072,5298,246730,6
23089.191919191922,5299,246754,5
23073.83255633256,5300,246788,5
-4689.374937217227,5301,246819,3
22769.25824175824,5302,246845,5
7909.933209859344,5303,246904,4
15011.265752717196,5304,246985,5
21047.837301587304,5305,247011,5
23152.30953451508,5306,247055,5
20627.41883116883,5307,247085,5
19067.02380952381,5308,247108,5
23703.347763347767,5309,247135,5
7676.453113730171,5310,247180,4
22889.843489843486,5311,247202,5
28087.91666666667,5312,247228,6
-2710.706782038051,5313,247242,3
9314.029529511423,5314,247301,4
10111.172369297368,5315,247320,4
20584.594155844155,5316,247352,5
15647.453286785549,5317,247436,5
10961.674393239608,5318,247455,4
30932.02885657917,5319,247493,6
20281.16109306855,5320,247570,5
19968.91414141414,5321,247595,5
9301.374736374737,5322,247625,4
34019.46428571428,5323,247658,6
23505.773809523813,5324,247677,5
13294.477465856857,5325,247794,5
8039.9375624375625,5326,247833,4
21873.203463203467,5327,247863,5
12298.566017316018,5328,247878,4
35767.26792857985,5329,247937,6
9742.222707847708,5330,247969,4
31582.007164447175,5331,248016,6
19039.466689785964,5332,248040,5
33286.3782051282,5333,248067,6
-3670.1889533568096,5334,248098,3
-3195.445314489432,5335,248108,3
-3139.9087024087025,5336,248135,3
22325.296092796096,5337,248156,5
21474.94047619048,5338,248176,5
97681.85859232766,5339,248398,12
22437.338013293895,5340,248448,5
4625.002228692546,5341,248492,4
11692.02501789576,5342,248593,5
12864.870570452713,5343,248691,5
33561.13160684494,5344,248738,6
-21348.808968808968,5345,248811,3
6625.1344937742,5346,248866,4
10689.36507936508,5347,248939,5
-2424.4083479300198,5348,248960,3
2111.5440282971226,5349,249006,4
7916.826368076367,5350,249039,4
6525.737874097006,5351,249070,4
17266.059316969284,5352,249159,5
23122.202312436446,5353,249226,5
21416.21031746032,5354,249250,5
-2810.4091010095185,5355,249346,4
-7986.795243155537,5356,249380,3
19970.238095238095,5357,249392,5
21026.877705627703,5358,249428,5
17788.182055302797,5359,249475,5
26471.276693180895,5360,249542,6
22378.86904761905,5361,249565,5
44311.63780663781,5362,249599,7
20021.45065992958,5363,249639,5
5470.905088241199,5364,249717,4
21353.511904761905,5365,249735,5
18813.988095238095,5366,249749,5
34648.82760535818,5367,249813,6
21800.97222222222,5368,249839,5
19669.590708569038,5369,249880,5
22613.779729257672,5370,249912,5
8236.610761474703,5371,249984,4
23426.65778665779,5372,250011,5
32028.84920634921,5373,250036,6
33205.27472527473,5374,250061,6
9512.29453391428,5375,250115,4
22346.71176046176,5376,250146,5
20731.955128205125,5377,250162,5
59298.202238078404,5378,250265,8
20819.669497169496,5379,250288,5
31707.81071122385,5380,250366,6
7852.625138832316,5381,250389,4
32028.17134254634,5382,250463,6
-6362.327580213568,5383,250514,3
20674.278218360363,5384,250574,5
29732.83378122416,5385,250669,6
9056.57189173056,5386,250716,4
12343.158736688149,5387,250790,5
18518.91774891775,5388,250829,5
21001.091312162953,5389,250881,5
23432.02380952381,5390,250941,6
18641.09976991912,5391,251017,5
-1767.1717171717173,5392,251032,3
2598.8025202102776,5393,251105,4
22836.82777276044,5394,251168,5
21540.555416805415,5395,251205,5
21430.346320346318,5396,251235,5
20699.679782871,5397,251296,5
-4964.3663488662805,5398,251341,3
61755.85192993284,5399,251453,9
77773.73487623488,5400,251520,10
9366.565783348933,5401,251544,4
21637.321428571428,5402,251560,5
23756.79366814816,5403,251591,5
68979.26531801533,5404,251663,9
54410.509894115705,5405,251743,8
21148.511694826913,5406,251774,5
10358.29365079365,5407,251790,4
58071.689250292206,5408,251867,8
3348.259180190297,5409,251952,4
34115.463829807355,5410,252021,6
25119.487540136684,5411,252064,5
23982.23947675294,5412,252116,5
25253.34568209568,5413,252145,5
39380.592302219615,5414,252189,7
22843.716283716287,5415,252223,5
36102.75254700729,5416,252386,7
43348.243145743145,5417,252431,7
20808.57142857143,5418,252454,5
19859.523809523806,5419,252459,5
21963.459595959594,5420,252485,5
44322.43901931402,5421,252518,7
22577.999678060085,5422,252576,5
24903.606441932676,5423,252615,5
33336.42246642247,5424,252644,6
56440.06190618806,5425,252705,8
16073.158031807918,5426,252817,5
11907.483098836072,5427,252846,4
9162.011585335891,5428,252869,4
21177.97619047619,5429,252881,5
45374.65007215008,5430,252936,7
34446.95783018152,5431,252972,6
35457.32263651381,5432,253029,6
22723.65056819411,5433,253123,6
7839.868645325823,5434,253151,4
3692.710061117771,5435,253206,4
23157.431209141734,5436,253231,5
23535.553319659357,5437,253269,5
28032.26459814695,5438,253300,6
20971.386800334167,5439,253321,5
34413.082232095396,5440,253364,6
17258.66943164745,5441,253427,5
53375.81078708014,5442,253525,8
3845.781445674771,5443,253585,4
24211.080908984233,5444,253719,6
-5877.0383392021395,5445,253765,3
55533.42171717172,5446,253833,8
-6003.5282019546385,5447,253891,3
23872.74919552997,5448,253950,5
21110.059523809523,5449,253972,5
11633.116744366744,5450,253986,4
-3613.1146511415727,5451,254016,3
9696.794917642746,5452,254034,4
22814.628851540616,5453,254051,5
8549.431469278748,5454,254087,4
10265.050505050505,5455,254115,4
24651.172854922857,5456,254211,6
-8209.689754689756,5457,254247,3
11147.083333333334,5458,254321,5
-3897.701623011304,5459,254335,3
17231.81313612428,5460,254421,5
28170.547021992454,5461,254509,6
16689.588357334105,5462,254593,5
17102.955388111837,5463,254642,5
17168.620337995337,5464,254661,5
7861.953463203465,5465,254684,4
28673.55880230879,5466,254741,6
23274.13295038295,5467,254765,5
22509.64285714286,5468,254786,5
35143.8035725884,5469,254845,6
10684.511451310984,5470,254865,4
19862.219505210996,5471,254923,5
35620.77380952382,5472,254955,6
18687.346207713854,5473,255029,5
-3889.555909776498,5474,255052,3
16906.315584570228,5475,255220,6
38665.69802746273,5476,255347,8
3859.3548118548097,5477,255440,5
-1431.3492063492054,5478,255559,5
11398.084415584415,5479,255576,4
19508.700865352253,5480,255630,5
907.7290764790755,5481,255766,5
9681.380033212177,5482,255877,5
7615.241192048179,5483,256014,5
38428.63095238095,5484,256070,7
13374.495161701043,5485,256137,5
18119.244458858466,5486,256214,5
6845.853825229076,5487,256272,4
8377.550294133112,5488,256308,4
15827.459207459207,5489,256366,5
33511.00767288267,5490,256485,7
-6224.642857142858,5491,256555,4
7431.493142293468,5492,256692,6
-3164.821188228696,5493,256703,3
-15168.393134643133,5494,256804,4
4781.54761904762,5495,256894,5
31688.715882500714,5496,256960,6
32817.577908202904,5497,256995,6
21882.47113997114,5498,257021,5
8035.833333333334,5499,257102,5
13.699175865266056,5500,257186,4
14997.61904761905,5501,257248,5
7910.063784101807,5502,257290,4
-19985.1910011008,5503,257445,4
21794.07683583187,5504,257507,5
19449.679265093353,5505,257543,5
19586.507936507936,5506,257558,5
21676.612554112555,5507,257579,5
32981.064460994814,5508,257660,6
-8320.833333333336,5509,257801,5
1660.9523809523796,5510,257917,5
10184.722222222223,5511,257987,5
-2100.4906204906174,5512,258113,5
59130.61249659354,5513,258191,8
1149.4008360920106,5514,258352,5
19859.24722119089,5515,258406,5
2829.2655057360935,5516,258539,5
28711.4075722609,5517,258604,6
10965.542495000698,5518,258654,4
29473.17365915258,5519,258704,6
37613.23162389726,5520,258742,6
48660.41954927597,5521,258883,8
32797.8474786737,5522,258943,6
19490.558469308467,5523,258979,5
21720.973144932126,5524,259055,5
11219.122511774282,5525,259084,4
57163.66066885433,5526,259159,8
29464.139000227053,5527,259221,6
32049.93686868687,5528,259260,6
33978.38453299367,5529,259317,6
7683.225116292213,5530,259375,4
-2562.801935551549,5531,259386,3
36639.64665644813,5532,259428,6
-3591.7590841073643,5533,259442,3
7388.267875914938,5534,259493,4
61810.43124617041,5535,259564,8
57425.127233877225,5536,259620,8
24180.397796647798,5537,259647,5
46901.746031746035,5538,259690,7
15548.98232088652,5539,259759,5
29836.21609495085,5540,259847,6
6093.812518319745,5541,259869,4
23705.585366430954,5542,259894,5
6308.284827917179,5543,259941,4
32451.78338861376,5544,260004,6
29486.8863920761,5545,260110,6
25486.521627881928,5546,260141,5
64694.17748917749,5547,260188,9
34214.330808080806,5548,260219,6
31543.544372294375,5549,260250,6
94114.63833101024,5550,260365,11
24376.34774947275,5551,260394,5
21424.161925441098,5552,260460,5
81733.51656937013,5553,260566,10
32414.49494949495,5554,260595,6
39678.213590889674,5555,260675,7
-11380.771352939744,5556,260797,3
21793.630952380954,5557,260811,5
50666.6784155387,5558,260868,7
2857.210705960708,5559,260993,5
1879.9030401914943,5560,261075,4
20490.4797979798,5561,261088,5
30272.317728496124,5562,261187,6
-13689.253999998971,5563,261371,5
10551.382159077593,5564,261480,5
9728.819444444445,5565,261501,4
5875.256546214364,5566,261628,5
15838.675393234218,5567,261674,5
-26867.918886668886,5568,261913,5
-10841.075463708974,5569,262037,4
-4849.1637256269105,5570,262055,3
5011.982253857253,5571,262101,4
20806.666666666664,5572,262114,5
16802.62893560688,5573,262162,5
117945.21287686341,5574,262297,13
21737.804834054834,5575,262329,5
33432.70562770563,5576,262363,6
22762.629870129873,5577,262390,5
19363.960999346207,5578,262457,5
95401.34357283959,5579,262636,11
34820.723026973035,5580,262673,6
22668.392857142855,5581,262691,5
36204.082306582306,5582,262721,6
21465.001526251526,5583,262740,5
28626.827540663522,5584,262811,6
15557.202380952385,5585,262863,5
11776.741322831365,5586,262955,5
7723.361058941755,5587,263026,4
-4460.488642797804,5588,263060,3
18893.181818181816,5589,263084,5
26272.19246031746,5590,263133,6
22987.41008991009,5591,263164,5
9088.632756132756,5592,263247,5
36101.44695775501,5593,263300,6
22937.158952158952,5594,263329,5
23551.77059052059,5595,263357,5
18659.157509157507,5596,263371,5
23418.767266230498,5597,263418,5
31286.616478692635,5598,263466,6
34546.72223609723,5599,263498,6
20548.928571428572,5600,263509,5
-4068.673801841658,5601,263544,3
33788.529429601076,5602,263610,6
29538.730158730155,5603,263637,6
44926.40963611552,5604,263701,7
21824.333860583858,5605,263733,5
26052.91600018787,5606,263819,6
-6733.235086262008,5607,263877,3
16885.238095238095,5608,263909,5
22025.485902985904,5609,263946,5
24003.344278270746,5610,263982,5
18832.261904761905,5611,264007,5
33178.65675990676,5612,264037,6
97152.12423605804,5613,264150,11
45520.5900302398,5614,264237,7
-3613.1146511415727,5615,264267,3
25665.997925148462,5616,264316,5
20754.1323953824,5617,264348,5
3633.057747460358,5618,264422,4
18585.198412698413,5619,264459,5
25418.744078848566,5620,264556,6
13613.400072150074,5621,264630,5
19670.833333333332,5622,264650,5
32944.50396825397,5623,264696,6
19312.017357642355,5624,264741,5
2235.4085354490853,5625,264934,5
-4085.3103423531643,5626,264959,3
17689.73305670614,5627,265037,5
-2850.6041181041137,5628,265169,5
5829.761904761904,5629,265241,5
-3856.3706325531607,5630,265354,4
23118.411033411034,5631,265398,5
13987.53408969754,5632,265467,5
11664.302743555236,5633,265566,5
7093.021561771563,5634,265637,5
14680.60314685315,5635,265685,5
28243.54586589881,5636,265743,6
16689.89513805021,5637,265838,5
10804.166666666664,5638,265895,5
23517.62394060188,5639,265939,5
24055.718819869227,5640,266071,6
21368.10495060495,5641,266105,5
33261.261614632356,5642,266158,6
9211.42364579865,5643,266217,4
22552.866716616714,5644,266241,5
-3686.722234808535,5645,266254,3
19863.308080808078,5646,266270,5
23900.80813794049,5647,266302,5
22271.28066378066,5648,266321,5
21916.186974789915,5649,266341,5
50487.737054182486,5650,266405,7
71588.54201354201,5651,266488,9
22245.351314277403,5652,266508,5
19979.04761904762,5653,266532,5
104580.45071758308,5654,266652,12
-4110.077959618342,5655,266668,3
12506.263676768709,5656,266694,4
47465.126262626254,5657,266736,7
36736.79028745592,5658,266778,6
35291.63567583611,5659,266822,6
17968.79979218221,5660,266851,5
23737.03712953713,5661,266875,5
36516.82095682096,5662,266914,6
20074.166666666668,5663,266926,5
11652.674719071778,5664,266960,4
34698.036497815905,5665,267011,6
34020.930715955874,5666,267066,6
23529.52836379307,5667,267091,5
13879.522005772007,5668,267135,5
58788.9121989122,5669,267200,8
43973.079698079695,5670,267233,7
47738.07010842615,5671,267300,7
21805.284519402165,5672,267330,5
53373.368549080406,5673,267422,7
24154.627733377733,5674,267451,5
11659.043730392415,5675,267498,4
35379.197330447336,5676,267532,6
45148.6503774004,5677,267581,7
34017.05447330447,5678,267604,6
48933.611943611926,5679,267652,7
6260.88200842845,5680,267699,4
9594.328485710907,5681,267714,4
84218.5495060495,5682,267789,10
21353.214285714286,5683,267807,5
32961.03174603175,5684,267827,6
24081.186788572617,5685,267870,5
23621.936115822155,5686,267930,5
5361.96830946831,5687,268046,5
22361.1700640261,5688,268166,6
-18089.978055999727,5689,268438,6
19579.744347742566,5690,268471,5
18790.786246347387,5691,268514,5
-11511.585510461035,5692,268575,3
5105.833333333334,5693,268648,5
-4088.5539559022363,5694,268668,3
31899.878467121118,5695,268745,6
7942.437158000239,5696,268785,4
16927.525252525254,5697,268835,5
22969.166666666664,5698,268847,5
5712.261904761904,5699,268875,4
19983.86904761905,5700,268899,5
33458.8258963259,5701,268926,6
15744.285714285714,5702,268957,5
-4008.3621846718665,5703,268974,3
5528.480448616907,5704,269029,4
21071.250000000004,5705,269048,5
13887.987151737152,5706,269115,5
19491.247363747363,5707,269183,5
23661.151553125244,5708,269241,5
29847.71103896104,5709,269300,6
22849.110750360745,5710,269373,6
16411.62712287712,5711,269424,5
-263.4066567060896,5712,269497,4
33249.8133157692,5713,269546,6
14963.189033189032,5714,269578,5
7320.8685477711615,5715,269692,5
34607.254273504266,5716,269728,6
-14716.460743513619,5717,269803,3
23357.09429459429,5718,269833,5
16657.110389610392,5719,269868,5
21912.301587301587,5720,269887,5
35682.532818488704,5721,269948,6
21080.077018300104,5722,270009,5
10652.678292854376,5723,270098,5
33325.60245310245,5724,270127,6
20165.238095238095,5725,270141,5
24353.756008353528,5726,270204,5
47636.676873178425,5727,270295,8
35237.17541838256,5728,270351,6
32555.359485715526,5729,270391,6
-3948.5394980798806,5730,270406,3
33399.42721966715,5731,270462,6
46580.00371704319,5732,270513,7
21112.551213787487,5733,270543,5
26644.670104773326,5734,270601,5
20884.928528428914,5735,270622,5
22628.21342305038,5736,270650,5
47379.65298031861,5737,270704,7
34166.38471401132,5738,270792,6
58663.24134199135,5739,270854,8
24982.372211122212,5740,270885,5
20892.91822130884,5741,270940,5
21568.27614379085,5742,270960,5
36109.13305654203,5743,271022,6
6794.777306027306,5744,271058,4
46292.43464868465,5745,271114,7
68525.27035550449,5746,271221,9
23021.88658563659,5747,271246,5
81577.29709725261,5748,271375,10
22986.57379793409,5749,271412,5
33152.0202020202,5750,271440,6
7794.770615521387,5751,271481,4
36509.52888378392,5752,271533,6
19072.738095238095,5753,271550,5
44711.29101535159,5754,271658,7
18862.39468864469,5755,271733,5
45498.55179950769,5756,271796,7
33408.54166666667,5757,271818,6
20078.2435501151,5758,271899,5
11210.602453102452,5759,271970,5
19269.803391053392,5760,272006,5
4308.314022578731,5761,272125,5
35593.01018748194,5762,272181,6
49478.002410171524,5763,272273,8
16402.42819637363,5764,272403,6
19623.789682539682,5765,272442,5
-4265.633515173898,5766,272459,3
35488.88278388278,5767,272487,6
1216.2288515577961,5768,272618,5
38667.16736694678,5769,272665,7
21871.071428571428,5770,272680,5
20755.238095238095,5771,272697,5
22648.687343358397,5772,272718,5
21307.97619047619,5773,272735,5
35054.68725718726,5774,272769,6
20291.217328423212,5775,272800,5
23248.546535421923,5776,272836,5
21416.50419025419,5777,272860,5
59509.51805139304,5778,272920,8
21797.40196078431,5779,272934,5
36282.24580974581,5780,272980,6
47534.46930928549,5781,273040,7
48903.23371073371,5782,273085,7
15592.337662337663,5783,273122,5
55063.04473304472,5784,273165,8
34000.48106606157,5785,273219,6
20413.888888888887,5786,273231,5
25329.18109668109,5787,273260,5
35307.09776334777,5788,273300,6
35112.25288600289,5789,273335,6
24066.20879120879,5790,273371,5
17909.24484571156,5791,273400,5
21328.798701298703,5792,273425,5
35471.88800986595,5793,273467,6
23981.09723609723,5794,273512,5
41549.24041196386,5795,273613,7
22838.888888888887,5796,273644,5
19164.940476190477,5797,273663,5
9444.40469988836,5798,273707,4
20661.201375463053,5799,273759,5
21419.722222222223,5800,273772,5
35133.530497280495,5801,273818,6
48283.759504384514,5802,273867,7
23146.43204018204,5803,273890,5
60916.863200224274,5804,274020,9
19825.0,5805,274028,5
23139.90620490621,5806,274060,5
31235.82278832279,5807,274088,6
23740.484563810805,5808,274126,5
68959.95482221522,5809,274206,9
47324.447896874364,5810,274253,7
22176.845654345656,5811,274274,5
48630.15472195315,5812,274359,7
11867.893907563026,5813,274372,4
58742.28021091931,5814,274463,8
23898.35144022644,5815,274499,5
49735.65527201556,5816,274560,7
34952.016594516586,5817,274600,6
72888.0205905206,5818,274673,9
23614.58846708847,5819,274698,5
29018.903318903318,5820,274726,6
17825.0,5821,274734,5
22861.845238095237,5822,274756,5
21661.285140513086,5823,274799,5
21308.37398712399,5824,274818,5
20438.0303030303,5825,274834,5
45096.24958374958,5826,274889,7
21241.60714285714,5827,274912,5
9869.216894216894,5828,274929,4
21286.343378843376,5829,274955,5
33964.15528915529,5830,274988,6
56306.450798679725,5831,275077,8
19826.13733488734,5832,275126,5
25511.16994116994,5833,275155,5
21139.99649859944,5834,275174,5
24875.9778486907,5835,275212,5
32085.733264413604,5836,275255,6
59934.58565170641,5837,275358,8
47608.17076198655,5838,275402,7
54894.50396825397,5839,275440,8
24067.33134512546,5840,275472,5
20539.63203463203,5841,275488,5
32804.05006349859,5842,275529,6
45516.88686313685,5843,275579,7
22593.883685758687,5844,275601,5
79399.4030969031,5845,275660,10
93494.02017315332,5846,275764,11
23345.73267010767,5847,275792,5
8195.941576260495,5848,275851,4
22492.123015873018,5849,275872,5
37790.33438783438,5850,275929,6
21396.666666666664,5851,275942,5
-4447.405345176428,5852,275961,3
33184.155844155845,5853,275982,6
17775.297136727928,5854,276029,5
70082.94921280988,5855,276123,10
20688.608891108892,5856,276158,5
31598.607905682216,5857,276193,6
11696.282467532468,5858,276211,4
35268.73286843876,5859,276255,6
23255.84054834055,5860,276275,5
24501.45590993114,5861,276319,5
68764.43431568432,5862,276376,9
30670.994845582707,5863,276421,6
16559.393720529562,5864,276602,7
20205.674603174604,5865,276624,5
24205.23643023643,5866,276652,5
58882.47766122768,5867,276750,8
25776.34151093668,5868,276784,5
521.2387412638966,5869,276931,5
66902.16630591631,5870,276975,9
22101.012325588763,5871,277039,5
70160.91119241244,5872,277178,9
35806.93158290985,5873,277214,6
22525.35103785104,5874,277238,5
98050.67973456712,5875,277360,11
92825.42742345376,5876,277488,11
58836.738734113154,5877,277587,8
23058.050505995558,5878,277625,5
45857.245450627815,5879,277661,7
35650.40528915529,5880,277692,6
45252.32194439919,5881,277781,7
22934.649827296886,5882,277816,5
23660.38891663892,5883,277840,5
57776.747853539644,5884,277936,8
7225.0813075813085,5885,277964,4
34402.34952547453,5886,277990,6
123502.48810589379,5887,278159,14
20802.507215007216,5888,278192,5
45035.43983235546,5889,278262,7
29713.409229659228,5890,278329,6
11529.186507936509,5891,278352,4
91206.80362207456,5892,278458,11
24868.45229654247,5893,278488,5
20498.930967553257,5894,278548,5
21987.40079365079,5895,278567,5
89370.33259605568,5896,278689,11
33451.51124941264,5897,278736,6
6956.417932987204,5898,278762,4
33680.13888888888,5899,278792,6
21267.55106005106,5900,278821,5
12518.523017660014,5901,278837,4
72948.18999885563,5902,278917,9
82519.3654956155,5903,279004,10
79573.93229319702,5904,279090,10
28241.284954147,5905,279203,6
32296.10028860029,5906,279240,6
18818.38079468691,5907,279277,5
57774.899605038925,5908,279343,8
30228.9880952381,5909,279371,6
20547.449633699634,5910,279391,5
23843.263418298247,5911,279427,5
30200.680014430014,5912,279459,6
35736.09515484515,5913,279505,6
30033.158853558387,5914,279596,6
12722.554112554113,5915,279614,4
11739.65354090354,5916,279643,4
21951.398601398603,5917,279671,5
19539.95112730407,5918,279701,5
11954.775776638071,5919,279736,4
14896.42857142857,5920,279772,5
22312.840909090908,5921,279792,5
50170.62655632494,5922,279869,7
24281.7757610037,5923,279906,5
16605.067897144138,5924,279966,5
17124.21627257867,5925,280058,5
22875.623428858722,5926,280147,6
24059.11643911644,5927,280181,5
-1577.9427857816945,5928,280310,5
65716.69913419914,5929,280385,9
23915.479771776216,5930,280421,5
42640.09057849614,5931,280476,7
21823.35137085137,5932,280496,5
9009.633083634633,5933,280527,4
25850.047365345352,5934,280563,5
-8072.002331542713,5935,280604,3
44365.5192927987,5936,280678,7
22027.00292397661,5937,280695,5
9603.383046691868,5938,280728,4
20356.957348207347,5939,280767,5
33348.03427222932,5940,280806,6
32770.73884448886,5941,280849,6
66352.5564968576,5942,280982,9
46199.828782328776,5943,281028,7
32951.98832321303,5944,281112,6
-4356.453378977205,5945,281148,3
57261.34018759018,5946,281188,8
-3400.7084723841685,5947,281199,3
50285.91312089184,5948,281272,7
38816.13344988345,5949,281352,7
47319.823763482826,5950,281420,7
21239.0873015873,5951,281437,5
24534.64999203583,5952,281474,5
41904.970862470866,5953,281509,7
23616.984126984127,5954,281529,5
93397.51629009555,5955,281626,11
36659.28571428572,5956,281662,6
69460.53209303597,5957,281751,9
38578.66257799946,5958,281817,6
24022.919164169165,5959,281845,5
21839.766622266623,5960,281880,5
45269.55988455989,5961,281919,7
48715.6277056277,5962,281959,7
34440.851109674644,5963,282007,6
48957.7781899473,5964,282060,7
35583.8472685725,5965,282101,6
34416.969003219005,5966,282138,6
20617.72727272727,5967,282146,5
54337.5908193525,5968,282220,8
119866.38922567623,5969,282416,13
26391.82691197355,5970,282470,5
43390.37137698901,5971,282549,7
8243.642215474358,5972,282584,4
33534.85993504073,5973,282650,6
19958.305260700774,5974,282676,5
32725.268897768896,5975,282708,6
20427.5,5976,282718,5
21106.90836940837,5977,282734,5
22025.331890331887,5978,282764,5
55743.688268422804,5979,282868,8
62021.68725796047,5980,282966,8
35999.055748602965,5981,283002,6
33587.521751124696,5982,283041,6
21243.97422022422,5983,283085,5
10083.44537815126,5984,283099,4
44743.01587301587,5985,283133,7
35646.45770895771,5986,283175,6
71630.31133104081,5987,283267,9
43526.03028915529,5988,283311,7
34194.88983711507,5989,283348,6
33267.857142857145,5990,283380,6
57987.44227994228,5991,283429,8
11172.828282828283,5992,283442,4
33347.80393217893,5993,283471,6
21154.0873015873,5994,283498,5
37756.81129088191,5995,283562,6
22275.303724053723,5996,283584,5
-4110.077959618342,5997,283600,3
18036.764445135188,5998,283657,5
70663.70967740551,5999,283755,9
20137.02380952381,6000,283770,5
22206.15675990676,6001,283794,5
21737.91271228771,6002,283815,5
15851.060891965462,6003,283938,5
19035.770202020205,6004,283955,5
21373.931604055746,6005,283988,5
47796.710266857335,6006,284038,7
58585.636291009636,6007,284146,8
116819.43049962593,6008,284276,13
47103.93239478959,6009,284332,7
22262.678571428576,6010,284353,5
33741.11111111111,6011,284397,6
19643.46653346653,6012,284413,5
44747.76626151626,6013,284467,7
48328.70858308358,6014,284518,7
50679.614934647696,6015,284590,7
34109.22619047619,6016,284627,6
31324.583333333332,6017,284656,6
95069.54523267412,6018,284799,11
23505.148601398607,6019,284825,5
25298.791089371585,6020,284859,5
48944.86790986791,6021,284914,7
12683.533133533132,6022,284935,4
37176.08052406418,6023,284994,6
11162.943722943724,6024,285015,4
36495.23887855351,6025,285060,6
48019.495293148546,6026,285119,7
32143.02586302586,6027,285161,6
32443.71323121323,6028,285197,6
54786.01817042607,6029,285234,8
34468.32001203132,6030,285280,6
57650.5401222874,6031,285367,8
48307.780536886574,6032,285419,7
450.30968973070844,6033,285463,4
82554.18603347975,6034,285551,10
22144.761904761905,6035,285570,5
23809.888445532797,6036,285612,5
44728.353174603166,6037,285656,7
31709.722222222223,6038,285685,6
34034.16666666667,6039,285720,6
33101.7778055278,6040,285760,6
9856.029856796113,6041,285812,4
33545.55860327859,6042,285873,6
22914.229577611935,6043,285905,5
57691.53624153624,6044,285960,8
34945.36294029328,6045,286018,6
10159.180402930404,6046,286033,4
14210.612477048235,6047,286071,4
22447.568289553583,6048,286110,5
57356.44841269842,6049,286157,8
59116.81523906949,6050,286210,8
44054.98721609562,6051,286258,7
6618.763885192747,6052,286306,4
48153.73176251853,6053,286365,7
72020.79103086458,6054,286444,9
52435.20130660906,6055,286519,7
46367.9624721721,6056,286580,7
22177.828837828838,6057,286604,5
48345.84379758529,6058,286677,7
69305.72296167885,6059,286758,9
44570.964562827954,6060,286832,7
36926.329702289455,6061,286898,6
73360.58823121325,6062,287000,9
22339.23950613906,6063,287070,5
23705.913742690052,6064,287092,5
49700.64393939394,6065,287158,8
43556.16265793628,6066,287254,7
35912.65803640803,6067,287298,6
59477.027445593616,6068,287370,8
9902.361111111111,6069,287436,5
17768.809523809523,6070,287463,5
22190.45274170274,6071,287499,5
38009.62620712622,6072,287572,7
59675.20130067731,6073,287673,8
28899.567819950946,6074,287728,6
26520.125664454223,6075,287826,6
24987.645757020753,6076,287856,5
80608.19291411205,6077,287956,10
20658.157104763144,6078,287997,5
24132.96764705173,6079,288045,5
31430.14906597531,6080,288115,6
17260.17119656765,6081,288172,5
7513.499085147436,6082,288241,4
-13973.414196742373,6083,288301,3
20985.630758130763,6084,288329,5
59297.097975553865,6085,288425,9
23299.165638712853,6086,288464,5
21073.75541125541,6087,288482,5
51171.87492012857,6088,288565,7
23213.697691197693,6089,288589,5
30145.47121050605,6090,288653,6
16946.255966255965,6091,288710,5
21814.088827838827,6092,288737,5
9311.50514732945,6093,288764,4
23653.573232323233,6094,288791,5
22050.29847345637,6095,288811,5
33907.14105339105,6096,288841,6
22557.845765345766,6097,288866,5
19115.833333333332,6098,288880,5
21586.33505383505,6099,288911,5
32664.75552225552,6100,288948,6
22636.29238344215,6101,288982,5
31530.122641376514,6102,289050,6
22834.88997113997,6103,289077,5
10023.42264976166,6104,289099,4
48582.38575089639,6105,289169,7
23768.506493506495,6106,289196,5
36947.38816738817,6107,289232,6
44935.17690642691,6108,289290,7
63189.145311387954,6109,289379,8
54738.64746364747,6110,289424,8
24573.28477078477,6111,289454,5
34897.97813297813,6112,289505,6
93416.25971250974,6113,289570,11
10511.27206127206,6114,289648,5
12075.0,6115,289686,5
19956.51653901654,6116,289737,5
35200.62066894682,6117,289797,6
14769.126984126982,6118,289845,5
19479.69696969697,6119,289855,5
21287.09595959596,6120,289884,5
32530.243372468616,6121,289935,6
22998.703933880024,6122,289974,5
21742.864357864357,6123,290003,5
7522.376998002001,6124,290085,5
34664.947691197696,6125,290113,6
35400.16796112384,6126,290145,6
35783.52293758315,6127,290228,6
24400.61162693516,6128,290255,5
46958.149024178434,6129,290300,7
50327.04050443021,6130,290366,7
23688.5850954601,6131,290405,5
45622.15201465201,6132,290437,7
18716.083664182097,6133,290500,5
35279.01199698994,6134,290539,6
21829.159590409592,6135,290555,5
18972.60101010101,6136,290589,5
15825.515873015876,6137,290625,5
51910.009969605555,6138,290711,8
7233.555211558307,6139,290731,4
59939.1475558755,6140,290794,8
57290.57248307249,6141,290838,8
23691.966436341438,6142,290867,5
46025.480907980906,6143,290915,7
33519.366703557884,6144,290950,6
47948.23371073372,6145,291005,7
32109.307251401995,6146,291057,6
21843.143939393936,6147,291077,5
21470.64935064935,6148,291103,5
104319.53379953379,6149,291199,12
33130.71428571429,6150,291222,6
24898.051313058553,6151,291268,5
9056.633833404467,6152,291290,4
35490.243367743366,6153,291340,6
23124.641106442574,6154,291356,5
2101.4854681805964,6155,291414,4
35366.94999444999,6156,291456,6
-4195.602176142558,6157,291478,3
34877.44048392268,6158,291528,6
34767.619259825144,6159,291564,6
20743.72370684871,6160,291591,5
47545.79864579865,6161,291650,7
20724.9305458903,6162,291731,5
21993.816738816742,6163,291760,5
21632.489454989452,6164,291786,5
58133.33152958153,6165,291834,8
21530.416666666668,6166,291855,5
34127.121558996565,6167,291892,6
23707.8335104438,6168,291921,5
47072.58033633032,6169,291953,7
25316.644850247794,6170,291984,5
34831.78793428794,6171,292022,6
22596.822283109053,6172,292060,5
20786.9456163032,6173,292088,5
47133.007756132756,6174,292127,7
48181.87640017361,6175,292184,7
44616.19047619048,6176,292233,7
77280.31296726149,6177,292329,10
119660.09527237466,6178,292432,13
17713.373015873014,6179,292464,5
33779.92467091732,6180,292500,6
71268.00389308532,6181,292612,9
20810.714285714286,6182,292628,5
75847.2867818456,6183,292725,9
18088.598901098903,6184,292756,5
15226.004044974632,6185,292844,5
22665.803363303363,6186,292878,5
65567.85422910422,6187,292958,9
34333.53021978022,6188,293001,6
36844.77530295642,6189,293064,6
30154.70695970696,6190,293116,6
21477.641941391947,6191,293132,5
59785.17983849804,6192,293259,8
8215.714285714286,6193,293277,4
3542.022560772563,6194,293382,5
21272.559523809523,6195,293396,5
15402.175324675325,6196,293450,5
46853.64834447457,6197,293518,7
22326.8672993673,6198,293540,5
105026.55477206643,6199,293676,12
22559.4116994117,6200,293712,5
81756.74117613553,6201,293794,10
24894.862636288723,6202,293829,5
46052.79210985095,6203,293883,7
20383.490675990677,6204,293917,5
22371.03687978688,6205,293951,5
32117.362637362643,6206,293986,6
93178.65527102759,6207,294096,11
8673.64734245479,6208,294125,4
49310.56316232787,6209,294181,7
84007.75709803987,6210,294281,10
33903.46618745032,6211,294325,6
34955.97222222222,6212,294360,6
22882.500598723007,6213,294403,5
19423.097319347322,6214,294432,5
20542.80303030303,6215,294458,5
4679.606541104759,6216,294495,4
10757.267849300457,6217,294519,4
21632.031024531025,6218,294547,5
34726.740620490615,6219,294584,6
22692.66339869281,6220,294610,5
55338.8823517384,6221,294662,8
21264.464285714283,6222,294692,5
67010.86919010268,6223,294782,9
21933.095238095237,6224,294804,5
30758.055555555544,6225,294840,6
22476.58147408147,6226,294877,5
23542.942474192474,6227,294901,5
56566.15711945433,6228,294951,8
87469.87012987012,6229,295035,11
34356.854256854254,6230,295074,6
36800.27034390618,6231,295129,6
37733.606218399094,6232,295184,6
23761.808861073565,6233,295213,5
20579.614135864136,6234,295237,5
12622.316017316018,6235,295289,5
91062.9017959165,6236,295370,11
22401.666666666664,6237,295382,5
21304.921606171607,6238,295408,5
5332.863660032776,6239,295511,5
22244.59799172426,6240,295562,5
41951.405692690525,6241,295641,7
80629.05040930002,6242,295751,10
33860.416666666664,6243,295783,6
19545.714285714286,6244,295801,5
33839.9531024531,6245,295829,6
11253.20887445888,6246,295902,5
47650.63561438561,6247,295966,7
23425.144855144852,6248,295992,5
19835.238095238095,6249,296009,5
48756.269425019425,6250,296058,7
37923.963034514505,6251,296101,6
19266.747835497834,6252,296143,5
29163.33333333334,6253,296178,6
34420.70039480644,6254,296207,6
46432.13383838383,6255,296245,7
22330.586635586635,6256,296272,5
33436.829004329,6257,296303,6
30135.615079365078,6258,296349,6
22667.93872793873,6259,296375,5
33082.32142857143,6260,296409,6
23359.214812964816,6261,296439,5
24541.675130425134,6262,296474,5
10012.765845265849,6263,296552,5
35613.344155844155,6264,296586,6
21995.595238095237,6265,296607,5
22931.598181230533,6266,296646,5
34548.86544011544,6267,296681,6
23939.360361860363,6268,296709,5
12116.032509157509,6269,296731,4
22878.14005331614,6270,296758,5
44584.31193806194,6271,296799,7
21160.504356754358,6272,296852,5
55777.915458724296,6273,296923,8
22820.64362924657,6274,296961,5
33405.76617826618,6275,296993,6
47998.20887445888,6276,297045,7
-1650.5050505050506,6277,297060,3
48116.19985449707,6278,297106,7
8935.555458512636,6279,297169,5
12372.150361893007,6280,297232,5
13311.699291000423,6281,297266,4
34111.3492063492,6282,297293,6
18520.13722388722,6283,297331,5
2183.7454212454186,6284,297378,4
45144.34685197844,6285,297410,7
22485.234010270775,6286,297430,5
19344.84589821084,6287,297476,5
82084.77732112752,6288,297601,10
31219.105339105336,6289,297625,6
80494.57319791491,6290,297715,10
35390.321182085885,6291,297769,6
22914.21316836758,6292,297806,5
55852.83301852424,6293,297897,8
44697.82828282828,6294,297947,7
23082.447691197696,6295,297975,5
50898.444738311235,6296,298078,8
30969.295100324507,6297,298119,6
33699.79607853447,6298,298167,6
47957.824887530776,6299,298218,7
58827.201211456246,6300,298286,8
47369.69322344322,6301,298339,7
22743.24494949495,6302,298363,5
34711.845250337894,6303,298406,6
16519.821428571428,6304,298432,5
8695.687951539343,6305,298460,4
35240.20259152613,6306,298493,6
20337.500000000004,6307,298506,5
106913.60153735153,6308,298612,12
71442.31847702035,6309,298695,9
13339.978232140873,6310,298718,4
11770.890221319785,6311,298749,4
94197.48667332839,6312,298898,11
18979.76190476191,6313,298912,5
19192.68438475869,6314,298940,5
23886.10236985237,6315,298961,5
40097.86061161061,6316,299042,7
24867.82453657454,6317,299088,5
16994.101934600152,6318,299141,5
31859.880952380954,6319,299159,6
35134.361391747225,6320,299201,6
36717.25066600067,6321,299245,6
16516.033411033415,6322,299281,5
18528.333333333332,6323,299294,5
37076.93697176303,6324,299405,7
44511.280021744235,6325,299461,7
29042.683705183706,6326,299513,6
36997.0222673783,6327,299563,6
27750.096153846156,6328,299605,6
25562.433897801548,6329,299650,5
24340.348813767927,6330,299692,5
35468.528293601834,6331,299728,6
37234.47330447331,6332,299779,6
23536.88103563104,6333,299813,5
45583.51551226552,6334,299857,7
11663.690476190475,6335,299917,5
124650.37375003853,6336,300080,13
17493.589797500405,6337,300210,5
21802.5,6338,300228,5
65405.78411167586,6339,300328,9
24685.059678883215,6340,300368,5
4347.835497835496,6341,300401,4
35623.65862079097,6342,300452,6
44190.75932237697,6343,300507,7
48539.05067155066,6344,300559,7
58779.41017316018,6345,300623,8
36962.63748098307,6346,300663,6
37245.53996540208,6347,300714,6
23347.185592185593,6348,300738,5
34951.989672908785,6349,300771,6
47745.680771971405,6350,300841,7
24286.820661054742,6351,300868,5
23958.026432846476,6352,300919,5
11988.396464646465,6353,300933,4
23652.484486617614,6354,300968,5
23937.39538239538,6355,301001,5
35998.76926178398,6356,301055,6
45909.37411187024,6357,301100,7
22448.94225872167,6358,301120,5
25577.991450628837,6359,301164,5
22524.84570984571,6360,301189,5
23417.104145854148,6361,301225,5
22400.706613647788,6362,301252,5
16532.406204906205,6363,301301,5
21390.47619047619,6364,301321,5
12528.664030414031,6365,301340,4
42021.01936538677,6366,301451,7
2263.5504110070865,6367,301579,5
22895.430680430683,6368,301625,5
679.1666666666656,6369,301666,4
20580.72367175308,6370,301711,5
22779.44065330095,6371,301740,5
12938.333333333334,6372,301787,5
3450.4761904761913,6373,301873,5
19883.45238095238,6374,301891,5
-9726.413641325387,6375,301996,4
-514.8015873015909,6376,302106,5
23578.69227994228,6377,302134,5
57952.30340608825,6378,302197,8
10427.260027124577,6379,302238,4
68746.52154626418,6380,302325,9
62284.99166902445,6381,302395,8
19010.56867990111,6382,302445,5
61571.4304398302,6383,302525,8
59392.91055757968,6384,302587,8
45641.55545843046,6385,302641,7
51938.299584402506,6386,302713,7
74386.92453788039,6387,302814,9
21636.44660894661,6388,302831,5
19357.85714285714,6389,302860,5
44425.81487956487,6390,302921,7
48594.21885755284,6391,302983,7
36452.51492788257,6392,303023,6
4259.790660163186,6393,303128,5
16172.023809523813,6394,303189,5
23651.636696636695,6395,303222,5
24333.52397602398,6396,303264,5
26583.89879275201,6397,303323,5
22484.940476190477,6398,303350,5
18815.453525232937,6399,303407,5
33054.107559107564,6400,303445,6
15884.713272838273,6401,303511,5
22101.54761904762,6402,303529,5
20213.23593073593,6403,303561,5
22301.964285714286,6404,303571,5
7243.611111111111,6405,303632,5
10187.727272727272,6406,303680,5
115.65115440115369,6407,303736,4
25362.839105339102,6408,303771,5
26393.88888888889,6409,303837,6
25820.996019159717,6410,303901,6
11404.28751803752,6411,303956,5
21872.404401154403,6412,303984,5
35018.48436807954,6413,304037,6
33181.37397732986,6414,304098,6
17819.44444444444,6415,304132,5
48037.43930497606,6416,304207,7
48907.77597402597,6417,304258,7
69619.2286879787,6418,304324,9
45270.29185103682,6419,304419,7
22483.383838383837,6420,304435,5
36398.78274935643,6421,304498,6
28441.86897914234,6422,304630,6
23660.122655122657,6423,304652,5
1830.2992840492861,6424,304698,4
7890.90909090909,6425,304719,4
84460.55622177343,6426,304864,11
38166.88759769642,6427,304913,6
-1051.2500000000011,6428,305014,5
23827.577700077698,6429,305048,5
37822.602738463815,6430,305102,6
31800.864821107545,6431,305180,6
44348.63816738817,6432,305229,7
19201.607142857145,6433,305244,5
21289.809153844017,6434,305331,5
9555.833333333334,6435,305386,5
16006.933621933622,6436,305430,5
35093.95018273293,6437,305514,7
30697.01479076479,6438,305605,7
33859.098262848274,6439,305653,6
32821.55014511632,6440,305684,6
7339.535288627781,6441,305717,4
33018.01926015162,6442,305762,6
18658.560606060604,6443,305783,5
18489.94054556554,6444,305831,5
19170.0,6445,305851,5
24888.483652785122,6446,305886,5
23294.88954672778,6447,305905,5
20285.198412698413,6448,305933,5
19291.98717948718,6449,305949,5
29593.766213361807,6450,306004,6
8839.750943500945,6451,306136,6
70981.2647075147,6452,306222,9
35621.905178155175,6453,306254,6
23576.150793650795,6454,306271,5
10202.412316785383,6455,306330,4
48579.68545214674,6456,306390,7
23719.13774091405,6457,306416,5
22704.98917748918,6458,306431,5
52084.495365745366,6459,306510,8
6145.499222999222,6460,306589,5
22201.54761904762,6461,306609,5
24430.90853182765,6462,306746,7
13079.367299367297,6463,306796,5
39800.86829836832,6464,306875,7
39114.17030080344,6465,306980,7
28255.858081376977,6466,307131,7
21078.03969909856,6467,307180,5
50544.85042735043,6468,307291,8
14855.310245310244,6469,307348,5
31241.78967725601,6470,307430,6
22544.34842934843,6471,307469,5
-2844.1027028527033,6472,307606,5
652.8571428571431,6473,307617,3
42903.90183754154,6474,307721,7
21286.083499833498,6475,307744,5
15165.494767100805,6476,307785,5
44804.15848024038,6477,307878,7
23626.16355866356,6478,307907,5
19339.327171581423,6479,307961,5
-4355.535714285714,6480,307984,3
46394.53823953824,6481,308045,7
24628.160173160177,6482,308080,5
11226.029079969028,6483,308131,4
23241.54761904762,6484,308187,6
28331.037504162505,6485,308245,6
18470.92712842713,6486,308293,5
56717.797619047626,6487,308337,8
67914.22952047951,6488,308445,9
13539.42057942058,6489,308505,5
6382.29437229437,6490,308538,4
25746.52363718153,6491,308569,5
19193.04874004564,6492,308611,5
33103.89652014652,6493,308637,6
23248.106754356755,6494,308659,5
24395.923630677888,6495,308687,5
10489.00974025974,6496,308703,4
40879.6975940726,6497,308760,7
16758.789682539686,6498,308816,5
28454.204545454548,6499,308844,6
58610.815017885456,6500,308913,8
14166.577583493216,6501,308978,5
22696.074601782806,6502,309039,5
-765.4761904761929,6503,309087,4
23355.496031746028,6504,309115,5
17769.695438290637,6505,309185,5
14069.141471273826,6506,309252,5
28080.508658008657,6507,309296,6
31986.76810526075,6508,309373,6
20488.27380952381,6509,309410,5
36371.8308080808,6510,309447,6
47621.90400865905,6511,309492,7
35411.41470865734,6512,309561,6
21843.31349206349,6513,309589,5
47886.495497321725,6514,309657,7
8608.077567856979,6515,309685,4
45039.06433843935,6516,309727,7
10934.851190476193,6517,309781,5
35482.38964758265,6518,309830,6
12762.499260192255,6519,309855,4
48060.98211305828,6520,309950,7
44341.77072927075,6521,310013,7
42817.31839660542,6522,310106,7
12164.326368076368,6523,310131,4
20114.709816757033,6524,310232,6
26788.269369519367,6525,310277,5
18069.97544122544,6526,310318,5
13365.292762792766,6527,310373,5
16100.436507936507,6528,310425,5
748.3333333333345,6529,310508,5
20209.761904761905,6530,310529,5
42140.979575979574,6531,310590,7
8788.633449883451,6532,310626,4
22300.40770504006,6533,310713,6
1317.3068939574366,6534,310770,4
33830.941003441,6535,310802,6
4803.8439849624065,6536,310835,4
20446.804488296366,6537,310895,5
30541.173271173273,6538,310950,6
23846.20851370851,6539,310980,5
33654.95897549301,6540,311109,7
46841.17005543477,6541,311162,7
96835.11214898794,6542,311281,11
31481.436308789245,6543,311314,6
23224.36507936508,6544,311336,5
71406.84995559996,6545,311417,9
34675.691391941386,6546,311444,6
25480.981432782904,6547,311487,5
22578.31370426959,6548,311519,5
72229.40273091198,6549,311594,9
45768.77955377956,6550,311643,7
23296.589219603928,6551,311682,5
17253.760263429376,6552,311746,5
22709.14987789988,6553,311784,5
20955.177217003842,6554,311815,5
49156.06580510992,6555,311881,7
21619.891219891222,6556,311928,5
41903.29099821746,6557,311972,7
24103.84525197025,6558,312009,5
30281.954567620203,6559,312062,6
23288.656204906205,6560,312095,5
20780.126279379372,6561,312117,5
58119.42951398447,6562,312207,8
32563.234379588204,6563,312262,6
19593.571428571428,6564,312278,5
18750.05494710811,6565,312363,5
39181.95290820291,6566,312426,7
30757.256285381285,6567,312470,6
21359.945887445887,6568,312499,5
32991.23487623488,6569,312529,6
35541.29554328652,6570,312724,8
71952.50191672794,6571,312820,9
12374.816017316018,6572,312834,4
24257.80608280608,6573,312870,5
44385.65286007349,6574,312976,7
73772.78188606312,6575,313064,9
22584.17645566732,6576,313098,5
15162.83494283494,6577,313164,5
61273.7420912421,6578,313246,8
18845.34139428683,6579,313300,5
29880.711367880485,6580,313356,6
42018.432539682544,6581,313395,7
24562.024225774225,6582,313421,5
40946.47221199852,6583,313483,7
25110.996721501753,6584,313516,5
33355.833333333336,6585,313541,6
34399.136002886,6586,313567,6
12534.34523809524,6587,313625,5
22884.161255411258,6588,313652,5
21349.36507936508,6589,313678,5
24730.494750347698,6590,313711,5
80391.28385503385,6591,313803,10
19477.559523809527,6592,313848,5
14733.885142635141,6593,313901,5
80593.02425631272,6594,314103,11
22583.40683825978,6595,314127,5
34777.13793280163,6596,314202,6
22203.55630480631,6597,314228,5
38499.24624975128,6598,314278,6
24113.566914231295,6599,314333,5
48834.839725977516,6600,314404,7
71566.04963255698,6601,314559,10
19262.00255671551,6602,314613,5
47514.622460872466,6603,314663,7
23526.713425463426,6604,314693,5
36285.70270995774,6605,314729,6
63685.55671860819,6606,314843,9
36831.97623003993,6607,314893,6
66392.18514476728,6608,314966,9
20597.32142857143,6609,314984,5
57641.81725693617,6610,315068,8
45390.25073764684,6611,315132,7
45971.81096681097,6612,315211,7
22246.666666666668,6613,315265,6
17964.107142857145,6614,315291,5
26701.23321123321,6615,315349,6
23625.036005661008,6616,315382,5
9030.773441269102,6617,315512,5
6959.801587301587,6618,315533,4
22462.69418962531,6619,315565,5
43482.739898989894,6620,315642,7
22638.38147963148,6621,315671,5
-18916.8218438768,6622,315790,3
29643.21428571429,6623,315826,6
20758.849206349205,6624,315855,5
16762.858946608947,6625,315893,5
1792.6785714285697,6626,315935,4
14813.095238095239,6627,315993,5
18861.461622313014,6628,316064,5
23479.060037185034,6629,316099,5
15370.41298978799,6630,316174,5
21873.523143523147,6631,316200,5
-1304.3434343434349,6632,316254,4
39107.886879847014,6633,316332,7
77434.22979797982,6634,316398,10
22199.476166752884,6635,316428,5
21908.702686202687,6636,316453,5
48346.83149216624,6637,316512,7
76458.57059499667,6638,316616,9
63450.971108140235,6639,316719,9
31701.924741924737,6640,316773,6
23220.690836940837,6641,316797,5
35954.73741707135,6642,316844,6
32959.215641384755,6643,316884,6
44976.36877011876,6644,316920,7
20920.607448107447,6645,316935,5
12564.813360658947,6646,316963,4
124332.33362634097,6647,317097,13
22121.80735930736,6648,317112,5
22826.919191919194,6649,317143,5
24863.458143164025,6650,317174,5
70379.35023947278,6651,317266,9
35368.243284493285,6652,317312,6
95489.83092135758,6653,317410,11
47164.65437340437,6654,317466,7
27787.064463314466,6655,317506,6
19727.679174055032,6656,317542,5
22685.081585081585,6657,317559,5
90608.73970800443,6658,317631,11
18331.280317334884,6659,317709,5
84667.62779360304,6660,317809,10
21392.270923520922,6661,317833,5
22608.309537684538,6662,317867,5
21852.93650793651,6663,317887,5
46686.08915954673,6664,317978,7
38067.12634587634,6665,318036,7
24216.46395271395,6666,318065,5
22449.940476190477,6667,318085,5
70920.502716238,6668,318161,9
22513.85101010101,6669,318188,5
23364.564903191058,6670,318227,5
33824.32539682539,6671,318248,6
34794.58333333334,6672,318281,6
22663.190836940834,6673,318315,5
53259.60516607575,6674,318419,8
22048.304473304474,6675,318442,5
-5790.308629279218,6676,318468,3
12465.88924963925,6677,318523,5
12701.969696969698,6678,318562,5
9816.51959151959,6679,318587,4
25740.504262464397,6680,318624,5
44070.69083694085,6681,318747,8
27222.165334665333,6682,318817,6
60043.27723338752,6683,318879,8
29902.04458531665,6684,318957,6
45272.534426357946,6685,319027,7
57688.08677433678,6686,319130,9
9629.710239021384,6687,319166,4
31837.022352647353,6688,319213,6
57683.727244977235,6689,319271,8
60326.977169072765,6690,319327,8
35544.940059940054,6691,319371,6
32259.906204906205,6692,319413,6
44961.8561993562,6693,319456,7
20197.820393677306,6694,319494,5
24829.557174206937,6695,319541,5
31219.761904761905,6696,319558,6
32437.35528360529,6697,319611,6
63150.75666980078,6698,319683,8
46961.731185481185,6699,319738,7
95873.53664831564,6700,319859,11
990.9054834054832,6701,319872,3
42267.53323065823,6702,319919,7
22230.65476190476,6703,319935,5
22287.988816738816,6704,319959,5
23316.519523433224,6705,319988,5
18487.33585858586,6706,320038,5
43381.21198246197,6707,320089,7
58268.08982683982,6708,320155,8
33362.406204906205,6709,320195,6
50544.25883348677,6710,320256,7
21606.10611610612,6711,320278,5
21275.776922970595,6712,320339,5
32912.13413220766,6713,320387,6
22045.37878787879,6714,320399,5
57438.50040553365,6715,320450,8
33348.424472414416,6716,320521,6
18144.643331814383,6717,320554,5
44889.81850885126,6718,320614,7
34204.880952380954,6719,320641,6
35192.35098235098,6720,320677,6
83806.2191045053,6721,320799,10
20707.693270781507,6722,320845,5
23416.589105339106,6723,320878,5
47129.375004080895,6724,320930,7
96853.32984460503,6725,321039,11
23076.607142857145,6726,321058,5
57219.408369408375,6727,321092,8
22316.345029239765,6728,321115,5
22926.758935508937,6729,321155,5
25309.795717912973,6730,321271,6
20961.334033613442,6731,321295,5
31698.065476190473,6732,321323,6
16468.636363636364,6733,321365,5
35272.28979353979,6734,321404,6
98337.43678298824,6735,321501,11
41405.8797574974,6736,321552,7
35215.616322531954,6737,321598,6
22468.88888888889,6738,321612,5
23926.484487734488,6739,321638,5
35483.76262626263,6740,321676,6
36668.19770507269,6741,321729,6
23116.626984126986,6742,321750,5
20695.555555555555,6743,321758,5
16525.29761904762,6744,321793,5
49617.8820043457,6745,321856,7
25906.4880952381,6746,321903,6
32169.883449883455,6747,321955,6
18464.960317460318,6748,321992,5
20955.403207903204,6749,322023,5
62101.65123662027,6750,322095,8
23593.579892329893,6751,322119,5
17561.68484293485,6752,322182,5
19162.103174603173,6753,322214,5
47205.03801753802,6754,322258,7
21955.014899316368,6755,322300,5
15184.761904761905,6756,322342,5
32964.99668975675,6757,322484,7
15847.662117294469,6758,322537,5
21572.635420135422,6759,322556,5
25651.757910851582,6760,322590,5
27393.090798090798,6761,322646,6
-6559.895659895658,6762,322691,3
21368.65428839306,6763,322766,5
16126.666666666666,6764,322808,5
22833.36951447246,6765,322827,5
23890.355339105336,6766,322863,5
23079.234859567678,6767,322894,5
-1580.8076972047547,6768,323013,5
21566.031746031746,6769,323035,5
-11438.571428571428,6770,323083,3
25496.44563755183,6771,323156,5
30800.862502650427,6772,323244,6
33893.84088134088,6773,323283,6
22564.55645661528,6774,323314,5
20824.846681096686,6775,323340,5
8524.087717837718,6776,323366,4
12349.06968031968,6777,323382,4
25115.50874303678,6778,323458,6
24714.52602952603,6779,323486,5
36248.6913907386,6780,323581,7
30558.333333333336,6781,323619,6
19551.38888888889,6782,323643,5
35748.647798280144,6783,323684,6
67906.5422077922,6784,323730,9
31829.124383098842,6785,323812,6
23036.666666666668,6786,323827,5
23212.245115995116,6787,323861,5
24338.294777118306,6788,323888,5
45342.44575148794,6789,323957,7
37358.35574456242,6790,324001,6
36525.192867418096,6791,324066,6
44409.94602619603,6792,324109,7
24183.779415029414,6793,324130,5
18110.833333333332,6794,324146,5
37416.0969749205,6795,324198,6
69885.99201452141,6796,324269,9
34465.315436197794,6797,324311,6
23652.61592531136,6798,324347,5
30680.721500721505,6799,324379,6
31570.257242757245,6800,324434,6
61530.774716339736,6801,324523,8
34148.858225108226,6802,324554,6
23235.186655664602,6803,324588,5
34651.481157731156,6804,324628,6
23286.66222666223,6805,324663,5
11599.928681999114,6806,324685,4
58232.960260843385,6807,324770,8
44937.85837700312,6808,324810,7
69893.3439603912,6809,324863,9
57722.368538324416,6810,324917,8
48329.63525080009,6811,325003,7
59796.37418137417,6812,325069,8
34790.50035555259,6813,325121,6
15088.706363081359,6814,325192,5
22076.73163480826,6815,325260,5
9485.476190476189,6816,325317,5
42473.9346150066,6817,325428,7
57610.30010688487,6818,325506,8
31774.365634365637,6819,325562,6
23513.520809256097,6820,325609,5
55054.88941613941,6821,325661,8
21073.76803751804,6822,325730,6
19751.54761904762,6823,325752,5
13918.239393905023,6824,325843,5
22567.348484848484,6825,325856,5
19252.26162726163,6826,325903,5
-8777.161727161727,6827,325946,3
21558.27380952381,6828,325968,5
31355.365216783564,6829,326057,6
39517.20756367815,6830,326131,7
20476.686507936505,6831,326167,5
20452.917846042845,6832,326202,5
60721.483100233105,6833,326295,9
22399.59776334776,6834,326321,5
19018.0284992785,6835,326350,5
20192.65873015873,6836,326367,5
49748.33470929244,6837,326453,7
30102.069037988156,6838,326515,6
20547.7398989899,6839,326545,5
33635.800102675115,6840,326611,6
65755.40832455413,6841,326727,9
21837.35778110778,6842,326757,5
9553.911782661782,6843,326778,4
10410.137085137085,6844,326848,5
22861.123642439437,6845,326914,6
62588.20831537742,6846,326980,8
34132.08333333333,6847,327017,6
24297.6443001443,6848,327045,5
18905.59523809524,6849,327071,5
9654.559884559882,6850,327097,4
36430.50558102029,6851,327150,6
20814.414543789542,6852,327173,5
45015.846653346656,6853,327234,7
14212.890720390722,6854,327305,5
57010.793650793654,6855,327360,8
20907.71714396715,6856,327394,5
59560.534273303216,6857,327492,8
33202.68009768009,6858,327526,6
44913.64419077655,6859,327597,7
47413.73362748363,6860,327648,7
23038.45238095238,6861,327662,5
34995.29055567756,6862,327704,6
36288.041264291256,6863,327759,6
49042.326477057526,6864,327831,7
22964.764523329457,6865,327867,5
21443.49491774995,6866,327913,5
23076.64904539904,6867,327938,5
35677.19752469753,6868,327989,6
31205.11724386724,6869,328032,6
21123.85971055089,6870,328054,5
24228.198639595696,6871,328094,5
30902.041847041844,6872,328131,6
22549.655483405484,6873,328146,5
62255.4776339427,6874,328223,8
19617.819548872183,6875,328246,5
21112.921518840634,6876,328293,5
35497.79646823763,6877,328349,6
22189.92604617605,6878,328372,5
21233.75,6879,328395,5
42567.23843493967,6880,328468,7
20189.4715007215,6881,328513,5
26131.53187090687,6882,328599,6
18611.052631578947,6883,328610,5
34134.31110148022,6884,328653,6
9333.81673881674,6885,328723,5
47860.14299426065,6886,328783,7
16635.16594516595,6887,328832,5
28512.774782407127,6888,328950,7
21069.86111111111,6889,328976,5
23173.92857142857,6890,329006,5
19048.42532467532,6891,329039,5
46078.55099192173,6892,329108,7
35816.27150627151,6893,329157,6
9889.054556554558,6894,329230,5
20172.857142857145,6895,329256,5
21572.32377142981,6896,329294,5
23639.534770784772,6897,329346,6
11429.910661234191,6898,329366,4
17535.697150072152,6899,329411,5
6608.850732600732,6900,329484,5
41197.351210880624,6901,329545,7
33173.73015873016,6902,329582,6
23922.86075036075,6903,329604,5
23320.904928404925,6904,329642,5
57528.51370851371,6905,329694,8
70759.57895175,6906,329770,9
49173.540652673764,6907,329836,7
21706.41192141192,6908,329870,5
22013.095238095244,6909,329890,5
46801.10334110334,6910,329936,7
62145.40437095583,6911,330030,8
115532.22316963221,6912,330178,13
44120.590741387954,6913,330222,7
47841.15624516972,6914,330283,7
36019.606643356645,6915,330318,6
57154.702380952374,6916,330359,8
39373.350104708275,6917,330440,6
82397.7670368847,6918,330520,10
14599.896708683475,6919,330565,5
32250.907009657007,6920,330617,6
21877.26023976024,6921,330634,5
19715.746753246756,6922,330674,5
20149.473304473304,6923,330705,5
84439.83363299926,6924,330794,10
67004.24720686392,6925,330898,9
22965.719761404744,6926,330931,5
64715.52335201625,6927,331030,8
68379.05663780663,6928,331093,9
32500.736346986345,6929,331144,6
21773.44155844156,6930,331168,5
20612.94483294483,6931,331214,5
34509.930347430345,6932,331243,6
20997.993390338594,6933,331259,5
20028.106060606064,6934,331270,5
24774.660241719062,6935,331303,5
38313.823884019315,6936,331354,6
24740.628048422164,6937,331384,5
30968.392857142855,6938,331407,6
45758.56289135701,6939,331479,7
32678.12326562326,6940,331508,6
31763.157260266395,6941,331554,6
60189.37748891115,6942,331645,8
61634.58871393072,6943,331746,8
20561.666666666668,6944,331754,5
107861.62108213798,6945,331918,12
45810.13597105509,6946,331961,7
79743.94783729342,6947,332037,10
46747.46531246532,6948,332097,7
36502.75321900321,6949,332139,6
22430.644409937886,6950,332159,5
44425.28243815009,6951,332208,7
118507.26564586087,6952,332351,13
35457.32447699359,6953,332392,6
24418.85123003931,6954,332431,5
24446.349424354452,6955,332473,5
30844.922438672438,6956,332508,6
24961.186685046978,6957,332539,5
22821.3388000888,6958,332574,5
98719.3774803665,6959,332722,11
37298.89915231827,6960,332770,6
24838.48680731034,6961,332820,5
25135.80600428123,6962,332876,5
49472.7644727993,6963,332950,7
70957.45199653288,6964,333025,9
57113.482522379585,6965,333087,8
22754.227022977026,6966,333116,5
21210.631868131866,6967,333134,5
22619.432234432235,6968,333148,5
32108.690476190473,6969,333179,6
123945.63640586278,6970,333328,13
80947.68217893218,6971,333385,10
58013.11544664485,6972,333437,8
34800.26226439539,6973,333473,6
140988.76315720746,6974,333621,15
25845.033993783993,6975,333659,5
23814.663802829436,6976,333697,5
44886.07184482184,6977,333756,7
48029.34035585158,6978,333832,7
92238.91026865291,6979,333936,11
23482.628935606877,6980,333968,5
75918.23620823621,6981,334053,10
30989.19871794872,6982,334077,6
16862.29275989598,6983,334151,5
57529.347953602984,6984,334222,8
20582.99603174603,6985,334251,5
4069.137806637804,6986,334350,5
8631.854391984827,6987,334369,4
24774.173797263964,6988,334409,5
13191.869343891403,6989,334435,4
86278.03718739234,6990,334576,11
49670.40907213701,6991,334638,7
47962.56625276168,6992,334722,7
-7533.360805860806,6993,334842,5
22864.206349206346,6994,334856,5
16052.316017316018,6995,334903,5
22571.249999999996,6996,334929,5
18421.71481296481,6997,334968,5
45521.503080253075,6998,335007,7
12494.25283050283,6999,335068,5
24077.210754286996,7000,335104,5
92520.92948717948,7001,335160,11
23190.780469530477,7002,335193,5
22903.65651505357,7003,335209,5
45147.76515151516,7004,335259,7
21439.464285714286,7005,335294,5
59142.70313406924,7006,335409,8
34854.489607614596,7007,335530,7
91793.90955857866,7008,335640,11
23050.88147963148,7009,335666,5
24030.284576534574,7010,335709,5
33507.35081911553,7011,335751,6
20766.666666666668,7012,335768,5
45491.99383949384,7013,335798,7
22422.803030303032,7014,335820,5
69816.92873303167,7015,335883,9
48858.33928369533,7016,335940,7
37000.167193917194,7017,335976,6
23592.301587301587,7018,336004,5
135368.15591679566,7019,336161,14
21441.64987789988,7020,336179,5
33738.92579599623,7021,336213,6
20232.335164835164,7022,336224,5
33075.65936901077,7023,336252,6
140592.18552603226,7024,336388,15
23475.795870795868,7025,336411,5
48709.295843045846,7026,336453,7
22617.605172605174,7027,336488,5
23927.777084027082,7028,336512,5
106447.90558297912,7029,336625,12
21829.467893217894,7030,336647,5
33518.41935841936,7031,336678,6
23561.960200746966,7032,336702,5
107072.3360911964,7033,336812,12
96686.572292087,7034,336931,11
37797.31123365798,7035,336977,6
48941.57467532467,7036,337023,7
61133.02757957556,7037,337105,8
23284.20003607504,7038,337142,5
92511.34062381549,7039,337237,11
63862.66292006179,7040,337313,8
35737.58983706353,7041,337344,6
47560.59673986145,7042,337403,7
24135.972222222223,7043,337426,5
41526.085858585866,7044,337476,7
9106.95157783393,7045,337552,5
21938.922698425988,7046,337597,5
62596.79800161999,7047,337693,8
21668.988095238095,7048,337714,5
34179.733044733046,7049,337740,6
80976.37973137975,7050,337838,10
24312.41161616161,7051,337903,6
44066.14912864914,7052,337958,7
47442.164363414355,7053,337998,7
55859.27059052058,7054,338046,8
25471.32853861115,7055,338076,5
20215.4797979798,7056,338092,5
20399.285714285714,7057,338113,5
21560.396825396823,7058,338140,5
78239.25560550559,7059,338253,10
11398.255494505496,7060,338307,5
81832.05062502857,7061,338387,10
48408.23821500324,7062,338455,7
60509.72877333364,7063,338527,8
68008.91636141637,7064,338593,9
93545.87959576542,7065,338691,11
45587.11288711289,7066,338733,7
49811.1374461452,7067,338804,7
19660.0,7068,338822,5
44018.02669552669,7069,338869,7
20285.96038019951,7070,338885,5
35624.669913419915,7071,338923,6
91730.81840394727,7072,339030,11
21801.770590520588,7073,339060,5
45908.901017283366,7074,339137,7
21070.654761904763,7075,339160,5
23497.827172827172,7076,339198,5
23446.834415584417,7077,339220,5
71157.01368076367,7078,339295,9
34924.73623598624,7079,339324,6
151634.3400448451,7080,339478,16
21049.880952380954,7081,339502,5
64213.289651524945,7082,339586,9
37561.030774780775,7083,339629,6
148061.155092972,7084,339846,16
33944.51964701964,7085,339942,7
44253.14393939394,7086,339974,7
33796.07683982684,7087,340007,6
37211.59643010068,7088,340047,6
103246.19374165482,7089,340190,11
59159.62912087913,7090,340248,8
65509.36216561216,7091,340325,9
33822.120493885195,7092,340377,6
34655.71049457078,7093,340426,6
57682.04851886159,7094,340491,8
20620.892857142855,7095,340507,5
23343.005952380954,7096,340529,5
57319.06662781663,7097,340602,8
69915.82212571573,7098,340689,9
48105.4908694247,7099,340760,7
21933.084415584417,7100,340787,5
19253.690476190477,7101,340808,5
34100.07756132756,7102,340841,6
8140.3899899120515,7103,340938,5
-7431.095987345988,7104,341066,5
21277.964433442372,7105,341112,5
32929.034992785,7106,341161,6
48550.32522971824,7107,341222,7
26435.943174472588,7108,341282,6
37467.78371525276,7109,341332,6
49760.491869241865,7110,341396,7
30759.733044733042,7111,341446,6
12482.931015063366,7112,341543,5
16825.084033613442,7113,341582,5
61492.19932844932,7114,341639,8
85339.67414529917,7115,341730,10
24809.63494235233,7116,341763,5
33018.09523809524,7117,341779,6
22383.846153846152,7118,341790,5
20925.714285714286,7119,341809,5
22717.722832722833,7120,341833,5
22002.369713619715,7121,341869,5
103429.84487734489,7122,341970,12
81795.38024883613,7123,342074,10
57407.47206726621,7124,342156,8
36430.25799364035,7125,342200,6
34455.251982065056,7126,342250,6
47991.34597428716,7127,342306,7
31434.563006008433,7128,342370,6
25250.030891264403,7129,342418,5
34064.34745809746,7130,342463,6
47941.80007900596,7131,342598,8
9544.635642135641,7132,342678,5
32104.17388167389,7133,342716,6
31938.228715728714,7134,342766,6
66028.3349656879,7135,342844,9
22802.24622599623,7136,342878,5
56321.18867243868,7137,342911,8
22783.050835258655,7138,342949,5
68942.51729479672,7139,343000,9
96839.69789476949,7140,343095,11
45739.47330447329,7141,343132,7
35467.11198480742,7142,343184,6
72662.86821838292,7143,343269,9
16140.313093768977,7144,343388,6
21517.440476190477,7145,343405,5
-891.7460317460307,7146,343512,5
8839.555003819709,7147,343609,5
10236.407065157066,7148,343680,5
35301.56565656566,7149,343718,6
50219.67948717949,7150,343827,8
-4658.630952380951,7151,343951,5
20640.888694638692,7152,344046,6
23394.44444444444,7153,344066,5
127142.06707744439,7154,344181,14
106959.77017220824,7155,344309,12
34272.2095959596,7156,344342,6
34926.96089041677,7157,344384,6
32838.19714800836,7158,344417,6
46644.1884096296,7159,344483,7
95901.15177671485,7160,344615,11
19343.252442002442,7161,344644,5
36521.521880896886,7162,344677,6
25211.81235431236,7163,344707,5
57902.8522866023,7164,344764,8
36234.98889998889,7165,344817,6
8938.977411477412,7166,344886,5
18225.0,7167,344915,5
367.8382728382726,7168,344926,3
19954.198024198024,7169,344980,5
24134.75664858018,7170,345009,5
22641.33297258297,7171,345042,5
20753.571428571428,7172,345067,5
20548.333333333336,7173,345082,5
22050.675901755625,7174,345130,5
22934.41378066378,7175,345158,5
67498.71031746033,7176,345261,10
22551.60631035631,7177,345287,5
13017.240040875877,7178,345315,4
49000.10087135087,7179,345367,7
21020.555555555555,7180,345384,5
34966.86507936508,7181,345411,6
21705.247252747253,7182,345424,5
74371.9195871208,7183,345501,9
24920.78585630056,7184,345530,5
99550.32892052048,7185,345651,12
65591.45354645354,7186,345730,9
23336.547619047622,7187,345749,5
12102.619949494949,7188,345763,4
131960.43957126277,7189,345895,14
60452.20394393188,7190,345961,8
139667.60420272136,7191,346226,15
20894.993120566785,7192,346277,5
21201.964285714286,7193,346289,5
83139.29177440207,7194,346388,10
20412.5,7195,346396,5
72680.49747779928,7196,346456,9
22291.45915678524,7197,346466,5
79883.42884390293,7198,346571,10
22675.07030701497,7199,346628,5
74614.3554811202,7200,346708,9
60726.394047129346,7201,346776,8
33895.77380952382,7202,346800,6
18094.93506493506,7203,346848,5
9184.172763510998,7204,346951,5
21508.255772005774,7205,346966,5
9399.101731601731,7206,347039,5
20354.885323010327,7207,347129,6
23139.06726443491,7208,347155,5
63454.48273948275,7209,347254,9
20683.44155844156,7210,347289,5
22452.99603174603,7211,347309,5
71134.00294150294,7212,347399,9
44045.03787878787,7213,347434,7
83858.32348207347,7214,347506,10
78768.65868372252,7215,347581,10
74567.56510968393,7216,347696,9
45367.87982850483,7217,347746,7
32984.107142857145,7218,347765,6
92206.70843045844,7219,347850,11
23470.684523809523,7220,347870,5
137999.11872441287,7221,348023,15
55461.32631257631,7222,348082,8
97477.59822178165,7223,348215,11
82559.05067155068,7224,348308,10
126676.7173104673,7225,348393,14
22872.61904761905,7226,348412,5
21872.99707237207,7227,348445,5
61617.47474747475,7228,348510,8
34632.81260406261,7229,348545,6
91825.37624140568,7230,348632,11
45593.33319458319,7231,348698,7
61260.61644238115,7232,348781,8
84251.2913741745,7233,348862,10
47505.980824730825,7234,348906,7
62374.16960963013,7235,348975,8
35768.77847438977,7236,349020,6
66670.26074823871,7237,349103,9
32734.765512265512,7238,349134,6
107242.3233216732,7239,349250,12
21348.58585858586,7240,349275,5
47216.883116883124,7241,349314,7
44146.90833890912,7242,349375,7
35495.15242186471,7243,349421,6
47517.53454878455,7244,349470,7
24289.33621933622,7245,349494,5
50590.53058053058,7246,349557,7
72135.7002882738,7247,349636,9
130036.80709168706,7248,349803,14
67095.34930347432,7249,349865,9
22786.05158730159,7250,349883,5
23151.197968697972,7251,349933,5
84231.8672937829,7252,350045,11
55925.54352918324,7253,350107,8
83460.13479984067,7254,350191,10
32880.654761904756,7255,350219,6
24141.809856809854,7256,350248,5
81688.2579348756,7257,350332,10
47933.85170385171,7258,350376,7
61262.81454098018,7259,350441,8
94229.94668493701,7260,350555,11
23486.995023380478,7261,350614,5
57492.504717504715,7262,350688,8
86837.74420990946,7263,350794,10
22325.943362193364,7264,350812,5
22335.407647907647,7265,350840,5
34343.580586080585,7266,350863,6
32148.107864357866,7267,350889,6
57516.6853367221,7268,350975,9
60236.85344499693,7269,351056,8
110941.33483971459,7270,351189,12
24039.213564213565,7271,351226,5
22878.7012987013,7272,351246,5
48265.851509601525,7273,351292,7
56431.26454427925,7274,351347,8
23940.07742128872,7275,351375,5
23949.942096302388,7276,351420,5
80612.15659340657,7277,351508,10
33589.28571428571,7278,351536,6
103616.27250394087,7279,351660,12
79621.39759707096,7280,351752,10
24802.67635142635,7281,351781,5
65648.75124875126,7282,351836,9
46301.261873016905,7283,351879,7
18141.170634920632,7284,351898,5
128866.3113275613,7285,352049,14
81664.87300006866,7286,352172,10
22622.058982683986,7287,352206,5
25141.699134199134,7288,352230,5
68526.367118415,7289,352331,9
67274.44074716134,7290,352385,9
-7581.747557997562,7291,352527,5
34136.56607281607,7292,352619,7
36677.54037629038,7293,352662,6
47695.33784069388,7294,352713,7
72746.73861307737,7295,352857,9
22413.06277056277,7296,352874,5
92448.03366396246,7297,352989,11
32801.86507936508,7298,353020,6
105624.25574425576,7299,353130,12
33824.65748454331,7300,353168,6
44930.36435786435,7301,353201,7
46700.82123350506,7302,353255,7
158496.3874816274,7303,353423,16
68431.34860023017,7304,353505,9
23773.309884559883,7305,353528,5
59961.387085137096,7306,353608,8
117213.2147212952,7307,353740,13
42221.15204240204,7308,353802,7
24002.1626984127,7309,353821,5
84041.38955815427,7310,353920,10
48316.38188479907,7311,353988,7
82706.38360048963,7312,354060,10
59839.73595848595,7313,354130,8
44691.23570873571,7314,354178,7
72558.53960130857,7315,354260,9
23671.447996447998,7316,354286,5
83112.75155400154,7317,354363,10
86175.5276596898,7318,354460,10
84520.48631923631,7319,354538,11
34104.99361749362,7320,354566,6
86811.45708458209,7321,354643,11
123601.94763243294,7322,354780,13
74637.21057300975,7323,354860,9
20173.928571428572,7324,354872,5
118325.4679043437,7325,355019,13
33672.7593121869,7326,355087,6
47288.903877583216,7327,355170,7
69243.50218666781,7328,355231,9
10850.39398101898,7329,355249,4
23105.253496503494,7330,355284,5
19687.499999999996,7331,355294,5
-3337.327399982199,7332,355310,3
19342.142440892443,7333,355365,5
67917.32864357864,7334,355439,9
32872.365930208434,7335,355484,6
32524.33261183262,7336,355516,6
41937.142857142855,7337,355543,7
47537.57914406714,7338,355607,7
6902.3837385524685,7339,355651,4
58787.65142601637,7340,355721,8
56869.305098496276,7341,355820,8
1488.7237762237764,7342,355940,5
13804.598355076296,7343,356022,5
14829.694553205201,7344,356097,5
15306.666666666664,7345,356130,5
39273.65334012393,7346,356202,7
22732.97443977591,7347,356218,5
82351.42485438538,7348,356287,10
32960.19841269842,7349,356314,6
48259.144871214405,7350,356386,7
22729.91161616162,7351,356410,5
68182.29020979023,7352,356461,9
95836.10729194118,7353,356564,11
21794.426937441644,7354,356597,5
65264.847368833434,7355,356704,9
17572.32142857143,7356,356724,5
38450.09100892228,7357,356791,6
45755.605158730155,7358,356838,7
33537.98701298702,7359,356867,6
108361.41723064518,7360,356987,12
44782.68946331447,7361,357031,7
22638.52994227994,7362,357055,5
45883.34959566577,7363,357100,7
49120.20218751835,7364,357153,7
32070.2279673371,7365,357198,6
100569.40067185738,7366,357323,12
35536.003718503714,7367,357366,6
82382.00542513044,7368,357443,10
145504.71139563047,7369,357630,15
83275.54581856051,7370,357734,10
127593.20871079384,7371,357928,14
55217.307692307695,7372,357971,8
56160.87948966239,7373,358043,8
8154.090334330271,7374,358096,4
19603.813882065497,7375,358177,5
35352.65873015873,7376,358206,6
71291.58302954354,7377,358262,9
138575.48409923405,7378,358404,15
46636.118326118325,7379,358437,7
61411.81353776942,7380,358504,8
37586.088221204314,7381,358558,6
70496.23168498169,7382,358625,9
34635.946553446556,7383,358653,6
85755.30899655899,7384,358767,11
47664.294097929924,7385,358833,7
48296.31819526362,7386,358893,7
55914.41003913527,7387,358959,8
31629.011544011548,7388,358988,6
47772.06182706182,7389,359063,7
81896.66430791433,7390,359143,10
86081.708985459,7391,359237,10
53910.260989010996,7392,359302,8
18724.555555555555,7393,359319,5
59427.582903207905,7394,359376,8
36974.97988122988,7395,359411,6
17010.49689440994,7396,359427,5
25191.775422290128,7397,359457,5
91458.08906371408,7398,359556,11
99532.67128704632,7399,359670,12
58401.51175621764,7400,359712,8
106698.18181560446,7401,359850,12
32113.20887445887,7402,359890,6
71646.9975857476,7403,359973,9
57073.67292386835,7404,360029,8
45256.83989621489,7405,360089,7
21467.934981684983,7406,360111,5
34535.945165945166,7407,360153,6
69844.67699547615,7408,360279,9
59848.99105255655,7409,360382,8
91391.76615051615,7410,360478,11
24397.522889692005,7411,360511,5
41423.12343358396,7412,360560,7
282835.9074340691,7413,360889,27
80277.9463102257,7414,360968,10
67908.49532412032,7415,361061,9
34248.89971139971,7416,361109,6
34923.85281385281,7417,361137,6
22593.850177600183,7418,361176,5
65822.16739551297,7419,361241,9
21920.422947150884,7420,361262,5
109396.88770062441,7421,361384,12
59356.005244755244,7422,361452,8
46559.62468087469,7423,361499,7
68689.66136804373,7424,361570,9
23996.149512252454,7425,361600,5
95766.26356486652,7426,361735,12
105415.16285314271,7427,361873,12
134682.80872313963,7428,362091,15
45141.07645214263,7429,362135,7
116396.61284793638,7430,362252,13
112388.174623579,7431,362390,12
23309.52380952381,7432,362413,5
22526.159812409816,7433,362439,5
34134.624976472805,7434,362460,6
23548.767139723022,7435,362505,5
34845.94098754702,7436,362545,6
44594.54184704185,7437,362589,7
24668.197564819082,7438,362623,5
32447.911949161953,7439,362654,6
88533.98626700098,7440,362792,11
33471.877150627144,7441,362847,6
47682.361457986466,7442,362933,7
101816.11293526732,7443,363083,12
127497.99559616507,7444,363245,14
23825.313669173964,7445,363280,5
60863.18077197142,7446,363365,8
79521.7535936286,7447,363445,10
35155.446636696644,7448,363488,6
33653.94758019759,7449,363554,6
110952.53205128202,7450,363679,13
23760.462290977,7451,363718,5
45740.52932361756,7452,363798,7
21064.64285714286,7453,363810,5
69071.95719356323,7454,363907,9
22020.068681318684,7455,363921,5
23125.376344501732,7456,363961,5
42045.3373015873,7457,364005,7
66728.0468142968,7458,364084,9
64231.28191253193,7459,364180,9
43431.17609171015,7460,364270,7
20336.640520427292,7461,364357,5
76641.79159076218,7462,364479,10
130705.59674007619,7463,364661,14
18814.722222222226,7464,364671,5
109979.86804260411,7465,364794,12
68502.00771450772,7466,364862,9
41861.196303696306,7467,364898,7
81306.13927738927,7468,365003,10
71687.1551575789,7469,365068,9
22742.41217116217,7470,365088,5
48464.32769887491,7471,365154,7
22529.788961038965,7472,365177,5
50022.02982430216,7473,365243,7
61758.782603705215,7474,365303,8
23669.409618159614,7475,365331,5
115380.74279886781,7476,365427,13
24279.50160950161,7477,365453,5
35628.4613997114,7478,365486,6
47602.964433442365,7479,365543,7
55828.68700335612,7480,365593,8
82905.99875979716,7481,365701,10
34688.175770308124,7482,365726,6
86164.9740782094,7483,365864,11
100498.67004402322,7484,366068,12
58289.64680787048,7485,366133,8
19897.774725274725,7486,366146,5
43077.67135642136,7487,366222,7
60520.808284637635,7488,366350,9
49367.97258297259,7489,366404,8
53907.44667656045,7490,366516,8
76787.79761904762,7491,366568,10
36465.350087994375,7492,366639,6
76501.48729538439,7493,366738,10
65112.641386391406,7494,366854,9
93518.08033544694,7495,367054,11
81168.27948195595,7496,367202,11
21974.03711484594,7497,367226,5
81804.21992631553,7498,367294,10
199949.91491330304,7499,367540,20
22397.179406850457,7500,367559,5
22865.020535020536,7501,367590,5
55405.74867126338,7502,367654,8
7035.338242768586,7503,367706,4
88860.08059664795,7504,367869,11
22403.141441891443,7505,367897,5
64814.318181818184,7506,367951,9
66598.52466977466,7507,368046,9
52510.42027417028,7508,368118,8
80554.5621045621,7509,368206,10
31496.383127965943,7510,368269,6
42837.491128152906,7511,368359,7
23137.03943931885,7512,368403,5
11743.89880952381,7513,368415,4
109016.21746717334,7514,368552,13
116941.10707009037,7515,368715,13
179209.63799014885,7516,368947,18
105436.27735375223,7517,369054,12
59289.2743530979,7518,369121,8
24283.6928757517,7519,369158,5
21475.314007887537,7520,369189,5
22100.925058988134,7521,369226,5
22245.466788113845,7522,369265,5
78173.97042499985,7523,369328,10
141714.871589324,7524,369499,15
60499.40712065713,7525,369573,8
22098.07140958457,7526,369598,5
87334.2211913903,7527,369700,11
43493.82048507047,7528,369752,7
44716.72619047619,7529,369783,7
127381.6977263587,7530,369923,14
88091.0275835276,7531,370016,11
24094.986109092144,7532,370049,5
204021.9295262552,7533,370264,20
150961.7958430458,7534,370438,16
21640.833333333336,7535,370456,5
36427.86721212224,7536,370511,6
58094.10492285492,7537,370594,8
46491.76323676323,7538,370659,7
52148.8492063492,7539,370707,8
46176.30947483889,7540,370771,7
114031.90306425601,7541,370897,13
63452.5559163059,7542,370971,9
66001.64447953147,7543,371115,9
62374.46109446109,7544,371175,8
19812.515490185768,7545,371221,5
91236.54198742437,7546,371347,11
64473.772178329054,7547,371489,9
53249.67654421601,7548,371576,8
53601.821585277445,7549,371676,8
46019.86804861806,7550,371730,7
103488.48812951754,7551,371864,12
32709.844575359275,7552,371900,6
82790.55985680985,7553,372043,11
23266.848845598848,7554,372073,5
42172.185549873255,7555,372177,7
56651.064379806645,7556,372245,8
54142.32183923748,7557,372340,8
-1145.1839826839828,7558,372350,3
56850.2435064935,7559,372431,8
86052.32592162742,7560,372535,10
91034.41253191253,7561,372638,11
21638.45238095238,7562,372668,5
184831.22228048084,7563,372952,19
129617.96615213994,7564,373128,15
45390.17910194381,7565,373196,7
34814.1095016095,7566,373245,6
10054.65294045293,7567,373307,4
30602.489177489177,7568,373342,6
40529.441253191246,7569,373431,7
23243.558524808523,7570,373463,5
66474.64285714286,7571,373520,9
67872.17365022324,7572,373640,9
34355.38239538239,7573,373692,6
11951.573426573425,7574,373709,4
23926.26505847094,7575,373736,5
21986.796606171607,7576,373754,5
22862.33863358863,7577,373794,5
97170.85025139977,7578,373937,12
33208.78205128205,7579,373959,6
83475.4730925044,7580,374048,10
48718.9949629404,7581,374122,7
93726.88724824369,7582,374262,11
59381.11578020736,7583,374342,8
23420.099206349205,7584,374364,5
70126.1716714658,7585,374436,9
90507.93470418469,7586,374512,11
33425.19841269841,7587,374558,6
14135.568598068596,7588,374587,4
46285.79289131921,7589,374632,7
106279.81307598676,7590,374757,12
63339.66089466089,7591,374833,9
58250.17419671831,7592,374880,8
5485.802963806059,7593,374911,4
20231.495205617735,7594,374964,5
23729.69696969697,7595,374985,5
143827.23434653578,7596,375180,16
32411.51348651349,7597,375228,6
35933.496780996786,7598,375272,6
41993.630050505046,7599,375348,7
24247.97006334738,7600,375469,6
30932.251429126434,7601,375548,6
82265.15983822677,7602,375747,11
77076.77145268953,7603,375920,10
54311.642662892664,7604,376001,8
37098.48915382004,7605,376120,7
40664.32976745477,7606,376196,7
42751.47505272507,7607,376275,7
20389.273851148853,7608,376326,5
20356.181179931173,7609,376374,5
17383.333333333332,7610,376386,5
30541.731601731604,7611,376438,6
127679.2004375054,7612,376591,14
58012.576892305005,7613,376709,8
32122.111777111782,7614,376754,6
10511.903899713381,7615,376813,4
51399.22244422247,7616,376918,8
47922.915125809865,7617,376968,7
67209.79763292264,7618,377053,9
59525.156493832954,7619,377115,8
127939.93450993454,7620,377262,14
34253.31807081807,7621,377301,6
66005.97222222223,7622,377357,9
68559.38297813297,7623,377430,9
71992.3565729506,7624,377523,9
72581.24339855825,7625,377647,9
67731.8523143523,7626,377746,9
81945.72996447995,7627,377830,10
23188.19638694638,7628,377866,5
64267.39052614052,7629,377917,9
44017.27875066111,7630,377991,7
51482.49111999112,7631,378085,8
32367.042758792166,7632,378168,6
21347.120448565875,7633,378225,5
21229.65548340548,7634,378242,5
23695.132645132642,7635,378278,5
57457.90029415027,7636,378460,9
24598.202838827838,7637,378484,5
66894.42251633813,7638,378609,9
72557.48536285214,7639,378715,9
196753.17315445986,7640,378995,20
162535.07792946644,7641,379188,17
83477.55678832693,7642,379290,10
101584.21731046731,7643,379405,12
113759.94209522849,7644,379544,13
24299.837518003147,7645,379589,5
27404.716810966805,7646,379631,6
46771.12789987791,7647,379677,7
30775.853174603173,7648,379712,6
53518.57142857143,7649,379782,8
42205.563140756145,7650,379859,7
38703.958263958266,7651,379920,7
29976.193082373422,7652,380009,6
54529.14696414696,7653,380062,8
40981.06268731269,7654,380139,7
63291.00094350095,7655,380214,9
34272.91264291263,7656,380261,6
39004.35786435787,7657,380364,7
6358.962565212566,7658,380410,4
148687.93563705488,7659,380618,16
23100.416666666664,7660,380648,5
67154.75108225107,7661,380721,9
17442.19696969697,7662,380734,5
118832.90399959522,7663,380887,13
47642.51840887872,7664,380992,8
42378.006160506164,7665,381062,7
22499.695378151264,7666,381075,5
65621.30050505052,7667,381164,9
40450.49470953884,7668,381249,7
41577.86414694696,7669,381318,7
22300.12539996236,7670,381335,5
22222.40917579153,7671,381354,5
45258.19628231881,7672,381437,7
17387.90626040626,7673,381476,5
40891.361118456705,7674,381568,7
-4179.64262732451,7675,381886,7
21890.09074259074,7676,381935,5
55912.755124777184,7677,382032,8
47186.83819681987,7678,382201,8
20180.608370387785,7679,382244,5
67479.37452726152,7680,382391,9
33973.13702035839,7681,382447,6
79030.7917082917,7682,382537,10
46190.95448668978,7683,382582,7
52252.401209901225,7684,382635,8
45217.463427095776,7685,382690,7
178419.62313462223,7686,382962,18
20826.071428571428,7687,382979,5
45042.87698412698,7688,383026,7
48312.20931845931,7689,383085,7
140519.08360258595,7690,383269,15
92782.36794745502,7691,383409,11
43903.171134421136,7692,383455,7
43744.62469719825,7693,383522,7
79046.55226977335,7694,383624,10
5806.050199800199,7695,383659,4
52729.91024799074,7696,383773,8
45898.63837218703,7697,383852,7
74633.97822357381,7698,383953,10
38903.31369030864,7699,384084,7
8912.592317812921,7700,384335,7
15956.167662531829,7701,384448,5
50963.45515595514,7702,384808,11
42773.16891162673,7703,384919,7
41625.965700965695,7704,384995,7
23323.25840825841,7705,385029,5
8965.021656190385,7706,385067,4
34809.92535242536,7707,385102,6
45641.3374385762,7708,385203,7
88626.61005661006,7709,385302,11
79892.3676690956,7710,385449,10
54165.558622663884,7711,385532,8
11098.368762945003,7712,385557,4
44812.581168831166,7713,385599,7
9939.352314352314,7714,385623,4
70287.04380737082,7715,385712,9
33810.958661436605,7716,385760,6
19462.207584082586,7717,385802,5
77849.66730592026,7718,385956,10
56227.936679305734,7719,386065,8
94477.66024760412,7720,386179,11
11138.0439005439,7721,386203,4
30260.06007881008,7722,386273,6
22321.933019036343,7723,386451,6
207.26162726162727,7724,386462,3
2595.424367299368,7725,386609,5
34121.37970949048,7726,386908,9
44452.650682650674,7727,386969,7
33184.55941525795,7728,387010,6
34858.14802758302,7729,387060,6
15389.285714285714,7730,387069,5
66266.05286461904,7731,387191,9
32282.460317460318,7732,387225,6
53346.36675824176,7733,387293,8
92713.4274980695,7734,387461,11
104892.66483924573,7735,387607,12
63779.65062715063,7736,387688,9
20411.666666666668,7737,387699,5
51418.48304473304,7738,387785,8
17202.678571428572,7739,387821,5
43799.832944832946,7740,387892,7
94533.35270594557,7741,388074,11
62731.81508850627,7742,388183,9
73241.53707231881,7743,388348,10
20872.85714285714,7744,388359,5
20773.44695714614,7745,388438,5
94795.24310119706,7746,388588,11
44073.0695693195,7747,388837,9
14021.884871664286,7748,388910,5
46310.33473425217,7749,389005,7
31552.763365590377,7750,389077,6
40872.88794538795,7751,389099,7
46771.31742977525,7752,389154,7
55173.519580451706,7753,389243,8
49312.62957831752,7754,389382,8
17185.000000000004,7755,389429,5
44101.96240746062,7756,389498,7
43909.28909382185,7757,389581,7
34208.75644672666,7758,389646,6
52505.41666666666,7759,389724,8
46189.886016761004,7760,389793,7
18124.26792513771,7761,389889,5
111032.59386151795,7762,390107,13
24423.49485696622,7763,390331,8
50804.85389610389,7764,390427,8
6266.831085581086,7765,390459,4
41442.097000222,7766,390518,7
32431.179589244613,7767,390572,6
-5409.54365079365,7768,390718,5
-10192.706043956046,7769,390867,5
-507.0188786737099,7770,390937,4
2951.736993520159,7771,391443,10
31115.65400638233,7772,391511,6
11776.641997708175,7773,391527,4
23923.232894556426,7774,391576,5
20661.044075678365,7775,391760,7
33052.45476745477,7776,391808,6
44535.46855921854,7777,391860,7
54789.04761904761,7778,391933,8
42832.94714564015,7779,392006,7
32241.040764790767,7780,392159,8
36711.280663780664,7781,392255,7
45907.99189556685,7782,392356,7
74861.42940478852,7783,392462,10
124617.0505640301,7784,392671,14
56803.96688961303,7785,392888,10
68752.48567254002,7786,392980,9
18723.091214341213,7787,393050,5
56140.63766642713,7788,393162,8
18448.001304251306,7789,393207,5
47435.014424495435,7790,393297,7
34374.94047619047,7791,393327,6
42824.579499447915,7792,393490,8
-30037.81385281385,7793,393827,6
-4492.524099573046,7794,394104,7
-14075.243506493507,7795,394182,3
-3178.3809164691525,7796,394297,4
25690.49706055899,7797,394508,7
-2077.929292929293,7798,394518,3
54900.21645021646,7799,394651,9
16310.841497683603,7800,394707,5
632.6679039914333,7801,395195,10
-11463.62751240848,7802,395501,7
44451.92081203111,7803,395566,7
37117.77367498342,7804,395644,6
44874.715562215555,7805,395708,7
62943.11334498836,7806,395800,9
33037.75113775113,7807,395860,6
14776.710487225202,7808,396111,8
5962.281746031746,7809,396194,5
21544.406369167016,7810,396247,5
6449.98883469472,7811,396450,7
-11899.020562770562,7812,396628,5
-4156.200743700745,7813,396826,5
-16755.93813457784,7814,397032,5
40082.962592962576,7815,397159,8
-209.88122988122996,7816,397176,3
1819.776057276079,7817,397531,8
-27631.160506160508,7818,397744,5
-21006.407182643637,7819,397895,4
14402.540311640547,7820,398005,5
12600.027125652125,7821,398086,5
-39383.900201106066,7822,398539,7
15368.499278499277,7823,398589,5
-5335.753968253972,7824,398713,5
18893.035853035854,7825,398747,5
14170.714285714286,7826,398786,5
20797.155483405484,7827,398808,5
57964.7188922189,7828,398894,8
-225.01262626262246,7829,399003,5
-1186.111111111111,7830,399013,3
19058.36690528254,7831,399064,5
3928.6796536796537,7832,399138,5
-42889.447811175756,7833,399460,5
-8119.940476190478,7834,399603,5
14623.156565656567,7835,399709,6
3560.0159017109313,7836,399925,6
13426.049247450173,7837,400148,7
31720.593899116237,7838,400354,8
28409.768570259563,7839,400454,6
-14790.92888385265,7840,400634,5
28774.825798771235,7841,400713,6
3041.0065506389265,7842,401140,9
7055.441919191921,7843,401227,5
3008.5042041292027,7844,401326,6
23250.449518232024,7845,401363,5
20854.854901290673,7846,401547,7
15893.04834054834,7847,401601,5
-21865.165534070322,7848,401792,5
24582.003274503273,7849,401823,5
9523.938561438561,7850,401898,5
-15736.264364701578,7851,402023,4
-7661.8109668109655,7852,402201,5
119468.6838202647,7853,402497,15
-42118.05819180818,7854,402964,7
20235.829031005123,7855,403174,8
74344.12752145802,7856,403306,9
89242.12578078102,7857,403651,14
100791.34269325447,7858,403750,12
34633.841458249364,7859,403784,6
44966.123737373724,7860,403840,7
-22451.018772893764,7861,404229,8
27725.82577102119,7862,404592,11
36357.776313598675,7863,404664,6
28141.318205190364,7864,404768,6
21323.939393939407,7865,405011,8
18988.63090212161,7866,405061,5
51164.95761014045,7867,405402,10
-73107.02790673383,7868,406107,7
8435.397935397941,7869,406263,6
29855.142859591386,7870,406452,7
83174.67588595132,7871,406656,11
-10386.32034632035,7872,406756,4
-11860.357142857145,7873,406809,3
-31038.920662670665,7874,407035,5
79656.4567985465,7875,407387,14
34404.795343545346,7876,407552,8
13072.17808378409,7877,408124,13
-13066.552782872428,7878,408534,9
44507.12645584549,7879,408580,7
20020.647187779545,7880,408610,5
35777.27272727273,7881,408688,7
9559.6835109335,7882,408945,8
44148.531746031746,7883,408987,7
35876.807080518374,7884,409035,6
60871.938804015,7885,409190,9
12114.622190730852,7886,409227,4
34436.65266106442,7887,409256,6
7636.160506160506,7888,409289,4
2427.886872114809,7889,409378,5
1412.5572017851391,7890,409571,6
62.499722499722566,7891,409581,3
10793.461954711955,7892,409644,5
12752.938797313811,7893,409975,8
-7371.314569288654,7894,410675,11
129.09201909201846,7895,410790,5
-37158.232106945325,7896,411328,9
-12303.655303030293,7897,411673,8
-10164.553667007222,7898,411883,5
69.15945165945357,7899,412192,7
19617.54329004329,7900,412238,5
37201.99848762348,7901,412594,11
-14487.556610056614,7902,412867,6
21407.09863150639,7903,413024,7
22484.7073536199,7904,413288,9
10423.715377759501,7905,413358,5
31411.81762681762,7906,413584,8
-7530.831737706752,7907,413936,7
2862.085116680708,7908,414149,6
10433.943140193136,7909,414638,10
1636.828379953377,7910,414780,5
-16604.785214785217,7911,414871,3
9979.296618414264,7912,414909,4
-7162.24025974026,7913,414952,3
24157.068625818625,7914,415006,5
93069.59934200649,7915,415304,13
50061.52365635327,7916,415448,8
17796.99401497196,7917,415551,6
10221.019035359204,7918,415681,6
77171.79054964121,7919,416070,14
4214.81387443041,7920,416479,9
6626.2608918858905,7921,416516,4
-5996.666666666667,7922,416598,4
53720.715737435916,7923,416931,11
22705.534935910324,7924,416964,5
-19295.878480179963,7925,417295,7
25243.64760239761,7926,417392,6
-2476.9405594405594,7927,417403,3
27697.06034524247,7928,417582,7
17865.784632034636,7929,417688,6
-6320.32106782107,7930,417842,5
17481.61063609594,7931,417919,5
13416.328532578533,7932,418018,5
-92115.23809523806,7933,418453,5
-12792.748917748915,7934,418766,8
1150.1111388611394,7935,418886,5
-49379.30937118435,7936,419391,8
3654.6919877937703,7937,419599,6
18503.51360023668,7938,419676,5
26345.17704517705,7939,419861,7
26202.797619729314,7940,419983,6
-3843.0357142857138,7941,420134,6
2833.687701187702,7942,420312,6
4095.2713952713952,7943,420529,7
17495.74897324897,7944,420578,5
-71540.59332458906,7945,420987,6
6040.173796361879,7946,421293,8
42690.5364080364,7947,421535,10
6763.443160296874,7948,421658,5
-26486.31243756242,7949,422015,6
11458.995719407863,7950,422404,10
32645.829154505605,7951,422614,8
3457.091172716173,7952,422683,4
8883.021076146077,7953,422783,5
30372.570160411222,7954,422907,7
-9582.857142857143,7955,423051,5
38772.92804746082,7956,423418,10
-29170.766594516597,7957,423674,5
13534.115190365193,7958,423755,5
22216.038875340353,7959,423874,6
41312.956487956486,7960,424027,8
-10644.578942299526,7961,424321,5
14905.948978781797,7962,424490,6
-27367.850686465226,7963,424940,8
-13943.099117729535,7964,425115,5
-28138.967842657858,7965,425468,7
-28290.175102675108,7966,425870,6
-14046.429541820406,7967,426092,5
36715.494130809355,7968,426291,8
23560.401334346763,7969,426392,6
-14329.049773755669,7970,426539,4
13231.700660450664,7971,426618,5
-15970.299145299146,7972,426700,3
4386.945068390484,7973,426945,6
-13234.918652842496,7974,427318,7
11732.933381977507,7975,427579,8
-12188.89971139967,7976,427798,5
-31391.14108221501,7977,428515,8
27921.236518899026,7978,429250,14
3762.8459040959033,7979,429310,4
2422.649084661465,7980,429727,8
-1853.9754689754689,7981,429752,3
50092.85849771143,7982,430032,10
30347.00329082682,7983,430116,6
11762.539572140962,7984,430209,5
34082.0938987483,7985,430454,9
15663.61423298926,7986,430823,9
26512.628760128762,7987,430907,6
-55835.71151071152,7988,431454,6
-36914.91411495283,7989,432086,7
-61547.50485152967,7990,432662,7
38420.98174529287,7991,432814,8
46498.95480744747,7992,433016,9
4934.480257015087,7993,433110,5
19690.924655409934,7994,433576,10
6803.607988803424,7995,433688,5
-6891.328393828395,7996,433726,3
4721.102092352087,7997,433904,6
16133.944666444666,7998,433952,5
36804.82309357309,7999,434061,7
56791.14280791819,8000,434320,10
22548.894904115536,8001,434664,9
6894.333289259753,8002,434972,7
-3490.152208902209,8003,434992,3
-23423.84802697302,8004,435379,8
48201.59173600738,8005,435583,9
3861.918269638885,8006,435882,7
22811.446608946597,8007,436264,11
26650.515873015876,8008,436368,7
20945.178571428572,8009,436393,5
18936.505439005443,8010,436505,6
-6083.271535181362,8011,437031,10
6145.88209326793,8012,437099,4
2489.8847783193687,8013,437241,5
6780.044612250494,8014,437298,4
-23963.68742368748,8015,437598,5
19648.529942279943,8016,437636,5
62964.94088148693,8017,438026,13
37011.23792873793,8018,438116,7
112.46677922182107,8019,438467,8
-37143.392857142855,8020,438819,5
50636.369522821,8021,438960,8
19608.861644891058,8022,439035,5
-3213.928571428571,8023,439054,3
9525.968614718613,8024,439163,5
-15316.119436119452,8025,439863,11
4034.091880341878,8026,439975,5
-21539.960317460318,8027,440172,5
22218.198875411174,8028,440221,5
-18037.17983405484,8029,440482,5
-8674.916269446072,8030,441018,9
-714.5100560773963,8031,441223,6
41942.45960695651,8032,441600,11
-11197.41258741258,8033,441888,6
23663.02891282514,8034,441973,5
22027.630844817373,8035,442109,6
19764.27268809623,8036,442243,6
-7837.672392966504,8037,442419,5
-31400.566378066374,8038,442768,6
52926.80797960212,8039,443440,16
-4849.20634920635,8040,443466,3
99989.26807712413,8041,443786,15
28082.927541780766,8042,444075,9
8653.960622710634,8043,444263,6
41189.06727302626,8044,444370,7
19278.177516927528,8045,444485,6
6030.48701298701,8046,444596,5
-9253.193730289317,8047,444854,5
25427.56542906695,8048,445291,10
2063.0866355866347,8049,445776,9
12587.97480297481,8050,445928,6
93742.11768623532,8051,446158,14
-13083.523671890545,8052,446362,5
58690.13284423698,8053,446860,15
54197.37720612719,8054,446947,8
-17482.14285714286,8055,447031,3
29167.043650793614,8056,447180,7
9487.281746031747,8057,447264,5
10622.907439782437,8058,447364,5
21613.84392632651,8059,447402,5
16055.543713532845,8060,447444,5
4331.5277777777765,8061,447485,4
824.8176823176973,8062,447736,6
-3899.023411229298,8063,447900,5
-3440.9613997113884,8064,448185,7
-7242.252469752464,8065,448410,6
-16264.933677433675,8066,448707,6
39358.1313131313,8067,448780,7
43965.35988318641,8068,448897,7
-5240.854978354973,8069,449143,7
59448.43939557176,8070,449336,10
17113.870088245094,8071,449518,7
-4695.714285714286,8072,449548,3
14015.985509588452,8073,449640,5
-173.21428571428578,8074,449651,3
53158.60815225366,8075,450232,14
-47648.16197691197,8076,450662,6
63998.32264291437,8077,450849,10
-11809.81129981128,8078,451238,7
-8437.39957754663,8079,451387,5
-9678.84720692966,8080,451951,11
16715.1539643277,8081,452456,10
61454.26606073661,8082,452694,11
-31628.872793872797,8083,452967,5
34445.172858187565,8084,453128,8
26870.405729891023,8085,453211,6
16755.35547377459,8086,453287,5
4762.941792684446,8087,453639,8
5256.457233212258,8088,453980,8
17815.397241647235,8089,454110,6
13325.756604506605,8090,454278,6
21144.168054168058,8091,454384,6
-1550.7792207792209,8092,454410,3
8916.045135420136,8093,454438,4
-19583.786382269864,8094,454796,7
592.670940170939,8095,454856,4
82546.12705406047,8096,455047,11
36351.68484293487,8097,455229,8
45517.55685727236,8098,455665,11
9219.970584970588,8099,455886,6
5278.148651314281,8100,455945,4
22100.867685759073,8101,456228,8
11604.961427461427,8102,456269,4
7531.432233272404,8103,456458,6
15985.119129236782,8104,456684,7
16403.245088245072,8105,456803,6
31661.748390068824,8106,457189,10
30295.672016536966,8107,457664,10
4547.754932975519,8108,457818,5
-28534.65068557174,8109,458433,10
28986.140762831918,8110,458545,6
-3849.4468031967967,8111,458756,6
37094.176934176925,8112,458866,7
20639.016816516818,8113,458931,5
16149.792429362864,8114,459397,11
16467.897241647242,8115,459447,5
21468.680902430908,8116,459670,8
36706.111111111124,8117,459741,7
8437.243867243866,8118,459778,4
20842.88308870352,8119,459816,5
4448.769841269842,8120,459939,5
-39677.451298701315,8121,460402,6
42098.919228919236,8122,460483,7
69256.63669663668,8123,460639,10
9183.34078911285,8124,460841,6
-8302.417582417576,8125,461077,5
32430.149850149854,8126,461106,6
12945.335191769014,8127,461125,4
-8993.030564207047,8128,461353,5
-626.9246031746046,8129,461420,4
61383.59418359418,8130,461480,8
14650.772005772005,8131,461546,5
-28074.08105783104,8132,462149,9
-8731.0162060162,8133,462486,6
21502.470029970023,8134,462563,6
22842.175047175042,8135,462717,6
-27068.075119325124,8136,463105,6
7269.011208090153,8137,463284,6
26363.20702173642,8138,463457,8
15668.040207341674,8139,463549,5
21392.279664779668,8140,463587,5
20402.144195673613,8141,463607,5
87519.00313285635,8142,463826,12
636.996303938331,8143,464084,6
8396.53971028971,8144,464193,5
-40415.621849555675,8145,464503,5
15923.988250311762,8146,464584,5
-8966.012671968554,8147,465091,10
11467.191558441558,8148,465118,4
-31040.852688977673,8149,465510,6
22986.2586025086,8150,465775,8
5052.939976689978,8151,465954,5
13484.431818181818,8152,466049,5
9892.653473977005,8153,466085,4
-2861.3076670061864,8154,466368,6
42216.82636807633,8155,466784,11
-2369.45804195804,8156,466962,5
-11750.977355977351,8157,467154,5
-43650.282798338325,8158,467548,7
8440.290404040396,8159,467830,8
55899.37322911007,8160,468066,11
53120.01644597231,8161,468340,11
-13136.881872212769,8162,468547,5
-2204.204545454545,8163,468564,3
11311.372521097754,8164,468596,4
8009.217228849582,8165,468641,4
1264.5039682539832,8166,468845,6
20823.63915582182,8167,468912,5
33083.27650162016,8168,469152,8
-5906.8650793650795,8169,469182,3
-11193.025863025861,8170,469502,6
23171.315386110273,8171,469761,7
7896.930197210775,8172,470322,10
1516.5277777777644,8173,470525,7
20860.257936507933,8174,470552,5
33415.35478410478,8175,470659,7
-26845.43382271327,8176,471157,8
-9627.156593406595,8177,471435,6
12226.616785991788,8178,471459,4
27216.897444875372,8179,471940,12
24593.15619395037,8180,472376,10
4957.022161788866,8181,472470,4
-44575.49492174494,8182,472910,6
16493.02267091354,8183,473012,5
-55845.44911787558,8184,473494,7
39997.60829040234,8185,474069,13
-16250.458535487545,8186,474520,9
30687.91292041292,8187,474552,6
14943.740981240973,8188,474602,5
5498.549169268998,8189,475037,10
32784.206420775925,8190,475163,7
26525.711857372076,8191,475285,6
22944.729176052704,8192,475403,6
34334.92174492174,8193,475722,10
7798.555211558307,8194,475753,4
21848.14213564213,8195,475913,7
33207.73452832856,8196,476056,7
21753.345959595958,8197,476083,5
11903.720132263014,8198,476253,6
31287.86923860453,8199,476327,6
-17061.76642801642,8200,476624,6
34647.42259374612,8201,476679,6
41970.14119140722,8202,476953,9
474.45283882783883,8203,476972,3
5836.905733155734,8204,477117,5
-388.70934620934634,8205,477128,3
34136.60860709227,8206,477198,6
15022.698412698388,8207,477382,7
17534.362789987797,8208,477561,7
-148.6363636363618,8209,477909,8
9308.788972895012,8210,477941,4
9772.995824479956,8211,477983,4
12537.683608058607,8212,478004,4
14258.416305916311,8213,478083,5
45672.151823709515,8214,478469,11
80816.7835576913,8215,478725,12
4894.973776223776,8216,478777,4
22310.134865134864,8217,478799,5
19007.61904761905,8218,478895,6
-402.0254249104869,8219,479074,5
34051.225510600496,8220,479125,6
-3295.164182223005,8221,479293,5
23923.994228380838,8222,479338,5
23069.27521008403,8223,479358,5
-3361.031746031746,8224,479377,3
16493.01676372303,8225,479525,6
5783.038287735591,8226,479741,6
-33037.834273308086,8227,480283,8
361.82900432900306,8228,480424,5
49025.52194924096,8229,480617,9
38945.508209111154,8230,480717,7
5141.027861027875,8231,480983,8
23648.942932497514,8232,481193,7
33214.665648893584,8233,481303,7
40531.55711806255,8234,481603,9
-76085.87065712058,8235,482312,8
-37018.40076590076,8236,482674,5
23446.793300653597,8237,482718,5
12455.616581131288,8238,482893,6
39420.098790098826,8239,483256,11
24098.424130479074,8240,483436,7
10734.09992784993,8241,483465,4
18561.342330055566,8242,483581,6
12006.878550371192,8243,483813,7
22433.679869966636,8244,483862,5
-13497.617243867244,8245,484194,6
-1857.4657287157288,8246,484206,3
-17095.582611832608,8247,484605,7
44952.159010794836,8248,484685,7
20531.37207563679,8249,484966,8
20662.173529085285,8250,485353,11
-44017.86120999733,8251,485960,8
22569.944650937286,8252,486023,5
-9072.912626159497,8253,486534,10
-25685.845314815906,8254,486940,6
12770.995613648505,8255,487719,15
50775.72861125055,8256,487829,8
2639.9329836829847,8257,488017,6
-11919.99297271356,8258,488150,4
-16414.285714285714,8259,488241,3
38511.81928723233,8260,488635,10
9931.05563962181,8261,488739,5
19415.881659190494,8262,488810,5
-29660.913155257203,8263,489134,6
35184.78896103896,8264,489200,7
42967.3957986458,8265,489296,7
29816.61990786991,8266,489406,7
21519.755106005112,8267,489454,5
22045.80447330447,8268,489589,7
6467.580842360236,8269,490082,11
12594.42295320777,8270,490333,7
82757.42237337827,8271,490547,12
36962.046565956654,8272,490686,7
26486.867299367303,8273,490739,6
23365.425780359987,8274,490768,5
-71404.10375872844,8275,491567,9
31154.740259740254,8276,491610,6
-21222.58838383838,8277,491826,5
-2701.984126984129,8278,491950,5
-20784.896284271283,8279,492294,7
17748.75213838449,8280,492432,6
43257.537670662656,8281,492835,11
-21173.22261480352,8282,493215,7
29415.25111734673,8283,493375,7
14620.91963591964,8284,493466,5
26100.933927183924,8285,493557,6
-1341.0676823176823,8286,493571,3
11028.98018648019,8287,493734,6
-4683.303636078427,8288,494029,6
15896.999528249533,8289,494101,5
16930.58080808081,8290,494286,7
37215.67874119344,8291,494395,7
-1813.109876234881,8292,494547,5
16595.923520923527,8293,494592,5
3242.9735542235544,8294,494650,4
26416.971965942557,8295,494747,6
-17576.617965368005,8296,495216,9
5336.803949189796,8297,495520,8
7705.435333266889,8298,495605,4
-6365.238095238095,8299,495638,3
-26652.12670198739,8300,496162,8
-3111.6161616161617,8301,496185,3
7146.947570403454,8302,496241,4
10119.435109094547,8303,496372,5
-6801.428571428572,8304,496405,3
-4336.142399267399,8305,496439,3
-12503.219611271079,8306,496675,5
-55797.89593834084,8307,497204,6
4612.7987538795705,8308,497610,8
53672.1481296481,8309,497849,10
18023.41684502288,8310,497966,6
-23480.099206349212,8311,498173,5
67767.7171955152,8312,498390,11
-15489.379509379507,8313,498571,5
33620.27625152625,8314,498717,7
412.7394827394859,8315,498874,5
-4076.314722429273,8316,498905,3
6089.62269026124,8317,499233,7
-10048.571428571428,8318,499348,4
-3360.688551644431,8319,499594,6
15344.353022708287,8320,499722,6
12494.159451659452,8321,499788,5
-64353.53319341112,8322,500490,6
69034.69687175569,8323,500661,10
-13103.571428571428,8324,500806,5
-43062.16269841269,8325,501075,5
11460.835137085136,8326,501091,4
29534.768838187952,8327,501240,7
17716.96608946609,8328,501297,5
16079.076038340752,8329,501458,6
-20560.124458874452,8330,501706,5
-8755.933498690863,8331,502012,7
17798.03654678655,8332,502247,8
-44365.77547452542,8333,502712,7
-1799.107142857143,8334,502725,3
15733.373672699627,8335,502792,5
11673.818681318682,8336,502808,4
-7489.583333333333,8337,502847,3
48488.84303196802,8338,503239,11
-20296.128038628012,8339,503508,5
-5575.183982683983,8340,503530,3
1262.9761904761906,8341,503656,5
-1435.1785714285675,8342,503789,5
21227.916666666664,8343,503799,5
20198.886946386934,8344,503923,6
7215.0198412698355,8345,504066,6
23192.733540968842,8346,504379,10
11134.86956928521,8347,504476,5
32706.280247530238,8348,504539,6
30666.584804084807,8349,504735,8
31946.142950187066,8350,504794,6
17571.09841055767,8351,504926,6
27228.81313131313,8352,505044,7
-26566.60714285714,8353,505391,7
-16101.778499278507,8354,505669,7
14633.683816183817,8355,505759,5
-14083.313075813076,8356,506056,6
8099.707792207795,8357,506151,5
2203.4096459096468,8358,506208,4
-43193.74658021717,8359,506578,5
1443.8233988234017,8360,506733,5
-49194.64285714287,8361,507139,6
12674.702380952382,8362,507198,5
-12782.803712885,8363,507353,4
32080.857336033416,8364,508002,13
-2780.640377947382,8365,508143,5
-11487.750860250859,8366,508342,5
7690.82715079039,8367,508630,8
-21819.255466755465,8368,508825,4
25760.480092074427,8369,509144,8
30796.21878529967,8370,509295,7
-2272.674825174825,8371,509310,3
5058.38203463203,8372,509431,5
362.57215007214995,8373,509442,3
20211.21753246754,8374,509606,7
4848.087317953805,8375,509776,6
24547.953152798356,8376,509869,6
12831.772018830825,8377,510269,9
-2431.4166801550755,8378,510554,7
1792.6184926184906,8379,510795,7
40281.445942688195,8380,510979,8
3867.2416472416553,8381,511201,6
-24865.297619047597,8382,511456,6
29138.108029526375,8383,511605,7
-29328.563658563642,8384,511969,6
-9277.063492063491,8385,512027,3
5300.4670329670535,8386,512256,7
13634.579448329445,8387,512337,5
8682.727272727261,8388,512552,7
77239.4416694417,8389,512841,12
24500.791920497802,8390,513047,7
33105.912791105795,8391,513206,7
52391.01774343647,8392,513325,8
9272.52594627595,8393,513609,7
20192.326908772367,8394,513846,7
3683.554162340927,8395,513916,4
17841.47047397048,8396,514116,7
16323.309909689538,8397,514557,10
19374.05525030522,8398,515057,10
2193.7678317554473,8399,515119,4
16852.89904539905,8400,515182,5
-1985.7142857142856,8401,515194,3
-29550.528499278502,8402,515422,4
17147.228963846614,8403,515559,6
19940.865806664955,8404,515687,6
44303.39226648825,8405,515991,11
6674.369256474522,8406,516112,5
-13749.536435786433,8407,516315,5
1875.46092796093,8408,516596,6
12247.122114940294,8409,516647,4
43219.34620934621,8410,516793,8
12971.504329004332,8411,516845,5
19992.603507603522,8412,517192,9
69271.81130294714,8413,517499,12
41409.04031018002,8414,517705,8
20723.333333333336,8415,517736,5
-1025.5411255411257,8416,517747,3
16407.348762348764,8417,517898,7
30482.316017316014,8418,517990,7
1449.4552669552759,8419,518448,10
18413.316683316683,8420,518511,5
20780.876623376622,8421,518532,5
2633.244243716393,8422,518712,5
74997.29349898468,8423,518912,11
15638.676046176046,8424,519052,6
41855.95405583408,8425,519272,8
23981.60588594413,8426,519617,10
17941.09140859141,8427,519669,5
23750.257189248136,8428,519723,5
-8849.343377211026,8429,519867,4
9110.188457483353,8430,520154,7
-2506.3564213564214,8431,520177,3
30324.523809523806,8432,520235,6
11630.166079228198,8433,520424,6
72759.54972787788,8434,520700,11
32440.645254083713,8435,520898,8
64936.841676043536,8436,521100,10
-14139.337712940642,8437,521404,7
33599.89178769659,8438,521505,6
14393.697691197685,8439,521581,5
10555.249897161662,8440,521608,4
77388.5539842854,8441,521933,13
17838.616018913977,8442,522113,6
27039.487930213396,8443,522239,6
-1957.9831279831283,8444,522253,3
31770.672689668434,8445,522322,6
9231.257270850925,8446,522363,4
65806.9776018615,8447,522463,9
5810.696461915171,8448,522615,5
-5441.612554112555,8449,522647,3
24066.86920106038,8450,522671,5
25101.5139027639,8451,522734,6
21855.22937739076,8452,522792,5
-13316.087246087245,8453,522978,5
19529.664918414917,8454,523029,5
20408.858225108223,8455,523244,9
55767.09575426295,8456,523527,11
14339.073426573423,8457,523822,7
-5843.115218115217,8458,523983,5
-8146.770743401543,8459,524483,10
27249.13302925519,8460,524887,10
-1736.2099012099015,8461,524905,3
34342.21265280501,8462,524965,6
36690.73272358876,8463,525151,8
68631.46565739377,8464,525636,14
4042.8769841269836,8465,525722,5
-34498.46625596631,8466,526432,8
-14541.496975246971,8467,526596,5
64910.81889773453,8468,526845,11
-37136.76493192787,8469,527420,9
-23348.526334776343,8470,527843,7
20582.896825396827,8471,527875,5
22148.640942390946,8472,527912,5
22931.722527371672,8473,527965,5
40745.45218670219,8474,528123,8
21545.80253080254,8475,528302,7
-1386.111111111111,8476,528311,3
16848.746803592014,8477,528379,5
23978.034074628493,8478,528595,7
14702.658730158728,8479,528829,7
10170.043195108985,8480,528848,4
29249.65367965368,8481,528982,7
22688.15476190476,8482,529008,5
23642.87262058547,8483,529375,10
21642.20238095238,8484,529389,5
23321.765873015873,8485,529409,5
20541.1349757054,8486,529575,7
29333.095654345652,8487,529691,7
60554.92424865297,8488,530055,12
19359.438616938616,8489,530093,5
62787.85174792528,8490,530216,9
49678.63683852269,8491,530405,9
25506.851967476974,8492,530495,6
24210.843111137227,8493,530590,6
1217.2094572094588,8494,530719,5
33457.97814930168,8495,530781,6
304.4980179106718,8496,530978,5
-1777.7777777777774,8497,530993,3
18734.895827212003,8498,531046,5
15702.900432900431,8499,531101,5
-458.8283938283944,8500,531118,3
21452.648123505325,8501,531347,8
25342.2705113514,8502,531573,8
1286.988019290647,8503,531779,5
1263.8856735986285,8504,531972,5
11182.57209698514,8505,532000,4
20510.46222568281,8506,532030,5
40267.95590438975,8507,532509,12
-8996.57176157176,8508,532687,5
18513.25072244577,8509,532748,5
289.1967273352792,8510,532904,5
-1352.828282828283,8511,532919,3
-3048.5714285714284,8512,532929,3
-2830.880230880231,8513,532950,3
11211.357694592989,8514,532970,4
15572.700216450216,8515,533151,7
24452.471812673055,8516,533190,5
30274.334415584417,8517,533222,6
40141.3771486082,8518,533338,7
35518.24967043621,8519,533584,9
40816.32154202009,8520,533800,8
20657.97660672661,8521,533919,6
10269.022656265302,8522,534022,5
36262.00438450439,8523,534119,7
3274.153519257112,8524,534598,9
-24174.642857142866,8525,534900,6
-863.1746031746031,8526,534911,3
71059.65740249603,8527,535013,9
40029.66364603748,8528,535135,7
31954.09812409812,8529,535256,7
23875.152234246663,8530,535301,5
16722.39898989899,8531,535411,6
70840.18673728235,8532,535583,11
22178.58696858697,8533,535621,5
17331.273448773445,8534,535664,5
33116.40981739279,8535,535817,7
51498.64167026419,8536,535917,8
-8783.710525585526,8537,536054,4
19721.744093969315,8538,536243,7
12081.860639360639,8539,536264,4
52832.10423563365,8540,536450,9
40148.00754800757,8541,536916,13
-10057.777777777777,8542,536967,3
788.5525585525584,8543,536980,3
-6757.814631189242,8544,537088,4
38712.39011354143,8545,537340,9
23929.428963186198,8546,537401,5
6075.411609645273,8547,537469,4
36072.15916028418,8548,537663,8
-16155.456349206353,8549,537838,5
8473.211171997938,8550,537913,5
-16721.19381435557,8551,538209,6
-1259.9585137085123,8552,538351,5
12283.568360174395,8553,538444,5
20955.534332368698,8554,538522,5
-13999.960317460305,8555,538840,7
1545.746904239535,8556,539347,10
-10267.723248973249,8557,539403,3
25878.800505050473,8558,539689,8
33490.90849445529,8559,540230,14
19033.655233655234,8560,540348,6
63328.21684722233,8561,540682,12
3935.698051948051,8562,540735,4
-1792.2402597402597,8563,540750,3
7603.799811299813,8564,540941,6
45971.27615748282,8565,541017,7
-8763.522727272728,8566,541120,4
24727.59573287051,8567,541487,10
7479.025508804926,8568,541678,7
70742.65429015424,8569,541853,11
-362.42784992785005,8570,541865,3
17379.617604617604,8571,541917,5
-2980.2940115440115,8572,541933,3
10332.655605058855,8573,541968,4
-17470.553275843522,8574,542289,6
9346.133866133865,8575,542328,4
42737.90501165499,8576,542561,9
14937.063492063488,8577,542613,5
27588.75,8578,542716,7
-10830.873015873018,8579,542769,3
73580.20146417416,8580,542903,9
47954.84903276119,8581,543058,8
-4866.432178932179,8582,543080,3
60805.2600021798,8583,543321,9
-8724.80158730159,8584,543368,3
-11553.22510822511,8585,543512,4
15383.560883560896,8586,543836,9
19821.399364524365,8587,543960,6
26581.33343651533,8588,544068,6
-20245.090746671634,8589,544410,5
15614.05321437249,8590,544609,7
44879.508402674044,8591,544703,8
7975.197352312294,8592,544822,5
-20142.27817933699,8593,545006,4
18769.841914621335,8594,545416,10
89332.20557456822,8595,545931,16
57749.981364309926,8596,546151,10
-6054.619547119545,8597,546342,5
22642.32713542496,8598,546370,5
8470.8442905134,8599,546468,5
15368.132978132977,8600,546531,5
10375.708580635048,8601,546570,4
-21975.656026979555,8602,546906,6
20188.69984666214,8603,547341,10
27193.753191253185,8604,547405,6
13395.085388467734,8605,547593,6
-3166.1674436674434,8606,547626,3
113252.35743487677,8607,547975,16
3352.736430236426,8608,548337,8
6372.315046065048,8609,548498,6
27126.243009441514,8610,548640,7
34207.165463965,8611,548749,7
-2868.292380564041,8612,549244,9
20706.04833830898,8613,549308,5
39064.15175918851,8614,549472,8
1283.0363917128693,8615,549657,6
49095.895905565034,8616,549709,7
18056.472581855713,8617,549759,5
91877.19780262742,8618,550271,17
68663.06777291709,8619,550590,11
21603.73471364377,8620,550648,5
18054.166666666668,8621,550670,5
13158.347747668568,8622,550692,4
109.50493950493922,8623,550702,3
-14137.72782901653,8624,550887,5
16320.689322931968,8625,550946,5
59861.79376071983,8626,551071,9
-29134.798473585233,8627,551474,6
17981.162489471317,8628,551541,5
30806.398099449587,8629,551702,7
-12821.53429903428,8630,552009,7
18598.08003894111,8631,552226,7
-2819.65367965368,8632,552243,3
-2150.1334776334775,8633,552260,3
48872.623765123746,8634,552502,10
30970.260119782182,8635,552591,6
33361.765873015895,8636,552724,7
-24047.361111111095,8637,553089,7
-2787.823430654312,8638,553258,5
36919.55930808098,8639,553436,8
13129.965867465864,8640,553527,5
19954.1298978799,8641,553550,5
-40999.83558108559,8642,553913,5
7154.444444444446,8643,553956,4
10867.514013764014,8644,554050,5
12849.084473103436,8645,554190,5
-31976.591325341302,8646,554880,10
30786.490508330677,8647,554959,6
41870.56651681652,8648,555026,7
42718.00258973052,8649,555517,12
9996.490993741383,8650,555615,5
10091.288776582893,8651,555639,4
42894.04719334671,8652,555866,9
10050.255729430077,8653,555916,4
76010.96944721947,8654,556120,11
77095.70186032091,8655,556301,10
15844.542157189204,8656,556554,7
-15797.786535360043,8657,556928,6
56755.218323343324,8658,557213,11
20878.16565379065,8659,557282,5
-494.44444444444434,8660,557293,3
-3893.5371572871572,8661,557311,3
70215.02497459538,8662,557661,13
36260.82903766342,8663,557857,8
52670.93617510799,8664,557977,8
6347.0734126984125,8665,558072,5
-13933.883477633479,8666,558320,6
12364.80283863023,8667,558603,7
7427.93192918193,8668,558754,6
-18058.19949615228,8669,559019,5
9064.864996114993,8670,559195,6
17691.85082482939,8671,559357,6
16678.99828929241,8672,559490,6
25723.08696205756,8673,559635,7
7783.293650793648,8674,559751,5
27948.89604549929,8675,559864,6
29236.522157967578,8676,560099,8
3670.5205905205903,8677,560147,4
17106.412549868433,8678,560285,6
30315.817168942183,8679,560492,8
56067.61238761238,8680,560818,11
29073.168610799104,8681,560897,6
-3107.683982683983,8682,560917,3
20679.85173989238,8683,560991,5
84758.76660759967,8684,561182,11
22261.15364790868,8685,561212,5
40058.15912845324,8686,561468,9
59993.22609300743,8687,561634,9
30843.624992157605,8688,561697,6
69189.5525299434,8689,561913,10
12279.866285675078,8690,562145,7
26131.753258641038,8691,562211,5
22775.32647907648,8692,562482,9
4379.073426573423,8693,562605,5
37532.01371341075,8694,562950,9
12322.380674880675,8695,562972,4
29003.35984534901,8696,563107,7
22427.096481949422,8697,563145,5
57928.97637493226,8698,563201,8
22315.376984126986,8699,563244,5
-360.04509379511387,8700,563497,7
-3001.7730880230883,8701,563526,3
-53496.65419421709,8702,563986,7
-6822.023809523805,8703,564191,5
8872.242063492065,8704,564320,6
5648.856421356421,8705,564356,4
20138.780441623556,8706,564448,5
5066.565656565656,8707,564590,5
56285.768254363466,8708,564676,8
21133.055555555555,8709,564691,5
37586.8997658495,8710,564777,6
-1383.315295815296,8711,564794,3
19413.333333333336,8712,564801,5
-11471.226682244485,8713,565019,5
13355.458157683386,8714,565185,6
14871.295787545787,8715,565236,5
-36003.08982683983,8716,565558,5
-66551.03982232079,8717,566184,6
21592.29913812538,8718,566296,6
65995.61376832666,8719,566726,13
20788.489149739155,8720,566844,6
-2755.5375180375177,8721,566862,3
53773.27184339569,8722,567034,9
106742.16139618034,8723,567358,15
15555.465229215224,8724,567429,5
22146.127046972637,8725,567455,5
36911.32395382398,8726,567703,9
22511.1321594642,8727,567763,5
23435.656565656565,8728,567786,5
-2397.3214285714284,8729,567799,3
52169.93636953005,8730,568150,11
13144.3795093795,8731,568211,5
35662.16145503104,8732,568364,8
23709.446861832705,8733,568405,5
26175.64185083922,8734,568478,6
25865.550196350516,8735,568650,7
-4472.975578343225,8736,568767,4
3650.195221445214,8737,568986,6
-1745.6519869019846,8738,569056,4
7057.631673881673,8739,569088,4
15874.51076701075,8740,569417,9
8038.511904761905,8741,569581,7
66016.80406879618,8742,569755,9
56036.23737373738,8743,569814,8
51788.13744477056,8744,569915,8
2112.544057249957,8745,570213,7
27864.7953067576,8746,570322,6
84509.07195444741,8747,570614,12
37067.124684955576,8748,570875,8
5601.394161394161,8749,571144,7
17013.537157287155,8750,571190,5
-6880.8134920634875,8751,571370,5
5428.214285714285,8752,571402,4
15264.718251090777,8753,571442,4
-7378.571428571428,8754,571474,3
29107.523522229407,8755,571677,8
-2597.160061300928,8756,571696,3
19720.85514314048,8757,571730,5
52962.32281607282,8758,571793,8
12817.567351265965,8759,571840,4
25357.552892369065,8760,572088,8
11100.51948051948,8761,572425,9
-1652.4603174603174,8762,572443,3
66844.68352618313,8763,572577,9
55865.28920425979,8764,572748,9
20976.874590146395,8765,572806,5
20884.777028527027,8766,572980,7
16465.445804195806,8767,573041,5
20386.668690786337,8768,573163,6
13021.221699696933,8769,573210,4
26621.572236243293,8770,573286,6
43720.940334175626,8771,573483,9
47724.195904714485,8772,573687,9
-6763.687978687979,8773,574064,7
22746.746498851568,8774,574658,12
-37225.17857142856,8775,574895,4
14901.98717948718,8776,574948,5
25083.24786324787,8777,575054,6
-633.982683982684,8778,575073,3
21950.267614652286,8779,575210,6
-17319.703482362147,8780,575657,8
22277.371748814745,8781,575730,5
62546.22839630082,8782,575890,9
29698.155812410845,8783,575982,6
18316.96622821623,8784,576334,8
29614.17846042847,8785,576716,11
62097.83623024721,8786,576968,11
12932.712634587635,8787,577054,5
29611.98121860079,8788,577135,6
-8710.119047619046,8789,577176,3
-5579.897741147748,8790,577323,4
9822.419247419248,8791,577349,4
12438.954861143331,8792,577475,5
-1350.621600621601,8793,577495,3
32739.428239645968,8794,577678,7
13296.873681873683,8795,577761,5
-48420.66197691196,8796,578254,7
-10580.253080253076,8797,578468,5
50949.073855066534,8798,578680,10
-5950.541125541125,8799,578712,3
13088.50538350538,8800,578799,5
19729.166666666668,8801,578807,5
2300.995450627802,8802,578990,6
17217.46108058608,8803,579112,6
54822.055101761,8804,579693,15
14787.150072150074,8805,579761,5
39232.169205708284,8806,580020,9
40886.06643356642,8807,580159,8
22423.88784826285,8808,580550,9
9162.118298368314,8809,580789,7
6440.055638805643,8810,581254,10
9190.96556629644,8811,581640,8
-1444.6969696969697,8812,581651,3
11860.84054834055,8813,581678,4
7032.5,8814,581715,4
32736.552262704157,8815,581808,6
30144.985039470343,8816,582054,8
21635.047370929726,8817,582080,5
1789.6013708513724,8818,582211,5
-9371.984126984127,8819,582257,3
-13293.381895881896,8820,582428,5
38057.93340238198,8821,582603,8
12172.325105020547,8822,582850,7
5373.735569985569,8823,582899,4
-9989.718614718617,8824,582954,3
-1674.5959595959596,8825,582964,3
36740.645881895885,8826,583053,7
21493.16498860616,8827,583097,5
8321.743256743257,8828,583116,4
-2595.6672494172476,8829,583275,5
-24913.210678210697,8830,583559,5
30594.38305158894,8831,583633,6
76884.71420461574,8832,583955,13
18549.097940458236,8833,584147,7
8817.729072398188,8834,584181,4
-7164.022782772783,8835,584223,3
40215.53502053501,8836,584348,7
39461.44961011642,8837,584518,8
18372.975635475625,8838,584737,8
25462.040135983134,8839,584815,6
-30724.34343434342,8840,585120,5
-28758.196834555263,8841,585504,7
-1987.824565570309,8842,585665,5
22455.76798201798,8843,585702,5
20158.990592740593,8844,585820,6
10426.620788697028,8845,585863,4
43973.50424386415,8846,586188,10
47161.71370296373,8847,586327,8
31739.89968364968,8848,586370,6
26784.17388167388,8849,586422,6
53747.466100076366,8850,586612,9
8791.309736015619,8851,586662,4
25439.384365634378,8852,586753,6
25162.37712450948,8853,586787,5
37805.00666000663,8854,587021,9
673.3064851814788,8855,587188,5
57984.83591571827,8856,587320,9
16545.196309538416,8857,587471,6
-15842.686078970895,8858,587746,6
16395.500964463816,8859,587952,7
-17045.676693662383,8860,588446,9
4602.8869047619055,8861,588714,6
14579.071435100848,8862,588768,5
23761.105651744198,8863,588870,6
-742.1897546897549,8864,588884,3
14299.171465789117,8865,589015,6
19746.920866800894,8866,589074,5
-498.7554112554114,8867,589084,3
17324.274058629704,8868,589295,7
39332.29076479076,8869,589352,7
12343.472446670974,8870,589373,4
12817.233787454374,8871,589510,6
24057.384074259066,8872,589738,7
40644.67296678209,8873,589837,7
-8074.501042258421,8874,590646,12
41626.48568563807,8875,590761,7
82579.62153138292,8876,590965,11
34892.77536189302,8877,591150,8
-8552.017451502747,8878,591389,6
20811.453823953827,8879,591470,6
-2395.714285714286,8880,591486,3
-16891.428571428572,8881,591576,3
24061.122488622503,8882,591703,7
17152.963425463426,8883,591901,7
11603.105604695409,8884,592023,5
-9224.882756132754,8885,592182,5
-1950.6565656565656,8886,592193,3
11032.743922958705,8887,592241,4
1787.8616563175387,8888,592335,4
36937.545147496574,8889,592479,7
18531.209835915717,8890,592554,5
63749.166315710456,8891,592845,12
10127.586580086578,8892,592943,5
30715.96603820318,8893,593138,8
6508.3179402297,8894,593269,5
-4486.190454712132,8895,593473,5
24391.07864357864,8896,593555,6
22491.4971139971,8897,593656,6
21070.757575757572,8898,593664,5
18334.99371446369,8899,593750,5
19658.26266345565,8900,593818,5
596.5765933412986,8901,593957,5
42817.701812076804,8902,594216,9
-8870.467726717721,8903,594490,6
20211.782856376503,8904,594765,8
-19216.687287385812,8905,594939,4
12475.628933974522,8906,595111,6
-22046.899350649357,8907,595318,4
13798.17640692641,8908,595404,5
18204.64730831604,8909,595472,5
-11554.637503664208,8910,595757,6
24038.23867072899,8911,595820,5
3175.6085581085567,8912,596058,7
9693.728584217717,8913,596265,7
11104.75890333063,8914,596315,4
15665.710123210134,8915,596451,6
-8578.162981613146,8916,596675,6
39032.75321900324,8917,596877,9
43020.21087572558,8918,597048,9
-1300.3950216450198,8919,597193,6
17772.857142857145,8920,597210,5
-6221.082944832944,8921,597346,4
3926.966089466089,8922,597392,4
-4433.812919107037,8923,597422,3
2226.9832558222683,8924,597487,4
9858.391053391055,8925,597502,4
6884.143634143635,8926,597621,5
6531.247175597002,8927,598328,14
-2170.227272727272,8928,598419,4
-18709.539627039634,8929,598547,3
46879.04498279497,8930,598776,9
23227.407309322945,8931,598866,6
562.5108225108222,8932,599032,6
43266.68536528831,8933,599186,9
265.8167108089798,8934,599567,8
56464.045642609875,8935,599752,9
10563.501192005446,8936,599953,6
60866.73785455542,8937,600184,10
40309.48912671439,8938,600516,10
19782.334054834053,8939,600562,5
34745.23282564641,8940,600640,6
33002.068769294005,8941,600705,6
40668.19264069266,8942,600849,8
-4284.12518037518,8943,601035,6
16964.811710477356,8944,601095,5
-13510.212842712835,8945,601299,5
-17140.09018759019,8946,601538,5
7406.423428222963,8947,601592,4
47589.01154401154,8948,601757,9
-4817.366565752789,8949,601885,4
27192.798729048725,8950,602073,7
9389.251998001997,8951,602108,4
18393.405039251888,8952,602408,8
15308.41505716505,8953,602581,6
39757.36755762299,8954,602756,8
3938.0676268176276,8955,602884,5
-28678.19416694417,8956,603331,8
9812.356230370939,8957,603367,4
5662.628482628488,8958,603816,9
6517.916666666666,8959,603900,5
17018.625541125544,8960,604047,6
557.7378177378177,8961,604059,3
5378.630952380953,8962,604158,5
-7720.349927849931,8963,604313,5
5615.67361602966,8964,604599,6
31600.145271395268,8965,604721,7
16615.941770647656,8966,604777,5
19412.975595096337,8967,604839,5
21208.06789835066,8968,604895,5
-2195.815295815296,8969,604913,3
9152.902583527542,8970,605496,11
28488.562654665595,8971,605670,7
67993.72684805733,8972,605847,10
22897.75122753064,8973,605885,5
20784.08080696393,8974,605925,5
46509.25358954768,8975,606136,9
43346.66162269105,8976,606238,7
-580.8578173632295,8977,606598,8
16660.748834498838,8978,606888,8
16970.46425796426,8979,607076,6
35908.802716676175,8980,607631,12
-2450.036075036075,8981,607646,3
91.05255855255837,8982,607659,3
9240.627081252082,8983,607686,4
28421.31951081256,8984,608152,11
-150505.1684426687,8985,609340,8
20764.924609704023,8986,609524,7
19226.506713530714,8987,609647,6
-1180.436507936508,8988,609664,3
-12460.220612720617,8989,609863,5
12269.685393940426,8990,609904,4
-19351.558275960342,8991,610267,7
-7173.127705627705,8992,610482,5
9055.233243708499,8993,610862,8
73127.49278499282,8994,611045,11
10315.818120201468,8995,611088,4
22353.809523809527,8996,611108,5
21221.52236652236,8997,611339,8
55733.17182817183,8998,611608,11
70240.14102856212,8999,611951,12
21439.75510600511,9000,611997,5
-4833.409090909091,9001,612014,3
31244.44117157353,9002,612119,7
8406.289682539682,9003,612154,4
6075.476190476186,9004,612326,6
30911.5313852814,9005,612464,7
48232.48575641766,9006,612660,9
3491.837606837617,9007,612911,7
37227.56493506493,9008,612994,7
6930.289608267552,9009,613137,5
10139.433621933622,9010,613155,4
-4599.597361273058,9011,613174,3
27071.89171939172,9012,613235,6
46937.48387577334,9013,613464,9
79967.68203073158,9014,613695,12
20265.63267614737,9015,614261,12
30814.38692026927,9016,614499,9
5995.82481377785,9017,614639,5
39093.923591458406,9018,614749,7
423.42289654789784,9019,614911,5
21320.272505272507,9020,614956,5
10241.331536110949,9021,614999,4
13174.363368306362,9022,615041,4
10096.919885669886,9023,615065,4
-2326.800144300144,9024,615081,3
-1108.5862804206304,9025,615242,5
48264.76759824283,9026,615511,10
8738.499278499283,9027,615594,5
-19452.55772005772,9028,615816,5
-5946.08918858919,9029,616003,5
6061.507104007109,9030,616111,5
33160.64634582824,9031,616169,6
19667.927905427907,9032,616189,5
29510.497386600327,9033,616408,8
-9330.228873508664,9034,616629,5
19404.67233059338,9035,616664,5
4117.000360750362,9036,616791,5
2164.4449994449983,9037,616926,5
32654.359671546237,9038,617120,7
-9145.25256606139,9039,617185,3
-1544.5887445887447,9040,617201,3
-29099.52922077921,9041,617373,3
8314.486346986345,9042,617409,4
39594.01552287577,9043,617864,12
-8603.152541902538,9044,618143,6
96019.10078075512,9045,618356,13
37814.06314789441,9046,618535,8
-15474.812271062267,9047,619236,12
28173.041035117272,9048,619490,8
64106.856007554496,9049,619792,12
72531.46214359255,9050,620230,15
99819.12210338679,9051,620429,13
63069.46432910059,9052,621165,16
6752.068903318903,9053,621205,4
51104.32935120437,9054,621286,8
34797.040329265874,9055,621365,6
-17548.19555852644,9056,621644,6
22144.79797979797,9057,621809,7
7427.768285635937,9058,622088,8
12479.079229593934,9059,622290,7
28590.788213334665,9060,622412,7
40201.355706799746,9061,622521,7
-2434.4444444444443,9062,622541,3
-382.6839826839828,9063,622557,3
-43425.78144078149,9064,622807,3
71880.42421311283,9065,623057,11
8102.743090243106,9066,623297,7
27809.63730713732,9067,623475,7
28943.949661449653,9068,623543,6
18235.221306471318,9069,623607,5
-1725.6024531024527,9070,623631,3
13000.109196359197,9071,623764,6
20526.446608946608,9072,623780,5
-795.050505050505,9073,623800,3
73184.28002553,9074,623999,11
-18529.02222777222,9075,624531,9
4643.257575757574,9076,624718,6
8475.30249312951,9077,624844,5
37220.55375180374,9078,625174,11
14171.33237677355,9079,625259,5
-3032.7196893663695,9080,625490,6
12705.857475857465,9081,625808,8
48632.77450641035,9082,625910,8
20537.238272348564,9083,625974,5
-9740.564435564436,9084,626083,4
-9174.05165540849,9085,626653,9
-588.0411255411257,9086,626663,3
48670.98979451921,9087,626897,9
51752.393563608726,9088,627713,17
91063.89825409366,9089,627992,13
-997.4003774003775,9090,628005,3
30319.981279741252,9091,628064,6
30253.78191253192,9092,628195,7
-12228.859498344784,9093,628322,4
28298.941058941058,9094,628551,8
-7682.178932178934,9095,628595,3
24443.697691197696,9096,628631,5
14939.207717326797,9097,629044,9
28569.93012706248,9098,629132,6
41499.77457999517,9099,629201,7
9129.642857142857,9100,629225,4
75884.56261875384,9101,629357,10
-3476.818181818181,9102,629385,3
-16914.21078921078,9103,629490,3
-11656.321799975045,9104,629584,3
13113.412853486383,9105,629653,5
1048.415750915751,9106,629721,4
217.6148851148867,9107,629971,6
10702.893217893217,9108,629986,4
3583.6940836940857,9109,630037,4
18211.5853638106,9110,630106,5
17971.263181263177,9111,630174,5
19259.138002520358,9112,630314,6
23082.418831168827,9113,630392,6
22923.654055138173,9114,630500,6
-21332.931692490507,9115,630796,4
14014.628843378845,9116,630873,5
24445.268481518473,9117,631383,12
3304.9833499833503,9118,631422,4
27611.88596598618,9119,631604,7
15619.585042150831,9120,631728,6
3135.7936507936497,9121,631787,4
465.38987061382295,9122,631882,4
13246.839564374395,9123,631929,5
41597.11732711733,9124,632384,13
4223.34006271504,9125,632617,6
-2277.6637251637258,9126,632702,4
-1408.2074665530538,9127,632802,4
9338.701437451437,9128,632890,5
-9864.285714285716,9129,632938,3
59713.247829368105,9130,633147,9
-35045.99544203643,9131,633717,7
9356.67468023892,9132,633764,4
52713.19955500295,9133,634014,10
-7453.285549589721,9134,634229,5
-252.34576654855482,9135,634299,4
34509.910981046814,9136,634387,7
-13483.581557331558,9137,634619,5
20247.44408369408,9138,634645,5
15283.621455045084,9139,634726,5
-3740.21645021645,9140,634751,3
13326.603535353537,9141,634804,5
37347.34699820304,9142,634907,7
14043.333333333332,9143,634990,5
-23716.445013320015,9144,635283,6
62659.641878804054,9145,635483,10
27728.733811553095,9146,635888,10
28308.222441964415,9147,636257,9
16527.804001553992,9148,636629,10
5072.259051026967,9149,636780,6
2704.2958267222984,9150,636833,4
22960.739538239544,9151,637098,8
23224.738615572594,9152,637143,5
14908.92142579643,9153,637515,10
-15318.75,9154,637671,5
22945.711788211793,9155,637951,8
-22083.245612772575,9156,638324,7
-9792.176434676436,9157,638376,3
7340.337301587304,9158,638480,5
64894.109461230204,9159,638704,11
11678.09870276782,9160,638744,4
34650.0566923945,9161,638842,6
13633.56365856365,9162,639067,7
27912.625861410696,9163,639149,6
-12681.309523809525,9164,639215,3
-16872.911207944104,9165,639481,5
-14695.538260758842,9166,639868,8
43559.37777074444,9167,639993,7
-19946.281149406146,9168,640108,3
4878.903031952568,9169,640157,4
2950.807435168889,9170,640257,4
27568.899711399707,9171,640454,7
22927.010763789018,9172,640555,6
44491.41476170887,9173,640635,7
36850.24968087465,9174,640820,8
19133.015873015873,9175,640860,5
1244.3979489722508,9176,640934,4
-11529.761904761903,9177,640985,3
-3353.9516230113045,9178,640997,3
7354.957542457523,9179,641349,9
23653.27013264513,9180,641515,7
30258.49782119326,9181,641669,7
-6293.618326118326,9182,641702,3
-15580.91773379699,9183,641818,3
-2253.6632699945394,9184,641855,3
-2172.6461038961043,9185,641865,3
-3887.0238095238096,9186,641878,3
18069.339589289284,9187,641944,5
37266.15768390536,9188,642012,6
-5015.952380952382,9189,642038,3
24710.29553221117,9190,642208,7
8443.976648351647,9191,642236,4
8093.576839826845,9192,642341,5
9468.17106504607,9193,642465,5
-978.5173160173161,9194,642476,3
13955.751123876127,9195,642663,6
20126.418720168713,9196,642904,8
-1748.9557226399331,9197,643024,5
-11295.631451881456,9198,643140,4
9182.1314585827,9199,643193,4
-65737.39982239988,9200,643658,5
-19758.205970035036,9201,643997,7
-11277.498751248748,9202,644290,7
-5179.988482879349,9203,644382,4
29372.875457875463,9204,644412,6
16224.431818181802,9205,644481,5
10949.107997265894,9206,644504,4
22334.186507936505,9207,644524,5
-15173.50691902062,9208,644920,8
34528.505660146526,9209,645038,7
13424.34651594498,9210,645264,7
13196.594088101441,9211,645359,5
-8415.809884559885,9212,645402,3
26303.73720901712,9213,645670,8
1412.3123499345197,9214,645871,6
12002.617109842342,9215,645904,4
-701.6901154401154,9216,645913,3
16538.00705830118,9217,646155,7
19407.272727272728,9218,646181,5
34468.92496392496,9219,646287,7
39420.62926860725,9220,646494,8
-21978.968253968254,9221,646632,3
14213.30308580309,9222,646728,5
6803.898115773118,9223,646975,7
17238.865178938708,9224,647260,8
8.016844266843918,9225,647273,3
24968.578643578647,9226,647298,5
15127.226107226119,9227,647574,7
10318.822377313089,9228,647752,6
3471.250000000001,9229,647796,4
35228.134870142116,9230,647969,7
21689.356199356196,9231,648043,6
49678.213497244054,9232,648279,9
15995.292845054835,9233,648367,5
-25668.142253343485,9234,648581,4
-12860.115440115444,9235,648761,5
-2347.857142857143,9236,648776,3
-11722.411061161074,9237,649049,6
19981.588272838275,9238,649068,5
13275.564489904662,9239,649155,5
21714.527417027417,9240,649186,5
18704.305555555562,9241,649226,5
45146.96123321125,9242,649310,7
26261.2703034335,9243,649408,6
70719.06586327146,9244,649558,9
27287.08317482311,9245,649639,6
-38855.79004329005,9246,649840,3
939.4949494949494,9247,649852,3
11598.200014639644,9248,649891,4
-2712.8571428571427,9249,649904,3
-19280.467375761487,9250,650169,5
937.8643578643578,9251,650238,4
-14790.189393939396,9252,650442,5
18291.93044571528,9253,650497,5
-61026.55483405481,9254,651094,6
31015.60370185371,9255,651265,8
30579.235347985352,9256,651472,8
-49029.758436008495,9257,651904,5
3690.705683205684,9258,651962,4
46211.030636030635,9259,652028,8
41848.84820245115,9260,652164,8
15773.710688820986,9261,652242,5
-17847.557270730642,9262,652666,7
64244.45644633143,9263,652865,10
2434.338994338995,9264,652932,4
49134.81948606952,9265,653109,9
108515.70831945841,9266,653540,16
8114.7972860472855,9267,653654,5
18418.231004676432,9268,653694,5
-9651.659174159171,9269,653821,4
38140.334988798604,9270,653953,7
-4449.646464646465,9271,653980,3
1722.9918741818983,9272,654138,5
-9175.050643800643,9273,654198,3
34892.772366522375,9274,654236,6
53697.915066959176,9275,654505,10
-6605.918109668114,9276,654693,5
3891.3503857253836,9277,654847,5
9556.634750053867,9278,654858,4
37079.27381656309,9279,655161,9
24799.775447720498,9280,655356,7
30026.80979265495,9281,655501,7
3060.1407871454267,9282,655635,5
5738.349622943281,9283,655829,6
428.7311299811299,9284,655844,3
9756.025400253344,9285,655941,5
34409.2354201526,9286,656000,6
35121.81447637331,9287,656050,6
42220.879398379395,9288,656149,7
33145.802669552664,9289,656197,6
56087.6919535143,9290,656430,10
18705.970973470965,9291,656670,7
38957.64159859749,9292,656775,7
7865.482711732711,9293,656884,5
-28022.369574869583,9294,657189,5
-41785.23765450237,9295,657616,5
17743.869047619053,9296,657791,8
22854.524340039046,9297,657812,5
10724.249361319795,9298,657839,4
26270.02747252747,9299,657911,6
14846.19457748135,9300,657989,5
25682.02966151495,9301,658107,6
6228.379354993121,9302,658368,7
84569.68151688356,9303,658630,12
7028.36234843589,9304,658728,5
16642.43006993007,9305,658834,6
14990.763453307967,9306,658941,5
8500.057491528083,9307,659161,7
-26744.85805860806,9308,659497,5
-4912.914862914857,9309,659679,5
-1517.3015873015872,9310,659690,3
-10930.42207792208,9311,659848,5
480.1587301587301,9312,659858,3
15199.765132743072,9313,660087,7
-3180.6283993783995,9314,660109,3
18280.95209443119,9315,660172,5
46269.336694222504,9316,660340,8
59743.26960621086,9317,660665,11
-38456.046037296044,9318,661016,5
8470.426721111708,9319,661166,6
7356.190476190477,9320,661186,4
10037.198773448778,9321,661399,7
19549.309579309574,9322,661459,5
31732.40884932062,9323,661755,9
17818.782051282054,9324,661892,6
33099.672017868616,9325,661971,6
24071.34255837042,9326,662062,6
-639.2857142857147,9327,662072,3
21538.66161616162,9328,662093,5
-4274.978354978355,9329,662312,6
-9696.303418803422,9330,662372,3
7226.176046176049,9331,662389,4
-13869.646464646463,9332,662460,3
-1412.455599955601,9333,662548,4
-6764.7619047619055,9334,662587,3
-32854.79076479078,9335,662876,5
-14354.301948051945,9336,662936,3
7363.655649905643,9337,663115,6
32888.88165347724,9338,663279,8
-40511.06118748514,9339,664061,10
12526.121113363763,9340,664255,7
17750.936371634893,9341,664401,6
12025.836524586524,9342,664432,4
-7212.822161498632,9343,664646,5
20647.20672387468,9344,664935,9
11286.696473461176,9345,665152,7
18049.334319163423,9346,665248,5
3990.327727827729,9347,665318,4
13107.063957284548,9348,665424,5
31078.012139004786,9349,665506,6
2822.9487179487187,9350,665615,5
15629.27516927517,9351,665695,5
-6160.242188367184,9352,665863,5
2328.2716956246422,9353,665983,5
56679.20815295814,9354,666122,9
20817.698412698413,9355,666210,6
28532.70293545052,9356,666289,6
-3589.963033397631,9357,666539,6
96262.93902992435,9358,666895,14
6854.038600288601,9359,666944,4
24890.478549228545,9360,667116,7
-1508.8888888888887,9361,667131,3
3638.214285714286,9362,667301,6
32767.275709326794,9363,667403,6
20198.936640061962,9364,667777,10
1624.0200036891215,9365,667855,4
16988.147546897537,9366,667914,5
-15777.041679856244,9367,668027,3
-1829.5326577447315,9368,668055,3
-34646.766917722765,9369,668420,5
-5338.816600066599,9370,668730,7
-19698.755411255413,9371,668803,3
-18877.415782746662,9372,669026,5
-1804.2113442113443,9373,669041,3
-3691.6666666666674,9374,669165,5
4070.357142857143,9375,669253,5
-9297.584515158052,9376,669783,9
1960.6060116354233,9377,669854,4
22922.33896499957,9378,669986,6
-34634.979742479736,9379,670264,5
34825.71401229489,9380,670591,9
31177.58609446109,9381,670658,6
35276.82524991348,9382,670889,9
21992.434787434784,9383,670921,5
-2771.848151848155,9384,671090,5
41229.89246198417,9385,671387,10
-1449.8629148629147,9386,671398,3
-19687.273698523695,9387,671655,5
3944.0447746697773,9388,671857,7
-1182.6839826839828,9389,671878,3
-18603.12887122971,9390,672173,6
-10235.148462648447,9391,672516,7
304.7999222999233,9392,672757,6
30949.62925962926,9393,672808,6
6329.162380447226,9394,673404,10
-9554.181096681095,9395,673460,3
-4114.738872238871,9396,673479,3
66616.55091466881,9397,673974,14
-10147.288961038963,9398,674025,3
-30307.13924963925,9399,674350,6
32133.154484404487,9400,674567,8
41618.5298035298,9401,674622,7
44761.10827639853,9402,674723,7
-939.6418216436043,9403,675114,9
3231.759906759914,9404,675260,5
12442.036958139906,9405,675477,7
1488.2142857142867,9406,675564,5
32650.63492063492,9407,675627,6
22512.12976544439,9408,675679,5
32536.334776334767,9409,675727,6
-41073.60028860028,9410,676100,7
27579.65942554178,9411,676315,8
52100.75269325246,9412,676723,12
-11642.857142857141,9413,676783,3
-14118.247251114897,9414,676959,4
10383.122192994486,9415,676996,4
-4192.678571428572,9416,677018,3
12357.465728715728,9417,677039,4
74653.09127920582,9418,677222,10
10058.668140210315,9419,677427,6
-11474.972943722943,9420,677484,3
-7160.3507603507605,9421,677513,3
-5066.594932844939,9422,677786,6
13904.56684358253,9423,678042,7
-12655.592377393834,9424,678322,5
-13521.56954156954,9425,678390,3
7879.034504367321,9426,678441,4
55099.53601846207,9427,678585,8
-1789.790417915417,9428,678756,5
16117.75072150072,9429,678801,5
-4386.577153067095,9430,679025,5
4621.177156177157,9431,679078,4
-14038.492618492615,9432,679218,4
-101.48634045693098,9433,679536,7
-1392.4460955710963,9434,679625,4
20184.00125201596,9435,679752,6
26434.722222222226,9436,679974,8
-29259.090909090904,9437,680301,6
1173.96645021645,9438,680375,4
39512.36551889803,9439,680585,8
-15786.971500721505,9440,680767,5
-6105.6547619047615,9441,680798,3
-7611.408730158731,9442,680883,4
-8278.491137345627,9443,680928,3
3052.9113941614064,9444,681191,7
-16551.91877566879,9445,681422,5
-5789.08411033411,9446,681452,3
61157.59898727005,9447,681580,9
28780.19559645721,9448,681652,6
-1019.2841253174518,9449,682579,11
-5403.064990564987,9450,682794,6
-12706.751859251859,9451,682932,4
-6830.476190476189,9452,682965,3
23672.675915201067,9453,683010,5
20567.235605643375,9454,683504,9
18038.84740259741,9455,683883,10
35857.567709208575,9456,683966,6
28507.026862026887,9457,684129,7
20183.397924604586,9458,684234,6
12344.576118326117,9459,684619,9
28674.72167301148,9460,684692,6
-102861.38708513713,9461,685512,8
-15874.761904761926,9462,685703,5
11750.716146598497,9463,685858,6
10968.125254210281,9464,686357,10
13711.860847056278,9465,686519,6
-3022.61911699413,9466,686768,5
71.98634698634692,9467,686781,3
-52.53007419995947,9468,687144,8
88850.03413317841,9469,687916,19
13933.940319133331,9470,688181,8
3273.4730547230574,9471,688469,7
11660.783195562608,9472,688607,6
23327.75951989187,9473,688696,6
7351.283438783441,9474,688730,4
-3687.443174730322,9475,689071,7
54784.69911624324,9476,689221,9
62928.02494289333,9477,689429,10
-2960.8134920634916,9478,689446,3
-2732.142857142857,9479,689457,3
5541.267690642685,9480,689678,6
21517.172965922968,9481,689724,5
-5020.2633477633435,9482,689929,5
10347.481476454925,9483,689967,4
43090.54149797571,9484,690046,7
8635.670995670998,9485,690072,4
92815.71986690082,9486,690529,15
27260.385714282387,9487,690700,7
-7546.451881451882,9488,690758,3
79885.46353972823,9489,690951,11
10675.197040017083,9490,690987,4
-3969.65367965368,9491,691008,3
-14330.03253690752,9492,691407,7
19643.333333333332,9493,691427,5
4672.200789406672,9494,691493,4
15528.309656030247,9495,691749,8
42058.57981790087,9496,691912,8
21943.339050655228,9497,691969,5
-27764.550865800866,9498,692096,3
40142.985834899526,9499,692514,12
53647.62939696183,9500,692724,9
18728.015873015862,9501,692869,7
-25844.206349206353,9502,693055,4
3124.5340770340754,9503,693193,5
48216.74669993745,9504,693711,13
2593.6557886557953,9505,693873,5
-2991.2536075036105,9506,693967,4
-6187.7759740259735,9507,694002,3
-3001.4296814296827,9508,694104,4
-28568.08329334065,9509,694476,5
43473.99497217608,9510,694676,9
6118.319115524994,9511,694776,5
2644.210906389194,9512,694849,4
-623.8059163059161,9513,694870,3
-21492.441382147266,9514,694994,3
3068.1897269397277,9515,695072,4
9151.151348651349,9516,695105,4
28629.454530033137,9517,695445,9
22778.46681096682,9518,695551,6
1212.9573204573203,9519,695565,3
-56550.476190476205,9520,696009,5
31697.252747252736,9521,696182,8
20715.50976800978,9522,696342,7
5267.194610944612,9523,696462,5
-7030.654761904764,9524,696563,4
5615.852059017673,9525,696841,7
-21609.056221556213,9526,696966,3
60335.30390425706,9527,697273,12
-10708.91081141081,9528,697477,5
-35741.05013450604,9529,697877,6
41155.019716480616,9530,698136,9
22415.94314546187,9531,698466,8
27299.731506238862,9532,698635,7
39449.198680791145,9533,698888,9
32609.76190476191,9534,698983,7
30865.9983072483,9535,699097,7
-7418.820602342277,9536,699236,5
-15105.330490587836,9537,699666,8
12234.138084138083,9538,699688,4
53657.57430478019,9539,699796,8
9306.934208722136,9540,699833,4
-11485.397519147526,9541,699992,5
282.9573204573203,9542,700007,3
8378.741354056572,9543,700103,5
-6067.522072655588,9544,700158,3
36614.18530815589,9545,700312,8
11890.963897213896,9546,700630,9
-1141.0206460206466,9547,700705,4
-4571.067821067822,9548,700735,3
17593.14282939282,9549,701093,9
14999.963369963369,9550,701166,5
3013.9117525920847,9551,701483,8
32408.95101114916,9552,701628,7
4440.691045066046,9553,701894,7
9979.114357864357,9554,702179,9
9530.354090354102,9555,702291,5
41118.45238095238,9556,702341,7
11775.010862030986,9557,702537,6
19186.697508502846,9558,702623,5
-26575.611643258715,9559,702913,5
20505.69286149006,9560,703053,6
-393.42490842490815,9561,703226,5
24106.015651015652,9562,703260,5
-6549.285714285714,9563,703295,3
-55121.319028194,9564,703638,4
26374.435637891533,9565,703794,7
11046.791403041403,9566,703820,4
5960.23200140073,9567,703930,5
-1040.0314444439844,9568,704508,10
-4789.098124098118,9569,704854,7
26989.471194010668,9570,705130,8
47250.064614822746,9571,705292,8
2449.3972693972682,9572,705372,4
29988.20308172182,9573,705717,9
29916.389821478835,9574,705858,7
20364.385961260956,9575,705909,5
20784.54774392274,9576,706031,6
45259.63389551626,9577,706111,7
17963.063905693558,9578,706149,5
-21589.815739815735,9579,706448,5
-8958.769841269841,9580,706488,3
-53719.8458490254,9581,706980,6
-24997.22649082943,9582,707191,4
-22821.476856476867,9583,707414,4
-8742.074314574322,9584,707534,4
14090.139631610222,9585,707639,5
-13526.102786102789,9586,707722,3
18599.880952380954,9587,707747,5
14646.516400266395,9588,707886,6
-22577.602050727048,9589,708102,5
-1931.1299811299828,9590,708177,4
46174.574490052415,9591,708324,8
-813.8538342892041,9592,708461,5
22109.131840381844,9593,708703,8
-31032.7046927437,9594,709163,8
25839.33155896391,9595,709250,6
40114.37382062382,9596,709345,7
-18334.587357087352,9597,709696,7
-7205.238095238097,9598,709880,6
10731.605494179024,9599,709906,4
-10769.523809523811,9600,710016,4
-4680.388361638361,9601,710042,3
43487.52934565434,9602,710107,7
64641.18425722769,9603,710364,11
7723.317674972084,9604,710478,5
27897.300338550343,9605,710642,7
-768.1513129113771,9606,710781,5
43340.90942622349,9607,710942,8
5198.064048524576,9608,711073,5
-1315.3540903540847,9609,711209,5
18674.213564213565,9610,711259,5
38377.38233055327,9611,711335,6
-6647.950382950382,9612,711447,4
-8379.096495824435,9613,711768,6
45241.84620526532,9614,711846,7
45822.85854719194,9615,712151,10
8647.721628216983,9616,712303,5
9473.883061383061,9617,712332,4
4184.260046369176,9618,712522,5
-11240.880230880231,9619,712575,3
38694.32579315697,9620,712780,8
-2623.567653751481,9621,712972,5
22581.702949827963,9622,713137,7
10316.821157346565,9623,713320,6
-7832.499342977294,9624,713709,6
24705.606060606056,9625,713807,6
-5933.977785779688,9626,714081,6
16819.55246550836,9627,714422,9
-13856.45195361913,9628,714702,7
4048.5728160728167,9629,714786,4
33202.03345652455,9630,715134,9
9646.093073593072,9631,715217,5
82496.19342602887,9632,715519,13
30397.88121600621,9633,715673,7
-96588.96106344643,9634,716348,5
-2994.39060939061,9635,716526,6
48160.28255714014,9636,716745,9
47214.57362082362,9637,716873,8
51659.65132090133,9638,717009,9
56055.80233749736,9639,717269,11
62410.710854547884,9640,717575,11
-6983.166589602346,9641,717823,6
55668.91557444962,9642,718060,10
10967.178748539043,9643,718140,5
133051.60638445665,9644,718486,17
41970.45152366551,9645,718764,10
1799.7152847152797,9646,718839,4
-15968.898372868964,9647,718905,3
-21324.425957599335,9648,719006,3
57571.92731846756,9649,719286,12
3704.2900877072725,9650,719509,7
-474.11744043709786,9651,720062,10
30333.516344766344,9652,720136,6
19768.015982770237,9653,720268,6
-18915.201171377645,9654,720665,7
-16307.941086691093,9655,720857,4
9807.46572871573,9656,720996,6
7061.853991596639,9657,721050,5
-72753.50877419904,9658,721565,5
8472.086940836944,9659,721579,4
-1600.6565656565656,9660,721589,3
19756.675130425134,9661,721682,6
20232.08046855106,9662,721710,5
68897.6037354888,9663,721847,9
21007.738095238095,9664,721880,5
10033.124155256508,9665,721909,4
-12689.543650793654,9666,722081,4
12434.18550652246,9667,722266,7
1695.8552476934838,9668,722351,4
-9019.639176183293,9669,722405,3
-10244.81421356421,9670,722462,3
-2384.642857142857,9671,722477,3
40647.877107115724,9672,722674,8
-10369.724296115632,9673,722914,6
-14835.830280830278,9674,722997,3
-22866.682345432342,9675,723411,6
-28520.2711246442,9676,723881,8
31375.55332610286,9677,724071,8
15782.8477679871,9678,724192,6
13892.70780432157,9679,724358,6
10671.891281233386,9680,724383,4
29930.714793557716,9681,724467,6
37453.04290480761,9682,724669,8
21268.27380952381,9683,724695,5
-27274.960317460314,9684,725023,7
8629.242546669024,9685,725125,5
7354.440143190143,9686,725226,5
22889.38101477835,9687,725372,7
17184.556093416388,9688,725449,5
9373.294393514983,9689,725572,6
52544.61991848022,9690,725752,9
20826.001076265165,9691,726019,8
-4852.065434565442,9692,726203,5
-28472.37318425954,9693,726965,10
16503.308080808078,9694,727008,5
-7582.417027417029,9695,727177,5
29409.70071595072,9696,727222,6
-6158.631175970573,9697,727386,5
5491.3247186132,9698,727461,4
29437.480606768535,9699,727535,6
50268.81831940849,9700,727800,11
40249.6674408323,9701,727978,8
18615.018162279237,9702,728062,5
-15860.823834318418,9703,728400,6
18406.45082815735,9704,728436,5
1488.8690476190473,9705,728519,5
-7008.4637584637585,9706,728620,4
10810.842352092352,9707,728643,4
-825.7142857142857,9708,728655,3
1224.3714578932988,9709,728823,5
-15604.438077832036,9710,728985,4
-21098.207070707074,9711,729173,5
-12575.541125541125,9712,729223,3
10373.316256971444,9713,729511,6
966.310495060495,9714,729527,3
-2154.0386002886007,9715,729594,4
6904.547037929389,9716,729707,5
-5388.347084417135,9717,729977,6
-24450.831549985927,9718,730346,6
-1357.1428571428569,9719,730358,3
-2897.927121897708,9720,730496,5
51778.3137495889,9721,730621,8
20140.306050158993,9722,730732,6
26757.89030414032,9723,731205,11
19123.429087252614,9724,731322,6
-26510.632304786704,9725,731687,6
-26031.873049336333,9726,732436,10
9831.976565101562,9727,732608,6
56478.86663794431,9728,732888,10
-15508.991008991006,9729,733153,5
10380.82209457209,9730,733183,4
-38040.34063159062,9731,733815,9
11517.315308530477,9732,733852,4
-21654.94005994005,9733,734104,5
56022.528698511676,9734,734372,10
16261.815110414185,9735,734468,5
17485.107244406776,9736,734560,5
214.20783464902343,9737,734881,7
1531.2168387168385,9738,735010,5
449.54198579199556,9739,735354,7
34792.60758440906,9740,735398,6
20060.77112430054,9741,735448,5
20672.735112110106,9742,735678,8
33969.707295843094,9743,735814,7
17705.027040383084,9744,736259,11
-4048.80515726104,9745,736283,3
40922.55952273565,9746,736629,11
-451.73160173160187,9747,736642,3
18464.20289484338,9748,736822,7
-21119.74927849928,9749,737220,8
-19255.793650793647,9750,737516,7
14525.826118326115,9751,737643,6
-3526.300505050505,9752,737665,3
18554.925580954994,9753,737822,6
10835.867951492954,9754,737903,5
60636.071428571435,9755,737958,9
8847.303722249544,9756,738070,5
35953.29893876333,9757,738187,7
11145.508658008657,9758,738256,5
-12096.263491410551,9759,738685,9
8294.565230521113,9760,738808,6
45096.984837058364,9761,738969,8
24825.197509104244,9762,739026,5
7703.755252100869,9763,739430,9
43357.827519702536,9764,739556,8
281.8217893217893,9765,739569,3
15344.402411314179,9766,739715,6
-12505.149393090567,9767,739912,4
17216.111604898364,9768,739984,5
5047.123228079108,9769,740249,8
55398.65662115661,9770,740332,8
46625.00180375182,9771,740439,8
83799.59853076922,9772,740624,11
48251.74792480108,9773,740789,8
-17781.25356669475,9774,741121,5
14976.937992562993,9775,741201,5
9340.914061858335,9776,741238,4
22092.302063047027,9777,741300,5
52348.75902283989,9778,741854,13
62212.84637554565,9779,742143,11
-5942.890369434487,9780,742393,6
117445.91237301572,9781,742727,15
-1983.7882950382952,9782,742887,5
-1015.3571428571428,9783,742901,3
10059.906377778903,9784,742930,4
47865.14911559029,9785,742985,7
12129.534632034633,9786,743063,5
6134.484344989365,9787,743386,6
16049.295843045842,9788,743568,7
12219.129897879895,9789,743640,5
2363.6310095133613,9790,743773,5
24361.959151959156,9791,743931,7
32372.76886877312,9792,743974,6
6839.047908790559,9793,744251,8
20825.8377039627,9794,744276,5
16790.789424713574,9795,744356,5
8389.294733044735,9796,744377,4
31502.281937833388,9797,744743,10
-6275.623802936866,9798,744807,3
4367.040056177052,9799,745082,6
16640.543068043084,9800,745271,7
-3902.1863675540144,9801,745375,4
1427.3966311466302,9802,745455,4
-1413.7257053138908,9803,745809,7
30708.117021867027,9804,745876,6
716.0497835497831,9805,745998,5
-33465.09740259742,9806,746181,3
-2809.163059163059,9807,746194,3
-50686.3413016722,9808,746648,7
-18707.320130849545,9809,746767,3
32497.215852640198,9810,746843,6
-17814.399366972895,9811,746954,3
7991.495310245311,9812,747054,5
13811.253881782137,9813,747272,7
24695.216859246404,9814,747483,7
6959.112537789009,9815,747697,6
42518.96703829366,9816,747812,7
-3048.903584375722,9817,747977,5
53193.803565715345,9818,748230,10
46932.48963681771,9819,748338,7
5400.504495504495,9820,748446,5
-20956.53485403484,9821,748722,5
20140.3841991342,9822,748837,6
37135.10225885226,9823,748949,7
18686.250832500824,9824,749021,5
65519.76665088885,9825,749350,11
45352.737679417194,9826,749722,11
7346.679292929294,9827,749833,5
-34129.53939442913,9828,750223,6
25221.76262871114,9829,750418,8
27423.30266955267,9830,750511,6
7073.214285714283,9831,750615,5
-65853.37301587302,9832,751053,5
15037.920176229009,9833,751366,8
9242.631257631254,9834,751457,5
-21840.207292707288,9835,751666,5
40354.99398768699,9836,751792,7
-49677.53151604154,9837,752227,5
-14023.838383838383,9838,752303,3
29683.304106024712,9839,752510,8
34360.73208503742,9840,752682,7
22684.114556539087,9841,752928,7
24581.44667832167,9842,753100,7
1628.1608669108664,9843,753229,5
13301.519175269175,9844,753300,5
67177.46233771385,9845,753514,10
4538.13492063492,9846,753597,5
20217.578255078253,9847,753646,5
43510.20098773774,9848,753728,7
11558.775383113603,9849,754355,13
-28316.119493251874,9850,755033,12
-5100.32411259191,9851,755201,5
99076.76936131463,9852,755349,12
-2558.8406038406024,9853,755436,4
16436.229880155966,9854,755529,5
15932.5,9855,755605,6
12996.89754689755,9856,755684,5
49773.611298831944,9857,755863,9
-80700.16441575799,9858,756307,5
-6306.381673881674,9859,756346,3
30036.686279406873,9860,756491,7
21569.10325785326,9861,756591,6
19607.646103896106,9862,756671,6
-2943.362193362191,9863,756739,4
-33565.14330032715,9864,757070,5
10574.628594444757,9865,757387,7
-18766.493506493505,9866,757512,4
-14697.470509519944,9867,757606,3
-7655.128277295459,9868,757659,3
-7806.051627680884,9869,757713,3
-21106.160303190103,9870,757983,5
-1581.7857142857142,9871,757992,3
40839.965589965585,9872,758058,7
75210.88903227837,9873,758246,11
3609.4179895611796,9874,758310,4
635.0352958015496,9875,758416,4
-9663.937728937728,9876,758477,3
-4879.6969696969745,9877,758719,7
12630.711293350609,9878,758798,5
24791.444917091405,9879,758960,7
18031.708568582897,9880,759076,5
-13637.500000000002,9881,759157,3
29423.32763684544,9882,759309,7
30492.29384475808,9883,759703,10
-5684.8445998445995,9884,759734,3
-7860.857753357753,9885,759780,3
-27107.72395389275,9886,760547,10
-1373.8899722568462,9887,760643,4
8632.93650793651,9888,760662,4
-13372.635281385279,9889,760968,7
-948.8888888888889,9890,760982,3
25402.115327482978,9891,761073,6
28690.830974580975,9892,761146,6
-4290.379065379066,9893,761167,3
-2590.7267425127325,9894,761364,5
-4410.714285714286,9895,761389,3
17993.84379509379,9896,761528,6
27091.22752247752,9897,761584,6
15246.648976023991,9898,761743,7
29059.814752670787,9899,761893,7
11081.88297813298,9900,762027,6
7229.796176046174,9901,762134,5
6642.402381195927,9902,762256,5
-17063.81506973418,9903,762834,9
-186.23730479187157,9904,762928,4
34129.942706306196,9905,763094,8
48390.892428649786,9906,763723,14
11258.877164502155,9907,764134,9
10304.870660385346,9908,764293,6
-35702.78499278499,9909,764629,5
4119.277168909528,9910,764835,6
10921.956543843155,9911,764861,4
-4610.128621378624,9912,765033,5
5463.9959387018225,9913,765180,5
10608.901213165922,9914,765306,5
22897.305194805205,9915,765402,6
30900.91800270594,9916,765509,7
20184.259768009764,9917,765565,5
32458.256437190255,9918,765648,6
-45815.01276501275,9919,766016,5
-2136.842235994708,9920,766160,5
6214.122087492831,9921,766304,5
-39344.059293819366,9922,766706,5
-7973.48484848485,9923,766758,3
18417.50305250305,9924,766960,7
-37066.83720991773,9925,767253,4
17307.844956162946,9926,767714,9
66221.29037629037,9927,767760,9
675.4960317460316,9928,767821,4
12491.933892775603,9929,768017,6
-4370.438936063935,9930,768056,3
19585.134183169244,9931,768151,5
252.60212010212263,9932,768235,4
31614.345586109983,9933,768752,12
-10531.81096681098,9934,768961,5
7200.05855255855,9935,769228,8
-11749.997159703047,9936,769628,8
4024.134199134198,9937,769876,7
-58190.791430791425,9938,770181,4
-27651.535396746083,9939,770459,5
11825.790610122367,9940,770491,4
32048.27026323349,9941,770624,7
-9909.823232323226,9942,770791,5
-42314.706265956236,9943,771169,5
8120.456343621976,9944,771276,5
-13546.85679108474,9945,771591,5
-3670.6349206349205,9946,771607,3
-1494.9657287157288,9947,771618,3
35880.11231974079,9948,771747,7
9746.530691530692,9949,771794,4
-45238.74236874237,9950,772095,4
27426.93129196226,9951,772343,8
-10066.926406926405,9952,772514,5
-24309.02417027417,9953,772707,4
17980.983871649514,9954,772772,5
22983.120390960954,9955,772813,5
22878.525491269258,9956,772990,7
19095.73204538466,9957,773052,5
35387.193917193916,9958,773163,7
3668.7625364831274,9959,773347,5
43477.21914523385,9960,773435,8
47726.51034917097,9961,773783,10
13099.284465534465,9962,773810,4
-22174.404761904756,9963,773909,3
-2505.613136863137,9964,773919,3
-3677.373500037983,9965,774288,8
-3447.473706848706,9966,774431,5
39412.350920278535,9967,774617,8
17458.5891142741,9968,774707,5
29039.43956831371,9969,774942,9
20400.374342719548,9970,774960,5
3856.412753912754,9971,775022,4
-14971.590680561269,9972,775116,3
-122.38095238095235,9973,775134,3
-138.81895881895872,9974,775160,3
13181.975385725389,9975,775256,5
21853.670634920632,9976,775279,5
23306.8575215634,9977,775400,6
22063.97033006554,9978,775515,6
8613.697002816587,9979,775593,5
39653.93839967671,9980,775770,7
25924.64285714286,9981,775822,6
26820.91811052724,9982,775946,6
26390.508822962416,9983,776335,10
-3531.746031746032,9984,776352,3
11059.45393400889,9985,776379,4
-54053.65981992723,9986,776904,5
-23204.157925407904,9987,777125,4
-7628.8476513166925,9988,777173,3
36825.468236828485,9989,777542,10
-7807.231192010591,9990,777930,7
41759.087301587315,9991,778080,8
-2788.412698412699,9992,778095,3
-2798.8708513708516,9993,778113,3
-1771.4068535953236,9994,778694,11
34889.99197697726,9995,778746,6
2559.856140591433,9996,778952,6
10862.857142857143,9997,779022,5
-1697.1717171717173,9998,779040,3
-1427.9292929292928,9999,779052,3
