-737,0,43,3
-1516,1,215,4
-407,2,283,4
-178,3,329,4
-722,4,342,3
-818,5,395,3
140,6,469,4
-1584,7,527,3
-101,8,580,4
-1419,9,620,3
258,10,642,4
-1051,11,673,3
-2104,12,761,3
-1446,13,946,4
-907,14,973,3
-1760,15,1123,3
-1447,16,1218,3
-913,17,1269,3
-697,18,1289,3
-941,19,1312,3
-1076,20,1357,3
-660,21,1391,3
-1121,22,1427,3
-1260,23,1464,3
-1591,24,1572,3
-2210,25,1758,3
-1035,26,1802,3
-418,27,1851,4
-1298,28,1917,3
166,29,2023,5
-1606,30,2093,3
-384,31,2168,4
-1584,32,2242,3
-1442,33,2274,3
-1442,34,2322,3
-1292,35,2363,3
-1214,36,2388,3
-564,37,2443,4
-478,38,2477,3
155,39,2509,4
-630,40,2567,4
-825,41,2615,3
-1648,42,2688,3
-584,43,2730,3
-1226,44,2768,3
-514,45,2806,3
-1199,46,2846,3
-1343,47,2909,3
-1074,48,3006,3
-1473,49,3055,3
-989,50,3106,3
-132,51,3164,4
-1580,52,3215,3
-1374,53,3265,3
-2036,54,3422,3
-653,55,3449,3
-647,56,3469,3
-807,57,3485,3
-553,58,3556,3
-551,59,3700,4
-1618,60,3769,3
-909,61,3805,3
-312,62,3823,3
-906,63,3953,3
-798,64,3979,3
-1174,65,4024,3
-758,66,4090,4
-907,67,4126,3
-725,68,4178,3
-1624,69,4256,3
-1145,70,4272,3
-583,71,4288,3
-720,72,4369,3
-1225,73,4396,3
-1300,74,4473,3
-1050,75,4555,3
-1031,76,4595,3
-1073,77,4618,3
-513,78,4642,3
-962,79,4672,3
-368,80,4849,4
-225,81,4889,4
-2222,82,5042,3
-446,83,5060,3
-1628,84,5146,3
-1065,85,5198,3
310,86,5244,4
-1332,87,5306,3
-1162,88,5336,3
-1229,89,5447,3
-1677,90,5539,3
-682,91,5560,3
-1327,92,5592,3
-499,93,5620,3
-620,94,5690,4
-1054,95,5779,3
-811,96,5818,3
-2955,97,6078,3
-1150,98,6123,3
-1279,99,6144,3
-1054,100,6189,3
-1284,101,6235,3
233,102,6280,4
-1506,103,6330,3
-929,104,6378,3
-1850,105,6487,3
-466,106,6537,3
-798,107,6563,3
-1055,108,6642,3
-388,109,6692,4
-964,110,6737,3
-1150,111,6782,3
-120,112,6803,4
-777,113,6838,3
-357,114,6865,3
-1610,115,6935,3
-1286,116,6974,3
-1502,117,7017,3
-861,118,7048,3
-1202,119,7093,3
-776,120,7150,3
784,121,7177,5
-1296,122,7223,3
-608,123,7244,3
62,124,7360,5
-412,125,7374,3
-923,126,7397,3
740,127,7476,5
-861,128,7500,3
-600,129,7526,3
-2377,130,7705,3
-2010,131,7774,3
-482,132,7807,3
-382,133,7857,3
-214,134,8014,5
-1521,135,8145,3
-990,136,8231,3
-586,137,8256,3
-1298,138,8289,3
-885,139,8324,3
-872,140,8354,3
-967,141,8430,3
-739,142,8461,3
-1335,143,8572,3
-763,144,8603,3
-751,145,8642,3
-1669,146,8765,3
-960,147,8807,3
-1244,148,8844,3
-1156,149,8890,3
-934,150,8927,3
-1030,151,8956,3
-1361,152,8988,3
1046,153,9056,5
-1516,154,9095,3
-1564,155,9148,3
-1231,156,9192,3
141,157,9215,4
-856,158,9289,3
-421,159,9316,3
-868,160,9338,3
-1279,161,9575,4
-1086,162,9592,3
-1084,163,9661,3
-1142,164,9699,3
-987,165,9743,3
-621,166,9770,3
-797,167,9797,3
-1120,168,9814,3
-900,169,9847,3
-1179,170,9898,3
-1516,171,9960,3
-1283,172,10003,3
-1451,173,10115,3
-593,174,10139,3
-888,175,10169,3
-1535,176,10207,3
-1289,177,10283,3
-799,178,10322,3
77,179,10399,4
-1107,180,10469,4
-531,181,10510,4
-771,182,10549,3
-1021,183,10573,3
-782,184,10594,3
-1205,185,10638,3
-1421,186,10686,3
-850,187,10728,3
-664,188,10782,3
-1976,189,10875,3
-1880,190,10993,3
-472,191,11027,3
-263,192,11075,4
-1899,193,11186,3
-1235,194,11218,3
-437,195,11241,3
-1036,196,11318,3
-1055,197,11354,3
-1195,198,11393,3
-1259,199,11457,3
-503,200,11485,3
-831,201,11509,3
-1299,202,11532,3
-1277,203,11584,3
-906,204,11613,3
-1218,205,11642,3
-1154,206,11732,3
-730,207,11822,4
145,208,11894,4
-1308,209,11949,3
-1003,210,12020,3
-693,211,12088,3
-206,212,12151,4
-1747,213,12278,3
-1220,214,12328,3
-749,215,12348,3
-1470,216,12386,3
-2311,217,12574,3
-246,218,12679,4
-1197,219,12718,3
-220,220,12736,3
-504,221,12753,3
-1013,222,12788,3
-1281,223,12832,3
-1186,224,12866,3
-919,225,12929,3
-243,226,12944,3
-823,227,12963,3
-1739,228,13054,3
-1297,229,13125,3
-1437,230,13192,3
-836,231,13205,3
-1863,232,13301,3
-632,233,13331,3
-572,234,13372,3
-973,235,13416,3
-1023,236,13448,3
-1395,237,13519,3
-637,238,13562,3
-1414,239,13616,3
-662,240,13750,4
-1005,241,13769,3
-966,242,13811,3
-1154,243,13848,3
-785,244,13880,3
-792,245,13901,3
-862,246,13930,3
-325,247,13957,3
-1551,248,13998,3
-1260,249,14051,3
-1282,250,14088,3
-279,251,14107,3
-1467,252,14198,3
-357,253,14241,4
-1542,254,14366,3
-824,255,14379,3
-1263,256,14450,3
-1785,257,14511,3
-1021,258,14535,3
-687,259,14574,3
-830,260,14627,3
338,261,14673,4
-822,262,14711,3
-1142,263,14741,3
-1031,264,14777,3
-1794,265,14935,3
-1088,266,14968,3
-968,267,15017,3
-504,268,15034,3
-874,269,15071,3
-1438,270,15126,3
-1559,271,15226,3
-493,272,15241,3
-1226,273,15282,3
-1298,274,15315,3
-1026,275,15369,3
-681,276,15466,4
-759,277,15478,3
-688,278,15496,3
-1172,279,15512,3
-809,280,15568,3
-1075,281,15604,3
-1835,282,15703,3
1352,283,15769,5
-966,284,15858,3
-770,285,15908,3
-1169,286,15959,3
-1252,287,16000,3
-1450,288,16061,3
-958,289,16078,3
-1262,290,16120,3
-1378,291,16213,3
-647,292,16228,3
-1012,293,16253,3
-1442,294,16330,3
-969,295,16357,3
-1480,296,16385,3
-1423,297,16476,3
-893,298,16500,3
-868,299,16542,3
-1078,300,16608,3
-171,301,16785,5
-1416,302,16846,3
-1101,303,16882,3
-369,304,16934,4
-1456,305,16982,3
-424,306,17095,4
-1296,307,17169,3
-933,308,17185,3
-1055,309,17292,3
-823,310,17331,3
-788,311,17361,3
47,312,17394,4
-581,313,17478,4
-832,314,17519,3
-321,315,17539,3
-551,316,17579,3
-1519,317,17653,4
-381,318,17746,4
-773,319,17821,3
203,320,17837,4
241,321,17881,4
-879,322,17909,3
-1819,323,17996,3
-1047,324,18048,3
-703,325,18059,3
-1628,326,18109,3
-923,327,18148,3
-1006,328,18201,3
-1675,329,18304,3
-1353,330,18447,4
-585,331,18486,3
-1106,332,18531,3
-1448,333,18604,3
-346,334,18645,3
-1164,335,18695,3
-857,336,18747,3
-796,337,18792,3
-282,338,18813,3
-978,339,18875,3
-1556,340,18937,3
-729,341,18961,3
-626,342,18990,3
-555,343,19041,3
-766,344,19078,3
-735,345,19209,4
-853,346,19276,3
-667,347,19312,3
-1362,348,19370,3
-465,349,19398,3
-1233,350,19434,3
-836,351,19451,3
-1821,352,19526,3
-1180,353,19584,3
-1230,354,19673,3
-725,355,19866,4
-1055,356,19933,3
-1404,357,20022,3
-1011,358,20090,3
-1111,359,20130,3
-871,360,20177,3
-629,361,20201,3
-835,362,20240,3
-863,363,20300,3
-680,364,20350,3
-1697,365,20414,3
33,366,20438,4
-847,367,20469,3
-1096,368,20503,3
-813,369,20558,3
-1792,370,20628,3
-795,371,20756,4
-528,372,20873,4
-931,373,20928,3
-1446,374,21006,3
-639,375,21046,3
-1627,376,21113,3
-1446,377,21203,3
-1172,378,21241,3
-2031,379,21341,3
-399,380,21364,3
-650,381,21402,3
-1272,382,21495,3
-1025,383,21534,3
-916,384,21555,3
163,385,21575,4
-703,386,21599,3
51,387,21636,4
-956,388,21681,3
-1368,389,21705,3
-1042,390,21746,3
-1805,391,21827,3
-1030,392,21853,3
-1000,393,21874,3
-626,394,21907,3
-982,395,21956,3
-1409,396,22019,3
-635,397,22074,3
13,398,22093,4
-1090,399,22172,4
-1259,400,22204,3
528,401,22315,5
-1706,402,22557,4
-524,403,22578,3
-1052,404,22627,3
-1440,405,22780,3
-957,406,22824,3
-842,407,22854,3
-1019,408,22905,3
-902,409,22982,3
-1190,410,23020,3
13,411,23091,4
-7,412,23123,4
-392,413,23169,4
-1360,414,23255,3
-1648,415,23368,3
-925,416,23403,3
-558,417,23441,3
-786,418,23478,3
-794,419,23499,3
-510,420,23593,4
-1273,421,23677,3
-321,422,23708,3
-418,423,23814,4
82,424,23855,5
-1134,425,23880,3
-1201,426,23900,3
-1553,427,23964,3
-915,428,23987,3
-716,429,24040,3
-1285,430,24115,3
-1763,431,24274,4
-1274,432,24423,3
-1414,433,24483,3
-1415,434,24586,3
-954,435,24611,3
-821,436,24679,3
-1925,437,24807,3
-492,438,24849,3
-905,439,24965,4
-1492,440,24998,3
-1082,441,25105,4
-1675,442,25192,3
235,443,25235,4
-490,444,25265,3
-1083,445,25289,3
-485,446,25461,4
-1312,447,25495,3
-1202,448,25552,3
-78,449,25610,4
-488,450,25636,3
-1199,451,25667,3
-1235,452,25714,3
-627,453,25729,3
-1627,454,25857,3
-131,455,25904,4
-80,456,25945,4
-928,457,25999,3
-1381,458,26026,3
-313,459,26042,3
-1066,460,26091,3
666,461,26163,5
-1611,462,26279,3
-1511,463,26339,3
-2471,464,26559,3
-542,465,26624,3
-890,466,26699,4
-588,467,26741,3
-1189,468,26893,3
-1007,469,26932,3
-834,470,26954,3
-862,471,27004,3
-546,472,27123,4
-1808,473,27256,3
-827,474,27276,3
-18,475,27303,4
963,476,27348,5
135,477,27388,4
-792,478,27417,3
-246,479,27471,4
-1493,480,27527,3
-1980,481,27661,3
-910,482,27691,3
-1059,483,27726,3
-598,484,27776,3
-415,485,27815,3
-608,486,27832,3
-644,487,27934,4
-2750,488,28133,3
-1278,489,28239,3
-898,490,28277,3
-362,491,28348,4
-1126,492,28405,3
-564,493,28431,3
-728,494,28497,3
-1428,495,28586,3
-211,496,28718,5
-871,497,28882,4
-1365,498,28981,3
-1006,499,29131,4
-1103,500,29178,3
-826,501,29199,3
-759,502,29230,3
-594,503,29259,3
-1069,504,29302,3
-353,505,29370,4
-1220,506,29404,3
-2288,507,29553,3
-681,508,29661,4
-1096,509,29719,3
-2600,510,29954,4
-694,511,30003,3
-1123,512,30027,3
-1242,513,30053,3
-631,514,30080,3
-1589,515,30134,3
-1573,516,30210,3
-1026,517,30244,3
-1809,518,30366,4
-172,519,30385,4
-642,520,30430,3
-1185,521,30498,3
-805,522,30517,3
-1606,523,30606,3
-1171,524,30669,3
-875,525,30724,3
520,526,30802,5
-961,527,30909,3
-578,528,31052,4
-841,529,31132,4
-531,530,31312,5
-1046,531,31345,3
-820,532,31422,3
-947,533,31469,3
-958,534,31518,3
-1067,535,31553,3
-945,536,31629,3
-1012,537,31675,3
-381,538,31714,3
-1008,539,31767,3
539,540,31828,5
-1476,541,32090,4
-2168,542,32216,3
-1339,543,32263,3
488,544,32296,4
-788,545,32313,3
-746,546,32346,3
-819,547,32402,3
-2194,548,32513,3
-658,549,32586,3
-691,550,32626,3
-382,551,32704,4
-1157,552,32728,3
-31,553,32776,4
-1114,554,32809,3
-794,555,32851,3
-727,556,32891,3
-1146,557,32933,3
-1049,558,32960,3
-667,559,32999,3
-411,560,33070,4
-1196,561,33148,3
288,562,33226,4
35,563,33266,4
-375,564,33363,4
-1319,565,33442,3
-785,566,33465,3
-740,567,33499,3
-344,568,33540,3
-1732,569,33638,3
-1440,570,33724,3
-1053,571,33835,3
-1720,572,33916,3
-559,573,33932,3
-1117,574,33967,3
-431,575,34059,4
-600,576,34239,5
-872,577,34293,3
-1225,578,34373,3
-282,579,34423,4
-1069,580,34482,3
-37,581,34503,4
-600,582,34573,3
-855,583,34617,3
-550,584,34691,3
221,585,34707,4
-811,586,34751,3
-1464,587,34949,4
-198,588,34963,3
-831,589,35037,4
-1688,590,35089,3
-1128,591,35123,3
-1625,592,35169,3
-537,593,35197,3
-1578,594,35279,3
-399,595,35307,3
-245,596,35431,4
-410,597,35541,4
-841,598,35592,3
-530,599,35610,3
-2053,600,35760,3
-1329,601,35866,4
-1424,602,35980,3
-387,603,36061,4
-1790,604,36132,3
-978,605,36229,3
-1047,606,36264,3
-1104,607,36286,3
-1869,608,36406,3
-898,609,36431,3
-1508,610,36693,4
-1044,611,36835,4
-764,612,36900,4
-926,613,36930,3
86,614,36955,4
-917,615,36998,3
-1991,616,37113,3
-890,617,37167,3
-982,618,37260,3
-1245,619,37359,3
-1987,620,37437,3
-1093,621,37548,3
-363,622,37572,3
-1020,623,37653,3
-1276,624,37755,3
-1041,625,37935,4
-1396,626,38001,3
-955,627,38041,3
-1197,628,38072,3
-543,629,38100,3
-1698,630,38169,3
-876,631,38186,3
-507,632,38297,4
77,633,38321,4
-824,634,38355,3
-723,635,38407,3
-697,636,38502,3
272,637,38525,4
-1161,638,38584,3
-1116,639,38633,3
-1263,640,38713,3
-809,641,38729,3
-1399,642,38797,3
-516,643,38826,3
-638,644,38864,3
-511,645,38980,4
-669,646,38999,3
-2040,647,39149,3
-2515,648,39286,3
469,649,39346,4
-468,650,39388,3
-807,651,39439,4
227,652,39474,4
-720,653,39535,3
-387,654,39563,3
-1444,655,39641,3
-1126,656,39675,3
-1039,657,39746,3
-1905,658,39925,3
-1164,659,39995,3
-518,660,40145,4
-1437,661,40321,3
-2435,662,40474,3
-1069,663,40538,3
-934,664,40616,3
-495,665,40644,3
-1570,666,40702,3
-905,667,40753,3
-359,668,40889,4
-455,669,40970,4
-963,670,41006,3
-693,671,41033,3
-1025,672,41092,3
-907,673,41140,3
-1341,674,41228,3
-1044,675,41253,3
-1057,676,41273,3
-1083,677,41341,3
-640,678,41470,4
-183,679,41586,4
-699,680,41610,3
-659,681,41689,4
-1413,682,41740,3
-1349,683,41823,3
-803,684,41875,3
-565,685,41895,3
-185,686,41971,4
-515,687,42035,4
-1408,688,42113,3
-928,689,42166,3
-789,690,42209,3
-885,691,42221,3
-360,692,42387,5
-757,693,42411,3
-1667,694,42551,3
-945,695,42610,3
-534,696,42640,3
-2153,697,42737,3
-1339,698,42767,3
-1073,699,42791,3
-1124,700,42845,3
-1228,701,42918,3
-836,702,42988,3
-932,703,43154,4
-29,704,43250,4
-1276,705,43320,3
-1447,706,43387,3
-1904,707,43500,3
-251,708,43524,3
-836,709,43537,3
-1002,710,43554,3
-1086,711,43620,3
-746,712,43649,3
-968,713,43694,3
-1009,714,43730,3
-1189,715,43765,3
-789,716,43855,4
-427,717,43920,4
-870,718,44030,4
-825,719,44065,3
-81,720,44148,4
-1155,721,44200,3
-1159,722,44251,3
-903,723,44350,3
259,724,44438,5
-1556,725,44555,3
-591,726,44602,3
-1088,727,44632,3
-198,728,44766,4
-1487,729,44865,3
-2490,730,45246,4
-1047,731,45350,3
-969,732,45435,4
-70,733,45529,4
-1873,734,45749,3
-1204,735,45822,3
-696,736,45899,3
-790,737,45968,3
-1466,738,46066,3
-296,739,46080,3
-719,740,46135,3
-973,741,46174,3
-777,742,46190,3
-471,743,46217,3
-1405,744,46345,3
-619,745,46385,3
-1328,746,46534,3
326,747,46577,5
-762,748,46651,3
-2103,749,46810,3
-1115,750,46886,3
-1400,751,46944,3
-974,752,46974,3
-446,753,47077,4
-1367,754,47148,3
-634,755,47258,4
91,756,47341,4
-1266,757,47450,3
-1300,758,47515,3
-1212,759,47589,3
-906,760,47667,3
-992,761,47772,3
-1208,762,47966,4
-835,763,48022,3
-1136,764,48219,4
-459,765,48243,3
-764,766,48368,4
-1234,767,48401,3
-1048,768,48551,4
-692,769,48601,3
-1369,770,48657,3
-937,771,48684,3
-1200,772,48730,3
-976,773,48800,3
-670,774,48870,3
-682,775,48931,3
-1250,776,49097,4
-961,777,49112,3
-1141,778,49247,3
-137,779,49356,4
-1368,780,49501,3
-871,781,49525,3
-783,782,49553,3
-526,783,49702,5
-1219,784,49798,3
-1619,785,49869,3
-1739,786,50058,4
-2368,787,50252,3
-592,788,50294,3
-288,789,50319,3
-1490,790,50461,3
254,791,50499,4
103,792,50559,4
-1262,793,50741,3
-1273,794,50800,3
-454,795,50818,3
-1337,796,50917,3
-1297,797,50945,3
-864,798,50970,3
-1228,799,51016,3
-1472,800,51094,3
-329,801,51121,3
-416,802,51142,3
-1758,803,51255,3
-1103,804,51338,3
-496,805,51360,3
-857,806,51380,3
-776,807,51421,3
-1196,808,51618,4
-1170,809,51671,3
-955,810,51775,4
-2322,811,52060,3
394,812,52118,5
40,813,52135,4
-2181,814,52299,3
-787,815,52388,4
-749,816,52447,3
-610,817,52465,3
-160,818,52544,4
-846,819,52597,3
-2852,820,52818,3
-699,821,52866,3
-1239,822,52929,3
262,823,53043,5
-829,824,53074,3
-386,825,53179,4
-1327,826,53255,3
-1890,827,53440,3
-619,828,53455,3
-2262,829,53613,3
-1234,830,53651,3
-508,831,53712,3
-1107,832,53767,3
-831,833,53850,3
-1250,834,53875,3
-1078,835,53936,3
-993,836,54003,3
-70,837,54040,4
-1666,838,54153,3
-836,839,54182,3
-526,840,54215,3
-1879,841,54331,3
-1332,842,54401,3
-951,843,54432,3
-894,844,54482,3
-952,845,54500,3
-279,846,54560,4
-727,847,54599,3
-1391,848,54686,3
-1178,849,54747,3
-17,850,54928,5
-1360,851,54982,3
-773,852,55038,3
-569,853,55125,3
-1393,854,55266,4
-622,855,55408,4
-1830,856,55469,3
-301,857,55577,4
-546,858,55642,3
-1038,859,55683,3
-1033,860,55722,3
248,861,55804,4
-426,862,55854,3
-57,863,55902,4
-969,864,55938,3
-1215,865,56058,3
-1758,866,56144,3
-1315,867,56239,3
-139,868,56288,4
-1201,869,56412,3
-594,870,56449,3
-4561,871,56829,3
-268,872,57050,5
-997,873,57089,3
-1162,874,57163,3
1334,875,57298,6
-651,876,57330,3
-1233,877,57507,4
-932,878,57537,3
-324,879,57650,4
-1218,880,57756,3
-1140,881,57794,3
-1019,882,57829,3
-790,883,57867,3
-684,884,57924,3
-1520,885,57989,3
-2517,886,58137,3
-2062,887,58274,3
-1460,888,58351,3
-1346,889,58428,3
-1157,890,58472,3
-1522,891,58512,3
-1216,892,58602,3
-1246,893,58636,3
-787,894,58659,3
-1330,895,58716,3
-890,896,58778,3
-63,897,58854,4
-648,898,58899,3
-831,899,58942,3
-1079,900,59021,3
-1537,901,59089,3
-1011,902,59108,3
-684,903,59134,3
-821,904,59165,3
-1164,905,59278,3
-963,906,59349,3
-606,907,59422,3
-463,908,59458,3
-1055,909,59509,3
-698,910,59542,3
-802,911,59608,3
-344,912,59703,4
-1219,913,59823,3
-1558,914,59981,4
-685,915,60025,3
-443,916,60064,3
-1875,917,60385,4
-663,918,60550,4
-2334,919,60716,3
-347,920,60748,3
-572,921,60774,3
-562,922,60804,3
-1124,923,60849,3
700,924,60896,5
-1568,925,61082,4
-634,926,61127,3
-664,927,61168,3
-1354,928,61290,3
-885,929,61378,3
-1546,930,61512,3
-758,931,61550,3
-1521,932,61671,4
-450,933,61712,3
-438,934,61799,4
-1272,935,61857,3
-780,936,61895,3
-341,937,61980,4
-586,938,62070,4
-815,939,62086,3
-2714,940,62331,3
-1119,941,62358,3
-1195,942,62434,3
-1291,943,62509,3
-550,944,62534,3
-693,945,62561,3
-881,946,62601,3
760,947,62678,5
-619,948,62722,3
-720,949,62756,3
-1190,950,62801,3
-788,951,62835,3
-294,952,62860,3
-1393,953,62983,3
-1528,954,63096,3
-490,955,63233,4
-1175,956,63325,3
-913,957,63341,3
-997,958,63404,3
-738,959,63461,3
-597,960,63524,3
-970,961,63680,4
-121,962,63728,4
-1181,963,63811,3
-628,964,63848,3
-2244,965,64125,3
-1620,966,64193,3
-2111,967,64321,3
-944,968,64474,4
-452,969,64516,3
-766,970,64726,4
300,971,64776,4
-635,972,64820,3
-2149,973,64980,3
-840,974,65025,3
-859,975,65053,3
-657,976,65085,3
-940,977,65118,3
-1004,978,65156,3
-664,979,65217,3
-1281,980,65304,3
-596,981,65322,3
-730,982,65359,3
-1280,983,65473,3
-1057,984,65504,3
-681,985,65660,4
-3021,986,66149,4
-64,987,66329,5
-621,988,66377,3
-1197,989,66409,3
-443,990,66432,3
-324,991,66494,4
-806,992,66603,3
-673,993,66626,3
-530,994,66776,4
-1242,995,66902,3
-1483,996,67029,3
34,997,67047,4
-861,998,67130,3
-1570,999,67282,4
-1303,1000,67380,4
-994,1001,67441,3
-992,1002,67522,3
-712,1003,67572,3
-1220,1004,67661,3
-1524,1005,67698,3
-709,1006,67789,3
-625,1007,67825,3
-1153,1008,67876,3
-1038,1009,67950,3
-1001,1010,67994,3
-651,1011,68046,3
-758,1012,68087,3
-1253,1013,68111,3
-633,1014,68146,3
-1111,1015,68213,3
-410,1016,68243,3
-1108,1017,68269,3
-1103,1018,68313,3
-1865,1019,68457,3
526,1020,68515,4
-523,1021,68551,3
-594,1022,68593,3
-1301,1023,68668,3
-949,1024,68776,3
-719,1025,68819,4
-1797,1026,68900,3
-585,1027,69025,4
-1414,1028,69071,3
-1266,1029,69145,3
-1266,1030,69176,3
-920,1031,69194,3
-2108,1032,69323,3
-620,1033,69397,3
-1390,1034,69443,3
-1066,1035,69473,3
-1346,1036,69582,3
-1280,1037,69648,3
-1098,1038,69685,3
-1163,1039,69737,3
-1457,1040,70115,5
-676,1041,70234,4
-248,1042,70276,4
-1827,1043,70456,3
-788,1044,70510,3
-532,1045,70645,4
-1789,1046,70740,3
2,1047,70826,4
-487,1048,70861,3
-721,1049,70924,3
-1191,1050,71015,3
-999,1051,71178,4
-948,1052,71203,3
-519,1053,71243,4
-1408,1054,71388,3
-1129,1055,71436,3
-1313,1056,71520,3
-749,1057,71588,3
-2297,1058,71891,4
-681,1059,71959,3
-583,1060,72053,4
-268,1061,72107,4
-246,1062,72284,5
-1153,1063,72376,3
-1027,1064,72399,3
-1350,1065,72489,3
-683,1066,72509,3
-936,1067,72535,3
-2441,1068,72666,3
-611,1069,72701,3
-948,1070,72750,3
-1538,1071,72911,3
160,1072,73194,6
-14,1073,73220,4
-376,1074,73246,3
-1575,1075,73369,3
-127,1076,73400,4
-1158,1077,73442,3
-1295,1078,73501,3
-808,1079,73607,3
-220,1080,73789,5
-1132,1081,73863,3
-1590,1082,74000,3
-763,1083,74015,3
242,1084,74078,4
-671,1085,74165,3
-726,1086,74283,4
-401,1087,74306,3
354,1088,74331,4
-907,1089,74394,3
-670,1090,74444,3
-1444,1091,74509,3
-1237,1092,74552,3
-1354,1093,74717,3
-408,1094,74754,3
581,1095,74771,5
-1140,1096,74837,3
755,1097,74909,5
-533,1098,74937,3
-693,1099,74977,3
-884,1100,75030,3
-1590,1101,75087,3
-725,1102,75106,3
-1128,1103,75208,3
247,1104,75267,4
-868,1105,75308,3
-510,1106,75386,4
-860,1107,75488,3
-1533,1108,75635,3
-1742,1109,75862,4
-969,1110,75886,3
-705,1111,75917,3
-1656,1112,76062,4
-61,1113,76122,4
-1236,1114,76148,3
-910,1115,76162,3
-823,1116,76182,3
620,1117,76244,5
221,1118,76284,4
-1647,1119,76361,3
-1413,1120,76452,3
-1080,1121,76562,3
-507,1122,76581,3
-1789,1123,76700,3
-453,1124,76743,3
-1721,1125,76862,3
-854,1126,76887,3
733,1127,76908,5
-928,1128,77078,4
-1279,1129,77125,3
464,1130,77172,4
-1378,1131,77274,3
-783,1132,77333,3
-862,1133,77454,4
-1409,1134,77669,4
-1194,1135,77750,3
-311,1136,77817,4
-621,1137,77836,3
-2057,1138,77956,3
-2181,1139,78167,3
-956,1140,78253,3
-1476,1141,78366,3
-691,1142,78417,3
794,1143,78456,5
-2456,1144,78662,3
-1154,1145,78744,3
-1317,1146,78803,3
-1109,1147,78863,3
-920,1148,78952,3
-1092,1149,79159,4
-1523,1150,79307,3
-1212,1151,79349,3
-728,1152,79374,3
-705,1153,79425,3
-1938,1154,79740,4
-987,1155,79924,4
702,1156,80014,5
-1128,1157,80048,3
-154,1158,80126,4
-162,1159,80316,4
-921,1160,80419,3
-883,1161,80620,4
-1199,1162,80672,3
-982,1163,80753,3
-859,1164,80801,3
-704,1165,80834,3
-571,1166,80899,4
-533,1167,80946,3
-402,1168,80976,3
322,1169,81047,4
-1872,1170,81120,3
-481,1171,81155,3
-73,1172,81184,4
-841,1173,81274,4
-1643,1174,81441,3
-790,1175,81474,3
-1199,1176,81514,3
238,1177,81564,4
-1394,1178,81741,4
-3768,1179,82057,3
-1358,1180,82143,3
-1172,1181,82256,3
-1050,1182,82302,3
-562,1183,82355,3
-1221,1184,82470,3
-747,1185,82517,3
-53,1186,82569,4
-1284,1187,82623,3
-837,1188,82751,4
-1258,1189,82816,3
-962,1190,82862,3
-1198,1191,82923,3
-786,1192,82948,3
-836,1193,82970,3
-1392,1194,83031,3
-2228,1195,83297,3
-1086,1196,83315,3
-1101,1197,83418,3
-1144,1198,83515,3
-850,1199,83601,3
1067,1200,83641,5
-1560,1201,83682,3
-159,1202,83710,4
-625,1203,83742,3
-709,1204,83798,3
-725,1205,83866,3
-646,1206,83936,3
-741,1207,83991,3
-483,1208,84039,3
-1977,1209,84120,3
-596,1210,84178,3
-806,1211,84259,3
-597,1212,84310,3
-1026,1213,84496,4
-1092,1214,84586,3
-939,1215,84717,3
-2336,1216,84911,3
-977,1217,84987,3
-1120,1218,85077,3
-545,1219,85125,3
390,1220,85199,4
-533,1221,85319,5
-1351,1222,85371,3
-728,1223,85432,3
88,1224,85586,5
-1046,1225,85623,3
-355,1226,85659,3
378,1227,85714,4
-809,1228,85769,3
-1527,1229,85896,3
-1553,1230,86120,3
-946,1231,86145,3
-1411,1232,86201,3
-566,1233,86226,3
-367,1234,86257,3
-1129,1235,86301,3
-621,1236,86356,3
-275,1237,86440,4
152,1238,86574,5
-471,1239,86613,3
-910,1240,86643,3
-1659,1241,86851,3
-2368,1242,87037,3
44,1243,87102,4
-977,1244,87145,3
-1228,1245,87218,3
-972,1246,87312,3
-1013,1247,87428,3
-2253,1248,87719,4
-816,1249,87780,3
-711,1250,87824,3
-516,1251,87877,3
-1959,1252,88061,3
-455,1253,88217,4
-729,1254,88260,3
321,1255,88413,5
-1554,1256,88518,3
-385,1257,88574,3
-683,1258,88630,3
-924,1259,88707,3
-1049,1260,88727,3
-535,1261,88767,3
-1771,1262,88947,3
-609,1263,88962,3
-54,1264,89059,4
-1541,1265,89167,3
610,1266,89240,6
-704,1267,89498,5
-1620,1268,89699,3
-831,1269,89730,3
409,1270,89831,5
-973,1271,90008,4
303,1272,90097,5
153,1273,90145,4
-550,1274,90187,3
-1016,1275,90201,3
-336,1276,90284,4
577,1277,90376,5
-1080,1278,90546,4
-1140,1279,90745,4
-776,1280,90791,3
-955,1281,90895,3
-1785,1282,91111,3
-650,1283,91160,3
-997,1284,91196,3
-550,1285,91261,4
464,1286,91381,5
-2212,1287,91551,3
-1506,1288,91649,3
356,1289,91843,5
-1319,1290,91879,3
-4,1291,91906,4
-1828,1292,92047,3
-753,1293,92086,3
-949,1294,92222,4
-1460,1295,92324,3
1,1296,92408,4
-861,1297,92476,3
-859,1298,92511,3
-1029,1299,92530,3
-182,1300,92596,4
-1314,1301,92818,4
-1302,1302,92924,3
-1086,1303,93037,3
-1046,1304,93127,3
-365,1305,93151,3
-1054,1306,93248,3
-1628,1307,93434,3
-697,1308,93481,3
-700,1309,93507,3
562,1310,93577,5
-1666,1311,93710,3
-48,1312,93815,4
-366,1313,93921,4
-1073,1314,93969,3
-1219,1315,94120,3
-1440,1316,94213,3
-2550,1317,94531,4
-272,1318,94626,4
-898,1319,94704,4
1739,1320,94797,6
-892,1321,94827,3
-2986,1322,95121,3
-2094,1323,95463,4
-461,1324,95673,5
-1141,1325,95788,3
907,1326,95857,5
-756,1327,95922,3
-1282,1328,95948,3
499,1329,96067,5
-413,1330,96099,3
229,1331,96191,4
-206,1332,96257,4
-898,1333,96375,3
-316,1334,96417,3
-1615,1335,96560,3
-1376,1336,96637,3
-1052,1337,96702,3
-603,1338,96726,3
-73,1339,96810,4
-214,1340,96927,4
-461,1341,96951,3
-453,1342,97016,4
-145,1343,97124,4
-808,1344,97201,3
-478,1345,97289,4
-470,1346,97326,3
-707,1347,97365,3
-993,1348,97449,3
-573,1349,97585,4
-1518,1350,97651,3
-629,1351,97686,3
-46,1352,97727,4
-701,1353,97770,3
-1016,1354,97852,3
-513,1355,97876,3
-618,1356,97945,3
380,1357,97992,4
-27,1358,98036,4
-740,1359,98066,3
987,1360,98137,5
-626,1361,98163,3
-1371,1362,98219,3
-1109,1363,98438,4
-796,1364,98483,3
-405,1365,98608,4
-1458,1366,98765,3
-1137,1367,98825,3
-1361,1368,98987,4
-1228,1369,99021,3
-977,1370,99052,3
-1214,1371,99263,4
-179,1372,99460,5
-1670,1373,99617,3
-1725,1374,99952,4
-616,1375,100213,5
-1542,1376,100327,3
-17,1377,100388,4
-1438,1378,100481,3
-1084,1379,100518,3
-211,1380,100590,4
-1927,1381,100741,3
-501,1382,100872,4
-637,1383,100931,3
-947,1384,101043,3
-268,1385,101245,5
-845,1386,101396,4
402,1387,101427,5
-1639,1388,101623,4
175,1389,101732,5
-632,1390,101773,3
-192,1391,101891,4
-948,1392,101917,3
4,1393,101931,4
-510,1394,101985,3
-768,1395,102079,3
-945,1396,102134,3
190,1397,102205,4
-394,1398,102340,4
-1597,1399,102408,3
-1000,1400,102549,3
300,1401,102629,5
-144,1402,102726,4
-557,1403,102769,3
-65,1404,102818,4
-540,1405,102840,3
-650,1406,102870,3
-201,1407,103015,4
-303,1408,103180,4
902,1409,103227,5
744,1410,103312,5
-375,1411,103347,3
-584,1412,103393,3
-1267,1413,103457,3
-774,1414,103507,3
-265,1415,103659,4
-1236,1416,103960,4
-589,1417,104008,3
-764,1418,104062,3
-105,1419,104162,4
-145,1420,104238,4
471,1421,104410,5
-848,1422,104463,3
-1250,1423,104624,3
-565,1424,104807,4
-1457,1425,104950,3
-859,1426,105033,3
-597,1427,105169,4
-1431,1428,105268,3
1013,1429,105344,5
-1357,1430,105371,3
-898,1431,105682,5
-679,1432,105738,3
-2181,1433,105989,3
-1019,1434,106093,3
320,1435,106243,5
-2781,1436,106558,3
-673,1437,106738,4
-1402,1438,106996,4
46,1439,107107,4
-1570,1440,107196,3
-1047,1441,107429,4
-566,1442,107443,3
-553,1443,107463,3
-1103,1444,107606,4
-547,1445,107742,4
-1037,1446,107846,3
-47,1447,107886,4
-506,1448,108028,4
-1450,1449,108306,4
-572,1450,108336,3
-1693,1451,108512,3
-627,1452,108531,3
-988,1453,108634,4
-963,1454,108714,3
-301,1455,108858,4
-1017,1456,108981,3
-1031,1457,109033,3
556,1458,109106,5
-395,1459,109195,4
-1063,1460,109303,3
-669,1461,109410,3
-752,1462,109480,3
-1170,1463,109593,3
-462,1464,109688,4
616,1465,109767,5
-1949,1466,109951,3
-879,1467,110031,3
-992,1468,110188,3
-684,1469,110341,4
-844,1470,110358,3
-218,1471,110444,4
-797,1472,110552,3
-1470,1473,110746,3
-378,1474,110791,4
-491,1475,110938,4
-1253,1476,111097,3
-443,1477,111155,4
935,1478,111264,5
-623,1479,111288,3
-712,1480,111455,4
169,1481,111536,4
-1655,1482,111708,3
-478,1483,111733,3
-486,1484,111766,3
-41,1485,111837,4
-1085,1486,111876,3
575,1487,111956,5
-1675,1488,112034,3
-1351,1489,112109,3
-1197,1490,112160,3
-2328,1491,112468,4
-817,1492,112540,3
-1537,1493,112584,3
-702,1494,112630,3
-586,1495,112683,3
302,1496,112805,5
-1411,1497,113009,3
-1120,1498,113170,3
-152,1499,113340,4
163,1500,113452,4
-757,1501,113531,3
-334,1502,113579,4
-1117,1503,113626,3
-2388,1504,113911,3
-491,1505,114019,4
-800,1506,114157,3
-107,1507,114266,4
-1287,1508,114430,3
-797,1509,114481,3
787,1510,114537,5
31,1511,114633,4
-617,1512,114751,4
-873,1513,115038,5
-1385,1514,115114,3
-992,1515,115184,3
-573,1516,115313,4
-1250,1517,115379,3
-551,1518,115406,3
935,1519,115448,5
-200,1520,115541,4
-711,1521,115592,3
-863,1522,115620,3
-290,1523,115658,3
-756,1524,115696,3
-627,1525,115743,3
-186,1526,115906,4
286,1527,115936,4
-856,1528,116029,3
-1811,1529,116165,3
266,1530,116301,5
-603,1531,116372,3
252,1532,116429,4
323,1533,116586,5
-471,1534,116649,3
-1203,1535,116697,3
-1855,1536,116928,3
728,1537,116994,5
-380,1538,117024,3
-75,1539,117242,5
1065,1540,117295,5
11,1541,117370,4
-1038,1542,117572,4
-1228,1543,117710,3
355,1544,117831,5
-375,1545,117879,3
-638,1546,118147,5
-882,1547,118377,4
-233,1548,118574,4
-629,1549,118625,3
-625,1550,118830,4
-764,1551,119061,4
-46,1552,119100,4
-618,1553,119157,3
-645,1554,119189,3
-958,1555,119298,3
308,1556,119364,4
-516,1557,119403,4
939,1558,119463,5
-1437,1559,119554,3
-719,1560,119669,3
-544,1561,119788,4
912,1562,119884,5
-958,1563,119958,3
-3,1564,120153,5
-520,1565,120179,3
-254,1566,120221,4
-932,1567,120338,4
725,1568,120416,5
-601,1569,120440,3
677,1570,120591,5
-639,1571,120611,3
-590,1572,120640,3
-1376,1573,120810,3
-1093,1574,120901,3
-326,1575,120991,4
-604,1576,121052,3
38,1577,121174,4
1269,1578,121247,5
-170,1579,121300,4
119,1580,121393,4
-499,1581,121441,3
485,1582,121546,5
-1087,1583,121569,3
701,1584,121609,5
-79,1585,121693,4
-1085,1586,121941,4
263,1587,121989,4
-438,1588,122075,4
-1065,1589,122182,3
589,1590,122290,5
-1347,1591,122329,3
906,1592,122404,5
-1461,1593,122717,4
824,1594,122764,5
295,1595,122808,4
-503,1596,122836,3
1253,1597,122992,6
278,1598,123142,5
484,1599,123184,4
526,1600,123370,5
-920,1601,123476,3
-1096,1602,123573,4
-433,1603,123632,3
-330,1604,123665,3
197,1605,123753,5
-1038,1606,123858,3
-378,1607,123899,3
368,1608,124056,5
947,1609,124113,5
-281,1610,124136,3
-780,1611,124245,3
-341,1612,124309,4
718,1613,124476,5
484,1614,124523,5
-1019,1615,124728,4
-451,1616,124937,5
-751,1617,124984,3
-638,1618,125069,3
-1553,1619,125137,3
954,1620,125271,5
619,1621,125344,5
40,1622,125422,4
578,1623,125519,5
-588,1624,125616,3
22,1625,125792,5
230,1626,125955,5
689,1627,126084,5
114,1628,126165,4
-352,1629,126195,3
-1250,1630,126599,5
879,1631,126708,5
-389,1632,126772,3
-18,1633,126809,4
-1051,1634,126845,3
-763,1635,126913,3
403,1636,127033,5
842,1637,127116,5
-1421,1638,127196,3
-111,1639,127232,4
745,1640,127356,5
779,1641,127399,5
-431,1642,127447,3
441,1643,127532,4
850,1644,127597,5
587,1645,127788,5
637,1646,127889,5
967,1647,127931,5
-1460,1648,128033,3
45,1649,128161,4
255,1650,128205,4
-634,1651,128263,3
-697,1652,128351,3
-684,1653,128449,3
387,1654,128582,5
-448,1655,128624,3
-1249,1656,128708,3
-485,1657,128723,3
709,1658,128820,5
1312,1659,128883,5
-152,1660,129008,4
-16,1661,129071,4
76,1662,129197,4
275,1663,129298,4
599,1664,129485,6
606,1665,129619,5
858,1666,129694,5
-229,1667,129718,3
902,1668,129809,5
127,1669,129930,5
-399,1670,129981,3
120,1671,130050,4
132,1672,130084,4
97,1673,130216,5
-189,1674,130296,4
-816,1675,130337,3
867,1676,130434,6
832,1677,130518,5
692,1678,130666,5
673,1679,130722,5
-1827,1680,130854,3
-1102,1681,130948,3
-398,1682,130998,3
996,1683,131068,5
577,1684,131180,5
977,1685,131244,5
156,1686,131425,5
878,1687,131479,5
-1582,1688,131785,4
-944,1689,131822,3
-77,1690,131974,4
1026,1691,132148,5
968,1692,132239,5
-423,1693,132303,4
777,1694,132414,5
-378,1695,132448,3
1406,1696,132476,6
937,1697,132576,5
468,1698,132721,5
-449,1699,132780,3
808,1700,132870,5
581,1701,132902,4
-236,1702,132960,4
443,1703,133045,5
-804,1704,133087,3
-663,1705,133134,3
492,1706,133195,4
-218,1707,133312,4
1174,1708,133426,6
-405,1709,133485,3
829,1710,133566,5
1528,1711,133677,6
181,1712,133848,5
-196,1713,133946,4
1036,1714,134064,5
-678,1715,134102,4
384,1716,134274,5
492,1717,134348,4
380,1718,134487,5
-1120,1719,134541,3
241,1720,134597,4
-447,1721,134632,3
-433,1722,134809,4
879,1723,134862,5
365,1724,134903,4
-589,1725,135060,4
-646,1726,135125,3
859,1727,135153,5
-606,1728,135238,3
677,1729,135318,5
1460,1730,135389,5
412,1731,135462,5
-356,1732,135524,3
-350,1733,135639,4
-201,1734,135824,4
638,1735,135874,4
-694,1736,135955,3
755,1737,136028,5
-121,1738,136156,4
-579,1739,136187,3
931,1740,136236,5
1069,1741,136276,5
478,1742,136334,4
921,1743,136422,5
-499,1744,136497,3
294,1745,136530,4
-509,1746,136582,3
-334,1747,136619,3
89,1748,136714,4
890,1749,136770,5
-1088,1750,136868,4
299,1751,136961,4
631,1752,137020,4
-501,1753,137100,3
50,1754,137211,5
106,1755,137290,4
945,1756,137364,5
-339,1757,137384,3
22,1758,137483,5
-234,1759,137513,3
-529,1760,137608,4
551,1761,137685,4
748,1762,137739,5
1031,1763,137784,5
-919,1764,137812,3
-367,1765,137855,3
407,1766,137895,4
899,1767,137952,5
262,1768,138033,4
729,1769,138098,5
668,1770,138135,5
1215,1771,138227,5
1058,1772,138314,5
-137,1773,138419,4
-379,1774,138438,3
1074,1775,138525,5
-557,1776,138580,3
765,1777,138686,5
-347,1778,138742,4
839,1779,138792,5
-708,1780,138825,3
1198,1781,138895,5
-404,1782,138933,3
344,1783,139079,6
2059,1784,139166,7
1011,1785,139207,5
-337,1786,139234,3
-155,1787,139267,4
113,1788,139328,4
723,1789,139384,5
856,1790,139418,5
-661,1791,139454,3
823,1792,139570,6
973,1793,139602,5
704,1794,139701,5
928,1795,139762,5
422,1796,139828,4
521,1797,139855,4
-376,1798,139894,4
938,1799,139996,5
979,1800,140040,5
1278,1801,140126,6
843,1802,140218,6
-64,1803,140376,5
643,1804,140448,5
657,1805,140549,5
593,1806,140645,5
-19,1807,140789,5
-809,1808,140828,3
-373,1809,140904,4
584,1810,140966,4
556,1811,141064,5
901,1812,141085,5
632,1813,141175,5
-540,1814,141196,3
-380,1815,141490,5
1097,1816,141563,5
-91,1817,141611,4
743,1818,141664,5
301,1819,141724,4
432,1820,141775,4
988,1821,141837,5
-460,1822,141972,4
-1276,1823,142053,3
1070,1824,142093,5
590,1825,142235,5
258,1826,142293,4
671,1827,142376,5
934,1828,142425,5
450,1829,142535,5
190,1830,142573,4
820,1831,142633,5
395,1832,142773,5
177,1833,142933,5
565,1834,143081,5
369,1835,143110,5
-833,1836,143130,3
2157,1837,143207,6
1358,1838,143278,5
-241,1839,143293,3
247,1840,143333,4
1270,1841,143482,6
-77,1842,143574,4
942,1843,143656,5
646,1844,143714,5
-571,1845,143738,3
462,1846,143784,5
700,1847,143854,5
867,1848,143907,5
665,1849,143943,4
800,1850,143986,5
1139,1851,144059,5
-43,1852,144138,4
752,1853,144188,5
1608,1854,144289,6
716,1855,144372,5
89,1856,144385,4
1050,1857,144456,5
1176,1858,144581,5
-645,1859,144757,4
-428,1860,144799,3
1154,1861,144863,5
1246,1862,144957,5
781,1863,144992,5
-39,1864,145012,4
374,1865,145078,5
1315,1866,145141,6
799,1867,145208,5
682,1868,145287,5
1259,1869,145352,5
1081,1870,145457,6
844,1871,145500,5
-322,1872,145533,3
379,1873,145606,4
704,1874,145721,5
-187,1875,145914,5
-568,1876,145980,3
912,1877,146029,5
466,1878,146127,5
998,1879,146204,5
731,1880,146237,5
1098,1881,146309,5
1655,1882,146389,6
1922,1883,146489,7
197,1884,146585,4
675,1885,146673,5
554,1886,146782,5
556,1887,146852,5
-566,1888,146902,3
-320,1889,147007,4
659,1890,147107,5
1293,1891,147183,5
1370,1892,147289,6
519,1893,147405,5
375,1894,147515,5
412,1895,147564,4
1278,1896,147628,5
1054,1897,147736,5
699,1898,147812,5
262,1899,147975,5
682,1900,148034,5
-817,1901,148102,3
778,1902,148209,5
-633,1903,148276,3
36,1904,148385,5
568,1905,148490,5
510,1906,148624,5
1152,1907,148683,5
254,1908,148846,5
542,1909,148932,5
-317,1910,149000,4
634,1911,149046,5
901,1912,149075,5
558,1913,149155,5
1067,1914,149199,5
-560,1915,149228,3
-850,1916,149262,3
891,1917,149352,6
151,1918,149403,4
626,1919,149545,5
1170,1920,149600,6
-403,1921,149651,3
737,1922,149724,5
-374,1923,149894,4
1267,1924,149950,5
17,1925,150073,4
1098,1926,150127,5
-800,1927,150152,3
621,1928,150220,5
-1017,1929,150393,4
1017,1930,150434,5
630,1931,150524,5
-815,1932,150595,3
957,1933,150651,5
306,1934,150829,5
-583,1935,150992,5
1138,1936,151092,6
688,1937,151147,5
-773,1938,151186,3
-642,1939,151215,3
639,1940,151292,5
813,1941,151389,5
-335,1942,151454,4
1099,1943,151509,5
1198,1944,151639,6
1072,1945,151696,5
202,1946,151727,4
1177,1947,151831,5
-370,1948,151861,3
501,1949,151909,4
157,1950,151964,4
517,1951,152077,5
-197,1952,152093,3
955,1953,152154,5
776,1954,152232,5
-1107,1955,152259,3
1718,1956,152332,6
769,1957,152363,5
1069,1958,152387,5
852,1959,152469,5
717,1960,152560,5
-975,1961,152712,3
844,1962,152794,5
921,1963,152871,5
934,1964,152910,5
902,1965,152960,5
725,1966,153065,5
841,1967,153133,5
459,1968,153204,4
2138,1969,153314,7
800,1970,153421,5
-16,1971,153511,4
1019,1972,153564,5
-612,1973,153629,3
-27,1974,153694,4
677,1975,153759,5
357,1976,153791,4
-854,1977,153905,3
190,1978,153940,4
493,1979,154061,5
857,1980,154116,5
938,1981,154202,5
284,1982,154300,4
708,1983,154390,5
-142,1984,154444,4
1328,1985,154471,5
872,1986,154491,5
680,1987,154562,5
660,1988,154618,5
-42,1989,154640,4
477,1990,154789,5
933,1991,154843,5
1629,1992,154924,6
421,1993,155049,5
304,1994,155115,4
459,1995,155144,4
419,1996,155197,4
-703,1997,155245,3
998,1998,155295,5
1181,1999,155352,5
607,2000,155444,5
523,2001,155462,5
1508,2002,155521,6
540,2003,155577,5
756,2004,155631,5
182,2005,155668,4
220,2006,155682,4
1386,2007,155712,6
555,2008,155828,5
320,2009,155866,4
680,2010,155984,5
334,2011,156043,4
553,2012,156104,5
1855,2013,156162,7
781,2014,156283,5
1316,2015,156382,6
1195,2016,156432,5
1236,2017,156583,6
1042,2018,156642,5
1006,2019,156744,6
645,2020,156792,5
127,2021,156892,4
-171,2022,156952,4
655,2023,157021,5
-585,2024,157084,3
1734,2025,157171,6
1467,2026,157227,5
1010,2027,157283,5
68,2028,157340,4
-41,2029,157368,4
54,2030,157514,4
642,2031,157620,5
1157,2032,157662,5
1000,2033,157707,5
601,2034,157847,5
322,2035,157945,4
936,2036,158011,5
855,2037,158092,5
1021,2038,158137,5
722,2039,158178,5
1000,2040,158327,6
699,2041,158388,5
959,2042,158425,5
870,2043,158490,5
511,2044,158584,5
726,2045,158611,5
816,2046,158674,5
1164,2047,158725,5
1124,2048,158851,5
1227,2049,158907,5
-25,2050,159010,4
633,2051,159110,5
675,2052,159169,5
653,2053,159221,5
440,2054,159283,4
1289,2055,159363,6
181,2056,159423,4
866,2057,159509,5
-1106,2058,159594,3
-337,2059,159671,4
795,2060,159780,5
-686,2061,159947,4
1214,2062,160058,6
1058,2063,160116,5
1226,2064,160167,5
1331,2065,160278,6
943,2066,160343,5
413,2067,160414,5
695,2068,160491,5
780,2069,160569,5
612,2070,160632,5
164,2071,160654,4
-508,2072,160704,3
-750,2073,160793,3
-122,2074,160856,4
1092,2075,160881,5
397,2076,160933,4
43,2077,161001,4
911,2078,161070,5
1203,2079,161144,6
683,2080,161236,5
995,2081,161352,5
-518,2082,161385,3
1089,2083,161427,5
-287,2084,161459,3
786,2085,161493,5
308,2086,161531,4
2074,2087,161659,7
928,2088,161688,5
409,2089,161705,4
1495,2090,161739,5
1259,2091,161850,6
1072,2092,161925,5
1098,2093,161992,5
281,2094,162044,4
-152,2095,162130,4
767,2096,162191,5
1237,2097,162232,5
1625,2098,162310,6
1013,2099,162361,5
1333,2100,162406,6
-646,2101,162507,4
1386,2102,162539,6
1971,2103,162591,6
-745,2104,162663,3
2385,2105,162784,7
579,2106,162913,5
1173,2107,162955,5
1036,2108,163027,5
-1156,2109,163072,3
1756,2110,163166,6
851,2111,163183,5
748,2112,163222,5
1115,2113,163303,5
856,2114,163401,5
-264,2115,163422,3
1483,2116,163511,5
948,2117,163565,5
671,2118,163613,5
394,2119,163700,5
2163,2120,163770,7
1526,2121,163828,5
1526,2122,163911,6
403,2123,164004,5
1088,2124,164087,5
638,2125,164157,5
1281,2126,164209,5
993,2127,164281,5
1431,2128,164382,6
811,2129,164444,5
397,2130,164516,4
830,2131,164611,5
676,2132,164649,5
702,2133,164709,5
2538,2134,164772,7
802,2135,164810,5
-222,2136,164941,4
849,2137,165022,5
1003,2138,165079,5
-496,2139,165113,3
649,2140,165230,5
943,2141,165274,5
748,2142,165370,5
928,2143,165448,5
700,2144,165527,5
29,2145,165588,4
135,2146,165608,4
779,2147,165704,5
-27,2148,165771,4
1023,2149,165870,5
866,2150,165964,5
-96,2151,166002,4
730,2152,166068,5
1128,2153,166126,5
924,2154,166219,5
1580,2155,166268,5
1408,2156,166355,5
691,2157,166420,5
-51,2158,166513,4
925,2159,166566,5
-267,2160,166589,3
884,2161,166627,5
1079,2162,166722,5
968,2163,166800,5
1521,2164,166846,6
367,2165,166889,4
1063,2166,166970,5
769,2167,167045,5
-375,2168,167085,3
1183,2169,167180,6
-925,2170,167288,3
739,2171,167388,5
1549,2172,167473,6
950,2173,167567,5
-115,2174,167634,4
1507,2175,167703,5
274,2176,167754,4
500,2177,167861,5
625,2178,167941,5
87,2179,168017,4
1088,2180,168091,5
268,2181,168117,4
1135,2182,168190,5
-874,2183,168243,3
618,2184,168338,5
1915,2185,168416,6
734,2186,168486,5
670,2187,168555,5
896,2188,168573,5
12,2189,168619,4
1327,2190,168669,5
-36,2191,168691,4
1292,2192,168804,6
839,2193,168856,5
461,2194,168903,4
322,2195,168941,4
379,2196,169014,4
587,2197,169097,5
1006,2198,169174,5
97,2199,169210,4
570,2200,169300,5
345,2201,169380,5
537,2202,169464,4
1071,2203,169532,5
699,2204,169589,5
37,2205,169629,4
871,2206,169690,5
150,2207,169712,4
-238,2208,169762,4
2506,2209,169878,7
1381,2210,169916,5
1070,2211,169968,5
2000,2212,170078,6
445,2213,170117,5
892,2214,170211,5
916,2215,170238,5
745,2216,170338,5
-336,2217,170375,3
954,2218,170466,5
175,2219,170490,4
782,2220,170549,5
333,2221,170616,4
892,2222,170694,5
1481,2223,170767,5
1039,2224,170811,5
1100,2225,170884,5
694,2226,170962,5
1604,2227,171081,6
881,2228,171178,5
833,2229,171210,5
-429,2230,171241,3
1285,2231,171370,6
718,2232,171416,5
1444,2233,171467,6
1230,2234,171530,5
867,2235,171618,5
994,2236,171645,5
351,2237,171678,4
2112,2238,171766,7
-471,2239,171818,4
884,2240,171873,5
1068,2241,171958,5
902,2242,172017,5
1462,2243,172143,5
724,2244,172218,5
900,2245,172245,5
927,2246,172326,5
1218,2247,172399,6
-593,2248,172418,3
336,2249,172477,4
331,2250,172571,5
1163,2251,172676,6
297,2252,172695,4
469,2253,172803,5
313,2254,172864,5
1055,2255,172900,5
365,2256,172925,4
-339,2257,172949,3
-517,2258,172994,4
819,2259,173039,5
1186,2260,173126,6
1540,2261,173214,6
728,2262,173336,5
791,2263,173397,5
773,2264,173469,5
497,2265,173537,4
820,2266,173659,5
730,2267,173682,5
-283,2268,173706,3
-63,2269,173741,4
171,2270,173824,4
1205,2271,173932,5
718,2272,173998,5
1127,2273,174058,5
622,2274,174099,5
503,2275,174183,5
450,2276,174293,5
851,2277,174353,5
547,2278,174401,4
517,2279,174459,5
1124,2280,174500,5
878,2281,174560,5
1241,2282,174624,5
694,2283,174657,5
-75,2284,174721,4
904,2285,174767,5
1927,2286,174851,6
497,2287,174927,4
1531,2288,174999,6
-418,2289,175028,3
908,2290,175066,5
807,2291,175110,5
1052,2292,175172,5
900,2293,175310,5
876,2294,175393,5
1195,2295,175489,5
702,2296,175503,5
983,2297,175587,5
1050,2298,175660,5
1352,2299,175824,6
1056,2300,175870,5
1106,2301,176004,6
33,2302,176048,4
993,2303,176134,5
955,2304,176207,5
1266,2305,176232,5
965,2306,176273,5
1211,2307,176321,5
2281,2308,176391,7
1906,2309,176489,6
513,2310,176555,4
1055,2311,176588,5
967,2312,176640,5
2168,2313,176702,7
682,2314,176733,5
554,2315,176799,4
1033,2316,176924,5
-40,2317,176955,4
1458,2318,177034,5
642,2319,177078,5
852,2320,177175,5
306,2321,177197,4
1032,2322,177252,5
108,2323,177374,4
765,2324,177442,5
741,2325,177562,5
929,2326,177635,5
671,2327,177683,4
1757,2328,177816,7
737,2329,177878,5
1000,2330,177935,5
512,2331,178010,4
-231,2332,178053,4
446,2333,178088,4
1049,2334,178192,5
1585,2335,178313,6
942,2336,178364,5
933,2337,178385,5
1032,2338,178460,5
981,2339,178515,5
1514,2340,178548,6
415,2341,178576,4
949,2342,178628,5
-54,2343,178672,4
361,2344,178753,5
109,2345,178774,4
-164,2346,178843,4
757,2347,178936,5
731,2348,178961,5
1519,2349,179057,6
904,2350,179104,5
3172,2351,179184,8
1661,2352,179280,6
2483,2353,179438,7
1101,2354,179461,5
1813,2355,179514,6
1340,2356,179584,5
857,2357,179625,5
750,2358,179715,5
108,2359,179752,4
1566,2360,179848,6
-669,2361,179888,3
1741,2362,179937,6
760,2363,179952,5
839,2364,180024,5
745,2365,180073,5
-421,2366,180121,3
785,2367,180147,5
492,2368,180270,5
876,2369,180312,5
771,2370,180385,5
716,2371,180456,5
1268,2372,180578,5
295,2373,180679,5
887,2374,180802,5
848,2375,180896,5
1005,2376,180941,5
907,2377,180968,5
667,2378,181036,5
866,2379,181066,5
874,2380,181168,5
755,2381,181204,5
934,2382,181251,5
557,2383,181315,5
905,2384,181384,5
278,2385,181418,4
1835,2386,181484,6
717,2387,181527,4
1004,2388,181565,5
306,2389,181659,5
916,2390,181717,5
833,2391,181761,5
1786,2392,181839,6
1276,2393,181886,5
1076,2394,181922,5
586,2395,181971,5
901,2396,182020,5
-336,2397,182053,3
2417,2398,182189,7
2672,2399,182381,8
1077,2400,182429,5
873,2401,182453,5
902,2402,182501,5
1318,2403,182561,6
495,2404,182658,5
1053,2405,182707,5
1026,2406,182758,5
766,2407,182860,5
1049,2408,182897,5
822,2409,182957,5
1191,2410,183045,5
166,2411,183075,4
-76,2412,183229,5
327,2413,183261,4
917,2414,183310,5
2387,2415,183431,8
728,2416,183526,5
1530,2417,183585,6
80,2418,183651,4
814,2419,183727,5
-596,2420,183769,3
1186,2421,183856,5
856,2422,183899,5
-573,2423,183923,3
724,2424,183982,5
1045,2425,184074,5
1104,2426,184129,5
1873,2427,184172,6
1455,2428,184232,6
1162,2429,184406,6
927,2430,184455,5
618,2431,184494,5
1960,2432,184585,6
80,2433,184644,4
-296,2434,184707,4
923,2435,184806,5
1710,2436,184932,7
232,2437,185105,5
424,2438,185175,5
784,2439,185245,5
986,2440,185287,5
-508,2441,185316,3
1175,2442,185349,5
564,2443,185496,5
1038,2444,185553,5
1581,2445,185590,6
1113,2446,185623,5
1151,2447,185668,5
1057,2448,185711,5
1119,2449,185808,6
843,2450,185836,5
1163,2451,185953,5
1038,2452,186123,5
759,2453,186170,5
777,2454,186254,5
-257,2455,186273,3
1050,2456,186331,5
862,2457,186374,5
475,2458,186397,4
1158,2459,186456,5
834,2460,186537,5
449,2461,186663,5
357,2462,186759,5
624,2463,186948,6
1129,2464,187001,6
-162,2465,187075,4
1664,2466,187203,6
1540,2467,187314,6
852,2468,187424,5
729,2469,187503,5
1251,2470,187576,5
973,2471,187665,5
1278,2472,187699,5
279,2473,187789,5
1682,2474,187880,6
827,2475,187960,5
825,2476,188001,5
-344,2477,188027,3
1106,2478,188093,5
1212,2479,188159,5
1050,2480,188197,5
-132,2481,188246,4
468,2482,188345,5
979,2483,188401,5
674,2484,188448,5
168,2485,188483,4
325,2486,188574,5
-563,2487,188645,3
958,2488,188690,5
-481,2489,188758,3
1493,2490,188826,6
1334,2491,188872,5
1314,2492,188977,6
1029,2493,189028,5
2278,2494,189119,7
807,2495,189152,5
1355,2496,189228,5
1429,2497,189290,5
713,2498,189338,5
142,2499,189359,4
906,2500,189393,5
-405,2501,189412,3
860,2502,189499,5
1011,2503,189572,5
631,2504,189637,5
388,2505,189711,5
785,2506,189807,5
911,2507,189869,5
1435,2508,189961,5
814,2509,189984,5
576,2510,190033,4
823,2511,190056,5
705,2512,190091,4
-235,2513,190143,4
768,2514,190230,5
779,2515,190249,5
211,2516,190282,4
984,2517,190356,5
929,2518,190437,5
661,2519,190506,5
1084,2520,190553,5
-665,2521,190576,3
1203,2522,190617,5
2318,2523,190685,7
331,2524,190786,5
807,2525,190833,5
1392,2526,190932,5
611,2527,191012,5
2725,2528,191068,7
188,2529,191179,4
1878,2530,191264,6
913,2531,191325,5
932,2532,191387,5
-470,2533,191490,4
2075,2534,191594,6
1578,2535,191669,6
611,2536,191716,4
812,2537,191762,5
1351,2538,191794,5
1514,2539,191848,5
1066,2540,191886,5
827,2541,191943,5
1998,2542,192010,7
417,2543,192038,4
2113,2544,192131,7
898,2545,192162,5
954,2546,192250,5
3363,2547,192321,8
1057,2548,192381,5
974,2549,192444,5
655,2550,192512,5
704,2551,192606,5
1894,2552,192641,6
827,2553,192705,5
827,2554,192809,5
1209,2555,192866,5
874,2556,192905,5
501,2557,192938,4
3767,2558,193022,8
1885,2559,193074,6
985,2560,193157,5
1780,2561,193246,6
1477,2562,193307,6
983,2563,193329,5
973,2564,193362,5
1024,2565,193417,5
1846,2566,193526,6
1095,2567,193615,5
549,2568,193687,5
1564,2569,193732,6
448,2570,193846,5
2509,2571,193926,7
1093,2572,194015,6
2085,2573,194111,6
2228,2574,194158,7
650,2575,194264,5
705,2576,194340,5
1704,2577,194405,5
913,2578,194445,5
822,2579,194508,5
978,2580,194546,5
934,2581,194592,5
1102,2582,194666,5
1227,2583,194736,6
74,2584,194786,4
1928,2585,194885,6
1486,2586,194954,5
470,2587,195056,5
670,2588,195085,5
927,2589,195127,5
1069,2590,195207,5
832,2591,195247,5
840,2592,195274,5
1015,2593,195322,5
1767,2594,195442,7
433,2595,195515,5
1644,2596,195607,6
1589,2597,195652,6
776,2598,195723,5
1141,2599,195772,5
1377,2600,195808,6
631,2601,195871,5
1015,2602,195940,5
1494,2603,196006,6
750,2604,196033,5
1413,2605,196116,6
2146,2606,196179,7
115,2607,196232,4
951,2608,196360,5
3159,2609,196425,8
1051,2610,196454,5
-394,2611,196475,3
1551,2612,196588,5
1098,2613,196622,5
763,2614,196672,5
914,2615,196720,5
388,2616,196837,4
1508,2617,196885,6
2029,2618,196953,7
741,2619,197001,4
827,2620,197082,5
728,2621,197193,5
2424,2622,197265,7
1362,2623,197311,5
-22,2624,197332,4
1271,2625,197421,6
940,2626,197495,5
683,2627,197553,5
409,2628,197614,5
962,2629,197675,5
2018,2630,197766,7
16,2631,197860,4
855,2632,197893,5
665,2633,197925,4
1111,2634,197975,5
467,2635,198018,5
610,2636,198117,5
979,2637,198154,5
904,2638,198197,5
628,2639,198288,5
2131,2640,198398,7
772,2641,198521,5
1034,2642,198596,6
2084,2643,198670,7
899,2644,198758,5
1017,2645,198795,5
772,2646,198866,5
891,2647,198956,5
2578,2648,199048,7
-23,2649,199100,4
455,2650,199176,4
1074,2651,199227,5
848,2652,199267,5
936,2653,199339,5
524,2654,199386,4
846,2655,199500,5
639,2656,199600,5
1439,2657,199684,6
-854,2658,199701,3
1082,2659,199752,5
1005,2660,199793,5
1274,2661,199847,5
1020,2662,199894,5
512,2663,200093,6
1201,2664,200182,6
557,2665,200278,5
874,2666,200347,5
940,2667,200402,5
1516,2668,200487,6
-549,2669,200535,3
392,2670,200589,5
1003,2671,200638,5
1145,2672,200699,5
1155,2673,200738,5
926,2674,200792,5
1226,2675,200823,5
1043,2676,200854,5
1672,2677,200920,6
110,2678,201086,5
1064,2679,201138,5
1608,2680,201208,6
1083,2681,201297,5
1267,2682,201332,5
886,2683,201392,5
767,2684,201440,5
1494,2685,201523,6
247,2686,201634,4
2687,2687,201752,7
1074,2688,201795,5
1109,2689,201837,5
942,2690,201888,5
623,2691,201972,5
503,2692,202104,5
807,2693,202145,5
847,2694,202221,5
318,2695,202341,5
1473,2696,202409,6
1007,2697,202446,5
415,2698,202541,5
1082,2699,202608,5
1125,2700,202641,5
1396,2701,202697,6
714,2702,202714,5
857,2703,202806,5
1017,2704,202871,5
2323,2705,203019,7
100,2706,203126,5
-342,2707,203164,4
1988,2708,203235,6
943,2709,203256,5
649,2710,203312,5
1029,2711,203425,5
750,2712,203479,5
708,2713,203526,5
-295,2714,203545,3
620,2715,203607,5
2098,2716,203666,7
1411,2717,203718,6
934,2718,203772,5
935,2719,203830,5
2034,2720,203878,7
825,2721,203910,5
1632,2722,203991,6
1344,2723,204029,5
1343,2724,204098,6
602,2725,204174,5
714,2726,204229,5
1124,2727,204312,6
1746,2728,204383,6
1197,2729,204459,5
-819,2730,204483,3
-493,2731,204507,3
1022,2732,204553,5
1011,2733,204600,5
304,2734,204631,4
601,2735,204734,5
860,2736,204777,5
1407,2737,204833,5
1330,2738,204898,5
1453,2739,204943,5
1599,2740,205000,6
530,2741,205047,4
280,2742,205081,4
999,2743,205161,5
1329,2744,205197,5
-479,2745,205229,3
546,2746,205283,4
1200,2747,205339,5
412,2748,205376,4
-226,2749,205398,3
1923,2750,205445,6
1181,2751,205477,5
1030,2752,205527,5
850,2753,205590,5
909,2754,205619,5
3289,2755,205729,8
1773,2756,205799,6
1874,2757,205880,6
1171,2758,205908,5
1298,2759,206028,6
1311,2760,206128,6
2178,2761,206240,7
1128,2762,206295,5
603,2763,206348,4
314,2764,206385,4
842,2765,206415,5
1269,2766,206476,5
207,2767,206516,4
1483,2768,206635,6
521,2769,206699,5
1081,2770,206789,5
-254,2771,206806,3
785,2772,206824,5
1546,2773,206943,6
2621,2774,207045,7
789,2775,207092,5
1949,2776,207166,6
879,2777,207207,5
1538,2778,207247,6
950,2779,207314,5
1126,2780,207422,6
865,2781,207451,5
1146,2782,207576,6
1789,2783,207669,6
991,2784,207717,5
-16,2785,207802,4
997,2786,207843,5
2645,2787,207934,7
681,2788,208007,5
1012,2789,208045,5
370,2790,208075,4
1452,2791,208190,6
773,2792,208218,5
-514,2793,208259,3
799,2794,208335,5
652,2795,208409,5
893,2796,208497,5
603,2797,208538,5
1049,2798,208596,5
990,2799,208657,5
626,2800,208695,4
1175,2801,208801,6
2730,2802,208876,7
1395,2803,208962,6
940,2804,208991,5
1946,2805,209055,6
1400,2806,209085,6
1177,2807,209114,5
-537,2808,209153,3
1001,2809,209226,5
-615,2810,209245,3
979,2811,209288,5
433,2812,209319,4
772,2813,209361,4
949,2814,209394,5
2063,2815,209443,7
1606,2816,209551,6
625,2817,209595,4
1191,2818,209669,6
829,2819,209741,5
588,2820,209783,5
1086,2821,209846,5
1861,2822,209895,6
1933,2823,209960,7
1209,2824,210019,6
1473,2825,210088,6
676,2826,210126,5
1215,2827,210212,6
688,2828,210292,5
1809,2829,210372,6
1266,2830,210423,5
1170,2831,210458,5
1395,2832,210526,5
1160,2833,210586,5
2513,2834,210642,6
849,2835,210711,5
1268,2836,210799,6
1503,2837,210833,5
876,2838,210893,5
835,2839,210959,5
1554,2840,211054,6
952,2841,211104,5
821,2842,211132,5
2737,2843,211205,7
684,2844,211283,5
1889,2845,211405,6
1018,2846,211444,5
123,2847,211561,4
1089,2848,211678,6
714,2849,211761,5
585,2850,211806,4
1377,2851,211866,5
801,2852,211946,5
863,2853,212030,5
2201,2854,212090,7
973,2855,212110,5
1087,2856,212173,5
692,2857,212211,4
1044,2858,212250,5
1226,2859,212276,5
1483,2860,212337,6
1425,2861,212431,5
791,2862,212480,5
1515,2863,212557,6
938,2864,212595,5
950,2865,212629,5
998,2866,212660,5
975,2867,212721,5
-6,2868,212768,4
1360,2869,212854,6
2744,2870,212999,8
1532,2871,213059,6
3263,2872,213135,8
1054,2873,213203,5
2417,2874,213320,7
747,2875,213364,5
1083,2876,213418,5
656,2877,213472,5
1059,2878,213498,5
731,2879,213555,5
1232,2880,213582,5
2779,2881,213650,7
729,2882,213694,5
1319,2883,213783,6
-8,2884,213812,4
256,2885,213890,4
-265,2886,213966,4
450,2887,214033,5
469,2888,214158,5
1477,2889,214244,7
511,2890,214275,4
889,2891,214325,5
269,2892,214417,5
959,2893,214518,5
1186,2894,214573,5
734,2895,214615,4
813,2896,214674,5
1543,2897,214740,6
1398,2898,214786,5
2070,2899,214870,6
1883,2900,215000,7
810,2901,215065,5
1135,2902,215110,5
1430,2903,215172,6
1018,2904,215215,5
1009,2905,215280,5
2118,2906,215332,7
2119,2907,215377,6
779,2908,215419,5
1318,2909,215470,5
1352,2910,215530,5
994,2911,215588,5
-212,2912,215606,3
1195,2913,215671,5
1975,2914,215747,6
1263,2915,215812,5
1195,2916,215916,6
864,2917,215950,5
1823,2918,216017,6
-455,2919,216045,3
1036,2920,216127,5
1086,2921,216228,5
654,2922,216318,5
621,2923,216407,5
445,2924,216464,5
822,2925,216496,5
1058,2926,216592,6
1123,2927,216620,5
1538,2928,216740,6
1482,2929,216851,6
1595,2930,216919,5
3798,2931,217056,9
1237,2932,217080,5
1226,2933,217171,6
197,2934,217191,4
-490,2935,217213,3
1897,2936,217269,6
1026,2937,217319,5
1305,2938,217381,5
1175,2939,217439,5
1240,2940,217486,5
1108,2941,217538,5
-446,2942,217563,3
983,2943,217616,5
1040,2944,217660,5
758,2945,217735,5
664,2946,217837,5
646,2947,217870,4
991,2948,217943,5
1137,2949,218004,5
1009,2950,218140,6
105,2951,218164,4
1313,2952,218220,5
1331,2953,218253,5
555,2954,218278,4
952,2955,218297,5
1219,2956,218350,5
982,2957,218392,5
1462,2958,218462,6
826,2959,218520,5
1623,2960,218637,7
955,2961,218654,5
815,2962,218679,5
928,2963,218728,5
1745,2964,218806,6
569,2965,218867,5
779,2966,218928,5
2075,2967,219009,6
479,2968,219048,4
731,2969,219124,5
2151,2970,219237,7
1500,2971,219296,6
433,2972,219385,5
1474,2973,219444,6
609,2974,219480,4
1574,2975,219556,6
1050,2976,219591,5
1447,2977,219642,6
948,2978,219701,5
901,2979,219719,5
1104,2980,219809,5
4082,2981,219962,9
857,2982,220013,5
515,2983,220100,5
2117,2984,220182,6
828,2985,220312,5
1174,2986,220380,5
661,2987,220433,5
1175,2988,220470,5
1531,2989,220547,6
775,2990,220640,5
721,2991,220670,5
2990,2992,220734,8
1226,2993,220821,5
743,2994,220838,5
3576,2995,220971,9
1373,2996,221000,6
1827,2997,221076,6
1054,2998,221160,6
692,2999,221206,5
665,3000,221266,5
170,3001,221325,4
1129,3002,221406,5
1976,3003,221439,7
1051,3004,221463,5
1008,3005,221524,5
497,3006,221551,4
1075,3007,221608,5
867,3008,221657,5
468,3009,221671,4
1865,3010,221716,6
-220,3011,221774,4
1218,3012,221824,5
629,3013,221914,5
1042,3014,222012,5
359,3015,222092,5
2826,3016,222248,8
1409,3017,222314,5
958,3018,222382,5
1233,3019,222436,5
2672,3020,222532,8
1471,3021,222591,6
1351,3022,222668,5
400,3023,222694,4
899,3024,222773,5
826,3025,222800,5
2380,3026,222914,6
1044,3027,222987,5
1535,3028,223096,6
1085,3029,223187,5
272,3030,223218,4
536,3031,223276,5
1207,3032,223443,6
2819,3033,223508,8
672,3034,223530,5
886,3035,223599,5
2296,3036,223704,7
-479,3037,223735,3
1620,3038,223798,6
1535,3039,223862,6
343,3040,223889,4
716,3041,223914,4
1347,3042,223976,5
1276,3043,224039,5
2301,3044,224093,7
1432,3045,224184,6
568,3046,224246,5
2301,3047,224288,7
1329,3048,224362,5
783,3049,224442,5
-61,3050,224477,4
641,3051,224551,5
875,3052,224591,5
2258,3053,224701,7
-329,3054,224725,3
1375,3055,224777,6
-82,3056,224800,4
887,3057,224856,5
3955,3058,225002,9
773,3059,225099,5
3092,3060,225205,8
850,3061,225295,5
587,3062,225371,5
943,3063,225438,5
1997,3064,225593,7
939,3065,225624,5
1045,3066,225673,5
1350,3067,225752,6
1740,3068,225851,6
1216,3069,225915,5
555,3070,225935,4
1064,3071,225977,5
2757,3072,226078,7
756,3073,226127,5
891,3074,226171,5
845,3075,226196,5
1306,3076,226238,5
873,3077,226251,5
779,3078,226286,5
823,3079,226311,5
129,3080,226328,4
545,3081,226355,4
503,3082,226407,4
1127,3083,226485,6
-548,3084,226527,3
1591,3085,226616,6
-104,3086,226679,4
-189,3087,226752,4
1071,3088,226848,6
1215,3089,226905,6
-176,3090,226951,4
1443,3091,226997,6
799,3092,227030,5
832,3093,227074,5
997,3094,227130,5
728,3095,227176,5
849,3096,227193,5
-515,3097,227225,3
1529,3098,227383,7
921,3099,227428,5
969,3100,227480,5
832,3101,227510,5
733,3102,227572,5
1983,3103,227628,6
2326,3104,227752,7
1232,3105,227787,5
1292,3106,227822,5
1903,3107,227879,7
615,3108,227923,5
1293,3109,227997,6
1142,3110,228087,5
-478,3111,228109,3
1120,3112,228317,6
908,3113,228375,5
301,3114,228431,4
1121,3115,228491,6
1876,3116,228555,6
1412,3117,228610,6
1605,3118,228663,6
99,3119,228683,4
619,3120,228739,5
1102,3121,228773,5
434,3122,228802,4
1542,3123,228864,6
674,3124,228928,4
1940,3125,229011,6
1267,3126,229095,5
750,3127,229222,5
599,3128,229238,4
1020,3129,229328,5
1339,3130,229357,5
1032,3131,229403,5
-107,3132,229455,4
968,3133,229520,5
857,3134,229570,5
-607,3135,229633,3
670,3136,229724,5
80,3137,229882,5
1352,3138,229960,5
1007,3139,230006,5
876,3140,230113,5
1134,3141,230159,5
1267,3142,230218,6
1622,3143,230270,6
1224,3144,230327,5
2342,3145,230414,7
1001,3146,230458,5
1172,3147,230489,5
663,3148,230537,5
131,3149,230572,4
1099,3150,230612,5
758,3151,230692,5
729,3152,230772,5
893,3153,230834,5
1210,3154,230890,5
1490,3155,230950,5
1031,3156,230981,5
1132,3157,231011,5
458,3158,231085,4
861,3159,231152,5
1082,3160,231186,5
-770,3161,231272,3
910,3162,231320,5
991,3163,231357,5
525,3164,231389,4
272,3165,231439,4
2348,3166,231556,7
1010,3167,231599,5
1962,3168,231682,6
897,3169,231738,5
1032,3170,231805,5
1955,3171,231858,6
1065,3172,231908,5
710,3173,231958,5
1086,3174,232001,5
265,3175,232074,5
2826,3176,232209,7
2088,3177,232293,6
892,3178,232347,5
2170,3179,232383,7
2118,3180,232471,7
1931,3181,232515,6
686,3182,232554,5
242,3183,232588,4
2061,3184,232673,6
2543,3185,232797,6
747,3186,232833,5
925,3187,232876,5
85,3188,232941,4
691,3189,232993,5
1269,3190,233067,6
594,3191,233122,5
1116,3192,233165,5
859,3193,233221,5
1280,3194,233268,6
829,3195,233306,5
792,3196,233342,5
1003,3197,233407,5
490,3198,233450,4
821,3199,233462,5
242,3200,233564,4
1119,3201,233608,5
704,3202,233734,5
1030,3203,233770,5
-401,3204,233806,3
2156,3205,233873,6
1105,3206,233946,5
862,3207,234010,5
2588,3208,234090,7
883,3209,234166,5
1059,3210,234311,6
687,3211,234358,4
2641,3212,234438,7
895,3213,234499,5
593,3214,234535,4
1421,3215,234591,5
1142,3216,234642,6
3184,3217,234720,8
1073,3218,234757,5
506,3219,234811,4
837,3220,234871,5
611,3221,234927,5
1782,3222,235000,6
-226,3223,235054,4
940,3224,235114,5
422,3225,235176,4
611,3226,235233,5
2653,3227,235367,8
1467,3228,235396,6
2608,3229,235474,8
934,3230,235522,5
1316,3231,235569,5
1621,3232,235644,6
934,3233,235687,5
1076,3234,235761,5
1624,3235,235837,6
1139,3236,235867,5
419,3237,235894,4
862,3238,235992,5
1469,3239,236082,6
765,3240,236187,5
821,3241,236199,5
244,3242,236302,4
251,3243,236367,4
671,3244,236439,5
537,3245,236459,4
1539,3246,236552,6
796,3247,236583,5
1088,3248,236610,5
-299,3249,236626,3
1209,3250,236674,5
1184,3251,236784,5
682,3252,236827,5
1134,3253,236874,5
1001,3254,236918,5
445,3255,236951,4
1647,3256,237016,6
866,3257,237087,5
14,3258,237225,4
550,3259,237258,4
1172,3260,237351,5
556,3261,237417,5
1329,3262,237474,5
692,3263,237518,5
-385,3264,237634,4
-324,3265,237760,4
744,3266,237792,5
854,3267,237861,5
3974,3268,237979,9
1233,3269,238035,5
1028,3270,238094,5
824,3271,238137,5
2779,3272,238268,8
1326,3273,238329,5
1144,3274,238388,5
1291,3275,238465,6
582,3276,238516,5
1806,3277,238570,6
3097,3278,238682,7
1344,3279,238744,5
951,3280,238886,5
1443,3281,238976,6
721,3282,239106,6
1266,3283,239241,6
782,3284,239308,5
558,3285,239412,5
655,3286,239682,6
956,3287,239729,5
-22,3288,239780,4
1546,3289,239894,6
2315,3290,239960,6
282,3291,240007,4
-11,3292,240066,4
1115,3293,240130,5
608,3294,240192,4
-384,3295,240221,3
618,3296,240304,5
3464,3297,240429,9
1739,3298,240502,6
1709,3299,240570,6
1648,3300,240629,6
1171,3301,240708,5
1343,3302,240760,5
124,3303,240843,4
-386,3304,240877,3
-719,3305,240904,3
-326,3306,240918,3
499,3307,241012,5
2333,3308,241095,6
1286,3309,241181,5
858,3310,241228,5
1233,3311,241266,6
2323,3312,241361,7
284,3313,241378,4
1470,3314,241429,6
132,3315,241467,4
750,3316,241509,4
1538,3317,241553,6
754,3318,241616,5
885,3319,241660,5
-315,3320,241912,5
655,3321,241959,4
-353,3322,241970,3
1000,3323,242025,5
1239,3324,242045,6
951,3325,242078,5
2756,3326,242173,7
853,3327,242232,5
1276,3328,242304,6
1180,3329,242335,5
1136,3330,242393,5
1416,3331,242441,6
768,3332,242476,4
1578,3333,242527,6
1574,3334,242565,5
751,3335,242593,5
803,3336,242662,5
1553,3337,242737,6
1121,3338,242772,5
2456,3339,242832,7
1876,3340,242919,6
1667,3341,242988,6
3072,3342,243082,8
1838,3343,243132,6
782,3344,243163,5
132,3345,243229,4
-243,3346,243385,4
-1564,3347,243474,3
1076,3348,243569,5
117,3349,243625,4
1757,3350,243715,6
1245,3351,243775,5
1312,3352,243818,6
1000,3353,243869,5
1569,3354,243939,6
1619,3355,243963,6
175,3356,244149,5
1361,3357,244278,6
767,3358,244291,5
708,3359,244400,5
940,3360,244466,5
1527,3361,244534,6
-82,3362,244557,4
281,3363,244645,5
-898,3364,244663,3
-489,3365,244811,5
443,3366,244870,5
-1617,3367,244909,3
-97,3368,244962,4
1798,3369,245118,7
1002,3370,245154,5
1107,3371,245203,5
902,3372,245256,5
2194,3373,245330,6
1405,3374,245394,5
954,3375,245441,5
937,3376,245490,5
791,3377,245592,5
330,3378,245756,5
-696,3379,245806,3
-1005,3380,245834,3
-884,3381,245856,3
-564,3382,246012,5
1139,3383,246041,5
1594,3384,246140,6
2391,3385,246230,7
837,3386,246358,5
2478,3387,246490,7
-348,3388,246508,3
-193,3389,246520,3
1887,3390,246570,6
1582,3391,246682,6
816,3392,246739,4
479,3393,246766,4
906,3394,246824,5
433,3395,246893,5
-889,3396,247249,5
777,3397,247377,5
2309,3398,247434,6
792,3399,247516,5
496,3400,247595,5
1005,3401,247651,5
870,3402,247706,5
671,3403,247843,5
1107,3404,247979,6
576,3405,248025,4
909,3406,248041,5
1071,3407,248106,5
1304,3408,248159,6
-633,3409,248183,3
1768,3410,248254,6
797,3411,248375,5
371,3412,248412,4
953,3413,248471,5
225,3414,248559,5
504,3415,248609,4
974,3416,248660,5
78,3417,248742,4
320,3418,248824,5
325,3419,248977,5
690,3420,249047,5
2773,3421,249197,7
1174,3422,249224,5
340,3423,249278,4
935,3424,249375,5
1029,3425,249590,6
1169,3426,249703,6
-944,3427,249716,3
5,3428,249743,4
748,3429,249846,5
812,3430,249928,5
845,3431,249977,5
827,3432,250042,5
1339,3433,250094,5
1388,3434,250150,6
667,3435,250193,5
1138,3436,250249,5
825,3437,250377,5
1136,3438,250444,5
1192,3439,250492,5
963,3440,250541,5
178,3441,250574,4
1062,3442,250596,5
757,3443,250679,5
2462,3444,250767,6
1083,3445,250797,5
1074,3446,250867,5
-413,3447,250911,3
643,3448,250966,5
193,3449,251210,5
1448,3450,251283,6
1445,3451,251347,5
931,3452,251445,5
989,3453,251530,5
302,3454,251633,4
335,3455,251822,5
438,3456,251959,5
535,3457,252096,5
1226,3458,252155,5
74,3459,252197,4
1058,3460,252265,5
327,3461,252337,4
235,3462,252581,5
1097,3463,252685,5
1101,3464,252794,5
1149,3465,252895,6
-192,3466,253033,4
1956,3467,253182,6
1582,3468,253246,6
2175,3469,253339,6
1310,3470,253382,5
793,3471,253414,5
1178,3472,253476,5
-749,3473,253528,3
-1277,3474,253575,3
-1033,3475,253595,3
-1193,3476,253638,3
-665,3477,253665,3
-762,3478,253759,3
779,3479,253815,5
905,3480,253844,5
2061,3481,253923,6
1315,3482,253964,5
1918,3483,254046,6
-32,3484,254116,4
236,3485,254294,5
-288,3486,254304,3
-138,3487,254354,4
-345,3488,254365,3
459,3489,254377,4
965,3490,254437,5
774,3491,254514,5
876,3492,254541,4
643,3493,254573,5
-536,3494,254587,3
2291,3495,254708,7
2559,3496,254805,7
2634,3497,254869,7
-87,3498,254965,4
-48,3499,255095,4
-533,3500,255143,3
-531,3501,255166,3
544,3502,255356,5
1186,3503,255431,5
207,3504,255498,4
354,3505,255611,5
-53,3506,255670,4
457,3507,255723,4
1111,3508,255831,5
-497,3509,255846,3
218,3510,255961,4
740,3511,256023,4
817,3512,256101,5
-300,3513,256115,3
-513,3514,256151,3
-1448,3515,256353,3
479,3516,256461,5
1211,3517,256663,6
-492,3518,256947,6
2603,3519,257022,7
765,3520,257083,5
1417,3521,257129,5
1979,3522,257198,6
177,3523,257340,5
-594,3524,257358,3
-1501,3525,257450,3
-772,3526,257511,3
1057,3527,257635,5
244,3528,257733,4
1143,3529,257813,5
762,3530,257875,5
-682,3531,257889,3
-26,3532,257940,4
-1022,3533,258109,3
-562,3534,258162,3
-716,3535,258243,3
-518,3536,258277,3
342,3537,258319,4
526,3538,258433,5
867,3539,258490,5
-239,3540,258522,3
-731,3541,258690,4
1379,3542,258800,5
1668,3543,258919,7
1722,3544,258999,6
298,3545,259014,4
949,3546,259087,5
1017,3547,259148,5
1762,3548,259253,6
872,3549,259364,5
755,3550,259428,5
341,3551,259527,4
2041,3552,259614,7
295,3553,259654,4
666,3554,259680,4
-254,3555,259697,3
739,3556,259755,5
1058,3557,259801,5
1010,3558,259852,5
949,3559,259945,5
1042,3560,259991,5
1135,3561,260068,5
2712,3562,260135,7
1170,3563,260169,6
1052,3564,260208,5
661,3565,260239,4
878,3566,260313,5
1276,3567,260348,6
654,3568,260431,5
-376,3569,260477,3
-667,3570,260492,3
981,3571,260629,6
1603,3572,260682,6
1502,3573,260762,6
1924,3574,260918,7
2268,3575,261077,7
582,3576,261108,4
2073,3577,261205,6
710,3578,261275,5
921,3579,261359,5
662,3580,261453,5
931,3581,261525,5
1609,3582,261741,6
723,3583,261849,5
273,3584,261982,5
2413,3585,262183,7
758,3586,262350,5
99,3587,262483,4
1018,3588,262595,5
266,3589,262678,4
-9,3590,262718,4
962,3591,262765,5
1407,3592,262958,6
207,3593,263106,4
-673,3594,263173,3
712,3595,263243,5
-409,3596,263271,3
122,3597,263386,4
1902,3598,263515,6
401,3599,263605,5
228,3600,263704,5
1128,3601,263723,5
306,3602,263746,4
246,3603,263793,4
-571,3604,263837,3
-35,3605,263936,4
1806,3606,264010,6
901,3607,264055,5
1438,3608,264125,5
440,3609,264247,5
452,3610,264329,5
-726,3611,264503,4
1537,3612,264664,6
789,3613,264764,5
1334,3614,264808,6
-602,3615,264933,4
-288,3616,264943,3
-270,3617,264977,3
-1970,3618,265061,3
-542,3619,265079,3
304,3620,265170,5
1043,3621,265210,5
1798,3622,265261,6
858,3623,265292,5
1324,3624,265323,6
897,3625,265351,5
903,3626,265391,5
3611,3627,265472,9
1314,3628,265550,5
683,3629,265626,5
767,3630,265682,5
245,3631,265766,5
1859,3632,265904,6
1633,3633,265987,6
2297,3634,266111,6
197,3635,266167,4
672,3636,266300,5
1843,3637,266449,6
1113,3638,266535,6
1163,3639,266704,5
1488,3640,266793,5
-364,3641,266818,3
1028,3642,266872,5
224,3643,266963,5
110,3644,267045,4
-962,3645,267146,4
1157,3646,267384,7
838,3647,267476,5
1076,3648,267671,5
-7,3649,267708,4
808,3650,267788,5
1572,3651,267903,6
1245,3652,267972,5
652,3653,268132,5
-1382,3654,268266,4
-210,3655,268316,4
-682,3656,268334,3
353,3657,268381,5
160,3658,268404,4
40,3659,268479,4
-147,3660,268512,4
-2831,3661,268756,3
-769,3662,268795,3
781,3663,268903,5
3881,3664,269000,8
239,3665,269112,4
552,3666,269271,5
1388,3667,269410,6
685,3668,269462,5
243,3669,269575,4
61,3670,269666,4
1163,3671,269723,5
841,3672,269790,5
1082,3673,269862,5
787,3674,269880,5
-516,3675,269970,3
622,3676,270058,5
-1432,3677,270227,3
-333,3678,270254,3
-604,3679,270328,3
143,3680,270476,5
-564,3681,270518,3
1099,3682,270575,5
632,3683,270649,5
1571,3684,270763,6
1126,3685,270806,5
1622,3686,270906,6
1178,3687,270967,5
1032,3688,271030,6
524,3689,271108,5
461,3690,271223,5
-398,3691,271252,3
-955,3692,271431,3
-561,3693,271486,3
165,3694,271626,4
611,3695,271655,4
-366,3696,271688,3
1719,3697,271801,6
368,3698,271832,4
1198,3699,271906,5
2210,3700,272034,6
26,3701,272072,4
-789,3702,272156,3
-243,3703,272167,3
1612,3704,272429,7
1051,3705,272497,5
1921,3706,272559,6
-213,3707,272579,3
-256,3708,272750,4
-527,3709,272790,3
457,3710,272945,4
743,3711,272974,5
-1690,3712,273048,3
-1315,3713,273117,3
-594,3714,273130,3
601,3715,273298,5
252,3716,273320,4
1727,3717,273462,6
716,3718,273489,5
966,3719,273591,5
-231,3720,273712,4
-377,3721,273759,3
662,3722,273793,5
3805,3723,273907,9
-570,3724,274034,4
-1548,3725,274180,3
1227,3726,274259,5
792,3727,274325,5
1971,3728,274374,6
989,3729,274407,5
-405,3730,274466,3
323,3731,274571,5
-57,3732,274688,5
-450,3733,274710,3
1294,3734,274860,6
1096,3735,274961,5
47,3736,275065,4
-1065,3737,275156,3
-413,3738,275179,3
-692,3739,275217,3
-414,3740,275242,3
-345,3741,275253,3
103,3742,275410,4
-24,3743,275468,4
1069,3744,275520,5
736,3745,275636,5
-1275,3746,275772,3
-970,3747,275818,3
452,3748,275921,5
1722,3749,276016,6
851,3750,276037,5
158,3751,276179,5
833,3752,276220,5
-49,3753,276415,4
-11,3754,276483,4
-395,3755,276559,4
-112,3756,276609,4
155,3757,276642,4
-378,3758,276671,3
-212,3759,276971,5
1143,3760,277068,5
-225,3761,277088,3
634,3762,277159,4
492,3763,277229,5
-468,3764,277270,3
331,3765,277384,5
464,3766,277497,5
2284,3767,277560,7
916,3768,277615,5
2061,3769,277764,7
-769,3770,277807,3
-430,3771,277825,3
265,3772,277989,5
970,3773,278124,6
255,3774,278248,5
196,3775,278311,4
1228,3776,278360,5
1817,3777,278468,6
-628,3778,278530,3
710,3779,278768,6
689,3780,278900,5
-339,3781,278940,4
-520,3782,278969,3
877,3783,279126,5
1154,3784,279188,5
1508,3785,279242,6
1427,3786,279310,6
447,3787,279365,4
4641,3788,279533,10
2976,3789,279670,7
-1033,3790,279827,4
-393,3791,279846,3
358,3792,280004,4
1863,3793,280133,6
2826,3794,280244,8
925,3795,280288,5
561,3796,280320,4
517,3797,280416,5
-539,3798,280459,3
944,3799,280654,6
47,3800,280742,4
612,3801,280872,5
904,3802,280911,5
-241,3803,281059,4
-907,3804,281146,3
1599,3805,281361,7
1704,3806,281425,6
2415,3807,281479,7
-406,3808,281496,3
1897,3809,281555,7
903,3810,281603,5
2106,3811,281632,7
876,3812,281654,5
187,3813,281701,4
4162,3814,281921,10
1566,3815,281974,5
1934,3816,282073,6
1537,3817,282133,6
1887,3818,282174,7
514,3819,282217,4
-335,3820,282245,3
569,3821,282345,5
743,3822,282470,5
378,3823,282576,5
454,3824,282625,4
285,3825,282742,5
-768,3826,282808,3
-418,3827,282929,4
-566,3828,283018,3
-464,3829,283044,3
-655,3830,283220,4
-1396,3831,283453,3
229,3832,283577,4
229,3833,283650,4
-778,3834,283667,3
-647,3835,283710,3
-284,3836,283937,5
335,3837,283970,4
1330,3838,284054,6
242,3839,284107,4
434,3840,284169,4
-345,3841,284180,3
1031,3842,284220,5
843,3843,284267,5
627,3844,284316,5
2191,3845,284509,7
1634,3846,284670,7
863,3847,284746,5
1276,3848,284800,6
1015,3849,284840,5
1484,3850,284895,5
1968,3851,284982,6
72,3852,285037,4
587,3853,285093,4
678,3854,285227,5
1250,3855,285292,6
720,3856,285387,5
-484,3857,285534,4
252,3858,285661,5
1764,3859,285703,6
864,3860,285781,5
-316,3861,285936,4
-341,3862,285959,3
1881,3863,286070,7
1235,3864,286098,5
1295,3865,286201,5
3248,3866,286295,8
396,3867,286446,5
813,3868,286560,6
926,3869,286622,5
-264,3870,286781,4
-212,3871,287046,5
1490,3872,287151,5
540,3873,287369,5
-618,3874,287407,3
-1101,3875,287530,3
-325,3876,287553,3
-598,3877,287662,3
573,3878,287813,5
83,3879,287937,5
225,3880,288121,5
-756,3881,288159,3
-1008,3882,288220,3
-1078,3883,288278,3
-904,3884,288340,3
936,3885,288464,5
2297,3886,288653,7
-292,3887,288674,3
844,3888,288745,5
-1108,3889,288786,3
-558,3890,288820,3
-1143,3891,288852,3
-1007,3892,288883,3
1665,3893,289028,6
1569,3894,289098,6
2041,3895,289187,6
-326,3896,289209,3
-353,3897,289225,3
2547,3898,289306,7
2289,3899,289450,7
-375,3900,289493,3
-285,3901,289516,3
-831,3902,289576,3
-2027,3903,289683,3
2585,3904,289840,8
1917,3905,289897,6
778,3906,290015,5
-257,3907,290047,3
-421,3908,290086,3
904,3909,290147,5
791,3910,290208,5
-344,3911,290226,3
1434,3912,290314,6
297,3913,290385,4
-564,3914,290478,4
-787,3915,290517,3
-595,3916,290576,3
4,3917,290638,4
-1039,3918,290718,3
123,3919,290783,4
1407,3920,290898,7
746,3921,290959,4
907,3922,291074,5
-804,3923,291172,3
1336,3924,291227,5
873,3925,291285,5
205,3926,291344,4
1117,3927,291408,5
-399,3928,291427,3
64,3929,291494,4
-698,3930,291523,3
2402,3931,291639,7
879,3932,291667,5
1386,3933,291710,5
1404,3934,291802,6
-1155,3935,291930,4
-498,3936,291964,3
-1251,3937,292007,3
-109,3938,292080,4
913,3939,292137,5
753,3940,292158,5
1412,3941,292197,5
3086,3942,292281,7
203,3943,292342,5
2187,3944,292428,7
-407,3945,292451,3
458,3946,292549,5
1003,3947,292577,5
2028,3948,292631,6
1740,3949,292691,6
1055,3950,292721,5
1249,3951,292769,5
147,3952,292818,4
1230,3953,292967,5
-600,3954,293109,4
-531,3955,293546,6
2405,3956,293670,7
-280,3957,293695,3
955,3958,293775,5
198,3959,293877,4
855,3960,293944,5
916,3961,293995,5
3719,3962,294195,9
-641,3963,294210,3
-1381,3964,294329,3
204,3965,294439,5
207,3966,294539,4
-162,3967,294854,6
1147,3968,294908,5
1593,3969,295017,7
1137,3970,295073,5
1046,3971,295168,5
766,3972,295259,5
581,3973,295367,5
585,3974,295496,5
2063,3975,295600,7
4057,3976,295752,8
1119,3977,295788,5
-130,3978,295810,4
763,3979,295839,5
61,3980,295914,4
850,3981,295993,5
679,3982,296061,5
969,3983,296085,5
1911,3984,296142,6
854,3985,296157,5
-236,3986,296175,3
502,3987,296205,4
-647,3988,296217,3
713,3989,296258,4
1168,3990,296390,5
1607,3991,296534,6
416,3992,296584,4
-504,3993,296625,3
-550,3994,296659,3
-821,3995,296679,3
438,3996,296732,5
881,3997,296852,5
2761,3998,296968,7
-138,3999,297147,5
-740,4000,297200,3
1072,4001,297252,5
1099,4002,297315,5
415,4003,297331,4
557,4004,297367,4
457,4005,297559,5
503,4006,297593,5
177,4007,297642,4
1060,4008,297730,6
-1692,4009,297888,3
-938,4010,297917,3
283,4011,298042,5
3596,4012,298269,9
-411,4013,298300,3
167,4014,298339,5
-781,4015,298370,3
-800,4016,298423,3
-288,4017,298433,3
-481,4018,298472,3
-273,4019,298576,4
-406,4020,298633,4
-651,4021,298656,3
1115,4022,298813,6
3839,4023,298952,8
-1703,4024,299155,4
-899,4025,299247,3
-294,4026,299314,4
1288,4027,299389,6
2487,4028,299472,7
2160,4029,299529,7
1085,4030,299570,5
1019,4031,299626,5
2280,4032,299758,7
1085,4033,299811,5
-655,4034,299947,4
-828,4035,299997,3
-1019,4036,300036,3
-1176,4037,300082,3
-715,4038,300149,3
1482,4039,300267,6
-326,4040,300281,3
685,4041,300378,5
-6,4042,300461,5
1832,4043,300620,7
-1063,4044,300656,3
-288,4045,300681,3
-267,4046,300700,3
-1233,4047,300756,3
-296,4048,300861,4
1122,4049,300920,5
331,4050,300936,4
1587,4051,301002,6
3612,4052,301092,8
211,4053,301117,4
690,4054,301188,5
284,4055,301214,4
-384,4056,301403,4
-288,4057,301413,3
881,4058,301702,6
1133,4059,301766,5
412,4060,301908,5
-789,4061,301931,3
-580,4062,302210,5
697,4063,302267,4
1264,4064,302361,5
871,4065,302474,5
598,4066,302523,5
879,4067,302552,5
1157,4068,302574,5
1577,4069,302651,6
-234,4070,302669,3
-372,4071,302882,4
-1807,4072,303069,4
-792,4073,303078,3
-560,4074,303123,3
-754,4075,303152,3
1405,4076,303269,6
-431,4077,303317,3
833,4078,303429,5
2002,4079,303515,6
1159,4080,303559,5
2366,4081,303620,6
-140,4082,303763,4
958,4083,303822,5
2313,4084,303911,6
1809,4085,303984,6
1438,4086,304051,6
20,4087,304174,4
832,4088,304222,5
722,4089,304494,6
1928,4090,304658,6
1623,4091,304811,7
-1262,4092,305197,5
959,4093,305262,5
-214,4094,305416,4
1684,4095,305500,6
1435,4096,305550,6
1432,4097,305750,7
179,4098,305846,5
1672,4099,305889,6
794,4100,305916,5
740,4101,305966,5
1150,4102,306045,6
770,4103,306166,5
3121,4104,306260,7
1506,4105,306334,5
-27,4106,306443,4
815,4107,306515,5
-830,4108,306636,3
453,4109,306681,4
-327,4110,306697,3
-985,4111,306737,3
1460,4112,307008,7
534,4113,307096,5
854,4114,307179,5
291,4115,307379,5
-116,4116,307429,4
816,4117,307628,6
1123,4118,307691,5
656,4119,307758,5
1438,4120,307901,6
560,4121,308027,5
1425,4122,308124,6
-571,4123,308135,3
-721,4124,308171,3
1164,4125,308221,5
2444,4126,308347,8
691,4127,308394,4
635,4128,308476,5
1728,4129,308610,6
1924,4130,308723,6
-1602,4131,308865,4
2047,4132,309007,6
701,4133,309057,5
-233,4134,309220,4
3491,4135,309398,8
874,4136,309444,5
-703,4137,309669,5
823,4138,309714,5
2708,4139,309788,7
1660,4140,309858,6
461,4141,309882,4
448,4142,309924,4
2616,4143,310121,8
807,4144,310181,4
-1406,4145,310326,3
1017,4146,310374,5
3125,4147,310485,9
-1342,4148,310583,3
-501,4149,310622,3
1957,4150,310728,6
579,4151,310756,4
639,4152,310769,5
494,4153,310922,6
925,4154,311003,5
1565,4155,311123,5
1085,4156,311188,5
15,4157,311241,4
424,4158,311295,4
640,4159,311386,5
-283,4160,311405,3
1729,4161,311455,7
639,4162,311499,5
302,4163,311656,5
-307,4164,311672,3
1771,4165,311758,6
1377,4166,311847,6
2886,4167,311942,8
30,4168,312013,4
-982,4169,312067,3
-628,4170,312097,3
-1169,4171,312152,3
-598,4172,312169,3
-702,4173,312206,3
-455,4174,312351,4
2698,4175,312505,7
716,4176,312613,5
-40,4177,312707,4
1327,4178,312765,5
-981,4179,312976,4
582,4180,313044,5
995,4181,313231,5
318,4182,313330,4
-320,4183,313384,3
-383,4184,313452,3
919,4185,313519,5
-307,4186,313546,3
-874,4187,313600,3
-514,4188,313711,4
832,4189,313784,5
1474,4190,313819,5
3203,4191,313884,8
1601,4192,314008,6
1694,4193,314090,6
1571,4194,314156,6
-105,4195,314232,4
425,4196,314347,5
249,4197,314576,6
631,4198,314665,5
1315,4199,314728,5
-342,4200,314746,3
-1225,4201,314846,4
-647,4202,314950,5
700,4203,315101,6
3746,4204,315257,8
849,4205,315333,5
379,4206,315421,4
725,4207,315517,5
-1129,4208,315657,3
-525,4209,315713,3
206,4210,315951,5
-1309,4211,316180,4
663,4212,316236,5
-548,4213,316266,3
1042,4214,316328,5
734,4215,316367,5
1122,4216,316406,5
56,4217,316479,4
811,4218,316527,5
283,4219,316626,5
1256,4220,316687,6
-1071,4221,316933,5
1030,4222,317076,5
1776,4223,317155,5
527,4224,317180,4
1441,4225,317225,6
1668,4226,317303,6
-633,4227,317382,3
-572,4228,317396,3
-2055,4229,317482,3
2111,4230,317671,7
-310,4231,317876,4
2255,4232,318016,7
-679,4233,318248,5
732,4234,318373,5
298,4235,318403,4
579,4236,318548,5
664,4237,318562,5
810,4238,318684,5
1384,4239,318868,6
913,4240,318960,5
1208,4241,319107,7
1703,4242,319231,6
618,4243,319330,5
706,4244,319422,5
98,4245,319480,4
388,4246,319579,5
-2088,4247,319681,3
1199,4248,319813,5
-744,4249,319874,3
1934,4250,320053,7
1412,4251,320120,5
-251,4252,320135,3
311,4253,320259,5
987,4254,320288,5
961,4255,320301,5
2599,4256,320458,9
-760,4257,320483,3
-1314,4258,320503,3
518,4259,320632,5
179,4260,320671,4
-706,4261,320724,3
-549,4262,320860,4
1648,4263,320927,6
535,4264,321153,6
1476,4265,321224,6
-1073,4266,321396,3
2396,4267,321570,7
-955,4268,321687,4
-283,4269,321874,5
2411,4270,321977,7
1013,4271,322032,5
1033,4272,322121,5
1616,4273,322184,7
1575,4274,322237,6
-1382,4275,322452,4
2618,4276,322620,8
-655,4277,322692,3
-540,4278,322746,3
1842,4279,322897,6
-1281,4280,323054,4
806,4281,323153,5
676,4282,323261,5
1327,4283,323419,6
541,4284,323498,4
917,4285,323525,5
-1532,4286,323709,4
-825,4287,323773,3
810,4288,323892,5
810,4289,323906,5
1083,4290,324037,5
-723,4291,324108,3
-1365,4292,324146,3
-167,4293,324252,5
1441,4294,324325,5
1096,4295,324480,5
-353,4296,324621,4
-1081,4297,324869,4
748,4298,324979,5
472,4299,325021,4
909,4300,325093,5
-1750,4301,325203,3
-1018,4302,325245,3
1023,4303,325305,5
827,4304,325389,5
2260,4305,325629,6
-1856,4306,325880,4
3328,4307,325938,8
1418,4308,326033,6
409,4309,326110,4
1193,4310,326190,5
1044,4311,326253,5
167,4312,326289,4
-2907,4313,326460,3
724,4314,326497,4
2327,4315,326662,7
996,4316,326729,5
1525,4317,326805,5
-610,4318,327203,6
1807,4319,327264,6
1310,4320,327371,6
-384,4321,327388,3
-185,4322,327400,3
1065,4323,327438,5
920,4324,327473,5
-811,4325,327728,5
1579,4326,327865,6
-702,4327,327954,3
-521,4328,327969,3
-497,4329,327984,3
1245,4330,328105,6
-2632,4331,328296,3
897,4332,328361,5
2610,4333,328671,9
-1080,4334,328728,3
-728,4335,329013,5
-582,4336,329074,3
-534,4337,329092,3
767,4338,329189,5
-135,4339,329314,4
-1857,4340,329386,3
-1002,4341,329407,3
-573,4342,329434,3
-2209,4343,329558,3
-798,4344,329584,3
924,4345,329695,6
536,4346,329726,4
843,4347,329758,5
1811,4348,329795,6
486,4349,329889,5
-1380,4350,330010,3
957,4351,330091,5
1144,4352,330337,6
325,4353,330404,4
-1523,4354,330573,4
-896,4355,330686,3
596,4356,330777,5
-248,4357,330790,3
648,4358,330865,5
1397,4359,330931,5
-921,4360,331111,4
1040,4361,331219,6
857,4362,331295,5
611,4363,331360,5
420,4364,331479,5
230,4365,331622,5
-660,4366,331860,5
-1333,4367,332069,4
312,4368,332108,4
3397,4369,332231,7
-288,4370,332241,3
245,4371,332368,5
411,4372,332438,5
1675,4373,332534,6
-563,4374,332577,3
530,4375,332704,5
403,4376,332736,4
-609,4377,332772,3
2624,4378,332908,8
1235,4379,332968,5
2012,4380,333068,7
1709,4381,333148,5
265,4382,333204,4
759,4383,333263,4
640,4384,333357,5
2906,4385,333525,7
2704,4386,333612,7
-1145,4387,333660,3
-962,4388,333734,3
-1423,4389,333849,3
-756,4390,333859,3
-826,4391,333877,3
-831,4392,333905,3
104,4393,334076,5
1197,4394,334107,5
-821,4395,334258,4
-914,4396,334296,3
521,4397,334388,5
791,4398,334416,5
1123,4399,334481,5
-595,4400,334496,3
-1319,4401,334532,3
650,4402,334626,5
3001,4403,334727,7
1109,4404,334936,6
978,4405,334967,5
1524,4406,335013,5
1003,4407,335095,5
-288,4408,335105,3
603,4409,335270,5
717,4410,335335,5
-727,4411,335354,3
1168,4412,335412,5
547,4413,335596,5
-1168,4414,335827,5
2479,4415,335895,7
787,4416,336133,7
718,4417,336369,7
3174,4418,336476,8
-422,4419,336513,3
-90,4420,336654,5
1125,4421,336838,6
-371,4422,336869,3
-910,4423,336915,3
3748,4424,337146,10
464,4425,337258,5
1142,4426,337323,5
1432,4427,337415,6
-1868,4428,337510,3
-735,4429,337554,3
2832,4430,337725,7
-210,4431,337902,5
1130,4432,337936,5
756,4433,337967,5
-521,4434,337998,3
370,4435,338166,6
1323,4436,338189,5
2295,4437,338246,7
1038,4438,338276,5
274,4439,338372,5
563,4440,338470,5
443,4441,338503,4
677,4442,338568,5
-868,4443,338598,3
2320,4444,338777,6
997,4445,338821,5
-1263,4446,339106,4
325,4447,339169,4
-778,4448,339242,3
-175,4449,339370,5
205,4450,339608,6
1128,4451,339664,5
-620,4452,339698,3
-113,4453,339783,4
1821,4454,339889,6
179,4455,339912,4
-688,4456,339950,3
-839,4457,340005,3
1141,4458,340123,5
-1479,4459,340266,3
120,4460,340388,4
704,4461,340435,4
1019,4462,340567,5
5480,4463,340779,11
194,4464,340814,4
-801,4465,340834,3
2194,4466,341048,7
1820,4467,341165,7
2874,4468,341226,8
2406,4469,341349,6
-678,4470,341578,4
1657,4471,341621,5
-824,4472,341967,5
-1226,4473,342000,3
1319,4474,342102,6
1603,4475,342223,6
1171,4476,342300,5
538,4477,342397,5
-1794,4478,342457,3
-1106,4479,342494,3
170,4480,342657,5
-1166,4481,342890,3
-1603,4482,343010,3
-840,4483,343031,3
260,4484,343171,5
2668,4485,343230,7
-370,4486,343243,3
-192,4487,343325,4
-288,4488,343335,3
1408,4489,343446,7
-271,4490,343465,3
-428,4491,343515,4
-727,4492,343582,3
1849,4493,343731,7
-258,4494,343845,4
-1657,4495,344010,3
1399,4496,344074,5
757,4497,344106,4
564,4498,344249,5
743,4499,344330,5
-957,4500,344421,3
470,4501,344559,5
2274,4502,344696,7
1553,4503,344756,5
1027,4504,344787,5
593,4505,344843,5
-483,4506,344862,3
-1607,4507,344918,3
-883,4508,344949,3
-498,4509,345030,3
2216,4510,345072,6
-256,4511,345197,4
-297,4512,345337,5
1459,4513,345389,6
2315,4514,345522,7
1263,4515,345603,5
-519,4516,345630,3
-501,4517,345738,4
181,4518,345934,5
2166,4519,346045,7
-634,4520,346119,3
-812,4521,346145,3
-522,4522,346159,3
-1490,4523,346236,3
682,4524,346339,5
621,4525,346394,4
-613,4526,346466,3
2806,4527,346545,7
2253,4528,346726,8
-1095,4529,346745,3
1306,4530,346791,5
1782,4531,346834,6
1286,4532,346862,6
1490,4533,346896,6
363,4534,347033,5
1009,4535,347074,5
840,4536,347157,5
-496,4537,347182,3
-975,4538,347286,4
728,4539,347431,5
869,4540,347584,6
1040,4541,347619,5
1402,4542,347689,5
-580,4543,347715,3
-264,4544,347817,4
848,4545,347951,6
837,4546,348010,5
1554,4547,348169,6
34,4548,348247,4
-384,4549,348305,4
1203,4550,348405,7
545,4551,348489,4
-258,4552,348607,4
763,4553,348652,5
671,4554,348797,6
-459,4555,348821,4
386,4556,348929,5
1424,4557,349124,7
1205,4558,349239,5
708,4559,349456,6
1781,4560,349562,7
1931,4561,349772,7
2250,4562,349904,7
1209,4563,349937,5
1835,4564,350078,8
-440,4565,350176,4
1386,4566,350344,6
-399,4567,350368,3
-480,4568,350381,3
-743,4569,350408,3
-1088,4570,350637,4
448,4571,350824,5
-928,4572,350926,3
639,4573,351002,5
3300,4574,351120,9
658,4575,351216,5
-1459,4576,351307,3
1188,4577,351397,5
194,4578,351422,4
2021,4579,351507,6
1263,4580,351594,6
75,4581,351658,4
-327,4582,351678,3
245,4583,351840,5
859,4584,351873,5
1715,4585,351919,6
584,4586,352066,5
18,4587,352156,4
633,4588,352263,5
1010,4589,352330,5
1008,4590,352348,5
1286,4591,352467,6
-118,4592,352517,4
-876,4593,352538,3
385,4594,352763,5
304,4595,352789,4
574,4596,352856,5
-1229,4597,353021,4
-816,4598,353087,3
-444,4599,353105,3
1561,4600,353170,6
67,4601,353337,6
1081,4602,353378,5
1770,4603,353428,6
1347,4604,353479,5
456,4605,353557,5
-243,4606,353568,3
-420,4607,353597,3
855,4608,353685,5
2093,4609,353739,6
-153,4610,353811,4
2361,4611,353949,7
1666,4612,353999,5
-200,4613,354262,5
-951,4614,354391,4
445,4615,354475,4
1621,4616,354560,6
-1647,4617,354664,3
1612,4618,354766,6
1192,4619,354864,6
1110,4620,354987,6
1144,4621,355086,6
-287,4622,355203,5
1444,4623,355238,6
1603,4624,355299,6
1152,4625,355339,5
1844,4626,355590,7
-951,4627,355703,4
87,4628,355786,4
1525,4629,355871,6
1931,4630,356061,7
-338,4631,356166,4
583,4632,356389,5
1031,4633,356429,5
1875,4634,356482,7
1707,4635,356519,5
24,4636,356657,5
-889,4637,356705,3
2202,4638,356821,7
-1096,4639,357039,4
-1307,4640,357095,3
953,4641,357259,5
151,4642,357312,4
1550,4643,357462,6
-1795,4644,357512,3
-1340,4645,357578,3
754,4646,357709,5
627,4647,357761,4
-470,4648,357779,3
-716,4649,358038,5
-368,4650,358181,4
694,4651,358242,4
624,4652,358280,5
-1572,4653,358334,3
-909,4654,358541,4
676,4655,358672,5
597,4656,358732,4
-1367,4657,358807,3
-1479,4658,358895,3
-830,4659,358972,3
128,4660,359096,5
2979,4661,359204,7
634,4662,359255,5
385,4663,359290,4
1327,4664,359412,7
895,4665,359456,5
3366,4666,359575,9
989,4667,359660,5
2526,4668,359929,8
696,4669,360003,5
1506,4670,360077,6
-543,4671,360104,3
-1553,4672,360219,3
-578,4673,360232,3
1613,4674,360377,6
-1195,4675,360416,3
-914,4676,360890,6
403,4677,360903,4
-1216,4678,361183,5
1197,4679,361239,5
907,4680,361257,5
909,4681,361280,5
-1847,4682,361509,4
424,4683,361609,5
1585,4684,361706,6
292,4685,361760,4
-612,4686,361822,4
-1308,4687,362193,5
-641,4688,362205,3
453,4689,362285,4
662,4690,362380,5
553,4691,362540,5
1457,4692,362593,5
434,4693,362670,5
890,4694,362769,5
1310,4695,362839,5
-288,4696,362849,3
-541,4697,362893,3
1085,4698,363037,5
386,4699,363087,4
724,4700,363161,5
-1121,4701,363193,3
1,4702,363216,4
1587,4703,363264,5
-841,4704,363307,3
-248,4705,363425,5
1370,4706,363516,6
816,4707,363542,5
1474,4708,363604,6
-452,4709,363626,3
656,4710,363680,4
709,4711,363704,4
-912,4712,363805,4
303,4713,363925,5
2003,4714,363993,6
-31,4715,364098,5
-687,4716,364109,3
2529,4717,364196,7
-509,4718,364267,4
664,4719,364478,5
2071,4720,364612,7
215,4721,364818,5
-573,4722,364845,3
479,4723,365010,5
312,4724,365076,5
394,4725,365153,4
927,4726,365281,5
608,4727,365411,5
-1183,4728,365538,3
-731,4729,365631,4
-1032,4730,365652,3
1634,4731,365792,7
1460,4732,365942,7
-287,4733,366066,5
2541,4734,366242,7
385,4735,366299,4
394,4736,366418,5
-640,4737,366439,3
-67,4738,366707,6
-49,4739,366992,5
560,4740,367066,5
2360,4741,367153,7
902,4742,367355,6
1169,4743,367412,5
2254,4744,367535,7
1957,4745,367610,6
195,4746,367779,5
-1321,4747,367958,5
-1478,4748,368113,4
-1391,4749,368245,3
-942,4750,368290,3
-387,4751,368395,4
1097,4752,368436,5
185,4753,368547,5
1363,4754,368716,6
-334,4755,368813,4
1632,4756,368920,6
2244,4757,368969,7
121,4758,369081,5
887,4759,369168,5
834,4760,369198,5
-576,4761,369271,4
-1712,4762,369348,3
-3,4763,369554,6
-1154,4764,369676,3
-826,4765,369746,3
-1274,4766,369847,3
1186,4767,369945,6
-332,4768,370072,4
-1186,4769,370173,3
-420,4770,370191,3
601,4771,370352,6
-781,4772,370464,5
-434,4773,370507,4
1872,4774,370566,7
447,4775,370639,5
-288,4776,370649,3
-1589,4777,370840,3
-589,4778,370892,4
1288,4779,371103,7
-212,4780,371162,4
-1551,4781,371221,3
-2103,4782,371353,3
-1524,4783,371411,3
-1015,4784,371505,3
80,4785,371620,5
-843,4786,371671,3
-571,4787,371682,3
1805,4788,371839,7
232,4789,371905,4
-887,4790,372288,6
193,4791,372436,5
-396,4792,372570,5
-614,4793,372611,3
591,4794,372777,6
-385,4795,372792,3
-850,4796,372853,3
-1228,4797,372926,3
-1185,4798,372946,3
815,4799,373086,6
2203,4800,373197,7
1651,4801,373227,6
1410,4802,373304,6
278,4803,373443,5
203,4804,373604,5
788,4805,373624,5
847,4806,373694,5
-862,4807,373735,3
-543,4808,373755,3
-687,4809,373766,3
-1093,4810,373786,3
1255,4811,373957,6
-823,4812,374064,3
-403,4813,374076,3
-820,4814,374137,3
-367,4815,374306,5
-1484,4816,374507,3
-406,4817,374521,3
-1722,4818,374719,3
-456,4819,374769,3
1386,4820,374893,7
-610,4821,374950,4
-585,4822,374970,3
-1072,4823,375020,3
-1124,4824,375065,3
-637,4825,375096,3
865,4826,375198,6
-2049,4827,375381,3
-686,4828,375418,3
-1431,4829,375492,4
-465,4830,375520,3
-1553,4831,375726,4
-1221,4832,375794,3
-61,4833,375918,4
-2121,4834,376018,3
-1979,4835,376104,3
-478,4836,376121,3
-497,4837,376230,4
-2487,4838,376513,4
1048,4839,376540,5
-562,4840,376605,3
-1472,4841,376827,4
-1340,4842,376936,4
-189,4843,376948,3
-805,4844,377000,3
-40,4845,377284,6
-2127,4846,377568,5
88,4847,377710,5
571,4848,377787,5
1889,4849,377995,7
-1530,4850,378132,3
-741,4851,378184,3
136,4852,378199,4
-1433,4853,378279,3
-1185,4854,378355,3
2178,4855,378481,9
-970,4856,378502,3
-1501,4857,378558,3
-680,4858,378576,3
59,4859,378626,5
959,4860,378703,5
95,4861,378892,5
-617,4862,379016,5
-1093,4863,379140,3
-1471,4864,379224,3
-869,4865,379331,3
-1252,4866,379653,5
491,4867,379696,4
-1410,4868,379726,3
-1464,4869,379792,3
-585,4870,379803,3
-1085,4871,379967,4
-735,4872,379986,3
1192,4873,380149,6
-806,4874,380171,3
-925,4875,380182,3
-946,4876,380223,3
-1353,4877,380283,3
2075,4878,380340,6
673,4879,380429,5
585,4880,380644,7
-269,4881,380773,5
-1229,4882,380909,3
-575,4883,381161,5
345,4884,381442,7
55,4885,381639,5
-356,4886,381717,4
-1150,4887,381769,4
1833,4888,381982,7
-939,4889,382006,3
-1208,4890,382212,4
-721,4891,382288,4
-454,4892,382333,3
-186,4893,382638,6
166,4894,382668,4
-1720,4895,382964,5
-2553,4896,383103,3
-1390,4897,383132,3
-2389,4898,383439,4
-1721,4899,383679,4
-707,4900,383723,3
-705,4901,383807,3
-2375,4902,384020,4
-201,4903,384053,4
-1147,4904,384109,3
-1199,4905,384153,3
326,4906,384371,6
2028,4907,384437,7
-309,4908,384505,4
-496,4909,384526,3
-532,4910,384555,3
-1985,4911,384780,4
-3545,4912,385058,4
-910,4913,385136,3
-882,4914,385166,3
-500,4915,385274,4
-2526,4916,385727,5
1000,4917,385805,6
330,4918,385874,4
171,4919,385991,4
-120,4920,386148,5
-1409,4921,386232,3
752,4922,386322,5
-2224,4923,386467,3
279,4924,386572,5
357,4925,386696,5
-192,4926,386875,5
638,4927,386970,5
-140,4928,387089,4
663,4929,387173,5
-1516,4930,387286,3
-740,4931,387307,3
-361,4932,387415,4
-243,4933,387426,3
181,4934,387756,8
-8,4935,387935,5
-1696,4936,388032,3
-869,4937,388325,6
-1322,4938,388386,3
-302,4939,388625,4
-2018,4940,388971,5
-1247,4941,389067,3
-1782,4942,389289,3
-2474,4943,389466,3
461,4944,389627,5
-357,4945,389700,4
-955,4946,389932,5
-1210,4947,389977,3
1428,4948,390087,7
-868,4949,390128,3
-971,4950,390187,3
495,4951,390427,5
47,4952,390470,4
-578,4953,390483,3
-1338,4954,390696,5
-385,4955,390715,3
-1504,4956,390757,3
877,4957,390853,5
-1840,4958,391026,3
-505,4959,391132,5
-636,4960,391169,3
305,4961,391365,5
-1718,4962,391455,3
-505,4963,391514,3
19,4964,391571,4
447,4965,391602,5
-288,4966,391612,3
-692,4967,391661,3
-571,4968,391672,3
160,4969,391799,5
-303,4970,391844,4
-1936,4971,391990,3
-322,4972,392155,4
-111,4973,392317,5
-1278,4974,392375,3
-1029,4975,392588,5
-815,4976,392657,4
-658,4977,392679,3
-2609,4978,392926,3
-802,4979,393013,4
-345,4980,393057,4
-2199,4981,393395,5
-807,4982,393423,3
-1090,4983,393512,3
-799,4984,393532,3
-571,4985,393543,3
900,4986,393622,5
-972,4987,393679,3
-371,4988,393828,4
-1431,4989,394021,4
-459,4990,394134,5
-1227,4991,394178,3
-624,4992,394188,3
385,4993,394256,4
-1062,4994,394289,3
-1103,4995,394328,3
378,4996,394376,5
-273,4997,394520,5
-858,4998,394530,3
384,4999,394695,5
-1383,5000,394786,3
-703,5001,394797,3
-3284,5002,395055,3
-1478,5003,395208,3
-975,5004,395296,3
523,5005,395464,5
-1429,5006,395540,3
802,5007,395665,6
-1600,5008,395766,3
-1191,5009,395910,4
-1409,5010,396130,5
-968,5011,396395,6
-3621,5012,396876,5
-1901,5013,397133,4
-191,5014,397253,4
-1864,5015,397439,4
1498,5016,397484,6
-376,5017,397578,4
-423,5018,397835,6
-1299,5019,397939,3
1127,5020,397976,5
86,5021,397993,4
-813,5022,398076,3
-288,5023,398086,3
-1002,5024,398115,3
-1673,5025,398413,5
1396,5026,398452,6
1342,5027,398484,5
-1607,5028,398599,4
1903,5029,398708,6
-17,5030,398961,6
-277,5031,398993,4
-1033,5032,399049,3
1433,5033,399195,6
1467,5034,399270,5
-184,5035,399471,5
96,5036,399539,5
741,5037,399595,5
832,5038,399741,6
-1150,5039,399970,5
1613,5040,400181,6
-967,5041,400297,4
-1192,5042,400470,3
1206,5043,400639,7
-1317,5044,400707,3
49,5045,400764,4
2339,5046,400912,6
-277,5047,401004,4
-1472,5048,401142,3
-1578,5049,401263,3
612,5050,401409,5
898,5051,401669,6
-1849,5052,401785,3
-2190,5053,401945,3
-944,5054,401988,3
-623,5055,402044,3
290,5056,402101,4
-6278,5057,402756,4
-1458,5058,402873,4
-895,5059,402956,3
-1025,5060,402991,3
464,5061,403111,6
3283,5062,403216,8
-288,5063,403226,3
-13,5064,403532,7
-918,5065,403582,3
-2617,5066,403781,3
-2022,5067,403939,3
-846,5068,403988,3
-1135,5069,404044,3
1398,5070,404250,7
-1752,5071,404307,3
-2845,5072,404873,6
-366,5073,404999,4
-1220,5074,405113,4
-897,5075,405157,3
-989,5076,405224,3
-577,5077,405515,6
-2716,5078,405813,4
-321,5079,405886,4
-1640,5080,406252,5
863,5081,406351,5
2053,5082,406527,8
-563,5083,406575,3
967,5084,406790,6
-680,5085,406868,3
258,5086,407019,6
-299,5087,407063,4
-1315,5088,407190,3
1032,5089,407269,5
-648,5090,407411,4
-511,5091,407591,4
-833,5092,407647,4
-288,5093,407657,3
823,5094,407826,5
1142,5095,408056,6
-1725,5096,408239,3
-3661,5097,408790,5
-938,5098,408859,3
-799,5099,408927,3
-1317,5100,409038,3
-142,5101,409125,4
-564,5102,409151,3
-476,5103,409367,5
687,5104,409539,6
769,5105,409763,6
525,5106,409953,6
149,5107,410025,5
39,5108,410067,4
-1878,5109,410285,3
-1880,5110,410411,3
-346,5111,410668,5
218,5112,410694,4
-1086,5113,410716,3
802,5114,411083,8
556,5115,411138,4
-1612,5116,411346,5
-1128,5117,411408,3
-1380,5118,411531,3
-146,5119,411734,5
81,5120,411862,5
-941,5121,411922,3
-2280,5122,412364,6
-1951,5123,412552,3
8,5124,412699,5
-513,5125,412735,3
-700,5126,412808,3
-440,5127,412894,4
-1937,5128,413018,3
-288,5129,413028,3
-368,5130,413045,3
-897,5131,413181,4
-489,5132,413435,5
-1420,5133,413598,4
-1168,5134,413631,3
-891,5135,413687,3
234,5136,413725,4
-1842,5137,413986,5
-633,5138,413998,3
-2116,5139,414078,3
-2211,5140,414359,4
-1496,5141,414425,3
-1580,5142,414491,3
-1015,5143,414538,3
-1817,5144,414783,4
-1512,5145,414901,4
1291,5146,415040,5
-821,5147,415349,6
-1875,5148,415442,3
2687,5149,415703,7
-1123,5150,415842,3
-1313,5151,415946,3
-592,5152,416196,5
-257,5153,416402,5
-288,5154,416412,3
-717,5155,416695,6
530,5156,416970,7
-476,5157,417128,4
-755,5158,417223,4
-555,5159,417291,3
-1789,5160,417459,3
-428,5161,417727,5
1725,5162,417812,6
355,5163,418051,7
-2149,5164,418230,3
-1059,5165,418552,5
-1402,5166,418641,3
-1146,5167,418670,3
30,5168,418761,4
-429,5169,418841,4
-1121,5170,419026,4
-1070,5171,419095,3
-269,5172,419139,4
-2584,5173,419349,3
-1890,5174,419719,5
1480,5175,419798,6
414,5176,419995,5
-913,5177,420062,3
-1702,5178,420130,3
-748,5179,420171,3
-1528,5180,420320,3
-71,5181,420423,4
-2351,5182,420627,3
-1487,5183,420763,3
-779,5184,420869,5
-1070,5185,420898,3
-1295,5186,421033,4
-670,5187,421082,3
-735,5188,421287,5
-1393,5189,421568,5
-1216,5190,421774,4
-898,5191,421820,3
-1376,5192,422103,5
-1310,5193,422430,5
-703,5194,422726,5
916,5195,423158,8
-243,5196,423169,3
-905,5197,423257,3
-2092,5198,423431,3
-522,5199,423506,4
-230,5200,423859,5
-1120,5201,424032,4
-337,5202,424071,3
-1095,5203,424090,3
2995,5204,424254,7
1745,5205,424355,6
-1213,5206,424410,3
360,5207,424596,6
-288,5208,424606,3
-3333,5209,425010,4
-1495,5210,425162,3
-3502,5211,425436,3
1186,5212,425508,5
-442,5213,425541,3
-432,5214,425559,3
-1328,5215,425664,4
-1024,5216,425810,4
-1015,5217,425838,3
-752,5218,425864,3
-783,5219,425895,3
548,5220,426059,5
-1972,5221,426338,5
-3550,5222,426678,5
-1520,5223,426906,5
-189,5224,427173,6
394,5225,427305,5
-535,5226,427385,4
676,5227,427466,5
-982,5228,427678,5
-1790,5229,428113,6
-802,5230,428295,5
310,5231,428333,4
1661,5232,428427,6
-837,5233,428490,3
-1380,5234,428619,3
-1790,5235,428741,3
-1362,5236,429072,5
-1709,5237,429313,4
-1833,5238,429437,3
-2214,5239,429625,3
-744,5240,429659,3
-1373,5241,429743,3
1822,5242,429854,6
1617,5243,429928,5
-1386,5244,430138,5
-2303,5245,430529,4
-741,5246,431117,10
-30,5247,431336,6
-1433,5248,431419,3
103,5249,431644,5
-1282,5250,431679,3
-346,5251,432073,7
-3368,5252,432324,3
-1549,5253,432757,5
196,5254,432822,4
-1226,5255,432919,3
-429,5256,432942,3
-1280,5257,433019,3
-1386,5258,433077,3
-1859,5259,433365,4
1017,5260,433412,5
1005,5261,433625,7
-2287,5262,434234,9
-767,5263,434476,6
-2241,5264,434606,3
-1321,5265,434801,4
-1078,5266,434930,4
-654,5267,435097,4
-1325,5268,435542,6
667,5269,435682,6
-769,5270,435718,3
1022,5271,435864,5
-1949,5272,435989,4
-1340,5273,436090,3
-5452,5274,436756,5
33,5275,436852,4
-2292,5276,437140,4
-288,5277,437150,3
21,5278,437259,5
405,5279,437363,5
-1787,5280,437450,3
-517,5281,437610,4
-778,5282,437877,6
122,5283,437999,6
-1346,5284,438154,4
-66,5285,438346,5
-1862,5286,438504,3
-288,5287,438514,3
-722,5288,438567,3
-1944,5289,438680,3
-197,5290,438692,3
-440,5291,438900,6
-2517,5292,439163,4
368,5293,439311,5
-1325,5294,439571,5
-743,5295,439765,6
-610,5296,439876,5
-1026,5297,439894,3
-76,5298,439956,4
-2482,5299,440206,3
70,5300,440426,6
-2669,5301,440860,5
1111,5302,440945,5
-811,5303,441152,4
2161,5304,441269,6
-689,5305,441456,5
106,5306,441661,5
-1996,5307,441832,4
-274,5308,442006,5
-1094,5309,442092,3
-311,5310,442284,5
-883,5311,442459,5
-1367,5312,442610,3
-3457,5313,443009,3
-207,5314,443169,5
-4581,5315,443775,5
1062,5316,443884,5
-491,5317,444074,5
701,5318,444105,5
-2408,5319,444301,3
-1423,5320,444428,3
-2087,5321,444571,3
-3313,5322,445119,5
-386,5323,445296,5
-581,5324,445348,3
-2996,5325,445875,6
1568,5326,445986,5
-1448,5327,446309,6
-1662,5328,446551,4
-1383,5329,446662,3
-1332,5330,446820,4
-574,5331,446981,5
1433,5332,447158,7
-740,5333,447296,4
-3546,5334,447631,3
-100,5335,447818,5
-1273,5336,448070,4
-3138,5337,448396,4
1712,5338,448560,7
-163,5339,448758,5
-236,5340,448885,5
-3346,5341,449138,3
1776,5342,449229,6
-1950,5343,449314,3
-601,5344,449457,5
-2406,5345,449787,5
-2427,5346,449913,3
281,5347,450014,5
-585,5348,450410,7
1266,5349,450505,5
-705,5350,450641,4
-1572,5351,450853,5
663,5352,450942,5
-5825,5353,451659,5
-2177,5354,451814,3
-650,5355,451835,3
51,5356,452157,7
837,5357,452319,6
30,5358,452453,5
-797,5359,452533,3
206,5360,452595,5
-175,5361,452894,8
-900,5362,452972,3
-3383,5363,453287,4
-585,5364,453700,7
-10697,5365,454967,6
-1912,5366,455292,5
-3745,5367,455677,3
546,5368,455694,4
-1160,5369,455876,4
-1014,5370,456204,5
-2011,5371,456385,3
-765,5372,456578,5
-1410,5373,457070,6
-1293,5374,457190,3
-813,5375,457250,3
-3846,5376,457614,3
-2162,5377,457954,4
1382,5378,458133,6
-2468,5379,458516,5
10,5380,458823,7
890,5381,459011,6
-2746,5382,459307,3
301,5383,459434,5
51,5384,459590,5
-475,5385,459733,4
-1424,5386,459809,3
-517,5387,459821,3
-788,5388,460172,5
-838,5389,460377,6
-679,5390,460457,4
728,5391,460588,5
-3383,5392,461188,5
-1220,5393,461431,5
-853,5394,461696,5
321,5395,461911,6
-1242,5396,462020,3
-2401,5397,462159,3
-4107,5398,463170,9
-3155,5399,463544,5
1274,5400,463824,8
-356,5401,463943,4
235,5402,464092,5
1138,5403,464148,5
260,5404,464162,4
-645,5405,464178,3
-288,5406,464188,3
-1041,5407,464229,3
-823,5408,464281,3
1192,5409,464325,5
-782,5410,464410,3
-2724,5411,464907,5
-1036,5412,465000,3
-4676,5413,465944,6
-953,5414,465995,3
393,5415,466277,7
-1214,5416,466498,5
-367,5417,466899,6
727,5418,467045,5
-1358,5419,467416,6
-951,5420,467580,4
-5212,5421,468132,4
765,5422,468334,7
815,5423,468378,5
-4996,5424,468991,5
134,5425,469167,5
-2496,5426,469661,5
-842,5427,469698,3
-110,5428,470097,6
-5328,5429,470765,6
-2571,5430,471297,5
-805,5431,471345,3
-504,5432,471602,5
-2178,5433,472056,6
63,5434,472141,5
-7033,5435,472865,5
-3427,5436,473291,5
-1913,5437,473730,5
-1869,5438,474161,5
-1186,5439,474279,4
-4897,5440,474734,4
795,5441,474814,5
-521,5442,474861,3
-776,5443,474907,3
-3452,5444,475490,5
1242,5445,475593,5
-543,5446,475629,3
-197,5447,475641,3
-197,5448,475928,6
-5379,5449,476769,6
-1358,5450,476887,3
-4308,5451,477900,8
787,5452,478186,6
-168,5453,478385,5
42,5454,478929,8
-2351,5455,479229,4
-2175,5456,479725,5
-387,5457,480146,8
-3014,5458,480805,7
-8617,5459,481965,5
-2455,5460,482308,5
964,5461,482665,7
-1327,5462,482880,4
-9180,5463,484023,5
303,5464,484212,5
-1491,5465,484276,3
-2008,5466,484781,6
-1768,5467,485500,10
-2700,5468,485826,3
-4671,5469,486551,8
-3105,5470,486843,3
-1603,5471,486982,3
-513,5472,487305,6
-1509,5473,487479,5
-2666,5474,487970,5
-917,5475,488251,6
-9932,5476,489450,3
-4840,5477,489953,3
-1009,5478,490044,3
-11318,5479,491588,7
-5558,5480,492236,6
-6401,5481,493224,7
1075,5482,493683,9
-6551,5483,494855,5
-11963,5484,496714,9
-8610,5485,497735,5
-3064,5486,498223,5
-27069,5487,500771,5
-12111,5488,502232,7
-56896,5489,508346,13
-3647,5490,508998,5
-10152,5491,510516,7
-377,5492,510608,5
-19785,5493,513302,9
-33051,5494,517262,10
-18408,5495,519503,9
861,5496,519958,8
-14913,5497,522065,7
-20599,5498,524694,7
-1456,5499,525033,5
-23420,5500,527365,5
-3441,5501,527859,5
-26082,5502,531086,9
-4998,5503,532114,6
-894,5504,532408,6
-135,5505,532640,5
-10232,5506,533958,5
-11395,5507,535415,7
-38260,5508,540306,12
-31782,5509,543964,6
-56668,5510,550433,5
-22569,5511,552772,7
2598,5512,552818,7
-539,5513,553164,8
441,5514,553568,8
1040,5515,553592,5
-4979,5516,554209,6
-48239,5517,559403,8
-7148,5518,560414,7
294,5519,560604,6
-3060,5520,561141,5
-26515,5521,564561,10
-28545,5522,568404,10
-3128,5523,569388,9
-30905,5524,573596,10
-15768,5525,575812,9
-10466,5526,577536,9
-27082,5527,581492,14
-21364,5528,584417,12
-17088,5529,586902,12
-18545,5530,589765,11
-10782,5531,591380,9
-11606,5532,592912,6
-21473,5533,596061,10
-3561,5534,597206,10
-12339,5535,599247,7
-8257,5536,600943,13
-10130,5537,602710,10
-16081,5538,605272,9
977,5539,605300,5
-14175,5540,607501,9
-4727,5541,608800,8
1037,5542,608984,7
-3950,5543,609629,5
704,5544,609804,6
4229,5545,609998,10
-13174,5546,612899,19
-5249,5547,613804,7
-12906,5548,616024,8
-10138,5549,617866,10
-156,5550,618005,5
-8019,5551,619065,5
-3640,5552,620431,13
-7579,5553,621855,9
-2764,5554,622745,11
-11064,5555,624344,7
-3192,5556,624926,5
-13478,5557,626919,9
-9972,5558,629143,13
-10104,5559,630937,9
-11327,5560,632953,9
-5043,5561,633878,9
-9214,5562,635274,7
889,5563,635315,5
-16718,5564,637784,12
-20135,5565,640430,9
-29499,5566,644709,9
-6967,5567,646298,11
178,5568,646936,9
-1970,5569,647284,6
-10474,5570,649707,12
-20325,5571,652642,12
-2813,5572,653268,6
-968,5573,653813,8
-8136,5574,655335,9
-535,5575,655946,9
-7977,5576,656821,5
-2575,5577,657886,9
-24174,5578,660891,8
357,5579,660997,5
-7313,5580,662153,6
-12439,5581,663915,7
-34477,5582,668874,12
-19742,5583,671798,10
-5039,5584,672671,7
381,5585,673566,11
-20025,5586,676214,10
928,5587,677147,14
-807,5588,677963,10
-8311,5589,679313,9
-6409,5590,680652,10
-7120,5591,682015,9
-13992,5592,684100,7
-6813,5593,684896,5
-5318,5594,686308,11
-14353,5595,688854,12
-27274,5596,692422,10
-6826,5597,694294,12
-4876,5598,694988,6
-5363,5599,696153,9
-2782,5600,697125,9
-14920,5601,699902,14
-2708,5602,700758,8
-4173,5603,702288,13
1820,5604,702630,9
-2765,5605,703414,9
-13379,5606,705542,9
-7682,5607,707465,11
-15401,5608,709843,7
-4447,5609,710921,9
-2845,5610,711942,9
-14392,5611,714296,11
-4987,5612,715600,12
23,5613,715917,7
1778,5614,716041,7
1067,5615,716193,5
595,5616,716531,7
-6149,5617,718168,12
-4056,5618,719253,10
-4150,5619,720213,9
-3554,5620,721496,11
-9296,5621,723296,10
-13792,5622,725601,7
-11244,5623,727046,7
-4624,5624,728336,10
1873,5625,728463,7
2721,5626,728802,9
1425,5627,729227,9
2247,5628,729685,10
-10200,5629,731331,9
-1724,5630,732303,12
1496,5631,733096,14
206,5632,733264,5
1001,5633,733293,5
4165,5634,733625,11
366,5635,734040,7
-1004,5636,734894,10
-2891,5637,735639,9
151,5638,736338,11
-5877,5639,737751,11
-1798,5640,738616,10
-1145,5641,739580,11
694,5642,740003,10
3191,5643,740157,8
-4354,5644,741269,9
-1177,5645,742679,15
3863,5646,743374,13
-179,5647,744468,13
-1403,5648,744802,5
-2455,5649,745897,11
-1371,5650,746248,5
-524,5651,746367,5
1126,5652,746574,7
2364,5653,747159,11
-4283,5654,748304,9
-1292,5655,749014,9
-5864,5656,750915,16
-2294,5657,751842,9
-3200,5658,753303,14
-3387,5659,754541,11
4461,5660,754842,11
2080,5661,755030,9
-2342,5662,756476,14
-2366,5663,757562,10
-2078,5664,758744,14
-463,5665,759110,7
2155,5666,759363,9
344,5667,759511,5
-6483,5668,761201,15
-3720,5669,762135,9
-11844,5670,764065,10
1029,5671,764222,6
-3833,5672,765415,11
-12494,5673,767715,11
-12655,5674,769509,9
-1637,5675,770322,9
-15368,5676,772566,9
-2123,5677,773355,8
3597,5678,773910,15
3127,5679,774569,15
2119,5680,774864,10
2156,5681,775188,11
-16269,5682,778265,15
-5941,5683,779473,10
158,5684,780083,10
5919,5685,780724,19
-2782,5686,781342,9
-4250,5687,782169,7
-4499,5688,783378,10
-2240,5689,784023,9
2115,5690,784496,12
2142,5691,784796,10
-370,5692,785707,14
-11733,5693,787535,9
-3740,5694,788433,9
-1873,5695,789638,13
-9235,5696,791313,10
-8353,5697,792979,11
3447,5698,793743,14
-6639,5699,795041,11
-10682,5700,796651,9
-4195,5701,797734,10
-9384,5702,799276,9
-4159,5703,800393,10
3796,5704,800574,9
-928,5705,800722,5
-14400,5706,802973,11
-7038,5707,804428,11
-8039,5708,806044,11
-1212,5709,806607,7
-6065,5710,807666,8
-2379,5711,808355,9
2074,5712,808705,9
-1282,5713,808973,6
-1159,5714,809869,10
2575,5715,810055,8
159,5716,811230,18
-16949,5717,813302,8
-7090,5718,814512,7
-3424,5719,814955,5
1907,5720,815327,10
-5870,5721,816305,7
-11776,5722,817985,9
-3357,5723,818570,5
-7224,5724,819822,10
-3211,5725,820253,6
197,5726,821676,19
-2950,5727,822154,5
3501,5728,823009,15
-8022,5729,824404,9
-3442,5730,824924,5
-8327,5731,826780,14
2174,5732,827182,10
1051,5733,827500,9
-3581,5734,828372,9
907,5735,828523,6
747,5736,829205,12
-11658,5737,831659,13
-4483,5738,832394,6
-5254,5739,833566,9
-16780,5740,835986,8
-1083,5741,836449,7
-3167,5742,837738,12
-2668,5743,838116,5
-7741,5744,839597,9
-12301,5745,841233,8
4297,5746,841727,14
-3116,5747,843489,19
-3186,5748,844293,10
-7188,5749,845788,11
-4117,5750,846683,7
3601,5751,847579,17
-4092,5752,848467,9
-3018,5753,850008,15
-1214,5754,850782,9
-7170,5755,852566,12
1240,5756,853051,11
-7530,5757,854307,8
-1423,5758,855316,12
-20308,5759,858024,9
-15387,5760,860524,11
-6442,5761,862051,12
-11633,5762,863514,5
-95,5763,864401,12
1625,5764,864528,7
-1838,5765,865117,7
-5906,5766,866593,12
555,5767,867208,10
-2405,5768,868035,10
-1036,5769,868928,12
-3548,5770,870174,13
-2283,5771,870799,7
-3715,5772,871765,10
-3414,5773,872796,10
-2989,5774,873644,9
-8374,5775,875218,10
-14429,5776,877168,9
-10010,5777,878482,7
-15093,5778,881436,16
-10439,5779,883498,15
-11338,5780,885629,11
-4806,5781,886371,6
-10745,5782,888599,17
1588,5783,889264,10
1438,5784,889490,7
-3939,5785,890839,14
-10001,5786,892332,9
-8230,5787,894134,14
-372,5788,895224,15
-2411,5789,896158,10
-3458,5790,896972,8
-10083,5791,899118,15
-2944,5792,900059,10
-15389,5793,902546,11
-2447,5794,903373,9
-10610,5795,904779,5
1253,5796,905398,12
1346,5797,905694,8
-8970,5798,907820,14
-13032,5799,909652,10
2502,5800,910530,14
-13431,5801,913446,22
-1151,5802,914007,8
-4186,5803,915545,16
-1714,5804,917018,17
-5222,5805,918495,12
1829,5806,918755,8
942,5807,918781,5
100,5808,918877,5
7311,5809,919211,15
-128,5810,919720,8
654,5811,920070,9
-5253,5812,921110,9
-12717,5813,924207,22
-13016,5814,927458,24
-811,5815,928837,17
-22262,5816,933365,23
-10334,5817,935200,13
-18327,5818,938458,17
-15295,5819,941284,14
-2343,5820,942120,10
1114,5821,942486,8
-2169,5822,943698,12
-9343,5823,945270,8
884,5824,945710,10
1628,5825,945835,7
-379,5826,946297,8
-25526,5827,950235,16
-11190,5828,952337,10
-9645,5829,953834,7
-10929,5830,955745,13
-452,5831,956595,12
-6281,5832,958312,14
-9805,5833,960595,14
-101,5834,961168,10
-6480,5835,962409,8
-6500,5836,963728,8
-11856,5837,966367,17
-4307,5838,967222,9
-7586,5839,969573,19
2911,5840,970251,15
-4554,5841,971280,9
-1308,5842,971986,10
-9602,5843,974018,11
-62,5844,974799,10
-21283,5845,978971,18
-22269,5846,983342,25
-20170,5847,986992,15
-8727,5848,989241,18
-8470,5849,991760,18
331,5850,992142,8
-2167,5851,992597,5
2450,5852,993271,13
-1059,5853,993902,9
2573,5854,994216,10
-4583,5855,995860,16
-917,5856,997213,17
-27151,5857,1002608,31
-9124,5858,1004945,18
-484,5859,1005978,14
-11126,5860,1008605,16
-11160,5861,1011582,18
-2986,5862,1013872,22
-1853,5863,1015036,14
-3766,5864,1016011,8
-85,5865,1016688,10
-1385,5866,1016988,5
-4771,5867,1018076,9
-1338,5868,1019207,12
-21400,5869,1023069,15
-5014,5870,1024813,14
-10397,5871,1027488,18
-1638,5872,1028435,13
946,5873,1028885,10
498,5874,1029017,6
-6309,5875,1030051,6
4328,5876,1031403,21
-9036,5877,1033229,11
-5313,5878,1034208,7
-9931,5879,1035860,8
2236,5880,1036245,9
-13577,5881,1038477,10
816,5882,1039976,18
-14052,5883,1042710,17
-20120,5884,1045724,11
-5516,5885,1047511,13
-8828,5886,1049111,8
-1118,5887,1049770,9
2419,5888,1049878,7
1555,5889,1050040,7
-2948,5890,1051472,14
1587,5891,1052868,16
-18314,5892,1055825,10
-10909,5893,1057623,9
-1527,5894,1058769,11
-7762,5895,1061205,17
-6280,5896,1062512,9
-1233,5897,1064229,19
-7732,5898,1066332,17
610,5899,1066696,8
-819,5900,1067830,13
-3148,5901,1068668,9
-7178,5902,1070429,13
-6113,5903,1071646,9
-8163,5904,1073757,16
79,5905,1074263,8
-1797,5906,1074589,5
1650,5907,1074727,7
-413,5908,1075521,11
-7188,5909,1076836,10
-5837,5910,1078530,14
-3284,5911,1080608,18
780,5912,1081506,12
-4335,5913,1082699,11
1118,5914,1082963,7
-5995,5915,1084113,8
-4315,5916,1085460,12
3514,5917,1085776,10
-7946,5918,1087158,9
-11291,5919,1089110,10
2165,5920,1089398,9
-1699,5921,1089747,5
3903,5922,1090089,13
1189,5923,1090189,6
-1826,5924,1090506,5
743,5925,1091827,19
11,5926,1092243,8
-10682,5927,1094499,16
-2184,5928,1096360,14
2379,5929,1097483,19
-6254,5930,1099235,11
-966,5931,1099804,9
-9379,5932,1101526,10
-6316,5933,1103676,16
5411,5934,1104027,13
-3742,5935,1105084,10
2076,5936,1107562,27
-1443,5937,1108978,14
2405,5938,1109652,12
-5559,5939,1111131,12
-6231,5940,1112751,12
-2874,5941,1113232,5
-4641,5942,1113897,5
-24413,5943,1118300,17
-15408,5944,1120470,6
-192,5945,1121305,14
5495,5946,1122263,20
1822,5947,1122836,12
-2714,5948,1123672,8
-10623,5949,1125993,15
-4074,5950,1126614,6
-7790,5951,1128197,13
-3008,5952,1129564,13
-4393,5953,1131308,15
439,5954,1132380,14
-7175,5955,1134686,14
-1735,5956,1135719,11
-5011,5957,1137158,10
159,5958,1137367,6
-3049,5959,1138857,15
-4752,5960,1140181,13
-5648,5961,1141813,14
2410,5962,1142054,10
-9271,5963,1143378,6
-3222,5964,1143954,6
922,5965,1144405,9
-10179,5966,1146071,10
-5155,5967,1148236,18
-5507,5968,1150048,18
-14860,5969,1152799,12
-2345,5970,1154144,14
-11032,5971,1156190,10
-7648,5972,1158318,14
-895,5973,1159062,10
-9553,5974,1160604,9
-719,5975,1161011,6
-96,5976,1161694,10
-7229,5977,1163735,16
-5274,5978,1164896,8
-3098,5979,1165863,10
-4993,5980,1167449,12
-22500,5981,1171036,11
-7783,5982,1172869,13
-2916,5983,1173854,10
-3583,5984,1174582,7
-2657,5985,1175666,13
1539,5986,1176558,12
-12960,5987,1179040,16
-15142,5988,1181978,14
-1695,5989,1183341,16
-9853,5990,1185431,11
-2905,5991,1186051,7
-7688,5992,1187111,6
-6995,5993,1188503,9
-5660,5994,1190510,16
-5382,5995,1192552,20
-5046,5996,1194187,10
-18989,5997,1197330,10
-9960,5998,1199060,9
-13909,5999,1202283,20
-17489,6000,1206358,18
496,6001,1206492,6
-2272,6002,1207261,8
-3802,6003,1208275,8
-8381,6004,1209824,9
-2890,6005,1211401,15
1092,6006,1211839,9
-4860,6007,1212403,5
-5178,6008,1213289,8
-12,6009,1214165,12
-12655,6010,1217488,19
-6479,6011,1220276,23
-13892,6012,1223008,12
-478,6013,1223836,12
2406,6014,1224087,9
851,6015,1224217,5
-11640,6016,1225871,7
-5502,6017,1227603,16
-4180,6018,1228876,10
-9410,6019,1230424,9
305,6020,1231035,10
-4320,6021,1231695,6
-7772,6022,1233261,10
-1951,6023,1234333,10
-1717,6024,1235066,7
-20278,6025,1238380,13
-6217,6026,1240149,12
308,6027,1240532,9
-2765,6028,1241688,12
-10252,6029,1243111,6
-1873,6030,1244072,10
-11657,6031,1246676,14
159,6032,1247638,10
-5060,6033,1248773,8
-7386,6034,1250132,9
-5668,6035,1251761,11
-8034,6036,1253527,11
-8350,6037,1254487,5
858,6038,1254521,5
36,6039,1254996,9
-1022,6040,1255513,7
-1947,6041,1255851,5
-4877,6042,1256542,5
-2933,6043,1256924,5
-7227,6044,1258427,11
-13721,6045,1261571,15
621,6046,1262843,15
-7405,6047,1265722,16
-6129,6048,1268065,19
-9831,6049,1270605,14
-7538,6050,1272068,8
-7873,6051,1273829,10
-6956,6052,1275361,8
-701,6053,1276937,14
2195,6054,1278370,17
-10495,6055,1279965,5
-13561,6056,1282278,10
-5690,6057,1284467,16
-3037,6058,1285472,10
-9684,6059,1287821,15
-1498,6060,1289676,20
-7596,6061,1291307,10
-3763,6062,1293019,16
-5217,6063,1294394,11
-2312,6064,1295261,8
-1089,6065,1295561,6
-2361,6066,1295970,5
357,6067,1296534,10
4916,6068,1297117,15
-10008,6069,1299204,12
2988,6070,1300088,12
-7636,6071,1301633,11
-4698,6072,1303445,11
-2521,6073,1304284,9
-13958,6074,1306318,7
-3067,6075,1307374,11
-2028,6076,1308263,10
722,6077,1308856,10
-5871,6078,1310632,11
-8869,6079,1312379,11
-281,6080,1312960,7
-1693,6081,1313400,6
-2922,6082,1314200,8
-1680,6083,1314864,9
-11161,6084,1317036,11
-185,6085,1317272,5
-3237,6086,1319259,15
-19440,6087,1322750,15
1916,6088,1322959,7
-1327,6089,1323285,5
2150,6090,1323598,10
-11228,6091,1325062,5
-1233,6092,1325533,6
-3191,6093,1326104,5
-10572,6094,1328355,12
-9966,6095,1330263,10
-11298,6096,1331976,10
-11264,6097,1333459,5
-2954,6098,1334166,7
-2329,6099,1334621,5
-4486,6100,1335206,5
-4297,6101,1335785,5
-8607,6102,1337563,11
-1412,6103,1338340,9
-4492,6104,1339356,7
-8013,6105,1340846,11
-15806,6106,1344293,16
-12363,6107,1346351,12
-4962,6108,1347480,8
5435,6109,1348148,17
-439,6110,1349066,12
44,6111,1349212,5
-6417,6112,1350711,12
-1189,6113,1351479,10
-7243,6114,1353524,14
-6631,6115,1354454,6
-5605,6116,1355148,5
-212,6117,1355619,7
-9309,6118,1358281,17
-9338,6119,1360316,11
-2475,6120,1361358,10
-4508,6121,1362141,6
-1267,6122,1362460,5
1430,6123,1362967,10
-4453,6124,1364004,10
1904,6125,1364215,8
-13673,6126,1366798,11
-12678,6127,1368471,5
-5525,6128,1370030,11
-1114,6129,1371876,16
-9477,6130,1374184,13
-8553,6131,1375503,8
-21992,6132,1378464,9
-1526,6133,1379014,6
-4408,6134,1380349,11
1661,6135,1381141,12
-6696,6136,1382199,9
329,6137,1382284,5
-3142,6138,1383234,7
-686,6139,1383897,7
-5067,6140,1385686,15
-876,6141,1386266,7
-9994,6142,1388520,13
-5368,6143,1389378,7
-1538,6144,1389833,6
-3207,6145,1391122,10
-4226,6146,1392417,12
2844,6147,1392640,9
-3375,6148,1393419,9
-725,6149,1394195,9
-15393,6150,1396899,11
-1804,6151,1398566,16
-3616,6152,1398938,3
-6098,6153,1399945,6
-1242,6154,1400270,5
-310,6155,1400840,8
285,6156,1401545,9
-6191,6157,1402732,8
-3541,6158,1403276,5
241,6159,1403928,11
-2255,6160,1404631,9
-3237,6161,1405647,9
-5150,6162,1407341,14
-7335,6163,1408974,11
-3243,6164,1410201,11
-1337,6165,1410774,9
-7508,6166,1411951,8
-1131,6167,1412431,7
-7411,6168,1413968,12
-4762,6169,1414570,5
-3626,6170,1416140,14
3291,6171,1416854,16
-1196,6172,1417621,12
-6251,6173,1419410,12
-369,6174,1419715,6
-1754,6175,1420753,9
-5750,6176,1421603,7
-5355,6177,1422497,6
-4445,6178,1423503,9
-6474,6179,1425157,10
-5467,6180,1426073,6
-585,6181,1426327,6
2218,6182,1427352,16
-2398,6183,1427921,6
-16039,6184,1431282,17
-4491,6185,1432099,5
-2437,6186,1432555,6
-330,6187,1432988,7
-2790,6188,1433487,5
-4572,6189,1435315,14
-1711,6190,1435783,8
-11184,6191,1437259,7
-13438,6192,1439010,5
-5056,6193,1439889,5
-4195,6194,1440921,8
-8642,6195,1442520,8
2089,6196,1443031,10
-1718,6197,1443908,9
-5744,6198,1444974,9
1397,6199,1445106,7
-925,6200,1445694,10
-848,6201,1445955,5
-3615,6202,1446538,5
-4517,6203,1447884,10
-2793,6204,1448735,9
-1964,6205,1449509,7
-3284,6206,1450193,7
-5923,6207,1451365,9
-1503,6208,1451915,7
-2247,6209,1452418,6
-2853,6210,1452942,5
-898,6211,1453334,6
-3450,6212,1453921,6
-6318,6213,1455204,9
90,6214,1455831,9
-5794,6215,1457170,11
-4377,6216,1457747,3
-7899,6217,1459098,6
77,6218,1459240,5
-1528,6219,1460214,12
-1236,6220,1460437,5
-6976,6221,1461333,5
-5147,6222,1463286,15
-11943,6223,1464671,5
-7273,6224,1466962,17
-1195,6225,1467408,7
724,6226,1468115,12
-569,6227,1468573,7
-9267,6228,1469701,6
153,6229,1469781,5
1599,6230,1470089,8
-3686,6231,1470952,9
-22610,6232,1474533,13
-1182,6233,1475937,15
-6089,6234,1476746,5
-4312,6235,1477956,8
