-1517,0,43,3
-4589,1,215,4
-1865,2,283,4
-920,3,329,4
-1020,4,342,3
-1786,5,395,3
-1001,6,469,4
-2889,7,527,3
-962,8,580,4
-2336,9,620,3
-30,10,642,4
-1709,11,673,3
-4032,12,761,3
-5561,13,946,4
-1504,14,973,3
-4614,15,1123,3
-3283,16,1218,3
-1899,17,1269,3
-1102,18,1289,3
-1462,19,1312,3
-2023,20,1357,3
-1284,21,1391,3
-1906,22,1427,3
-2073,23,1464,3
-3673,24,1572,3
-5851,25,1758,3
-1895,26,1802,3
-1592,27,1851,4
-2649,28,1917,3
-4998,29,2076,4
-2387,30,2170,4
-3192,31,2241,3
-2138,32,2274,3
-2528,33,2322,3
-2254,34,2363,3
-1827,35,2388,3
-1103,36,2443,4
-1040,37,2477,3
-248,38,2509,4
-1248,39,2567,4
-1738,40,2615,3
-3260,41,2688,3
-1317,42,2730,3
-2093,43,2768,3
-1153,44,2806,3
-2045,45,2846,3
-2619,46,2909,3
-2877,47,3006,3
-2530,48,3055,3
-1981,49,3106,3
-1130,50,3164,4
-2720,51,3215,3
-2455,52,3265,3
-5007,53,3422,3
-1155,54,3449,3
-1058,55,3469,3
-1175,56,3485,3
-1738,57,3556,3
-4604,58,3700,4
-3082,59,3769,3
-1656,60,3805,3
-582,61,3823,3
-3125,62,3953,3
-1342,63,3979,3
-2136,64,4024,3
-1128,65,4090,4
-1620,66,4126,3
-1676,67,4178,3
-3280,68,4256,3
-1571,69,4272,3
-903,70,4288,3
-2110,71,4369,3
-1873,72,4396,3
-2797,73,4473,3
-2546,74,4555,3
-1865,75,4595,3
-1624,76,4618,3
-945,77,4642,3
-1614,78,4672,3
-3889,79,4849,4
-366,80,4889,4
-5227,81,5042,3
-756,82,5060,3
-3439,83,5146,3
-2126,84,5198,3
-266,85,5244,4
-2606,86,5306,3
-1842,87,5336,3
-3316,88,5447,3
-3601,89,5539,3
-1110,90,5560,3
-2080,91,5592,3
-983,92,5620,3
-1595,93,5690,4
-2729,94,5779,3
-1537,95,5818,3
-7996,96,6078,3
-2064,97,6123,3
-1826,98,6144,3
-1990,99,6189,3
-2298,100,6235,3
-1034,101,6280,4
-2614,102,6330,3
-1863,103,6378,3
-4160,104,6487,3
-1285,105,6537,3
-1342,106,6563,3
-2525,107,6642,3
-465,108,6692,4
-1855,109,6737,3
-2100,110,6782,3
98,111,6803,5
-1459,112,6838,3
-795,113,6865,3
-3176,114,6935,3
-2142,115,6974,3
-2525,116,7017,3
-1494,117,7048,3
-2178,118,7093,3
-1812,119,7150,3
-1677,120,7224,4
-917,121,7244,3
-1578,122,7360,6
-646,123,7374,3
-1435,124,7397,3
-2001,125,7477,4
-1091,126,7502,3
-1151,127,7527,3
-6564,128,7704,3
-3462,129,7774,3
-1045,130,7807,3
-1184,131,7857,3
-3501,132,8014,4
-4021,133,8145,3
-2546,134,8231,3
-1055,135,8256,3
-2071,136,8289,3
-1589,137,8324,3
-1479,138,8354,3
-2364,139,8430,3
-1343,140,8461,3
-3447,141,8572,3
-1347,142,8603,3
-1479,143,8642,3
-4063,144,8765,3
-1821,145,8807,3
-2087,146,8844,3
-2106,147,8890,3
-1692,148,8927,3
-1648,149,8956,3
-2131,150,8988,3
-5245,151,9146,4
-2065,152,9193,3
-355,153,9217,4
-2230,154,9288,3
-781,155,9314,3
-1314,156,9339,3
-7122,157,9575,4
-1517,158,9592,3
-2389,159,9661,3
-1967,160,9699,3
-1858,161,9743,3
-1137,162,9770,3
-1339,163,9797,3
-1568,164,9814,3
-1582,165,9847,3
-2266,166,9898,3
-2845,167,9960,3
-2196,168,10003,3
-3590,169,10115,3
-1036,170,10139,3
-1503,171,10169,3
-2441,172,10207,3
-2816,173,10283,3
-1551,174,10322,3
-1728,175,10399,4
-2259,176,10469,4
-1067,177,10510,4
-1509,178,10549,3
-1579,179,10573,3
-1228,180,10594,3
-2150,181,10638,3
-2533,182,10686,3
-1656,183,10728,3
-1614,184,10782,3
-4012,185,10875,3
-4217,186,10993,3
-1058,187,11027,3
-1138,188,11075,4
-4161,189,11186,3
-1981,190,11218,3
-830,191,11241,3
-2497,192,11318,3
-1842,193,11354,3
-2005,194,11393,3
-2594,195,11457,3
-989,196,11485,3
-1329,197,11509,3
-1886,198,11532,3
-2376,199,11584,3
-1498,200,11613,3
-1892,201,11642,3
-2820,202,11732,3
14,203,11783,5
-1900,204,11818,3
-1692,205,11894,4
-2519,206,11949,3
-2329,207,12020,3
-1891,208,12088,3
-1618,209,12151,4
-4301,210,12278,3
-2224,211,12328,3
-1180,212,12348,3
-2383,213,12386,3
-6001,214,12574,3
-282,215,12649,5
-2045,216,12725,3
-229,217,12747,4
-906,218,12789,4
-2125,219,12830,3
-1910,220,12867,3
-2063,221,12929,3
-447,222,12944,3
-1260,223,12963,3
-3696,224,13054,3
-2704,225,13125,3
-2781,226,13192,3
-1157,227,13205,3
-3828,228,13301,3
-1183,229,13331,3
-1298,230,13372,3
-1870,231,13416,3
-1700,232,13448,3
-2851,233,13519,3
-1397,234,13562,3
-2646,235,13616,3
-4468,236,13750,4
-1463,237,13769,3
-1797,238,13811,3
-1952,239,13848,3
-1411,240,13880,3
-1243,241,13901,3
-1466,242,13930,3
-747,243,13957,3
-2529,244,13998,3
-2347,245,14051,3
-2106,246,14088,3
-560,247,14107,3
-3180,248,14198,3
-1077,249,14241,4
-3964,250,14366,3
-1139,251,14379,3
-2687,252,14450,3
-3175,253,14511,3
-1579,254,14535,3
-1383,255,14574,3
-1804,256,14627,3
-726,257,14673,4
-1555,258,14711,3
-1812,259,14741,3
-1806,260,14777,3
-4783,261,14935,3
-1794,262,14968,3
-1920,263,15017,3
-814,264,15034,3
-1602,265,15071,3
-2566,266,15126,3
-3542,267,15226,3
-768,268,15241,3
-2119,269,15282,3
-2071,270,15315,3
-2097,271,15369,3
-309,272,15440,5
-2116,273,15469,3
-1274,274,15482,3
-2023,275,15523,3
-2138,276,15569,3
-2304,277,15604,3
-3850,278,15703,3
-4443,279,15840,4
-1802,280,15907,4
-2079,281,15959,3
-2158,282,16000,3
-2750,283,16061,3
-1363,284,16078,3
-2206,285,16120,3
-3184,286,16213,3
-969,287,16228,3
-1598,288,16253,3
-2974,289,16330,3
-1563,290,16357,3
-2211,291,16385,3
-3188,292,16476,3
-1422,293,16500,3
-1683,294,16542,3
-2352,295,16608,3
-3079,296,16785,5
-2699,297,16846,3
-1876,298,16882,3
-912,299,16934,4
-2586,300,16982,3
-2790,301,17095,4
-2797,302,17169,3
-1329,303,17185,3
-2996,304,17292,3
-1555,305,17331,3
-1386,306,17361,3
-49,307,17394,4
-1419,308,17478,5
-1630,309,17519,3
-625,310,17539,3
-1238,311,17579,3
-2159,312,17653,4
-2298,313,17746,4
-2101,314,17821,3
-207,315,17837,4
-911,316,17881,4
-1460,317,17909,3
-3687,318,17996,3
-2066,319,18048,3
-962,320,18059,3
-2758,321,18109,3
-1705,322,18148,3
-2036,323,18201,3
-3707,324,18304,3
-4280,325,18447,4
-1288,326,18486,3
-2034,327,18531,3
-2924,328,18604,3
-985,329,18645,3
-2212,330,18695,3
-1845,331,18747,3
-1635,332,18792,3
-594,333,18813,3
-2143,334,18875,3
-2905,335,18937,3
-1209,336,18961,3
-1174,337,18990,3
-1420,338,19041,3
-1472,339,19078,3
-2817,340,19209,4
-2075,341,19276,3
-1324,342,19312,3
-2592,343,19370,3
-932,344,19398,3
-2037,345,19434,3
-1216,346,19451,3
-3475,347,19526,3
-2354,348,19584,3
-2903,349,19673,3
-5830,350,19866,4
-2316,351,19933,3
-3164,352,20022,3
-2312,353,20090,3
-1985,354,20130,3
-1777,355,20177,3
-1090,356,20201,3
-1573,357,20240,3
-1186,358,20270,3
-2004,359,20342,3
499,360,20373,5
-1439,361,20389,3
-1903,362,20421,3
-1093,363,20453,3
-2835,364,20517,3
-916,365,20543,3
-4030,366,20641,3
-3541,367,20726,3
-6802,368,20927,3
-1372,369,20969,3
-1076,370,21003,3
-2295,371,21045,3
-2850,372,21123,3
-3585,373,21258,3
-2208,374,21306,3
-2257,375,21345,3
-1471,376,21395,3
-3013,377,21496,3
-1948,378,21534,3
-1395,379,21555,3
-1059,380,21576,3
-1270,381,21599,3
-507,382,21636,4
-1843,383,21681,3
-1984,384,21705,3
-1913,385,21746,3
-3540,386,21827,3
-5172,387,22007,4
-4353,388,22148,3
-1119,389,22176,3
-1776,390,22239,3
-2854,391,22310,3
-2004,392,22352,3
-1581,393,22391,3
-2179,394,22438,3
-3794,395,22538,3
-735,396,22557,3
-903,397,22578,3
-2779,398,22646,3
-3427,399,22765,3
-1405,400,22782,3
-790,401,22821,4
-1342,402,22848,3
-6025,403,23019,3
-2239,404,23081,3
-1917,405,23104,3
-2227,406,23154,3
-2323,407,23226,3
-4182,408,23356,3
-1477,409,23403,3
-1219,410,23441,3
-1502,411,23478,3
-1246,412,23499,3
-1060,413,23572,4
-1701,414,23600,3
-3068,415,23664,3
-1042,416,23690,3
-1071,417,23760,4
-2197,418,23852,4
-2630,419,23971,4
-1442,420,23991,3
-2859,421,24061,3
-2572,422,24121,3
-3405,423,24226,3
-1621,424,24273,3
-3252,425,24375,3
-2623,426,24431,3
-1960,427,24515,4
-1962,428,24611,4
-1186,429,24658,4
-2731,430,24727,4
-2212,431,24756,3
-1278,432,24772,3
-1978,433,24823,3
-1338,434,24847,3
-3404,435,24941,3
-1281,436,24965,3
-1478,437,24990,3
-2291,438,25045,3
-2569,439,25108,3
-3435,440,25187,3
-494,441,25207,3
-2294,442,25251,3
-901,443,25269,3
-1512,444,25287,3
-1364,445,25351,4
-4184,446,25553,4
-1146,447,25586,3
-1055,448,25614,3
-1823,449,25636,3
-1931,450,25667,3
-2221,451,25714,3
-939,452,25729,3
-3552,453,25851,4
-671,454,25868,3
-1960,455,25901,3
-1169,456,25942,3
-2403,457,25999,3
-2134,458,26043,3
-1139,459,26093,3
-5144,460,26250,3
-1472,461,26275,3
-3222,462,26353,3
-2608,463,26472,4
-1288,464,26525,3
-4407,465,26681,3
-382,466,26708,4
-1361,467,26767,4
-3806,468,26861,3
-2024,469,26919,3
-866,470,26941,3
-900,471,26956,3
-386,472,26970,3
-4135,473,27142,4
-4776,474,27278,3
-2345,475,27360,3
-2925,476,27411,3
-3624,477,27577,5
-3421,478,27664,3
-2523,479,27730,3
-1902,480,27781,3
-1616,481,27815,3
-940,482,27832,3
-471,483,27880,4
-3188,484,27960,3
-3302,485,28072,3
-2883,486,28132,3
-3253,487,28239,3
-497,488,28264,4
-2463,489,28348,3
-2275,490,28405,3
-1051,491,28431,3
-1247,492,28496,4
-3106,493,28585,3
-3808,494,28725,3
-1871,495,28786,3
-3329,496,28868,3
-224,497,28891,4
-71,498,28925,4
-1377,499,28979,3
-2192,500,29037,3
-3318,501,29161,4
-876,502,29198,4
-4784,503,29322,3
-1595,504,29357,3
-842,505,29385,3
-2668,506,29469,3
-5674,507,29670,3
-1223,508,29713,4
-2483,509,29759,3
-1517,510,29776,3
-2759,511,29859,3
-542,512,29878,3
-3875,513,29975,3
-2514,514,30039,3
-1473,515,30057,3
-1254,516,30084,3
-3484,517,30187,3
-2176,518,30240,3
-3716,519,30407,5
-1141,520,30428,3
-2327,521,30498,3
-1233,522,30517,3
-2890,523,30595,3
-1560,524,30640,3
-1185,525,30676,3
-1677,526,30712,3
-1681,527,30768,3
954,528,30802,6
-2218,529,30840,3
-1237,530,30878,3
-606,531,30973,5
-1867,532,31051,4
-5905,533,31345,5
-1710,534,31399,3
-488,535,31470,4
-1162,536,31518,3
-1097,537,31544,3
-2228,538,31617,3
-1025,539,31636,3
-2583,540,31714,3
-2071,541,31767,3
-5014,542,32015,5
-1730,543,32071,3
-446,544,32100,4
-2170,545,32182,4
-3259,546,32271,3
-1331,547,32333,4
-1927,548,32402,3
-3735,549,32513,3
-1899,550,32586,3
-3634,551,32737,4
-1325,552,32765,3
-2839,553,32827,3
-2613,554,32885,3
-653,555,32902,3
-3242,556,33026,3
-1325,557,33069,3
-1889,558,33140,3
-1547,559,33204,3
-734,560,33226,3
-717,561,33266,4
-977,562,33338,4
-1999,563,33440,4
-1130,564,33465,3
-1373,565,33499,3
-982,566,33540,3
-3737,567,33638,3
-2505,568,33732,4
-528,569,33811,5
-1131,570,33847,3
-2336,571,33911,3
-1832,572,33932,3
-1903,573,33967,3
-3674,574,34068,3
-2272,575,34116,3
-1679,576,34138,3
-1683,577,34205,4
-1708,578,34234,3
-3149,579,34298,3
-2141,580,34350,3
-3160,581,34427,3
-2018,582,34488,3
-2242,583,34575,3
-1380,584,34617,3
-1765,585,34691,3
-8,586,34707,4
-1658,587,34751,3
-1708,588,34840,4
-4162,589,34986,3
-5777,590,35162,3
-830,591,35184,3
-1021,592,35264,5
6,593,35312,5
-1673,594,35346,3
-1863,595,35413,3
-2306,596,35498,3
-1158,597,35534,3
-1216,598,35572,3
-1359,599,35596,3
-515,600,35607,3
-2677,601,35687,3
-3813,602,35783,3
-5714,603,35986,4
-1250,604,36026,3
-975,605,36056,3
158,606,36118,5
-2369,607,36206,3
-2686,608,36277,3
-1474,609,36303,3
-320,610,36372,5
-1543,611,36410,3
-2572,612,36473,3
-1075,613,36502,3
-1819,614,36555,3
-3496,615,36687,3
-3978,616,36929,5
-1958,617,36955,3
-1755,618,36998,3
-3952,619,37111,3
-2058,620,37166,3
-2637,621,37250,3
-2309,622,37300,3
-3596,623,37380,3
-1945,624,37433,3
-3737,625,37523,3
-1149,626,37611,5
-2125,627,37700,4
-2453,628,37746,3
-4296,629,37858,3
-4844,630,38006,3
-3266,631,38091,3
-4022,632,38203,3
-2419,633,38299,4
-1220,634,38322,3
-1926,635,38362,3
-2754,636,38502,4
-493,637,38525,4
-2357,638,38584,3
-801,639,38602,3
-944,640,38630,3
-3259,641,38734,4
-2996,642,38797,3
-1747,643,38851,3
-585,644,38869,3
-1632,645,38923,3
-2655,646,38983,3
-847,647,39000,3
-7392,648,39270,4
-1005,649,39292,3
-2152,650,39349,3
-1197,651,39391,3
-1101,652,39464,4
-2496,653,39515,3
-1368,654,39539,3
-1987,655,39589,3
-8765,656,39937,4
-2103,657,39997,3
-5841,658,40160,3
-4823,659,40321,3
-2185,660,40371,3
99,661,40388,4
-1882,662,40429,3
-3128,663,40582,4
-7739,664,40893,4
-2643,665,40969,3
-1617,666,41006,3
-1215,667,41033,3
-4080,668,41147,3
-257,669,41211,5
-2243,670,41255,3
-1653,671,41273,3
-2389,672,41341,3
-1915,673,41409,3
-2190,674,41455,3
-2621,675,41507,3
-2368,676,41587,3
-1220,677,41610,3
237,678,41645,5
-1815,679,41678,3
-1627,680,41737,3
21,681,41755,4
-1378,682,41772,3
-1377,683,41793,3
-406,684,41820,4
-1995,685,41880,3
-796,686,41909,3
-2631,687,41979,3
-1911,688,42039,4
-2054,689,42106,3
-994,690,42120,3
-3656,691,42220,3
-1516,692,42294,4
-2217,693,42364,3
-965,694,42393,3
-1847,695,42421,3
-2186,696,42491,3
-2985,697,42569,3
-1649,698,42609,3
-2114,699,42677,3
-1180,700,42731,4
-2142,701,42791,3
-2176,702,42845,3
-2664,703,42918,3
-2108,704,42988,3
-4707,705,43126,3
-5326,706,43317,4
-5692,707,43509,3
-229,708,43531,4
-3227,709,43631,3
-2624,710,43701,3
-1163,711,43723,3
-1416,712,43771,3
-2301,713,43843,4
-3097,714,43947,3
-2413,715,44030,3
-1531,716,44065,3
-6158,717,44281,4
-2632,718,44341,3
-1116,719,44383,3
439,720,44406,5
-2927,721,44531,4
-1181,722,44553,3
-549,723,44611,4
-797,724,44634,3
-6138,725,44853,3
-3277,726,44969,3
-1026,727,44996,3
-744,728,45015,3
-2198,729,45094,3
621,730,45127,5
-2138,731,45188,3
-6344,732,45411,3
-4697,733,45551,3
-2923,734,45614,3
-2572,735,45712,3
-4077,736,45814,3
-1660,737,45862,3
-582,738,45924,4
-1995,739,45951,3
-4851,740,46135,4
-2929,741,46221,3
-3617,742,46342,3
-2867,743,46433,3
-2879,744,46521,3
-5193,745,46693,3
-1237,746,46722,3
-1180,747,46803,4
-511,748,46817,3
-1566,749,46886,3
-2649,750,46944,3
-1632,751,46974,3
-2685,752,47070,4
-2055,753,47107,3
-1663,754,47148,3
-5441,755,47342,3
-2658,756,47450,4
-2620,757,47515,3
-787,758,47561,4
-2459,759,47671,4
-2521,760,47772,3
-2490,761,47891,4
-1616,762,47965,4
-2149,763,48021,3
-5973,764,48253,4
-1185,765,48309,4
-1209,766,48368,4
-8803,767,48609,4
-2129,768,48643,3
-1207,769,48688,3
-1590,770,48707,3
-2661,771,48826,4
-4745,772,49006,4
-3222,773,49117,3
-4412,774,49259,3
-2494,775,49358,3
-3518,776,49553,5
-525,777,49590,4
-2252,778,49625,3
-1349,779,49662,3
-1435,780,49685,3
-3067,781,49762,3
-5567,782,49964,3
-2012,783,49992,3
-7338,784,50312,5
-3865,785,50465,3
-3348,786,50582,3
-1874,787,50637,3
-1322,788,50722,4
-179,789,50763,4
-1855,790,50801,3
-3755,791,50908,3
-2659,792,50977,3
-3356,793,51074,3
-1580,794,51108,3
-1283,795,51163,3
-1506,796,51233,4
-4816,797,51373,3
-777,798,51388,3
-1478,799,51422,3
-3380,800,51578,4
-2780,801,51657,3
-3147,802,51817,4
-2246,803,51860,3
-3694,804,52007,3
-2385,805,52102,4
-2818,806,52173,3
-1046,807,52189,3
-827,808,52230,4
-1758,809,52289,4
-737,810,52382,5
361,811,52445,6
-933,812,52460,3
-1679,813,52546,4
-1497,814,52594,3
-2273,815,52652,3
-1783,816,52724,3
-2044,817,52768,3
-2581,818,52827,3
-1425,819,52858,3
-470,820,52896,4
-4088,821,53014,3
-1957,822,53055,3
-2870,823,53149,3
-350,824,53183,4
-7443,825,53440,3
-927,826,53455,3
-2228,827,53513,3
-4170,828,53666,3
-2102,829,53715,3
-1702,830,53772,3
-1687,831,53840,3
-2151,832,53876,3
-3031,833,53987,3
-999,834,54024,4
-2108,835,54091,3
-3367,836,54203,4
-1659,837,54245,3
-3587,838,54345,3
-2473,839,54399,3
-1678,840,54434,3
-1611,841,54498,3
-182,842,54521,4
-3638,843,54654,3
-1230,844,54686,4
-2378,845,54747,3
-3987,846,54898,4
-722,847,54924,4
-1170,848,55006,4
-712,849,55109,5
-1532,850,55153,3
-2685,851,55298,4
-6384,852,55487,3
-1991,853,55525,3
-1477,854,55572,3
-1197,855,55620,3
-2354,856,55721,4
-5198,857,55891,3
-3078,858,55952,3
-5864,859,56165,4
-2251,860,56221,3
-1831,861,56268,3
-3215,862,56399,3
-1685,863,56466,3
-4102,864,56563,3
-976,865,56625,4
-541,866,56655,4
-2013,867,56706,3
-1442,868,56743,3
-5027,869,56879,3
-3939,870,57002,3
-1658,871,57069,3
-2693,872,57127,3
-5152,873,57321,3
-2452,874,57442,5
-3415,875,57532,3
-2941,876,57604,3
-5270,877,57788,3
-1438,878,57895,5
-427,879,57952,5
-3618,880,58081,3
-1898,881,58133,3
-1778,882,58186,3
-1514,883,58223,3
-4072,884,58351,3
-2324,885,58432,4
-537,886,58460,4
-2730,887,58527,3
-2159,888,58601,3
-1708,889,58630,3
-1595,890,58704,4
-1006,891,58730,3
-3645,892,58811,3
-3104,893,58966,4
-3595,894,59082,3
-787,895,59108,3
-2212,896,59161,3
-821,897,59183,3
-2466,898,59302,4
-4044,899,59438,4
-3145,900,59509,3
-3419,901,59601,4
-2390,902,59677,3
-1031,903,59703,3
-2064,904,59782,3
-732,905,59822,4
-2584,906,59873,3
-1516,907,59923,3
-1307,908,59981,4
-937,909,60007,3
-4357,910,60181,4
-3760,911,60310,3
-1325,912,60341,3
-415,913,60376,4
-2053,914,60417,3
-2251,915,60517,4
-2461,916,60670,5
-2508,917,60717,3
-2515,918,60806,3
-2182,919,60856,3
-1671,920,60884,3
-1163,921,60909,3
-2242,922,61001,3
-986,923,61011,3
-1010,924,61085,4
-6681,925,61343,3
-2930,926,61495,5
-1819,927,61546,4
-1636,928,61569,3
-2053,929,61601,3
-4380,930,61769,4
-425,931,61782,3
-2117,932,61892,4
-588,933,61969,5
-2074,934,62044,3
-1372,935,62077,3
-1702,936,62127,3
-610,937,62150,3
-3492,938,62252,3
-991,939,62284,3
-164,940,62343,5
-2095,941,62414,3
-3217,942,62524,3
-768,943,62542,3
-1121,944,62653,5
-2321,945,62781,4
-2152,946,62837,3
-1970,947,62937,4
-644,948,62962,3
-1076,949,62981,3
-2382,950,63096,4
-4173,951,63234,3
-3141,952,63347,4
-4659,953,63533,3
-1936,954,63616,4
-4774,955,63733,3
-2593,956,63828,3
-1252,957,63851,3
-465,958,63908,4
-3025,959,64070,4
-3949,960,64210,3
-1125,961,64243,3
-1484,962,64272,3
-1320,963,64370,4
-1530,964,64406,3
-195,965,64428,4
-1773,966,64479,3
-1578,967,64549,3
-1021,968,64586,4
-4384,969,64763,3
-943,970,64795,3
-3916,971,64904,4
-3613,972,64984,3
-1713,973,65044,3
-1287,974,65060,3
-1540,975,65117,4
-1705,976,65156,3
-4337,977,65304,3
-238,978,65383,5
-3452,979,65477,3
-1163,980,65502,3
-2050,981,65646,5
-843,982,65716,4
-853,983,65792,4
-977,984,65817,3
-4572,985,66077,5
-2173,986,66133,3
-2913,987,66220,3
-1337,988,66276,3
-3469,989,66408,3
-746,990,66430,3
-3450,991,66555,4
-1759,992,66624,3
-1777,993,66728,4
-1268,994,66776,4
-1500,995,66809,3
-4914,996,67042,5
-2110,997,67144,4
-2738,998,67277,4
-2257,999,67369,4
-1577,1000,67481,5
-1954,1001,67538,3
-3226,1002,67645,3
-1736,1003,67685,3
-4488,1004,67812,3
-5294,1005,67994,3
-1565,1006,68046,3
-1549,1007,68087,3
-1851,1008,68111,3
-4391,1009,68247,3
-1975,1010,68301,3
-1695,1011,68352,3
-1189,1012,68432,5
-1205,1013,68455,3
-1199,1014,68496,3
-3704,1015,68570,3
-1760,1016,68607,3
-2686,1017,68657,3
-6433,1018,68902,4
-2452,1019,68980,3
-2033,1020,69047,3
-1284,1021,69081,3
-1386,1022,69105,3
-426,1023,69183,5
-1480,1024,69198,3
-4064,1025,69327,4
-1893,1026,69424,4
-4986,1027,69571,3
-2664,1028,69685,4
-3011,1029,69849,5
-7911,1030,70187,4
-1635,1031,70240,4
-240,1032,70261,4
-4403,1033,70364,3
-404,1034,70424,4
-1389,1035,70514,4
-1413,1036,70572,3
-2586,1037,70648,3
-3711,1038,70731,3
-1181,1039,70753,3
-1271,1040,70790,3
-797,1041,70809,3
-1141,1042,70847,3
-2342,1043,70926,3
-7066,1044,71211,4
-3392,1045,71344,3
-1205,1046,71401,4
-2999,1047,71501,3
-2404,1048,71564,3
-3501,1049,71743,4
-2539,1050,71841,4
-2276,1051,71905,3
-1197,1052,71957,4
-2395,1053,72058,4
-2820,1054,72164,3
-1736,1055,72196,3
-4218,1056,72340,3
-2346,1057,72397,3
-1745,1058,72461,3
-2834,1059,72546,3
-1265,1060,72586,3
-3288,1061,72740,4
-1110,1062,72782,3
-1703,1063,72918,5
-3288,1064,73044,3
-1094,1065,73070,3
-1909,1066,73160,4
-1121,1067,73182,3
-5974,1068,73364,3
-1806,1069,73413,3
-2924,1070,73519,3
-1295,1071,73559,3
-3260,1072,73656,3
-2928,1073,73792,4
-310,1074,73844,4
-1229,1075,73924,4
-1497,1076,73960,3
-104,1077,74007,4
-1394,1078,74045,3
-1439,1079,74073,3
-2241,1080,74148,3
-3027,1081,74230,3
-1887,1082,74278,3
-1408,1083,74331,4
-1509,1084,74377,3
-2183,1085,74430,3
-4172,1086,74563,3
-5660,1087,74757,3
-4459,1088,74924,3
-1374,1089,75027,4
-1305,1090,75076,3
-1451,1091,75113,3
-1564,1092,75154,3
-3038,1093,75234,3
-1252,1094,75291,4
-618,1095,75309,3
-3652,1096,75486,4
-1091,1097,75587,5
-3086,1098,75682,3
-2123,1099,75822,5
-919,1100,75845,3
-1401,1101,75866,3
-1259,1102,75906,3
-2855,1103,76048,4
-1691,1104,76071,3
-1549,1105,76122,3
-1822,1106,76158,3
-1040,1107,76201,4
-1108,1108,76289,4
-4128,1109,76455,3
-2490,1110,76512,3
-779,1111,76543,3
-1110,1112,76564,3
-781,1113,76585,3
-3534,1114,76702,3
-2156,1115,76815,4
232,1116,76847,4
-2884,1117,76936,3
-4163,1118,77079,3
-1236,1119,77113,3
-3137,1120,77268,4
-1474,1121,77337,4
-658,1122,77424,5
-1341,1123,77454,3
-1212,1124,77499,3
-4698,1125,77671,3
-797,1126,77694,3
-3125,1127,77821,4
-929,1128,77850,3
-1295,1129,77872,3
-3062,1130,77951,3
-3373,1131,78077,3
-3127,1132,78193,3
-3899,1133,78326,4
-1342,1134,78379,3
-1053,1135,78491,5
-852,1136,78507,3
-3396,1137,78652,4
-1216,1138,78730,4
-788,1139,78753,3
-3286,1140,78952,5
-2341,1141,79121,5
-2132,1142,79165,3
-2737,1143,79243,3
-814,1144,79308,4
-843,1145,79342,3
-1404,1146,79402,4
-2030,1147,79499,4
-768,1148,79584,5
-1716,1149,79700,5
-1592,1150,79740,3
-2690,1151,79881,4
-3362,1152,80014,3
-3456,1153,80164,3
-2588,1154,80338,5
-2348,1155,80424,3
-606,1156,80472,4
-1790,1157,80522,3
-1218,1158,80572,4
-1666,1159,80634,3
-1058,1160,80714,4
-5912,1161,80913,3
-2253,1162,80965,3
-2433,1163,81049,3
-2104,1164,81102,3
-2478,1165,81235,4
-3201,1166,81313,3
-2721,1167,81415,3
-1102,1168,81444,3
-1281,1169,81474,3
-2117,1170,81520,3
-3353,1171,81602,3
-1937,1172,81732,5
-1306,1173,81776,3
-2548,1174,81862,3
-751,1175,81950,5
-5158,1176,82108,3
-1267,1177,82128,3
-1925,1178,82202,3
-2709,1179,82304,3
-2282,1180,82384,3
-2894,1181,82496,3
-1155,1182,82515,3
-1386,1183,82613,5
-1476,1184,82635,3
-4030,1185,82825,4
-107,1186,82860,4
-3670,1187,83041,4
-1527,1188,83120,4
-624,1189,83189,4
-2508,1190,83335,4
-4486,1191,83509,4
-2807,1192,83653,4
-680,1193,83701,4
-755,1194,83734,4
-2133,1195,83774,3
-1692,1196,83869,4
147,1197,83934,5
-3362,1198,84087,4
-1789,1199,84122,3
-4647,1200,84313,4
-701,1201,84381,4
-805,1202,84437,4
-935,1203,84471,3
-3013,1204,84587,3
-1188,1205,84614,3
-1896,1206,84694,4
-2404,1207,84796,3
-3005,1208,84934,4
-818,1209,84957,3
-927,1210,84988,3
-297,1211,85013,4
-1608,1212,85122,4
-2577,1213,85245,4
-1706,1214,85311,4
-4792,1215,85527,4
-1330,1216,85563,3
-721,1217,85584,3
-762,1218,85602,3
-1508,1219,85654,3
-1259,1220,85703,3
-5416,1221,85892,3
-2275,1222,86009,4
-1826,1223,86073,3
-1589,1224,86144,4
-2187,1225,86213,3
-1133,1226,86230,3
-1135,1227,86250,3
-2814,1228,86311,3
-4949,1229,86504,3
-796,1230,86524,3
-1430,1231,86579,3
-779,1232,86611,3
-1756,1233,86647,3
-3223,1234,86837,5
466,1235,86871,5
-1434,1236,86901,3
-2393,1237,87069,5
-2722,1238,87156,3
387,1239,87189,4
-5252,1240,87456,5
-2631,1241,87583,5
-978,1242,87626,4
-1550,1243,87690,3
-2534,1244,87778,3
-1630,1245,87843,3
-3379,1246,88046,5
-4020,1247,88242,5
-1085,1248,88264,3
-228,1249,88340,5
-2726,1250,88481,5
-2930,1251,88627,4
-2680,1252,88701,3
-2360,1253,88756,3
-1430,1254,88814,3
-7694,1255,89074,4
-2615,1256,89144,3
-1137,1257,89172,3
-2636,1258,89356,5
-892,1259,89383,3
-1203,1260,89487,5
-1595,1261,89522,3
-3105,1262,89655,4
-1735,1263,89700,3
-987,1264,89733,3
-2370,1265,89841,4
-798,1266,89878,4
-1284,1267,89994,5
-1421,1268,90125,5
-711,1269,90153,3
-640,1270,90167,3
-908,1271,90196,3
-3147,1272,90361,4
-1937,1273,90419,3
-923,1274,90453,3
-816,1275,90508,4
-3552,1276,90712,5
-1276,1277,90832,5
-2527,1278,91025,5
-2189,1279,91065,3
-579,1280,91086,3
-1789,1281,91163,3
-812,1282,91198,4
-985,1283,91256,4
-4179,1284,91468,5
-4074,1285,91651,4
-1892,1286,91783,5
52,1287,91843,5
-5222,1288,92073,4
-1128,1289,92119,3
-3928,1290,92229,3
-881,1291,92300,4
-1336,1292,92344,3
-1911,1293,92474,4
-1410,1294,92514,3
-972,1295,92545,3
-2005,1296,92580,3
-2766,1297,92716,4
-1956,1298,92825,4
-1413,1299,92948,5
-873,1300,93054,5
-1707,1301,93185,5
-974,1302,93244,4
-1397,1303,93365,5
-2005,1304,93437,3
-1194,1305,93513,4
-4680,1306,93673,3
-2565,1307,93806,4
-4024,1308,93968,4
-2124,1309,94043,3
-1152,1310,94089,3
-1896,1311,94164,3
-2552,1312,94231,3
-1164,1313,94316,4
-3945,1314,94428,4
-1456,1315,94494,3
-835,1316,94526,3
-2705,1317,94641,4
-1030,1318,94683,3
-3168,1319,94776,3
-1209,1320,94791,3
-1228,1321,94820,3
-1606,1322,94852,3
-4584,1323,95099,4
-3558,1324,95255,4
-953,1325,95323,4
-2632,1326,95507,5
-1194,1327,95611,5
-673,1328,95631,4
331,1329,95661,5
-3728,1330,95869,5
-1056,1331,95899,3
-3313,1332,96088,4
-1329,1333,96115,3
-608,1334,96157,4
-1466,1335,96247,4
-402,1336,96327,5
-1398,1337,96394,4
-830,1338,96416,3
-1726,1339,96540,5
-859,1340,96560,3
-2911,1341,96637,3
-2254,1342,96705,3
-3550,1343,96846,3
-4429,1344,97022,3
-349,1345,97064,4
-2419,1346,97133,3
-142,1347,97176,4
-1022,1348,97275,5
-2091,1349,97380,4
-2003,1350,97451,3
-1164,1351,97530,4
-6250,1352,97763,3
-1546,1353,97825,3
-1412,1354,97854,3
-5074,1355,98034,4
-1474,1356,98088,4
-2397,1357,98166,3
-1569,1358,98253,4
-3488,1359,98353,3
-1930,1360,98412,3
-862,1361,98507,5
312,1362,98547,5
-1830,1363,98599,3
-3751,1364,98765,4
-2776,1365,98827,3
-1460,1366,98901,4
-1175,1367,98932,3
-2980,1368,99012,3
-946,1369,99044,3
-654,1370,99078,4
-6882,1371,99373,4
-1117,1372,99476,5
-644,1373,99502,3
-551,1374,99539,4
-2174,1375,99658,4
-744,1376,99732,5
-2061,1377,99858,4
-1475,1378,99926,4
-1934,1379,100008,3
-1104,1380,100044,3
-987,1381,100102,4
-1321,1382,100146,3
787,1383,100217,6
-1760,1384,100281,3
-1749,1385,100327,3
-516,1386,100378,4
-1151,1387,100409,3
-2184,1388,100515,4
-2195,1389,100634,4
770,1390,100664,5
-1400,1391,100787,5
-1188,1392,100806,3
-4057,1393,101002,4
-1126,1394,101122,5
-244,1395,101200,5
131,1396,101260,5
-2977,1397,101360,4
-1134,1398,101397,3
-1910,1399,101479,3
-2602,1400,101615,4
-4227,1401,101774,3
47,1402,101851,6
-88,1403,101885,4
-1165,1404,101915,3
-321,1405,101930,4
-1502,1406,101982,3
-3486,1407,102142,4
-942,1408,102222,5
-1486,1409,102306,4
-1170,1410,102349,3
-1621,1411,102396,3
-399,1412,102441,4
-2110,1413,102513,3
-905,1414,102542,3
-1265,1415,102612,4
-2500,1416,102784,5
-4103,1417,103013,5
-1498,1418,103142,5
-1087,1419,103211,4
-2503,1420,103386,5
-3974,1421,103506,4
-1207,1422,103579,4
-1116,1423,103689,5
342,1424,103709,4
-2141,1425,103806,4
-54,1426,103843,4
-3763,1427,104086,6
-599,1428,104126,4
-3298,1429,104263,3
368,1430,104316,5
681,1431,104382,6
398,1432,104420,5
-1085,1433,104488,4
-2568,1434,104624,4
-778,1435,104715,5
-997,1436,104811,4
-880,1437,104837,3
-2085,1438,104912,3
-2642,1439,104997,3
-1267,1440,105033,3
-1083,1441,105069,3
-373,1442,105093,4
-119,1443,105167,5
-995,1444,105211,3
-562,1445,105278,5
-1552,1446,105334,3
-762,1447,105364,4
872,1448,105389,5
-5792,1449,105642,4
-1028,1450,105710,4
-1430,1451,105829,5
-2342,1452,105906,3
-133,1453,105962,5
-1749,1454,106022,3
-74,1455,106062,4
-729,1456,106123,4
75,1457,106165,5
-2231,1458,106349,6
-2138,1459,106407,3
-1374,1460,106456,3
-2654,1461,106575,4
-788,1462,106619,4
-1277,1463,106656,3
145,1464,106713,5
-882,1465,106797,5
-2122,1466,106851,3
-720,1467,106869,3
538,1468,106908,5
-1937,1469,107077,6
-1260,1470,107129,3
-475,1471,107209,5
-946,1472,107273,4
-1387,1473,107363,4
-3032,1474,107487,3
-1113,1475,107529,3
-419,1476,107579,4
410,1477,107604,5
-1222,1478,107639,3
-1016,1479,107787,6
223,1480,107844,5
-3533,1481,108061,5
-2120,1482,108237,6
-1169,1483,108259,3
-66,1484,108330,5
-4110,1485,108520,4
-1196,1486,108551,3
71,1487,108575,4
-1425,1488,108636,4
273,1489,108685,5
-3207,1490,108808,3
-1416,1491,108890,4
-1090,1492,108993,5
155,1493,109033,5
-1712,1494,109133,4
162,1495,109185,5
-3016,1496,109392,5
-1848,1497,109449,3
-2892,1498,109622,5
-2469,1499,109704,3
613,1500,109721,5
-3143,1501,109925,5
-1470,1502,109947,3
-2558,1503,110029,3
-1423,1504,110142,5
-1804,1505,110210,3
-1457,1506,110254,3
-868,1507,110305,4
-989,1508,110333,3
-1111,1509,110365,3
-2345,1510,110503,4
-551,1511,110582,5
-999,1512,110621,3
-613,1513,110645,3
-859,1514,110713,4
-3206,1515,110899,5
120,1516,110954,5
-1932,1517,111017,3
-2010,1518,111150,4
-938,1519,111175,3
-1545,1520,111281,4
-51,1521,111349,5
-3223,1522,111527,5
-615,1523,111605,5
-211,1524,111663,5
-1937,1525,111733,3
-234,1526,111853,7
-2445,1527,111959,4
-2127,1528,112022,3
-955,1529,112057,3
-1488,1530,112102,3
-769,1531,112123,3
-1519,1532,112243,5
-67,1533,112311,5
-783,1534,112399,5
-1731,1535,112457,3
-1098,1536,112538,4
-895,1537,112561,3
-274,1538,112645,5
-4973,1539,112912,5
-1959,1540,113024,4
-1523,1541,113086,3
-2356,1542,113175,3
-4153,1543,113416,5
-954,1544,113452,3
-2411,1545,113580,4
6,1546,113631,5
-1670,1547,113689,3
-2215,1548,113794,4
-1123,1549,113876,5
-1323,1550,113961,4
-641,1551,114041,5
-2665,1552,114198,5
56,1553,114223,4
-2292,1554,114350,4
-1105,1555,114364,3
20,1556,114421,5
-2038,1557,114565,5
-193,1558,114628,5
-649,1559,114648,3
-878,1560,114743,5
-1737,1561,114811,4
-367,1562,114908,5
47,1563,114965,5
-825,1564,114990,3
-2954,1565,115108,4
-1040,1566,115133,3
-692,1567,115150,3
-1620,1568,115249,4
-571,1569,115306,4
-620,1570,115323,3
-1237,1571,115426,5
-1145,1572,115549,5
-2279,1573,115605,3
-1953,1574,115729,4
-1178,1575,115797,4
-212,1576,115842,5
-2588,1577,115922,3
-551,1578,116026,5
-1118,1579,116086,4
-1013,1580,116105,3
-1308,1581,116173,4
-1964,1582,116234,3
-740,1583,116265,3
-731,1584,116327,4
-2357,1585,116443,4
-174,1586,116485,4
-2724,1587,116617,4
-1829,1588,116645,3
-484,1589,116663,3
-1140,1590,116690,3
-1739,1591,116798,4
-1018,1592,116827,3
-1427,1593,116849,3
-1247,1594,116911,4
-373,1595,116975,5
-1053,1596,117033,4
617,1597,117072,5
-2340,1598,117218,5
-573,1599,117270,4
-864,1600,117295,3
-3190,1601,117482,5
-2964,1602,117621,4
69,1603,117681,5
-912,1604,117702,3
-68,1605,117741,4
604,1606,117795,5
-2561,1607,117936,4
-1097,1608,117976,3
663,1609,118032,5
-1309,1610,118067,3
-2480,1611,118189,4
-1058,1612,118263,4
-69,1613,118297,4
-18,1614,118328,4
-585,1615,118417,5
-830,1616,118439,3
-793,1617,118499,4
-93,1618,118557,5
-250,1619,118641,5
-1929,1620,118747,4
-221,1621,118832,5
-1694,1622,118972,5
-3111,1623,119161,5
-1660,1624,119293,5
-1008,1625,119306,3
-414,1626,119350,4
-589,1627,119438,5
311,1628,119485,5
-1089,1629,119568,4
95,1630,119633,5
-3491,1631,119743,3
-1655,1632,119848,4
-2729,1633,119976,4
-2334,1634,120060,3
-2986,1635,120230,5
-2258,1636,120313,4
376,1637,120336,4
-1113,1638,120382,3
-2299,1639,120528,5
217,1640,120575,5
-2013,1641,120669,4
-652,1642,120750,5
-1636,1643,120846,4
-1334,1644,120920,4
-1353,1645,121038,5
277,1646,121092,5
-321,1647,121144,4
-728,1648,121254,5
-1647,1649,121272,3
-4266,1650,121498,5
-1173,1651,121552,4
-3250,1652,121702,4
307,1653,121749,5
-60,1654,121797,4
-318,1655,121837,4
-3727,1656,122023,4
-1775,1657,122117,4
-1479,1658,122246,5
-2168,1659,122381,5
-3390,1660,122519,3
-1614,1661,122637,5
-739,1662,122693,4
-1581,1663,122730,3
624,1664,122803,6
-437,1665,122886,5
405,1666,122954,5
-707,1667,122976,3
-3265,1668,123124,5
-383,1669,123185,4
-234,1670,123234,5
-4328,1671,123477,5
-9,1672,123535,5
-958,1673,123568,3
-1052,1674,123676,5
-1568,1675,123743,3
-1117,1676,123785,3
389,1677,123842,5
-1568,1678,123867,3
-160,1679,123898,4
-253,1680,123967,5
-12,1681,124039,5
779,1682,124104,6
-3464,1683,124271,4
328,1684,124300,4
-1379,1685,124346,3
-460,1686,124388,4
-952,1687,124436,4
-1305,1688,124526,4
-961,1689,124606,5
1,1690,124680,5
-1730,1691,124723,3
49,1692,124777,5
-1071,1693,124865,5
-2441,1694,124984,4
-1544,1695,125070,4
-3807,1696,125152,3
-743,1697,125211,4
479,1698,125251,5
-452,1699,125297,4
-374,1700,125349,4
-1281,1701,125438,5
-820,1702,125523,5
-850,1703,125601,4
-1362,1704,125710,5
-533,1705,125792,5
-278,1706,125870,5
-596,1707,125967,5
-440,1708,126027,4
-1521,1709,126106,4
-959,1710,126168,4
450,1711,126219,5
-331,1712,126304,5
-2373,1713,126455,5
-840,1714,126561,5
-1274,1715,126683,5
-660,1716,126722,4
658,1717,126740,5
-848,1718,126759,3
-6969,1719,127054,4
-1395,1720,127090,3
-3036,1721,127214,4
-119,1722,127292,5
750,1723,127342,6
39,1724,127409,5
288,1725,127458,5
-2183,1726,127553,4
-1459,1727,127603,3
-1578,1728,127706,4
-383,1729,127808,5
-127,1730,127889,5
-1669,1731,127982,4
-1719,1732,128030,3
119,1733,128075,5
64,1734,128141,5
-2043,1735,128296,5
-807,1736,128353,4
-571,1737,128431,5
167,1738,128474,5
-1239,1739,128516,4
-469,1740,128600,5
-711,1741,128670,4
-575,1742,128713,4
-951,1743,128829,5
-1141,1744,128933,5
-878,1745,129001,4
-1918,1746,129147,5
-2227,1747,129234,3
-888,1748,129324,4
-451,1749,129385,5
-3923,1750,129618,4
-838,1751,129679,4
-614,1752,129711,4
-316,1753,129769,5
-2144,1754,129849,3
-308,1755,129930,5
-810,1756,130001,4
483,1757,130045,5
-849,1758,130075,3
-987,1759,130167,5
-2647,1760,130307,4
-789,1761,130334,3
398,1762,130439,6
229,1763,130496,6
-1021,1764,130562,4
-1383,1765,130696,5
-1445,1766,130786,4
-2700,1767,130961,5
-1258,1768,131064,5
-591,1769,131169,6
628,1770,131227,6
-1239,1771,131323,4
528,1772,131351,5
-368,1773,131405,4
185,1774,131448,5
-1251,1775,131497,3
-1254,1776,131601,5
-1587,1777,131675,4
-346,1778,131723,4
-1905,1779,131771,3
-229,1780,131835,5
234,1781,131886,5
-1096,1782,131933,3
-4062,1783,132112,4
-230,1784,132192,5
-63,1785,132257,5
-192,1786,132319,5
-61,1787,132384,5
-387,1788,132476,5
178,1789,132497,4
-692,1790,132574,5
-2217,1791,132656,3
-897,1792,132715,4
-1149,1793,132751,3
-1790,1794,132872,4
676,1795,132915,5
-315,1796,132992,5
-114,1797,133040,4
-631,1798,133079,4
-3146,1799,133228,5
742,1800,133290,6
-1508,1801,133351,3
-2359,1802,133491,5
-66,1803,133580,5
542,1804,133621,5
-1795,1805,133752,5
-2882,1806,133882,4
-224,1807,133974,6
-1704,1808,134010,3
-456,1809,134025,3
-981,1810,134100,4
-242,1811,134150,4
-79,1812,134232,5
-1476,1813,134277,3
945,1814,134379,6
-1230,1815,134430,3
-846,1816,134473,4
-4401,1817,134713,5
-998,1818,134808,5
-2251,1819,134952,4
-392,1820,135033,5
-321,1821,135082,4
-2166,1822,135137,3
289,1823,135176,5
-760,1824,135258,5
-194,1825,135330,5
-456,1826,135345,3
273,1827,135393,5
-1172,1828,135507,5
-2157,1829,135646,5
-1146,1830,135764,5
-1014,1831,135794,3
625,1832,135820,5
702,1833,135868,5
-796,1834,135888,3
-1731,1835,135959,4
-1424,1836,136006,3
52,1837,136074,5
-2155,1838,136192,4
1086,1839,136228,5
-3047,1840,136412,5
-1524,1841,136521,5
-169,1842,136536,4
-672,1843,136555,3
-367,1844,136627,5
-1437,1845,136718,4
-3845,1846,136917,5
-501,1847,137033,5
800,1848,137068,5
-1574,1849,137149,4
-1198,1850,137257,4
-2162,1851,137374,4
-1506,1852,137413,3
-350,1853,137474,5
-1739,1854,137544,3
-1323,1855,137609,4
-1497,1856,137748,5
445,1857,137784,5
-1520,1858,137812,3
-914,1859,137850,3
-44,1860,137890,4
146,1861,137948,5
146,1862,138005,5
-717,1863,138032,3
1388,1864,138067,6
-439,1865,138123,4
344,1866,138160,5
379,1867,138208,5
-40,1868,138273,5
423,1869,138327,5
-2446,1870,138438,4
-2050,1871,138571,5
33,1872,138636,5
-924,1873,138729,5
-1165,1874,138752,3
651,1875,138785,5
-1894,1876,138921,5
-2345,1877,138962,3
-2067,1878,139078,4
241,1879,139105,4
-984,1880,139207,5
-765,1881,139234,3
-600,1882,139267,4
-295,1883,139319,5
-1312,1884,139340,3
-150,1885,139380,4
870,1886,139409,5
-794,1887,139440,3
-1177,1888,139548,5
-1205,1889,139681,5
1027,1890,139709,5
-1657,1891,139847,5
-2461,1892,139988,5
-174,1893,140063,5
933,1894,140147,7
-2039,1895,140220,3
-687,1896,140302,5
-1686,1897,140421,5
-777,1898,140455,3
-2107,1899,140557,4
-1571,1900,140649,4
-2154,1901,140809,6
-1848,1902,140899,4
164,1903,140974,6
397,1904,141061,6
-744,1905,141079,3
90,1906,141141,5
-459,1907,141196,4
-174,1908,141278,5
-1300,1909,141338,4
-1731,1910,141396,3
-8,1911,141463,5
97,1912,141530,5
-1551,1913,141656,5
-524,1914,141711,4
-185,1915,141795,5
317,1916,141837,5
-1146,1917,141904,4
-746,1918,141967,4
-2497,1919,142017,3
185,1920,142081,5
-1404,1921,142135,3
-1559,1922,142221,4
-1237,1923,142266,3
398,1924,142291,5
-398,1925,142378,5
-485,1926,142463,6
-163,1927,142502,4
17,1928,142561,5
-1512,1929,142685,5
-626,1930,142778,5
-1008,1931,142850,4
-1272,1932,143000,6
-1018,1933,143056,4
-1365,1934,143198,6
-1244,1935,143244,3
-3181,1936,143376,4
-273,1937,143438,5
-1384,1938,143556,5
37,1939,143575,4
34,1940,143624,5
-2172,1941,143738,4
-1959,1942,143796,3
-1601,1943,143903,4
-1086,1944,143944,4
-992,1945,144021,4
-2826,1946,144139,4
402,1947,144183,5
-1675,1948,144279,4
139,1949,144359,5
-764,1950,144382,3
105,1951,144431,5
-1123,1952,144546,5
-977,1953,144611,4
102,1954,144664,5
-1676,1955,144812,5
-1542,1956,144901,4
94,1957,144957,5
312,1958,144982,4
-25,1959,145021,5
-744,1960,145101,5
-1001,1961,145136,3
-1568,1962,145220,4
-559,1963,145321,5
-340,1964,145359,4
-284,1965,145445,5
2,1966,145487,4
-4,1967,145556,5
-1283,1968,145626,4
-940,1969,145716,5
-2392,1970,145770,3
-159,1971,145839,5
-1106,1972,145941,5
-3098,1973,146102,4
60,1974,146172,5
-365,1975,146209,4
-616,1976,146289,4
-1278,1977,146384,4
-658,1978,146488,5
-1692,1979,146593,4
-1676,1980,146709,5
-2246,1981,146852,4
-270,1982,146904,4
375,1983,146939,5
-260,1984,146970,4
-969,1985,147009,3
0,1986,147046,5
-968,1987,147159,5
274,1988,147205,5
-1468,1989,147324,5
-1069,1990,147386,4
-424,1991,147486,6
-1349,1992,147619,5
397,1993,147696,6
-326,1994,147738,4
-391,1995,147777,4
-459,1996,147867,5
-137,1997,147940,5
580,1998,147966,5
-226,1999,147994,4
-870,2000,148102,6
-1268,2001,148193,5
-367,2002,148280,6
-1788,2003,148414,5
383,2004,148462,5
-1550,2005,148512,3
-2714,2006,148588,3
-96,2007,148653,5
-778,2008,148773,6
-682,2009,148858,5
-508,2010,148875,3
-2531,2011,149040,5
-1257,2012,149155,5
390,2013,149199,5
-1075,2014,149228,3
-1469,2015,149259,3
-769,2016,149313,4
-337,2017,149389,5
-1442,2018,149441,4
-1285,2019,149482,3
-1388,2020,149542,4
-704,2021,149641,5
-424,2022,149718,5
54,2023,149775,5
-1236,2024,149865,5
58,2025,149923,5
-1050,2026,150002,4
831,2027,150053,6
-851,2028,150072,3
-583,2029,150087,3
-1520,2030,150180,4
-2290,2031,150314,5
-2317,2032,150440,4
735,2033,150506,6
102,2034,150571,5
-2797,2035,150719,5
-1572,2036,150749,3
-868,2037,150829,5
-1157,2038,150846,3
234,2039,150885,5
-189,2040,150949,5
-576,2041,151011,4
890,2042,151040,5
793,2043,151065,5
642,2044,151105,5
312,2045,151165,5
-2258,2046,151314,5
-466,2047,151401,5
222,2048,151512,6
-1488,2049,151613,4
380,2050,151659,5
-41,2051,151676,4
-735,2052,151780,5
1049,2053,151811,5
-279,2054,151860,4
500,2055,151900,5
401,2056,151945,5
-1706,2057,152056,5
-508,2058,152130,5
-69,2059,152209,5
-1969,2060,152259,3
270,2061,152323,5
137,2062,152380,5
-144,2063,152445,5
-579,2064,152529,5
296,2065,152576,5
-1551,2066,152730,6
282,2067,152761,4
-360,2068,152809,4
27,2069,152849,4
-100,2070,152931,5
-1447,2071,153067,5
359,2072,153133,5
255,2073,153191,5
-66,2074,153282,5
649,2075,153311,5
420,2076,153350,5
-146,2077,153425,5
344,2078,153461,5
400,2079,153503,5
423,2080,153532,5
187,2081,153614,5
-1326,2082,153639,3
-458,2083,153677,4
-2146,2084,153786,4
490,2085,153833,5
-2036,2086,153910,3
452,2087,153977,5
-936,2088,154102,5
-127,2089,154176,5
259,2090,154225,5
-287,2091,154297,5
-1518,2092,154336,3
-1264,2093,154453,6
739,2094,154492,5
114,2095,154563,5
1062,2096,154586,6
-201,2097,154618,5
-905,2098,154685,4
-2259,2099,154769,3
-518,2100,154898,6
-1445,2101,154963,4
140,2102,155018,5
244,2103,155071,5
70,2104,155123,5
865,2105,155150,5
87,2106,155199,5
-112,2107,155254,5
126,2108,155295,5
-153,2109,155319,4
583,2110,155352,5
-1077,2111,155443,4
-881,2112,155491,4
192,2113,155532,5
-1090,2114,155621,4
-691,2115,155681,4
387,2116,155745,5
-2144,2117,155861,4
-1726,2118,155939,3
-359,2119,156060,6
-562,2120,156137,5
-1186,2121,156175,3
-887,2122,156268,5
-522,2123,156358,5
-613,2124,156430,5
-1721,2125,156568,5
-922,2126,156637,4
-929,2127,156666,3
-1238,2128,156792,5
-124,2129,156865,5
-44,2130,156936,5
-1103,2131,157036,5
-1652,2132,157161,5
161,2133,157207,5
1443,2134,157280,7
-1153,2135,157357,4
-320,2136,157403,4
-385,2137,157482,5
1767,2138,157552,8
425,2139,157642,6
70,2140,157707,5
-387,2141,157854,6
-712,2142,157983,6
-632,2143,158078,5
-2215,2144,158263,6
359,2145,158327,5
-990,2146,158446,5
568,2147,158515,6
-520,2148,158579,5
-3312,2149,158646,3
214,2150,158674,5
-486,2151,158732,5
-2692,2152,158840,4
-1849,2153,158954,4
-157,2154,159004,4
309,2155,159052,5
-1083,2156,159111,4
1249,2157,159194,7
-445,2158,159281,5
185,2159,159300,4
365,2160,159337,5
114,2161,159414,5
-760,2162,159517,5
547,2163,159550,5
52,2164,159572,4
-1866,2165,159669,4
-232,2166,159714,4
-1307,2167,159754,3
-571,2168,159802,4
-11,2169,159867,5
490,2170,159931,5
-1151,2171,159972,3
-1563,2172,160086,5
262,2173,160135,5
874,2174,160156,5
1159,2175,160203,6
-1324,2176,160343,5
664,2177,160419,6
92,2178,160442,4
318,2179,160479,5
-861,2180,160544,5
703,2181,160593,5
914,2182,160624,5
-325,2183,160654,4
159,2184,160712,5
-77,2185,160777,5
-1143,2186,160887,5
-52,2187,160951,5
365,2188,161019,5
-803,2189,161047,3
152,2190,161078,4
-827,2191,161156,4
315,2192,161205,5
-1858,2193,161310,4
-2092,2194,161493,6
-207,2195,161533,4
-80,2196,161556,4
1358,2197,161621,7
688,2198,161651,5
-785,2199,161709,4
407,2200,161758,5
-313,2201,161785,4
91,2202,161826,5
-840,2203,161945,5
91,2204,162004,5
-913,2205,162030,3
-1701,2206,162160,5
-116,2207,162226,5
208,2208,162280,5
619,2209,162307,5
-165,2210,162380,5
-380,2211,162405,4
-2514,2212,162508,3
-454,2213,162564,4
-838,2214,162658,5
1297,2215,162767,7
-672,2216,162806,4
910,2217,162822,5
-557,2218,162841,3
611,2219,162879,5
-496,2220,162981,5
-334,2221,163011,4
-2174,2222,163071,4
-375,2223,163102,4
96,2224,163158,5
218,2225,163212,5
288,2226,163270,5
578,2227,163338,6
-303,2228,163393,5
152,2229,163458,5
-379,2230,163536,5
407,2231,163567,5
-417,2232,163647,5
-126,2233,163700,5
325,2234,163734,4
561,2235,163771,5
333,2236,163875,6
237,2237,163928,5
306,2238,163970,5
-197,2239,164024,4
431,2240,164073,5
-74,2241,164157,5
545,2242,164220,5
39,2243,164298,5
242,2244,164361,5
-1352,2245,164410,3
-445,2246,164479,5
-1471,2247,164603,5
-1591,2248,164702,4
-184,2249,164768,5
-1805,2250,164847,3
-296,2251,164934,5
-345,2252,165001,4
231,2253,165069,5
-691,2254,165102,4
-471,2255,165202,5
-324,2256,165233,4
-317,2257,165305,5
-1024,2258,165426,5
428,2259,165470,5
-350,2260,165511,4
560,2261,165544,5
-1180,2262,165667,5
-1401,2263,165697,3
218,2264,165757,5
-257,2265,165879,6
-560,2266,165923,4
339,2267,165981,5
-120,2268,166042,4
-4,2269,166112,5
793,2270,166178,6
1121,2271,166211,6
573,2272,166255,5
74,2273,166304,5
-1484,2274,166405,4
-397,2275,166490,5
464,2276,166532,5
732,2277,166566,5
-211,2278,166621,5
15,2279,166643,4
202,2280,166688,5
483,2281,166722,5
3,2282,166781,5
555,2283,166832,5
-18,2284,166878,5
-526,2285,166895,3
-397,2286,166971,5
-681,2287,167057,5
-187,2288,167161,6
-74,2289,167217,5
-2129,2290,167275,3
-244,2291,167330,5
1099,2292,167368,6
-375,2293,167456,5
92,2294,167522,5
-772,2295,167610,5
-499,2296,167736,6
-518,2297,167807,5
-1351,2298,167867,3
-548,2299,167923,4
594,2300,167946,5
391,2301,167995,5
-454,2302,168013,3
-671,2303,168035,3
-791,2304,168139,5
-150,2305,168193,4
-837,2306,168246,4
-293,2307,168341,5
-1127,2308,168427,5
559,2309,168508,6
-157,2310,168593,5
211,2311,168615,4
-93,2312,168686,5
-517,2313,168760,5
82,2314,168813,5
455,2315,168856,5
157,2316,168923,5
690,2317,168936,5
-853,2318,168968,3
-637,2319,169059,5
-315,2320,169142,5
-659,2321,169197,4
-2155,2322,169310,4
-790,2323,169368,4
-168,2324,169435,5
653,2325,169459,5
378,2326,169506,5
-726,2327,169616,5
73,2328,169650,4
-517,2329,169719,4
58,2330,169733,4
-294,2331,169815,5
-578,2332,169862,4
531,2333,169915,5
-539,2334,169996,5
-1061,2335,170089,5
-325,2336,170168,5
654,2337,170209,5
651,2338,170244,5
-597,2339,170322,5
335,2340,170389,5
-376,2341,170508,6
892,2342,170526,5
-422,2343,170585,5
-1313,2344,170711,5
504,2345,170767,5
440,2346,170813,5
-1163,2347,170906,5
-402,2348,170946,4
492,2349,170975,5
-153,2350,171019,4
169,2351,171079,5
-1189,2352,171200,5
311,2353,171234,5
337,2354,171355,6
457,2355,171414,5
-511,2356,171431,3
127,2357,171493,5
32,2358,171573,5
834,2359,171598,5
513,2360,171622,4
285,2361,171680,5
277,2362,171737,5
871,2363,171766,5
-30,2364,171862,6
578,2365,171882,5
670,2366,171923,5
359,2367,171975,5
-819,2368,172077,5
1006,2369,172143,6
-288,2370,172202,5
-2632,2371,172373,4
-21,2372,172392,4
-917,2373,172476,5
225,2374,172512,4
-1184,2375,172605,5
-39,2376,172667,5
-1543,2377,172738,4
-505,2378,172819,5
254,2379,172886,5
-8,2380,172913,4
20,2381,172995,5
680,2382,173076,6
786,2383,173117,5
127,2384,173178,5
-102,2385,173231,5
-520,2386,173347,6
-922,2387,173395,4
55,2388,173469,6
-626,2389,173486,3
-90,2390,173560,5
-2538,2391,173675,4
-1322,2392,173736,3
339,2393,173777,5
878,2394,173808,5
-1027,2395,173900,4
489,2396,173945,5
326,2397,174024,6
-181,2398,174090,5
603,2399,174131,5
-349,2400,174206,5
-230,2401,174272,5
-97,2402,174349,5
-1516,2403,174471,5
-926,2404,174560,5
-274,2405,174579,4
-328,2406,174652,5
-498,2407,174738,5
326,2408,174801,5
192,2409,174896,5
981,2410,174931,5
-494,2411,174992,4
419,2412,175014,5
-468,2413,175051,4
520,2414,175082,5
251,2415,175130,5
-858,2416,175151,3
-471,2417,175234,5
-29,2418,175304,5
-290,2419,175385,5
-180,2420,175422,4
-1145,2421,175465,3
-274,2422,175510,4
611,2423,175534,5
625,2424,175570,5
813,2425,175610,5
158,2426,175661,5
738,2427,175705,5
-565,2428,175808,6
531,2429,175837,5
364,2430,175891,5
145,2431,175933,5
287,2432,175972,4
164,2433,176000,4
-896,2434,176071,5
480,2435,176100,5
-444,2436,176187,5
-540,2437,176262,5
437,2438,176284,5
-52,2439,176326,4
535,2440,176349,5
715,2441,176382,5
-583,2442,176397,3
294,2443,176440,5
683,2444,176468,5
476,2445,176498,5
96,2446,176553,5
341,2447,176588,5
-382,2448,176679,5
742,2449,176726,5
329,2450,176772,5
-101,2451,176847,5
329,2452,176924,6
-1826,2453,177018,4
-1099,2454,177119,5
-924,2455,177181,4
962,2456,177205,5
17,2457,177248,5
-1377,2458,177330,4
-913,2459,177381,4
-1432,2460,177472,4
-1188,2461,177622,6
-302,2462,177686,5
-2124,2463,177816,5
57,2464,177876,5
354,2465,177929,5
604,2466,177973,5
-287,2467,177997,4
-89,2468,178018,4
441,2469,178052,5
-1721,2470,178098,3
300,2471,178158,5
-68,2472,178228,5
-445,2473,178306,5
-142,2474,178366,5
-448,2475,178478,5
724,2476,178548,6
-143,2477,178625,5
-905,2478,178662,3
-527,2479,178694,4
-450,2480,178762,5
-1644,2481,178828,3
-1038,2482,178850,3
-754,2483,178975,5
765,2484,179018,5
-82,2485,179104,5
1830,2486,179188,7
195,2487,179219,4
260,2488,179236,4
108,2489,179263,5
-319,2490,179341,5
695,2491,179360,5
522,2492,179438,6
-138,2493,179499,5
191,2494,179557,5
745,2495,179584,5
26,2496,179642,5
-618,2497,179735,5
-1550,2498,179839,4
-1243,2499,179937,5
268,2500,179964,4
46,2501,180024,5
1000,2502,180048,6
-64,2503,180107,5
53,2504,180157,5
146,2505,180210,5
-167,2506,180233,4
670,2507,180281,5
112,2508,180328,5
-148,2509,180412,5
738,2510,180435,5
-1344,2511,180548,5
992,2512,180609,6
-1909,2513,180660,3
293,2514,180716,5
-933,2515,180802,5
-2392,2516,180957,4
-877,2517,181076,5
-552,2518,181122,4
-832,2519,181148,3
-386,2520,181210,4
-233,2521,181254,4
407,2522,181384,7
178,2523,181484,6
-317,2524,181528,4
73,2525,181576,5
-1573,2526,181696,5
635,2527,181756,5
-448,2528,181807,5
-436,2529,181837,4
-1830,2530,181939,5
-820,2531,182041,5
-227,2532,182115,5
-451,2533,182153,4
670,2534,182182,5
-2464,2535,182350,5
803,2536,182408,6
245,2537,182441,5
486,2538,182506,5
226,2539,182561,5
-1419,2540,182748,6
1108,2541,182790,6
-146,2542,182860,5
591,2543,182892,5
226,2544,182970,5
88,2545,183042,5
-2336,2546,183124,3
-129,2547,183195,5
-104,2548,183266,5
210,2549,183316,5
-868,2550,183365,4
8,2551,183431,5
-694,2552,183549,5
-1214,2553,183597,4
-291,2554,183680,5
-1170,2555,183714,3
-515,2556,183725,3
-619,2557,183769,4
1226,2558,183818,6
855,2559,183856,5
-88,2560,183918,5
925,2561,183979,6
1737,2562,184031,7
19,2563,184102,5
1719,2564,184191,7
205,2565,184256,5
-1210,2566,184328,4
-2433,2567,184453,4
-844,2568,184547,5
914,2569,184572,5
182,2570,184623,5
-1523,2571,184694,4
-901,2572,184821,5
77,2573,184890,5
-821,2574,184909,3
1169,2575,184952,6
-440,2576,185011,5
-194,2577,185070,5
-656,2578,185154,5
865,2579,185184,5
-11,2580,185250,5
-279,2581,185351,5
129,2582,185387,5
-1846,2583,185553,6
838,2584,185581,5
394,2585,185620,5
-587,2586,185665,4
-796,2587,185762,5
-504,2588,185826,5
-1342,2589,185940,5
254,2590,185997,5
-872,2591,186097,5
-78,2592,186173,5
646,2593,186203,5
-7,2594,186252,5
57,2595,186292,5
595,2596,186313,5
-199,2597,186364,5
895,2598,186391,5
-1220,2599,186438,4
560,2600,186472,5
-1574,2601,186619,6
-2440,2602,186711,3
-488,2603,186771,4
-885,2604,186878,5
-2022,2605,187014,5
-57,2606,187045,5
-880,2607,187128,5
655,2608,187177,5
-561,2609,187282,5
-293,2610,187341,5
-310,2611,187392,4
657,2612,187432,5
295,2613,187474,5
-241,2614,187548,5
-177,2615,187603,5
-47,2616,187657,5
1262,2617,187682,6
760,2618,187709,5
653,2619,187724,5
483,2620,187771,5
515,2621,187792,5
-191,2622,187866,5
-527,2623,187940,4
-1069,2624,188027,4
513,2625,188077,5
-385,2626,188102,4
-287,2627,188197,6
-543,2628,188225,4
-996,2629,188306,4
75,2630,188360,5
469,2631,188378,5
-542,2632,188425,4
-340,2633,188480,5
-387,2634,188534,4
847,2635,188567,5
-335,2636,188637,5
-93,2637,188673,4
-569,2638,188777,6
-382,2639,188862,5
-913,2640,188978,5
209,2641,189030,5
1244,2642,189152,8
205,2643,189194,5
894,2644,189290,7
34,2645,189362,5
946,2646,189385,5
293,2647,189450,5
-195,2648,189523,5
720,2649,189549,5
-1378,2650,189589,4
683,2651,189620,5
-550,2652,189658,4
1197,2653,189711,7
235,2654,189848,7
558,2655,189876,5
1089,2656,189959,6
579,2657,190008,5
-2130,2658,190051,3
-1205,2659,190074,3
-117,2660,190139,5
-1662,2661,190212,4
871,2662,190244,5
-53,2663,190317,5
-662,2664,190373,4
300,2665,190430,5
412,2666,190485,5
-76,2667,190506,4
-294,2668,190586,5
534,2669,190633,5
-1029,2670,190709,4
-536,2671,190728,3
-520,2672,190801,5
-1082,2673,190836,3
607,2674,190859,5
-2069,2675,190947,3
379,2676,191012,5
1071,2677,191059,5
578,2678,191087,5
-1514,2679,191143,3
43,2680,191209,5
-214,2681,191250,5
-1068,2682,191334,5
235,2683,191359,4
-1745,2684,191424,3
-482,2685,191526,6
288,2686,191573,5
-1139,2687,191622,3
-53,2688,191682,5
-418,2689,191749,5
688,2690,191794,5
594,2691,191808,5
352,2692,191863,5
-160,2693,191906,4
477,2694,191939,4
776,2695,191970,5
352,2696,192009,5
484,2697,192062,5
-39,2698,192151,6
-279,2699,192216,5
1147,2700,192290,7
327,2701,192321,5
290,2702,192378,5
-1166,2703,192418,3
8,2704,192457,5
61,2705,192500,5
-506,2706,192589,5
314,2707,192626,5
-1675,2708,192748,5
112,2709,192788,5
-888,2710,192800,3
-1141,2711,192838,3
-1334,2712,192860,3
-63,2713,192913,5
487,2714,192961,5
-200,2715,193034,5
-23,2716,193140,6
-1025,2717,193237,5
-235,2718,193300,4
-248,2719,193368,5
916,2720,193394,5
450,2721,193454,5
-1079,2722,193488,3
-727,2723,193518,3
16,2724,193544,4
-68,2725,193624,5
-256,2726,193672,4
-677,2727,193768,5
6,2728,193837,5
-406,2729,193891,4
714,2730,193912,5
600,2731,193987,6
-202,2732,194057,5
-763,2733,194131,4
549,2734,194180,5
-490,2735,194264,5
-624,2736,194347,5
133,2737,194406,5
-344,2738,194495,5
416,2739,194545,5
-2606,2740,194697,5
497,2741,194736,5
-11,2742,194780,5
-760,2743,194862,5
804,2744,194910,5
-1347,2745,195020,4
574,2746,195054,5
-385,2747,195110,4
-866,2748,195124,3
-217,2749,195241,5
20,2750,195273,4
207,2751,195312,5
-368,2752,195368,5
751,2753,195430,6
-679,2754,195511,5
-747,2755,195602,5
505,2756,195709,6
252,2757,195772,5
412,2758,195822,5
503,2759,195916,6
314,2760,195953,5
909,2761,196006,5
493,2762,196037,5
-346,2763,196108,5
334,2764,196150,5
-481,2765,196235,5
358,2766,196275,5
-207,2767,196352,5
-1314,2768,196486,5
61,2769,196548,5
689,2770,196574,5
786,2771,196617,5
494,2772,196669,5
198,2773,196720,5
-549,2774,196733,3
840,2775,196781,6
26,2776,196886,6
-1312,2777,196921,3
1003,2778,196943,5
-916,2779,197009,4
228,2780,197073,6
639,2781,197097,5
-391,2782,197130,4
159,2783,197277,6
-92,2784,197319,4
-1536,2785,197352,3
-1343,2786,197404,3
-20,2787,197427,4
-439,2788,197514,5
833,2789,197548,5
632,2790,197614,5
-594,2791,197680,4
-56,2792,197734,5
492,2793,197814,6
-694,2794,197874,4
-203,2795,197906,4
-2,2796,197926,4
-763,2797,198010,5
196,2798,198053,5
-567,2799,198147,5
-829,2800,198186,4
707,2801,198213,5
631,2802,198247,5
650,2803,198331,7
1119,2804,198395,6
-564,2805,198463,4
-1391,2806,198562,5
-222,2807,198666,5
877,2808,198722,6
-2116,2809,198827,4
-651,2810,198915,5
-4,2811,198974,5
63,2812,199018,4
-563,2813,199193,6
878,2814,199275,6
677,2815,199337,6
535,2816,199373,5
-593,2817,199392,3
-371,2818,199441,4
800,2819,199469,5
187,2820,199525,5
-1183,2821,199634,5
-996,2822,199706,4
-1419,2823,199847,5
-442,2824,199937,5
670,2825,199966,5
411,2826,200007,5
80,2827,200107,5
-61,2828,200155,5
492,2829,200204,5
126,2830,200225,4
206,2831,200297,6
-1915,2832,200417,5
293,2833,200480,5
-477,2834,200512,4
-1120,2835,200621,5
367,2836,200675,5
582,2837,200699,5
914,2838,200736,6
-5,2839,200778,4
424,2840,200841,5
1670,2841,200893,6
818,2842,200918,5
-1862,2843,201022,4
-217,2844,201086,5
220,2845,201145,5
393,2846,201179,5
939,2847,201208,5
895,2848,201237,6
-792,2849,201295,4
-1099,2850,201352,4
38,2851,201404,5
-1645,2852,201442,3
-1086,2853,201551,5
-381,2854,201626,5
-496,2855,201649,4
411,2856,201677,5
-67,2857,201729,5
-1269,2858,201777,3
333,2859,201829,5
51,2860,201862,4
112,2861,201926,5
-1770,2862,201983,3
313,2863,202035,5
-2038,2864,202100,3
346,2865,202145,5
328,2866,202199,5
643,2867,202233,5
-96,2868,202288,5
253,2869,202344,5
-191,2870,202434,6
294,2871,202477,5
-616,2872,202587,5
442,2873,202629,5
2044,2874,202684,7
1561,2875,202719,7
257,2876,202789,5
317,2877,202847,5
-375,2878,202881,4
546,2879,202909,5
550,2880,202936,5
-660,2881,202964,3
2528,2882,203044,8
-1204,2883,203153,6
-1255,2884,203272,5
-502,2885,203350,4
-102,2886,203426,5
188,2887,203493,5
-186,2888,203622,6
229,2889,203655,5
33,2890,203695,4
611,2891,203737,5
698,2892,203753,5
531,2893,203807,6
841,2894,203858,5
285,2895,203905,5
-328,2896,203989,5
713,2897,204029,5
-216,2898,204095,5
235,2899,204136,5
215,2900,204187,5
-6,2901,204283,5
-248,2902,204353,5
879,2903,204383,5
674,2904,204433,6
553,2905,204479,5
123,2906,204535,5
-1426,2907,204611,4
640,2908,204650,5
-1819,2909,204725,3
-1161,2910,204798,4
1314,2911,204833,6
378,2912,204862,5
228,2913,204914,5
-667,2914,205000,5
-878,2915,205093,5
566,2916,205113,5
129,2917,205178,5
-374,2918,205255,5
426,2919,205282,5
564,2920,205311,5
580,2921,205357,5
-376,2922,205383,4
516,2923,205425,5
-294,2924,205455,4
496,2925,205488,5
689,2926,205521,5
-50,2927,205599,6
-726,2928,205679,5
1319,2929,205746,6
-229,2930,205798,4
-564,2931,205916,6
137,2932,205969,5
237,2933,206043,5
2171,2934,206127,8
197,2935,206182,5
45,2936,206253,5
-71,2937,206321,5
26,2938,206354,4
220,2939,206389,5
76,2940,206446,5
-422,2941,206564,5
41,2942,206621,5
-279,2943,206636,4
550,2944,206706,5
-1942,2945,206781,4
-1117,2946,206811,3
-1585,2947,206843,3
262,2948,206873,5
-384,2949,206911,4
-512,2950,206931,3
826,2951,207004,6
396,2952,207045,5
362,2953,207091,5
-506,2954,207146,4
-152,2955,207221,5
-455,2956,207280,4
-432,2957,207348,5
551,2958,207418,6
-107,2959,207493,5
844,2960,207520,5
-650,2961,207537,3
-52,2962,207621,6
-704,2963,207695,5
-1831,2964,207763,3
-1020,2965,207776,3
359,2966,207843,5
249,2967,207905,5
334,2968,207922,4
100,2969,207999,5
555,2970,208030,5
-1221,2971,208081,3
-379,2972,208163,5
28,2973,208232,5
569,2974,208275,5
-1378,2975,208310,3
115,2976,208367,5
-27,2977,208404,4
-1376,2978,208557,5
-253,2979,208629,5
-359,2980,208652,4
-697,2981,208737,5
505,2982,208796,6
407,2983,208836,5
790,2984,208872,5
-115,2985,208935,5
-1401,2986,208969,4
861,2987,208998,5
270,2988,209054,5
434,2989,209085,5
334,2990,209117,4
-1124,2991,209152,3
591,2992,209190,5
864,2993,209267,6
289,2994,209306,5
-56,2995,209354,5
906,2996,209375,5
-42,2997,209446,5
25,2998,209508,5
360,2999,209560,5
426,3000,209603,6
296,3001,209678,5
1347,3002,209711,6
-660,3003,209757,4
186,3004,209829,6
1681,3005,209872,7
-154,3006,209949,5
-1914,3007,210088,5
-380,3008,210161,5
-1369,3009,210259,4
407,3010,210317,6
736,3011,210337,5
-153,3012,210371,4
-274,3013,210425,5
-1401,3014,210555,5
279,3015,210626,5
-270,3016,210714,5
668,3017,210797,6
-426,3018,210941,7
-300,3019,211026,5
538,3020,211080,5
39,3021,211099,4
116,3022,211167,5
121,3023,211224,5
-1739,3024,211295,3
-1043,3025,211406,5
-601,3026,211484,5
-408,3027,211547,5
-354,3028,211580,4
-129,3029,211641,5
480,3030,211676,5
-75,3031,211736,5
-204,3032,211806,5
253,3033,211871,5
1072,3034,211915,6
1125,3035,211980,6
797,3036,212054,6
509,3037,212088,5
730,3038,212130,5
716,3039,212202,5
382,3040,212253,5
1452,3041,212337,7
227,3042,212431,5
1164,3043,212479,6
479,3044,212509,5
360,3045,212569,6
471,3046,212610,5
499,3047,212662,5
911,3048,212721,6
508,3049,212760,5
99,3050,212813,5
-1803,3051,212891,4
-219,3052,212919,5
594,3053,212942,5
49,3054,213005,5
797,3055,213061,6
2470,3056,213136,8
832,3057,213176,6
1040,3058,213217,6
519,3059,213311,6
-3,3060,213379,5
668,3061,213436,5
-759,3062,213511,4
897,3063,213546,5
952,3064,213612,6
578,3065,213646,5
-664,3066,213748,5
594,3067,213788,5
-1180,3068,213886,4
-833,3069,213966,4
428,3070,213991,5
1021,3071,214033,5
-181,3072,214099,5
61,3073,214159,5
415,3074,214221,5
-670,3075,214244,3
320,3076,214302,5
507,3077,214351,5
441,3078,214425,6
2336,3079,214503,8
-260,3080,214614,6
-97,3081,214676,5
68,3082,214719,5
741,3083,214736,5
-576,3084,214798,5
-332,3085,214841,4
11,3086,214860,4
-1644,3087,214908,4
-983,3088,214961,4
-3383,3089,215140,5
129,3090,215199,5
664,3091,215266,5
-32,3092,215353,5
59,3093,215388,4
160,3094,215447,5
482,3095,215488,5
645,3096,215517,5
693,3097,215583,6
-365,3098,215670,5
-778,3099,215721,4
-1732,3100,215827,5
1776,3101,215922,8
665,3102,215973,5
-2275,3103,216098,4
-1122,3104,216193,5
445,3105,216222,4
-1816,3106,216318,4
-389,3107,216477,7
317,3108,216557,6
-2778,3109,216740,6
41,3110,216759,4
238,3111,216809,5
1227,3112,216939,8
1220,3113,217014,7
627,3114,217039,5
1466,3115,217082,6
-518,3116,217172,5
654,3117,217220,5
345,3118,217266,5
2537,3119,217371,9
-586,3120,217446,5
433,3121,217503,5
678,3122,217538,5
-319,3123,217614,5
467,3124,217657,5
650,3125,217708,6
294,3126,217748,5
1280,3127,217787,6
212,3128,217855,6
-169,3129,217965,7
-1219,3130,218080,5
376,3131,218127,5
418,3132,218223,7
-99,3133,218259,4
1512,3134,218326,8
-554,3135,218385,4
426,3136,218407,5
867,3137,218466,5
-417,3138,218499,4
847,3139,218544,5
-285,3140,218619,5
566,3141,218662,5
1397,3142,218701,6
658,3143,218734,5
-473,3144,218824,5
201,3145,218871,5
267,3146,218928,5
172,3147,218955,5
721,3148,218966,5
-156,3149,219036,5
-626,3150,219095,5
381,3151,219120,5
-1852,3152,219237,5
-250,3153,219318,5
-409,3154,219385,5
585,3155,219444,5
-270,3156,219520,5
353,3157,219596,5
579,3158,219645,6
43,3159,219719,5
780,3160,219801,6
667,3161,219859,6
-639,3162,219887,3
111,3163,219939,5
-759,3164,220057,5
280,3165,220086,4
-404,3166,220173,5
-723,3167,220205,4
193,3168,220266,5
2,3169,220368,6
999,3170,220464,7
803,3171,220500,5
274,3172,220563,5
-498,3173,220640,5
852,3174,220670,5
2104,3175,220734,8
388,3176,220767,5
1136,3177,220810,5
707,3178,220829,5
553,3179,220870,5
416,3180,220918,6
829,3181,220941,5
1,3182,221008,5
-528,3183,221075,5
-1992,3184,221143,4
-1888,3185,221188,3
-1045,3186,221203,3
-1100,3187,221274,4
455,3188,221306,5
-149,3189,221373,5
-1156,3190,221454,4
-57,3191,221507,5
-582,3192,221552,4
428,3193,221607,5
1820,3194,221767,8
862,3195,221790,5
767,3196,221824,5
730,3197,221853,5
1412,3198,221915,6
1038,3199,221963,6
-2,3200,221989,4
578,3201,222049,5
680,3202,222078,5
-1059,3203,222099,3
172,3204,222154,5
1343,3205,222234,7
815,3206,222272,5
632,3207,222314,5
1415,3208,222381,6
217,3209,222414,5
1025,3210,222473,6
405,3211,222553,6
975,3212,222623,6
1938,3213,222675,7
295,3214,222712,4
-1926,3215,222760,3
-2208,3216,222805,3
-1210,3217,222825,3
-2090,3218,222858,3
-1383,3219,223016,6
177,3220,223065,5
704,3221,223090,5
923,3222,223149,6
-788,3223,223217,5
-35,3224,223285,5
-336,3225,223347,5
337,3226,223421,5
412,3227,223461,5
498,3228,223487,5
-626,3229,223536,4
-1385,3230,223631,4
-135,3231,223757,6
-34,3232,223789,4
-132,3233,223838,4
-533,3234,223888,4
714,3235,223983,7
245,3236,224070,7
-286,3237,224145,5
499,3238,224210,5
-517,3239,224278,4
628,3240,224308,5
-466,3241,224380,5
106,3242,224416,5
-1173,3243,224503,5
331,3244,224539,5
311,3245,224594,5
333,3246,224674,5
-113,3247,224706,4
-715,3248,224727,3
483,3249,224785,5
475,3250,224809,5
-2092,3251,224914,4
-1358,3252,225029,5
562,3253,225064,5
1021,3254,225220,8
-602,3255,225282,4
-898,3256,225422,6
185,3257,225495,5
212,3258,225574,5
837,3259,225626,6
-599,3260,225677,4
-2571,3261,225824,5
-1034,3262,225857,4
80,3263,225900,5
-256,3264,225965,5
874,3265,226058,6
-301,3266,226104,4
498,3267,226133,5
366,3268,226186,6
2861,3269,226307,9
455,3270,226341,5
-56,3271,226449,5
-622,3272,226531,5
1231,3273,226580,5
687,3274,226616,5
-180,3275,226650,4
-2102,3276,226756,5
1504,3277,226857,7
-324,3278,226883,4
655,3279,226959,6
155,3280,227028,5
-909,3281,227123,5
119,3282,227184,5
234,3283,227224,5
1787,3284,227297,7
452,3285,227375,5
-620,3286,227480,5
102,3287,227524,5
-236,3288,227604,5
435,3289,227629,4
-797,3290,227662,4
435,3291,227702,5
-357,3292,227726,4
1516,3293,227766,6
553,3294,227790,5
-87,3295,227870,6
-682,3296,227903,4
30,3297,228032,7
397,3298,228083,5
-266,3299,228176,5
890,3300,228252,6
729,3301,228269,5
-95,3302,228320,5
-1180,3303,228435,5
-100,3304,228527,5
620,3305,228556,5
400,3306,228610,5
182,3307,228679,5
-520,3308,228748,4
459,3309,228765,5
-243,3310,228847,5
1068,3311,228893,6
211,3312,228940,5
-95,3313,229011,5
-1026,3314,229042,3
-1667,3315,229064,3
-753,3316,229094,4
-687,3317,229171,5
615,3318,229215,5
1000,3319,229249,5
-265,3320,229338,5
395,3321,229360,5
1077,3322,229399,6
-370,3323,229467,5
-1285,3324,229528,4
-1466,3325,229557,3
-1387,3326,229580,3
-2210,3327,229675,4
-817,3328,229686,3
902,3329,229711,5
-1252,3330,229728,3
-2679,3331,229868,5
457,3332,229932,6
-332,3333,229961,4
582,3334,229987,5
401,3335,230014,5
250,3336,230053,4
-193,3337,230135,5
-1276,3338,230238,5
-398,3339,230268,4
22,3340,230310,5
1446,3341,230366,7
-1128,3342,230376,3
-113,3343,230452,5
-1772,3344,230480,3
-2155,3345,230518,3
-1926,3346,230551,3
187,3347,230609,5
594,3348,230647,5
426,3349,230675,5
38,3350,230715,4
458,3351,230800,6
489,3352,230836,5
377,3353,230890,5
886,3354,230959,6
1737,3355,231011,7
-53,3356,231108,6
-799,3357,231125,3
-1347,3358,231146,3
-1489,3359,231190,3
412,3360,231231,5
-1218,3361,231246,3
-3400,3362,231323,3
-844,3363,231359,4
-2459,3364,231560,6
302,3365,231596,5
-519,3366,231669,5
-513,3367,231735,4
530,3368,231774,5
313,3369,231805,5
-331,3370,231838,4
337,3371,231872,5
-208,3372,231960,5
49,3373,231976,4
520,3374,232046,5
-55,3375,232086,5
-89,3376,232146,5
-729,3377,232164,3
673,3378,232189,5
-1020,3379,232281,5
440,3380,232380,6
565,3381,232445,5
938,3382,232479,6
715,3383,232515,5
-751,3384,232603,5
601,3385,232670,6
265,3386,232737,5
369,3387,232814,6
-1485,3388,232844,3
-2226,3389,232988,5
-863,3390,233010,3
185,3391,233075,5
616,3392,233104,5
-78,3393,233165,5
799,3394,233235,6
1507,3395,233301,7
407,3396,233391,6
-2855,3397,233484,4
-2250,3398,233607,5
-938,3399,233715,5
210,3400,233768,5
958,3401,233828,6
1458,3402,233900,7
869,3403,233973,6
-250,3404,234051,5
-640,3405,234126,5
-3724,3406,234301,5
-791,3407,234315,3
-2541,3408,234435,5
-505,3409,234466,4
709,3410,234499,5
764,3411,234520,5
707,3412,234560,5
-686,3413,234645,4
1026,3414,234680,5
598,3415,234755,5
252,3416,234792,5
235,3417,234862,5
202,3418,234959,6
-1032,3419,235042,5
-435,3420,235082,4
-250,3421,235152,5
324,3422,235194,5
426,3423,235243,5
616,3424,235275,5
446,3425,235342,5
1725,3426,235396,7
1454,3427,235470,7
188,3428,235531,5
170,3429,235565,5
559,3430,235599,5
760,3431,235663,5
-2257,3432,235722,3
-1998,3433,235793,4
-294,3434,235827,4
963,3435,235887,6
-775,3436,235992,5
1504,3437,236065,7
1121,3438,236105,5
217,3439,236198,6
1074,3440,236255,6
-90,3441,236326,5
-117,3442,236349,4
845,3443,236391,5
-225,3444,236425,4
147,3445,236494,6
-1096,3446,236558,4
-4308,3447,236715,3
-1451,3448,236731,3
-2290,3449,236873,5
514,3450,236905,5
-44,3451,236926,4
389,3452,236990,5
1169,3453,237021,5
354,3454,237067,5
214,3455,237125,5
847,3456,237232,7
657,3457,237263,5
641,3458,237324,5
91,3459,237378,5
-239,3460,237449,5
119,3461,237476,4
-3,3462,237536,5
830,3463,237566,5
1598,3464,237598,7
409,3465,237659,5
96,3466,237729,5
633,3467,237770,5
1084,3468,237790,5
448,3469,237825,5
336,3470,237872,5
812,3471,237990,8
683,3472,238030,5
-87,3473,238065,5
-1498,3474,238190,5
-1120,3475,238273,5
-545,3476,238360,5
1719,3477,238390,7
14,3478,238448,5
-664,3479,238503,4
458,3480,238554,5
261,3481,238600,5
1331,3482,238671,7
-1115,3483,238761,5
-2499,3484,238897,5
-500,3485,238948,4
592,3486,238978,5
-1283,3487,239021,4
769,3488,239123,7
186,3489,239181,5
923,3490,239207,5
416,3491,239248,5
7,3492,239308,5
297,3493,239364,5
1164,3494,239418,6
720,3495,239456,5
-91,3496,239518,5
645,3497,239556,5
-2847,3498,239688,5
336,3499,239741,5
306,3500,239835,7
993,3501,239894,6
1723,3502,239965,7
79,3503,240057,6
607,3504,240130,7
1613,3505,240210,7
-92,3506,240242,4
552,3507,240352,6
465,3508,240414,6
194,3509,240444,4
1020,3510,240544,7
-714,3511,240605,4
743,3512,240625,5
1087,3513,240682,6
-294,3514,240768,5
-97,3515,240833,5
1054,3516,240920,6
93,3517,240950,4
841,3518,240989,5
530,3519,241023,5
490,3520,241049,4
647,3521,241064,5
692,3522,241090,5
557,3523,241135,5
653,3524,241181,5
-687,3525,241262,5
1469,3526,241333,8
232,3527,241381,5
1099,3528,241437,6
453,3529,241496,5
545,3530,241554,5
917,3531,241621,6
355,3532,241660,5
-508,3533,241771,6
-1771,3534,241815,3
-2646,3535,241905,3
-2885,3536,241972,3
-1580,3537,242039,3
1466,3538,242187,8
116,3539,242217,4
-565,3540,242294,5
-962,3541,242337,3
-107,3542,242423,5
281,3543,242465,5
614,3544,242486,5
748,3545,242515,5
43,3546,242554,6
-4705,3547,242714,4
-2168,3548,242746,3
720,3549,242819,6
770,3550,242860,5
488,3551,242909,5
969,3552,242932,5
357,3553,242964,4
865,3554,242987,5
533,3555,243030,5
1649,3556,243190,9
637,3557,243230,5
746,3558,243270,5
-194,3559,243296,4
270,3560,243340,5
448,3561,243372,5
354,3562,243433,5
-7,3563,243517,6
418,3564,243569,5
-9,3565,243625,4
-630,3566,243643,3
-936,3567,243720,4
-80,3568,243821,6
573,3569,243916,6
-26,3570,243988,5
-113,3571,244070,5
391,3572,244145,5
2226,3573,244212,8
1704,3574,244291,7
487,3575,244321,5
947,3576,244371,6
750,3577,244400,5
-606,3578,244467,5
-454,3579,244508,4
50,3580,244553,5
-1035,3581,244647,5
826,3582,244726,6
-596,3583,244776,4
-1016,3584,244811,3
-426,3585,244827,3
-45,3586,244896,5
-2053,3587,245019,4
-14,3588,245064,4
-2274,3589,245139,3
-756,3590,245167,3
-1219,3591,245196,3
-542,3592,245215,3
503,3593,245306,6
118,3594,245360,5
161,3595,245413,5
-549,3596,245490,5
568,3597,245517,5
455,3598,245545,5
643,3599,245615,6
1454,3600,245665,6
809,3601,245687,5
-2272,3602,245771,4
-247,3603,245849,5
-1089,3604,245904,4
-2986,3605,246040,5
-65,3606,246084,5
-371,3607,246172,6
916,3608,246213,5
809,3609,246267,5
510,3610,246292,5
450,3611,246335,5
674,3612,246408,6
652,3613,246446,5
-715,3614,246598,7
1194,3615,246623,5
213,3616,246679,5
761,3617,246701,5
-51,3618,246751,5
-1313,3619,246856,5
413,3620,246899,5
1940,3621,246977,8
-3414,3622,247092,4
-1749,3623,247117,3
-140,3624,247183,5
-464,3625,247249,5
949,3626,247308,6
114,3627,247355,5
2374,3628,247434,8
-273,3629,247483,4
124,3630,247520,4
545,3631,247565,5
-335,3632,247649,5
-658,3633,247757,6
-962,3634,247776,3
1536,3635,247823,6
-1023,3636,247913,5
1394,3637,247959,6
752,3638,248018,5
734,3639,248041,5
-1526,3640,248160,5
-355,3641,248234,5
733,3642,248279,5
1667,3643,248357,7
-1891,3644,248465,5
-1199,3645,248505,3
-1485,3646,248596,5
314,3647,248661,5
548,3648,248702,5
-290,3649,248806,6
-220,3650,248872,5
277,3651,248887,4
477,3652,248937,6
286,3653,248987,5
672,3654,249036,5
-1067,3655,249071,4
204,3656,249105,5
-1658,3657,249154,3
-118,3658,249178,4
1463,3659,249224,6
167,3660,249297,5
-53,3661,249346,4
624,3662,249376,5
-252,3663,249471,5
306,3664,249497,5
419,3665,249611,7
936,3666,249674,6
631,3667,249710,5
328,3668,249748,5
686,3669,249793,5
158,3670,249888,6
198,3671,249910,4
486,3672,249928,5
1108,3673,249977,6
660,3674,250004,5
580,3675,250042,5
1390,3676,250093,6
84,3677,250150,5
660,3678,250187,5
-998,3679,250261,4
-2613,3680,250331,3
-1197,3681,250349,3
-1557,3682,250385,3
586,3683,250439,5
685,3684,250468,5
862,3685,250491,5
169,3686,250564,5
534,3687,250608,5
-520,3688,250693,5
628,3689,250742,6
-1009,3690,250811,5
600,3691,250866,5
-685,3692,250911,4
323,3693,250959,5
-281,3694,251034,5
185,3695,251077,5
-341,3696,251162,5
53,3697,251207,5
548,3698,251275,6
-823,3699,251330,4
723,3700,251367,5
-408,3701,251456,5
-2058,3702,251574,4
243,3703,251663,6
1058,3704,251691,5
-236,3705,251777,5
-579,3706,251868,5
2563,3707,251952,9
187,3708,252014,5
-963,3709,252128,6
1026,3710,252251,7
-414,3711,252267,3
1181,3712,252333,6
649,3713,252380,5
473,3714,252419,5
-1007,3715,252439,3
-968,3716,252458,3
-46,3717,252506,5
-2029,3718,252544,3
-589,3719,252610,5
-2653,3720,252757,4
1211,3721,252795,6
-221,3722,252875,5
867,3723,252905,5
415,3724,252956,5
1505,3725,253075,7
243,3726,253118,5
-3083,3727,253276,5
1020,3728,253320,6
4,3729,253371,5
-891,3730,253476,5
-143,3731,253499,4
86,3732,253562,5
268,3733,253605,5
1314,3734,253676,6
770,3735,253699,5
-495,3736,253770,5
177,3737,253822,5
307,3738,253929,6
398,3739,253960,5
1874,3740,254035,7
-480,3741,254084,4
45,3742,254154,5
1001,3743,254217,6
1181,3744,254278,7
960,3745,254309,5
1413,3746,254434,7
-716,3747,254447,3
680,3748,254514,6
1362,3749,254553,6
645,3750,254597,5
-305,3751,254626,4
-457,3752,254659,4
-1067,3753,254712,4
-174,3754,254811,6
-116,3755,254870,5
752,3756,254946,6
466,3757,254997,5
850,3758,255073,6
1082,3759,255122,6
350,3760,255172,5
487,3761,255205,5
-70,3762,255250,5
-2167,3763,255361,4
743,3764,255388,5
1508,3765,255431,6
355,3766,255476,5
364,3767,255566,5
-84,3768,255603,4
184,3769,255644,5
101,3770,255671,4
582,3771,255711,5
1149,3772,255750,6
206,3773,255787,5
204,3774,255851,5
535,3775,255878,5
-1442,3776,255991,5
-267,3777,256042,4
752,3778,256069,5
204,3779,256119,5
-297,3780,256214,5
663,3781,256271,6
-247,3782,256324,5
-2150,3783,256445,4
-1647,3784,256536,4
-2210,3785,256582,3
1840,3786,256663,7
75,3787,256735,5
244,3788,256791,5
300,3789,256859,5
774,3790,256914,5
758,3791,256941,5
185,3792,257008,5
-1702,3793,257063,4
-2379,3794,257145,4
-2027,3795,257235,4
-177,3796,257334,6
520,3797,257391,5
-351,3798,257465,5
958,3799,257493,5
113,3800,257571,5
1170,3801,257635,6
-1343,3802,257672,3
-2403,3803,257723,3
-269,3804,257783,5
1315,3805,257857,7
779,3806,257937,6
1191,3807,257982,6
286,3808,258067,6
449,3809,258111,5
-1979,3810,258170,3
-1834,3811,258275,4
-3363,3812,258359,3
201,3813,258460,6
123,3814,258568,6
542,3815,258609,5
812,3816,258637,5
305,3817,258666,4
-286,3818,258734,5
372,3819,258799,5
876,3820,258851,5
478,3821,258918,6
-680,3822,258995,5
856,3823,259052,5
176,3824,259097,5
582,3825,259148,5
549,3826,259176,5
858,3827,259207,5
-16,3828,259256,5
2038,3829,259301,7
788,3830,259324,5
576,3831,259364,5
-619,3832,259422,5
-544,3833,259484,4
-221,3834,259616,6
1150,3835,259713,7
500,3836,259747,5
1630,3837,259801,6
1153,3838,259885,7
2242,3839,259970,8
1557,3840,260041,7
612,3841,260099,6
-807,3842,260165,4
-549,3843,260241,5
-1663,3844,260374,5
-5127,3845,260544,4
-141,3846,260618,5
-45,3847,260662,4
240,3848,260708,5
531,3849,260733,4
-29,3850,260823,6
414,3851,260855,5
233,3852,260910,5
740,3853,260952,5
15,3854,260986,4
-1554,3855,261065,4
-287,3856,261085,4
-1633,3857,261129,3
-1643,3858,261163,3
534,3859,261216,5
493,3860,261262,5
99,3861,261325,5
522,3862,261359,5
786,3863,261434,6
178,3864,261453,4
-526,3865,261552,5
601,3866,261578,5
1272,3867,261609,5
-1102,3868,261727,5
-1281,3869,261791,4
-668,3870,261870,6
-956,3871,261917,4
-1981,3872,262163,9
187,3873,262233,5
370,3874,262267,5
762,3875,262304,5
-1635,3876,262421,5
-2412,3877,262530,4
-683,3878,262643,5
188,3879,262729,5
1779,3880,262799,8
-436,3881,262958,7
761,3882,263003,5
180,3883,263085,5
-255,3884,263143,5
-2043,3885,263182,3
-1704,3886,263236,3
83,3887,263303,5
572,3888,263346,5
1832,3889,263413,7
-17,3890,263469,5
1152,3891,263525,6
891,3892,263558,5
483,3893,263605,5
-1775,3894,263730,5
-845,3895,263740,3
-1141,3896,263760,3
-368,3897,263847,5
553,3898,263886,5
366,3899,263939,5
1059,3900,263998,6
1815,3901,264088,8
314,3902,264167,5
-578,3903,264215,4
-2403,3904,264285,3
-2070,3905,264325,3
-690,3906,264353,3
468,3907,264399,5
-1194,3908,264545,6
589,3909,264571,5
753,3910,264672,7
1167,3911,264728,6
397,3912,264780,5
-1021,3913,264858,5
-1492,3914,264976,5
978,3915,265042,6
340,3916,265096,5
600,3917,265125,5
655,3918,265170,5
-240,3919,265231,4
1051,3920,265263,5
582,3921,265407,8
-1875,3922,265443,3
302,3923,265505,5
514,3924,265599,6
-338,3925,265622,4
1055,3926,265648,6
-192,3927,265747,5
801,3928,265800,5
-1239,3929,265834,3
-1077,3930,265874,4
-2736,3931,265934,3
-1904,3932,265974,3
-1994,3933,266061,4
-307,3934,266128,5
399,3935,266178,5
627,3936,266212,4
1118,3937,266259,6
966,3938,266282,5
842,3939,266347,6
-18,3940,266397,5
-480,3941,266446,4
-793,3942,266466,3
-2582,3943,266556,4
-570,3944,266606,5
-4214,3945,266742,4
12,3946,266834,6
142,3947,266893,5
823,3948,266974,7
605,3949,267075,7
356,3950,267135,5
1053,3951,267194,6
318,3952,267234,4
25,3953,267292,5
-367,3954,267346,4
844,3955,267375,5
757,3956,267387,5
253,3957,267435,5
995,3958,267491,6
769,3959,267568,6
-1310,3960,267704,5
-143,3961,267744,4
735,3962,267788,6
-242,3963,267866,6
527,3964,267900,5
-853,3965,268032,6
456,3966,268117,6
-3838,3967,268287,5
1305,3968,268323,6
647,3969,268344,5
824,3970,268367,5
-481,3971,268436,5
199,3972,268481,5
-256,3973,268556,5
1357,3974,268623,7
-1868,3975,268676,3
-3062,3976,268773,3
-1961,3977,268804,3
-695,3978,268899,5
160,3979,268947,5
716,3980,268974,5
613,3981,269019,5
1251,3982,269092,6
-831,3983,269192,5
983,3984,269271,7
651,3985,269307,5
-437,3986,269359,4
-1002,3987,269380,3
-991,3988,269528,6
465,3989,269585,6
1080,3990,269605,5
948,3991,269677,6
-972,3992,269800,5
-780,3993,269818,3
-3578,3994,269967,5
-1085,3995,269984,3
-1689,3996,270050,4
-518,3997,270100,4
880,3998,270132,5
446,3999,270202,5
760,4000,270287,6
280,4001,270345,5
-581,4002,270443,5
-96,4003,270520,5
-2916,4004,270692,5
474,4005,270766,5
462,4006,270806,5
146,4007,270864,6
-711,4008,270946,5
177,4009,270997,5
-925,4010,271108,5
-2136,4011,271136,3
-704,4012,271149,3
-3545,4013,271246,4
138,4014,271312,6
568,4015,271358,5
349,4016,271406,5
616,4017,271423,5
537,4018,271482,5
-347,4019,271569,5
1223,4020,271589,6
1027,4021,271624,5
542,4022,271658,5
-399,4023,271688,4
-1096,4024,271720,3
-429,4025,271736,3
92,4026,271790,5
-154,4027,271818,4
-1733,4028,271852,3
-856,4029,271941,5
-953,4030,271979,4
-209,4031,272102,7
-688,4032,272140,4
112,4033,272169,4
-188,4034,272276,6
1276,4035,272334,6
2304,4036,272440,8
-592,4037,272455,3
403,4038,272570,6
358,4039,272603,5
-1502,4040,272640,3
906,4041,272720,6
-1808,4042,272836,5
1034,4043,272887,6
-3278,4044,273063,4
-499,4045,273195,5
-1991,4046,273232,3
-1771,4047,273251,3
-1565,4048,273454,7
1090,4049,273535,6
764,4050,273574,5
666,4051,273613,5
776,4052,273631,5
868,4053,273666,5
438,4054,273724,6
-554,4055,273745,4
51,4056,273818,6
-1150,4057,273887,4
2721,4058,273993,9
-726,4059,274078,5
-21,4060,274134,5
-3059,4061,274235,4
-1422,4062,274248,3
-1218,4063,274266,3
-429,4064,274340,5
1378,4065,274399,6
1437,4066,274459,7
666,4067,274525,5
825,4068,274568,5
2144,4069,274625,7
1134,4070,274655,6
101,4071,274710,5
-3826,4072,274814,3
-1135,4073,274837,3
964,4074,274891,6
327,4075,274961,5
-447,4076,274976,3
294,4077,275025,5
899,4078,275060,5
832,4079,275108,5
134,4080,275171,5
641,4081,275205,5
-249,4082,275339,7
-1828,4083,275383,3
-828,4084,275457,4
563,4085,275522,5
229,4086,275564,5
361,4087,275597,5
889,4088,275636,5
472,4089,275703,6
1950,4090,275782,7
-4487,4091,275900,4
-1827,4092,275942,3
49,4093,276057,7
675,4094,276100,5
541,4095,276123,5
1308,4096,276191,7
722,4097,276225,6
1360,4098,276326,7
719,4099,276349,5
-3668,4100,276480,4
1333,4101,276535,6
-299,4102,276605,5
674,4103,276672,7
-750,4104,276774,5
1116,4105,276811,6
584,4106,276844,5
-483,4107,276872,4
-1479,4108,276903,3
-942,4109,276927,3
-817,4110,276963,4
379,4111,277027,6
55,4112,277103,5
421,4113,277133,5
202,4114,277182,5
833,4115,277224,5
1334,4116,277252,5
999,4117,277314,7
386,4118,277384,5
-784,4119,277413,3
-639,4120,277449,4
-1687,4121,277551,5
-834,4122,277597,4
44,4123,277660,5
1756,4124,277759,8
1764,4125,277861,7
-941,4126,277899,4
-1638,4127,277933,3
-4096,4128,278099,4
63,4129,278124,5
-1695,4130,278141,3
479,4131,278181,5
1273,4132,278228,6
174,4133,278288,5
736,4134,278325,5
456,4135,278350,5
1293,4136,278408,6
-331,4137,278496,5
-1273,4138,278591,5
-863,4139,278605,3
-1730,4140,278652,3
543,4141,278677,5
507,4142,278705,5
1525,4143,278756,6
593,4144,278814,6
479,4145,278842,5
763,4146,278857,5
-685,4147,278917,4
-2093,4148,278952,3
-2134,4149,279084,5
700,4150,279126,5
142,4151,279198,5
-186,4152,279247,5
-614,4153,279313,4
-468,4154,279489,7
595,4155,279540,5
890,4156,279588,6
1383,4157,279631,6
346,4158,279682,5
1666,4159,279725,7
-705,4160,279773,4
-3870,4161,279861,3
-1021,4162,279876,3
-1748,4163,279980,5
-1057,4164,280058,4
1774,4165,280189,8
995,4166,280244,5
-4092,4167,280392,4
-606,4168,280410,3
5,4169,280508,6
1069,4170,280552,5
1535,4171,280595,6
709,4172,280627,5
399,4173,280682,5
3041,4174,280859,10
-364,4175,280887,4
-1161,4176,280946,4
-1036,4177,280997,4
1188,4178,281057,7
776,4179,281085,5
53,4180,281167,6
1395,4181,281234,7
644,4182,281269,5
830,4183,281330,5
15,4184,281386,5
675,4185,281399,5
-2683,4186,281531,4
-1476,4187,281555,3
-69,4188,281625,5
451,4189,281690,6
533,4190,281757,6
662,4191,281792,5
1308,4192,281833,6
-207,4193,281907,5
45,4194,281923,4
-1791,4195,282073,5
598,4196,282163,6
611,4197,282196,5
448,4198,282241,5
943,4199,282298,6
1572,4200,282373,7
764,4201,282391,5
858,4202,282449,5
443,4203,282481,5
230,4204,282521,5
906,4205,282641,7
-1193,4206,282694,4
-1395,4207,282762,4
1188,4208,282834,6
195,4209,282883,5
771,4210,282957,6
2270,4211,283041,8
517,4212,283126,5
596,4213,283160,5
1079,4214,283180,5
-1699,4215,283236,3
-2875,4216,283299,3
-4027,4217,283418,3
2521,4218,283540,10
-125,4219,283557,4
1951,4220,283599,7
258,4221,283636,5
1692,4222,283698,7
-1750,4223,283747,4
-299,4224,283825,5
-99,4225,283909,5
864,4226,283949,5
26,4227,284003,5
708,4228,284038,5
11,4229,284097,5
375,4230,284141,5
929,4231,284166,5
343,4232,284195,5
926,4233,284267,6
-743,4234,284332,5
-930,4235,284417,5
394,4236,284443,4
376,4237,284485,5
763,4238,284516,5
492,4239,284536,5
392,4240,284583,5
949,4241,284609,5
663,4242,284674,5
-1947,4243,284723,3
-1032,4244,284775,4
-2689,4245,284858,3
-293,4246,284942,6
122,4247,285009,5
-412,4248,285109,5
-1661,4249,285158,3
-1518,4250,285245,4
-1154,4251,285279,3
-1406,4252,285317,3
-2061,4253,285398,3
449,4254,285427,5
-61,4255,285501,5
904,4256,285593,7
951,4257,285624,5
1345,4258,285707,6
-1128,4259,285717,3
1195,4260,285824,7
-1659,4261,285882,4
-276,4262,285906,4
338,4263,285964,5
-912,4264,286016,4
904,4265,286042,5
498,4266,286071,5
1047,4267,286123,6
816,4268,286149,5
949,4269,286199,6
-1502,4270,286270,4
-3562,4271,286407,3
-1439,4272,286510,5
417,4273,286555,5
737,4274,286616,6
638,4275,286680,5
130,4276,286700,4
-882,4277,286814,6
-1565,4278,286836,3
-2849,4279,286949,4
-705,4280,287046,5
2649,4281,287231,11
-1834,4282,287313,4
-3101,4283,287465,4
-538,4284,287591,6
760,4285,287615,5
1557,4286,287692,6
498,4287,287721,5
507,4288,287762,5
-1032,4289,287771,3
-766,4290,287817,4
-2418,4291,287871,3
-735,4292,287911,4
-453,4293,287987,5
391,4294,288005,4
1551,4295,288133,8
1477,4296,288176,6
-762,4297,288259,5
484,4298,288332,6
1261,4299,288381,6
264,4300,288431,5
-733,4301,288495,5
-151,4302,288617,7
268,4303,288671,5
609,4304,288685,5
63,4305,288758,5
670,4306,288779,5
1597,4307,288819,6
893,4308,288841,5
734,4309,288893,5
956,4310,288926,5
-795,4311,288991,4
-815,4312,289023,3
-2150,4313,289057,3
172,4314,289157,6
772,4315,289187,5
-2060,4316,289246,3
-1546,4317,289324,4
390,4318,289376,5
-1567,4319,289400,3
-3026,4320,289500,3
62,4321,289624,7
-291,4322,289697,5
-111,4323,289746,5
-807,4324,289812,4
258,4325,289889,5
-1874,4326,289993,4
-1032,4327,290032,4
-107,4328,290147,7
1348,4329,290216,6
749,4330,290257,5
880,4331,290281,5
621,4332,290311,5
399,4333,290375,5
777,4334,290413,5
320,4335,290441,5
577,4336,290511,5
-998,4337,290521,3
-4550,4338,290675,3
-1429,4339,290716,3
-4478,4340,290923,4
-206,4341,290955,4
-2280,4342,291040,4
-970,4343,291063,3
424,4344,291088,5
1801,4345,291181,7
849,4346,291227,5
2269,4347,291334,9
-1447,4348,291357,3
-1501,4349,291399,3
-1441,4350,291423,3
-1353,4351,291444,3
-1668,4352,291533,5
706,4353,291570,5
1422,4354,291678,8
1159,4355,291711,5
291,4356,291764,5
695,4357,291852,6
-2520,4358,291904,3
-1170,4359,291919,3
-428,4360,291929,3
-1787,4361,291954,3
-1725,4362,292005,3
675,4363,292052,6
841,4364,292083,5
282,4365,292132,5
718,4366,292143,5
863,4367,292174,5
513,4368,292215,5
505,4369,292264,5
326,4370,292298,5
999,4371,292320,5
1407,4372,292381,7
-422,4373,292394,3
-3674,4374,292503,3
-1816,4375,292526,3
803,4376,292573,5
1152,4377,292641,6
954,4378,292691,6
253,4379,292743,5
-598,4380,292823,6
-1787,4381,292913,4
-955,4382,292927,3
-1913,4383,292953,3
-1422,4384,292966,3
-1689,4385,293020,3
319,4386,293156,6
237,4387,293213,5
338,4388,293261,5
-1482,4389,293327,3
402,4390,293381,5
409,4391,293416,5
-2357,4392,293472,3
-2266,4393,293596,5
1099,4394,293630,6
-757,4395,293691,5
398,4396,293728,5
480,4397,293770,5
1261,4398,293822,6
-2867,4399,293920,4
-334,4400,293963,4
308,4401,294034,5
-122,4402,294175,6
1785,4403,294207,6
1901,4404,294266,7
721,4405,294290,5
689,4406,294318,5
-1896,4407,294397,4
-1900,4408,294490,4
-681,4409,294633,6
781,4410,294675,5
331,4411,294704,5
1062,4412,294745,5
1457,4413,294786,6
-305,4414,294872,5
-614,4415,294904,4
-1751,4416,294936,3
-1000,4417,294960,3
-1224,4418,294988,3
-392,4419,295062,5
2267,4420,295149,8
375,4421,295202,5
-174,4422,295221,4
858,4423,295259,5
1046,4424,295297,5
211,4425,295354,5
235,4426,295468,7
505,4427,295501,5
384,4428,295616,6
-150,4429,295635,4
4,4430,295740,6
-220,4431,295814,5
1899,4432,295902,8
-1006,4433,295940,3
-894,4434,296005,4
611,4435,296061,5
-4098,4436,296372,7
-326,4437,296449,5
635,4438,296498,5
1496,4439,296582,7
-262,4440,296673,5
73,4441,296727,5
1178,4442,296795,7
130,4443,296852,5
434,4444,296887,5
2168,4445,296956,7
-977,4446,297059,5
-42,4447,297111,5
-133,4448,297159,4
1498,4449,297192,6
1883,4450,297307,8
1239,4451,297340,6
-255,4452,297387,5
787,4453,297453,5
149,4454,297534,6
-2479,4455,297602,3
-811,4456,297622,3
-2205,4457,297835,7
1030,4458,297958,7
387,4459,297994,5
363,4460,298023,5
-2416,4461,298135,4
-2336,4462,298264,5
-1341,4463,298391,5
451,4464,298438,5
895,4465,298462,5
923,4466,298512,6
794,4467,298535,5
253,4468,298549,4
-736,4469,298621,5
430,4470,298664,5
567,4471,298714,5
338,4472,298780,6
317,4473,298819,5
1933,4474,298889,7
-250,4475,298935,4
-131,4476,298958,4
-1183,4477,298988,4
-2409,4478,299040,3
-3541,4479,299177,5
91,4480,299206,4
-873,4481,299288,4
673,4482,299331,5
1003,4483,299386,6
26,4484,299484,6
-877,4485,299502,3
-891,4486,299591,5
337,4487,299659,5
1302,4488,299729,6
1306,4489,299769,6
753,4490,299811,5
1386,4491,299881,6
-2741,4492,299987,4
-428,4493,299997,3
-1606,4494,300029,3
-33,4495,300127,6
830,4496,300156,5
-468,4497,300279,6
1409,4498,300345,7
327,4499,300377,5
448,4500,300438,6
-26,4501,300485,4
-1073,4502,300609,6
213,4503,300704,5
603,4504,300733,5
1045,4505,300762,5
-309,4506,300853,5
447,4507,300878,5
536,4508,300917,5
-1383,4509,301004,5
-1736,4510,301026,3
-359,4511,301092,5
675,4512,301105,5
663,4513,301136,5
695,4514,301169,5
770,4515,301213,5
787,4516,301249,5
767,4517,301327,6
-1925,4518,301367,3
-178,4519,301455,5
371,4520,301492,5
483,4521,301530,5
2375,4522,301612,9
1037,4523,301656,6
654,4524,301709,5
-6617,4525,301908,3
-1472,4526,301936,3
-1422,4527,302089,5
424,4528,302157,5
-4809,4529,302279,3
-832,4530,302299,3
-122,4531,302372,5
859,4532,302437,6
486,4533,302523,6
1539,4534,302611,7
581,4535,302651,5
178,4536,302689,4
449,4537,302728,5
-186,4538,302966,9
1562,4539,303022,7
412,4540,303068,5
-329,4541,303121,4
-43,4542,303156,4
-1788,4543,303218,4
363,4544,303250,5
349,4545,303288,5
74,4546,303376,6
-263,4547,303410,4
-933,4548,303425,3
581,4549,303455,5
1057,4550,303515,6
255,4551,303561,5
361,4552,303624,5
641,4553,303671,5
412,4554,303698,5
958,4555,303759,6
-963,4556,303780,3
-1210,4557,303883,5
-306,4558,303959,5
-1630,4559,304080,5
-701,4560,304142,5
-4811,4561,304410,7
417,4562,304452,5
181,4563,304494,5
-3095,4564,304670,5
1443,4565,304775,7
-2186,4566,304839,3
-1059,4567,304860,3
-1761,4568,304966,4
98,4569,305010,4
776,4570,305108,6
524,4571,305169,6
299,4572,305201,4
421,4573,305243,5
-254,4574,305275,5
324,4575,305305,4
-1461,4576,305360,3
1053,4577,305395,6
-2648,4578,305550,5
1242,4579,305582,6
221,4580,305622,5
2323,4581,305693,8
1638,4582,305747,7
796,4583,305788,5
-1112,4584,305822,3
-1568,4585,305853,3
-2551,4586,305970,4
1035,4587,306026,6
2837,4588,306108,9
33,4589,306151,5
294,4590,306171,4
1958,4591,306219,7
807,4592,306267,6
-3014,4593,306410,5
2531,4594,306494,9
649,4595,306528,5
1875,4596,306584,8
552,4597,306621,5
550,4598,306648,5
-1,4599,306663,4
346,4600,306692,4
1940,4601,306802,9
116,4602,306837,5
-410,4603,306860,4
498,4604,306886,5
570,4605,306914,5
310,4606,306959,5
1108,4607,307015,6
709,4608,307042,5
1554,4609,307090,7
481,4610,307130,5
606,4611,307193,5
-1348,4612,307259,4
-1091,4613,307295,4
178,4614,307426,8
806,4615,307449,5
752,4616,307495,5
388,4617,307547,5
737,4618,307588,5
1041,4619,307691,7
16,4620,307732,4
20,4621,307792,5
445,4622,307928,6
-1061,4623,307990,4
-3324,4624,308184,5
633,4625,308212,5
505,4626,308247,5
609,4627,308282,5
48,4628,308347,5
-647,4629,308473,5
-131,4630,308544,5
10,4631,308610,5
-972,4632,308723,5
455,4633,308747,4
502,4634,308795,5
1324,4635,308910,9
2342,4636,309010,8
739,4637,309055,5
373,4638,309087,5
932,4639,309123,5
-394,4640,309171,4
-1139,4641,309209,3
62,4642,309267,6
2098,4643,309318,8
330,4644,309368,5
905,4645,309384,5
345,4646,309428,5
1330,4647,309482,6
556,4648,309509,5
1474,4649,309581,7
-1176,4650,309627,3
-1782,4651,309696,3
211,4652,309801,6
-1499,4653,309835,3
-717,4654,309903,4
-1955,4655,309968,3
-2904,4656,310139,5
-9,4657,310221,6
-1357,4658,310281,3
-1223,4659,310372,4
-312,4660,310419,5
-115,4661,310485,5
-117,4662,310521,4
308,4663,310581,5
1144,4664,310629,6
-1073,4665,310699,4
208,4666,310769,6
378,4667,310807,5
481,4668,310865,5
-653,4669,310882,3
-1779,4670,310924,3
138,4671,311003,6
1476,4672,311052,7
1958,4673,311125,8
761,4674,311204,6
-513,4675,311241,4
1093,4676,311287,6
332,4677,311386,6
380,4678,311429,5
734,4679,311460,5
8,4680,311525,5
972,4681,311596,6
735,4682,311662,6
-3693,4683,311786,4
920,4684,311839,7
795,4685,311891,5
1671,4686,311939,7
392,4687,311984,5
-924,4688,312066,5
-4294,4689,312206,3
-563,4690,312318,6
1481,4691,312366,6
-2679,4692,312547,5
-1663,4693,312567,3
-787,4694,312579,3
-1159,4695,312600,3
-2330,4696,312640,3
209,4697,312678,5
1674,4698,312754,7
307,4699,312895,7
1252,4700,312939,6
-3257,4701,313008,3
-780,4702,313156,7
1359,4703,313197,6
843,4704,313217,5
296,4705,313260,5
-104,4706,313299,5
-1105,4707,313313,3
-1623,4708,313428,5
-871,4709,313473,5
-724,4710,313524,4
-94,4711,313612,5
-639,4712,313683,5
-1510,4713,313887,8
2150,4714,313966,7
291,4715,314052,6
-1434,4716,314101,3
-2067,4717,314209,4
-1371,4718,314304,5
-1427,4719,314391,4
-970,4720,314423,3
-586,4721,314532,6
-1775,4722,314581,3
343,4723,314743,8
313,4724,314832,6
711,4725,314895,5
163,4726,314999,6
-1162,4727,315023,3
-685,4728,315109,5
1430,4729,315169,6
921,4730,315239,6
-972,4731,315290,5
399,4732,315308,4
-3074,4733,315473,5
1094,4734,315517,5
133,4735,315619,6
-825,4736,315708,5
-3782,4737,315938,5
-4904,4738,316146,3
493,4739,316200,5
283,4740,316244,5
516,4741,316303,5
418,4742,316336,5
-517,4743,316451,5
-696,4744,316487,4
-2598,4745,316653,5
-2760,4746,316859,5
615,4747,316929,5
-2630,4748,317039,4
-692,4749,317052,3
319,4750,317106,5
-618,4751,317131,4
-2144,4752,317214,4
291,4753,317266,5
649,4754,317329,6
874,4755,317369,5
-384,4756,317390,4
-2046,4757,317450,3
-836,4758,317463,3
-1307,4759,317485,3
507,4760,317544,6
289,4761,317620,5
-735,4762,317674,4
-2613,4763,317756,3
-2929,4764,317941,5
345,4765,317978,5
270,4766,318023,5
443,4767,318051,5
778,4768,318070,5
-1948,4769,318216,5
-3796,4770,318451,5
415,4771,318483,4
897,4772,318533,5
610,4773,318627,6
1336,4774,318657,6
-2417,4775,318709,3
-2751,4776,318900,5
-1895,4777,319075,5
706,4778,319105,5
1215,4779,319138,6
957,4780,319173,5
-701,4781,319186,3
-1572,4782,319213,3
-2197,4783,319349,6
685,4784,319403,5
994,4785,319451,6
147,4786,319513,5
270,4787,319542,4
810,4788,319579,5
-1299,4789,319643,5
-1539,4790,319754,5
762,4791,319785,5
818,4792,319817,5
-990,4793,319869,4
-162,4794,319941,5
951,4795,319964,5
-3438,4796,320084,4
452,4797,320164,6
552,4798,320220,5
-1100,4799,320343,5
-334,4800,320413,5
428,4801,320453,5
651,4802,320533,6
2788,4803,320632,8
699,4804,320655,5
533,4805,320698,5
-635,4806,320731,4
-2697,4807,320826,4
-1532,4808,320860,3
-466,4809,320966,5
674,4810,321033,6
-604,4811,321180,7
-1891,4812,321215,3
-3369,4813,321338,3
-164,4814,321410,5
1116,4815,321468,6
-615,4816,321558,5
1778,4817,321595,6
-3394,4818,321712,4
-266,4819,321808,5
-1861,4820,321950,5
-1303,4821,322035,5
-3593,4822,322197,5
12,4823,322301,6
963,4824,322421,8
184,4825,322529,6
-1647,4826,322649,5
433,4827,322738,5
-576,4828,322827,5
-1036,4829,322875,4
-1443,4830,322965,4
637,4831,323010,5
886,4832,323126,8
1265,4833,323187,6
799,4834,323207,5
677,4835,323234,5
9,4836,323286,5
630,4837,323334,5
767,4838,323361,5
223,4839,323422,5
700,4840,323476,6
-2279,4841,323542,4
-1606,4842,323573,3
-2276,4843,323614,3
-1849,4844,323683,4
1449,4845,323874,9
-800,4846,323985,6
-1649,4847,324043,3
-2239,4848,324108,3
-475,4849,324239,7
1190,4850,324331,7
-816,4851,324395,4
-1571,4852,324453,3
-1472,4853,324469,3
-2142,4854,324636,5
-1963,4855,324802,6
-2962,4856,324871,3
-1926,4857,324919,3
-826,4858,325067,7
131,4859,325138,6
-1560,4860,325245,6
-1809,4861,325308,3
-2010,4862,325347,3
-2402,4863,325414,3
-2565,4864,325576,5
-1193,4865,325601,3
-2600,4866,325651,3
-3755,4867,325737,3
-1202,4868,325762,3
1816,4869,325828,7
-1881,4870,325880,3
-3088,4871,325967,3
-1323,4872,325988,3
-3445,4873,326110,3
-983,4874,326202,5
-1505,4875,326334,5
-1033,4876,326418,5
378,4877,326472,5
-1336,4878,326502,3
-607,4879,326571,5
174,4880,326639,6
503,4881,326670,5
598,4882,326709,5
-928,4883,326780,4
-1531,4884,326952,6
52,4885,327008,5
-2585,4886,327148,4
-417,4887,327164,3
-6153,4888,327375,4
-1166,4889,327406,3
-1079,4890,327449,3
-4844,4891,327615,4
-796,4892,327626,3
-515,4893,327637,3
-1544,4894,327735,4
-168,4895,327807,5
215,4896,327836,4
-1059,4897,327863,3
-2164,4898,327925,3
60,4899,327976,5
-1076,4900,327993,3
-1996,4901,328139,5
-925,4902,328248,5
-1150,4903,328277,3
-2464,4904,328366,3
-2268,4905,328432,3
-448,4906,328508,5
228,4907,328607,7
-1421,4908,328720,5
-1920,4909,328844,5
-3875,4910,329020,4
-753,4911,329065,4
-1103,4912,329082,3
-2280,4913,329200,4
-985,4914,329236,4
-1667,4915,329282,3
-1937,4916,329323,3
-4647,4917,329501,4
-2608,4918,329593,3
-2035,4919,329640,3
-1623,4920,329743,5
-2863,4921,329814,3
-414,4922,329830,4
937,4923,329858,5
1517,4924,329891,6
-2854,4925,330048,5
-1707,4926,330114,3
-3776,4927,330216,4
-1314,4928,330337,6
1164,4929,330410,6
-696,4930,330464,5
-2854,4931,330582,4
-1461,4932,330622,3
-1032,4933,330634,3
-419,4934,330647,3
-2363,4935,330712,3
-1876,4936,330762,3
-1263,4937,330790,3
-2023,4938,330865,4
-2296,4939,330930,3
-782,4940,330944,3
-1597,4941,331016,4
578,4942,331045,4
444,4943,331080,5
1772,4944,331120,7
-55,4945,331145,4
-1037,4946,331174,3
-910,4947,331286,5
-1386,4948,331313,3
1686,4949,331352,7
531,4950,331397,5
890,4951,331541,7
-486,4952,331623,5
-2632,4953,331766,6
309,4954,331824,5
-501,4955,331898,5
-3858,4956,332009,3
-2555,4957,332091,4
-778,4958,332111,3
-2339,4959,332266,5
143,4960,332284,4
-2315,4961,332534,7
-5431,4962,332703,3
-377,4963,332732,5
-2927,4964,332802,3
-1185,4965,332947,6
-4015,4966,333106,4
481,4967,333147,5
631,4968,333173,5
-1776,4969,333225,3
-348,4970,333397,8
-2000,4971,333556,5
2731,4972,333652,9
-2381,4973,333732,3
-1761,4974,333879,5
-968,4975,333913,3
-1056,4976,334017,5
-2467,4977,334152,5
1672,4978,334222,7
-3706,4979,334361,4
-2675,4980,334487,5
52,4981,334600,7
701,4982,334623,5
1280,4983,334695,6
-1160,4984,334755,5
-3379,4985,334868,4
341,4986,334895,5
-1965,4987,334955,3
-846,4988,334980,3
-1112,4989,335005,3
-617,4990,335142,7
-2515,4991,335253,4
-48,4992,335276,4
-843,4993,335308,4
-894,4994,335333,3
-2790,4995,335442,4
-1170,4996,335457,3
-2228,4997,335554,5
-1556,4998,335652,4
-895,4999,335678,3
-2252,5000,335828,6
564,5001,335928,6
-1608,5002,335952,3
-1022,5003,335980,3
-2146,5004,336049,3
-2506,5005,336164,4
1132,5006,336394,11
-1013,5007,336431,4
-1138,5008,336460,3
-1364,5009,336549,5
503,5010,336575,5
-1133,5011,336674,6
-1621,5012,336706,3
-3063,5013,336820,4
-648,5014,336906,5
-557,5015,336937,4
-244,5016,336967,4
1797,5017,337032,7
-85,5018,337046,4
936,5019,337082,6
356,5020,337125,5
-2096,5021,337169,4
974,5022,337196,5
24,5023,337209,4
-507,5024,337262,5
845,5025,337296,5
870,5026,337313,5
218,5027,337374,5
785,5028,337402,5
-1902,5029,337442,3
-1112,5030,337459,3
-1213,5031,337494,3
-2460,5032,337594,4
3078,5033,337791,12
-1587,5034,337858,5
-4391,5035,338025,5
-823,5036,338100,5
778,5037,338115,5
-234,5038,338171,5
1805,5039,338223,6
-647,5040,338248,3
-4401,5041,338349,3
-4510,5042,338562,5
-962,5043,338587,3
-1178,5044,338627,3
-1748,5045,338664,3
-2193,5046,338745,3
-986,5047,338755,3
-3556,5048,338857,4
-346,5049,338922,5
-539,5050,339046,6
1592,5051,339130,8
-1510,5052,339196,3
-3035,5053,339287,4
-726,5054,339305,3
-1959,5055,339362,3
-1540,5056,339397,3
549,5057,339416,5
763,5058,339440,5
996,5059,339461,5
772,5060,339473,5
766,5061,339506,5
-2370,5062,339609,4
-1408,5063,339647,3
-845,5064,339657,3
-3834,5065,339749,3
-112,5066,339762,4
-1081,5067,339827,5
-113,5068,339842,4
489,5069,339868,5
754,5070,339888,5
127,5071,339911,4
1,5072,339998,6
-1810,5073,340054,4
-1135,5074,340069,3
-2679,5075,340160,4
-665,5076,340179,4
-105,5077,340237,5
2799,5078,340304,9
-122,5079,340343,5
-216,5080,340395,5
-646,5081,340418,3
-3188,5082,340561,4
-1577,5083,340629,4
-1372,5084,340789,6
-801,5085,340814,3
-1021,5086,340829,3
-2230,5087,340891,3
-821,5088,340990,5
-453,5089,341005,3
21,5090,341042,5
-5078,5091,341202,3
-2285,5092,341242,3
-2522,5093,341388,4
-480,5094,341494,5
-286,5095,341514,4
-515,5096,341525,3
-2568,5097,341598,3
-6139,5098,341804,3
-433,5099,341848,4
-962,5100,341859,3
-3396,5101,342044,5
1907,5102,342148,8
166,5103,342185,5
-1768,5104,342241,3
-3775,5105,342345,3
-782,5106,342359,3
-1032,5107,342368,3
-37,5108,342527,8
-7983,5109,342825,4
532,5110,342903,6
-5260,5111,343164,5
-1223,5112,343186,3
-5471,5113,343405,4
-1099,5114,343428,3
-1662,5115,343471,3
-3271,5116,343602,4
665,5117,343630,5
-102,5118,343660,4
-1719,5119,343748,5
-3935,5120,343869,3
1691,5121,343992,8
1450,5122,344080,7
501,5123,344131,6
22,5124,344145,4
-1284,5125,344276,7
-5740,5126,344440,3
-1698,5127,344505,4
-7295,5128,344756,3
-636,5129,344802,4
-286,5130,344862,5
-2124,5131,345002,6
-4078,5132,345126,4
-3068,5133,345266,4
1108,5134,345356,6
-945,5135,345502,6
-1343,5136,345558,4
-1276,5137,345584,3
-1107,5138,345602,3
-1114,5139,345759,6
-705,5140,345887,6
-737,5141,345912,3
-1850,5142,345962,3
779,5143,345988,5
1227,5144,346035,6
-2730,5145,346113,3
2070,5146,346164,6
-411,5147,346276,6
-2910,5148,346348,3
-3412,5149,346434,3
-1389,5150,346574,6
-4031,5151,346734,5
-4230,5152,346838,3
917,5153,346884,6
1114,5154,346939,6
-420,5155,346985,5
-790,5156,347071,5
-3094,5157,347197,4
-873,5158,347212,3
451,5159,347313,7
88,5160,347342,4
-1745,5161,347464,5
-4110,5162,347661,5
-1977,5163,347836,6
-1431,5164,347870,3
-5902,5165,348071,4
-892,5166,348094,3
-1050,5167,348112,3
-2935,5168,348252,5
-5438,5169,348480,4
-1018,5170,348512,3
-2506,5171,348568,3
-972,5172,348590,3
-783,5173,348614,3
-479,5174,348668,5
700,5175,348703,5
1309,5176,348740,6
965,5177,348783,6
-328,5178,348826,4
-1020,5179,348919,6
-258,5180,348953,4
-490,5181,349017,4
215,5182,349116,7
1971,5183,349172,7
-713,5184,349237,5
-1335,5185,349276,3
-3381,5186,349354,3
-3450,5187,349526,5
-868,5188,349559,4
1256,5189,349632,7
-593,5190,349655,4
-2281,5191,349718,3
-2395,5192,349783,3
2961,5193,349905,10
1090,5194,349964,6
-2341,5195,350051,3
-726,5196,350066,3
-680,5197,350082,3
-869,5198,350113,3
-7518,5199,350501,7
-2197,5200,350658,7
414,5201,350723,5
1374,5202,350770,6
-846,5203,350794,3
-318,5204,350837,4
-2930,5205,350939,4
-2159,5206,350967,3
1807,5207,351000,6
1118,5208,351068,6
-2083,5209,351209,5
-2461,5210,351303,4
-2507,5211,351347,3
204,5212,351403,5
-27,5213,351424,4
-1684,5214,351527,5
-664,5215,351600,5
-2417,5216,351667,3
-1854,5217,351859,6
-523,5218,351886,4
-5687,5219,352055,4
-1112,5220,352086,3
1287,5221,352127,6
-1015,5222,352144,3
-479,5223,352233,6
-1309,5224,352271,3
898,5225,352298,5
635,5226,352347,5
-82,5227,352389,4
-664,5228,352506,6
-192,5229,352577,5
-2549,5230,352729,5
-4284,5231,352898,3
-988,5232,352984,5
-2972,5233,353067,4
603,5234,353158,7
965,5235,353192,5
-45,5236,353223,5
-981,5237,353236,3
-1790,5238,353276,3
-3462,5239,353367,3
-2712,5240,353422,3
-4284,5241,353533,3
775,5242,353557,5
648,5243,353591,5
-1708,5244,353704,5
-1383,5245,353744,3
-5339,5246,353997,5
84,5247,354108,7
-610,5248,354131,3
-1930,5249,354269,5
748,5250,354302,5
-858,5251,354318,3
-3634,5252,354515,5
376,5253,354547,5
-1969,5254,354598,3
-2238,5255,354662,3
-1427,5256,354773,6
-2426,5257,354864,4
-2821,5258,354948,3
-3522,5259,355073,4
-1467,5260,355113,3
-218,5261,355186,5
533,5262,355233,5
248,5263,355259,4
-1981,5264,355357,5
75,5265,355439,5
1282,5266,355477,6
-2399,5267,355529,4
-146,5268,355586,5
-1485,5269,355641,4
-692,5270,355654,3
1209,5271,355722,8
207,5272,355844,7
1486,5273,355911,7
253,5274,355935,5
-3072,5275,356059,5
1256,5276,356126,6
-13,5277,356288,7
-1179,5278,356312,3
-3844,5279,356416,3
-1788,5280,356559,5
45,5281,356655,6
-3330,5282,356836,6
-3039,5283,356898,3
-986,5284,356908,3
-3220,5285,356997,3
-2817,5286,357147,5
-2046,5287,357211,3
-3002,5288,357305,3
2333,5289,357383,8
-4282,5290,357544,4
-5039,5291,357692,4
-754,5292,357732,4
-592,5293,357780,4
-2848,5294,357885,4
-2175,5295,358014,5
-3156,5296,358191,5
-3748,5297,358295,3
-1920,5298,358408,5
-2,5299,358485,5
-2371,5300,358521,3
-3402,5301,358626,3
-2236,5302,358660,3
-2152,5303,358704,3
-7488,5304,359064,6
-1921,5305,359207,5
1612,5306,359322,8
-2594,5307,359395,4
-1405,5308,359437,3
-1791,5309,359564,5
6,5310,359625,5
382,5311,359687,6
-500,5312,359752,5
-1145,5313,359769,3
-915,5314,359785,3
-2986,5315,359937,5
-2284,5316,360096,5
-2006,5317,360200,4
-2598,5318,360395,5
-3043,5319,360600,7
2147,5320,360677,8
-538,5321,360757,6
-6696,5322,360989,4
2630,5323,361093,9
-998,5324,361112,3
72,5325,361156,5
-2415,5326,361198,3
-805,5327,361236,4
-2117,5328,361273,3
-1054,5329,361299,3
-255,5330,361394,6
1348,5331,361429,6
576,5332,361457,4
-1472,5333,361543,4
708,5334,361567,5
-2840,5335,361797,7
-4764,5336,361929,3
353,5337,361975,5
932,5338,362031,6
2370,5339,362154,9
-2789,5340,362244,4
-746,5341,362260,3
-279,5342,362337,6
-637,5343,362351,3
-2138,5344,362413,3
-1914,5345,362473,3
-368,5346,362487,3
683,5347,362523,5
-1129,5348,362614,5
1807,5349,362717,8
295,5350,362766,6
952,5351,362815,6
-912,5352,362839,3
-428,5353,362849,3
-1521,5354,362877,3
-545,5355,362893,3
-5915,5356,363067,3
-2246,5357,363128,3
1047,5358,363164,5
-4287,5359,363401,6
1034,5360,363455,6
-1593,5361,363547,5
-2116,5362,363604,3
-1281,5363,363632,3
-1867,5364,363657,3
-3706,5365,363818,5
314,5366,363870,5
-848,5367,363937,5
-2377,5368,364024,4
-474,5369,364046,4
-769,5370,364063,3
-1012,5371,364099,4
-515,5372,364110,3
-4344,5373,364228,3
-2815,5374,364343,4
-1160,5375,364384,4
-924,5376,364409,3
-817,5377,364470,4
-1894,5378,364581,4
-2631,5379,364693,4
-2938,5380,364856,5
-831,5381,364970,6
-8050,5382,365278,4
-2220,5383,365347,3
142,5384,365410,5
-1947,5385,365560,6
-1330,5386,365586,3
-51,5387,365646,5
95,5388,365698,5
-2515,5389,365859,7
22,5390,365943,6
-1823,5391,366011,4
-2146,5392,366062,3
-808,5393,366132,5
-835,5394,366289,6
702,5395,366311,5
762,5396,366337,5
-462,5397,366349,3
-3372,5398,366429,3
-2201,5399,366471,3
-515,5400,366482,3
-584,5401,366566,5
-1878,5402,366666,5
-1417,5403,366774,5
872,5404,366800,5
-1143,5405,366824,3
-2434,5406,366883,3
-2781,5407,367014,5
-1964,5408,367131,5
-3668,5409,367283,4
-922,5410,367325,4
-1786,5411,367381,3
-1778,5412,367401,3
-2515,5413,367533,5
-1014,5414,367591,4
-3140,5415,367753,5
-1145,5416,367806,4
1680,5417,367858,6
-2250,5418,367985,5
601,5419,368051,6
818,5420,368064,5
-1722,5421,368171,5
-962,5422,368428,9
-604,5423,368443,3
-864,5424,368523,5
-1765,5425,368575,4
-947,5426,368586,3
-1852,5427,368676,4
-1384,5428,368849,7
-2199,5429,368992,5
-6097,5430,369277,5
-3165,5431,369387,4
-3415,5432,369464,3
-5110,5433,369659,5
-2170,5434,369698,3
-1713,5435,369726,3
-3585,5436,369912,6
904,5437,369986,6
-4700,5438,370116,3
-3268,5439,370187,3
-1925,5440,370328,5
171,5441,370366,5
-940,5442,370380,3
809,5443,370449,6
-2014,5444,370593,6
-3253,5445,370703,4
-25,5446,370831,7
-1681,5447,370881,3
-137,5448,370914,5
-5145,5449,371134,5
861,5450,371200,6
1461,5451,371288,8
-1812,5452,371414,5
-1189,5453,371551,5
-2019,5454,371624,3
-1788,5455,371687,3
-2457,5456,371833,5
-1177,5457,371845,3
429,5458,371865,5
1075,5459,371895,5
-845,5460,372001,5
485,5461,372088,6
-4891,5462,372334,5
-1702,5463,372381,3
-4060,5464,372477,3
-3805,5465,372645,4
-4588,5466,372778,3
-731,5467,372794,3
-1825,5468,372911,5
8,5469,372961,5
-4448,5470,373169,6
-2266,5471,373214,3
-854,5472,373297,5
-1413,5473,373337,3
477,5474,373380,5
-5592,5475,373594,4
-428,5476,373604,3
-844,5477,373631,3
-2936,5478,373726,4
1426,5479,373846,8
-2793,5480,373943,3
-9376,5481,374337,6
-473,5482,374439,5
129,5483,374489,4
944,5484,374521,5
570,5485,374570,6
339,5486,374603,5
-2529,5487,374687,3
-3541,5488,374782,3
-3453,5489,374980,6
-3973,5490,375104,4
-937,5491,375121,3
-4008,5492,375244,3
279,5493,375272,4
614,5494,375331,5
-935,5495,375386,4
-451,5496,375429,4
-1795,5497,375492,4
-800,5498,375520,3
-4363,5499,375651,3
-2528,5500,375765,4
177,5501,375838,5
200,5502,375865,4
-3972,5503,375994,3
-477,5504,376020,4
-30,5505,376095,5
837,5506,376177,6
-1210,5507,376194,3
-1401,5508,376229,4
-1310,5509,376299,5
-1858,5510,376362,4
-998,5511,376378,3
-477,5512,376444,5
-3948,5513,376605,5
-1148,5514,376630,3
-2914,5515,376688,3
43,5516,376893,8
-5901,5517,377223,6
-9495,5518,377625,5
-1263,5519,377750,5
-1842,5520,377789,3
-619,5521,377876,5
1390,5522,377915,6
-439,5523,378102,7
-2002,5524,378184,4
-1489,5525,378233,4
-1723,5526,378271,3
2481,5527,378368,8
-1698,5528,378429,3
-1190,5529,378526,5
-1076,5530,378585,4
-1320,5531,378600,3
-1839,5532,378714,5
847,5533,378744,5
-105,5534,378762,4
-401,5535,378826,5
-1918,5536,378997,6
-48,5537,379086,5
-6644,5538,379360,5
-454,5539,379436,5
644,5540,379451,5
-4895,5541,379581,3
452,5542,379612,5
638,5543,379649,5
-5282,5544,379803,3
-5266,5545,380001,5
-3781,5546,380163,5
-1027,5547,380186,3
-428,5548,380196,3
-5438,5549,380511,7
-20,5550,380546,5
-1081,5551,380627,5
-716,5552,380664,4
-1256,5553,380740,4
-2765,5554,380867,5
769,5555,380882,5
381,5556,380912,5
2473,5557,381007,9
-6381,5558,381180,4
-682,5559,381311,6
-4643,5560,381463,3
-1892,5561,381586,5
-302,5562,381719,7
-1690,5563,381770,3
-3449,5564,381825,3
-1500,5565,381855,3
-2810,5566,381959,3
-1440,5567,382120,6
-5060,5568,382288,5
-2418,5569,382385,4
-2537,5570,382437,3
879,5571,382563,8
-1122,5572,382656,5
-2129,5573,382809,5
-3985,5574,383021,5
-2891,5575,383224,6
1123,5576,383263,6
695,5577,383290,5
-1784,5578,383340,3
-3006,5579,383416,3
682,5580,383452,5
379,5581,383511,6
503,5582,383542,5
-2719,5583,383684,5
726,5584,383704,5
-1686,5585,383784,4
-3311,5586,383890,3
-2412,5587,383947,3
-3173,5588,384146,6
-585,5589,384174,4
-3925,5590,384405,6
-1908,5591,384497,5
-1268,5592,384607,5
-2490,5593,384795,6
859,5594,384856,6
-1497,5595,384982,6
-5231,5596,385249,6
-1906,5597,385367,5
-515,5598,385378,3
-1323,5599,385390,3
-2422,5600,385455,3
1242,5601,385522,7
3024,5602,385597,8
-1990,5603,385675,3
-1651,5604,385909,8
-1619,5605,385976,4
-607,5606,385991,3
-2336,5607,386153,5
-4850,5608,386356,4
-4099,5609,386451,3
-745,5610,386463,3
-3173,5611,386644,5
-3979,5612,386865,7
148,5613,386919,5
1079,5614,386960,5
-1409,5615,387034,5
-4381,5616,387227,5
763,5617,387248,5
214,5618,387324,6
-2311,5619,387394,4
-565,5620,387415,4
-1823,5621,387474,4
181,5622,387497,4
165,5623,387583,6
-1886,5624,387707,6
-551,5625,387723,3
-941,5626,387743,3
-2441,5627,387856,4
-968,5628,387946,5
2602,5629,388027,9
-214,5630,388081,5
-351,5631,388147,5
-3674,5632,388405,8
177,5633,388496,6
-1090,5634,388529,3
-845,5635,388539,3
-3055,5636,388625,3
-3028,5637,388867,6
-3970,5638,388992,3
-1409,5639,389039,3
511,5640,389139,7
-2294,5641,389184,3
-745,5642,389196,3
259,5643,389215,5
61,5644,389251,5
781,5645,389269,5
1133,5646,389334,6
668,5647,389358,5
-847,5648,389443,5
-1220,5649,389466,3
-4082,5650,389612,4
-2912,5651,389673,3
-845,5652,389683,3
651,5653,389722,5
923,5654,389829,8
-2503,5655,389974,5
747,5656,390016,5
-348,5657,390061,5
1313,5658,390087,6
-1524,5659,390157,4
-7161,5660,390429,4
-1123,5661,390514,5
-85,5662,390528,4
-1823,5663,390575,3
-764,5664,390617,5
-3926,5665,390712,3
-545,5666,390769,4
-3291,5667,390978,6
261,5668,391046,5
-6352,5669,391372,6
508,5670,391439,6
-12,5671,391478,4
-2900,5672,391600,4
-479,5673,391635,4
-2626,5674,391685,3
-104,5675,391702,4
-551,5676,391718,3
-1872,5677,391871,5
-2393,5678,391951,3
-1298,5679,392111,6
-1359,5680,392126,3
1234,5681,392153,6
-4391,5682,392341,4
-3169,5683,392489,4
-199,5684,392524,4
-2186,5685,392683,7
-428,5686,392693,3
-1323,5687,392784,5
853,5688,392811,5
-1684,5689,393028,7
-692,5690,393041,3
-3236,5691,393140,4
-1488,5692,393188,3
-1978,5693,393283,4
-3161,5694,393423,5
1006,5695,393471,6
-566,5696,393487,3
928,5697,393513,5
-5192,5698,393668,4
-3138,5699,393846,5
2625,5700,393962,10
-83,5701,393997,5
-8184,5702,394376,6
-261,5703,394437,5
-768,5704,394489,5
-1032,5705,394498,3
-2965,5706,394657,4
824,5707,394684,5
2210,5708,394748,7
-3848,5709,394930,5
-2476,5710,395023,4
-1746,5711,395062,3
795,5712,395143,5
851,5713,395172,5
-5282,5714,395375,6
-2996,5715,395538,6
-3832,5716,395660,3
-4994,5717,395860,5
-2558,5718,395912,3
-5451,5719,396090,4
74,5720,396154,5
-1887,5721,396265,5
-830,5722,396313,4
925,5723,396346,5
-2479,5724,396450,5
-4062,5725,396633,5
-646,5726,396710,5
-4696,5727,396887,5
937,5728,396971,6
120,5729,397027,5
-3706,5730,397190,5
-1243,5731,397219,3
-4694,5732,397411,5
-4096,5733,397565,5
-3940,5734,397667,3
1118,5735,397715,6
-90,5736,397734,4
13,5737,397786,6
-4594,5738,398197,11
-2354,5739,398284,4
-1537,5740,398356,5
-360,5741,398461,6
-7299,5742,398734,4
-2644,5743,398860,4
-3064,5744,398929,3
-4447,5745,399104,4
-187,5746,399151,5
-133,5747,399166,4
-279,5748,399270,6
-3321,5749,399414,4
-1084,5750,399528,6
-4336,5751,399774,7
-408,5752,399818,5
-2837,5753,400032,7
3355,5754,400171,10
713,5755,400186,5
777,5756,400215,5
-956,5757,400234,3
-2314,5758,400299,3
-8167,5759,400636,6
-1334,5760,400728,5
-228,5761,400772,5
621,5762,400813,5
-3881,5763,400992,5
-1447,5764,401033,3
-250,5765,401096,4
-428,5766,401263,7
-1121,5767,401317,5
-1839,5768,401359,3
-590,5769,401446,5
1223,5770,401533,8
-1935,5771,401590,3
-1240,5772,401680,5
-4841,5773,401840,4
1343,5774,401902,7
836,5775,401923,5
1012,5776,401963,6
-5938,5777,402156,3
-3425,5778,402330,5
-1725,5779,402397,4
-4821,5780,402510,4
-4813,5781,402671,4
-677,5782,402700,4
-1550,5783,402787,5
-2870,5784,402882,4
-16543,5785,403505,4
-348,5786,403533,4
-826,5787,403559,4
1600,5788,403608,6
1308,5789,403745,9
-1596,5790,403913,6
-515,5791,403924,3
-3087,5792,403982,3
-2115,5793,404134,6
-2645,5794,404187,3
-3760,5795,404390,6
4344,5796,404532,11
-1241,5797,404554,3
-2716,5798,404701,5
-5234,5799,404828,3
-1887,5800,404996,6
615,5801,405049,6
633,5802,405080,5
-2995,5803,405261,6
-1089,5804,405321,5
-5359,5805,405486,4
-2107,5806,405556,4
-213,5807,405696,7
-77,5808,405752,5
-736,5809,405784,4
-7388,5810,406056,5
-1622,5811,406071,3
-218,5812,406100,4
-2809,5813,406202,4
-9018,5814,406520,5
491,5815,406547,5
888,5816,406571,5
2130,5817,406664,8
-1637,5818,406687,3
-2139,5819,406753,3
-908,5820,406773,3
-1471,5821,406788,3
-2036,5822,406886,4
-1937,5823,406957,4
-4994,5824,407124,3
-521,5825,407184,6
-2180,5826,407316,5
-891,5827,407346,3
150,5828,407385,5
-96,5829,407450,6
-1136,5830,407546,5
1702,5831,407647,8
-428,5832,407657,3
-6937,5833,407965,5
-1617,5834,407983,3
-732,5835,408001,3
611,5836,408043,5
-900,5837,408068,3
-3798,5838,408177,3
-428,5839,408187,3
-4686,5840,408312,3
1024,5841,408395,7
-2588,5842,408469,3
-865,5843,408487,3
-2797,5844,408549,3
-2539,5845,408655,5
-222,5846,408675,4
700,5847,408711,5
-6146,5848,408904,3
-1950,5849,408970,4
-428,5850,408980,3
-3282,5851,409132,5
203,5852,409226,6
-5170,5853,409453,6
-6437,5854,409661,3
-4496,5855,409898,6
-1127,5856,409920,3
-515,5857,409931,3
-1087,5858,410025,5
-2281,5859,410106,4
-3790,5860,410288,5
-4595,5861,410527,4
-2354,5862,410613,4
-1716,5863,410740,5
-9193,5864,411257,9
-2439,5865,411351,4
743,5866,411471,7
-2431,5867,411548,4
-1867,5868,411642,5
-1203,5869,411698,4
-1372,5870,411749,4
-624,5871,411949,8
458,5872,412004,5
-1213,5873,412071,5
-7930,5874,412300,3
-1102,5875,412324,3
-6807,5876,412554,3
-5999,5877,412781,5
-3327,5878,413011,7
-109,5879,413035,4
-1215,5880,413107,4
-2120,5881,413187,4
-3756,5882,413274,3
-515,5883,413285,3
-4453,5884,413473,5
-2924,5885,413653,6
-182,5886,413676,4
-1500,5887,413765,5
-1405,5888,413823,4
815,5889,413924,7
798,5890,413943,5
-428,5891,413953,3
-172,5892,413984,5
-782,5893,413998,3
-2396,5894,414040,3
-610,5895,414055,3
-4342,5896,414220,4
-4216,5897,414374,4
-2269,5898,414425,3
-1032,5899,414434,3
-1316,5900,414495,5
-4117,5901,414674,5
-608,5902,414742,4
-1123,5903,414852,5
-4652,5904,415077,6
-1820,5905,415133,4
-1871,5906,415152,3
-2565,5907,415359,6
-13977,5908,415817,4
-2612,5909,415878,3
-4120,5910,416024,4
-4144,5911,416158,4
-1152,5912,416176,3
-3158,5913,416262,3
-4032,5914,416379,3
-5685,5915,416536,3
-3765,5916,416639,3
-4519,5917,416892,7
-3908,5918,417010,3
-938,5919,417021,3
-3036,5920,417298,8
-1632,5921,417402,5
-1706,5922,417493,5
-6064,5923,417832,7
-1297,5924,417966,7
-5064,5925,418159,4
-499,5926,418173,3
-4434,5927,418305,3
-2412,5928,418402,4
-515,5929,418413,3
-4210,5930,418588,4
-3733,5931,418848,6
-3947,5932,419059,5
-10583,5933,419498,6
-1995,5934,419546,3
15,5935,419620,6
2567,5936,419737,10
-912,5937,419749,3
-428,5938,419759,3
-1485,5939,419860,5
-1413,5940,420044,7
-2485,5941,420195,5
-4448,5942,420434,6
-11227,5943,420797,4
-1060,5944,420829,3
122,5945,420926,5
-4027,5946,421087,4
-317,5947,421149,4
-1633,5948,421227,4
-5631,5949,421457,5
-1168,5950,421566,6
-3188,5951,421696,4
-2085,5952,421759,3
-2422,5953,421804,3
-2221,5954,421883,4
-1380,5955,421913,3
-2332,5956,421969,3
-1982,5957,422036,3
-2973,5958,422131,3
1024,5959,422233,8
-6923,5960,422595,5
-984,5961,422707,7
-3366,5962,422872,6
1676,5963,423010,9
159,5964,423073,6
-1860,5965,423250,6
-4727,5966,423377,3
-6075,5967,423633,5
-4471,5968,423814,4
-3224,5969,424020,6
-3294,5970,424091,3
-2105,5971,424226,5
-3414,5972,424353,4
-1696,5973,424425,4
-1401,5974,424456,3
-1247,5975,424479,3
-2190,5976,424555,4
289,5977,424611,6
280,5978,424722,7
-4140,5979,425017,8
-2829,5980,425126,4
-1718,5981,425293,7
-428,5982,425303,3
-972,5983,425334,3
-2432,5984,425494,6
-8136,5985,425895,7
-1931,5986,425959,3
-3019,5987,426129,5
-6635,5988,426355,4
-11339,5989,426853,7
-1397,5990,426899,3
-938,5991,427055,7
-2538,5992,427227,6
-2531,5993,427305,4
-6258,5994,427465,3
2648,5995,427537,8
-3566,5996,427732,7
-2634,5997,427816,3
-3273,5998,428141,8
-10701,5999,428543,5
-125,6000,428657,7
-6139,6001,428863,4
-2534,6002,428930,3
-2078,6003,429053,5
-637,6004,429067,3
-1753,6005,429248,8
-1740,6006,429355,5
-6027,6007,429572,4
-287,6008,429610,4
-1955,6009,429671,3
440,6010,429719,6
-1612,6011,429749,3
-2187,6012,429822,3
-9559,6013,430257,7
-8465,6014,430625,6
-8988,6015,430978,5
1289,6016,431041,6
-4007,6017,431227,5
-2138,6018,431375,5
-9867,6019,431805,6
-4942,6020,432023,5
-2636,6021,432152,6
-3017,6022,432323,6
-1010,6023,432333,3
-886,6024,432419,5
-515,6025,432430,3
-5244,6026,432778,9
-1895,6027,432898,5
-4762,6028,433062,4
-3478,6029,433182,4
-6868,6030,433445,3
-3224,6031,433546,3
-5562,6032,433714,3
-3100,6033,433806,3
-664,6034,433927,5
-5428,6035,434163,5
-3164,6036,434297,5
-12,6037,434309,4
-8146,6038,434606,4
-6051,6039,434950,8
1560,6040,434987,6
-2566,6041,435180,6
-4542,6042,435381,6
-2559,6043,435497,4
-258,6044,435512,4
-4323,6045,435707,6
-2408,6046,435873,5
-1650,6047,435974,5
-1294,6048,436004,3
-471,6049,436019,3
-6675,6050,436312,5
1908,6051,436365,7
607,6052,436490,8
-4853,6053,436706,5
-6412,6054,437148,10
1563,6055,437198,6
878,6056,437261,6
862,6057,437275,5
-3272,6058,437437,7
-3395,6059,437630,7
-5101,6060,437771,3
-657,6061,437816,5
470,6062,437877,5
1507,6063,437927,7
-92,6064,437940,4
151,6065,438060,7
102,6066,438118,5
-9675,6067,438550,7
-788,6068,438612,5
-3999,6069,438712,3
-3382,6070,438798,3
-485,6071,438897,5
-44,6072,438957,5
-876,6073,439099,6
-1694,6074,439124,3
-5548,6075,439468,10
3229,6076,439533,9
786,6077,439549,5
-800,6078,439661,6
444,6079,439674,4
-8851,6080,440027,6
-6045,6081,440248,4
-5485,6082,440442,5
-1320,6083,440457,3
-3067,6084,440522,3
-9187,6085,440880,6
-4201,6086,441073,5
-574,6087,441133,4
-950,6088,441161,3
-4472,6089,441366,5
-1335,6090,441495,6
-2840,6091,441562,3
-8031,6092,441889,5
-2206,6093,441940,3
-503,6094,442060,6
-1404,6095,442147,5
-4766,6096,442385,6
-6968,6097,442610,3
-9213,6098,442970,6
-7095,6099,443198,3
-1224,6100,443238,4
-600,6101,443277,4
-4013,6102,443570,8
744,6103,443643,5
-1491,6104,443770,6
-1231,6105,443859,5
-1634,6106,443958,5
-1727,6107,443980,3
724,6108,443991,5
-378,6109,444073,5
-3855,6110,444309,7
-5541,6111,444556,5
-5632,6112,444751,5
-1506,6113,444844,5
-3151,6114,444946,4
-3115,6115,445102,4
-3484,6116,445276,6
-12041,6117,445710,5
-4100,6118,445878,4
-1888,6119,446001,6
-6546,6120,446312,6
-10015,6121,446701,5
-3249,6122,446820,4
-1301,6123,446851,3
-1856,6124,446955,5
-5318,6125,447153,4
-13547,6126,447623,4
-4518,6127,447811,4
-5996,6128,448007,4
-1083,6129,448037,3
-2371,6130,448087,3
-4557,6131,448247,4
-3445,6132,448418,5
-6203,6133,448670,5
-431,6134,448770,5
500,6135,448803,5
-3388,6136,449070,8
-1400,6137,449108,3
-6086,6138,449420,7
-960,6139,449442,3
-5286,6140,449595,3
-12160,6141,449981,3
-4497,6142,450131,3
-2319,6143,450183,3
-3296,6144,450357,6
748,6145,450410,5
-1670,6146,450480,4
-1506,6147,450600,5
-2278,6148,450666,3
67,6149,450702,4
2439,6150,450794,7
-3054,6151,450945,5
-6990,6152,451235,5
763,6153,451277,5
-11941,6154,451685,4
585,6155,451707,4
-1891,6156,451787,5
-7735,6157,452061,5
255,6158,452140,5
806,6159,452165,5
950,6160,452204,6
-3430,6161,452528,11
-5158,6162,452919,11
-428,6163,452929,3
-2230,6164,453075,5
-1314,6165,453184,6
-7890,6166,453510,5
-579,6167,453734,9
-2023,6168,453790,3
-4467,6169,454045,7
-2573,6170,454124,3
-594,6171,454201,5
-5018,6172,454403,5
102,6173,454436,5
-1050,6174,454494,4
-3089,6175,454580,3
-3724,6176,454817,8
-4018,6177,455009,6
941,6178,455149,9
-410,6179,455228,5
-773,6180,455289,5
1374,6181,455568,11
-2777,6182,455650,3
223,6183,455710,5
1022,6184,455741,6
2305,6185,455812,7
-1737,6186,455980,7
1886,6187,456072,7
-3855,6188,456188,3
1671,6189,456307,9
-189,6190,456333,5
-2422,6191,456452,4
-61,6192,456511,5
-6721,6193,456760,5
751,6194,456787,5
-10273,6195,457119,5
-428,6196,457129,3
-8394,6197,457430,5
724,6198,457441,5
-43,6199,457490,5
-6560,6200,457751,6
-3205,6201,457954,7
-1227,6202,457980,4
-3456,6203,458161,5
-12692,6204,458576,3
-858,6205,458742,7
-3523,6206,459002,8
-2825,6207,459146,5
2316,6208,459204,8
-9439,6209,459585,5
-728,6210,459601,3
-1081,6211,459708,5
-2918,6212,459821,5
-4458,6213,460108,6
1227,6214,460170,7
-1893,6215,460216,3
-5161,6216,460463,6
-1519,6217,460665,7
-11185,6218,461115,7
-684,6219,461223,6
-3757,6220,461310,3
-4723,6221,461577,7
348,6222,461712,9
-2683,6223,461846,5
-6758,6224,462117,5
-887,6225,462138,4
-689,6226,462169,4
-7110,6227,462446,4
-594,6228,462559,6
-10173,6229,462989,6
-1277,6230,463132,5
533,6231,463426,11
-6920,6232,463741,7
-3201,6233,463850,4
-6224,6234,464189,7
-12065,6235,464656,6
-2959,6236,464775,3
-3331,6237,464992,7
-11178,6238,465352,5
181,6239,465488,8
-5538,6240,465729,5
944,6241,465830,6
-1442,6242,465906,5
-428,6243,465916,3
-8126,6244,466171,3
-3472,6245,466263,3
-420,6246,466414,7
-2395,6247,466500,3
-1242,6248,466660,7
-817,6249,466714,4
-2264,6250,466800,4
-451,6251,466870,5
-5627,6252,467165,8
1166,6253,467285,9
-8687,6254,467681,7
678,6255,467705,5
-6330,6256,467941,5
558,6257,467991,5
-464,6258,468061,5
-1765,6259,468134,4
-17902,6260,468805,6
-34,6261,468872,5
-1236,6262,468977,5
133,6263,469024,5
-12519,6264,469555,7
-22087,6265,470243,3
-9276,6266,470796,10
-411,6267,470844,5
-6776,6268,471161,6
-4028,6269,471331,4
-567,6270,471349,4
-9051,6271,471741,6
-9222,6272,472224,9
-4029,6273,472570,10
-4022,6274,472747,5
-809,6275,472847,6
-3039,6276,472955,5
-6779,6277,473321,9
-3108,6278,473399,4
-2412,6279,473549,5
-648,6280,473589,4
-5248,6281,473889,8
-3834,6282,474052,6
-3978,6283,474207,5
-4409,6284,474423,6
-7576,6285,474763,7
-2545,6286,474956,7
-1923,6287,475061,5
799,6288,475077,5
2424,6289,475134,8
-1208,6290,475393,11
1161,6291,475490,7
2615,6292,475540,8
-2145,6293,475651,4
-3773,6294,475935,9
-1400,6295,476006,5
-25690,6296,476887,6
-2677,6297,477075,6
619,6298,477105,5
-22609,6299,477961,6
-10847,6300,478325,4
-144,6301,478388,5
-515,6302,478399,3
-9744,6303,478746,5
-20001,6304,479441,6
-3496,6305,479643,6
1787,6306,479746,9
-11481,6307,480276,8
-24079,6308,481121,6
-9474,6309,481656,9
-3509,6310,481965,9
-14028,6311,482657,11
-3979,6312,482753,3
-10013,6313,483150,7
-2685,6314,483325,6
-6108,6315,483572,6
-10622,6316,484178,12
-12984,6317,484647,6
-6583,6318,484925,5
-25844,6319,485826,7
-10120,6320,486218,6
-6485,6321,486603,8
-8615,6322,487058,9
1804,6323,487152,7
-6882,6324,487383,4
-2948,6325,487508,5
-2372,6326,487695,6
-17197,6327,488353,7
1210,6328,488499,10
-13443,6329,489173,10
-4304,6330,489345,5
-4599,6331,489547,5
-14438,6332,490086,6
-5754,6333,490394,6
-703,6334,490458,5
-10677,6335,490815,5
-12322,6336,491475,13
-109,6337,491538,5
-6995,6338,491881,7
-103459,6339,495469,17
-7997,6340,495770,5
-2259,6341,495836,3
-31576,6342,497012,8
-4551,6343,497224,5
-6967,6344,497695,11
-63093,6345,500537,26
-104907,6346,504145,16
-15916,6347,504856,12
1168,6348,504879,5
819,6349,504895,5
-253805,6350,513402,26
-195277,6351,519798,16
-160998,6352,524977,10
-121772,6353,528979,7
-81704,6354,531684,8
-4651,6355,531963,8
-18417,6356,532547,5
-83126,6357,535316,7
-35560,6358,536736,12
-12015,6359,537207,7
-166985,6360,542566,8
-7192,6361,543048,9
643,6362,543060,5
-14388,6363,543735,9
-92569,6364,547055,14
-121829,6365,551118,15
-22604,6366,552057,10
-118019,6367,555393,7
-77854,6368,557809,7
-84957,6369,560951,16
-238477,6370,568444,13
-129054,6371,572678,7
-49643,6372,574293,6
-34412,6373,575523,9
-70530,6374,577601,6
-5614,6375,577885,5
-1231,6376,577996,6
-155745,6377,582980,6
-2067,6378,583174,8
-80493,6379,585763,7
-108710,6380,589304,9
-119981,6381,593045,6
-2422,6382,593265,9
-313474,6383,603264,8
-138549,6384,607707,9
-240039,6385,615245,10
-223337,6386,622028,9
-113411,6387,625803,6
-162940,6388,631121,12
-825,6389,631175,5
-96443,6390,634680,11
-84575,6391,637392,5
-6524,6392,637808,10
-332241,6393,647807,5
-291699,6394,656789,10
-313332,6395,666788,12
-306773,6396,676787,3
-317899,6397,686786,7
-223611,6398,693350,10
-325440,6399,703349,8
-88041,6400,706147,9
-231977,6401,713685,10
-87702,6402,716548,8
-196419,6403,722643,9
-318710,6404,732642,6
-77258,6405,735218,10
-308660,6406,745217,13
-299834,6407,755216,13
-238716,6408,762839,9
-160233,6409,768375,14
-135565,6410,772894,9
-4070,6411,773122,7
-6275,6412,773565,10
-251059,6413,781398,11
-109402,6414,784973,12
-84426,6415,787862,9
-317132,6416,797861,8
-220699,6417,804896,11
-56450,6418,807049,6
-302525,6419,816630,5
-292387,6420,826629,12
-245706,6421,834809,9
-305142,6422,844808,15
-310999,6423,854807,3
-310931,6424,864806,15
-122381,6425,868629,10
-152450,6426,874071,15
-332320,6427,884070,3
-15602,6428,884823,10
-319794,6429,894822,5
-15526,6430,895560,10
-60564,6431,897686,9
-329639,6432,907685,4
-263817,6433,915874,11
-239147,6434,923479,6
-331775,6435,933478,6
-334032,6436,943477,3
-313017,6437,953476,8
-134543,6438,958294,11
-336925,6439,968293,3
