-737,0,43,3
-1209,1,215,4
833,2,283,5
-156,3,329,4
-722,4,342,3
-818,5,395,3
-286,6,469,4
-1584,7,527,3
-56,8,580,4
-1419,9,620,3
314,10,642,4
-1051,11,673,3
-2104,12,761,3
-2324,13,946,4
-907,14,973,3
-1760,15,1123,3
-1447,16,1218,3
-913,17,1269,3
-697,18,1289,3
-941,19,1312,3
-1076,20,1357,3
-660,21,1391,3
-1121,22,1427,3
-1260,23,1464,3
-1591,24,1572,3
-2210,25,1758,3
-1035,26,1802,3
178,27,1851,4
-1298,28,1917,3
385,29,2023,6
-1606,30,2093,3
-25,31,2168,4
-1584,32,2242,3
-1442,33,2274,3
-1442,34,2322,3
-1292,35,2363,3
-1214,36,2388,3
8,37,2443,4
-478,38,2477,3
-122,39,2509,4
-577,40,2567,4
-825,41,2615,3
-1648,42,2688,3
-584,43,2730,3
-1226,44,2768,3
-514,45,2806,3
-1199,46,2846,3
-1343,47,2909,3
-1074,48,3006,3
-1473,49,3055,3
-989,50,3106,3
-296,51,3164,4
-1580,52,3215,3
-1374,53,3265,3
-2036,54,3422,3
-653,55,3449,3
-647,56,3469,3
-807,57,3485,3
-553,58,3556,3
-675,59,3700,4
-1618,60,3769,3
-909,61,3805,3
-312,62,3823,3
-906,63,3953,3
-798,64,3979,3
-1174,65,4024,3
-414,66,4090,4
-907,67,4126,3
-725,68,4178,3
-1624,69,4256,3
-1145,70,4272,3
-583,71,4288,3
-720,72,4369,3
-1225,73,4396,3
-1300,74,4473,3
-1050,75,4555,3
-1031,76,4595,3
-1073,77,4618,3
-513,78,4642,3
-962,79,4672,3
-1024,80,4849,4
147,81,4889,4
-2222,82,5042,3
-446,83,5060,3
-1628,84,5146,3
-1065,85,5198,3
474,86,5244,4
-1332,87,5306,3
-1162,88,5336,3
-1229,89,5447,3
-1677,90,5539,3
-682,91,5560,3
-1327,92,5592,3
-499,93,5620,3
-394,94,5690,4
-1054,95,5779,3
-811,96,5818,3
-2955,97,6078,3
-1150,98,6123,3
-1279,99,6144,3
-1054,100,6189,3
-1284,101,6235,3
-6,102,6280,4
-1506,103,6330,3
-929,104,6378,3
-1850,105,6487,3
-466,106,6537,3
-798,107,6563,3
-1055,108,6642,3
346,109,6692,4
-964,110,6737,3
-1150,111,6782,3
-89,112,6803,4
-777,113,6838,3
-357,114,6865,3
-1610,115,6935,3
-1286,116,6974,3
-1502,117,7017,3
-861,118,7048,3
-1202,119,7093,3
-776,120,7150,3
-1152,121,7224,4
-553,122,7244,3
-1018,123,7366,4
-688,124,7395,3
-1203,125,7478,3
-697,126,7502,3
-670,127,7527,3
-2828,128,7704,3
-1901,129,7774,3
-482,130,7807,3
-382,131,7857,3
-1356,132,8014,4
-1521,133,8145,3
-990,134,8231,3
-586,135,8256,3
-1298,136,8289,3
-885,137,8324,3
-872,138,8354,3
-967,139,8430,3
-739,140,8461,3
-1335,141,8572,3
-763,142,8603,3
-751,143,8642,3
-1669,144,8765,3
-960,145,8807,3
-1244,146,8844,3
-1156,147,8890,3
-934,148,8927,3
-1030,149,8956,3
-1361,150,8988,3
318,151,9107,5
-1026,152,9148,3
-1231,153,9192,3
365,154,9215,4
-856,155,9289,3
-421,156,9316,3
-868,157,9338,3
-1478,158,9575,4
-1086,159,9592,3
-1084,160,9661,3
-1142,161,9699,3
-987,162,9743,3
-621,163,9770,3
-797,164,9797,3
-1120,165,9814,3
-900,166,9847,3
-1179,167,9898,3
-1516,168,9960,3
-1283,169,10003,3
-1451,170,10115,3
-593,171,10139,3
-888,172,10169,3
-1535,173,10207,3
-1289,174,10283,3
-799,175,10322,3
-310,176,10399,4
-136,177,10469,5
-415,178,10510,4
-771,179,10549,3
-1021,180,10573,3
-782,181,10594,3
-1205,182,10638,3
-1421,183,10686,3
-850,184,10728,3
-664,185,10782,3
-1976,186,10875,3
-1880,187,10993,3
-472,188,11027,3
-83,189,11075,4
-1899,190,11186,3
-1235,191,11218,3
-437,192,11241,3
-1036,193,11318,3
-1055,194,11354,3
-1195,195,11393,3
-1259,196,11457,3
-503,197,11485,3
-831,198,11509,3
-1299,199,11532,3
-1277,200,11584,3
-906,201,11613,3
-1218,202,11642,3
-1154,203,11732,3
-857,204,11822,4
255,205,11894,4
-1308,206,11949,3
-1003,207,12020,3
-693,208,12088,3
201,209,12151,4
-1747,210,12278,3
-1220,211,12328,3
-749,212,12348,3
-1470,213,12386,3
-2311,214,12574,3
-629,215,12679,4
-1197,216,12718,3
-220,217,12736,3
-504,218,12753,3
-1013,219,12788,3
-1281,220,12832,3
-1186,221,12866,3
-919,222,12929,3
-243,223,12944,3
-823,224,12963,3
-1739,225,13054,3
-1297,226,13125,3
-1437,227,13192,3
-836,228,13205,3
-1863,229,13301,3
-632,230,13331,3
-572,231,13372,3
-973,232,13416,3
-1023,233,13448,3
-1395,234,13519,3
-637,235,13562,3
-1414,236,13616,3
-312,237,13750,5
-1005,238,13769,3
-966,239,13811,3
-1154,240,13848,3
-785,241,13880,3
-792,242,13901,3
-862,243,13930,3
-325,244,13957,3
-1551,245,13998,3
-1260,246,14051,3
-1282,247,14088,3
-279,248,14107,3
-1467,249,14198,3
-138,250,14241,4
-1542,251,14366,3
-824,252,14379,3
-1263,253,14450,3
-1785,254,14511,3
-1021,255,14535,3
-687,256,14574,3
-830,257,14627,3
-500,258,14673,4
-822,259,14711,3
-1142,260,14741,3
-1031,261,14777,3
-1794,262,14935,3
-1088,263,14968,3
-968,264,15017,3
-504,265,15034,3
-874,266,15071,3
-1438,267,15126,3
-1559,268,15226,3
-493,269,15241,3
-1226,270,15282,3
-1298,271,15315,3
-1026,272,15369,3
-977,273,15466,4
-759,274,15478,3
-688,275,15496,3
-1172,276,15512,3
-809,277,15568,3
-1075,278,15604,3
-1835,279,15703,3
-1539,280,15840,4
-95,281,15907,4
-1079,282,15959,3
-1252,283,16000,3
-1450,284,16061,3
-958,285,16078,3
-1262,286,16120,3
-1378,287,16213,3
-647,288,16228,3
-1012,289,16253,3
-1442,290,16330,3
-969,291,16357,3
-1480,292,16385,3
-1423,293,16476,3
-893,294,16500,3
-868,295,16542,3
-1078,296,16608,3
-732,297,16785,4
-1416,298,16846,3
-1101,299,16882,3
57,300,16934,4
-1456,301,16982,3
-672,302,17095,4
-1296,303,17169,3
-933,304,17185,3
-1055,305,17292,3
-823,306,17331,3
-788,307,17361,3
254,308,17394,4
-549,309,17478,4
-832,310,17519,3
-321,311,17539,3
-551,312,17579,3
-341,313,17653,4
-1036,314,17746,4
-773,315,17821,3
-29,316,17837,4
-159,317,17881,4
-879,318,17909,3
-1819,319,17996,3
-1047,320,18048,3
-703,321,18059,3
-1628,322,18109,3
-923,323,18148,3
-1006,324,18201,3
-1675,325,18304,3
-980,326,18442,5
589,327,18482,4
-1654,328,18572,3
-951,329,18599,3
-1186,330,18633,3
-734,331,18738,4
-829,332,18765,3
-1199,333,18805,3
49,334,18829,4
-1886,335,18943,3
-592,336,18961,3
-626,337,18990,3
-555,338,19041,3
-766,339,19078,3
449,340,19182,5
-520,341,19235,3
-848,342,19265,3
-1175,343,19312,3
-1362,344,19370,3
-465,345,19398,3
-1233,346,19434,3
-836,347,19451,3
-1821,348,19526,3
-1180,349,19584,3
-1230,350,19673,3
-2513,351,19866,4
-1055,352,19933,3
-1404,353,20022,3
-1011,354,20090,3
-1111,355,20130,3
-871,356,20177,3
-335,357,20201,3
-697,358,20294,4
-1136,359,20343,3
-649,360,20379,3
-1442,361,20430,3
-1199,362,20450,3
-1379,363,20550,3
414,364,20634,5
-2319,365,20726,3
92,366,20824,5
-605,367,20892,4
-925,368,20928,3
-702,369,20969,3
-514,370,21034,3
-1376,371,21127,3
-1515,372,21199,3
-1251,373,21258,3
-1710,374,21364,3
-1612,375,21405,3
-1413,376,21469,3
-1071,377,21565,3
-738,378,21601,4
-678,379,21643,3
-1652,380,21811,4
813,381,21847,5
-1989,382,21962,3
-1488,383,22056,3
-1032,384,22122,3
-1000,385,22172,3
-772,386,22221,3
-675,387,22273,3
-1327,388,22312,3
-657,389,22368,3
626,390,22438,5
-1418,391,22546,4
285,392,22578,4
-1034,393,22647,3
-324,394,22669,3
-1534,395,22762,3
-1195,396,22789,3
-3315,397,23144,3
-1141,398,23172,3
-742,399,23213,3
-1463,400,23284,3
-792,401,23298,3
-1382,402,23363,3
-799,403,23402,3
-352,404,23424,3
-876,405,23441,3
-786,406,23478,3
-794,407,23499,3
-1090,408,23553,3
-1605,409,23672,3
-648,410,23694,3
519,411,23767,5
-2181,412,23878,3
-826,413,23900,3
849,414,23973,5
-469,415,24033,4
-1783,416,24115,3
-1448,417,24205,3
-636,418,24239,3
-689,419,24275,3
-1925,420,24395,3
-671,421,24430,3
-1111,422,24510,3
-1327,423,24589,3
-1152,424,24611,3
-779,425,24670,3
-772,426,24728,3
-1185,427,24755,3
-1510,428,24804,3
-568,429,24846,3
-855,430,24966,4
-1493,431,24997,3
-1281,432,25053,3
-788,433,25138,4
-1139,434,25190,3
-809,435,25253,4
427,436,25269,4
-1060,437,25287,3
752,438,25315,5
-1252,439,25348,3
-1767,440,25426,3
-1321,441,25461,3
-1312,442,25495,3
-1202,443,25552,3
-620,444,25610,4
-488,445,25636,3
-1199,446,25667,3
-1235,447,25714,3
-627,448,25729,3
-1362,449,25779,3
-614,450,25797,3
-1229,451,25896,3
-479,452,25923,3
179,453,26011,4
-744,454,26036,3
-706,455,26058,3
-1542,456,26101,3
-875,457,26125,3
-509,458,26156,3
-1698,459,26249,3
-480,460,26282,3
-1151,461,26333,3
-159,462,26357,4
-1852,463,26478,3
-1808,464,26564,3
-1100,465,26673,3
-318,466,26698,3
-358,467,26715,3
-1014,468,26768,3
440,469,26871,5
-1456,470,26944,3
-315,471,26960,3
-765,472,26979,3
-945,473,27114,4
-504,474,27168,3
-1499,475,27228,3
-416,476,27246,3
-1456,477,27320,3
-1198,478,27390,3
-933,479,27417,3
-1563,480,27532,3
-1240,481,27554,3
609,482,27655,5
-720,483,27689,3
-1140,484,27727,3
-886,485,27776,3
-746,486,27813,3
-703,487,27837,3
-1530,488,27990,4
393,489,28066,5
-256,490,28115,4
-1385,491,28246,3
-1417,492,28366,3
-1267,493,28426,3
-856,494,28475,3
-1849,495,28552,3
-146,496,28622,4
-376,497,28664,3
-1134,498,28874,4
-768,499,28975,3
-1303,500,29038,3
-706,501,29104,3
-640,502,29149,3
-918,503,29199,3
-759,504,29230,3
-594,505,29259,3
-1044,506,29300,3
-1049,507,29344,3
-471,508,29384,3
-673,509,29457,4
-1765,510,29553,3
303,511,29602,5
-726,512,29624,3
-1404,513,29794,4
-823,514,29868,4
-339,515,29895,3
-447,516,29922,3
-1215,517,30034,3
-486,518,30055,3
-673,519,30082,3
-1493,520,30130,3
-716,521,30187,3
-1122,522,30240,3
-417,523,30296,4
-1463,524,30323,3
471,525,30371,4
-1270,526,30424,3
-189,527,30436,3
-1754,528,30497,3
-743,529,30517,3
-360,530,30586,4
-862,531,30664,3
-346,532,30690,3
-750,533,30723,3
-833,534,30973,5
-602,535,31046,3
-484,536,31079,3
-718,537,31105,3
-1461,538,31350,4
340,539,31411,4
-1411,540,31550,3
-1129,541,31610,3
-691,542,31641,3
-294,543,31711,4
-1186,544,31769,3
-1697,545,31944,4
-1496,546,32073,3
359,547,32166,5
-2046,548,32265,3
-746,549,32327,4
-1173,550,32398,3
-1706,551,32483,3
-1234,552,32513,3
-658,553,32586,3
-845,554,32626,3
-733,555,32704,4
-1157,556,32728,3
425,557,32776,4
-1114,558,32809,3
-852,559,32831,3
-1090,560,32848,3
-421,561,32888,3
-1158,562,32977,3
-707,563,33004,3
-149,564,33032,4
-444,565,33098,3
-1146,566,33148,3
646,567,33183,5
-282,568,33226,4
-75,569,33266,4
-1287,570,33330,3
-2006,571,33443,3
-850,572,33465,3
-740,573,33499,3
-344,574,33540,3
-1912,575,33650,3
-1367,576,33737,3
-1502,577,33843,3
-488,578,33921,4
-1088,579,33958,3
486,580,34024,5
-847,581,34096,3
-130,582,34145,4
-1856,583,34218,3
-900,584,34251,3
-990,585,34288,3
-524,586,34330,3
-1685,587,34426,3
-1176,588,34483,3
-300,589,34516,3
-971,590,34555,3
-1161,591,34587,3
-1142,592,34621,3
-158,593,34696,4
-810,594,34718,3
-114,595,34769,4
-763,596,34936,4
-646,597,34957,3
-477,598,34976,3
-1074,599,35017,3
-1572,600,35087,3
-1869,601,35164,3
-388,602,35194,3
-1388,603,35248,3
-1555,604,35304,3
-1022,605,35341,3
-846,606,35423,3
-223,607,35531,4
-747,608,35571,3
-456,609,35596,3
-609,610,35640,3
-1169,611,35663,3
-341,612,35683,3
-790,613,35752,3
149,614,35926,5
-820,615,35979,3
-1116,616,36056,3
385,617,36123,4
-765,618,36205,4
-1236,619,36278,3
-1011,620,36302,3
-1689,621,36385,3
-843,622,36409,3
-1159,623,36473,3
-780,624,36518,3
-1316,625,36633,4
-630,626,36687,3
-1015,627,36779,3
-1167,628,36834,3
-1574,629,36877,3
-1452,630,36943,3
-657,631,37020,4
-441,632,37040,3
-1616,633,37189,3
-1888,634,37363,3
-916,635,37432,3
-1427,636,37511,3
-977,637,37586,3
-699,638,37649,3
246,639,37691,4
-1229,640,37738,3
-314,641,37759,3
-1795,642,37839,3
-1285,643,37918,3
-622,644,37956,3
-1297,645,38048,3
-713,646,38163,4
-1580,647,38299,4
7,648,38324,4
-913,649,38356,3
371,650,38465,5
-458,651,38491,3
-434,652,38520,3
-682,653,38546,3
-555,654,38646,4
-941,655,38686,3
-1222,656,38728,3
-1525,657,38812,3
-742,658,38858,3
840,659,38873,5
-370,660,38923,3
-1361,661,38983,3
-526,662,39000,3
-29,663,39168,5
-1063,664,39191,3
-893,665,39246,3
-1064,666,39324,3
-940,667,39346,3
-443,668,39373,3
-1057,669,39448,3
-612,670,39474,3
-776,671,39508,3
-1535,672,39619,3
-1468,673,39673,3
240,674,39723,4
-906,675,39906,4
-1547,676,40001,3
-1597,677,40073,3
-1120,678,40150,3
-13,679,40198,4
-777,680,40353,4
-658,681,40390,3
-2315,682,40514,3
-600,683,40560,3
-442,684,40593,3
-481,685,40621,3
-830,686,40686,3
-941,687,40714,3
56,688,40821,5
-255,689,40893,4
-1522,690,40975,3
-1025,691,41014,3
529,692,41034,4
-917,693,41062,3
-541,694,41105,3
-336,695,41130,3
-1246,696,41231,3
-1046,697,41264,3
-1078,698,41341,3
-917,699,41470,4
-1137,700,41498,3
-498,701,41548,3
-482,702,41585,3
-656,703,41610,3
-760,704,41689,4
-1413,705,41740,3
-1349,706,41823,3
-803,707,41875,3
-565,708,41895,3
-234,709,42021,4
-1812,710,42110,3
-561,711,42149,3
-629,712,42205,3
-711,713,42225,3
-1254,714,42295,3
-1266,715,42323,3
-550,716,42397,4
-958,717,42454,3
-951,718,42541,3
-629,719,42576,3
-1231,720,42619,3
-947,721,42686,3
-284,722,42732,4
-1373,723,42791,3
-1124,724,42845,3
-1220,725,42886,3
-1274,726,42924,3
287,727,42987,4
-769,728,43090,3
-1109,729,43169,3
-724,730,43227,3
-786,731,43313,4
-881,732,43369,3
-661,733,43452,3
-768,734,43494,3
-259,735,43509,3
58,736,43531,4
-1179,737,43683,3
-1166,738,43701,3
-1237,739,43725,3
-673,740,43772,3
-686,741,43794,3
-109,742,43874,4
-749,743,43941,3
-736,744,44013,4
-2545,745,44233,3
-1039,746,44349,3
647,747,44393,5
-860,748,44474,3
-808,749,44499,3
-1278,750,44557,3
-828,751,44643,3
-744,752,44669,3
-1163,753,44753,3
-1344,754,44878,3
-1153,755,44940,4
-758,756,45067,4
-759,757,45195,4
-646,758,45248,3
-429,759,45336,4
-442,760,45385,3
-1228,761,45411,3
-1666,762,45497,3
-1170,763,45551,3
-2100,764,45728,3
-1094,765,45866,4
-2259,766,46005,3
-1990,767,46086,3
-572,768,46104,3
-1111,769,46135,3
-973,770,46174,3
-777,771,46190,3
-471,772,46217,3
-1504,773,46283,3
-828,774,46368,4
-1058,775,46529,4
-2440,776,46719,3
-924,777,46744,3
-252,778,46805,4
-95,779,46848,4
-1723,780,46964,3
-899,781,47047,3
173,782,47167,5
-871,783,47214,3
-1211,784,47237,3
279,785,47316,5
-412,786,47337,3
-1091,787,47397,3
-786,788,47430,3
-503,789,47461,3
-683,790,47640,5
-1048,791,47669,3
-405,792,47721,3
-1441,793,47772,3
-588,794,47891,4
756,795,47966,5
-835,796,48022,3
-648,797,48225,4
-689,798,48305,3
-459,799,48356,3
-822,800,48410,3
-2979,801,48601,3
-1378,802,48690,3
-1095,803,48705,3
-306,804,48723,3
-2890,805,48993,3
-1276,806,49106,4
-293,807,49118,3
-1895,808,49321,3
-941,809,49365,3
-1458,810,49431,3
-1795,811,49523,3
-587,812,49550,3
-631,813,49602,3
-741,814,49630,3
-2148,815,49796,3
889,816,49866,5
-2073,817,50086,3
-876,818,50284,4
-670,819,50322,3
-621,820,50467,4
-121,821,50510,4
-1392,822,50619,3
-1856,823,50801,3
-514,824,50818,3
-1976,825,50943,3
-727,826,50970,3
-1414,827,51031,3
-1010,828,51076,3
-964,829,51109,3
-530,830,51166,3
-128,831,51233,4
-1874,832,51367,3
-1126,833,51388,3
-810,834,51422,3
-792,835,51591,4
-1522,836,51649,3
-752,837,51702,3
-971,838,51733,3
-1120,839,51775,3
-2322,840,52060,3
-586,841,52135,4
-2181,842,52299,3
565,843,52381,5
-1127,844,52424,3
-279,845,52456,3
-352,846,52518,3
-862,847,52564,3
-102,848,52597,4
-129,849,52754,5
-560,850,52776,3
-1356,851,52873,3
-2368,852,53000,3
-1162,853,53029,3
-794,854,53087,3
-2197,855,53440,4
-619,856,53455,3
-2262,857,53613,3
-1264,858,53719,3
-260,859,53781,4
-777,860,53868,3
-884,861,53925,3
-257,862,54012,4
-1407,863,54045,3
-1024,864,54135,3
-207,865,54203,4
-852,866,54245,3
-1550,867,54415,4
-581,868,54446,3
-433,869,54482,3
-952,870,54500,3
-676,871,54554,4
-1697,872,54657,3
-29,873,54685,4
-1078,874,54747,3
-816,875,54837,4
-585,876,54881,4
-995,877,54980,3
-1354,878,55073,3
-399,879,55129,4
-1325,880,55273,4
-568,881,55307,3
-1100,882,55401,3
-875,883,55421,3
283,884,55497,5
-771,885,55573,3
781,886,55651,5
-221,887,55722,4
-824,888,55884,4
-751,889,55943,3
-1060,890,55973,3
-905,891,56004,3
-776,892,56053,3
-3049,893,56381,3
-293,894,56413,3
-1175,895,56449,3
-3016,896,56738,3
-1857,897,56829,3
-1837,898,57070,4
-1513,899,57103,3
204,900,57133,4
-2191,901,57390,4
-518,902,57432,3
-774,903,57502,3
-1159,904,57542,3
379,905,57591,5
-2916,906,57857,3
555,907,57919,5
-1498,908,58080,3
-856,909,58178,3
-744,910,58212,3
-147,911,58253,4
-980,912,58426,4
-920,913,58460,3
-1652,914,58524,3
-743,915,58577,4
-1046,916,58603,3
-1386,917,58637,3
-755,918,58668,3
-1285,919,58703,3
-861,920,58807,4
-658,921,58828,3
-585,922,58899,4
-831,923,58942,3
-945,924,59021,3
-1537,925,59089,3
-1599,926,59161,3
-450,927,59183,3
-1508,928,59324,3
-638,929,59419,4
-434,930,59448,3
-1084,931,59517,3
-326,932,59608,4
-965,933,59700,3
-195,934,59777,4
-1044,935,59822,3
-1463,936,59873,3
-2,937,59963,4
-867,938,59998,3
-654,939,60023,3
-1204,940,60119,4
-2618,941,60296,3
-769,942,60348,3
-677,943,60404,3
-1405,944,60508,3
-1051,945,60543,3
217,946,60599,4
-1055,947,60618,3
-1639,948,60737,3
-1235,949,60853,4
-1074,950,60887,3
-839,951,60907,3
-1525,952,61034,3
-534,953,61064,3
-1077,954,61096,3
-1745,955,61260,3
724,956,61355,5
-1292,957,61393,3
-938,958,61459,3
-1372,959,61573,3
-612,960,61602,3
-1004,961,61644,3
-737,962,61720,4
-1053,963,61736,3
-672,964,61782,3
-1526,965,61964,3
-1334,966,62069,3
-756,967,62086,3
-2310,968,62282,4
-1366,969,62335,3
-780,970,62352,3
541,971,62424,4
-1818,972,62561,3
-881,973,62601,3
-292,974,62671,4
-684,975,62716,3
-471,976,62731,3
-1461,977,62782,3
-1247,978,62825,3
-978,979,62854,3
-1137,980,62938,3
108,981,62969,4
17,982,62993,4
-856,983,63022,3
-837,984,63081,3
-2014,985,63222,3
-253,986,63237,3
-2169,987,63461,3
-597,988,63524,3
-321,989,63640,4
-1169,990,63663,3
-944,991,63728,3
-867,992,63779,3
-1372,993,63981,3
-2209,994,64188,3
-1354,995,64219,3
-1320,996,64264,3
-1206,997,64290,3
-785,998,64362,3
-1139,999,64430,3
-780,1000,64447,3
-1724,1001,64560,3
-1621,1002,64711,3
-521,1003,64746,3
34,1004,64904,5
-1609,1005,65003,4
-630,1006,65040,3
-23,1007,65060,4
-1050,1008,65090,3
-1354,1009,65163,3
-1249,1010,65304,4
-596,1011,65322,3
-730,1012,65359,3
-1243,1013,65479,3
-929,1014,65502,3
-1480,1015,65807,4
-1554,1016,65881,3
-860,1017,65930,3
-610,1018,66085,4
-1577,1019,66217,3
-566,1020,66263,3
-718,1021,66280,3
-1171,1022,66412,4
-389,1023,66447,3
-1058,1024,66489,3
1196,1025,66534,6
-2496,1026,66816,3
-1466,1027,66962,3
-211,1028,67034,4
-584,1029,67153,4
-1165,1030,67196,3
-1304,1031,67297,3
-368,1032,67355,4
-798,1033,67369,3
-886,1034,67487,4
-1322,1035,67620,3
49,1036,67732,4
-557,1037,67771,3
-1235,1038,67798,3
-1769,1039,67902,3
-5,1040,67950,4
-1001,1041,67994,3
-651,1042,68046,3
-1134,1043,68075,3
-948,1044,68109,3
-827,1045,68149,3
-73,1046,68200,4
-941,1047,68267,3
-1038,1048,68301,3
-948,1049,68383,3
-838,1050,68433,3
-1134,1051,68454,3
-427,1052,68486,3
-868,1053,68551,3
-594,1054,68593,3
-1301,1055,68668,3
-868,1056,68773,3
-509,1057,68800,3
-724,1058,68842,3
-697,1059,68877,3
-1252,1060,68951,3
-920,1061,69045,3
-15,1062,69109,4
-1364,1063,69198,3
-1789,1064,69310,3
48,1065,69420,5
-750,1066,69579,4
-811,1067,69615,3
-578,1068,69656,3
-1895,1069,69856,3
-953,1070,69932,3
-576,1071,69997,3
-878,1072,70182,4
118,1073,70240,4
-1283,1074,70272,3
-1054,1075,70509,4
1281,1076,70591,5
-956,1077,70649,3
-2034,1078,70753,3
-1069,1079,70809,3
-506,1080,70847,3
-339,1081,70930,4
-285,1082,71018,4
-826,1083,71068,3
-1009,1084,71164,3
-517,1085,71203,3
543,1086,71252,5
-932,1087,71359,4
-631,1088,71455,4
383,1089,71586,5
-1372,1090,71748,3
-219,1091,71885,4
-1146,1092,71959,3
-536,1093,72053,4
-2,1094,72107,4
-2814,1095,72376,3
-1027,1096,72399,3
-1202,1097,72504,3
-961,1098,72540,3
-608,1099,72553,3
744,1100,72627,5
-661,1101,72699,3
-763,1102,72750,3
-810,1103,72924,4
-2050,1104,73070,3
-942,1105,73096,3
-618,1106,73138,3
-674,1107,73189,4
-849,1108,73209,3
-642,1109,73246,3
-1823,1110,73330,3
-1129,1111,73349,3
-1012,1112,73383,3
-734,1113,73400,3
-1158,1114,73442,3
-1295,1115,73501,3
-1289,1116,73633,3
492,1117,73766,5
-794,1118,73880,4
-857,1119,73979,3
-1200,1120,74021,3
-390,1121,74066,3
-927,1122,74130,3
-838,1123,74301,4
-891,1124,74333,3
-1307,1125,74444,3
-1307,1126,74496,3
-464,1127,74554,4
-1147,1128,74602,3
-1315,1129,74726,3
-579,1130,74762,3
-970,1131,74918,4
-564,1132,74943,3
-654,1133,74977,3
-1810,1134,75079,3
-385,1135,75127,3
-1289,1136,75191,3
-524,1137,75289,4
-607,1138,75308,3
265,1139,75373,5
-969,1140,75473,3
-566,1141,75491,3
-1118,1142,75678,4
-532,1143,75820,4
-356,1144,75865,3
-780,1145,75942,3
-2123,1146,76153,3
-253,1147,76209,4
-1024,1148,76291,3
-1086,1149,76328,3
-1283,1150,76427,3
-1015,1151,76538,3
-625,1152,76558,3
580,1153,76601,5
-1450,1154,76715,3
-263,1155,76739,3
-1605,1156,76796,3
861,1157,76829,5
-674,1158,76862,3
51,1159,76887,4
819,1160,76908,5
-1437,1161,77076,4
792,1162,77140,5
-1221,1163,77196,3
-1019,1164,77223,3
-113,1165,77331,5
-316,1166,77507,5
-351,1167,77531,3
-172,1168,77739,5
-1578,1169,77869,3
-27,1170,77905,4
-1415,1171,78012,3
-818,1172,78030,3
-1713,1173,78173,3
-1016,1174,78194,3
-641,1175,78253,3
163,1176,78334,4
-73,1177,78357,4
-762,1178,78378,3
-1005,1179,78478,3
901,1180,78514,5
-974,1181,78559,3
-1420,1182,78617,3
-154,1183,78754,4
-2172,1184,78900,3
-978,1185,79013,3
145,1186,79086,4
-685,1187,79153,3
-1436,1188,79306,3
-1162,1189,79351,3
-557,1190,79455,4
-70,1191,79497,4
-333,1192,79638,5
-1214,1193,79740,3
-1333,1194,79819,3
498,1195,79869,4
-122,1196,79915,4
-835,1197,79970,3
-994,1198,79992,3
-1357,1199,80027,3
-447,1200,80050,3
918,1201,80173,6
-664,1202,80210,3
-1174,1203,80247,3
-202,1204,80402,5
-973,1205,80433,3
-1186,1206,80511,3
-2272,1207,80772,3
-1360,1208,80841,3
-533,1209,80893,3
-871,1210,80929,3
-756,1211,80955,3
-369,1212,80990,3
-963,1213,81082,3
-858,1214,81103,3
-964,1215,81140,3
-269,1216,81159,3
663,1217,81268,5
875,1218,81299,5
-876,1219,81356,3
-1200,1220,81470,3
-889,1221,81502,3
-521,1222,81526,3
-1085,1223,81596,4
-664,1224,81658,3
-1077,1225,81733,3
375,1226,81776,4
-1908,1227,81926,3
-41,1228,81997,4
-3126,1229,82189,3
-786,1230,82210,3
-1133,1231,82245,3
-927,1232,82317,3
-1287,1233,82494,4
-789,1234,82529,3
-849,1235,82632,3
-689,1236,82703,3
-1159,1237,82730,3
-135,1238,82815,4
-888,1239,82865,4
-872,1240,82982,4
-1539,1241,83114,3
652,1242,83176,5
463,1243,83257,5
-1140,1244,83294,3
-1170,1245,83319,3
-707,1246,83403,4
-1809,1247,83502,3
-1570,1248,83653,4
148,1249,83688,4
-452,1250,83718,3
-1528,1251,83783,3
-1220,1252,83861,3
-479,1253,83912,3
-645,1254,83944,3
-295,1255,84033,4
-567,1256,84085,3
-337,1257,84157,4
-811,1258,84306,4
578,1259,84402,5
-488,1260,84436,3
-1012,1261,84481,3
-20,1262,84523,4
433,1263,84584,5
-583,1264,84616,3
-751,1265,84687,3
-1096,1266,84725,3
-197,1267,84781,4
-1067,1268,84909,3
-953,1269,84985,3
-921,1270,85056,3
-731,1271,85119,3
302,1272,85146,4
449,1273,85263,5
-768,1274,85301,3
-293,1275,85448,4
-792,1276,85529,3
-1273,1277,85714,4
-809,1278,85769,3
-1100,1279,85806,3
-1534,1280,86024,4
247,1281,86077,4
-823,1282,86153,3
519,1283,86216,5
-871,1284,86228,3
-68,1285,86463,5
-1424,1286,86601,3
-493,1287,86620,3
-423,1288,86647,3
-864,1289,86881,4
-865,1290,87040,4
-1001,1291,87099,3
-1062,1292,87141,3
-4365,1293,87500,4
-732,1294,87573,3
-113,1295,87645,4
276,1296,87737,5
-154,1297,87808,4
-1527,1298,87960,3
-651,1299,88099,4
-703,1300,88150,3
10,1301,88257,4
432,1302,88322,4
-1066,1303,88443,3
-132,1304,88557,4
-962,1305,88582,3
703,1306,88651,5
-857,1307,88710,3
-906,1308,88728,3
-2109,1309,88923,3
-951,1310,88951,3
-1201,1311,89008,3
-1249,1312,89064,3
-493,1313,89168,4
-1265,1314,89228,3
-893,1315,89340,3
-2377,1316,89535,3
-892,1317,89632,3
-242,1318,89802,5
-689,1319,89949,4
-509,1320,90009,3
-609,1321,90112,3
-488,1322,90142,3
-970,1323,90215,3
-2040,1324,90428,3
-724,1325,90461,3
44,1326,90478,4
-115,1327,90538,4
-1423,1328,90646,3
-361,1329,90741,4
359,1330,90801,4
270,1331,90851,4
-260,1332,91054,4
-431,1333,91134,4
-861,1334,91194,3
-594,1335,91260,3
404,1336,91394,5
-831,1337,91470,3
-1017,1338,91586,3
-885,1339,91634,3
-1149,1340,91657,3
-861,1341,91749,4
-810,1342,91831,3
-993,1343,91863,3
-1926,1344,92049,3
636,1345,92131,5
-1403,1346,92226,3
-475,1347,92261,3
1196,1348,92296,5
-495,1349,92328,3
-1445,1350,92359,3
-74,1351,92508,4
-100,1352,92539,4
-3439,1353,92944,4
-970,1354,93017,3
-1474,1355,93074,3
722,1356,93151,5
-1213,1357,93171,3
-437,1358,93360,5
-641,1359,93435,3
-1707,1360,93507,3
-3,1361,93584,4
211,1362,93708,5
-1182,1363,93818,4
-770,1364,93839,3
-1027,1365,93918,3
-1011,1366,93966,3
-703,1367,93997,3
184,1368,94023,4
97,1369,94107,4
-2280,1370,94336,3
-289,1371,94376,4
46,1372,94423,4
-852,1373,94481,3
-892,1374,94531,3
-210,1375,94630,4
-1509,1376,94786,3
-1339,1377,94842,3
647,1378,94938,5
515,1379,95131,5
-1578,1380,95342,4
-381,1381,95434,4
-620,1382,95471,3
-2127,1383,95683,3
321,1384,95835,5
-718,1385,95905,4
-433,1386,95989,4
177,1387,96129,5
-87,1388,96260,4
-756,1389,96329,3
-1592,1390,96423,3
-1225,1391,96507,3
-566,1392,96560,3
-1022,1393,96581,3
-1350,1394,96699,3
-1263,1395,96739,3
-577,1396,96886,4
-93,1397,96981,4
-827,1398,97012,3
-631,1399,97055,3
334,1400,97138,5
-832,1401,97236,3
-1707,1402,97371,3
308,1403,97516,5
-88,1404,97547,4
-1134,1405,97664,4
-1821,1406,97741,3
-916,1407,98082,6
-1097,1408,98206,3
-331,1409,98250,3
-658,1410,98299,3
-1053,1411,98355,3
-698,1412,98393,3
-420,1413,98437,4
675,1414,98530,5
-631,1415,98561,3
950,1416,98583,5
-588,1417,98605,3
17,1418,98762,5
-916,1419,98823,4
-1172,1420,98921,3
-1062,1421,98947,3
-457,1422,98986,3
836,1423,99037,5
-882,1424,99188,4
664,1425,99286,5
-543,1426,99502,4
243,1427,99586,4
803,1428,99682,5
-962,1429,99755,3
-198,1430,99817,4
44,1431,99919,4
-128,1432,99948,4
279,1433,100051,5
-1510,1434,100132,3
9,1435,100317,5
-869,1436,100388,4
-170,1437,100473,4
-823,1438,100524,3
1184,1439,100604,6
-1433,1440,100683,3
-678,1441,100741,3
-92,1442,100799,4
-1204,1443,100952,3
-857,1444,101039,3
-743,1445,101059,3
-189,1446,101148,4
-1209,1447,101208,3
-937,1448,101240,3
-503,1449,101311,3
-1260,1450,101373,3
-447,1451,101486,4
-628,1452,101523,3
670,1453,101552,5
-461,1454,101616,4
-664,1455,101634,3
-39,1456,101671,4
-741,1457,101730,3
-817,1458,101794,3
-736,1459,101859,3
-586,1460,101888,3
-1019,1461,101907,3
-792,1462,101921,3
-266,1463,102076,5
-1389,1464,102143,3
-1116,1465,102260,3
-843,1466,102347,3
-276,1467,102504,4
-460,1468,102561,3
60,1469,102707,5
-612,1470,102769,3
-769,1471,102876,4
-294,1472,102993,4
-960,1473,103026,3
-354,1474,103060,3
-500,1475,103090,3
-571,1476,103130,3
-394,1477,103187,3
762,1478,103280,5
-1593,1479,103388,3
-660,1480,103422,3
-1543,1481,103459,3
-1037,1482,103507,3
-196,1483,103568,4
-744,1484,103593,3
124,1485,103628,4
-1190,1486,103661,3
-773,1487,103716,3
522,1488,103886,5
-1048,1489,103980,3
426,1490,104086,5
-731,1491,104146,3
-1432,1492,104316,3
-1095,1493,104532,4
-134,1494,104599,4
-97,1495,104654,4
594,1496,104768,5
-423,1497,104808,3
-1177,1498,104839,3
581,1499,104858,4
-542,1500,104883,3
-238,1501,104968,4
-945,1502,105000,3
-568,1503,105029,3
-903,1504,105161,3
-1322,1505,105230,3
-805,1506,105338,3
189,1507,105503,5
-1685,1508,105580,3
-721,1509,105624,3
-79,1510,105725,5
-404,1511,105838,4
-832,1512,105968,4
-258,1513,106101,4
-98,1514,106132,4
-597,1515,106163,3
106,1516,106266,4
-1760,1517,106456,3
-347,1518,106493,4
-41,1519,106565,4
-562,1520,106606,3
-722,1521,106656,3
1147,1522,106684,5
-1388,1523,106812,4
169,1524,106859,4
-495,1525,106998,4
-538,1526,107169,4
-511,1527,107220,4
-1193,1528,107255,3
-1277,1529,107433,5
-484,1530,107486,3
977,1531,107530,5
-305,1532,107546,3
337,1533,107586,4
-239,1534,107687,4
-25,1535,107767,4
-1159,1536,107810,3
1299,1537,107903,6
-881,1538,107942,3
741,1539,107966,4
-26,1540,108012,4
94,1541,108074,4
-1589,1542,108133,3
-1156,1543,108187,3
-870,1544,108326,4
-1159,1545,108373,3
-468,1546,108430,3
-612,1547,108504,3
-222,1548,108533,4
539,1549,108638,5
-1046,1550,108771,3
-654,1551,108805,3
-147,1552,109014,5
331,1553,109166,5
-616,1554,109227,3
-215,1555,109283,4
700,1556,109390,5
-906,1557,109512,4
207,1558,109587,4
-58,1559,109640,4
-815,1560,109668,3
-470,1561,109705,3
-483,1562,109768,3
-443,1563,109872,4
-446,1564,109890,3
393,1565,109943,4
-1489,1566,110158,3
172,1567,110357,5
1049,1568,110450,5
-855,1569,110510,3
-1085,1570,110719,4
66,1571,110778,4
-514,1572,110815,3
711,1573,110896,6
-1089,1574,111008,4
592,1575,111081,5
-518,1576,111106,3
-839,1577,111133,3
-567,1578,111220,3
623,1579,111349,5
-399,1580,111577,5
342,1581,111682,5
-21,1582,111786,4
-683,1583,111934,4
-653,1584,111953,3
-425,1585,112013,3
-659,1586,112036,3
-1095,1587,112128,3
-638,1588,112170,3
973,1589,112250,5
-55,1590,112363,4
-386,1591,112468,4
-844,1592,112485,3
-990,1593,112559,3
-1534,1594,112716,3
465,1595,112838,5
-891,1596,112917,3
-1544,1597,112953,3
407,1598,113074,5
7,1599,113098,4
559,1600,113142,5
-714,1601,113179,3
-634,1602,113301,4
-501,1603,113372,3
302,1604,113468,5
-730,1605,113497,3
1207,1606,113633,6
-785,1607,113721,3
-377,1608,113736,3
375,1609,113822,5
-422,1610,113896,4
204,1611,114004,5
353,1612,114044,4
133,1613,114113,4
-891,1614,114196,3
-1208,1615,114234,3
81,1616,114254,4
-1294,1617,114347,3
-437,1618,114374,3
312,1619,114408,4
-999,1620,114483,3
637,1621,114551,5
-574,1622,114657,4
1061,1623,114722,5
-760,1624,114773,4
-581,1625,114861,4
-169,1626,114902,4
206,1627,114961,4
511,1628,115081,5
834,1629,115163,5
-35,1630,115243,4
141,1631,115448,5
339,1632,115578,6
-1099,1633,115602,3
-1366,1634,115642,3
673,1635,115699,5
-237,1636,115723,3
412,1637,115858,5
1632,1638,115985,6
910,1639,116150,6
-580,1640,116192,3
817,1641,116250,5
165,1642,116383,5
-1096,1643,116504,3
301,1644,116557,4
-406,1645,116627,3
-1223,1646,116790,3
-934,1647,116872,3
-942,1648,116922,3
-399,1649,116995,4
1508,1650,117050,6
-124,1651,117185,5
1206,1652,117307,5
-55,1653,117493,5
-1756,1654,117640,4
-1587,1655,117719,3
839,1656,117776,5
521,1657,117835,4
-675,1658,117934,3
-1575,1659,118110,3
-256,1660,118272,4
489,1661,118314,5
-27,1662,118386,4
-482,1663,118432,3
-58,1664,118666,5
-206,1665,118751,4
-615,1666,118824,4
-893,1667,118843,3
-211,1668,118915,4
655,1669,119008,6
5,1670,119069,4
118,1671,119113,5
411,1672,119128,4
-558,1673,119281,4
636,1674,119404,5
-621,1675,119517,4
-1009,1676,119560,3
161,1677,119635,4
-434,1678,119713,4
222,1679,119770,5
357,1680,119817,4
-810,1681,119902,4
-748,1682,119956,3
-2206,1683,120182,3
-1154,1684,120204,3
-327,1685,120260,4
371,1686,120311,4
236,1687,120333,4
-506,1688,120374,3
418,1689,120412,4
-797,1690,120512,3
-6,1691,120591,5
-639,1692,120611,3
-272,1693,120637,3
868,1694,120664,5
-505,1695,120728,3
1497,1696,120798,7
-222,1697,120955,4
101,1698,121099,5
-45,1699,121123,4
-353,1700,121167,4
54,1701,121230,4
-1064,1702,121300,3
483,1703,121389,5
-636,1704,121406,3
-1246,1705,121440,3
769,1706,121537,5
71,1707,121605,4
-1083,1708,121713,4
564,1709,121839,5
-489,1710,121863,3
-644,1711,121885,3
155,1712,122029,5
969,1713,122153,5
535,1714,122206,4
-450,1715,122236,3
-1700,1716,122332,3
271,1717,122399,4
960,1718,122450,5
-714,1719,122524,3
-331,1720,122656,4
511,1721,122733,5
-359,1722,122766,4
1643,1723,122803,6
406,1724,122902,4
-800,1725,122960,3
-411,1726,122992,3
-413,1727,123119,4
520,1728,123164,4
564,1729,123238,5
939,1730,123283,5
64,1731,123353,4
947,1732,123418,5
-1211,1733,123505,3
-252,1734,123576,4
431,1735,123628,4
-915,1736,123753,4
-1112,1737,123791,3
-1481,1738,123930,3
-1625,1739,124078,3
-335,1740,124122,4
-727,1741,124214,3
-192,1742,124291,4
-891,1743,124319,3
-484,1744,124356,3
-728,1745,124417,3
506,1746,124665,6
-960,1747,124816,4
-683,1748,124879,4
417,1749,124908,4
-578,1750,125070,4
-651,1751,125137,3
-236,1752,125300,4
546,1753,125422,5
89,1754,125570,4
285,1755,125678,5
-784,1756,125771,4
1024,1757,125804,5
-115,1758,125832,4
-230,1759,125926,4
287,1760,125958,4
129,1761,126002,4
353,1762,126054,4
268,1763,126132,4
-672,1764,126161,3
-3700,1765,126476,4
883,1766,126593,5
-548,1767,126627,3
444,1768,126689,4
-712,1769,126723,3
295,1770,126843,4
-1345,1771,127100,5
-657,1772,127159,3
269,1773,127182,4
439,1774,127219,4
-824,1775,127249,3
579,1776,127305,5
835,1777,127357,5
655,1778,127386,5
894,1779,127409,5
-740,1780,127539,3
-509,1781,127594,3
7,1782,127738,5
-1265,1783,127894,4
-21,1784,127967,5
1449,1785,128013,6
-315,1786,128033,3
-400,1787,128219,4
-329,1788,128320,4
-1104,1789,128622,4
-418,1790,128693,4
-568,1791,128735,3
-309,1792,128811,4
-120,1793,128866,4
874,1794,128993,5
-726,1795,129015,3
233,1796,129107,4
1027,1797,129147,5
-73,1798,129276,5
-767,1799,129307,3
-320,1800,129340,4
-1050,1801,129386,3
101,1802,129421,4
-362,1803,129462,3
1555,1804,129556,6
1039,1805,129589,5
943,1806,129629,5
971,1807,129658,5
-943,1808,129737,3
296,1809,129779,4
-125,1810,129854,4
988,1811,129897,5
-960,1812,129950,3
971,1813,130031,5
-832,1814,130208,4
5,1815,130237,4
-333,1816,130436,4
114,1817,130529,4
-580,1818,130558,3
810,1819,130588,5
1473,1820,130673,6
-542,1821,130750,3
-1128,1822,130803,3
104,1823,130850,4
-460,1824,130880,3
-1073,1825,130903,3
-57,1826,130948,4
-797,1827,131020,3
-1088,1828,131054,3
0,1829,131179,5
900,1830,131239,5
-340,1831,131389,5
112,1832,131419,4
359,1833,131523,5
-1052,1834,131576,3
-59,1835,131692,4
-285,1836,131787,4
-1172,1837,131820,3
1451,1838,131938,6
2084,1839,132028,7
49,1840,132067,4
426,1841,132169,5
-756,1842,132210,3
-60,1843,132316,4
1088,1844,132448,6
305,1845,132504,5
303,1846,132568,4
796,1847,132653,5
-1568,1848,132819,4
486,1849,132902,5
-1950,1850,132984,3
-441,1851,133000,3
-1002,1852,133078,3
-414,1853,133096,3
-443,1854,133237,5
1988,1855,133290,6
689,1856,133379,5
178,1857,133482,4
31,1858,133609,4
561,1859,133669,4
-324,1860,133691,3
-1038,1861,133748,3
-524,1862,133862,4
-144,1863,133901,4
632,1864,133980,5
447,1865,134037,4
578,1866,134067,4
796,1867,134153,5
-406,1868,134183,3
436,1869,134224,4
837,1870,134296,5
264,1871,134403,5
781,1872,134431,5
214,1873,134506,4
-1311,1874,134594,3
1186,1875,134713,6
-2048,1876,134955,3
548,1877,134992,4
1412,1878,135035,6
-934,1879,135110,4
1085,1880,135191,5
-556,1881,135260,3
925,1882,135343,5
405,1883,135449,5
596,1884,135516,5
-907,1885,135563,3
-1057,1886,135590,3
-55,1887,135685,4
162,1888,135710,4
938,1889,135809,5
25,1890,135828,4
-324,1891,135978,4
514,1892,135997,5
-715,1893,136017,3
-753,1894,136061,3
-192,1895,136150,4
932,1896,136221,5
440,1897,136295,5
-1622,1898,136348,3
-465,1899,136553,5
-392,1900,136599,3
321,1901,136801,6
-1140,1902,136831,3
344,1903,136953,5
-1282,1904,136985,3
-458,1905,137018,3
766,1906,137076,5
-858,1907,137141,3
551,1908,137185,5
-173,1909,137218,4
417,1910,137302,5
-914,1911,137523,5
215,1912,137547,4
113,1913,137626,4
-1130,1914,137683,3
97,1915,137743,4
1381,1916,137784,5
487,1917,137880,5
1149,1918,137912,5
1188,1919,137962,5
25,1920,138067,5
726,1921,138133,5
597,1922,138193,5
-56,1923,138220,4
1033,1924,138265,5
-605,1925,138317,3
173,1926,138338,4
-820,1927,138363,3
-884,1928,138377,3
50,1929,138395,4
966,1930,138430,5
-348,1931,138463,3
-584,1932,138517,3
835,1933,138608,5
685,1934,138668,5
-134,1935,138739,4
900,1936,138764,5
-516,1937,138925,5
-362,1938,139004,4
367,1939,139149,5
-422,1940,139192,4
-442,1941,139234,3
397,1942,139281,4
1301,1943,139354,6
433,1944,139382,4
-1859,1945,139462,3
1284,1946,139513,6
1418,1947,139570,5
1172,1948,139604,5
-441,1949,139648,3
831,1950,139709,5
592,1951,139807,5
892,1952,139834,5
848,1953,139886,5
-472,1954,139977,4
527,1955,140001,4
268,1956,140152,5
219,1957,140224,5
800,1958,140319,5
-369,1959,140343,3
407,1960,140395,5
-950,1961,140514,4
-1044,1962,140555,3
654,1963,140610,5
-363,1964,140714,4
625,1965,140771,5
-1318,1966,140844,3
-1135,1967,140915,3
453,1968,140972,4
-696,1969,141013,3
695,1970,141054,5
848,1971,141112,5
806,1972,141202,5
-163,1973,141258,4
-791,1974,141277,3
-895,1975,141441,4
895,1976,141511,5
-1353,1977,141550,3
573,1978,141569,4
269,1979,141609,4
-1478,1980,141703,3
-1463,1981,141819,4
114,1982,141870,4
11,1983,141969,4
-1081,1984,142089,4
-476,1985,142135,3
767,1986,142211,5
588,1987,142297,5
1247,1988,142378,5
869,1989,142535,6
365,1990,142640,5
875,1991,142689,5
-586,1992,142783,4
-1374,1993,142808,3
638,1994,142894,5
-682,1995,142948,3
1365,1996,143000,6
655,1997,143053,5
-1046,1998,143119,3
-499,1999,143138,3
420,2000,143205,4
1074,2001,143279,5
-1123,2002,143427,4
56,2003,143538,5
576,2004,143628,5
-1766,2005,143789,3
146,2006,143827,4
-207,2007,144027,5
-314,2008,144152,4
1,2009,144260,4
130,2010,144311,4
73,2011,144581,6
273,2012,144661,5
784,2013,144736,5
-1413,2014,144883,3
-322,2015,144968,4
247,2016,145021,5
-683,2017,145057,3
-1087,2018,145149,4
-324,2019,145171,3
142,2020,145197,4
-23,2021,145226,4
811,2022,145323,6
-367,2023,145342,3
337,2024,145493,5
-1005,2025,145552,3
-133,2026,145660,4
1190,2027,145719,6
-1017,2028,145856,4
828,2029,145866,5
-1206,2030,145920,3
565,2031,146005,5
171,2032,146057,4
500,2033,146172,5
768,2034,146275,5
-207,2035,146342,4
414,2036,146357,4
-202,2037,146422,4
-1805,2038,146558,3
1528,2039,146630,6
792,2040,146684,5
-1403,2041,146840,3
-633,2042,146852,3
965,2043,146956,6
322,2044,147051,5
980,2045,147086,5
243,2046,147126,4
-278,2047,147152,3
277,2048,147225,4
-185,2049,147320,4
696,2050,147458,5
178,2051,147497,4
-349,2052,147525,4
809,2053,147581,5
687,2054,147658,5
786,2055,147696,5
-414,2056,147725,3
319,2057,147806,5
-915,2058,147877,3
450,2059,147975,5
-278,2060,148001,4
-613,2061,148036,3
-200,2062,148119,4
914,2063,148209,5
1100,2064,148239,5
-494,2065,148288,3
747,2066,148470,5
329,2067,148527,4
-1391,2068,148616,3
-210,2069,148687,4
-524,2070,148724,3
-875,2071,148876,4
-884,2072,149053,4
827,2073,149155,5
860,2074,149221,5
-575,2075,149253,3
349,2076,149313,4
163,2077,149479,5
-53,2078,149519,4
-604,2079,149628,4
887,2080,149681,5
39,2081,149713,4
1035,2082,149756,5
-775,2083,149807,3
-937,2084,150003,4
-994,2085,150069,3
1471,2086,150214,6
-714,2087,150268,3
-1030,2088,150293,3
-699,2089,150329,3
-706,2090,150350,3
455,2091,150468,6
-314,2092,150538,4
1485,2093,150719,6
461,2094,150771,5
-1244,2095,150872,3
-971,2096,150919,3
1595,2097,150972,6
232,2098,151027,4
-430,2099,151049,3
-599,2100,151213,4
1218,2101,151252,5
13,2102,151344,4
646,2103,151395,5
674,2104,151437,5
-534,2105,151455,3
471,2106,151539,4
78,2107,151792,5
260,2108,151870,5
-205,2109,151990,4
-802,2110,152186,5
-740,2111,152240,3
-755,2112,152259,3
768,2113,152341,5
167,2114,152385,4
-651,2115,152493,3
1028,2116,152532,5
-334,2117,152692,5
-417,2118,152708,3
-1942,2119,152774,3
579,2120,152931,5
550,2121,153069,5
1137,2122,153133,5
-303,2123,153206,4
-509,2124,153261,3
916,2125,153295,5
-123,2126,153378,4
-692,2127,153642,4
727,2128,153752,5
632,2129,153865,5
579,2130,153993,5
248,2131,154072,4
71,2132,154152,4
-449,2133,154183,3
976,2134,154238,5
-906,2135,154392,4
988,2136,154413,5
-607,2137,154712,5
-1237,2138,154912,4
-757,2139,154964,3
-1265,2140,155119,4
436,2141,155182,5
768,2142,155237,5
-913,2143,155312,3
846,2144,155391,5
-521,2145,155655,5
-787,2146,155704,4
711,2147,155797,5
-1275,2148,155912,3
224,2149,156135,5
851,2150,156179,5
86,2151,156294,5
-1274,2152,156364,3
-422,2153,156382,3
637,2154,156430,5
-1112,2155,156515,3
659,2156,156642,5
-594,2157,156675,3
497,2158,156742,5
-85,2159,156854,4
970,2160,156932,5
-127,2161,157084,4
1022,2162,157171,5
1095,2163,157256,5
440,2164,157423,5
580,2165,157505,5
-179,2166,157560,4
65,2167,157647,4
-469,2168,157671,3
181,2169,157748,5
-737,2170,157772,3
-1385,2171,158004,4
490,2172,158059,4
-449,2173,158326,6
-188,2174,158510,5
843,2175,158606,5
543,2176,158720,5
-161,2177,158772,4
-1435,2178,158944,3
770,2179,159035,5
-1460,2180,159116,3
723,2181,159193,5
-284,2182,159267,4
782,2183,159377,5
-522,2184,159567,4
-343,2185,159591,3
1148,2186,159630,5
662,2187,159781,6
-658,2188,159806,3
1247,2189,159890,5
-554,2190,159985,4
-513,2191,160013,3
402,2192,160122,5
-764,2193,160207,3
-947,2194,160338,3
748,2195,160417,5
-368,2196,160535,4
781,2197,160674,5
410,2198,160779,5
-646,2199,160809,3
-584,2200,160956,4
-1184,2201,161110,3
-139,2202,161161,4
-1542,2203,161418,4
151,2204,161531,4
-478,2205,161564,3
1272,2206,161688,6
137,2207,161705,4
94,2208,161755,4
-200,2209,161978,5
397,2210,162123,5
318,2211,162282,5
663,2212,162319,5
190,2213,162385,4
359,2214,162465,4
-1361,2215,162589,3
-697,2216,162660,3
-229,2217,162747,4
60,2218,162785,4
-907,2219,162880,3
-503,2220,162920,3
-421,2221,163053,4
-490,2222,163215,4
-789,2223,163278,3
-648,2224,163316,3
375,2225,163511,5
-409,2226,163574,3
-185,2227,163698,4
534,2228,163812,5
-695,2229,163880,3
-280,2230,163905,3
1293,2231,164004,5
766,2232,164073,5
-1081,2233,164232,3
1056,2234,164278,5
-274,2235,164368,4
-1079,2236,164468,3
41,2237,164654,5
-179,2238,164878,5
-184,2239,165012,4
1512,2240,165087,6
-607,2241,165154,3
750,2242,165215,5
-949,2243,165331,3
307,2244,165468,5
-792,2245,165678,4
-495,2246,165794,4
-168,2247,165908,4
-694,2248,165969,3
-618,2249,166056,4
772,2250,166114,5
-2279,2251,166390,3
-774,2252,166508,4
-742,2253,166598,3
385,2254,166681,4
-1984,2255,166922,3
-351,2256,167098,5
-654,2257,167144,3
-81,2258,167253,4
-330,2259,167275,3
-1249,2260,167306,3
469,2261,167399,5
-473,2262,167564,4
-425,2263,167624,3
-936,2264,167894,4
-524,2265,167973,4
-818,2266,168023,3
-833,2267,168204,5
-1255,2268,168244,3
-1089,2269,168328,3
1511,2270,168460,6
232,2271,168574,4
-498,2272,168616,3
-410,2273,168746,4
897,2274,168811,5
-1092,2275,168897,3
834,2276,168923,5
-639,2277,168975,3
747,2278,169079,5
-878,2279,169205,4
-312,2280,169234,3
-1905,2281,169534,3
507,2282,169611,4
-235,2283,169710,4
-850,2284,169789,4
349,2285,169846,4
262,2286,169916,5
-386,2287,170015,4
868,2288,170113,5
652,2289,170203,5
-615,2290,170267,3
983,2291,170337,5
277,2292,170446,4
-442,2293,170624,4
-370,2294,170641,3
-576,2295,170682,3
1048,2296,170768,5
-1166,2297,171060,4
585,2298,171133,5
939,2299,171260,6
137,2300,171447,5
324,2301,171597,5
1462,2302,171654,5
-313,2303,171686,3
-367,2304,171742,3
365,2305,171862,5
-1103,2306,171998,3
-501,2307,172326,5
-543,2308,172374,3
-528,2309,172563,5
-603,2310,172742,4
223,2311,172839,4
-813,2312,173103,4
872,2313,173192,5
-2,2314,173269,4
-231,2315,173453,5
-730,2316,173671,4
-767,2317,173822,3
-1115,2318,173941,3
-617,2319,174005,3
-315,2320,174069,4
-536,2321,174368,5
-443,2322,174576,4
-1120,2323,174706,3
-896,2324,174728,3
465,2325,174936,5
820,2326,174981,4
395,2327,175070,5
-768,2328,175200,4
-346,2329,175222,3
293,2330,175391,5
-503,2331,175467,3
788,2332,175601,5
-384,2333,175643,3
-771,2334,175727,3
-701,2335,175799,3
-438,2336,175933,4
151,2337,176082,5
939,2338,176140,5
322,2339,176189,4
-12,2340,176266,4
227,2341,176568,6
-226,2342,176590,3
-745,2343,176758,4
284,2344,176894,5
-1356,2345,177072,3
-1251,2346,177176,3
-574,2347,177319,4
24,2348,177467,5
-476,2349,177501,3
-939,2350,177665,3
-1083,2351,177752,3
49,2352,177806,4
569,2353,177886,5
657,2354,177973,5
-414,2355,178010,3
-661,2356,178069,3
-571,2357,178149,3
429,2358,178323,5
-641,2359,178428,4
684,2360,178495,5
-555,2361,178530,3
-871,2362,178802,4
-1163,2363,178886,3
-642,2364,178952,3
911,2365,179045,5
-650,2366,179087,3
-275,2367,179216,4
-607,2368,179272,3
276,2369,179363,4
-732,2370,179504,3
-180,2371,179678,4
187,2372,179782,5
-62,2373,179867,4
-1052,2374,180140,5
-33,2375,180176,4
-575,2376,180196,3
-829,2377,180351,4
-786,2378,180392,3
-595,2379,180600,4
-85,2380,180740,5
1053,2381,180814,5
741,2382,180927,5
208,2383,181057,4
-814,2384,181162,3
689,2385,181262,5
441,2386,181383,5
-671,2387,181538,4
-2121,2388,181746,3
1241,2389,181839,5
-353,2390,181870,3
454,2391,181953,5
-532,2392,182011,3
361,2393,182199,5
-1538,2394,182388,3
130,2395,182599,5
-439,2396,182732,4
-444,2397,183087,6
24,2398,183256,5
546,2399,183330,5
-599,2400,183483,4
-1072,2401,183544,3
-736,2402,183590,3
-1293,2403,183741,3
-801,2404,183772,3
184,2405,183821,4
235,2406,183973,5
-146,2407,184103,4
-1208,2408,184329,4
102,2409,184428,5
47,2410,184575,4
-365,2411,184599,3
-308,2412,184645,4
-931,2413,184768,3
-82,2414,184873,4
118,2415,184976,4
-600,2416,185025,3
-1258,2417,185308,4
539,2418,185496,6
1502,2419,185543,5
-218,2420,185665,4
-537,2421,185726,4
-1637,2422,185966,3
-551,2423,186018,3
92,2424,186209,5
-80,2425,186371,4
-51,2426,186403,4
-41,2427,186503,4
-779,2428,186558,3
-1708,2429,186672,3
-669,2430,186711,3
122,2431,186781,4
-782,2432,186842,3
-208,2433,186925,4
-255,2434,186969,4
-25,2435,187064,4
45,2436,187139,4
-354,2437,187189,3
-2,2438,187343,4
-1133,2439,187427,3
515,2440,187535,5
-645,2441,187631,3
784,2442,187709,5
555,2443,187752,4
-996,2444,188058,4
-161,2445,188110,4
498,2446,188249,5
-370,2447,188283,3
181,2448,188399,4
1315,2449,188479,5
1155,2450,188616,5
-411,2451,188812,4
-37,2452,188932,4
-236,2453,189090,4
475,2454,189229,5
1509,2455,189301,6
971,2456,189413,6
-278,2457,189535,4
772,2458,189610,5
-895,2459,189682,3
504,2460,189762,5
50,2461,189848,4
100,2462,189977,4
-474,2463,190031,3
-858,2464,190209,4
987,2465,190344,5
-506,2466,190397,3
-823,2467,190610,4
-351,2468,190706,4
-344,2469,190728,3
912,2470,190803,5
-445,2471,190966,4
-415,2472,191082,4
-570,2473,191168,3
-900,2474,191378,4
-1075,2475,191653,5
-395,2476,191725,3
-868,2477,191831,3
592,2478,191914,5
374,2479,192023,5
-957,2480,192367,5
825,2481,192510,5
-514,2482,192639,4
-344,2483,192676,3
857,2484,192709,5
-486,2485,192758,3
-702,2486,192812,3
-596,2487,192893,3
380,2488,192946,4
-851,2489,193103,4
876,2490,193240,5
197,2491,193308,4
-815,2492,193537,4
-625,2493,193700,4
101,2494,193785,4
-480,2495,193807,3
-554,2496,193828,3
-1140,2497,193866,3
-204,2498,193969,4
-545,2499,194000,3
232,2500,194205,5
-314,2501,194319,4
-527,2502,194346,3
35,2503,194442,4
761,2504,194588,5
-691,2505,194640,3
1061,2506,194760,5
-510,2507,194790,3
-1007,2508,195135,5
-7,2509,195254,4
928,2510,195340,5
-1574,2511,195490,3
126,2512,195647,5
665,2513,195693,5
549,2514,195850,5
-811,2515,195902,3
735,2516,195982,5
218,2517,196040,4
-760,2518,196074,3
-558,2519,196288,4
-1670,2520,196474,4
791,2521,196580,5
-573,2522,196620,3
-964,2523,196717,3
76,2524,196911,4
247,2525,196968,4
-107,2526,197045,4
-498,2527,197102,3
532,2528,197179,5
-1812,2529,197381,3
570,2530,197475,5
-662,2531,197685,4
95,2532,197757,4
566,2533,197787,4
-581,2534,197818,3
-393,2535,197870,3
-569,2536,198141,4
489,2537,198204,4
-900,2538,198334,3
54,2539,198432,4
2403,2540,198593,8
-295,2541,198830,5
613,2542,199070,6
-189,2543,199150,4
-220,2544,199204,4
-1027,2545,199299,3
-178,2546,199405,4
-552,2547,199608,4
215,2548,199781,5
519,2549,199889,5
320,2550,200008,4
-614,2551,200090,3
-364,2552,200139,3
-1870,2553,200392,3
-459,2554,200447,3
-700,2555,200533,3
-399,2556,200733,4
-600,2557,200791,3
-122,2558,200937,4
765,2559,200994,5
-983,2560,201110,3
-67,2561,201273,5
-742,2562,201366,3
12,2563,201592,5
133,2564,201686,4
553,2565,201795,5
-539,2566,201838,3
-398,2567,202009,5
-1031,2568,202100,3
-481,2569,202268,4
702,2570,202310,4
8,2571,202494,5
-558,2572,202540,3
997,2573,202621,5
1194,2574,202652,5
314,2575,202763,4
-617,2576,202879,3
768,2577,202970,5
678,2578,203044,5
-853,2579,203361,5
94,2580,203471,4
-51,2581,203519,4
-415,2582,203555,3
508,2583,203681,5
689,2584,203701,5
1046,2585,203753,5
564,2586,203834,4
766,2587,203912,5
616,2588,204095,5
317,2589,204192,4
-333,2590,204336,4
731,2591,204383,5
-325,2592,204483,4
541,2593,204571,4
227,2594,204687,5
-103,2595,204882,4
-1591,2596,205098,3
-585,2597,205122,3
84,2598,205205,4
1090,2599,205309,6
-520,2600,205382,3
-722,2601,205435,3
-482,2602,205461,3
634,2603,205532,5
-553,2604,205596,3
-578,2605,205716,4
-761,2606,205740,3
607,2607,205792,4
641,2608,205960,5
589,2609,206040,5
1022,2610,206107,5
581,2611,206188,5
271,2612,206309,5
-714,2613,206427,3
877,2614,206519,5
-100,2615,206594,4
-1331,2616,206733,3
44,2617,206835,4
146,2618,206974,5
33,2619,207038,4
559,2620,207162,5
-900,2621,207267,3
-13,2622,207375,4
912,2623,207433,5
200,2624,207530,4
-453,2625,207714,4
-1244,2626,207808,3
-169,2627,207932,4
-270,2628,208106,4
456,2629,208217,5
-403,2630,208244,3
-489,2631,208301,4
-523,2632,208348,3
-510,2633,208596,5
662,2634,208687,5
235,2635,208748,4
-417,2636,208788,3
-80,2637,208926,4
339,2638,208963,4
103,2639,209055,4
871,2640,209136,5
363,2641,209276,5
-1329,2642,209424,3
-38,2643,209714,5
-1326,2644,209860,3
-286,2645,209885,3
-117,2646,210005,4
-986,2647,210223,4
65,2648,210326,4
1334,2649,210389,5
586,2650,210515,5
-821,2651,210667,4
-706,2652,210745,3
588,2653,210909,5
-919,2654,210952,3
893,2655,211056,5
-123,2656,211297,5
-636,2657,211415,4
219,2658,211511,4
813,2659,211644,5
-956,2660,211921,4
299,2661,212178,5
696,2662,212284,5
967,2663,212384,5
-126,2664,212744,5
581,2665,212825,5
822,2666,212964,5
-378,2667,212985,3
543,2668,213109,5
229,2669,213346,5
668,2670,213457,5
-619,2671,213521,3
-156,2672,213658,4
163,2673,213718,4
-558,2674,213864,4
513,2675,214092,5
261,2676,214221,5
283,2677,214437,5
-580,2678,214475,3
636,2679,214614,5
-1466,2680,214809,4
77,2681,214925,4
-988,2682,214966,3
-549,2683,214993,3
111,2684,215057,4
-711,2685,215101,3
279,2686,215252,5
632,2687,215436,5
676,2688,215567,5
757,2689,215916,6
1147,2690,215973,5
175,2691,216149,5
-582,2692,216492,5
-368,2693,216518,3
-391,2694,216558,3
-1579,2695,217043,5
-328,2696,217197,4
432,2697,217359,5
-109,2698,217400,4
-535,2699,217444,3
-1425,2700,217740,4
-303,2701,217767,3
-436,2702,217808,3
-646,2703,218017,4
37,2704,218157,4
-780,2705,218266,3
-67,2706,218339,4
1147,2707,218407,5
560,2708,218542,5
353,2709,218738,5
848,2710,218780,5
735,2711,218856,5
1237,2712,218998,5
328,2713,219128,5
-1286,2714,219353,3
-382,2715,219411,3
686,2716,219485,4
-402,2717,219515,3
312,2718,219549,4
-823,2719,219669,3
1041,2720,219769,5
-467,2721,219816,3
-739,2722,219959,4
377,2723,220144,5
103,2724,220264,5
-236,2725,220421,4
117,2726,220461,4
701,2727,220517,4
755,2728,220573,5
-110,2729,220615,4
759,2730,220656,5
-562,2731,220717,3
712,2732,220843,5
-851,2733,220915,3
-51,2734,221192,5
-1120,2735,221323,4
-1147,2736,221395,3
635,2737,221480,5
439,2738,221657,5
-274,2739,221687,3
340,2740,221806,5
57,2741,221931,4
416,2742,221994,4
-25,2743,222127,4
372,2744,222229,5
645,2745,222342,5
642,2746,222449,5
951,2747,222541,5
-1046,2748,222694,3
-289,2749,222722,3
-573,2750,222770,3
982,2751,222837,5
822,2752,222899,5
216,2753,223077,5
20,2754,223218,4
476,2755,223277,5
-557,2756,223332,3
467,2757,223360,4
683,2758,223481,5
-929,2759,223573,3
292,2760,223795,5
174,2761,224016,5
-324,2762,224338,5
-337,2763,224385,3
644,2764,224495,5
708,2765,224778,6
588,2766,225029,6
-438,2767,225067,3
-29,2768,225251,5
184,2769,225285,4
173,2770,225501,6
1243,2771,225558,5
120,2772,225688,4
957,2773,225752,5
-1047,2774,226032,4
-580,2775,226234,4
385,2776,226332,5
926,2777,226380,5
743,2778,226484,5
888,2779,226691,5
-1044,2780,226860,3
33,2781,226955,5
47,2782,227066,4
-231,2783,227379,5
-492,2784,227405,3
957,2785,227502,5
-124,2786,227640,4
-663,2787,227747,3
712,2788,227875,5
-893,2789,227979,3
176,2790,228194,5
631,2791,228235,5
230,2792,228328,4
-346,2793,228454,4
886,2794,228556,5
-394,2795,228594,3
1062,2796,228735,5
1023,2797,228783,5
1002,2798,228956,5
-757,2799,229032,3
218,2800,229138,4
1242,2801,229249,5
763,2802,229360,5
-391,2803,229396,3
-767,2804,229524,3
269,2805,229592,4
-736,2806,229779,4
860,2807,229822,5
602,2808,229849,4
402,2809,229948,5
715,2810,230001,5
-1230,2811,230171,3
-270,2812,230192,3
-496,2813,230291,4
-594,2814,230461,4
-408,2815,230514,3
98,2816,230693,5
367,2817,230760,4
2858,2818,230866,7
613,2819,230985,5
-346,2820,231026,3
1065,2821,231070,5
-161,2822,231222,4
-650,2823,231307,3
266,2824,231390,4
110,2825,231512,4
913,2826,231599,5
956,2827,231686,5
-725,2828,231793,3
-668,2829,231842,3
601,2830,231982,5
-478,2831,232052,3
1024,2832,232194,5
873,2833,232307,5
305,2834,232331,4
285,2835,232383,4
880,2836,232609,6
1218,2837,232644,5
-188,2838,232794,4
-693,2839,232818,3
1007,2840,232855,5
-397,2841,232891,3
-65,2842,232986,5
-261,2843,233005,3
298,2844,233089,4
-561,2845,233176,3
71,2846,233291,4
1020,2847,233475,6
791,2848,233511,5
967,2849,233559,5
446,2850,233641,5
345,2851,233728,4
-763,2852,233788,3
-101,2853,233908,4
1221,2854,234093,6
251,2855,234397,5
834,2856,234461,5
522,2857,234560,5
612,2858,234755,5
-800,2859,234824,3
947,2860,234913,5
-20,2861,235050,4
-262,2862,235144,4
1168,2863,235198,5
752,2864,235296,5
1044,2865,235457,5
-1,2866,235577,4
1285,2867,235747,6
10,2868,236021,5
1421,2869,236197,6
481,2870,236258,4
1312,2871,236422,5
601,2872,236525,5
1285,2873,236597,5
317,2874,236633,4
508,2875,236750,5
259,2876,236899,4
690,2877,237021,5
850,2878,237088,5
618,2879,237286,5
315,2880,237387,5
606,2881,237518,5
1241,2882,237590,5
817,2883,237787,5
478,2884,237902,5
559,2885,238035,5
1203,2886,238168,5
1288,2887,238262,5
-44,2888,238524,5
647,2889,238606,5
-464,2890,238757,4
23,2891,238904,4
-148,2892,238982,4
1310,2893,239110,5
852,2894,239184,5
483,2895,239332,5
143,2896,239536,5
-202,2897,239642,4
879,2898,239707,5
1421,2899,239771,5
1122,2900,239865,5
1135,2901,239917,5
1085,2902,240047,5
-382,2903,240093,3
304,2904,240166,4
1157,2905,240227,5
1873,2906,240430,6
404,2907,240561,5
256,2908,240671,4
1501,2909,240815,6
468,2910,240930,4
685,2911,241035,5
1541,2912,241184,6
-29,2913,241441,5
-995,2914,241588,4
-960,2915,241677,3
434,2916,241872,5
389,2917,241985,5
129,2918,242105,4
-496,2919,242371,4
-77,2920,242479,4
438,2921,242629,5
-211,2922,242649,3
137,2923,242821,5
718,2924,242983,5
2133,2925,243193,7
562,2926,243291,5
223,2927,243378,4
710,2928,243416,4
-63,2929,243821,5
-575,2930,243841,3
-1108,2931,243983,3
603,2932,244084,5
381,2933,244236,5
559,2934,244365,5
301,2935,244445,4
2125,2936,244544,7
1047,2937,244787,6
110,2938,244929,4
824,2939,245118,5
-12,2940,245473,5
537,2941,245585,5
1641,2942,245706,6
1110,2943,245815,5
606,2944,245942,5
836,2945,246012,5
866,2946,246110,5
797,2947,246255,5
855,2948,246326,5
550,2949,246470,5
-346,2950,246495,3
1500,2951,246590,6
903,2952,246723,6
-400,2953,246765,3
80,2954,246887,4
1171,2955,246977,5
720,2956,247025,5
457,2957,247113,5
1825,2958,247249,6
-853,2959,247397,3
721,2960,247489,5
255,2961,247572,4
677,2962,247629,5
396,2963,247799,5
808,2964,247859,5
1055,2965,247923,5
751,2966,247959,4
948,2967,248073,5
575,2968,248174,5
1070,2969,248238,5
-353,2970,248266,3
819,2971,248311,5
-39,2972,248383,4
176,2973,248641,5
470,2974,248789,5
-373,2975,248828,3
973,2976,248902,5
810,2977,249013,5
1768,2978,249104,6
279,2979,249272,5
909,2980,249329,5
1947,2981,249514,7
1681,2982,249567,6
324,2983,249795,5
645,2984,249907,5
1429,2985,249973,5
916,2986,250004,5
1033,2987,250052,5
921,2988,250133,5
926,2989,250209,5
682,2990,250324,5
1244,2991,250367,5
721,2992,250435,5
868,2993,250546,5
674,2994,250622,4
808,2995,250714,5
1194,2996,250765,5
695,2997,250816,4
420,2998,250911,4
1098,2999,250966,5
773,3000,251062,5
757,3001,251107,5
846,3002,251215,5
964,3003,251274,5
562,3004,251305,5
151,3005,251369,4
-89,3006,251461,4
1488,3007,251571,5
1527,3008,251715,6
209,3009,251775,5
1034,3010,251867,5
666,3011,252001,5
651,3012,252125,5
833,3013,252140,5
1253,3014,252280,6
90,3015,252334,4
-865,3016,252378,4
886,3017,252416,5
610,3018,252508,5
822,3019,252610,5
1100,3020,252717,5
1037,3021,252841,6
187,3022,252973,4
1625,3023,253054,6
833,3024,253124,5
801,3025,253177,5
789,3026,253246,5
992,3027,253456,5
685,3028,253533,5
1169,3029,253632,5
2447,3030,253739,7
980,3031,253778,5
380,3032,253825,4
1097,3033,253893,5
805,3034,254018,5
1045,3035,254107,5
920,3036,254126,5
535,3037,254143,5
1087,3038,254228,5
576,3039,254362,5
156,3040,254415,4
446,3041,254437,4
-858,3042,254447,3
237,3043,254559,5
1095,3044,254638,5
472,3045,254801,5
-201,3046,254832,4
-53,3047,254872,4
1209,3048,254994,5
424,3049,255023,4
488,3050,255124,5
727,3051,255198,5
1340,3052,255244,5
-252,3053,255426,4
836,3054,255508,5
430,3055,255602,5
988,3056,255711,5
301,3057,255788,4
1712,3058,255918,6
752,3059,255991,5
414,3060,256214,5
-396,3061,256252,3
820,3062,256316,5
-716,3063,256421,3
1263,3064,256553,5
1195,3065,256630,5
1822,3066,256798,7
727,3067,256859,5
-700,3068,256917,4
940,3069,257010,5
875,3070,257083,5
708,3071,257122,5
953,3072,257237,5
1496,3073,257312,6
815,3074,257387,5
97,3075,257499,4
302,3076,257533,4
1063,3077,257618,5
510,3078,257700,4
857,3079,257764,5
1693,3080,257857,5
856,3081,257895,5
-344,3082,257917,3
839,3083,258005,5
-244,3084,258018,3
860,3085,258077,5
903,3086,258175,5
1007,3087,258247,5
857,3088,258378,5
-373,3089,258414,3
1532,3090,258517,6
1054,3091,258599,5
955,3092,258646,5
896,3093,258671,5
557,3094,258740,4
1378,3095,258811,5
1238,3096,258846,5
2363,3097,258944,7
1341,3098,259097,5
663,3099,259175,5
907,3100,259216,5
762,3101,259274,5
880,3102,259301,5
1152,3103,259364,5
1048,3104,259422,5
1777,3105,259491,6
758,3106,259627,5
761,3107,259729,5
1012,3108,259804,5
757,3109,259883,5
1194,3110,259982,5
1148,3111,260091,5
1491,3112,260169,6
1101,3113,260233,5
1002,3114,260299,5
980,3115,260337,5
1082,3116,260379,5
1153,3117,260423,5
2133,3118,260488,7
1496,3119,260551,5
1866,3120,260621,6
1997,3121,260658,6
1222,3122,260708,5
1026,3123,260729,5
567,3124,260762,5
994,3125,260864,5
1637,3126,260918,7
1607,3127,261010,6
1198,3128,261046,5
1181,3129,261077,5
987,3130,261101,5
949,3131,261170,5
1254,3132,261278,6
1404,3133,261345,6
876,3134,261404,5
1461,3135,261456,5
1618,3136,261515,6
1718,3137,261559,7
2367,3138,261609,7
1783,3139,261658,5
1146,3140,261693,5
1006,3141,261720,5
804,3142,261784,5
1934,3143,261882,5
1903,3144,261940,6
1426,3145,261982,5
395,3146,262106,4
836,3147,262181,5
891,3148,262221,5
712,3149,262256,5
856,3150,262350,5
1168,3151,262407,5
685,3152,262479,5
675,3153,262544,5
754,3154,262646,5
1628,3155,262801,6
698,3156,262893,5
1256,3157,262948,5
1433,3158,263000,5
674,3159,263066,5
1692,3160,263131,5
858,3161,263198,5
2021,3162,263299,7
1285,3163,263373,6
421,3164,263421,4
826,3165,263492,5
644,3166,263554,5
746,3167,263605,5
1279,3168,263665,5
1053,3169,263693,5
1013,3170,263726,5
2198,3171,263813,7
425,3172,263845,4
1477,3173,263910,6
1062,3174,263976,5
926,3175,264022,5
904,3176,264065,5
797,3177,264085,5
848,3178,264119,5
1049,3179,264164,5
665,3180,264340,5
313,3181,264388,4
812,3182,264474,5
1145,3183,264566,5
1242,3184,264603,5
1053,3185,264672,5
1298,3186,264721,5
1179,3187,264774,5
-338,3188,264836,3
1405,3189,264925,6
657,3190,264943,5
1415,3191,264994,6
2592,3192,265084,7
1860,3193,265204,6
1121,3194,265252,5
2300,3195,265351,8
2610,3196,265426,7
957,3197,265450,5
918,3198,265505,5
2064,3199,265610,7
127,3200,265702,4
170,3201,265944,5
734,3202,266015,5
1795,3203,266067,6
673,3204,266100,5
1271,3205,266125,5
1668,3206,266191,6
2323,3207,266259,7
1578,3208,266304,6
1347,3209,266397,5
1086,3210,266433,5
2297,3211,266511,7
1362,3212,266546,5
1601,3213,266654,6
29,3214,266741,4
394,3215,266989,6
17,3216,267057,4
51,3217,267089,4
1500,3218,267156,6
846,3219,267206,5
969,3220,267239,5
966,3221,267274,5
2146,3222,267377,6
1139,3223,267402,5
1244,3224,267476,5
699,3225,267537,5
2290,3226,267591,7
1110,3227,267654,5
662,3228,267695,4
758,3229,267757,5
1685,3230,267811,6
960,3231,267853,5
763,3232,267930,5
1144,3233,267969,5
1233,3234,268030,5
1319,3235,268071,5
424,3236,268098,4
751,3237,268170,5
1036,3238,268204,5
843,3239,268257,5
1407,3240,268301,5
1771,3241,268366,6
626,3242,268431,4
879,3243,268481,5
1072,3244,268592,5
903,3245,268621,5
1149,3246,268658,5
1242,3247,268693,5
980,3248,268751,5
792,3249,268797,5
101,3250,268832,4
1529,3251,268856,6
1870,3252,268903,6
2959,3253,268987,7
1477,3254,269027,5
1592,3255,269073,6
906,3256,269120,5
1853,3257,269184,6
1833,3258,269265,5
1640,3259,269328,6
3549,3260,269429,8
821,3261,269479,5
871,3262,269497,5
1851,3263,269580,7
1192,3264,269626,5
684,3265,269665,4
1699,3266,269723,6
742,3267,269766,5
893,3268,269795,5
817,3269,269826,5
1493,3270,269862,6
1251,3271,269955,5
658,3272,270012,5
642,3273,270094,5
988,3274,270120,5
2398,3275,270215,7
982,3276,270261,6
3299,3277,270341,8
493,3278,270443,5
1135,3279,270467,5
970,3280,270585,5
690,3281,270608,5
394,3282,270625,4
1561,3283,270673,6
961,3284,270722,5
2547,3285,270779,7
921,3286,270806,5
1083,3287,270848,5
1046,3288,270880,5
1326,3289,270938,5
1211,3290,270982,5
505,3291,271015,4
1744,3292,271070,7
1200,3293,271128,5
-249,3294,271143,3
770,3295,271214,5
954,3296,271246,5
862,3297,271272,5
1025,3298,271300,5
2286,3299,271367,7
3413,3300,271450,9
1866,3301,271533,6
8,3302,271579,4
740,3303,271624,5
391,3304,271655,4
580,3305,271694,5
656,3306,271723,5
501,3307,271836,5
656,3308,271895,5
1615,3309,271935,6
1753,3310,272013,6
1063,3311,272069,5
1516,3312,272115,5
1295,3313,272185,6
1695,3314,272216,6
1007,3315,272258,5
474,3316,272289,4
948,3317,272328,5
1724,3318,272384,6
1739,3319,272442,6
1883,3320,272572,7
1488,3321,272631,6
1951,3322,272696,6
737,3323,272744,5
817,3324,272812,5
1520,3325,272878,6
828,3326,272931,5
852,3327,273051,5
858,3328,273084,5
-257,3329,273124,4
1524,3330,273199,6
-1660,3331,273279,3
1619,3332,273321,6
239,3333,273377,4
593,3334,273457,5
790,3335,273523,5
2056,3336,273607,7
938,3337,273664,5
1534,3338,273755,6
1183,3339,273792,5
3494,3340,273899,8
1726,3341,273991,6
2490,3342,274079,8
1306,3343,274133,5
2279,3344,274186,7
1021,3345,274230,5
653,3346,274322,5
2452,3347,274414,7
1219,3348,274462,5
1607,3349,274565,6
4039,3350,274690,9
-320,3351,274723,3
1712,3352,274769,6
885,3353,274841,5
398,3354,274858,4
2620,3355,274961,7
1080,3356,274987,5
1828,3357,275056,6
1610,3358,275098,5
806,3359,275114,5
1046,3360,275145,5
2186,3361,275204,7
2188,3362,275260,6
1939,3363,275294,7
1220,3364,275320,6
961,3365,275352,5
1791,3366,275419,6
1694,3367,275467,6
2054,3368,275518,6
1026,3369,275561,5
2042,3370,275636,6
3195,3371,275798,8
908,3372,275836,5
1096,3373,275870,5
940,3374,275893,5
1282,3375,275929,5
1666,3376,275976,5
2554,3377,276073,6
-391,3378,276140,3
-280,3379,276157,3
2799,3380,276339,7
1261,3381,276428,5
1974,3382,276475,7
2611,3383,276556,7
809,3384,276611,5
2164,3385,276663,6
1692,3386,276753,6
573,3387,276877,5
2464,3388,276961,7
1445,3389,277026,6
600,3390,277062,5
511,3391,277127,4
763,3392,277166,5
1150,3393,277224,5
1451,3394,277333,6
608,3395,277421,5
614,3396,277487,5
1591,3397,277520,6
981,3398,277544,5
2136,3399,277603,6
580,3400,277660,5
2787,3401,277764,8
1939,3402,277859,6
1744,3403,277919,6
923,3404,277944,5
1302,3405,278008,5
1839,3406,278064,7
1779,3407,278124,6
691,3408,278171,5
1382,3409,278228,5
-24,3410,278297,4
1186,3411,278358,6
1725,3412,278433,6
2423,3413,278506,7
124,3414,278525,4
964,3415,278583,5
1663,3416,278686,6
4128,3417,278839,10
1167,3418,278868,5
984,3419,278906,5
1179,3420,278975,5
1031,3421,279040,5
826,3422,279096,5
1598,3423,279124,6
1197,3424,279188,5
1812,3425,279247,6
3716,3426,279354,8
1141,3427,279430,5
180,3428,279489,5
2146,3429,279575,7
842,3430,279631,5
1229,3431,279673,5
1826,3432,279725,6
1038,3433,279747,5
1696,3434,279801,6
1560,3435,279865,6
772,3436,279904,5
429,3437,279945,5
327,3438,279965,4
1902,3439,280060,7
1123,3440,280092,5
3743,3441,280182,9
1210,3442,280237,5
1031,3443,280265,5
1650,3444,280298,6
1208,3445,280377,5
1341,3446,280417,5
835,3447,280462,5
1172,3448,280501,5
1150,3449,280532,5
1604,3450,280596,6
1205,3451,280654,6
1085,3452,280742,5
5740,3453,280846,12
1284,3454,280905,5
1640,3455,280964,6
3314,3456,281063,8
1972,3457,281100,6
1565,3458,281167,5
1060,3459,281213,5
988,3460,281244,5
1061,3461,281303,5
948,3462,281361,5
1109,3463,281402,5
2013,3464,281491,6
1515,3465,281550,6
567,3466,281584,5
968,3467,281610,5
861,3468,281642,5
561,3469,281670,5
794,3470,281704,5
2464,3471,281771,7
635,3472,281797,5
1196,3473,281843,5
2080,3474,281919,7
2223,3475,282059,7
968,3476,282114,5
3475,3477,282203,8
2532,3478,282310,7
1281,3479,282351,5
1466,3480,282393,5
1955,3481,282465,6
786,3482,282483,5
1093,3483,282519,5
875,3484,282539,5
816,3485,282613,5
1571,3486,282682,6
1049,3487,282724,5
612,3488,282803,5
892,3489,282844,5
874,3490,282862,5
1008,3491,282910,5
2419,3492,283020,7
904,3493,283041,5
2494,3494,283158,7
1056,3495,283220,5
560,3496,283361,5
370,3497,283436,4
1151,3498,283493,5
1144,3499,283545,5
1126,3500,283596,5
675,3501,283636,5
1318,3502,283674,5
1072,3503,283712,5
507,3504,283757,4
705,3505,283796,5
919,3506,283833,5
821,3507,283894,5
-69,3508,283935,4
1566,3509,284042,6
1259,3510,284122,5
687,3511,284179,5
911,3512,284216,5
931,3513,284253,5
2209,3514,284314,7
1933,3515,284403,7
4253,3516,284509,8
1642,3517,284576,5
1306,3518,284639,5
1329,3519,284672,6
1006,3520,284731,5
351,3521,284777,5
2455,3522,284903,7
1111,3523,284935,5
689,3524,284980,5
1051,3525,285048,5
1453,3526,285109,5
1542,3527,285208,6
895,3528,285260,5
-251,3529,285280,3
3639,3530,285366,9
1044,3531,285409,5
813,3532,285443,5
876,3533,285558,5
1044,3534,285588,5
3697,3535,285662,9
806,3536,285709,5
1286,3537,285732,5
3668,3538,285848,8
1617,3539,285916,6
1091,3540,285964,5
647,3541,285991,4
957,3542,286031,5
988,3543,286081,5
3643,3544,286162,8
1082,3545,286200,5
940,3546,286223,5
-295,3547,286268,4
647,3548,286325,5
512,3549,286383,5
1282,3550,286446,5
3374,3551,286530,8
2020,3552,286601,6
2908,3553,286700,7
1458,3554,286754,5
863,3555,286799,5
876,3556,286834,5
771,3557,286866,5
1602,3558,286945,6
968,3559,286982,5
819,3560,287031,5
846,3561,287077,5
3338,3562,287189,8
2283,3563,287254,6
625,3564,287347,5
409,3565,287407,4
1137,3566,287428,5
482,3567,287518,5
1104,3568,287592,6
682,3569,287611,5
1059,3570,287691,5
1503,3571,287746,6
423,3572,287762,4
1283,3573,287843,5
1186,3574,287947,5
1727,3575,288015,7
2015,3576,288060,6
3206,3577,288138,8
-266,3578,288160,3
2048,3579,288235,6
1124,3580,288274,5
226,3581,288331,4
770,3582,288370,5
2366,3583,288418,7
1828,3584,288493,6
4507,3585,288634,10
1056,3586,288669,5
2336,3587,288745,6
781,3588,288792,5
1949,3589,288856,6
1780,3590,288920,6
2186,3591,289002,7
1048,3592,289048,5
875,3593,289072,5
1924,3594,289119,6
1081,3595,289151,5
761,3596,289187,5
3070,3597,289306,7
992,3598,289336,5
1346,3599,289402,5
1392,3600,289448,6
1069,3601,289517,5
815,3602,289560,5
862,3603,289635,5
-1149,3604,289800,4
-1770,3605,289865,3
-584,3606,289915,4
890,3607,289985,6
825,3608,290043,5
1441,3609,290122,6
2731,3610,290214,8
1528,3611,290257,6
1089,3612,290285,5
3141,3613,290355,7
976,3614,290390,5
2491,3615,290480,7
-40,3616,290511,4
442,3617,290537,4
2500,3618,290616,7
1025,3619,290690,5
1279,3620,290758,5
614,3621,290842,6
959,3622,290887,5
319,3623,290966,5
8043,3624,291126,15
785,3625,291149,5
651,3626,291190,5
771,3627,291227,5
2164,3628,291292,6
698,3629,291362,5
2186,3630,291407,7
332,3631,291429,4
1632,3632,291480,6
688,3633,291494,5
2533,3634,291560,7
1819,3635,291600,7
1196,3636,291636,5
2669,3637,291704,7
1048,3638,291747,5
2932,3639,291873,8
1182,3640,291972,5
1076,3641,291998,5
1664,3642,292052,6
902,3643,292079,5
1316,3644,292126,6
1611,3645,292190,6
1982,3646,292309,6
290,3647,292339,4
1899,3648,292396,6
1037,3649,292418,5
1057,3650,292455,5
1152,3651,292505,5
1119,3652,292541,5
1094,3653,292591,5
1329,3654,292627,5
1107,3655,292655,5
977,3656,292717,5
1295,3657,292771,6
696,3658,292830,5
172,3659,292884,4
-455,3660,292900,3
584,3661,292961,4
905,3662,293010,5
-1113,3663,293046,3
852,3664,293065,5
355,3665,293106,4
974,3666,293156,5
1965,3667,293205,6
1465,3668,293250,5
4215,3669,293373,11
2868,3670,293553,8
974,3671,293586,5
949,3672,293618,5
973,3673,293735,6
1269,3674,293826,5
804,3675,293857,5
466,3676,293891,4
719,3677,293960,5
699,3678,294017,5
90,3679,294039,4
-968,3680,294077,4
-542,3681,294195,5
1944,3682,294295,6
1223,3683,294360,5
912,3684,294378,5
1092,3685,294420,5
2464,3686,294523,8
909,3687,294552,4
1545,3688,294598,6
1519,3689,294662,6
946,3690,294708,5
3029,3691,294796,9
1415,3692,294854,6
499,3693,294882,4
1852,3694,294975,7
841,3695,295023,5
759,3696,295087,5
-74,3697,295128,4
849,3698,295193,5
1517,3699,295235,6
2478,3700,295326,6
772,3701,295385,5
494,3702,295406,4
1050,3703,295468,5
1715,3704,295528,6
1154,3705,295558,5
920,3706,295597,5
869,3707,295629,5
1951,3708,295679,6
1673,3709,295720,6
945,3710,295752,5
1071,3711,295788,5
956,3712,295843,5
1414,3713,295908,5
1933,3714,295962,6
944,3715,296004,5
1627,3716,296061,6
3419,3717,296229,9
1161,3718,296276,5
814,3719,296303,5
3768,3720,296400,9
-984,3721,296477,4
1872,3722,296608,7
1842,3723,296670,6
904,3724,296733,5
1031,3725,296765,5
1050,3726,296817,5
2327,3727,296914,6
1197,3728,296997,6
1339,3729,297046,5
1564,3730,297117,5
3915,3731,297240,9
798,3732,297269,5
1957,3733,297352,6
549,3734,297372,4
2782,3735,297438,7
5080,3736,297570,10
3124,3737,297665,7
1508,3738,297716,5
1215,3739,297788,5
2135,3740,297848,7
1147,3741,297880,5
1799,3742,297973,6
2229,3743,298105,7
1019,3744,298170,5
2320,3745,298242,7
835,3746,298266,5
921,3747,298298,5
-179,3748,298315,4
-700,3749,298361,3
-146,3750,298483,5
1201,3751,298551,5
1141,3752,298583,5
900,3753,298622,5
2215,3754,298667,7
667,3755,298699,5
1347,3756,298768,6
-424,3757,298782,3
389,3758,298853,4
190,3759,298889,5
-1032,3760,298934,3
3072,3761,299045,8
1243,3762,299106,5
1214,3763,299145,5
905,3764,299202,5
1792,3765,299255,6
644,3766,299315,5
1957,3767,299389,6
920,3768,299414,5
1864,3769,299460,6
2768,3770,299558,7
2436,3771,299693,7
14,3772,299799,5
2012,3773,299930,7
-328,3774,300001,4
1424,3775,300073,6
1329,3776,300134,6
150,3777,300238,6
1596,3778,300279,6
865,3779,300319,5
1045,3780,300376,5
1018,3781,300414,5
2479,3782,300488,7
3067,3783,300586,8
415,3784,300650,5
313,3785,300677,4
1495,3786,300734,6
2384,3787,300801,6
878,3788,300844,5
2697,3789,300908,6
-636,3790,301062,5
128,3791,301115,4
1511,3792,301152,6
1187,3793,301188,5
889,3794,301248,5
641,3795,301301,5
1152,3796,301344,5
1113,3797,301376,5
2681,3798,301455,7
1589,3799,301499,6
1780,3800,301538,6
1354,3801,301615,7
2214,3802,301709,7
-458,3803,301727,3
1248,3804,301821,5
940,3805,301844,5
572,3806,301963,6
154,3807,302025,4
-243,3808,302036,3
851,3809,302089,5
-569,3810,302129,3
-519,3811,302205,4
2243,3812,302353,8
912,3813,302415,5
333,3814,302483,4
900,3815,302501,5
764,3816,302547,5
570,3817,302585,4
1605,3818,302651,6
-234,3819,302669,3
1413,3820,302730,5
1001,3821,302793,5
277,3822,302816,4
173,3823,302860,4
3044,3824,302918,8
1932,3825,302968,6
1424,3826,303020,6
1500,3827,303098,5
3217,3828,303177,8
3222,3829,303279,8
647,3830,303296,5
820,3831,303351,5
877,3832,303375,5
1303,3833,303431,5
1748,3834,303491,6
1568,3835,303556,5
954,3836,303590,5
1037,3837,303622,5
1161,3838,303650,5
892,3839,303689,5
1611,3840,303752,6
3348,3841,303841,8
3171,3842,303934,7
1566,3843,303975,6
845,3844,304051,5
1285,3845,304095,5
1011,3846,304120,5
125,3847,304189,4
927,3848,304297,5
1919,3849,304357,7
-57,3850,304409,4
-572,3851,304439,3
400,3852,304468,4
-1288,3853,304498,3
818,3854,304569,5
2318,3855,304684,7
877,3856,304702,5
889,3857,304743,5
3733,3858,304854,9
761,3859,304878,5
3418,3860,304978,9
996,3861,305022,5
529,3862,305050,4
695,3863,305079,5
878,3864,305138,5
-803,3865,305242,4
1062,3866,305273,5
927,3867,305337,5
775,3868,305400,5
1196,3869,305459,5
1793,3870,305512,6
1930,3871,305584,6
1105,3872,305635,5
2449,3873,305747,7
1430,3874,305797,5
443,3875,305817,4
2405,3876,305939,7
3825,3877,306050,9
766,3878,306089,5
974,3879,306107,5
1242,3880,306177,6
4275,3881,306264,10
6539,3882,306402,12
945,3883,306432,5
2725,3884,306593,8
-264,3885,306610,3
521,3886,306692,5
2063,3887,306767,6
3968,3888,306868,9
2691,3889,306973,7
1497,3890,307034,5
1503,3891,307099,5
1174,3892,307141,5
2686,3893,307229,7
1037,3894,307266,5
2931,3895,307365,8
2944,3896,307468,7
1869,3897,307594,7
1179,3898,307634,5
768,3899,307713,5
897,3900,307801,5
1148,3901,307873,5
1178,3902,307923,5
1708,3903,307982,6
1344,3904,308011,5
785,3905,308040,5
1888,3906,308085,7
1854,3907,308113,6
1017,3908,308145,5
821,3909,308247,5
1042,3910,308276,5
-597,3911,308311,3
3127,3912,308428,7
1209,3913,308468,5
1283,3914,308545,6
1034,3915,308591,5
1102,3916,308634,5
-93,3917,308779,5
-1007,3918,308940,5
-814,3919,308973,3
-57,3920,309005,4
-103,3921,309078,4
-987,3922,309101,3
2263,3923,309183,7
2652,3924,309243,8
1834,3925,309301,6
1054,3926,309375,5
1620,3927,309434,6
2320,3928,309490,6
546,3929,309523,4
630,3930,309560,4
2242,3931,309663,7
808,3932,309686,5
1256,3933,309736,5
199,3934,309799,5
-499,3935,309814,3
-958,3936,309856,3
-93,3937,309907,4
-575,3938,309923,3
592,3939,310021,5
1423,3940,310065,5
1259,3941,310098,5
1517,3942,310198,6
566,3943,310291,6
-113,3944,310455,5
1178,3945,310485,5
3189,3946,310588,9
-772,3947,310606,3
-689,3948,310617,3
97,3949,310642,4
-475,3950,310669,3
-1051,3951,310757,3
747,3952,310865,5
474,3953,311003,5
1228,3954,311034,5
1539,3955,311075,6
1917,3956,311125,6
784,3957,311143,5
1576,3958,311186,6
675,3959,311246,5
2538,3960,311322,7
359,3961,311527,5
1098,3962,311570,5
870,3963,311585,5
1203,3964,311654,5
49,3965,311697,4
690,3966,311773,5
-846,3967,311858,3
749,3968,311901,5
773,3969,311940,4
982,3970,311979,5
1908,3971,312034,7
813,3972,312061,4
568,3973,312099,5
843,3974,312127,5
-463,3975,312261,5
1240,3976,312318,5
1690,3977,312350,6
1352,3978,312374,6
3127,3979,312453,7
1028,3980,312483,5
2930,3981,312554,8
2069,3982,312635,7
528,3983,312687,5
2407,3984,312748,7
2103,3985,312820,6
2756,3986,312895,7
958,3987,312928,5
2558,3988,313040,7
714,3989,313054,5
1241,3990,313151,5
1083,3991,313191,5
414,3992,313276,5
918,3993,313327,5
69,3994,313344,4
378,3995,313359,4
-5,3996,313374,4
629,3997,313487,5
1141,3998,313528,5
1152,3999,313563,5
910,4000,313601,5
844,4001,313632,5
1708,4002,313702,6
942,4003,313760,5
4116,4004,313882,9
1443,4005,313919,6
1027,4006,313964,5
1019,4007,314048,5
1092,4008,314130,5
-459,4009,314274,4
-276,4010,314291,3
43,4011,314326,4
972,4012,314361,5
992,4013,314391,5
202,4014,314437,4
1072,4015,314463,5
1582,4016,314502,5
3975,4017,314623,10
1925,4018,314664,7
2858,4019,314805,8
904,4020,314893,5
897,4021,314953,5
-1515,4022,315105,4
773,4023,315257,6
-295,4024,315288,3
855,4025,315364,5
936,4026,315427,5
1330,4027,315461,5
1494,4028,315517,6
851,4029,315541,5
2288,4030,315576,7
1659,4031,315628,5
1077,4032,315668,5
2229,4033,315791,8
-544,4034,315805,3
1347,4035,315972,7
906,4036,316008,5
1608,4037,316065,5
2223,4038,316097,7
983,4039,316117,5
1611,4040,316174,6
820,4041,316188,5
1255,4042,316212,5
819,4043,316240,5
962,4044,316303,5
1172,4045,316328,5
924,4046,316439,5
1088,4047,316534,5
2446,4048,316626,8
810,4049,316642,5
1182,4050,316694,6
372,4051,316784,5
2982,4052,316867,7
1035,4053,316895,5
1056,4054,316941,5
-405,4055,317084,5
1090,4056,317106,5
942,4057,317129,5
5687,4058,317268,10
1134,4059,317303,5
4450,4060,317420,10
974,4061,317444,5
2622,4062,317520,8
1209,4063,317569,5
1005,4064,317601,5
4101,4065,317796,11
856,4066,317841,5
65,4067,317922,4
1133,4068,317970,5
3712,4069,318046,9
1642,4070,318118,6
2550,4071,318187,7
1848,4072,318234,6
1151,4073,318265,5
1432,4074,318337,6
2756,4075,318451,7
947,4076,318484,5
1306,4077,318552,6
2621,4078,318628,7
365,4079,318837,6
1843,4080,318927,6
2057,4081,318963,6
729,4082,318976,5
1228,4083,319006,5
1889,4084,319062,6
1370,4085,319140,6
939,4086,319169,5
1113,4087,319221,5
1942,4088,319296,6
1057,4089,319381,5
1571,4090,319463,6
1097,4091,319523,5
3906,4092,319634,8
1566,4093,319672,6
2151,4094,319748,7
894,4095,319787,5
4030,4096,319909,9
1886,4097,319964,6
3974,4098,320071,8
994,4099,320098,5
-2790,4100,320267,4
-892,4101,320377,4
678,4102,320435,5
-288,4103,320445,3
-288,4104,320455,3
1787,4105,320667,7
2003,4106,320743,6
1730,4107,320774,6
1134,4108,320825,5
914,4109,320856,5
1068,4110,320890,5
741,4111,320915,5
1609,4112,320950,6
138,4113,321024,4
247,4114,321224,5
2980,4115,321343,8
897,4116,321408,5
954,4117,321475,5
1540,4118,321562,6
1111,4119,321594,5
877,4120,321605,5
2663,4121,321711,7
735,4122,321756,5
429,4123,321783,4
130,4124,321836,4
1062,4125,321894,5
1737,4126,321952,7
644,4127,322002,5
782,4128,322040,5
2627,4129,322139,7
837,4130,322160,5
2548,4131,322234,7
1025,4132,322302,5
2051,4133,322447,7
1921,4134,322545,7
762,4135,322578,5
961,4136,322639,5
1325,4137,322738,6
1083,4138,322789,5
1283,4139,322829,5
1331,4140,322861,5
1198,4141,322941,5
-486,4142,323003,4
1468,4143,323069,6
1031,4144,323269,6
51,4145,323408,5
2222,4146,323469,7
801,4147,323498,5
892,4148,323528,5
1541,4149,323602,6
1179,4150,323627,5
63,4151,323684,4
1389,4152,323841,6
-349,4153,323933,4
-890,4154,323971,3
-1006,4155,323985,3
-1050,4156,324038,3
-197,4157,324157,4
2476,4158,324287,6
88,4159,324310,4
939,4160,324377,5
2673,4161,324435,8
1193,4162,324480,5
1974,4163,324536,7
2426,4164,324581,7
1585,4165,324639,6
1205,4166,324679,5
-211,4167,324695,3
240,4168,324790,5
1061,4169,324831,5
1606,4170,324873,6
2353,4171,324939,7
921,4172,324983,5
2339,4173,325093,7
1151,4174,325125,5
2398,4175,325182,6
1285,4176,325336,6
2127,4177,325495,7
819,4178,325511,5
401,4179,325536,4
2662,4180,325654,7
961,4181,325739,5
774,4182,325789,5
-1787,4183,325887,3
380,4184,325981,5
1190,4185,326031,5
2086,4186,326113,6
1292,4187,326158,5
1578,4188,326196,6
231,4189,326300,4
1313,4190,326444,6
-1426,4191,326489,3
-1596,4192,326555,3
-859,4193,326622,4
1594,4194,326662,6
1537,4195,326706,5
1159,4196,326751,5
1133,4197,326772,5
2926,4198,326851,7
1630,4199,326884,6
2900,4200,326952,8
1247,4201,326980,5
1403,4202,327200,6
-708,4203,327213,3
-152,4204,327434,5
2144,4205,327545,7
1070,4206,327567,5
8346,4207,327766,14
880,4208,327792,5
1153,4209,327832,5
-1511,4210,327900,3
-740,4211,327969,3
13,4212,328052,4
2349,4213,328109,6
765,4214,328190,5
4059,4215,328293,10
883,4216,328337,5
1243,4217,328386,5
3682,4218,328513,9
369,4219,328545,4
2768,4220,328673,8
2060,4221,328721,7
846,4222,328788,5
388,4223,328807,4
465,4224,328831,4
-194,4225,328845,3
3497,4226,328938,8
898,4227,328960,5
2887,4228,329147,8
1327,4229,329258,5
633,4230,329423,5
4165,4231,329570,9
2118,4232,329667,6
2568,4233,329739,7
1574,4234,329771,6
2038,4235,329855,6
-404,4236,329881,3
394,4237,329894,4
-503,4238,329961,4
437,4239,330067,5
982,4240,330089,5
851,4241,330141,5
3159,4242,330258,8
1968,4243,330307,7
1138,4244,330337,5
1152,4245,330375,5
852,4246,330403,5
1193,4247,330440,5
959,4248,330464,5
-753,4249,330621,4
-1280,4250,330703,3
338,4251,330744,5
1343,4252,330801,6
985,4253,330834,5
1123,4254,330862,5
2212,4255,330932,7
2774,4256,331011,7
1813,4257,331062,6
1103,4258,331087,5
2258,4259,331155,7
240,4260,331230,5
-2045,4261,331338,3
1967,4262,331495,6
3054,4263,331561,8
924,4264,331600,5
687,4265,331622,5
1008,4266,331672,5
2665,4267,331732,7
1255,4268,331760,5
1492,4269,331787,6
722,4270,331801,5
1098,4271,331839,5
1958,4272,331902,6
1325,4273,331930,6
614,4274,331991,5
-2042,4275,332077,3
1872,4276,332125,6
910,4277,332167,5
2507,4278,332211,7
824,4279,332234,5
932,4280,332257,5
791,4281,332277,5
2400,4282,332356,7
1610,4283,332440,6
861,4284,332481,5
1459,4285,332521,6
476,4286,332608,5
-1677,4287,332691,3
-537,4288,332818,4
3783,4289,332923,8
1685,4290,332992,5
848,4291,333022,5
735,4292,333195,6
-829,4293,333238,3
-925,4294,333301,3
721,4295,333571,7
958,4296,333645,5
1103,4297,333702,5
1378,4298,333764,5
1083,4299,333858,7
-532,4300,333872,3
-450,4301,333905,3
-1162,4302,333968,4
-36,4303,334170,6
3800,4304,334290,9
1681,4305,334416,6
1377,4306,334497,5
-475,4307,334552,4
679,4308,334579,5
-987,4309,334716,4
1451,4310,334821,6
2192,4311,334886,6
2204,4312,334933,7
1383,4313,334987,5
866,4314,335022,5
376,4315,335069,4
2866,4316,335147,7
2499,4317,335213,8
-1649,4318,335302,4
-1836,4319,335419,4
527,4320,335454,4
1552,4321,335650,7
2960,4322,335754,8
2292,4323,335830,7
998,4324,335848,5
3218,4325,335917,8
448,4326,336020,5
-1537,4327,336095,3
-1230,4328,336197,3
3117,4329,336396,9
2202,4330,336483,6
1332,4331,336529,6
1022,4332,336593,5
2558,4333,336720,8
1531,4334,336801,6
695,4335,336820,4
849,4336,336984,6
1142,4337,337032,6
2126,4338,337083,7
2445,4339,337149,7
1088,4340,337213,5
1655,4341,337308,5
4744,4342,337551,11
2131,4343,337622,6
588,4344,337701,5
2533,4345,337791,7
1927,4346,337860,6
212,4347,337898,4
-774,4348,337915,3
795,4349,337947,5
902,4350,337994,5
980,4351,338020,5
2217,4352,338067,7
2149,4353,338163,7
715,4354,338214,4
1116,4355,338257,5
383,4356,338312,4
-655,4357,338360,3
-555,4358,338400,3
-1012,4359,338618,5
1459,4360,338659,5
2815,4361,338734,8
1162,4362,338767,5
1375,4363,338831,5
1432,4364,338876,5
862,4365,338898,5
2065,4366,338940,7
884,4367,338978,5
701,4368,339048,5
3372,4369,339174,9
1697,4370,339251,6
-1363,4371,339467,4
-708,4372,339549,3
795,4373,339650,5
744,4374,339720,5
1208,4375,339856,6
1249,4376,340031,7
1032,4377,340066,5
428,4378,340120,5
2436,4379,340209,7
445,4380,340325,5
2442,4381,340407,7
712,4382,340505,5
1613,4383,340634,7
1447,4384,340679,5
1541,4385,340724,6
1519,4386,340777,6
1094,4387,340800,5
-1192,4388,340889,3
1547,4389,341023,6
1695,4390,341114,6
-99,4391,341211,5
1015,4392,341324,5
-647,4393,341407,3
-1165,4394,341599,4
1303,4395,341640,5
2915,4396,341717,7
2237,4397,341842,8
490,4398,341885,4
787,4399,341967,5
2224,4400,342044,7
1771,4401,342078,6
3676,4402,342247,9
2042,4403,342331,6
1088,4404,342386,5
229,4405,342415,4
-740,4406,342425,3
-129,4407,342549,5
-590,4408,342590,3
5887,4409,342857,12
-99,4410,343004,6
573,4411,343118,5
-791,4412,343198,3
1149,4413,343343,5
3151,4414,343424,8
822,4415,343443,5
1190,4416,343466,5
5386,4417,343580,9
854,4418,343740,7
-1669,4419,343872,3
-1546,4420,343928,3
743,4421,344017,5
2738,4422,344110,7
1203,4423,344131,5
1987,4424,344194,7
2432,4425,344252,7
871,4426,344320,5
1723,4427,344377,7
1359,4428,344563,6
1030,4429,344658,5
1188,4430,344721,5
1627,4431,344761,6
935,4432,344788,5
1568,4433,344843,5
5800,4434,345001,11
1250,4435,345019,6
968,4436,345045,5
-1756,4437,345361,5
956,4438,345376,5
2807,4439,345461,7
3204,4440,345562,8
1643,4441,345603,5
2915,4442,345687,7
766,4443,345744,5
-344,4444,345762,3
203,4445,345794,4
-764,4446,345811,3
-502,4447,345836,3
-222,4448,346050,6
2418,4449,346119,7
794,4450,346212,5
2113,4451,346297,6
838,4452,346339,4
-288,4453,346349,3
-695,4454,346393,3
-856,4455,346478,3
-982,4456,346602,4
1722,4457,346650,6
1499,4458,346671,6
1718,4459,346814,7
885,4460,346834,5
2745,4461,346884,7
1466,4462,346939,5
1321,4463,346980,5
691,4464,347032,5
329,4465,347260,5
-351,4466,347271,3
536,4467,347342,5
1121,4468,347384,5
7030,4469,347552,12
1194,4470,347584,5
2513,4471,347642,7
2122,4472,347709,6
2086,4473,347816,7
-325,4474,347908,4
-1124,4475,348019,4
2950,4476,348128,8
2060,4477,348179,6
833,4478,348196,5
1434,4479,348231,6
2743,4480,348335,8
2157,4481,348458,7
-721,4482,348525,3
3075,4483,348655,9
1790,4484,348704,5
1711,4485,348744,6
1172,4486,348787,5
1658,4487,348850,5
1029,4488,348903,5
971,4489,348936,5
1256,4490,349022,6
-1144,4491,349268,5
787,4492,349300,5
918,4493,349330,5
2992,4494,349383,8
2296,4495,349423,7
1893,4496,349459,6
3616,4497,349535,9
1334,4498,349585,5
935,4499,349639,5
1084,4500,349666,5
1829,4501,349730,6
-1049,4502,349861,4
-405,4503,349884,3
844,4504,349954,5
1399,4505,349987,5
4317,4506,350130,9
1640,4507,350215,6
2135,4508,350304,7
-941,4509,350368,3
-1475,4510,350450,3
-1364,4511,350488,3
-693,4512,350524,3
160,4513,350642,4
1545,4514,350686,6
3760,4515,350778,8
1062,4516,350821,5
133,4517,350853,4
1470,4518,350920,5
-1414,4519,351073,4
1549,4520,351153,6
1123,4521,351234,5
944,4522,351293,5
741,4523,351333,5
867,4524,351403,5
1092,4525,351461,5
-1789,4526,351628,3
-243,4527,351639,3
-848,4528,351777,5
1145,4529,351822,5
2116,4530,351890,6
1634,4531,351977,6
575,4532,352030,4
981,4533,352107,5
946,4534,352154,5
1843,4535,352279,7
-585,4536,352303,3
-79,4537,352366,4
2270,4538,352542,7
2249,4539,352593,7
1730,4540,352757,6
-357,4541,352838,4
-582,4542,352920,4
-300,4543,352934,3
6407,4544,353136,13
3293,4545,353225,7
2562,4546,353293,7
540,4547,353384,5
-301,4548,353396,3
-676,4549,353418,3
-26,4550,353479,4
-694,4551,353536,4
1241,4552,353644,6
2097,4553,353685,6
838,4554,353704,5
773,4555,353717,5
3630,4556,353789,8
2083,4557,353867,7
64,4558,353934,5
-36,4559,353968,4
646,4560,354054,5
2074,4561,354237,8
552,4562,354275,4
1186,4563,354342,5
-268,4564,354396,4
-603,4565,354439,3
921,4566,354591,6
292,4567,354658,5
-62,4568,354773,5
675,4569,354842,5
689,4570,355074,5
2778,4571,355357,9
1523,4572,355440,5
3901,4573,355610,9
1338,4574,355680,6
1024,4575,355831,6
326,4576,355872,4
1077,4577,355920,5
398,4578,355965,4
1120,4579,356036,5
1666,4580,356180,6
-720,4581,356249,3
-454,4582,356455,5
4090,4583,356573,9
1996,4584,356619,6
637,4585,356644,5
-286,4586,356781,6
464,4587,356827,5
1227,4588,356875,5
2871,4589,356926,8
584,4590,356983,4
3196,4591,357158,8
1496,4592,357213,5
5834,4593,357386,11
2255,4594,357555,7
1087,4595,357771,6
-243,4596,357782,3
2204,4597,357934,7
4072,4598,358028,9
2921,4599,358147,7
1312,4600,358194,6
1249,4601,358279,6
-93,4602,358297,4
-307,4603,358338,4
1344,4604,358373,6
2942,4605,358561,8
4795,4606,358685,9
875,4607,358705,5
-120,4608,358807,4
768,4609,358942,5
455,4610,359063,5
2599,4611,359196,7
-390,4612,359440,6
693,4613,359460,5
-869,4614,359556,3
633,4615,359674,5
1214,4616,359738,5
-1116,4617,359892,4
-775,4618,359956,3
2156,4619,360018,7
3312,4620,360127,8
2202,4621,360180,6
697,4622,360205,5
582,4623,360240,5
1909,4624,360281,6
1042,4625,360312,5
3081,4626,360395,8
1293,4627,360423,5
952,4628,360442,5
-98,4629,360511,4
-799,4630,360591,3
-410,4631,360605,3
-633,4632,360617,3
1426,4633,360655,6
907,4634,360706,5
2288,4635,360754,6
1292,4636,360805,5
4066,4637,360904,10
2398,4638,360951,7
853,4639,360975,5
908,4640,361021,5
804,4641,361059,5
-476,4642,361076,3
-614,4643,361269,5
3732,4644,361464,8
1275,4645,361578,6
1769,4646,361662,7
193,4647,361690,4
1234,4648,361749,5
-429,4649,361809,4
1523,4650,361931,6
980,4651,362070,6
1168,4652,362126,5
-1708,4653,362228,3
575,4654,362271,4
812,4655,362290,5
1135,4656,362331,5
1071,4657,362360,5
748,4658,362394,5
1680,4659,362508,7
3618,4660,362615,9
2825,4661,362694,7
1068,4662,362840,6
955,4663,362918,5
-664,4664,362951,3
313,4665,363063,5
1457,4666,363116,5
2347,4667,363157,7
2788,4668,363291,9
209,4669,363307,4
983,4670,363417,6
484,4671,363488,5
790,4672,363513,5
1041,4673,363666,5
848,4674,363743,5
-485,4675,363762,3
1242,4676,363870,6
-1479,4677,363975,4
724,4678,364062,5
1368,4679,364112,5
802,4680,364161,5
1237,4681,364240,5
-918,4682,364313,3
141,4683,364341,4
2227,4684,364462,7
203,4685,364544,5
1553,4686,364584,5
2598,4687,364666,8
1026,4688,364698,5
987,4689,364730,5
3717,4690,364793,9
2764,4691,364890,7
-3046,4692,365075,3
4587,4693,365338,11
1015,4694,365378,5
854,4695,365482,5
-306,4696,365496,3
-372,4697,365509,3
859,4698,365566,5
-1176,4699,365652,3
-362,4700,365736,4
2620,4701,365811,7
4100,4702,365944,10
1263,4703,366009,5
-646,4704,366086,3
-484,4705,366104,3
894,4706,366337,7
1867,4707,366431,7
1132,4708,366553,6
1625,4709,366581,6
1054,4710,366615,5
2134,4711,366678,7
4383,4712,366796,10
212,4713,366860,5
-189,4714,366929,4
358,4715,367030,5
864,4716,367101,5
1546,4717,367300,6
453,4718,367331,4
1720,4719,367380,6
-133,4720,367457,4
-990,4721,367576,4
-361,4722,367591,3
1967,4723,367724,6
994,4724,367758,5
3042,4725,367860,7
963,4726,367888,5
1896,4727,367923,6
1278,4728,367971,5
773,4729,368064,6
2958,4730,368152,8
808,4731,368182,4
387,4732,368217,4
1922,4733,368269,7
1138,4734,368296,5
1736,4735,368434,6
3157,4736,368594,8
-1914,4737,368724,3
192,4738,368814,5
1246,4739,368993,6
883,4740,369151,5
-726,4741,369185,3
-922,4742,369222,3
-962,4743,369307,3
-13,4744,369395,4
-666,4745,369416,3
980,4746,369693,7
682,4747,369724,5
879,4748,369788,5
825,4749,369849,5
793,4750,369893,4
1116,4751,369922,5
3537,4752,370071,8
796,4753,370273,6
1054,4754,370323,5
2205,4755,370392,7
1394,4756,370476,5
540,4757,370621,5
1244,4758,370748,6
1709,4759,370807,6
1293,4760,370889,6
202,4761,371011,5
1482,4762,371045,6
1203,4763,371082,5
3342,4764,371157,8
2657,4765,371278,6
1012,4766,371300,5
1252,4767,371334,5
-762,4768,371379,3
-285,4769,371485,5
874,4770,371519,5
1757,4771,371577,6
-1054,4772,371670,3
1344,4773,371725,5
2533,4774,371788,7
2227,4775,371905,6
-467,4776,371940,3
517,4777,372029,5
-1496,4778,372171,3
2106,4779,372281,6
3038,4780,372414,8
75,4781,372587,5
532,4782,372702,5
783,4783,372770,5
-535,4784,372879,4
1426,4785,372958,6
3372,4786,373043,8
546,4787,373189,5
1059,4788,373225,5
1898,4789,373297,5
269,4790,373322,4
1148,4791,373361,5
3991,4792,373460,9
1002,4793,373558,5
445,4794,373590,4
-360,4795,373667,4
-795,4796,373788,4
-349,4797,373799,3
2960,4798,373955,8
337,4799,374142,5
188,4800,374199,4
1048,4801,374229,5
2576,4802,374309,7
461,4803,374340,4
2604,4804,374430,7
1327,4805,374547,6
2840,4806,374728,9
3568,4807,374939,9
-123,4808,375082,5
707,4809,375203,5
-153,4810,375331,4
1120,4811,375376,5
2220,4812,375688,9
-77,4813,375723,4
3401,4814,375832,8
1023,4815,375888,5
1065,4816,375912,5
773,4817,375954,5
1211,4818,376014,5
-991,4819,376194,4
2551,4820,376358,9
1563,4821,376531,6
-841,4822,376598,3
-791,4823,376621,3
777,4824,376722,5
800,4825,376965,6
-689,4826,377017,3
-484,4827,377034,3
382,4828,377121,5
-243,4829,377208,4
2071,4830,377333,6
949,4831,377449,5
-1488,4832,377579,3
-1458,4833,377645,3
971,4834,377821,6
1334,4835,377851,5
540,4836,377886,4
1151,4837,377927,5
746,4838,378026,5
-493,4839,378165,4
3353,4840,378319,9
3302,4841,378467,8
3262,4842,378778,10
-144,4843,378845,4
730,4844,378895,5
730,4845,378970,5
1725,4846,379021,6
3039,4847,379086,8
138,4848,379115,4
1617,4849,379155,6
2783,4850,379262,8
367,4851,379431,5
459,4852,379600,6
-1140,4853,379650,3
1679,4854,380022,8
1045,4855,380073,5
2029,4856,380173,7
-981,4857,380326,4
17,4858,380411,4
547,4859,380508,5
1979,4860,380643,7
3841,4861,380717,10
826,4862,380889,5
996,4863,380931,5
2702,4864,381076,8
3040,4865,381169,8
335,4866,381298,5
770,4867,381344,4
-385,4868,381496,5
1081,4869,381552,5
567,4870,381693,5
326,4871,381801,5
502,4872,381827,4
-1006,4873,381889,3
386,4874,381930,4
3633,4875,382049,8
1472,4876,382076,6
-486,4877,382242,5
-548,4878,382294,4
588,4879,382357,5
1667,4880,382384,6
739,4881,382476,5
943,4882,382522,5
-88,4883,382652,6
-804,4884,382694,3
-962,4885,382715,3
-1010,4886,382765,3
814,4887,382871,5
1750,4888,382907,6
2019,4889,382945,7
1426,4890,382991,5
771,4891,383004,5
1174,4892,383031,5
-1583,4893,383130,3
-570,4894,383200,4
5098,4895,383396,12
888,4896,383490,5
1021,4897,383511,5
-244,4898,383564,4
-711,4899,383740,5
1994,4900,383780,7
2029,4901,383852,6
1011,4902,383868,5
3040,4903,383943,9
4290,4904,384043,8
1498,4905,384078,6
206,4906,384169,5
-665,4907,384212,3
2328,4908,384344,8
3902,4909,384438,9
1372,4910,384529,6
364,4911,384563,4
-259,4912,384591,3
-1528,4913,384652,3
-1647,4914,384723,3
-845,4915,384767,3
3659,4916,384862,8
1020,4917,384935,5
1411,4918,385042,6
353,4919,385143,5
3263,4920,385325,9
537,4921,385520,6
-452,4922,385753,5
2681,4923,385874,7
-693,4924,386135,5
4116,4925,386241,9
1069,4926,386279,5
-624,4927,386328,4
695,4928,386400,5
1998,4929,386443,6
2899,4930,386519,7
2472,4931,386614,7
1491,4932,386740,7
-626,4933,386806,4
1116,4934,386960,6
1116,4935,387063,6
1110,4936,387105,5
3972,4937,387177,9
1127,4938,387270,6
2065,4939,387344,7
-780,4940,387474,4
-1301,4941,387554,3
1172,4942,387717,5
1897,4943,387761,6
-2010,4944,387995,4
302,4945,388070,5
1313,4946,388162,6
1504,4947,388209,5
-1067,4948,388309,3
-573,4949,388337,3
122,4950,388428,5
2219,4951,388597,7
1183,4952,388708,5
1815,4953,388812,7
1218,4954,388893,5
-1766,4955,389116,4
1774,4956,389246,6
2076,4957,389332,7
-1818,4958,389428,3
78,4959,389471,4
3785,4960,389675,9
4496,4961,389808,9
3129,4962,389891,8
-400,4963,389965,4
-1365,4964,390274,5
1206,4965,390360,6
-1242,4966,390417,3
-664,4967,390455,3
2859,4968,390568,7
2292,4969,390625,7
1223,4970,390658,5
1029,4971,390811,7
-664,4972,391023,5
2063,4973,391121,7
3297,4974,391181,8
1129,4975,391220,5
1811,4976,391323,7
598,4977,391377,5
1596,4978,391424,6
-256,4979,391575,5
1088,4980,391602,5
1940,4981,391653,6
-376,4982,391771,6
-678,4983,392058,5
1235,4984,392118,5
1025,4985,392198,5
1027,4986,392265,5
-1251,4987,392316,3
596,4988,392350,4
148,4989,392592,5
-1107,4990,392728,4
1536,4991,392880,6
3308,4992,392985,9
1706,4993,393044,6
3341,4994,393140,7
-687,4995,393215,3
1510,4996,393283,6
2183,4997,393486,8
989,4998,393523,5
1270,4999,393550,5
-639,5000,393613,3
449,5001,393682,5
-295,5002,393807,5
939,5003,393886,5
409,5004,394021,5
-742,5005,394086,3
-1831,5006,394160,3
-531,5007,394207,3
3848,5008,394351,8
991,5009,394383,5
1071,5010,394403,5
1582,5011,394521,6
-1279,5012,394569,3
3457,5013,394717,8
849,5014,394757,5
1718,5015,394807,5
1254,5016,394842,5
99,5017,394941,5
5008,5018,395143,11
962,5019,395328,5
2379,5020,395415,7
1463,5021,395528,6
13,5022,395628,5
-882,5023,395642,3
-946,5024,395660,3
1133,5025,395779,5
724,5026,395926,5
-1659,5027,396068,4
251,5028,396180,4
848,5029,396238,5
926,5030,396321,6
467,5031,396380,5
773,5032,396460,5
534,5033,396538,5
1392,5034,396596,6
1942,5035,396716,7
-90,5036,396807,5
-562,5037,396821,3
-556,5038,396912,5
629,5039,396952,5
1806,5040,397012,6
1024,5041,397037,5
2310,5042,397293,8
1092,5043,397372,5
-28,5044,397476,5
84,5045,397734,5
1579,5046,397976,7
-268,5047,397993,3
2872,5048,398067,8
1043,5049,398091,5
266,5050,398110,4
1303,5051,398254,6
1618,5052,398642,9
2494,5053,398881,8
400,5054,398900,4
1640,5055,398972,5
78,5056,399119,5
2724,5057,399259,7
715,5058,399311,5
2471,5059,399353,7
1497,5060,399390,6
2793,5061,399487,7
796,5062,399528,5
-55,5063,399661,5
1803,5064,399817,6
-774,5065,399870,3
-1853,5066,399962,3
1141,5067,400052,6
621,5068,400129,4
472,5069,400296,5
1352,5070,400469,6
1392,5071,400692,6
1468,5072,400828,6
5821,5073,400973,12
-1916,5074,401187,3
224,5075,401237,4
1895,5076,401303,6
1173,5077,401339,5
2289,5078,401396,6
-573,5079,401444,4
1386,5080,401611,7
474,5081,401637,4
2059,5082,401755,7
2113,5083,401808,6
1179,5084,401841,5
3185,5085,402058,8
645,5086,402090,5
4402,5087,402218,9
1996,5088,402282,6
1144,5089,402333,5
3511,5090,402706,10
940,5091,402786,5
1120,5092,402816,5
802,5093,402850,5
1375,5094,402912,5
4322,5095,403089,11
2269,5096,403216,7
1139,5097,403244,5
3085,5098,403302,8
682,5099,403327,5
2685,5100,403428,7
720,5101,403490,5
910,5102,403592,5
931,5103,403742,6
518,5104,403800,5
16,5105,403926,4
2886,5106,404039,8
173,5107,404143,5
1000,5108,404249,5
1752,5109,404280,6
2145,5110,404437,7
2120,5111,404485,6
2097,5112,404516,6
3780,5113,404684,10
-100,5114,404834,5
1221,5115,404858,5
1784,5116,404901,6
965,5117,404953,5
1146,5118,405036,6
6923,5119,405229,12
1334,5120,405376,6
46,5121,405399,4
2338,5122,405488,7
-320,5123,405698,5
3185,5124,405783,8
50,5125,405886,5
-1169,5126,405986,4
-1700,5127,406116,3
2368,5128,406307,8
2189,5129,406408,6
972,5130,406486,5
1455,5131,406559,6
-494,5132,406585,3
-316,5133,406618,3
-1084,5134,406773,4
562,5135,406876,5
2095,5136,406930,7
3919,5137,407047,8
1320,5138,407101,6
-1319,5139,407289,4
-288,5140,407299,3
-995,5141,407331,3
-1275,5142,407359,3
950,5143,407542,5
2640,5144,407632,7
272,5145,407786,5
-940,5146,407823,3
-610,5147,407836,3
293,5148,407968,5
4719,5149,408076,10
2331,5150,408136,6
2731,5151,408182,7
1231,5152,408206,5
3905,5153,408349,10
-1060,5154,408469,4
-538,5155,408487,3
440,5156,408549,4
4999,5157,408718,10
828,5158,408728,5
1175,5159,408773,5
-694,5160,408855,3
5,5161,408927,5
6134,5162,409225,12
2220,5163,409276,6
1273,5164,409371,5
-291,5165,409415,3
1848,5166,409683,9
3565,5167,409797,8
3583,5168,409862,8
3276,5169,409969,8
-418,5170,409991,3
-933,5171,410089,4
439,5172,410302,6
4413,5173,410478,9
-222,5174,410513,4
671,5175,410978,9
3185,5176,411207,9
3449,5177,411332,8
2247,5178,411386,6
1329,5179,411442,6
1139,5180,411582,6
880,5181,411600,5
845,5182,411629,5
1140,5183,411648,5
2615,5184,411734,7
845,5185,411767,5
1890,5186,411858,7
1625,5187,411895,6
625,5188,411922,4
1028,5189,411948,5
1714,5190,412122,7
-1106,5191,412324,4
752,5192,412431,5
3312,5193,412552,7
3314,5194,412631,8
1015,5195,412656,5
1574,5196,412679,6
6117,5197,412986,14
1939,5198,413055,6
1660,5199,413205,6
1089,5200,413265,5
912,5201,413381,5
1223,5202,413705,7
845,5203,413781,5
673,5204,413838,5
1340,5205,413931,6
-1173,5206,414002,3
-392,5207,414076,4
3539,5208,414230,9
3790,5209,414389,9
829,5210,414486,5
2530,5211,414529,7
566,5212,414592,5
-1295,5213,414713,4
605,5214,414741,4
1591,5215,414840,6
3879,5216,414965,9
-70,5217,415210,6
-288,5218,415220,3
606,5219,415356,5
1711,5220,415417,6
886,5221,415439,5
2342,5222,415495,7
-697,5223,415738,5
1354,5224,415858,6
291,5225,415873,4
-451,5226,416138,5
-1151,5227,416173,3
3591,5228,416402,9
3284,5229,416457,8
561,5230,416490,4
181,5231,416625,6
2415,5232,416830,7
514,5233,417092,6
-1039,5234,417128,3
1407,5235,417210,6
802,5236,417300,5
724,5237,417423,5
1140,5238,417493,5
-308,5239,417578,4
554,5240,417609,4
1856,5241,417749,7
2830,5242,417886,8
121,5243,417917,4
2360,5244,418194,9
864,5245,418234,5
2813,5246,418383,8
1904,5247,418445,6
722,5248,418491,4
2745,5249,418727,8
2910,5250,418832,7
104,5251,418882,4
-707,5252,418978,4
-1238,5253,419142,4
3777,5254,419288,8
1393,5255,419368,5
-216,5256,419495,5
-1886,5257,419599,3
1937,5258,419813,8
887,5259,419854,5
3077,5260,419975,8
-1482,5261,420061,4
577,5262,420230,6
-1159,5263,420294,3
1402,5264,420413,6
1144,5265,420466,5
492,5266,420593,5
-473,5267,420753,4
1184,5268,421266,7
1347,5269,421339,6
1547,5270,421421,6
1288,5271,421492,6
1263,5272,421570,6
3376,5273,421712,7
148,5274,421804,5
-1081,5275,421988,4
1886,5276,422183,6
673,5277,422258,4
1368,5278,422455,6
3609,5279,422640,8
3031,5280,422772,8
737,5281,422986,7
2338,5282,423088,7
2628,5283,423194,7
2406,5284,423307,7
1608,5285,423418,7
4134,5286,423639,11
320,5287,423660,4
694,5288,423738,5
478,5289,423926,5
658,5290,424061,5
402,5291,424083,4
-3136,5292,424280,3
-1217,5293,424324,3
-106,5294,424827,5
477,5295,424848,4
1158,5296,425023,6
269,5297,425104,5
1015,5298,425186,5
-204,5299,425317,4
984,5300,425456,6
1388,5301,425683,7
2062,5302,425727,6
6467,5303,425966,13
2666,5304,426046,7
3679,5305,426230,10
618,5306,426324,5
960,5307,426355,5
-616,5308,426502,4
1512,5309,426560,6
3091,5310,426736,9
750,5311,426766,4
-290,5312,426884,5
1609,5313,427070,7
4423,5314,427189,9
2037,5315,427640,10
2767,5316,427710,7
163,5317,427949,7
-197,5318,427961,3
-1483,5319,428035,3
1104,5320,428206,7
1474,5321,428252,5
2722,5322,428335,7
-1248,5323,428437,3
-1281,5324,428492,3
-756,5325,428502,3
871,5326,428622,5
-1003,5327,428895,5
-573,5328,429112,5
-2098,5329,429418,3
-1368,5330,429439,3
-1265,5331,429735,5
1438,5332,430008,7
-1190,5333,430045,3
-243,5334,430056,3
-617,5335,430079,3
-97,5336,430166,4
1176,5337,430227,6
1229,5338,430360,5
-514,5339,430527,5
-1316,5340,431586,12
-5674,5341,432255,3
-1468,5342,432839,8
-2783,5343,433109,3
-1122,5344,433143,3
90,5345,433168,4
-1011,5346,433307,3
-781,5347,433358,3
-685,5348,433429,3
-2424,5349,433611,3
-730,5350,433899,6
476,5351,434046,5
-206,5352,434293,5
-63,5353,434460,5
-288,5354,434470,3
-2891,5355,434801,4
806,5356,435159,8
-1537,5357,435201,3
-3236,5358,435661,5
-914,5359,435865,5
-929,5360,436146,5
442,5361,436241,6
-892,5362,436278,3
-1265,5363,436321,3
-248,5364,436655,6
-288,5365,436665,3
-1419,5366,436786,4
-1064,5367,436929,4
1542,5368,437093,6
-1567,5369,437257,3
-2702,5370,437816,5
-1690,5371,437915,3
-1523,5372,438305,5
2565,5373,438613,9
-597,5374,438681,4
-288,5375,438691,3
-1919,5376,438957,5
-307,5377,439165,5
-1589,5378,439362,5
349,5379,439519,5
-1452,5380,439571,3
-390,5381,439752,5
-1588,5382,440320,7
-1045,5383,440614,5
-1406,5384,440881,4
-874,5385,440943,3
-3005,5386,441161,4
-934,5387,441592,7
-1108,5388,441937,5
-5230,5389,442946,7
-793,5390,443082,4
2475,5391,443375,8
106,5392,443517,5
-388,5393,443550,3
-3059,5394,443975,4
-163,5395,444122,4
-967,5396,444243,4
-1280,5397,444565,6
726,5398,444716,5
825,5399,444890,5
-41,5400,445314,7
-468,5401,445327,3
-1555,5402,445635,6
-610,5403,445656,3
-1387,5404,445900,4
-2197,5405,446205,4
193,5406,446294,4
707,5407,446587,7
-1773,5408,446948,5
2024,5409,447154,8
-3200,5410,447423,3
-697,5411,447738,6
1788,5412,447996,8
-1228,5413,448478,6
-3537,5414,448754,3
925,5415,448885,6
-2088,5416,449332,6
-750,5417,449446,4
2306,5418,449547,6
1146,5419,449634,5
-2588,5420,449842,3
118,5421,449872,4
457,5422,449997,5
-185,5423,450483,7
695,5424,450680,6
-634,5425,450771,4
-1753,5426,451010,4
-419,5427,451022,3
-1823,5428,451236,4
-85,5429,451454,5
-1403,5430,451775,5
-1958,5431,451961,3
-2091,5432,452200,3
1054,5433,452231,5
48,5434,452423,5
-1668,5435,452684,5
-2205,5436,453008,4
-3098,5437,453236,3
-2256,5438,453401,3
-1337,5439,453573,4
2937,5440,453855,10
-1755,5441,454182,6
-1940,5442,454532,4
-939,5443,454580,3
-487,5444,454735,4
-1616,5445,454876,3
-77,5446,455017,5
-573,5447,455136,4
-243,5448,455147,3
-813,5449,455210,3
-345,5450,455221,3
-1141,5451,455570,5
2271,5452,455659,7
-565,5453,455694,3
92,5454,455801,5
-2355,5455,456245,5
-4550,5456,456891,5
-1079,5457,457365,6
-544,5458,457411,3
-1305,5459,457547,3
47,5460,457703,5
-933,5461,457783,3
23,5462,458204,7
-1463,5463,458288,3
-2345,5464,458637,4
-137,5465,458834,5
-1363,5466,459167,6
-2346,5467,459871,7
-1124,5468,460108,5
-2448,5469,460502,3
-3166,5470,461033,5
-2844,5471,461797,6
-2329,5472,462018,3
-2078,5473,462383,5
-2075,5474,462945,7
-2775,5475,463269,3
-1194,5476,463758,6
-203,5477,464073,6
-1228,5478,464506,5
-4363,5479,465000,4
-745,5480,465377,5
-1913,5481,465567,4
-605,5482,465886,5
-836,5483,465940,3
1760,5484,466293,8
-470,5485,466339,3
-841,5486,466719,6
950,5487,466969,6
-1003,5488,467088,3
-1988,5489,467258,3
1033,5490,467418,5
-2025,5491,467579,3
-3525,5492,467998,3
-1229,5493,468078,3
-961,5494,468132,3
-1452,5495,468580,5
-243,5496,468591,3
-3282,5497,468872,3
-567,5498,469304,7
-243,5499,469315,3
-2540,5500,469843,6
-1804,5501,470230,5
834,5502,470470,6
-9946,5503,471744,5
-457,5504,472144,5
-1970,5505,472327,3
-1921,5506,472887,5
-3368,5507,473473,4
-715,5508,473540,3
-1416,5509,473649,3
-5337,5510,474386,5
-2212,5511,475049,6
-2723,5512,475402,6
-1095,5513,475774,7
-2842,5514,476218,5
798,5515,476640,8
-2397,5516,477075,5
-840,5517,477271,5
2413,5518,477461,9
1430,5519,477492,6
-1129,5520,478432,12
-5070,5521,478974,3
-7047,5522,479861,5
-70,5523,479961,5
-2466,5524,480365,5
-1333,5525,480899,7
-2044,5526,481252,4
-279,5527,481672,7
-1469,5528,482495,10
-5135,5529,483325,5
-977,5530,483412,4
-11659,5531,484958,5
-3624,5532,485658,8
2334,5533,485748,7
-1440,5534,486243,6
-864,5535,486551,5
-3227,5536,487110,5
-382,5537,487311,5
-2151,5538,487677,5
1134,5539,487858,6
-3358,5540,488254,5
-4528,5541,488931,3
-2240,5542,489190,4
-111,5543,489943,9
-10375,5544,491252,7
-13202,5545,493163,8
-18711,5546,495496,5
-25450,5547,498685,7
-59903,5548,505956,8
-15823,5549,508127,8
-59331,5550,515907,11
-41739,5551,521171,8
-23204,5552,524054,6
-7704,5553,525785,11
-7042,5554,527286,10
-25416,5555,530725,10
-29347,5556,534505,9
-2421,5557,534914,5
1438,5558,535038,5
-10033,5559,536951,10
826,5560,536997,5
-16396,5561,539816,10
-11263,5562,541089,5
-2538,5563,541595,5
-28810,5564,546427,10
-10449,5565,548030,9
-2755,5566,548768,6
-16527,5567,550984,6
-165,5568,551521,9
-5581,5569,552831,8
-48563,5570,558858,5
1527,5571,558909,5
-7982,5572,559884,5
-19270,5573,562967,10
183,5574,563076,5
-35580,5575,567898,8
-15410,5576,570654,9
-2267,5577,570977,5
-12087,5578,572629,6
-16121,5579,574739,5
-17052,5580,577060,5
-7841,5581,578126,5
-7170,5582,579226,5
-15189,5583,581327,7
-7692,5584,582680,6
-30910,5585,586947,12
-1872,5586,587286,5
-2952,5587,587924,7
-10583,5588,589431,6
-23548,5589,592881,9
-3341,5590,593290,5
-18835,5591,595791,7
-37054,5592,600582,10
-28609,5593,604447,6
-8421,5594,605502,6
-1141,5595,605915,6
-7373,5596,607727,12
-7113,5597,608843,5
-35534,5598,613614,10
-14683,5599,615319,6
-16281,5600,617634,8
868,5601,618399,11
-9383,5602,619728,5
-22412,5603,622431,5
-11574,5604,623962,5
-53892,5605,630615,6
-10403,5606,632416,7
-128,5607,632712,5
-12887,5608,634968,8
-12907,5609,636728,5
-13424,5610,638438,5
-42420,5611,644039,6
-20483,5612,646403,5
-6273,5613,647626,7
-7466,5614,648937,6
-21480,5615,652021,8
-8274,5616,653271,6
-1324,5617,653524,5
-2241,5618,653986,5
-3264,5619,654363,5
-6333,5620,655492,6
-11152,5621,657236,6
-8271,5622,658445,7
-13402,5623,660004,5
-32280,5624,664339,5
-19078,5625,667165,11
-15353,5626,669366,6
-23018,5627,672531,8
-10541,5628,673934,5
-8519,5629,675101,5
-10864,5630,676772,7
-13626,5631,678603,7
-3171,5632,679174,5
-32334,5633,683606,5
-3088,5634,684159,5
-21896,5635,687341,9
-11790,5636,689323,6
-6655,5637,690322,5
-17665,5638,693124,10
-9542,5639,694881,7
-4201,5640,695540,6
-6696,5641,696320,5
-22258,5642,700177,9
-873,5643,700642,6
-19102,5644,703061,5
-1791,5645,703333,5
-6740,5646,704416,6
-5164,5647,705558,10
-5136,5648,706855,8
-24797,5649,710735,11
-30462,5650,715318,8
-26133,5651,718812,9
-5489,5652,719765,6
-769,5653,720050,5
-4169,5654,720740,8
-34056,5655,725654,11
-26654,5656,729671,10
-19900,5657,732392,6
1363,5658,732478,5
628,5659,732873,6
-18004,5660,736270,10
-4995,5661,737133,6
-4156,5662,737933,7
-10987,5663,739923,10
-15076,5664,742549,9
-8578,5665,743738,5
-2407,5666,744112,5
-12880,5667,746130,5
-8196,5668,747367,7
-10284,5669,748647,5
-14862,5670,751068,8
-3120,5671,751936,7
-12042,5672,754247,9
-26810,5673,758745,13
-2973,5674,759138,5
-1668,5675,759528,5
-5033,5676,760809,10
-31732,5677,765264,8
-1636,5678,765700,6
-16094,5679,767818,6
-5297,5680,768665,6
-7977,5681,770516,12
-24009,5682,774694,9
-5441,5683,775428,7
-2401,5684,775868,5
-14579,5685,778431,10
-6203,5686,779745,10
946,5687,779797,5
-12034,5688,781548,9
-8978,5689,783244,7
-64906,5690,792535,12
-1240,5691,792862,5
-5789,5692,794208,8
-17334,5693,797786,15
-13553,5694,800473,11
-18739,5695,803307,9
-6500,5696,804725,6
-1596,5697,805097,5
-5499,5698,806123,6
-29536,5699,810738,11
-9654,5700,812815,11
-2739,5701,813504,6
-15816,5702,816031,7
-40732,5703,821340,6
-24928,5704,825049,9
-15991,5705,828008,10
-383,5706,828313,6
-8693,5707,830019,9
-2264,5708,830871,9
-5966,5709,831957,7
-8879,5710,833047,5
-3233,5711,833821,6
-21717,5712,837590,9
-13293,5713,839982,8
-8629,5714,841446,7
-20513,5715,845678,15
-14503,5716,848286,9
-5798,5717,849665,10
-12732,5718,851724,5
909,5719,852147,9
-13619,5720,854686,12
-2387,5721,855580,9
-11507,5722,857430,10
-1594,5723,858262,10
688,5724,858320,5
-12360,5725,861076,13
-312,5726,861910,10
-13240,5727,864330,11
-14908,5728,866894,9
-1403,5729,867091,5
-19615,5730,870521,11
-971,5731,871672,12
-6300,5732,873942,16
-18457,5733,877593,14
-13979,5734,880540,14
-5800,5735,882540,15
-58578,5736,892439,15
-7940,5737,893618,5
-67388,5738,903617,9
-4065,5739,905898,21
-9262,5740,907224,6
-15734,5741,909965,9
-34714,5742,915803,12
-15004,5743,919132,13
-4850,5744,920283,9
-41276,5745,926615,13
-14490,5746,929427,12
1034,5747,929451,5
1097,5748,929554,7
-16399,5749,932830,13
-35441,5750,937764,12
-16785,5751,940439,10
342,5752,941009,10
-21991,5753,945757,18
-25812,5754,950035,12
-2419,5755,950934,9
-10530,5756,953144,13
-27575,5757,957804,16
-11832,5758,960127,9
-10999,5759,962048,11
-13637,5760,964566,12
-2198,5761,965270,9
606,5762,965512,6
-14615,5763,968295,9
-10296,5764,970384,13
-23622,5765,975091,18
-7652,5766,976366,6
-12984,5767,979078,15
-31439,5768,984690,18
-16492,5769,987277,9
4334,5770,987798,13
-16773,5771,990292,10
-35159,5772,996122,12
-8901,5773,998181,14
1295,5774,999046,13
-13228,5775,1002293,19
-7868,5776,1003737,10
-23065,5777,1007581,10
-16115,5778,1010386,12
-6698,5779,1011798,9
-40062,5780,1017825,11
-10178,5781,1019760,9
-19549,5782,1023209,13
-10044,5783,1025048,9
1994,5784,1025761,13
-11269,5785,1027966,12
75,5786,1029201,14
-168,5787,1029658,9
-1306,5788,1030230,9
-38782,5789,1036123,9
-9116,5790,1039063,19
-11405,5791,1041237,9
-11556,5792,1043335,9
-7151,5793,1044758,11
-9211,5794,1046679,11
-33565,5795,1051159,10
-39275,5796,1058130,14
-7751,5797,1060014,9
-5385,5798,1061827,13
-22365,5799,1065752,15
-3101,5800,1066791,9
-8562,5801,1068886,13
-5522,5802,1070341,9
-2095,5803,1071573,15
-8255,5804,1073466,10
-9857,5805,1075606,12
-10378,5806,1077473,10
162,5807,1077847,9
-2698,5808,1078697,9
2228,5809,1079772,14
-16642,5810,1082973,14
-5022,5811,1084103,9
-20717,5812,1087831,12
-23299,5813,1091469,11
-26454,5814,1095084,9
-21463,5815,1098460,11
-15404,5816,1100680,5
-1917,5817,1101652,11
-4664,5818,1103252,13
-15912,5819,1106572,14
-42825,5820,1113559,10
-12103,5821,1115930,9
-4213,5822,1116981,9
-20760,5823,1121369,16
-10178,5824,1123222,10
-3468,5825,1124476,12
-12528,5826,1126639,10
-18418,5827,1130079,15
-132,5828,1131740,15
-26413,5829,1136779,15
-1543,5830,1138164,14
-12675,5831,1140767,11
-44143,5832,1146714,12
-16964,5833,1150612,16
623,5834,1151050,9
1728,5835,1151582,11
-6842,5836,1152875,9
-22179,5837,1156320,11
-8806,5838,1158503,13
-2353,5839,1159317,9
-4669,5840,1160501,9
-5373,5841,1161863,12
-10531,5842,1164209,13
-5587,5843,1165557,9
-11427,5844,1167431,9
-472,5845,1167777,5
-10276,5846,1169726,11
-2785,5847,1171256,13
-20321,5848,1175026,9
-15160,5849,1178072,14
-20050,5850,1181533,12
-8984,5851,1183648,14
-20809,5852,1187283,12
-2909,5853,1188421,10
-27203,5854,1192267,10
329,5855,1193477,15
-13701,5856,1196054,10
-36278,5857,1201815,17
-5443,5858,1203367,9
-3194,5859,1204814,14
-13960,5860,1208240,19
-8580,5861,1210126,9
-369,5862,1210909,11
-15233,5863,1213119,10
-7949,5864,1214599,9
-7086,5865,1216317,13
-14075,5866,1218713,11
-2306,5867,1219675,11
2652,5868,1220544,15
-2786,5869,1222041,13
1226,5870,1222541,10
-540,5871,1223834,17
-5298,5872,1225964,18
-7379,5873,1228585,19
-2909,5874,1229387,9
-136,5875,1230630,16
-2949,5876,1232205,13
-2772,5877,1232983,9
-2305,5878,1233642,8
-6605,5879,1235313,12
-487,5880,1235931,10
-1614,5881,1236767,10
-10336,5882,1239530,20
-2047,5883,1240547,9
-6625,5884,1242134,11
-7776,5885,1243730,11
-5378,5886,1245338,14
-1320,5887,1246033,10
-11183,5888,1248098,14
715,5889,1249113,14
-1653,5890,1250069,10
2070,5891,1250641,12
-12835,5892,1253130,11
-1207,5893,1253415,5
-10603,5894,1255507,13
-285,5895,1256107,8
-1943,5896,1257226,10
-18981,5897,1261490,21
651,5898,1262137,11
-2799,5899,1263456,15
-19481,5900,1267222,20
-4442,5901,1268191,9
-7916,5902,1269919,13
-11909,5903,1272895,19
-3266,5904,1274596,16
-770,5905,1275633,14
-12683,5906,1277551,9
-16099,5907,1280557,14
286,5908,1281109,9
1494,5909,1281751,11
149,5910,1282166,7
-2980,5911,1283416,14
-1720,5912,1284446,12
-6716,5913,1285787,10
-1380,5914,1287370,18
-6563,5915,1289090,11
-3291,5916,1290263,12
-386,5917,1291266,11
-15728,5918,1294944,21
-4883,5919,1296632,15
-1535,5920,1296929,5
-6355,5921,1297769,5
-18116,5922,1300523,10
-11520,5923,1302796,14
346,5924,1304775,23
-4563,5925,1306645,16
-4037,5926,1308634,20
-8048,5927,1310687,14
312,5928,1311671,13
-8266,5929,1313833,15
-7978,5930,1315417,11
-2294,5931,1317292,17
-21220,5932,1320217,9
-5578,5933,1321405,10
-8665,5934,1323368,17
-12905,5935,1325963,14
-5776,5936,1326875,9
995,5937,1327523,10
-8817,5938,1329191,10
-32169,5939,1335396,31
-17583,5940,1338198,10
-18562,5941,1341880,17
-20746,5942,1345047,12
-12366,5943,1346964,10
-7055,5944,1348644,12
-5494,5945,1350899,18
-32931,5946,1355927,14
-20003,5947,1359223,12
-28964,5948,1363849,16
-3738,5949,1364826,7
163,5950,1365410,9
-7181,5951,1366882,11
-18222,5952,1370033,14
-6542,5953,1371637,11
-20813,5954,1374677,14
-12808,5955,1377680,13
-499,5956,1378557,10
-12111,5957,1380575,7
-4282,5958,1383328,25
1985,5959,1384024,11
-9099,5960,1385702,11
305,5961,1386392,10
-5489,5962,1387991,13
-21301,5963,1392170,22
-10965,5964,1393819,9
-11564,5965,1395692,12
-10685,5966,1398232,15
-11557,5967,1400661,11
-17096,5968,1405081,23
2775,5969,1405780,12
-10279,5970,1407639,9
1871,5971,1408624,14
-2747,5972,1410264,15
-12690,5973,1412445,10
1116,5974,1413312,14
-17985,5975,1416543,17
-14259,5976,1419418,17
-4409,5977,1420572,11
-25766,5978,1425725,23
111,5979,1427684,17
-23190,5980,1432537,22
-16825,5981,1435989,19
-9998,5982,1438543,15
-21340,5983,1442022,16
-12363,5984,1444060,11
-7585,5985,1445405,9
-1925,5986,1446578,13
-2642,5987,1448413,16
-32942,5988,1453655,15
-913,5989,1454938,14
-19326,5990,1458237,15
-34849,5991,1463635,11
-10995,5992,1466551,19
7687,5993,1468092,25
-5095,5994,1470455,21
-12381,5995,1472439,9
-6243,5996,1473876,10
-2614,5997,1475324,13
-16844,5998,1478621,14
-6370,5999,1481373,24
-5507,6000,1482460,9
-4101,6001,1484254,15
-3110,6002,1485932,17
-6049,6003,1487659,13
-1789,6004,1488470,9
525,6005,1489988,16
-285,6006,1491036,11
-1749,6007,1492156,14
-171,6008,1492825,11
1437,6009,1493401,9
-14225,6010,1496034,10
-2118,6011,1496730,9
-9496,6012,1499111,17
2841,6013,1500011,13
-2891,6014,1502166,20
-17882,6015,1506539,19
-7457,6016,1508445,11
-24549,6017,1513520,20
-8732,6018,1517403,24
-54664,6019,1527402,27
-27679,6020,1532821,25
-64502,6021,1542820,14
-25405,6022,1548516,20
-17891,6023,1552499,14
-12103,6024,1555543,12
-50448,6025,1564907,26
-3821,6026,1567220,18
-32483,6027,1573376,18
-39038,6028,1579348,17
-17433,6029,1582948,15
-2334,6030,1583898,7
-7278,6031,1587880,31
-6517,6032,1591189,22
-23130,6033,1595716,15
-2884,6034,1598208,18
-15336,6035,1602212,18
-684,6036,1603268,12
-1281,6037,1605628,22
-688,6038,1607601,20
-345,6039,1608942,15
-33774,6040,1614997,21
-16676,6041,1618526,21
-5865,6042,1620066,9
-21301,6043,1625193,26
-30064,6044,1631142,23
-16984,6045,1635066,20
-17805,6046,1639261,18
-7997,6047,1642112,18
-4496,6048,1644557,21
-8932,6049,1647084,13
-8398,6050,1649781,17
-1400,6051,1652646,22
-7710,6052,1654653,11
7792,6053,1655526,19
-47561,6054,1663265,23
-1837,6055,1664891,13
-3618,6056,1666592,16
-5149,6057,1668739,13
-13410,6058,1671159,15
-46046,6059,1678814,18
-4292,6060,1680948,18
-3793,6061,1683606,23
-6181,6062,1686142,18
-4396,6063,1688081,17
-7363,6064,1689939,14
-12129,6065,1693832,27
-14732,6066,1697867,20
-13862,6067,1701776,23
-17876,6068,1706152,20
-28442,6069,1711772,22
-5794,6070,1714046,16
-6007,6071,1716428,20
-2391,6072,1717859,14
-16029,6073,1721697,23
-12792,6074,1724788,12
3031,6075,1725905,16
1181,6076,1727130,17
-5614,6077,1728280,9
-15134,6078,1731756,17
-8944,6079,1733602,13
-16210,6080,1738206,25
-21792,6081,1742915,17
-19390,6082,1747374,18
-13711,6083,1750354,15
-28417,6084,1755644,19
-5782,6085,1756948,9
-25167,6086,1761683,14
-11401,6087,1764884,20
-12232,6088,1768760,21
322,6089,1770716,20
-489,6090,1771963,15
-17222,6091,1776350,22
-10682,6092,1779203,17
-21223,6093,1783197,17
645,6094,1783444,7
-4730,6095,1785892,16
1011,6096,1786222,7
-13567,6097,1788839,11
-8991,6098,1791605,18
-1434,6099,1793756,19
-14102,6100,1797821,26
-14392,6101,1801606,22
5765,6102,1803809,28
-13468,6103,1807790,30
2045,6104,1808522,11
-6108,6105,1810401,11
-4069,6106,1812074,15
-4808,6107,1814184,14
-21371,6108,1818504,17
-15862,6109,1822197,15
-7071,6110,1824615,19
-32415,6111,1830640,13
-7332,6112,1833390,19
-39828,6113,1840468,18
-3884,6114,1842590,20
-11748,6115,1846261,25
-10409,6116,1848811,14
-7924,6117,1852473,22
-8271,6118,1856119,24
-6453,6119,1859384,23
-5448,6120,1860521,9
-7847,6121,1862815,15
-2423,6122,1864796,18
4429,6123,1866727,24
1305,6124,1867088,7
-1229,6125,1868853,11
-22289,6126,1872150,9
-25129,6127,1876898,13
1200,6128,1880172,33
-6500,6129,1881428,8
-23115,6130,1886479,20
-18809,6131,1890068,15
1541,6132,1891540,20
-14314,6133,1895228,12
-34368,6134,1901919,26
-11237,6135,1906153,25
-13980,6136,1909733,16
-11351,6137,1911895,11
-16106,6138,1916130,20
-31169,6139,1921320,13
-13787,6140,1924575,20
-3221,6141,1926174,13
-64096,6142,1936173,18
-21762,6143,1940787,15
-34471,6144,1947290,21
1903,6145,1947593,9
-17324,6146,1951277,22
-2911,6147,1953169,19
-1821,6148,1954561,16
6095,6149,1955762,17
-12760,6150,1959270,18
-3654,6151,1962263,21
-1006,6152,1963959,20
-8252,6153,1967012,17
-25017,6154,1971862,19
5448,6155,1973419,22
-21617,6156,1977504,19
-13368,6157,1980199,14
-18813,6158,1985349,24
433,6159,1987804,26
-18824,6160,1991584,13
-28085,6161,1996644,18
-17833,6162,2000123,15
-6213,6163,2001307,8
664,6164,2002444,16
-10660,6165,2005441,17
-29036,6166,2011941,24
-12598,6167,2015845,21
-2151,6168,2018094,16
-3356,6169,2019010,10
-4055,6170,2021335,19
-378,6171,2022420,13
-36136,6172,2029419,26
-2312,6173,2031388,19
-27597,6174,2037049,21
-39646,6175,2044981,21
-14974,6176,2048945,20
-8049,6177,2050750,9
-18289,6178,2055048,23
-4574,6179,2057950,21
-19579,6180,2061122,12
-32240,6181,2068070,24
-37608,6182,2075283,19
-5811,6183,2077821,18
-9936,6184,2080720,21
-18619,6185,2084655,15
-36460,6186,2090652,17
928,6187,2091368,11
-43335,6188,2099221,15
-27751,6189,2103646,16
-5434,6190,2105615,15
-3021,6191,2106867,10
-46911,6192,2113695,14
-1955,6193,2114793,9
-18726,6194,2117974,9
-32987,6195,2123312,13
-21315,6196,2127385,12
-57491,6197,2137384,20
-38869,6198,2143800,10
-72862,6199,2153799,12
-40591,6200,2160366,17
-2644,6201,2161212,8
-3212,6202,2162229,8
-39092,6203,2168736,10
-47345,6204,2176106,8
-42637,6205,2183136,13
-236,6206,2183296,5
-25794,6207,2187015,8
-31595,6208,2192305,9
-13636,6209,2195264,12
-43778,6210,2203060,24
-6828,6211,2204642,9
-54045,6212,2214641,18
-19593,6213,2218058,12
-13651,6214,2220397,10
-54203,6215,2229113,16
-26326,6216,2234362,20
-27436,6217,2239609,13
-32310,6218,2244454,7
-53162,6219,2252298,11
-41815,6220,2259036,13
-36729,6221,2264970,15
-13787,6222,2267781,10
-4720,6223,2269286,13
-11675,6224,2272284,14
-60113,6225,2282283,13
-60585,6226,2292282,12
-49909,6227,2300742,16
1902,6228,2301294,10
-1326,6229,2302227,9
-14518,6230,2306696,19
-23996,6231,2310809,12
3859,6232,2310966,9
-8972,6233,2313011,10
2146,6234,2313457,9
-37933,6235,2320289,18
-20593,6236,2323579,7
-25290,6237,2328039,12
-19656,6238,2331141,9
-28889,6239,2336679,15
-15596,6240,2339157,5
-37186,6241,2346192,14
-637,6242,2346616,8
728,6243,2346751,6
-3727,6244,2348454,12
-679,6245,2348719,6
-41480,6246,2356646,20
-40104,6247,2363742,14
-70545,6248,2373741,4
-22690,6249,2378815,16
-4298,6250,2380150,10
-1389,6251,2382273,17
504,6252,2383543,13
-9318,6253,2387225,20
-6713,6254,2388571,7
-16126,6255,2392265,16
11716,6256,2393429,26
253,6257,2396051,23
-4930,6258,2396714,5
-2449,6259,2397125,5
-1633,6260,2397410,5
-960,6261,2397705,5
-3225,6262,2398150,5
863,6263,2398183,5
142,6264,2398498,6
2031,6265,2399147,12
4211,6266,2399867,16
-23973,6267,2404102,11
3616,6268,2404310,10
-5578,6269,2405839,10
5898,6270,2407102,19
-3615,6271,2408418,11
-10439,6272,2411171,12
-5326,6273,2412038,8
1326,6274,2412091,6
-4277,6275,2414828,24
13213,6276,2415963,29
-18162,6277,2421251,19
-62488,6278,2431250,18
-1031,6279,2431458,6
-17603,6280,2433565,7
1184,6281,2433875,7
-12870,6282,2437056,19
-6455,6283,2437922,5
-1101,6284,2438185,5
-1097,6285,2438755,10
-25128,6286,2443729,13
-6631,6287,2444617,6
3599,6288,2444914,11
-34679,6289,2451404,14
-6362,6290,2453182,14
-25897,6291,2456213,7
-5356,6292,2458630,21
247,6293,2460002,17
2995,6294,2460853,15
986,6295,2461261,9
-621,6296,2461466,5
-394,6297,2461610,5
573,6298,2461898,8
-464,6299,2462378,9
-3818,6300,2463053,7
-3565,6301,2465689,20
-26650,6302,2472233,18
-6770,6303,2474978,18
-37,6304,2475368,7
-6947,6305,2477675,12
351,6306,2477768,5
-6832,6307,2478691,6
-5511,6308,2479949,9
2455,6309,2480292,10
5482,6310,2481453,22
2715,6311,2483383,22
3775,6312,2484505,18
9264,6313,2485293,21
-1648,6314,2487701,21
-532,6315,2487948,6
-14455,6316,2489705,10
-42715,6317,2496689,17
-9207,6318,2498167,9
1713,6319,2498441,7
-4798,6320,2500559,16
-14390,6321,2502728,6
424,6322,2503582,10
-18478,6323,2508186,17
-14465,6324,2510347,5
-49638,6325,2518343,5
-11844,6326,2520134,7
-34009,6327,2524296,8
-16049,6328,2527506,5
-18123,6329,2529357,5
-23793,6330,2532489,6
-71036,6331,2542488,4
-35751,6332,2546959,5
399,6333,2547276,5
-8326,6334,2548597,6
-9829,6335,2549876,6
-29706,6336,2553095,5
1535,6337,2553305,8
-3124,6338,2554724,13
2296,6339,2554939,9
-4905,6340,2556038,8
7370,6341,2556328,13
-24618,6342,2561425,14
3733,6343,2561925,10
-7375,6344,2563711,9
-2605,6345,2564866,10
-12424,6346,2567580,11
-61274,6347,2575947,5
-37620,6348,2580548,11
3713,6349,2580721,8
2662,6350,2580828,7
1328,6351,2580936,6
-4220,6352,2581956,7
1768,6353,2582089,6
-2691,6354,2582921,6
-2604,6355,2584030,11
-3436,6356,2584527,5
-4984,6357,2585299,6
-22073,6358,2589138,14
-5653,6359,2590256,8
2635,6360,2590415,7
5189,6361,2590581,11
-593,6362,2590859,5
-4490,6363,2592211,11
-9639,6364,2593935,6
-1364,6365,2594689,9
-14161,6366,2597497,13
-453,6367,2598859,19
-5106,6368,2601363,15
-2511,6369,2602316,9
-7451,6370,2603397,5
-13618,6371,2605522,8
-8329,6372,2606995,9
-20114,6373,2610213,14
-10097,6374,2611913,5
-7903,6375,2613605,10
-30807,6376,2617425,5
-6278,6377,2618695,6
1905,6378,2618842,7
-41961,6379,2623941,5
-11226,6380,2625447,6
-8950,6381,2626954,7
-368,6382,2627208,5
-11156,6383,2629482,14
-16292,6384,2631693,7
-35975,6385,2636512,14
-11101,6386,2638795,9
-15491,6387,2640591,5
1750,6388,2640635,6
-4474,6389,2641362,6
-20255,6390,2644482,8
-6302,6391,2645767,7
-7664,6392,2647429,6
-4458,6393,2648862,11
-10375,6394,2651852,14
-27214,6395,2655823,11
-11988,6396,2657898,7
1742,6397,2658058,7
478,6398,2658193,5
-19217,6399,2662379,15
4034,6400,2664022,22
-538,6401,2665232,16
-6767,6402,2666892,13
-3719,6403,2667651,8
-7286,6404,2669244,10
-14002,6405,2670918,6
-12960,6406,2673076,12
1949,6407,2673214,7
3063,6408,2673424,8
8146,6409,2673734,14
-7420,6410,2675337,9
-11365,6411,2676807,5
-4556,6412,2678347,7
-12445,6413,2682590,22
-5821,6414,2683945,8
-8985,6415,2688139,30
-8664,6416,2690055,8
-12016,6417,2691401,5
-15423,6418,2694274,13
-7358,6419,2695510,7
-7789,6420,2697560,12
985,6421,2699012,17
-17796,6422,2701838,9
-54885,6423,2709003,9
-34848,6424,2714442,14
1105,6425,2714703,7
4439,6426,2715144,12
-9069,6427,2718132,16
-19678,6428,2720548,8
-6941,6429,2721953,7
-12,6430,2723291,15
-3420,6431,2724509,12
-44774,6432,2730459,11
1304,6433,2730566,6
-35238,6434,2737382,18
-17379,6435,2740023,5
-24513,6436,2743119,8
-10836,6437,2746067,19
2795,6438,2746454,9
-28587,6439,2750117,5
-10193,6440,2751913,9
-11644,6441,2753507,7
-21146,6442,2757257,14
-29052,6443,2761842,6
-20517,6444,2765425,15
1197,6445,2766024,10
7009,6446,2766490,14
361,6447,2767523,15
6561,6448,2768030,14
5,6449,2768802,9
-11204,6450,2772221,13
337,6451,2773372,14
-12839,6452,2774755,5
-20504,6453,2778242,10
-4277,6454,2780108,14
-12038,6455,2781705,6
-28996,6456,2786636,14
-6323,6457,2788963,16
-6673,6458,2790551,10
-8754,6459,2792675,11
-22116,6460,2795399,8
-6151,6461,2796610,8
-11455,6462,2798987,10
-4969,6463,2799984,6
-4214,6464,2801475,11
3945,6465,2801747,11
-11007,6466,2804259,13
2015,6467,2804488,7
1773,6468,2804614,6
-7659,6469,2806538,10
-3199,6470,2807995,12
-7082,6471,2809524,8
-4186,6472,2810084,5
-13501,6473,2811593,5
-8040,6474,2813004,7
-5599,6475,2816140,25
-30823,6476,2821175,13
-15941,6477,2823750,9
-39082,6478,2828843,13
-7311,6479,2829995,7
-3609,6480,2831452,8
-3787,6481,2832717,11
-10783,6482,2836933,22
-16084,6483,2838852,6
-31558,6484,2842842,5
-13660,6485,2846324,16
8881,6486,2846581,14
-6215,6487,2848018,6
-41326,6488,2856446,19
-19432,6489,2859288,10
-15428,6490,2860843,5
-426,6491,2861153,6
2713,6492,2861494,9
-52459,6493,2870162,22
-4728,6494,2872698,22
2687,6495,2873045,10
-6879,6496,2873932,5
-21956,6497,2876709,7
-46455,6498,2884141,17
196,6499,2884312,6
-23822,6500,2888966,15
-503,6501,2890250,11
1892,6502,2890313,6
-4188,6503,2891338,9
-12551,6504,2894282,12
-2053,6505,2896118,19
-24443,6506,2899141,5
-26570,6507,2902918,9
-13787,6508,2905772,13
5701,6509,2906123,12
2928,6510,2906295,8
-34153,6511,2910409,6
-10476,6512,2912059,10
-20854,6513,2914706,8
139,6514,2914834,5
-22838,6515,2918297,12
-22238,6516,2921879,5
-11025,6517,2923411,6
-8662,6518,2924621,6
1183,6519,2924743,6
-3702,6520,2926018,10
4776,6521,2926387,13
-31548,6522,2931895,17
-47563,6523,2938678,11
3154,6524,2939159,9
-27356,6525,2943635,10
-18852,6526,2945962,8
-21196,6527,2949394,15
-21194,6528,2953092,12
1372,6529,2953745,9
-1043,6530,2954338,7
5056,6531,2954577,10
-2294,6532,2955869,13
539,6533,2956113,5
-10967,6534,2957909,10
-11776,6535,2960322,12
1366,6536,2960521,6
-9358,6537,2962050,5
-46720,6538,2969418,18
-49677,6539,2976247,9
2548,6540,2976744,9
-6057,6541,2977937,9
-30895,6542,2981543,5
-21943,6543,2984295,5
-16427,6544,2987228,13
-21122,6545,2990024,5
-8034,6546,2991423,5
-20517,6547,2995099,12
-21360,6548,2997915,5
-1024,6549,2998245,5
-36107,6550,3003227,9
