-1700,0,32,3
-2250,1,49,3
-6350,2,140,3
-2700,3,168,3
-2950,4,223,3
-3300,5,288,4
-3550,6,327,3
-1900,7,347,3
-350,8,375,4
-3250,9,412,3
-4850,10,501,3
-4700,11,569,3
-3150,12,608,3
-2300,13,628,3
-1700,14,656,3
-1100,15,693,4
-6050,16,782,3
-4500,17,850,3
-2950,18,889,3
-2900,19,909,3
-3100,20,937,3
-2050,21,974,3
-5650,22,1063,3
-4700,23,1131,3
-2950,24,1170,3
-1350,25,1190,4
-3100,26,1218,3
-3250,27,1255,3
-4650,28,1344,3
-5100,29,1412,3
-3350,30,1451,3
-2300,31,1471,3
-3100,32,1499,3
-3250,33,1536,3
-6050,34,1625,3
-4700,35,1693,3
-2550,36,1732,3
-2100,37,1752,3
-2300,38,1780,3
-3250,39,1817,3
-6050,40,1906,3
-5300,41,1974,3
-3150,42,2013,3
-1900,43,2033,3
-3100,44,2061,3
-2650,45,2098,3
-6050,46,2187,3
-4700,47,2255,3
-2400,48,2294,4
-1900,49,2314,3
-3100,50,2342,3
-3250,51,2379,3
-6050,52,2468,3
-4700,53,2536,3
-2400,54,2575,4
-1900,55,2595,3
-950,56,2623,4
-3250,57,2660,3
-6050,58,2749,3
-4700,59,2817,3
-2150,60,2856,3
-1500,61,2876,3
-3100,62,2904,3
-3250,63,2941,3
-6050,64,3030,3
-5300,65,3098,3
-1000,66,3137,4
-350,67,3157,4
-2500,68,3185,3
-2250,69,3222,3
-5050,70,3311,3
-5100,71,3379,3
-3150,72,3418,3
-1100,73,3438,3
-2900,74,3466,3
-3250,75,3503,3
-5250,76,3592,3
-3700,77,3660,3
-2550,78,3699,3
450,79,3719,4
-2700,80,3747,3
-2250,81,3784,3
-4850,82,3873,3
-3300,83,3941,3
-3550,84,3980,3
-2100,85,4000,3
-2500,86,4028,3
-3250,87,4065,3
-5650,88,4154,3
-2600,89,4176,3
-2400,90,4214,3
-2900,91,4246,3
-3050,92,4275,3
-4800,93,4329,3
-5050,94,4394,3
-4100,95,4442,3
-2700,96,4462,3
-2300,97,4486,3
-4350,98,4549,3
-4300,99,4609,3
-8200,100,4747,3
-4200,101,4793,3
-7400,102,4907,3
-9650,103,5072,3
-2150,104,5091,3
-6950,105,5210,3
-3950,106,5273,3
-5350,107,5348,3
-4650,108,5401,3
-5200,109,5483,3
-2700,110,5507,3
-2800,111,5558,4
-2900,112,5590,3
-5900,113,5682,3
-6200,114,5768,3
-3900,115,5800,3
-3850,116,5845,3
-6050,117,5934,3
-3700,118,5966,3
-50,119,5980,4
-3550,120,6011,3
-3250,121,6040,3
-3600,122,6086,3
-3300,123,6118,3
-3250,124,6163,3
-2400,125,6197,3
-1500,126,6250,4
-2750,127,6281,3
-8500,128,6478,4
-6050,129,6555,3
-7300,130,6732,4
-1850,131,6749,3
-3700,132,6777,3
-3350,133,6808,3
-4900,134,6917,4
-8200,135,7051,3
-5700,136,7131,3
-2050,137,7144,3
-2900,138,7168,3
-4700,139,7240,3
-4350,140,7311,3
-1600,141,7345,3
-2650,142,7370,3
100,143,7387,4
-2200,144,7418,4
-4700,145,7506,3
-4100,146,7566,3
-2200,147,7584,3
-5350,148,7667,3
-3050,149,7704,3
-4150,150,7784,4
-1950,151,7815,3
-2850,152,7852,3
-5100,153,7924,3
-2000,154,7987,4
-4850,155,8044,3
-2600,156,8082,3
-10950,157,8281,3
-2000,158,8307,3
-3400,159,8353,3
-4550,160,8408,3
-3150,161,8439,3
-7050,162,8552,3
-2800,163,8574,3
-11750,164,8806,4
-2150,165,8837,3
-3450,166,8874,3
-2650,167,8895,3
-2950,168,8926,3
-2300,169,8942,3
-7000,170,9052,3
-4550,171,9099,3
-3300,172,9151,3
-9850,173,9308,3
-3950,174,9416,4
-3050,175,9461,3
-4700,176,9529,3
-1400,177,9543,3
-2900,178,9575,3
-2750,179,9606,3
950,180,9637,5
-6150,181,9744,3
-2900,182,9776,3
-1300,183,9800,3
-3450,184,9861,3
-2650,185,9878,3
-3850,186,9923,3
-3300,187,9959,3
-3450,188,10008,3
-3300,189,10097,4
-5700,190,10173,3
-1350,191,10196,3
-2500,192,10245,4
-5000,193,10311,3
-3500,194,10384,4
-3700,195,10457,4
-3950,196,10504,3
-2400,197,10522,3
-6700,198,10638,3
-300,199,10655,4
-3350,200,10751,4
-5100,201,10831,3
-1900,202,10884,4
-7150,203,11024,4
-2900,204,11044,3
-2600,205,11062,3
-7800,206,11188,3
-2700,207,11208,3
-3700,208,11244,3
-4050,209,11289,3
-2550,210,11394,5
-2000,211,11416,3
-3650,212,11453,3
-3100,213,11485,3
-8300,214,11637,3
-7200,215,11783,3
-5100,216,11887,3
-3650,217,11924,3
-3200,218,11962,3
-5350,219,12041,3
-3750,220,12092,3
-3000,221,12134,3
-1950,222,12157,3
-3450,223,12194,3
-4250,224,12271,3
-8050,225,12392,3
-1150,226,12424,4
-3950,227,12479,3
-7100,228,12575,3
-2750,229,12614,3
-950,230,12646,4
-7350,231,12761,3
-950,232,12784,3
-4750,233,12900,4
-2800,234,12942,3
-7350,235,13093,3
-2200,236,13135,3
-1250,237,13148,3
-2450,238,13181,3
-5150,239,13268,3
400,240,13316,5
-550,241,13344,4
-3850,242,13425,3
-3800,243,13479,3
-2600,244,13501,3
-9050,245,13654,3
-2400,246,13680,3
-3650,247,13750,4
-8300,248,13886,3
-3000,249,13924,3
-6850,250,14045,3
-4450,251,14098,3
-5800,252,14176,3
-7350,253,14311,3
-4250,254,14376,3
-5100,255,14436,3
-4350,256,14544,4
-5400,257,14622,3
-2300,258,14663,4
-2250,259,14680,3
-3800,260,14734,3
-1450,261,14763,3
-4700,262,14827,3
-2550,263,14846,3
-2800,264,14880,3
-450,265,14910,4
-2200,266,14932,3
-1550,267,15046,6
-5850,268,15221,5
-3450,269,15274,3
-4000,270,15344,3
-4300,271,15400,3
-1600,272,15430,3
-10100,273,15586,3
-8650,274,15719,3
-4550,275,15823,4
-1850,276,15840,3
-1150,277,15856,4
-6750,278,15959,3
-5200,279,16045,3
-2600,280,16071,3
-2700,281,16132,4
-4050,282,16165,3
-5450,283,16246,3
-7400,284,16352,3
-6450,285,16457,3
-3100,286,16493,3
-3250,287,16526,3
-3200,288,16556,3
-450,289,16574,4
-1500,290,16590,3
-3450,291,16668,4
-1850,292,16685,3
-2750,293,16728,3
-3750,294,16775,3
-2450,295,16816,3
-4900,296,16876,3
-5300,297,16948,3
-1750,298,16983,3
-5050,299,17064,3
-1700,300,17084,3
-6250,301,17185,3
-4250,302,17234,3
-450,303,17260,4
-4000,304,17310,3
-4400,305,17360,3
-4350,306,17419,3
-1750,307,17483,4
-1150,308,17502,3
-1400,309,17532,3
-3500,310,17580,3
-5250,311,17653,3
-5500,312,17721,3
-6150,313,17808,3
-900,314,17828,3
-6700,315,17956,3
-4550,316,18015,3
-6200,317,18113,3
-5300,318,18193,3
-4150,319,18252,3
-1550,320,18267,3
-1950,321,18290,3
-1950,322,18317,3
-1750,323,18336,3
-10950,324,18523,3
-3550,325,18574,3
-6150,326,18673,3
-4450,327,18718,3
-3900,328,18758,3
-3850,329,18803,3
-2700,330,18831,3
-2850,331,18860,3
-2150,332,18875,3
-2450,333,18900,3
-350,334,18932,4
-1200,335,18958,3
-3000,336,19029,4
-5850,337,19118,3
-4300,338,19162,3
-5050,339,19223,3
-3850,340,19260,3
-5750,341,19408,4
-7750,342,19535,3
-6950,343,19642,3
-3100,344,19678,3
-7300,345,19778,3
-2050,346,19799,3
-2450,347,19816,3
-5200,348,19906,3
-2350,349,19929,3
-3800,350,19991,3
-2900,351,20027,3
-2900,352,20071,3
-2300,353,20091,3
-3550,354,20130,3
-800,355,20144,3
-5200,356,20242,3
-3250,357,20303,3
-2250,358,20320,3
-5700,359,20428,3
-4100,360,20525,4
-4400,361,20579,3
-3100,362,20607,3
-6750,363,20718,3
-3500,364,20778,3
-2400,365,20800,3
-3600,366,20870,3
-2600,367,20892,3
-7250,368,20993,3
-3200,369,21015,3
-2900,370,21047,3
-2750,371,21078,3
-4550,372,21133,3
-2400,373,21151,3
-2850,374,21168,3
-3850,375,21209,3
-3950,376,21305,4
-5850,377,21431,4
-1650,378,21448,3
-1950,379,21496,4
-2900,380,21540,3
-4850,381,21593,3
-3000,382,21647,3
-3900,383,21695,3
-4450,384,21760,3
-1250,385,21802,4
-5250,386,21867,3
-2000,387,21905,3
-3850,388,21942,3
-5350,389,22009,3
-2000,390,22047,3
-3250,391,22084,3
-2900,392,22112,3
-2200,393,22146,3
-3000,394,22168,3
-650,395,22181,3
-5500,396,22249,3
-5900,397,22325,3
-1950,398,22344,3
-3050,399,22369,3
-2650,400,22418,3
-3500,401,22454,3
-6600,402,22544,3
-1350,403,22563,3
-3650,404,22596,3
-5350,405,22663,3
-1950,406,22702,3
-4450,407,22771,3
-1650,408,22788,3
-2550,409,22815,3
-3100,410,22855,3
-3350,411,22894,3
-2850,412,22947,3
-4650,413,23020,3
-900,414,23057,4
-3050,415,23118,3
-2350,416,23157,3
-1550,417,23197,4
-4500,418,23253,3
-2800,419,23283,3
-2350,420,23306,3
-2450,421,23410,6
-2700,422,23426,3
-1350,423,23445,3
-7150,424,23634,5
-2000,425,23660,3
-1900,426,23693,4
-950,427,23724,3
-4450,428,23773,3
-4500,429,23862,4
-2650,430,23879,3
-4500,431,23943,3
-3600,432,23985,3
-800,433,24003,3
-5050,434,24060,3
-4900,435,24148,3
-3700,436,24184,3
-3750,437,24243,3
-3200,438,24297,3
-3150,439,24344,3
-3100,440,24486,5
-3150,441,24513,3
-4150,442,24564,3
-2750,443,24579,3
-3700,444,24643,3
-4950,445,24767,4
-2800,446,24813,3
-5650,447,24902,3
-2400,448,24944,3
-3350,449,24979,3
-1400,450,24993,3
-1750,451,25057,4
-1250,452,25091,4
-3000,453,25125,3
-550,454,25145,4
-2850,455,25182,3
-1800,456,25213,4
-3350,457,25277,4
-2550,458,25324,3
-2900,459,25348,3
-1400,460,25428,5
-4300,461,25472,3
-3650,462,25537,3
-2550,463,25564,3
-2800,464,25610,3
-1650,465,25639,3
-5200,466,25709,3
-3950,467,25780,3
-10150,468,25992,4
-3050,469,26050,4
-4450,470,26156,4
-3750,471,26199,3
-1700,472,26235,3
-2900,473,26255,3
-3700,474,26311,3
-7400,475,26429,3
-2950,476,26481,4
350,477,26528,5
-4600,478,26606,3
-3050,479,26627,3
-8300,480,26767,3
-1500,481,26791,3
-5150,482,26878,3
-2450,483,26891,3
-100,484,26916,4
-4050,485,26969,3
-4800,486,27125,5
-9800,487,27279,3
-2750,488,27322,3
-3750,489,27369,3
-4550,490,27420,3
-2100,491,27473,4
-3250,492,27498,3
-3000,493,27528,3
-650,494,27550,4
-2050,495,27575,3
-2450,496,27637,4
-7600,497,27755,3
-1600,498,27834,4
-1500,499,27854,3
-3200,500,27888,3
-5950,501,28012,4
-2900,502,28109,4
-2450,503,28154,3
-2750,504,28205,3
-4750,505,28313,4
-5600,506,28424,4
150,507,28450,4
-1800,508,28513,4
-3100,509,28549,3
-2250,510,28590,3
-5150,511,28653,3
-2550,512,28688,3
-3300,513,28736,3
-4500,514,28808,3
-6950,515,28923,3
-2900,516,28947,3
-11400,517,29170,4
-2350,518,29209,3
-2400,519,29243,3
-3550,520,29286,3
-2800,521,29308,3
-2350,522,29327,3
-4250,523,29380,3
-2200,524,29410,3
-4950,525,29485,3
-1150,526,29509,4
-4400,527,29567,3
-5550,528,29662,3
-4150,529,29705,3
-1750,530,29736,3
-5150,531,29795,3
-3050,532,29856,3
-5550,533,29931,3
-3000,534,29965,3
-3950,535,30008,3
-2100,536,30036,3
-2200,537,30111,4
-5100,538,30171,3
-1100,539,30199,3
-3900,540,30259,3
-2700,541,30283,3
-3050,542,30328,3
-7150,543,30439,3
-1400,544,30461,3
-1450,545,30482,3
-1550,546,30497,3
-4150,547,30576,3
-3600,548,30663,4
-1600,549,30681,3
-4550,550,30732,3
-7850,551,30869,3
-1000,552,30912,4
-1600,553,30963,4
-4850,554,31041,4
-4750,555,31104,3
-5700,556,31192,3
-2250,557,31225,3
-7100,558,31329,3
-3350,559,31368,3
-3550,560,31439,3
-3750,561,31474,3
-2750,562,31501,3
-5100,563,31573,3
-2850,564,31598,3
-2400,565,31644,3
-2750,566,31679,3
-2400,567,31705,3
-5400,568,31767,3
-5300,569,31847,3
-3950,570,31890,3
-4500,571,31938,3
-2200,572,31972,3
-650,573,31985,3
-4550,574,32048,3
-850,575,32074,4
-1750,576,32105,3
-4200,577,32151,3
-3400,578,32185,3
-7200,579,32315,3
-5100,580,32375,3
-4450,581,32456,3
-4650,582,32590,4
-400,583,32617,4
-5300,584,32697,3
-2700,585,32733,3
-1150,586,32752,3
-2200,587,32770,3
-600,588,32797,4
-2500,589,32837,3
-3200,590,32875,3
-2750,591,32906,3
-5100,592,32982,3
-6450,593,33132,4
-6550,594,33264,4
-3000,595,33306,3
-450,596,33319,3
-4350,597,33456,5
-200,598,33520,5
-1700,599,33556,3
-5250,600,33658,4
-3200,601,33692,3
-1650,602,33721,3
-3300,603,33757,3
-1050,604,33770,3
-2750,605,33801,3
-5550,606,33900,3
-900,607,33920,3
-1650,608,33937,3
-3700,609,33985,3
-1900,610,34038,4
-350,611,34053,3
-4150,612,34145,4
-2750,613,34192,3
-1450,614,34209,3
-6950,615,34410,5
-1850,616,34431,3
-4350,617,34498,3
-1100,618,34514,3
-6400,619,34682,5
-1150,620,34710,4
-2000,621,34744,3
-2000,622,34811,4
-2200,623,34845,3
-3900,624,34909,3
-3000,625,35045,5
450,626,35123,6
700,627,35165,5
-2550,628,35184,3
-1600,629,35235,4
-2000,630,35273,3
-450,631,35291,4
-2800,632,35362,4
-3000,633,35400,3
-2700,634,35420,3
-2250,635,35461,3
-900,636,35523,5
-5600,637,35613,3
-1500,638,35641,3
-4850,639,35694,3
-400,640,35725,4
-2550,641,35752,3
-1300,642,35788,3
-5900,643,35872,3
-6400,644,36019,4
-7350,645,36158,3
-3550,646,36225,3
-1850,647,36328,5
-1950,648,36359,3
-4750,649,36471,4
-2050,650,36496,3
-2400,651,36534,3
-1350,652,36557,3
-3450,653,36614,3
100,654,36655,4
-2100,655,36703,3
-2100,656,36760,4
-1600,657,36823,4
-3900,658,36859,3
-3000,659,36942,4
-4900,660,37051,4
-6200,661,37174,4
1000,662,37190,5
-2100,663,37234,3
-2250,664,37300,4
-2400,665,37326,3
-3150,666,37418,4
-1450,667,37443,3
-1000,668,37519,5
-2300,669,37559,3
-1950,670,37594,3
-900,671,37643,4
-900,672,37725,5
-1550,673,37752,3
-2050,674,37793,3
-1750,675,37853,4
-2900,676,37897,3
-2950,677,37940,3
-7000,678,38074,3
-1200,679,38117,4
-2350,680,38132,3
-5700,681,38277,4
-3550,682,38333,4
-1850,683,38362,3
750,684,38405,5
-1750,685,38461,4
-16850,686,38803,4
-1500,687,38835,3
-4900,688,38911,3
-2600,689,38994,4
-1450,690,39081,5
-2600,691,39103,3
-1450,692,39136,3
-950,693,39233,5
-1050,694,39321,6
-1500,695,39357,3
-3700,696,39454,4
-3850,697,39503,3
-2800,698,39529,3
-2400,699,39604,4
-3700,700,39652,3
-1050,701,39677,3
-1300,702,39689,3
-2300,703,39717,3
-7350,704,39889,4
-3350,705,39969,4
-1450,706,40019,4
-1300,707,40035,3
-3700,708,40099,3
-2450,709,40169,4
-4250,710,40242,3
-1450,711,40275,3
-1900,712,40344,4
-7000,713,40499,4
-1100,714,40576,4
-4850,715,40669,3
-7550,716,40886,5
-2250,717,40927,3
150,718,40961,4
-2950,719,41020,3
-1750,720,41047,3
-5450,721,41156,3
-2800,722,41198,3
-2750,723,41249,3
-4650,724,41400,5
-3650,725,41527,5
-5400,726,41666,4
-2350,727,41743,5
-5000,728,41870,4
-1650,729,41936,4
-5800,730,42079,4
-1200,731,42113,3
-350,732,42150,5
-2450,733,42171,3
-2250,734,42204,3
1350,735,42244,6
-6550,736,42331,3
150,737,42353,4
-3700,738,42475,5
-850,739,42530,5
-5850,740,42689,5
-500,741,42722,4
-200,742,42806,5
-1150,743,42821,3
-3050,744,42870,3
-100,745,42919,4
-6100,746,43023,3
-300,747,43056,4
-7700,748,43246,5
-1900,749,43274,3
-10200,750,43493,4
-7150,751,43694,5
-5350,752,43761,3
-1350,753,43780,3
-2150,754,43799,3
-2850,755,43844,3
-2600,756,43923,4
-3750,757,43994,3
-2150,758,44037,3
-3900,759,44142,4
-1050,760,44217,5
-1700,761,44241,3
-3350,762,44300,3
-2650,763,44374,4
-2650,764,44419,3
-3800,765,44481,3
-1000,766,44511,3
-3500,767,44616,4
-4450,768,44697,3
-4950,769,44805,4
-1400,770,44844,4
800,771,44897,6
-2700,772,44982,4
-2100,773,45006,3
-2650,774,45027,3
-4500,775,45103,3
-3050,776,45181,4
-750,777,45213,4
-3000,778,45301,5
200,779,45332,4
-4650,780,45422,4
-1100,781,45438,3
-1900,782,45458,3
-1250,783,45479,3
-2950,784,45579,4
-1300,785,45678,6
-3100,786,45776,5
-3650,787,45837,3
900,788,45867,5
-2350,789,45939,4
-4700,790,46076,4
-500,791,46129,4
-850,792,46158,3
-2350,793,46201,3
-2650,794,46238,3
-3100,795,46442,7
-3100,796,46535,4
-850,797,46614,5
-4050,798,46728,4
-550,799,46743,3
-8800,800,46893,3
-3300,801,46970,4
-2000,802,47016,3
-3450,803,47094,4
-3150,804,47182,4
200,805,47213,4
-2750,806,47252,3
-1900,807,47276,3
-650,808,47306,4
-600,809,47316,3
-1050,810,47329,3
-2050,811,47358,3
-4400,812,47448,3
-1150,813,47475,3
-3100,814,47556,4
0,815,47571,4
-1600,816,47605,3
-2050,817,47654,3
-1750,818,47685,3
-350,819,47737,4
-950,820,47752,3
-1750,821,47787,3
-1400,822,47821,3
-1100,823,47883,5
-5750,824,48044,5
0,825,48071,4
-4750,826,48208,5
50,827,48248,4
-1100,828,48334,5
-2650,829,48379,3
-4650,830,48448,3
-3050,831,48505,3
-300,832,48579,5
-2700,833,48639,3
-1550,834,48658,3
-950,835,48714,4
-150,836,48783,5
-2100,837,48807,3
-150,838,48880,5
500,839,48905,4
-500,840,48946,4
-1350,841,48969,3
-1700,842,49030,4
-2950,843,49077,3
-1050,844,49102,3
-1050,845,49127,3
-2050,846,49164,3
250,847,49180,4
-4150,848,49292,4
-9550,849,49541,5
-1350,850,49617,4
-100,851,49666,4
-1600,852,49713,4
400,853,49753,5
-2550,854,49792,3
-2250,855,49821,3
-3400,856,49887,3
-1250,857,49904,3
-300,858,49945,4
-5200,859,50047,3
-550,860,50108,5
-450,861,50154,4
-2150,862,50189,3
-800,863,50199,3
-500,864,50215,3
-4000,865,50257,3
-3550,866,50337,4
-1500,867,50365,3
-1350,868,50384,3
-1700,869,50424,3
100,870,50473,4
-3950,871,50548,3
-2800,872,50602,3
-600,873,50637,4
500,874,50663,5
-1550,875,50682,3
-750,876,50722,4
-14500,877,51019,4
-4600,878,51163,5
-650,879,51176,3
-1000,880,51198,3
-850,881,51215,3
-1200,882,51242,4
-4950,883,51387,5
-5200,884,51481,3
-50,885,51551,4
-2250,886,51630,5
-8650,887,51795,3
-1400,888,51842,4
-4450,889,51895,3
-700,890,51968,4
-700,891,51988,3
50,892,52016,4
200,893,52039,4
-1350,894,52062,3
300,895,52083,4
-1450,896,52116,3
-1150,897,52143,3
-3600,898,52214,4
-1050,899,52243,3
-1500,900,52275,3
-1700,901,52303,3
-2100,902,52343,3
-2700,903,52387,3
-1700,904,52448,4
-2800,905,52478,3
-900,906,52506,3
-50,907,52540,4
-3000,908,52689,6
700,909,52735,5
-6100,910,52860,4
-3000,911,52910,3
-1650,912,52943,3
-1500,913,53029,5
-3300,914,53114,4
-900,915,53192,5
-4000,916,53246,3
-10400,917,53432,3
-2000,918,53474,3
-1300,919,53564,5
-2400,920,53639,4
-2400,921,53718,4
-2050,922,53813,5
-1550,923,53923,6
-1350,924,53942,3
-1150,925,53961,3
-1400,926,54041,5
-100,927,54066,4
-850,928,54100,4
-1350,929,54119,3
-8650,930,54333,4
-6400,931,54501,5
-2600,932,54625,5
-150,933,54691,6
-4100,934,54775,3
-550,935,54827,4
-7900,936,55008,4
-850,937,55021,3
350,938,55064,5
-2650,939,55179,5
-1400,940,55189,3
-1500,941,55213,3
-1700,942,55299,5
-1400,943,55325,3
-5600,944,55493,5
-6500,945,55630,4
-1750,946,55723,5
-800,947,55782,4
400,948,55810,5
1700,949,55848,5
-2550,950,55940,4
-1300,951,55964,3
150,952,56027,5
-1550,953,56168,5
-1400,954,56202,3
-5750,955,56305,3
-5850,956,56398,3
-200,957,56462,5
-2000,958,56521,4
-1550,959,56593,4
-800,960,56607,3
-1850,961,56710,5
-1850,962,56747,3
-450,963,56785,4
-2600,964,56902,6
-950,965,56929,3
-3600,966,57040,4
-4000,967,57122,3
-3950,968,57230,4
500,969,57276,5
-2950,970,57388,4
-750,971,57432,4
-2850,972,57514,4
-2500,973,57563,4
-2800,974,57617,3
-2750,975,57697,4
-1750,976,57799,6
-1550,977,57912,5
-3050,978,58047,5
-2050,979,58068,3
-1750,980,58099,3
-2950,981,58158,3
850,982,58178,4
-600,983,58217,4
-3100,984,58257,3
-1900,985,58293,3
-1500,986,58371,5
-2850,987,58400,3
-2850,988,58498,4
-2000,989,58540,3
450,990,58552,4
-2750,991,58657,5
-1500,992,58681,3
-900,993,58701,3
-4400,994,58779,3
-2550,995,58900,5
-3600,996,58954,3
-600,997,58972,3
-20200,998,59403,4
-850,999,59420,3
-1050,1000,59449,3
-2200,1001,59495,3
-300,1002,59511,3
-2100,1003,59555,3
-3050,1004,59596,3
500,1005,59634,5
-7700,1006,59782,3
-4650,1007,59909,5
-2100,1008,59945,3
-2850,1009,60056,5
-2550,1010,60091,3
-500,1011,60177,5
-2600,1012,60252,4
-7000,1013,60403,4
-4400,1014,60518,4
-550,1015,60554,4
1350,1016,60597,5
-900,1017,60613,3
-4200,1018,60765,5
-3100,1019,60883,5
-2350,1020,60922,3
-4450,1021,61020,4
-850,1022,61037,3
-8000,1023,61183,3
-3150,1024,61251,4
-2650,1025,61300,3
-1000,1026,61347,4
-5150,1027,61508,5
-2050,1028,61537,3
-3350,1029,61604,3
-1650,1030,61666,4
-1950,1031,61718,4
-1850,1032,61772,4
-4350,1033,61884,4
-2800,1034,61975,4
-2900,1035,62060,4
-6050,1036,62246,4
-5250,1037,62347,3
-4400,1038,62462,4
1550,1039,62473,5
550,1040,62524,5
-4850,1041,62646,4
-1700,1042,62748,5
50,1043,62801,5
-650,1044,62847,4
-2450,1045,62949,4
-1450,1046,63028,5
-4750,1047,63189,5
800,1048,63204,4
-9300,1049,63376,3
-2550,1050,63452,4
-350,1051,63484,4
-3300,1052,63614,5
-4950,1053,63767,5
-1400,1054,63801,3
-300,1055,63830,4
-600,1056,63890,5
1900,1057,63904,5
-1800,1058,63963,4
-2950,1059,64072,5
-5100,1060,64176,3
-2900,1061,64216,3
-6300,1062,64373,4
-4200,1063,64525,5
-2000,1064,64576,4
-1500,1065,64641,4
-6650,1066,64811,4
-9400,1067,65006,4
-1600,1068,65102,5
-2800,1069,65210,5
-3700,1070,65336,5
-3700,1071,65429,4
-5250,1072,65535,4
-6700,1073,65655,3
-8950,1074,65900,5
-9850,1075,66171,5
-3900,1076,66272,4
-3800,1077,66375,4
-6500,1078,66573,5
-2250,1079,66598,3
-5550,1080,66738,4
-3100,1081,66794,3
-9850,1082,66967,3
-6450,1083,67109,4
-3300,1084,67223,5
-9300,1085,67399,3
-900,1086,67473,5
-47000,1087,68408,4
-13200,1088,68691,4
-6700,1089,68844,4
-5000,1090,68980,5
-4050,1091,69049,3
-1900,1092,69139,5
-4100,1093,69252,4
-23200,1094,69739,4
-2700,1095,69767,3
-8100,1096,69899,3
-4650,1097,69996,3
-6850,1098,70125,3
-3200,1099,70155,3
-1200,1100,70231,5
-8650,1101,70392,3
-3750,1102,70443,3
-2300,1103,70487,3
-36650,1104,71245,4
-49400,1105,72244,4
-8900,1106,72392,3
-5300,1107,72521,4
-14500,1108,72863,5
-8200,1109,73087,5
300,1110,73121,5
-17100,1111,73519,5
-9300,1112,73769,5
-37900,1113,74489,3
-20300,1114,74959,5
-4200,1115,75037,3
-5400,1116,75143,3
-9300,1117,75319,3
-12300,1118,75625,5
-4950,1119,75794,5
-33650,1120,76545,5
-11000,1121,76771,3
-18350,1122,77208,5
-10600,1123,77419,4
-11950,1124,77700,5
-45950,1125,78644,4
100,1126,78706,5
-8100,1127,78928,5
-29800,1128,79531,4
-15200,1129,79891,5
-5400,1130,80005,3
-2300,1131,80066,4
-6750,1132,80205,3
-6850,1133,80412,5
-7200,1134,80579,4
-15100,1135,80884,4
-16700,1136,81212,3
-5100,1137,81308,3
-3000,1138,81428,5
-1850,1139,81490,4
-7900,1140,81671,4
-4950,1141,81828,5
-24800,1142,82388,5
-6750,1143,82523,3
-2700,1144,82661,5
-12250,1145,82898,3
-15150,1146,83230,4
-6900,1147,83346,3
-4350,1148,83474,4
-6900,1149,83656,5
-4300,1150,83740,3
-7450,1151,83889,3
-7350,1152,84032,3
-11800,1153,84266,3
-19000,1154,84710,5
-3000,1155,84813,4
350,1156,84868,5
-8900,1157,85118,5
-3000,1158,85176,3
-9550,1159,85363,3
-4900,1160,85455,3
-10400,1161,85715,5
-5050,1162,85882,5
-4250,1163,86004,4
-17550,1164,86405,5
-8800,1165,86641,5
-9550,1166,86890,5
-6500,1167,87018,3
-13550,1168,87290,4
-4450,1169,87371,3
-10000,1170,87598,4
-11150,1171,87887,5
-5300,1172,88016,4
-6050,1173,88183,5
-16050,1174,88504,3
-17750,1175,88860,4
-1550,1176,88912,4
-7050,1177,89099,5
-17200,1178,89503,5
-7500,1179,89737,5
-4350,1180,89874,5
-12350,1181,90191,5
-14350,1182,90544,5
-18800,1183,90947,4
-5550,1184,91116,5
-14550,1185,91473,5
-12800,1186,91805,5
-1100,1187,91842,4
-2600,1188,91950,5
-5250,1189,92117,5
-11200,1190,92389,5
-18500,1191,92766,4
-750,1192,92798,4
-5250,1193,92949,5
-15850,1194,93340,5
-700,1195,93406,5
-1550,1196,93491,5
-14000,1197,93822,4
-2650,1198,93925,5
-1700,1199,94019,5
-2850,1200,94138,5
-7150,1201,94375,5
-9950,1202,94583,4
-30000,1203,95149,3
-2700,1204,95255,5
-5600,1205,95390,4
-1150,1206,95421,3
-1950,1207,95518,5
-16850,1208,95835,3
850,1209,95872,5
-5800,1210,96036,5
-1200,1211,96132,5
-1300,1212,96185,4
-4250,1213,96283,4
-1850,1214,96316,3
-900,1215,96353,4
600,1216,96401,5
-5600,1217,96557,5
-3950,1218,96682,5
-650,1219,96745,5
-17150,1220,97096,3
-1050,1221,97159,5
1000,1222,97175,5
-100,1223,97200,4
-9550,1224,97404,4
-1000,1225,97492,5
2400,1226,97521,6
1150,1227,97548,5
-9650,1228,97754,4
-1100,1229,97848,5
1150,1230,97879,5
1650,1231,97916,5
2050,1232,97945,5
-10350,1233,98238,5
1750,1234,98265,5
1550,1235,98300,5
1750,1236,98327,5
3700,1237,98371,7
1550,1238,98398,5
2050,1239,98423,5
-300,1240,98444,4
1500,1241,98462,5
2200,1242,98494,5
1550,1243,98521,5
-7850,1244,98691,4
2750,1245,98735,6
-21950,1246,99146,3
1950,1247,99181,5
1450,1248,99214,5
1950,1249,99241,5
1000,1250,99265,5
1250,1251,99290,5
-150,1252,99306,4
1050,1253,99339,5
-1850,1254,99479,6
-9600,1255,99681,3
1450,1256,99710,5
4200,1257,99744,7
1900,1258,99778,5
1300,1259,99792,5
1850,1260,99809,5
-3100,1261,99886,4
1400,1262,99902,5
1900,1263,99928,5
1850,1264,99957,5
1800,1265,99985,5
1900,1266,100015,5
-650,1267,100098,5
2200,1268,100122,5
3950,1269,100187,7
-12050,1270,100384,3
-17700,1271,100913,8
-11700,1272,101219,5
-67300,1273,102690,6
-1900,1274,102784,5
-250,1275,102880,6
5000,1276,102943,8
-50,1277,102994,5
-1600,1278,103086,5
-23750,1279,103673,7
-4250,1280,103861,6
-6850,1281,104007,4
-150,1282,104118,7
-2400,1283,104230,5
-4800,1284,104488,7
-3350,1285,104658,6
950,1286,104718,6
800,1287,104795,6
-3100,1288,104941,5
-20100,1289,105353,3
-11000,1290,105625,5
-1650,1291,105803,8
-19750,1292,106219,4
-18900,1293,106665,5
-1950,1294,106708,3
-8100,1295,106910,5
-3950,1296,106989,3
700,1297,107043,5
-62750,1298,108311,4
-3750,1299,108452,5
-11300,1300,108746,5
550,1301,108838,6
-16450,1302,109274,6
-2100,1303,109380,5
-3100,1304,109498,5
-50,1305,109557,5
-8400,1306,109764,4
-12750,1307,110114,6
-14200,1308,110507,6
-8900,1309,110729,5
850,1310,110770,5
-61500,1311,111966,3
-11800,1312,112365,8
-15400,1313,112863,7
-23400,1314,113522,8
-22800,1315,114030,5
100,1316,114076,5
-10000,1317,114328,5
-1700,1318,114426,5
50,1319,114536,6
-28050,1320,115065,3
-2100,1321,115109,3
-13900,1322,115525,7
50,1323,115541,4
-2450,1324,115632,5
-12200,1325,115912,5
-17750,1326,116350,6
-5850,1327,116574,6
-1800,1328,116596,3
-6350,1329,116826,6
-7800,1330,117030,5
-17300,1331,117346,3
-14800,1332,117698,5
-4150,1333,117843,5
-11150,1334,118112,5
-16100,1335,118498,5
-28500,1336,119140,5
-6100,1337,119322,5
-12100,1338,119587,4
-18650,1339,119969,4
-850,1340,119990,3
-6850,1341,120181,5
-3550,1342,120318,5
-15200,1343,120633,4
750,1344,120676,5
-15050,1345,121031,5
-13650,1346,121354,5
-10100,1347,121640,5
-24150,1348,122165,5
-8300,1349,122415,5
-2750,1350,122524,5
-5950,1351,122697,5
-8150,1352,122926,5
-400,1353,123018,5
-9500,1354,123206,3
600,1355,123254,5
-5250,1356,123359,3
-7400,1357,123600,6
-700,1358,123678,5
-14900,1359,123995,4
-8500,1360,124213,5
-100,1361,124279,5
-3450,1362,124455,6
-14550,1363,124780,5
700,1364,124855,6
-2400,1365,124930,4
-8900,1366,125176,5
-10550,1367,125465,5
-1450,1368,125580,5
-10000,1369,125856,5
-4950,1370,126013,5
2050,1371,126111,6
-12650,1372,126422,5
-150,1373,126504,6
1100,1374,126534,5
50,1375,126603,5
-4550,1376,126698,3
-6500,1377,126937,6
-6650,1378,127136,5
-9550,1379,127360,4
-4000,1380,127529,6
-5300,1381,127666,4
-11500,1382,127952,5
-750,1383,127963,3
-22900,1384,128481,5
-5300,1385,128639,5
-3850,1386,128762,5
-12750,1387,129104,6
-5400,1388,129235,4
-27400,1389,129769,3
1550,1390,129862,7
-1700,1391,129952,5
-1000,1392,130024,5
-21050,1393,130498,4
-8550,1394,130751,5
-8300,1395,130993,5
-8050,1396,131236,5
-1150,1397,131259,3
-400,1398,131306,4
-16050,1399,131644,4
-4200,1400,131800,5
-7350,1401,131988,4
-14150,1402,132251,3
-14900,1403,132544,4
-14650,1404,132846,4
-2650,1405,132945,5
-9550,1406,133186,5
-9100,1407,133436,5
-3600,1408,133564,5
-13100,1409,133866,5
-5000,1410,134050,5
-850,1411,134105,5
-7100,1412,134323,5
-2700,1413,134425,5
-14550,1414,134794,5
-5700,1415,134902,3
-5150,1416,135091,5
1000,1417,135148,6
-1100,1418,135160,3
-6300,1419,135358,5
-6000,1420,135484,3
-6500,1421,135674,5
-9400,1422,135938,5
1350,1423,135989,5
-2350,1424,136094,5
1300,1425,136165,6
650,1426,136235,6
-1700,1427,136329,5
-2350,1428,136491,6
-2800,1429,136603,5
-2300,1430,136741,5
-2350,1431,136866,5
-5950,1432,137059,5
-3750,1433,137188,5
-600,1434,137202,3
-9550,1435,137443,5
750,1436,137478,5
-12300,1437,137747,4
-350,1438,137836,5
-8600,1439,138011,4
-3900,1440,138227,7
-900,1441,138293,5
1100,1442,138315,5
-7050,1443,138452,3
-24450,1444,139043,5
-38200,1445,139838,4
-1600,1446,139876,3
-1000,1447,139993,6
-3050,1448,140111,4
-5500,1449,140273,5
-1050,1450,140356,5
-16050,1451,140764,6
600,1452,140816,5
-1750,1453,140847,3
-11850,1454,141166,5
-650,1455,141175,3
-1500,1456,141285,5
-2900,1457,141391,5
-5150,1458,141548,5
-7450,1459,141747,5
-3450,1460,141915,6
-800,1461,141929,3
1650,1462,141970,5
-1650,1463,142093,5
750,1464,142165,6
-1750,1465,142200,3
-6450,1466,142415,5
-50,1467,142445,4
-7250,1468,142693,6
-7550,1469,142918,5
750,1470,142957,5
-8300,1471,143187,5
-16900,1472,143569,5
-10250,1473,143828,5
-600,1474,143838,3
-3750,1475,143938,4
-10750,1476,144235,5
0,1477,144287,5
-9500,1478,144545,5
-1400,1479,144629,5
-12500,1480,144951,5
-6250,1481,145105,4
1450,1482,145154,5
-700,1483,145248,5
-4900,1484,145415,6
-12550,1485,145777,6
800,1486,145821,5
1900,1487,145855,5
-600,1488,145877,3
-28050,1489,146532,5
-300,1490,146610,5
-500,1491,146680,5
550,1492,146755,5
-950,1493,146856,5
-800,1494,146932,5
-2350,1495,146992,4
-800,1496,147064,5
-1600,1497,147164,5
3150,1498,147212,6
1500,1499,147230,5
1800,1500,147287,6
750,1501,147403,6
350,1502,147462,5
100,1503,147508,5
1850,1504,147561,5
-7350,1505,147774,5
-3500,1506,147900,5
1650,1507,147957,5
-23350,1508,148494,5
-34000,1509,149229,4
-450,1510,149312,5
-750,1511,149393,5
-19100,1512,149875,5
-2200,1513,149967,5
-4650,1514,150122,5
-19750,1515,150611,5
-8000,1516,150839,5
-6450,1517,151018,5
-7150,1518,151240,6
-2000,1519,151368,5
-50,1520,151415,5
-13950,1521,151760,5
-600,1522,151770,3
-600,1523,151818,5
-1950,1524,151964,6
1500,1525,152039,6
850,1526,152084,5
50,1527,152141,5
-400,1528,152209,5
950,1529,152297,6
-17350,1530,152722,5
-14400,1531,153066,5
-3150,1532,153175,5
2250,1533,153197,6
1000,1534,153241,5
-2250,1535,153352,5
-22350,1536,153816,4
-3250,1537,153988,6
-900,1538,154066,5
-500,1539,154116,5
1150,1540,154155,5
-300,1541,154225,5
1100,1542,154255,5
-3050,1543,154443,6
150,1544,154481,4
-2200,1545,154523,3
500,1546,154593,5
-3250,1547,154740,5
-900,1548,154826,5
1950,1549,154878,6
-16500,1550,155288,5
-6350,1551,155489,5
-7800,1552,155721,5
-1200,1553,155776,4
-7500,1554,156014,5
-6700,1555,156224,5
-1800,1556,156344,5
-350,1557,156409,5
-450,1558,156484,5
-4200,1559,156591,4
-7200,1560,156799,5
-2600,1561,156923,5
550,1562,156937,4
-1450,1563,157028,5
-1700,1564,157126,5
-10250,1565,157421,5
-3300,1566,157572,6
450,1567,157683,7
150,1568,157742,5
-450,1569,157755,3
400,1570,157848,6
1600,1571,157872,5
1600,1572,157908,5
1850,1573,157949,5
50,1574,158030,5
2600,1575,158083,6
-300,1576,158099,3
-4500,1577,158249,5
-11150,1578,158554,5
-8650,1579,158838,6
700,1580,158876,5
-2050,1581,158983,5
1050,1582,159040,5
-1900,1583,159080,3
-4100,1584,159214,5
-600,1585,159228,3
-300,1586,159302,5
-2550,1587,159353,3
250,1588,159418,5
-150,1589,159475,5
-3200,1590,159627,5
-2700,1591,159749,5
-3600,1592,159872,4
-350,1593,159985,5
-2900,1594,160136,6
500,1595,160186,5
-1200,1596,160216,3
-5050,1597,160375,5
-2850,1598,160486,5
-2250,1599,160581,5
450,1600,160609,4
-6850,1601,160755,4
-1750,1602,160852,5
-8150,1603,161097,5
900,1604,161151,5
-5550,1605,161325,6
600,1606,161389,5
-2100,1607,161523,5
-2600,1608,161696,6
-9450,1609,161975,5
-1200,1610,162063,5
-100,1611,162117,5
-1500,1612,162190,4
300,1613,162244,5
950,1614,162299,5
-5300,1615,162473,5
-11650,1616,162768,5
-6150,1617,162941,5
-3250,1618,163084,5
-1650,1619,163179,5
-10250,1620,163515,6
-6500,1621,163701,5
-12350,1622,163994,5
-3500,1623,164132,5
-1850,1624,164247,5
-3700,1625,164361,5
1200,1626,164385,5
2600,1627,164445,5
50,1628,164530,5
-5000,1629,164657,4
3050,1630,164691,6
1050,1631,164768,5
1850,1632,164797,5
-23300,1633,165339,5
-550,1634,165350,3
1950,1635,165373,5
-6900,1636,165579,5
-9100,1637,165829,5
-450,1638,165888,5
1700,1639,165926,5
-900,1640,166012,5
3950,1641,166094,8
-7550,1642,166266,4
-2550,1643,166362,4
-11500,1644,166607,4
-1700,1645,166758,6
-5150,1646,166915,5
-8000,1647,167119,5
-1450,1648,167210,5
400,1649,167262,5
-8300,1650,167516,5
-1000,1651,167534,3
-40450,1652,168445,5
-900,1653,168519,5
1150,1654,168562,5
450,1655,168599,5
1400,1656,168660,6
1500,1657,168702,5
750,1658,168757,5
1300,1659,168807,5
1700,1660,168865,5
300,1661,168959,5
100,1662,169009,5
50,1663,169099,6
-1550,1664,169269,6
-550,1665,169284,3
-3600,1666,169436,5
-2300,1667,169554,5
600,1668,169606,5
-6000,1669,169806,5
400,1670,169903,6
-1450,1671,170064,7
1850,1672,170151,7
-12000,1673,170508,6
-1750,1674,170613,5
1200,1675,170653,5
-3200,1676,170789,5
-1300,1677,170899,5
-400,1678,170930,4
-750,1679,171052,6
-12150,1680,171386,6
-5600,1681,171521,4
-650,1682,171530,3
-6600,1683,171738,5
-21350,1684,172215,5
50,1685,172284,5
4450,1686,172351,7
1750,1687,172390,5
1700,1688,172428,5
-300,1689,172498,5
-6250,1690,172685,5
1400,1691,172733,5
-650,1692,172820,5
-950,1693,172905,5
-250,1694,173001,6
250,1695,173025,4
-7300,1696,173235,5
300,1697,173301,5
-5550,1698,173511,6
1350,1699,173550,5
-5900,1700,173744,5
-1100,1701,173764,3
-300,1702,173887,6
-5150,1703,174064,5
-19450,1704,174551,5
2500,1705,174635,7
-2400,1706,174698,4
-4950,1707,174810,4
-4800,1708,174904,3
-11200,1709,175179,4
-4400,1710,175335,5
-2200,1711,175377,3
-5450,1712,175560,5
-700,1713,175626,5
1350,1714,175677,5
1600,1715,175745,5
2450,1716,175791,6
1350,1717,175810,5
1900,1718,175836,5
-550,1719,175941,5
300,1720,175958,4
1500,1721,175976,5
-250,1722,176079,5
1250,1723,176132,5
-3700,1724,176282,5
-4100,1725,176456,5
150,1726,176474,4
1600,1727,176518,5
-3100,1728,176644,5
1000,1729,176717,6
1050,1730,176798,5
-2250,1731,176893,5
-3650,1732,177048,5
700,1733,177191,6
-7950,1734,177375,4
1000,1735,177419,5
2450,1736,177461,6
600,1737,177496,4
-1900,1738,177615,6
450,1739,177689,6
-2600,1740,177809,5
-4000,1741,177937,5
-100,1742,178068,6
-2700,1743,178166,5
-4250,1744,178297,5
-4350,1745,178462,5
-10100,1746,178724,5
1000,1747,178768,5
-6450,1748,178983,5
-7950,1749,179229,6
350,1750,179280,5
-7100,1751,179506,5
1350,1752,179598,6
-3850,1753,179749,5
1350,1754,179788,5
1900,1755,179846,5
1800,1756,179927,6
-1850,1757,180054,5
-6050,1758,180245,5
-5000,1759,180409,5
1500,1760,180443,5
-1500,1761,180471,3
1450,1762,180552,5
3550,1763,180616,6
1400,1764,180680,5
1450,1765,180717,5
-6100,1766,180952,6
-2400,1767,181076,5
250,1768,181125,5
700,1769,181159,5
-2250,1770,181274,5
-250,1771,181333,5
1450,1772,181382,5
-13400,1773,181698,5
1500,1774,181732,5
-13350,1775,182041,5
200,1776,182101,5
100,1777,182155,5
-1000,1778,182279,5
-1600,1779,182399,5
1550,1780,182446,5
450,1781,182482,4
-2250,1782,182626,6
-2700,1783,182809,6
-700,1784,182842,4
-2250,1785,183047,7
950,1786,183114,5
1400,1787,183154,5
-1750,1788,183243,5
-5700,1789,183393,5
-4450,1790,183560,5
-2600,1791,183688,5
-1100,1792,183741,4
-150,1793,183806,5
-1850,1794,183925,5
1500,1795,183967,5
-3400,1796,184111,5
1200,1797,184163,5
-1100,1798,184249,5
-550,1799,184330,5
500,1800,184396,5
-20300,1801,184927,6
1450,1802,184980,5
-1500,1803,185053,4
-5250,1804,185265,6
400,1805,185288,4
2500,1806,185351,6
-7000,1807,185612,6
-13000,1808,185932,5
-1850,1809,185977,3
2200,1810,186013,5
-1750,1811,186143,6
-400,1812,186203,5
2250,1813,186256,5
-2850,1814,186379,5
-1150,1815,186460,5
-100,1816,186526,5
-100,1817,186608,5
-1400,1818,186679,4
1300,1819,186725,5
1700,1820,186751,5
-8800,1821,187020,6
-3850,1822,187147,5
-3150,1823,187268,5
-3400,1824,187400,5
1900,1825,187438,5
1900,1826,187492,5
1450,1827,187501,5
1900,1828,187539,5
1950,1829,187586,5
1800,1830,187638,5
1650,1831,187675,5
-600,1832,187763,5
1150,1833,187802,5
-1450,1834,187897,5
-5300,1835,188022,4
1650,1836,188075,5
-2000,1837,188204,6
600,1838,188276,5
-650,1839,188371,5
-18100,1840,188809,5
-4000,1841,188961,5
-100,1842,189015,5
-8350,1843,189248,5
0,1844,189296,5
-12900,1845,189638,5
-5900,1846,189808,5
-950,1847,189897,5
2400,1848,189950,6
2950,1849,189982,6
1750,1850,190021,5
650,1851,190098,5
-3050,1852,190250,6
-250,1853,190263,3
700,1854,190317,5
-1800,1855,190450,6
2050,1856,190487,5
-3900,1857,190691,7
-2350,1858,190792,5
2200,1859,190860,5
1300,1860,190890,5
-1450,1861,190973,5
2650,1862,191039,6
-6300,1863,191261,5
200,1864,191304,4
1850,1865,191333,5
-4850,1866,191529,6
-5000,1867,191677,5
-15700,1868,192055,5
-800,1869,192135,5
-3200,1870,192251,5
1250,1871,192292,5
-7300,1872,192494,5
1250,1873,192531,5
1150,1874,192590,5
1050,1875,192663,5
1700,1876,192689,5
1500,1877,192747,5
2550,1878,192775,6
-4950,1879,192870,3
-11750,1880,193232,6
-6450,1881,193451,5
700,1882,193582,6
-950,1883,193609,3
1850,1884,193658,5
-8950,1885,193920,6
-5950,1886,194215,7
-4800,1887,194383,5
-1200,1888,194458,4
-150,1889,194473,3
300,1890,194593,7
850,1891,194671,6
-800,1892,194759,5
1600,1893,194803,5
-7700,1894,195033,5
-2250,1895,195144,5
-8650,1896,195387,5
2100,1897,195437,5
1150,1898,195525,6
-250,1899,195592,5
700,1900,195670,5
-1100,1901,195690,3
1350,1902,195741,5
4400,1903,195847,7
1650,1904,195900,5
300,1905,195990,5
2100,1906,196024,5
400,1907,196096,5
2750,1908,196156,6
2450,1909,196206,6
-4600,1910,196424,7
1700,1911,196442,5
1750,1912,196473,5
1250,1913,196510,5
1500,1914,196548,5
-1950,1915,196645,5
-250,1916,196712,5
-6900,1917,196952,7
3150,1918,197008,6
2800,1919,197041,6
2650,1920,197083,6
0,1921,197139,5
-300,1922,197213,5
1500,1923,197292,6
-9400,1924,197544,5
-10800,1925,197820,5
1800,1926,197864,5
-4750,1927,197984,4
-1250,1928,198005,3
2100,1929,198064,6
-5250,1930,198227,5
-5900,1931,198397,5
1400,1932,198453,5
-2500,1933,198604,6
-4300,1934,198684,3
-2150,1935,198793,5
1750,1936,198840,5
-4250,1937,198987,5
-4200,1938,199115,5
-17400,1939,199662,8
2150,1940,199702,6
-2650,1941,199825,5
-4300,1942,199996,6
-1300,1943,200078,5
-100,1944,200169,6
-2150,1945,200262,5
-2600,1946,200362,5
-6000,1947,200518,5
-150,1948,200575,5
200,1949,200590,4
-750,1950,200692,6
-6150,1951,200877,5
-300,1952,200902,4
1950,1953,200949,5
1350,1954,200980,5
2000,1955,201024,5
1000,1956,201072,5
-800,1957,201152,5
-2650,1958,201321,7
-1400,1959,201413,5
-1450,1960,201512,5
1400,1961,201544,5
800,1962,201645,6
-1000,1963,201667,3
1200,1964,201735,5
200,1965,201824,6
-3750,1966,201965,5
650,1967,202038,5
-4100,1968,202188,5
-200,1969,202272,5
-5100,1970,202454,5
900,1971,202541,6
1500,1972,202571,5
1750,1973,202610,5
-2950,1974,202752,6
-1250,1975,202839,5
-4550,1976,203004,5
-18450,1977,203516,6
-12850,1978,203847,5
1900,1979,203889,5
-2550,1980,204002,5
-200,1981,204094,5
1200,1982,204175,6
-9700,1983,204437,5
-5850,1984,204678,7
1900,1985,204716,5
-3550,1986,204874,6
-100,1987,204976,5
-100,1988,205038,5
-400,1989,205089,4
-7400,1990,205280,4
-7400,1991,205476,5
1050,1992,205513,5
1950,1993,205544,5
-1950,1994,205673,5
-6650,1995,205876,5
2150,1996,205919,5
600,1997,205967,5
-3700,1998,206056,4
-10550,1999,206345,5
1550,2000,206401,6
2000,2001,206457,5
-3350,2002,206610,5
1200,2003,206634,5
-5750,2004,206831,5
550,2005,206930,5
-2250,2006,207045,5
1850,2007,207098,5
-4950,2008,207337,7
1850,2009,207390,5
800,2010,207434,5
1700,2011,207530,7
2700,2012,207618,7
-250,2013,207701,5
-1850,2014,207849,6
5500,2015,207958,8
-3950,2016,208136,6
-13550,2017,208469,5
1100,2018,208531,5
-5250,2019,208694,5
1900,2020,208749,6
1850,2021,208786,5
2100,2022,208828,5
450,2023,208902,6
3350,2024,208962,6
1200,2025,209022,5
1350,2026,209069,5
-7200,2027,209265,5
950,2028,209340,5
2650,2029,209418,6
-50,2030,209485,5
-1650,2031,209572,5
1700,2032,209663,6
1000,2033,209797,7
1100,2034,209859,5
-2350,2035,210033,6
-9550,2036,210269,4
-3750,2037,210430,5
2250,2038,210484,6
1500,2039,210530,5
-1700,2040,210616,5
1400,2041,210624,5
-950,2042,210643,3
3900,2043,210690,6
50,2044,210731,5
2350,2045,210774,5
3050,2046,210824,6
2100,2047,210858,5
2200,2048,210898,5
1500,2049,210968,5
-4450,2050,211082,4
-3750,2051,211228,6
-2250,2052,211339,5
-2050,2053,211434,5
300,2054,211524,5
-800,2055,211624,5
1450,2056,211752,8
900,2057,211835,6
2300,2058,211877,5
-4250,2059,212065,6
-14800,2060,212417,5
-300,2061,212479,5
-700,2062,212573,5
2250,2063,212610,5
750,2064,212722,6
2250,2065,212759,5
1400,2066,212787,5
-1050,2067,212903,6
2500,2068,212945,5
2350,2069,212992,5
750,2070,213043,5
4200,2071,213138,8
-4750,2072,213299,5
-950,2073,213432,5
-6650,2074,213631,5
950,2075,213727,6
-2950,2076,213881,6
-450,2077,213952,5
-14350,2078,214281,5
-3650,2079,214416,5
-1600,2080,214520,5
-1100,2081,214654,5
2100,2082,214724,5
600,2083,214780,5
-500,2084,214842,5
650,2085,214928,6
-8400,2086,215164,5
4500,2087,215225,8
3200,2088,215295,7
-3800,2089,215427,5
-2000,2090,215465,3
-3850,2091,215620,5
-2700,2092,215811,6
1650,2093,215966,7
-16100,2094,216360,5
-19550,2095,216845,5
1000,2096,216909,5
-4300,2097,217083,5
-1350,2098,217213,6
-8900,2099,217467,5
-3700,2100,217633,5
-13900,2101,217963,5
1850,2102,218008,5
600,2103,218052,5
-14750,2104,218409,5
2300,2105,218464,6
-2150,2106,218561,5
-4450,2107,218765,6
-150,2108,218822,5
2600,2109,218886,5
-2050,2110,219067,7
-8350,2111,219324,5
-2800,2112,219488,5
-11400,2113,219706,3
-3750,2114,219859,5
-1900,2115,219944,4
-7900,2116,220190,5
-2300,2117,220284,5
-150,2118,220350,6
500,2119,220392,5
-7700,2120,220630,5
-6100,2121,220824,5
-1250,2122,220947,5
-3250,2123,221074,5
-900,2124,221098,3
-6200,2125,221278,5
1500,2126,221296,5
700,2127,221330,5
-8100,2128,221560,5
-1600,2129,221594,3
-2550,2130,221649,3
1250,2131,221702,5
-4750,2132,221871,5
1150,2133,221950,5
-2650,2134,222081,5
-2550,2135,222182,5
2700,2136,222228,5
-1850,2137,222265,3
450,2138,222326,5
550,2139,222369,5
1850,2140,222435,6
-400,2141,222532,6
1600,2142,222560,5
-14200,2143,222945,6
-1150,2144,222968,3
800,2145,223019,4
-17800,2146,223431,5
-14150,2147,223814,7
-350,2148,223928,6
1250,2149,223981,5
-4500,2150,224210,8
1650,2151,224243,5
-4000,2152,224371,5
-8800,2153,224599,5
-350,2154,224696,5
1450,2155,224757,5
-4150,2156,224926,5
-4000,2157,225094,5
-3250,2158,225229,5
3250,2159,225299,6
-9750,2160,225564,5
-2750,2161,225705,5
-850,2162,225743,4
400,2163,225783,5
500,2164,225804,4
1300,2165,225862,5
-2800,2166,225978,5
2200,2167,226030,5
950,2168,226077,5
-2850,2169,226216,5
-600,2170,226226,3
-3750,2171,226433,7
-3300,2172,226534,4
-6650,2173,226729,5
-8250,2174,226948,5
-100,2175,226981,4
-11800,2176,227359,7
2650,2177,227396,5
-14400,2178,227777,6
-2250,2179,227913,6
3800,2180,228097,9
-4150,2181,228298,5
-3150,2182,228443,5
-15250,2183,228810,5
-11900,2184,229067,4
-1250,2185,229273,8
2550,2186,229346,7
-9750,2187,229607,5
3200,2188,229710,8
0,2189,229762,5
-1650,2190,229971,7
-6900,2191,230173,5
2400,2192,230238,6
-12100,2193,230527,4
-11250,2194,230794,5
-750,2195,230805,3
-5650,2196,231062,7
1000,2197,231110,5
-17050,2198,231546,6
-3850,2199,231693,5
1750,2200,231724,5
-9950,2201,232026,6
-5350,2202,232220,6
-10700,2203,232490,5
-7000,2204,232755,6
-8700,2205,233062,6
-9300,2206,233304,5
-1400,2207,233392,5
1900,2208,233446,5
-2950,2209,233587,5
-300,2210,233603,3
-2450,2211,233726,5
2350,2212,233773,5
-29300,2213,234423,5
-4550,2214,234588,5
-3150,2215,234651,3
-2650,2216,234754,5
-3200,2217,234862,5
-1850,2218,234985,5
-5900,2219,235208,6
-6400,2220,235444,5
-1800,2221,235536,5
-3600,2222,235680,5
-2000,2223,235780,5
-2950,2224,235953,5
-250,2225,236048,5
-450,2226,236119,5
-2950,2227,236248,5
1300,2228,236295,6
3600,2229,236356,6
-11000,2230,236632,5
-20900,2231,237175,6
-500,2232,237277,5
-1400,2233,237303,3
2250,2234,237344,5
-2250,2235,237541,7
2000,2236,237577,5
-17500,2237,238069,7
-850,2238,238111,4
-400,2239,238199,5
-4400,2240,238380,6
-8300,2241,238610,5
-4000,2242,238696,3
-12700,2243,239064,7
-400,2244,239078,3
-17000,2245,239474,5
-7100,2246,239663,4
-7550,2247,239925,6
-500,2248,240002,4
-1700,2249,240096,5
-5850,2250,240213,3
-5650,2251,240351,4
-4750,2252,240500,5
-8800,2253,240744,5
2450,2254,240789,5
2300,2255,240823,5
-650,2256,240906,5
-2500,2257,241012,5
-850,2258,241107,5
150,2259,241243,6
-6300,2260,241445,5
-350,2261,241456,3
-2150,2262,241589,5
100,2263,241704,6
-1850,2264,241794,4
600,2265,241960,7
-16700,2266,242387,6
-7650,2267,242610,5
-11000,2268,242918,5
2200,2269,242982,5
-8100,2270,243338,7
3100,2271,243483,8
-6350,2272,243688,5
-2650,2273,243795,5
-12000,2274,244144,6
2600,2275,244246,7
2550,2276,244352,8
2800,2277,244453,6
-700,2278,244580,6
-100,2279,244600,3
-5650,2280,244819,5
-2350,2281,244948,5
1350,2282,245019,5
-19550,2283,245570,7
-7800,2284,245810,5
700,2285,245827,4
-5600,2286,245991,5
1650,2287,246028,5
-14550,2288,246409,5
-3200,2289,246545,5
-10900,2290,246823,5
-650,2291,246832,3
-2700,2292,246892,3
-800,2293,247017,6
850,2294,247114,5
-4200,2295,247299,6
-3700,2296,247437,5
-6350,2297,247564,3
-10300,2298,247883,6
-1400,2299,248016,6
1800,2300,248068,5
2750,2301,248199,9
950,2302,248262,5
-14850,2303,249034,14
-13450,2304,249340,4
6800,2305,249521,10
-19500,2306,250078,8
-17150,2307,250630,8
-4850,2308,250940,8
-23750,2309,251469,5
400,2310,251718,10
-3400,2311,251919,6
-10550,2312,252281,6
-10700,2313,252688,10
3450,2314,252738,6
1250,2315,252815,5
-2100,2316,252958,6
-13600,2317,253442,9
-4950,2318,253583,5
-1000,2319,253634,4
-200,2320,253702,5
-1450,2321,253899,7
-9150,2322,254152,5
-4950,2323,254353,5
-12950,2324,254842,9
1950,2325,254938,6
-5200,2326,255188,7
2600,2327,255467,12
-450,2328,255816,11
-4250,2329,256004,6
-7250,2330,256456,10
-9450,2331,256707,5
-2800,2332,256847,5
-5850,2333,257051,6
-16000,2334,257513,7
-17850,2335,258079,8
600,2336,258306,8
900,2337,258482,7
-1350,2338,258567,5
-13500,2339,258917,5
-2000,2340,259033,5
2050,2341,259185,8
-2950,2342,259314,5
-1000,2343,259402,5
-5300,2344,259621,6
-9450,2345,259892,5
-1050,2346,260040,6
-4950,2347,260238,6
-850,2348,260305,5
-3250,2349,260469,6
-1800,2350,260589,5
500,2351,260753,7
-1250,2352,260994,7
200,2353,261140,7
-15000,2354,261606,7
-1150,2355,261699,5
1750,2356,261914,9
150,2357,262062,6
-11000,2358,262354,5
-8350,2359,262726,8
1250,2360,262787,5
-2150,2361,262904,5
-3550,2362,263098,6
1200,2363,263303,10
-150,2364,263479,8
-3950,2365,263789,10
-2000,2366,264015,7
1750,2367,264062,5
400,2368,264167,6
-350,2369,264232,5
1850,2370,264253,5
-3000,2371,264405,5
6000,2372,264592,12
-1600,2373,264717,6
-5150,2374,264874,5
-250,2375,265125,9
500,2376,265228,6
1350,2377,265280,6
-700,2378,265399,6
-1750,2379,265632,9
3650,2380,265712,8
1650,2381,265840,8
-2200,2382,265972,5
-2650,2383,266046,4
3600,2384,266218,9
-150,2385,266283,5
2350,2386,266367,6
800,2387,266443,5
1650,2388,266528,5
-10550,2389,266825,5
-5750,2390,267069,8
6150,2391,267196,9
-4050,2392,267413,7
-4900,2393,267653,7
2050,2394,267787,6
-950,2395,267896,5
-5100,2396,268058,5
4000,2397,268139,6
3250,2398,268516,13
-850,2399,268619,5
-2550,2400,268744,5
-10400,2401,269012,5
-1900,2402,269127,6
300,2403,269205,5
600,2404,269359,7
-550,2405,269444,5
-1400,2406,269536,5
-11400,2407,269898,7
1300,2408,269956,5
300,2409,270091,6
600,2410,270356,10
500,2411,270377,4
-600,2412,270395,3
2100,2413,270433,5
-400,2414,270447,3
2850,2415,270554,7
1100,2416,270580,5
-450,2417,270671,5
-2200,2418,270779,5
1300,2419,270813,5
2000,2420,270865,5
1650,2421,270992,7
1550,2422,271063,5
1750,2423,271102,5
-2950,2424,271293,7
-2850,2425,271420,5
-6200,2426,271624,5
0,2427,271749,6
800,2428,271773,5
1250,2429,271814,5
3450,2430,271908,6
-1250,2431,271958,4
-950,2432,272080,6
0,2433,272164,5
950,2434,272203,5
950,2435,272250,5
-1900,2436,272356,5
-2850,2437,272516,6
-3250,2438,272655,5
1700,2439,272713,5
1450,2440,272762,5
1050,2441,272815,5
-2000,2442,272993,7
-500,2443,273005,3
3950,2444,273192,9
550,2445,273239,5
400,2446,273316,6
500,2447,273387,6
-950,2448,273468,5
1000,2449,273774,11
1750,2450,273882,6
-3050,2451,274067,7
-2050,2452,274108,3
-4200,2453,274276,5
3200,2454,274402,7
-2650,2455,274566,6
1400,2456,274610,5
3300,2457,274677,6
1300,2458,274735,5
1900,2459,274786,6
1200,2460,274896,7
1100,2461,274942,5
0,2462,275014,5
-1150,2463,275177,7
2100,2464,275252,6
2700,2465,275353,8
1550,2466,275388,5
3600,2467,275458,7
150,2468,275541,5
-150,2469,275634,5
1050,2470,275691,5
3100,2471,275779,7
-1100,2472,275870,6
-1750,2473,276000,6
5150,2474,276221,11
-5550,2475,276484,7
850,2476,276558,6
2400,2477,276602,5
1500,2478,276660,5
9050,2479,276738,10
-350,2480,276811,5
350,2481,276959,6
-600,2482,277039,5
-400,2483,277123,5
-850,2484,277136,3
650,2485,277222,6
450,2486,277267,5
3350,2487,277357,8
4050,2488,277433,8
1050,2489,277510,5
4700,2490,277688,9
2300,2491,277758,5
2350,2492,277843,7
1300,2493,277877,5
2850,2494,277947,6
350,2495,278039,6
3600,2496,278088,6
700,2497,278130,5
5600,2498,278278,9
-350,2499,278405,7
-1450,2500,278524,5
1200,2501,278605,6
1950,2502,278702,7
400,2503,278786,5
200,2504,278932,7
-1100,2505,279018,5
900,2506,279060,5
-400,2507,279235,8
1250,2508,279276,5
1550,2509,279307,5
450,2510,279372,5
1350,2511,279419,5
1050,2512,279456,5
1600,2513,279516,5
-300,2514,279528,3
3850,2515,279575,7
1550,2516,279765,8
500,2517,279910,8
-2600,2518,280030,5
-500,2519,280108,5
1100,2520,280150,5
-400,2521,280206,5
350,2522,280302,6
-1900,2523,280449,6
1350,2524,280488,5
1800,2525,280536,5
2950,2526,280694,8
1550,2527,280737,5
6900,2528,280908,10
2300,2529,280971,6
250,2530,281061,6
1500,2531,281141,7
50,2532,281386,9
1650,2533,281456,6
0,2534,281483,4
-50,2535,281776,11
150,2536,281914,8
2450,2537,282053,7
2100,2538,282239,9
-800,2539,282327,5
450,2540,282376,5
-400,2541,282415,4
2450,2542,282510,7
1550,2543,282545,5
3500,2544,282641,7
1650,2545,282686,5
300,2546,282732,5
1200,2547,282764,5
3150,2548,282938,8
-1550,2549,283027,5
-1850,2550,283155,6
3450,2551,283332,9
3350,2552,283459,9
50,2553,283536,5
-9850,2554,283922,8
1700,2555,283984,5
4450,2556,284104,8
2800,2557,284173,6
2750,2558,284229,6
700,2559,284287,5
1650,2560,284353,6
6100,2561,284492,10
650,2562,284525,5
-550,2563,284626,5
3850,2564,284706,8
7500,2565,284828,9
6050,2566,284969,9
1150,2567,285008,5
1250,2568,285069,5
3200,2569,285241,9
100,2570,285323,5
1950,2571,285472,7
4050,2572,285539,7
4300,2573,285665,9
2250,2574,285735,6
450,2575,285780,5
2500,2576,285799,6
2850,2577,285997,10
3850,2578,286097,8
4500,2579,286206,8
900,2580,286232,5
600,2581,286340,5
1400,2582,286405,6
4000,2583,286483,7
1250,2584,286626,7
1500,2585,286677,6
-150,2586,286758,5
450,2587,286807,5
3350,2588,286934,9
2000,2589,287015,6
2300,2590,287107,7
3000,2591,287192,6
1500,2592,287246,5
2950,2593,287326,6
7450,2594,287435,9
1650,2595,287460,5
2450,2596,287530,6
2450,2597,287564,6
3850,2598,287730,10
1050,2599,287763,5
2600,2600,287873,7
2700,2601,287949,7
4600,2602,288056,8
8000,2603,288170,11
950,2604,288279,7
1300,2605,288329,5
50,2606,288382,5
6950,2607,288563,11
4800,2608,288743,9
1000,2609,288791,5
3850,2610,289045,10
3600,2611,289139,7
2350,2612,289211,6
4650,2613,289327,8
1900,2614,289354,6
1050,2615,289387,5
3550,2616,289477,8
650,2617,289489,4
900,2618,289522,4
-550,2619,289599,5
5800,2620,289821,11
5150,2621,289955,8
1050,2622,290004,5
4050,2623,290086,6
3350,2624,290179,7
750,2625,290239,6
-800,2626,290413,7
1750,2627,290473,6
-450,2628,290486,3
2000,2629,290528,7
-1500,2630,290642,5
-4050,2631,290912,8
1050,2632,290957,5
2050,2633,291007,6
4400,2634,291119,9
4400,2635,291181,7
2000,2636,291226,6
4350,2637,291295,7
1450,2638,291312,5
-100,2639,291411,6
-2800,2640,291527,5
750,2641,291615,6
3750,2642,291737,8
1450,2643,291779,6
100,2644,291833,5
6500,2645,292001,11
1950,2646,292057,6
2250,2647,292155,6
2550,2648,292235,6
450,2649,292308,5
-1350,2650,292560,8
650,2651,292642,6
0,2652,292755,6
-1200,2653,292843,5
-3250,2654,292986,5
1100,2655,293057,6
-550,2656,293134,5
50,2657,293216,6
2900,2658,293283,6
-450,2659,293370,5
1600,2660,293443,6
7250,2661,293553,10
800,2662,293601,5
1400,2663,293629,5
2500,2664,293680,6
1500,2665,293702,5
5600,2666,293805,8
3900,2667,293905,7
3400,2668,294003,7
-300,2669,294040,4
-750,2670,294170,6
500,2671,294281,6
-100,2672,294314,4
1700,2673,294336,5
1650,2674,294439,7
4550,2675,294598,9
850,2676,294643,5
2250,2677,294693,6
2600,2678,294750,6
3050,2679,294792,6
2000,2680,294840,5
1400,2681,294917,6
3250,2682,294972,7
5650,2683,295072,8
950,2684,295127,5
3750,2685,295175,6
5050,2686,295279,8
200,2687,295502,8
3750,2688,295599,7
1150,2689,295642,5
3600,2690,295766,9
6500,2691,295872,9
100,2692,295918,5
3550,2693,295994,6
1300,2694,296056,5
1150,2695,296083,5
2700,2696,296187,7
6650,2697,296308,9
2950,2698,296372,6
-4450,2699,296610,8
750,2700,296785,9
50,2701,296858,5
2000,2702,296987,6
750,2703,297051,6
1600,2704,297087,5
-6250,2705,297241,4
3950,2706,297306,7
-50,2707,297451,7
100,2708,297567,7
3450,2709,297741,10
2250,2710,297824,7
5000,2711,297903,8
7250,2712,298040,9
5100,2713,298151,10
1250,2714,298220,5
3500,2715,298275,6
2250,2716,298394,7
1850,2717,298464,6
-1250,2718,298489,3
1050,2719,298534,5
350,2720,298581,5
5500,2721,298695,9
7300,2722,298831,11
5500,2723,299050,10
2100,2724,299158,7
850,2725,299248,6
1400,2726,299308,5
1450,2727,299411,7
1850,2728,299542,7
7200,2729,299745,12
2000,2730,299809,5
1100,2731,299851,5
850,2732,299916,5
3950,2733,300018,8
650,2734,300227,9
-300,2735,300297,5
1950,2736,300427,8
150,2737,300543,6
1700,2738,300605,5
-800,2739,300627,3
1400,2740,300683,5
2500,2741,300742,6
6850,2742,300835,9
3150,2743,300896,7
-50,2744,300971,5
1900,2745,301026,6
1850,2746,301112,6
2300,2747,301195,6
-50,2748,301298,5
-50,2749,301377,5
2200,2750,301446,6
750,2751,301481,5
1250,2752,301596,7
-600,2753,301610,3
2000,2754,301655,6
2950,2755,301756,7
3650,2756,301834,6
3200,2757,301888,7
750,2758,301935,5
2900,2759,302003,7
1250,2760,302052,5
1600,2761,302124,5
750,2762,302191,5
1650,2763,302236,5
2450,2764,302330,6
900,2765,302360,5
3500,2766,302452,7
1450,2767,302501,5
-650,2768,302657,6
3800,2769,302792,8
1500,2770,302891,6
4250,2771,302990,7
1350,2772,303029,5
950,2773,303133,6
1650,2774,303174,5
-600,2775,303234,5
700,2776,303313,6
-1900,2777,303329,3
3750,2778,303468,9
700,2779,303498,5
100,2780,303572,5
-1500,2781,303634,5
3550,2782,303855,11
2800,2783,303974,8
7250,2784,304145,11
50,2785,304222,5
1900,2786,304236,5
-700,2787,304248,3
2750,2788,304455,9
-1000,2789,304604,6
-400,2790,304614,3
5450,2791,304699,9
-550,2792,304780,5
3500,2793,304851,6
700,2794,304905,5
1350,2795,304928,5
1100,2796,304958,5
500,2797,305032,5
100,2798,305069,4
1350,2799,305161,6
-2450,2800,305256,5
-1150,2801,305357,5
3450,2802,305490,9
1650,2803,305568,6
1800,2804,305641,6
4350,2805,305874,11
3500,2806,305995,8
1000,2807,306051,5
4100,2808,306169,9
1550,2809,306281,6
5350,2810,306475,12
600,2811,306584,6
1450,2812,306720,8
-4700,2813,306882,5
-2900,2814,307024,5
-2200,2815,307160,5
50,2816,307217,5
100,2817,307246,4
-3800,2818,307382,5
550,2819,307437,5
1000,2820,307501,5
1950,2821,307533,6
250,2822,307655,6
-13350,2823,308050,7
-1250,2824,308075,3
2100,2825,308130,6
2450,2826,308192,6
5750,2827,308323,9
-7450,2828,308534,5
-2700,2829,308664,5
-5200,2830,308852,5
900,2831,308997,8
-400,2832,309057,5
750,2833,309141,6
2000,2834,309336,8
3350,2835,309641,11
6650,2836,309823,10
-2200,2837,309955,5
-5450,2838,310268,7
-150,2839,310292,4
3200,2840,310405,6
700,2841,310529,7
-1550,2842,310614,5
-1400,2843,310775,6
-2350,2844,310973,6
-1800,2845,311122,6
-1150,2846,311202,4
1350,2847,311305,5
-150,2848,311382,5
1900,2849,311457,6
950,2850,311513,6
800,2851,311597,5
2400,2852,311662,6
-600,2853,311882,9
2200,2854,311951,6
1100,2855,311989,5
1550,2856,312037,6
-1350,2857,312155,6
550,2858,312234,5
550,2859,312273,5
900,2860,312319,5
400,2861,312407,5
2200,2862,312471,5
3850,2863,312578,7
-17450,2864,313009,5
-2000,2865,313117,5
500,2866,313187,5
-2300,2867,313379,7
-4050,2868,313597,8
-700,2869,313732,6
-1600,2870,313758,3
-850,2871,313825,5
-600,2872,313897,5
-550,2873,313908,3
-200,2874,313988,5
50,2875,314131,7
-1750,2876,314285,6
250,2877,314366,5
-350,2878,314443,5
200,2879,314633,7
-2600,2880,314761,5
-2850,2881,314888,5
-1700,2882,314974,5
-950,2883,315051,5
-550,2884,315156,5
-900,2885,315210,5
-3650,2886,315435,7
-600,2887,315453,3
-400,2888,315508,4
250,2889,315561,5
-400,2890,315633,5
-3500,2891,315755,5
-1150,2892,315823,4
1100,2893,315853,5
-650,2894,315912,5
-5500,2895,316184,7
150,2896,316330,8
600,2897,316386,5
-500,2898,316451,4
1150,2899,316555,6
3950,2900,316681,8
950,2901,316736,5
1850,2902,316789,5
200,2903,316841,5
3250,2904,316949,8
2000,2905,317031,7
2350,2906,317115,6
900,2907,317141,5
850,2908,317190,5
-1150,2909,317205,3
-950,2910,317368,7
-4050,2911,317543,5
-1000,2912,317665,7
-3750,2913,317814,5
-1350,2914,317887,5
-3550,2915,318012,5
-2800,2916,318186,7
-2200,2917,318344,7
-3900,2918,318551,6
-300,2919,318666,6
900,2920,318704,5
1450,2921,318757,5
2050,2922,318819,6
-1450,2923,318906,5
-1200,2924,319055,6
2850,2925,319146,7
-6900,2926,319389,6
-1550,2927,319478,5
-900,2928,319544,5
-100,2929,319598,5
-1150,2930,319691,5
900,2931,319733,5
-2750,2932,319792,3
-2750,2933,319926,6
50,2934,319995,5
950,2935,320050,5
-300,2936,320346,11
1850,2937,320471,9
-2250,2938,320562,5
2200,2939,320643,6
550,2940,320706,5
-700,2941,320722,3
100,2942,320784,5
-1300,2943,320878,5
-9150,2944,321098,4
-1850,2945,321238,6
850,2946,321345,7
-600,2947,321372,4
0,2948,321391,4
-1850,2949,321408,3
100,2950,321491,6
2600,2951,321560,6
6000,2952,321692,9
-2350,2953,321871,7
1500,2954,321929,5
-1400,2955,322116,8
-1500,2956,322132,3
-1000,2957,322142,3
-7350,2958,322445,7
-2850,2959,322572,5
-2550,2960,322791,7
100,2961,322902,6
400,2962,322954,5
1650,2963,323045,7
1550,2964,323068,5
-8400,2965,323407,8
-9500,2966,323797,9
-1050,2967,323916,5
2000,2968,324148,9
-750,2969,324246,6
2050,2970,324344,6
-6350,2971,324655,7
-11250,2972,324930,5
-3000,2973,325046,5
-6100,2974,325302,7
-8600,2975,325530,5
-1000,2976,325544,3
-4850,2977,325884,10
-1700,2978,325958,5
-1400,2979,326116,7
-4950,2980,326425,9
1400,2981,326645,9
150,2982,326760,5
450,2983,326837,5
5250,2984,326974,9
3800,2985,327082,9
-800,2986,327284,7
-1400,2987,327376,5
2800,2988,327538,7
1200,2989,327611,6
-750,2990,327729,6
-350,2991,327794,5
-2450,2992,327925,5
1400,2993,327981,5
2450,2994,328129,8
-8950,2995,328428,7
350,2996,328479,5
1650,2997,328598,7
3950,2998,328772,8
850,2999,328903,7
-400,3000,328995,5
-950,3001,329084,5
-1150,3002,329202,6
1200,3003,329258,5
-150,3004,329385,7
1250,3005,329439,6
-1850,3006,329612,7
5050,3007,329746,10
2800,3008,329909,8
1050,3009,330065,8
-10500,3010,330375,5
-1500,3011,330485,5
-4250,3012,330632,5
400,3013,330700,5
-650,3014,330891,9
-6650,3015,331288,11
750,3016,331327,5
-4500,3017,331473,5
2350,3018,331542,7
-950,3019,331651,5
-900,3020,331778,6
-2350,3021,331915,5
1550,3022,331946,5
650,3023,332036,6
-3550,3024,332099,3
-1450,3025,332136,3
-4800,3026,332406,7
3700,3027,332514,7
1400,3028,332627,6
-900,3029,332639,3
1050,3030,332950,11
-7850,3031,333262,6
450,3032,333319,5
1450,3033,333368,5
-650,3034,333467,5
2900,3035,333506,6
600,3036,333546,5
8800,3037,333755,14
2150,3038,333820,7
1700,3039,333874,5
-700,3040,334021,6
-1350,3041,334122,5
-10450,3042,334445,5
-8000,3043,334685,5
-350,3044,334798,5
-2550,3045,335001,7
-850,3046,335018,3
-8750,3047,335350,8
-600,3048,335360,3
-500,3049,335380,3
-2600,3050,335480,5
150,3051,335774,12
-850,3052,336100,12
-7500,3053,336330,5
-2900,3054,336440,5
-9100,3055,336703,6
-300,3056,336797,5
-17250,3057,337265,6
-2000,3058,337369,5
200,3059,337437,5
-2750,3060,337698,9
3950,3061,337795,7
-7650,3062,338126,9
-6150,3063,338442,8
-600,3064,338535,6
-100,3065,338609,5
-1650,3066,338778,7
-7100,3067,338968,5
1250,3068,339026,6
2350,3069,339114,6
100,3070,339176,5
2700,3071,339256,7
1750,3072,339303,5
1450,3073,339410,7
-1550,3074,339585,7
-3550,3075,339677,4
-2650,3076,339854,7
2800,3077,339998,9
700,3078,340069,6
750,3079,340100,5
700,3080,340130,5
1500,3081,340184,5
900,3082,340226,5
3750,3083,340357,9
1250,3084,340426,5
4000,3085,340525,8
-1200,3086,340593,5
-2150,3087,340739,6
-150,3088,340791,4
850,3089,340868,5
-650,3090,340997,7
3750,3091,341082,7
3600,3092,341156,7
-2400,3093,341252,5
-2600,3094,341388,5
1250,3095,341424,4
-750,3096,341443,3
850,3097,341520,5
-2650,3098,341701,7
-4200,3099,341939,7
0,3100,341999,5
-400,3101,342063,5
-1100,3102,342255,7
-1800,3103,342437,7
-1300,3104,342515,5
2000,3105,342642,8
-2250,3106,342881,9
-450,3107,343001,6
-2650,3108,343308,9
-2600,3109,343432,5
-7150,3110,343633,5
-650,3111,343848,9
1350,3112,344067,9
200,3113,344189,7
50,3114,344234,5
-1900,3115,344352,5
800,3116,344543,8
-650,3117,344663,6
-500,3118,344737,5
-1550,3119,344909,8
200,3120,344961,5
-1600,3121,345073,5
-10450,3122,345377,6
400,3123,345404,4
-8850,3124,345648,6
450,3125,345713,5
-1000,3126,345772,4
-250,3127,345831,5
1500,3128,345881,5
-1250,3129,346034,7
-500,3130,346169,6
-1900,3131,346239,5
-900,3132,346309,5
750,3133,346360,5
-1350,3134,346437,5
-12550,3135,346849,8
-5500,3136,347175,9
4100,3137,347383,11
-1900,3138,347481,5
250,3139,347668,7
-3300,3140,347802,5
-10750,3141,348120,6
-7850,3142,348331,5
-2250,3143,348454,5
700,3144,348540,5
2850,3145,348619,7
400,3146,348651,5
350,3147,348739,6
-2750,3148,348860,5
-200,3149,349011,8
2400,3150,349047,5
-6350,3151,349379,8
-3250,3152,349502,5
300,3153,349672,9
-1050,3154,349734,4
-750,3155,349803,5
2400,3156,349860,6
150,3157,349890,4
950,3158,350052,8
1550,3159,350128,6
100,3160,350235,6
-700,3161,350317,5
0,3162,350344,4
-550,3163,350355,3
-100,3164,350437,5
1800,3165,350534,6
-1000,3166,350606,5
1450,3167,350643,5
-9900,3168,351012,8
-4850,3169,351342,8
-1200,3170,351426,5
1700,3171,351509,6
3300,3172,351638,8
1150,3173,351677,5
-2500,3174,351799,5
2300,3175,351896,8
-2200,3176,352024,5
700,3177,352078,5
1300,3178,352145,6
1300,3179,352179,5
-2300,3180,352285,5
-1350,3181,352358,5
450,3182,352386,4
3100,3183,352541,10
-4800,3184,352717,5
-4150,3185,352850,5
400,3186,352927,6
1700,3187,352978,6
-7750,3188,353258,8
1050,3189,353348,6
1550,3190,353404,6
-250,3191,353459,5
-3550,3192,353625,6
-2950,3193,353754,5
-600,3194,353879,6
2350,3195,353930,5
-1250,3196,353951,3
-1400,3197,354257,11
-4650,3198,354506,7
-3200,3199,354667,6
-6100,3200,354890,6
550,3201,355044,8
-7850,3202,355371,9
550,3203,355426,5
-11550,3204,355760,6
-6800,3205,355944,5
-4950,3206,356151,7
-2450,3207,356287,6
900,3208,356304,4
-7700,3209,356477,4
-350,3210,356542,5
-950,3211,356701,7
-2050,3212,356788,5
-400,3213,356889,6
-5050,3214,357166,7
-17100,3215,357715,8
-2350,3216,357832,5
1650,3217,357889,5
750,3218,357944,5
-1050,3219,358023,5
2300,3220,358143,7
1950,3221,358260,7
2650,3222,358350,6
-6900,3223,358540,5
-2300,3224,358678,5
700,3225,358762,7
-400,3226,358821,4
-1450,3227,358875,4
-6600,3228,359136,6
1400,3229,359209,6
-3000,3230,359350,6
2700,3231,359438,7
500,3232,359541,6
-4150,3233,359760,7
-4400,3234,359961,6
-13950,3235,360455,10
2000,3236,360496,6
-750,3237,360626,6
-8400,3238,360923,6
-10750,3239,361228,5
4350,3240,361387,9
-3950,3241,361558,7
-350,3242,361640,6
-7000,3243,361836,5
-4100,3244,362076,7
-3500,3245,362202,5
-8300,3246,362490,7
-9250,3247,362725,5
-11800,3248,363075,7
3850,3249,363171,8
700,3250,363209,5
150,3251,363244,5
50,3252,363313,5
-4650,3253,363480,5
450,3254,363532,4
400,3255,363575,4
-3200,3256,363735,5
-15650,3257,364263,10
-1400,3258,364371,5
-5900,3259,364729,9
-4800,3260,364978,6
1000,3261,365022,5
900,3262,365043,4
1500,3263,365126,6
-950,3264,365215,5
-350,3265,365379,8
-700,3266,365469,5
1300,3267,365532,6
-2250,3268,365643,5
-1850,3269,365734,5
900,3270,365764,5
-400,3271,365832,5
-2450,3272,365935,5
750,3273,365982,5
-200,3274,366042,5
2900,3275,366122,7
-4400,3276,366344,7
1150,3277,366379,5
-250,3278,366446,5
-350,3279,366626,8
2050,3280,366715,5
-400,3281,366783,5
-6250,3282,367068,7
3600,3283,367237,10
-800,3284,367280,4
-5900,3285,367619,10
1050,3286,367804,9
-1900,3287,367910,5
650,3288,367938,4
-2050,3289,368020,4
150,3290,368066,4
-3000,3291,368292,7
-4550,3292,368437,5
-7550,3293,368801,8
-1550,3294,368919,6
-300,3295,369005,5
1300,3296,369051,5
-1050,3297,369138,5
-1100,3298,369253,6
-1200,3299,369406,6
-5650,3300,369614,6
50,3301,369691,5
1550,3302,369726,5
200,3303,369880,7
-800,3304,369973,6
2950,3305,370037,6
-4200,3306,370190,6
-50,3307,370277,5
1650,3308,370314,5
500,3309,370408,5
-15200,3310,370780,5
-500,3311,370870,5
1100,3312,370912,5
1000,3313,370956,5
1450,3314,370977,5
650,3315,371062,5
-5850,3316,371269,5
-2100,3317,371384,6
-700,3318,371466,5
-5450,3319,371735,7
-4800,3320,372066,8
-1550,3321,372232,6
950,3322,372596,14
-27200,3323,373204,5
-25100,3324,373811,6
250,3325,373946,7
-3850,3326,374133,5
150,3327,374224,5
-1350,3328,374345,5
800,3329,374414,6
-1600,3330,374518,5
-2200,3331,374568,3
-6800,3332,374818,7
350,3333,374881,5
-4750,3334,375112,7
-1900,3335,375263,6
1350,3336,375326,5
-10900,3337,375612,5
1450,3338,375674,6
-15550,3339,376039,5
-24650,3340,376710,9
350,3341,376752,4
-16900,3342,377249,8
-2750,3343,377378,5
-4700,3344,377478,3
-1600,3345,377624,7
-13600,3346,377976,5
0,3347,378097,6
-16750,3348,378539,6
-100,3349,378691,7
-200,3350,378804,6
-3550,3351,378949,5
-7400,3352,379251,7
-6350,3353,379468,5
-6900,3354,379698,5
-10200,3355,379896,3
-6800,3356,380068,5
-26750,3357,380768,8
600,3358,380812,5
-2200,3359,381014,7
-6250,3360,381320,8
-400,3361,381330,3
-5750,3362,381527,5
-14000,3363,382055,9
-7450,3364,382242,5
-1400,3365,382313,4
-25100,3366,382978,8
-2200,3367,383012,3
-4950,3368,383148,4
-250,3369,383227,5
-6500,3370,383405,5
-21450,3371,383896,5
-20750,3372,384394,6
-9450,3373,384613,5
-6550,3374,384753,4
200,3375,384854,6
-6200,3376,385034,5
-12350,3377,385310,4
-7450,3378,385484,4
1400,3379,385516,5
-5000,3380,385610,3
-5500,3381,385837,6
8700,3382,385980,10
50,3383,386123,7
-2350,3384,386392,9
-10450,3385,386614,4
-2300,3386,386716,5
1600,3387,386728,5
-2700,3388,386830,5
-6500,3389,387008,5
-450,3390,387063,5
-650,3391,387080,3
-1650,3392,387228,6
-200,3393,387242,3
-7050,3394,387441,5
-11650,3395,387757,6
-6950,3396,387942,5
-7550,3397,388167,5
-2250,3398,388323,6
-3850,3399,388429,4
150,3400,388522,7
200,3401,388582,5
300,3402,388717,6
-2750,3403,388859,6
-950,3404,388948,5
2750,3405,389036,6
-6500,3406,389313,8
300,3407,389387,5
-7300,3408,389663,7
-11500,3409,389929,5
-7250,3410,390209,6
-950,3411,390220,3
-25650,3412,390771,5
-9600,3413,391137,7
-2100,3414,391251,5
-3150,3415,391343,4
-5300,3416,391497,5
-13100,3417,391863,5
-4450,3418,392030,5
-4300,3419,392180,5
-2950,3420,392374,6
-2150,3421,392483,5
-9950,3422,392802,7
-18900,3423,393154,3
-12250,3424,393477,5
-700,3425,393523,5
-2950,3426,393574,3
-15100,3427,393945,6
-11250,3428,394273,6
-2350,3429,394341,4
-6200,3430,394529,5
-2100,3431,394651,5
-6050,3432,394883,6
200,3433,394997,7
-3650,3434,395128,5
-1700,3435,395255,6
-29600,3436,395935,5
550,3437,395949,4
-4900,3438,396279,9
-1650,3439,396563,10
-13550,3440,396945,6
-14550,3441,397339,6
-11500,3442,397714,6
-1500,3443,397854,7
-2600,3444,397982,5
-2850,3445,398088,4
-8550,3446,398366,6
-7050,3447,398618,6
-4100,3448,398784,5
-4300,3449,398983,6
1950,3450,399100,7
-3250,3451,399153,3
-5650,3452,399303,4
-2650,3453,399348,3
-1850,3454,399393,3
-4350,3455,399558,5
-2800,3456,399711,6
550,3457,399823,6
-4050,3458,399954,5
-6150,3459,400111,5
-14300,3460,400461,5
-33200,3461,401169,5
-6800,3462,401369,5
-1650,3463,401390,3
-6500,3464,401518,3
-7950,3465,401747,5
-19200,3466,402389,11
-9400,3467,402777,9
-5000,3468,402888,4
-13950,3469,403335,7
-5500,3470,403655,7
-36350,3471,404465,6
-1300,3472,404567,5
950,3473,404635,6
-7450,3474,404866,5
-1650,3475,404949,5
-15650,3476,405275,4
-36400,3477,406141,7
-9100,3478,406342,4
-26500,3479,406936,5
1150,3480,406995,5
-1750,3481,407174,7
-2500,3482,407292,5
-9250,3483,407515,5
-4100,3484,407665,5
-10950,3485,408044,7
-7500,3486,408410,9
-5050,3487,408647,7
-9100,3488,409005,9
-5250,3489,409160,5
-5250,3490,409323,5
-21950,3491,409963,8
-21100,3492,410458,6
400,3493,410481,4
-2800,3494,410540,4
-2100,3495,410654,5
-5400,3496,410785,4
600,3497,410804,4
-1350,3498,410819,3
-1600,3499,410960,6
-12500,3500,411266,5
-8800,3501,411522,5
-150,3502,411542,4
0,3503,411573,4
-1450,3504,411676,5
-5200,3505,411917,6
150,3506,412127,8
-1100,3507,412304,8
500,3508,412428,7
-5300,3509,412521,4
-1200,3510,412605,5
-3400,3511,412712,4
-4450,3512,412867,5
-2750,3513,412988,5
-950,3514,413011,3
-1200,3515,413095,5
-700,3516,413107,3
-16700,3517,413526,6
-8150,3518,413842,8
1050,3519,413993,7
-16800,3520,414426,6
-6550,3521,414627,5
-1900,3522,414734,6
-150,3523,414786,4
-12300,3524,415125,6
-4900,3525,415299,5
-2650,3526,415480,7
-2800,3527,415665,6
-3950,3528,415834,5
-5300,3529,416110,7
-21650,3530,416613,5
-4150,3531,416684,3
-7750,3532,416901,5
-10550,3533,417207,6
-19950,3534,417624,5
-40800,3535,418570,7
-19550,3536,419072,6
-17400,3537,419504,5
-14750,3538,419922,6
-9150,3539,420184,6
600,3540,420215,4
150,3541,420339,6
1750,3542,420411,6
-10750,3543,420741,6
150,3544,420755,4
-8050,3545,421011,6
-3500,3546,421273,9
-13150,3547,421586,5
-1900,3548,421712,5
-1450,3549,421794,4
-10650,3550,422127,7
2850,3551,422190,7
-1900,3552,422300,5
-15100,3553,422720,7
-6350,3554,422917,5
-750,3555,422928,3
-28600,3556,423590,7
-15300,3557,423997,6
-6800,3558,424218,6
-17150,3559,424688,6
-5950,3560,424865,5
-2150,3561,424995,6
-11150,3562,425235,4
-800,3563,425331,5
-6650,3564,425522,5
-15000,3565,425984,7
-6200,3566,426233,6
-4600,3567,426598,10
-2050,3568,426701,5
-21550,3569,427259,6
-4800,3570,427443,5
-10900,3571,427921,9
-12450,3572,428334,7
-3000,3573,428496,7
-6100,3574,428703,6
-750,3575,428722,3
-5350,3576,428874,4
1700,3577,428904,5
-13950,3578,429265,5
-4950,3579,429541,8
-14300,3580,429895,5
-12950,3581,430261,6
-1050,3582,430282,3
-5750,3583,430451,5
-10000,3584,430866,8
-9100,3585,431160,5
-8150,3586,431336,4
-3700,3587,431540,7
-13700,3588,431956,7
-2650,3589,432050,4
-2350,3590,432065,3
-11450,3591,432466,7
-250,3592,432479,3
-9000,3593,432871,9
-2250,3594,433002,5
-1150,3595,433017,3
-19150,3596,433490,5
-350,3597,433501,3
-4800,3598,433726,6
-5350,3599,433932,6
-5700,3600,434232,7
-900,3601,434248,3
350,3602,434414,8
600,3603,434702,9
-11200,3604,435080,7
-39850,3605,435964,6
-850,3606,436199,9
-1950,3607,436407,8
-4250,3608,436669,8
-16350,3609,437005,4
-3850,3610,437246,7
-9550,3611,437479,5
-7200,3612,437757,7
-550,3613,437882,5
-24200,3614,438607,10
-20550,3615,439251,8
-9650,3616,439583,6
-21800,3617,440083,5
-1850,3618,440112,3
-9150,3619,440332,4
-10150,3620,440650,6
-9550,3621,440837,3
-4900,3622,441250,12
-2950,3623,441346,4
-5300,3624,441507,4
750,3625,441566,5
-10250,3626,441813,5
-5200,3627,441941,5
-1300,3628,441957,3
-13350,3629,442397,8
-15450,3630,442719,4
-3400,3631,442781,3
-1100,3632,442826,4
-11850,3633,443161,5
-9200,3634,443417,5
-33400,3635,444195,7
-13000,3636,444547,5
-7350,3637,444793,6
-5750,3638,444949,4
-22450,3639,445546,7
-600,3640,445569,4
-2300,3641,445613,3
-10050,3642,445921,6
-2700,3643,446048,6
-9250,3644,446356,6
-12200,3645,446623,4
-14750,3646,447017,6
-3100,3647,447085,3
-12500,3648,447410,4
-21750,3649,447878,4
-12900,3650,448290,7
-22750,3651,448997,11
-23250,3652,449606,7
-3050,3653,449663,3
-2450,3654,449782,5
-1150,3655,449913,7
-8100,3656,450189,7
-24400,3657,450779,7
1500,3658,450825,5
-4700,3659,450971,5
-10550,3660,451240,5
-13550,3661,451577,5
-9750,3662,451830,5
-12100,3663,452209,6
-3000,3664,452296,4
-6750,3665,452567,7
-23400,3666,453124,6
-950,3667,453205,5
-650,3668,453222,3
-8300,3669,453501,6
-3750,3670,453568,3
-4900,3671,453774,5
-20000,3672,454234,5
-22550,3673,454800,6
-7200,3674,455168,9
-3000,3675,455186,3
-4000,3676,455272,3
-17400,3677,455774,7
-27500,3678,456380,5
-1750,3679,456525,5
-750,3680,456536,3
-31550,3681,457282,6
-5200,3682,457433,4
-40350,3683,458360,7
-50350,3684,459454,6
-22150,3685,460184,10
-5950,3686,460365,5
-28550,3687,461059,6
-19400,3688,461499,5
-8850,3689,461750,5
-5100,3690,461826,3
-23850,3691,462373,5
-8050,3692,462584,5
-7650,3693,462918,8
-8350,3694,463195,5
-150,3695,463231,4
-6550,3696,463370,3
-2800,3697,463474,5
-26350,3698,464088,6
-9700,3699,464338,5
-7250,3700,464569,5
-1400,3701,464641,5
-11050,3702,464936,5
-2750,3703,464995,3
1300,3704,465114,6
-7100,3705,465226,3
-30600,3706,466129,12
-14450,3707,466517,6
-25850,3708,467174,7
-2050,3709,467301,5
-2700,3710,467546,8
-2750,3711,467691,5
-350,3712,467740,5
-4050,3713,467911,5
-4050,3714,468149,8
-36400,3715,469003,7
-14100,3716,469431,7
-22550,3717,469928,5
-3650,3718,470079,5
450,3719,470165,6
-1700,3720,470279,5
750,3721,470346,5
-12250,3722,470636,4
-3850,3723,470697,3
-9400,3724,470958,6
-16350,3725,471356,6
-5550,3726,471570,6
1600,3727,471614,5
1450,3728,471643,5
-650,3729,471752,7
-39350,3730,472783,11
-5250,3731,472999,6
-800,3732,473009,3
-36750,3733,473811,6
-12100,3734,474117,5
-1450,3735,474146,3
-26700,3736,474867,8
-8750,3737,475083,4
-8400,3738,475331,5
-1950,3739,475693,10
-3650,3740,475893,6
-8400,3741,476047,3
-23200,3742,476682,8
-5550,3743,476826,4
-3800,3744,476896,3
0,3745,476972,5
-11800,3746,477391,8
-1400,3747,477544,6
-5650,3748,477625,3
-28200,3749,478225,5
-7350,3750,478439,6
-2350,3751,478568,5
-1550,3752,478587,3
-10850,3753,478928,7
-3700,3754,479132,7
-800,3755,479150,3
-20850,3756,479642,6
-2200,3757,479726,5
-27200,3758,480363,6
-11800,3759,480651,5
-8300,3760,480897,5
-2450,3761,481008,5
-4600,3762,481176,5
-12300,3763,481502,5
-31800,3764,482199,6
-7000,3765,482411,5
350,3766,482453,4
-2550,3767,482578,5
-550,3768,482589,3
-17200,3769,483005,5
200,3770,483024,4
-900,3771,483167,6
-1000,3772,483259,5
-7000,3773,483406,4
-19950,3774,483871,5
-1150,3775,483919,4
-1050,3776,483936,3
-4350,3777,484089,5
-8300,3778,484437,7
-3650,3779,484584,5
-6800,3780,484796,5
-17150,3781,485230,6
850,3782,485287,5
-7500,3783,485509,5
-12250,3784,485795,4
-15100,3785,486132,4
-8000,3786,486430,7
-20000,3787,486891,6
-9600,3788,487167,5
-3950,3789,487373,6
-6100,3790,487572,6
-7500,3791,487757,4
-22400,3792,488249,5
-1100,3793,488556,10
-8550,3794,488744,4
-10100,3795,488948,3
-10400,3796,489154,3
-14550,3797,489655,9
-400,3798,489743,5
-200,3799,489770,4
-2300,3800,489794,3
-1250,3801,489819,3
-23650,3802,490392,7
-8850,3803,490586,4
-1300,3804,490716,5
-10500,3805,491002,5
-11900,3806,491300,5
-15500,3807,491781,8
-550,3808,491800,3
-20750,3809,492265,5
-500,3810,492318,4
-3550,3811,492463,5
-4500,3812,492638,6
-8900,3813,492818,3
-3050,3814,492937,5
-11500,3815,493198,4
-10100,3816,493432,5
-18150,3817,493976,8
-22800,3818,494504,5
-18050,3819,494993,7
-8350,3820,495177,4
-10150,3821,495405,4
-2950,3822,495641,8
-9750,3823,495939,6
-1150,3824,496085,6
2050,3825,496212,7
-3400,3826,496360,5
-12850,3827,496687,5
-4300,3828,496838,6
-15900,3829,497298,7
-10250,3830,497626,6
-5000,3831,497815,6
-20550,3832,498280,5
-3400,3833,498396,5
-10650,3834,498667,5
-7400,3835,498895,5
-4700,3836,499102,6
-7400,3837,499236,3
-19050,3838,499638,4
-9050,3839,499832,4
-4800,3840,500071,8
-3350,3841,500192,5
850,3842,500319,7
-11150,3843,500706,7
-25200,3844,501303,6
-12550,3845,501637,6
-5600,3846,501817,5
-12900,3847,502168,6
-8500,3848,502414,5
-1800,3849,502448,3
-16500,3850,502883,6
-20650,3851,503444,7
-14250,3852,503812,6
-18450,3853,504288,6
-24600,3854,504918,7
-2750,3855,505026,4
-12400,3856,505334,5
-3050,3857,505416,4
-29900,3858,506078,5
-6900,3859,506263,4
-9450,3860,506567,6
-11650,3861,506923,6
-4900,3862,507003,3
-14450,3863,507248,3
-3100,3864,507452,7
-9050,3865,507658,4
-10650,3866,507957,5
-7650,3867,508217,6
-3150,3868,508548,11
-3750,3869,508685,5
-10150,3870,508922,5
-32800,3871,509626,5
-4250,3872,509801,5
-150,3873,509816,3
-6450,3874,510028,6
-10300,3875,510490,9
-9200,3876,510742,5
-2350,3877,510793,3
-2950,3878,510848,3
-9500,3879,511156,7
-2050,3880,511325,7
-19850,3881,511759,4
-10400,3882,512035,5
-10150,3883,512239,4
-7950,3884,512427,4
-17850,3885,512928,7
-27850,3886,513495,5
-17600,3887,513915,5
-38450,3888,514725,4
-22300,3889,515231,5
-3850,3890,515410,5
-28000,3891,516030,5
-15100,3892,516486,7
-18450,3893,517077,9
-14350,3894,517356,3
-22050,3895,517789,3
-1350,3896,517808,3
-10550,3897,518015,3
-15050,3898,518370,5
-16300,3899,518744,5
-21950,3900,519246,6
-1250,3901,519341,5
-15400,3902,519705,5
-7750,3903,519897,4
-3400,3904,520054,6
-2050,3905,520095,3
-25400,3906,520695,5
-17150,3907,521113,6
-22350,3908,521754,9
-27250,3909,522460,8
-7000,3910,522680,5
-3900,3911,522760,3
-27000,3912,523336,5
-4100,3913,523453,4
-9850,3914,523728,5
-1050,3915,523749,3
-15550,3916,524150,5
-6500,3917,524385,6
-2450,3918,524475,4
-5100,3919,524551,3
-4450,3920,524853,8
-11800,3921,525153,5
-46100,3922,526135,5
-7050,3923,526285,4
-3750,3924,526344,3
-4550,3925,526395,3
-33100,3926,527080,4
-9000,3927,527275,4
-23250,3928,527843,6
-7050,3929,528038,5
-14750,3930,528387,5
-4950,3931,528585,6
-2250,3932,528630,3
-12100,3933,529006,7
-7800,3934,529169,4
-12550,3935,529466,5
-8400,3936,529645,4
-27500,3937,530441,11
-8500,3938,530724,6
-19300,3939,531347,10
-7500,3940,531487,3
-1400,3941,531599,5
-400,3942,531655,5
-9500,3943,531909,5
-2000,3944,532074,6
-6200,3945,532208,3
-1000,3946,532218,3
-17550,3947,532623,5
-13250,3948,533218,13
-1800,3949,533338,5
-1800,3950,533380,3
-8350,3951,533617,5
-38550,3952,534523,6
-21700,3953,535095,7
-23000,3954,535693,7
-4150,3955,535813,4
-6850,3956,536004,5
-10200,3957,536268,5
-22450,3958,536857,7
-2450,3959,536980,5
-7300,3960,537198,5
-18700,3961,537615,4
-18150,3962,538065,6
-15000,3963,538479,7
-14100,3964,538862,6
-17250,3965,539298,6
-5650,3966,539485,5
-1650,3967,539657,6
-11950,3968,539909,4
-10400,3969,540304,8
-10500,3970,540558,5
-18750,3971,540999,5
-8450,3972,541218,5
-2600,3973,541310,5
-6000,3974,541498,5
-48300,3975,542646,7
-20050,3976,543007,3
-3950,3977,543042,3
-10450,3978,543309,5
-4600,3979,543550,6
-14150,3980,543944,6
-7800,3981,544197,6
-10450,3982,544444,5
800,3983,544492,5
-10500,3984,544696,3
-9650,3985,545041,7
-9100,3986,545336,6
-20350,3987,545784,4
-10250,3988,545977,3
-12900,3989,546344,6
-750,3990,546433,5
-22600,3991,546978,6
-950,3992,547034,4
-550,3993,547045,3
-1700,3994,547143,5
-1350,3995,547158,3
-1150,3996,547195,5
-12700,3997,547505,5
-3100,3998,547525,3
-1000,3999,547539,3
-6650,4000,547726,5
-5900,4001,547965,6
-23650,4002,548439,4
-12600,4003,548743,5
-1850,4004,548780,3
-20250,4005,549235,5
-21400,4006,549989,11
-4850,4007,550132,5
-7850,4008,550437,7
-7650,4009,550705,6
500,4010,550771,5
-7550,4011,551034,7
500,4012,551181,6
-16600,4013,551597,5
-10450,4014,552145,10
-22950,4015,552654,5
-4950,4016,552888,6
-11950,4017,553177,5
-16900,4018,553550,4
-17050,4019,554014,6
-11300,4020,554402,7
-5850,4021,554511,3
-15300,4022,554787,3
-1500,4023,554844,4
-3150,4024,554948,4
-10400,4025,555146,3
-26200,4026,555787,6
-200,4027,555859,5
-2650,4028,555916,3
-7250,4029,556082,4
-8650,4030,556317,5
-40050,4031,557295,8
-1500,4032,557311,3
-12250,4033,557614,5
-5800,4034,557724,3
-2900,4035,557740,3
-16100,4036,558266,9
-9950,4037,558613,7
3850,4038,558688,7
-19750,4039,559195,7
-1700,4040,559285,5
-2000,4041,559365,5
-20350,4042,560083,10
-14400,4043,560473,7
-500,4044,560526,4
-13650,4045,560796,4
-6250,4046,560897,3
-16700,4047,561308,6
-5800,4048,561480,5
-1150,4049,561503,3
-3250,4050,561560,3
2200,4051,561612,5
-6800,4052,561784,5
-4900,4053,561982,5
-8100,4054,562299,8
-12400,4055,562702,8
-4500,4056,562861,6
-6950,4057,562960,3
-10000,4058,563244,5
-15800,4059,563723,8
-9750,4060,564013,6
-21350,4061,564457,4
-7450,4062,564574,3
-6900,4063,564698,3
-1150,4064,564713,3
-17850,4065,565185,6
-2100,4066,565217,3
-32650,4067,565986,7
400,4068,566030,5
-13700,4069,566417,6
-11500,4070,566711,5
-2000,4071,566868,6
-2950,4072,567009,5
-3900,4073,567200,6
-3750,4074,567685,13
-3200,4075,567829,5
-17300,4076,568259,5
-29900,4077,568917,5
-9400,4078,569198,6
-5800,4079,569403,6
-14850,4080,569770,5
-4850,4081,569961,5
1050,4082,570042,5
-600,4083,570207,6
-11550,4084,570656,9
-5300,4085,570834,5
-5050,4086,570993,5
-6200,4087,571111,3
-8650,4088,571321,4
-22550,4089,571850,5
-19350,4090,572393,7
-9050,4091,572664,5
-1850,4092,572877,7
-7950,4093,573102,5
-6250,4094,573354,6
-23700,4095,573900,5
-15950,4096,574399,7
-27450,4097,575027,6
-27100,4098,575625,5
-1100,4099,575695,5
-10250,4100,575982,5
-2350,4101,576079,5
-19950,4102,576544,5
-8400,4103,576842,7
-550,4104,576853,3
-12700,4105,577175,5
-17200,4106,577611,5
-3500,4107,577675,3
-16950,4108,578027,4
-13800,4109,578404,6
-2700,4110,578632,7
-950,4111,578745,5
-30450,4112,579470,7
-1800,4113,579521,4
-6850,4114,579728,5
-9250,4115,580015,5
-7300,4116,580209,5
-9650,4117,580407,4
-3100,4118,580550,6
-19450,4119,581005,5
-9700,4120,581288,6
-11150,4121,581602,6
-2450,4122,581651,3
-7800,4123,581888,6
-5700,4124,582074,5
-19750,4125,582506,4
-7400,4126,582746,5
1050,4127,582815,5
-16000,4128,583163,5
-4650,4129,583281,4
-19550,4130,583842,9
-9200,4131,584328,11
-2000,4132,584465,6
-6500,4133,584659,5
-9250,4134,584874,5
150,4135,584957,5
-21800,4136,585507,7
-6750,4137,585733,6
-22950,4138,586246,5
-1350,4139,586257,3
1900,4140,586291,5
-3750,4141,586490,7
-1550,4142,586735,9
-3500,4143,586848,4
-16650,4144,587231,5
-2150,4145,587368,5
-10850,4146,587778,8
-12950,4147,588115,5
-2550,4148,588244,5
-14750,4149,588548,4
-32200,4150,589285,6
-8550,4151,589485,4
-9500,4152,589731,5
-8200,4153,589902,4
650,4154,589991,5
-15150,4155,590364,5
-12650,4156,590646,4
-6400,4157,590850,5
-2900,4158,590960,5
-2350,4159,591007,3
-29600,4160,591655,5
-4750,4161,591939,8
-950,4162,591950,3
-6400,4163,592122,5
-1550,4164,592301,7
-13650,4165,592698,7
-7850,4166,592921,5
-12700,4167,593182,4
-11700,4168,593512,5
-21500,4169,593957,4
-5750,4170,594159,6
-400,4171,594202,4
-22500,4172,594671,4
-16500,4173,595173,9
-9900,4174,595410,4
-2350,4175,595453,3
-12200,4176,595758,6
-2050,4177,595881,5
-14100,4178,596215,5
-9250,4179,596458,5
-1700,4180,596580,5
-1150,4181,596669,5
-5950,4182,596875,6
-10750,4183,597250,7
-7050,4184,597595,7
-550,4185,597606,3
-9450,4186,597857,5
-35700,4187,598664,6
-13400,4188,599086,7
-9000,4189,599302,5
-1550,4190,599387,5
-5050,4191,599517,4
-7050,4192,599679,4
-5200,4193,599814,4
-76300,4194,601531,8
2750,4195,601578,5
-9800,4196,601887,6
-17100,4197,602451,11
-4000,4198,602562,4
-14150,4199,603051,9
-19800,4200,603474,4
-12150,4201,603812,6
-2150,4202,603913,5
-12850,4203,604183,4
-11750,4204,604533,6
-10600,4205,604739,3
-800,4206,605021,11
-4050,4207,605225,6
2750,4208,605396,9
-13750,4209,605689,5
-24250,4210,606150,3
-5250,4211,606321,5
-7750,4212,606460,3
-1200,4213,606474,3
-4600,4214,606556,3
-40050,4215,607452,6
100,4216,607542,5
-10400,4217,607823,6
-4550,4218,607927,4
-9500,4219,608095,3
-18100,4220,608476,4
-15900,4221,608931,6
-20100,4222,609365,5
200,4223,609416,4
-20600,4224,609929,6
-9550,4225,610092,3
-16050,4226,610610,8
200,4227,610916,11
-11100,4228,611305,8
-6500,4229,611508,6
300,4230,611578,5
-32400,4231,612266,5
-850,4232,612374,6
-1350,4233,612499,5
-10700,4234,612933,9
-1000,4235,612955,3
-9900,4236,613213,5
-27300,4237,613815,5
-28350,4238,614428,5
-400,4239,614438,3
-7400,4240,614596,3
-22250,4241,615128,6
-5400,4242,615328,5
-20550,4243,615793,5
-14000,4244,616141,5
-1400,4245,616327,7
-1750,4246,616416,5
-9750,4247,616718,6
-13250,4248,617124,8
-9550,4249,617377,5
-15650,4250,617769,6
-3900,4251,617977,7
-4550,4252,618154,5
-5650,4253,618432,8
-18350,4254,618833,5
-1600,4255,618905,5
-15850,4256,619452,9
-5350,4257,619523,3
-4900,4258,619583,3
-9000,4259,620000,10
-5750,4260,620128,4
-10150,4261,620414,6
-15450,4262,620928,8
-4850,4263,621209,7
-8900,4264,621443,5
-28550,4265,622117,6
-6650,4266,622291,4
-1200,4267,622313,3
-7700,4268,622457,3
-2550,4269,622541,4
-850,4270,622554,3
-18000,4271,623044,7
-2850,4272,623126,4
-7550,4273,623352,6
-5000,4274,623610,7
-5700,4275,623764,5
-850,4276,623826,4
-8450,4277,624135,7
-11250,4278,624373,4
-3050,4279,624504,5
-6550,4280,624701,5
-11550,4281,625093,8
1050,4282,625174,5
-4400,4283,625358,5
-47450,4284,626426,6
-21000,4285,626914,5
-10150,4286,627339,9
2650,4287,627421,6
-13050,4288,627744,5
-1950,4289,627784,4
-7050,4290,627974,4
-23400,4291,628631,10
-5700,4292,628752,4
-6200,4293,628834,3
-6100,4294,628946,3
-5850,4295,629187,7
-250,4296,629339,6
-16550,4297,629724,5
-500,4298,629806,5
500,4299,629901,6
-2700,4300,630035,5
-8000,4301,630218,4
-21350,4302,630802,8
950,4303,630894,6
-19200,4304,631379,6
-1950,4305,631422,3
700,4306,631463,4
-19150,4307,631863,4
-13450,4308,632190,5
-8750,4309,632447,5
-1550,4310,632532,5
-6050,4311,632727,5
-7900,4312,632994,6
-7600,4313,633152,3
-28550,4314,633814,6
-1300,4315,633916,5
-250,4316,633929,3
-2200,4317,634041,5
-1300,4318,634192,6
-6650,4319,634404,6
-13400,4320,634782,7
-2550,4321,634891,5
-12950,4322,635340,9
-3950,4323,635461,5
-16750,4324,635854,5
-4500,4325,636012,5
-30500,4326,636756,7
-400,4327,636893,6
-9100,4328,637102,4
-15900,4329,637484,5
-20750,4330,637957,5
-13050,4331,638288,5
-11650,4332,638575,5
-2050,4333,638649,4
-3250,4334,638772,5
-1050,4335,639006,8
-450,4336,639073,5
1450,4337,639138,5
-9950,4338,639407,5
-3600,4339,639473,3
-8600,4340,639651,3
-7400,4341,639888,6
-2300,4342,639936,3
-10000,4343,640172,5
-3000,4344,640284,5
-4500,4345,640397,4
-7450,4346,640600,5
-8500,4347,640838,5
-4200,4348,641036,7
-2900,4349,641092,3
-350,4350,641185,5
-2550,4351,641384,7
-20450,4352,641926,8
-22450,4353,642413,5
-11650,4354,642736,5
-8650,4355,642971,5
-8300,4356,643140,4
-2450,4357,643198,4
-10600,4358,643400,3
-16250,4359,643918,8
-11750,4360,644342,8
-6900,4361,644544,5
-24700,4362,645061,4
-21150,4363,645526,5
-18350,4364,645914,4
-200,4365,646002,5
-11450,4366,646231,3
-2250,4367,646268,3
-27850,4368,647092,10
-8700,4369,647305,4
-7900,4370,647654,8
-2450,4371,647810,6
-19900,4372,648276,5
-1750,4373,648336,4
-800,4374,648367,4
-1900,4375,648469,5
-22100,4376,649119,9
-1200,4377,649191,5
-1200,4378,649275,5
-4700,4379,649495,7
-14100,4380,649853,5
-9700,4381,650037,3
-3600,4382,650169,5
-2400,4383,650215,3
-3550,4384,650332,5
2300,4385,650498,9
-800,4386,650570,5
-2700,4387,650819,8
-10100,4388,651011,3
-1900,4389,651047,3
-3850,4390,651116,3
-8750,4391,651422,6
-20100,4392,652142,11
-16550,4393,652744,10
-4100,4394,652828,3
-1100,4395,652840,3
-6750,4396,653078,6
1100,4397,653226,7
-5350,4398,653428,6
-24500,4399,654094,9
-15600,4400,654487,6
-6100,4401,654660,4
-7100,4402,654992,7
-13900,4403,655330,5
-6350,4404,655690,8
-3950,4405,655906,8
-2250,4406,655935,3
-2650,4407,656050,5
-8850,4408,656285,5
-16350,4409,656670,5
-3900,4410,656881,6
-150,4411,657028,7
-24100,4412,657558,5
-3000,4413,657731,6
-9100,4414,657911,3
-1750,4415,657942,3
-17750,4416,658408,6
-2200,4417,658652,9
-8500,4418,659001,8
-300,4419,659079,5
-14900,4420,659475,7
-10900,4421,659683,3
100,4422,659741,5
-3550,4423,659915,6
-12200,4424,660231,5
-22450,4425,660710,5
-5300,4426,660900,5
-20350,4427,661422,6
650,4428,661434,4
-1150,4429,661604,6
-12800,4430,661818,3
-2550,4431,661853,3
-2850,4432,661886,3
-2950,4433,661937,3
-2400,4434,661971,3
-13600,4435,662311,5
-7300,4436,662460,4
-6600,4437,662599,4
-20000,4438,663170,8
-19750,4439,663660,6
3700,4440,663715,6
-13200,4441,664064,6
-10000,4442,664386,7
-8500,4443,664640,5
-20650,4444,665156,6
-3000,4445,665214,3
-6100,4446,665318,3
250,4447,665415,5
-7550,4448,665753,10
-3900,4449,665982,8
-5350,4450,666176,6
-600,4451,666186,3
-4100,4452,666299,4
-5750,4453,666566,7
-7400,4454,666737,4
-2450,4455,666786,3
-15850,4456,667218,6
-8800,4457,667561,8
-13000,4458,667959,7
-16450,4459,668420,7
-4200,4460,668519,4
-5600,4461,668683,5
-1250,4462,668888,7
-2250,4463,668983,5
-4950,4464,669062,3
-11400,4465,669383,6
-1800,4466,669479,5
-7200,4467,669679,5
-11500,4468,669961,5
-14900,4469,670335,5
-1400,4470,670432,6
-5650,4471,670689,7
-2050,4472,670841,6
-5100,4473,671090,8
-2000,4474,671243,6
-5700,4475,671441,5
-3400,4476,671495,3
-33050,4477,672169,4
-2600,4478,672301,5
-1750,4479,672324,3
-13000,4480,672599,4
-5850,4481,672758,5
-7550,4482,673017,7
-16850,4483,673519,8
-2650,4484,673667,6
-11100,4485,673974,6
-3350,4486,674082,4
-4700,4487,674232,5
-5350,4488,674463,7
-3850,4489,674630,5
-20450,4490,675142,6
400,4491,675185,4
-6050,4492,675360,5
-2800,4493,675390,3
-3200,4494,675408,3
-5900,4495,675516,3
-5350,4496,675579,3
-10150,4497,675836,5
-7100,4498,676001,4
-7950,4499,676247,6
-10400,4500,676506,4
-1200,4501,676598,5
-12250,4502,676872,4
-7600,4503,676990,3
-1050,4504,677007,3
-3500,4505,677039,3
-6750,4506,677162,3
-9650,4507,677327,3
-6550,4508,677553,6
-3750,4509,677715,6
-3650,4510,677862,5
50,4511,677890,4
-2550,4512,678163,9
-5800,4513,678405,7
-7800,4514,678613,5
-2800,4515,678663,3
-11050,4516,678942,5
-15250,4517,679305,5
-500,4518,679362,4
-1150,4519,679467,5
2300,4520,679587,7
-300,4521,679677,5
1800,4522,679737,5
-7500,4523,680077,7
-2400,4524,680172,4
-2900,4525,680281,4
-5900,4526,680447,5
-21550,4527,681190,11
-3550,4528,681290,4
-1450,4529,681401,5
-2350,4530,681448,3
-31050,4531,682152,6
-4500,4532,682289,4
-10400,4533,682615,7
-500,4534,682697,5
-6200,4535,682984,8
400,4536,683045,6
-18500,4537,683446,4
-7500,4538,683624,5
-10950,4539,683987,7
-8900,4540,684241,5
-7000,4541,684503,7
-6150,4542,684615,4
-15500,4543,684985,5
-1550,4544,685098,5
-5000,4545,685320,7
-5200,4546,685434,3
-650,4547,685509,5
-2400,4548,685604,4
-7700,4549,685753,4
2600,4550,685823,7
-25650,4551,686398,5
850,4552,686418,4
-1500,4553,686491,4
2100,4554,686562,6
-1850,4555,686709,5
-8550,4556,686963,6
-2650,4557,687016,3
-950,4558,687052,4
-3700,4559,687248,7
-7400,4560,687444,5
-2450,4561,687510,4
-11050,4562,687723,3
-5550,4563,687941,6
-7150,4564,688265,8
-1650,4565,688340,5
-5800,4566,688459,4
-5150,4567,688607,4
-9900,4568,688890,6
-10400,4569,689158,5
-18900,4570,689691,8
-5950,4571,689926,7
-14400,4572,690261,4
-14950,4573,690524,3
-16300,4574,690914,5
-19100,4575,691303,4
-2400,4576,691349,3
-6800,4577,691566,6
-350,4578,691753,7
-7400,4579,691916,4
-3250,4580,691973,3
-17700,4581,692358,4
-1650,4582,692395,3
-1100,4583,692407,3
-1450,4584,692551,6
-1650,4585,692568,3
-13900,4586,692894,5
-3000,4587,692932,3
-7600,4588,693054,3
-650,4589,693375,11
-16450,4590,693721,4
-5000,4591,693791,3
-6100,4592,693997,5
-5550,4593,694162,5
-17050,4594,694537,5
-7150,4595,694857,8
-1050,4596,694944,5
-3400,4597,695076,5
-2550,4598,695111,3
-10450,4599,695472,7
6450,4600,695680,12
-1750,4601,695875,7
-18300,4602,696285,5
-1250,4603,696647,12
-18250,4604,697046,5
-800,4605,697077,4
100,4606,697106,4
1000,4607,697232,7
-42250,4608,698139,5
-10800,4609,698473,7
-20400,4610,698916,4
-10350,4611,699193,5
-19350,4612,699601,4
2600,4613,699666,6
-200,4614,699824,7
600,4615,700031,8
-6400,4616,700285,7
-5400,4617,700536,8
-2000,4618,700615,4
-3500,4619,700643,3
-12350,4620,700944,5
-7400,4621,701152,5
-1050,4622,701169,3
-5400,4623,701259,3
-1300,4624,701291,3
-18550,4625,701712,5
-5350,4626,701865,5
-1100,4627,701914,4
-9200,4628,702052,3
-2050,4629,702192,6
-12250,4630,702536,6
-3100,4631,702588,3
-1950,4632,702623,3
-7350,4633,702840,5
-11350,4634,703165,5
-26550,4635,703848,7
-800,4636,703858,3
-8700,4637,704022,3
-450,4638,704064,4
-4550,4639,704111,3
-26650,4640,704657,4
-2250,4641,704678,3
-30450,4642,705341,5
-1500,4643,705475,5
-9250,4644,705726,5
-14650,4645,706089,5
-4050,4646,706207,4
-200,4647,706324,6
-1000,4648,706375,4
800,4649,706505,7
-1350,4650,706578,5
-4850,4651,706725,5
-3050,4652,706897,6
-4500,4653,707051,5
-13550,4654,707470,7
-6100,4655,707664,5
-23650,4656,708310,8
-200,4657,708390,5
-5750,4658,708493,3
-600,4659,708586,6
-2450,4660,708701,5
-2550,4661,708736,3
-12600,4662,709007,4
-1850,4663,709028,3
50,4664,709117,5
-18000,4665,709513,5
650,4666,709599,6
-3800,4667,709719,5
-1050,4668,709740,3
-4000,4669,709848,5
-14800,4670,710286,7
-1100,4671,710484,9
-600,4672,710494,3
-8850,4673,710749,5
-8750,4674,710994,5
-7100,4675,711196,5
-3550,4676,711259,3
-26650,4677,711871,6
-13950,4678,712285,6
-14800,4679,712617,5
-3050,4680,712855,8
-21800,4681,713327,5
-8050,4682,713579,6
-2100,4683,713697,5
-4300,4684,713814,4
-29700,4685,714534,7
-7300,4686,714720,5
-6150,4687,715000,8
-7300,4688,715166,5
-24300,4689,715741,6
-11050,4690,716032,5
-7150,4691,716250,6
-7000,4692,716417,4
-2600,4693,716451,3
-6800,4694,716631,5
-3350,4695,716858,7
-8050,4696,717065,5
-2850,4697,717094,3
-7000,4698,717405,8
-7950,4699,717549,4
-5950,4700,717628,3
-2650,4701,717645,3
-25400,4702,718177,5
-21050,4703,718792,9
-3000,4704,718970,7
-1700,4705,719006,3
700,4706,719123,8
-3650,4707,719184,3
-4000,4708,719291,4
-3050,4709,719513,8
-6500,4710,719650,4
-4600,4711,719786,5
-3400,4712,719832,3
-3450,4713,719857,3
-4600,4714,719907,3
-5200,4715,719977,3
-27700,4716,720603,5
-11050,4717,720857,4
50,4718,720893,4
-13150,4719,721338,9
-6400,4720,721587,6
-3300,4721,721692,4
-9950,4722,722183,11
-350,4723,722215,4
-23000,4724,722785,7
-4700,4725,722886,4
-4400,4726,722960,3
-8250,4727,723113,3
-3350,4728,723274,5
-5650,4729,723347,3
-2050,4730,723360,3
-7900,4731,723500,3
-6100,4732,723608,3
-750,4733,723631,3
-3050,4734,723762,5
-1350,4735,723789,3
-3850,4736,723940,5
-4900,4737,724008,3
-9450,4738,724280,6
-11350,4739,724561,5
-6100,4740,724731,5
-8500,4741,725006,6
-300,4742,725039,4
-27350,4743,725648,5
-5750,4744,725747,3
-4150,4745,726010,7
-4700,4746,726139,4
-3450,4747,726258,5
-2950,4748,726281,3
-11200,4749,726634,6
1100,4750,726664,5
-11950,4751,726879,3
-8050,4752,727270,9
-16250,4753,727665,5
-6700,4754,727950,8
-19300,4755,728416,5
1700,4756,728565,8
-1050,4757,728763,8
-11300,4758,729045,5
-13450,4759,729503,8
-8850,4760,729664,3
-5600,4761,729861,6
-6500,4762,730063,5
-750,4763,730140,5
-13800,4764,730508,5
-2750,4765,730686,6
-1300,4766,730883,8
-8650,4767,731040,3
-4000,4768,731098,3
-2350,4769,731121,3
-700,4770,731178,4
-4000,4771,731289,4
-5050,4772,731616,9
-2250,4773,731740,6
-3300,4774,731854,5
-2900,4775,732074,7
-600,4776,732171,6
-6750,4777,732434,7
-13350,4778,732751,5
-2300,4779,732812,4
-6150,4780,732928,4
-3750,4781,732983,3
-9900,4782,733196,4
-6850,4783,733383,5
-3350,4784,733557,6
-50,4785,733567,4
-2800,4786,733780,6
-13400,4787,734140,5
-12450,4788,734480,6
-12400,4789,734796,5
-6650,4790,734889,3
-9700,4791,735306,8
50,4792,735354,4
-11600,4793,735576,3
650,4794,735666,6
-8150,4795,735956,6
-3050,4796,736067,5
-17100,4797,736482,6
-2450,4798,736499,3
-6600,4799,736707,5
-7000,4800,736976,6
-6100,4801,737248,7
-3200,4802,737563,8
-1400,4803,737643,5
1250,4804,737790,7
-11100,4805,738187,8
-8050,4806,738324,3
-25500,4807,739000,7
-4350,4808,739268,8
-6500,4809,739450,5
-18000,4810,739907,6
-4750,4811,740137,6
-11650,4812,740330,3
-33350,4813,741157,7
-8150,4814,741371,6
-2200,4815,741545,7
-4950,4816,741771,6
1800,4817,741959,9
-4600,4818,742173,7
-250,4819,742321,6
-13250,4820,742612,5
-8900,4821,742805,4
-2850,4822,742826,3
-8100,4823,743076,5
-6150,4824,743273,5
-700,4825,743384,6
-5350,4826,743549,5
-3100,4827,743621,3
-8600,4828,743881,5
-1700,4829,744024,6
-1700,4830,744044,3
-3800,4831,744176,5
-10550,4832,744523,7
-9950,4833,744821,6
-17400,4834,745271,7
-17200,4835,745675,5
-16500,4836,745987,3
-7050,4837,746112,3
1050,4838,746169,5
-11450,4839,746476,5
-15450,4840,746819,5
-2950,4841,746854,3
-2300,4842,747022,7
-300,4843,747153,6
-18450,4844,747662,7
-700,4845,747724,5
900,4846,747750,5
-9900,4847,747950,3
-17550,4848,748384,6
-7450,4849,748525,3
-3050,4850,748562,3
-6200,4851,748660,3
-850,4852,748673,3
-2500,4853,748717,3
-1750,4854,748728,3
-18300,4855,749158,5
-12250,4856,749494,6
-4200,4857,749671,6
-3600,4858,749709,3
-3300,4859,749733,3
-12100,4860,750129,7
4450,4861,750245,8
-13100,4862,750551,5
-33450,4863,751386,9
-11150,4864,751813,7
-3200,4865,751975,7
-7400,4866,752183,5
-1850,4867,752212,3
-4300,4868,752342,5
-900,4869,752436,5
2350,4870,752480,6
-3250,4871,752549,3
-5350,4872,752644,3
-12600,4873,752977,6
-8850,4874,753368,9
-650,4875,753455,5
-1650,4876,753513,4
-13750,4877,753805,4
-6450,4878,753951,4
-12250,4879,754242,5
1750,4880,754421,9
-5450,4881,754612,5
-8300,4882,754920,7
200,4883,755034,7
-1050,4884,755122,6
-3150,4885,755288,6
-15200,4886,755688,5
-4550,4887,755853,5
-18200,4888,756240,4
-12200,4889,756548,5
-9950,4890,756731,3
-9250,4891,756904,3
-5600,4892,757010,3
-12450,4893,757367,7
-6400,4894,757571,5
-3950,4895,757630,3
50,4896,757679,5
-6400,4897,757822,4
-100,4898,758068,9
-2000,4899,758106,3
-800,4900,758297,8
-8100,4901,758523,5
-6700,4902,758828,8
-23700,4903,759400,7
-3650,4904,759445,3
-3850,4905,759576,5
2850,4906,759662,6
-18000,4907,760270,9
-9650,4908,760619,7
-6100,4909,760719,3
-3250,4910,760776,3
-2700,4911,760931,6
-2950,4912,761073,6
100,4913,761106,4
-350,4914,761286,8
-4350,4915,761394,4
1200,4916,761426,5
-15400,4917,761753,4
3300,4918,761918,8
-9650,4919,762205,5
-6400,4920,762499,7
-1050,4921,762529,4
-26250,4922,763186,7
-3450,4923,763538,10
0,4924,763598,5
-650,4925,763734,6
-350,4926,763852,6
-17700,4927,764340,7
-400,4928,764445,6
-1600,4929,764467,3
-1200,4930,764493,3
-1850,4931,764629,6
700,4932,764675,5
-2700,4933,764711,3
-11050,4934,764945,4
-15850,4935,765447,8
-2600,4936,765505,3
-10150,4937,765700,3
-2800,4938,765869,6
-4050,4939,766016,5
-5100,4940,766190,5
-2200,4941,766344,7
-6800,4942,766454,3
-3100,4943,766490,3
-3100,4944,766518,3
-600,4945,766528,3
-10900,4946,767027,10
-6500,4947,767135,3
-19450,4948,767599,6
-550,4949,767610,3
-2550,4950,767702,4
-30000,4951,768350,5
-5200,4952,768612,7
-24850,4953,769138,4
750,4954,769213,5
-3400,4955,769279,3
-14900,4956,769654,6
-14250,4957,769927,3
-8250,4958,770125,4
-9950,4959,770382,5
-3450,4960,770562,6
-1450,4961,770599,3
-22400,4962,771169,7
-9000,4963,771438,6
-3900,4964,771584,5
-3500,4965,771779,6
-5750,4966,771985,6
-3700,4967,772123,5
-7250,4968,772269,4
-1500,4969,772301,3
-1000,4970,772315,3
-18550,4971,772744,5
-3300,4972,772820,3
-10850,4973,773095,5
-3300,4974,773242,6
-21800,4975,773725,4
-5000,4976,773783,3
-2950,4977,773810,3
-4150,4978,773934,4
-1700,4979,774163,8
-1550,4980,774252,5
1000,4981,774345,6
-1550,4982,774532,7
-500,4983,774581,4
-250,4984,774664,5
-2400,4985,774678,3
-1350,4986,774705,3
-1550,4987,774868,7
2450,4988,774926,6
-8550,4989,775143,5
-14800,4990,775614,8
-10600,4991,775902,5
-1450,4992,776096,8
-11500,4993,776554,9
-6100,4994,776748,5
-7650,4995,776972,6
-2250,4996,777009,3
-5850,4997,777184,5
-16350,4998,777614,6
-1550,4999,777759,5
-2250,5000,777784,3
1350,5001,777839,5
-7350,5002,777999,4
0,5003,778039,5
-1050,5004,778159,6
-12850,5005,778404,3
-34950,5006,779153,5
-3750,5007,779458,9
-13000,5008,779701,4
-5400,5009,779807,3
-850,5010,779861,4
-19850,5011,780361,6
1800,5012,780442,6
-6600,5013,780634,5
-5350,5014,780811,5
-21150,5015,781219,4
-2450,5016,781268,3
-2700,5017,781345,4
-20050,5018,781726,3
200,5019,781827,6
1750,5020,781858,5
-200,5021,781975,6
-1000,5022,782001,3
-19500,5023,782492,6
-15000,5024,783028,9
-16250,5025,783444,6
-700,5026,783489,4
-8250,5027,783671,4
-4400,5028,783765,3
-650,5029,783919,8
-18600,5030,784417,7
-1500,5031,784470,4
-11350,5032,784804,6
-7100,5033,785002,5
-2900,5034,785066,3
-12350,5035,785457,7
-4500,5036,785659,5
-11600,5037,785959,5
-4300,5038,785999,3
-22750,5039,786512,5
-4050,5040,786565,3
-10900,5041,786789,3
-9300,5042,787011,5
-4450,5043,787158,5
150,5044,787192,4
-6950,5045,787373,5
1200,5046,787433,5
1450,5047,787552,7
1500,5048,787594,5
-5800,5049,787766,5
-3700,5050,787875,4
-2550,5051,787967,4
-1700,5052,787995,3
-2350,5053,788112,5
2400,5054,788198,7
-4700,5055,788319,4
-850,5056,788332,3
-2100,5057,788418,5
-7800,5058,788556,3
-8500,5059,788824,7
-4300,5060,789020,7
-6300,5061,789177,4
-150,5062,789226,5
3200,5063,789369,8
-400,5064,789424,4
-4550,5065,789627,7
-16500,5066,790029,5
-39350,5067,790989,8
-2800,5068,791007,3
-3050,5069,791028,3
-2700,5070,791097,4
-6450,5071,791214,3
4000,5072,791354,9
-1100,5073,791366,3
-2500,5074,791406,3
-1000,5075,791629,8
-400,5076,791640,4
-6300,5077,791732,3
-2650,5078,791749,3
-3100,5079,791826,4
-6850,5080,792041,5
-6500,5081,792235,5
-6250,5082,792364,3
-2900,5083,792526,5
-3500,5084,792648,5
-7650,5085,792921,7
-3550,5086,792992,3
250,5087,793122,6
0,5088,793326,9
200,5089,793378,5
750,5090,793486,6
-1950,5091,793521,3
-6250,5092,793805,6
-7200,5093,794100,8
-5950,5094,794175,3
-13100,5095,794509,5
-12800,5096,794941,9
-1300,5097,794965,3
-1400,5098,795053,5
-5650,5099,795126,3
-4300,5100,795313,6
-9250,5101,795491,4
-28600,5102,796050,4
-3100,5103,796094,3
-16600,5104,796559,6
-900,5105,796628,4
-750,5106,796721,5
-450,5107,796808,5
-3750,5108,797163,11
-2050,5109,797233,4
-1650,5110,797262,3
-7100,5111,797532,5
-16250,5112,797989,7
-6800,5113,798140,4
-5800,5114,798226,3
-10150,5115,798557,7
-4500,5116,798694,4
-5750,5117,798859,5
-3900,5118,798891,3
-3400,5119,798933,3
-16450,5120,799369,6
-8450,5121,799744,9
-5650,5122,799927,5
-4850,5123,800090,5
-4750,5124,800272,6
-18150,5125,800607,3
-5250,5126,800839,6
400,5127,800985,7
-6100,5128,801220,6
-7150,5129,801449,5
-8800,5130,801640,4
-4600,5131,801742,3
-2400,5132,801780,3
-13300,5133,802090,5
-5850,5134,802220,4
-3400,5135,802385,6
-22950,5136,802926,5
-11100,5137,803258,7
-5200,5138,803430,5
-1450,5139,803505,5
-3450,5140,803739,8
-1600,5141,803958,8
-16700,5142,804250,3
-2450,5143,804341,5
-15300,5144,804777,7
-2100,5145,804801,3
-100,5146,804905,7
-400,5147,805009,5
-23450,5148,805544,5
-8800,5149,805702,3
-8000,5150,805856,3
-8700,5151,806070,5
-4200,5152,806165,4
-550,5153,806176,3
-1200,5154,806198,3
-16450,5155,806499,3
-6300,5156,806742,6
-1900,5157,806876,5
-6450,5158,806981,3
-8800,5159,807201,5
-2850,5160,807320,5
-1050,5161,807349,3
-2050,5162,807411,4
-12450,5163,807702,5
-2350,5164,807836,6
-10900,5165,808032,3
-3450,5166,808061,3
-6500,5167,808361,7
-900,5168,808525,7
-12550,5169,809059,10
-2850,5170,809076,3
-11000,5171,809491,8
-4700,5172,809645,5
-11250,5173,809965,6
-11550,5174,810327,6
-3350,5175,810513,6
-10950,5176,810842,5
-2350,5177,810869,3
-7600,5178,811003,3
-37850,5179,811806,5
-2200,5180,811844,3
-16300,5181,812243,6
-2050,5182,812280,3
1000,5183,812320,5
-5650,5184,812393,3
-7300,5185,812513,3
-2000,5186,812670,6
-4500,5187,812779,4
-9400,5188,813035,5
-450,5189,813048,3
-19400,5190,813479,4
-18350,5191,813899,4
-1650,5192,813994,5
-2800,5193,814147,6
-8750,5194,814450,7
950,5195,814509,5
-1200,5196,814692,8
-1100,5197,814742,5
-1850,5198,814808,4
-6950,5199,814915,3
-17000,5200,815368,6
-5900,5201,815460,3
500,5202,815640,7
-2450,5203,815788,6
-6050,5204,816029,7
-12400,5205,816579,11
-3050,5206,816837,8
-7150,5207,817094,5
-12600,5208,817457,8
-50,5209,817545,6
-750,5210,817708,7
-2600,5211,817816,5
-5150,5212,817937,5
-9650,5213,818188,5
-450,5214,818255,5
-3200,5215,818289,3
-3050,5216,818318,3
-5400,5217,818420,3
-7200,5218,818620,5
-900,5219,818636,3
-700,5220,818673,4
-6750,5221,818788,3
-8750,5222,818959,3
-4050,5223,819048,3
-7200,5224,819280,5
1350,5225,819446,8
-3100,5226,819720,9
-6050,5227,819817,3
-6550,5228,819944,3
-20750,5229,820434,6
-7950,5230,820569,3
-9550,5231,820785,4
-16300,5232,821126,4
-7350,5233,821369,7
450,5234,821402,5
-4650,5235,821651,7
-10300,5236,821905,5
-16450,5237,822428,9
-4100,5238,822512,3
-5050,5239,822650,4
-4700,5240,822738,3
-750,5241,822749,3
-29550,5242,823308,3
-6150,5243,823476,4
-8800,5244,823646,3
-2600,5245,823778,5
-11200,5246,823992,3
-4650,5247,824102,4
0,5248,824322,9
-7250,5249,824590,6
-6800,5250,824680,3
-4250,5251,824733,3
-3600,5252,824775,3
-1900,5253,824808,4
-9350,5254,825000,4
-12000,5255,825328,5
-3650,5256,825487,5
-3300,5257,825531,3
-4750,5258,825663,4
-8800,5259,825932,6
-8500,5260,826084,3
-5100,5261,826188,3
-8450,5262,826464,6
-9850,5263,826829,7
-12100,5264,827143,5
-4900,5265,827223,3
-550,5266,827234,3
-9200,5267,827392,3
-7350,5268,827670,6
-17700,5269,828010,3
-8450,5270,828233,5
-30150,5271,828922,5
-4450,5272,828991,3
-14600,5273,829323,5
-7300,5274,829665,9
-500,5275,829883,9
1500,5276,829963,7
550,5277,830030,5
-12050,5278,830313,5
-4350,5279,830449,4
-1400,5280,830479,3
250,5281,830507,4
-4850,5282,830649,4
-7650,5283,830917,6
-7900,5284,831115,5
-1850,5285,831202,5
-3300,5286,831246,3
-1150,5287,831335,5
-1600,5288,831505,7
-850,5289,831592,5
-4700,5290,831722,5
-11150,5291,832151,9
-1050,5292,832324,7
-27850,5293,833062,8
1850,5294,833140,6
500,5295,833161,4
-1300,5296,833181,3
-7100,5297,833306,4
-9250,5298,833528,4
-3800,5299,833772,9
-3300,5300,833820,3
-2900,5301,833872,3
-3150,5302,833919,3
-4450,5303,833992,3
-1350,5304,834052,4
-3250,5305,834225,7
550,5306,834288,5
750,5307,834363,5
-2650,5308,834465,4
-9600,5309,834881,9
-100,5310,834967,5
300,5311,835042,6
-7950,5312,835255,5
-14850,5313,835544,3
-11250,5314,835893,7
3300,5315,835985,7
-4600,5316,836407,11
100,5317,836457,5
-11450,5318,836829,6
600,5319,836942,6
-9350,5320,837137,3
-1150,5321,837226,5
-9600,5322,837482,5
-27500,5323,838141,6
-14150,5324,838515,6
-5050,5325,838670,5
-5800,5326,838972,7
-16850,5327,839309,3
-6000,5328,839489,5
-1750,5329,839524,3
-2850,5330,839602,4
-3100,5331,839622,3
-6500,5332,839730,3
-3350,5333,839933,7
-1050,5334,840065,6
-1300,5335,840101,3
-6600,5336,840338,6
1900,5337,840397,6
-3650,5338,840659,8
-3550,5339,840690,3
-6350,5340,840805,3
-2100,5341,841011,9
800,5342,841120,6
-4700,5343,841188,3
-8450,5344,841423,5
3650,5345,841538,7
900,5346,841608,5
-700,5347,841666,5
-12600,5348,842016,7
-8700,5349,842188,3
-5900,5350,842308,3
-5000,5351,842394,3
-16750,5352,842852,6
-12200,5353,843095,4
-7200,5354,843361,7
2900,5355,843433,7
-550,5356,843510,5
-12700,5357,843771,4
-2000,5358,843830,4
1650,5359,843900,6
-8300,5360,844117,4
-3850,5361,844256,5
-10400,5362,844591,8
-8850,5363,844777,4
-6250,5364,844943,4
-6250,5365,845266,9
-11300,5366,845557,6
-11250,5367,845881,6
-3700,5368,846089,7
-8300,5369,846299,5
-11150,5370,846527,4
-4450,5371,846735,6
4050,5372,846868,9
-1800,5373,846960,5
-2550,5374,847007,3
-15350,5375,847437,6
-4300,5376,847517,3
-1550,5377,847549,4
-25850,5378,848292,9
-41000,5379,849242,7
-5900,5380,849322,3
-3750,5381,849439,5
-12200,5382,849760,6
-1850,5383,849809,3
-11650,5384,850214,7
-1400,5385,850232,3
-600,5386,850304,5
-200,5387,850417,6
-1050,5388,850438,3
-6700,5389,850558,3
-600,5390,850580,3
-10150,5391,850767,3
-12150,5392,851068,5
-2850,5393,851186,4
-9650,5394,851428,4
-350,5395,851439,3
-1050,5396,851456,3
-400,5397,851582,7
-3200,5398,851690,5
300,5399,851728,5
-5700,5400,851820,3
-5200,5401,852045,6
-6650,5402,852363,8
-5950,5403,852647,8
-6150,5404,852844,5
-1750,5405,852867,3
-4550,5406,853032,5
-1150,5407,853089,5
-700,5408,853200,6
-4100,5409,853371,6
-9000,5410,853656,6
-14050,5411,853934,4
300,5412,854000,5
600,5413,854105,6
-5250,5414,854231,4
-2950,5415,854278,3
-20250,5416,854865,9
-4500,5417,855007,5
-7050,5418,855321,8
-4300,5419,855401,3
-2450,5420,855454,3
-6150,5421,855553,3
-2100,5422,855577,3
1750,5423,855759,8
-8800,5424,856167,9
-12900,5425,856526,6
-10250,5426,856744,4
-13150,5427,857044,4
-8200,5428,857198,3
5250,5429,857304,10
-1650,5430,857423,5
-7550,5431,857571,4
-7050,5432,857712,3
1100,5433,857750,5
2100,5434,857808,5
-17100,5435,858218,5
-3400,5436,858342,5
-2900,5437,858386,3
-4350,5438,858563,5
-1950,5439,858660,5
-7900,5440,858907,6
-7250,5441,859106,5
-22750,5442,859669,7
-2050,5443,859818,7
-1600,5444,859873,4
-1400,5445,859924,4
-12300,5446,860349,8
1400,5447,860381,5
-4600,5448,860443,3
-1900,5449,860471,3
1200,5450,860527,5
-2800,5451,860692,6
-4450,5452,860835,5
-8550,5453,861133,6
1350,5454,861246,7
-4400,5455,861328,3
-2850,5456,861385,3
450,5457,861639,10
-3500,5458,861749,5
600,5459,861764,4
-2650,5460,861858,4
-4000,5461,861924,3
-2650,5462,862192,10
-11800,5463,862603,8
-1600,5464,862687,5
-600,5465,862750,4
-6600,5466,863094,9
3000,5467,863151,6
-1000,5468,863235,5
-6450,5469,863376,3
-13450,5470,863707,5
-25100,5471,864319,7
-10100,5472,864638,6
800,5473,864710,5
-6250,5474,865024,8
-14500,5475,865407,6
-5650,5476,865488,3
-4850,5477,865593,3
-4500,5478,865707,5
-13850,5479,866042,5
-2750,5480,866138,4
-10300,5481,866399,4
-1550,5482,866699,12
1800,5483,866736,6
-3200,5484,866807,4
-11500,5485,867113,5
-9600,5486,867259,3
-6550,5487,867423,4
-10650,5488,867661,4
-28750,5489,868298,5
-3150,5490,868440,6
-11900,5491,868693,4
-4850,5492,868824,5
-5350,5493,868968,4
1400,5494,869001,6
-4200,5495,869079,3
-6200,5496,869181,3
-6900,5497,869388,6
1050,5498,869462,6
-16050,5499,870021,9
-6050,5500,870134,3
-6100,5501,870287,4
-4200,5502,870468,6
2200,5503,870583,8
500,5504,870600,4
-5050,5505,870787,5
300,5506,870841,5
-4050,5507,870996,5
1700,5508,871038,5
-2450,5509,871083,3
-9800,5510,871302,4
-8900,5511,871613,6
-22150,5512,872122,5
-4550,5513,872394,8
2600,5514,872447,6
-7200,5515,872696,6
-1150,5516,872859,7
-1100,5517,872936,4
-8200,5518,873136,5
-2800,5519,873305,6
-5350,5520,873548,7
-5850,5521,873751,5
-2150,5522,874041,10
-31150,5523,874746,5
-3450,5524,874942,6
-5000,5525,875118,5
550,5526,875181,5
-250,5527,875396,9
-5650,5528,875465,3
-7350,5529,875592,3
-22950,5530,876072,4
-4550,5531,876143,3
-5500,5532,876337,5
2950,5533,876564,9
-3900,5534,876726,5
-1800,5535,876854,5
600,5536,876926,5
-8300,5537,877172,5
250,5538,877217,5
-6850,5539,877431,4
300,5540,877633,9
-8150,5541,877772,3
-2100,5542,877796,3
-2450,5543,877813,3
-3250,5544,877838,3
-2300,5545,877866,3
-2950,5546,877929,3
-50,5547,878028,5
750,5548,878104,6
-4750,5549,878167,3
-2650,5550,878184,3
-1850,5551,878258,4
-4800,5552,878525,8
-8850,5553,878780,5
-8050,5554,878995,5
-4050,5555,879048,3
-3850,5556,879101,3
-2650,5557,879150,3
-5700,5558,879325,6
-3000,5559,879461,5
500,5560,879516,6
-11700,5561,879769,4
-900,5562,879879,5
-6400,5563,880067,5
-1650,5564,880174,5
-20200,5565,880670,5
-32500,5566,881524,9
-4800,5567,881614,3
3300,5568,881751,8
2000,5569,881795,5
-20050,5570,882266,5
-200,5571,882293,4
-6200,5572,882465,5
-26600,5573,883061,5
-2750,5574,883112,3
-2000,5575,883150,3
-1900,5576,883170,3
-7150,5577,883474,8
-3450,5578,883605,5
-3250,5579,883654,3
900,5580,883758,7
3350,5581,883828,8
-2550,5582,883929,5
-13750,5583,884172,3
-6350,5584,884381,5
-7750,5585,884581,4
-7100,5586,884713,3
-700,5587,884725,3
0,5588,884814,6
-400,5589,884824,3
500,5590,884845,4
-1900,5591,884881,3
-3750,5592,885010,5
-8350,5593,885175,5
-4650,5594,885415,6
-600,5595,885429,3
-2800,5596,885512,4
-8850,5597,885657,3
-4000,5598,885855,7
50,5599,885920,5
-250,5600,886076,6
-700,5601,886212,7
-8250,5602,886394,4
4500,5603,886638,11
-7400,5604,886748,3
-3150,5605,886819,3
-1200,5606,886964,6
650,5607,887037,5
-3200,5608,887173,5
1050,5609,887379,10
-22950,5610,887859,4
-1150,5611,887948,5
350,5612,888082,8
-1250,5613,888214,6
-6300,5614,888371,4
-5400,5615,888490,4
-2200,5616,888532,3
-5550,5617,888635,3
-13150,5618,889198,11
-3900,5619,889414,7
-4550,5620,889576,6
-2400,5621,889741,6
-15750,5622,890049,4
-3800,5623,890119,3
-4450,5624,890299,6
-2250,5625,890316,3
-3100,5626,890344,3
-3300,5627,890368,3
-1100,5628,890389,4
-8900,5629,890671,5
-4250,5630,890773,4
-8300,5631,891215,9
1750,5632,891274,5
-2950,5633,891345,3
-5500,5634,891474,4
-1750,5635,891485,3
-6150,5636,891687,6
-11550,5637,892062,7
-4250,5638,892135,3
-4050,5639,892306,5
-5450,5640,892505,5
-8450,5641,892761,6
2950,5642,892817,6
-350,5643,892886,5
-1950,5644,893024,6
-27700,5645,893544,3
-6950,5646,893774,6
-1500,5647,893806,3
0,5648,893862,5
-16800,5649,894258,5
-2450,5650,894332,4
-24900,5651,894886,5
-19100,5652,895360,5
-9450,5653,895533,3
-1050,5654,895550,3
550,5655,895580,4
-4150,5656,895668,4
-2050,5657,895767,5
-1050,5658,895850,5
-3900,5659,895922,3
-6300,5660,896096,5
650,5661,896198,6
-6150,5662,896511,9
-1300,5663,896596,4
-8300,5664,896797,4
-4500,5665,896873,3
-16800,5666,897200,4
-3100,5667,897343,6
-2600,5668,897472,6
-4850,5669,897594,4
-3950,5670,897641,3
-7250,5671,897819,4
-5350,5672,897988,5
-6850,5673,898134,4
-28150,5674,898726,4
-1350,5675,898749,3
-5900,5676,898943,5
-17500,5677,899423,7
-3750,5678,899629,6
-5700,5679,899725,3
-10200,5680,900099,7
-8100,5681,900317,5
-6300,5682,900577,7
450,5683,900650,5
-6200,5684,900744,3
-8750,5685,900965,5
1050,5686,901010,5
-6150,5687,901175,5
1000,5688,901280,6
-4150,5689,901355,3
-2150,5690,901517,6
-1150,5691,901528,3
-10500,5692,901876,7
-3200,5693,902119,8
-3900,5694,902199,3
-3200,5695,902392,6
1600,5696,902493,6
500,5697,902625,7
-3550,5698,902824,7
-2200,5699,902895,4
-1850,5700,902936,3
2150,5701,903089,7
-1350,5702,903108,3
100,5703,903133,4
-16750,5704,903571,6
-7950,5705,903755,4
-2200,5706,903777,3
-5600,5707,904104,8
-24600,5708,904672,5
-5550,5709,904743,3
-13950,5710,905060,5
2700,5711,905119,6
-6500,5712,905284,4
-1750,5713,905393,5
-2800,5714,905435,3
-7200,5715,905667,5
-3050,5716,905964,11
-1450,5717,906031,5
-3050,5718,906088,3
-10500,5719,906337,4
-3450,5720,906484,5
-300,5721,906558,5
-6600,5722,906676,3
-4550,5723,906895,7
-4150,5724,906962,3
-3200,5725,907032,3
-9200,5726,907300,5
1800,5727,907459,8
-12800,5728,907787,5
-8200,5729,908019,5
-14600,5730,908363,5
-800,5731,908447,5
1250,5732,908480,5
-800,5733,908502,3
-1250,5734,908667,7
-5900,5735,908833,5
-2550,5736,909057,8
-6050,5737,909215,4
-2050,5738,909228,3
-8200,5739,909498,7
-15550,5740,909851,5
-5450,5741,910022,5
-5800,5742,910198,5
-3650,5743,910255,3
-3800,5744,910289,3
-2500,5745,910325,3
-2600,5746,910372,4
-3550,5747,910435,3
-7150,5748,910562,3
-3800,5749,910735,6
-2850,5750,910776,3
-6100,5751,910970,5
-9650,5752,911188,4
-1900,5753,911233,4
-7600,5754,911445,5
-8300,5755,911704,6
-12050,5756,912035,5
-7650,5757,912369,8
-2000,5758,912579,7
-2350,5759,912745,6
-13750,5760,912992,3
-12150,5761,913375,7
-5350,5762,913438,3
-7300,5763,913632,5
-200,5764,913696,5
-26200,5765,914391,8
600,5766,914431,5
-5750,5767,914604,5
-1700,5768,914694,5
250,5769,914747,5
2050,5770,914908,9
-2050,5771,915052,6
1000,5772,915096,5
-6000,5773,915264,5
-1700,5774,915288,3
-15400,5775,915717,6
-11750,5776,916067,6
-1300,5777,916173,5
-8800,5778,916548,8
-5550,5779,916749,5
-1600,5780,916910,6
1950,5781,916957,5
-18200,5782,917397,5
-150,5783,917486,5
500,5784,917503,4
-3350,5785,917648,5
-9900,5786,918070,9
-10900,5787,918401,6
-14350,5788,918762,5
-1000,5789,918784,3
-7250,5790,918905,3
-7650,5791,919111,4
-2900,5792,919155,3
-14550,5793,919422,3
-5400,5794,919528,3
-2500,5795,919572,3
-5350,5796,919855,7
-22150,5797,920356,5
-350,5798,920461,5
-11850,5799,920686,3
-6100,5800,920835,4
-2700,5801,920887,3
-1200,5802,920926,4
-11150,5803,921187,5
-2100,5804,921326,6
-1700,5805,921432,5
-1150,5806,921463,3
-2500,5807,921615,7
-5100,5808,921724,4
-9950,5809,922120,8
-6300,5810,922376,7
-25950,5811,923002,6
-12850,5812,923313,5
-1750,5813,923500,7
-17000,5814,923995,8
-5600,5815,924254,8
-5700,5816,924350,3
-6300,5817,924622,7
-5000,5818,924721,4
-4400,5819,924856,4
-5000,5820,925008,5
-3400,5821,925034,3
-4750,5822,925085,3
0,5823,925194,6
-4850,5824,925397,5
1450,5825,925434,5
-14250,5826,925851,7
-10500,5827,926104,4
-13100,5828,926418,5
-13550,5829,926755,5
-9200,5830,926929,3
-4100,5831,926997,3
-13300,5832,927327,5
-15950,5833,927794,7
-2250,5834,928011,7
-4550,5835,928131,4
-3100,5836,928273,5
-4950,5837,928475,6
-11500,5838,928679,3
-3700,5839,928899,7
-5750,5840,929047,4
-900,5841,929166,6
1100,5842,929192,5
450,5843,929224,4
-1300,5844,929330,5
-3700,5845,929464,5
-9150,5846,929798,6
-1850,5847,929996,8
-13250,5848,930303,5
-7000,5849,930487,5
-8950,5850,930823,8
-950,5851,930896,5
-4500,5852,931058,5
-200,5853,931171,6
1000,5854,931241,7
-1700,5855,931373,7
-8050,5856,931686,7
-8300,5857,931810,3
-2500,5858,931972,5
-1900,5859,932169,8
-17600,5860,932644,8
-1300,5861,932738,5
-5900,5862,932826,3
-3450,5863,932875,3
-3650,5864,932944,3
-2400,5865,932970,3
-3000,5866,933008,3
-4900,5867,933068,3
-3350,5868,933111,3
-8650,5869,933248,3
-2800,5870,933290,3
-2100,5871,933338,3
-8850,5872,933565,5
-5150,5873,933758,5
-3250,5874,933873,5
-7500,5875,933981,3
-3600,5876,934080,4
-34650,5877,934855,5
-5350,5878,934958,3
-3500,5879,935080,5
-2850,5880,935195,5
-1600,5881,935317,7
-6550,5882,935469,4
-6650,5883,935712,5
-6550,5884,935893,5
-17750,5885,936392,7
-12100,5886,936706,5
-3200,5887,936764,3
-13450,5888,937119,5
-8950,5889,937303,4
-3650,5890,937336,3
-1400,5891,937359,4
-900,5892,937371,3
-10450,5893,937675,6
-4700,5894,937857,5
-700,5895,938004,6
-1600,5896,938022,3
-850,5897,938117,5
-3150,5898,938164,3
-4200,5899,938218,3
-17800,5900,938695,6
-4550,5901,938914,7
-15450,5902,939277,5
-3450,5903,939339,4
-18300,5904,939781,5
1850,5905,939830,5
-2300,5906,939977,6
-5400,5907,940148,4
-2800,5908,940272,5
-15800,5909,940570,3
-2600,5910,940596,3
-11550,5911,940881,5
-12700,5912,941241,7
-7600,5913,941371,3
-4400,5914,941417,3
-450,5915,941427,4
-5550,5916,941608,5
-1250,5917,941711,5
-2900,5918,941833,5
-9900,5919,942009,3
550,5920,942138,7
-5050,5921,942306,6
-3500,5922,942444,5
-6000,5923,942652,5
900,5924,942678,5
1650,5925,942743,5
-14100,5926,943212,8
-11400,5927,943492,5
-1150,5928,943593,5
-7000,5929,943936,8
-1900,5930,943976,3
-4950,5931,944153,5
-9200,5932,944352,4
-13100,5933,944703,6
-7150,5934,944920,5
-10850,5935,945367,9
-4750,5936,945426,3
-4500,5937,945474,3
-10950,5938,945726,4
-7350,5939,945853,3
-9250,5940,946149,6
-1550,5941,946160,3
-3900,5942,946224,3
-1000,5943,946529,10
-2550,5944,946626,5
-3800,5945,946725,4
-28950,5946,947395,6
-8200,5947,947647,5
-3100,5948,947707,3
-1250,5949,947732,3
-1400,5950,947758,3
-8450,5951,947989,5
-7700,5952,948154,4
-900,5953,948228,5
-19900,5954,948781,8
-3500,5955,948890,4
-1600,5956,949002,5
-4250,5957,949092,4
-2400,5958,949147,4
-1850,5959,949193,4
-3200,5960,949255,3
3850,5961,949409,10
-4500,5962,949473,3
-10900,5963,949813,7
-4550,5964,949966,5
-6200,5965,950195,6
500,5966,950220,4
-1400,5967,950357,6
-9650,5968,950571,4
-5600,5969,950797,7
-3400,5970,950835,3
-5250,5971,950908,3
-12700,5972,951210,5
-2700,5973,951254,3
-2850,5974,951381,5
-6100,5975,951580,6
700,5976,951617,4
-2450,5977,951753,6
-4800,5978,951827,3
-20800,5979,952307,5
50,5980,952462,7
-2250,5981,952557,5
-7850,5982,952760,5
-1600,5983,952824,5
-8500,5984,952988,3
-4350,5985,953117,5
-6800,5986,953211,3
-2800,5987,953257,3
-3550,5988,953431,6
-12350,5989,953813,6
-150,5990,953874,5
-8950,5991,954078,4
-4150,5992,954382,8
-600,5993,954433,4
-2000,5994,954557,5
-21700,5995,955092,6
-12300,5996,955394,5
-850,5997,955497,5
-1250,5998,955658,7
-7100,5999,955864,5
1550,6000,955899,5
-2700,6001,956025,5
-10250,6002,956345,6
300,6003,956374,4
-400,6004,956474,5
-7450,6005,956763,7
-5650,6006,956852,3
-4050,6007,956901,3
-7200,6008,957011,3
-16250,6009,957357,4
-6900,6010,957579,5
-3800,6011,957723,5
-4600,6012,957847,5
-4300,6013,957993,5
550,6014,958085,6
-5350,6015,958299,6
1650,6016,958368,5
-26750,6017,959117,9
-3500,6018,959181,3
-5200,6019,959255,3
-3900,6020,959331,3
-650,6021,959410,5
-11300,6022,959663,4
-3650,6023,959802,5
-4700,6024,959985,6
-4450,6025,960034,3
-16950,6026,960403,5
-13950,6027,960736,5
-5300,6028,960902,5
-5100,6029,961101,6
1200,6030,961219,7
-10600,6031,961466,4
-5750,6032,961667,5
-4750,6033,961836,5
-750,6034,961847,3
-9500,6035,962146,6
-4500,6036,962312,5
-14400,6037,962705,6
-6250,6038,962826,3
-7050,6039,963021,5
-25600,6040,963614,6
-3850,6041,963769,5
-10500,6042,964183,9
-30250,6043,964797,4
-6400,6044,964923,3
350,6045,964994,5
2700,6046,965037,6
-7900,6047,965193,3
500,6048,965239,5
-2750,6049,965299,4
-6800,6050,965463,5
-5550,6051,965538,3
-2650,6052,965575,3
-5750,6053,965678,3
2500,6054,965884,9
-15000,6055,966268,5
-8100,6056,966618,9
700,6057,966664,5
-1150,6058,966728,4
-6000,6059,966981,6
-4200,6060,967113,5
-1650,6061,967204,5
-50,6062,967353,7
-2450,6063,967386,3
-9750,6064,967713,7
-14900,6065,968153,7
-4550,6066,968389,8
-25200,6067,968941,5
-3800,6068,969003,3
-3350,6069,969058,3
-20200,6070,969550,5
-1250,6071,969613,5
-3550,6072,969640,3
-600,6073,969700,5
-2400,6074,969742,3
-11550,6075,970060,6
-7850,6076,970345,7
-8450,6077,970571,4
-4600,6078,970846,8
-4950,6079,971011,5
-10500,6080,971326,6
-10150,6081,971497,3
-3100,6082,971517,3
-1400,6083,971626,6
-7050,6084,971784,4
-12850,6085,972189,7
-12150,6086,972490,5
-6650,6087,972681,5
-9750,6088,972934,5
-15350,6089,973246,4
-1150,6090,973269,3
-6350,6091,973474,5
-5750,6092,973589,3
-2150,6093,973612,3
-2550,6094,973635,3
-25800,6095,974313,7
-8350,6096,974505,4
-6200,6097,974611,3
-6150,6098,974788,5
-6800,6099,974898,3
-3950,6100,975043,5
-10150,6101,975226,3
-7700,6102,975375,4
-3500,6103,975517,5
-2650,6104,975677,6
-20150,6105,976224,7
-2850,6106,976289,3
-7200,6107,976485,5
-2600,6108,976561,5
-800,6109,976592,4
-3850,6110,976629,3
-6550,6111,976851,6
-2700,6112,976899,3
-11250,6113,977145,4
5650,6114,977248,7
-550,6115,977280,4
-19300,6116,977742,5
-4800,6117,977816,3
-2900,6118,977864,3
-13050,6119,978204,6
950,6120,978243,5
-2050,6121,978256,3
-4200,6122,978318,3
-6200,6123,978502,5
300,6124,978572,5
-6800,6125,978699,4
-8800,6126,979010,8
-2900,6127,979104,5
-3000,6128,979138,3
-6150,6129,979265,3
1000,6130,979413,9
-10800,6131,979730,6
-5950,6132,979894,4
-14150,6133,980345,7
-5650,6134,980475,4
-11350,6135,980764,5
-3000,6136,980933,6
-14300,6137,981292,6
-1350,6138,981307,3
-2050,6139,981377,4
-650,6140,981427,4
-11900,6141,981769,5
-4850,6142,981911,4
-250,6143,981998,5
-4750,6144,982147,5
-5850,6145,982448,7
-22050,6146,982959,5
-16800,6147,983494,8
-2450,6148,983646,6
-3600,6149,983737,4
-11650,6150,984036,5
-8700,6151,984233,4
-4300,6152,984396,6
-13100,6153,984776,7
1800,6154,984816,5
-2000,6155,984924,5
-10250,6156,985236,6
-5350,6157,985429,5
1050,6158,985454,5
-2150,6159,985530,4
-10600,6160,985810,5
300,6161,985904,5
-7700,6162,986057,4
-2950,6163,986211,6
-8900,6164,986445,5
-11000,6165,986770,6
-1200,6166,986796,3
-2500,6167,986926,5
450,6168,987065,7
-2550,6169,987084,3
-2600,6170,987207,4
-12100,6171,987580,8
-3350,6172,987680,4
-12750,6173,988034,6
-4100,6174,988110,3
-500,6175,988323,8
-600,6176,988526,8
-2200,6177,988666,5
-4250,6178,988809,5
-6050,6179,988942,3
-12100,6180,989252,5
-5200,6181,989346,3
-2100,6182,989468,5
-13950,6183,989924,8
-12500,6184,990275,6
-150,6185,990328,5
-5250,6186,990592,6
-10950,6187,990898,6
-6200,6188,991094,5
-1100,6189,991225,6
-1000,6190,991301,5
-6850,6191,991418,3
-1450,6192,991501,5
-4850,6193,991704,5
-18700,6194,992151,6
-5800,6195,992253,3
-2100,6196,992273,3
-2850,6197,992302,3
-13850,6198,992608,4
-18000,6199,992955,4
-950,6200,993065,6
-11900,6201,993342,4
-10950,6202,993701,7
-5550,6203,993788,3
-1600,6204,993921,6
-1350,6205,993944,3
-300,6206,993994,5
-1200,6207,994016,3
-5200,6208,994086,3
-5350,6209,994153,3
-11750,6210,994540,7
-7800,6211,994847,8
-8150,6212,994970,3
-3750,6213,995041,3
-1450,6214,995202,7
-9050,6215,995363,3
-21400,6216,995917,7
700,6217,995930,4
1700,6218,995960,5
-2500,6219,995996,3
-14100,6220,996346,5
-4400,6221,996457,4
-250,6222,996524,5
-2350,6223,996670,6
-6300,6224,996827,4
-900,6225,996884,4
-10850,6226,997315,9
-8250,6227,997481,4
-11550,6228,997708,3
-4150,6229,997795,3
-8200,6230,997937,3
-3650,6231,997986,3
-5600,6232,998100,3
-6350,6233,998252,4
-3600,6234,998384,5
-15950,6235,998789,5
-6450,6236,999000,5
-2800,6237,999247,8
-7650,6238,999401,4
4050,6239,999623,10
-3850,6240,999696,3
-3150,6241,999760,4
-4150,6242,999938,6
-6400,6243,1000134,5
-6100,6244,1000365,6
-4700,6245,1000749,11
50,6246,1000785,4
-1450,6247,1001023,8
-6350,6248,1001110,3
-4200,6249,1001262,5
300,6250,1001386,7
-8550,6251,1001631,5
1150,6252,1001670,5
-8600,6253,1001934,5
1050,6254,1002025,7
1950,6255,1002072,5
-7400,6256,1002214,3
1300,6257,1002260,5
200,6258,1002394,7
-3000,6259,1002616,7
-6200,6260,1002870,7
-13850,6261,1003217,5
-13300,6262,1003514,4
-14300,6263,1003799,4
-3050,6264,1003816,3
-2400,6265,1003968,5
-8150,6266,1004173,5
-4200,6267,1004211,3
-900,6268,1004396,8
-8450,6269,1004561,3
-3900,6270,1004707,5
850,6271,1004777,6
-2500,6272,1004965,7
-6500,6273,1005159,5
-3750,6274,1005198,3
-15700,6275,1005531,4
-4400,6276,1005573,3
-2750,6277,1005616,3
-950,6278,1005631,3
600,6279,1005859,9
-550,6280,1005870,3
-7900,6281,1006047,4
-1050,6282,1006138,5
-5600,6283,1006347,6
-4150,6284,1006398,3
-2200,6285,1006605,8
-9750,6286,1006878,5
-1650,6287,1006990,6
-400,6288,1007009,4
-3050,6289,1007177,6
-9500,6290,1007444,6
-20050,6291,1007841,3
-2500,6292,1007873,3
1150,6293,1007982,7
100,6294,1008007,4
-2200,6295,1008041,3
-11600,6296,1008317,5
-1550,6297,1008451,6
-9650,6298,1008604,3
-4050,6299,1008795,5
-2100,6300,1008922,6
-8350,6301,1009245,7
-8850,6302,1009549,6
-5700,6303,1009641,3
-7700,6304,1010011,9
-600,6305,1010141,7
-5300,6306,1010245,3
-6650,6307,1010350,3
-1350,6308,1010492,6
-2050,6309,1010617,7
-11200,6310,1010921,5
0,6311,1010964,4
-6000,6312,1011148,5
50,6313,1011258,6
1550,6314,1011305,5
-2250,6315,1011399,4
3100,6316,1011512,8
-1450,6317,1011537,3
-3500,6318,1011671,5
-7200,6319,1011919,5
-8350,6320,1012074,3
-19050,6321,1012492,4
-16100,6322,1012980,7
-11350,6323,1013363,7
-2450,6324,1013548,7
-1750,6325,1013567,3
-12700,6326,1013820,4
-2850,6327,1013935,5
1250,6328,1013948,5
-7150,6329,1014137,5
-5700,6330,1014331,5
-4550,6331,1014476,5
-5800,6332,1014550,3
-5300,6333,1014642,3
-3400,6334,1014770,5
-7050,6335,1014903,3
-15200,6336,1015243,5
-6800,6337,1015361,3
-7200,6338,1015557,5
-6850,6339,1015892,9
-3900,6340,1016026,5
-5900,6341,1016118,3
3700,6342,1016275,8
-100,6343,1016320,4
-4450,6344,1016463,5
-4200,6345,1016639,5
-2950,6346,1016723,4
-8050,6347,1016970,5
-14550,6348,1017368,6
-18550,6349,1017769,5
-1300,6350,1017793,3
-19300,6351,1018198,4
-4250,6352,1018349,5
-3500,6353,1018409,3
-1000,6354,1018427,3
-4350,6355,1018691,8
-4400,6356,1018753,3
-7600,6357,1018863,3
-3900,6358,1019079,7
-3650,6359,1019124,3
-3650,6360,1019173,3
2050,6361,1019292,7
-5150,6362,1019449,5
-4850,6363,1019534,3
-7650,6364,1019860,8
-5750,6365,1020127,7
-2950,6366,1020252,5
-7700,6367,1020429,4
-6500,6368,1020639,5
-5250,6369,1020774,5
-20200,6370,1021410,9
-2150,6371,1021499,5
-7900,6372,1021729,5
-1250,6373,1021746,3
-1300,6374,1021758,3
350,6375,1021911,7
-9700,6376,1022165,5
2100,6377,1022204,6
-5050,6378,1022326,4
-16150,6379,1022662,4
-2850,6380,1022711,3
-7800,6381,1022857,3
-8750,6382,1023020,3
350,6383,1023145,7
-1550,6384,1023180,3
1950,6385,1023244,6
-5850,6386,1023357,3
2950,6387,1023421,6
-16800,6388,1023813,5
450,6389,1023870,5
-6350,6390,1024059,5
-9400,6391,1024356,6
-1350,6392,1024400,4
-7350,6393,1024539,3
-8900,6394,1024675,3
-8250,6395,1024820,3
-6550,6396,1024989,5
-5100,6397,1025049,3
-2050,6398,1025234,7
-4200,6399,1025284,3
-7200,6400,1025668,9
-15100,6401,1025998,5
-15300,6402,1026384,5
-2900,6403,1026408,3
-7750,6404,1026641,5
-7250,6405,1026844,5
-5550,6406,1026915,3
-3000,6407,1027052,6
-700,6408,1027064,3
2700,6409,1027123,6
-1600,6410,1027207,5
-7950,6411,1027342,3
-9350,6412,1027546,4
-6150,6413,1027641,3
-5800,6414,1027891,7
-8700,6415,1028171,7
-1900,6416,1028183,3
-3500,6417,1028420,8
-3150,6418,1028471,3
-7350,6419,1028750,7
-4600,6420,1028800,3
-17250,6421,1029113,3
-16400,6422,1029477,5
-22300,6423,1030016,6
-18300,6424,1030536,7
-9400,6425,1030702,3
5150,6426,1030818,10
-20050,6427,1031249,5
-14450,6428,1031601,6
-5450,6429,1031662,3
1400,6430,1031801,8
-10150,6431,1032100,7
-250,6432,1032199,5
1700,6433,1032425,9
-1600,6434,1032480,4
-6050,6435,1032606,4
-2500,6436,1032626,3
-8650,6437,1032898,6
-4150,6438,1032965,3
-8250,6439,1033155,4
-6700,6440,1033320,4
-2150,6441,1033339,3
-7350,6442,1033450,3
-3300,6443,1033604,5
-14900,6444,1034008,7
3150,6445,1034162,8
1950,6446,1034201,5
-2800,6447,1034284,4
-5450,6448,1034476,6
-750,6449,1034495,3
-9000,6450,1034735,5
-2300,6451,1034877,5
-10350,6452,1035256,7
-22400,6453,1035760,5
-900,6454,1035789,4
200,6455,1035829,5
-7500,6456,1035973,3
-1000,6457,1035995,3
550,6458,1036226,9
-7000,6459,1036340,3
3700,6460,1036432,7
-3600,6461,1036642,7
-1600,6462,1036664,3
-8100,6463,1036812,3
-2650,6464,1036940,6
1350,6465,1036979,5
-12800,6466,1037283,5
-400,6467,1037408,6
700,6468,1037450,5
-20850,6469,1037904,4
-3350,6470,1037939,3
-3200,6471,1037961,3
-3600,6472,1038003,3
-29550,6473,1038680,5
-7700,6474,1038886,5
-6200,6475,1038992,3
-1950,6476,1039097,5
-12150,6477,1039459,6
-6850,6478,1039802,9
450,6479,1039880,6
-9900,6480,1040084,3
-1750,6481,1040205,5
-1850,6482,1040242,3
-5350,6483,1040309,3
-1750,6484,1040451,6
600,6485,1040519,5
-3600,6486,1040590,4
-4150,6487,1040698,4
-1100,6488,1040846,7
-3650,6489,1040990,6
-250,6490,1041012,4
-16850,6491,1041386,4
-1250,6492,1041411,3
-1650,6493,1041547,6
850,6494,1041670,7
6500,6495,1041794,11
-1200,6496,1041808,3
-11450,6497,1042001,3
-2700,6498,1042054,4
-9950,6499,1042402,8
-3650,6500,1042562,6
-2750,6501,1042793,7
-12400,6502,1043232,8
-5200,6503,1043334,3
-3050,6504,1043363,3
-450,6505,1043451,6
-4350,6506,1043596,5
-5200,6507,1043691,4
-11600,6508,1043922,4
-5550,6509,1044017,3
-4950,6510,1044076,3
-5300,6511,1044197,4
-1450,6512,1044374,7
-9000,6513,1044626,5
-3450,6514,1044770,6
-6300,6515,1044935,4
-4950,6516,1045038,3
-1350,6517,1045147,5
-3250,6518,1045208,3
-13500,6519,1045476,3
-1450,6520,1045604,6
-2950,6521,1045655,3
-4600,6522,1045864,6
-1900,6523,1046035,6
-10200,6524,1046393,7
-13350,6525,1046660,3
-1150,6526,1046855,7
-1450,6527,1046954,5
-3150,6528,1047255,9
-5400,6529,1047357,3
-18800,6530,1047793,5
-3400,6531,1047892,4
-4300,6532,1047948,3
-8850,6533,1048121,3
-7400,6534,1048329,5
-4800,6535,1048415,3
-5950,6536,1048652,5
150,6537,1048686,4
100,6538,1048715,4
-6650,6539,1048832,3
2850,6540,1048915,7
-3650,6541,1049062,5
-3550,6542,1049121,3
-5450,6543,1049402,7
-14700,6544,1049740,5
-5650,6545,1050005,7
-4600,6546,1050071,3
-1900,6547,1050246,6
-11700,6548,1050515,4
-9200,6549,1050689,3
-19700,6550,1051139,5
-7350,6551,1051332,5
-2850,6552,1051529,7
-2150,6553,1051659,6
-4150,6554,1051702,3
-9600,6555,1051900,3
-4750,6556,1052086,6
-2450,6557,1052160,4
-14150,6558,1052513,5
-1650,6559,1052575,4
-6600,6560,1052730,4
-2600,6561,1052838,5
-11300,6562,1053026,3
-10650,6563,1053379,7
-600,6564,1053524,6
-5100,6565,1053703,6
-16300,6566,1054110,6
-5550,6567,1054311,5
-1850,6568,1054430,5
-8750,6569,1054609,3
-7900,6570,1054761,3
-15300,6571,1055164,6
-1600,6572,1055358,7
-12450,6573,1055595,3
-11950,6574,1055962,7
-600,6575,1055972,3
2400,6576,1056066,7
4700,6577,1056279,12
1950,6578,1056322,5
-9850,6579,1056621,5
-700,6580,1056703,5
-9800,6581,1056881,3
-1350,6582,1056892,3
-2600,6583,1057078,7
-9900,6584,1057295,4
-3250,6585,1057381,4
-1250,6586,1057448,5
-26350,6587,1058029,5
-3600,6588,1058279,7
-3750,6589,1058470,7
-7500,6590,1058652,5
1250,6591,1058768,8
-15000,6592,1059099,4
-12900,6593,1059409,5
-3800,6594,1059488,4
-1150,6595,1059613,5
-550,6596,1059735,6
-3500,6597,1059807,3
-1900,6598,1059868,4
-4500,6599,1060107,6
-11350,6600,1060565,10
-6750,6601,1060893,8
-4800,6602,1060975,3
-11900,6603,1061323,7
-15300,6604,1061717,5
-2000,6605,1061801,5
-1750,6606,1061898,5
-2700,6607,1062024,5
250,6608,1062089,5
-5600,6609,1062220,4
-1200,6610,1062287,4
-7800,6611,1062467,5
-4550,6612,1062534,3
-5600,6613,1062686,5
-700,6614,1062793,6
-6950,6615,1062896,3
-25250,6616,1063471,5
-11050,6617,1063745,4
-4150,6618,1063927,6
-9850,6619,1064108,3
-12700,6620,1064451,6
-6000,6621,1064647,5
900,6622,1064717,5
1900,6623,1064759,5
-2150,6624,1064802,3
-6000,6625,1064924,3
-150,6626,1065018,6
750,6627,1065144,8
-2950,6628,1065188,4
-6350,6629,1065271,3
-9750,6630,1065625,6
-400,6631,1065799,7
450,6632,1065933,6
-5200,6633,1066023,3
-3850,6634,1066256,7
-5900,6635,1066476,7
-1400,6636,1066486,3
1450,6637,1066543,5
-1750,6638,1066578,3
-8850,6639,1066751,3
-3900,6640,1066803,3
-9450,6641,1066992,3
-1850,6642,1067152,6
-3750,6643,1067293,5
-3400,6644,1067433,5
-5550,6645,1067590,5
-6100,6646,1067764,5
-2650,6647,1068104,10
-2950,6648,1068237,5
-2550,6649,1068256,3
-10900,6650,1068542,5
-1750,6651,1068573,3
-2700,6652,1068597,3
-6200,6653,1068699,3
-12750,6654,1068954,3
-8050,6655,1069095,3
-4050,6656,1069168,3
-2750,6657,1069378,6
-7450,6658,1069675,7
-9600,6659,1069919,5
-3950,6660,1070043,4
-3350,6661,1070152,5
-11950,6662,1070506,6
-1850,6663,1070552,4
-3650,6664,1070752,6
-17900,6665,1071256,7
-5850,6666,1071455,5
-2800,6667,1071579,5
-4850,6668,1071767,6
-4700,6669,1071945,5
-16850,6670,1072299,4
-8200,6671,1072536,6
-3250,6672,1072606,4
-4950,6673,1072661,3
-9100,6674,1072899,5
450,6675,1073017,6
-6100,6676,1073158,4
-2650,6677,1073199,3
-7000,6678,1073370,4
-35600,6679,1074204,7
-5500,6680,1074395,6
0,6681,1074546,8
-2150,6682,1074602,4
-4250,6683,1074655,3
-2550,6684,1074784,5
-1200,6685,1074942,7
550,6686,1074980,4
-7450,6687,1075105,3
-2800,6688,1075151,3
-10600,6689,1075415,5
-5150,6690,1075531,4
-1300,6691,1075551,3
-3500,6692,1075599,3
-7000,6693,1075840,6
-1850,6694,1076103,9
-800,6695,1076183,5
-8050,6696,1076398,5
-3450,6697,1076512,4
-6100,6698,1076629,4
-4600,6699,1076679,3
-7700,6700,1076918,6
-17400,6701,1077281,4
-7050,6702,1077418,3
-3850,6703,1077491,3
-4150,6704,1077640,5
-12700,6705,1077982,5
-3500,6706,1078161,6
-550,6707,1078176,3
-4600,6708,1078226,3
-4550,6709,1078305,3
-14700,6710,1078675,5
-10550,6711,1079001,6
-3900,6712,1079094,4
-12600,6713,1079341,4
-3750,6714,1079420,3
-3400,6715,1079564,5
-13050,6716,1079855,5
350,6717,1079947,6
-4750,6718,1080014,3
-9600,6719,1080172,3
-2000,6720,1080379,8
-17850,6721,1080781,4
-9750,6722,1081030,5
-4800,6723,1081100,3
-8400,6724,1081446,7
-2450,6725,1081496,4
-7700,6726,1081677,4
-400,6727,1081931,7
-8700,6728,1082173,5
-12650,6729,1082398,3
-6400,6730,1082549,4
-2400,6731,1082829,9
-3050,6732,1082898,3
-7700,6733,1083120,5
-13900,6734,1083389,4
-5950,6735,1083595,6
-26750,6736,1084275,8
-1600,6737,1084403,5
-3550,6738,1084548,5
-20600,6739,1085012,5
-1450,6740,1085054,4
-7500,6741,1085191,4
-27100,6742,1085793,5
-9200,6743,1085976,4
-2550,6744,1086039,3
-16300,6745,1086335,3
-7400,6746,1086577,7
-2150,6747,1086649,4
-7400,6748,1086877,5
1450,6749,1086918,5
-7850,6750,1087145,5
-550,6751,1087206,5
-750,6752,1087291,5
-9600,6753,1087543,5
-11850,6754,1087789,4
-2200,6755,1087885,5
-7800,6756,1087999,3
-4350,6757,1088062,3
-4000,6758,1088251,6
-11600,6759,1088642,8
-1150,6760,1088665,3
-4000,6761,1088719,3
-3300,6762,1088804,4
-5200,6763,1088870,3
-3850,6764,1089058,6
-6400,6765,1089230,5
-2100,6766,1089262,3
-16200,6767,1089868,11
1150,6768,1089887,5
900,6769,1089933,5
-29850,6770,1090616,5
2150,6771,1090758,8
-3250,6772,1090840,4
-13950,6773,1091214,6
-2150,6774,1091237,3
-3350,6775,1091374,5
-9500,6776,1091722,7
-1100,6777,1091787,4
-6900,6778,1091911,3
-14300,6779,1092273,5
-6200,6780,1092436,4
1850,6781,1092612,8
-13300,6782,1092901,4
-10900,6783,1093117,3
-3600,6784,1093224,4
-2300,6785,1093272,3
200,6786,1093291,4
-17300,6787,1093743,7
-3300,6788,1093791,3
-4550,6789,1093965,6
-2500,6790,1094079,5
-2650,6791,1094128,3
-6000,6792,1094226,3
-4850,6793,1094344,4
950,6794,1094375,5
-13300,6795,1094767,7
-150,6796,1094836,5
-5950,6797,1095045,5
-3000,6798,1095186,6
-9900,6799,1095407,4
-9350,6800,1095648,5
-1150,6801,1095659,3
4500,6802,1095764,8
-400,6803,1095894,7
-4250,6804,1095967,3
-6850,6805,1096174,5
-150,6806,1096231,5
-6050,6807,1096332,3
-8250,6808,1096694,8
-7100,6809,1096806,3
-12450,6810,1097101,5
-2900,6811,1097280,6
-1450,6812,1097429,7
-1900,6813,1097453,3
-8050,6814,1097614,3
1750,6815,1097710,6
-3650,6816,1097763,3
-5050,6817,1097820,3
-2950,6818,1097847,3
-5450,6819,1097932,3
-5350,6820,1098138,6
-6550,6821,1098257,3
-3000,6822,1098484,8
-6550,6823,1098718,6
1350,6824,1098769,5
-1050,6825,1098889,6
-3250,6826,1098992,5
-1700,6827,1099114,5
-5000,6828,1099315,6
-18800,6829,1099779,5
-20200,6830,1100280,6
-13900,6831,1100626,5
-8750,6832,1100830,4
-3200,6833,1100929,4
-2000,6834,1101042,6
-5000,6835,1101190,5
-3950,6836,1101274,4
-9200,6837,1101575,6
-1400,6838,1101774,8
-450,6839,1101976,8
1050,6840,1102005,5
-1750,6841,1102053,4
-10950,6842,1102248,3
750,6843,1102409,7
-4250,6844,1102494,3
-10750,6845,1102857,7
-3150,6846,1102985,4
-2700,6847,1103115,5
-26650,6848,1103673,4
-6600,6849,1103844,4
-8350,6850,1104053,5
-8200,6851,1104277,5
950,6852,1104324,5
-1900,6853,1104344,3
-1900,6854,1104356,3
-2750,6855,1104391,3
-9750,6856,1104656,5
-2500,6857,1104774,5
1250,6858,1104839,5
-1550,6859,1104870,3
-6250,6860,1104999,3
500,6861,1105114,6
-34150,6862,1105774,4
-10800,6863,1105965,4
-6450,6864,1106168,5
-850,6865,1106255,5
-3050,6866,1106329,4
-6050,6867,1106414,3
2000,6868,1106455,6
2950,6869,1106516,7
2500,6870,1106576,7
3700,6871,1106624,7
-1500,6872,1106657,4
-2300,6873,1106677,3
-7900,6874,1106821,3
-7550,6875,1107013,4
-7750,6876,1107161,4
-3150,6877,1107188,3
-7250,6878,1107448,6
-12700,6879,1107782,5
-1000,6880,1107800,3
-13800,6881,1108074,3
200,6882,1108122,5
3550,6883,1108248,8
-6850,6884,1108398,4
-10150,6885,1108679,5
-2700,6886,1108727,3
-2750,6887,1108872,5
1750,6888,1108944,6
-5600,6889,1109087,4
-4350,6890,1109150,3
-2100,6891,1109162,3
-3600,6892,1109188,3
-2150,6893,1109289,5
-5300,6894,1109385,3
-3100,6895,1109479,5
-6150,6896,1109566,3
-6050,6897,1109831,7
-11400,6898,1110135,5
-19550,6899,1110629,6
-4450,6900,1110821,6
-1500,6901,1110899,5
-5600,6902,1111009,3
3050,6903,1111096,7
-19850,6904,1111600,6
-12800,6905,1111810,3
3250,6906,1111874,8
550,6907,1111953,5
-6650,6908,1112221,6
-8250,6909,1112550,7
2900,6910,1112617,6
-1600,6911,1112701,5
-6450,6912,1112908,5
-4850,6913,1113001,3
-2250,6914,1113034,3
-2900,6915,1113066,3
-4200,6916,1113317,8
-350,6917,1113480,7
-5000,6918,1113632,5
-3550,6919,1113687,3
-12350,6920,1113992,5
1450,6921,1114037,5
-2050,6922,1114103,4
-4550,6923,1114158,3
-5900,6924,1114234,3
-3800,6925,1114472,7
-14400,6926,1114759,4
-3000,6927,1114781,3
-3700,6928,1114809,3
-3950,6929,1114913,4
-7850,6930,1115054,3
-6200,6931,1115152,3
-7150,6932,1115324,4
-17600,6933,1115822,7
1850,6934,1115925,7
-9800,6935,1116185,5
500,6936,1116365,7
-5200,6937,1116549,5
-10650,6938,1116722,3
-8500,6939,1116972,5
-5100,6940,1117068,3
-24900,6941,1117593,4
-6700,6942,1117799,5
-17950,6943,1118199,4
-7650,6944,1118308,3
-8100,6945,1118534,5
-7200,6946,1118672,3
-8350,6947,1118881,5
150,6948,1118944,5
-3550,6949,1118991,3
-7050,6950,1119165,4
-2350,6951,1119184,3
-2000,6952,1119194,3
-19500,6953,1119685,6
-7250,6954,1119884,5
-10500,6955,1120187,6
-12100,6956,1120522,6
-2800,6957,1120724,7
-8600,6958,1120866,3
-4150,6959,1121039,5
-300,6960,1121101,5
-3550,6961,1121140,3
-3050,6962,1121165,3
-19950,6963,1121597,4
-5000,6964,1121699,3
-1750,6965,1121730,3
-6800,6966,1121934,5
-9400,6967,1122198,5
250,6968,1122239,5
-19500,6969,1122738,6
-8850,6970,1122911,3
-16550,6971,1123284,5
-2150,6972,1123360,4
-1150,6973,1123383,3
-1650,6974,1123400,3
-1400,6975,1123414,3
-800,6976,1123424,3
-2100,6977,1123444,3
-4250,6978,1123603,5
-3700,6979,1123635,3
-12950,6980,1123915,4
-3750,6981,1123962,3
-450,6982,1124090,6
-10900,6983,1124392,5
-3650,6984,1124535,5
-1400,6985,1124570,4
-5750,6986,1124739,5
-6350,6987,1124998,7
-18750,6988,1125399,5
-1850,6989,1125408,3
-5650,6990,1125477,3
-3900,6991,1125509,3
-4250,6992,1125554,3
-2700,6993,1125765,6
-5950,6994,1125852,3
-7000,6995,1126084,5
-10700,6996,1126260,3
-4000,6997,1126306,3
-2350,6998,1126407,5
2050,6999,1126555,8
-13850,7000,1126923,6
-1800,7001,1126941,3
-4050,7002,1126990,3
-9450,7003,1127229,5
-2100,7004,1127249,3
-2400,7005,1127284,4
-15050,7006,1127598,4
-7050,7007,1127813,5
-16400,7008,1128193,5
950,7009,1128248,5
-10050,7010,1128478,4
-900,7011,1128494,3
-8000,7012,1128878,9
-6100,7013,1129023,4
-2650,7014,1129121,4
-1400,7015,1129143,3
-8000,7016,1129269,3
-9100,7017,1129409,3
-4250,7018,1129482,3
-7000,7019,1129608,3
-2100,7020,1129648,3
300,7021,1129710,5
-3250,7022,1129923,7
1850,7023,1129992,5
-2300,7024,1130248,7
-10850,7025,1130445,3
-3900,7026,1130517,3
-4450,7027,1130610,3
300,7028,1130627,4
-3250,7029,1130917,8
-6850,7030,1131152,5
-29200,7031,1131854,7
-3900,7032,1131988,5
-20200,7033,1132620,9
-13250,7034,1132947,5
1200,7035,1132983,5
2650,7036,1133034,7
-850,7037,1133068,4
-4000,7038,1133106,3
-32650,7039,1133866,6
-1000,7040,1133888,3
-5300,7041,1133992,3
-4400,7042,1134205,6
-4650,7043,1134298,3
-3300,7044,1134420,5
-8350,7045,1134575,3
-6050,7046,1134795,6
-2800,7047,1134841,3
-9700,7048,1135124,6
-2250,7049,1135186,4
-5950,7050,1135334,4
-1600,7051,1135352,3
-6700,7052,1135542,5
-8600,7053,1135750,5
-4800,7054,1135841,4
-7550,7055,1135992,3
-6050,7056,1136171,5
-1450,7057,1136237,4
-13100,7058,1136485,3
3500,7059,1136646,8
-9650,7060,1136876,4
200,7061,1136940,5
-9850,7062,1137219,5
-5200,7063,1137297,3
-12200,7064,1137617,5
-6500,7065,1137795,5
300,7066,1137901,5
-4850,7067,1137982,3
-6800,7068,1138124,3
-450,7069,1138227,5
850,7070,1138292,5
-5600,7071,1138398,3
-7450,7072,1138523,3
-3900,7073,1138587,3
-1150,7074,1138635,4
-3550,7075,1138670,3
-7600,7076,1138886,5
-12600,7077,1139186,5
-2300,7078,1139452,9
-3900,7079,1139520,3
-1800,7080,1139554,3
-800,7081,1139564,3
3550,7082,1139690,8
-8650,7083,1139868,4
-7950,7084,1140101,5
-4450,7085,1140403,8
2650,7086,1140491,8
-500,7087,1140507,3
-3400,7088,1140561,3
-8300,7089,1140886,8
-30950,7090,1141576,6
-8200,7091,1141923,8
-6950,7092,1142071,4
-9550,7093,1142328,5
-4850,7094,1142413,3
-2700,7095,1142461,3
-12150,7096,1142721,4
-5700,7097,1142875,5
450,7098,1142899,4
0,7099,1142979,5
-4650,7100,1143285,8
-1100,7101,1143363,5
-15100,7102,1143770,6
-4200,7103,1143938,5
-2900,7104,1143970,3
-6250,7105,1144067,3
-17950,7106,1144390,3
-3000,7107,1144420,3
-1100,7108,1144653,8
-7400,7109,1144984,8
-12000,7110,1145210,3
-17950,7111,1145586,4
-3000,7112,1145665,4
-2350,7113,1145848,7
-9100,7114,1146159,6
-13100,7115,1146456,4
-6100,7116,1146601,4
-1250,7117,1146672,5
-10700,7118,1146946,5
800,7119,1147047,6
-650,7120,1147060,3
-9450,7121,1147303,5
-2700,7122,1147372,4
-2800,7123,1147496,5
-4300,7124,1147544,3
-6250,7125,1147723,5
-3700,7126,1147829,5
-2600,7127,1147855,3
-2950,7128,1147882,3
-2600,7129,1147904,3
-4500,7130,1148075,6
450,7131,1148140,5
-950,7132,1148196,4
-10000,7133,1148419,4
-12500,7134,1148688,4
-7500,7135,1148796,3
-2650,7136,1148878,4
-2500,7137,1148922,3
-8050,7138,1149043,3
-5100,7139,1149225,5
-2200,7140,1149321,5
-12250,7141,1149727,8
-4800,7142,1149797,3
-2400,7143,1149819,3
-3250,7144,1149999,6
-11050,7145,1150204,3
-6100,7146,1150418,5
-8950,7147,1150693,7
-5850,7148,1150790,3
-6050,7149,1150875,3
-6250,7150,1151042,5
1800,7151,1151066,5
1950,7152,1151110,6
-19650,7153,1151619,7
-4350,7154,1151674,3
-5050,7155,1151854,6
-11100,7156,1152136,5
-1150,7157,1152274,6
-6900,7158,1152382,3
-1900,7159,1152418,3
-10050,7160,1152595,3
-7600,7161,1152804,6
-20250,7162,1153349,7
-5600,7163,1153451,3
-600,7164,1153503,5
-9200,7165,1153747,5
-3700,7166,1153881,5
-14600,7167,1154167,3
-1600,7168,1154259,5
-4250,7169,1154336,3
-5800,7170,1154660,9
-9050,7171,1154957,7
-450,7172,1155007,4
-3550,7173,1155259,8
-12500,7174,1155663,7
-7750,7175,1155909,6
-21050,7176,1156351,4
-4100,7177,1156554,6
-7150,7178,1156759,5
-4450,7179,1156804,3
-1900,7180,1156832,3
-700,7181,1156898,5
-22950,7182,1157313,3
-13350,7183,1157601,4
-6350,7184,1157696,3
1150,7185,1157882,8
-1750,7186,1157897,3
-6000,7187,1157979,3
-2900,7188,1158019,3
-4550,7189,1158131,4
-2950,7190,1158255,4
200,7191,1158295,5
-8350,7192,1158549,6
-3300,7193,1158659,5
-7700,7194,1158905,5
-5700,7195,1159116,6
-6700,7196,1159204,3
-13550,7197,1159484,4
-14900,7198,1159789,4
-3150,7199,1159832,3
-1650,7200,1159853,3
-15150,7201,1160198,5
-5250,7202,1160299,3
-11900,7203,1160581,5
2900,7204,1160624,6
-1400,7205,1160708,5
-5850,7206,1160961,7
-9450,7207,1161216,5
700,7208,1161286,5
-8350,7209,1161437,3
-18300,7210,1161761,3
-900,7211,1161777,3
-800,7212,1161849,5
-4200,7213,1161923,3
-23250,7214,1162417,4
-2000,7215,1162517,5
-5750,7216,1162670,5
-9250,7217,1162897,5
-14300,7218,1163267,5
-13800,7219,1163635,5
-10800,7220,1163838,4
-12100,7221,1164074,3
-5400,7222,1164180,3
-9350,7223,1164409,5
-23550,7224,1164930,5
-1150,7225,1165269,11
-16900,7226,1165683,5
850,7227,1165732,5
-19400,7228,1166225,6
-1650,7229,1166238,3
-2250,7230,1166370,6
-750,7231,1166532,6
-6900,7232,1166755,6
-550,7233,1166791,4
-2700,7234,1166864,4
-19700,7235,1167465,8
-2150,7236,1167508,3
-7800,7237,1167646,3
-900,7238,1167724,5
-750,7239,1167760,4
-9550,7240,1168000,4
-22900,7241,1168461,4
-5900,7242,1168578,4
-29200,7243,1169152,3
-6900,7244,1169347,6
-6800,7245,1169645,7
-13600,7246,1169907,3
-8900,7247,1170128,4
-5150,7248,1170191,3
-3150,7249,1170332,5
-13350,7250,1170665,5
-2300,7251,1170685,3
-7050,7252,1170884,5
-4200,7253,1170950,3
-7850,7254,1171172,4
1700,7255,1171214,5
500,7256,1171272,5
-8500,7257,1171502,5
-18450,7258,1172036,8
-4450,7259,1172117,3
-11250,7260,1172343,4
-30400,7261,1172991,5
-900,7262,1173163,7
-6950,7263,1173286,3
-3700,7264,1173354,3
1500,7265,1173433,6
-3050,7266,1173458,3
-5100,7267,1173538,3
-3850,7268,1173599,3
-5000,7269,1173661,3
-13350,7270,1173933,4
-3450,7271,1173962,3
-2600,7272,1174004,3
-3650,7273,1174082,4
-1700,7274,1174155,4
-5500,7275,1174243,3
-800,7276,1174327,5
350,7277,1174394,5
-19250,7278,1174853,5
-3550,7279,1174986,5
-5150,7280,1175147,5
-3600,7281,1175177,3
-3100,7282,1175222,4
-27700,7283,1175779,4
1200,7284,1176000,10
-9850,7285,1176169,3
-10150,7286,1176356,3
-5400,7287,1176430,3
-3700,7288,1176466,3
-2600,7289,1176541,4
1000,7290,1176667,7
550,7291,1176730,5
-6450,7292,1176974,6
-1150,7293,1177096,6
-6350,7294,1177211,3
-13800,7295,1177523,5
-850,7296,1177623,6
-11300,7297,1178031,7
-2150,7298,1178136,5
-5000,7299,1178288,5
-500,7300,1178313,4
-1150,7301,1178378,5
-7500,7302,1178522,3
-11700,7303,1178922,7
-10050,7304,1179206,6
-18050,7305,1179551,3
-5350,7306,1179683,4
-6050,7307,1179825,4
-11200,7308,1180092,4
-1650,7309,1180163,5
-11550,7310,1180423,4
-700,7311,1180497,5
-3900,7312,1180569,3
-1800,7313,1180681,5
-10300,7314,1180877,3
-6850,7315,1181124,5
-9950,7316,1181291,3
-2200,7317,1181502,8
-5700,7318,1181574,3
-3150,7319,1181605,3
-6150,7320,1181728,3
1050,7321,1181937,9
-3000,7322,1182036,4
-1250,7323,1182218,8
-10050,7324,1182395,3
-5150,7325,1182458,3
-4350,7326,1182747,9
-3900,7327,1182795,3
-12300,7328,1183093,5
-1050,7329,1183249,6
-1950,7330,1183362,5
-6100,7331,1183482,3
-2700,7332,1183530,3
-6550,7333,1183645,3
-6000,7334,1183735,3
-3900,7335,1183865,5
-15500,7336,1184186,4
-2500,7337,1184230,3
-10450,7338,1184411,3
-13400,7339,1184653,3
-3950,7340,1184810,5
-5900,7341,1184984,5
-4200,7342,1185157,6
-13300,7343,1185479,5
-2300,7344,1185663,7
-5700,7345,1185808,4
-10750,7346,1186031,3
1800,7347,1186145,7
-750,7348,1186398,9
-450,7349,1186482,6
-4700,7350,1186530,3
-3150,7351,1186561,3
-4600,7352,1186802,6
-5600,7353,1186937,4
-8650,7354,1187090,3
-3300,7355,1187130,3
-8950,7356,1187416,6
-5700,7357,1187660,7
-8250,7358,1187912,6
-6550,7359,1188166,6
-4300,7360,1188414,7
-1650,7361,1188443,3
-8300,7362,1188583,3
-3850,7363,1188763,6
-2250,7364,1188800,3
-2200,7365,1188818,3
-9750,7366,1189120,6
-1050,7367,1189235,5
-5550,7368,1189449,6
-9500,7369,1189617,3
-15500,7370,1189913,3
-5150,7371,1189976,3
-3850,7372,1190049,3
-1650,7373,1190066,3
-3800,7374,1190112,3
-2100,7375,1190156,3
2400,7376,1190250,7
-5400,7377,1190534,9
-10600,7378,1190818,5
-3250,7379,1190875,3
-2700,7380,1190961,5
-19700,7381,1191379,5
-22650,7382,1191824,3
-20450,7383,1192213,3
-5500,7384,1192289,3
-8550,7385,1192424,3
-7050,7386,1192651,5
2500,7387,1192710,6
-5800,7388,1192804,3
550,7389,1192900,6
-3700,7390,1193038,5
-3850,7391,1193111,3
-1900,7392,1193139,3
-50,7393,1193246,5
1850,7394,1193332,6
-9950,7395,1193536,4
500,7396,1193676,7
-4550,7397,1193801,5
-500,7398,1193994,8
-1500,7399,1194108,5
-11050,7400,1194379,5
-6650,7401,1194472,3
-20850,7402,1194939,5
-14750,7403,1195243,4
-3900,7404,1195421,5
-8600,7405,1195714,6
-3600,7406,1195907,6
-5850,7407,1196028,3
3350,7408,1196204,10
-4800,7409,1196302,3
-13350,7410,1196647,5
-750,7411,1196695,4
-6900,7412,1196893,5
-1350,7413,1196998,5
-6850,7414,1197193,5
-5500,7415,1197351,5
-16500,7416,1197815,7
-2450,7417,1197852,3
-2550,7418,1198022,6
-1100,7419,1198034,3
-2150,7420,1198263,9
-10600,7421,1198531,5
-11000,7422,1198774,4
-9850,7423,1198931,3
-2950,7424,1198966,3
-3350,7425,1198997,3
-1500,7426,1199091,5
-1050,7427,1199116,3
-3850,7428,1199243,5
-11950,7429,1199540,5
-1600,7430,1199554,3
-28850,7431,1200300,8
-10800,7432,1200535,4
-1750,7433,1200681,6
-3250,7434,1200730,3
-3700,7435,1200774,3
-12800,7436,1201057,4
-8500,7437,1201205,3
-3000,7438,1201243,3
-1400,7439,1201261,3
-15950,7440,1201573,4
-5750,7441,1201688,3
2950,7442,1201868,10
-4650,7443,1201957,3
-6050,7444,1202078,3
-300,7445,1202194,7
-6450,7446,1202279,3
-2600,7447,1202468,6
500,7448,1202489,4
1250,7449,1202563,6
-3600,7450,1202617,3
-4150,7451,1202746,5
-2300,7452,1202848,5
-2350,7453,1202932,4
-5800,7454,1203022,3
-6100,7455,1203208,5
-5150,7456,1203295,3
-2300,7457,1203430,6
-800,7458,1203448,3
-4350,7459,1203572,4
-3300,7460,1203624,3
-12500,7461,1203898,5
-350,7462,1203995,5
-1700,7463,1204011,3
-2350,7464,1204058,3
-3150,7465,1204269,7
-2150,7466,1204316,3
-7500,7467,1204428,3
-5200,7468,1204502,3
-28050,7469,1205170,6
-4750,7470,1205257,3
-2250,7471,1205274,3
-7550,7472,1205479,5
-3450,7473,1205565,4
-5450,7474,1205788,5
-1550,7475,1205811,3
-4600,7476,1205902,4
-2800,7477,1205940,3
-17400,7478,1206291,4
-2800,7479,1206337,3
-4150,7480,1206494,5
-7450,7481,1206660,4
-2550,7482,1206822,6
-2200,7483,1206925,4
-21850,7484,1207354,3
-650,7485,1207425,5
-4750,7486,1207598,5
-4750,7487,1207776,6
-2050,7488,1207891,5
1250,7489,1207936,5
-2200,7490,1207950,3
-8350,7491,1208200,6
600,7492,1208370,7
-12200,7493,1208670,5
-7750,7494,1208904,6
-4250,7495,1209055,5
-12450,7496,1209317,4
-18250,7497,1209736,5
-2900,7498,1209874,5
1600,7499,1209926,5
-5950,7500,1210033,3
-19650,7501,1210394,3
-4800,7502,1210628,7
-11300,7503,1210840,3
-2550,7504,1210916,4
-9050,7505,1211057,3
-4050,7506,1211159,4
-450,7507,1211287,6
-3000,7508,1211341,3
-17050,7509,1211703,4
-7700,7510,1212039,7
-3550,7511,1212184,5
-450,7512,1212263,5
-9350,7513,1212573,6
1300,7514,1212611,5
-15400,7515,1213020,6
-8750,7516,1213261,5
-3400,7517,1213381,5
-4750,7518,1213464,3
-2050,7519,1213526,4
-4600,7520,1213707,6
-10000,7521,1213881,3
-4700,7522,1214146,8
-4650,7523,1214313,5
-300,7524,1214383,5
1500,7525,1214466,6
550,7526,1214504,4
-2550,7527,1214634,6
-5900,7528,1214722,3
-12300,7529,1214938,3
-6750,7530,1215081,3
-7750,7531,1215200,3
-2300,7532,1215216,3
-2050,7533,1215229,3
-6350,7534,1215430,5
-5650,7535,1215535,3
-2600,7536,1215557,3
-7300,7537,1215673,3
-6550,7538,1215909,8
-5550,7539,1215992,3
-5100,7540,1216199,6
-4650,7541,1216252,3
-3600,7542,1216535,8
-1650,7543,1216630,5
-2900,7544,1216674,3
-13600,7545,1216969,4
-4550,7546,1217250,9
-4900,7547,1217384,5
-1950,7548,1217395,3
-850,7549,1217408,3
-3100,7550,1217456,3
-2300,7551,1217676,7
-2000,7552,1217694,3
-11550,7553,1218044,6
-2450,7554,1218077,3
-2050,7555,1218102,3
-3400,7556,1218164,3
-5950,7557,1218243,3
-1700,7558,1218435,7
-1100,7559,1218533,5
-5800,7560,1218709,5
-5000,7561,1218771,3
-8000,7562,1218921,3
-3450,7563,1219065,6
-11000,7564,1219243,3
-10250,7565,1219526,5
-8350,7566,1219743,5
-3450,7567,1219870,5
-2800,7568,1219896,3
-2450,7569,1219917,3
-3000,7570,1220155,7
-7150,7571,1220302,3
-1600,7572,1220454,5
-6850,7573,1220669,5
-5050,7574,1220898,7
150,7575,1220994,6
-12050,7576,1221211,3
-1900,7577,1221227,3
-3400,7578,1221261,3
-3700,7579,1221374,4
-14950,7580,1221722,4
-10500,7581,1221959,4
-9050,7582,1222214,5
-12250,7583,1222493,5
-9700,7584,1222645,3
-6350,7585,1222728,3
-3700,7586,1222911,6
-2500,7587,1223045,5
-4800,7588,1223197,5
-25450,7589,1223748,5
-14300,7590,1224089,4
-2400,7591,1224103,3
-8100,7592,1224227,3
-10600,7593,1224421,3
-10500,7594,1224642,4
-15400,7595,1225071,6
800,7596,1225184,6
-6250,7597,1225269,3
-850,7598,1225356,5
-3200,7599,1225541,6
-4250,7600,1225626,3
500,7601,1225647,4
-9600,7602,1225846,4
-1750,7603,1225861,3
-11700,7604,1226143,5
-5050,7605,1226224,3
-4900,7606,1226370,5
-8750,7607,1226513,3
-1800,7608,1226527,3
-2400,7609,1226553,3
-1400,7610,1226654,6
-2550,7611,1226857,7
-900,7612,1226919,5
-3000,7613,1226973,3
-13900,7614,1227290,4
-5350,7615,1227410,4
-2750,7616,1227486,4
-4850,7617,1227579,3
-3050,7618,1227645,4
-2300,7619,1227763,5
-10400,7620,1228039,5
-5400,7621,1228199,5
-5400,7622,1228322,4
-3800,7623,1228393,4
-14750,7624,1228693,4
-2650,7625,1228734,3
-1450,7626,1228813,5
-16550,7627,1229211,6
850,7628,1229277,6
-6850,7629,1229394,3
-2600,7630,1229539,6
-2900,7631,1229625,5
-2650,7632,1229642,3
-3250,7633,1229679,3
-4150,7634,1229726,3
-6500,7635,1229940,5
-2500,7636,1229986,5
-2800,7637,1230008,3
-2350,7638,1230027,3
-2450,7639,1230056,3
3600,7640,1230257,10
850,7641,1230318,5
-3150,7642,1230353,3
-4450,7643,1230402,3
-5150,7644,1230555,5
450,7645,1230612,5
-1450,7646,1230670,4
-12750,7647,1230909,3
-1050,7648,1230987,4
-5800,7649,1231089,3
-7200,7650,1231207,3
-10950,7651,1231439,4
-5250,7652,1231508,3
-6950,7653,1231647,3
-3350,7654,1231666,3
-13350,7655,1231917,3
-7150,7656,1232036,3
-8450,7657,1232259,5
-4300,7658,1232335,3
-7200,7659,1232653,7
-4350,7660,1232720,3
-5500,7661,1232882,5
600,7662,1233004,7
3000,7663,1233086,7
-1350,7664,1233122,4
-600,7665,1233202,5
-9400,7666,1233373,4
-11850,7667,1233717,6
-450,7668,1233772,5
-3350,7669,1233839,3
-9800,7670,1234067,5
-3750,7671,1234114,3
-5500,7672,1234202,3
-6050,7673,1234381,5
-1050,7674,1234402,3
-15900,7675,1234682,3
-10850,7676,1235039,7
-3150,7677,1235152,5
-13150,7678,1235391,3
-4550,7679,1235516,5
1700,7680,1235546,5
-2750,7681,1235676,6
-2650,7682,1235709,3
-5550,7683,1235784,3
-550,7684,1235914,6
-10750,7685,1236097,3
-2250,7686,1236126,3
350,7687,1236238,6
-11050,7688,1236456,4
-12400,7689,1236744,5
-3550,7690,1236815,3
-6750,7691,1236930,3
-7950,7692,1237106,4
-4800,7693,1237311,6
-2300,7694,1237367,3
-10900,7695,1237571,3
-12150,7696,1237958,7
-15950,7697,1238397,7
-3950,7698,1238472,3
-8450,7699,1238723,5
-2050,7700,1238740,3
-500,7701,1238814,5
-3500,7702,1238842,3
-3250,7703,1238985,5
-12200,7704,1239243,3
-2450,7705,1239350,5
-7000,7706,1239542,5
-3750,7707,1239773,7
-4500,7708,1239833,3
-5750,7709,1239964,3
-4700,7710,1240094,5
-1100,7711,1240229,6
-6100,7712,1240321,3
-7800,7713,1240480,4
1700,7714,1240612,7
-5350,7715,1240904,8
-6300,7716,1241024,3
-9050,7717,1241284,6
-5450,7718,1241476,6
-10950,7719,1241671,3
-3600,7720,1241786,4
150,7721,1241837,5
-5050,7722,1242004,5
-11100,7723,1242405,8
-2850,7724,1242442,3
-9650,7725,1242623,3
-19000,7726,1243022,4
-3000,7727,1243072,3
-5900,7728,1243270,5
-20850,7729,1243729,5
-4850,7730,1243880,5
-1350,7731,1243912,4
-3300,7732,1243956,3
-20650,7733,1244386,4
-3850,7734,1244459,3
-8050,7735,1244715,6
-8300,7736,1244883,3
-11200,7737,1245073,3
-4200,7738,1245225,5
-1050,7739,1245312,5
-11500,7740,1245782,9
-4850,7741,1245843,3
-4200,7742,1245885,3
-4500,7743,1246035,5
150,7744,1246098,5
-3000,7745,1246218,5
-4850,7746,1246389,5
300,7747,1246406,4
-8050,7748,1246559,3
-7400,7749,1246689,3
-4800,7750,1246759,3
-1850,7751,1246834,5
-20000,7752,1247302,5
-17100,7753,1247606,3
-15750,7754,1248003,5
-11100,7755,1248326,6
-4300,7756,1248414,3
-5200,7757,1248500,3
-7550,7758,1248615,3
-450,7759,1248768,7
-1900,7760,1248845,4
-1150,7761,1248905,4
-5750,7762,1249196,7
-7800,7763,1249362,3
-5400,7764,1249542,5
-6100,7765,1249642,3
-1950,7766,1249755,5
1250,7767,1249866,7
-6900,7768,1250006,3
-200,7769,1250058,5
-1950,7770,1250118,4
-5800,7771,1250241,4
-10600,7772,1250566,6
-11650,7773,1250881,5
-3200,7774,1250984,4
-7750,7775,1251115,3
-8250,7776,1251350,5
-2900,7777,1251587,8
-20150,7778,1251978,3
-12950,7779,1252225,3
-10850,7780,1252426,3
-13150,7781,1252803,5
-7150,7782,1252906,3
-3350,7783,1252957,3
-2150,7784,1252984,3
350,7785,1253055,5
-5200,7786,1253169,3
-4350,7787,1253228,3
-2400,7788,1253242,3
3200,7789,1253295,6
-10350,7790,1253490,3
-2850,7791,1253543,3
-2400,7792,1253569,3
-7900,7793,1253705,3
-8000,7794,1253970,6
2150,7795,1254018,6
-1900,7796,1254058,3
-16650,7797,1254473,5
-8550,7798,1254705,4
-11600,7799,1255050,6
-8550,7800,1255205,3
-4350,7801,1255268,3
-2250,7802,1255297,3
2600,7803,1255420,8
-5450,7804,1255530,4
-17750,7805,1256073,7
-25150,7806,1256634,5
-2600,7807,1256762,5
-6450,7808,1256887,3
-1950,7809,1256930,3
-2000,7810,1256968,3
-15700,7811,1257313,4
-950,7812,1257472,7
-6250,7813,1257782,8
-2950,7814,1257849,3
-6950,7815,1258046,5
-6350,7816,1258133,3
-1950,7817,1258144,3
-12800,7818,1258456,5
-4950,7819,1258543,3
-6700,7820,1258757,5
1600,7821,1258854,6
-4650,7822,1258935,3
-2350,7823,1258950,3
-11500,7824,1259276,5
-3400,7825,1259347,4
-25950,7826,1259887,4
-750,7827,1259931,4
-14900,7828,1260322,6
1650,7829,1260347,5
-6100,7830,1260423,3
-1600,7831,1260531,5
-12550,7832,1260754,3
-250,7833,1260829,5
-1700,7834,1260931,5
-18550,7835,1261319,4
-3800,7836,1261442,4
2650,7837,1261497,7
-6950,7838,1261649,4
-5300,7839,1261900,6
-2650,7840,1261954,4
-14050,7841,1262236,4
-3350,7842,1262267,3
-650,7843,1262326,5
900,7844,1262396,5
-6500,7845,1262549,4
-3000,7846,1262591,3
-12950,7847,1262986,7
1400,7848,1263046,5
1050,7849,1263099,5
-5850,7850,1263410,9
-1600,7851,1263498,5
-2450,7852,1263527,3
-2400,7853,1263569,3
-5700,7854,1263657,3
-4600,7855,1263846,6
-4400,7856,1264006,5
-2250,7857,1264023,3
-7550,7858,1264200,5
-10450,7859,1264516,6
-14600,7860,1264909,6
-7300,7861,1265025,3
-1700,7862,1265155,5
-100,7863,1265209,5
-4900,7864,1265273,3
-1700,7865,1265298,4
-14300,7866,1265591,4
-6450,7867,1265716,3
-650,7868,1265729,3
-1350,7869,1265773,4
1450,7870,1265926,9
-15800,7871,1266310,5
-21650,7872,1266776,4
-14050,7873,1267045,3
-12100,7874,1267343,5
-3450,7875,1267482,5
3650,7876,1267595,9
-3400,7877,1267645,3
-11500,7878,1267931,5
-3650,7879,1268038,5
-5200,7880,1268239,6
750,7881,1268282,5
-18600,7882,1268751,6
-4400,7883,1268829,3
-11000,7884,1269125,5
-7200,7885,1269243,3
-1750,7886,1269270,3
-1850,7887,1269295,3
-14200,7888,1269606,4
-3050,7889,1269627,3
-2550,7890,1269728,5
-2300,7891,1269784,3
-1500,7892,1269837,4
-12150,7893,1270068,3
-4650,7894,1270215,5
-6350,7895,1270342,3
-27050,7896,1270859,3
-14650,7897,1271128,3
-6050,7898,1271241,3
-20000,7899,1271664,4
-12550,7900,1271920,4
-1800,7901,1271942,3
-8700,7902,1272114,3
-6400,7903,1272330,5
-3400,7904,1272400,3
-2400,7905,1272504,5
-1250,7906,1272525,3
-1550,7907,1272536,3
-2950,7908,1272571,3
-3900,7909,1272619,3
-5500,7910,1272699,3
-5250,7911,1272850,5
-1500,7912,1272927,4
-4700,7913,1273028,4
-3900,7914,1273190,5
-11650,7915,1273485,5
500,7916,1273551,5
1800,7917,1273587,5
-1400,7918,1273638,4
-30500,7919,1274296,5
-3600,7920,1274424,5
-3500,7921,1274620,7
-3200,7922,1274757,6
-7750,7923,1274974,5
-5900,7924,1275139,4
-3350,7925,1275207,4
-3300,7926,1275243,3
-1750,7927,1275282,3
-150,7928,1275383,5
-4200,7929,1275519,5
-1700,7930,1275543,3
-3800,7931,1275609,3
-15450,7932,1275996,5
-2100,7933,1276020,3
-12650,7934,1276384,6
-9350,7935,1276678,6
-4400,7936,1276772,3
-1250,7937,1276805,3
2400,7938,1276870,6
-9600,7939,1277093,4
-2450,7940,1277126,3
-6650,7941,1277227,3
-2450,7942,1277465,8
-14600,7943,1277829,5
-5250,7944,1277902,3
-4050,7945,1278103,7
-4650,7946,1278172,3
-10800,7947,1278382,3
-12950,7948,1278613,3
-4500,7949,1278743,5
-2800,7950,1278851,5
-3900,7951,1278932,4
-4700,7952,1279328,11
-1050,7953,1279436,6
-4950,7954,1279588,4
-7750,7955,1279813,5
-6800,7956,1279923,3
-9150,7957,1280152,5
-9200,7958,1280470,7
-2500,7959,1280547,4
-2550,7960,1280717,6
-3100,7961,1280757,3
-3150,7962,1280800,3
-3200,7963,1280830,3
-1200,7964,1280856,3
600,7965,1280978,7
1050,7966,1281027,5
-9100,7967,1281265,5
-13300,7968,1281689,7
-18550,7969,1282069,4
-10150,7970,1282453,8
-11350,7971,1282742,5
-10500,7972,1282988,5
-7150,7973,1283099,3
-6100,7974,1283191,3
-3500,7975,1283227,3
-16150,7976,1283636,5
-8950,7977,1283828,4
-3950,7978,1284076,8
-13200,7979,1284384,5
-19100,7980,1284830,5
-6200,7981,1285062,5
-22750,7982,1285579,5
-7600,7983,1285725,3
-4750,7984,1285820,3
-1000,7985,1285830,3
-16950,7986,1286215,5
-2600,7987,1286245,3
-5650,7988,1286351,4
-3100,7989,1286399,3
-4200,7990,1286473,3
-5300,7991,1286598,4
-2300,7992,1286762,7
1750,7993,1286781,5
-2600,7994,1286823,3
-6050,7995,1286933,4
-7950,7996,1287088,3
-2200,7997,1287110,3
-1950,7998,1287198,4
-1900,7999,1287312,5
2200,8000,1287398,7
-5000,8001,1287464,3
-5250,8002,1287581,3
-26450,8003,1288110,3
-2200,8004,1288140,3
-2900,8005,1288176,3
-350,8006,1288257,5
-10150,8007,1288468,3
-2400,8008,1288510,3
-4900,8009,1288659,4
-11000,8010,1288931,5
950,8011,1288958,5
-4400,8012,1289175,6
-8900,8013,1289380,4
-1400,8014,1289398,3
-14650,8015,1289708,4
-14900,8016,1290050,5
-12000,8017,1290400,7
-2900,8018,1290432,3
-1700,8019,1290558,5
-3500,8020,1290594,3
-15250,8021,1291031,7
-6350,8022,1291126,3
-10550,8023,1291333,3
-18200,8024,1291789,5
-3650,8025,1291826,3
-3750,8026,1291910,4
-13050,8027,1292139,3
-6350,8028,1292348,5
-3200,8029,1292484,5
-4500,8030,1292568,3
-9250,8031,1292733,3
-6350,8032,1292856,3
-6900,8033,1293087,6
-21450,8034,1293574,5
-5200,8035,1293644,3
-15300,8036,1294023,6
-2900,8037,1294039,3
-3300,8038,1294071,3
-3700,8039,1294103,3
-4500,8040,1294175,3
-1100,8041,1294290,6
-4200,8042,1294352,3
-5350,8043,1294480,4
-10500,8044,1294790,5
-4050,8045,1294957,5
-11250,8046,1295240,5
-7000,8047,1295485,6
-6450,8048,1295652,5
-9450,8049,1295944,6
-13800,8050,1296332,5
2250,8051,1296558,10
-16600,8052,1296950,5
-7100,8053,1297160,5
-11800,8054,1297423,4
-5050,8055,1297520,3
-350,8056,1297585,5
-8550,8057,1297888,7
-9700,8058,1298182,5
-4500,8059,1298328,5
-10900,8060,1298516,3
-500,8061,1298553,4
-1350,8062,1298749,8
-1550,8063,1298768,3
-5800,8064,1298862,3
-4850,8065,1298911,3
-11600,8066,1299215,5
600,8067,1299259,5
-1900,8068,1299435,7
-9500,8069,1299689,5
-7000,8070,1299795,3
-2800,8071,1299829,3
-1750,8072,1299852,3
-4650,8073,1299966,4
250,8074,1300011,5
-3050,8075,1300060,3
-13650,8076,1300363,5
-6650,8077,1300452,3
-9350,8078,1300673,5
-13150,8079,1300998,5
-12750,8080,1301270,4
-1700,8081,1301286,3
-7400,8082,1301408,3
-900,8083,1301490,5
-2100,8084,1301662,7
-12250,8085,1301981,5
-4650,8086,1302104,5
-2750,8087,1302131,3
-19950,8088,1302576,5
-500,8089,1302662,5
-5150,8090,1302798,4
-4100,8091,1302981,6
-10600,8092,1303319,7
-2300,8093,1303339,3
-14500,8094,1303644,4
-4050,8095,1303807,5
-8900,8096,1303959,3
-2050,8097,1303992,3
-1950,8098,1304101,5
-20950,8099,1304496,3
-7650,8100,1304609,3
-5600,8101,1304691,3
-16350,8102,1305117,6
-1900,8103,1305219,5
-6650,8104,1305410,5
-1150,8105,1305449,3
-6800,8106,1305649,5
-2100,8107,1305693,3
2750,8108,1305798,7
-5050,8109,1305867,3
-3400,8110,1305913,3
-17650,8111,1306340,5
-3350,8112,1306424,4
1500,8113,1306438,5
-6700,8114,1306656,5
-2700,8115,1306770,5
-4250,8116,1306815,3
-5400,8117,1306983,5
-10250,8118,1307148,3
-15300,8119,1307436,3
-4950,8120,1307503,3
-100,8121,1307651,7
-4050,8122,1307720,3
-5200,8123,1307819,4
-9000,8124,1307981,3
-6400,8125,1308067,3
-2800,8126,1308097,3
-2300,8127,1308125,3
-4100,8128,1308291,5
-4000,8129,1308353,3
-9600,8130,1308539,3
-3450,8131,1308649,4
-2400,8132,1308765,5
-9300,8133,1308953,3
-17550,8134,1309412,7
-3150,8135,1309492,4
-2600,8136,1309530,3
-7700,8137,1309795,8
-15150,8138,1310164,5
-15250,8139,1310425,3
-250,8140,1310459,4
-2400,8141,1310542,4
-6150,8142,1310698,4
-3150,8143,1310823,5
-13500,8144,1311055,3
-15500,8145,1311335,3
-12800,8146,1311685,7
-8800,8147,1311831,3
-6450,8148,1311932,3
-26300,8149,1312587,6
-13500,8150,1312900,4
-6750,8151,1313011,3
-20200,8152,1313381,3
-5300,8153,1313539,5
-7900,8154,1313675,3
-5400,8155,1313757,3
-15200,8156,1314072,4
-4050,8157,1314125,3
-6000,8158,1314203,3
-8250,8159,1314462,5
800,8160,1314478,5
-3550,8161,1314635,5
-10500,8162,1314921,5
-16700,8163,1315274,4
-13750,8164,1315631,5
-18850,8165,1316062,5
-2750,8166,1316200,6
-4450,8167,1316380,6
-4250,8168,1316503,5
-2350,8169,1316730,7
-4650,8170,1316925,5
-7550,8171,1317044,3
-3850,8172,1317224,6
-900,8173,1317294,5
-5100,8174,1317530,7
-2850,8175,1317653,5
-5550,8176,1317834,5
-20500,8177,1318206,3
-12550,8178,1318433,3
-250,8179,1318578,7
-10400,8180,1318817,4
-7000,8181,1319045,5
-5250,8182,1319126,3
-5550,8183,1319221,3
-11600,8184,1319448,4
-3000,8185,1319486,3
-6950,8186,1319752,6
-7250,8187,1320016,6
-4650,8188,1320081,3
-7950,8189,1320262,5
-5150,8190,1320353,3
-2050,8191,1320366,3
-16700,8192,1320784,5
-11450,8193,1321042,4
-2800,8194,1321137,4
-2250,8195,1321285,6
-3200,8196,1321417,5
-6400,8197,1321547,3
-7650,8198,1321656,3
-2200,8199,1321739,4
-1050,8200,1321764,3
-10200,8201,1321934,3
-6250,8202,1322043,3
-1200,8203,1322123,5
-6000,8204,1322237,3
-5000,8205,1322352,4
-3300,8206,1322420,3
-3950,8207,1322495,3
-3400,8208,1322627,5
-1000,8209,1322757,7
-11250,8210,1322970,3
-8750,8211,1323174,4
-6100,8212,1323286,3
1100,8213,1323333,6
-14150,8214,1323699,6
-3250,8215,1323732,3
-8450,8216,1323934,4
-14850,8217,1324253,5
-5300,8218,1324349,3
-3900,8219,1324413,3
1650,8220,1324516,7
2000,8221,1324557,6
1350,8222,1324580,5
-2100,8223,1324748,7
-11250,8224,1324961,3
-11400,8225,1325253,5
-10700,8226,1325433,3
-12600,8227,1325725,5
-8950,8228,1325999,6
-7400,8229,1326182,4
600,8230,1326213,4
-1150,8231,1326236,3
-25700,8232,1326790,5
-18500,8233,1327305,6
-4950,8234,1327384,3
-500,8235,1327400,3
-2600,8236,1327532,5
650,8237,1327565,5
-6750,8238,1327676,3
-21400,8239,1328144,5
-4250,8240,1328250,4
-6050,8241,1328384,4
-3500,8242,1328506,5
-2000,8243,1328716,7
-3500,8244,1328838,5
-2300,8245,1328960,5
-600,8246,1328970,3
-15200,8247,1329306,5
-3600,8248,1329352,3
-8250,8249,1329563,5
-1100,8250,1329670,6
-11600,8251,1330014,5
-12400,8252,1330265,4
-11000,8253,1330479,3
-250,8254,1330566,5
-16050,8255,1330900,4
-8750,8256,1331047,3
-1550,8257,1331158,7
-2600,8258,1331176,3
-7800,8259,1331330,3
-7700,8260,1331483,4
-3350,8261,1331551,4
-6900,8262,1331667,3
-18600,8263,1332099,5
-3700,8264,1332175,3
1150,8265,1332255,6
1050,8266,1332296,5
-6650,8267,1332434,4
-3400,8268,1332500,3
-12350,8269,1332764,4
-2550,8270,1332795,3
-6250,8271,1332876,3
-3800,8272,1333029,6
-1700,8273,1333123,5
-1850,8274,1333218,5
-2100,8275,1333287,4
-900,8276,1333361,5
-8800,8277,1333568,4
-10000,8278,1333877,6
-1950,8279,1333908,3
-19400,8280,1334331,4
-5500,8281,1334407,3
-7700,8282,1334531,3
-5150,8283,1334586,3
-6750,8284,1334787,5
450,8285,1334840,5
-19700,8286,1335302,5
-3200,8287,1335344,3
-4000,8288,1335402,3
-17150,8289,1335791,5
-22700,8290,1336309,5
-2000,8291,1336355,3
-9300,8292,1336507,3
-23300,8293,1337029,5
-9800,8294,1337350,6
-3800,8295,1337416,3
-2750,8296,1337463,3
-14650,8297,1337736,3
-950,8298,1337817,5
-1200,8299,1337897,5
-9450,8300,1338180,5
-5200,8301,1338250,3
-6150,8302,1338390,4
-4300,8303,1338623,8
-850,8304,1338694,5
-3850,8305,1338767,3
-850,8306,1338890,5
-8300,8307,1339038,3
-4400,8308,1339153,4
-9700,8309,1339325,3
-1800,8310,1339384,4
-4850,8311,1339535,5
-3700,8312,1339579,3
-19150,8313,1340305,10
-15550,8314,1340605,4
-5750,8315,1340782,5
-4150,8316,1340841,3
-8050,8317,1341048,5
-1500,8318,1341068,3
-9700,8319,1341232,3
-600,8320,1341447,8
-6050,8321,1341762,9
-5200,8322,1341828,3
-2800,8323,1341932,5
-7600,8324,1342050,3
-2700,8325,1342074,3
-11350,8326,1342416,6
-6200,8327,1342506,3
-8500,8328,1342642,3
-10100,8329,1342855,4
-12800,8330,1343089,3
-3350,8331,1343136,3
-5750,8332,1343231,3
400,8333,1343267,5
-6450,8334,1343376,3
-1500,8335,1343453,4
-2250,8336,1343499,4
-4950,8337,1343554,3
-3550,8338,1343589,3
-4850,8339,1343764,5
-7350,8340,1343965,5
-49750,8341,1344973,4
-5150,8342,1345162,5
-4100,8343,1345226,3
-1950,8344,1345237,3
-2100,8345,1345261,3
-3600,8346,1345438,6
-10450,8347,1345676,4
-7950,8348,1345860,4
-13500,8349,1346138,5
-12500,8350,1346362,3
-17300,8351,1346883,8
-11150,8352,1347106,3
-24150,8353,1347602,4
-8100,8354,1347758,3
-700,8355,1347782,3
0,8356,1347906,5
-2950,8357,1348027,5
200,8358,1348083,5
-7900,8359,1348301,5
2950,8360,1348337,6
-3900,8361,1348418,4
-4050,8362,1348459,3
-4750,8363,1348559,4
-16750,8364,1348997,6
-13100,8365,1349315,5
-1200,8366,1349341,3
-750,8367,1349507,6
-5500,8368,1349710,6
-5350,8369,1349801,3
-1250,8370,1349818,3
3200,8371,1349892,7
-10250,8372,1350061,3
-12100,8373,1350405,7
-6800,8374,1350597,5
-18700,8375,1350957,3
-2000,8376,1350979,3
-4400,8377,1351160,6
-2700,8378,1351299,6
-3000,8379,1351329,3
-3450,8380,1351390,3
-3700,8381,1351434,3
-10350,8382,1351621,3
-10600,8383,1351877,5
-9050,8384,1352018,3
-9950,8385,1352287,5
-4950,8386,1352436,5
-2900,8387,1352526,5
-7650,8388,1352802,6
1150,8389,1352850,6
1800,8390,1352886,5
-1600,8391,1352904,3
-4900,8392,1352960,3
-3750,8393,1353003,3
-4100,8394,1353063,3
-18600,8395,1353393,3
850,8396,1353446,5
-5550,8397,1353684,6
1650,8398,1353721,5
-900,8399,1353737,3
-5800,8400,1353897,5
-8550,8401,1354130,5
-3250,8402,1354245,5
-5750,8403,1354328,3
-800,8404,1354392,5
-6250,8405,1354497,3
-7850,8406,1354793,6
-4800,8407,1354912,4
-3350,8408,1354951,3
-14500,8409,1355272,4
-11100,8410,1355521,4
-1950,8411,1355564,3
-2800,8412,1355602,3
-4100,8413,1355662,3
-5750,8414,1355831,5
-3500,8415,1355875,3
-4800,8416,1356035,5
-6100,8417,1356208,4
3200,8418,1356266,7
-1800,8419,1356366,5
-3250,8420,1356423,3
-3050,8421,1356488,3
-2600,8422,1356563,4
-8400,8423,1356746,4
-2550,8424,1356773,3
-8050,8425,1357049,6
-11400,8426,1357288,4
-6950,8427,1357423,3
-800,8428,1357433,3
-10150,8429,1357620,3
-9050,8430,1357891,5
-25650,8431,1358466,5
-25750,8432,1359043,5
-750,8433,1359058,3
-2200,8434,1359092,3
-3800,8435,1359134,3
-1250,8436,1359164,4
-5600,8437,1359311,4
-5250,8438,1359482,5
-2400,8439,1359516,3
-7750,8440,1359700,4
-3200,8441,1359832,5
1850,8442,1359869,5
-1150,8443,1360007,6
-6550,8444,1360167,4
1100,8445,1360316,8
-4000,8446,1360374,3
-17550,8447,1360791,5
-7250,8448,1360928,3
-7150,8449,1361108,4
-2600,8450,1361171,4
1200,8451,1361207,5
-10900,8452,1361444,4
-13900,8453,1361717,4
-1750,8454,1361732,3
-11200,8455,1361958,3
-2250,8456,1362077,5
-12100,8457,1362350,4
-2200,8458,1362372,3
-600,8459,1362382,3
-16050,8460,1362757,5
-14250,8461,1363137,6
-8750,8462,1363301,4
-4850,8463,1363468,5
-7950,8464,1363652,4
-8200,8465,1363835,4
-12400,8466,1364159,5
-7500,8467,1364279,3
-19150,8468,1364728,5
-19650,8469,1365187,5
-5150,8470,1365266,3
-1750,8471,1365363,5
-450,8472,1365455,6
-6100,8473,1365719,7
-1650,8474,1365744,3
-3550,8475,1365836,4
-4250,8476,1365901,3
-24300,8477,1366442,4
-5600,8478,1366536,3
-18400,8479,1366997,6
-2250,8480,1367018,3
-10150,8481,1367279,5
-5450,8482,1367397,4
-23000,8483,1367885,5
-3400,8484,1367911,3
-4550,8485,1367982,3
-3200,8486,1368012,3
-2550,8487,1368039,3
-18450,8488,1368425,4
-1600,8489,1368484,4
-5850,8490,1368589,3
-10400,8491,1368775,3
-5850,8492,1368884,3
2050,8493,1368938,6
-2150,8494,1368977,3
-6450,8495,1369262,7
-1200,8496,1369350,5
-7950,8497,1369473,3
-8100,8498,1369707,5
-10400,8499,1369942,4
-8700,8500,1370172,5
-5500,8501,1370374,5
-7300,8502,1370588,5
-12900,8503,1370808,3
-3950,8504,1370965,5
2500,8505,1371012,6
-6200,8506,1371151,4
-16850,8507,1371448,3
-4100,8508,1371590,5
-8900,8509,1371758,3
-13400,8510,1371988,3
-1800,8511,1372018,3
-6150,8512,1372130,4
-2200,8513,1372148,3
-13250,8514,1372390,4
-2350,8515,1372523,5
0,8516,1372567,5
-5050,8517,1372660,3
-4550,8518,1372711,3
-11000,8519,1372950,4
-20750,8520,1373403,5
-1550,8521,1373414,3
-2350,8522,1373453,3
-3000,8523,1373581,5
-8100,8524,1373705,3
-3600,8525,1373751,3
-4450,8526,1373930,5
-11100,8527,1374204,5
1200,8528,1374306,7
-1450,8529,1374365,5
-2150,8530,1374400,3
-14700,8531,1374729,4
-13750,8532,1375119,6
-2200,8533,1375133,3
-5000,8534,1375227,3
2200,8535,1375268,6
650,8536,1375317,5
-1800,8537,1375372,4
-5250,8538,1375604,6
-9750,8539,1375783,3
-12800,8540,1376059,5
-2300,8541,1376140,4
-9750,8542,1376348,4
-1400,8543,1376358,3
-11050,8544,1376543,3
-20800,8545,1377096,6
-7650,8546,1377319,5
-2800,8547,1377431,5
-3950,8548,1377621,6
-14950,8549,1378011,6
-2850,8550,1378200,7
-8150,8551,1378331,3
-2450,8552,1378360,3
750,8553,1378395,5
3000,8554,1378436,6
-4050,8555,1378558,4
-3900,8556,1378663,4
-7700,8557,1378877,5
-13450,8558,1379183,4
-1100,8559,1379240,4
-4350,8560,1379380,4
-2950,8561,1379472,4
-17050,8562,1379891,5
-1200,8563,1379905,3
-14850,8564,1380239,4
-3950,8565,1380278,3
-2100,8566,1380302,3
-5000,8567,1380417,4
-4450,8568,1380543,4
1400,8569,1380575,5
900,8570,1380629,5
-5250,8571,1380702,3
-4250,8572,1380775,3
-2800,8573,1380833,3
-6550,8574,1381070,5
400,8575,1381114,5
-5400,8576,1381257,4
-6200,8577,1381510,6
-6550,8578,1381711,5
-7900,8579,1382027,7
-5900,8580,1382197,5
-13900,8581,1382564,6
-13750,8582,1382843,3
-5450,8583,1382920,3
-1700,8584,1383030,5
-8600,8585,1383168,3
-5500,8586,1383232,3
-14650,8587,1383619,5
-4200,8588,1383730,4
-9650,8589,1384026,6
-4700,8590,1384216,5
-3450,8591,1384347,5
-3850,8592,1384506,5
1300,8593,1384540,5
-2050,8594,1384659,5
-16200,8595,1385039,5
-4000,8596,1385158,4
-5650,8597,1385313,5
-6650,8598,1385438,3
-7600,8599,1385597,4
-3300,8600,1385838,8
-2800,8601,1385998,5
-4250,8602,1386182,6
-8750,8603,1386341,3
-1150,8604,1386368,3
-5950,8605,1386569,5
-8350,8606,1386749,4
-2900,8607,1386805,3
-26150,8608,1387341,4
-7100,8609,1387527,5
-11600,8610,1387717,3
-1250,8611,1387804,5
-7850,8612,1387950,4
-1450,8613,1387983,3
-17450,8614,1388418,5
-7550,8615,1388529,3
-7900,8616,1388796,6
-2450,8617,1388841,3
-3250,8618,1388964,5
300,8619,1389034,5
-3950,8620,1389138,4
-4250,8621,1389195,3
-1950,8622,1389263,4
-3800,8623,1389443,5
-5700,8624,1389543,3
-6100,8625,1389627,3
-33000,8626,1390249,3
-2050,8627,1390270,3
-3800,8628,1390410,5
-16300,8629,1390759,4
-3200,8630,1390858,4
-21650,8631,1391419,7
-250,8632,1391461,4
-4400,8633,1391527,3
-2800,8634,1391557,3
-4400,8635,1391603,3
-2750,8636,1391618,3
-7000,8637,1391867,6
-2700,8638,1391960,4
-1900,8639,1392000,3
2450,8640,1392041,5
-4350,8641,1392145,4
-6600,8642,1392251,3
-6350,8643,1392382,3
-3250,8644,1392431,3
-11550,8645,1392695,4
-24100,8646,1393233,5
-16950,8647,1393593,4
-13300,8648,1393894,4
-15250,8649,1394261,5
-5150,8650,1394422,5
-350,8651,1394617,7
-5950,8652,1394729,4
-2800,8653,1394767,3
-6000,8654,1394951,5
-11950,8655,1395162,3
-11900,8656,1395387,4
-600,8657,1395459,5
-13000,8658,1395693,3
-3050,8659,1395746,3
-9750,8660,1396008,6
-5300,8661,1396104,3
-5400,8662,1396182,3
-6950,8663,1396359,5
-5400,8664,1396445,3
-6750,8665,1396614,5
-22600,8666,1397053,4
3450,8667,1397206,9
-3750,8668,1397298,4
450,8669,1397363,5
-6900,8670,1397483,3
-9600,8671,1397735,5
-3350,8672,1397782,3
-5800,8673,1397889,4
-5400,8674,1398128,8
-12450,8675,1398357,3
-950,8676,1398368,3
-4200,8677,1398426,3
-3650,8678,1398483,3
-4550,8679,1398652,5
-3900,8680,1398720,3
-3050,8681,1398781,3
-15250,8682,1399156,5
-2300,8683,1399180,3
-12400,8684,1399394,3
-5150,8685,1399505,3
-1650,8686,1399646,7
-5150,8687,1399737,3
-5950,8688,1399873,4
-4600,8689,1400009,5
-16850,8690,1400330,3
-9300,8691,1400543,4
-31400,8692,1401227,5
-800,8693,1401282,4
-3050,8694,1401331,3
-3500,8695,1401383,3
-2400,8696,1401446,4
-950,8697,1401469,3
-2600,8698,1401609,5
-2250,8699,1401728,5
-4650,8700,1401928,6
-13100,8701,1402201,4
-1900,8702,1402237,3
-11550,8703,1402465,4
-3600,8704,1402581,5
-3250,8705,1402638,3
-1750,8706,1402714,4
-7750,8707,1402853,3
-18150,8708,1403334,5
-3400,8709,1403416,3
-1550,8710,1403501,5
-3750,8711,1403593,4
-3050,8712,1403638,3
-11300,8713,1403875,4
-4100,8714,1403927,3
-3650,8715,1403968,3
-9050,8716,1404178,4
-6950,8717,1404310,4
-6500,8718,1404504,5
-1950,8719,1404515,3
-26750,8720,1405195,8
-4850,8721,1405350,5
450,8722,1405394,4
-26700,8723,1405988,5
-250,8724,1406125,7
-8700,8725,1406399,5
-1800,8726,1406528,6
-3800,8727,1406594,3
-3850,8728,1406655,3
-2600,8729,1406669,3
-4350,8730,1406736,3
-3050,8731,1406942,8
900,8732,1407013,6
-16200,8733,1407392,4
-2100,8734,1407428,3
-17300,8735,1407802,5
-8650,8736,1408033,5
-400,8737,1408134,6
-2200,8738,1408226,5
1550,8739,1408326,6
-5800,8740,1408412,3
-1700,8741,1408428,3
-6050,8742,1408643,5
-3600,8743,1408705,3
-8950,8744,1408856,3
-14900,8745,1409210,5
-1250,8746,1409227,3
-5800,8747,1409329,3
-8050,8748,1409536,5
-15650,8749,1409887,5
-6650,8750,1410086,5
-5000,8751,1410184,3
-12500,8752,1410445,4
-4000,8753,1410511,3
-3200,8754,1410529,3
-5250,8755,1410610,3
4300,8756,1410680,9
-11700,8757,1410941,4
-17950,8758,1411256,3
-6900,8759,1411364,3
-5450,8760,1411523,5
-17250,8761,1411828,3
-1950,8762,1411847,3
-7650,8763,1412050,5
-2400,8764,1412068,3
-8900,8765,1412212,3
-4900,8766,1412308,3
-2350,8767,1412335,3
-8650,8768,1412509,4
-6950,8769,1412632,3
-6900,8770,1412740,3
-15300,8771,1413044,3
-3650,8772,1413101,3
-1600,8773,1413119,3
-4500,8774,1413167,3
-2500,8775,1413183,3
-550,8776,1413252,5
-10550,8777,1413451,3
-5150,8778,1413623,4
-3700,8779,1413695,3
-6000,8780,1413797,3
-2900,8781,1413849,3
-3550,8782,1413912,3
-5250,8783,1413993,3
-4150,8784,1414064,3
-3300,8785,1414108,3
-700,8786,1414161,4
-5050,8787,1414271,4
-12500,8788,1414499,3
-6750,8789,1414622,3
-4050,8790,1414667,3
-3950,8791,1414726,3
-3850,8792,1414763,3
-5550,8793,1414846,3
-1150,8794,1414931,5
-6250,8795,1415048,3
1750,8796,1415116,6
-3950,8797,1415171,3
-1550,8798,1415186,3
-2350,8799,1415213,3
-2300,8800,1415237,3
-2450,8801,1415266,3
-1150,8802,1415290,4
-7250,8803,1415448,4
-11000,8804,1415638,3
-1650,8805,1415651,3
-1900,8806,1415663,3
-1750,8807,1415674,3
-14900,8808,1415942,3
-3450,8809,1415967,3
-7700,8810,1416091,3
-4950,8811,1416162,3
-1900,8812,1416178,3
-1300,8813,1416194,3
-5250,8814,1416279,3
-1450,8815,1416300,3
-150,8816,1416377,5
-2100,8817,1416430,4
-3650,8818,1416459,3
-2900,8819,1416483,3
-8500,8820,1416648,4
-4550,8821,1416719,3
-19100,8822,1417059,3
-4850,8823,1417112,3
-3200,8824,1417170,3
850,8825,1417219,5
-4450,8826,1417349,4
-2450,8827,1417394,3
-4350,8828,1417441,3
-7850,8829,1417607,4
-3900,8830,1417671,3
-2200,8831,1417693,3
-1550,8832,1417724,3
-6650,8833,1417813,3
-3800,8834,1417847,3
-950,8835,1417862,3
-2000,8836,1417872,3
-2800,8837,1417890,3
-1400,8838,1417912,3
-3650,8839,1417949,3
-12150,8840,1418156,3
-4900,8841,1418232,3
-5550,8842,1418323,3
-2000,8843,1418345,3
-5350,8844,1418436,3
-2850,8845,1418465,3
150,8846,1418475,4
-6750,8847,1418627,4
-6700,8848,1418731,3
-2300,8849,1418743,3
-2950,8850,1418770,3
-1900,8851,1418798,3
-5350,8852,1418893,3
-8500,8853,1419070,4
-5150,8854,1419149,3
-4300,8855,1419197,3
3100,8856,1419268,6
-10950,8857,1419439,3
-2500,8858,1419491,3
-3650,8859,1419536,3
-4550,8860,1419595,3
-1900,8861,1419632,4
-650,8862,1419650,4
-1250,8863,1419675,3
-1550,8864,1419694,3
-3450,8865,1419796,4
-6600,8866,1419930,3
-2450,8867,1419943,3
-10500,8868,1420176,4
-4700,8869,1420236,3
-4000,8870,1420282,3
-7550,8871,1420446,4
-8700,8872,1420721,6
-6350,8873,1420812,3
-3650,8874,1420882,4
-2300,8875,1420902,3
-2650,8876,1420943,3
1050,8877,1420984,5
-4350,8878,1421055,3
-3550,8879,1421094,3
-8900,8880,1421258,3
-1650,8881,1421275,3
-1050,8882,1421288,3
-3700,8883,1421340,3
-1800,8884,1421362,3
-4500,8885,1421557,6
-7650,8886,1421736,5
-11000,8887,1422028,5
-1450,8888,1422057,3
-9950,8889,1422256,3
-2850,8890,1422297,3
-12200,8891,1422507,3
-2400,8892,1422529,3
-3650,8893,1422558,3
-3300,8894,1422594,3
-4150,8895,1422645,3
-2100,8896,1422665,3
-6750,8897,1422784,3
-3000,8898,1422822,3
-9150,8899,1422965,3
-900,8900,1422985,3
-4200,8901,1423112,4
-1650,8902,1423125,3
-2950,8903,1423148,3
-8050,8904,1423301,3
-5250,8905,1423378,3
-4350,8906,1423437,3
-3750,8907,1423500,3
-10200,8908,1423698,3
-1150,8909,1423717,3
-6500,8910,1423817,3
-2750,8911,1423848,3
-3050,8912,1423901,3
-5350,8913,1423964,3
-3300,8914,1424004,3
-7050,8915,1424211,5
-11250,8916,1424420,3
-1550,8917,1424443,3
-8650,8918,1424600,3
-15000,8919,1424879,4
-3400,8920,1424913,3
-1950,8921,1424989,4
-1300,8922,1425009,3
-1750,8923,1425032,3
-2850,8924,1425061,3
-5100,8925,1425133,3
-8150,8926,1425350,5
-10250,8927,1425564,4
-2600,8928,1425594,3
-3800,8929,1425656,3
-3000,8930,1425694,3
-4550,8931,1425741,3
2600,8932,1425876,8
-8800,8933,1426034,3
-12400,8934,1426290,5
-450,8935,1426332,4
-4350,8936,1426387,3
-11000,8937,1426634,4
-6900,8938,1426726,3
-5150,8939,1426871,5
1950,8940,1426989,8
-3900,8941,1427045,3
-4300,8942,1427089,3
-3200,8943,1427119,3
-3250,8944,1427144,3
-5550,8945,1427219,3
-6800,8946,1427325,3
-2150,8947,1427385,4
-13700,8948,1427650,4
-9700,8949,1427855,4
-3700,8950,1427899,3
-1550,8951,1427930,3
-2200,8952,1427956,3
-1500,8953,1427976,3
-4850,8954,1428041,3
-2000,8955,1428059,3
-2850,8956,1428092,3
-900,8957,1428142,5
-3100,8958,1428178,3
-3550,8959,1428213,3
-5650,8960,1428302,3
-16100,8961,1428623,4
-1050,8962,1428641,4
-8750,8963,1428776,3
-2700,8964,1428816,3
-3250,8965,1428849,3
-8700,8966,1429030,4
-1850,8967,1429039,3
-1700,8968,1429051,3
-9300,8969,1429207,3
-2350,8970,1429246,3
-3200,8971,1429284,3
-4350,8972,1429335,3
-3300,8973,1429367,3
-7200,8974,1429473,3
-5200,8975,1429637,5
-2200,8976,1429651,3
-2700,8977,1429675,3
-9350,8978,1429838,3
-5900,8979,1429910,3
-2300,8980,1429955,4
-1650,8981,1429993,4
-7500,8982,1430101,3
-8700,8983,1430286,4
-3300,8984,1430326,3
-8750,8985,1430501,3
-5450,8986,1430602,3
-6750,8987,1430738,4
-9350,8988,1430926,4
-6300,8989,1431010,3
-550,8990,1431021,3
-7150,8991,1431136,3
-3450,8992,1431161,3
-1900,8993,1431181,3
-2850,8994,1431218,3
-2200,8995,1431321,4
-7500,8996,1431469,3
-10200,8997,1431676,4
-15950,8998,1431951,3
-5950,8999,1432026,3
-5550,9000,1432117,3
350,9001,1432168,5
-1000,9002,1432219,4
-2450,9003,1432268,3
-6150,9004,1432371,3
-1650,9005,1432433,4
-3200,9006,1432553,5
-1700,9007,1432585,3
-4050,9008,1432789,6
-1550,9009,1432808,3
-900,9010,1432841,4
-2300,9011,1432861,3
-8850,9012,1433022,3
-12450,9013,1433279,3
1500,9014,1433366,6
1200,9015,1433382,5
-1900,9016,1433460,5
-2300,9017,1433472,3
-8400,9018,1433610,3
-6100,9019,1433747,4
-9750,9020,1433975,4
-3950,9021,1434042,3
-1550,9022,1434057,3
-3300,9023,1434089,3
-4100,9024,1434232,6
-4250,9025,1434297,3
2500,9026,1434411,9
-1900,9027,1434513,5
-8900,9028,1434689,3
-4000,9029,1434771,3
-1100,9030,1434783,3
-4400,9031,1434907,5
-4000,9032,1434941,3
-3300,9033,1435001,3
350,9034,1435088,5
-10250,9035,1435285,3
950,9036,1435419,8
-2700,9037,1435447,3
-4250,9038,1435508,3
-4050,9039,1435585,3
-9400,9040,1435743,3
-2800,9041,1435793,3
-4250,9042,1435854,3
-3700,9043,1435894,3
-3500,9044,1435966,3
-5000,9045,1436064,3
-7600,9046,1436202,3
-3850,9047,1436263,3
-4000,9048,1436321,3
-4800,9049,1436375,3
-2900,9050,1436468,4
-8200,9051,1436664,5
-6700,9052,1436760,3
-2850,9053,1436785,3
-10850,9054,1437056,5
-2950,9055,1437115,3
-6650,9056,1437212,3
-6050,9057,1437321,3
-4550,9058,1437462,5
-4500,9059,1437522,3
-4650,9060,1437591,3
-3100,9061,1437631,3
-5300,9062,1437707,3
-3700,9063,1437743,3
-6500,9064,1437929,5
-1200,9065,1437968,4
-11350,9066,1438187,3
-250,9067,1438200,3
-2500,9068,1438244,3
-6050,9069,1438325,3
-1900,9070,1438452,6
-2100,9071,1438472,3
-13900,9072,1438741,4
-4250,9073,1438798,3
-3000,9074,1438828,3
-3400,9075,1438866,3
-8500,9076,1439006,3
-4000,9077,1439076,3
-9100,9078,1439228,3
-1950,9079,1439239,3
-7950,9080,1439370,3
-850,9081,1439383,3
-1550,9082,1439410,3
-3950,9083,1439457,3
-3650,9084,1439522,3
-1100,9085,1439592,5
-1300,9086,1439608,3
-4400,9087,1439658,3
-2050,9088,1439679,3
-2000,9089,1439689,3
-3150,9090,1439720,3
-5900,9091,1439923,6
-10250,9092,1440100,3
-2550,9093,1440127,3
-2800,9094,1440145,3
-4750,9095,1440196,3
-13450,9096,1440543,5
-2150,9097,1440558,3
-9100,9098,1440740,5
-4750,9099,1440803,3
-2200,9100,1440829,3
-3950,9101,1440888,3
-2300,9102,1440928,3
-8200,9103,1441058,3
-1200,9104,1441080,3
-6500,9105,1441180,3
-3150,9106,1441207,3
-3550,9107,1441242,3
-13050,9108,1441479,3
-11250,9109,1441676,3
-9850,9110,1441853,3
-5000,9111,1441907,3
-5450,9112,1442000,3
-4800,9113,1442062,3
-10650,9114,1442231,3
-5750,9115,1442302,3
1400,9116,1442330,5
2600,9117,1442359,6
1150,9118,1442402,5
-2900,9119,1442508,5
-6100,9120,1442588,3
-2350,9121,1442623,3
-2050,9122,1442648,3
-4800,9123,1442726,3
-200,9124,1442749,4
-8550,9125,1442900,3
-3450,9126,1442933,3
-1350,9127,1442948,3
-11600,9128,1443154,3
-1800,9129,1443188,3
-1300,9130,1443204,3
-5600,9131,1443278,3
-5100,9132,1443350,3
-6900,9133,1443454,3
-4050,9134,1443535,3
-3700,9135,1443611,3
-2550,9136,1443626,3
-3850,9137,1443683,3
-2200,9138,1443746,4
-4400,9139,1443808,3
-2450,9140,1443833,3
-3650,9141,1443890,3
-1850,9142,1443931,3
-5050,9143,1444044,3
-3500,9144,1444092,3
-4100,9145,1444189,4
-4850,9146,1444373,6
800,9147,1444429,5
950,9148,1444468,5
-2200,9149,1444498,3
-1200,9150,1444508,3
-5350,9151,1444611,3
-3300,9152,1444651,3
-1950,9153,1444666,3
-2900,9154,1444747,4
-4100,9155,1444807,3
-8400,9156,1444937,3
-11400,9157,1445171,3
-4000,9158,1445217,3
-4000,9159,1445283,3
-4000,9160,1445374,4
-3450,9161,1445419,3
-7750,9162,1445550,3
-2250,9163,1445583,3
-5350,9164,1445674,3
-4350,9165,1445725,3
-14750,9166,1446001,4
-2450,9167,1446096,5
-2800,9168,1446134,3
-1250,9169,1446180,4
-4550,9170,1446255,3
-3700,9171,1446299,3
-1450,9172,1446321,4
-2400,9173,1446371,3
-1150,9174,1446382,3
-1600,9175,1446486,5
-3000,9176,1446524,3
-4600,9177,1446606,3
-6100,9178,1446751,4
-7300,9179,1446863,3
-2400,9180,1446885,3
-3750,9181,1446940,3
-1300,9182,1446956,3
-950,9183,1447025,5
-4750,9184,1447100,3
-7500,9185,1447204,3
-3300,9186,1447232,3
-6550,9187,1447319,3
-1150,9188,1447338,3
-7950,9189,1447559,5
-4750,9190,1447630,3
-2600,9191,1447673,4
-450,9192,1447752,5
-7850,9193,1447881,3
-5600,9194,1447951,3
-2400,9195,1447973,3
-6850,9196,1448086,3
-1050,9197,1448099,3
-2600,9198,1448149,3
-7750,9199,1448326,5
-3450,9200,1448399,3
-8250,9201,1448556,3
-2250,9202,1448573,3
-2900,9203,1448597,3
-7850,9204,1448734,3
-12400,9205,1449079,6
-600,9206,1449119,5
-2000,9207,1449129,3
-3950,9208,1449176,3
-2600,9209,1449190,3
-10650,9210,1449367,3
-3300,9211,1449387,3
-1300,9212,1449399,3
-3850,9213,1449436,3
-2450,9214,1449461,3
-3650,9215,1449633,6
-1350,9216,1449673,4
-3850,9217,1449706,3
-6150,9218,1449833,3
-1800,9219,1449863,3
-2900,9220,1449883,3
-8550,9221,1450046,3
-800,9222,1450056,3
-7750,9223,1450200,4
-1550,9224,1450239,3
-5450,9225,1450324,3
-4750,9226,1450415,3
-7100,9227,1450523,3
-4600,9228,1450569,3
-5850,9229,1450662,3
-1650,9230,1450679,3
-2400,9231,1450701,3
-4950,9232,1450772,3
-850,9233,1450785,3
-200,9234,1450857,5
-10300,9235,1451091,5
-3950,9236,1451167,4
-9000,9237,1451325,3
-14150,9238,1451581,4
-6300,9239,1451673,3
-2350,9240,1451704,3
-5450,9241,1451785,3
-8500,9242,1451941,3
-4650,9243,1452002,3
-7750,9244,1452129,3
-8200,9245,1452267,3
-13300,9246,1452507,3
-10350,9247,1452670,3
-3300,9248,1452702,3
-1750,9249,1452717,3
-2200,9250,1452759,3
300,9251,1452891,7
-5400,9252,1452973,3
-2450,9253,1452990,3
-8550,9254,1453117,3
-3600,9255,1453208,4
-4800,9256,1453262,3
-2400,9257,1453276,3
-3250,9258,1453309,3
-4800,9259,1453363,3
650,9260,1453458,7
50,9261,1453507,5
-5400,9262,1453593,3
-1800,9263,1453636,4
-3600,9264,1453715,4
-13650,9265,1453960,3
-2500,9266,1453984,3
-5900,9267,1454060,3
-7750,9268,1454220,4
-11200,9269,1454426,3
-6900,9270,1454562,3
-7500,9271,1454694,3
-600,9272,1454716,3
-3950,9273,1454759,3
750,9274,1454802,5
-50,9275,1454909,5
-4400,9276,1455065,5
-4450,9277,1455126,3
-7800,9278,1455256,3
-6600,9279,1455374,3
800,9280,1455405,4
-5950,9281,1455516,3
-2400,9282,1455550,3
-2000,9283,1455568,3
-11650,9284,1455785,3
-3350,9285,1455906,5
-2450,9286,1455927,3
-2500,9287,1455988,4
-4500,9288,1456068,3
-4150,9289,1456135,3
-2600,9290,1456161,3
-3250,9291,1456214,3
-7250,9292,1456343,3
-4700,9293,1456411,3
-1350,9294,1456430,3
-2200,9295,1456509,4
-6150,9296,1456612,3
-2450,9297,1456641,3
-6250,9298,1456734,3
-2150,9299,1456749,3
-2600,9300,1456763,3
-4350,9301,1456846,3
-2800,9302,1456884,3
-2250,9303,1456897,3
-6550,9304,1456996,3
-1100,9305,1457020,3
-3550,9306,1457255,7
-7450,9307,1457388,3
-3600,9308,1457434,3
-6950,9309,1457610,4
-1950,9310,1457621,3
-350,9311,1457636,3
-2150,9312,1457659,3
-10450,9313,1457852,3
-7850,9314,1457981,3
-2950,9315,1458016,3
-1500,9316,1458118,5
-5050,9317,1458204,4
-2850,9318,1458237,3
-4850,9319,1458330,3
-5300,9320,1458475,4
-1150,9321,1458506,3
-5000,9322,1458625,4
-2250,9323,1458786,7
-5250,9324,1458867,3
-3100,9325,1458899,3
-2100,9326,1458964,4
100,9327,1459022,5
-3000,9328,1459056,3
-4500,9329,1459104,3
-5750,9330,1459203,3
-2450,9331,1459293,4
-1950,9332,1459320,3
-6850,9333,1459437,3
-2650,9334,1459462,3
-2300,9335,1459576,5
-10650,9336,1459818,4
-7600,9337,1459940,3
-9100,9338,1460112,3
-4100,9339,1460201,4
-1900,9340,1460213,3
-3000,9341,1460235,3
-2650,9342,1460268,3
-2850,9343,1460305,3
-4800,9344,1460379,3
-5800,9345,1460490,4
-400,9346,1460512,3
-2600,9347,1460526,3
-6150,9348,1460613,3
-1800,9349,1460627,3
-3700,9350,1460667,3
-4950,9351,1460730,3
-5800,9352,1460881,4
-3700,9353,1460937,3
-4500,9354,1460985,3
-2200,9355,1461072,4
-850,9356,1461085,3
-2350,9357,1461132,3
-400,9358,1461220,5
-5550,9359,1461303,3
-2100,9360,1461319,3
-2750,9361,1461370,3
-14250,9362,1461619,3
-12000,9363,1461837,3
-4650,9364,1461914,3
-2800,9365,1462034,5
-5550,9366,1462126,4
-3000,9367,1462144,3
-5300,9368,1462216,3
-2500,9369,1462343,6
-1600,9370,1462357,3
-4850,9371,1462446,3
-650,9372,1462455,3
-250,9373,1462588,7
-8000,9374,1462718,3
-7000,9375,1462861,4
-2050,9376,1462878,3
-1600,9377,1462888,3
-1750,9378,1462911,3
-2500,9379,1462927,3
-2500,9380,1462943,3
-4050,9381,1463012,3
-8200,9382,1463162,3
-4400,9383,1463212,3
-3200,9384,1463258,3
-2100,9385,1463282,3
-2450,9386,1463331,3
-3600,9387,1463385,3
-950,9388,1463400,3
-3600,9389,1463446,3
-1850,9390,1463549,5
-5400,9391,1463644,4
-3750,9392,1463691,3
-2300,9393,1463711,3
-900,9394,1463731,3
-6150,9395,1463912,5
-8750,9396,1464063,3
-6850,9397,1464217,4
-3900,9398,1464269,3
-3600,9399,1464351,3
-1550,9400,1464370,3
-6050,9401,1464479,3
-5300,9402,1464555,3
-9750,9403,1464779,4
-3300,9404,1464827,3
-2550,9405,1464945,6
-300,9406,1464979,5
-2950,9407,1465026,3
-3500,9408,1465094,3
-2300,9409,1465106,3
-1600,9410,1465120,3
-11650,9411,1465321,3
650,9412,1465398,5
-750,9413,1465426,4
-14200,9414,1465688,3
-2550,9415,1465703,3
-6000,9416,1465789,3
-3600,9417,1465855,3
-7450,9418,1465992,3
-10850,9419,1466185,3
-3900,9420,1466274,4
-4550,9421,1466337,3
-700,9422,1466357,3
-2600,9423,1466403,3
500,9424,1466465,5
-2400,9425,1466483,3
-3150,9426,1466522,3
-2850,9427,1466575,3
-1500,9428,1466591,3
-5000,9429,1466669,3
-2850,9430,1466767,4
-2350,9431,1466798,3
-3000,9432,1466832,3
-2700,9433,1466880,3
-800,9434,1466898,3
-1850,9435,1466911,3
-2150,9436,1466934,3
-6800,9437,1467052,3
-3000,9438,1467082,3
-5600,9439,1467225,4
-4000,9440,1467263,3
-800,9441,1467318,4
500,9442,1467360,5
-2050,9443,1467434,4
-3400,9444,1467488,3
-4800,9445,1467648,5
-4800,9446,1467734,3
-3100,9447,1467754,3
-5300,9448,1467834,3
-4700,9449,1467894,3
-2400,9450,1467924,3
-1350,9451,1468009,5
-5150,9452,1468080,3
-1850,9453,1468105,3
-4100,9454,1468178,4
-2250,9455,1468203,3
-6450,9456,1468300,3
-7150,9457,1468403,3
-1900,9458,1468415,3
-12300,9459,1468631,3
-5200,9460,1468746,4
-5700,9461,1468842,3
-2200,9462,1468864,3
-2050,9463,1468885,3
-2600,9464,1468923,3
-750,9465,1468955,4
-4150,9466,1469022,3
-5300,9467,1469090,3
-3300,9468,1469138,3
-3000,9469,1469180,3
-6550,9470,1469295,3
-3900,9471,1469359,3
-4400,9472,1469413,3
-4650,9473,1469519,4
-5150,9474,1469610,3
1900,9475,1469710,7
-3550,9476,1469741,3
-5800,9477,1469851,3
-7300,9478,1469963,3
-2600,9479,1469993,3
-3450,9480,1470030,3
-3600,9481,1470072,3
-14050,9482,1470317,3
-15750,9483,1470726,5
-9200,9484,1470970,5
-3500,9485,1471010,3
-3300,9486,1471034,3
-2150,9487,1471151,5
-13200,9488,1471385,3
-8400,9489,1471523,3
-8300,9490,1471671,3
-7850,9491,1471792,3
-3250,9492,1471825,3
-3850,9493,1471886,3
-2700,9494,1471934,3
-2950,9495,1472022,4
-4450,9496,1472107,3
-4000,9497,1472157,3
-10550,9498,1472348,3
-2550,9499,1472371,3
-8650,9500,1472508,3
-9350,9501,1472695,3
-4050,9502,1472801,4
-1950,9503,1472812,3
-450,9504,1472825,3
-2600,9505,1472867,3
-7450,9506,1473025,4
-5150,9507,1473088,3
850,9508,1473104,4
-2950,9509,1473139,3
-1850,9510,1473172,3
-400,9511,1473211,4
-2800,9512,1473237,3
-2600,9513,1473263,3
-1950,9514,1473278,3
-3100,9515,1473306,3
-2900,9516,1473322,3
-3400,9517,1473348,3
-2700,9518,1473466,5
-8050,9519,1473611,3
-5900,9520,1473707,3
100,9521,1473773,5
-900,9522,1473859,5
-4700,9523,1473907,3
-5600,9524,1473997,3
-6900,9525,1474097,3
-3200,9526,1474131,3
-6050,9527,1474310,5
-5400,9528,1474384,3
-1400,9529,1474406,3
-9550,9530,1474581,3
-9750,9531,1474858,5
-4900,9532,1474962,3
-4100,9533,1475141,6
-18550,9534,1475472,3
-3550,9535,1475511,3
-5900,9536,1475587,3
-3350,9537,1475671,4
-6250,9538,1475788,3
-4150,9539,1475887,3
-9350,9540,1476046,3
-5550,9541,1476276,6
-6200,9542,1476374,3
-7000,9543,1476508,3
-950,9544,1476519,3
-7200,9545,1476670,4
-3300,9546,1476730,3
-6350,9547,1476842,4
-9250,9548,1476983,3
-5450,9549,1477064,3
-11750,9550,1477255,3
-4400,9551,1477337,3
-6350,9552,1477436,3
-2000,9553,1477470,3
-9000,9554,1477612,3
-4450,9555,1477653,3
-3700,9556,1477685,3
-2550,9557,1477720,3
-2000,9558,1477795,4
-2050,9559,1477840,3
-12650,9560,1478069,3
-3050,9561,1478094,3
-3350,9562,1478219,5
-8250,9563,1478393,4
-5750,9564,1478480,3
-1900,9565,1478508,3
-1200,9566,1478518,3
-7350,9567,1478637,3
-6150,9568,1478740,3
-4450,9569,1478797,3
-5200,9570,1478875,3
-1600,9571,1478897,3
-4050,9572,1478946,3
-2000,9573,1478964,3
-6300,9574,1479056,3
-3400,9575,1479102,3
-4500,9576,1479199,4
-3800,9577,1479367,5
-3950,9578,1479447,4
-1650,9579,1479472,3
-5850,9580,1479545,3
-450,9581,1479558,3
-3350,9582,1479609,3
-4700,9583,1479673,3
350,9584,1479756,5
-4200,9585,1479802,3
-3550,9586,1479841,3
-7450,9587,1479983,4
-7400,9588,1480093,3
-2050,9589,1480122,3
-10650,9590,1480299,3
-2300,9591,1480315,3
-5250,9592,1480404,3
-1000,9593,1480496,5
-2400,9594,1480560,5
-2650,9595,1480597,3
-16800,9596,1480981,5
-2500,9597,1481022,4
-5400,9598,1481100,3
-5950,9599,1481187,3
-2950,9600,1481226,3
-3450,9601,1481275,3
-5000,9602,1481365,3
-2100,9603,1481381,3
-4500,9604,1481425,3
-4700,9605,1481497,3
-6650,9606,1481606,3
-3350,9607,1481641,3
-4950,9608,1481765,4
-1650,9609,1481794,3
-5350,9610,1481869,3
-3400,9611,1481923,3
-2400,9612,1482114,8
-6150,9613,1482237,3
-5000,9614,1482315,3
-3650,9615,1482348,3
-3400,9616,1482386,3
-2500,9617,1482426,3
750,9618,1482461,5
-1100,9619,1482510,4
-3050,9620,1482539,3
-2800,9621,1482577,3
-1550,9622,1482596,3
-2800,9623,1482630,3
-4250,9624,1482699,3
-1150,9625,1482726,3
-6300,9626,1482867,4
-2250,9627,1482880,3
-5200,9628,1482954,3
-4400,9629,1482996,3
100,9630,1483099,6
-2350,9631,1483155,4
-3350,9632,1483194,3
-600,9633,1483311,6
-4650,9634,1483380,3
-8800,9635,1483510,3
-4100,9636,1483570,3
-3500,9637,1483594,3
-2100,9638,1483610,3
-2700,9639,1483646,3
-6750,9640,1483790,4
-7100,9641,1483918,3
-3700,9642,1483954,3
-6150,9643,1484049,3
-2000,9644,1484067,3
-7600,9645,1484193,3
-3850,9646,1484270,3
-5400,9647,1484364,3
-2950,9648,1484407,3
-6650,9649,1484540,3
-6250,9650,1484649,3
-2900,9651,1484673,3
-3200,9652,1484711,3
-7550,9653,1484854,3
-2100,9654,1484882,3
-3450,9655,1484923,3
-8450,9656,1485052,3
-2100,9657,1485100,3
-12650,9658,1485337,3
-7150,9659,1485444,3
-3650,9660,1485493,3
-1050,9661,1485518,3
-12800,9662,1485744,3
-5300,9663,1485804,3
-4050,9664,1485841,3
-2450,9665,1485858,3
-7950,9666,1485981,3
-6150,9667,1486096,3
-2800,9668,1486118,3
-9950,9669,1486297,3
-4950,9670,1486380,3
-5800,9671,1486466,3
-4550,9672,1486529,3
-2300,9673,1486549,3
-500,9674,1486562,4
-4700,9675,1486642,3
-4000,9676,1486676,3
-2900,9677,1486700,3
-3300,9678,1486720,3
-3600,9679,1486778,3
-6350,9680,1486869,3
-2950,9681,1486892,3
-3650,9682,1486941,3
-900,9683,1487019,5
-1100,9684,1487048,4
-4550,9685,1487103,3
-4950,9686,1487174,3
-4850,9687,1487235,3
-2700,9688,1487255,3
-1900,9689,1487275,3
-750,9690,1487369,6
-3350,9691,1487416,3
-4650,9692,1487473,3
-3900,9693,1487509,3
-3900,9694,1487553,3
-2250,9695,1487590,3
-2150,9696,1487658,4
100,9697,1487707,4
-3150,9698,1487758,3
-4500,9699,1487826,3
-650,9700,1488015,7
-6800,9701,1488117,3
350,9702,1488184,5
-2400,9703,1488251,4
-6200,9704,1488337,3
-2550,9705,1488487,6
-4050,9706,1488585,4
-3950,9707,1488656,3
-2100,9708,1488680,3
-5900,9709,1488796,3
-9700,9710,1488972,3
-1550,9711,1488999,3
-1850,9712,1489024,3
50,9713,1489134,6
-13250,9714,1489416,4
-3050,9715,1489433,3
-7100,9716,1489688,6
-1450,9717,1489709,3
-3100,9718,1489745,3
-12100,9719,1489990,4
-9700,9720,1490142,3
-5950,9721,1490257,3
-10500,9722,1490494,4
-6600,9723,1490600,3
-3200,9724,1490630,3
-5800,9725,1490840,7
-3700,9726,1490904,3
-4100,9727,1490940,3
400,9728,1491037,6
-7950,9729,1491184,3
-2500,9730,1491216,3
-4850,9731,1491269,3
-3000,9732,1491328,4
-3100,9733,1491348,3
-2050,9734,1491377,3
-1650,9735,1491386,3
-5900,9736,1491498,3
-1800,9737,1491512,3
-9850,9738,1491689,3
-5000,9739,1491763,3
-4150,9740,1491810,3
-7850,9741,1491955,3
-50,9742,1491965,4
-5950,9743,1492080,3
-2600,9744,1492106,3
-2700,9745,1492134,3
-3000,9746,1492176,3
-9550,9747,1492368,4
-3650,9748,1492413,3
-4500,9749,1492505,3
-5800,9750,1492701,5
-2100,9751,1492713,3
-4650,9752,1492762,3
-6550,9753,1492877,3
-250,9754,1492944,5
-2200,9755,1492974,3
-9450,9756,1493188,4
-4650,9757,1493261,3
-1100,9758,1493367,5
-3550,9759,1493475,4
-2300,9760,1493495,3
-2150,9761,1493518,3
-1450,9762,1493621,5
-3350,9763,1493684,3
-4900,9764,1493756,3
-2150,9765,1493787,3
-9100,9766,1493955,3
-750,9767,1493966,3
-1700,9768,1493982,3
-2900,9769,1494002,3
-1550,9770,1494021,3
-5950,9771,1494108,3
-5900,9772,1494180,3
-6150,9773,1494340,4
-6250,9774,1494425,3
-2500,9775,1494473,3
-5050,9776,1494542,3
-5300,9777,1494630,3
-1750,9778,1494669,3
-2600,9779,1494699,3
-1950,9780,1494783,4
-3950,9781,1494862,3
-800,9782,1494872,3
-9750,9783,1495080,4
-2250,9784,1495113,3
-20000,9785,1495520,4
-5350,9786,1495619,3
-4000,9787,1495665,3
-8750,9788,1495878,5
-7200,9789,1496000,3
-6650,9790,1496109,3
-3550,9791,1496152,3
-4250,9792,1496283,5
-1400,9793,1496305,3
-3600,9794,1496355,3
-2200,9795,1496369,3
-1800,9796,1496379,3
-500,9797,1496412,4
-4350,9798,1496471,3
-1600,9799,1496485,3
-21500,9800,1496938,4
-2300,9801,1496958,3
-3900,9802,1497030,3
-2700,9803,1497062,3
-2300,9804,1497086,3
-3900,9805,1497118,3
-1850,9806,1497127,3
-4450,9807,1497172,3
-3650,9808,1497201,3
-5750,9809,1497304,3
-3850,9810,1497370,4
-2250,9811,1497387,3
-4250,9812,1497428,3
-3700,9813,1497456,3
-1750,9814,1497467,3
-6600,9815,1497597,3
-2000,9816,1497676,4
-4650,9817,1497737,3
-4300,9818,1497907,5
-2400,9819,1497941,3
-21550,9820,1498401,4
-4600,9821,1498508,4
-8850,9822,1498653,3
-8000,9823,1498807,3
-8100,9824,1498963,3
-1950,9825,1498986,3
-2250,9826,1499023,3
-5100,9827,1499099,3
-1900,9828,1499127,3
-4950,9829,1499182,3
-4700,9830,1499250,3
-6600,9831,1499348,3
-2850,9832,1499381,3
-2750,9833,1499408,3
-4750,9834,1499475,3
-2500,9835,1499507,3
-7200,9836,1499641,3
-4250,9837,1499690,3
-1800,9838,1499704,3
-1350,9839,1499822,6
-9200,9840,1499968,3
-4350,9841,1500064,4
-2800,9842,1500110,3
-800,9843,1500133,4
-4750,9844,1500188,3
-3000,9845,1500218,3
-2100,9846,1500234,3
-2250,9847,1500263,3
-5100,9848,1500372,4
-7000,9849,1500510,3
-4450,9850,1500567,3
-1200,9851,1500593,3
-5350,9852,1500676,3
-3800,9853,1500706,3
-4050,9854,1500767,3
-4950,9855,1500822,3
-4950,9856,1500905,3
-11700,9857,1501105,3
-12550,9858,1501373,4
-1950,9859,1501396,3
-3000,9860,1501438,3
-4950,9861,1501493,3
-2000,9862,1501503,3
-2350,9863,1501530,3
-15400,9864,1501869,4
-3100,9865,1501917,3
-2650,9866,1501966,3
-3050,9867,1502007,3
-1100,9868,1502023,3
-2600,9869,1502131,5
-9350,9870,1502286,3
-13200,9871,1502549,4
-13000,9872,1502775,3
-1450,9873,1502788,3
-950,9874,1502799,3
-2750,9875,1502818,3
-6000,9876,1502981,4
-5950,9877,1503064,3
-4750,9878,1503217,5
-1350,9879,1503249,4
-2100,9880,1503269,3
-2900,9881,1503285,3
-1700,9882,1503305,3
-12050,9883,1503526,3
-2800,9884,1503552,3
-2700,9885,1503580,3
-3300,9886,1503620,3
-1800,9887,1503630,3
-3550,9888,1503657,3
-7050,9889,1503823,4
-2800,9890,1503865,3
-7100,9891,1503989,3
-2950,9892,1504032,3
-4550,9893,1504149,5
-7100,9894,1504269,3
-4300,9895,1504317,3
400,9896,1504386,6
-5700,9897,1504474,3
-2950,9898,1504513,3
-5750,9899,1504592,3
-900,9900,1504617,4
-2850,9901,1504646,3
-23000,9902,1505064,3
-2850,9903,1505089,3
-2600,9904,1505127,3
-4750,9905,1505210,3
-6900,9906,1505302,3
-2250,9907,1505339,3
-3300,9908,1505375,3
-400,9909,1505385,3
-2450,9910,1505562,7
-4600,9911,1505616,3
-1600,9912,1505634,3
-2450,9913,1505647,3
-3600,9914,1505729,3
-5300,9915,1505886,4
-2400,9916,1505928,3
-3200,9917,1505966,3
-2600,9918,1505992,3
-12700,9919,1506212,3
-11600,9920,1506410,3
-3750,9921,1506551,5
950,9922,1506610,5
-450,9923,1506640,4
-4950,9924,1506727,3
-8500,9925,1506875,3
-6300,9926,1506955,3
-10250,9927,1507136,3
-1300,9928,1507148,3
-6700,9929,1507285,4
-5350,9930,1507352,3
-13700,9931,1507628,3
-6850,9932,1507733,3
-2300,9933,1507753,3
-8400,9934,1507977,5
-4550,9935,1508024,3
-5350,9936,1508222,6
-2050,9937,1508247,3
-1700,9938,1508263,3
-4300,9939,1508323,3
-1700,9940,1508363,3
-2350,9941,1508382,3
-1700,9942,1508406,3
-8600,9943,1508572,3
-4850,9944,1508661,3
-7750,9945,1508804,3
-1950,9946,1508827,3
-2150,9947,1508858,3
-5250,9948,1508955,3
-1300,9949,1508979,3
-10100,9950,1509163,3
-350,9951,1509178,3
-4150,9952,1509282,4
-2000,9953,1509292,3
-3950,9954,1509355,3
-5350,9955,1509422,3
-3150,9956,1509453,3
-15700,9957,1509749,3
-1600,9958,1509787,3
-3300,9959,1509851,3
-1100,9960,1509884,4
-3800,9961,1509946,3
-6750,9962,1510041,3
-2000,9963,1510063,3
-750,9964,1510074,3
-3400,9965,1510112,3
-5050,9966,1510193,3
-2100,9967,1510209,3
-3000,9968,1510239,3
-8500,9969,1510367,3
-1350,9970,1510382,3
-1650,9971,1510419,3
-13200,9972,1510641,3
650,9973,1510747,6
-4650,9974,1510812,3
-2600,9975,1510838,3
-2900,9976,1510866,3
-1700,9977,1510878,3
-2500,9978,1510894,3
-12300,9979,1511102,3
-2550,9980,1511149,3
-3000,9981,1511224,4
-3200,9982,1511250,3
-6650,9983,1511380,4
-5400,9984,1511470,3
-1700,9985,1511494,3
-6750,9986,1511638,4
-4700,9987,1511718,3
-2850,9988,1511775,3
-2550,9989,1511794,3
-2450,9990,1511807,3
-4550,9991,1511886,3
-3550,9992,1512023,5
-8100,9993,1512184,4
-7500,9994,1512296,3
-7950,9995,1512411,3
-8000,9996,1512586,4
-4100,9997,1512638,3
-5000,9998,1512728,3
-3550,9999,1512771,3
-1950,10000,1512790,3
-3200,10001,1512832,3
-6050,10002,1512941,3
-7600,10003,1513182,6
-4200,10004,1513248,3
-1650,10005,1513269,3
-2150,10006,1513280,3
-1900,10007,1513308,3
-4650,10008,1513365,3
-2800,10009,1513407,3
-5100,10010,1513487,3
-2800,10011,1513517,3
500,10012,1513633,7
-1100,10013,1513649,3
-5150,10014,1513708,3
-7350,10015,1513823,3
-6500,10016,1513931,3
-1750,10017,1513950,3
-850,10018,1513967,3
-2600,10019,1513997,3
-3400,10020,1514063,3
-2750,10021,1514090,3
-1050,10022,1514103,3
-4700,10023,1514155,3
-2700,10024,1514171,3
-7550,10025,1514310,3
-5150,10026,1514397,3
-6050,10027,1514555,4
-3550,10028,1514578,3
-2000,10029,1514588,3
-3050,10030,1514605,3
-1100,10031,1514621,3
-7000,10032,1514727,3
-3300,10033,1514747,3
-8500,10034,1514887,3
-1550,10035,1514898,3
-2950,10036,1514945,3
-18150,10037,1515264,3
1000,10038,1515316,5
-7050,10039,1515437,3
-2700,10040,1515453,3
-3850,10041,1515534,3
-3600,10042,1515617,4
-15400,10043,1515887,3
-4750,10044,1515946,3
-8200,10045,1516088,3
1450,10046,1516212,8
-3700,10047,1516284,3
-5000,10048,1516379,4
-550,10049,1516395,4
-5000,10050,1516465,3
-4400,10051,1516584,4
-6900,10052,1516684,3
-3700,10053,1516712,3
-3050,10054,1516733,3
-3150,10055,1516845,4
-4550,10056,1516912,3
-1400,10057,1516930,3
-850,10058,1516943,3
700,10059,1517054,6
-5350,10060,1517133,3
-4300,10061,1517193,3
-2550,10062,1517240,3
-4400,10063,1517302,3
-3800,10064,1517364,3
-2200,10065,1517394,3
-2100,10066,1517430,3
-3200,10067,1517456,3
-6800,10068,1517743,8
-1600,10069,1517898,8
-2800,10070,1517920,3
-5900,10071,1517996,3
-11300,10072,1518233,4
-3600,10073,1518267,3
-1850,10074,1518309,4
-6150,10075,1518408,3
-8900,10076,1518576,3
-2000,10077,1518586,3
-14650,10078,1518835,3
-5000,10079,1518929,3
-3200,10080,1519028,4
-2250,10081,1519053,3
-2850,10082,1519074,3
-2450,10083,1519099,3
-1400,10084,1519285,7
-3600,10085,1519331,3
-3100,10086,1519383,3
-2150,10087,1519406,3
-15500,10088,1519711,4
-2850,10089,1519728,3
-2300,10090,1519826,5
1850,10091,1519880,6
-2650,10092,1519901,3
-11700,10093,1520142,4
-5950,10094,1520274,4
-1650,10095,1520287,3
-2150,10096,1520306,3
-3550,10097,1520353,3
-13250,10098,1520664,5
-2650,10099,1520722,4
-10800,10100,1520940,3
-6350,10101,1521063,3
-8200,10102,1521271,5
-2400,10103,1521309,3
-3300,10104,1521366,4
-2100,10105,1521394,3
-3700,10106,1521548,5
-7900,10107,1521696,3
-1600,10108,1521710,3
-5100,10109,1521868,5
-3050,10110,1521889,3
-3650,10111,1521922,3
-2800,10112,1521976,3
-1800,10113,1522100,5
-2200,10114,1522122,3
-7150,10115,1522221,3
-5750,10116,1522369,4
-4250,10117,1522454,3
-6000,10118,1522532,3
-1050,10119,1522582,4
-1350,10120,1522601,3
-3250,10121,1522744,5
-2100,10122,1522764,3
-5600,10123,1522838,3
-4950,10124,1522962,4
-2200,10125,1522980,3
-2100,10126,1523008,3
-1850,10127,1523029,3
-10200,10128,1523207,3
-3700,10129,1523255,3
-2850,10130,1523292,3
-5400,10131,1523394,3
-6300,10132,1523494,3
-3200,10133,1523552,3
-3500,10134,1523661,4
-3800,10135,1523731,3
-2350,10136,1523770,3
-3300,10137,1523851,4
-2200,10138,1523865,3
-1600,10139,1523891,3
-4000,10140,1523985,3
-2700,10141,1524013,3
-4900,10142,1524081,3
-3900,10143,1524117,3
-3300,10144,1524153,3
-6150,10145,1524325,4
-8800,10146,1524479,3
-1000,10147,1524493,3
-6850,10148,1524647,4
-9000,10149,1524875,5
-7100,10150,1524979,3
-11050,10151,1525217,4
-1950,10152,1525232,3
-2050,10153,1525245,3
-3450,10154,1525294,3
-1650,10155,1525311,3
-8050,10156,1525485,4
-4100,10157,1525549,3
-2600,10158,1525563,3
-1550,10159,1525598,3
-4300,10160,1525715,4
-8700,10161,1525859,3
-1400,10162,1525943,5
-2200,10163,1525969,3
-11400,10164,1526212,4
-1600,10165,1526226,3
-1450,10166,1526243,3
-1800,10167,1526285,3
-9150,10168,1526432,3
-1550,10169,1526525,5
-4150,10170,1526612,3
-3100,10171,1526636,3
-2750,10172,1526663,3
-3300,10173,1526711,3
-3950,10174,1526766,3
-4650,10175,1526843,3
-5350,10176,1526914,3
-6250,10177,1527011,3
-4750,10178,1527070,3
-200,10179,1527085,4
-10100,10180,1527278,4
-1800,10181,1527308,3
-6350,10182,1527399,3
-2350,10183,1527426,3
-1150,10184,1527577,7
-1950,10185,1527608,3
-3750,10186,1527651,3
-5150,10187,1527742,3
-6050,10188,1527843,3
-7500,10189,1527983,3
-9750,10190,1528146,3
-2850,10191,1528187,3
-10050,10192,1528360,3
-6750,10193,1528471,3
-2100,10194,1528499,3
-1650,10195,1528675,6
-5650,10196,1528903,6
-5600,10197,1529005,3
-4850,10198,1529070,3
-2600,10199,1529108,3
-10500,10200,1529341,4
-7800,10201,1529467,3
-6350,10202,1529669,6
-7200,10203,1529779,3
-4300,10204,1529851,3
-7100,10205,1529959,3
-6050,10206,1530052,3
-4600,10207,1530269,6
-3350,10208,1530304,3
-5700,10209,1530421,4
-5550,10210,1530492,3
-2300,10211,1530512,3
-2200,10212,1530554,3
-3800,10213,1530715,6
-250,10214,1530729,4
-4000,10215,1530779,3
-4250,10216,1530828,3
-2900,10217,1530900,3
-11150,10218,1531157,5
-2800,10219,1531203,3
-2900,10220,1531239,3
-7900,10221,1531502,6
900,10222,1531548,5
-1550,10223,1531567,3
-6350,10224,1531650,3
-7000,10225,1531756,3
-1450,10226,1531785,3
-4650,10227,1531858,3
-3450,10228,1531891,3
-3650,10229,1531989,4
-6450,10230,1532086,3
-3100,10231,1532106,3
-1950,10232,1532121,3
-14150,10233,1532400,3
-4800,10234,1532462,3
-2600,10235,1532484,3
-1550,10236,1532503,3
-7900,10237,1532742,6
-6400,10238,1532852,3
-3200,10239,1532906,3
-4550,10240,1532973,3
-2700,10241,1533013,3
-4950,10242,1533088,3
-3650,10243,1533121,3
-5950,10244,1533220,3
-1900,10245,1533232,3
-3450,10246,1533257,3
-3100,10247,1533297,3
-1700,10248,1533325,3
-2050,10249,1533399,4
-1000,10250,1533417,3
-800,10251,1533431,3
-1100,10252,1533455,3
-6400,10253,1533553,3
-2850,10254,1533590,3
-5400,10255,1533676,3
-6350,10256,1533771,3
-3350,10257,1533814,3
-3550,10258,1533980,6
-4650,10259,1534061,3
-2200,10260,1534189,5
-1300,10261,1534213,3
-3500,10262,1534277,3
-3550,10263,1534348,3
-9150,10264,1534535,3
-2700,10265,1534677,5
-5900,10266,1534753,3
-4900,10267,1534809,3
-26050,10268,1535467,8
-4200,10269,1535549,3
-4500,10270,1535679,5
50,10271,1535719,4
-3400,10272,1535827,5
-3200,10273,1535853,3
-2150,10274,1535868,3
-1750,10275,1535907,3
-1650,10276,1535936,3
-2300,10277,1535988,3
-4400,10278,1536034,3
-3150,10279,1536097,3
-1700,10280,1536113,3
-15200,10281,1536468,4
-5500,10282,1536552,3
-2250,10283,1536745,7
-5700,10284,1536858,4
-2300,10285,1536886,3
-3200,10286,1537039,6
-5450,10287,1537104,3
-2900,10288,1537124,3
-3100,10289,1537197,4
-6500,10290,1537293,3
-5150,10291,1537396,3
-900,10292,1537420,3
-1950,10293,1537431,3
-550,10294,1537447,4
-2000,10295,1537457,3
-3350,10296,1537476,3
-2450,10297,1537501,3
-2500,10298,1537611,5
-2200,10299,1537629,3
-2700,10300,1537649,3
-2000,10301,1537659,3
-3650,10302,1537781,4
-5450,10303,1537907,4
-8150,10304,1538099,4
-1450,10305,1538116,3
-750,10306,1538225,5
-15350,10307,1538557,4
-2800,10308,1538579,3
-1200,10309,1538622,4
-3200,10310,1538725,4
-7400,10311,1538855,3
-2550,10312,1538902,3
-2800,10313,1538932,3
-11900,10314,1539132,3
-9150,10315,1539267,3
-3550,10316,1539298,3
1350,10317,1539340,4
-5550,10318,1539460,4
-7950,10319,1539595,3
-8050,10320,1539736,3
-5850,10321,1539817,3
-2300,10322,1539849,3
-5300,10323,1539949,3
-10400,10324,1540243,7
-2350,10325,1540274,3
-1950,10326,1540285,3
-6300,10327,1540397,3
-4500,10328,1540473,3
150,10329,1540507,4
-900,10330,1540523,3
-2850,10331,1540564,3
-4150,10332,1540627,3
-2750,10333,1540642,3
-4450,10334,1540719,3
-3900,10335,1540870,6
-11100,10336,1541082,3
-1450,10337,1541107,3
-9750,10338,1541286,3
-1850,10339,1541307,3
-7550,10340,1541414,3
-1850,10341,1541427,3
-8050,10342,1541568,3
-2450,10343,1541593,3
-3850,10344,1541650,3
-6650,10345,1541743,3
-6500,10346,1541859,3
-9200,10347,1542001,3
-1100,10348,1542017,3
-4300,10349,1542065,3
-5850,10350,1542150,3
-2000,10351,1542172,3
-13050,10352,1542405,3
-3400,10353,1542447,3
-2800,10354,1542469,3
-6550,10355,1542610,5
-2800,10356,1542730,5
-1700,10357,1542742,3
-3950,10358,1542777,3
-7200,10359,1542924,4
-450,10360,1542937,3
-3150,10361,1542956,3
-5100,10362,1543012,3
-3000,10363,1543070,3
-12100,10364,1543282,3
-2950,10365,1543305,3
-5500,10366,1543373,3
-1100,10367,1543385,3
-3300,10368,1543425,3
-3850,10369,1543503,4
-12100,10370,1543813,5
-2450,10371,1543854,3
-1700,10372,1543870,3
-950,10373,1543922,4
-3000,10374,1544078,5
-2300,10375,1544114,3
-5850,10376,1544228,4
-9200,10377,1544410,3
-5050,10378,1544532,4
-1850,10379,1544549,3
1900,10380,1544629,7
-4150,10381,1544730,5
-8400,10382,1544872,3
-6600,10383,1544982,3
-2900,10384,1545006,3
-6000,10385,1545100,3
-6050,10386,1545205,3
-3200,10387,1545239,3
-4000,10388,1545289,3
-4350,10389,1545389,4
-2350,10390,1545478,5
-4950,10391,1545565,3
-2100,10392,1545711,5
-3800,10393,1545753,3
-5900,10394,1545837,3
-17350,10395,1546176,3
-800,10396,1546186,3
-6400,10397,1546309,4
-2400,10398,1546425,5
-3600,10399,1546463,3
-1350,10400,1546482,3
-3900,10401,1546522,3
-2050,10402,1546535,3
-1950,10403,1546546,3
-7800,10404,1546700,3
-1750,10405,1546711,3
-2250,10406,1546728,3
-4200,10407,1546786,3
-7800,10408,1547011,6
-12000,10409,1547274,4
-2050,10410,1547287,3
-2000,10411,1547313,3
-4500,10412,1547365,3
-4550,10413,1547428,3
-8750,10414,1547567,3
-3400,10415,1547589,3
-3000,10416,1547660,4
-8650,10417,1547809,3
-3200,10418,1547827,3
-10100,10419,1548015,3
-3050,10420,1548032,3
-5050,10421,1548113,3
-2100,10422,1548190,4
-13950,10423,1548453,3
-1100,10424,1548477,3
-6200,10425,1548612,4
-22700,10426,1549024,3
-2650,10427,1549049,3
-5000,10428,1549135,3
-400,10429,1549186,4
-3300,10430,1549320,5
-8850,10431,1549457,3
-3950,10432,1549520,3
-1200,10433,1549567,4
-1400,10434,1549589,3
-2150,10435,1549612,3
2800,10436,1549702,7
-3350,10437,1549733,3
-4750,10438,1549796,3
-6600,10439,1549922,3
-3250,10440,1550095,7
-7800,10441,1550213,3
-4850,10442,1550294,3
-6050,10443,1550424,4
-1700,10444,1550444,3
-6850,10445,1550549,3
-5800,10446,1550656,4
-4950,10447,1550731,3
-14050,10448,1551057,4
-2600,10449,1551071,3
-2400,10450,1551101,3
-5300,10451,1551209,3
-5850,10452,1551318,3
-1300,10453,1551334,3
-8550,10454,1551461,3
-2500,10455,1551481,3
-2700,10456,1551505,3
-2150,10457,1551516,3
-1750,10458,1551551,3
-4800,10459,1551625,3
-2100,10460,1551649,3
-5350,10461,1551752,3
-5200,10462,1551846,3
-11450,10463,1552088,4
-6650,10464,1552213,3
-2200,10465,1552243,3
-7600,10466,1552381,3
-8800,10467,1552531,3
-4800,10468,1552605,3
-2800,10469,1552672,4
-2400,10470,1552686,3
-2050,10471,1552699,3
-7200,10472,1552813,3
-2750,10473,1552954,5
-5050,10474,1553088,4
-8950,10475,1553247,3
-700,10476,1553259,3
-6400,10477,1553357,3
-3350,10478,1553405,4
-3200,10479,1553463,3
-12600,10480,1553713,3
-8150,10481,1553864,3
-6150,10482,1553959,3
-2700,10483,1554011,3
-3550,10484,1554046,3
-7700,10485,1554158,3
-6650,10486,1554255,3
-4100,10487,1554347,3
-5250,10488,1554424,3
-4700,10489,1554512,3
-1400,10490,1554534,3
-5550,10491,1554605,3
-6550,10492,1554708,3
-2300,10493,1554720,3
-2800,10494,1554750,3
-11750,10495,1554965,3
-1700,10496,1554981,3
-3050,10497,1555006,3
-700,10498,1555088,5
-6350,10499,1555183,3
-22600,10500,1555601,3
-9600,10501,1555763,3
-2100,10502,1555775,3
-1500,10503,1555787,3
-2800,10504,1555829,3
-1650,10505,1555846,3
-2100,10506,1555858,3
-4100,10507,1555934,3
-2800,10508,1555984,3
-2150,10509,1556011,3
-2600,10510,1556025,3
-10200,10511,1556183,3
-2200,10512,1556197,3
-2550,10513,1556216,3
-5200,10514,1556294,3
-1950,10515,1556305,3
-6450,10516,1556406,3
-3350,10517,1556441,3
-8450,10518,1556639,4
-6000,10519,1556762,4
-3750,10520,1556805,3
-8700,10521,1557026,4
-2400,10522,1557068,3
-2800,10523,1557102,3
-5050,10524,1557163,3
-2900,10525,1557203,3
-6300,10526,1557331,3
-2600,10527,1557373,3
-2550,10528,1557420,3
-3900,10529,1557525,4
-3150,10530,1557588,3
-6100,10531,1557680,3
-2400,10532,1557710,3
-9050,10533,1557867,3
-4700,10534,1557967,3
-2450,10535,1558029,4
-10050,10536,1558198,3
-8700,10537,1558334,3
-3350,10538,1558377,3
-7150,10539,1558476,3
-7400,10540,1558618,3
-1900,10541,1558658,3
-500,10542,1558670,3
-2750,10543,1558705,3
-21800,10544,1559123,3
-2900,10545,1559159,3
-5450,10546,1559248,3
-2150,10547,1559263,3
-9900,10548,1559460,4
-1900,10549,1559504,3
-1150,10550,1559686,6
-11350,10551,1559877,3
-3650,10552,1559930,3
-3150,10553,1559965,3
-1900,10554,1559977,3
-6900,10555,1560077,3
-3300,10556,1560109,3
-2400,10557,1560131,3
-4050,10558,1560200,3
-800,10559,1560214,3
-2550,10560,1560237,3
-4250,10561,1560294,3
-850,10562,1560365,5
-5500,10563,1560526,4
-3200,10564,1560609,4
-7500,10565,1560741,3
-2500,10566,1560757,3
-3850,10567,1560806,3
-3350,10568,1560829,3
-1050,10569,1560855,4
-4950,10570,1560934,3
-700,10571,1560946,3
-2200,10572,1560972,3
-6100,10573,1561064,3
-2800,10574,1561098,3
-3950,10575,1561129,3
-400,10576,1561139,3
-2400,10577,1561181,3
-1500,10578,1561193,3
-3350,10579,1561236,3
-8500,10580,1561405,4
-1900,10581,1561475,5
-6250,10582,1561556,3
-2200,10583,1561582,3
-1050,10584,1561595,3
-7100,10585,1561707,3
-3100,10586,1561751,3
-1200,10587,1561769,3
-2050,10588,1561790,3
-6400,10589,1561876,3
-600,10590,1561886,3
-8350,10591,1562017,3
-4050,10592,1562070,3
-4350,10593,1562113,3
1000,10594,1562194,6
-8250,10595,1562327,3
-7300,10596,1562512,4
650,10597,1562569,5
-7400,10598,1562675,3
-9000,10599,1562878,4
-7400,10600,1563004,3
-15950,10601,1563295,3
-5350,10602,1563406,3
-2400,10603,1563456,3
-5650,10604,1563549,3
-2350,10605,1563682,5
-6250,10606,1563767,3
-3100,10607,1563811,3
-3200,10608,1563861,3
-3200,10609,1563919,3
-8800,10610,1564110,4
-3850,10611,1564151,3
-2950,10612,1564182,3
-5650,10613,1564259,3
-1950,10614,1564270,3
-3350,10615,1564325,3
-3650,10616,1564370,3
-3900,10617,1564406,3
-4100,10618,1564458,3
-3450,10619,1564548,4
-2200,10620,1564566,3
-3000,10621,1564588,3
-10100,10622,1564817,4
-5550,10623,1564908,3
-1450,10624,1564921,3
-4150,10625,1565127,6
-8100,10626,1565243,3
-4000,10627,1565375,5
-6150,10628,1565454,3
-2150,10629,1565469,3
-1700,10630,1565493,3
-2350,10631,1565508,3
-1900,10632,1565520,3
-2500,10633,1565552,3
-8700,10634,1565778,5
-4750,10635,1565869,3
-5050,10636,1565950,3
-2150,10637,1565965,3
-6550,10638,1566100,3
-4050,10639,1566169,3
-4250,10640,1566226,3
-2950,10641,1566249,3
-2450,10642,1566262,3
-3950,10643,1566301,3
-10950,10644,1566545,4
-7650,10645,1566670,3
-3350,10646,1566717,3
-5700,10647,1566829,3
-850,10648,1566891,4
-4200,10649,1566974,4
-550,10650,1567096,6
-6200,10651,1567231,4
-2200,10652,1567302,4
-7200,10653,1567416,3
-1950,10654,1567431,3
-6900,10655,1567547,3
-7050,10656,1567697,4
-10350,10657,1567929,4
-5800,10658,1567999,3
-2050,10659,1568016,3
-3400,10660,1568050,3
-4500,10661,1568167,4
-4250,10662,1568220,3
-3800,10663,1568254,3
-10350,10664,1568417,3
-10100,10665,1568594,4
-3150,10666,1568629,3
-1700,10667,1568669,3
-4000,10668,1568796,4
-4700,10669,1568892,3
-3050,10670,1568913,3
-2000,10671,1568947,3
-5600,10672,1569078,4
-2700,10673,1569106,3
-5400,10674,1569212,3
250,10675,1569306,6
-4700,10676,1569370,3
-2650,10677,1569399,3
-500,10678,1569444,4
-1900,10679,1569493,4
-1350,10680,1569508,3
-8150,10681,1569737,5
-1650,10682,1569750,3
-200,10683,1569765,4
-2150,10684,1569808,3
-12300,10685,1570036,3
-2500,10686,1570052,3
-10500,10687,1570285,4
-9750,10688,1570493,4
-450,10689,1570539,4
-1250,10690,1570589,4
-6950,10691,1570688,3
-2750,10692,1570743,3
-3100,10693,1570795,3
-1600,10694,1570821,3
-21900,10695,1571250,4
-6850,10696,1571343,3
-850,10697,1571356,3
-2100,10698,1571437,4
-3350,10699,1571508,3
1600,10700,1571634,7
-3850,10701,1571687,3
100,10702,1571749,5
-9750,10703,1571916,3
-2150,10704,1571935,3
-7400,10705,1572074,4
-8250,10706,1572199,3
-2250,10707,1572216,3
-1300,10708,1572232,3
-3400,10709,1572258,3
-3600,10710,1572328,3
-1650,10711,1572353,3
-3500,10712,1572446,4
-14850,10713,1572695,3
-8350,10714,1572907,4
-6550,10715,1573055,4
-3150,10716,1573094,3
-6900,10717,1573202,3
-7850,10718,1573532,8
-3050,10719,1573593,3
-3850,10720,1573654,3
-5050,10721,1573739,3
-1600,10722,1573818,4
-5100,10723,1573882,3
-2300,10724,1573914,3
-4500,10725,1574002,3
-1650,10726,1574072,4
-4100,10727,1574116,3
-2550,10728,1574135,3
-3700,10729,1574215,3
-8200,10730,1574345,3
-700,10731,1574370,4
-3050,10732,1574399,3
4350,10733,1574513,8
-1700,10734,1574562,4
-3150,10735,1574601,3
-7650,10736,1574730,3
-1400,10737,1574756,3
-6950,10738,1574863,3
-4600,10739,1574913,3
-4300,10740,1574990,4
-2200,10741,1575012,3
-2500,10742,1575044,3
-6050,10743,1575117,3
-2750,10744,1575148,3
-2400,10745,1575170,3
-2400,10746,1575233,4
-5150,10747,1575316,3
-3750,10748,1575347,3
-9250,10749,1575508,3
-3400,10750,1575546,3
-2200,10751,1575564,3
-3150,10752,1575607,3
-13750,10753,1575846,3
-1950,10754,1575857,3
-2700,10755,1575901,3
-250,10756,1575927,4
-4750,10757,1576002,3
-5550,10758,1576093,3
-14050,10759,1576391,4
-3050,10760,1576408,3
-2350,10761,1576423,3
-1550,10762,1576537,6
-2550,10763,1576568,3
-2100,10764,1576584,3
-5800,10765,1576678,3
-2700,10766,1576702,3
1000,10767,1576787,6
-13950,10768,1577038,3
-650,10769,1577084,4
-3750,10770,1577147,3
-2200,10771,1577169,3
-500,10772,1577190,4
-1000,10773,1577204,3
-1800,10774,1577218,3
-9050,10775,1577363,3
-3450,10776,1577400,3
-3200,10777,1577438,3
-11600,10778,1577652,3
-1000,10779,1577666,3
-2550,10780,1577713,3
-13450,10781,1577938,3
-3350,10782,1577969,3
-3150,10783,1577996,3
-11200,10784,1578210,3
-1850,10785,1578231,3
-2900,10786,1578263,3
-5650,10787,1578376,3
-950,10788,1578412,4
-5400,10789,1578531,4
-2300,10790,1578551,3
-5650,10791,1578648,3
-4850,10792,1578721,3
-8950,10793,1578983,6
-4850,10794,1579052,3
-8600,10795,1579251,4
-3800,10796,1579309,3
-4200,10797,1579399,3
-8850,10798,1579540,3
-800,10799,1579558,3
-4050,10800,1579676,4
-3800,10801,1579722,3
-2900,10802,1579766,3
-2900,10803,1579810,3
-4100,10804,1579866,3
-15750,10805,1580161,3
-7500,10806,1580273,3
-2150,10807,1580316,3
-10800,10808,1580494,3
-3800,10809,1580532,3
-2850,10810,1580553,3
-2400,10811,1580567,3
-3150,10812,1580598,3
-5550,10813,1580681,3
-1850,10814,1580702,3
-6550,10815,1580817,3
-2850,10816,1580846,3
-6000,10817,1580952,3
-800,10818,1580970,3
-2400,10819,1580988,3
-1900,10820,1581000,3
-6000,10821,1581127,4
100,10822,1581156,4
-5150,10823,1581255,3
-3600,10824,1581297,3
-4600,10825,1581383,3
-5450,10826,1581468,3
-2350,10827,1581491,3
-4900,10828,1581559,3
-3700,10829,1581603,3
-7550,10830,1581714,3
-4700,10831,1581778,3
-1300,10832,1581794,3
-1850,10833,1581807,3
-5000,10834,1581934,4
-1900,10835,1582065,6
-5100,10836,1582129,3
-6150,10837,1582237,4
-2000,10838,1582263,3
-2000,10839,1582273,3
-6100,10840,1582369,3
-1850,10841,1582406,3
-12750,10842,1582718,4
-2450,10843,1582747,3
-2250,10844,1582789,4
-2300,10845,1582813,3
-2300,10846,1582825,3
-500,10847,1582891,5
-950,10848,1582931,4
-5950,10849,1583038,3
-2750,10850,1583089,3
950,10851,1583198,7
-7000,10852,1583316,3
-6750,10853,1583505,5
-4300,10854,1583553,3
-350,10855,1583581,4
-1550,10856,1583612,3
-9550,10857,1583841,5
-4700,10858,1583889,3
-3950,10859,1583948,3
-2300,10860,1583976,3
-3050,10861,1584021,3
-3850,10862,1584074,3
-3800,10863,1584108,3
-3000,10864,1584126,3
-3850,10865,1584163,3
-1900,10866,1584187,3
3000,10867,1584273,7
-2650,10868,1584298,3
-3300,10869,1584318,3
-3350,10870,1584373,3
-1500,10871,1584389,3
-4000,10872,1584427,3
250,10873,1584496,5
650,10874,1584557,5
-5150,10875,1584628,3
-4600,10876,1584723,4
-6200,10877,1584821,3
-5150,10878,1584892,3
-7200,10879,1585002,3
-1850,10880,1585019,3
-7350,10881,1585138,3
-1350,10882,1585157,3
-4900,10883,1585225,3
-7250,10884,1585391,4
-4600,10885,1585498,4
-3350,10886,1585557,3
800,10887,1585584,4
-16850,10888,1585877,3
-3650,10889,1585918,3
-5300,10890,1586002,3
-2100,10891,1586075,4
-11050,10892,1586410,5
-1350,10893,1586441,3
-4300,10894,1586481,3
-7400,10895,1586595,3
-8350,10896,1586750,3
-7100,10897,1586850,3
-1150,10898,1586865,3
-2800,10899,1586903,3
-4400,10900,1587031,5
-600,10901,1587041,3
-2700,10902,1587085,3
-8350,10903,1587290,5
-2850,10904,1587327,3
-12600,10905,1587549,3
-3350,10906,1587572,3
-4950,10907,1587660,4
-8200,10908,1587790,3
-1750,10909,1587805,3
-11750,10910,1588000,3
-2800,10911,1588018,3
-3800,10912,1588146,5
-1850,10913,1588159,3
-1550,10914,1588182,3
-8250,10915,1588327,3
-3550,10916,1588366,3
-4650,10917,1588423,3
-2600,10918,1588449,3
-4450,10919,1588571,4
-12900,10920,1588815,3
-2750,10921,1588830,3
-9600,10922,1589004,3
-2750,10923,1589019,3
-10600,10924,1589229,3
-2400,10925,1589275,3
-2850,10926,1589332,3
-1900,10927,1589344,3
-6100,10928,1589432,3
3000,10929,1589518,7
-7800,10930,1589701,4
-8750,10931,1589848,3
-1200,10932,1589870,3
-2750,10933,1589905,3
-2600,10934,1589943,3
-3850,10935,1589992,3
600,10936,1590088,5
-7100,10937,1590184,3
-3000,10938,1590218,3
1100,10939,1590292,5
-3450,10940,1590419,5
-1200,10941,1590515,5
-2400,10942,1590537,3
-1200,10943,1590551,3
-450,10944,1590650,5
-3900,10945,1590706,3
-2550,10946,1590737,3
-3550,10947,1590867,6
-2700,10948,1590895,3
-2750,10949,1590910,3
-5450,10950,1590975,3
-1850,10951,1591000,3
-3400,10952,1591038,3
-3950,10953,1591191,5
-4250,10954,1591260,3
-2900,10955,1591284,3
-4950,10956,1591367,3
-3650,10957,1591416,3
-6650,10958,1591533,3
-5200,10959,1591632,4
-7650,10960,1591769,3
-5550,10961,1591852,3
-2150,10962,1591867,3
-6450,10963,1591992,3
-3650,10964,1592176,6
-5450,10965,1592318,4
-13050,10966,1592571,3
-5900,10967,1592724,4
-1750,10968,1592743,3
-7400,10969,1592943,5
-5100,10970,1593007,3
-7150,10971,1593134,3
-3650,10972,1593199,3
-4300,10973,1593239,3
-1800,10974,1593253,3
-9100,10975,1593409,3
-1750,10976,1593420,3
-4600,10977,1593482,3
-3350,10978,1593570,4
-2250,10979,1593607,3
-4750,10980,1593658,3
-6600,10981,1593744,3
-3600,10982,1593790,3
-800,10983,1593825,4
-50,10984,1593848,5
-7050,10985,1593961,3
-3200,10986,1593979,3
-10400,10987,1594189,3
-3250,10988,1594292,5
-1800,10989,1594372,5
-4250,10990,1594470,4
-1900,10991,1594482,3
-8050,10992,1594619,3
-11650,10993,1594861,4
-10550,10994,1595060,3
-17550,10995,1595432,4
-4450,10996,1595538,4
-2300,10997,1595566,3
-2550,10998,1595609,3
-850,10999,1595643,4
-1550,11000,1595666,3
-5900,11001,1595770,3
-6550,11002,1595869,3
-7450,11003,1596006,3
-5700,11004,1596102,3
-450,11005,1596226,6
-6000,11006,1596337,4
-8400,11007,1596467,3
-6450,11008,1596548,3
-2200,11009,1596598,3
-5100,11010,1596690,3
-4300,11011,1596758,3
-8450,11012,1596903,3
-1800,11013,1596925,3
-6300,11014,1597009,3
-3200,11015,1597027,3
-2250,11016,1597040,3
-7650,11017,1597157,3
-6450,11018,1597274,3
-4950,11019,1597361,3
-1500,11020,1597456,6
-4750,11021,1597511,3
-7650,11022,1597644,3
-5300,11023,1597712,3
-4000,11024,1597754,3
-10650,11025,1597935,3
-8100,11026,1598059,3
-4300,11027,1598143,3
-10000,11028,1598297,3
-3950,11029,1598332,3
-500,11030,1598448,7
-350,11031,1598476,4
-4100,11032,1598512,3
-2700,11033,1598556,3
-7800,11034,1598711,4
-4900,11035,1598787,3
-600,11036,1598797,3
-1750,11037,1598808,3
-1900,11038,1598828,3
-2750,11039,1598847,3
-8400,11040,1598989,3
-1950,11041,1599000,3
-7350,11042,1599139,3
-7700,11043,1599255,3
-4000,11044,1599301,3
-4350,11045,1599372,3
-4200,11046,1599426,3
100,11047,1599439,4
-6050,11048,1599565,4
-4700,11049,1599617,3
-5300,11050,1599697,3
-3350,11051,1599744,3
-5450,11052,1599821,3
-1800,11053,1599839,3
-1500,11054,1599863,3
-3000,11055,1599901,3
-1000,11056,1599923,3
-2000,11057,1599949,3
-5200,11058,1600023,3
-6200,11059,1600146,4
-8400,11060,1600292,3
-4100,11061,1600409,4
-7800,11062,1600638,6
-10700,11063,1600826,3
-6000,11064,1601095,6
-7200,11065,1601221,3
-14400,11066,1601471,3
-10800,11067,1601649,3
-7850,11068,1601770,3
-2400,11069,1601825,4
-12200,11070,1602043,3
-2950,11071,1602082,3
-10200,11072,1602268,3
-6150,11073,1602404,4
-2600,11074,1602438,3
-5500,11075,1602514,3
-2250,11076,1602531,3
-4350,11077,1602618,3
-5550,11078,1602701,3
-19150,11079,1603089,4
-6700,11080,1603189,3
-9500,11081,1603370,4
-5700,11082,1603470,3
-10250,11083,1603655,3
-2000,11084,1603677,3
-550,11085,1603754,5
-11850,11086,1604045,5
-3000,11087,1604079,3
-4500,11088,1604159,3
700,11089,1604238,6
-7900,11090,1604415,4
-7450,11091,1604556,3
-4750,11092,1604623,3
-1900,11093,1604639,3
-11250,11094,1604836,3
-5850,11095,1604978,4
-3950,11096,1605017,3
-850,11097,1605063,4
-8900,11098,1605203,3
-2450,11099,1605244,3
-7750,11100,1605367,3
-2350,11101,1605410,3
-3000,11102,1605464,3
-6600,11103,1605611,4
-3000,11104,1605657,3
-10650,11105,1605846,3
-4350,11106,1605992,6
-800,11107,1606010,3
-1150,11108,1606037,3
-3950,11109,1606137,4
-1250,11110,1606154,3
-2400,11111,1606213,4
-2000,11112,1606223,3
-1900,11113,1606235,3
-3500,11114,1606259,3
-4450,11115,1606312,3
-2850,11116,1606431,5
-4800,11117,1606513,3
-4000,11118,1606608,4
-2350,11119,1606639,3
-21850,11120,1607057,4
-6550,11121,1607274,5
-4300,11122,1607326,3
-4500,11123,1607382,3
-11450,11124,1607587,3
-2950,11125,1607618,3
-5500,11126,1607694,3
-7550,11127,1607927,5
-2050,11128,1608005,4
200,11129,1608020,4
-1700,11130,1608052,3
-6800,11131,1608154,3
-3400,11132,1608192,3
-4900,11133,1608268,3
-1650,11134,1608285,3
-1850,11135,1608298,3
-11950,11136,1608550,4
-3200,11137,1608584,3
-2250,11138,1608601,3
-3500,11139,1608649,3
-5500,11140,1608721,3
150,11141,1608743,4
-3750,11142,1608798,3
-5100,11143,1608948,5
-1650,11144,1608973,3
-7450,11145,1609086,3
-7200,11146,1609217,4
-5550,11147,1609280,3
-8950,11148,1609431,3
-6200,11149,1609509,3
-7900,11150,1609633,3
-600,11151,1609655,3
-4700,11152,1609707,3
-3450,11153,1609732,3
-6050,11154,1609809,3
-900,11155,1609826,4
-3200,11156,1609856,3
-7850,11157,1609977,3
200,11158,1610107,7
-1800,11159,1610125,3
-2900,11160,1610141,3
-3350,11161,1610160,3
-25450,11162,1610629,3
-800,11163,1610717,5
-4400,11164,1610779,3
-5300,11165,1610900,4
-2550,11166,1610932,4
-6900,11167,1611048,3
-3150,11168,1611087,3
-2400,11169,1611109,3
-11850,11170,1611363,4
-950,11171,1611378,3
-7400,11172,1611508,3
-9850,11173,1611665,3
-1750,11174,1611798,5
-2800,11175,1611840,3
-1900,11176,1611968,7
-1500,11177,1611988,3
-2750,11178,1612003,3
-3150,11179,1612042,3
-2600,11180,1612060,3
-2750,11181,1612079,3
-2250,11182,1612096,3
-1400,11183,1612110,3
-2600,11184,1612124,3
-6900,11185,1612244,3
-6700,11186,1612348,3
-2800,11187,1612378,3
-1500,11188,1612402,3
-11650,11189,1612603,3
-6800,11190,1612701,3
-3100,11191,1612737,3
-10000,11192,1612940,4
-6250,11193,1613041,3
-8800,11194,1613236,4
-3550,11195,1613271,3
-2600,11196,1613297,3
-7250,11197,1613459,4
-3850,11198,1613496,3
-3200,11199,1613526,3
-6500,11200,1613622,3
-2150,11201,1613633,3
-4350,11202,1613696,3
-5300,11203,1613772,3
-1800,11204,1613810,3
-8500,11205,1614032,5
-7500,11206,1614160,3
-1000,11207,1614257,6
-9150,11208,1614404,3
-5300,11209,1614480,3
-2350,11210,1614503,3
-8050,11211,1614709,4
2650,11212,1614792,7
-1850,11213,1614809,3
-6600,11214,1614919,3
-2500,11215,1614951,3
-4600,11216,1615025,3
-5400,11217,1615185,5
-1950,11218,1615220,3
-3700,11219,1615248,3
-4050,11220,1615321,3
-6150,11221,1615494,5
-9300,11222,1615654,3
-1400,11223,1615668,3
-5500,11224,1615740,3
-1900,11225,1615764,3
-2050,11226,1615801,3
-1650,11227,1615830,3
-6250,11228,1615956,4
-5600,11229,1616034,3
-1800,11230,1616044,3
-9500,11231,1616253,4
-3900,11232,1616325,3
-3600,11233,1616387,3
-2100,11234,1616415,3
-3850,11235,1616464,3
-2450,11236,1616489,3
-3150,11237,1616512,3
-1400,11238,1616632,5
-1750,11239,1616697,5
-1300,11240,1616713,3
-2950,11241,1616752,3
-5200,11242,1616830,3
-24400,11243,1617288,3
-3350,11244,1617339,3
1050,11245,1617392,5
-900,11246,1617412,3
-7800,11247,1617538,3
-1050,11248,1617555,3
-650,11249,1617670,5
-13600,11250,1617928,3
-4850,11251,1618005,3
-2000,11252,1618027,3
-3450,11253,1618168,7
-1400,11254,1618198,3
-2450,11255,1618362,6
-3450,11256,1618444,4
-4000,11257,1618539,4
-500,11258,1618551,3
-6500,11259,1618672,4
-5150,11260,1618768,4
-11950,11261,1619028,4
-7100,11262,1619197,4
-8000,11263,1619315,3
-1900,11264,1619331,3
-6250,11265,1619424,3
-3300,11266,1619452,3
-5050,11267,1619529,3
-3600,11268,1619571,3
-3350,11269,1619610,3
-5650,11270,1619858,6
-4300,11271,1619918,3
-4600,11272,1620033,4
-1600,11273,1620051,3
-5200,11274,1620125,3
-1750,11275,1620144,3
-5200,11276,1620259,4
-1850,11277,1620272,3
-6050,11278,1620357,3
-1950,11279,1620425,4
-10550,11280,1620612,3
-8900,11281,1620756,3
-4350,11282,1620803,3
-2900,11283,1620843,3
-1150,11284,1620862,3
-7550,11285,1620981,3
-2450,11286,1621002,3
-15200,11287,1621387,6
-10100,11288,1621551,3
-10000,11289,1621709,3
-900,11290,1621733,3
-1200,11291,1621743,3
-6350,11292,1621846,3
-10150,11293,1622106,4
-10250,11294,1622308,4
-1950,11295,1622327,3
-6750,11296,1622438,3
-8450,11297,1622579,3
-2250,11298,1622608,3
-1600,11299,1622626,3
-4850,11300,1622699,3
-2850,11301,1622740,3
-2000,11302,1622750,3
-8750,11303,1622905,3
-10050,11304,1623111,4
-4750,11305,1623186,3
-5000,11306,1623260,3
-1300,11307,1623284,3
-3150,11308,1623343,3
-2550,11309,1623374,3
-3500,11310,1623418,3
-4850,11311,1623504,4
-2600,11312,1623522,3
-1300,11313,1623538,3
-1050,11314,1623596,4
-1050,11315,1623626,4
-2400,11316,1623664,3
-3800,11317,1623698,3
-3150,11318,1623717,3
-13850,11319,1623995,4
-700,11320,1624011,3
-1400,11321,1624041,3
-1800,11322,1624051,3
-5950,11323,1624166,3
-2650,11324,1624191,3
-15350,11325,1624523,4
-15400,11326,1624825,3
-6550,11327,1624920,3
-1900,11328,1624936,3
-2000,11329,1624954,3
1500,11330,1624992,5
-3800,11331,1625079,4
-10450,11332,1625240,3
-3800,11333,1625290,3
-3450,11334,1625355,3
-3100,11335,1625387,3
450,11336,1625403,4
-6200,11337,1625529,3
-3000,11338,1625559,3
-4100,11339,1625619,3
-3300,11340,1625663,3
-2800,11341,1625681,3
-2900,11342,1625741,3
-150,11343,1625827,6
-4800,11344,1625897,3
-6000,11345,1626003,3
-8900,11346,1626155,3
-1700,11347,1626171,3
-9300,11348,1626385,5
-4200,11349,1626451,3
-2000,11350,1626559,5
-7950,11351,1626670,3
-2850,11352,1626687,3
-3850,11353,1626756,3
1250,11354,1626773,5
-5500,11355,1626918,4
-3550,11356,1626945,3
-350,11357,1627018,5
-1900,11358,1627042,3
-3900,11359,1627094,3
-1950,11360,1627109,3
-2550,11361,1627136,3
-2750,11362,1627155,3
-2750,11363,1627182,3
-4800,11364,1627346,5
-1950,11365,1627357,3
-3000,11366,1627387,3
-1200,11367,1627413,3
-1050,11368,1627542,7
-4450,11369,1627611,3
-1850,11370,1627620,3
-6050,11371,1627701,3
1200,11372,1627786,6
-3650,11373,1627888,4
-13450,11374,1628137,3
-1300,11375,1628157,3
-6800,11376,1628374,6
-8700,11377,1628518,3
-950,11378,1628529,3
-2950,11379,1628548,3
1600,11380,1628588,5
-12550,11381,1628836,4
-2450,11382,1628849,3
-1450,11383,1628870,3
-4550,11384,1628941,3
-7600,11385,1629067,3
-4600,11386,1629121,3
-1150,11387,1629148,3
-5450,11388,1629229,3
-5450,11389,1629302,3
-3100,11390,1629338,3
-4700,11391,1629434,3
-7150,11392,1629557,3
-3300,11393,1629589,3
-4300,11394,1629649,3
-4950,11395,1629724,3
-3050,11396,1629741,3
-4250,11397,1629810,3
-2600,11398,1629844,3
-2550,11399,1630003,7
-3250,11400,1630138,5
-23100,11401,1630623,4
-10150,11402,1630782,3
-1350,11403,1630797,3
-2500,11404,1630837,3
-4050,11405,1630882,3
-6150,11406,1630985,3
-14000,11407,1631223,3
400,11408,1631336,6
2250,11409,1631366,6
-3800,11410,1631420,3
-6300,11411,1631532,3
-2650,11412,1631716,6
-6450,11413,1631817,3
-3450,11414,1631854,3
-7350,11415,1631981,3
-6100,11416,1632077,3
-3700,11417,1632117,3
-1750,11418,1632132,3
-3950,11419,1632167,3
-29300,11420,1632760,4
-2200,11421,1632786,3
-5350,11422,1632881,3
-6300,11423,1632973,3
-9700,11424,1633165,3
-3650,11425,1633234,3
-10050,11426,1633399,3
-2850,11427,1633436,3
-3150,11428,1633467,3
-2400,11429,1633489,3
-2700,11430,1633521,3
-2600,11431,1633621,5
-6200,11432,1633731,3
-2600,11433,1633757,3
-1200,11434,1633771,3
-2150,11435,1633782,3
-7050,11436,1633891,3
-9050,11437,1634028,3
-11600,11438,1634218,3
-1100,11439,1634230,3
-1650,11440,1634251,3
-7650,11441,1634360,3
-1600,11442,1634398,3
-3250,11443,1634463,3
-5300,11444,1634543,3
-1500,11445,1634559,3
-6450,11446,1634644,3
-5150,11447,1634707,3
-5550,11448,1634774,3
-2300,11449,1634786,3
-7900,11450,1634918,3
-1050,11451,1634965,5
-7050,11452,1635103,4
-7200,11453,1635221,3
-400,11454,1635231,3
-1250,11455,1635244,3
-6150,11456,1635327,3
-11850,11457,1635540,3
-3250,11458,1635585,3
-5250,11459,1635707,4
-2300,11460,1635723,3
-2850,11461,1635769,4
-5350,11462,1635877,4
-1400,11463,1635891,3
-14850,11464,1636180,3
-7850,11465,1636338,4
-5650,11466,1636423,3
-4850,11467,1636484,3
-7050,11468,1636577,3
-2000,11469,1636607,3
-3600,11470,1636649,3
-5300,11471,1636757,3
-3350,11472,1636792,3
-3150,11473,1636892,4
-2150,11474,1636903,3
-1300,11475,1636920,4
-2750,11476,1636979,3
-3100,11477,1637011,3
-3650,11478,1637064,3
-2100,11479,1637104,3
-6650,11480,1637343,5
-1150,11481,1637362,3
-1850,11482,1637395,3
-3800,11483,1637449,3
-7050,11484,1637558,3
-2750,11485,1637585,3
-3300,11486,1637609,3
-1900,11487,1637637,3
-5400,11488,1637731,3
-3100,11489,1637751,3
-2650,11490,1637772,3
-7350,11491,1637887,3
-7350,11492,1638006,3
-2300,11493,1638046,3
-11450,11494,1638275,3
-300,11495,1638308,4
-3650,11496,1638353,3
-2700,11497,1638397,3
-250,11498,1638480,5
-2650,11499,1638517,3
-4250,11500,1638574,3
-1250,11501,1638620,4
-5050,11502,1638762,4
-6150,11503,1638862,4
-8150,11504,1639042,4
-5050,11505,1639099,3
-1950,11506,1639110,3
-3050,11507,1639147,3
-4850,11508,1639356,7
-4400,11509,1639438,3
-2050,11510,1639475,3
-1300,11511,1639573,5
-7650,11512,1639751,4
-5500,11513,1639876,4
-1600,11514,1639907,4
-450,11515,1639929,4
1900,11516,1640017,7
-8650,11517,1640174,3
450,11518,1640243,5
-4550,11519,1640331,4
-1000,11520,1640349,3
-7400,11521,1640536,4
-7100,11522,1640652,3
-5150,11523,1640711,3
-6400,11524,1640805,3
-3600,11525,1640839,3
-5050,11526,1640912,3
-1550,11527,1640931,3
-2150,11528,1640958,3
-10900,11529,1641150,3
-6700,11530,1641250,3
-450,11531,1641267,3
-7100,11532,1641367,3
-3550,11533,1641402,3
-1750,11534,1641425,3
-8900,11535,1641557,3
-3150,11536,1641596,3
-6450,11537,1641705,3
-6600,11538,1641819,3
-3150,11539,1641858,3
-4500,11540,1642082,7
-700,11541,1642168,5
-6500,11542,1642256,3
-5650,11543,1642373,3
-1750,11544,1642392,3
-3900,11545,1642448,3
-4100,11546,1642504,3
-11900,11547,1642704,3
-3250,11548,1642737,3
-5600,11549,1642851,3
-1400,11550,1642869,3
-6450,11551,1642974,3
-4150,11552,1643053,3
-2400,11553,1643099,3
-6600,11554,1643189,3
-2000,11555,1643211,3
-1700,11556,1643235,3
-6050,11557,1643316,3
-2250,11558,1643465,7
-3200,11559,1643483,3
-7150,11560,1643618,3
-3450,11561,1643651,3
-500,11562,1643733,5
-50,11563,1643792,5
-1900,11564,1643804,3
-1550,11565,1643819,3
-2300,11566,1643839,3
-15050,11567,1644137,4
-5350,11568,1644249,4
-8900,11569,1644385,3
1000,11570,1644478,6
-2300,11571,1644510,3
-800,11572,1644528,3
-11350,11573,1644723,3
-6200,11574,1644825,3
-1550,11575,1644840,3
-2200,11576,1644862,3
-4050,11577,1644907,3
-3250,11578,1644960,3
-2900,11579,1645008,3
-3450,11580,1645057,3
-4850,11581,1645146,3
-7250,11582,1645275,3
-3150,11583,1645310,3
-950,11584,1645321,3
-2250,11585,1645346,3
-7850,11586,1645471,3
-8650,11587,1645604,3
-5650,11588,1645681,3
-3600,11589,1645751,3
-1800,11590,1645827,5
-800,11591,1645841,3
-3450,11592,1645890,3
-16550,11593,1646283,5
-1800,11594,1646305,3
-4950,11595,1646380,3
-1250,11596,1646409,3
-5350,11597,1646505,4
-4900,11598,1646561,3
-8550,11599,1646732,3
-3150,11600,1646804,4
-4000,11601,1646850,3
-4100,11602,1646914,3
-4200,11603,1646984,3
-2350,11604,1647015,3
-3850,11605,1647056,3
-5000,11606,1647126,3
-250,11607,1647214,6
-3400,11608,1647285,4
-6350,11609,1647408,3
-3450,11610,1647473,3
-14150,11611,1647732,3
-4650,11612,1647789,3
-3200,11613,1647807,3
-6150,11614,1647910,3
-3550,11615,1647941,3
-6000,11616,1648027,3
-3350,11617,1648078,3
-2000,11618,1648088,3
-4900,11619,1648168,3
-11000,11620,1648342,3
-2750,11621,1648405,3
-3400,11622,1648565,5
-2800,11623,1648615,3
-2900,11624,1648663,3
-1150,11625,1648678,3
-8400,11626,1648820,3
-4450,11627,1648881,3
-4550,11628,1648968,3
-3100,11629,1649024,3
-6250,11630,1649117,3
-2900,11631,1649227,5
-4350,11632,1649298,3
-2650,11633,1649315,3
-1950,11634,1649330,3
-4450,11635,1649407,3
-2750,11636,1649442,3
-7450,11637,1649571,3
-2300,11638,1649595,3
-5200,11639,1649697,3
-3200,11640,1649772,4
-7250,11641,1649889,3
-2750,11642,1649904,3
-11400,11643,1650130,3
-5050,11644,1650215,3
-800,11645,1650225,3
-3600,11646,1650336,4
-6200,11647,1650426,3
-1800,11648,1650497,4
-3750,11649,1650650,5
-2650,11650,1650794,6
-4650,11651,1650929,5
-9850,11652,1651102,3
-3550,11653,1651153,3
-5100,11654,1651221,3
-6100,11655,1651305,3
-3000,11656,1651339,3
-8500,11657,1651491,3
-2800,11658,1651538,4
-4000,11659,1651596,3
500,11660,1651621,4
-9900,11661,1651801,3
-9550,11662,1652029,4
-2200,11663,1652051,3
-4500,11664,1652119,3
-2450,11665,1652144,3
-15200,11666,1652537,6
-12050,11667,1652808,5
-2550,11668,1652827,3
-1750,11669,1652842,3
-4950,11670,1652917,3
-2350,11671,1652932,3
-4500,11672,1653033,4
-3400,11673,1653079,3
-4250,11674,1653168,3
-8300,11675,1653382,5
-15800,11676,1653709,4
-2600,11677,1653735,3
-6450,11678,1653836,3
-4050,11679,1653885,3
-4800,11680,1653975,3
-3050,11681,1654016,3
-4550,11682,1654100,4
-2500,11683,1654157,4
-2350,11684,1654172,3
-3150,11685,1654195,3
-300,11686,1654207,3
-5450,11687,1654304,3
-10500,11688,1654480,3
-4800,11689,1654566,3
-1200,11690,1654584,3
-2400,11691,1654602,3
-1450,11692,1654648,4
-6050,11693,1654762,4
-6700,11694,1654866,3
-2150,11695,1654885,3
-3300,11696,1654917,3
-4300,11697,1654965,3
-6150,11698,1655072,3
-8250,11699,1655193,3
-2750,11700,1655220,3
-1150,11701,1655240,4
-7000,11702,1655358,3
-3650,11703,1655415,3
-5450,11704,1655520,3
-6000,11705,1655630,3
-1950,11706,1655657,3
-2200,11707,1655675,3
-4750,11708,1655771,4
-3050,11709,1655788,3
-4100,11710,1655828,3
-4650,11711,1655954,4
-850,11712,1655972,4
-7900,11713,1656108,3
-2250,11714,1656129,3
-2000,11715,1656171,3
-5600,11716,1656241,3
-2250,11717,1656381,6
400,11718,1656396,4
-5500,11719,1656529,4
-1200,11720,1656543,3
-1150,11721,1656558,3
-3550,11722,1656601,3
-6950,11723,1656736,3
-3750,11724,1656803,3
-4100,11725,1656847,3
-7200,11726,1656978,4
-600,11727,1656992,3
-1750,11728,1657007,3
-6600,11729,1657093,3
-16550,11730,1657420,3
-1900,11731,1657432,3
-2850,11732,1657465,3
2150,11733,1657533,6
-6200,11734,1657627,3
-2950,11735,1657809,6
-4200,11736,1657867,3
-2500,11737,1658009,5
-1400,11738,1658094,6
-3550,11739,1658121,3
-5700,11740,1658287,5
-9450,11741,1658461,4
-13000,11742,1658744,4
-4500,11743,1658788,3
-4250,11744,1658853,3
-5400,11745,1658923,3
-2750,11746,1658946,3
-3850,11747,1658999,3
-6250,11748,1659108,3
-1200,11749,1659122,3
-8300,11750,1659242,3
-8500,11751,1659378,3
-1650,11752,1659489,5
-1900,11753,1659505,3
-750,11754,1659516,3
-1800,11755,1659579,4
-5950,11756,1659707,4
-3650,11757,1659793,4
-900,11758,1659830,4
-1850,11759,1659852,4
-4150,11760,1659891,3
-3250,11761,1659912,3
-3650,11762,1660035,5
-6550,11763,1660138,3
-600,11764,1660148,3
-2250,11765,1660173,3
-12200,11766,1660407,3
500,11767,1660527,7
-6550,11768,1660724,5
-2750,11769,1660759,3
-15400,11770,1661045,3
-3700,11771,1661089,3
-3550,11772,1661136,3
-7800,11773,1661278,3
-6900,11774,1661374,3
-500,11775,1661390,3
-3400,11776,1661424,3
-9600,11777,1661684,5
-6200,11778,1661770,3
-3550,11779,1661805,3
-2900,11780,1661833,3
-5350,11781,1661904,3
-3050,11782,1661933,3
-450,11783,1662012,5
-3350,11784,1662072,4
-1800,11785,1662098,3
-4500,11786,1662150,3
-2250,11787,1662191,3
-12050,11788,1662400,3
-2000,11789,1662501,6
-2650,11790,1662518,3
-1700,11791,1662534,3
-2900,11792,1662550,3
-2450,11793,1662567,3
700,11794,1662682,6
-2150,11795,1662693,3
-950,11796,1662713,4
-4300,11797,1662789,3
-2200,11798,1662811,3
-3000,11799,1662849,3
-4700,11800,1662941,3
1400,11801,1662989,5
-21450,11802,1663398,3
-750,11803,1663504,6
-4750,11804,1663555,3
-2100,11805,1663567,3
-7500,11806,1663699,3
-200,11807,1663718,4
-150,11808,1663807,5
-10850,11809,1663980,3
-1750,11810,1664019,3
-3650,11811,1664080,3
-3950,11812,1664266,6
-14000,11813,1664544,3
-6300,11814,1664652,3
-3700,11815,1664688,3
-14400,11816,1664938,3
-2150,11817,1664977,3
-1800,11818,1664991,3
-800,11819,1665001,3
-10450,11820,1665190,3
-1000,11821,1665213,4
-3750,11822,1665305,4
-7500,11823,1665421,3
-3750,11824,1665468,3
-12900,11825,1665762,5
-16900,11826,1666139,4
-1800,11827,1666153,3
-4250,11828,1666202,3
-11850,11829,1666399,3
-4050,11830,1666472,3
-1950,11831,1666483,3
-2600,11832,1666497,3
-6050,11833,1666582,3
-3500,11834,1666618,3
-11600,11835,1666804,3
-2000,11836,1666814,3
-4600,11837,1666888,3
-3300,11838,1666916,3
-6550,11839,1667023,3
-6700,11840,1667155,3
-8000,11841,1667334,4
-4200,11842,1667388,3
-6400,11843,1667526,3
-2550,11844,1667553,3
-4150,11845,1667604,3
2850,11846,1667794,10
-1550,11847,1667817,3
-3200,11848,1667949,5
-8950,11849,1668108,3
-5050,11850,1668165,3
-1350,11851,1668188,3
-4850,11852,1668269,3
-2300,11853,1668297,3
-5350,11854,1668384,3
-1850,11855,1668393,3
-3850,11856,1668438,3
-2350,11857,1668465,3
-3200,11858,1668527,3
-3450,11859,1668572,3
300,11860,1668593,4
-7750,11861,1668724,3
-450,11862,1668762,4
-4050,11863,1668827,3
-4000,11864,1668889,3
-3900,11865,1668953,3
-3450,11866,1669014,3
-9700,11867,1669211,4
-950,11868,1669321,6
-2350,11869,1669381,4
-7750,11870,1669508,3
-4800,11871,1669574,3
-1800,11872,1669588,3
-2050,11873,1669601,3
-5700,11874,1669689,3
-1950,11875,1669720,3
-3950,11876,1669779,3
600,11877,1669794,4
-1850,11878,1669807,3
-2250,11879,1669824,3
-8050,11880,1669957,3
-6150,11881,1670044,3
-4100,11882,1670153,4
-3900,11883,1670193,3
-11700,11884,1670393,3
-5300,11885,1670522,4
-7950,11886,1670669,3
-3600,11887,1670711,3
-1700,11888,1670817,5
-7050,11889,1670934,3
-2400,11890,1670952,3
-4350,11891,1670999,3
-28250,11892,1671565,4
-5000,11893,1671651,3
-6850,11894,1671801,4
-2700,11895,1671849,3
-2300,11896,1671934,4
-3750,11897,1671989,3
-10150,11898,1672176,3
-8000,11899,1672306,3
-2650,11900,1672347,3
-6650,11901,1672505,4
-1550,11902,1672622,5
-8950,11903,1672777,3
-5450,11904,1672874,3
-2500,11905,1672923,4
-3650,11906,1672988,3
-7300,11907,1673149,4
-6100,11908,1673249,3
-7350,11909,1673392,3
-6900,11910,1673488,3
-6550,11911,1673591,3
-5400,11912,1673795,5
-3000,11913,1673907,5
-2750,11914,1673938,3
-5050,11915,1674011,3
-9900,11916,1674216,4
-6550,11917,1674315,3
-2650,11918,1674336,3
-10850,11919,1674513,3
-2450,11920,1674526,3
-1350,11921,1674545,3
-2850,11922,1674627,4
-2200,11923,1674649,3
-3400,11924,1674687,3
-1800,11925,1674697,3
-8050,11926,1674846,3
-7250,11927,1674963,3
-8200,11928,1675085,3
-3700,11929,1675145,3
-3650,11930,1675178,3
-3000,11931,1675220,3
-7300,11932,1675324,3
-2900,11933,1675360,3
-1900,11934,1675429,4
-1300,11935,1675507,5
-2400,11936,1675521,3
-300,11937,1675533,3
-2900,11938,1675589,3
-450,11939,1675640,5
-2700,11940,1675688,3
-2600,11941,1675718,3
-2100,11942,1675738,3
-1650,11943,1675763,3
-4100,11944,1675819,3
-6150,11945,1675898,3
-1900,11946,1675946,3
-3050,11947,1675987,3
-2150,11948,1675998,3
-1350,11949,1676017,3
-5350,11950,1676084,3
-6550,11951,1676179,3
-2300,11952,1676195,3
-16400,11953,1676567,5
-7300,11954,1676679,3
-2300,11955,1676691,3
-2000,11956,1676709,3
950,11957,1676764,5
-2350,11958,1676853,5
-2400,11959,1676920,4
-6550,11960,1677027,3
-5600,11961,1677182,4
-3600,11962,1677281,4
-7650,11963,1677598,7
-5400,11964,1677692,3
-4250,11965,1677745,3
-2600,11966,1677841,5
-3000,11967,1677879,3
-4700,11968,1677967,3
-5650,11969,1678076,3
-4500,11970,1678132,3
-5250,11971,1678217,3
-9550,11972,1678433,4
-2000,11973,1678546,6
-2000,11974,1678564,3
-2300,11975,1678584,3
-6450,11976,1678713,3
-7650,11977,1678862,3
-3050,11978,1678891,3
-2550,11979,1678906,3
-14350,11980,1679157,3
-1850,11981,1679166,3
-3350,11982,1679197,3
-1500,11983,1679225,3
2250,11984,1679286,5
-15200,11985,1679585,4
-10350,11986,1679760,3
-3450,11987,1679785,3
-2750,11988,1679812,3
-9000,11989,1679946,3
-2500,11990,1679970,3
-5650,11991,1680096,4
-3400,11992,1680134,3
-4700,11993,1680182,3
-5250,11994,1680267,3
-5150,11995,1680346,3
-2450,11996,1680371,3
-4050,11997,1680457,4
-6150,11998,1680548,3
-4150,11999,1680603,3
-3350,12000,1680634,3
-9950,12001,1680821,3
1200,12002,1680909,5
-5900,12003,1681001,3
-6150,12004,1681150,5
-5300,12005,1681234,3
-9600,12006,1681429,4
-2800,12007,1681471,3
-5550,12008,1681578,3
-3250,12009,1681631,3
-4200,12010,1681681,3
-5800,12011,1681795,3
-8200,12012,1681953,3
-4600,12013,1682003,3
-4800,12014,1682057,3
-4500,12015,1682129,3
-3400,12016,1682155,3
-3100,12017,1682203,3
-6500,12018,1682356,4
-3350,12019,1682505,5
-6150,12020,1682600,3
-2900,12021,1682616,3
-3550,12022,1682647,3
1650,12023,1682766,7
-5950,12024,1682894,4
-3200,12025,1682912,3
-2150,12026,1682931,3
-2950,12027,1682974,3
-1850,12028,1682987,3
-2550,12029,1683002,3
-4400,12030,1683142,5
-4600,12031,1683212,3
1050,12032,1683335,7
-5000,12033,1683499,5
-3250,12034,1683540,3
-5700,12035,1683628,3
-2750,12036,1683659,3
-4200,12037,1683721,3
-4600,12038,1683807,3
-3800,12039,1683927,5
-3650,12040,1683972,3
-11400,12041,1684170,3
-2950,12042,1684197,3
-2150,12043,1684216,3
-6000,12044,1684372,5
-4050,12045,1684433,3
-3550,12046,1684529,4
-2050,12047,1684673,6
-2300,12048,1684697,3
-5900,12049,1684826,4
-850,12050,1684839,3
-1550,12051,1684854,3
-7800,12052,1684984,3
-1250,12053,1685009,3
-3500,12054,1685069,3
-2200,12055,1685087,3
-2200,12056,1685113,3
-5700,12057,1685185,3
-11850,12058,1685394,3
-1950,12059,1685417,3
-2400,12060,1685435,3
-5300,12061,1685638,6
-6800,12062,1685756,3
-8550,12063,1685899,3
-4250,12064,1685944,3
-4750,12065,1686039,3
-700,12066,1686051,3
-3950,12067,1686098,3
-2100,12068,1686110,3
-4150,12069,1686149,3
-7600,12070,1686267,3
-7400,12071,1686381,3
-8700,12072,1686533,3
-1250,12073,1686546,3
-9300,12074,1686694,3
-3900,12075,1686734,3
-2650,12076,1686767,3
-10100,12077,1687041,5
-6200,12078,1687131,3
-900,12079,1687155,3
-4900,12080,1687231,3
-1250,12081,1687244,3
-3050,12082,1687281,3
-4050,12083,1687354,3
-250,12084,1687495,7
-11250,12085,1687705,4
-3100,12086,1687725,3
-2550,12087,1687744,3
-2300,12088,1687760,3
-4050,12089,1687817,3
-100,12090,1687969,7
-3350,12091,1688012,3
-2400,12092,1688046,3
-950,12093,1688111,5
-3800,12094,1688157,3
-4600,12095,1688227,3
-1200,12096,1688332,6
-2950,12097,1688363,3
-1200,12098,1688381,3
-6200,12099,1688487,3
-3050,12100,1688508,3
-3050,12101,1688525,3
-3700,12102,1688565,3
-8700,12103,1688738,4
-3150,12104,1688769,3
-3600,12105,1688823,3
-1050,12106,1688832,3
-3200,12107,1688923,4
-2700,12108,1688943,3
-2700,12109,1688967,3
-6350,12110,1689115,4
-3250,12111,1689160,3
-3850,12112,1689250,4
-2550,12113,1689277,3
-4850,12114,1689346,3
-7400,12115,1689484,3
-4950,12116,1689563,3
-4600,12117,1689711,5
-3650,12118,1689837,4
-1400,12119,1689851,3
-5950,12120,1689942,3
-5650,12121,1690019,3
-2400,12122,1690045,3
-6350,12123,1690148,3
-6700,12124,1690248,3
-5000,12125,1690314,3
-9000,12126,1690488,3
-2900,12127,1690532,3
-6450,12128,1690661,3
-2250,12129,1690727,4
-3800,12130,1690777,3
-3850,12131,1690822,3
-7500,12132,1690930,3
-450,12133,1691059,7
-3750,12134,1691090,3
-3250,12135,1691111,3
-2750,12136,1691126,3
-250,12137,1691270,6
-4950,12138,1691353,3
-1950,12139,1691368,3
-3500,12140,1691503,6
-2550,12141,1691534,3
-3050,12142,1691551,3
-3300,12143,1691595,3
-5600,12144,1691693,3
-7250,12145,1691810,3
-5100,12146,1691988,5
-6500,12147,1692157,4
-2050,12148,1692309,6
-6400,12149,1692395,3
-14500,12150,1692639,3
-13000,12151,1692877,3
-2250,12152,1692906,3
-5100,12153,1692982,3
-8600,12154,1693116,3
-6300,12155,1693224,3
-1250,12156,1693237,3
-1400,12157,1693329,5
-4400,12158,1693403,3
-3300,12159,1693427,3
-3150,12160,1693470,3
-4700,12161,1693546,3
-2600,12162,1693560,3
-7200,12163,1693731,4
-6200,12164,1693821,3
-19550,12165,1694221,4
-4000,12166,1694267,3
-21600,12167,1694673,3
-3200,12168,1694691,3
-1750,12169,1694722,3
-5200,12170,1694873,4
-3200,12171,1694927,3
-6950,12172,1695026,3
-9750,12173,1695177,3
-4500,12174,1695265,3
-1900,12175,1695371,5
-11550,12176,1695615,4
-5000,12177,1695698,4
-2700,12178,1695804,5
-3100,12179,1695832,3
-10600,12180,1696022,3
-6100,12181,1696143,4
-2200,12182,1696165,3
-600,12183,1696183,3
-2700,12184,1696203,3
-4850,12185,1696341,4
-5950,12186,1696456,3
-5800,12187,1696595,4
-2300,12188,1696619,3
-1500,12189,1696664,4
-3650,12190,1696697,3
-11350,12191,1696896,3
-9500,12192,1697052,3
-8850,12193,1697238,4
-5350,12194,1697337,3
350,12195,1697417,6
-4400,12196,1697479,3
-2050,12197,1697496,3
-2050,12198,1697509,3
-2300,12199,1697525,3
600,12200,1697544,4
550,12201,1697636,6
-5700,12202,1697716,3
-7200,12203,1697838,3
-7450,12204,1697959,3
-3200,12205,1697977,3
-11900,12206,1698235,5
-1150,12207,1698258,3
-1900,12208,1698356,5
150,12209,1698374,4
-2900,12210,1698410,3
-3950,12211,1698477,3
-4050,12212,1698546,3
-5650,12213,1698635,3
-9550,12214,1698790,3
-5050,12215,1698912,4
-4450,12216,1699014,4
-1450,12217,1699159,7
-6300,12218,1699239,3
-3800,12219,1699305,3
-3100,12220,1699353,3
-4750,12221,1699416,3
-700,12222,1699428,3
-300,12223,1699440,3
-2700,12224,1699484,3
-10400,12225,1699682,3
300,12226,1699728,5
-1400,12227,1699808,5
-3550,12228,1699859,3
-3050,12229,1699896,3
-150,12230,1699948,4
-3650,12231,1700001,3
-10550,12232,1700254,5
-4850,12233,1700368,4
-2100,12234,1700384,3
-5500,12235,1700448,3
-3350,12236,1700590,6
-8050,12237,1700970,10
-2350,12238,1701005,3
-8000,12239,1701143,3
-2000,12240,1701153,3
-4950,12241,1701236,3
-2150,12242,1701411,7
-3800,12243,1701469,3
-4850,12244,1701526,3
-6700,12245,1701724,5
-1750,12246,1701747,3
50,12247,1701771,4
-3150,12248,1701790,3
-6850,12249,1701915,3
-3450,12250,1701968,3
-3200,12251,1702002,3
-1950,12252,1702013,3
600,12253,1702061,5
200,12254,1702097,5
-2600,12255,1702156,4
-4750,12256,1702215,3
-12050,12257,1702424,3
-3000,12258,1702442,3
-4600,12259,1702545,4
-12450,12260,1702766,3
-4450,12261,1702917,5
-4500,12262,1702989,3
-2200,12263,1703023,3
-1450,12264,1703040,3
-7650,12265,1703153,3
-3650,12266,1703182,3
-5950,12267,1703273,3
-3300,12268,1703419,5
-3000,12269,1703457,3
-2700,12270,1703542,4
-8700,12271,1703694,3
-2850,12272,1703715,3
-3950,12273,1703770,3
-2750,12274,1703785,3
50,12275,1703891,6
-1700,12276,1703911,3
-7500,12277,1704027,3
-3350,12278,1704050,3
-2450,12279,1704091,3
-1950,12280,1704176,5
-550,12281,1704187,3
-3800,12282,1704233,3
-6000,12283,1704327,3
-3200,12284,1704345,3
-17250,12285,1704670,3
-1800,12286,1704696,3
-6100,12287,1704780,3
-2250,12288,1704793,3
-2050,12289,1704830,3
-8150,12290,1704957,3
-6050,12291,1705054,3
-5700,12292,1705122,3
-6600,12293,1705232,3
-3000,12294,1705254,3
-4600,12295,1705308,3
-2650,12296,1705361,3
-4700,12297,1705417,3
-8500,12298,1705561,3
-7750,12299,1705668,3
-4200,12300,1705714,3
-7800,12301,1705844,3
-600,12302,1705858,3
-1100,12303,1705964,5
-350,12304,1706001,5
-2850,12305,1706030,3
-5150,12306,1706085,3
-4450,12307,1706273,6
1450,12308,1706290,5
650,12309,1706322,4
-1700,12310,1706334,3
-3000,12311,1706352,3
-5650,12312,1706564,6
-4250,12313,1706642,4
-3500,12314,1706686,3
-6750,12315,1706801,3
-5950,12316,1706880,3
-5850,12317,1706993,3
-3800,12318,1707047,3
-6250,12319,1707128,3
-5900,12320,1707208,3
-10600,12321,1707419,4
-1750,12322,1707434,3
-4350,12323,1707481,3
-4600,12324,1707539,3
-3950,12325,1707586,3
-3050,12326,1707623,3
-3050,12327,1707644,3
-5400,12328,1707710,3
-2750,12329,1707725,3
-2150,12330,1707736,3
-4250,12331,1707809,3
-4450,12332,1707882,3
-9750,12333,1708049,3
-4500,12334,1708150,4
-2650,12335,1708191,3
-2950,12336,1708226,3
-5850,12337,1708315,3
-1100,12338,1708360,4
-6000,12339,1708450,3
-15500,12340,1708714,3
-1650,12341,1708793,5
-1900,12342,1708854,4
-1850,12343,1708875,3
-5700,12344,1709028,4
-3250,12345,1709065,3
-3350,12346,1709108,3
-14350,12347,1709367,3
-11000,12348,1709586,4
-1750,12349,1709621,3
-14350,12350,1709904,3
-5700,12351,1710000,3
-4650,12352,1710057,3
-4000,12353,1710103,3
-5000,12354,1710177,3
-4950,12355,1710297,4
-2100,12356,1710313,3
-2900,12357,1710345,3
-2200,12358,1710568,8
-3500,12359,1710608,3
-1150,12360,1710619,3
-2700,12361,1710647,3
-9350,12362,1710826,3
-2900,12363,1710977,6
-10600,12364,1711167,3
-1000,12365,1711185,3
-2900,12366,1711201,3
250,12367,1711361,8
-10650,12368,1711624,5
-2250,12369,1711657,3
1550,12370,1711725,6
-7800,12371,1711912,4
-4050,12372,1711953,3
-4700,12373,1712013,3
-3750,12374,1712088,3
-9850,12375,1712310,4
-7600,12376,1712428,3
-3050,12377,1712477,3
-3700,12378,1712529,3
-1700,12379,1712541,3
-3150,12380,1712592,3
-4750,12381,1712655,3
-3700,12382,1712695,3
-2250,12383,1712716,3
-2650,12384,1712745,3
-2350,12385,1712788,3
-1550,12386,1712852,4
-2000,12387,1712878,3
-8800,12388,1713032,3
-1600,12389,1713046,3
0,12390,1713094,5
-9600,12391,1713304,3
-5100,12392,1713392,3
-12550,12393,1713632,4
-2400,12394,1713650,3
-13100,12395,1713870,3
-1800,12396,1713892,3
-1550,12397,1714093,9
-11250,12398,1714298,3
-4350,12399,1714365,3
-5700,12400,1714457,3
-12600,12401,1714671,3
1150,12402,1714751,6
-1950,12403,1714766,3
-2500,12404,1714798,3
-1050,12405,1714815,3
-3850,12406,1714848,3
-4250,12407,1714885,3
-2700,12408,1714901,3
-2850,12409,1714934,3
-5350,12410,1715029,3
-5700,12411,1715097,3
-11200,12412,1715316,4
-3700,12413,1715344,3
-5350,12414,1715443,3
-10600,12415,1715670,4
-5100,12416,1715734,3
-3000,12417,1715768,3
-7700,12418,1715888,3
-6500,12419,1716004,3
-1000,12420,1716018,3
-2000,12421,1716028,3
-1600,12422,1716046,3
-2400,12423,1716080,3
-700,12424,1716150,5
-1650,12425,1716171,3
0,12426,1716190,4
-4000,12427,1716260,3
-3650,12428,1716297,3
-3350,12429,1716340,3
-4550,12430,1716419,3
-2350,12431,1716434,3
-3500,12432,1716482,3
-9550,12433,1716633,3
-5550,12434,1716728,3
-3250,12435,1716765,3
-5400,12436,1716904,4
-1300,12437,1716920,3
-20200,12438,1717351,4
-2000,12439,1717361,3
-2900,12440,1717409,3
-7500,12441,1717590,4
-2950,12442,1717629,3
-1650,12443,1717642,3
-5000,12444,1717785,4
-2500,12445,1717801,3
-5850,12446,1717910,3
-1700,12447,1717946,3
-2700,12448,1717999,4
-7900,12449,1718139,3
-5550,12450,1718242,3
-8550,12451,1718389,3
-4250,12452,1718450,3
-1500,12453,1718511,4
-10000,12454,1718685,3
-9250,12455,1718879,4
-2950,12456,1718914,3
-4550,12457,1718997,3
-2550,12458,1719016,3
-8300,12459,1719148,3
-5400,12460,1719226,3
-4950,12461,1719301,3
-3700,12462,1719349,3
-2300,12463,1719409,3
-500,12464,1719470,4
-12900,12465,1719714,3
-10100,12466,1719898,3
-8100,12467,1720038,3
-6950,12468,1720202,4
-7300,12469,1720322,3
-1650,12470,1720486,6
-17650,12471,1720839,3
-100,12472,1720910,6
-5650,12473,1720991,3
-3900,12474,1721096,4
-16000,12475,1721402,3
-10750,12476,1721585,3
-4200,12477,1721680,4
-4000,12478,1721722,3
-3950,12479,1721797,3
-2450,12480,1721843,4
-7000,12481,1721949,3
-550,12482,1721964,3
-3400,12483,1722002,3
-1600,12484,1722020,3
-5900,12485,1722132,3
-2000,12486,1722170,3
-12750,12487,1722393,3
-2450,12488,1722422,3
-14500,12489,1722735,4
-900,12490,1722751,3
-4500,12491,1722831,3
-11000,12492,1723070,4
-6800,12493,1723176,3
-8000,12494,1723326,3
-2150,12495,1723345,3
-9550,12496,1723504,3
-10300,12497,1723684,3
-12050,12498,1723917,3
-6500,12499,1724037,3
-3450,12500,1724090,3
-14100,12501,1724392,5
-5700,12502,1724505,4
-2400,12503,1724531,3
-15200,12504,1724842,4
-6800,12505,1724944,3
-3150,12506,1724975,3
-3800,12507,1725029,3
-8050,12508,1725162,3
-9200,12509,1725332,3
-6300,12510,1725440,3
-2700,12511,1725468,3
-400,12512,1725478,3
-13600,12513,1725724,3
-1150,12514,1725793,5
-4550,12515,1725917,4
-2750,12516,1725944,3
-6850,12517,1726045,3
-1400,12518,1726055,3
-2100,12519,1726108,4
-7100,12520,1726294,5
-5650,12521,1726420,4
-2750,12522,1726435,3
-4750,12523,1726502,3
-6900,12524,1726614,3
-4950,12525,1726681,3
-3200,12526,1726699,3
-2800,12527,1726741,3
-16400,12528,1727035,3
-5550,12529,1727188,5
-2000,12530,1727198,3
-4100,12531,1727299,4
-1500,12532,1727315,3
-10250,12533,1727537,4
-6800,12534,1727647,3
-2600,12535,1727661,3
-1000,12536,1727741,5
-8000,12537,1727855,3
-2100,12538,1727867,3
-20500,12539,1728292,4
-6750,12540,1728411,3
-7900,12541,1728531,3
-3350,12542,1728574,3
-4500,12543,1728667,4
-11050,12544,1728966,5
-5100,12545,1729054,3
-3750,12546,1729097,3
-3650,12547,1729163,4
-2700,12548,1729183,3
-2200,12549,1729263,5
-4300,12550,1729416,4
-3350,12551,1729484,4
-700,12552,1729496,3
-2600,12553,1729673,6
-6150,12554,1729768,3
-4750,12555,1729900,4
-4750,12556,1729987,3
-4100,12557,1730039,3
-5300,12558,1730282,6
-3850,12559,1730351,3
-3400,12560,1730417,3
-2400,12561,1730467,3
-5900,12562,1730555,3
150,12563,1730744,7
-1850,12564,1730753,3
-4950,12565,1730836,3
-2300,12566,1730888,3
-10400,12567,1731070,3
-2100,12568,1731110,3
-4550,12569,1731181,3
-3250,12570,1731226,3
-5300,12571,1731314,3
-6250,12572,1731415,3
-2600,12573,1731441,3
-6700,12574,1731541,3
-2450,12575,1731554,3
-1500,12576,1731570,3
-5250,12577,1731676,4
-2800,12578,1731694,3
-2750,12579,1731709,3
-3100,12580,1731749,3
-1750,12581,1731764,3
-2000,12582,1731774,3
1750,12583,1731822,6
-9650,12584,1732073,5
-1750,12585,1732096,3
-1850,12586,1732129,3
-850,12587,1732245,6
-3150,12588,1732280,3
-3750,12589,1732335,3
-2250,12590,1732372,3
-9200,12591,1732558,3
-6250,12592,1732655,3
-5000,12593,1732827,5
-2000,12594,1732837,3
-2050,12595,1732854,3
-1750,12596,1732865,3
-6650,12597,1732990,3
-2500,12598,1733014,3
-4550,12599,1733163,5
-6700,12600,1733296,4
-4500,12601,1733376,3
-10050,12602,1733553,3
-3150,12603,1733592,3
-6900,12604,1733724,3
-4800,12605,1733872,5
-10950,12606,1734068,4
-4150,12607,1734283,7
-4250,12608,1734352,3
-5250,12609,1734454,4
-3150,12610,1734489,3
-9400,12611,1734729,5
-7300,12612,1734890,4
-2550,12613,1734929,3
-6250,12614,1735042,3
-3750,12615,1735101,3
-3800,12616,1735159,3
-16800,12617,1735494,4
-3700,12618,1735522,3
-11450,12619,1735715,3
-8200,12620,1735861,3
-1100,12621,1735881,3
-3850,12622,1735926,3
-3950,12623,1736022,4
-2700,12624,1736050,3
-2050,12625,1736063,3
-4900,12626,1736253,5
-8250,12627,1736386,3
-6300,12628,1736506,3
-6350,12629,1736638,4
-5350,12630,1736742,4
-5900,12631,1736863,4
-5750,12632,1736946,3
-850,12633,1736963,3
-1300,12634,1736983,3
-2000,12635,1737083,5
-2850,12636,1737132,3
-950,12637,1737152,4
-3650,12638,1737234,4
-2000,12639,1737244,3
-3600,12640,1737368,5
-3800,12641,1737422,3
-2100,12642,1737467,4
-9750,12643,1737634,3
150,12644,1737661,5
-3200,12645,1737695,3
-2150,12646,1737718,3
1650,12647,1737780,6
-8350,12648,1737903,3
-2850,12649,1737920,3
-3800,12650,1738015,4
-3400,12651,1738053,3
-8150,12652,1738196,3
150,12653,1738206,4
-1450,12654,1738227,3
-7350,12655,1738354,3
-2950,12656,1738373,3
-11100,12657,1738553,3
-1550,12658,1738580,3
-2600,12659,1738594,3
-2100,12660,1738696,5
-3450,12661,1738773,3
-6850,12662,1738903,4
-12100,12663,1739164,4
-2750,12664,1739179,3
-4200,12665,1739217,3
-3300,12666,1739237,3
-1800,12667,1739255,3
-2300,12668,1739267,3
-1900,12669,1739279,3
-2200,12670,1739408,6
-6250,12671,1739489,3
-5650,12672,1739590,3
-6900,12673,1739719,4
-2750,12674,1739762,3
-1850,12675,1739824,4
-2100,12676,1739852,3
-3100,12677,1739900,3
-7350,12678,1740068,4
-5600,12679,1740199,4
-4900,12680,1740345,5
-3150,12681,1740412,3
-2250,12682,1740438,4
-3750,12683,1740485,3
-14650,12684,1740750,3
-2150,12685,1740773,3
-2850,12686,1740822,3
-3850,12687,1740863,3
2750,12688,1740911,6
-2150,12689,1740967,4
-1150,12690,1741110,7
-3350,12691,1741153,3
-1550,12692,1741168,3
-2250,12693,1741197,3
-12100,12694,1741425,3
-1850,12695,1741438,3
-11550,12696,1741649,3
-4200,12697,1741707,3
-2250,12698,1741728,3
-6900,12699,1741824,3
-4150,12700,1741887,3
-6300,12701,1741987,3
-4050,12702,1742036,3
-4250,12703,1742093,3
-2700,12704,1742117,3
-2550,12705,1742132,3
-7250,12706,1742294,4
-2150,12707,1742305,3
-9450,12708,1742454,3
-5600,12709,1742548,3
-2100,12710,1742560,3
-2600,12711,1742586,3
-2200,12712,1742703,6
-10400,12713,1742881,3
-1850,12714,1742898,3
-400,12715,1742937,4
-9150,12716,1743092,3
-1100,12717,1743104,3
-7800,12718,1743247,4
-2400,12719,1743277,3
-3250,12720,1743399,4
-2050,12721,1743412,3
-2050,12722,1743425,3
-5800,12723,1743507,3
-8700,12724,1743639,3
-3550,12725,1743682,3
-2850,12726,1743719,3
-8800,12727,1743853,3
-11900,12728,1744180,6
-12300,12729,1744462,5
-2150,12730,1744477,3
-8400,12731,1744599,3
-600,12732,1744617,3
-3500,12733,1744645,3
-21450,12734,1745067,4
-6450,12735,1745319,6
-4700,12736,1745415,3
-7550,12737,1745522,3
-6300,12738,1745606,3
-6450,12739,1745719,3
-11300,12740,1745903,3
-2150,12741,1745930,3
-1050,12742,1746054,6
-2750,12743,1746081,3
-6300,12744,1746197,3
-5250,12745,1746286,3
-150,12746,1746334,4
-2350,12747,1746353,3
-2500,12748,1746381,3
-150,12749,1746496,7
-3300,12750,1746540,3
-3250,12751,1746577,3
-9200,12752,1746775,3
-2900,12753,1746803,3
-4200,12754,1746910,4
-5700,12755,1747006,3
-150,12756,1747066,4
-4550,12757,1747169,3
-13800,12758,1747448,4
-1900,12759,1747554,5
-1950,12760,1747573,3
-6700,12761,1747685,3
-2050,12762,1747698,3
-1550,12763,1747717,3
2150,12764,1747778,7
-4550,12765,1747869,3
-9200,12766,1748212,8
0,12767,1748296,5
1700,12768,1748370,5
-5000,12769,1748440,3
-6800,12770,1748656,5
-300,12771,1748685,4
-6700,12772,1748793,3
-5600,12773,1748928,4
-6250,12774,1749037,3
-4700,12775,1749158,4
-2550,12776,1749181,3
-4350,12777,1749232,3
-11650,12778,1749453,3
-3550,12779,1749488,3
-2500,12780,1749508,3
-150,12781,1749598,6
2750,12782,1749672,8
-7900,12783,1749792,3
-6550,12784,1749903,3
-1800,12785,1749925,3
-10400,12786,1750119,3
-5100,12787,1750227,3
-2850,12788,1750318,5
-5850,12789,1750395,3
-4250,12790,1750477,4
300,12791,1750510,4
-4600,12792,1750560,3
0,12793,1750604,5
-4100,12794,1750718,5
-1900,12795,1750800,5
-800,12796,1750814,3
1200,12797,1750854,5
-3400,12798,1750912,3
-4000,12799,1751039,4
-14400,12800,1751317,3
-8000,12801,1751479,3
-6550,12802,1751566,3
-1700,12803,1751578,3
-4050,12804,1751615,3
-4900,12805,1751695,3
-1950,12806,1751710,3
-2750,12807,1751737,3
-12950,12808,1752021,4
-4000,12809,1752087,3
-4000,12810,1752161,3
-6950,12811,1752268,3
-6350,12812,1752391,3
-4450,12813,1752452,3
-2100,12814,1752488,3
-7750,12815,1752595,3
-2450,12816,1752608,3
-11200,12817,1752798,3
-4900,12818,1752882,3
-3200,12819,1752912,3
-2250,12820,1752925,3
-4100,12821,1752961,3
-6000,12822,1753071,3
-8750,12823,1753206,3
-5750,12824,1753313,3
-3700,12825,1753369,3
-5850,12826,1753474,3
-8450,12827,1753623,3
-4400,12828,1753673,3
-7400,12829,1753836,4
-3700,12830,1753880,3
-8100,12831,1754036,3
-3900,12832,1754092,3
-7400,12833,1754218,3
1050,12834,1754321,7
-10400,12835,1754528,4
-1650,12836,1754557,3
-6700,12837,1754645,3
-2200,12838,1754671,3
-6800,12839,1754830,4
-2400,12840,1754852,3
-1000,12841,1754862,3
-4050,12842,1754964,4
-8200,12843,1755090,3
-2800,12844,1755116,3
-2700,12845,1755156,3
-13750,12846,1755403,3
-3250,12847,1755477,4
-1850,12848,1755494,3
-6250,12849,1755619,3
-4600,12850,1755685,3
-5000,12851,1755763,3
-1650,12852,1755792,3
-7250,12853,1755893,3
-3650,12854,1755938,3
-12850,12855,1756171,3
-350,12856,1756207,4
-3400,12857,1756245,3
-1600,12858,1756287,3
-5500,12859,1756391,3
-4950,12860,1756486,3
-2750,12861,1756505,3
-7650,12862,1756708,5
-1750,12863,1756731,3
-9750,12864,1756914,3
-4800,12865,1757000,3
-4200,12866,1757058,3
-5400,12867,1757185,4
-4400,12868,1757231,3
-50,12869,1757266,5
-1050,12870,1757340,4
-2050,12871,1757361,3
-2450,12872,1757390,3
-5350,12873,1757453,3
-1250,12874,1757573,6
-5400,12875,1757667,3
-15400,12876,1757957,3
-1200,12877,1757971,3
-5050,12878,1758097,4
-3900,12879,1758133,3
-2500,12880,1758173,3
-3950,12881,1758286,5
-6950,12882,1758426,4
-4650,12883,1758511,3
-4600,12884,1758647,5
-4450,12885,1758708,3
-3550,12886,1758756,4
-5500,12887,1758930,5
-3900,12888,1758990,3
-10250,12889,1759163,3
-3150,12890,1759218,3
-5200,12891,1759296,3
-4300,12892,1759344,3
-2000,12893,1759440,5
-1950,12894,1759463,3
0,12895,1759490,4
-3400,12896,1759528,3
-6800,12897,1759658,3
-3300,12898,1759829,6
-3600,12899,1759895,3
-7900,12900,1760015,3
-4600,12901,1760061,3
-1900,12902,1760105,3
-2000,12903,1760209,5
-10600,12904,1760403,3
-9650,12905,1760654,5
-2650,12906,1760675,3
-1150,12907,1760690,3
-2150,12908,1760717,3
-7550,12909,1761052,7
-3950,12910,1761140,4
-3950,12911,1761183,3
-4300,12912,1761267,3
-6800,12913,1761385,3
-2100,12914,1761405,3
-5250,12915,1761494,3
-3300,12916,1761514,3
-6700,12917,1761610,3
-1250,12918,1761623,3
-7400,12919,1761807,5
-5250,12920,1761892,3
-16550,12921,1762256,4
-1350,12922,1762267,3
-2750,12923,1762286,3
-7900,12924,1762410,3
-4000,12925,1762456,3
-3700,12926,1762532,3
-5750,12927,1762607,3
-2100,12928,1762619,3
-8150,12929,1762738,3
-7900,12930,1762911,4
-2350,12931,1762934,3
-4350,12932,1762989,3
-1850,12933,1763027,4
-4700,12934,1763152,4
-550,12935,1763171,3
-2000,12936,1763213,3
-4500,12937,1763289,3
-7200,12938,1763436,4
-4600,12939,1763510,3
-6050,12940,1763648,4
-11000,12941,1763834,3
-6600,12942,1763936,3
-7500,12943,1764125,4
-2100,12944,1764169,3
-4600,12945,1764284,4
-10900,12946,1764533,4
-2450,12947,1764562,3
-1550,12948,1764589,3
-11850,12949,1764847,4
-3350,12950,1764882,3
-4150,12951,1764945,3
-11300,12952,1765149,3
-2500,12953,1765169,3
-8250,12954,1765368,5
-7900,12955,1765496,3
-4750,12956,1765583,3
-2000,12957,1765609,3
-2600,12958,1765635,3
-3950,12959,1765690,3
-3200,12960,1765793,4
-7200,12961,1765932,4
-950,12962,1765951,3
-450,12963,1766038,5
1200,12964,1766074,5
-7200,12965,1766184,3
-13900,12966,1766473,4
-3700,12967,1766546,4
-19150,12968,1766893,3
-2650,12969,1766942,3
-4150,12970,1766997,3
-1900,12971,1767034,4
-2800,12972,1767068,3
-2250,12973,1767101,3
-5250,12974,1767190,3
-6300,12975,1767290,3
-7200,12976,1767420,3
-7100,12977,1767540,3
-5500,12978,1767644,3
-2400,12979,1767678,3
-8050,12980,1767803,3
-3500,12981,1767847,3
-1900,12982,1767859,3
-3750,12983,1767942,3
-7200,12984,1768076,3
-2150,12985,1768091,3
-5150,12986,1768187,4
-5000,12987,1768281,3
-10900,12988,1768477,3
-7200,12989,1768599,3
-15850,12990,1768912,3
-5350,12991,1768975,3
-2300,12992,1769019,3
-5150,12993,1769098,3
-3200,12994,1769218,5
-6650,12995,1769315,3
-1650,12996,1769328,3
-7450,12997,1769498,4
-4900,12998,1769586,3
-5300,12999,1769654,3
-7500,13000,1769852,5
-7350,13001,1769963,3
-4050,13002,1770004,3
-1350,13003,1770019,3
-4150,13004,1770070,3
-3750,13005,1770149,3
-4200,13006,1770199,3
-3650,13007,1770268,3
-7300,13008,1770409,4
-1850,13009,1770422,3
-4650,13010,1770487,3
-750,13011,1770515,4
-1850,13012,1770545,4
-1400,13013,1770555,3
-2850,13014,1770584,3
-1550,13015,1770603,3
-5250,13016,1770692,3
-4050,13017,1770733,3
-2450,13018,1770782,3
-6100,13019,1770886,3
-2200,13020,1770912,3
-1250,13021,1770925,3
-2500,13022,1770969,3
-3250,13023,1771052,5
-850,13024,1771065,3
-450,13025,1771132,5
-6500,13026,1771220,3
-2800,13027,1771258,3
-3650,13028,1771307,3
-7250,13029,1771424,3
-5050,13030,1771481,3
-1950,13031,1771504,3
-8600,13032,1771782,7
2900,13033,1771865,6
-3750,13034,1771920,3
-2900,13035,1771940,3
-2700,13036,1771992,3
-7050,13037,1772109,3
-2150,13038,1772120,3
-3700,13039,1772156,3
-8250,13040,1772330,4
-8450,13041,1772533,5
-8000,13042,1772663,3
-4250,13043,1772732,3
-4000,13044,1772802,3
250,13045,1772879,5
-5250,13046,1772948,3
-1900,13047,1772972,3
-4200,13048,1773067,4
-300,13049,1773079,3
-11900,13050,1773299,3
-15700,13051,1773591,3
-3800,13052,1773879,9
-3800,13053,1773929,3
-2900,13054,1773965,3
-3500,13055,1774017,3
-1750,13056,1774098,5
-2250,13057,1774127,3
-3750,13058,1774182,3
-5000,13059,1774284,3
1450,13060,1774313,5
-4000,13061,1774432,4
-2750,13062,1774447,3
250,13063,1774528,5
-1300,13064,1774556,3
-4400,13065,1774618,3
-1550,13066,1774645,3
-2550,13067,1774696,3
-4500,13068,1774764,3
-2750,13069,1774807,3
-4350,13070,1774866,3
-3800,13071,1774904,3
-5150,13072,1774983,3
1050,13073,1775024,5
-1100,13074,1775049,4
-2900,13075,1775101,3
-4300,13076,1775165,3
-13850,13077,1775418,3
-6300,13078,1775665,6
1050,13079,1775764,7
-1950,13080,1775775,3
-2900,13081,1775795,3
-6200,13082,1775905,3
-5700,13083,1776075,5
-1850,13084,1776088,3
-8900,13085,1776248,3
-2250,13086,1776285,3
-2050,13087,1776310,3
-15800,13088,1776609,4
-2100,13089,1776637,3
-1700,13090,1776657,3
-6150,13091,1776784,3
-1650,13092,1776813,3
-10900,13093,1777009,3
-2550,13094,1777044,3
-1800,13095,1777058,3
-2200,13096,1777084,3
-1950,13097,1777119,3
-4400,13098,1777185,3
-4250,13099,1777246,3
-2700,13100,1777270,3
-1000,13101,1777280,3
-8450,13102,1777417,3
-6550,13103,1777614,5
-4650,13104,1777683,3
-3900,13105,1777719,3
-7200,13106,1777943,5
-4300,13107,1778011,3
-4850,13108,1778100,3
-6500,13109,1778188,3
-3600,13110,1778218,3
-2000,13111,1778236,3
-5600,13112,1778334,3
-1000,13113,1778356,3
-300,13114,1778385,4
-1150,13115,1778445,4
-8100,13116,1778577,3
-4800,13117,1778655,3
-2500,13118,1778683,3
-1950,13119,1778710,3
-1250,13120,1778739,3
-1200,13121,1778749,3
-12750,13122,1779054,5
-6600,13123,1779201,4
-7450,13124,1779346,3
-2350,13125,1779373,3
-7100,13126,1779477,3
-6200,13127,1779571,3
-6650,13128,1779676,3
-2250,13129,1779693,3
-2000,13130,1779703,3
-16300,13131,1780052,4
-2750,13132,1780103,3
-2100,13133,1780119,3
-1800,13134,1780277,7
-10700,13135,1780522,4
-10500,13136,1780702,3
-5800,13137,1780829,4
-8900,13138,1780985,3
-5250,13139,1781074,3
-150,13140,1781123,5
-4300,13141,1781167,3
250,13142,1781237,6
-4050,13143,1781290,3
-3600,13144,1781332,3
-1450,13145,1781345,3
-1000,13146,1781359,3
-400,13147,1781373,3
-9400,13148,1781548,4
-3300,13149,1781580,3
-3100,13150,1781616,3
-2700,13151,1781743,6
-5550,13152,1781814,3
2900,13153,1781967,8
-9550,13154,1782134,3
-5650,13155,1782297,5
-10150,13156,1782500,3
-3800,13157,1782550,3
-4200,13158,1782608,3
-4500,13159,1782794,5
-3850,13160,1782864,4
-2150,13161,1782899,3
-1550,13162,1782926,3
-1950,13163,1782961,3
-5250,13164,1783054,3
-18300,13165,1783382,3
-7850,13166,1783495,3
-1950,13167,1783522,3
-3500,13168,1783562,3
1550,13169,1783679,7
-8750,13170,1783936,5
-3200,13171,1784006,3
-4200,13172,1784076,3
-2350,13173,1784136,4
-6400,13174,1784234,3
-4350,13175,1784285,3
-650,13176,1784356,5
-9900,13177,1784528,3
-1900,13178,1784540,3
-2100,13179,1784552,3
-11850,13180,1784761,3
-2700,13181,1784809,3
-5650,13182,1784910,3
-2700,13183,1784950,3
-4400,13184,1785008,3
-1900,13185,1785032,3
-2800,13186,1785082,3
-8200,13187,1785265,4
-5550,13188,1785352,3
-2900,13189,1785388,3
-10950,13190,1785682,6
-4650,13191,1785767,3
-1650,13192,1785796,3
-5150,13193,1785867,3
-4150,13194,1785914,3
-1350,13195,1785941,3
-7050,13196,1786058,3
-10950,13197,1786294,4
-4600,13198,1786352,3
-11500,13199,1786552,3
-1750,13200,1786587,3
-4500,13201,1786651,3
-5500,13202,1786727,3
-2700,13203,1786759,3
-6650,13204,1786868,3
-2700,13205,1787014,5
-5850,13206,1787180,4
-1650,13207,1787197,3
-4100,13208,1787245,3
-4650,13209,1787314,3
-3300,13210,1787382,3
-4850,13211,1787487,3
-4400,13212,1787620,6
-2400,13213,1787642,3
-8950,13214,1787854,4
-4600,13215,1787904,3
-6450,13216,1788038,4
-1350,13217,1788119,5
1200,13218,1788167,5
-2850,13219,1788229,4
-11500,13220,1788450,4
-2750,13221,1788485,3
-1700,13222,1788612,6
-2100,13223,1788632,3
-1850,13224,1788673,3
-5050,13225,1788759,4
-2300,13226,1788783,3
-5250,13227,1788914,5
-900,13228,1788935,4
-4300,13229,1789011,3
-4500,13230,1789120,4
-8450,13231,1789253,3
-12250,13232,1789466,3
-2750,13233,1789497,3
-3750,13234,1789618,5
-9950,13235,1789781,3
-4400,13236,1789839,3
-450,13237,1789857,4
-1000,13238,1789888,4
-4850,13239,1789969,3
-16400,13240,1790316,4
-6100,13241,1790539,6
-3100,13242,1790563,3
-12750,13243,1790819,4
-6400,13244,1790962,4
-1350,13245,1791043,5
-150,13246,1791136,5
-2750,13247,1791151,3
-6850,13248,1791244,3
-2400,13249,1791274,3
-5200,13250,1791372,3
-2650,13251,1791409,3
-3000,13252,1791427,3
-17150,13253,1791734,3
-2750,13254,1791765,3
-4000,13255,1791914,6
-4300,13256,1791982,3
-6700,13257,1792147,4
-550,13258,1792252,5
-850,13259,1792265,3
-7300,13260,1792385,3
-2000,13261,1792431,3
-4150,13262,1792486,3
-1000,13263,1792557,4
-1750,13264,1792580,3
-11450,13265,1792813,3
-1900,13266,1792829,3
-1450,13267,1792908,5
-50,13268,1792979,5
900,13269,1793079,7
-2900,13270,1793119,3
-9500,13271,1793308,4
-3750,13272,1793383,3
-3400,13273,1793461,3
-7450,13274,1793582,3
-8450,13275,1793719,3
-7350,13276,1793855,4
2150,13277,1794030,9
-2150,13278,1794053,3
-1000,13279,1794071,3
-800,13280,1794102,4
-450,13281,1794115,3
2450,13282,1794169,6
-450,13283,1794190,3
-2200,13284,1794241,4
-3900,13285,1794293,3
-6950,13286,1794396,3
-6100,13287,1794476,3
-3000,13288,1794551,4
-4200,13289,1794605,3
-4550,13290,1794745,4
-6600,13291,1794859,3
-5350,13292,1794966,3
-1500,13293,1794990,3
-3150,13294,1795013,3
-3550,13295,1795044,3
-13800,13296,1795302,3
-8300,13297,1795438,3
-1150,13298,1795449,3
-650,13299,1795462,3
-2000,13300,1795480,3
-3500,13301,1795552,3
-3650,13302,1795593,3
-2650,13303,1795622,3
-6950,13304,1795766,4
-2650,13305,1795795,3
-1850,13306,1795808,3
-8300,13307,1795936,3
-7450,13308,1796053,3
-4200,13309,1796119,3
-6150,13310,1796251,4
-1000,13311,1796265,3
-1450,13312,1796286,3
1150,13313,1796354,6
-1850,13314,1796367,3
-3850,13315,1796400,3
-3050,13316,1796417,3
-3950,13317,1796464,3
-7450,13318,1796593,3
-3750,13319,1796823,6
-1450,13320,1796877,4
-4750,13321,1796956,3
-1700,13322,1796968,3
-2150,13323,1796983,3
-11200,13324,1797218,4
-2500,13325,1797254,3
-9000,13326,1797396,3
-6050,13327,1797624,6
-11100,13328,1797845,4
-5250,13329,1797930,3
-6850,13330,1798043,3
-7400,13331,1798165,3
-2850,13332,1798206,3
-2050,13333,1798354,6
-4600,13334,1798400,3
-2700,13335,1798436,3
-19000,13336,1798774,3
-4450,13337,1798835,3
-2150,13338,1798903,4
-10700,13339,1799079,3
-2000,13340,1799101,3
-10400,13341,1799275,3
-2300,13342,1799287,3
-3550,13343,1799346,3
-8500,13344,1799531,4
-10050,13345,1799708,3
-8850,13346,1799853,3
-1650,13347,1799890,3
-3550,13348,1799949,3
-1100,13349,1799961,3
-650,13350,1799974,3
-2750,13351,1800013,3
-9500,13352,1800181,3
-6200,13353,1800275,3
-2650,13354,1800296,3
-3050,13355,1800443,5
-1900,13356,1800464,4
-2150,13357,1800475,3
-2350,13358,1800498,3
1500,13359,1800556,5
900,13360,1800623,6
-5750,13361,1800718,3
-1950,13362,1800741,3
-1600,13363,1800768,4
-13800,13364,1801059,4
-3350,13365,1801078,3
-7800,13366,1801212,3
-7000,13367,1801367,4
-2550,13368,1801382,3
-1700,13369,1801398,3
-400,13370,1801408,3
-3800,13371,1801470,3
-900,13372,1801490,3
-3650,13373,1801531,3
-6500,13374,1801631,3
-2250,13375,1801652,3
-3650,13376,1801709,3
-1150,13377,1801814,5
-1350,13378,1801837,3
-4350,13379,1801953,4
-10200,13380,1802176,4
-4450,13381,1802265,3
-15200,13382,1802625,5
-4700,13383,1802701,3
-9350,13384,1802873,4
-1450,13385,1802894,3
-8000,13386,1803033,4
500,13387,1803046,4
-7050,13388,1803179,3
-350,13389,1803194,3
-6450,13390,1803336,4
-5750,13391,1803526,6
-7650,13392,1803651,3
-2750,13393,1803784,5
-6550,13394,1803927,3
-4250,13395,1803988,3
-8550,13396,1804160,4
-6250,13397,1804273,3
-6700,13398,1804414,4
300,13399,1804476,5
-4800,13400,1804538,3
-6550,13401,1804723,5
-6900,13402,1804851,3
-6750,13403,1804983,4
-2050,13404,1805028,3
-5300,13405,1805088,3
-3200,13406,1805134,3
-2950,13407,1805181,3
1300,13408,1805227,5
-3250,13409,1805264,3
-4200,13410,1805306,3
-4850,13411,1805399,3
800,13412,1805422,4
-9650,13413,1805673,5
-2950,13414,1805728,3
-5750,13415,1805823,3
-900,13416,1805860,4
-8750,13417,1806078,6
-3850,13418,1806135,3
-4850,13419,1806208,3
-7750,13420,1806351,3
-3100,13421,1806547,7
-14550,13422,1806863,4
-3200,13423,1806941,3
-1800,13424,1807058,6
-1850,13425,1807087,3
-3300,13426,1807180,4
-11200,13427,1807358,3
700,13428,1807465,6
-2600,13429,1807491,3
-4700,13430,1807543,3
-1400,13431,1807614,4
-8050,13432,1807780,4
-1250,13433,1807912,6
-2750,13434,1807947,3
-2350,13435,1807962,3
-2800,13436,1807992,3
-6900,13437,1808112,3
-1950,13438,1808123,3
-6600,13439,1808217,3
-6350,13440,1808332,3
-3200,13441,1808374,3
-800,13442,1808454,5
-5650,13443,1808568,4
-50,13444,1808684,6
-3000,13445,1808788,5
-4050,13446,1808841,3
-2600,13447,1808871,3
-1500,13448,1808891,3
-13400,13449,1809145,3
-5000,13450,1809223,3
-4400,13451,1809265,3
-1950,13452,1809304,3
-1550,13453,1809315,3
-7800,13454,1809437,3
-3300,13455,1809522,4
-3500,13456,1809558,3
-1150,13457,1809569,3
-2100,13458,1809597,3
-7750,13459,1809720,3
-8350,13460,1809969,5
-2750,13461,1810021,4
-4500,13462,1810126,4
-1750,13463,1810239,5
-2350,13464,1810287,4
-900,13465,1810303,3
-4800,13466,1810426,4
-1550,13467,1810553,7
-1200,13468,1810575,3
-3450,13469,1810620,3
-1000,13470,1810667,4
-2400,13471,1810775,5
-2150,13472,1810794,3
-1700,13473,1810818,3
-4650,13474,1810949,5
-4250,13475,1811018,3
-3150,13476,1811053,3
-2300,13477,1811077,3
-3000,13478,1811111,3
-8350,13479,1811238,3
-3500,13480,1811365,6
-1100,13481,1811377,3
-16350,13482,1811725,4
-3650,13483,1811762,3
-13800,13484,1812012,3
-1150,13485,1812039,3
-1100,13486,1812055,3
-350,13487,1812079,4
-4350,13488,1812171,4
-2100,13489,1812187,3
-5350,13490,1812258,3
-2250,13491,1812291,3
-1200,13492,1812313,3
-3100,13493,1812337,3
-7300,13494,1812461,3
-6050,13495,1812595,4
-500,13496,1812607,3
-4600,13497,1812673,3
-4250,13498,1812718,3
-6700,13499,1812846,3
-10000,13500,1813139,6
-4200,13501,1813197,3
-5250,13502,1813274,3
-2450,13503,1813291,3
-5800,13504,1813373,3
-7500,13505,1813534,4
-8050,13506,1813667,3
-15550,13507,1813954,3
-2450,13508,1813967,3
-2450,13509,1813980,3
-2800,13510,1814006,3
-4500,13511,1814070,3
-2700,13512,1814094,3
-2300,13513,1814106,3
-900,13514,1814118,3
-5900,13515,1814214,3
-1750,13516,1814241,3
-2400,13517,1814279,3
-3850,13518,1814332,3
-1800,13519,1814407,4
-4950,13520,1814523,4
-1100,13521,1814548,4
-2000,13522,1814562,3
-4750,13523,1814691,5
-2000,13524,1814713,3
-6750,13525,1814832,3
-550,13526,1814851,3
2450,13527,1814913,6
-3000,13528,1814956,4
-4100,13529,1814996,3
-1900,13530,1815008,3
-2450,13531,1815033,3
-4050,13532,1815086,3
1000,13533,1815130,5
550,13534,1815210,6
-5000,13535,1815280,3
-2850,13536,1815305,3
-6200,13537,1815415,3
-5100,13538,1815507,3
-1700,13539,1815531,3
-600,13540,1815541,3
-10950,13541,1815752,3
-2100,13542,1815784,3
-2150,13543,1815807,3
-1400,13544,1815829,3
-4600,13545,1815875,3
-16650,13546,1816262,5
-3050,13547,1816377,5
-3450,13548,1816422,3
-2200,13549,1816452,3
-6250,13550,1816565,3
-7700,13551,1816701,3
-7250,13552,1816875,4
-1700,13553,1816932,4
-2100,13554,1816956,3
-3300,13555,1817004,3
-2550,13556,1817019,3
-12550,13557,1817243,4
-6050,13558,1817442,5
-1650,13559,1817455,3
-7750,13560,1817574,3
-100,13561,1817590,3
-3700,13562,1817642,3
-4150,13563,1817705,3
-10000,13564,1817887,3
-1950,13565,1817902,3
-1250,13566,1818031,7
-1800,13567,1818057,3
1050,13568,1818070,5
-7550,13569,1818213,3
-4350,13570,1818276,3
-6850,13571,1818422,4
-6350,13572,1818513,3
-1050,13573,1818600,5
-3750,13574,1818676,4
-3050,13575,1818701,3
-4000,13576,1818751,3
-5500,13577,1818831,3
-3250,13578,1818892,3
-8950,13579,1819043,3
-4900,13580,1819189,5
-5450,13581,1819323,4
-3850,13582,1819384,3
-5100,13583,1819488,3
-1600,13584,1819502,3
-7750,13585,1819683,5
-2650,13586,1819708,3
-6250,13587,1819805,3
-1600,13588,1819864,4
-10300,13589,1820068,3
-2350,13590,1820112,4
-9400,13591,1820274,3
-1050,13592,1820295,3
-350,13593,1820310,3
-3950,13594,1820373,3
-4900,13595,1820433,3
-16750,13596,1820797,4
-5250,13597,1820902,3
-2150,13598,1820917,3
-3000,13599,1820943,3
-3150,13600,1820962,3
-8950,13601,1821150,4
-7050,13602,1821366,6
-4700,13603,1821430,3
-1950,13604,1821441,3
-2200,13605,1821475,3
-3950,13606,1821542,3
-6000,13607,1821648,3
-2900,13608,1821668,3
-2450,13609,1821693,3
-1300,13610,1821734,4
-6050,13611,1821860,4
-1200,13612,1821870,3
-7400,13613,1822000,3
-2200,13614,1822038,3
-4450,13615,1822119,3
-5900,13616,1822232,4
-2100,13617,1822252,3
-4500,13618,1822328,3
-6550,13619,1822443,3
-3050,13620,1822476,3
-5500,13621,1822556,3
-2650,13622,1822589,3
-4600,13623,1822708,4
-4450,13624,1822777,3
-5950,13625,1822872,3
-2250,13626,1822901,3
-5400,13627,1823090,6
-1450,13628,1823169,5
-4800,13629,1823239,3
-2300,13630,1823263,3
-2950,13631,1823290,3
-4500,13632,1823350,3
-1800,13633,1823372,3
-3050,13634,1823467,5
-3250,13635,1823512,3
-2550,13636,1823527,3
-5400,13637,1823650,4
-6450,13638,1823755,3
-12850,13639,1824008,3
-4150,13640,1824079,3
-2300,13641,1824091,3
-3550,13642,1824212,5
-9400,13643,1824366,3
-7250,13644,1824499,3
-1200,13645,1824587,5
-8300,13646,1824792,4
-2250,13647,1824809,3
-1850,13648,1824818,3
-3150,13649,1824849,3
-10200,13650,1825048,4
-9650,13651,1825225,3
-3350,13652,1825268,3
-1300,13653,1825300,3
-6200,13654,1825382,3
-6850,13655,1825507,3
-2800,13656,1825541,3
-2150,13657,1825568,3
-3850,13658,1825637,3
-5550,13659,1825728,3
-5550,13660,1825815,3
-1650,13661,1825828,3
-9600,13662,1825998,3
-3900,13663,1826034,3
-6800,13664,1826136,3
-4800,13665,1826231,4
-1400,13666,1826258,4
-550,13667,1826269,3
-3650,13668,1826330,3
-1900,13669,1826342,3
-1300,13670,1826354,3
-350,13671,1826403,5
-1350,13672,1826480,5
-3300,13673,1826561,4
-3450,13674,1826630,3
-3250,13675,1826716,4
-8650,13676,1826853,3
-2950,13677,1826904,3
-4400,13678,1826962,3
-2400,13679,1826984,3
-9150,13680,1827131,3
-6100,13681,1827346,6
-5000,13682,1827412,3
-6500,13683,1827557,4
-3000,13684,1827575,3
-5000,13685,1827673,3
-8300,13686,1827813,3
-1600,13687,1827835,3
-5050,13688,1827961,4
-6250,13689,1828107,4
-2850,13690,1828132,3
-500,13691,1828152,3
-1800,13692,1828170,3
-3900,13693,1828202,3
-8550,13694,1828390,4
-9950,13695,1828557,3
-2650,13696,1828586,3
-1700,13697,1828598,3
-3700,13698,1828662,3
-1800,13699,1828721,4
-9450,13700,1828956,5
-1500,13701,1828976,3
-16350,13702,1829259,3
-2300,13703,1829283,3
-3200,13704,1829321,3
-4750,13705,1829400,3
-2850,13706,1829425,3
-10350,13707,1829600,3
-1050,13708,1829621,3
-7100,13709,1829749,3
-2000,13710,1829759,3
-5800,13711,1829853,3
-1300,13712,1829885,3
-10400,13713,1830084,4
-5600,13714,1830162,3
-3700,13715,1830206,3
-1950,13716,1830221,3
-2550,13717,1830244,3
-2450,13718,1830269,3
-4500,13719,1830391,5
-3550,13720,1830438,3
-4500,13721,1830490,3
-1850,13722,1830507,3
650,13723,1830588,5
-2250,13724,1830786,8
-300,13725,1830828,5
-7900,13726,1830956,3
-1450,13727,1830969,3
-6150,13728,1831085,4
-1400,13729,1831103,3
-11200,13730,1831333,3
-7200,13731,1831443,3
-2000,13732,1831457,3
-3300,13733,1831489,3
-1750,13734,1831524,3
400,13735,1831543,4
-4850,13736,1831706,5
-12700,13737,1831954,3
-8200,13738,1832108,3
-1850,13739,1832133,3
-12650,13740,1832374,3
-4150,13741,1832425,3
-3200,13742,1832447,3
-8450,13743,1832600,3
-11650,13744,1832793,3
-9200,13745,1833008,4
-5350,13746,1833075,3
-6700,13747,1833187,3
-2100,13748,1833318,6
250,13749,1833342,4
-1550,13750,1833386,4
1900,13751,1833486,7
-2800,13752,1833532,3
-5800,13753,1833654,3
-11000,13754,1833840,3
-6000,13755,1833930,3
-3600,13756,1833972,3
-10550,13757,1834188,4
-4050,13758,1834249,3
-26700,13759,1834761,3
-600,13760,1834771,3
-2100,13761,1834795,3
-6950,13762,1834906,3
-8200,13763,1835052,3
-650,13764,1835111,5
-4050,13765,1835279,6
-4850,13766,1835372,3
-2000,13767,1835386,3
-5850,13768,1835483,3
-6650,13769,1835580,3
-5450,13770,1835661,3
-2850,13771,1835698,3
-6150,13772,1835781,3
-5700,13773,1835853,3
-2700,13774,1835885,3
-1300,13775,1835909,3
-11600,13776,1836115,3
750,13777,1836153,4
-4100,13778,1836270,4
-13250,13779,1836597,5
-3500,13780,1836633,3
-150,13781,1836648,3
550,13782,1836658,4
-2000,13783,1836684,3
-7000,13784,1836798,3
-7900,13785,1836984,5
-7050,13786,1837085,3
-2100,13787,1837125,3
-2450,13788,1837150,3
-2100,13789,1837162,3
-17050,13790,1837487,3
-1850,13791,1837520,3
-2300,13792,1837609,4
-4150,13793,1837713,4
-1500,13794,1837737,3
-2100,13795,1837753,3
-3550,13796,1837788,3
-3600,13797,1837891,4
-8700,13798,1838059,3
-5900,13799,1838257,5
-6700,13800,1838369,3
-3900,13801,1838437,3
-850,13802,1838495,4
-9050,13803,1838742,5
-2850,13804,1838800,4
-3500,13805,1838848,3
-5750,13806,1839037,5
-8250,13807,1839277,6
-5750,13808,1839352,3
-3450,13809,1839385,3
-8900,13810,1839647,5
-9450,13811,1839825,4
-2150,13812,1839836,3
-2500,13813,1839869,4
-5450,13814,1840020,5
-8550,13815,1840175,3
-1750,13816,1840235,4
-1050,13817,1840256,3
-4050,13818,1840317,3
-300,13819,1840400,6
850,13820,1840523,7
-4700,13821,1840571,3
-850,13822,1840596,3
-2100,13823,1840628,3
1650,13824,1840722,6
-7650,13825,1840847,3
-1200,13826,1840861,3
-10750,13827,1841052,3
-7000,13828,1841170,3
-9250,13829,1841380,4
-1950,13830,1841391,3
-3350,13831,1841499,4
-2000,13832,1841521,3
-5900,13833,1841609,3
600,13834,1841628,4
-1800,13835,1841650,3
-900,13836,1841662,3
-2600,13837,1841773,4
-3050,13838,1841843,4
-400,13839,1841857,3
-3450,13840,1841906,3
-8500,13841,1842058,3
-19700,13842,1842430,3
-6900,13843,1842530,3
-11600,13844,1842740,3
-300,13845,1842752,3
-13400,13846,1843010,3
-4750,13847,1843081,3
-1650,13848,1843102,3
-5550,13849,1843197,3
-4550,13850,1843334,5
-3600,13851,1843412,3
-4750,13852,1843487,3
-6050,13853,1843596,3
-14500,13854,1843864,3
850,13855,1843880,4
-2750,13856,1843919,3
-7100,13857,1844031,3
-250,13858,1844098,5
-6250,13859,1844207,3
-250,13860,1844228,3
-11250,13861,1844470,4
-2550,13862,1844513,3
-2550,13863,1844544,3
-2250,13864,1844581,3
-1950,13865,1844641,4
-3250,13866,1844694,3
-8600,13867,1844873,4
-3650,13868,1844914,3
-5350,13869,1845005,3
-1650,13870,1845026,3
-7700,13871,1845166,3
-4950,13872,1845237,3
-550,13873,1845306,5
-1350,13874,1845333,3
-4550,13875,1845416,3
-3900,13876,1845476,3
-1450,13877,1845505,3
-7400,13878,1845619,3
-4000,13879,1845677,3
-1650,13880,1845706,3
-5000,13881,1845804,3
-3700,13882,1845958,5
-7400,13883,1846072,3
-2550,13884,1846103,3
-2500,13885,1846147,3
-3750,13886,1846218,3
-3750,13887,1846281,3
-2750,13888,1846328,3
-2000,13889,1846366,3
-2450,13890,1846503,7
-1750,13891,1846522,3
-14150,13892,1846802,4
-1450,13893,1846819,3
1000,13894,1846921,7
-500,13895,1846954,4
-4500,13896,1847014,3
-3900,13897,1847074,3
-2550,13898,1847089,3
-7800,13899,1847215,3
-8050,13900,1847356,3
-7250,13901,1847559,5
-4950,13902,1847687,4
-9300,13903,1847859,3
-2150,13904,1848021,6
-2550,13905,1848204,7
-7500,13906,1848320,3
-6400,13907,1848426,3
-7950,13908,1848565,3
-5200,13909,1848668,4
-2950,13910,1848719,3
-7000,13911,1848915,5
-5850,13912,1849008,3
-3150,13913,1849067,3
-3550,13914,1849110,3
-6950,13915,1849217,3
-1450,13916,1849230,3
-2550,13917,1849249,3
-2750,13918,1849293,4
-3500,13919,1849333,3
-1450,13920,1849362,3
-1850,13921,1849420,4
-1850,13922,1849433,3
-1950,13923,1849464,3
-4800,13924,1849542,3
-500,13925,1849599,4
-4650,13926,1849685,4
-8500,13927,1849809,3
-2750,13928,1849836,3
-14900,13929,1850136,3
-3050,13930,1850177,3
-6950,13931,1850272,3
-11050,13932,1850457,3
-2750,13933,1850545,4
-2150,13934,1850568,3
-1450,13935,1850605,3
-6150,13936,1850724,3
-9100,13937,1850880,3
-5200,13938,1850962,3
-4100,13939,1851022,3
-2500,13940,1851042,3
-2950,13941,1851248,6
-1150,13942,1851263,3
-8000,13943,1851405,3
-6000,13944,1851507,3
-5200,13945,1851613,3
-1300,13946,1851641,3
-6900,13947,1851761,3
-1800,13948,1851783,3
-2600,13949,1851809,3
-2200,13950,1851831,3
400,13951,1851842,4
-4950,13952,1851949,3
150,13953,1851967,4
-5500,13954,1852047,3
-1100,13955,1852071,3
-15050,13956,1852324,3
-3800,13957,1852386,3
-7850,13958,1852499,3
-2200,13959,1852513,3
-2750,13960,1852540,3
-6350,13961,1852627,3
-3200,13962,1852657,3
-14350,13963,1853125,8
-11100,13964,1853346,4
-2300,13965,1853370,3
-3150,13966,1853438,4
-5700,13967,1853522,3
-7200,13968,1853644,3
-7100,13969,1853772,3
-3050,13970,1853789,3
-2900,13971,1853809,3
250,13972,1853886,5
-2650,13973,1853993,5
-1050,13974,1854031,4
-5400,13975,1854133,3
-3950,13976,1854216,3
-5000,13977,1854286,3
-3450,13978,1854323,3
-2650,13979,1854364,3
-2050,13980,1854397,3
-2100,13981,1854540,6
-11850,13982,1854770,4
-3000,13983,1854800,3
-9300,13984,1854956,3
-11550,13985,1855184,4
-1900,13986,1855245,4
-1800,13987,1855271,3
-4550,13988,1855326,3
-2800,13989,1855344,3
-2550,13990,1855371,3
-16950,13991,1855756,5
-6000,13992,1855842,3
-18050,13993,1856233,5
-5800,13994,1856315,3
-10350,13995,1856502,3
-6800,13996,1856612,3
-8450,13997,1856883,5
-1600,13998,1856905,3
-2350,13999,1856924,3
-7500,14000,1857212,7
-3750,14001,1857251,3
-3400,14002,1857297,3
-4450,14003,1857362,3
-2900,14004,1857390,3
-4600,14005,1857551,6
-2650,14006,1857576,3
-3550,14007,1857721,5
-4550,14008,1857812,3
-3450,14009,1857902,4
-7400,14010,1858045,4
-4400,14011,1858136,4
-950,14012,1858159,3
-1350,14013,1858174,3
-3450,14014,1858223,3
-450,14015,1858240,3
-4350,14016,1858315,3
-4350,14017,1858447,4
-10250,14018,1858616,3
-3700,14019,1858718,5
-8000,14020,1858901,4
-3050,14021,1858942,3
-5150,14022,1859038,4
-6500,14023,1859146,3
-2900,14024,1859170,3
-2050,14025,1859195,3
-3800,14026,1859237,3
-20200,14027,1859648,4
-2900,14028,1859676,3
-1750,14029,1859703,3
-3700,14030,1859788,4
-9350,14031,1860008,4
-7550,14032,1860143,3
-3600,14033,1860169,3
-5750,14034,1860326,5
-5100,14035,1860406,3
-1300,14036,1860422,3
-9300,14037,1860668,5
-3300,14038,1860692,3
-4750,14039,1860743,3
-3900,14040,1860823,3
-7000,14041,1861039,5
-1950,14042,1861119,4
-1800,14043,1861129,3
-2550,14044,1861160,3
-4300,14045,1861232,3
-5350,14046,1861299,3
-1250,14047,1861447,6
-2650,14048,1861464,3
-3150,14049,1861487,3
-400,14050,1861567,5
-4600,14051,1861629,3
-5200,14052,1861707,3
-3300,14053,1861751,3
-4550,14054,1861893,6
-4750,14055,1861960,3
-3650,14056,1862140,6
-1200,14057,1862207,4
-13200,14058,1862437,3
-16550,14059,1862744,3
-3900,14060,1862878,5
-1850,14061,1862923,3
-2100,14062,1862943,3
-550,14063,1863012,5
-400,14064,1863060,5
-1850,14065,1863077,3
-2100,14066,1863093,3
-5350,14067,1863184,3
150,14068,1863194,4
-6700,14069,1863290,3
-8200,14070,1863428,3
-100,14071,1863444,3
-550,14072,1863455,3
1700,14073,1863493,5
-2450,14074,1863510,3
-7650,14075,1863655,3
-7200,14076,1863818,4
-13000,14077,1864048,3
-2700,14078,1864084,3
-4550,14079,1864171,3
-5250,14080,1864272,3
-6700,14081,1864400,3
-2400,14082,1864414,3
-3350,14083,1864616,6
-800,14084,1864819,8
-3750,14085,1864858,3
-7100,14086,1864966,3
-1950,14087,1864977,3
-1350,14088,1865000,3
-3200,14089,1865054,3
-3850,14090,1865226,6
-12550,14091,1865441,3
-4300,14092,1865632,6
-2500,14093,1865709,4
-5300,14094,1865846,4
-9600,14095,1866028,3
-4450,14096,1866097,3
-3100,14097,1866161,3
700,14098,1866248,6
-8300,14099,1866433,4
-4500,14100,1866517,3
-21550,14101,1866953,4
-6550,14102,1867072,3
-2000,14103,1867082,3
-7450,14104,1867227,3
-600,14105,1867237,3
-900,14106,1867249,3
-6450,14107,1867358,3
-5450,14108,1867443,3
-6000,14109,1867529,3
-9350,14110,1867729,4
-5400,14111,1867799,3
-7050,14112,1867896,3
-3250,14113,1867978,4
-7500,14114,1868090,3
-2050,14115,1868144,4
-3150,14116,1868219,3
-1350,14117,1868238,3
-8000,14118,1868392,3
-1550,14119,1868419,3
-6500,14120,1868564,4
-1700,14121,1868596,3
-100,14122,1868650,5
1100,14123,1868684,5
-3950,14124,1868719,3
-3400,14125,1868761,3
-6700,14126,1868865,3
3300,14127,1868916,6
-2400,14128,1868942,3
-3000,14129,1868984,3
-2550,14130,1869027,3
-2750,14131,1869095,4
-2200,14132,1869170,4
-4150,14133,1869209,3
-750,14134,1869351,6
-4850,14135,1869412,3
-6400,14136,1869543,4
-2650,14137,1869564,3
-5350,14138,1869647,3
-4050,14139,1869704,3
-2400,14140,1869726,3
-2100,14141,1869750,3
-3350,14142,1869797,3
-4300,14143,1869837,3
-5300,14144,1870007,5
-2550,14145,1870038,3
-4500,14146,1870106,3
-2200,14147,1870124,3
-3850,14148,1870185,3
-6700,14149,1870326,4
-4600,14150,1870425,4
-2900,14151,1870457,3
-14950,14152,1870748,3
-3050,14153,1870769,3
-1650,14154,1870782,3
-23150,14155,1871213,3
-6600,14156,1871319,3
-2000,14157,1871341,3
-1350,14158,1871352,3
-12400,14159,1871570,3
-2750,14160,1871609,3
-2900,14161,1871637,3
-6250,14162,1871767,4
-2550,14163,1871786,3
-3700,14164,1871858,3
-4800,14165,1871912,3
-10150,14166,1872095,3
-1750,14167,1872122,3
-1650,14168,1872213,5
-1500,14169,1872229,3
-10300,14170,1872429,3
-2750,14171,1872464,3
-450,14172,1872494,4
-3400,14173,1872540,3
-8300,14174,1872668,3
-2700,14175,1872700,3
-1450,14176,1872729,3
-6950,14177,1873097,8
-4750,14178,1873278,5
-3450,14179,1873311,3
-3650,14180,1873368,3
-3850,14181,1873425,3
-17050,14182,1873811,4
-1950,14183,1873830,3
-2200,14184,1873848,3
-1800,14185,1873870,3
-4600,14186,1874054,5
-5250,14187,1874151,3
-6550,14188,1874258,3
-1100,14189,1874282,3
-1300,14190,1874298,3
-9600,14191,1874533,4
-2300,14192,1874557,3
-4600,14193,1874656,4
-4150,14194,1874715,3
-4250,14195,1874796,3
-1700,14196,1874808,3
-2000,14197,1874842,3
-5050,14198,1874899,3
-20600,14199,1875285,3
-2650,14200,1875314,3
-2350,14201,1875353,3
-1050,14202,1875469,6
-7300,14203,1875569,3
-11500,14204,1875933,7
-2800,14205,1875971,3
-10000,14206,1876251,5
-6900,14207,1876391,3
-5800,14208,1876469,3
-6950,14209,1876564,3
-8700,14210,1876700,3
-2850,14211,1876729,3
-2750,14212,1876744,3
-3350,14213,1876767,3
-1350,14214,1876852,5
-2900,14215,1876880,3
-5900,14216,1877033,4
-10500,14217,1877254,4
-5650,14218,1877327,3
-18650,14219,1877762,5
-4650,14220,1877913,5
-1700,14221,1877925,3
-2100,14222,1877941,3
-2900,14223,1878001,3
-4200,14224,1878067,3
-4850,14225,1878132,3
-4150,14226,1878171,3
-1300,14227,1878187,3
-1050,14228,1878278,5
-5600,14229,1878360,3
-3850,14230,1878474,4
-1700,14231,1878486,3
-7650,14232,1878607,3
-4900,14233,1878793,5
-1450,14234,1878826,3
-1300,14235,1878846,3
-3550,14236,1878921,3
-2250,14237,1878958,3
-1000,14238,1878972,3
-6350,14239,1879083,3
-2900,14240,1879103,3
-4950,14241,1879190,3
-2300,14242,1879214,3
-6750,14243,1879350,4
2100,14244,1879430,7
-5550,14245,1879591,5
-900,14246,1879603,3
-4900,14247,1879757,5
-20300,14248,1880296,6
-5900,14249,1880388,3
-1250,14250,1880401,3
-1000,14251,1880493,5
-4850,14252,1880558,3
-5600,14253,1880771,6
-1650,14254,1880793,4
-2400,14255,1880815,3
-2150,14256,1880854,3
-2550,14257,1880897,3
-3450,14258,1880975,4
-2350,14259,1880998,3
-6300,14260,1881102,3
-3350,14261,1881133,3
-7550,14262,1881248,3
-2350,14263,1881279,3
-5500,14264,1881364,4
-2150,14265,1881403,3
-8550,14266,1881530,3
700,14267,1881543,4
-750,14268,1881558,3
600,14269,1881585,4
-3700,14270,1881743,5
-2000,14271,1881765,3
-11050,14272,1881954,3
-3000,14273,1881988,3
-9650,14274,1882174,4
-3150,14275,1882217,3
1900,14276,1882284,6
2150,14277,1882384,6
-1400,14278,1882406,3
-2400,14279,1882440,3
-3200,14280,1882470,3
-7700,14281,1882594,3
-11550,14282,1882785,3
-2750,14283,1882804,3
-2750,14284,1882868,4
-9500,14285,1883077,4
0,14286,1883150,6
-4600,14287,1883212,3
-8150,14288,1883343,3
-3100,14289,1883363,3
-350,14290,1883379,4
-3250,14291,1883408,3
-5000,14292,1883494,3
-2850,14293,1883519,3
-4050,14294,1883629,4
-9000,14295,1883832,4
-9000,14296,1884104,5
-3000,14297,1884142,3
-7350,14298,1884257,3
-8550,14299,1884404,3
-1900,14300,1884420,3
-1950,14301,1884431,3
-3700,14302,1884471,3
-4000,14303,1884574,4
-2450,14304,1884591,3
-4200,14305,1884661,3
-1350,14306,1884692,3
-3600,14307,1884758,3
-4750,14308,1884833,3
-5850,14309,1884926,3
-4500,14310,1885006,3
-1700,14311,1885034,3
-4150,14312,1885081,3
-2250,14313,1885106,3
-5350,14314,1885197,3
-1950,14315,1885220,3
-5950,14316,1885455,7
-4050,14317,1885516,3
-7800,14318,1885654,3
-1800,14319,1885680,3
-2250,14320,1885697,3
-3050,14321,1885714,3
-4800,14322,1885768,3
-11400,14323,1885978,3
-3700,14324,1886140,5
-9300,14325,1886312,3
-3150,14326,1886331,3
-8750,14327,1886478,3
-1850,14328,1886495,3
-350,14329,1886510,3
-8350,14330,1886649,3
-3800,14331,1886719,3
-3100,14332,1886784,4
-2800,14333,1886871,4
2500,14334,1886909,5
-2550,14335,1887084,7
-6800,14336,1887218,3
4100,14337,1887307,8
-3900,14338,1887343,3
-4500,14339,1887411,3
-5400,14340,1887599,5
300,14341,1887633,5
-4950,14342,1887720,3
-15100,14343,1888119,6
-2200,14344,1888146,4
-2550,14345,1888173,3
-8150,14346,1888304,3
-1100,14347,1888411,6
-2850,14348,1888542,5
-1950,14349,1888581,3
-1750,14350,1888592,3
-3700,14351,1888624,3
-2200,14352,1888659,4
-2250,14353,1888692,3
-2050,14354,1888725,3
-9250,14355,1888931,4
-1550,14356,1888942,3
-2800,14357,1889046,5
-7300,14358,1889174,3
-2550,14359,1889209,3
-2800,14360,1889271,3
-1750,14361,1889290,3
-4400,14362,1889332,3
-11450,14363,1889586,4
-2900,14364,1889699,4
-4700,14365,1889747,3
-2950,14366,1889774,3
-2600,14367,1889788,3
1050,14368,1889879,7
-2550,14369,1889898,3
-5350,14370,1889977,3
-2450,14371,1890010,3
-3900,14372,1890131,4
-7800,14373,1890261,3
-800,14374,1890353,5
-2200,14375,1890408,4
-4650,14376,1890477,3
-8250,14377,1890594,3
-6600,14378,1890700,3
-2400,14379,1890714,3
-1950,14380,1890725,3
-3200,14381,1890751,3
-9350,14382,1890959,4
-3800,14383,1891021,3
600,14384,1891167,7
-1750,14385,1891194,3
-8500,14386,1891326,3
600,14387,1891390,5
600,14388,1891470,5
-3650,14389,1891519,3
-1250,14390,1891532,3
-2100,14391,1891552,3
-2950,14392,1891575,3
-2200,14393,1891719,5
-2900,14394,1891759,3
-4750,14395,1891858,3
-1300,14396,1891874,3
-7750,14397,1892103,5
-10200,14398,1892298,4
-3700,14399,1892342,3
-3550,14400,1892377,3
-7750,14401,1892524,3
-1600,14402,1892546,3
-5000,14403,1892652,3
-10950,14404,1892860,4
-8450,14405,1893206,8
-4050,14406,1893267,3
-2350,14407,1893282,3
-2350,14408,1893317,3
3850,14409,1893372,7
-1200,14410,1893407,4
-4550,14411,1893462,3
-3600,14412,1893492,3
-4250,14413,1893553,3
-2050,14414,1893574,3
-1300,14415,1893590,3
-5750,14416,1893718,4
-2950,14417,1893753,3
-9300,14418,1893934,4
-1850,14419,1893951,3
-11250,14420,1894189,4
-4450,14421,1894242,3
-3350,14422,1894277,3
-4950,14423,1894332,3
-1200,14424,1894477,6
-6550,14425,1894596,3
-3250,14426,1894637,3
-1850,14427,1894670,3
-3400,14428,1894708,3
-1250,14429,1894725,3
-1900,14430,1894737,3
-3400,14431,1894816,4
-3650,14432,1894943,5
-2550,14433,1894966,3
-8700,14434,1895138,3
-2000,14435,1895156,3
-16650,14436,1895510,4
-2050,14437,1895527,3
-2250,14438,1895548,3
-29800,14439,1896126,3
-8350,14440,1896257,3
-700,14441,1896294,4
-8450,14442,1896472,4
-4200,14443,1896530,3
-11950,14444,1896765,3
-6550,14445,1896856,3
-4050,14446,1896933,3
-8750,14447,1897108,3
-9600,14448,1897299,4
-9400,14449,1897514,4
-10100,14450,1897739,4
-1950,14451,1897754,3
-7300,14452,1897895,4
-3000,14453,1897917,3
-11650,14454,1898175,4
600,14455,1898198,4
1950,14456,1898300,8
-2300,14457,1898324,3
-2650,14458,1898361,3
-750,14459,1898405,4
-12200,14460,1898676,4
-3450,14461,1898778,4
-3950,14462,1898813,3
-2400,14463,1898835,3
-3650,14464,1898880,3
-6700,14465,1898988,3
-2200,14466,1899002,3
-2550,14467,1899107,5
-300,14468,1899284,8
-3700,14469,1899320,3
-4850,14470,1899373,3
-3750,14471,1899424,3
-2450,14472,1899449,3
600,14473,1899530,6
-5900,14474,1899627,4
-6650,14475,1899732,3
-2400,14476,1900007,8
-5050,14477,1900092,3
-7500,14478,1900216,3
-3650,14479,1900285,3
-4650,14480,1900391,4
-3000,14481,1900421,3
-4400,14482,1900467,3
-3150,14483,1900588,5
-2900,14484,1900624,3
-2150,14485,1900647,3
-3050,14486,1900664,3
-6850,14487,1900814,4
900,14488,1900840,5
-3750,14489,1900879,3
-8000,14490,1901009,3
-5950,14491,1901149,4
-13850,14492,1901467,4
-1650,14493,1901500,3
-8000,14494,1901622,3
-3750,14495,1901653,3
-1850,14496,1901690,3
-900,14497,1901853,6
-7900,14498,1902006,4
-3100,14499,1902091,4
-9150,14500,1902250,3
-5700,14501,1902400,5
-3000,14502,1902430,3
-1800,14503,1902448,3
-1150,14504,1902463,3
-10750,14505,1902732,5
-9900,14506,1902900,3
2500,14507,1902971,6
-6200,14508,1903057,3
-3100,14509,1903109,3
-3100,14510,1903141,3
-4000,14511,1903195,3
-11000,14512,1903390,4
-3200,14513,1903428,3
-1750,14514,1903451,3
-150,14515,1903569,6
-6550,14516,1903672,3
-4750,14517,1903776,4
-2450,14518,1903890,4
-1200,14519,1903912,3
1150,14520,1903975,5
-6100,14521,1904059,3
-2950,14522,1904122,3
350,14523,1904177,5
-4150,14524,1904232,3
-3650,14525,1904293,3
-4250,14526,1904350,3
-2100,14527,1904366,3
-2550,14528,1904488,6
-19000,14529,1904854,3
-15850,14530,1905135,3
-15650,14531,1905421,4
-3650,14532,1905450,3
-1500,14533,1905569,6
250,14534,1905581,4
-7450,14535,1905726,3
1600,14536,1905803,6
-4400,14537,1905865,3
-2000,14538,1905875,3
-3200,14539,1905897,3
-18650,14540,1906316,5
-1400,14541,1906404,5
700,14542,1906430,5
-3100,14543,1906454,3
-5150,14544,1906517,3
-1800,14545,1906543,3
-4950,14546,1906606,3
-2150,14547,1906617,3
-6650,14548,1906714,3
-2700,14549,1906738,3
-8000,14550,1906856,3
-2800,14551,1906894,3
-1250,14552,1906911,3
-5550,14553,1907031,4
-750,14554,1907067,4
-2800,14555,1907109,3
-4250,14556,1907166,3
-3350,14557,1907197,3
-6750,14558,1907288,3
-4400,14559,1907330,3
-2950,14560,1907385,3
-6500,14561,1907481,3
-11250,14562,1907747,4
200,14563,1907758,4
-4650,14564,1907868,4
-1500,14565,1907974,5
-3850,14566,1908088,4
-12550,14567,1908315,3
-7100,14568,1908452,4
-14550,14569,1908732,4
-3750,14570,1908799,3
850,14571,1908881,6
-3150,14572,1908900,3
-7150,14573,1909027,3
-4000,14574,1909073,3
-2450,14575,1909098,3
-3400,14576,1909136,3
-5100,14577,1909196,3
-4050,14578,1909233,3
-4550,14579,1909337,4
-700,14580,1909349,3
-600,14581,1909425,5
-9650,14582,1909623,4
-3950,14583,1909698,3
-5100,14584,1909758,3
-2050,14585,1909927,7
-2750,14586,1909942,3
-1150,14587,1909957,3
-4350,14588,1910036,3
-2750,14589,1910075,3
-17100,14590,1910395,3
-5000,14591,1910497,3
-950,14592,1910508,3
-5550,14593,1910611,3
-1850,14594,1910656,3
-3750,14595,1910723,3
-3800,14596,1910801,3
-7000,14597,1910936,4
-7850,14598,1911065,3
-5350,14599,1911168,3
-2750,14600,1911211,3
-15800,14601,1911517,3
-7900,14602,1911645,3
-1800,14603,1911667,3
-2300,14604,1911679,3
-7200,14605,1911830,4
-8350,14606,1911961,3
-14800,14607,1912309,5
-950,14608,1912345,4
-2950,14609,1912397,4
-2300,14610,1912413,3
-3000,14611,1912435,3
-4650,14612,1912512,3
-2900,14613,1912536,3
-2900,14614,1912675,6
-1550,14615,1912706,3
-8600,14616,1912856,3
-3550,14617,1912915,3
-5700,14618,1912991,3
-2000,14619,1913001,3
-11600,14620,1913248,4
-4650,14621,1913297,3
-14000,14622,1913555,3
-2350,14623,1913570,3
900,14624,1913628,5
-2350,14625,1913676,4
-200,14626,1913687,4
-2350,14627,1913738,3
-8900,14628,1913886,3
-3100,14629,1913938,3
-6150,14630,1914033,3
-50,14631,1914330,11
-2100,14632,1914354,3
-4650,14633,1914452,4
-3100,14634,1914516,3
-2100,14635,1914602,5
-150,14636,1914618,4
-5750,14637,1914738,4
-1050,14638,1914759,3
50,14639,1914812,5
-3450,14640,1914853,3
-2300,14641,1914877,3
-3350,14642,1914920,3
-3650,14643,1914953,3
-3800,14644,1915003,3
200,14645,1915084,6
0,14646,1915140,5
-5900,14647,1915232,3
-3150,14648,1915267,3
-1100,14649,1915291,3
-850,14650,1915407,6
-5800,14651,1915485,3
-4850,14652,1915632,5
-5000,14653,1915694,3
-1850,14654,1915883,7
-7150,14655,1915990,3
-2650,14656,1916023,3
-1350,14657,1916046,3
650,14658,1916141,7
-3350,14659,1916168,3
-5550,14660,1916288,4
1300,14661,1916363,6
-2150,14662,1916374,3
-3800,14663,1916416,3
-3900,14664,1916619,6
-2450,14665,1916706,5
-8400,14666,1916901,4
-2300,14667,1916925,3
-7050,14668,1917042,3
-2050,14669,1917146,6
-4100,14670,1917194,3
-3850,14671,1917231,3
-5150,14672,1917367,4
-1650,14673,1917417,4
-5300,14674,1917489,3
-2850,14675,1917542,3
0,14676,1917578,5
150,14677,1917596,4
-6700,14678,1917704,3
-9800,14679,1917919,4
-2600,14680,1917949,3
-6000,14681,1918076,4
-250,14682,1918094,4
-2700,14683,1918126,3
-8550,14684,1918261,3
-3200,14685,1918295,3
-3400,14686,1918353,3
-6250,14687,1918548,5
-5650,14688,1918621,3
-3150,14689,1918803,6
-1900,14690,1918843,3
-7500,14691,1918963,3
-8050,14692,1919104,3
-6350,14693,1919195,3
-2300,14694,1919227,3
-5200,14695,1919366,4
-5850,14696,1919439,3
-2900,14697,1919455,3
-3800,14698,1919489,3
-2000,14699,1919507,3
-2400,14700,1919541,3
-1750,14701,1919626,5
-11850,14702,1919880,4
-4850,14703,1919957,3
-4600,14704,1920043,3
-1850,14705,1920060,3
-5400,14706,1920154,3
-1900,14707,1920170,3
-5750,14708,1920298,4
-6000,14709,1920404,3
-7000,14710,1920510,3
-3500,14711,1920558,3
-4250,14712,1920623,3
-7350,14713,1920803,4
250,14714,1920990,7
-1000,14715,1921000,3
-350,14716,1921015,3
-11000,14717,1921234,4
-3150,14718,1921273,3
-2450,14719,1921306,3
-2000,14720,1921320,3
-2900,14721,1921352,3
-1900,14722,1921483,6
-7900,14723,1921619,3
-3850,14724,1921680,3
-4050,14725,1921782,4
-850,14726,1921943,7
-4750,14727,1922014,3
-1850,14728,1922031,3
-1350,14729,1922046,3
-7000,14730,1922173,4
-5150,14731,1922268,3
-1500,14732,1922288,3
-16050,14733,1922675,5
-3350,14734,1922710,3
-1900,14735,1922722,3
-5500,14736,1922897,6
-5350,14737,1923156,7
-2600,14738,1923174,3
-5650,14739,1923271,3
-2650,14740,1923316,3
-10950,14741,1923572,4
-2000,14742,1923594,3
-2700,14743,1923630,3
-2300,14744,1923642,3
-9150,14745,1923822,4
-3600,14746,1923860,3
-10450,14747,1924177,7
-3050,14748,1924202,3
-6300,14749,1924298,3
-3000,14750,1924356,3
-900,14751,1924368,3
-5850,14752,1924449,3
-2450,14753,1924462,3
-5900,14754,1924662,7
-1000,14755,1924725,4
1450,14756,1924742,5
-4300,14757,1924802,3
-6200,14758,1924941,4
-4700,14759,1925005,3
-10950,14760,1925249,4
-2700,14761,1925277,3
-8950,14762,1925436,3
-7200,14763,1925566,3
-6050,14764,1925659,3
-7900,14765,1925779,3
-4750,14766,1925948,5
-1800,14767,1925970,3
-3100,14768,1926018,3
-5550,14769,1926101,3
-8950,14770,1926284,3
-7750,14771,1926419,3
-10700,14772,1926587,3
-5100,14773,1926737,5
-5900,14774,1926821,3
-2800,14775,1926847,3
-5250,14776,1926924,3
-3450,14777,1926965,3
-1850,14778,1926974,3
300,14779,1927008,5
-4700,14780,1927125,4
-3450,14781,1927162,3
-5850,14782,1927304,4
-6000,14783,1927382,3
-1500,14784,1927402,3
-7200,14785,1927618,5
-6850,14786,1927711,3
-5350,14787,1927823,4
-10850,14788,1928020,3
-5900,14789,1928108,3
-4000,14790,1928146,3
-3750,14791,1928185,3
-6250,14792,1928270,3
-6200,14793,1928417,4
-4300,14794,1928477,3
-2700,14795,1928509,3
-7250,14796,1928639,4
-8950,14797,1928786,3
-1750,14798,1928825,3
-5500,14799,1928921,3
-6350,14800,1929016,3
-3150,14801,1929055,3
-12250,14802,1929285,4
-6000,14803,1929391,3
-4100,14804,1929439,3
-7700,14805,1929555,3
-850,14806,1929593,4
50,14807,1929662,5
-7950,14808,1929785,3
-1950,14809,1929849,4
0,14810,1929925,5
-3250,14811,1929970,3
-2350,14812,1930009,3
-2550,14813,1930052,3
1050,14814,1930085,5
-3450,14815,1930134,3
-6550,14816,1930225,3
5550,14817,1930369,10
-2100,14818,1930389,3
-8900,14819,1930569,3
2250,14820,1930626,5
-2650,14821,1930844,8
1250,14822,1930865,5
-7750,14823,1930996,3
-7200,14824,1931118,3
-1700,14825,1931167,4
-9950,14826,1931391,4
-1900,14827,1931436,4
-18050,14828,1931798,4
-6700,14829,1931976,5
-5700,14830,1932056,3
-2550,14831,1932107,3
-7100,14832,1932219,3
-2350,14833,1932238,3
-3450,14834,1932311,3
-2300,14835,1932355,3
-4050,14836,1932424,3
-3150,14837,1932479,3
-6100,14838,1932567,3
-2750,14839,1932614,3
1600,14840,1932654,5
-350,14841,1932719,5
-8250,14842,1932856,3
-3150,14843,1932879,3
-1050,14844,1932975,6
-8700,14845,1933250,6
-6100,14846,1933342,3
-11200,14847,1933560,3
-6350,14848,1933659,3
-2700,14849,1933683,3
-5250,14850,1933785,4
-3350,14851,1933804,3
-1350,14852,1933819,3
-3300,14853,1933883,3
-4900,14854,1933959,3
-2450,14855,1933988,3
-2150,14856,1934007,3
-3850,14857,1934101,4
-17050,14858,1934414,3
-3100,14859,1934462,3
-5300,14860,1934571,4
-4100,14861,1934611,3
-2300,14862,1934631,3
450,14863,1934680,5
-3150,14864,1934805,5
-4150,14865,1934877,4
-1450,14866,1934902,3
-750,14867,1934954,4
550,14868,1934988,4
-11400,14869,1935297,6
-2250,14870,1935310,3
-3300,14871,1935334,3
-2500,14872,1935378,3
-1750,14873,1935454,4
-3250,14874,1935573,5
-9000,14875,1935739,3
-3900,14876,1935832,4
-2300,14877,1935860,3
-3050,14878,1935905,3
-9300,14879,1936065,3
-5050,14880,1936138,3
-450,14881,1936151,3
-3900,14882,1936309,5
-5550,14883,1936412,3
-12600,14884,1936651,4
-2600,14885,1936693,3
-5800,14886,1936783,3
-2350,14887,1936798,3
-9900,14888,1936950,3
-4300,14889,1937059,4
-4600,14890,1937105,3
-3400,14891,1937143,3
-1550,14892,1937170,3
-4200,14893,1937228,3
-2650,14894,1937410,8
-10200,14895,1937572,3
-2850,14896,1937597,3
-5550,14897,1937664,3
-1350,14898,1937683,3
-4150,14899,1937726,3
-8050,14900,1937863,3
-4550,14901,1937950,3
-3400,14902,1938053,4
-850,14903,1938087,4
-2500,14904,1938107,3
-2250,14905,1938189,4
-2700,14906,1938282,4
-4550,14907,1938386,4
-2700,14908,1938422,3
-4050,14909,1938495,3
-4000,14910,1938549,3
-7700,14911,1938673,3
-4650,14912,1938766,3
-5400,14913,1938877,4
1300,14914,1938964,6
-2250,14915,1938981,3
-4850,14916,1939062,3
-3850,14917,1939107,3
-2300,14918,1939119,3
-2000,14919,1939203,5
-3600,14920,1939253,3
-2150,14921,1939264,3
-4050,14922,1939325,3
-6450,14923,1939455,4
-3300,14924,1939491,3
-3300,14925,1939560,4
-5650,14926,1939661,3
-3250,14927,1939843,8
-5100,14928,1939993,5
-4950,14929,1940084,3
-1050,14930,1940130,4
-950,14931,1940203,5
-4450,14932,1940260,3
-4450,14933,1940305,3
-4650,14934,1940362,3
-5700,14935,1940536,5
-5650,14936,1940621,3
-2950,14937,1940660,3
-750,14938,1940675,3
-1400,14939,1940693,3
-1850,14940,1940714,3
-2800,14941,1940772,3
-1600,14942,1940872,5
-3750,14943,1940939,3
-2750,14944,1940966,3
-20050,14945,1941396,4
-3500,14946,1941428,3
-7250,14947,1941557,3
-9100,14948,1941717,3
-4100,14949,1941834,4
-10100,14950,1942014,3
-15000,14951,1942288,3
-4150,14952,1942335,3
-4300,14953,1942415,3
-6550,14954,1942526,3
-11100,14955,1942759,4
-6650,14956,1942885,4
-2850,14957,1942930,3
-8700,14958,1943119,4
-2200,14959,1943145,3
850,14960,1943232,7
-2750,14961,1943271,3
-12450,14962,1943525,4
-9000,14963,1943789,5
-3400,14964,1943942,6
-7650,14965,1944083,3
-5600,14966,1944169,3
-8100,14967,1944305,3
-6800,14968,1944415,3
-2900,14969,1944451,3
4250,14970,1944514,7
-9300,14971,1944776,5
-1850,14972,1944859,5
-3100,14973,1944915,3
-5800,14974,1945013,3
-2000,14975,1945035,3
-4650,14976,1945149,4
-4150,14977,1945200,3
-3850,14978,1945269,3
-2300,14979,1945346,4
-6200,14980,1945440,3
-4300,14981,1945500,3
-950,14982,1945531,3
-1300,14983,1945638,6
-2950,14984,1945673,3
-3900,14985,1945822,4
-2650,14986,1945847,3
-6550,14987,1946048,5
-1050,14988,1946069,3
-3600,14989,1946131,3
-3950,14990,1946215,4
-3800,14991,1946253,3
-3200,14992,1946295,3
-19700,14993,1946655,3
-8950,14994,1946904,5
-1400,14995,1946930,3
-2900,14996,1946966,3
-2900,14997,1946998,3
-1500,14998,1947084,5
-4750,14999,1947151,3
-3400,15000,1947181,3
-6200,15001,1947279,3
-3250,15002,1947324,3
-4100,15003,1947416,3
-3250,15004,1947465,3
-7100,15005,1947561,3
700,15006,1947574,4
150,15007,1947670,6
-550,15008,1947869,7
-550,15009,1947913,4
-5650,15010,1948112,5
-12550,15011,1948429,5
-4400,15012,1948495,3
-3200,15013,1948525,3
-2050,15014,1948542,3
250,15015,1948579,5
-1500,15016,1948701,5
-2500,15017,1948729,3
-4200,15018,1948787,3
-17600,15019,1949166,4
-3350,15020,1949201,3
-2550,15021,1949232,3
1450,15022,1949309,5
-5100,15023,1949401,3
-3850,15024,1949454,3
-2900,15025,1949470,3
-600,15026,1949480,3
-4850,15027,1949549,3
-2300,15028,1949581,3
-3800,15029,1949705,5
-5750,15030,1949866,5
-5100,15031,1949943,4
-2800,15032,1950105,7
-2450,15033,1950118,3
-5850,15034,1950215,3
-7000,15035,1950366,4
-2550,15036,1950397,3
-4150,15037,1950521,4
-4600,15038,1950623,3
-3850,15039,1950790,5
-6650,15040,1950919,3
-4650,15041,1950984,3
-5450,15042,1951057,3
-2000,15043,1951079,3
-7250,15044,1951192,3
-11400,15045,1951398,3
-850,15046,1951411,3
-12450,15047,1951636,3
-6000,15048,1951746,3
-3350,15049,1951854,4
-7200,15050,1951992,3
-3500,15051,1952028,3
-8450,15052,1952157,3
-2100,15053,1952177,3
-2600,15054,1952199,3
-600,15055,1952217,3
-1000,15056,1952231,3
-10250,15057,1952514,5
-1400,15058,1952532,3
-3150,15059,1952567,3
-9300,15060,1952821,5
-4600,15061,1952871,3
-4550,15062,1952930,3
-4150,15063,1952997,3
-1900,15064,1953009,3
-3000,15065,1953120,4
-6050,15066,1953201,3
-2100,15067,1953213,3
-3250,15068,1953262,3
-4350,15069,1953333,3
-5850,15070,1953446,3
-9400,15071,1953616,3
-13050,15072,1953881,3
-6950,15073,1953996,3
-1800,15074,1954063,4
450,15075,1954099,4
-4800,15076,1954185,3
-10400,15077,1954351,3
-2400,15078,1954381,3
-12450,15079,1954679,4
-4600,15080,1954765,3
-1250,15081,1954795,4
-13050,15082,1955134,5
-3850,15083,1955212,4
-1600,15084,1955250,3
-5300,15085,1955363,4
-1900,15086,1955375,3
-2550,15087,1955398,3
-5400,15088,1955533,4
-3550,15089,1955580,3
-6250,15090,1955681,3
-2700,15091,1955795,5
-2600,15092,1955829,3
-3950,15093,1955880,3
-1900,15094,1955904,3
1800,15095,1955948,5
-4000,15096,1956026,3
-6300,15097,1956126,3
-11200,15098,1956344,3
-26850,15099,1956845,3
-1950,15100,1956856,3
-1000,15101,1956878,3
-11050,15102,1957055,3
-4300,15103,1957136,4
-3600,15104,1957178,3
-6900,15105,1957278,3
-2400,15106,1957349,4
-1950,15107,1957380,3
-4350,15108,1957431,3
-8400,15109,1957577,3
-3000,15110,1957599,3
-2650,15111,1957616,3
-2100,15112,1957632,3
-3100,15113,1957668,3
-4000,15114,1957767,4
-1350,15115,1957782,3
-1100,15116,1957823,4
-2950,15117,1957858,3
-3250,15118,1957883,3
-6050,15119,1957972,3
-1600,15120,1957990,3
-7350,15121,1958105,3
-3800,15122,1958254,6
-8400,15123,1958392,3
-1600,15124,1958418,3
-1050,15125,1958435,3
-1750,15126,1958564,5
-2750,15127,1958591,3
-4950,15128,1958650,3
-4100,15129,1958885,6
-6500,15130,1958997,3
-9650,15131,1959158,3
-5600,15132,1959289,4
-2250,15133,1959327,4
-2650,15134,1959376,3
-6500,15135,1959488,3
-3050,15136,1959517,3
-4000,15137,1959551,3
-6750,15138,1959654,3
-850,15139,1959672,4
-5300,15140,1959764,3
-5600,15141,1959854,3
-3250,15142,1959981,5
-4750,15143,1960093,4
-1150,15144,1960104,3
-8450,15145,1960396,6
-6050,15146,1960477,3
-8000,15147,1960619,3
-4850,15148,1960712,3
-3550,15149,1960759,3
-2750,15150,1960855,4
-5050,15151,1960936,3
-900,15152,1960960,3
-8600,15153,1961106,3
-1950,15154,1961121,3
-4400,15155,1961216,4
-3100,15156,1961335,6
-3850,15157,1961392,3
-3900,15158,1961456,3
-2150,15159,1961487,3
-4100,15160,1961531,3
-2350,15161,1961558,3
-2100,15162,1961586,3
-4000,15163,1961685,4
-1650,15164,1961796,5
-9300,15165,1961944,3
-4600,15166,1962006,3
-2050,15167,1962023,3
-3000,15168,1962045,3
-5250,15169,1962118,3
-2150,15170,1962178,4
-1600,15171,1962196,3
-4000,15172,1962242,3
950,15173,1962317,5
-4700,15174,1962377,3
-5050,15175,1962450,3
0,15176,1962515,6
-3300,15177,1962707,7
-3300,15178,1962763,3
-4050,15179,1962816,3
-5250,15180,1962877,3
-2200,15181,1962915,3
0,15182,1962934,4
1800,15183,1962994,5
1000,15184,1963047,6
-4350,15185,1963216,5
-2300,15186,1963256,3
-7400,15187,1963374,3
-8000,15188,1963516,3
-4700,15189,1963564,3
-8500,15190,1963757,4
-5100,15191,1963837,3
-2050,15192,1963870,3
-4500,15193,1963967,4
-2750,15194,1964097,6
-5950,15195,1964188,3
-3800,15196,1964222,3
-5550,15197,1964309,3
-3350,15198,1964340,3
-6850,15199,1964469,3
-6000,15200,1964563,3
-3400,15201,1964601,3
-2500,15202,1964633,3
-13000,15203,1964884,4
-14150,15204,1965156,4
-3450,15205,1965181,3
-1750,15206,1965237,4
-2700,15207,1965265,3
-5800,15208,1965343,3
-2900,15209,1965367,3
-7250,15210,1965468,3
-2350,15211,1965499,3
1000,15212,1965547,5
-1450,15213,1965626,5
-6100,15214,1965706,3
-1650,15215,1965727,3
-20000,15216,1966109,3
-7850,15217,1966234,3
-7800,15218,1966352,3
-4850,15219,1966421,3
-4000,15220,1966536,4
-2450,15221,1966569,3
1700,15222,1966652,6
-3600,15223,1966678,3
-1050,15224,1966695,3
-3300,15225,1966755,3
-2550,15226,1966835,4
-7850,15227,1966948,3
-2100,15228,1966976,3
-5250,15229,1967069,3
-2750,15230,1967104,3
-2350,15231,1967123,3
-4050,15232,1967184,3
-14700,15233,1967476,3
-3300,15234,1967528,3
-4600,15235,1967578,3
-2600,15236,1967636,3
-7800,15237,1967799,4
-8250,15238,1968018,5
-2950,15239,1968065,3
-2300,15240,1968085,3
-2300,15241,1968129,3
-7400,15242,1968259,3
-4500,15243,1968339,3
3450,15244,1968459,8
-15450,15245,1968789,4
-14850,15246,1969046,3
-3550,15247,1969081,3
-5350,15248,1969205,4
-3150,15249,1969248,3
-4500,15250,1969361,4
1750,15251,1969455,8
-3250,15252,1969496,3
-500,15253,1969599,6
-2450,15254,1969628,3
-4450,15255,1969742,4
-3950,15256,1969777,3
-100,15257,1969871,5
-8650,15258,1970008,3
-6750,15259,1970246,6
-4950,15260,1970333,3
-7050,15261,1970458,3
-3750,15262,1970493,3
-5000,15263,1970784,8
-4850,15264,1970889,3
-8300,15265,1971025,3
-5050,15266,1971086,3
-2850,15267,1971209,5
-750,15268,1971233,4
-6200,15269,1971327,3
-3100,15270,1971351,3
-2900,15271,1971379,3
2300,15272,1971438,6
-3450,15273,1971512,4
-11400,15274,1971722,3
-2750,15275,1971765,3
-6600,15276,1971875,3
-2700,15277,1971903,3
-6750,15278,1972002,3
-5150,15279,1972126,4
-1200,15280,1972136,3
800,15281,1972184,5
-7500,15282,1972337,4
-2550,15283,1972491,6
-7450,15284,1972608,3
-5800,15285,1972690,3
-8000,15286,1972832,3
-2400,15287,1972854,3
-5850,15288,1972943,3
-3550,15289,1972978,3
-2350,15290,1973075,5
-3900,15291,1973155,3
-11100,15292,1973445,5
-850,15293,1973462,3
-2750,15294,1973481,3
-4450,15295,1973550,3
-2300,15296,1973578,3
-3250,15297,1973623,3
-2600,15298,1973645,3
-3900,15299,1973705,3
-2400,15300,1973723,3
-7150,15301,1973818,3
-6400,15302,1973936,3
-3700,15303,1974110,5
-2450,15304,1974135,3
-1700,15305,1974155,3
-10150,15306,1974342,3
-2200,15307,1974372,3
-3200,15308,1974390,3
-2050,15309,1974419,3
-6750,15310,1974534,3
-6400,15311,1974620,3
-3950,15312,1974687,3
-2850,15313,1974728,3
-11400,15314,1974987,4
-4200,15315,1975033,3
-2650,15316,1975054,3
-4900,15317,1975118,3
-6900,15318,1975275,4
-2450,15319,1975407,6
-5600,15320,1975485,3
-9900,15321,1975801,7
-9550,15322,1975964,3
-6400,15323,1976046,3
-10500,15324,1976222,3
-4100,15325,1976298,3
-4200,15326,1976487,6
-3000,15327,1976550,4
-10000,15328,1976736,3
-2150,15329,1976747,3
-3000,15330,1976765,3
-12750,15331,1976996,3
-1850,15332,1977005,3
-4250,15333,1977050,3
-2250,15334,1977087,3
-6050,15335,1977168,3
-2150,15336,1977191,3
-13700,15337,1977689,9
-5050,15338,1977864,5
-5350,15339,1977943,3
-950,15340,1978032,5
-4000,15341,1978123,4
-5750,15342,1978206,3
-2400,15343,1978306,5
-5650,15344,1978404,4
-2900,15345,1978432,3
-1900,15346,1978517,4
-1850,15347,1978595,4
-1650,15348,1978616,3
-3700,15349,1978705,4
-3100,15350,1978733,3
-5000,15351,1978815,3
-550,15352,1978835,4
-2300,15353,1978871,3
-7400,15354,1978997,3
-2450,15355,1979022,3
-3450,15356,1979116,4
900,15357,1979142,5
-2700,15358,1979182,3
-2650,15359,1979235,3
-7500,15360,1979379,3
-3550,15361,1979454,3
-1750,15362,1979485,3
-2050,15363,1979502,3
-400,15364,1979513,4
-2550,15365,1979552,3
-7150,15366,1979712,4
-4800,15367,1979802,3
-2950,15368,1979890,4
-6000,15369,1979996,3
550,15370,1980010,4
-9050,15371,1980245,5
-1350,15372,1980346,5
-11100,15373,1980546,3
-1200,15374,1980568,3
-1100,15375,1980629,4
-2150,15376,1980656,3
-3500,15377,1980692,3
-5050,15378,1980757,3
-2100,15379,1980876,6
-8550,15380,1981043,3
-4500,15381,1981111,3
-4500,15382,1981229,5
-6150,15383,1981328,3
-600,15384,1981436,5
-10150,15385,1981619,3
-5250,15386,1981692,3
-2000,15387,1981702,3
-4800,15388,1981772,3
-3800,15389,1981806,3
-7800,15390,1981993,4
-2600,15391,1982043,3
-3850,15392,1982116,3
-3250,15393,1982153,3
-8200,15394,1982291,3
-3100,15395,1982315,3
-3350,15396,1982354,3
-3600,15397,1982380,3
-1300,15398,1982412,3
-1150,15399,1982427,3
-4650,15400,1982537,4
-2950,15401,1982572,3
-3500,15402,1982796,7
-8150,15403,1982923,3
-3950,15404,1982986,3
-5850,15405,1983055,3
-2550,15406,1983106,3
-14350,15407,1983365,3
-2450,15408,1983394,3
-2100,15409,1983442,3
2900,15410,1983525,6
-2950,15411,1983544,3
-2650,15412,1983703,5
-6450,15413,1983841,4
-3000,15414,1983879,3
1700,15415,1983963,7
-7900,15416,1984091,3
-8100,15417,1984227,3
-800,15418,1984246,4
-3550,15419,1984330,4
-1050,15420,1984347,3
-3500,15421,1984424,4
-8500,15422,1984560,3
-2000,15423,1984574,3
-14100,15424,1984863,4
-4350,15425,1984922,3
-1050,15426,1985051,7
-2750,15427,1985070,3
-4650,15428,1985147,3
-1200,15429,1985161,3
-9500,15430,1985317,3
-17450,15431,1985659,4
-5350,15432,1985754,3
-1750,15433,1985765,3
-8650,15434,1985922,3
-7750,15435,1986128,6
-3350,15436,1986179,3
-8400,15437,1986326,4
-12500,15438,1986554,3
-2850,15439,1986591,3
-6100,15440,1986711,3
-5300,15441,1986885,5
-14400,15442,1987147,3
-700,15443,1987167,3
-7850,15444,1987296,3
-2850,15445,1987313,3
-2300,15446,1987337,3
-2800,15447,1987416,4
850,15448,1987436,4
-1750,15449,1987487,3
-3050,15450,1987552,3
-4800,15451,1987618,3
-6600,15452,1987720,3
-1850,15453,1987733,3
200,15454,1987748,4
-13150,15455,1988007,3
-2350,15456,1988026,3
-1400,15457,1988040,3
-3950,15458,1988075,3
-15150,15459,1988404,5
-5400,15460,1988498,3
-4650,15461,1988567,3
-8050,15462,1988713,4
-2000,15463,1988723,3
-1750,15464,1988791,4
-3700,15465,1988884,4
-400,15466,1988894,3
3550,15467,1988976,8
1100,15468,1989079,6
-1900,15469,1989107,3
-2750,15470,1989183,4
-4300,15471,1989231,3
-6600,15472,1989341,3
-2300,15473,1989373,3
-6650,15474,1989498,3
-450,15475,1989515,3
-11450,15476,1989716,3
-3500,15477,1989777,4
-4700,15478,1989857,3
-8350,15479,1990024,3
-1850,15480,1990041,3
-1850,15481,1990062,3
-2350,15482,1990085,3
-4050,15483,1990150,3
-1150,15484,1990194,4
-1850,15485,1990227,3
-5200,15486,1990354,4
-400,15487,1990431,6
-2950,15488,1990474,3
-3600,15489,1990548,3
-2450,15490,1990601,3
-3600,15491,1990635,3
-5400,15492,1990721,3
-9200,15493,1990883,3
-6150,15494,1990982,3
-4650,15495,1991051,3
-1350,15496,1991070,3
-4450,15497,1991143,3
-1900,15498,1991163,3
-12950,15499,1991390,3
-5700,15500,1991519,4
-3700,15501,1991641,5
-2250,15502,1991670,3
-3150,15503,1991705,3
-2650,15504,1991730,3
-3150,15505,1991781,3
3350,15506,1991829,6
-6650,15507,1992020,5
-5300,15508,1992084,3
-3600,15509,1992175,4
-4700,15510,1992247,3
200,15511,1992331,5
-3200,15512,1992365,3
-1300,15513,1992381,3
-1800,15514,1992403,3
-2800,15515,1992445,3
-2450,15516,1992458,3
-1150,15517,1992473,3
-3200,15518,1992491,3
-8250,15519,1992673,4
150,15520,1992875,8
-7500,15521,1993097,5
850,15522,1993118,5
-4850,15523,1993199,3
-2450,15524,1993261,4
-4700,15525,1993325,3
-12050,15526,1993554,3
-6600,15527,1993668,3
-2750,15528,1993683,3
-5450,15529,1993825,4
-1400,15530,1993839,3
-17400,15531,1994161,3
-2100,15532,1994177,3
-4050,15533,1994242,3
-3700,15534,1994351,4
450,15535,1994375,4
-2900,15536,1994411,3
-4000,15537,1994465,3
-2200,15538,1994483,3
-2250,15539,1994533,4
-12700,15540,1994769,3
-3450,15541,1994908,5
-4850,15542,1994977,3
-3550,15543,1995028,3
-1450,15544,1995057,3
-2450,15545,1995090,3
-5050,15546,1995171,3
-5400,15547,1995257,3
-2250,15548,1995344,5
-1750,15549,1995367,3
-2400,15550,1995389,3
-7350,15551,1995533,4
-5250,15552,1995626,3
-4050,15553,1995691,3
-4950,15554,1995762,3
-2300,15555,1995802,3
-4000,15556,1995852,3
-1750,15557,1995867,3
-3200,15558,1995897,3
-1200,15559,1995923,3
-5000,15560,1996005,3
-1500,15561,1996017,3
-4500,15562,1996109,3
-1500,15563,1996125,3
-2000,15564,1996135,3
-5900,15565,1996243,3
-3850,15566,1996280,3
-1000,15567,1996306,3
-11100,15568,1996609,6
-3700,15569,1996637,3
-3000,15570,1996663,3
-13950,15571,1997004,5
-15250,15572,1997265,3
-12800,15573,1997540,4
-2750,15574,1997591,3
-20300,15575,1998012,4
-7200,15576,1998114,3
-4400,15577,1998200,3
-4850,15578,1998297,3
-2200,15579,1998343,3
-1500,15580,1998429,5
-18400,15581,1998759,3
-7500,15582,1998883,3
-2650,15583,1998916,3
-7750,15584,1999039,3
-7850,15585,1999192,3
-3350,15586,1999346,6
-2200,15587,1999376,3
-9000,15588,1999567,4
-6450,15589,1999668,3
-4100,15590,1999736,3
1700,15591,1999795,6
-2350,15592,1999847,4
-14150,15593,2000086,3
-4050,15594,2000123,3
-6150,15595,2000271,4
-3200,15596,2000297,3
-3800,15597,2000347,3
-1950,15598,2000362,3
-2900,15599,2000382,3
350,15600,2000433,5
2650,15601,2000515,6
-5100,15602,2000591,3
-7900,15603,2000727,3
-2600,15604,2000753,3
-2350,15605,2000780,3
-6450,15606,2000881,3
-2400,15607,2000997,5
-3300,15608,2001049,3
-2350,15609,2001113,4
-2250,15610,2001130,3
-7250,15611,2001243,3
-7000,15612,2001337,3
2850,15613,2001404,7
-3850,15614,2001457,3
-6500,15615,2001626,4
-5750,15616,2001701,3
-9400,15617,2001884,4
-2150,15618,2001907,3
-6350,15619,2002002,3
-3700,15620,2002034,3
-6200,15621,2002144,3
-2750,15622,2002159,3
-7400,15623,2002363,5
-1800,15624,2002393,3
-2250,15625,2002422,3
-3850,15626,2002488,4
0,15627,2002564,5
-3700,15628,2002608,3
-1900,15629,2002620,3
-4550,15630,2002700,4
-15950,15631,2003028,4
-2200,15632,2003054,3
-1950,15633,2003089,3
-4050,15634,2003162,3
-2000,15635,2003172,3
-9700,15636,2003352,3
-3650,15637,2003409,3
-6750,15638,2003500,3
550,15639,2003684,10
-13800,15640,2003918,3
-11500,15641,2004130,3
-4200,15642,2004184,3
-4700,15643,2004244,3
-6550,15644,2004426,6
-3400,15645,2004550,5
-4950,15646,2004621,3
-1850,15647,2004642,3
-2800,15648,2004676,3
-4400,15649,2004816,5
-14450,15650,2005078,4
-700,15651,2005090,3
-6850,15652,2005191,3
-7450,15653,2005357,4
-5150,15654,2005436,3
-3900,15655,2005508,3
-3450,15656,2005549,3
-7450,15657,2005658,3
-3050,15658,2005675,3
-2300,15659,2005687,3
-1850,15660,2005728,3
-11700,15661,2005993,4
-5250,15662,2006148,5
-3300,15663,2006192,3
-5600,15664,2006286,3
-1800,15665,2006304,3
-11050,15666,2006497,3
-4350,15667,2006666,5
4200,15668,2006806,9
650,15669,2006876,6
-800,15670,2006972,5
-9900,15671,2007144,3
-2950,15672,2007167,3
-6150,15673,2007258,3
-6700,15674,2007358,3
-8200,15675,2007496,3
-2350,15676,2007523,3
-9250,15677,2007692,3
-4450,15678,2007765,3
-5600,15679,2007864,4
-2000,15680,2007902,3
-600,15681,2007924,3
-7700,15682,2008085,4
-6850,15683,2008194,3
-6200,15684,2008280,3
-7350,15685,2008436,4
-3000,15686,2008515,4
-7450,15687,2008628,3
-13200,15688,2008886,3
-11100,15689,2009082,3
1650,15690,2009147,5
-4650,15691,2009204,3
-1850,15692,2009270,4
-6050,15693,2009396,4
-5150,15694,2009479,3
-11300,15695,2009720,4
-3500,15696,2009780,3
5800,15697,2009855,8
-8600,15698,2010038,4
1000,15699,2010114,5
-9600,15700,2010296,3
-5100,15701,2010356,3
-10500,15702,2010601,4
-16550,15703,2010932,3
-2250,15704,2011002,4
-6000,15705,2011124,3
-4550,15706,2011203,3
-4250,15707,2011256,3
-8950,15708,2011448,4
-5100,15709,2011508,3
-4550,15710,2011563,3
-1350,15711,2011574,3
-7000,15712,2011700,3
-3450,15713,2011753,3
-1700,15714,2011864,6
-3250,15715,2011975,5
-4500,15716,2012043,3
-13650,15717,2012276,3
-3850,15718,2012329,3
-8150,15719,2012468,3
-3650,15720,2012521,3
-8750,15721,2012660,3
-1100,15722,2012713,4
-1650,15723,2012817,6
-6600,15724,2012931,3
-6300,15725,2013047,3
-7650,15726,2013176,3
-5100,15727,2013236,3
-3950,15728,2013291,3
-5850,15729,2013368,3
-4300,15730,2013428,3
900,15731,2013523,6
-2350,15732,2013620,5
-2850,15733,2013673,3
-4350,15734,2013856,7
-2550,15735,2013969,5
-5050,15736,2014083,4
-9500,15737,2014275,3
-10350,15738,2014454,3
-8400,15739,2014580,3
-3400,15740,2014635,4
-8050,15741,2014772,3
-4450,15742,2014825,3
-6150,15743,2014904,3
-2150,15744,2014923,3
-3250,15745,2014964,3
-7200,15746,2015115,4
-8300,15747,2015235,3
-9400,15748,2015483,5
-11700,15749,2015732,4
-3550,15750,2015811,3
-7250,15751,2015924,3
-2650,15752,2015977,3
-8950,15753,2016116,3
-6750,15754,2016308,4
-2450,15755,2016378,4
-7800,15756,2016500,3
-650,15757,2016579,5
-8400,15758,2016745,3
-1850,15759,2016758,3
-5400,15760,2016963,6
-9600,15761,2017211,5
-5050,15762,2017268,3
-5100,15763,2017324,3
-1600,15764,2017334,3
-450,15765,2017347,3
550,15766,2017460,7
-5800,15767,2017652,5
-3200,15768,2017735,4
-7000,15769,2017853,3
-3800,15770,2017923,3
-10350,15771,2018106,3
-650,15772,2018119,3
-7250,15773,2018228,3
-4350,15774,2018307,3
-2950,15775,2018420,5
-3200,15776,2018490,3
-3800,15777,2018556,3
-3700,15778,2018612,3
-4250,15779,2018804,6
-5350,15780,2018887,3
-6250,15781,2018996,3
-4400,15782,2019066,3
-9450,15783,2019244,4
-1800,15784,2019254,3
-850,15785,2019267,3
-4850,15786,2019320,3
-6250,15787,2019433,3
-8350,15788,2019572,3
1650,15789,2019605,5
-2150,15790,2019764,7
-5200,15791,2019834,3
-3850,15792,2019973,5
-7350,15793,2020088,3
-8350,15794,2020227,3
-7800,15795,2020349,3
-6000,15796,2020472,4
-4500,15797,2020532,3
-2000,15798,2020587,4
-5450,15799,2020664,3
-4700,15800,2020724,3
-2400,15801,2020860,5
-4700,15802,2020916,3
-15400,15803,2021178,3
-8200,15804,2021300,3
-11300,15805,2021492,3
-6400,15806,2021737,6
-2600,15807,2021763,3
-8750,15808,2021942,3
-850,15809,2021955,3
-3150,15810,2022027,4
-3650,15811,2022068,3
-4550,15812,2022123,3
-4300,15813,2022204,4
-3500,15814,2022260,3
-1900,15815,2022313,4
-2400,15816,2022339,3
-4650,15817,2022392,3
-100,15818,2022458,5
-5250,15819,2022531,3
-4650,15820,2022584,3
-1750,15821,2022755,7
-4450,15822,2022836,3
-4800,15823,2023028,5
-7150,15824,2023220,4
1050,15825,2023285,5
-12400,15826,2023544,4
-5100,15827,2023604,3
-5600,15828,2023674,3
-1200,15829,2023796,7
-4000,15830,2023866,3
-2400,15831,2024006,5
-3700,15832,2024058,3
-7150,15833,2024189,3
-9750,15834,2024372,3
-10300,15835,2024564,3
-4650,15836,2024617,3
-7000,15837,2024715,3
-9950,15838,2024907,4
-1500,15839,2024948,4
-5350,15840,2025027,3
-8400,15841,2025210,4
-1050,15842,2025332,8
-4750,15843,2025387,3
-2900,15844,2025411,3
-2850,15845,2025468,3
-3700,15846,2025524,3
-4150,15847,2025603,3
-3300,15848,2025716,4
-4600,15849,2025987,8
-6050,15850,2026100,3
-3250,15851,2026153,3
-9000,15852,2026438,6
-4650,15853,2026597,5
-1650,15854,2026676,5
-5800,15855,2026746,3
-2300,15856,2026868,5
-3650,15857,2026921,3
-3050,15858,2027077,6
-5000,15859,2027196,4
-4300,15860,2027252,3
1000,15861,2027304,5
-10200,15862,2027523,4
-4350,15863,2027639,4
-6450,15864,2027768,3
-4900,15865,2027828,3
-11350,15866,2028162,6
-8050,15867,2028348,4
-4700,15868,2028404,3
-3000,15869,2028458,3
-3050,15870,2028483,3
-7050,15871,2028596,3
-13150,15872,2028867,3
1550,15873,2029074,9
-4250,15874,2029131,3
-3650,15875,2029172,3
-3850,15876,2029225,3
-7800,15877,2029364,4
-3250,15878,2029417,3
-3200,15879,2029688,8
0,15880,2029748,5
-5350,15881,2029827,3
-7450,15882,2029940,3
-1450,15883,2030019,5
-4850,15884,2030072,3
-13700,15885,2030324,3
-3250,15886,2030377,3
-7550,15887,2030516,3
-2850,15888,2030569,3
-9250,15889,2030763,4
-2100,15890,2030787,3
-5050,15891,2030844,3
-9550,15892,2031032,4
-4300,15893,2031092,3
-3650,15894,2031145,3
-8750,15895,2031284,3
-20700,15896,2031668,3
-6700,15897,2031800,3
-5100,15898,2031860,3
-12050,15899,2032122,4
-9850,15900,2032376,4
-3600,15901,2032515,4
-7650,15902,2032628,3
-1100,15903,2032681,4
-3450,15904,2032820,5
-3850,15905,2032873,3
-10050,15906,2033091,4
-5900,15907,2033163,3
-1300,15908,2033204,4
2250,15909,2033286,6
-6200,15910,2033396,3
-3900,15911,2033588,7
-8850,15912,2033835,5
-3300,15913,2033859,3
-6800,15914,2034051,5
-7800,15915,2034173,3
-10950,15916,2034356,3
-11500,15917,2034548,3
-13150,15918,2034885,5
-10350,15919,2035064,3
-5100,15920,2035124,3
-7500,15921,2035260,3
-6250,15922,2035386,4
-5000,15923,2035448,3
-5600,15924,2035587,4
-7600,15925,2035709,3
-7150,15926,2035832,3
-3750,15927,2035892,4
-5200,15928,2036024,5
-1600,15929,2036087,4
-2750,15930,2036163,4
-10300,15931,2036355,3
-1800,15932,2036468,6
-4800,15933,2036534,3
-6600,15934,2036660,3
-15750,15935,2036984,4
-5100,15936,2037044,3
-8550,15937,2037195,3
-700,15938,2037236,4
-150,15939,2037440,8
-11600,15940,2037699,4
-10400,15941,2037865,3
-7750,15942,2038004,3
-4150,15943,2038083,3
-4050,15944,2038136,3
-4250,15945,2038275,5
-4250,15946,2038397,4
-5450,15947,2038580,5
-4150,15948,2038635,3
-4850,15949,2038712,3
-5100,15950,2038772,3
-2450,15951,2038825,3
-4400,15952,2038969,5
-5150,15953,2039110,5
-14200,15954,2039348,3
-4250,15955,2039401,3
-9150,15956,2039540,3
-3400,15957,2039610,3
-11450,15958,2039811,3
-3650,15959,2039864,3
-3700,15960,2039924,3
-11500,15961,2040116,3
-2000,15962,2040195,4
-5900,15963,2040308,4
-11350,15964,2040556,4
-2000,15965,2040566,3
-4700,15966,2040801,6
-4750,15967,2040884,3
-5350,15968,2041041,5
-5300,15969,2041129,3
-10000,15970,2041347,3
-4700,15971,2041460,4
-4350,15972,2041515,3
-4450,15973,2041592,3
-5100,15974,2041652,3
-4250,15975,2041705,3
-8350,15976,2041897,4
-2400,15977,2042017,5
-2400,15978,2042092,4
750,15979,2042106,4
-5350,15980,2042283,5
-350,15981,2042311,4
-7250,15982,2042420,3
-3950,15983,2042475,3
-5750,15984,2042612,5
-1450,15985,2042678,4
-5250,15986,2042804,4
-3650,15987,2042857,3
-2200,15988,2042883,3
-4850,15989,2042936,3
-2850,15990,2043132,6
-3250,15991,2043243,5
-3500,15992,2043320,4
-5100,15993,2043380,3
-11300,15994,2043572,3
-15200,15995,2043830,3
-7600,15996,2043956,3
-4800,15997,2044022,3
-4800,15998,2044088,3
-4300,15999,2044148,3
-3650,16000,2044201,3
-5750,16001,2044280,3
-2300,16002,2044419,6
-4450,16003,2044476,3
-3300,16004,2044532,3
-4450,16005,2044585,3
-2000,16006,2044615,3
-5500,16007,2044724,4
-3250,16008,2044777,3
-9050,16009,2044995,4
-8750,16010,2045163,4
-5850,16011,2045240,3
-3900,16012,2045300,3
-12450,16013,2045575,5
-6400,16014,2045693,3
-7550,16015,2045816,3
-5100,16016,2045876,3
-10750,16017,2046068,4
-4550,16018,2046123,3
-8250,16019,2046260,3
-11850,16020,2046518,4
-250,16021,2046535,3
-14900,16022,2046836,4
-12300,16023,2047081,4
-2600,16024,2047107,3
-3650,16025,2047160,3
-10900,16026,2047352,3
-4100,16027,2047412,3
-14750,16028,2047683,3
-13850,16029,2047932,3
-4150,16030,2047988,4
-4150,16031,2048043,3
-950,16032,2048058,3
-5600,16033,2048180,3
-4150,16034,2048263,3
-4850,16035,2048459,6
-3450,16036,2048504,3
-4900,16037,2048564,3
-7500,16038,2048696,3
-4500,16039,2048756,3
-3600,16040,2048826,3
-2450,16041,2049014,6
-1050,16042,2049027,3
-4850,16043,2049080,3
-8150,16044,2049272,4
-5100,16045,2049332,3
-2600,16046,2049411,4
-6100,16047,2049524,4
-4850,16048,2049577,3
-2000,16049,2049603,3
-24700,16050,2050100,4
-5550,16051,2050310,6
-2150,16052,2050345,3
800,16053,2050438,6
-6900,16054,2050550,3
-5050,16055,2050676,4
-10900,16056,2050868,3
-5350,16057,2050951,3
-10450,16058,2051116,3
-1200,16059,2051126,3
-850,16060,2051143,3
-7250,16061,2051252,3
-4750,16062,2051307,3
-8450,16063,2051444,3
-2550,16064,2051678,10
-1950,16065,2051689,3
750,16066,2051715,4
-9150,16067,2051911,4
-5700,16068,2051979,3
-2500,16069,2052023,3
-3900,16070,2052103,3
-7650,16071,2052212,3
-450,16072,2052295,5
-8750,16073,2052483,4
-2900,16074,2052678,6
-7600,16075,2052788,3
950,16076,2052843,5
50,16077,2052871,4
-7050,16078,2052980,3
-9150,16079,2053131,3
-4250,16080,2053172,3
-4350,16081,2053227,3
-2700,16082,2053251,3
1950,16083,2053364,7
-9950,16084,2053556,4
-4750,16085,2053635,3
-11350,16086,2053818,3
-15650,16087,2054132,4
-11250,16088,2054403,5
-3450,16089,2054456,3
450,16090,2054493,5
-7400,16091,2054648,4
-4900,16092,2054708,3
-8300,16093,2054840,3
-7150,16094,2054979,3
-6450,16095,2055092,3
-7950,16096,2055284,4
-3300,16097,2055430,5
-13600,16098,2055668,3
-5800,16099,2055738,3
-4900,16100,2055860,5
-5950,16101,2055943,3
-4650,16102,2056061,4
-8550,16103,2056188,3
650,16104,2056343,7
800,16105,2056436,6
-12150,16106,2056631,3
-3350,16107,2056698,3
-6650,16108,2056820,4
-4950,16109,2056875,3
-4850,16110,2056956,3
-2700,16111,2057012,3
-8200,16112,2057207,4
-9300,16113,2057396,4
-4250,16114,2057449,3
-3200,16115,2057475,3
-3450,16116,2057528,3
-4900,16117,2057588,3
-2300,16118,2057641,4
-8850,16119,2057859,4
-12750,16120,2058164,5
-5000,16121,2058234,3
-4200,16122,2058300,3
-3700,16123,2058356,3
-4250,16124,2058409,3
-16500,16125,2058749,3
-6750,16126,2058876,3
-3500,16127,2058932,3
-4450,16128,2058985,3
-6000,16129,2059124,4
-4000,16130,2059194,3
-5400,16131,2059256,3
-2900,16132,2059316,3
-6200,16133,2059467,4
-6550,16134,2059578,3
-8000,16135,2059700,3
-4050,16136,2059753,3
-8350,16137,2059892,3
-10650,16138,2060093,3
-600,16139,2060223,7
1100,16140,2060331,7
-6900,16141,2060468,4
-3000,16142,2060547,4
-3650,16143,2060600,3
-6800,16144,2060730,3
-2650,16145,2060796,4
-7350,16146,2060931,3
-1500,16147,2060988,4
-3900,16148,2061044,3
-4250,16149,2061097,3
-7950,16150,2061236,3
-18550,16151,2061620,4
-4450,16152,2061673,3
-8750,16153,2061812,3
-4750,16154,2061944,4
-7800,16155,2062074,3
-11300,16156,2062266,3
-8200,16157,2062388,3
-2300,16158,2062441,4
-2200,16159,2062520,4
-4300,16160,2062580,3
-1400,16161,2062659,4
-7050,16162,2062772,3
-4400,16163,2062842,3
-4000,16164,2062908,3
-4700,16165,2062964,3
-11100,16166,2063156,3
-8900,16167,2063288,3
-3950,16168,2063434,6
-5200,16169,2063540,3
-8900,16170,2063672,3
-3700,16171,2063732,3
-3600,16172,2063798,3
-8000,16173,2063924,3
-4750,16174,2064003,3
-4700,16175,2064116,4
-3200,16176,2064248,5
-7750,16177,2064387,3
-3850,16178,2064444,3
-10100,16179,2064632,3
-3700,16180,2064692,3
-9950,16181,2064884,4
-4750,16182,2064939,3
-9600,16183,2065208,6
-5050,16184,2065334,4
-650,16185,2065347,3
-4300,16186,2065460,4
-5750,16187,2065539,3
-7700,16188,2065655,3
-3250,16189,2065811,6
-3650,16190,2065926,5
-6000,16191,2066036,3
-3250,16192,2066089,3
-8750,16193,2066228,3
-3250,16194,2066281,3
-8850,16195,2066475,4
-3550,16196,2066571,4
-3650,16197,2066612,3
-800,16198,2066691,4
-6850,16199,2066804,3
-10300,16200,2066996,3
-50,16201,2067051,5
-15900,16202,2067380,4
-3450,16203,2067433,3
-8350,16204,2067572,3
350,16205,2067615,5
-19050,16206,2067956,3
-4750,16207,2068011,3
-7450,16208,2068148,3
-3250,16209,2068201,3
-8550,16210,2068340,3
-2400,16211,2068419,4
-4450,16212,2068472,3
-4450,16213,2068631,5
1350,16214,2068662,5
-1250,16215,2068683,3
-3250,16216,2068724,3
1350,16217,2068779,5
-5150,16218,2068916,5
-4450,16219,2068969,3
-1850,16220,2068986,3
-4600,16221,2069048,3
-11100,16222,2069240,3
-4900,16223,2069300,3
3000,16224,2069435,8
-4450,16225,2069492,3
-50,16226,2069567,5
-4900,16227,2069684,4
-6150,16228,2069763,3
-4050,16229,2069816,3
-11950,16230,2070068,4
1150,16231,2070123,5
-1100,16232,2070147,3
-5050,16233,2070313,4
-11800,16234,2070584,4
-4500,16235,2070644,3
-10100,16236,2070836,3
-4450,16237,2070889,3
-8150,16238,2071028,3
-3650,16239,2071081,3
-200,16240,2071223,7
-1250,16241,2071290,5
-7000,16242,2071412,3
-5550,16243,2071548,4
-2150,16244,2071563,3
-3250,16245,2071604,3
-5800,16246,2071674,3
-7200,16247,2071849,4
-3600,16248,2071875,3
-14250,16249,2072124,3
-2950,16250,2072180,4
4850,16251,2072235,7
-850,16252,2072326,5
-17450,16253,2072700,4
-4500,16254,2072756,3
-3900,16255,2072812,3
150,16256,2072822,4
-4000,16257,2072888,3
-4300,16258,2072948,3
-3250,16259,2073001,3
-6200,16260,2073140,4
-2250,16261,2073206,4
-10100,16262,2073411,4
-3850,16263,2073464,3
-4700,16264,2073524,3
-4150,16265,2073579,3
-1150,16266,2073603,4
-3350,16267,2073675,4
-3250,16268,2073716,3
-8900,16269,2073987,6
-4050,16270,2074040,3
-13550,16271,2074292,4
-9300,16272,2074484,3
-3250,16273,2074537,3
-14000,16274,2074947,7
3150,16275,2075004,7
-3900,16276,2075060,3
-10900,16277,2075252,3
-16000,16278,2075636,5
-3250,16279,2075689,3
-1200,16280,2075715,3
-7650,16281,2075828,3
-3250,16282,2075881,3
-7150,16283,2076020,3
-15750,16284,2076291,3
-16850,16285,2076596,3
-3850,16286,2076649,3
-7950,16287,2076788,3
-3650,16288,2076841,3
-3000,16289,2076867,3
-5650,16290,2076980,3
-5600,16291,2077046,3
3100,16292,2077175,8
-11050,16293,2077364,3
-4550,16294,2077419,3
-3300,16295,2077443,3
-600,16296,2077556,6
-3250,16297,2077609,3
-1350,16298,2077722,5
-7850,16299,2077884,4
-650,16300,2078034,8
-4600,16301,2078132,3
-9900,16302,2078324,3
-10050,16303,2078595,5
450,16304,2078648,5
-8100,16305,2078764,3
-1600,16306,2078774,3
-6250,16307,2078859,3
-400,16308,2078935,5
-5150,16309,2079092,5
3850,16310,2079142,6
-950,16311,2079239,5
-4750,16312,2079363,4
-6100,16313,2079476,4
-3400,16314,2079531,4
-4850,16315,2079608,3
-5100,16316,2079668,3
-11100,16317,2079860,3
-14700,16318,2080108,3
-1400,16319,2080118,3
-4800,16320,2080184,3
-4900,16321,2080244,3
-10550,16322,2080436,4
-2850,16323,2080489,3
-1600,16324,2080515,3
-7200,16325,2080637,3
-4200,16326,2080707,3
-4850,16327,2080760,3
-3350,16328,2080823,3
-4950,16329,2080886,3
-5050,16330,2081012,4
1800,16331,2081064,5
1400,16332,2081104,5
1750,16333,2081147,5
-1150,16334,2081204,5
-4450,16335,2081380,6
-8300,16336,2081597,4
-8200,16337,2081739,3
-2250,16338,2081780,3
-8100,16339,2081912,3
-4900,16340,2081972,3
-4450,16341,2082025,3
-8750,16342,2082164,3
-3850,16343,2082217,3
-2650,16344,2082348,5
-2200,16345,2082411,4
-1900,16346,2082435,3
-12050,16347,2082680,3
-4300,16348,2082740,3
50,16349,2082891,7
-3250,16350,2082932,3
-4450,16351,2082985,3
-16950,16352,2083386,5
-10700,16353,2083574,3
-1700,16354,2083700,5
-4850,16355,2083753,3
-1850,16356,2083766,3
-4100,16357,2083892,5
-4800,16358,2084064,5
-3200,16359,2084167,4
-6500,16360,2084401,5
-2600,16361,2084468,4
-4850,16362,2084521,3
-3950,16363,2084604,3
-4700,16364,2084660,3
250,16365,2084803,7
-6700,16366,2084931,3
-9400,16367,2085236,6
-3250,16368,2085289,3
-7550,16369,2085428,3
-8700,16370,2085560,3
-5300,16371,2085620,3
-4750,16372,2085699,3
-4850,16373,2085752,3
-4900,16374,2085894,5
-6800,16375,2086004,3
-3550,16376,2086083,3
-6850,16377,2086196,3
-2950,16378,2086251,3
-7050,16379,2086388,3
-150,16380,2086592,8
-9900,16381,2086862,5
-5450,16382,2086964,4
-5250,16383,2087099,5
-5050,16384,2087156,3
-10550,16385,2087348,4
-4350,16386,2087427,3
-10150,16387,2087606,3
-2050,16388,2087619,3
-13250,16389,2087864,3
-4300,16390,2087924,3
-4450,16391,2087977,3
-1850,16392,2087990,3
-2000,16393,2088116,7
-4450,16394,2088169,3
-11450,16395,2088374,3
-1850,16396,2088387,3
-2500,16397,2088440,4
-23700,16398,2088884,3
-5750,16399,2088967,3
-12950,16400,2089268,5
-2450,16401,2089321,3
-5800,16402,2089460,4
-14800,16403,2089718,3
-1450,16404,2089731,3
-7650,16405,2089926,5
-7600,16406,2090036,3
1800,16407,2090088,5
-7350,16408,2090228,4
-16500,16409,2090552,3
-5100,16410,2090612,3
-9750,16411,2090804,4
-3250,16412,2090857,3
-2050,16413,2090874,3
-13400,16414,2091128,3
-4850,16415,2091267,5
-10150,16416,2091540,5
-3300,16417,2091572,3
-4400,16418,2091638,3
-7600,16419,2091764,3
450,16420,2091956,8
-2650,16421,2092026,4
-3000,16422,2092092,3
-4700,16423,2092148,3
-4450,16424,2092201,3
-14800,16425,2092532,4
-3550,16426,2092611,3
2400,16427,2092667,5
-3300,16428,2092724,4
-8350,16429,2092916,4
-9450,16430,2093187,5
-4650,16431,2093240,3
-13700,16432,2093492,3
-4150,16433,2093547,3
-1100,16434,2093571,3
0,16435,2093684,6
-2650,16436,2093754,4
-10450,16437,2093955,3
-6650,16438,2094068,3
-6700,16439,2094200,3
-5100,16440,2094260,3
-11700,16441,2094452,3
-11750,16442,2094700,4
-800,16443,2094710,3
-2050,16444,2094723,3
-11300,16445,2094968,4
-3900,16446,2095028,3
-2650,16447,2095081,3
-6000,16448,2095220,4
-9000,16449,2095412,5
-4450,16450,2095465,3
-1200,16451,2095491,3
-10100,16452,2095683,3
-4450,16453,2095736,3
-12000,16454,2095988,5
950,16455,2096043,5
-4350,16456,2096180,5
-8500,16457,2096312,3
-1950,16458,2096331,3
-2650,16459,2096372,3
-3750,16460,2096427,3
-5700,16461,2096564,4
-4350,16462,2096619,3
-2400,16463,2096756,6
-5600,16464,2096826,3
-11850,16465,2097080,4
-4650,16466,2097239,5
-3050,16467,2097276,3
-2300,16468,2097332,3
3850,16469,2097387,7
-1250,16470,2097498,5
400,16471,2097579,6
-1100,16472,2097603,3
-4850,16473,2097656,3
-3500,16474,2097716,3
-5600,16475,2097782,3
-4800,16476,2097848,3
-5100,16477,2097908,3
-8700,16478,2098040,3
-1350,16479,2098100,4
-5200,16480,2098232,5
-6650,16481,2098358,4
-4250,16482,2098484,4
-3950,16483,2098539,3
-5450,16484,2098620,3
-3100,16485,2098676,3
-7800,16486,2099007,8
-4650,16487,2099060,3
-9700,16488,2099252,3
-12950,16489,2099500,4
-800,16490,2099510,3
-3450,16491,2099576,4
-4300,16492,2099636,3
-8350,16493,2099828,4
-4750,16494,2099911,3
-7200,16495,2100029,3
-8800,16496,2100171,3
-2450,16497,2100212,3
-5600,16498,2100282,3
-5250,16499,2100363,3
-3650,16500,2100404,3
-16150,16501,2100728,4
-4500,16502,2100788,3
-1650,16503,2100858,4
-300,16504,2100924,5
-4100,16505,2100980,3
-5350,16506,2101063,3
-9050,16507,2101228,3
-1800,16508,2101238,3
-9100,16509,2101419,4
-4650,16510,2101496,3
-4300,16511,2101556,3
-5350,16512,2101639,3
-9700,16513,2101827,3
-3050,16514,2101995,6
-2300,16515,2102019,3
-3850,16516,2102072,3
-9500,16517,2102264,3
-3750,16518,2102324,4
1500,16519,2102403,6
-7050,16520,2102569,4
-1450,16521,2102665,6
-4850,16522,2102787,4
-7450,16523,2102900,3
-4350,16524,2102955,3
-5250,16525,2103036,3
-800,16526,2103092,5
-700,16527,2103166,5
-11300,16528,2103354,3
-6450,16529,2103476,4
-5200,16530,2103668,5
-3400,16531,2103738,3
-1500,16532,2103828,5
-2100,16533,2103860,3
-2500,16534,2104015,6
-7100,16535,2104131,3
-4100,16536,2104244,4
-6150,16537,2104323,3
-9350,16538,2104502,3
-5800,16539,2104572,3
-6750,16540,2104707,3
-4700,16541,2104820,4
-2400,16542,2104899,4
-22350,16543,2105355,4
-3250,16544,2105396,3
-850,16545,2105462,4
-8150,16546,2105597,3
-7550,16547,2105720,3
-4700,16548,2105780,3
-5350,16549,2105863,3
-1400,16550,2106054,8
-4000,16551,2106104,3
-11100,16552,2106296,3
-4900,16553,2106356,3
-3050,16554,2106409,3
-6000,16555,2106507,3
-2650,16556,2106548,3
-2850,16557,2106601,3
-13950,16558,2106872,3
400,16559,2106891,4
-3250,16560,2106932,3
-10350,16561,2107124,4
-3450,16562,2107177,3
-13000,16563,2107395,3
-2800,16564,2107621,7
-5950,16565,2107700,3
-4250,16566,2107753,3
-10850,16567,2107958,3
-11400,16568,2108140,3
-1400,16569,2108150,3
-1650,16570,2108163,3
-4850,16571,2108216,3
-14300,16572,2108468,3
-14750,16573,2108739,3
-4850,16574,2108792,3
-14500,16575,2109044,3
-250,16576,2109099,5
2450,16577,2109236,9
-15150,16578,2109507,3
-4850,16579,2109560,3
-14300,16580,2109812,3
-3650,16581,2109865,3
-7400,16582,2110004,4
-4350,16583,2110083,3
-8200,16584,2110266,4
-3800,16585,2110328,3
-6750,16586,2110467,3
-15500,16587,2110772,4
-1300,16588,2110825,4
-1000,16589,2110851,3
550,16590,2110964,7
-14950,16591,2111235,3
-11150,16592,2111418,3
-10350,16593,2111593,3
-2800,16594,2111619,3
2150,16595,2111691,6
-3650,16596,2111732,3
-7950,16597,2111924,4
-4600,16598,2111990,3
-1250,16599,2112003,3
-4650,16600,2112056,3
800,16601,2112112,5
-2600,16602,2112172,5
-1200,16603,2112182,3
-4000,16604,2112252,3
-4900,16605,2112308,3
-3200,16606,2112374,3
-7600,16607,2112500,3
-21700,16608,2112937,4
-7950,16609,2113076,3
-16150,16610,2113515,7
-7450,16611,2113652,3
-6450,16612,2113787,5
-16450,16613,2114228,7
-4950,16614,2114311,3
-5250,16615,2114499,6
-7250,16616,2114612,3
-4300,16617,2114804,7
-11300,16618,2114996,3
-11100,16619,2115188,3
-2200,16620,2115267,4
-6850,16621,2115380,3
-3850,16622,2115433,3
-16350,16623,2115846,5
-7600,16624,2115956,3
-11900,16625,2116148,3
-24750,16626,2116664,4
-5100,16627,2116724,3
-8550,16628,2116916,4
-3250,16629,2116969,3
-1450,16630,2117114,7
-4050,16631,2117187,3
-7400,16632,2117309,3
-6550,16633,2117432,3
-6400,16634,2117575,4
-7250,16635,2117684,3
-10550,16636,2117879,3
-15700,16637,2118200,4
-3900,16638,2118260,3
-4350,16639,2118339,3
-10350,16640,2118518,3
-7600,16641,2118644,3
-3200,16642,2118710,3
-15100,16643,2119031,4
-2900,16644,2119137,5
-1050,16645,2119179,4
-1750,16646,2119333,6
-3600,16647,2119412,4
-5800,16648,2119563,4
-2450,16649,2119604,3
-3600,16650,2119683,4
-3650,16651,2119736,3
1600,16652,2119796,5
-3400,16653,2119875,4
-4750,16654,2119991,4
-3550,16655,2120067,4
-2350,16656,2120180,5
-4600,16657,2120250,3
-9500,16658,2120451,4
-5800,16659,2120619,5
-6500,16660,2120756,4
-15350,16661,2121031,3
-9450,16662,2121196,3
-1200,16663,2121206,3
-7400,16664,2121332,3
-4850,16665,2121385,3
-2200,16666,2121411,3
-750,16667,2121483,4
1050,16668,2121524,5
-3600,16669,2121603,4
-14250,16670,2122037,8
-1400,16671,2122100,4
-9150,16672,2122292,4
500,16673,2122350,5
-1450,16674,2122375,3
-6100,16675,2122484,4
-2650,16676,2122550,4
-1250,16677,2122563,3
-2650,16678,2122616,3
-1000,16679,2122676,5
-3400,16680,2122742,3
-14400,16681,2123004,3
-4500,16682,2123060,3
-2000,16683,2123139,4
-10500,16684,2123335,3
-7900,16685,2123500,4
-2000,16686,2123510,3
-3400,16687,2123576,3
-5100,16688,2123636,3
-4600,16689,2123706,3
-2950,16690,2123828,6
-2650,16691,2123881,3
-16200,16692,2124212,4
-3450,16693,2124404,6
-8900,16694,2124536,3
-15950,16695,2124844,4
-1000,16696,2124854,3
-3050,16697,2124920,4
-5100,16698,2124980,3
-13100,16699,2125318,5
-13800,16700,2125556,3
-3000,16701,2125611,4
-7650,16702,2125748,3
-14350,16703,2126023,3
-7050,16704,2126198,5
-4000,16705,2126264,3
-5100,16706,2126324,3
-2400,16707,2126403,4
-3450,16708,2126456,3
-4900,16709,2126516,3
-2750,16710,2126662,6
-2600,16711,2126867,6
-11100,16712,2127092,4
-4450,16713,2127145,3
-4150,16714,2127224,3
-3500,16715,2127284,3
-3650,16716,2127337,3
-7750,16717,2127476,3
-10100,16718,2127677,4
-10150,16719,2127860,3
-11500,16720,2128052,3
-4250,16721,2128105,3
-7950,16722,2128244,3
-3800,16723,2128299,4
-1300,16724,2128323,3
-6850,16725,2128436,3
-5000,16726,2128502,3
-12450,16727,2128760,4
-4100,16728,2128820,3
-4150,16729,2128899,3
-10650,16730,2129068,3
-600,16731,2129078,3
-1250,16732,2129091,3
-8000,16733,2129213,3
-10350,16734,2129396,3
-4750,16735,2129451,3
-350,16736,2129462,3
-850,16737,2129475,3
-6450,16738,2129588,3
-4450,16739,2129641,3
-11800,16740,2129863,3
-13700,16741,2130164,4
500,16742,2130246,5
-6200,16743,2130356,3
-3650,16744,2130409,3
-10600,16745,2130603,3
850,16746,2130627,4
-4900,16747,2130699,3
-4250,16748,2130740,3
-6150,16749,2130819,3
-10750,16750,2130998,3
-9600,16751,2131177,4
-3200,16752,2131203,3
-6650,16753,2131316,3
-2800,16754,2131386,3
-10950,16755,2131561,3
-2000,16756,2131587,3
-8700,16757,2131756,4
-800,16758,2131766,3
-7400,16759,2131892,3
-3150,16760,2131947,3
-4700,16761,2132084,4
-2650,16762,2132137,3
-8500,16763,2132285,3
-14400,16764,2132547,3
-6050,16765,2132795,6
-3700,16766,2132852,4
-4550,16767,2132907,3
-9050,16768,2133044,3
-10900,16769,2133236,3
-8200,16770,2133484,5
-2000,16771,2133494,3
-4600,16772,2133564,3
-5100,16773,2133620,3
-5950,16774,2133756,4
-5100,16775,2133812,3
1550,16776,2133871,5
-4750,16777,2134004,5
-14700,16778,2134252,3
-2000,16779,2134262,3
-2050,16780,2134275,3
-3850,16781,2134328,3
-7100,16782,2134444,3
-1200,16783,2134454,3
2000,16784,2134523,6
-4650,16785,2134580,3
-8200,16786,2134772,5
-5350,16787,2134855,3
-9500,16788,2135043,3
-7250,16789,2135156,3
-9700,16790,2135348,3
-12850,16791,2135606,4
-1450,16792,2135619,3
-4250,16793,2136007,10
-9150,16794,2136186,3
-7250,16795,2136365,5
-1000,16796,2136387,3
-11350,16797,2136566,3
-4450,16798,2136692,4
-3850,16799,2136762,4
-16450,16800,2137076,4
-4700,16801,2137268,7
-4050,16802,2137321,3
-2450,16803,2137539,8
-15900,16804,2137844,4
-5100,16805,2137900,3
-2950,16806,2137927,3
-9650,16807,2138092,3
-1800,16808,2138102,3
-15450,16809,2138420,4
-4050,16810,2138473,3
-7350,16811,2138612,3
-350,16812,2138804,8
-2250,16813,2138883,5
-6050,16814,2138996,3
7600,16815,2139175,12
-5300,16816,2139267,3
-7850,16817,2139380,3
-10700,16818,2139572,3
-2200,16819,2139651,4
-4850,16820,2139704,3
-6650,16821,2139834,4
-5300,16822,2139959,4
-11450,16823,2140148,3
-12450,16824,2140459,5
-1850,16825,2140472,3
-9950,16826,2140664,4
-4300,16827,2140724,3
-1400,16828,2140803,4
-3650,16829,2140856,3
-6950,16830,2141099,7
-3550,16831,2141240,5
250,16832,2141300,4
1400,16833,2141419,8
-5850,16834,2141492,3
-850,16835,2141571,5
-7400,16836,2141693,3
-10350,16837,2141876,3
2500,16838,2141931,6
-5300,16839,2142068,4
-10300,16840,2142260,3
450,16841,2142452,8
-1950,16842,2142750,10
-6400,16843,2142836,3
-2450,16844,2142889,3
-14950,16845,2143160,3
-4500,16846,2143273,4
-2400,16847,2143352,4
-4900,16848,2143412,3
-12350,16849,2143660,4
-5700,16850,2143736,3
-5100,16851,2143796,3
-4850,16852,2143988,6
2300,16853,2144043,6
-4750,16854,2144204,5
-3400,16855,2144246,3
-6050,16856,2144375,3
-3800,16857,2144425,3
-5350,16858,2144508,3
-4100,16859,2144564,3
2700,16860,2144619,6
-900,16861,2144726,6
-4500,16862,2144835,4
-6650,16863,2145030,5
-6200,16864,2145140,3
-30300,16865,2145716,3
-4450,16866,2145769,3
-9150,16867,2145908,3
-4050,16868,2145961,3
-2200,16869,2146106,6
-9200,16870,2146292,3
-8000,16871,2146484,5
-4250,16872,2146537,3
-8750,16873,2146676,3
-1900,16874,2146877,8
-7550,16875,2147000,3
-2350,16876,2147019,3
-2250,16877,2147060,3
-6600,16878,2147252,5
-5200,16879,2147322,3
-6550,16880,2147523,5
-7850,16881,2147636,3
4800,16882,2147691,8
-2700,16883,2147768,4
-6050,16884,2147894,4
-17800,16885,2148212,3
-5550,16886,2148291,3
2150,16887,2148344,7
-4150,16888,2148404,4
-3750,16889,2148459,3
-5850,16890,2148536,3
-5100,16891,2148596,3
-1850,16892,2148666,4
-5400,16893,2148728,3
-1350,16894,2148747,3
-5800,16895,2148858,4
-7600,16896,2148980,3
-4250,16897,2149046,4
-2450,16898,2149059,3
6050,16899,2149254,11
-6000,16900,2149364,3
-4700,16901,2149514,5
-6650,16902,2149635,3
-8600,16903,2149818,4
-250,16904,2149943,7
-9700,16905,2150132,4
-4550,16906,2150215,3
-3050,16907,2150333,4
-6550,16908,2150456,3
-2150,16909,2150516,4
-10150,16910,2150708,4
-13300,16911,2150956,3
-1800,16912,2150966,3
-3600,16913,2151032,3
-4900,16914,2151092,3
750,16915,2151147,5
200,16916,2151284,6
-5350,16917,2151367,3
-14250,16918,2151608,3
-4050,16919,2151779,5
-4900,16920,2151860,4
-10150,16921,2152052,4
-7350,16922,2152184,4
-6400,16923,2152323,4
-350,16924,2152433,6
-8150,16925,2152568,3
-4700,16926,2152628,3
-4550,16927,2152707,3
-500,16928,2152879,7
-3100,16929,2152903,3
-6650,16930,2153021,4
-10350,16931,2153204,3
5400,16932,2153259,8
-8050,16933,2153449,4
-7550,16934,2153723,6
-1400,16935,2153835,5
-3400,16936,2153972,6
-7000,16937,2154167,4
-4300,16938,2154243,3
-3650,16939,2154296,3
-12950,16940,2154548,4
-4250,16941,2154601,3
-8150,16942,2154740,3
-3800,16943,2154806,3
-4200,16944,2154876,3
-2750,16945,2154932,4
-17500,16946,2155256,3
-5100,16947,2155316,3
3500,16948,2155508,11
4950,16949,2155700,10
-13750,16950,2156024,4
-400,16951,2156043,4
-2450,16952,2156084,3
-3600,16953,2156154,3
-5250,16954,2156276,4
-2650,16955,2156329,3
-11000,16956,2156547,3
-8150,16957,2156768,5
-3750,16958,2156852,4
-11100,16959,2157044,3
-5900,16960,2157210,5
-3500,16961,2157315,4
-4300,16962,2157428,4
-3800,16963,2157507,4
-11900,16964,2157752,4
-3300,16965,2157812,3
-2800,16966,2157891,4
-4850,16967,2157944,3
-1950,16968,2158004,4
-4450,16969,2158057,3
-12000,16970,2158275,3
-1850,16971,2158444,7
-800,16972,2158454,3
-1050,16973,2158467,3
2550,16974,2158523,6
-3500,16975,2158580,4
-2250,16976,2158650,4
-7200,16977,2158772,3
-4250,16978,2158825,3
5850,16979,2158967,10
-5900,16980,2159096,4
-5300,16981,2159156,3
950,16982,2159211,5
6050,16983,2159295,8
-4650,16984,2159348,3
-3850,16985,2159401,3
-16400,16986,2159732,4
-3950,16987,2159787,3
-2300,16988,2159811,3
-7050,16989,2159924,3
-15350,16990,2160252,4
-10500,16991,2160440,3
-4900,16992,2160500,3
1600,16993,2160560,5
1150,16994,2160771,9
-7100,16995,2160940,4
-600,16996,2160954,3
-6250,16997,2161076,4
-13800,16998,2161466,7
-4300,16999,2161526,3
-7800,17000,2161652,3
4450,17001,2161707,7
-3950,17002,2161844,5
-4050,17003,2162004,6
-3700,17004,2162146,5
2050,17005,2162171,5
-2900,17006,2162228,4
900,17007,2162278,5
-500,17008,2162307,4
-3900,17009,2162420,4
-14350,17010,2162691,3
-900,17011,2162807,7
-7850,17012,2162940,3
-10300,17013,2163128,3
-3700,17014,2163188,3
-5550,17015,2163271,3
-4450,17016,2163389,4
-1850,17017,2163542,7
-22000,17018,2163956,3
5000,17019,2164126,11
-12200,17020,2164340,3
-3850,17021,2164393,3
-8950,17022,2164532,3
-5350,17023,2164615,3
-8350,17024,2164803,4
-4450,17025,2164925,4
-6950,17026,2165048,3
-3700,17027,2165108,3
-4050,17028,2165161,3
-300,17029,2165243,5
-5050,17030,2165300,3
-850,17031,2165449,7
2250,17032,2165478,5
-1750,17033,2165571,5
-5050,17034,2165624,3
-7850,17035,2165737,3
-4750,17036,2165816,3
-3300,17037,2165876,3
-4150,17038,2165955,3
-4850,17039,2166008,3
-4900,17040,2166068,3
-7650,17041,2166326,8
-250,17042,2166339,3
-12900,17043,2166644,4
-4250,17044,2166697,3
-8350,17045,2166836,3
-1450,17046,2167083,9
-5100,17047,2167160,4
-3300,17048,2167220,3
-800,17049,2167299,4
-5700,17050,2167412,4
-3750,17051,2167467,3
-1700,17052,2167491,3
-5700,17053,2167604,4
750,17054,2167659,5
7200,17055,2167743,9
-1500,17056,2167796,4
-11100,17057,2167988,3
-4350,17058,2168043,3
-2500,17059,2168067,3
-7250,17060,2168180,3
-4350,17061,2168235,3
-9300,17062,2168494,6
-2000,17063,2168504,3
-4300,17064,2168564,3
-4600,17065,2168634,3
-10850,17066,2168835,3
-4850,17067,2168888,3
-11400,17068,2169140,5
3300,17069,2169192,7
-2650,17070,2169332,6
-2450,17071,2169561,7
-2650,17072,2169725,6
500,17073,2169771,5
-800,17074,2169851,5
-6200,17075,2169961,3
-2600,17076,2169987,3
-4050,17077,2170040,3
-6950,17078,2170179,3
-4850,17079,2170232,3
-7550,17080,2170347,3
-8450,17081,2170484,3
1450,17082,2170530,6
-1650,17083,2170642,6
-6850,17084,2170755,3
-6800,17085,2170877,3
-10350,17086,2171060,3
-3850,17087,2171113,3
2200,17088,2171252,8
-3050,17089,2171305,3
-5800,17090,2171403,3
-5000,17091,2171636,6
3550,17092,2171832,10
-3100,17093,2171881,4
-4550,17094,2171960,3
-3900,17095,2172020,3
-3850,17096,2172073,3
-6150,17097,2172152,3
-3900,17098,2172212,3
-50,17099,2172251,5
-6300,17100,2172404,4
-1400,17101,2172460,5
-250,17102,2172470,4
-250,17103,2172483,3
-2350,17104,2172596,5
-8100,17105,2172728,3
-4300,17106,2172788,3
-4450,17107,2172841,3
-5400,17108,2172939,3
-9750,17109,2173294,7
-4400,17110,2173364,3
-11100,17111,2173556,3
-5150,17112,2173635,3
1900,17113,2173818,10
-15250,17114,2174132,4
-7950,17115,2174324,4
-4600,17116,2174394,3
-7550,17117,2174525,3
-5800,17118,2174648,4
-1750,17119,2174708,4
-4400,17120,2174791,4
-6250,17121,2174900,3
-4050,17122,2174953,3
-7350,17123,2175150,5
-5200,17124,2175224,3
-400,17125,2175287,4
-5350,17126,2175350,3
-4200,17127,2175416,3
-3950,17128,2175476,4
1350,17129,2175531,5
-1600,17130,2175636,6
-12900,17131,2175913,4
-3600,17132,2175939,3
-4500,17133,2176118,6
-6650,17134,2176244,4
-2200,17135,2176323,4
-5050,17136,2176436,3
-2400,17137,2176515,4
-10500,17138,2176707,3
-13500,17139,2177012,4
-12000,17140,2177283,4
-11500,17141,2177475,3
-4900,17142,2177547,3
-6600,17143,2177641,3
-2800,17144,2177667,3
2700,17145,2177779,7
-4600,17146,2177833,3
-9600,17147,2178028,4
-1550,17148,2178051,3
-14300,17149,2178356,4
-9350,17150,2178548,4
-3650,17151,2178601,3
-2600,17152,2178627,3
3750,17153,2178680,7
-8800,17154,2178810,3
-7650,17155,2179030,6
-6400,17156,2179124,3
-4750,17157,2179203,3
-9950,17158,2179395,4
-5700,17159,2179590,6
-6000,17160,2179700,3
1800,17161,2179862,7
-3750,17162,2179958,4
-450,17163,2179971,3
-7850,17164,2180084,3
-9950,17165,2180276,4
-4800,17166,2180342,3
-8650,17167,2180523,3
-12100,17168,2180739,3
-2700,17169,2180792,4
1200,17170,2180931,8
-6850,17171,2181044,3
-3250,17172,2181097,3
-350,17173,2181236,7
-5100,17174,2181292,3
-800,17175,2181302,3
-7400,17176,2181428,3
-4450,17177,2181481,3
-11000,17178,2181699,3
-3900,17179,2181752,4
4700,17180,2181894,9
-4650,17181,2182004,4
-3850,17182,2182057,3
-11600,17183,2182275,3
-100,17184,2182366,6
-3000,17185,2182470,5
-7600,17186,2182580,3
-4050,17187,2182633,3
-8150,17188,2182772,3
-21300,17189,2183156,3
-3850,17190,2183209,3
-2600,17191,2183292,4
-4300,17192,2183348,3
-3850,17193,2183401,3
-12000,17194,2183619,3
-1300,17195,2183726,6
-7000,17196,2183864,3
-5100,17197,2183924,3
-7950,17198,2184195,7
-4850,17199,2184248,3
-11900,17200,2184506,5
-10200,17201,2184692,3
2100,17202,2184747,6
-4700,17203,2184884,4
-7650,17204,2185131,5
-1700,17205,2185159,3
1500,17206,2185350,10
-11300,17207,2185530,3
-3300,17208,2185652,5
-5550,17209,2185731,3
-7650,17210,2185844,3
-3800,17211,2185910,3
1000,17212,2186064,7
750,17213,2186234,8
-4450,17214,2186307,3
1000,17215,2186363,5
-4800,17216,2186519,5
-300,17217,2186556,4
-4900,17218,2186612,3
-4250,17219,2186665,3
-3000,17220,2186691,3
-4850,17221,2186744,3
-4900,17222,2186804,3
1500,17223,2186826,5
-4650,17224,2186936,4
-11200,17225,2187188,5
-5750,17226,2187267,3
-10400,17227,2187433,3
-2800,17228,2187463,3
-8350,17229,2187627,4
-8050,17230,2187764,3
-4350,17231,2187819,3
-7650,17232,2187956,3
-1700,17233,2188009,4
-12650,17234,2188218,3
-3200,17235,2188395,6
2150,17236,2188422,5
-3000,17237,2188476,3
-3100,17238,2188532,3
-3550,17239,2188615,3
-7050,17240,2188724,3
-3050,17241,2188777,3
-6400,17242,2189005,5
-7350,17243,2189108,3
3400,17244,2189174,7
300,17245,2189187,4
-850,17246,2189300,7
-4350,17247,2189383,3
-8000,17248,2189501,3
-650,17249,2189613,6
-1800,17250,2189684,4
550,17251,2189747,5
250,17252,2189767,4
-4100,17253,2189876,4
900,17254,2189922,5
-2250,17255,2189955,3
-10300,17256,2190147,3
-8000,17257,2190269,3
-1900,17258,2190383,5
-3100,17259,2190452,4
200,17260,2190512,5
1950,17261,2190626,8
-2800,17262,2190697,4
-1850,17263,2190714,3
-5000,17264,2190776,3
-12750,17265,2191028,4
7700,17266,2191111,10
-2350,17267,2191220,5
-5150,17268,2191303,3
-6450,17269,2191412,3
-7700,17270,2191548,3
-4900,17271,2191604,3
-4150,17272,2191659,3
-5450,17273,2191736,3
-550,17274,2191755,3
-3850,17275,2191796,3
-900,17276,2191849,4
-1600,17277,2191875,3
-3650,17278,2191928,3
-7400,17279,2192144,5
-6950,17280,2192259,3
-7800,17281,2192381,3
-6600,17282,2192564,4
-10050,17283,2192811,5
-1500,17284,2192913,5
-4100,17285,2193018,4
1000,17286,2193094,5
-14200,17287,2193332,3
950,17288,2193379,5
-950,17289,2193402,3
-4500,17290,2193524,5
-2850,17291,2193577,3
-10650,17292,2193795,4
-5800,17293,2193963,5
-5450,17294,2194040,3
-3700,17295,2194100,3
-9150,17296,2194292,4
-7400,17297,2194484,5
-600,17298,2194544,5
1800,17299,2194560,5
2350,17300,2194678,8
-10700,17301,2194985,6
-250,17302,2195060,5
-4950,17303,2195139,3
-1000,17304,2195211,5
-3250,17305,2195252,3
-5150,17306,2195384,4
350,17307,2195444,6
-900,17308,2195497,4
-5700,17309,2195691,5
-4550,17310,2196102,11
-7600,17311,2196212,3
-6400,17312,2196404,5
-2500,17313,2196457,4
-8150,17314,2196596,3
-2200,17315,2196843,8
-1900,17316,2196867,3
-4450,17317,2196920,3
-11300,17318,2197116,3
-3800,17319,2197364,9
-3050,17320,2197417,3
-1650,17321,2197556,5
-2700,17322,2197748,7
-4300,17323,2197804,3
-9250,17324,2197949,3
-4600,17325,2198019,3
-14300,17326,2198377,5
1400,17327,2198446,6
-1500,17328,2198475,4
-6500,17329,2198595,3
-10200,17330,2198761,3
-3200,17331,2198787,3
1300,17332,2198903,7
-8300,17333,2199092,4
-17800,17334,2199476,5
-4750,17335,2199531,3
-8650,17336,2199668,3
-2850,17337,2199721,3
-1050,17338,2199738,3
-8200,17339,2199860,3
2300,17340,2199915,6
-4800,17341,2200052,6
-15000,17342,2200310,3
-1650,17343,2200323,3
-3250,17344,2200547,6
250,17345,2200628,5
-4550,17346,2200683,3
2900,17347,2200710,6
-3600,17348,2200764,3
-3100,17349,2200820,3
-2850,17350,2200873,3
-8150,17351,2201012,3
-1500,17352,2201065,4
-6200,17353,2201286,6
-4400,17354,2201336,3
-3450,17355,2201405,3
-3550,17356,2201538,5
-1850,17357,2201547,3
-4400,17358,2201597,3
-10550,17359,2201780,3
-10300,17360,2201972,3
-3950,17361,2202055,3
-4250,17362,2202173,4
-10500,17363,2202365,3
-4600,17364,2202435,3
-500,17365,2202665,9
-2400,17366,2202740,4
-6250,17367,2203083,9
-8100,17368,2203203,3
1400,17369,2203354,8
-6400,17370,2203649,8
-6700,17371,2203770,4
-7000,17372,2203892,3
-3450,17373,2203945,3
-7500,17374,2204150,4
500,17375,2204241,6
-4900,17376,2204342,4
-4800,17377,2204408,3
-6100,17378,2204562,5
-6600,17379,2204660,3
-2900,17380,2204807,6
-11250,17381,2204984,3
-4300,17382,2205044,3
-5950,17383,2205123,3
-3250,17384,2205176,3
-3900,17385,2205236,3
-1800,17386,2205361,6
-4750,17387,2205428,3
-9700,17388,2205620,3
-8900,17389,2205821,4
0,17390,2206004,8
-5200,17391,2206070,3
-14050,17392,2206328,4
-3300,17393,2206388,3
-1250,17394,2206467,5
-7850,17395,2206580,3
-2300,17396,2206633,4
-1850,17397,2206663,4
-7050,17398,2206858,5
-7400,17399,2206964,3
-4000,17400,2207222,7
10400,17401,2207348,11
-4750,17402,2207403,3
-5850,17403,2207484,3
-2900,17404,2207544,3
-7550,17405,2207676,4
-4700,17406,2207732,3
250,17407,2207924,8
-2600,17408,2208056,5
-7950,17409,2208195,3
-4050,17410,2208248,3
-14500,17411,2208500,3
-3500,17412,2208553,4
-7750,17413,2208692,3
-2800,17414,2208939,8
1200,17415,2208967,5
-15050,17416,2209268,3
-5750,17417,2209441,5
-4750,17418,2209652,7
-4200,17419,2209731,4
-5050,17420,2209788,3
-5100,17421,2209844,3
-6050,17422,2210036,6
-11250,17423,2210294,4
-8850,17424,2210476,4
-2000,17425,2210486,3
-5350,17426,2210667,5
-14850,17427,2211051,6
250,17428,2211075,4
1100,17429,2211121,5
-4950,17430,2211188,3
-4450,17431,2211241,3
-4550,17432,2211435,6
1800,17433,2211463,5
-6850,17434,2211572,3
-4100,17435,2211628,3
-2000,17436,2211638,3
5100,17437,2211711,8
-4850,17438,2211764,3
-3750,17439,2211819,3
-1650,17440,2211956,7
-6150,17441,2212088,4
-3050,17442,2212203,5
-12550,17443,2212410,3
-6450,17444,2212532,4
5700,17445,2212682,9
-3000,17446,2212724,3
-7700,17447,2212856,3
-3700,17448,2212916,3
-6350,17449,2213052,4
-5100,17450,2213108,3
5350,17451,2213163,9
-1450,17452,2213254,5
-8250,17453,2213432,4
-5100,17454,2213492,3
-2250,17455,2213558,4
-3900,17456,2213643,4
-3650,17457,2213684,3
-3850,17458,2213737,3
8500,17459,2213955,13
-3650,17460,2214008,3
-3700,17461,2214068,3
-4950,17462,2214200,4
-750,17463,2214219,3
-3450,17464,2214260,3
-4850,17465,2214313,3
-5600,17466,2214452,4
-4450,17467,2214505,3
-6950,17468,2214644,3
-3400,17469,2214723,4
2700,17470,2214799,7
-9450,17471,2214968,3
-3500,17472,2215028,3
250,17473,2215073,5
-3400,17474,2215275,7
-10150,17475,2215491,4
-7200,17476,2215613,3
-6550,17477,2215736,3
-2050,17478,2215796,6
-6700,17479,2216043,6
-8650,17480,2216180,3
-7900,17481,2216312,3
-4500,17482,2216372,3
-4350,17483,2216427,3
-200,17484,2216508,6
-2700,17485,2216564,3
-16550,17486,2217196,12
-2000,17487,2217206,3
-5000,17488,2217276,3
-4300,17489,2217332,3
3250,17490,2217415,7
-10500,17491,2217603,3
-6850,17492,2217716,3
-3950,17493,2217771,3
-1200,17494,2217851,5
-5050,17495,2217908,3
-5950,17496,2217987,3
-7250,17497,2218100,3
-4350,17498,2218155,3
-9050,17499,2218292,3
-4050,17500,2218362,4
-3700,17501,2218443,4
-3650,17502,2218484,3
-5600,17503,2218550,3
-750,17504,2218731,9
-10750,17505,2218923,4
-6100,17506,2219060,4
-4250,17507,2219113,3
-5400,17508,2219305,5
3250,17509,2219451,10
-3700,17510,2219523,3
-6900,17511,2219636,4
-5350,17512,2219772,4
-2700,17513,2219907,6
-5500,17514,2220020,4
-3250,17515,2220073,3
-3400,17516,2220099,3
-1300,17517,2220347,11
-4650,17518,2220404,3
-4850,17519,2220555,5
-3250,17520,2220596,3
850,17521,2220629,5
-4650,17522,2220788,5
-18150,17523,2221172,4
-6350,17524,2221304,4
-4700,17525,2221364,3
-950,17526,2221556,8
-3550,17527,2221611,3
-11450,17528,2221940,7
-4350,17529,2222019,3
-3900,17530,2222072,4
-8750,17531,2222211,3
-7850,17532,2222324,3
-5550,17533,2222407,3
-14100,17534,2222708,4
4550,17535,2222794,8
-7400,17536,2222900,3
-2850,17537,2222953,3
-2600,17538,2222983,3
-9650,17539,2223148,3
1100,17540,2223158,5
-250,17541,2223171,3
-4600,17542,2223340,6
-2000,17543,2223350,3
-14900,17544,2223668,5
-3050,17545,2223721,3
-1250,17546,2223738,3
-10100,17547,2223915,4
-2150,17548,2223930,3
2750,17549,2223974,6
-1900,17550,2224052,5
-6900,17551,2224188,3
-2900,17552,2224244,3
-3950,17553,2224299,3
-7500,17554,2224436,4
2700,17555,2224491,6
-300,17556,2224594,6
-6550,17557,2224779,5
-3450,17558,2224820,3
-2600,17559,2224899,4
1550,17560,2225082,9
2900,17561,2225204,9
-4700,17562,2225350,5
-10600,17563,2225532,3
1200,17564,2225588,5
-5100,17565,2225644,3
-200,17566,2225667,4
-6050,17567,2225780,3
-8950,17568,2225972,4
200,17569,2226024,5
-8300,17570,2226246,5
-9850,17571,2226488,4
-3500,17572,2226548,3
-4350,17573,2226627,3
-7450,17574,2226740,3
5200,17575,2226792,9
1350,17576,2226823,5
-1450,17577,2226922,5
-1950,17578,2227011,5
-7500,17579,2227180,4
-400,17580,2227190,3
4950,17581,2227263,7
-4050,17582,2227316,3
-4250,17583,2227369,3
-200,17584,2227551,7
-1800,17585,2227673,7
-13150,17586,2227892,3
-8350,17587,2228084,4
-5900,17588,2228328,7
-11950,17589,2228523,3
-4450,17590,2228600,3
-4300,17591,2228660,3
-3350,17592,2228715,3
1800,17593,2228763,5
500,17594,2228792,4
-5100,17595,2228852,3
-3000,17596,2228931,4
-4850,17597,2228984,3
-8350,17598,2229123,3
-7650,17599,2229236,3
-4550,17600,2229372,4
-4700,17601,2229428,3
2000,17602,2229492,5
-13100,17603,2229818,5
-18050,17604,2230196,4
-8800,17605,2230388,5
-4550,17606,2230443,3
-2300,17607,2230467,3
-4850,17608,2230520,3
-6800,17609,2230659,4
3000,17610,2230720,6
-850,17611,2230907,9
-1950,17612,2230967,4
-7450,17613,2231096,3
-5100,17614,2231156,3
150,17615,2231231,5
-6800,17616,2231357,3
-1900,17617,2231546,8
-3100,17618,2231623,4
-4100,17619,2231732,4
-3950,17620,2231787,3
-2900,17621,2231811,3
-7450,17622,2231924,3
-5350,17623,2232003,3
600,17624,2232116,6
-4950,17625,2232195,3
-13100,17626,2232500,4
-4750,17627,2232583,3
750,17628,2232692,7
-10150,17629,2232884,4
-6950,17630,2233016,4
-5100,17631,2233076,3
5050,17632,2233268,12
-1700,17633,2233542,9
-5600,17634,2233652,3
-4850,17635,2233705,3
-2050,17636,2233722,3
-6800,17637,2233844,3
5350,17638,2233914,8
-1300,17639,2234008,5
-1700,17640,2234036,3
-3000,17641,2234115,4
-500,17642,2234280,8
-2750,17643,2234307,3
-7200,17644,2234490,4
-2050,17645,2234552,4
-3250,17646,2234621,3
-7650,17647,2234804,5
-2200,17648,2234887,4
-6850,17649,2234996,3
-8900,17650,2235128,3
-3700,17651,2235188,3
-3150,17652,2235243,3
-2400,17653,2235467,9
-2950,17654,2235572,5
-12100,17655,2235899,6
-4050,17656,2235956,3
-2800,17657,2236035,4
-6000,17658,2236203,5
-1900,17659,2236227,3
-3050,17660,2236284,3
-3900,17661,2236340,3
-4950,17662,2236395,3
-1550,17663,2236410,3
-10100,17664,2236611,4
-12900,17665,2236916,4
-4250,17666,2236969,3
-9500,17667,2237187,5
-4850,17668,2237240,3
-7950,17669,2237432,4
-5100,17670,2237492,3
50,17671,2237578,6
2050,17672,2237643,5
-3650,17673,2237684,3
-3450,17674,2237737,3
-2000,17675,2237763,3
-4850,17676,2237816,3
-8550,17677,2237955,3
-4650,17678,2238012,3
-6650,17679,2238138,4
1200,17680,2238170,5
1050,17681,2238203,5
-3650,17682,2238260,3
-4000,17683,2238326,3
-4050,17684,2238452,4
-3250,17685,2238505,3
-7350,17686,2238644,3
1500,17687,2238841,8
-2250,17688,2238915,4
3050,17689,2238985,6
-3900,17690,2239037,3
-7950,17691,2239160,3
-4700,17692,2239220,3
-2650,17693,2239355,5
-3300,17694,2239412,4
750,17695,2239492,6
-1600,17696,2239604,5
-8950,17697,2239796,4
-4050,17698,2239849,3
-3450,17699,2240067,8
-4850,17700,2240120,3
-7850,17701,2240233,3
-4200,17702,2240316,4
-8550,17703,2240508,4
-3350,17704,2240564,4
-5400,17705,2240634,3
-1350,17706,2240756,6
-4650,17707,2240809,3
-7400,17708,2240948,4
-4250,17709,2241001,3
-4250,17710,2241099,4
-2250,17711,2241140,3
-4000,17712,2241219,4
-4850,17713,2241272,3
-8000,17714,2241402,3
-4800,17715,2241464,3
4800,17716,2241579,8
-4500,17717,2241656,4
-2950,17718,2241675,3
-3850,17719,2241716,3
-1000,17720,2241795,4
-3900,17721,2241908,4
-9150,17722,2242182,6
-7000,17723,2242292,3
-10300,17724,2242484,3
-1750,17725,2242700,8
-900,17726,2242844,7
-7150,17727,2242947,3
-14500,17728,2243211,3
-3850,17729,2243252,3
-3750,17730,2243307,3
-2350,17731,2243322,3
-5850,17732,2243403,3
-3650,17733,2243444,3
-10500,17734,2243636,3
-15750,17735,2243907,3
-5050,17736,2243960,3
-1950,17737,2244020,4
-3950,17738,2244152,4
-2950,17739,2244298,6
-6200,17740,2244404,3
-4250,17741,2244457,3
-6400,17742,2244596,4
-5400,17743,2244805,6
-600,17744,2244857,5
-8300,17745,2245059,5
-7200,17746,2245181,3
2200,17747,2245308,8
0,17748,2245364,5
-4850,17749,2245417,3
-8550,17750,2245556,3
-2000,17751,2245656,5
2300,17752,2245686,5
-5000,17753,2245748,3
3100,17754,2245827,6
-4250,17755,2245880,3
-17150,17756,2246211,3
-6100,17757,2246327,3
3500,17758,2246379,7
-11500,17759,2246648,4
-4700,17760,2246708,3
3250,17761,2246787,7
4350,17762,2246844,7
-3350,17763,2246900,4
-4000,17764,2246970,3
-4050,17765,2247109,5
-10100,17766,2247293,3
-4400,17767,2247367,3
-8000,17768,2247485,3
700,17769,2247621,7
-10350,17770,2247800,3
-3100,17771,2247860,3
-4150,17772,2247915,3
-6850,17773,2248052,3
-3050,17774,2248105,3
-7600,17775,2248244,4
-14750,17776,2248515,3
-4250,17777,2248568,3
-14700,17778,2248820,3
-2850,17779,2248873,3
-7000,17780,2249012,4
-9100,17781,2249274,5
-4600,17782,2249340,3
-8850,17783,2249641,7
-2600,17784,2249724,4
-3900,17785,2249780,3
-14550,17786,2250051,3
-4850,17787,2250104,3
-7050,17788,2250217,3
-1250,17789,2250230,3
1850,17790,2250271,5
350,17791,2250412,7
-50,17792,2250422,4
-8600,17793,2250548,3
-4800,17794,2250618,3
-6800,17795,2250740,3
2700,17796,2250795,6
-4550,17797,2250932,5
-4050,17798,2250985,3
-1050,17799,2251203,8
-4850,17800,2251256,3
-7350,17801,2251371,3
-2100,17802,2251395,3
-11100,17803,2251644,4
-2050,17804,2251779,5
-6050,17805,2251892,3
-700,17806,2251950,5
850,17807,2252163,9
-1600,17808,2252342,8
-1250,17809,2252355,3
-4850,17810,2252408,3
-5500,17811,2252590,5
-6200,17812,2252713,4
-850,17813,2252730,3
-5250,17814,2252852,4
-7700,17815,2252988,3
-7850,17816,2253179,5
-150,17817,2253195,4
-2250,17818,2253236,3
-5400,17819,2253507,8
-9300,17820,2253675,3
-7850,17821,2253812,3
-3100,17822,2254004,7
-9350,17823,2254196,4
-3250,17824,2254249,3
-2600,17825,2254279,3
-8000,17826,2254397,3
-8300,17827,2254659,5
0,17828,2254772,6
-3250,17829,2254825,3
-1650,17830,2254964,5
5450,17831,2255024,8
-2600,17832,2255235,8
-11750,17833,2255540,5
-1800,17834,2255619,4
-6850,17835,2255732,3
-4250,17836,2255785,3
-8950,17837,2255924,3
3900,17838,2255979,6
1750,17839,2256128,7
-4550,17840,2256199,3
3850,17841,2256311,8
-2350,17842,2256363,4
-750,17843,2256378,3
-1750,17844,2256500,6
-9550,17845,2256692,4
-5000,17846,2256824,5
2200,17847,2256939,8
-7850,17848,2257076,3
-8300,17849,2257208,3
-3900,17850,2257268,3
-600,17851,2257365,6
3400,17852,2257398,6
-5000,17853,2257460,3
-4850,17854,2257513,3
-1200,17855,2257539,3
-6050,17856,2257652,3
-3450,17857,2257705,3
-7750,17858,2257844,3
-5550,17859,2258091,7
1050,17860,2258119,4
-20700,17861,2258552,4
-5100,17862,2258612,3
-29350,17863,2259188,4
-1250,17864,2259254,4
-4700,17865,2259380,5
-4050,17866,2259433,3
-2200,17867,2259459,3
-4850,17868,2259512,3
-6550,17869,2259651,3
-5050,17870,2259704,3
-8150,17871,2259934,6
-1600,17872,2260035,6
4900,17873,2260085,9
-5350,17874,2260148,3
-2550,17875,2260203,3
-2150,17876,2260218,3
-1450,17877,2260280,4
5400,17878,2260340,9
-3100,17879,2260393,4
-2400,17880,2260419,3
-3850,17881,2260472,3
-2550,17882,2260491,3
-5300,17883,2260723,7
-1850,17884,2260859,6
-3850,17885,2260916,3
-4150,17886,2260971,3
-1500,17887,2260995,3
8150,17888,2261190,13
-11200,17889,2261787,14
-3250,17890,2261820,3
-2900,17891,2261876,3
-500,17892,2261934,5
50,17893,2262053,7
-2700,17894,2262147,5
-5100,17895,2262219,3
-7900,17896,2262339,3
-4850,17897,2262392,3
-1550,17898,2262452,4
-1250,17899,2262506,4
-1050,17900,2262531,3
-10700,17901,2262723,3
-1600,17902,2262856,6
-3150,17903,2262968,4
-10300,17904,2263160,3
1150,17905,2263359,9
-3850,17906,2263412,3
-3650,17907,2263465,3
-8450,17908,2263762,7
-7050,17909,2263875,3
-10350,17910,2264124,5
-2900,17911,2264180,3
-3550,17912,2264235,3
2550,17913,2264320,7
-550,17914,2264331,3
-2300,17915,2264372,4
-4400,17916,2264442,3
-11200,17917,2264620,3
-1600,17918,2264630,3
-7400,17919,2264756,3
-6400,17920,2264948,5
-8900,17921,2265080,3
-3500,17922,2265206,5
-1850,17923,2265219,3
4300,17924,2265271,7
-1450,17925,2265354,5
-1200,17926,2265524,7
-6000,17927,2265737,6
-8100,17928,2265963,5
-6300,17929,2266183,7
-7650,17930,2266292,3
-4400,17931,2266362,3
-7800,17932,2266484,3
-5950,17933,2266563,3
-4850,17934,2266616,3
1150,17935,2266795,9
-12700,17936,2267060,4
-3850,17937,2267113,3
-15350,17938,2267384,3
-4300,17939,2267444,3
-3350,17940,2267523,3
-8800,17941,2267771,5
-3450,17942,2267828,3
-4450,17943,2267881,3
-5000,17944,2268020,4
-6100,17945,2268152,3
-8550,17946,2268291,3
-2900,17947,2268483,7
-6650,17948,2268596,3
-1900,17949,2268649,4
-8100,17950,2268867,5
-7250,17951,2268980,3
-11300,17952,2269172,3
-9650,17953,2269443,5
-3250,17954,2269496,3
-9600,17955,2269707,4
-3250,17956,2269748,3
-2850,17957,2269801,3
-4950,17958,2269880,3
-6750,17959,2270019,3
-7800,17960,2270141,3
-10550,17961,2270324,3
-4750,17962,2270379,3
950,17963,2270430,5
-2500,17964,2270516,5
-3850,17965,2270569,3
-9050,17966,2270853,6
3150,17967,2270979,8
-9750,17968,2271158,3
-6450,17969,2271337,5
-3050,17970,2271476,5
-12800,17971,2271751,4
550,17972,2271848,7
-3300,17973,2271913,4
-6150,17974,2271996,3
-17050,17975,2272297,3
-7150,17976,2272436,3
-3000,17977,2272515,4
-3850,17978,2272568,3
-1400,17979,2272631,4
-4700,17980,2272707,3
-4850,17981,2272760,3
-4700,17982,2272820,3
-10150,17983,2273012,4
-3550,17984,2273067,3
-2900,17985,2273091,3
-6250,17986,2273286,5
-6200,17987,2273396,3
-4550,17988,2273479,3
-7800,17989,2273658,4
-8550,17990,2273859,5
-7600,17991,2273981,3
-3100,17992,2274025,3
500,17993,2274108,6
-2550,17994,2274217,5
-3050,17995,2274234,3
-5050,17996,2274356,4
-13200,17997,2274627,4
-4550,17998,2274740,5
2550,17999,2274907,9
-4400,18000,2274998,4
-1850,18001,2275011,3
-9700,18002,2275179,3
-3550,18003,2275316,5
-2050,18004,2275419,5
-6650,18005,2275508,3
-2400,18006,2275644,5
-3400,18007,2275779,4
-7650,18008,2275892,3
-2450,18009,2275962,4
-3800,18010,2276024,3
-7850,18011,2276219,5
-6900,18012,2276355,3
-10500,18013,2276547,3
-7850,18014,2276660,3
-2150,18015,2276773,5
150,18016,2276811,4
-3650,18017,2276852,3
-5150,18018,2276931,3
-3650,18019,2276984,3
-6400,18020,2277127,4
-10150,18021,2277306,3
-5250,18022,2277387,3
-3650,18023,2277428,3
-5600,18024,2277494,3
-3800,18025,2277560,3
-8150,18026,2277699,3
-5700,18027,2277771,3
-4250,18028,2277812,3
-5300,18029,2278118,9
-5000,18030,2278196,3
-3250,18031,2278249,3
-2000,18032,2278279,3
-7850,18033,2278388,3
1200,18034,2278428,5
-3750,18035,2278557,5
-15800,18036,2278908,4
-10100,18037,2279096,3
-5100,18038,2279156,3
-7100,18039,2279427,6
-7050,18040,2279540,3
10550,18041,2279682,12
-5900,18042,2279802,3
-8200,18043,2279924,3
-1950,18044,2280045,5
-3000,18045,2280116,4
-4450,18046,2280169,3
-11900,18047,2280361,3
-1250,18048,2280387,4
1800,18049,2280600,10
-6700,18050,2280692,3
1000,18051,2280736,5
-6350,18052,2280884,4
-3250,18053,2280937,3
-7500,18054,2281155,5
-6450,18055,2281347,6
-15450,18056,2281652,3
-3250,18057,2281844,6
-3600,18058,2281914,3
850,18059,2282115,9
-8750,18060,2282311,4
1600,18061,2282360,6
-3350,18062,2282612,8
-3850,18063,2282665,3
-4250,18064,2282883,8
-4650,18065,2282936,3
-5050,18066,2283005,3
-4400,18067,2283075,3
-9400,18068,2283254,4
-1250,18069,2283267,3
-7450,18070,2283380,3
-8300,18071,2283512,3
-3100,18072,2283655,6
-6250,18073,2283764,3
-2600,18074,2283843,4
1350,18075,2283956,7
-4650,18076,2284009,3
-2400,18077,2284035,3
-6300,18078,2284148,4
-7700,18079,2284280,3
-2900,18080,2284340,3
1650,18081,2284377,5
-4100,18082,2284532,6
-4000,18083,2284598,3
-8000,18084,2284859,6
2850,18085,2284916,5
-6900,18086,2285048,3
-4300,18087,2285108,3
-3850,18088,2285161,3
-6600,18089,2285300,4
-9550,18090,2285492,4
-12500,18091,2285766,5
-9100,18092,2285942,3
1500,18093,2285984,5
-3550,18094,2286068,4
150,18095,2286151,5
-1550,18096,2286260,5
-5350,18097,2286434,6
-200,18098,2286461,4
-8950,18099,2286653,4
-7350,18100,2286780,3
-4300,18101,2286836,3
-950,18102,2286897,5
-2500,18103,2286987,5
-3650,18104,2287028,3
-2850,18105,2287081,3
2750,18106,2287179,8
5050,18107,2287275,8
-9150,18108,2287491,4
-6250,18109,2287604,3
-4850,18110,2287657,3
-1400,18111,2287683,3
-3500,18112,2287875,7
-5700,18113,2287988,4
-6150,18114,2288067,3
-4650,18115,2288120,3
-3350,18116,2288183,3
-4500,18117,2288259,3
-5200,18118,2288451,5
-7850,18119,2288564,3
-3800,18120,2288777,6
1250,18121,2288814,5
-11100,18122,2289027,4
-3650,18123,2289080,3
-13900,18124,2289332,3
-5800,18125,2289402,3
-250,18126,2289415,3
200,18127,2289483,5
-3650,18128,2289524,3
950,18129,2289579,5
-4950,18130,2289716,5
-5000,18131,2289786,3
-7700,18132,2289987,4
3100,18133,2290047,7
-700,18134,2290100,4
-14750,18135,2290371,3
-10350,18136,2290550,3
-7000,18137,2290676,3
2700,18138,2290731,6
-1000,18139,2290868,6
-18950,18140,2291252,4
-7000,18141,2291444,5
-3750,18142,2291527,3
-8550,18143,2291715,4
-3650,18144,2291768,3
-7650,18145,2292020,6
-8150,18146,2292171,3
-3050,18147,2292212,3
-10300,18148,2292404,3
6350,18149,2292487,9
-13250,18150,2292728,3
-4300,18151,2292788,3
-10950,18152,2293033,5
-6150,18153,2293116,3
-13400,18154,2293443,4
2900,18155,2293638,10
-5800,18156,2293748,3
-7350,18157,2293880,4
-3050,18158,2294072,6
-12300,18159,2294324,3
-10900,18160,2294516,3
-2650,18161,2294569,3
-7350,18162,2294708,3
-9550,18163,2294900,4
-6900,18164,2295032,3
-2750,18165,2295284,8
-5350,18166,2295363,3
-18750,18167,2295747,4
-1050,18168,2295858,5
-2900,18169,2295939,4
-5050,18170,2295992,3
-10100,18171,2296184,3
2600,18172,2296360,9
-3350,18173,2296436,4
-4250,18174,2296489,3
-1950,18175,2296683,6
-6850,18176,2296874,5
-4400,18177,2296956,3
-4700,18178,2297204,7
-4600,18179,2297270,3
-7750,18180,2297405,3
-2050,18181,2297504,5
-800,18182,2297547,4
-3950,18183,2297644,5
-2000,18184,2297654,3
2650,18185,2297724,6
-4700,18186,2297780,3
-4000,18187,2297850,3
-4600,18188,2297912,3
-7100,18189,2298028,3
-1400,18190,2298038,3
-1850,18191,2298051,3
-7600,18192,2298173,3
-9950,18193,2298356,3
-3800,18194,2298426,3
-5400,18195,2298488,3
-12450,18196,2298795,5
-1500,18197,2298819,3
-6400,18198,2298941,3
-4650,18199,2298998,3
-4200,18200,2299068,3
-4100,18201,2299124,3
-5550,18202,2299256,4
-5100,18203,2299316,3
-8950,18204,2299508,4
-11250,18205,2299779,5
-11650,18206,2299976,3
-100,18207,2300084,7
150,18208,2300139,5
1550,18209,2300166,5
-6600,18210,2300276,3
-5300,18211,2300532,7
-1150,18212,2300622,6
-2950,18213,2300669,3
-5200,18214,2300739,3
-4950,18215,2300855,4
-4750,18216,2301044,5
-7600,18217,2301236,5
-8750,18218,2301428,4
-4600,18219,2301699,8
-7500,18220,2301815,3
-7650,18221,2301944,3
-3900,18222,2302139,6
-4650,18223,2302196,3
-3300,18224,2302249,4
-7150,18225,2302388,3
-10300,18226,2302580,3
-12800,18227,2302851,4
5350,18228,2302901,8
1100,18229,2302923,5
-3050,18230,2302964,3
-4750,18231,2303019,3
-5050,18232,2303096,3
-5100,18233,2303156,3
-6750,18234,2303348,4
-1150,18235,2303540,8
-5100,18236,2303596,3
-8600,18237,2303820,5
-3900,18238,2303864,3
-1150,18239,2303924,4
-800,18240,2304004,5
-300,18241,2304116,7
1850,18242,2304198,6
-3900,18243,2304308,5
-5000,18244,2304378,3
-2450,18245,2304440,4
-2550,18246,2304500,4
2850,18247,2304579,7
-5800,18248,2304771,5
-10300,18249,2304963,3
-6800,18250,2305085,3
700,18251,2305225,7
-7600,18252,2305596,8
-4700,18253,2305652,3
-4750,18254,2305707,3
-4050,18255,2305899,6
-4000,18256,2306036,6
-20300,18257,2306510,5
-6600,18258,2306612,3
-11500,18259,2306804,3
1850,18260,2306853,5
-2700,18261,2306996,6
-2650,18262,2307049,3
-7900,18263,2307197,3
-4600,18264,2307267,3
-12650,18265,2307512,3
1250,18266,2307553,5
-6400,18267,2307708,4
-4900,18268,2307764,3
-250,18269,2307839,5
-2850,18270,2307900,3
-4700,18271,2307956,3
-2850,18272,2308009,3
-2200,18273,2308121,5
-3300,18274,2308231,5
-14100,18275,2308532,4
-3650,18276,2308598,4
-4600,18277,2308664,3
-750,18278,2308724,4
1350,18279,2308747,5
-2900,18280,2308803,3
-6850,18281,2308916,3
1100,18282,2308971,6
-2500,18283,2309114,6
400,18284,2309187,6
-6000,18285,2309355,5
-2500,18286,2309379,3
-5900,18287,2309492,4
-5600,18288,2309558,3
-4000,18289,2309624,3
-1350,18290,2309684,4
-3800,18291,2309754,3
-10650,18292,2309955,3
-5450,18293,2310068,3
-50,18294,2310151,5
-1650,18295,2310315,6
-1700,18296,2310339,3
-4700,18297,2310411,3
-12850,18298,2310644,3
-4350,18299,2310699,3
750,18300,2310738,5
-6000,18301,2310836,3
-900,18302,2310889,4
-4900,18303,2311043,5
-2100,18304,2311174,6
-7850,18305,2311299,3
-4850,18306,2311352,3
-2850,18307,2311421,3
-10350,18308,2311604,3
-11700,18309,2311796,3
-850,18310,2311879,5
-7250,18311,2311988,3
-1650,18312,2312103,5
-5400,18313,2312259,5
-2900,18314,2312463,7
-13850,18315,2312696,3
5650,18316,2312831,11
-8800,18317,2313014,4
-7450,18318,2313193,5
-1400,18319,2313219,3
-2700,18320,2313272,4
1200,18321,2313332,5
-650,18322,2313678,12
-6850,18323,2313795,3
-1500,18324,2313905,5
-3300,18325,2314100,6
-4750,18326,2314155,3
950,18327,2314292,7
-1550,18328,2314427,7
850,18329,2314484,5
-7450,18330,2314868,10
-3550,18331,2314923,3
-8650,18332,2315060,3
-9500,18333,2315252,3
-5350,18334,2315335,3
-6300,18335,2315501,5
-1800,18336,2315523,3
-8300,18337,2315691,3
-6850,18338,2315828,3
-3750,18339,2315907,3
1150,18340,2316020,7
-9550,18341,2316212,4
-3850,18342,2316265,3
-6550,18343,2316490,5
-8850,18344,2316651,3
-3850,18345,2316728,3
-5300,18346,2316788,3
-6800,18347,2316939,4
-3250,18348,2316980,3
-4300,18349,2317069,4
-1150,18350,2317150,5
-2350,18351,2317251,5
-1000,18352,2317336,6
-2100,18353,2317446,5
-7000,18354,2317556,3
-5600,18355,2317626,3
800,18356,2317748,7
-8000,18357,2317940,5
-6800,18358,2318100,5
-4800,18359,2318211,4
-7200,18360,2318403,5
-17250,18361,2318708,3
-11100,18362,2318900,3
-5550,18363,2318979,3
-6450,18364,2319092,3
-4350,18365,2319171,3
-6850,18366,2319284,3
-4600,18367,2319441,6
-6800,18368,2319559,3
-3050,18369,2319747,6
-3650,18370,2319800,3
750,18371,2319896,6
-10200,18372,2320197,6
500,18373,2320239,5
-10700,18374,2320436,4
-150,18375,2320497,5
-1400,18376,2320515,3
-4850,18377,2320568,3
-6750,18378,2320707,3
-950,18379,2320788,5
-9950,18380,2321012,4
-3850,18381,2321065,3
-2400,18382,2321095,3
-300,18383,2321256,8
-1550,18384,2321361,5
-12550,18385,2321588,3
300,18386,2321720,7
-2750,18387,2321780,4
-2700,18388,2321833,4
-8350,18389,2321972,3
350,18390,2322027,5
-2950,18391,2322123,4
-1200,18392,2322219,5
-5500,18393,2322356,4
-900,18394,2322491,6
-4450,18395,2322548,3
-3850,18396,2322601,3
-3400,18397,2322627,3
-9550,18398,2322872,5
-13500,18399,2323124,3
-5600,18400,2323190,3
-7800,18401,2323316,3
-5550,18402,2323481,5
-10000,18403,2323782,6
-6600,18404,2323892,3
-10100,18405,2324084,3
-4850,18406,2324137,3
-4850,18407,2324276,5
1000,18408,2324300,5
-3350,18409,2324433,5
-2950,18410,2324468,3
-4550,18411,2324547,3
-7600,18412,2324669,3
-10750,18413,2324852,3
-11300,18414,2325044,3
-2850,18415,2325097,3
-8750,18416,2325236,3
-13050,18417,2325563,5
-4250,18418,2325620,3
-4150,18419,2325675,3
-6450,18420,2325812,3
-1200,18421,2325888,5
-4950,18422,2326004,4
-900,18423,2326226,9
-7650,18424,2326388,4
-4950,18425,2326520,4
-5200,18426,2326659,4
-10950,18427,2326838,3
-5850,18428,2326964,4
-7500,18429,2327100,3
-4500,18430,2327156,3
-4450,18431,2327209,3
-8200,18432,2327348,4
-1500,18433,2327619,10
-2850,18434,2327672,3
1900,18435,2327694,5
500,18436,2327785,6
-5750,18437,2327864,3
-5100,18438,2327924,3
-1750,18439,2328017,5
1050,18440,2328116,7
-3400,18441,2328186,3
-7600,18442,2328308,3
-4200,18443,2328374,3
-3800,18444,2328506,5
-6700,18445,2328692,5
-7400,18446,2328884,5
-5250,18447,2329047,5
-250,18448,2329155,6
-8000,18449,2329277,3
-5000,18450,2329400,4
-8100,18451,2329652,7
-9750,18452,2329844,4
-4450,18453,2329897,3
-3800,18454,2329976,4
-4900,18455,2330036,3
6150,18456,2330119,9
-17050,18457,2330473,4
-1450,18458,2330490,3
-10150,18459,2330747,5
-7100,18460,2330940,4
-3850,18461,2331005,3
-6400,18462,2331188,4
-2800,18463,2331267,4
-6650,18464,2331380,3
-4400,18465,2331450,3
-14450,18466,2331764,4
-9050,18467,2332052,6
-3150,18468,2332148,4
1400,18469,2332340,9
-3950,18470,2332395,3
-1700,18471,2332419,3
-7800,18472,2332541,3
-6050,18473,2332777,6
-1600,18474,2332803,3
-5100,18475,2332916,4
-10900,18476,2333108,3
-5000,18477,2333174,3
-3450,18478,2333386,6
-4600,18479,2333436,3
-1500,18480,2333547,6
-1500,18481,2333571,3
-3850,18482,2333624,3
-8350,18483,2333763,3
-100,18484,2333849,5
-6800,18485,2334008,4
-7400,18486,2334138,3
-4850,18487,2334219,3
-100,18488,2334260,4
1900,18489,2334352,7
-10000,18490,2334518,3
-11150,18491,2334697,3
-3600,18492,2334723,3
-13250,18493,2334968,3
-11950,18494,2335220,4
-4450,18495,2335273,3
-8750,18496,2335412,3
-6250,18497,2335579,5
-1850,18498,2335604,3
-12950,18499,2335851,3
-2700,18500,2335875,3
200,18501,2336058,8
-7000,18502,2336180,3
-4750,18503,2336235,3
-1500,18504,2336259,3
-7850,18505,2336372,3
3300,18506,2336427,6
1900,18507,2336441,5
2200,18508,2336564,8
-3850,18509,2336617,3
-16900,18510,2337003,5
-1700,18511,2337031,3
-9500,18512,2337219,3
-5100,18513,2337332,4
-9950,18514,2337524,4
-3750,18515,2337580,4
-400,18516,2337590,3
-850,18517,2337603,3
-6100,18518,2337716,4
-4850,18519,2337769,3
2250,18520,2337810,5
3450,18521,2337852,6
-4900,18522,2337908,3
-9650,18523,2338155,5
-8850,18524,2338292,3
-4750,18525,2338371,3
1450,18526,2338466,7
-400,18527,2338484,3
-3700,18528,2338537,4
-5800,18529,2338729,5
-4350,18530,2338812,3
-4100,18531,2338868,3
-1600,18532,2338947,4
-3050,18533,2339004,3
-2550,18534,2339060,4
-5750,18535,2339139,3
-4850,18536,2339192,3
-7150,18537,2339331,3
-3250,18538,2339384,3
-2950,18539,2339444,4
-4200,18540,2339514,3
-4700,18541,2339787,8
-2650,18542,2339828,3
-2200,18543,2339907,4
-9800,18544,2340073,3
-2400,18545,2340156,4
-1350,18546,2340212,4
-4400,18547,2340282,3
-7800,18548,2340404,3
-2900,18549,2340457,4
-2000,18550,2340483,3
-5050,18551,2340540,3
-4850,18552,2340666,4
-8150,18553,2341059,9
-4850,18554,2341112,3
-7800,18555,2341238,3
-8000,18556,2341364,3
-2300,18557,2341446,5
600,18558,2341556,7
-1400,18559,2341611,4
-5350,18560,2341800,5
-2750,18561,2341827,3
-5900,18562,2341993,5
-1600,18563,2342019,3
-6450,18564,2342132,3
-4150,18565,2342187,3
-8050,18566,2342324,3
-3200,18567,2342403,4
-4850,18568,2342456,3
-10850,18569,2342791,5
-7050,18570,2342900,3
-3050,18571,2342953,3
-4750,18572,2343147,6
-1150,18573,2343171,4
-4450,18574,2343224,3
-200,18575,2343243,4
-6100,18576,2343363,3
-11350,18577,2343546,3
-2450,18578,2343612,4
-4500,18579,2343668,3
-9750,18580,2343860,4
-3650,18581,2343913,3
-2050,18582,2343930,3
-10800,18583,2344108,3
-2000,18584,2344118,3
-3250,18585,2344253,5
-4200,18586,2344323,3
-1400,18587,2344403,5
-3050,18588,2344436,3
-2200,18589,2344515,4
-3450,18590,2344572,3
-3500,18591,2344628,3
-5300,18592,2344875,6
-1500,18593,2344899,3
550,18594,2345012,7
-2900,18595,2345065,4
-2000,18596,2345091,3
-3850,18597,2345144,3
-950,18598,2345287,7
-11300,18599,2345475,3
-6850,18600,2345588,3
-3550,18601,2345667,3
-5300,18602,2345739,3
-3650,18603,2345780,3
-4150,18604,2345835,3
-10500,18605,2346051,3
-6250,18606,2346164,3
-5950,18607,2346243,3
-2250,18608,2346342,5
-6550,18609,2346548,6
-2850,18610,2346601,3
-10850,18611,2346810,3
-6350,18612,2347015,5
-7400,18613,2347219,5
-4050,18614,2347395,6
-6650,18615,2347508,3
2850,18616,2347587,7
-5800,18617,2347709,3
-1850,18618,2347779,4
-6800,18619,2347901,3
-6000,18620,2348024,4
-3850,18621,2348212,6
200,18622,2348235,4
-3650,18623,2348276,3
-2550,18624,2348331,3
-8250,18625,2348468,3
-8900,18626,2348739,6
-6250,18627,2348852,3
-4150,18628,2348907,3
-3850,18629,2348984,3
-3300,18630,2349044,3
-7500,18631,2349180,3
-2900,18632,2349236,3
-5000,18633,2349302,3
-6450,18634,2349428,4
1050,18635,2349485,5
-9550,18636,2349673,4
-3200,18637,2349699,3
-4650,18638,2349752,3
-950,18639,2349771,3
-3450,18640,2349906,5
-9850,18641,2350136,4
-5100,18642,2350196,3
-4450,18643,2350249,3
-4650,18644,2350408,5
-7800,18645,2350633,6
-3200,18646,2350659,3
-4050,18647,2350712,3
-7850,18648,2350907,5
-2300,18649,2350923,3
-6800,18650,2351017,3
-3350,18651,2351096,3
0,18652,2351115,4
-11700,18653,2351348,4
-2500,18654,2351540,7
-4550,18655,2351595,3
-4000,18656,2351768,6
-1250,18657,2351785,3
-2400,18658,2351811,3
-3850,18659,2352069,8
-3950,18660,2352116,3
-4600,18661,2352186,3
1600,18662,2352251,6
-2700,18663,2352308,4
-5600,18664,2352378,3
-7250,18665,2352500,4
100,18666,2352550,5
-7250,18667,2352692,4
-6400,18668,2352884,5
-1500,18669,2353016,7
-18600,18670,2353460,5
-4850,18671,2353513,3
-850,18672,2353530,3
-10650,18673,2353834,6
-2300,18674,2353923,4
-4750,18675,2354134,7
1450,18676,2354187,5
-3650,18677,2354228,3
-2400,18678,2354307,4
2900,18679,2354420,8
-500,18680,2354482,5
-7000,18681,2354612,3
-4000,18682,2354678,3
-5600,18683,2354744,3
2100,18684,2354787,6
-4800,18685,2354857,3
-5750,18686,2354940,3
-1700,18687,2354997,4
-10150,18688,2355188,3
-2650,18689,2355241,3
-6600,18690,2355380,4
-650,18691,2355456,6
-4900,18692,2355512,3
-8650,18693,2355743,5
-6500,18694,2355896,4
-1150,18695,2356026,6
1450,18696,2356051,5
-3500,18697,2356148,4
2000,18698,2356287,8
-4250,18699,2356340,3
-4250,18700,2356393,3
-7400,18701,2356535,3
-4600,18702,2356585,3
-4600,18703,2356664,4
-7200,18704,2356794,3
-8950,18705,2357067,5
-2250,18706,2357108,3
-5100,18707,2357164,3
-2000,18708,2357174,3
-6400,18709,2357300,3
-13100,18710,2357654,5
-3900,18711,2357763,4
-4550,18712,2357929,6
-350,18713,2358002,5
500,18714,2358068,5
150,18715,2358123,5
-1300,18716,2358147,3
-4850,18717,2358200,3
-4900,18718,2358260,3
-5350,18719,2358343,3
-4850,18720,2358452,3
-12400,18721,2358699,4
-2300,18722,2358723,3
-650,18723,2358823,6
-1000,18724,2358845,3
-1450,18725,2358932,5
1500,18726,2358966,5
-13200,18727,2359220,3
-2850,18728,2359273,3
-5600,18729,2359371,3
-1100,18730,2359412,4
-5350,18731,2359569,5
-2950,18732,2359604,3
-4300,18733,2359774,5
-6100,18734,2359866,3
-6450,18735,2360075,7
-2550,18736,2360180,5
-4750,18737,2360235,3
-2900,18738,2360312,4
-3700,18739,2360372,3
-4750,18740,2360427,3
5250,18741,2360496,9
-3150,18742,2360564,4
-6650,18743,2360779,5
-600,18744,2360822,4
-10900,18745,2361027,4
-8600,18746,2361193,3
-4650,18747,2361291,4
-3550,18748,2361411,4
-3650,18749,2361464,3
-3900,18750,2361524,3
-3550,18751,2361579,3
-5650,18752,2361656,3
-2700,18753,2361716,3
3550,18754,2361781,7
-7350,18755,2361908,3
-12600,18756,2362282,7
-1400,18757,2362362,5
-650,18758,2362375,3
-6400,18759,2362493,3
-6550,18760,2362616,3
-9900,18761,2362808,3
-3700,18762,2362868,3
1100,18763,2363003,6
-2850,18764,2363060,3
-4750,18765,2363139,3
-3950,18766,2363252,5
-2250,18767,2363305,3
3250,18768,2363486,9
-3850,18769,2363580,4
-4500,18770,2363636,3
950,18771,2363691,5
-6300,18772,2363828,4
-3600,18773,2363907,4
-900,18774,2363973,5
-10750,18775,2364152,3
-4450,18776,2364299,5
1250,18777,2364328,5
950,18778,2364347,5
-5050,18779,2364404,3
-3150,18780,2364459,3
-1900,18781,2364483,3
-800,18782,2364596,6
1900,18783,2364634,5
-18800,18784,2365033,4
-1200,18785,2365059,3
10450,18786,2365175,12
-7900,18787,2365364,4
-1350,18788,2365453,5
2100,18789,2365487,5
-5450,18790,2365556,3
0,18791,2365620,5
-2950,18792,2365688,4
-3100,18793,2365748,3
-10650,18794,2366019,5
-9800,18795,2366202,4
350,18796,2366264,4
2350,18797,2366324,6
-8950,18798,2366516,4
-5150,18799,2366595,3
-3750,18800,2366667,4
-3450,18801,2366708,3
-3850,18802,2366761,3
-8750,18803,2366900,3
-5750,18804,2367147,7
-1900,18805,2367171,3
-7200,18806,2367293,3
-5200,18807,2367363,3
0,18808,2367419,5
-2150,18809,2367479,4
-5000,18810,2367668,6
-4750,18811,2367747,3
-7650,18812,2367860,3
-2650,18813,2367939,5
7450,18814,2368012,9
-2450,18815,2368131,5
-5100,18816,2368244,4
-3450,18817,2368297,3
-5000,18818,2368436,4
-1650,18819,2368506,4
-3200,18820,2368568,3
-11250,18821,2369067,9
600,18822,2369082,4
-4800,18823,2369148,3
-6950,18824,2369287,3
2800,18825,2369323,5
5200,18826,2369431,9
-2550,18827,2369462,3
-1850,18828,2369475,3
-4850,18829,2369528,3
-8750,18830,2369667,3
-4100,18831,2369780,4
-10300,18832,2369972,3
-4350,18833,2370051,3
-6250,18834,2370164,3
-7950,18835,2370356,4
-10350,18836,2370548,4
-3500,18837,2370601,4
-2200,18838,2370627,3
-11300,18839,2370819,3
-3000,18840,2370985,7
-6400,18841,2371124,4
-3450,18842,2371316,6
-3650,18843,2371369,3
-2400,18844,2371563,7
1750,18845,2371783,10
-10200,18846,2371962,4
-4500,18847,2372084,5
-4150,18848,2372139,3
-4350,18849,2372235,4
-2450,18850,2372276,3
2200,18851,2372320,5
-250,18852,2372346,4
-6600,18853,2372468,3
-4000,18854,2372547,4
-7250,18855,2372660,3
-7150,18856,2372918,6
-5450,18857,2373044,4
-7450,18858,2373291,5
-3100,18859,2373372,4
450,18860,2373428,4
-5750,18861,2373511,3
-3300,18862,2373579,3
-16400,18863,2373865,3
-4150,18864,2373944,3
-7750,18865,2374083,3
-9150,18866,2374275,4
-4700,18867,2374347,3
-9450,18868,2374638,5
2050,18869,2374716,6
1750,18870,2374904,10
-4700,18871,2374964,3
-100,18872,2375034,5
-8400,18873,2375156,3
-4850,18874,2375209,3
2350,18875,2375348,9
-3400,18876,2375554,7
-4300,18877,2375700,5
-5200,18878,2375815,4
2150,18879,2375912,7
-2500,18880,2375994,5
-11300,18881,2376182,3
-450,18882,2376195,3
-6250,18883,2376308,3
-3000,18884,2376378,3
-300,18885,2376534,7
-6400,18886,2376632,3
-13100,18887,2376884,3
600,18888,2377035,8
-4250,18889,2377076,3
-4250,18890,2377129,3
-5750,18891,2377208,3
-5300,18892,2377268,3
-1100,18893,2377321,4
-3300,18894,2377403,5
-3850,18895,2377460,3
3350,18896,2377533,7
-6750,18897,2377652,3
400,18898,2377926,11
-1250,18899,2377976,4
-5100,18900,2378036,3
-3550,18901,2378091,3
-200,18902,2378171,5
-3700,18903,2378228,4
-1700,18904,2378420,7
-4400,18905,2378499,4
-4850,18906,2378613,4
-4600,18907,2378769,5
1200,18908,2378797,5
-2600,18909,2378893,5
-10200,18910,2379128,4
-4500,18911,2379188,3
-11700,18912,2379380,3
1750,18913,2379435,5
-1300,18914,2379459,3
-7050,18915,2379572,3
-9250,18916,2379819,5
-1250,18917,2379910,5
-8650,18918,2380035,3
1700,18919,2380077,5
-2850,18920,2380148,5
-2400,18921,2380231,4
-5250,18922,2380340,3
-5350,18923,2380419,3
-7650,18924,2380532,3
-3950,18925,2380587,3
-2300,18926,2380611,3
-4300,18927,2380724,4
-4650,18928,2380777,3
-4950,18929,2380860,3
-3500,18930,2380916,3
-4850,18931,2380969,3
-2000,18932,2380995,3
-4700,18933,2381067,3
-3250,18934,2381108,3
-3700,18935,2381353,8
-1600,18936,2381379,3
-2900,18937,2381432,4
-4700,18938,2381492,3
-2800,18939,2381592,5
-1700,18940,2381628,3
-2750,18941,2381684,4
-6350,18942,2381820,4
-4700,18943,2381876,3
-3000,18944,2382234,11
-6250,18945,2382392,4
-4700,18946,2382452,3
-4750,18947,2382531,3
1700,18948,2382549,5
-1050,18949,2382603,4
-1500,18950,2382644,4
-4750,18951,2382723,3
-1000,18952,2382836,6
-8550,18953,2383081,5
-15600,18954,2383412,4
-4300,18955,2383604,7
-5600,18956,2383674,3
4500,18957,2383810,11
-12850,18958,2384043,3
-3100,18959,2384120,4
-2150,18960,2384180,4
-5200,18961,2384246,3
-1050,18962,2384316,4
-1950,18963,2384372,4
-2850,18964,2384425,3
150,18965,2384455,4
-6050,18966,2384564,3
-11050,18967,2384765,3
1400,18968,2384907,7
-3450,18969,2385030,5
-6800,18970,2385140,3
-550,18971,2385221,5
-6400,18972,2385332,4
-7350,18973,2385483,3
-4950,18974,2385603,4
-6250,18975,2385716,3
-4750,18976,2385795,3
-15550,18977,2386156,5
-1600,18978,2386166,3
-7600,18979,2386292,3
-3400,18980,2386362,3
-1100,18981,2386513,6
-7350,18982,2386710,5
-2350,18983,2386729,3
-8850,18984,2386947,4
-5900,18985,2387060,4
-4750,18986,2387139,3
-150,18987,2387192,5
700,18988,2387321,8
3600,18989,2387510,10
-2050,18990,2387580,4
-4100,18991,2387636,3
1850,18992,2387714,6
800,18993,2387828,7
-3450,18994,2387881,3
-2250,18995,2387894,3
-3900,18996,2388090,7
-2050,18997,2388152,4
-4300,18998,2388212,3
-4250,18999,2388265,3
3550,19000,2388338,7
-2100,19001,2388404,5
1000,19002,2388584,9
-1350,19003,2388731,7
-6950,19004,2388871,4
-5750,19005,2389142,7
5700,19006,2389227,8
-2100,19007,2389255,3
-15700,19008,2389556,4
-650,19009,2389615,5
-7450,19010,2389748,3
-2850,19011,2389801,3
-6600,19012,2389940,4
-4100,19013,2390110,5
-1400,19014,2390132,3
-9450,19015,2390425,7
-2350,19016,2390460,3
-13300,19017,2390708,3
-1850,19018,2390787,5
-6650,19019,2390900,3
-3200,19020,2390979,4
-13650,19021,2391293,4
-4300,19022,2391337,3
-3400,19023,2391363,3
-4050,19024,2391416,3
-12350,19025,2391668,4
-4150,19026,2391747,3
-1200,19027,2391860,6
-4450,19028,2391913,3
-3000,19029,2392061,5
1400,19030,2392085,5
-1000,19031,2392198,6
-10650,19032,2392436,4
-5550,19033,2392519,3
-3850,19034,2392568,3
-1200,19035,2392681,6
500,19036,2392760,6
-3550,19037,2392820,4
-5400,19038,2392890,3
-7850,19039,2393015,3
1100,19040,2393049,5
-2550,19041,2393158,5
-5300,19042,2393283,4
-14700,19043,2393588,4
-4850,19044,2393641,3
-2000,19045,2393667,3
-7250,19046,2393780,3
2050,19047,2393912,8
-4900,19048,2393972,3
-4800,19049,2394243,8
-6850,19050,2394356,3
-4150,19051,2394411,3
-2500,19052,2394435,3
-4550,19053,2394548,5
-4350,19054,2394603,3
-11200,19055,2394875,5
-4850,19056,2394932,3
-6150,19057,2395182,6
-9000,19058,2395369,4
-2050,19059,2395382,3
-2250,19060,2395395,3
-5050,19061,2395452,3
-9300,19062,2395640,3
-10500,19063,2395836,3
-5100,19064,2395892,3
1300,19065,2395930,5
2000,19066,2395974,5
-3200,19067,2396024,3
-4900,19068,2396084,3
-9750,19069,2396276,4
1900,19070,2396331,6
1400,19071,2396359,5
-10000,19072,2396521,3
-2400,19073,2396547,3
-4700,19074,2396660,4
-4000,19075,2396849,6
50,19076,2396918,5
-2450,19077,2396931,3
-11150,19078,2397110,3
-6050,19079,2397236,4
-5550,19080,2397315,3
-7850,19081,2397428,3
-7000,19082,2397620,5
-5550,19083,2397805,5
1800,19084,2397825,5
-750,19085,2397980,7
3350,19086,2398012,6
-4600,19087,2398083,4
-7200,19088,2398262,4
650,19089,2398303,5
-5250,19090,2398388,3
-4250,19091,2398441,3
-1250,19092,2398454,3
-5250,19093,2398580,4
-2050,19094,2398650,4
-7400,19095,2398772,3
-3850,19096,2398825,3
-5050,19097,2398964,5
-5600,19098,2399030,3
-1650,19099,2399043,3
-1000,19100,2399127,5
1500,19101,2399211,7
-2100,19102,2399235,3
-7850,19103,2399540,7
-5400,19104,2399610,3
-5400,19105,2399676,3
-1100,19106,2399787,6
-750,19107,2399815,4
-4250,19108,2399864,3
-3900,19109,2399924,3
-3350,19110,2400074,6
600,19111,2400110,5
-2000,19112,2400186,5
2550,19113,2400312,8
-4250,19114,2400374,4
-5400,19115,2400440,3
-8000,19116,2400566,3
900,19117,2400604,5
-4350,19118,2400745,5
650,19119,2400843,6
-2450,19120,2400884,3
-11500,19121,2401076,3
-1500,19122,2401158,5
1250,19123,2401211,5
-3050,19124,2401268,3
-8400,19125,2401460,5
-4800,19126,2401530,3
-4400,19127,2401592,3
-7000,19128,2401788,5
-3500,19129,2401844,3
1550,19130,2401999,9
-2500,19131,2402039,3
-4100,19132,2402115,3
-8250,19133,2402284,3
-1300,19134,2402370,5
-650,19135,2402379,3
-4250,19136,2402420,3
600,19137,2402508,5
-2700,19138,2402556,3
-3950,19139,2402612,4
-5800,19140,2402804,5
-11450,19141,2403051,5
-2900,19142,2403075,3
-2450,19143,2403174,5
-11350,19144,2403459,5
-6850,19145,2403572,3
-2800,19146,2403664,5
850,19147,2403704,4
-5300,19148,2403764,3
-6250,19149,2403956,6
-3850,19150,2404009,3
-2850,19151,2404124,5
1800,19152,2404148,5
2700,19153,2404203,6
-3200,19154,2404323,5
-12450,19155,2404532,3
-3950,19156,2404587,3
-1500,19157,2404611,3
-10700,19158,2404971,7
-1700,19159,2404995,3
2950,19160,2405036,7
-3950,19161,2405108,4
-5200,19162,2405174,3
-3600,19163,2405240,3
4050,19164,2405303,7
-8900,19165,2405492,4
-2900,19166,2405548,3
-1400,19167,2405562,3
1900,19168,2405588,5
-4700,19169,2405754,5
-6850,19170,2405933,5
1600,19171,2405965,5
-2850,19172,2406260,9
-1900,19173,2406313,4
-2050,19174,2406330,3
-2250,19175,2406396,4
1100,19176,2406454,5
1900,19177,2406505,6
-1600,19178,2406531,3
-5900,19179,2406603,3
-6950,19180,2406710,3
4950,19181,2406780,8
-350,19182,2406870,6
-4550,19183,2407092,6
-4550,19184,2407160,4
-3550,19185,2407289,5
-550,19186,2407362,5
600,19187,2407467,6
-1500,19188,2407491,3
-10150,19189,2407674,3
-7400,19190,2407796,3
3200,19191,2407833,6
-3150,19192,2407994,5
-1300,19193,2408044,5
-1200,19194,2408054,3
-1850,19195,2408067,3
-7250,19196,2408180,3
-4350,19197,2408235,3
200,19198,2408291,5
300,19199,2408316,4
2200,19200,2408427,8
-4400,19201,2408756,10
-4950,19202,2408839,3
-7800,19203,2409027,5
-4450,19204,2409084,3
-7900,19205,2409196,3
-800,19206,2409206,3
-450,19207,2409358,6
-3100,19208,2409398,3
-1350,19209,2409524,6
-4850,19210,2409577,3
-1200,19211,2409603,3
-5700,19212,2409745,5
300,19213,2409795,5
-5300,19214,2409908,4
-4050,19215,2409961,3
4650,19216,2410146,9
-1300,19217,2410232,5
-14700,19218,2410484,3
-8300,19219,2410616,3
-2950,19220,2410676,4
4050,19221,2410731,7
-1850,19222,2410811,6
-7950,19223,2410934,3
650,19224,2411040,6
-1000,19225,2411255,8
-1550,19226,2411331,4
-5050,19227,2411384,3
-6950,19228,2411499,3
-9250,19229,2411718,5
-4650,19230,2411828,4
1350,19231,2411892,6
-5950,19232,2412020,4
-4450,19233,2412073,3
-17350,19234,2412404,3
2450,19235,2412454,6
2600,19236,2412483,6
1750,19237,2412490,5
3850,19238,2412536,6
-13500,19239,2412788,3
-3600,19240,2412920,5
-1750,19241,2412939,3
-6950,19242,2413046,3
-10250,19243,2413321,5
-14750,19244,2413748,7
-4850,19245,2413801,3
-4750,19246,2413880,3
-5100,19247,2413940,3
-3550,19248,2413995,3
-5700,19249,2414132,4
-4450,19250,2414185,3
-1600,19251,2414211,3
-4850,19252,2414264,3
-3300,19253,2414324,3
2650,19254,2414403,7
-3450,19255,2414456,3
2200,19256,2414595,8
-6450,19257,2414708,3
-3350,19258,2414763,3
-750,19259,2414778,3
-4300,19260,2414900,5
-2450,19261,2414953,3
-3800,19262,2414983,3
-4300,19263,2415051,3
-10850,19264,2415224,3
-8200,19265,2415354,3
-7600,19266,2415476,3
-4800,19267,2415542,3
-7400,19268,2415668,3
-11900,19269,2415860,3
-4050,19270,2415913,3
-850,19271,2415930,3
-1600,19272,2416038,5
-2900,19273,2416131,4
-13650,19274,2416376,3
-5100,19275,2416436,3
-4750,19276,2416491,3
1300,19277,2416497,5
-4950,19278,2416568,3
-4500,19279,2416628,3
-2700,19280,2416681,4
-9550,19281,2416873,4
-4550,19282,2416956,3
-4500,19283,2417012,3
-13550,19284,2417283,3
-1150,19285,2417396,5
-4000,19286,2417475,4
-2500,19287,2417528,4
-3050,19288,2417667,5
-4100,19289,2417780,4
-5200,19290,2417846,3
-1350,19291,2417972,6
-2250,19292,2418025,3
-5050,19293,2418164,5
-2200,19294,2418243,4
-10300,19295,2418435,3
-6650,19296,2418548,3
-9150,19297,2418740,4
1900,19298,2418806,5
-5450,19299,2418932,4
-4450,19300,2418985,3
-6350,19301,2419064,3
-5300,19302,2419124,3
-3650,19303,2419177,3
1300,19304,2419372,10
-7500,19305,2419508,3
-8350,19306,2419700,4
-3800,19307,2419770,3
-9900,19308,2419971,4
-9300,19309,2420139,3
-4650,19310,2420216,3
-5100,19311,2420276,3
-8200,19312,2420468,5
-5800,19313,2420660,5
-5200,19314,2420730,3
-10650,19315,2420931,3
-6800,19316,2421053,3
-10550,19317,2421236,3
-4400,19318,2421306,3
-7000,19319,2421428,3
-5600,19320,2421494,3
-6000,19321,2421620,3
3300,19322,2421672,7
800,19323,2421771,8
-7350,19324,2421878,3
-18550,19325,2422266,4
-1600,19326,2422358,5
-12200,19327,2422580,3
650,19328,2422621,5
-5200,19329,2422772,4
-3050,19330,2422825,3
-2850,19331,2422842,3
-5450,19332,2422923,3
-6950,19333,2423120,5
-1400,19334,2423212,5
-2000,19335,2423222,3
-4800,19336,2423288,3
-4300,19337,2423348,3
-4750,19338,2423403,3
900,19339,2423458,6
-5600,19340,2423540,3
-4550,19341,2423623,3
-17050,19342,2424056,7
-4900,19343,2424116,3
-8300,19344,2424248,3
-4500,19345,2424374,5
-10100,19346,2424583,4
-18550,19347,2424950,3
-6650,19348,2425035,3
-3650,19349,2425076,3
-4800,19350,2425323,8
-15700,19351,2425652,4
-5600,19352,2425722,3
-5000,19353,2425784,3
-11100,19354,2425980,3
-4500,19355,2426036,3
-3750,19356,2426091,3
1600,19357,2426123,5
-6650,19358,2426228,3
-5600,19359,2426437,6
1200,19360,2426485,5
-1450,19361,2426601,6
-1550,19362,2426706,5
-7000,19363,2426804,3
-11900,19364,2426996,3
300,19365,2427058,5
-2550,19366,2427171,5
-5350,19367,2427258,3
-9950,19368,2427531,5
-3250,19369,2427572,3
-2100,19370,2427720,7
-7950,19371,2427843,3
-800,19372,2428042,8
-7400,19373,2428148,3
-4750,19374,2428203,3
-450,19375,2428410,9
450,19376,2428475,5
-2650,19377,2428532,3
-4400,19378,2428598,3
-2450,19379,2428611,3
-4850,19380,2428668,3
-5100,19381,2428724,3
-1200,19382,2428873,6
-7600,19383,2428995,3
-10100,19384,2429244,4
-3900,19385,2429300,3
-4200,19386,2429370,3
-2050,19387,2429387,3
-9400,19388,2429545,3
-6350,19389,2429624,3
-8550,19390,2429763,3
-8250,19391,2429932,3
-400,19392,2429942,3
-5050,19393,2430068,4
-9350,19394,2430260,4
-13000,19395,2430548,5
-5750,19396,2430644,4
-9150,19397,2430836,4
-4800,19398,2430968,5
-3300,19399,2431028,3
-4350,19400,2431107,3
-3650,19401,2431160,3
-19400,19402,2431604,5
-3850,19403,2431657,3
-5750,19404,2431740,3
-3900,19405,2431796,3
-1450,19406,2431879,5
-7800,19407,2432123,5
-11050,19408,2432312,3
-5100,19409,2432372,3
-4450,19410,2432425,3
-50,19411,2432451,4
-550,19412,2432520,5
-14850,19413,2432826,4
-4400,19414,2432892,3
-3100,19415,2432948,3
1250,19416,2432977,5
-2550,19417,2433083,6
-4050,19418,2433140,3
-11600,19419,2433411,4
-9750,19420,2433590,3
-4500,19421,2433716,5
-10150,19422,2433908,4
-8500,19423,2434179,6
-7450,19424,2434386,5
2550,19425,2434421,5
-3400,19426,2434484,4
-4250,19427,2434537,3
-14800,19428,2434808,4
-4300,19429,2434868,3
2800,19430,2434913,6
-2100,19431,2435031,5
-3350,19432,2435139,4
-4850,19433,2435192,3
-4950,19434,2435255,3
-9100,19435,2435444,4
-3850,19436,2435497,3
-7950,19437,2435636,3
-3950,19438,2435691,3
-11700,19439,2435883,3
-600,19440,2435951,5
-1800,19441,2436023,5
-10550,19442,2436288,5
-4150,19443,2436404,4
-2600,19444,2436487,4
-8150,19445,2436675,4
-9100,19446,2436867,3
-4900,19447,2436980,4
-3450,19448,2437033,3
-7200,19449,2437172,4
-5350,19450,2437255,3
-31300,19451,2437884,4
-3100,19452,2437940,3
1050,19453,2438005,5
-3850,19454,2438091,4
-300,19455,2438210,6
-13800,19456,2438456,3
3950,19457,2438517,7
-6750,19458,2438648,3
-3100,19459,2438708,3
-8950,19460,2438859,3
-3850,19461,2438900,3
-3400,19462,2438970,3
-600,19463,2439071,6
200,19464,2439171,5
-12750,19465,2439476,5
-3950,19466,2439531,3
-16100,19467,2439860,4
7450,19468,2439933,9
-6750,19469,2440052,3
-1250,19470,2440107,5
-800,19471,2440244,6
-4400,19472,2440436,5
-6950,19473,2440572,4
-7700,19474,2440820,7
-4450,19475,2440873,3
-10400,19476,2441067,3
-3550,19477,2441110,3
-3400,19478,2441148,3
-3300,19479,2441204,3
-8750,19480,2441396,4
-4450,19481,2441449,3
-1400,19482,2441475,3
2500,19483,2441588,8
-5600,19484,2441654,3
-1650,19485,2441724,4
-4100,19486,2441780,3
-2650,19487,2441846,4
-3850,19488,2441916,4
-18000,19489,2442230,3
-9100,19490,2442435,4
-6850,19491,2442548,3
-10450,19492,2442876,6
-7650,19493,2442985,3
-9350,19494,2443124,3
-8950,19495,2443316,4
-10500,19496,2443508,3
-9550,19497,2443700,4
-5100,19498,2443780,3
-6700,19499,2443892,3
-7950,19500,2444084,4
-4300,19501,2444600,15
-5100,19502,2444660,3
-3000,19503,2444743,4
-7300,19504,2444855,3
3600,19505,2444999,9
-4000,19506,2445053,3
-5050,19507,2445110,3
-2450,19508,2445123,3
300,19509,2445218,6
-1950,19510,2445319,5
-15500,19511,2445620,4
-4450,19512,2445673,3
-2600,19513,2445867,7
-2300,19514,2445891,3
-700,19515,2445944,4
-10900,19516,2446136,3
-4100,19517,2446196,3
-8050,19518,2446428,6
-6500,19519,2446524,3
-4500,19520,2446580,3
-7700,19521,2446851,6
-10850,19522,2447020,3
-5900,19523,2447096,3
-6550,19524,2447235,3
-9000,19525,2447414,4
-2250,19526,2447427,3
-7050,19527,2447540,3
-5550,19528,2447619,3
-3850,19529,2447672,3
4200,19530,2447734,7
-4500,19531,2447864,5
-5250,19532,2447933,3
-14050,19533,2448170,3
-8000,19534,2448308,3
-11100,19535,2448500,3
-5150,19536,2448583,3
-10200,19537,2448745,3
-2400,19538,2448771,3
5650,19539,2448999,12
-1700,19540,2449076,4
-5000,19541,2449146,3
-8000,19542,2449268,3
-8700,19543,2449515,6
-3300,19544,2449539,3
-5050,19545,2449592,3
-1550,19546,2449652,4
-9950,19547,2449844,4
3150,19548,2449901,7
-6600,19549,2450045,5
-5050,19550,2450102,3
-2450,19551,2450115,3
-3850,19552,2450168,3
6050,19553,2450233,9
-2100,19554,2450351,5
-4850,19555,2450420,3
-5800,19556,2450571,4
-4250,19557,2450612,3
-10900,19558,2450903,6
-3700,19559,2450996,4
-2650,19560,2451062,4
-8600,19561,2451188,3
2300,19562,2451267,6
-3650,19563,2451320,3
-8750,19564,2451512,4
-1150,19565,2451572,4
-4350,19566,2451627,3
-8450,19567,2451764,3
-4000,19568,2451830,3
-2500,19569,2451989,6
-8400,19570,2452151,3
-7050,19571,2452280,3
-4100,19572,2452340,3
-4950,19573,2452423,3
-4500,19574,2452532,4
-5000,19575,2452602,3
1800,19576,2452704,7
950,19577,2452751,5
-2900,19578,2452807,3
-3250,19579,2452860,3
-7750,19580,2452995,3
-6450,19581,2453108,3
-12200,19582,2453379,4
-7300,19583,2453495,3
1750,19584,2453547,6
-3600,19585,2453737,7
-1250,19586,2453754,3
-6200,19587,2453876,3
-2050,19588,2454008,6
-9400,19589,2454260,5
-5200,19590,2454326,3
-1250,19591,2454339,3
-4700,19592,2454452,4
-4300,19593,2454598,5
-4900,19594,2454723,4
-7700,19595,2454937,5
1750,19596,2454972,5
-2350,19597,2455028,4
-4600,19598,2455098,3
-2250,19599,2455205,5
-2400,19600,2455371,7
-3300,19601,2455415,3
-7650,19602,2455544,3
-2900,19603,2455604,3
-3450,19604,2455657,3
-600,19605,2455803,7
-3700,19606,2455875,3
-6450,19607,2455988,3
-2200,19608,2456071,4
-6650,19609,2456180,3
-2250,19610,2456233,3
-9700,19611,2456507,5
-350,19612,2456523,4
-10500,19613,2456715,3
-3650,19614,2456756,3
-4000,19615,2456810,3
-1900,19616,2456826,3
-2550,19617,2456947,5
-7650,19618,2457080,3
-5100,19619,2457140,3
-5150,19620,2457276,4
-3500,19621,2457332,3
-7900,19622,2457533,4
-7150,19623,2457656,3
-3150,19624,2457675,3
-3450,19625,2457716,3
-10300,19626,2457908,3
1100,19627,2457946,5
-3700,19628,2458040,5
-8800,19629,2458170,3
-6400,19630,2458292,3
-2600,19631,2458375,4
-18850,19632,2458732,3
-1400,19633,2458742,3
-5850,19634,2458868,4
-7700,19635,2459000,3
-5100,19636,2459060,3
-12400,19637,2459331,4
6200,19638,2459395,9
-10900,19639,2459636,4
-2250,19640,2459689,3
-12250,19641,2459898,3
-4000,19642,2459960,3
-4700,19643,2460020,3
-2150,19644,2460171,7
-3650,19645,2460212,3
-2450,19646,2460282,4
-1050,19647,2460459,7
-8050,19648,2460596,3
-3450,19649,2460649,3
-1000,19650,2460675,3
-10700,19651,2460920,4
-7900,19652,2461130,5
-8400,19653,2461304,3
-9350,19654,2461496,4
-3900,19655,2461556,3
-11350,19656,2461804,4
-2000,19657,2461814,3
-14250,19658,2462076,4
-3700,19659,2462132,3
-9550,19660,2462324,4
-5400,19661,2462394,3
-8400,19662,2462598,5
-6600,19663,2462708,3
-3950,19664,2462763,3
-7650,19665,2462900,3
-3850,19666,2462953,3
-4750,19667,2463032,3
4750,19668,2463123,9
-2950,19669,2463158,3
-2450,19670,2463171,3
-13300,19671,2463476,4
950,19672,2463531,5
-1250,19673,2463721,8
1050,19674,2463778,5
4900,19675,2463867,8
-2200,19676,2463926,4
-2050,19677,2463943,3
-7350,19678,2464131,4
-11100,19679,2464323,3
-2150,19680,2464436,5
-8950,19681,2464628,4
-3850,19682,2464681,3
-8600,19683,2465012,8
-10950,19684,2465204,4
-3050,19685,2465257,3
200,19686,2465384,8
-800,19687,2465452,5
-800,19688,2465462,3
-4600,19689,2465528,3
-3700,19690,2465588,3
-8500,19691,2465835,6
-2100,19692,2465859,3
-5150,19693,2465975,4
-6450,19694,2466056,3
-7500,19695,2466164,3
900,19696,2466206,5
-8900,19697,2466435,4
-7650,19698,2466548,3
-6700,19699,2466680,3
-4500,19700,2466740,3
-6950,19701,2466835,3
-8700,19702,2467011,3
-3150,19703,2467124,5
-4400,19704,2467194,3
-12050,19705,2467448,4
2000,19706,2467591,8
-4650,19707,2467640,3
-2950,19708,2467659,3
-3400,19709,2467709,3
-9600,19710,2467892,4
-4050,19711,2467945,3
-13000,19712,2468216,4
150,19713,2468331,5
-5850,19714,2468408,3
-3300,19715,2468468,3
1150,19716,2468662,8
-4750,19717,2468713,3
-2400,19718,2468739,3
-4850,19719,2468792,3
-4900,19720,2468852,3
-9150,19721,2469003,3
-3250,19722,2469044,3
1900,19723,2469099,6
-6100,19724,2469236,4
-4450,19725,2469289,3
-1850,19726,2469306,3
-10700,19727,2469498,3
1800,19728,2469547,6
-2700,19729,2469620,4
-3850,19730,2469673,3
-5150,19731,2469752,3
-4100,19732,2469812,3
800,19733,2469864,5
-6350,19734,2470004,4
-3800,19735,2470074,3
-4300,19736,2470199,4
-2200,19737,2470303,5
250,19738,2470347,4
-3250,19739,2470388,3
-3050,19740,2470441,3
-4400,19741,2470646,6
-850,19742,2470659,3
-4850,19743,2470712,3
-4650,19744,2470781,3
-5000,19745,2470851,3
-8600,19746,2471030,4
3400,19747,2471100,7
-4700,19748,2471156,3
-5850,19749,2471319,5
-1250,19750,2471348,3
-7650,19751,2471559,5
-3800,19752,2471593,3
-3200,19753,2471619,3
-4450,19754,2471672,3
-18750,19755,2472056,4
-3900,19756,2472116,3
-3850,19757,2472169,3
-15950,19758,2472509,4
1350,19759,2472655,8
-12650,19760,2472884,3
-6050,19761,2473076,6
-12750,19762,2473539,7
-4250,19763,2473596,3
-3500,19764,2473652,3
2100,19765,2473694,5
-6100,19766,2473844,5
-7900,19767,2473980,3
-8200,19768,2474102,3
900,19769,2474136,5
-3550,19770,2474228,4
-2650,19771,2474281,3
-7500,19772,2474429,3
200,19773,2474473,5
-2800,19774,2474499,3
3900,19775,2474555,7
-4650,19776,2474612,3
-11300,19777,2474804,3
-5600,19778,2474874,3
-1100,19779,2475005,6
-12450,19780,2475267,4
-1750,19781,2475376,5
-2150,19782,2475436,4
-2000,19783,2475446,3
-4400,19784,2475512,3
-4300,19785,2475572,3
-8500,19786,2475843,6
-14250,19787,2476092,3
-4100,19788,2476148,3
250,19789,2476189,5
-2400,19790,2476297,5
-8200,19791,2476419,3
-300,19792,2476538,6
-8850,19793,2476724,4
-4000,19794,2476790,3
-11650,19795,2476999,3
-4250,19796,2477174,5
-4800,19797,2477240,3
-4100,19798,2477300,3
-9350,19799,2477492,4
-5200,19800,2477558,3
-1250,19801,2477571,3
-4450,19802,2477624,3
-9100,19803,2477768,3
-6700,19804,2477876,3
800,19805,2477920,5
-3650,19806,2478068,6
-4450,19807,2478219,5
-2400,19808,2478269,3
-10350,19809,2478452,3
-9500,19810,2478644,3
-2100,19811,2478807,6
-12850,19812,2479028,3
-10700,19813,2479220,3
-9350,19814,2479371,3
-4550,19815,2479491,4
-2400,19816,2479690,8
-3850,19817,2479755,3
-3250,19818,2479796,3
-1250,19819,2479879,5
-3450,19820,2479932,3
0,19821,2479988,5
-3250,19822,2480041,3
-3400,19823,2480071,3
-4650,19824,2480259,6
-4450,19825,2480312,3
-4000,19826,2480428,5
-2000,19827,2480438,3
-7400,19828,2480564,3
-4750,19829,2480647,3
-5650,19830,2480814,5
-13400,19831,2481084,3
-4700,19832,2481140,3
-5550,19833,2481219,3
-3450,19834,2481272,3
-4300,19835,2481332,3
-17550,19836,2481716,4
-4550,19837,2481771,3
-2950,19838,2481908,5
-4250,19839,2481961,3
-2850,19840,2481978,3
-4000,19841,2482040,3
-7950,19842,2482155,3
750,19843,2482299,6
-4400,19844,2482345,3
-4750,19845,2482424,3
-4100,19846,2482484,3
-14400,19847,2482759,4
-10550,19848,2482938,3
-5650,19849,2483019,3
-3450,19850,2483060,3
-2850,19851,2483113,3
-8750,19852,2483252,3
-3850,19853,2483305,3
-18550,19854,2483636,3
-3700,19855,2483692,3
2450,19856,2483738,6
2800,19857,2483766,5
-4050,19858,2483828,4
200,19859,2483892,5
-7850,19860,2484029,3
-4800,19861,2484152,4
-13150,19862,2484404,4
-5150,19863,2484487,3
-7250,19864,2484596,3
-3650,19865,2484649,3
-850,19866,2484789,6
-7000,19867,2484920,4
-4300,19868,2485062,5
-6800,19869,2485172,3
-4550,19870,2485227,3
-11500,19871,2485447,3
-4050,19872,2485660,7
-4700,19873,2485748,3
-6800,19874,2485940,5
-3950,19875,2486102,6
-2850,19876,2486135,3
-10450,19877,2486324,3
1600,19878,2486365,6
1700,19879,2486387,5
-8750,19880,2486595,4
-8850,19881,2486814,5
1650,19882,2486839,5
-550,19883,2486859,4
-3050,19884,2486900,3
-11300,19885,2487092,3
-4400,19886,2487368,9
-5900,19887,2487476,3
-4050,19888,2487529,3
-2850,19889,2487546,3
-2050,19890,2487559,3
-5300,19891,2487803,7
-15750,19892,2488118,3
-1900,19893,2488297,6
-15250,19894,2488587,4
-16850,19895,2488876,3
-600,19896,2488886,3
450,19897,2488955,5
-3850,19898,2489012,3
-3050,19899,2489065,3
-17750,19900,2489396,3
-4150,19901,2489479,3
-24850,19902,2489972,3
-2500,19903,2490025,4
-8100,19904,2490243,5
-4650,19905,2490296,3
-4500,19906,2490356,3
-4950,19907,2490411,3
-8650,19908,2490548,3
-3450,19909,2490601,3
-19100,19910,2490941,3
-2200,19911,2491045,5
1100,19912,2491067,5
-3700,19913,2491124,4
-3950,19914,2491179,3
-1900,19915,2491203,3
-6650,19916,2491316,3
-3400,19917,2491382,3
-8350,19918,2491587,5
-3650,19919,2491640,3
-12300,19920,2491892,3
-11100,19921,2492084,3
-3850,19922,2492137,3
-2600,19923,2492163,3
-4850,19924,2492216,3
-3350,19925,2492276,4
-4550,19926,2492355,3
-8750,19927,2492580,5
-4900,19928,2492660,3
-3000,19929,2492739,4
-7650,19930,2492852,3
-700,19931,2492910,5
-8800,19932,2493044,3
-20900,19933,2493428,3
-3450,19934,2493481,3
-2050,19935,2493641,6
-2850,19936,2493752,5
900,19937,2493774,5
700,19938,2493816,5
-10300,19939,2494086,5
-6050,19940,2494196,4
-1850,19941,2494266,4
-3050,19942,2494389,5
-3150,19943,2494448,3
-8550,19944,2494775,7
-7050,19945,2494904,3
-5100,19946,2494964,3
950,19947,2495015,5
2000,19948,2495043,5
-11150,19949,2495222,3
-2250,19950,2495235,3
-9700,19951,2495403,3
-150,19952,2495472,5
-4700,19953,2495540,3
-3000,19954,2495623,4
-8000,19955,2495741,3
-4100,19956,2496006,8
-5400,19957,2496116,3
-8350,19958,2496267,3
-14050,19959,2496566,5
-3400,19960,2496632,3
-4100,19961,2496692,3
-2400,19962,2496747,4
-6050,19963,2496824,3
-2750,19964,2496884,4
-300,19965,2496946,5
-11650,19966,2497155,3
-650,19967,2497243,6
-4850,19968,2497324,3
-2000,19969,2497334,3
-1850,19970,2497400,4
-600,19971,2497460,5
-10100,19972,2497652,3
0,19973,2497712,5
600,19974,2497735,4
-5650,19975,2497844,3
-2300,19976,2497897,4
-7350,19977,2498036,3
-5600,19978,2498102,3
-5750,19979,2498283,5
-6050,19980,2498360,3
-2700,19981,2498420,3
1400,19982,2498618,11
-1350,19983,2498760,6
-5850,19984,2498857,3
-5750,19985,2498936,3
-4500,19986,2498996,3
-12600,19987,2499267,4
-12100,19988,2499512,4
-5200,19989,2499676,5
-11800,19990,2500008,5
-3550,19991,2500035,3
-4850,19992,2500088,3
-9000,19993,2500340,5
550,19994,2500395,5
650,19995,2500423,4
-8200,19996,2500541,3
-4650,19997,2500680,5
-7150,19998,2500856,4
-3150,19999,2500916,4
-4150,20000,2500979,3
-2100,20001,2500995,3
-2450,20002,2501048,3
-3900,20003,2501108,3
-18150,20004,2501492,4
-4050,20005,2501684,6
-1300,20006,2501737,4
-27400,20007,2502260,4
-3650,20008,2502313,3
-10450,20009,2502531,4
-4650,20010,2502584,3
-7850,20011,2502697,3
-650,20012,2502756,5
-4150,20013,2502836,4
-5550,20014,2502915,3
-7250,20015,2503028,3
-250,20016,2503083,5
-8900,20017,2503276,4
-600,20018,2503286,3
-300,20019,2503299,4
-2050,20020,2503352,3
-3250,20021,2503421,3
-10750,20022,2503604,3
-3850,20023,2503657,3
-7750,20024,2503796,3
-2850,20025,2503849,3
-3550,20026,2503974,5
-6400,20027,2504072,3
-7050,20028,2504267,5
-4500,20029,2504372,4
-3850,20030,2504425,3
-2450,20031,2504442,3
-6200,20032,2504564,3
-8950,20033,2504812,4
-600,20034,2504822,3
-6850,20035,2504951,3
-3200,20036,2505055,5
1200,20037,2505087,5
-3050,20038,2505140,3
-4350,20039,2505195,3
-3400,20040,2505332,6
-3850,20041,2505385,3
-11050,20042,2505590,3
-50,20043,2505681,5
2600,20044,2505714,6
-6450,20045,2505848,4
-3700,20046,2505908,3
-2200,20047,2506029,6
-650,20048,2506059,4
-3050,20049,2506100,3
850,20050,2506133,5
2650,20051,2506175,6
-7250,20052,2506292,3
-9200,20053,2506626,7
-7100,20054,2506742,3
-3800,20055,2506808,3
-4100,20056,2506868,3
-1450,20057,2506947,5
-4850,20058,2507118,5
-2650,20059,2507139,3
-2500,20060,2507237,5
-9800,20061,2507444,4
-3950,20062,2507499,3
-4950,20063,2507636,5
-4000,20064,2507702,3
-1450,20065,2507715,3
-4100,20066,2507828,4
550,20067,2507911,5
-4750,20068,2508023,4
-7050,20069,2508156,3
-3300,20070,2508212,3
-2250,20071,2508265,3
-12450,20072,2508474,3
-950,20073,2508576,6
-750,20074,2508666,6
-8000,20075,2508788,3
-3550,20076,2508843,3
-700,20077,2508867,3
-7650,20078,2508980,3
-4250,20079,2509033,3
-2250,20080,2509050,3
-9300,20081,2509242,3
-5400,20082,2509304,3
-7350,20083,2509419,3
-4850,20084,2509611,6
-8450,20085,2509801,4
-2550,20086,2509930,5
-5850,20087,2510072,4
-6250,20088,2510185,3
-1600,20089,2510215,3
-7050,20090,2510324,3
-4250,20091,2510377,3
-8550,20092,2510516,3
-8900,20093,2510652,3
-1500,20094,2510763,6
-2900,20095,2510840,4
-2650,20096,2510955,5
-12750,20097,2511162,3
-11050,20098,2511420,4
-3900,20099,2511476,3
-7250,20100,2511671,5
-4150,20101,2511734,3
-2450,20102,2511747,3
-4050,20103,2511800,3
400,20104,2511844,5
-650,20105,2511915,5
-3850,20106,2511992,3
-3900,20107,2512052,3
-500,20108,2512134,5
-6800,20109,2512244,3
-13650,20110,2512502,4
-550,20111,2512681,7
-1400,20112,2512707,3
-5850,20113,2512820,3
-6050,20114,2513012,6
-8350,20115,2513204,4
-6150,20116,2513340,4
-3700,20117,2513396,3
-4450,20118,2513449,3
-5000,20119,2513597,5
-4850,20120,2513654,3
-2450,20121,2513667,3
-4850,20122,2513720,3
-14700,20123,2513972,3
-4400,20124,2514042,3
1650,20125,2514107,5
-2500,20126,2514164,4
-4200,20127,2514234,3
-6800,20128,2514356,3
-2550,20129,2514411,3
-6650,20130,2514548,3
-4950,20131,2514631,3
-6500,20132,2514796,4
-2000,20133,2514806,3
-6400,20134,2514932,3
-9200,20135,2515124,5
-13550,20136,2515448,4
-7150,20137,2515575,3
-300,20138,2515587,3
-6050,20139,2515700,3
-11100,20140,2515945,4
-2400,20141,2515971,3
-2050,20142,2516086,5
-9600,20143,2516276,3
-2850,20144,2516383,5
1300,20145,2516405,5
-2400,20146,2516468,4
550,20147,2516523,5
-7250,20148,2516669,4
-4400,20149,2516739,3
-7400,20150,2516918,4
-1450,20151,2516931,3
-4850,20152,2516984,3
-12750,20153,2517236,4
-4550,20154,2517319,3
-5650,20155,2517428,3
-9500,20156,2517678,5
-5400,20157,2517752,3
-350,20158,2517817,5
-7000,20159,2517944,4
-14500,20160,2518196,3
-3750,20161,2518251,3
-1450,20162,2518403,6
-7500,20163,2518633,5
-4750,20164,2518712,3
-5100,20165,2518964,7
-3850,20166,2519017,3
-3050,20167,2519034,3
-5000,20168,2519096,3
100,20169,2519154,5
1900,20170,2519208,5
-14700,20171,2519480,3
-5350,20172,2519732,8
-10900,20173,2520059,6
-9250,20174,2520200,3
-7500,20175,2520308,3
-4250,20176,2520361,3
-11650,20177,2520566,3
-2250,20178,2520579,3
-16500,20179,2520884,4
-4550,20180,2520939,3
-12150,20181,2521142,3
-2450,20182,2521155,3
-3050,20183,2521348,7
-3700,20184,2521400,3
-3150,20185,2521460,4
500,20186,2521522,5
-2850,20187,2521617,5
-18800,20188,2521976,4
-4700,20189,2522036,3
-4900,20190,2522194,5
-9800,20191,2522360,3
-14100,20192,2522612,3
-4200,20193,2522678,3
-11500,20194,2522902,3
-2800,20195,2522936,3
-11550,20196,2523188,4
-13950,20197,2523624,8
-3200,20198,2523642,3
-5450,20199,2523764,4
750,20200,2523803,5
2000,20201,2523819,5
-9050,20202,2524038,5
-350,20203,2524091,5
-4650,20204,2524148,3
-2450,20205,2524299,5
-3450,20206,2524340,3
-3850,20207,2524393,3
-12400,20208,2524664,4
-4100,20209,2524724,3
-3650,20210,2524887,5
-13250,20211,2525222,5
-1400,20212,2525244,3
-2500,20213,2525300,3
-4050,20214,2525353,3
-11050,20215,2525571,4
-3500,20216,2525684,4
-4050,20217,2525819,5
-5050,20218,2525876,3
-250,20219,2525931,5
-12150,20220,2526138,3
450,20221,2526316,10
-800,20222,2526326,3
-4600,20223,2526392,3
-5100,20224,2526452,3
150,20225,2526507,5
-1200,20226,2526587,5
-3250,20227,2526644,3
-14400,20228,2526906,3
700,20229,2527006,7
1600,20230,2527034,5
-7200,20231,2527160,3
-4700,20232,2527220,3
750,20233,2527275,5
-1000,20234,2527355,5
-3750,20235,2527496,5
-15900,20236,2527796,3
600,20237,2527856,5
-2600,20238,2527928,5
-8350,20239,2528120,4
-6350,20240,2528260,4
-6700,20241,2528372,3
-4450,20242,2528425,3
-9100,20243,2528640,6
-11100,20244,2528840,3
3450,20245,2528952,8
-10900,20246,2529140,3
-6200,20247,2529332,5
-3650,20248,2529385,3
-2850,20249,2529402,3
-12150,20250,2529716,6
-3550,20251,2529771,3
-3300,20252,2529848,4
-4100,20253,2529908,3
-1500,20254,2529961,4
-1250,20255,2530085,6
1450,20256,2530155,6
-2900,20257,2530179,3
-7900,20258,2530295,3
-9650,20259,2530484,3
-3450,20260,2530537,3
-13000,20261,2530808,4
-4500,20262,2530868,3
-7800,20263,2531019,4
-3450,20264,2531060,3
-14600,20265,2531318,3
-4000,20266,2531384,3
-5100,20267,2531444,3
-5200,20268,2531510,3
-2450,20269,2531523,3
-7400,20270,2531706,4
-7800,20271,2531828,3
-11300,20272,2532086,5
-1850,20273,2532099,3
-4100,20274,2532212,4
-4450,20275,2532265,3
3250,20276,2532344,7
-1750,20277,2532404,4
-3500,20278,2532457,4
-1800,20279,2532483,3
-5850,20280,2532596,3
-2650,20281,2532649,3
-4650,20282,2532788,5
-4900,20283,2532962,5
-4600,20284,2533036,3
-400,20285,2533046,3
-5850,20286,2533172,4
-10450,20287,2533447,5
-4850,20288,2533500,3
-1350,20289,2533515,3
-11900,20290,2533707,3
-3650,20291,2533748,3
-4750,20292,2533831,3
-8350,20293,2533994,3
-13400,20294,2534264,3
-4500,20295,2534324,3
-8700,20296,2534456,3
-4900,20297,2534516,3
-4550,20298,2534677,5
1800,20299,2534713,5
-4800,20300,2534787,3
-14500,20301,2535092,4
1150,20302,2535123,5
1850,20303,2535140,5
-1100,20304,2535227,6
-4050,20305,2535284,3
-10300,20306,2535476,3
-6100,20307,2535560,3
-10350,20308,2535723,3
-7650,20309,2535860,3
-4250,20310,2535913,3
-1450,20311,2535930,3
-7600,20312,2536052,3
-3950,20313,2536107,3
-2700,20314,2536135,3
-1650,20315,2536247,6
-4900,20316,2536323,3
-6650,20317,2536489,4
-7350,20318,2536628,3
-12000,20319,2536899,4
-4850,20320,2536952,3
-3700,20321,2537012,3
-11300,20322,2537204,3
-7900,20323,2537340,3
-7500,20324,2537542,5
-16050,20325,2537859,3
-14450,20326,2538104,3
-10900,20327,2538296,3
-3900,20328,2538356,3
-2700,20329,2538548,7
-5600,20330,2538614,3
-2050,20331,2538627,3
-2950,20332,2538699,4
-1100,20333,2538740,4
-5600,20334,2538810,3
1350,20335,2538853,5
2650,20336,2538883,6
-4250,20337,2538932,3
1400,20338,2538956,5
-2550,20339,2539089,5
-1250,20340,2539127,4
800,20341,2539179,5
800,20342,2539267,5
-13650,20343,2539508,3
-3650,20344,2539561,3
-8750,20345,2539700,3
-27950,20346,2540276,4
-2650,20347,2540329,3
-8950,20348,2540468,3
-1450,20349,2540538,4
-4250,20350,2540600,4
-9750,20351,2540792,4
-4150,20352,2540852,4
-9450,20353,2541059,5
-4200,20354,2541097,3
-13400,20355,2541372,4
-3900,20356,2541428,3
-4600,20357,2541498,3
-5250,20358,2541579,3
-4050,20359,2541620,3
-10900,20360,2541812,3
-5950,20361,2541891,3
-7100,20362,2542086,6
-6200,20363,2542196,3
-12300,20364,2542441,4
-4750,20365,2542520,3
-2750,20366,2542539,3
-2650,20367,2542580,3
-3850,20368,2542633,3
-5750,20369,2542712,3
650,20370,2542802,6
-3700,20371,2542842,3
-6050,20372,2543066,6
-3000,20373,2543096,3
-4500,20374,2543156,3
-9150,20375,2543348,4
-5600,20376,2543418,3
-2250,20377,2543595,7
-7150,20378,2543784,5
-5100,20379,2543868,3
-4700,20380,2543924,3
200,20381,2544079,8
-3800,20382,2544125,3
-3150,20383,2544387,10
-6300,20384,2544500,4
-5150,20385,2544579,3
-9500,20386,2544747,3
600,20387,2544783,5
2900,20388,2544821,5
-11200,20389,2545076,4
-3250,20390,2545129,3
-1850,20391,2545237,6
-2900,20392,2545323,5
-900,20393,2545347,3
-4450,20394,2545400,3
-7350,20395,2545539,3
-8750,20396,2545722,3
-17400,20397,2546036,3
-8950,20398,2546187,3
-2450,20399,2546228,3
-3450,20400,2546298,4
-4650,20401,2546539,7
-1900,20402,2546612,4
-5200,20403,2546682,3
-3700,20404,2546804,5
1300,20405,2546854,5
-7150,20406,2547051,5
-3300,20407,2547079,3
-4250,20408,2547132,3
-10700,20409,2547324,3
-3900,20410,2547380,3
-3250,20411,2547433,3
-1700,20412,2547548,6
1300,20413,2547578,5
-4250,20414,2547655,3
-3000,20415,2547767,5
-6700,20416,2547896,4
-5100,20417,2547956,3
400,20418,2548036,5
-5550,20419,2548148,4
-3850,20420,2548201,3
-22650,20421,2548683,4
-2250,20422,2548724,3
2150,20423,2548808,6
-5750,20424,2548916,4
-4450,20425,2548969,3
-2050,20426,2549080,5
-1100,20427,2549108,3
-10100,20428,2549366,5
-450,20429,2549379,3
-7450,20430,2549492,3
3200,20431,2549633,10
-1000,20432,2549643,3
-3250,20433,2549684,3
-5050,20434,2549737,3
-8850,20435,2550068,9
-5550,20436,2550135,3
-6650,20437,2550260,3
-5750,20438,2550392,4
-10100,20439,2550584,3
-3500,20440,2550644,3
5300,20441,2550836,11
-4550,20442,2550919,3
-1950,20443,2551028,5
-4000,20444,2551094,3
-850,20445,2551107,3
-2900,20446,2551160,4
-4550,20447,2551276,4
-1600,20448,2551286,3
-5200,20449,2551356,3
-2500,20450,2551412,3
1800,20451,2551456,5
-800,20452,2551491,4
-350,20453,2551625,6
-4150,20454,2551790,5
-8050,20455,2551988,4
-6650,20456,2552180,6
150,20457,2552243,5
-14500,20458,2552564,4
-4750,20459,2552619,3
-2700,20460,2552696,4
-5100,20461,2552756,3
-24400,20462,2553210,3
1450,20463,2553235,5
1350,20464,2553270,5
-4800,20465,2553332,3
-4850,20466,2553385,3
-2850,20467,2553402,3
-5400,20468,2553464,3
-3700,20469,2553524,3
-2850,20470,2553577,3
900,20471,2553607,5
-11500,20472,2553795,3
-7900,20473,2553911,3
-3150,20474,2554040,5
-3550,20475,2554100,4
-4450,20476,2554153,3
-5200,20477,2554251,3
-4050,20478,2554292,3
-4600,20479,2554362,3
-4650,20480,2554505,5
2100,20481,2554535,5
-15100,20482,2554868,4
50,20483,2555019,7
-700,20484,2555060,4
-4450,20485,2555113,3
-4350,20486,2555192,3
900,20487,2555349,8
-3150,20488,2555384,3
-13150,20489,2555636,4
-4150,20490,2555691,3
450,20491,2555752,5
-2400,20492,2555828,5
-5650,20493,2556020,6
-2850,20494,2556184,6
1300,20495,2556202,5
-6500,20496,2556404,5
-4200,20497,2556462,3
-8400,20498,2556596,3
-9150,20499,2556788,4
950,20500,2556851,5
-700,20501,2556871,3
-6900,20502,2556983,3
-10450,20503,2557172,3
-3950,20504,2557227,3
-5900,20505,2557364,4
-4750,20506,2557419,3
-5850,20507,2557500,3
-3900,20508,2557556,3
-10500,20509,2557748,3
-3850,20510,2557801,3
-1400,20511,2557827,3
-3250,20512,2557880,3
-8850,20513,2558148,6
-2850,20514,2558185,3
-6200,20515,2558324,4
-4850,20516,2558377,3
-11000,20517,2558584,4
-1950,20518,2558595,3
-3250,20519,2558648,3
-4300,20520,2558708,3
-3350,20521,2558764,4
1050,20522,2558822,6
2400,20523,2558903,6
-3350,20524,2559016,5
-1750,20525,2559092,4
-3850,20526,2559145,3
-2900,20527,2559189,3
-6750,20528,2559284,3
850,20529,2559321,5
-7350,20530,2559555,6
850,20531,2559665,6
-6650,20532,2559819,4
-3700,20533,2559863,3
-8900,20534,2560052,4
-3950,20535,2560131,3
-4250,20536,2560184,3
-22350,20537,2560628,4
250,20538,2560767,7
-4250,20539,2560820,3
-16350,20540,2561144,4
-5300,20541,2561204,3
-4350,20542,2561259,3
-1900,20543,2561283,3
-11500,20544,2561475,3
-5300,20545,2561670,6
-7600,20546,2561780,3
-5950,20547,2561875,3
-4050,20548,2561912,3
-3100,20549,2561972,3
-6600,20550,2562164,5
-3050,20551,2562230,4
-2650,20552,2562325,5
-1100,20553,2562435,5
-750,20554,2562536,5
-3300,20555,2562601,4
-6150,20556,2562680,3
-3300,20557,2562740,3
1900,20558,2562795,6
-50,20559,2562985,8
-3200,20560,2563011,3
-14300,20561,2563275,3
-3250,20562,2563316,3
-4450,20563,2563369,3
-12450,20564,2563574,3
-2250,20565,2563587,3
-11700,20566,2563836,4
-1300,20567,2563901,4
-6650,20568,2564043,4
-2850,20569,2564084,3
-5550,20570,2564167,3
-7650,20571,2564276,3
-5000,20572,2564534,7
-3200,20573,2564600,3
-1650,20574,2564715,5
-5450,20575,2564796,3
-3300,20576,2564852,3
-10700,20577,2565044,3
-5950,20578,2565176,4
-750,20579,2565195,3
-4650,20580,2565289,4
-15650,20581,2565620,5
2150,20582,2565672,6
1450,20583,2565689,5
-7350,20584,2565812,3
-3850,20585,2565865,3
-18500,20586,2566205,3
-1450,20587,2566251,4
-5850,20588,2566328,3
-4700,20589,2566388,3
-3750,20590,2566443,3
-6300,20591,2566580,4
500,20592,2566630,5
-6900,20593,2566775,4
-16850,20594,2567211,6
-6700,20595,2567348,4
4450,20596,2567449,9
6150,20597,2567544,9
-4200,20598,2567606,3
-4600,20599,2567672,3
-5100,20600,2567732,3
-10500,20601,2568010,5
-8350,20602,2568169,3
-100,20603,2568308,6
-4800,20604,2568374,3
-2250,20605,2568387,3
-6900,20606,2568503,3
1450,20607,2568552,5
1150,20608,2568583,5
-6350,20609,2568763,4
-5250,20610,2568824,3
-14100,20611,2569076,3
-4050,20612,2569129,3
-14950,20613,2569400,3
-13700,20614,2569652,3
-3450,20615,2569771,5
-2750,20616,2569844,5
-4250,20617,2569897,3
-2000,20618,2569923,3
-10550,20619,2570283,8
-9050,20620,2570420,3
-2250,20621,2570473,3
-8000,20622,2570668,4
-400,20623,2570678,3
100,20624,2570712,5
-3600,20625,2570804,5
1950,20626,2570823,5
350,20627,2571027,10
-2350,20628,2571050,3
-3050,20629,2571075,3
-13250,20630,2571320,3
-5100,20631,2571380,3
-5200,20632,2571474,3
-15750,20633,2571843,5
-4700,20634,2571915,3
-3450,20635,2571956,3
-7850,20636,2572163,5
1200,20637,2572203,5
-550,20638,2572231,4
-7800,20639,2572349,3
-3100,20640,2572459,5
-3500,20641,2572532,4
-3450,20642,2572585,3
-3050,20643,2572602,3
-5200,20644,2572664,3
1100,20645,2572706,5
-750,20646,2572779,5
-5900,20647,2572875,3
-3650,20648,2572916,3
350,20649,2572995,5
-6050,20650,2573108,3
-4800,20651,2573174,3
-550,20652,2573477,11
-2100,20653,2573558,4
-4800,20654,2573624,3
-5100,20655,2573684,3
-8700,20656,2573894,5
-3450,20657,2574022,6
-17850,20658,2574392,4
-5100,20659,2574452,3
2600,20660,2574500,5
-8650,20661,2574710,4
-14600,20662,2574968,3
-5650,20663,2575163,5
-5050,20664,2575220,3
-5500,20665,2575464,7
-10100,20666,2575660,3
-800,20667,2575670,3
-8400,20668,2575796,3
-5400,20669,2575866,3
-2800,20670,2575928,3
-4100,20671,2575988,3
-4900,20672,2576134,5
-7150,20673,2576233,3
-3400,20674,2576259,3
-14450,20675,2576508,3
-3500,20676,2576564,3
-4200,20677,2576643,4
-4650,20678,2576696,3
-6050,20679,2576912,6
-13100,20680,2577140,3
-3650,20681,2577193,3
-9050,20682,2577387,4
-2500,20683,2577411,3
-3850,20684,2577464,3
-2300,20685,2577533,4
-5050,20686,2577590,3
-7400,20687,2577716,3
-10300,20688,2577917,4
-18000,20689,2578292,4
2550,20690,2578347,5
1750,20691,2578366,5
-7600,20692,2578484,3
-12250,20693,2578742,4
900,20694,2578780,5
950,20695,2578811,5
-3850,20696,2578868,3
-4850,20697,2579130,8
-5000,20698,2579196,3
-8400,20699,2579318,3
650,20700,2579502,8
-5250,20701,2579636,4
-4600,20702,2579706,3
-3800,20703,2579768,3
-10400,20704,2580020,5
-4750,20705,2580099,3
-600,20706,2580212,6
-5350,20707,2580295,3
-5600,20708,2580538,8
-11500,20709,2580824,5
1500,20710,2580850,5
1350,20711,2580938,6
-7200,20712,2581052,3
-13350,20713,2581304,4
-3300,20714,2581364,3
-3850,20715,2581417,3
-4150,20716,2581496,3
1900,20717,2581748,11
-1500,20718,2581818,5
-5200,20719,2581880,3
-3900,20720,2581940,3
-13150,20721,2582216,4
-7700,20722,2582324,3
-2900,20723,2582380,3
-2000,20724,2582390,3
-8000,20725,2582516,3
-3250,20726,2582586,4
-4400,20727,2582648,3
-3450,20728,2582763,5
800,20729,2582778,4
-11700,20730,2582966,3
-4800,20731,2583036,3
-4300,20732,2583092,3
-5000,20733,2583158,3
-7800,20734,2583284,3
800,20735,2583336,5
-5900,20736,2583416,3
-3700,20737,2583476,3
-3200,20738,2583555,4
-4650,20739,2583608,3
-1350,20740,2583627,3
-7050,20741,2583724,3
-1000,20742,2583734,3
-5650,20743,2583860,4
-3050,20744,2583913,3
-8750,20745,2584052,3
-3400,20746,2584135,4
-6050,20747,2584326,5
-7800,20748,2584436,3
-4100,20749,2584492,3
-1400,20750,2584502,3
-7800,20751,2584628,3
-3850,20752,2584681,3
-6100,20753,2584875,5
-1600,20754,2585098,8
-10300,20755,2585274,3
-8200,20756,2585396,3
-3850,20757,2585449,3
-3750,20758,2585480,3
-5150,20759,2585588,4
1550,20760,2585635,5
400,20761,2585654,4
-3050,20762,2585789,5
-7550,20763,2585912,3
-8800,20764,2586042,3
1450,20765,2586087,5
-1950,20766,2586164,5
-5000,20767,2586230,3
-8950,20768,2586426,4
-11250,20769,2586647,3
-3850,20770,2586680,3
-3900,20771,2586740,3
-3250,20772,2586793,3
600,20773,2586932,8
-2100,20774,2586985,4
-7000,20775,2587124,4
-5750,20776,2587203,3
-10500,20777,2587399,3
-5850,20778,2587508,3
-5000,20779,2587578,3
-9050,20780,2587892,8
-6950,20781,2588171,7
-3100,20782,2588276,4
-7500,20783,2588408,3
-5100,20784,2588468,3
2900,20785,2588511,6
-3750,20786,2588600,5
-6050,20787,2588799,5
-3450,20788,2588852,3
-4150,20789,2588907,3
-6350,20790,2589044,5
-4250,20791,2589097,3
-50,20792,2589180,5
-250,20793,2589239,5
1600,20794,2589291,5
-1500,20795,2589315,3
-12200,20796,2589620,6
-3450,20797,2589673,3
-1250,20798,2589686,3
-2050,20799,2589699,3
-4450,20800,2589752,3
-7600,20801,2589882,3
-6400,20802,2590004,3
350,20803,2590083,5
-9350,20804,2590262,3
-1250,20805,2590275,3
-6650,20806,2590388,3
-3650,20807,2590441,3
-1850,20808,2590454,3
-20700,20809,2590838,3
-9400,20810,2591017,4
-3750,20811,2591096,3
-4500,20812,2591156,3
-14000,20813,2591427,4
-4150,20814,2591536,5
-5800,20815,2591606,3
-1850,20816,2591619,3
-4900,20817,2591732,4
-4050,20818,2591826,4
-1700,20819,2591883,4
-1150,20820,2591927,4
-12750,20821,2592179,4
-3500,20822,2592387,7
-1300,20823,2592440,4
-3550,20824,2592500,4
750,20825,2592555,5
-4100,20826,2592692,4
1450,20827,2592824,8
-8100,20828,2592940,3
-1200,20829,2592950,3
-2450,20830,2592963,3
-2750,20831,2593076,5
-10500,20832,2593268,3
350,20833,2593323,5
-450,20834,2593414,5
-4850,20835,2593589,5
-4350,20836,2593652,3
-5750,20837,2593735,3
-6100,20838,2593844,4
-4100,20839,2593937,4
-8250,20840,2594115,4
-7450,20841,2594228,3
-3650,20842,2594363,5
-4650,20843,2594420,3
-4150,20844,2594475,3
-9100,20845,2594713,5
2300,20846,2594743,5
-5050,20847,2594804,3
-4600,20848,2594874,3
3100,20849,2595048,9
-600,20850,2595153,6
-9550,20851,2595320,3
-4900,20852,2595380,3
-16950,20853,2595704,4
-4700,20854,2595764,3
-14400,20855,2596055,4
-4500,20856,2596107,3
-8750,20857,2596299,4
-10850,20858,2596541,4
-3900,20859,2596585,3
-3400,20860,2596611,3
-5050,20861,2596664,3
-8600,20862,2596790,3
-7800,20863,2596916,3
3200,20864,2596953,6
-1100,20865,2597064,6
-5800,20866,2597244,5
-8200,20867,2597366,3
-2450,20868,2597379,3
-6350,20869,2597544,5
-3400,20870,2597590,3
-3400,20871,2597628,3
200,20872,2597819,8
-4850,20873,2597876,3
-5600,20874,2597946,3
950,20875,2598022,6
-7500,20876,2598134,3
-18000,20877,2598452,3
-3600,20878,2598522,3
-6200,20879,2598644,3
-3050,20880,2598697,3
-2950,20881,2598810,5
1500,20882,2598832,5
-4950,20883,2598915,3
-4050,20884,2598972,3
950,20885,2599163,9
-4650,20886,2599220,3
950,20887,2599275,5
-3750,20888,2599371,4
-350,20889,2599440,5
-3450,20890,2599465,3
-3200,20891,2599491,3
-4050,20892,2599544,3
-7300,20893,2599660,3
-2000,20894,2599670,3
-4800,20895,2599740,3
-2900,20896,2599796,3
-450,20897,2599862,4
-8200,20898,2599988,3
-2900,20899,2600106,5
-2800,20900,2600259,6
1200,20901,2600390,8
-4200,20902,2600522,5
-4000,20903,2600683,6
-6200,20904,2600822,4
-7000,20905,2600948,3
-6750,20906,2601084,4
-4500,20907,2601140,3
-7200,20908,2601238,3
-9100,20909,2601402,3
1350,20910,2601441,5
-3200,20911,2601524,4
-10300,20912,2601716,3
450,20913,2601785,5
-2350,20914,2601882,5
-10000,20915,2602040,3
-5100,20916,2602100,3
-3550,20917,2602155,3
-7250,20918,2602292,3
-4050,20919,2602345,3
-14350,20920,2602616,3
-3150,20921,2602676,4
-4750,20922,2602755,3
-3850,20923,2602808,3
-950,20924,2603041,9
-3250,20925,2603139,4
-7250,20926,2603252,3
-5600,20927,2603322,3
-4400,20928,2603388,3
-11500,20929,2603576,3
-14700,20930,2603828,3
-2250,20931,2604020,6
-2900,20932,2604073,4
-2600,20933,2604099,3
-4450,20934,2604152,3
1700,20935,2604186,5
2100,20936,2604200,5
-2350,20937,2604301,5
-3350,20938,2604348,3
-3950,20939,2604407,3
-2150,20940,2604496,5
1700,20941,2604530,5
-3250,20942,2604596,4
1100,20943,2604658,5
-5800,20944,2604797,4
-4400,20945,2604867,3
-4650,20946,2604920,3
2100,20947,2604959,6
3200,20948,2604988,6
-10300,20949,2605172,3
-800,20950,2605248,5
-5100,20951,2605304,3
850,20952,2605333,5
-600,20953,2605446,6
-7600,20954,2605556,3
-11300,20955,2605748,3
-4000,20956,2605814,3
-4650,20957,2605940,4
1800,20958,2606091,8
-3650,20959,2606132,3
-7900,20960,2606268,3
-2900,20961,2606324,3
-2250,20962,2606377,3
-2800,20963,2606497,5
-2050,20964,2606608,5
-7250,20965,2606717,3
-3600,20966,2606767,3
-2300,20967,2606840,4
-3950,20968,2606900,4
350,20969,2606955,5
-9150,20970,2607171,4
-4850,20971,2607224,3
2500,20972,2607266,5
-5850,20973,2607416,4
-3500,20974,2607476,3
-3850,20975,2607529,3
-5750,20976,2607612,3
-3900,20977,2607668,3
-5900,20978,2607866,5
-7650,20979,2608061,5
-3850,20980,2608122,3
-7600,20981,2608244,3
-3850,20982,2608297,3
-3600,20983,2608593,9
-3350,20984,2608628,3
-8300,20985,2608760,3
-4050,20986,2608829,3
-6850,20987,2609012,5
-4450,20988,2609065,3
-12450,20989,2609270,3
-7550,20990,2609520,6
-2350,20991,2609588,4
-2450,20992,2609687,5
1550,20993,2609739,6
-3050,20994,2609780,3
-3450,20995,2609833,3
-3850,20996,2609931,4
6950,20997,2610027,10
-8800,20998,2610173,3
-4400,20999,2610243,3
-7650,21000,2610356,3
-11100,21001,2610548,3
-11500,21002,2610740,3
-3650,21003,2610793,3
-9050,21004,2611011,4
-6650,21005,2611124,3
-4950,21006,2611203,3
-17050,21007,2611508,3
-5850,21008,2611700,6
-10150,21009,2611892,4
-700,21010,2611958,5
-5050,21011,2612084,4
-3300,21012,2612137,4
-2400,21013,2612163,3
-4650,21014,2612216,3
-23300,21015,2612660,3
-3750,21016,2612715,3
-4650,21017,2612792,3
-5100,21018,2612852,3
800,21019,2612896,5
-3800,21020,2613044,5
-4800,21021,2613236,5
-3850,21022,2613302,4
-6400,21023,2613428,3
5150,21024,2613498,8
-7300,21025,2613623,4
-4500,21026,2613699,3
-7850,21027,2613812,3
-3450,21028,2613865,3
-350,21029,2613958,5
-7900,21030,2614070,3
-4800,21031,2614136,3
-3900,21032,2614196,3
-14000,21033,2614458,3
-9000,21034,2614636,3
-2000,21035,2614646,3
-7400,21036,2614772,3
-3250,21037,2614825,3
-2850,21038,2615022,7
-1450,21039,2615043,3
-3650,21040,2615096,3
-7150,21041,2615211,3
-650,21042,2615262,5
1500,21043,2615276,5
1600,21044,2615296,5
-4450,21045,2615365,3
-3250,21046,2615414,3
-5450,21047,2615499,3
-2850,21048,2615540,3
-4600,21049,2615606,3
-12250,21050,2615811,3
-6250,21051,2615924,3
-5550,21052,2616060,4
450,21053,2616116,4
-6450,21054,2616308,6
-3550,21055,2616363,3
-11200,21056,2616692,6
-4450,21057,2616745,3
-2200,21058,2616771,3
-10100,21059,2616967,3
-3150,21060,2617165,6
-4600,21061,2617227,3
-3250,21062,2617268,3
-5600,21063,2617460,5
850,21064,2617497,5
-1200,21065,2617515,3
-5650,21066,2617592,3
-2550,21067,2617787,7
-3650,21068,2617844,3
1050,21069,2618036,8
-3650,21070,2618089,3
-2850,21071,2618106,3
-650,21072,2618283,7
-9350,21073,2618499,4
100,21074,2618552,4
-2350,21075,2618571,3
-12850,21076,2618804,3
-5350,21077,2618867,3
-2300,21078,2618883,3
-4850,21079,2618936,3
-550,21080,2619075,7
-4850,21081,2619128,3
-11550,21082,2619380,4
-300,21083,2619433,4
750,21084,2619459,4
-2200,21085,2619572,6
-5200,21086,2620072,13
-1950,21087,2620107,3
-3450,21088,2620148,3
-7700,21089,2620280,3
-6350,21090,2620396,4
-8100,21091,2620532,3
-5200,21092,2620590,3
-8550,21093,2620794,4
450,21094,2620921,7
-4850,21095,2620982,3
-15000,21096,2621240,3
-12550,21097,2621492,4
-4300,21098,2621548,3
-10350,21099,2621830,6
-3950,21100,2621991,5
1050,21101,2622027,4
-3650,21102,2622068,3
2900,21103,2622123,6
-400,21104,2622200,6
-7250,21105,2622452,6
2150,21106,2622603,9
-7300,21107,2622715,3
-1500,21108,2622727,3
-6450,21109,2622836,3
-10500,21110,2623028,3
-4000,21111,2623275,8
600,21112,2623286,4
-10800,21113,2623604,7
-750,21114,2623694,6
-2450,21115,2623879,7
-9350,21116,2624054,3
-1650,21117,2624067,3
-7350,21118,2624280,5
0,21119,2624372,5
-5600,21120,2624438,3
-6000,21121,2624564,3
1750,21122,2624640,6
-10750,21123,2624835,3
-6100,21124,2624948,4
-3850,21125,2625001,3
-2350,21126,2625028,3
-7100,21127,2625140,3
-17300,21128,2625464,3
-3900,21129,2625524,3
-1200,21130,2625579,4
-14650,21131,2625848,3
-2300,21132,2625908,3
-7700,21133,2626040,3
3350,21134,2626105,7
-2600,21135,2626155,3
-2700,21136,2626183,3
-10650,21137,2626348,3
-2000,21138,2626358,3
-450,21139,2626409,5
-3800,21140,2626484,4
-11850,21141,2626685,3
-2150,21142,2626790,5
3250,21143,2626848,6
-2950,21144,2626965,5
-5150,21145,2627060,3
-11100,21146,2627252,3
-3250,21147,2627305,3
-12000,21148,2627523,3
-7300,21149,2627725,5
-6350,21150,2627828,3
-3950,21151,2627883,3
-8850,21152,2628020,3
-10850,21153,2628213,3
-5650,21154,2628278,3
-8200,21155,2628596,7
-7900,21156,2628728,3
-5100,21157,2628788,3
1750,21158,2628843,5
-2600,21159,2628980,6
-5250,21160,2629037,3
-2800,21161,2629059,3
-6050,21162,2629225,4
-2800,21163,2629251,3
-13450,21164,2629496,3
-5100,21165,2629556,3
-6650,21166,2629748,6
-4250,21167,2629801,3
-6800,21168,2629940,4
-12200,21169,2630211,4
150,21170,2630324,7
-11100,21171,2630516,3
1950,21172,2630568,6
-500,21173,2630683,6
-6300,21174,2630840,4
-3300,21175,2630900,3
-4550,21176,2630955,3
1500,21177,2631005,5
-1150,21178,2631036,3
-4100,21179,2631092,3
-9150,21180,2631284,4
-8900,21181,2631416,3
-7950,21182,2631555,3
-6950,21183,2631747,4
-6300,21184,2631860,4
-4050,21185,2631913,3
-1400,21186,2632055,7
-5500,21187,2632184,4
-4900,21188,2632244,3
-7500,21189,2632376,3
-4700,21190,2632436,3
-4400,21191,2632502,3
-1250,21192,2632515,3
-5850,21193,2632628,3
-3200,21194,2632707,4
-4250,21195,2632760,3
-7150,21196,2632985,5
-2100,21197,2633021,3
-8550,21198,2633144,3
-5100,21199,2633204,3
-3950,21200,2633259,3
-1500,21201,2633283,3
-6050,21202,2633396,3
150,21203,2633451,5
-6950,21204,2633644,5
-1950,21205,2633667,3
-4850,21206,2633720,3
-6750,21207,2633835,3
-200,21208,2633998,8
-6500,21209,2634164,5
-5550,21210,2634243,3
-7200,21211,2634365,3
-1850,21212,2634460,5
-5900,21213,2634548,3
-3850,21214,2634601,3
-5400,21215,2634740,4
-20900,21216,2635124,3
-1200,21217,2635179,4
1200,21218,2635203,5
-6400,21219,2635325,3
-5800,21220,2635395,3
1100,21221,2635433,5
200,21222,2635452,4
-3900,21223,2635508,3
-4450,21224,2635561,3
-2050,21225,2635578,3
-16400,21226,2635892,3
-3500,21227,2636166,9
-6800,21228,2636276,3
-10300,21229,2636468,3
550,21230,2636523,5
-4450,21231,2636666,5
-6200,21232,2636792,3
-1350,21233,2636811,3
-3450,21234,2636852,3
-7950,21235,2637003,3
-3650,21236,2637044,3
-3850,21237,2637097,3
-7350,21238,2637289,4
-8150,21239,2637428,3
-3650,21240,2637481,3
-6150,21241,2637564,3
-5100,21242,2637620,3
1450,21243,2637649,5
1750,21244,2637664,5
-2450,21245,2637771,5
-22650,21246,2638196,3
-4450,21247,2638249,3
-2850,21248,2638266,3
-2850,21249,2638283,3
50,21250,2638373,6
-2150,21251,2638470,5
3200,21252,2638519,6
-4050,21253,2638580,3
-3650,21254,2638633,3
-5000,21255,2638772,4
950,21256,2638803,5
1600,21257,2638835,5
1150,21258,2638939,6
-2650,21259,2639046,5
-4800,21260,2639096,3
-4300,21261,2639156,3
-6850,21262,2639348,6
-1750,21263,2639494,6
-5900,21264,2639619,4
-3650,21265,2639672,3
-13500,21266,2639924,3
-2650,21267,2639977,3
-5750,21268,2640056,3
1800,21269,2640093,6
-1250,21270,2640308,9
-4750,21271,2640363,3
-5650,21272,2640444,3
-2350,21273,2640500,4
-950,21274,2640692,8
-3450,21275,2640745,3
-2850,21276,2640762,3
-2600,21277,2640780,3
-11550,21278,2641057,5
-6650,21279,2641146,3
-6000,21280,2641268,3
-3200,21281,2641334,3
-7800,21282,2641460,3
-3100,21283,2641513,4
-8150,21284,2641652,3
-4050,21285,2641722,4
1500,21286,2641821,6
-2950,21287,2641844,3
-4750,21288,2641899,3
-2900,21289,2641923,3
-7500,21290,2642228,8
-2250,21291,2642319,5
-50,21292,2642423,6
-5100,21293,2642598,6
-2200,21294,2642612,3
-10700,21295,2642804,3
-4450,21296,2642857,3
-9900,21297,2643062,4
-4600,21298,2643128,3
-8000,21299,2643254,3
-4450,21300,2643339,3
-3050,21301,2643380,3
-3850,21302,2643433,3
-7200,21303,2643575,3
-5300,21304,2643651,3
-5450,21305,2643764,3
-11500,21306,2643956,3
-9150,21307,2644148,4
-2900,21308,2644201,4
-17550,21309,2644532,3
-4250,21310,2644602,4
-1100,21311,2644668,5
4800,21312,2644727,8
-2600,21313,2644803,5
-17250,21314,2645108,3
4000,21315,2645160,9
950,21316,2645191,5
-9850,21317,2645356,3
350,21318,2645366,4
-4800,21319,2645436,3
-3100,21320,2645492,3
1150,21321,2645547,5
-3700,21322,2645685,5
-7950,21323,2645820,3
-3900,21324,2645876,3
-2550,21325,2645931,3
2500,21326,2646011,7
-5050,21327,2646068,3
-3700,21328,2646124,3
-2000,21329,2646134,3
-2450,21330,2646147,3
-4650,21331,2646200,3
-2600,21332,2646349,6
-7350,21333,2646452,3
-2850,21334,2646699,9
1400,21335,2646723,5
-7650,21336,2646836,3
-4450,21337,2646889,3
-3150,21338,2647018,5
-10200,21339,2647220,3
-8150,21340,2647412,4
-3250,21341,2647465,3
-850,21342,2647482,3
-14200,21343,2647736,3
-3500,21344,2647796,3
-2850,21345,2647849,3
-8550,21346,2647988,3
1750,21347,2648043,5
1000,21348,2648071,5
-13050,21349,2648316,3
-5100,21350,2648372,3
-1400,21351,2648427,4
-1100,21352,2648451,3
-4050,21353,2648504,3
-4750,21354,2648567,3
-20650,21355,2648948,3
-3850,21356,2649001,3
-10050,21357,2649219,4
-16850,21358,2649524,3
-7000,21359,2649716,5
-2300,21360,2649769,4
-2350,21361,2649874,5
-8850,21362,2650040,4
-7800,21363,2650166,3
-350,21364,2650235,5
-4850,21365,2650292,3
-4750,21366,2650371,3
-2900,21367,2650484,4
-2650,21368,2650537,3
-10900,21369,2650811,5
-10900,21370,2651060,4
-3250,21371,2651113,3
-5600,21372,2651211,3
-3250,21373,2651252,3
-8800,21374,2651447,4
-10850,21375,2651636,3
-1950,21376,2651704,4
1350,21377,2651772,6
-4100,21378,2651828,3
-3450,21379,2651881,3
-9800,21380,2652129,5
-1350,21381,2652152,3
-7800,21382,2652404,5
-2600,21383,2652487,4
-11700,21384,2652728,4
-4300,21385,2652788,3
-4350,21386,2652843,3
-1300,21387,2652867,3
1200,21388,2652980,6
1900,21389,2653035,6
-2300,21390,2653059,3
-11900,21391,2653251,3
-10900,21392,2653443,3
-5050,21393,2653500,3
-3350,21394,2653556,4
-2100,21395,2653662,5
1750,21396,2653766,6
-3950,21397,2653801,3
-2250,21398,2653827,4
-6850,21399,2653940,3
-11500,21400,2654193,4
-850,21401,2654215,4
-8700,21402,2654379,3
-2100,21403,2654403,3
-1100,21404,2654571,7
-3900,21405,2654648,4
-8400,21406,2654778,3
-2550,21407,2654953,7
-3200,21408,2654979,3
-2350,21409,2655092,5
-3450,21410,2655145,3
-1400,21411,2655171,3
-7650,21412,2655419,6
-5250,21413,2655476,3
-2600,21414,2655559,4
-25600,21415,2656061,3
-1100,21416,2656122,4
-5400,21417,2656184,3
-8850,21418,2656436,6
2200,21419,2656587,8
-5600,21420,2656681,3
-2850,21421,2656698,3
-4200,21422,2656760,3
-15200,21423,2657091,4
-13900,21424,2657396,4
-13950,21425,2657667,3
-6000,21426,2657836,6
-2000,21427,2657846,3
-4800,21428,2657912,3
-5100,21429,2657972,3
650,21430,2658107,7
-3850,21431,2658164,3
-10500,21432,2658356,3
-18150,21433,2658740,4
-2850,21434,2658793,3
-7950,21435,2658985,4
-8950,21436,2659124,3
-11550,21437,2659396,4
-4700,21438,2659448,3
-1550,21439,2659467,3
-3250,21440,2659508,3
-1900,21441,2659561,4
-2200,21442,2659755,7
50,21443,2659779,4
-3850,21444,2659832,3
-9700,21445,2660024,3
-2950,21446,2660084,4
-6900,21447,2660216,3
-3900,21448,2660276,3
750,21449,2660351,5
-12450,21450,2660600,3
-1200,21451,2660660,5
-4400,21452,2660726,3
-7200,21453,2660852,3
-13050,21454,2661195,5
-4450,21455,2661346,5
-3650,21456,2661428,4
300,21457,2661478,5
1100,21458,2661626,7
-4450,21459,2661699,3
-7200,21460,2661821,3
-3900,21461,2662004,6
-1000,21462,2662083,4
-4850,21463,2662136,3
3400,21464,2662251,8
650,21465,2662279,4
-2000,21466,2662363,5
1750,21467,2662394,5
-2350,21468,2662507,5
-3300,21469,2662580,4
-9550,21470,2662772,4
-3600,21471,2662855,4
-10200,21472,2663017,3
-7000,21473,2663115,3
-4250,21474,2663156,3
-10100,21475,2663348,3
-2650,21476,2663401,3
-5750,21477,2663623,6
-4300,21478,2663732,4
-3850,21479,2663802,4
-7600,21480,2663924,3
-10900,21481,2664116,3
-1550,21482,2664208,4
-2500,21483,2664314,5
-5250,21484,2664444,4
-4700,21485,2664500,3
-5750,21486,2664579,3
2000,21487,2664603,5
1950,21488,2664630,5
-4800,21489,2664692,3
-4050,21490,2664745,3
-2750,21491,2664887,6
-3200,21492,2664954,4
-17950,21493,2665400,6
-7950,21494,2665732,8
-6300,21495,2665844,3
-4850,21496,2665897,3
-3050,21497,2665914,3
-3800,21498,2665976,3
-2750,21499,2666036,4
2500,21500,2666091,6
-3800,21501,2666195,5
-3850,21502,2666228,3
-4950,21503,2666283,3
-17450,21504,2666612,3
-6000,21505,2666804,5
-12850,21506,2667066,4
-2500,21507,2667323,8
-3650,21508,2667380,3
-5600,21509,2667446,3
-2650,21510,2667463,3
-10300,21511,2667655,3
-9600,21512,2667834,4
-9350,21513,2668038,4
-4200,21514,2668088,3
-2900,21515,2668148,3
-850,21516,2668276,6
-2150,21517,2668299,3
-2450,21518,2668340,3
-4150,21519,2668419,3
-6850,21520,2668532,3
-11600,21521,2668885,6
-9150,21522,2669048,3
-14700,21523,2669300,3
-5800,21524,2669370,3
-3500,21525,2669492,5
-3650,21526,2669562,4
-5650,21527,2669684,4
-3000,21528,2669763,4
-6050,21529,2669876,3
450,21530,2669937,5
-13400,21531,2670260,4
-4450,21532,2670313,3
-6000,21533,2670452,4
-11800,21534,2670699,4
2200,21535,2670727,5
1400,21536,2670747,5
1400,21537,2670795,5
-2850,21538,2670836,3
-700,21539,2670943,6
-950,21540,2671028,5
-3650,21541,2671081,3
-16600,21542,2671412,4
-9150,21543,2671604,4
-4250,21544,2671657,3
-9850,21545,2671875,4
-5850,21546,2671988,3
-11700,21547,2672180,3
-4950,21548,2672263,3
-5500,21549,2672331,3
-11550,21550,2672648,5
-7500,21551,2672756,3
-4600,21552,2672826,3
-5400,21553,2672888,3
1000,21554,2672920,5
-3950,21555,2673049,5
-6550,21556,2673140,3
-9150,21557,2673332,4
-15350,21558,2673603,3
-12250,21559,2673848,3
-4100,21560,2673908,3
-14250,21561,2674153,3
-3550,21562,2674180,3
-9600,21563,2674358,3
-7400,21564,2674484,3
1200,21565,2674512,5
1600,21566,2674679,8
-5950,21567,2674868,5
2000,21568,2674925,6
-1750,21569,2675060,7
-3850,21570,2675113,3
-12200,21571,2675384,4
-4900,21572,2675444,3
350,21573,2675499,5
-23850,21574,2675964,3
-8000,21575,2676086,3
-4400,21576,2676152,3
-4500,21577,2676212,3
2550,21578,2676256,6
1600,21579,2676288,5
-2500,21580,2676344,3
-6400,21581,2676474,3
1000,21582,2676593,8
-17550,21583,2676920,3
-17750,21584,2677251,3
-5100,21585,2677323,3
-3400,21586,2677373,3
-4350,21587,2677556,7
-4750,21588,2677635,3
-10000,21589,2677846,4
-8250,21590,2678019,3
-4300,21591,2678132,4
-650,21592,2678187,5
4100,21593,2678309,9
350,21594,2678382,7
-9600,21595,2678648,7
-3500,21596,2678790,5
-7200,21597,2678900,3
-3950,21598,2678955,3
-5150,21599,2679092,5
-3850,21600,2679145,3
-3200,21601,2679171,3
-4450,21602,2679224,3
-10500,21603,2679416,3
0,21604,2679476,5
-3550,21605,2679555,3
-9000,21606,2679734,4
-11900,21607,2679930,3
1300,21608,2679969,6
1300,21609,2679991,5
-1900,21610,2680122,6
-5600,21611,2680188,3
-6350,21612,2680323,3
-4950,21613,2680571,8
-4650,21614,2680628,3
-5600,21615,2680694,3
-1850,21616,2680707,3
-7700,21617,2680823,3
-2800,21618,2680873,3
-5350,21619,2681067,6
650,21620,2681095,4
-7400,21621,2681213,3
-10200,21622,2681588,8
-4850,21623,2681641,3
-7950,21624,2681780,3
-9350,21625,2681972,4
-4750,21626,2682051,3
-7250,21627,2682164,3
-4950,21628,2682243,3
-3650,21629,2682296,3
-4300,21630,2682356,3
-4150,21631,2682435,3
-7850,21632,2682548,3
-800,21633,2682632,5
1100,21634,2682638,5
-6200,21635,2682740,3
-3850,21636,2682793,3
-15150,21637,2683064,3
-4150,21638,2683124,4
-3550,21639,2683207,3
-250,21640,2683316,7
-3450,21641,2683472,6
2500,21642,2683510,5
-5650,21643,2683644,4
-4500,21644,2683700,3
-3100,21645,2683892,7
-4450,21646,2683945,3
-2200,21647,2683971,3
-3650,21648,2684024,3
-10100,21649,2684216,3
-4100,21650,2684276,3
-3950,21651,2684331,3
-5050,21652,2684412,3
-4500,21653,2684468,3
-2850,21654,2684521,3
-27950,21655,2685044,3
-11100,21656,2685302,5
-14400,21657,2685560,3
-5100,21658,2685620,3
-26900,21659,2686136,3
-4700,21660,2686196,3
-8500,21661,2686332,3
7700,21662,2686403,10
-10600,21663,2686589,3
-1150,21664,2686715,6
-4850,21665,2686772,3
-4150,21666,2686851,3
-4500,21667,2686964,4
-1050,21668,2686999,5
-3150,21669,2687034,3
-10250,21670,2687235,3
-7800,21671,2687414,4
2550,21672,2687540,8
-4400,21673,2687610,3
-4650,21674,2687691,3
-8100,21675,2687815,3
-1600,21676,2687919,5
-9100,21677,2688116,4
-2800,21678,2688171,4
-2300,21679,2688195,3
-7650,21680,2688308,3
50,21681,2688365,5
1500,21682,2688387,5
-11300,21683,2688632,4
-4500,21684,2688692,3
-4850,21685,2688884,6
-15350,21686,2689155,3
-7350,21687,2689323,4
-6900,21688,2689419,3
-3650,21689,2689460,3
-3650,21690,2689513,3
-8350,21691,2689652,3
-550,21692,2689798,6
-6900,21693,2689910,3
-8200,21694,2690036,3
-250,21695,2690115,5
-4850,21696,2690168,3
-17700,21697,2690476,3
-2000,21698,2690486,3
650,21699,2690551,5
-3500,21700,2690612,4
-10700,21701,2690804,3
-15950,21702,2691128,4
-8450,21703,2691253,3
-2200,21704,2691271,3
-4900,21705,2691380,4
-3950,21706,2691459,3
2300,21707,2691485,5
2700,21708,2691531,5
-3250,21709,2691572,3
-4600,21710,2691642,3
-1300,21711,2691752,5
-9350,21712,2691956,4
-3850,21713,2692009,3
-8900,21714,2692218,4
-11000,21715,2692396,3
-850,21716,2692406,4
-4200,21717,2692472,3
-5100,21718,2692532,3
-5900,21719,2692724,7
-3950,21720,2692779,3
-2100,21721,2692803,3
-5900,21722,2692919,3
-10450,21723,2693108,3
-4350,21724,2693171,3
-13550,21725,2693500,5
-11100,21726,2693684,3
-4400,21727,2693816,5
100,21728,2693894,5
-9900,21729,2694147,4
-5300,21730,2694219,3
-3050,21731,2694260,3
-9450,21732,2694507,5
-2950,21733,2694600,5
-6800,21734,2694710,3
-1050,21735,2694723,3
-7750,21736,2694915,4
-5900,21737,2694987,3
-2450,21738,2695028,3
-3550,21739,2695107,3
-7250,21740,2695220,3
-5850,21741,2695371,5
-4050,21742,2695412,3
-4850,21743,2695465,3
-3400,21744,2695491,3
-12100,21745,2695736,4
-13700,21746,2695988,3
-13150,21747,2696259,3
-4300,21748,2696331,3
-3900,21749,2696375,3
-7850,21750,2696508,3
-3300,21751,2696564,3
-4150,21752,2696652,4
-9050,21753,2696809,3
-2900,21754,2696845,3
-2950,21755,2696892,3
-3500,21756,2696948,3
450,21757,2697001,5
-7750,21758,2697140,3
-5150,21759,2697219,3
-7250,21760,2697332,3
-7300,21761,2697533,4
-9950,21762,2697716,3
-5900,21763,2698049,8
-6000,21764,2698292,8
-2450,21765,2698358,4
-4100,21766,2698484,5
-4850,21767,2698537,3
-1250,21768,2698776,9
-6100,21769,2698868,3
-18150,21770,2699252,4
-3950,21771,2699307,3
-800,21772,2699375,5
-5250,21773,2699444,3
-3650,21774,2699497,3
-8350,21775,2699636,3
-5350,21776,2699719,3
-12350,21777,2700020,5
-4450,21778,2700073,3
-2450,21779,2700090,3
-10200,21780,2700268,3
-2000,21781,2700278,3
-4600,21782,2700344,3
-2350,21783,2700404,4
-6150,21784,2700540,4
-3700,21785,2700596,3
-7300,21786,2700858,5
-3800,21787,2700920,3
-7950,21788,2701035,3
-1550,21789,2701046,3
-1650,21790,2701112,4
-5100,21791,2701172,3
3150,21792,2701232,6
-12800,21793,2701515,4
-4250,21794,2701556,3
-4000,21795,2701626,3
-9000,21796,2701801,4
-3400,21797,2701827,3
-7950,21798,2701995,4
-2700,21799,2702023,3
-4650,21800,2702072,3
-12550,21801,2702324,4
1250,21802,2702349,5
2150,21803,2702384,5
5500,21804,2702510,9
-5150,21805,2702569,3
-1850,21806,2702582,3
-2450,21807,2702595,3
-1350,21808,2702787,8
-4050,21809,2702840,3
-4700,21810,2702900,3
-3950,21811,2702979,3
-7450,21812,2703092,3
-3650,21813,2703145,3
-5550,21814,2703336,7
-3000,21815,2703354,3
-5400,21816,2703416,3
-11100,21817,2703608,3
-4100,21818,2703668,3
-3600,21819,2703738,3
-7800,21820,2703860,3
-4750,21821,2703943,3
-3100,21822,2704052,4
-4200,21823,2704118,3
-2450,21824,2704131,3
-7450,21825,2704244,3
-2250,21826,2704392,6
-19600,21827,2704820,5
-2450,21828,2704984,6
-450,21829,2705067,5
-2500,21830,2705091,3
-4850,21831,2705148,3
-10300,21832,2705340,3
-5200,21833,2705475,4
-6250,21834,2705588,3
-1200,21835,2705643,4
-1400,21836,2705747,5
-8000,21837,2705873,3
-6950,21838,2705972,3
900,21839,2706027,6
-5750,21840,2706164,5
-2400,21841,2706247,4
-3300,21842,2706492,8
-1950,21843,2706548,4
-4850,21844,2706601,3
-1850,21845,2706614,3
-1950,21846,2706740,6
-3400,21847,2706806,3
-8400,21848,2707042,5
-4800,21849,2707316,7
-800,21850,2707371,4
-13950,21851,2707700,5
-3150,21852,2707755,3
-4250,21853,2707832,3
-5100,21854,2707892,3
-3000,21855,2707971,4
-3650,21856,2708024,3
1950,21857,2708088,6
-10900,21858,2708276,3
-3650,21859,2708337,3
-3550,21860,2708372,3
-800,21861,2708460,5
-8550,21862,2708660,4
-4000,21863,2708792,5
-4300,21864,2708852,3
-1350,21865,2709015,7
-2450,21866,2709044,3
-3550,21867,2709099,3
-9050,21868,2709236,3
-4450,21869,2709289,3
-3350,21870,2709368,3
-4300,21871,2709428,3
-2250,21872,2709481,3
-8900,21873,2709690,4
-6200,21874,2709812,3
-13050,21875,2710074,4
-14000,21876,2710328,3
-2900,21877,2710388,3
1400,21878,2710520,9
-4300,21879,2710580,3
-5150,21880,2710659,3
1350,21881,2710731,6
-3250,21882,2710772,3
-3600,21883,2710851,4
-3850,21884,2710904,3
-4700,21885,2711050,5
-6600,21886,2711156,3
-4850,21887,2711209,3
-3400,21888,2711235,3
-10600,21889,2711401,3
-2600,21890,2711431,3
-3550,21891,2711540,5
-8300,21892,2711672,3
-4700,21893,2711732,3
3600,21894,2711822,7
-2200,21895,2711868,3
-4900,21896,2711924,3
800,21897,2711972,5
-10150,21898,2712172,4
-1200,21899,2712182,3
1000,21900,2712222,5
2000,21901,2712234,5
-3250,21902,2712308,4
-8900,21903,2712440,3
-2900,21904,2712500,3
3050,21905,2712555,7
-1850,21906,2712597,4
-3000,21907,2712632,4
-5150,21908,2712695,3
-8500,21909,2712843,3
-3250,21910,2712884,3
-13450,21911,2713129,3
-1850,21912,2713146,3
-14450,21913,2713460,4
-3850,21914,2713513,3
-3050,21915,2713530,3
-4200,21916,2713592,3
-9100,21917,2713900,7
-2000,21918,2713910,3
-5600,21919,2713980,3
-5100,21920,2714036,3
-11900,21921,2714228,3
-3400,21922,2714311,4
-8000,21923,2714429,3
-8000,21924,2714612,4
-4250,21925,2714665,3
-7950,21926,2714804,3
-3800,21927,2714870,3
-2300,21928,2714972,5
-6550,21929,2715128,4
-3200,21930,2715339,8
-3250,21931,2715380,3
-3200,21932,2715446,3
-850,21933,2715459,3
-4650,21934,2715512,3
-13900,21935,2715764,3
-10150,21936,2715956,4
-4750,21937,2716011,3
-350,21938,2716035,4
-450,21939,2716148,7
-6750,21940,2716284,4
-3700,21941,2716340,3
-9100,21942,2716532,3
-6500,21943,2716664,3
-750,21944,2716683,3
-300,21945,2716724,4
-11100,21946,2716916,3
650,21947,2716953,5
-4250,21948,2717076,5
-7150,21949,2717187,3
-3050,21950,2717244,3
-4900,21951,2717353,4
2000,21952,2717422,6
1900,21953,2717440,5
-6250,21954,2717549,3
-10450,21955,2717763,4
-3650,21956,2717882,5
-5100,21957,2717942,3
-2050,21958,2717955,3
-450,21959,2718068,7
-9750,21960,2718260,4
1950,21961,2718315,5
850,21962,2718343,4
-5050,21963,2718452,3
-3850,21964,2718505,3
1200,21965,2718603,7
-3650,21966,2718644,3
-5950,21967,2718723,3
-4450,21968,2718776,3
-4300,21969,2718836,3
-3350,21970,2718907,3
-9600,21971,2719094,4
-7800,21972,2719220,3
-10350,21973,2719579,7
-1150,21974,2719686,7
-6650,21975,2719796,4
-10450,21976,2720058,4
-8000,21977,2720180,3
-5200,21978,2720246,3
-7000,21979,2720372,3
-17850,21980,2720811,5
-1850,21981,2720948,7
-3650,21982,2721001,3
-9700,21983,2721206,4
-2250,21984,2721219,3
-10650,21985,2721388,3
-4900,21986,2721468,3
-3700,21987,2721524,3
2250,21988,2721603,7
-5300,21989,2721675,3
-3050,21990,2721716,3
-3850,21991,2721769,3
-5600,21992,2721867,3
-1600,21993,2721963,5
-1100,21994,2721987,3
-4850,21995,2722040,3
4550,21996,2722155,9
-2050,21997,2722193,4
-6150,21998,2722292,3
-1000,21999,2722371,4
-4900,22000,2722443,3
-5600,22001,2722537,3
-850,22002,2722554,3
-12250,22003,2722808,4
-5100,22004,2722868,3
-3750,22005,2722923,3
-1900,22006,2722951,3
-4250,22007,2723004,3
-3900,22008,2723060,3
-19700,22009,2723444,3
-8300,22010,2723580,3
-15850,22011,2723898,4
-4800,22012,2723960,3
-7400,22013,2724086,3
-4300,22014,2724212,5
-28150,22015,2724788,4
-4750,22016,2724843,3
2400,22017,2724900,6
-4350,22018,2724980,4
-12550,22019,2725281,5
-1050,22020,2725364,5
-13000,22021,2725639,4
-15100,22022,2725940,4
-2100,22023,2725993,4
-4750,22024,2726072,3
-7100,22025,2726188,3
-7900,22026,2726324,3
-4150,22027,2726379,3
-6250,22028,2726516,3
-4450,22029,2726569,3
-3350,22030,2726714,5
-1750,22031,2726868,6
-3600,22032,2726902,3
-7800,22033,2727032,3
-5100,22034,2727092,3
3000,22035,2727227,8
850,22036,2727284,5
-8750,22037,2727517,5
-13000,22038,2727800,4
-3900,22039,2727860,3
350,22040,2728022,8
-6050,22041,2728131,3
-6100,22042,2728244,4
-3850,22043,2728297,3
-11450,22044,2728519,4
-250,22045,2728681,8
-3000,22046,2728707,3
100,22047,2728786,6
-4550,22048,2728890,4
-6250,22049,2729012,4
1300,22050,2729067,6
-4750,22051,2729207,4
-10450,22052,2729396,3
-4650,22053,2729449,3
-6800,22054,2729588,4
-4450,22055,2729641,3
-14150,22056,2729912,3
-4500,22057,2729972,3
-10500,22058,2730164,3
950,22059,2730219,5
-4550,22060,2730356,5
-4700,22061,2730412,3
-1200,22062,2730422,3
-1550,22063,2730548,6
-5200,22064,2730618,3
-1850,22065,2730631,3
-3800,22066,2730795,5
-1550,22067,2730938,7
-4300,22068,2730998,3
-4200,22069,2731064,3
-4700,22070,2731124,3
-4250,22071,2731177,3
3000,22072,2731260,8
-4700,22073,2731316,3
-4700,22074,2731462,5
-4950,22075,2731574,4
-4800,22076,2731640,3
-5100,22077,2731700,3
700,22078,2731750,5
-1550,22079,2731869,7
-5050,22080,2731950,3
-2700,22081,2732048,5
1650,22082,2732065,5
1550,22083,2732096,5
-4400,22084,2732150,3
-5850,22085,2732235,3
-3250,22086,2732276,3
-11300,22087,2732521,4
-2700,22088,2732627,5
-5500,22089,2732744,4
-3300,22090,2732792,3
-3900,22091,2732852,3
-3800,22092,2732922,3
-7000,22093,2733044,3
3300,22094,2733099,6
1200,22095,2733123,5
-4850,22096,2733176,3
-4500,22097,2733236,3
-3750,22098,2733291,3
-9050,22099,2733428,3
600,22100,2733476,5
3100,22101,2733640,7
-3650,22102,2733673,3
-3400,22103,2733699,3
-7950,22104,2733867,4
2450,22105,2733917,6
1350,22106,2733932,5
-3750,22107,2734004,4
-3400,22108,2734083,4
-4250,22109,2734136,3
-6050,22110,2734266,4
-8000,22111,2734388,3
-2950,22112,2734443,3
-1550,22113,2734458,3
-4600,22114,2734520,3
-4900,22115,2734580,3
2500,22116,2734635,6
-250,22117,2734854,9
-4400,22118,2734904,3
-3700,22119,2734964,3
-11000,22120,2735235,4
-10150,22121,2735414,3
-8600,22122,2735642,5
-6600,22123,2735732,3
-2200,22124,2735815,4
-8950,22125,2735994,3
-3850,22126,2736075,3
-12850,22127,2736308,3
-14350,22128,2736579,3
1550,22129,2736747,10
-350,22130,2736771,4
-2750,22131,2736884,5
-4550,22132,2736963,3
300,22133,2737103,7
2150,22134,2737131,6
1800,22135,2737159,5
-6650,22136,2737268,3
-2700,22137,2737321,4
-3050,22138,2737338,3
-7800,22139,2737460,3
-2550,22140,2737569,5
1600,22141,2737589,5
-3600,22142,2737652,4
-50,22143,2737707,5
-5550,22144,2737844,5
-2600,22145,2737923,4
600,22146,2738033,7
-7000,22147,2738172,4
-4500,22148,2738228,3
950,22149,2738271,5
-1000,22150,2738392,6
-400,22151,2738423,4
-1400,22152,2738503,5
-7650,22153,2738612,3
-4250,22154,2738804,6
-4800,22155,2738870,3
-7800,22156,2739082,5
-1450,22157,2739128,4
-5300,22158,2739188,3
-4700,22159,2739248,3
-2000,22160,2739258,3
3300,22161,2739297,6
1050,22162,2739380,7
-2450,22163,2739450,4
-10150,22164,2739642,4
2650,22165,2739692,6
-5300,22166,2739764,3
650,22167,2739817,5
-5800,22168,2739956,4
-50,22169,2740011,5
-9650,22170,2740201,4
-7950,22171,2740340,3
-3500,22172,2740503,6
-3000,22173,2740541,3
-4200,22174,2740615,3
-3350,22175,2740777,6
-5150,22176,2740856,3
-5100,22177,2740916,3
-2400,22178,2740999,4
-7650,22179,2741108,3
-10450,22180,2741309,3
-6750,22181,2741432,3
-4100,22182,2741492,3
-3650,22183,2741545,3
-3200,22184,2741571,3
-5150,22185,2741739,4
-8950,22186,2741931,4
-550,22187,2741946,3
-3950,22188,2742071,5
-11450,22189,2742260,3
-3850,22190,2742313,3
-12050,22191,2742522,3
-4600,22192,2742584,3
-13900,22193,2742836,3
150,22194,2742891,5
-3250,22195,2743050,5
-3950,22196,2743081,3
-3050,22197,2743098,3
-10400,22198,2743276,3
-1000,22199,2743286,3
-17800,22200,2743604,3
-3600,22201,2743687,4
-7300,22202,2743799,3
-5550,22203,2743862,3
-2450,22204,2743875,3
-2650,22205,2743928,3
-13700,22206,2744180,3
1700,22207,2744235,6
-6500,22208,2744372,4
450,22209,2744536,8
1750,22210,2744547,5
-8700,22211,2744756,4
-11100,22212,2744948,3
-1400,22213,2745027,4
-4450,22214,2745080,3
-4500,22215,2745193,4
-500,22216,2745206,4
-8000,22217,2745332,3
-4850,22218,2745385,3
-8550,22219,2745524,3
-4450,22220,2745577,3
-5500,22221,2745743,5
-1800,22222,2745769,3
-18350,22223,2746100,3
-4050,22224,2746153,3
-6800,22225,2746292,4
-11750,22226,2746487,3
-7150,22227,2746676,5
-4000,22228,2746730,3
-700,22229,2746742,3
-7400,22230,2746868,3
-2250,22231,2746938,4
-4200,22232,2747000,3
-3100,22233,2747060,3
-8550,22234,2747252,4
-10300,22235,2747444,3
-4950,22236,2747527,3
-6500,22237,2747689,5
-3600,22238,2747715,3
-4050,22239,2747768,3
2000,22240,2747804,5
3200,22241,2747833,6
-4750,22242,2747912,3
-7500,22243,2748020,3
-11500,22244,2748212,3
1100,22245,2748250,5
-1900,22246,2748372,5
-3150,22247,2748460,4
-2000,22248,2748470,3
-2450,22249,2748483,3
-6650,22250,2748788,7
-4700,22251,2748844,3
-6350,22252,2748980,4
-3050,22253,2749033,3
-2850,22254,2749050,3
-8950,22255,2749242,4
-6950,22256,2749480,6
-3200,22257,2749556,5
800,22258,2749608,5
950,22259,2749639,5
-10400,22260,2749801,3
-2550,22261,2749992,7
-6500,22262,2750132,3
-4250,22263,2750185,3
-1450,22264,2750202,3
-4400,22265,2750268,3
-3900,22266,2750324,3
1350,22267,2750379,5
-150,22268,2750407,4
3000,22269,2750447,5
-3100,22270,2750516,4
-4650,22271,2750609,3
250,22272,2750695,6
-2700,22273,2750813,5
1450,22274,2750838,5
-1850,22275,2750900,4
-7400,22276,2751092,5
1350,22277,2751147,5
-16400,22278,2751531,5
-8650,22279,2751668,3
-10150,22280,2751863,3
-5350,22281,2751926,3
-6300,22282,2752157,6
1700,22283,2752171,5
-5050,22284,2752244,3
-3550,22285,2752315,3
-7050,22286,2752436,3
-5000,22287,2752502,3
-7000,22288,2752628,3
-2700,22289,2752681,4
-1850,22290,2752694,3
-2450,22291,2752707,3
-4650,22292,2752760,3
-7750,22293,2752875,3
-4650,22294,2752956,3
-4300,22295,2753012,3
-4550,22296,2753091,3
-9550,22297,2753270,3
-8600,22298,2753396,3
-5400,22299,2753466,3
-15200,22300,2753724,3
1900,22301,2753758,5
-1250,22302,2753833,5
-4950,22303,2753912,3
-4300,22304,2753972,3
-4600,22305,2754038,3
-7650,22306,2754164,4
-4200,22307,2754234,3
-8900,22308,2754435,4
-5650,22309,2754548,3
2700,22310,2754680,7
-5100,22311,2754740,3
350,22312,2754795,5
-2500,22313,2754933,5
-4950,22314,2754988,3
-1400,22315,2754998,3
-4950,22316,2755185,7
-2000,22317,2755203,3
-4850,22318,2755256,3
2450,22319,2755306,6
-2100,22320,2755429,6
-1050,22321,2755467,4
-3650,22322,2755508,3
-3250,22323,2755561,3
750,22324,2755732,9
-2600,22325,2755766,3
-1250,22326,2755779,3
-4250,22327,2755832,3
6050,22328,2755947,11
-3950,22329,2755990,3
-3400,22330,2756028,3
-4350,22331,2756235,7
-6350,22332,2756346,3
-7350,22333,2756552,6
-7500,22334,2756660,3
-2650,22335,2756739,5
-3650,22336,2756792,3
300,22337,2756907,6
-2100,22338,2757001,5
100,22339,2757043,5
-8900,22340,2757236,4
750,22341,2757288,6
0,22342,2757319,4
-9800,22343,2757494,4
-100,22344,2757507,4
-5050,22345,2757564,3
-14300,22346,2757812,3
-1100,22347,2758083,10
150,22348,2758179,6
-3000,22349,2758205,3
-1650,22350,2758312,5
750,22351,2758347,5
-3250,22352,2758388,3
-4600,22353,2758454,3
-2050,22354,2758557,5
-9150,22355,2758781,4
-8350,22356,2758908,3
-5100,22357,2758964,3
-9400,22358,2759248,5
-7100,22359,2759348,3
-4950,22360,2759427,3
-6850,22361,2759540,3
-3400,22362,2759619,4
-2850,22363,2759672,3
-6350,22364,2759787,3
-6650,22365,2759924,3
350,22366,2759975,5
-5350,22367,2760119,4
-3600,22368,2760264,6
-3850,22369,2760317,3
-1400,22370,2760438,6
-4800,22371,2760500,3
-8550,22372,2760692,4
-5600,22373,2760762,3
-6400,22374,2760884,3
-11100,22375,2761076,3
-14600,22376,2761334,3
-2450,22377,2761347,3
-8500,22378,2761544,4
-4950,22379,2761652,4
-3900,22380,2761844,7
-5250,22381,2762089,7
-6150,22382,2762237,4
-5950,22383,2762360,3
950,22384,2762420,6
3500,22385,2762475,6
1900,22386,2762525,5
-6150,22387,2762612,3
-14550,22388,2762883,3
-2650,22389,2762970,5
-2250,22390,2762999,3
-5450,22391,2763080,3
-5950,22392,2763188,4
3250,22393,2763254,6
-6800,22394,2763380,3
-8750,22395,2763531,3
-7350,22396,2763638,3
-1450,22397,2763651,3
-3250,22398,2763708,3
-900,22399,2763851,6
-3850,22400,2763900,3
-5100,22401,2763956,3
-7750,22402,2764148,4
-13400,22403,2764406,3
-5200,22404,2764541,4
-6750,22405,2764664,3
-10900,22406,2764856,3
-3900,22407,2764916,3
850,22408,2764957,5
2100,22409,2764991,5
-10800,22410,2765161,3
-1000,22411,2765286,6
-6050,22412,2765436,4
-5700,22413,2765545,4
-4750,22414,2765624,3
-3300,22415,2765684,3
7900,22416,2765767,10
300,22417,2765850,6
-7650,22418,2765959,3
-5000,22419,2766069,3
-4650,22420,2766138,3
-8000,22421,2766260,3
-7900,22422,2766396,3
-4100,22423,2766452,3
550,22424,2766507,5
-900,22425,2766531,3
-4850,22426,2766584,3
-6650,22427,2766710,4
-1850,22428,2766723,3
-6850,22429,2766922,5
-6200,22430,2767028,3
-7700,22431,2767222,5
-3750,22432,2767273,3
-14200,22433,2767605,5
-7550,22434,2767740,3
-5100,22435,2767796,3
-3950,22436,2767851,3
-1100,22437,2767875,3
-4500,22438,2767988,4
-13050,22439,2768246,4
-5000,22440,2768312,3
-7050,22441,2768425,3
-5150,22442,2768508,3
-4900,22443,2768564,3
-3050,22444,2768617,3
4150,22445,2768756,9
-3850,22446,2768809,3
-5750,22447,2768957,4
-3600,22448,2769027,3
-4850,22449,2769080,3
-950,22450,2769140,4
-9900,22451,2769332,3
-8550,22452,2769524,4
-3450,22453,2769577,3
-2600,22454,2769656,4
-3500,22455,2769716,3
500,22456,2769766,5
-9300,22457,2770152,9
-2400,22458,2770251,4
-3650,22459,2770292,3
-3050,22460,2770345,3
-3400,22461,2770375,3
-1350,22462,2770492,5
-5200,22463,2770550,3
-6600,22464,2770676,3
-4550,22465,2770808,4
1900,22466,2770826,5
2000,22467,2770854,5
-850,22468,2770868,4
-3200,22469,2770947,4
-2200,22470,2771019,5
-3050,22471,2771060,3
-4850,22472,2771113,3
-5200,22473,2771211,3
-3250,22474,2771252,3
-8100,22475,2771384,3
-3900,22476,2771444,3
-4950,22477,2771523,3
-3650,22478,2771576,3
-8150,22479,2771715,3
5850,22480,2771771,8
-6800,22481,2771881,3
-6150,22482,2771964,3
-950,22483,2772020,4
-400,22484,2772215,8
650,22485,2772244,5
1550,22486,2772267,5
-16300,22487,2772596,4
-11100,22488,2772788,3
-7950,22489,2772980,4
-14400,22490,2773242,3
-750,22491,2773261,3
-2150,22492,2773308,3
-4900,22493,2773364,3
450,22494,2773462,6
-6600,22495,2773556,3
2600,22496,2773593,6
550,22497,2773611,4
-5500,22498,2773748,4
-3550,22499,2773934,6
-2500,22500,2774036,5
-2200,22501,2774132,5
-300,22502,2774219,6
-3850,22503,2774268,3
-3900,22504,2774324,3
-15350,22505,2774595,3
-7650,22506,2774774,5
-8200,22507,2774900,3
-4550,22508,2774979,3
-7450,22509,2775092,3
1100,22510,2775130,5
-6400,22511,2775293,4
-5050,22512,2775350,3
-1850,22513,2775363,3
-7850,22514,2775476,3
2400,22515,2775578,7
4000,22516,2775604,7
-2150,22517,2775668,4
-4350,22518,2775723,3
-5850,22519,2775800,3
-3500,22520,2775860,3
1000,22521,2775912,5
0,22522,2776009,6
-6800,22523,2776131,3
-5050,22524,2776184,3
-2850,22525,2776327,5
-1850,22526,2776491,6
-6050,22527,2776568,3
-5100,22528,2776628,3
1150,22529,2776679,5
-3700,22530,2776829,5
-10550,22531,2777012,3
-3550,22532,2777067,3
-1400,22533,2777204,6
-11900,22534,2777396,3
-4050,22535,2777449,3
-3200,22536,2777644,8
-2000,22537,2777654,3
-8200,22538,2777780,3
-4150,22539,2777859,3
-4650,22540,2777912,3
-6500,22541,2778164,7
-4800,22542,2778230,3
-7400,22543,2778356,3
-1600,22544,2778435,4
-5700,22545,2778548,4
-4250,22546,2778601,3
-6150,22547,2778680,3
-10900,22548,2778872,3
-11750,22549,2779124,4
-6250,22550,2779316,6
-4350,22551,2779404,4
-3050,22552,2779650,8
-4600,22553,2779700,3
-5600,22554,2779766,3
-16850,22555,2780137,5
-6150,22556,2780220,3
-200,22557,2780381,6
-1800,22558,2780468,4
-4250,22559,2780537,3
-4600,22560,2780669,5
-3600,22561,2780739,3
-2650,22562,2780792,3
1700,22563,2780838,5
-3800,22564,2780905,4
-6150,22565,2780984,3
-4900,22566,2781044,3
4850,22567,2781099,7
-3750,22568,2781195,4
-3650,22569,2781236,3
-4200,22570,2781302,3
-2050,22571,2781315,3
-4650,22572,2781368,3
2950,22573,2781428,6
-4750,22574,2781483,3
100,22575,2781521,5
2150,22576,2781544,5
-4150,22577,2781620,4
-5600,22578,2781686,3
-7600,22579,2781812,3
-9350,22580,2782004,4
-4400,22581,2782074,3
-10700,22582,2782266,3
1700,22583,2782304,5
1750,22584,2782331,5
-3850,22585,2782388,3
-4750,22586,2782471,3
-6050,22587,2782580,3
-2450,22588,2782633,3
-1000,22589,2782750,6
2250,22590,2782780,6
-5550,22591,2782851,3
-11300,22592,2783100,4
-4700,22593,2783156,3
400,22594,2783216,5
-5350,22595,2783348,4
-5200,22596,2783414,3
-5500,22597,2783675,8
-5050,22598,2783732,3
-4450,22599,2783785,3
-500,22600,2783798,4
-1550,22601,2783924,6
1800,22602,2783976,5
-4950,22603,2784116,4
-2550,22604,2784171,3
-2500,22605,2784195,3
-4450,22606,2784248,3
-3900,22607,2784308,3
-9550,22608,2784509,5
-10550,22609,2784692,3
-3550,22610,2784747,3
-2100,22611,2784771,3
-4050,22612,2784824,3
-550,22613,2784966,6
-2900,22614,2785079,4
-5900,22615,2785159,3
-16850,22616,2785460,3
-4800,22617,2785530,3
-5400,22618,2785596,3
-2550,22619,2785611,3
-3450,22620,2785652,3
-8150,22621,2785844,4
-4950,22622,2785911,3
-1700,22623,2785927,3
-6650,22624,2786118,5
-8550,22625,2786294,4
-6650,22626,2786379,3
-3250,22627,2786420,3
-8900,22628,2786552,3
-3300,22629,2786612,3
-4950,22630,2786691,3
-8200,22631,2786813,3
-6750,22632,2786940,3
-4500,22633,2786996,3
-11700,22634,2787188,3
-5050,22635,2787241,3
-6100,22636,2787435,5
-6250,22637,2787516,3
-6300,22638,2787625,4
-2800,22639,2787651,3
-4050,22640,2787704,3
-1650,22641,2787819,5
-1500,22642,2787922,6
-9450,22643,2788148,4
-3650,22644,2788201,3
-1050,22645,2788218,3
-10650,22646,2788472,4
1450,22647,2788587,7
150,22648,2788662,5
-3600,22649,2788724,3
-4600,22650,2788790,3
1100,22651,2789050,11
-13800,22652,2789300,3
-2750,22653,2789355,3
-1750,22654,2789448,5
1100,22655,2789547,6
-900,22656,2789571,3
-4050,22657,2789624,3
-14300,22658,2789876,3
-10100,22659,2790068,3
-2800,22660,2790241,6
2400,22661,2790266,6
-11700,22662,2790454,3
-2700,22663,2790560,5
1150,22664,2790587,5
-950,22665,2790644,5
350,22666,2790699,5
-20600,22667,2791098,4
-8200,22668,2791220,3
-4450,22669,2791273,3
-2850,22670,2791290,3
-6050,22671,2791371,3
-3450,22672,2791412,3
100,22673,2791491,6
-5650,22674,2791604,3
-5400,22675,2791674,3
-1250,22676,2791687,3
-5800,22677,2791892,6
3250,22678,2791910,6
-1950,22679,2791991,5
-5150,22680,2792058,3
-5400,22681,2792120,3
-550,22682,2792180,4
-6750,22683,2792312,4
-2650,22684,2792451,5
1150,22685,2792532,7
-4050,22686,2792573,3
0,22687,2792699,7
-2300,22688,2792756,4
-10650,22689,2792957,3
-3200,22690,2793027,3
-3350,22691,2793099,4
-12300,22692,2793332,4
-3950,22693,2793387,3
-5100,22694,2793524,4
-10150,22695,2793716,4
-5100,22696,2793874,5
-3050,22697,2793988,4
-6150,22698,2794100,4
-3050,22699,2794153,3
-3850,22700,2794292,5
1750,22701,2794320,6
2750,22702,2794347,5
-7750,22703,2794584,5
-450,22704,2794635,5
-3650,22705,2794676,3
-1750,22706,2794737,5
-500,22707,2794868,6
-1800,22708,2795068,9
-6750,22709,2795192,4
-4700,22710,2795252,3
-4550,22711,2795335,3
-3200,22712,2795496,6
-5900,22713,2795576,3
-2150,22714,2795691,7
-1750,22715,2795768,5
-12750,22716,2796073,5
-3350,22717,2796265,8
900,22718,2796410,8
-8200,22719,2796536,3
-6750,22720,2796675,3
-3750,22721,2796788,5
-4800,22722,2796858,3
-8750,22723,2797046,4
300,22724,2797092,5
1350,22725,2797111,5
-4450,22726,2797172,3
-6800,22727,2797364,5
-2550,22728,2797419,3
-5300,22729,2797556,4
-10700,22730,2797748,3
-4750,22731,2797803,3
-3150,22732,2797846,3
-3800,22733,2797884,3
-2150,22734,2797940,4
750,22735,2797995,5
-1150,22736,2798089,6
-13150,22737,2798324,3
-11700,22738,2798516,3
-4900,22739,2798662,5
-7900,22740,2798774,3
-4300,22741,2798859,4
-3750,22742,2798955,4
-5900,22743,2799051,3
-3650,22744,2799092,3
-4450,22745,2799145,3
-2850,22746,2799276,5
-1900,22747,2799337,4
-4950,22748,2799420,3
-11300,22749,2799612,3
-10000,22750,2799819,4
-3250,22751,2799860,3
-4600,22752,2799930,3
-4650,22753,2800077,5
1900,22754,2800107,5
-5050,22755,2800299,6
-1600,22756,2800436,6
-2450,22757,2800489,3
-15250,22758,2800906,7
-6000,22759,2801012,3
1550,22760,2801067,5
-10700,22761,2801259,3
-4450,22762,2801336,3
-5100,22763,2801396,3
-50,22764,2801451,5
-2150,22765,2801528,5
-3100,22766,2801588,3
-3650,22767,2801641,3
-7300,22768,2801916,6
-1150,22769,2801931,3
-3700,22770,2801975,3
-3950,22771,2802038,3
-8200,22772,2802164,3
-1400,22773,2802240,5
-4500,22774,2802296,3
-5350,22775,2802359,3
-9900,22776,2802548,4
-2850,22777,2802601,3
50,22778,2802670,5
-1800,22779,2802684,3
-4300,22780,2802740,3
-6350,22781,2802872,4
3750,22782,2802936,6
-5550,22783,2803068,4
-3600,22784,2803238,7
-4250,22785,2803316,4
-4650,22786,2803369,3
-2900,22787,2803409,3
-6750,22788,2803508,3
-5150,22789,2803587,3
-4050,22790,2803640,3
-1400,22791,2803703,4
-10850,22792,2803892,3
-4800,22793,2803958,3
-8000,22794,2804084,3
-2650,22795,2804154,4
-1400,22796,2804230,5
-6750,22797,2804329,3
-3000,22798,2804355,3
-5250,22799,2804550,5
-7600,22800,2804660,3
-3350,22801,2804715,3
-1700,22802,2804743,3
-9900,22803,2804936,4
-6100,22804,2805044,3
-11700,22805,2805236,3
-3200,22806,2805319,4
-8400,22807,2805494,4
5250,22808,2805579,9
-3250,22809,2805620,3
-9150,22810,2805812,4
-5700,22811,2805990,5
-12400,22812,2806196,3
-9150,22813,2806388,4
-5550,22814,2806467,3
-7450,22815,2806580,3
-4800,22816,2806650,3
-5400,22817,2806712,3
-3000,22818,2806825,6
-7350,22819,2806964,3
-3800,22820,2807030,3
-850,22821,2807043,3
-6850,22822,2807156,3
-4350,22823,2807211,3
750,22824,2807282,5
2250,22825,2807311,5
4650,22826,2807342,7
1600,22827,2807403,6
-2500,22828,2807480,4
-4100,22829,2807540,3
-4450,22830,2807593,3
-100,22831,2807737,7
-950,22832,2807785,4
-1000,22833,2807811,3
-4850,22834,2807864,3
-5450,22835,2807933,3
-7800,22836,2808116,4
-1800,22837,2808212,5
-7050,22838,2808317,3
-3000,22839,2808387,3
-2100,22840,2808580,8
-4150,22841,2808692,4
-12400,22842,2808963,4
-10300,22843,2809155,3
-6850,22844,2809268,3
-20650,22845,2809756,6
-1400,22846,2809844,5
-15550,22847,2810119,3
-8750,22848,2810307,4
1950,22849,2810387,6
-3300,22850,2810423,3
-5450,22851,2810500,3
-7100,22852,2810612,3
-12250,22853,2810813,3
-4900,22854,2810996,6
-3950,22855,2811075,3
-7850,22856,2811188,3
-4950,22857,2811267,3
-1700,22858,2811320,4
-10000,22859,2811531,4
-3050,22860,2811572,3
-4500,22861,2811628,3
-600,22862,2811638,3
-750,22863,2811764,6
-4350,22864,2811827,3
-1950,22865,2811846,3
-10450,22866,2812011,3
-8800,22867,2812149,3
-7400,22868,2812280,4
-3900,22869,2812340,3
-3050,22870,2812393,3
-1750,22871,2812498,5
-3150,22872,2812611,5
-9800,22873,2812777,3
-8550,22874,2812916,3
-4000,22875,2812986,3
-15650,22876,2813303,3
-11450,22877,2813492,3
-4650,22878,2813561,3
-7350,22879,2813684,3
1400,22880,2813744,5
-8900,22881,2813876,3
-6300,22882,2814095,6
-3600,22883,2814121,3
-1850,22884,2814134,3
-2450,22885,2814147,3
-5350,22886,2814315,4
-2300,22887,2814392,4
-2500,22888,2814452,3
-500,22889,2814616,7
-18950,22890,2815028,4
-4350,22891,2815111,3
-7350,22892,2815275,4
-1500,22893,2815299,3
-4250,22894,2815356,3
-2750,22895,2815371,3
-4050,22896,2815412,3
-3250,22897,2815482,4
-8000,22898,2815604,3
-6200,22899,2815796,5
-3400,22900,2815866,3
-12900,22901,2816180,5
-5250,22902,2816245,3
-7950,22903,2816372,3
1950,22904,2816427,5
-1900,22905,2816504,4
-7200,22906,2816630,3
-7000,22907,2816756,3
-7100,22908,2816888,3
-4900,22909,2816948,3
-7350,22910,2817140,4
-4850,22911,2817419,9
-5850,22912,2817524,3
-3950,22913,2817579,3
-1300,22914,2817603,3
1950,22915,2817659,6
-3850,22916,2817716,3
-150,22917,2817761,5
1700,22918,2817791,5
-2050,22919,2817862,5
-4600,22920,2817961,4
-550,22921,2818030,5
1900,22922,2818048,5
2850,22923,2818105,5
-9200,22924,2818292,4
-4650,22925,2818567,9
-5650,22926,2818676,3
1200,22927,2818712,5
-2550,22928,2818808,4
-11150,22929,2819060,4
-11750,22930,2819255,3
-7850,22931,2819384,3
-8050,22932,2819595,5
-13850,22933,2819828,3
-15550,22934,2820152,4
-5100,22935,2820212,3
650,22936,2820269,5
-1600,22937,2820361,5
1250,22938,2820382,5
-2900,22939,2820483,4
-8350,22940,2820651,4
-5250,22941,2820728,3
-4700,22942,2820788,3
-3850,22943,2820841,3
-1450,22944,2821138,11
-3400,22945,2821172,3
-7100,22946,2821304,3
-5300,22947,2821364,3
-6400,22948,2821556,5
-4850,22949,2821609,3
-7300,22950,2821757,3
-4300,22951,2821883,5
-4050,22952,2821940,3
-4700,22953,2822008,3
-7700,22954,2822132,3
500,22955,2822166,5
-3250,22956,2822297,5
-13650,22957,2822620,5
-2400,22958,2822708,5
-5150,22959,2822787,3
-4050,22960,2822840,3
1000,22961,2822868,5
-2400,22962,2822980,5
900,22963,2823092,7
-6400,22964,2823284,5
-5500,22965,2823478,5
-6650,22966,2823608,4
-3500,22967,2823668,3
-3650,22968,2823721,3
-6050,22969,2823860,5
-2650,22970,2823913,3
-12000,22971,2824188,4
-3600,22972,2824344,5
-6700,22973,2824436,3
-10700,22974,2824628,3
-4550,22975,2824683,3
-4050,22976,2824724,3
-1000,22977,2824796,5
-2650,22978,2824952,6
-4100,22979,2825012,3
-3550,22980,2825067,3
-7500,22981,2825207,3
-700,22982,2825396,8
-4450,22983,2825449,3
-3050,22984,2825466,3
-8950,22985,2825641,3
-1100,22986,2825780,6
-4250,22987,2825833,3
-3000,22988,2825859,3
-7850,22989,2825972,3
3300,22990,2826027,6
-8300,22991,2826220,4
-2000,22992,2826230,3
-4800,22993,2826296,3
-4500,22994,2826356,3
2150,22995,2826411,5
-4550,22996,2826548,5
-4650,22997,2826601,3
-8100,22998,2826741,3
250,22999,2826860,7
-1200,23000,2826932,5
-4450,23001,2826985,3
-6000,23002,2827124,4
-4150,23003,2827179,3
-9050,23004,2827316,3
-8750,23005,2827508,4
-5800,23006,2827578,3
1000,23007,2827610,5
-3700,23008,2827703,4
-1250,23009,2827753,4
-3100,23010,2827974,8
-5250,23011,2828087,3
-4900,23012,2828220,4
-4700,23013,2828276,3
-11800,23014,2828568,5
-2800,23015,2828660,5
-9100,23016,2828796,3
-3900,23017,2828852,3
-7700,23018,2829053,4
-9950,23019,2829236,3
-4050,23020,2829289,3
-2600,23021,2829315,3
-4650,23022,2829368,3
-3700,23023,2829428,3
-6000,23024,2829699,8
-5050,23025,2829756,3
6300,23026,2829900,11
1450,23027,2830004,8
-18300,23028,2830328,3
-3950,23029,2830388,4
3850,23030,2830467,7
-12550,23031,2830775,4
-3300,23032,2830827,3
-2000,23033,2830964,6
-2900,23034,2831017,4
-3200,23035,2831047,3
-3100,23036,2831156,4
-5400,23037,2831226,3
-4000,23038,2831288,3
-3750,23039,2831348,4
-4600,23040,2831414,3
-8600,23041,2831540,3
1600,23042,2831802,11
-8000,23043,2831924,3
-12400,23044,2832195,4
-7250,23045,2832308,3
-1000,23046,2832425,6
-1900,23047,2832500,6
-4450,23048,2832553,3
-15400,23049,2832884,4
3100,23050,2832939,6
-5750,23051,2833194,7
250,23052,2833296,6
-4200,23053,2833334,3
-4800,23054,2833400,3
-7850,23055,2833513,3
-5350,23056,2833592,3
-4300,23057,2833652,3
-3850,23058,2833803,5
-3450,23059,2833844,3
-4450,23060,2833897,3
-18750,23061,2834228,3
-5350,23062,2834311,3
-6300,23063,2834423,3
-2800,23064,2834555,5
-1700,23065,2834571,3
-8850,23066,2834744,3
-2900,23067,2834804,3
-3850,23068,2834857,3
-5350,23069,2834936,3
-2650,23070,2835051,5
-8000,23071,2835267,5
-10200,23072,2835446,4
-7000,23073,2835572,3
-3450,23074,2835625,3
-12150,23075,2835844,3
-6300,23076,2835956,3
2750,23077,2836021,7
-9800,23078,2836203,3
-150,23079,2836231,4
-6800,23080,2836349,3
-7150,23081,2836472,3
-3950,23082,2836532,4
-150,23083,2836573,5
-1600,23084,2836678,6
-6250,23085,2836803,3
-3350,23086,2836982,7
-2500,23087,2837067,4
-3250,23088,2837108,3
-4950,23089,2837257,5
-11400,23090,2837492,4
-5750,23091,2837628,4
-4900,23092,2837684,3
-5950,23093,2837877,5
-4000,23094,2838025,5
-10350,23095,2838204,3
-3100,23096,2838260,3
-2700,23097,2838418,5
-12200,23098,2838644,3
1150,23099,2838691,5
-9250,23100,2838889,4
-2800,23101,2838915,3
-3450,23102,2838968,3
1050,23103,2838985,5
150,23104,2839187,8
-3250,23105,2839220,3
-4350,23106,2839275,3
-2500,23107,2839303,3
-6050,23108,2839412,3
-5500,23109,2839480,3
-1550,23110,2839548,4
-4700,23111,2839604,3
-5400,23112,2839670,3
-16800,23113,2839988,3
-4500,23114,2840180,7
-7350,23115,2840331,3
-2650,23116,2840372,3
2900,23117,2840427,6
-3950,23118,2840564,5
-2250,23119,2840617,3
-5950,23120,2840696,3
-4050,23121,2840843,5
3050,23122,2840869,6
-1800,23123,2840948,4
-9150,23124,2841140,4
700,23125,2841322,9
-6750,23126,2841524,6
-4250,23127,2841577,3
-2450,23128,2841594,3
-5450,23129,2841716,4
-8700,23130,2841848,3
-13700,23131,2842100,3
-3700,23132,2842156,3
-400,23133,2842166,3
450,23134,2842292,6
-5950,23135,2842428,4
-17500,23136,2842732,3
350,23137,2842742,4
1850,23138,2842811,5
-4650,23139,2842868,3
-6150,23140,2842947,3
-7650,23141,2843060,3
-450,23142,2843115,5
-2250,23143,2843218,5
-6850,23144,2843331,3
-8600,23145,2843571,5
-2100,23146,2843595,3
-2650,23147,2843636,3
-9450,23148,2843903,5
-350,23149,2843993,6
-12750,23150,2844404,7
-5200,23151,2844470,3
-2250,23152,2844487,3
-5050,23153,2844596,3
-5350,23154,2844732,4
-11700,23155,2844980,3
-3250,23156,2845033,3
-11850,23157,2845364,5
-3150,23158,2845443,3
-15300,23159,2845748,4
-1500,23160,2845830,5
-7800,23161,2845940,3
-1250,23162,2846023,5
-7450,23163,2846246,5
2050,23164,2846283,5
-6800,23165,2846377,3
-4950,23166,2846456,3
-5100,23167,2846516,3
800,23168,2846556,5
-1200,23169,2846652,5
-4100,23170,2846708,3
-13950,23171,2846979,3
-1550,23172,2847064,5
-2200,23173,2847221,6
-13550,23174,2847476,3
-5400,23175,2847608,5
-10750,23176,2847860,4
-4350,23177,2847915,3
-1700,23178,2847939,3
-3500,23179,2848052,4
-3600,23180,2848118,3
-4000,23181,2848184,3
-11300,23182,2848376,3
-3150,23183,2848506,6
-4650,23184,2848628,4
-11700,23185,2848820,3
-5000,23186,2848886,3
-2450,23187,2848899,3
-4850,23188,2848952,3
-14900,23189,2849204,3
-3750,23190,2849283,3
-5050,23191,2849340,3
-3300,23192,2849396,3
-1100,23193,2849470,5
-12250,23194,2849720,4
-11700,23195,2849912,3
-5100,23196,2849972,3
-550,23197,2850134,6
-3000,23198,2850164,3
-4450,23199,2850217,3
-2250,23200,2850234,3
-8800,23201,2850409,4
-5950,23202,2850488,3
-3550,23203,2850548,4
-4750,23204,2850603,3
-3500,23205,2850684,4
-4700,23206,2850740,3
-5300,23207,2850902,5
-1150,23208,2850987,5
-1950,23209,2850998,3
-2450,23210,2851011,3
-2500,23211,2851064,4
-9300,23212,2851204,3
300,23213,2851316,7
-8750,23214,2851508,4
1950,23215,2851552,6
-6750,23216,2851753,5
-3000,23217,2851779,3
-14250,23218,2852024,3
-4700,23219,2852084,3
400,23220,2852139,4
-4900,23221,2852276,4
-3750,23222,2852355,3
-21500,23223,2852792,4
-3500,23224,2852852,3
2300,23225,2852907,6
-5950,23226,2853044,5
-4200,23227,2853110,3
-12850,23228,2853368,4
-4700,23229,2853428,3
-6950,23230,2853564,4
-3900,23231,2853620,3
-6950,23232,2853813,5
-4800,23233,2853867,3
-12800,23234,2854196,6
-2650,23235,2854249,3
450,23236,2854438,9
-6200,23237,2854589,4
-3800,23238,2854659,3
-3250,23239,2854712,3
-8550,23240,2854904,4
-4700,23241,2854964,3
-2450,23242,2855017,3
-12800,23243,2855235,3
1450,23244,2855338,7
1600,23245,2855354,5
-10600,23246,2855540,3
-4450,23247,2855593,3
-7200,23248,2855732,4
-1050,23249,2855798,4
-1450,23250,2855815,3
-9350,23251,2855990,3
-2050,23252,2856003,3
-5050,23253,2856060,3
-700,23254,2856208,7
-5300,23255,2856308,3
-11100,23256,2856500,3
-3050,23257,2856553,3
-6100,23258,2856747,5
-1300,23259,2856771,3
650,23260,2856873,6
-6850,23261,2857076,5
-4400,23262,2857142,3
-5200,23263,2857326,5
-2250,23264,2857351,3
-3450,23265,2857400,3
-20100,23266,2857784,3
-3700,23267,2857844,3
-6200,23268,2858036,5
-50,23269,2858115,5
-10400,23270,2858281,3
-1600,23271,2858307,3
-3550,23272,2858420,5
-4450,23273,2858473,3
-7550,23274,2858612,3
-8300,23275,2858744,3
-7250,23276,2858943,5
-4450,23277,2858996,3
-10700,23278,2859188,3
-5600,23279,2859258,3
-2600,23280,2859403,6
-2750,23281,2859544,5
-6950,23282,2859704,4
-5100,23283,2859764,3
50,23284,2859887,7
-4250,23285,2859956,3
-6950,23286,2860051,3
-10700,23287,2860227,3
-1400,23288,2860335,5
-5950,23289,2860491,4
-3650,23290,2860532,3
-4250,23291,2860585,3
-15550,23292,2860925,4
-1850,23293,2861028,5
350,23294,2861067,5
-3250,23295,2861108,3
-11300,23296,2861300,3
-5150,23297,2861379,3
-4050,23298,2861432,3
-2850,23299,2861547,5
-1100,23300,2861571,3
-7600,23301,2861693,3
-6450,23302,2861876,5
-5600,23303,2861946,3
-5250,23304,2862068,4
-1850,23305,2862138,4
-1600,23306,2862156,3
-10300,23307,2862316,3
-250,23308,2862326,4
5550,23309,2862404,8
-1750,23310,2862534,6
550,23311,2862569,5
-1150,23312,2862588,3
-4700,23313,2862697,4
-12100,23314,2862971,5
-12450,23315,2863273,4
-5950,23316,2863352,3
-4500,23317,2863412,3
-5600,23318,2863544,5
-4500,23319,2863686,5
-9950,23320,2863849,3
-3950,23321,2863928,3
-3500,23322,2863988,3
-4850,23323,2864180,6
-5400,23324,2864242,3
-10650,23325,2864451,3
-22550,23326,2864948,5
-4050,23327,2865001,3
-1250,23328,2865018,3
-12850,23329,2865272,4
-1750,23330,2865291,3
-3800,23331,2865341,3
1850,23332,2865411,6
-7550,23333,2865603,4
-4950,23334,2865768,5
-2000,23335,2865782,3
-2250,23336,2865795,3
-2850,23337,2865852,3
-4500,23338,2865908,3
-2850,23339,2865961,3
-3450,23340,2866185,6
2400,23341,2866210,6
1500,23342,2866244,5
-13100,23343,2866484,3
2500,23344,2866539,6
500,23345,2866642,6
-3000,23346,2866676,3
-3550,23347,2866731,3
-2900,23348,2866755,3
-1000,23349,2866815,5
-4500,23350,2866977,5
-2250,23351,2867060,5
-3450,23352,2867113,3
-8300,23353,2867261,3
-7750,23354,2867523,6
-7500,23355,2867639,3
-4600,23356,2867689,3
-5950,23357,2867772,3
-4900,23358,2867828,3
750,23359,2867875,5
-7100,23360,2868020,4
-7200,23361,2868212,5
-1750,23362,2868404,8
-4700,23363,2868562,5
-4500,23364,2868871,8
-6450,23365,2868980,3
-8950,23366,2869172,4
3300,23367,2869227,6
2500,23368,2869311,7
-7100,23369,2869447,3
-14900,23370,2869748,4
-3050,23371,2869801,3
-14950,23372,2870076,3
-4950,23373,2870221,5
-5750,23374,2870324,3
-8700,23375,2870456,3
-5450,23376,2870582,4
-5400,23377,2870648,3
-11150,23378,2870900,4
1200,23379,2871075,8
-3350,23380,2871171,4
-3650,23381,2871224,3
-6700,23382,2871476,7
-5000,23383,2871664,5
-5750,23384,2871800,4
-1150,23385,2871819,3
-7550,23386,2871926,3
-3300,23387,2872052,5
-4450,23388,2872105,3
-25200,23389,2872628,4
-5200,23390,2872694,3
-17200,23391,2873012,3
-8900,23392,2873148,3
-5450,23393,2873213,3
-11300,23394,2873405,3
-3400,23395,2873475,3
2600,23396,2873594,8
-5300,23397,2873654,3
-7200,23398,2873780,3
-7050,23399,2873972,6
1650,23400,2874025,5
500,23401,2874120,6
-6600,23402,2874234,3
-4400,23403,2874300,3
-4900,23404,2874356,3
-5950,23405,2874533,5
-1550,23406,2874614,5
-11500,23407,2874806,3
-850,23408,2874819,3
-12950,23409,2875124,5
-4850,23410,2875177,3
-12250,23411,2875382,3
3800,23412,2875440,7
-2950,23413,2875508,4
-4050,23414,2875561,3
-2800,23415,2875587,3
-3850,23416,2875640,3
-5550,23417,2875805,5
1550,23418,2875824,5
-1600,23419,2875892,5
-4600,23420,2875962,3
-10450,23421,2876282,6
-7400,23422,2876408,3
-2550,23423,2876550,6
-6200,23424,2876660,3
200,23425,2876712,5
-600,23426,2876829,6
1150,23427,2876922,7
-15650,23428,2877236,4
-8850,23429,2877483,5
-3100,23430,2877560,4
-3350,23431,2877623,3
-5700,23432,2877699,3
-9400,23433,2877865,3
600,23434,2877901,5
1550,23435,2877920,5
-2400,23436,2878004,5
-3850,23437,2878057,3
-5150,23438,2878136,3
-4400,23439,2878275,4
-11700,23440,2878520,4
-4300,23441,2878580,3
-500,23442,2878650,5
800,23443,2878678,5
2800,23444,2878715,6
-4850,23445,2878772,3
-4400,23446,2878838,3
-11050,23447,2879047,3
-2950,23448,2879115,4
-12450,23449,2879348,3
-5250,23450,2879499,5
-2650,23451,2879540,3
950,23452,2879595,5
-1100,23453,2879623,3
-8000,23454,2879741,3
-4800,23455,2879811,3
-4500,23456,2879883,3
-9350,23457,2880116,5
-5600,23458,2880182,3
-5600,23459,2880248,3
-2900,23460,2880308,3
-5900,23461,2880470,5
-6650,23462,2880567,3
-1650,23463,2880654,5
-5200,23464,2880843,6
-6300,23465,2880939,3
-2700,23466,2880963,3
-4050,23467,2881016,3
-1500,23468,2881142,5
-6450,23469,2881268,4
-4250,23470,2881321,3
-12000,23471,2881539,3
-7850,23472,2881652,3
-5100,23473,2881708,3
-2000,23474,2881718,3
-1250,23475,2881731,3
-4050,23476,2881784,3
-5300,23477,2881844,3
-4950,23478,2881899,3
-1300,23479,2881923,3
-16850,23480,2882228,3
-5350,23481,2882307,3
-4650,23482,2882360,3
-14450,23483,2882682,4
2050,23484,2882723,5
-2700,23485,2882804,4
-3600,23486,2882870,3
-5250,23487,2882996,4
-1400,23488,2883072,5
2350,23489,2883194,8
-10400,23490,2883380,3
-8750,23491,2883531,3
-3050,23492,2883572,3
-1450,23493,2883647,5
-2650,23494,2883704,3
-2150,23495,2883723,3
-6350,23496,2883945,6
300,23497,2884011,5
-1000,23498,2884091,5
-4850,23499,2884148,3
-11600,23500,2884419,4
-4900,23501,2884602,6
-3100,23502,2884724,5
-4400,23503,2884790,3
-4600,23504,2884856,3
-5100,23505,2884916,3
-13050,23506,2885161,3
-850,23507,2885174,3
2750,23508,2885272,8
-2850,23509,2885309,3
-5050,23510,2885366,3
-1450,23511,2885501,5
-3100,23512,2885545,3
-3400,23513,2885571,3
-5450,23514,2885684,3
-250,23515,2885739,5
-1100,23516,2885772,4
-7450,23517,2885885,3
-4950,23518,2885960,3
-7500,23519,2886068,3
-1700,23520,2886121,4
-1850,23521,2886138,3
-4950,23522,2886315,5
50,23523,2886339,4
-4050,23524,2886392,3
-4100,23525,2886452,3
-13550,23526,2886836,8
-4550,23527,2886915,3
-5300,23528,2887028,4
950,23529,2887083,5
-2850,23530,2887186,5
-2800,23531,2887220,3
-3800,23532,2887286,3
-3000,23533,2887496,7
3650,23534,2887547,7
-5050,23535,2887604,3
-6000,23536,2887702,3
-3600,23537,2887736,3
-4900,23538,2887796,3
8050,23539,2887851,11
650,23540,2887879,4
-6650,23541,2887988,3
-12600,23542,2888292,5
-4550,23543,2888372,4
-15400,23544,2888634,3
2750,23545,2888735,7
-8900,23546,2888948,4
-4700,23547,2889004,3
1250,23548,2889069,5
1750,23549,2889140,5
-3600,23550,2889206,3
-19150,23551,2889639,5
-550,23552,2889716,5
-3850,23553,2889809,3
-3750,23554,2889848,3
-550,23555,2889867,3
-3850,23556,2889908,3
3500,23557,2889963,6
450,23558,2889991,4
-9150,23559,2890158,3
-1100,23560,2890170,3
-7500,23561,2890347,4
850,23562,2890484,9
-3250,23563,2890537,3
-2250,23564,2890554,3
-2050,23565,2890567,3
-4300,23566,2890676,4
1000,23567,2890712,5
1350,23568,2890731,5
-1300,23569,2890825,5
1650,23570,2890866,5
-4300,23571,2890947,4
-4450,23572,2891000,3
1200,23573,2891142,7
1450,23574,2891183,5
-4650,23575,2891252,3
-3650,23576,2891305,3
-3200,23577,2891331,3
-3650,23578,2891384,3
-2300,23579,2891444,3
-3150,23580,2891499,3
-6050,23581,2891580,3
-7650,23582,2891689,3
-6450,23583,2891828,5
-5650,23584,2892078,8
-8200,23585,2892212,3
-1700,23586,2892372,7
2000,23587,2892392,5
-3600,23588,2892564,5
-22100,23589,2892980,3
-10500,23590,2893172,3
-7300,23591,2893304,3
-5300,23592,2893364,3
-2550,23593,2893419,3
-350,23594,2893590,7
-2950,23595,2893626,4
-11500,23596,2893912,5
-9600,23597,2894091,4
-3650,23598,2894132,3
-2850,23599,2894185,3
-13950,23600,2894518,5
-5500,23601,2894582,3
-5650,23602,2894708,4
-3800,23603,2894762,3
-3050,23604,2894787,3
-6850,23605,2894900,3
-11300,23606,2895092,3
-4450,23607,2895145,3
-2400,23608,2895171,3
-2850,23609,2895224,3
-9200,23610,2895476,5
-5350,23611,2895559,3
-4250,23612,2895608,3
-4900,23613,2895668,3
-6750,23614,2895878,6
-18650,23615,2896244,4
1400,23616,2896292,5
-4800,23617,2896436,5
-3500,23618,2896489,4
-2000,23619,2896515,3
-1250,23620,2896606,5
-850,23621,2896707,7
-7650,23622,2896820,3
-8900,23623,2896952,3
-3700,23624,2897012,3
-4350,23625,2897161,5
-8200,23626,2897283,3
-4850,23627,2897336,3
1500,23628,2897346,5
-300,23629,2897408,5
-4800,23630,2897462,3
-7400,23631,2897588,3
-10100,23632,2897780,3
-5550,23633,2897953,5
-10000,23634,2898164,4
-11300,23635,2898356,3
-4350,23636,2898439,3
-8400,23637,2898614,4
-5200,23638,2898680,3
-5100,23639,2898740,3
-4750,23640,2898795,3
-6700,23641,2898932,4
-3300,23642,2899083,6
-3600,23643,2899133,3
-4100,23644,2899177,3
-1450,23645,2899190,3
-2250,23646,2899203,3
-4650,23647,2899256,3
1400,23648,2899288,5
-7350,23649,2899448,4
-8100,23650,2899600,3
-9150,23651,2899755,3
-11050,23652,2899948,3
-2350,23653,2899971,3
1800,23654,2900043,5
-3650,23655,2900084,3
-5600,23656,2900150,3
-14400,23657,2900408,3
-4900,23658,2900468,3
-8750,23659,2900660,4
-3850,23660,2900713,3
-9450,23661,2900923,4
-4900,23662,2901003,3
-3650,23663,2901044,3
-8150,23664,2901236,4
-2050,23665,2901359,5
-1900,23666,2901428,4
-3850,23667,2901481,3
-8000,23668,2901620,4
-3050,23669,2901673,3
-14000,23670,2901944,4
-6450,23671,2902139,5
-4650,23672,2902196,3
-13300,23673,2902444,3
-50,23674,2902454,4
-7200,23675,2902580,3
-8950,23676,2902772,4
-9900,23677,2902973,4
-5400,23678,2903047,3
-9950,23679,2903222,3
-3750,23680,2903392,6
-50,23681,2903484,6
-2150,23682,2903499,3
-4050,23683,2903540,3
-3750,23684,2903595,3
-700,23685,2903619,3
-8200,23686,2903798,4
2350,23687,2903924,8
700,23688,2903970,5
-1850,23689,2904089,5
-15700,23690,2904361,3
1100,23691,2904424,6
600,23692,2904500,5
550,23693,2904555,5
1800,23694,2904583,5
-8000,23695,2904701,3
-5050,23696,2904758,3
-2250,23697,2904771,3
5800,23698,2904888,10
-2300,23699,2904986,5
1750,23700,2905009,5
-1600,23701,2905076,4
-4600,23702,2905142,3
-11650,23703,2905347,3
-4850,23704,2905400,3
-5250,23705,2905513,3
-6600,23706,2905611,3
-3250,23707,2905652,3
-2450,23708,2905759,5
300,23709,2905784,4
-4900,23710,2905844,3
-9350,23711,2906036,4
-5550,23712,2906115,3
-4450,23713,2906168,3
-8050,23714,2906379,5
-2850,23715,2906420,3
-4150,23716,2906475,3
-8650,23717,2906612,3
-2200,23718,2906691,4
-4650,23719,2906744,3
-5050,23720,2906977,7
-1550,23721,2906996,3
-1100,23722,2907131,6
-4650,23723,2907188,3
-3250,23724,2907241,3
-1850,23725,2907380,5
-9750,23726,2907572,4
1000,23727,2907624,5
-5000,23728,2907723,4
1650,23729,2907765,6
-4800,23730,2907819,3
-5300,23731,2907956,4
-4800,23732,2908026,3
-7400,23733,2908148,3
-15800,23734,2908500,5
-9150,23735,2908724,4
-5600,23736,2908790,3
-6800,23737,2908916,3
2950,23738,2909055,9
-4850,23739,2909108,3
300,23740,2909191,6
-11150,23741,2909370,3
-2500,23742,2909451,4
-11050,23743,2909628,3
-800,23744,2909765,6
1150,23745,2909833,6
-4350,23746,2909876,3
-13900,23747,2910366,9
-2200,23748,2910392,3
-5100,23749,2910452,3
-3500,23750,2910508,3
-400,23751,2910518,3
-7600,23752,2910644,3
-4600,23753,2910710,3
-2650,23754,2910780,4
-4700,23755,2910836,3
-9700,23756,2911028,3
-4600,23757,2911107,4
-8000,23758,2911229,3
-8000,23759,2911371,3
-3250,23760,2911412,3
3400,23761,2911462,7
-500,23762,2911491,4
-9300,23763,2911659,3
-2100,23764,2911683,3
-11150,23765,2911862,3
-7200,23766,2911988,3
-4400,23767,2912054,3
1350,23768,2912127,7
150,23769,2912198,5
-7050,23770,2912316,4
-6750,23771,2912451,3
-500,23772,2912530,6
-3800,23773,2912564,3
-4250,23774,2912617,3
-13200,23775,2912888,4
-3350,23776,2912907,3
-2050,23777,2912948,3
2600,23778,2913103,8
-8850,23779,2913240,3
-12700,23780,2913464,3
-5100,23781,2913524,3
-2950,23782,2913579,3
300,23783,2913625,5
-1050,23784,2913716,5
-4050,23785,2913769,3
-1850,23786,2913786,3
-2300,23787,2913900,5
-4800,23788,2913987,4
-3800,23789,2914180,6
-7300,23790,2914292,3
-2250,23791,2914354,4
-4400,23792,2914424,3
-3700,23793,2914484,3
-1350,23794,2914557,5
-3600,23795,2914721,5
-1950,23796,2914843,6
-6100,23797,2914923,3
-5300,23798,2915060,4
-6800,23799,2915252,5
-100,23800,2915298,5
-7400,23801,2915453,4
-5050,23802,2915510,3
-7200,23803,2915636,3
-8150,23804,2915828,4
-4450,23805,2916127,9
-3800,23806,2916410,8
-4450,23807,2916483,3
-3050,23808,2916536,3
2000,23809,2916593,6
-5000,23810,2916651,3
-6950,23811,2916843,4
-9050,23812,2916980,3
-2200,23813,2917059,4
-2850,23814,2917116,3
-4500,23815,2917172,3
-2650,23816,2917225,3
-15150,23817,2917496,3
-4100,23818,2917556,3
2050,23819,2917606,6
-3850,23820,2917803,7
-10050,23821,2918001,4
-3200,23822,2918019,3
-4650,23823,2918072,3
-10100,23824,2918228,3
-12600,23825,2918475,4
-3250,23826,2918516,3
1150,23827,2918571,5
550,23828,2918692,7
-6150,23829,2918787,3
-4250,23830,2918840,3
-2950,23831,2918903,3
-7450,23832,2919036,3
-4900,23833,2919092,3
-4800,23834,2919158,3
-7400,23835,2919284,3
-7250,23836,2919542,8
-3900,23837,2919627,4
-3250,23838,2919668,3
-1200,23839,2919860,9
-4750,23840,2919943,3
-6650,23841,2920052,3
-4800,23842,2920122,3
-6400,23843,2920326,5
-6650,23844,2920436,4
-1550,23845,2920587,7
-7550,23846,2920698,3
-7850,23847,2920921,5
2300,23848,2920955,5
-5050,23849,2921012,3
-5050,23850,2921065,3
-3200,23851,2921091,3
-8000,23852,2921274,4
2350,23853,2921478,10
-7000,23854,2921588,3
400,23855,2921640,5
1350,23856,2921671,5
-6000,23857,2921789,3
-11400,23858,2922027,3
-11700,23859,2922219,3
-5850,23860,2922296,3
-5100,23861,2922356,3
-3000,23862,2922435,4
-4050,23863,2922488,3
-5650,23864,2922683,5
-8950,23865,2922891,4
-3250,23866,2922932,3
-10350,23867,2923124,4
-3950,23868,2923179,3
-5900,23869,2923275,3
-3650,23870,2923316,3
-1050,23871,2923420,6
-2100,23872,2923448,3
-4900,23873,2923508,3
-4950,23874,2923571,3
-2850,23875,2923678,5
-13550,23876,2924027,5
-5050,23877,2924084,3
1400,23878,2924116,5
1350,23879,2924135,5
-5500,23880,2924276,4
-18150,23881,2924660,4
-4050,23882,2924713,3
-2650,23883,2924852,5
1750,23884,2924907,5
-350,23885,2924931,4
-6300,23886,2925047,3
-5350,23887,2925110,3
-4650,23888,2925236,4
0,23889,2925288,5
2500,23890,2925319,6
-7300,23891,2925431,3
-4800,23892,2925481,3
-1850,23893,2925494,3
-850,23894,2925675,7
-6250,23895,2925756,3
-4900,23896,2926070,9
-8600,23897,2926249,4
-500,23898,2926388,6
-2750,23899,2926443,3
-7700,23900,2926600,4
-11050,23901,2926842,4
-4700,23902,2926964,5
-3000,23903,2927047,4
-7000,23904,2927165,3
-11350,23905,2927348,3
200,23906,2927400,5
-9450,23907,2927606,4
-250,23908,2927730,6
200,23909,2927822,5
-7000,23910,2927924,3
-4550,23911,2927979,3
-7650,23912,2928116,3
-4550,23913,2928294,6
-2350,23914,2928317,3
-4850,23915,2928374,3
-3200,23916,2928440,3
-5600,23917,2928600,5
1700,23918,2928626,5
1150,23919,2928641,5
-4550,23920,2928692,3
-4000,23921,2928750,3
-6000,23922,2928824,3
-3000,23923,2928964,5
-6250,23924,2929085,3
-4350,23925,2929160,3
-7500,23926,2929268,3
-4600,23927,2929338,3
-7200,23928,2929460,3
-5550,23929,2929637,5
-19200,23930,2930036,4
-4250,23931,2930089,3
-10900,23932,2930363,5
150,23933,2930475,6
-8950,23934,2930790,7
-2050,23935,2930807,3
-7900,23936,2931062,6
-7950,23937,2931243,5
-5450,23938,2931324,3
-3900,23939,2931380,3
-13000,23940,2931655,4
-2850,23941,2931704,3
-350,23942,2931962,10
-5650,23943,2932035,3
-5650,23944,2932148,3
-11400,23945,2932469,6
-4950,23946,2932532,3
-2500,23947,2932585,4
-2600,23948,2932615,3
3250,23949,2932649,6
1700,23950,2932675,5
-2900,23951,2932724,4
-2050,23952,2932938,8
-9400,23953,2933108,3
-5500,23954,2933172,3
-11000,23955,2933370,3
-11050,23956,2933547,3
-8650,23957,2933684,3
-5950,23958,2933955,7
-3600,23959,2934071,5
-5350,23960,2934134,3
-2450,23961,2934147,3
-3450,23962,2934200,3
-7450,23963,2934313,3
-3650,23964,2934456,5
-4000,23965,2934522,3
-1600,23966,2934540,3
-6250,23967,2934710,4
-5900,23968,2934836,5
-3850,23969,2934889,3
-8350,23970,2935028,3
-4800,23971,2935098,3
-11300,23972,2935290,3
-7200,23973,2935412,3
-10200,23974,2935607,4
-4700,23975,2935683,3
4700,23976,2935796,8
-4950,23977,2935875,3
-3450,23978,2935928,3
-4400,23979,2936093,6
-3550,23980,2936124,3
-2200,23981,2936183,4
600,23982,2936260,6
-7500,23983,2936372,3
-4050,23984,2936425,3
-600,23985,2936555,7
-3750,23986,2936643,4
-6150,23987,2936852,5
-6500,23988,2936948,3
-1450,23989,2937031,5
-7700,23990,2937143,3
-2850,23991,2937242,5
7050,23992,2937385,11
-7150,23993,2937524,3
-100,23994,2937577,4
-6550,23995,2937725,4
-2150,23996,2937859,6
-14450,23997,2938100,3
-6350,23998,2938199,3
-4050,23999,2938236,3
-4500,24000,2938292,3
-9700,24001,2938493,4
-11150,24002,2938676,3
-11700,24003,2938868,3
-7000,24004,2938962,3
-6600,24005,2939060,3
-8100,24006,2939192,3
-2300,24007,2939261,4
-20350,24008,2939636,3
-11250,24009,2939976,6
-10900,24010,2940152,3
-8350,24011,2940483,7
-6250,24012,2940596,3
-3850,24013,2940649,3
-6000,24014,2940788,4
-700,24015,2940854,5
-3450,24016,2940883,3
-4050,24017,2940920,3
-2950,24018,2940939,3
-2400,24019,2941063,5
-10100,24020,2941251,3
-7850,24021,2941364,3
-4950,24022,2941419,3
-5700,24023,2941642,6
-3100,24024,2941707,4
-3050,24025,2941748,3
-3650,24026,2941801,3
-8750,24027,2941940,3
1300,24028,2941995,6
-4100,24029,2942121,5
-550,24030,2942132,3
-5000,24031,2942202,3
-5250,24032,2942283,3
-8350,24033,2942475,4
-3250,24034,2942516,3
-3600,24035,2942586,3
-6800,24036,2942708,3
150,24037,2942763,5
-3400,24038,2942903,5
-4550,24039,2942979,4
-5050,24040,2943036,3
-11950,24041,2943284,4
2650,24042,2943342,6
-3500,24043,2943435,4
-3450,24044,2943476,3
-2850,24045,2943529,3
-3400,24046,2943555,3
-7700,24047,2943810,6
-11200,24048,2943992,3
-4700,24049,2944052,3
1350,24050,2944104,6
-700,24051,2944203,6
-4050,24052,2944244,3
-4450,24053,2944297,3
-2450,24054,2944314,3
-13200,24055,2944568,3
-4900,24056,2944628,3
-12300,24057,2944873,4
-4550,24058,2944952,3
3900,24059,2945020,7
-3450,24060,2945143,5
-5250,24061,2945204,3
-3800,24062,2945270,3
-4450,24063,2945396,4
-3850,24064,2945449,3
-13000,24065,2945671,3
-5100,24066,2945850,6
-7700,24067,2946051,4
-2350,24068,2946164,5
-5400,24069,2946234,3
-11050,24070,2946488,4
-5300,24071,2946548,3
-10550,24072,2946740,4
-3850,24073,2946793,3
-250,24074,2946937,6
-26450,24075,2947508,5
-4250,24076,2947561,3
-6150,24077,2947700,3
-8500,24078,2947832,3
-4900,24079,2947892,3
-3750,24080,2947971,3
-7800,24081,2948093,3
-1800,24082,2948201,5
-3400,24083,2948276,4
1150,24084,2948331,5
-2600,24085,2948411,5
-5100,24086,2948471,3
-4600,24087,2948521,3
-2850,24088,2948538,3
-1650,24089,2948661,5
-9000,24090,2948811,3
-3650,24091,2948852,3
-3450,24092,2948905,3
-10900,24093,2949176,6
-6950,24094,2949315,3
-3250,24095,2949368,3
-2950,24096,2949387,3
-6150,24097,2949498,3
-7600,24098,2949620,3
-3650,24099,2949673,3
-6400,24100,2949771,3
1050,24101,2949812,5
650,24102,2949865,5
-4200,24103,2949948,4
-4950,24104,2950093,5
1450,24105,2950102,5
1600,24106,2950114,5
-100,24107,2950196,5
-3850,24108,2950266,4
-7300,24109,2950471,4
-6700,24110,2950710,6
-3050,24111,2950772,4
-5500,24112,2950856,3
-6900,24113,2950964,3
-3850,24114,2951017,3
-2650,24115,2951144,5
-4200,24116,2951235,4
-5050,24117,2951292,3
-1350,24118,2951307,3
-1850,24119,2951451,6
1700,24120,2951461,5
-1450,24121,2951540,5
-3800,24122,2951594,3
-7250,24123,2951732,4
-3450,24124,2951785,3
-1850,24125,2951798,3
-15200,24126,2952056,3
-4300,24127,2952116,3
-2350,24128,2952171,3
-2950,24129,2952308,5
-3850,24130,2952361,3
-15750,24131,2952632,3
-3850,24132,2952701,3
-1850,24133,2952792,5
1750,24134,2952819,5
-5450,24135,2952884,3
-2450,24136,2952937,3
-3650,24137,2953035,4
-3050,24138,2953076,3
-12050,24139,2953403,5
-14450,24140,2953652,3
-8500,24141,2953968,7
-4100,24142,2954036,3
-4550,24143,2954091,3
-2700,24144,2954172,4
4650,24145,2954240,8
-7700,24146,2954364,3
-3500,24147,2954420,3
150,24148,2954499,5
-2950,24149,2954632,5
-15700,24150,2954936,3
-4500,24151,2954996,3
-3250,24152,2955131,5
-4650,24153,2955188,3
-4000,24154,2955254,3
-10000,24155,2955436,3
-1400,24156,2955446,3
-1050,24157,2955459,3
-1600,24158,2955559,5
-6100,24159,2955704,4
-5100,24160,2955764,3
-10950,24161,2956012,4
-1800,24162,2956022,3
-3200,24163,2956088,3
-11100,24164,2956280,3
-5100,24165,2956340,3
-7650,24166,2956532,6
-3450,24167,2956585,3
-14750,24168,2956856,3
-5100,24169,2956916,3
-4550,24170,2956971,3
-4050,24171,2957052,3
-3300,24172,2957108,3
-2850,24173,2957161,3
-14700,24174,2957495,5
-5350,24175,2957558,3
-7800,24176,2957684,3
900,24177,2957722,5
-4900,24178,2957876,5
-4450,24179,2957929,3
-11600,24180,2958147,3
6050,24181,2958204,9
-3250,24182,2958351,5
-2350,24183,2958452,5
-13600,24184,2958723,4
-2100,24185,2958922,6
-4850,24186,2959028,4
-1450,24187,2959111,5
-10700,24188,2959299,3
1350,24189,2959412,7
-4250,24190,2959465,3
-5350,24191,2959548,3
-4800,24192,2959659,4
-4100,24193,2959789,5
-8550,24194,2959932,3
-950,24195,2959947,3
-8200,24196,2960180,6
-3650,24197,2960233,3
-9400,24198,2960481,5
1300,24199,2960507,5
-4050,24200,2960564,3
1700,24201,2960619,6
-8750,24202,2960835,4
-900,24203,2961028,8
-7300,24204,2961140,3
2850,24205,2961231,7
-850,24206,2961384,7
-7900,24207,2961524,3
-2550,24208,2961579,3
-800,24209,2961716,6
-7600,24210,2961908,5
-12150,24211,2962156,4
-1400,24212,2962166,3
1500,24213,2962228,5
-4700,24214,2962292,3
-5600,24215,2962358,3
-4400,24216,2962424,3
-4900,24217,2962484,3
-8350,24218,2962755,7
-4600,24219,2962923,5
-3700,24220,2963000,4
-4900,24221,2963060,3
-3500,24222,2963252,7
-12600,24223,2963552,5
-3350,24224,2963636,4
-13950,24225,2963907,3
-9950,24226,2964090,3
-3500,24227,2964171,4
-3450,24228,2964212,3
-3450,24229,2964293,3
-12800,24230,2964536,4
-7750,24231,2964651,3
-4050,24232,2964728,3
-4700,24233,2964788,3
-7000,24234,2964980,5
600,24235,2965020,5
-1150,24236,2965126,6
-2600,24237,2965287,6
2200,24238,2965364,6
-3450,24239,2965417,3
-1800,24240,2965443,3
-6050,24241,2965556,3
-3950,24242,2965611,3
-9750,24243,2965803,4
-2150,24244,2965814,3
-2250,24245,2965880,4
-2350,24246,2965899,3
-3050,24247,2965940,3
-14000,24248,2966202,3
-6800,24249,2966324,3
-5800,24250,2966394,3
-1350,24251,2966475,5
-2450,24252,2966516,3
-2200,24253,2966599,4
-8000,24254,2966717,3
-7150,24255,2966840,3
-2750,24256,2966859,3
-10700,24257,2967051,3
-3050,24258,2967092,3
-7700,24259,2967224,3
1100,24260,2967262,5
1450,24261,2967279,5
-5050,24262,2967340,3
-2000,24263,2967350,3
2600,24264,2967395,6
1600,24265,2967419,5
-4850,24266,2967476,3
-1650,24267,2967546,4
-1100,24268,2967652,5
-300,24269,2967677,4
-3000,24270,2967747,3
-4250,24271,2967800,3
-10750,24272,2968052,4
-1950,24273,2968112,4
-800,24274,2968122,3
-6800,24275,2968244,3
1350,24276,2968299,5
-4050,24277,2968442,5
-11000,24278,2968628,3
-350,24279,2968714,6
-4650,24280,2968820,4
-6250,24281,2968983,5
-2200,24282,2969021,3
850,24283,2969091,6
-4850,24284,2969144,3
-2800,24285,2969219,4
-10050,24286,2969396,3
4100,24287,2969448,7
2000,24288,2969472,5
1450,24289,2969481,5
-7550,24290,2969588,3
-4650,24291,2969641,3
-2800,24292,2969819,7
-10650,24293,2970025,4
-2400,24294,2970051,3
-6250,24295,2970165,4
-8750,24296,2970296,3
-1150,24297,2970315,3
-1300,24298,2970356,4
2050,24299,2970411,7
-750,24300,2970439,4
-3850,24301,2970488,3
-4500,24302,2970548,3
-4750,24303,2970627,3
-4850,24304,2970680,3
-8800,24305,2970810,3
-12450,24306,2971064,4
-5100,24307,2971124,3
2050,24308,2971206,6
-5400,24309,2971316,3
-3450,24310,2971369,3
-6700,24311,2971563,5
-14650,24312,2971832,3
-5100,24313,2971892,3
-3750,24314,2971947,3
-7250,24315,2972084,3
-2250,24316,2972137,3
-5550,24317,2972216,3
-4250,24318,2972359,5
-14450,24319,2972604,3
-3300,24320,2972660,3
-4750,24321,2972715,3
-7300,24322,2972852,4
-5150,24323,2972935,3
-4400,24324,2973071,5
1650,24325,2973088,5
1650,24326,2973109,5
-5800,24327,2973236,4
-6150,24328,2973315,3
-7250,24329,2973481,4
-7750,24330,2973620,3
-50,24331,2973683,5
-6650,24332,2973821,4
-12550,24333,2974057,4
-350,24334,2974266,9
-7200,24335,2974388,3
-1450,24336,2974471,5
-6650,24337,2974580,3
-3450,24338,2974633,3
-6350,24339,2974712,3
-5850,24340,2974907,5
1550,24341,2975050,9
-4200,24342,2975096,3
-5300,24343,2975156,3
-3650,24344,2975209,3
-5050,24345,2975348,5
-17100,24346,2975672,3
-4300,24347,2975732,3
-4350,24348,2975787,3
2750,24349,2975924,11
-4450,24350,2975977,3
-3000,24351,2976003,3
-4650,24352,2976056,3
-1100,24353,2976171,6
400,24354,2976227,5
-3150,24355,2976402,7
-6600,24356,2976500,3
-1250,24357,2976579,5
2550,24358,2976692,7
1050,24359,2976741,5
-1450,24360,2976836,5
-7000,24361,2976954,3
-21850,24362,2977351,3
-2750,24363,2977526,7
-900,24364,2977539,4
-4450,24365,2977592,3
-4250,24366,2977731,5
-11150,24367,2977910,3
-8000,24368,2978036,3
-5200,24369,2978102,3
-2450,24370,2978115,3
-7450,24371,2978228,3
-4600,24372,2978298,3
-5800,24373,2978475,6
-6300,24374,2978571,3
-2850,24375,2978612,3
-8650,24376,2978859,5
-6050,24377,2978936,3
-1350,24378,2979131,7
-4650,24379,2979188,3
-4300,24380,2979244,3
-1800,24381,2979254,3
-6600,24382,2979380,3
-3850,24383,2979433,3
-2600,24384,2979459,3
-2900,24385,2979512,4
-1600,24386,2979572,5
2700,24387,2979627,6
-500,24388,2979718,6
-10000,24389,2979896,3
-12550,24390,2980148,4
-3450,24391,2980201,3
-12800,24392,2980419,3
-4850,24393,2980472,3
-8800,24394,2980602,3
-8200,24395,2980724,3
-2250,24396,2980794,4
-4250,24397,2980875,3
-3250,24398,2980916,3
-3650,24399,2980969,3
-2850,24400,2981158,7
-2650,24401,2981240,4
-11900,24402,2981492,3
-5600,24403,2981558,3
-7600,24404,2981684,3
-7650,24405,2981878,4
-3900,24406,2981942,3
-17400,24407,2982260,3
-4050,24408,2982420,6
50,24409,2982452,4
-4250,24410,2982505,3
-650,24411,2982535,4
-3450,24412,2982584,3
-14500,24413,2982836,3
1000,24414,2982901,6
4900,24415,2983031,9
-2850,24416,2983081,4
-2050,24417,2983098,3
-2250,24418,2983111,3
-3850,24419,2983160,3
-4700,24420,2983220,3
-6800,24421,2983371,4
-7300,24422,2983491,3
-11350,24423,2983875,8
-7450,24424,2983988,3
-5750,24425,2984071,3
-4700,24426,2984262,6
-15250,24427,2984564,4
-4400,24428,2984618,3
-2050,24429,2984745,5
-900,24430,2984835,5
-7650,24431,2984948,3
-4550,24432,2985003,3
-2900,24433,2985027,3
-11900,24434,2985276,4
-3700,24435,2985332,3
-2250,24436,2985603,9
-10350,24437,2985786,3
-4600,24438,2985852,3
-2900,24439,2986003,6
1600,24440,2986043,5
-4050,24441,2986100,3
-3850,24442,2986153,3
-2800,24443,2986277,5
-1950,24444,2986358,5
1900,24445,2986453,6
1350,24446,2986476,5
-5950,24447,2986616,4
-3900,24448,2986676,3
-2850,24449,2986729,3
-1650,24450,2986860,5
-6550,24451,2987000,4
-3700,24452,2987060,3
-10100,24453,2987252,3
950,24454,2987307,5
-6300,24455,2987444,4
-5600,24456,2987514,3
-2000,24457,2987642,5
-1350,24458,2987752,6
-1000,24459,2987828,5
-5150,24460,2987907,3
-4850,24461,2987960,3
-5100,24462,2988020,3
-2200,24463,2988099,4
-2850,24464,2988218,5
-3750,24465,2988265,3
-2250,24466,2988278,3
-6650,24467,2988485,5
2650,24468,2988523,6
-7800,24469,2988666,4
-1850,24470,2988765,5
1950,24471,2988784,5
-5550,24472,2988924,4
-10000,24473,2989131,4
-2650,24474,2989172,3
2700,24475,2989227,6
-1100,24476,2989251,3
-4650,24477,2989304,3
700,24478,2989350,5
-2850,24479,2989556,8
-4050,24480,2989609,3
-8750,24481,2989748,3
100,24482,2989806,5
-1600,24483,2989926,5
-8400,24484,2990072,3
-4700,24485,2990132,3
750,24486,2990183,5
-2700,24487,2990289,5
-6050,24488,2990403,4
-7950,24489,2990612,5
1800,24490,2990640,5
-5100,24491,2990708,3
-1200,24492,2990763,4
-1300,24493,2990791,3
-7600,24494,2990909,3
-9950,24495,2991092,3
-4050,24496,2991145,3
-6000,24497,2991284,4
-4600,24498,2991350,3
-8200,24499,2991529,4
-1050,24500,2991542,3
-15050,24501,2991860,4
2500,24502,2991915,6
-9550,24503,2992131,4
-11350,24504,2992314,3
-4200,24505,2992376,3
-11500,24506,2992637,4
-7350,24507,2992764,3
-3950,24508,2992823,3
-4450,24509,2992876,3
-2000,24510,2992886,3
-5250,24511,2993012,4
-8600,24512,2993207,4
-6700,24513,2993295,3
-10750,24514,2993466,3
1400,24515,2993510,5
-3850,24516,2993588,4
-3850,24517,2993641,3
-2850,24518,2993658,3
-9850,24519,2993836,4
-2000,24520,2993846,3
-11650,24521,2994104,4
-5100,24522,2994164,3
4050,24523,2994219,7
-400,24524,2994300,6
-6350,24525,2994435,3
-8550,24526,2994660,5
-1200,24527,2994740,5
-3250,24528,2994793,3
-4950,24529,2994872,3
-10800,24530,2995124,5
-9500,24531,2995316,3
-20500,24532,2995700,3
-10700,24533,2995892,3
-9900,24534,2996093,4
-2300,24535,2996244,6
-1500,24536,2996276,3
-4950,24537,2996355,3
-7250,24538,2996468,3
-4250,24539,2996521,3
-4800,24540,2996619,3
-3450,24541,2996660,3
1500,24542,2996698,5
2200,24543,2996739,6
-4250,24544,2996792,3
-1150,24545,2996811,3
-3100,24546,2996855,3
-7650,24547,2996984,3
150,24548,2997003,5
-11300,24549,2997195,3
-6600,24550,2997289,3
-950,24551,2997386,5
-4900,24552,2997576,5
-4250,24553,2997755,5
-4850,24554,2997812,3
-10100,24555,2998004,3
-5100,24556,2998202,5
-2700,24557,2998304,5
-3350,24558,2998388,4
-7300,24559,2998520,3
-5200,24560,2998635,4
-7250,24561,2998772,3
-17100,24562,2999208,7
-3750,24563,2999239,3
-17250,24564,2999540,3
-8750,24565,2999691,3
-4200,24566,2999741,3
-3100,24567,2999924,6
-2300,24568,2999977,4
-3000,24569,3000003,3
-4650,24570,3000056,3
400,24571,3000116,5
-8500,24572,3000248,3
-4700,24573,3000308,3
-11000,24574,3000596,5
2700,24575,3000635,6
-4450,24576,3000692,3
-5200,24577,3000758,3
-4600,24578,3000824,3
-5100,24579,3000884,3
-5900,24580,3000984,3
-10400,24581,3001146,3
-1900,24582,3001244,5
-6000,24583,3001334,3
-4650,24584,3001419,3
-3850,24585,3001460,3
-3400,24586,3001530,3
-3800,24587,3001707,6
650,24588,3001731,4
-4050,24589,3001784,3
-6750,24590,3002036,8
-5000,24591,3002102,3
-4200,24592,3002168,3
200,24593,3002228,5
1500,24594,3002307,6
-3250,24595,3002360,3
-12950,24596,3002612,4
-4050,24597,3002665,3
-6600,24598,3002763,3
-3250,24599,3002804,3
-3750,24600,3002859,3
-8650,24601,3002996,3
-6150,24602,3003075,3
1350,24603,3003188,7
-6500,24604,3003272,3
-6700,24605,3003380,3
-5150,24606,3003459,3
-4250,24607,3003512,3
1050,24608,3003572,4
-550,24609,3003723,7
-3300,24610,3003767,3
-5950,24611,3003956,5
1050,24612,3004034,6
-7000,24613,3004148,3
-3650,24614,3004201,3
-6800,24615,3004340,4
1300,24616,3004485,8
-6650,24617,3004598,3
-4800,24618,3004664,3
-4900,24619,3004724,3
-5000,24620,3004856,5
-7850,24621,3004969,3
-17200,24622,3005300,4
-3850,24623,3005353,3
-3400,24624,3005379,3
-6650,24625,3005492,3
-2650,24626,3005578,4
-6450,24627,3005773,5
-5750,24628,3005876,3
-1050,24629,3005942,4
3250,24630,3005988,6
5700,24631,3006151,10
-11500,24632,3006396,4
-2200,24633,3006484,5
-650,24634,3006522,4
-12500,24635,3006795,4
-10300,24636,3007028,4
-10400,24637,3007223,4
-1850,24638,3007334,5
-4050,24639,3007412,4
1250,24640,3007453,5
1150,24641,3007476,5
-8100,24642,3007657,4
-3400,24643,3007687,3
-1500,24644,3007773,5
1800,24645,3007797,5
-6450,24646,3007988,5
-4600,24647,3008058,3
-1500,24648,3008250,7
-3400,24649,3008316,3
-5100,24650,3008372,3
-10150,24651,3008674,6
1950,24652,3008693,5
-4750,24653,3008756,3
-4250,24654,3008809,3
-6000,24655,3008948,4
700,24656,3009031,6
-7900,24657,3009245,5
-3200,24658,3009332,4
-3950,24659,3009387,3
-2700,24660,3009415,3
-9800,24661,3009659,5
-350,24662,3009716,5
-11850,24663,3009917,3
-2000,24664,3009963,3
-1700,24665,3009987,3
-1550,24666,3010093,6
-5600,24667,3010179,3
-3850,24668,3010232,3
-5300,24669,3010292,3
-3850,24670,3010345,3
-3050,24671,3010362,3
-5200,24672,3010424,3
-4550,24673,3010487,3
-1150,24674,3010584,5
-2800,24675,3010676,5
-4850,24676,3010729,3
-9850,24677,3010947,4
800,24678,3011011,5
250,24679,3011154,7
-6000,24680,3011252,3
-3650,24681,3011313,3
-12000,24682,3011523,3
-5250,24683,3011706,5
-350,24684,3011828,6
-14150,24685,3012075,3
-1200,24686,3012139,5
-1850,24687,3012156,3
-1750,24688,3012282,6
-7600,24689,3012404,3
-3200,24690,3012474,3
0,24691,3012619,6
-2350,24692,3012666,3
-8350,24693,3012797,3
-4650,24694,3012858,3
-2650,24695,3012924,4
-4500,24696,3012980,3
-4100,24697,3013037,4
-10700,24698,3013364,6
-1300,24699,3013417,4
-10650,24700,3013639,4
-6100,24701,3013837,5
-6150,24702,3013940,3
-6200,24703,3014076,5
-600,24704,3014185,6
-3350,24705,3014290,5
-3800,24706,3014324,3
-4850,24707,3014377,3
-7350,24708,3014516,3
-2550,24709,3014571,3
-3950,24710,3014667,4
-16200,24711,3015092,6
-4050,24712,3015145,3
-2850,24713,3015162,3
3100,24714,3015238,7
-2050,24715,3015287,3
-4100,24716,3015416,4
-4900,24717,3015476,3
4000,24718,3015559,8
-6650,24719,3015668,3
-6900,24720,3015866,5
-4450,24721,3015919,3
-3300,24722,3015939,3
-8350,24723,3016172,5
-2750,24724,3016244,4
-9300,24725,3016437,4
-18900,24726,3016876,6
-2000,24727,3016886,3
-8400,24728,3017012,3
-4850,24729,3017065,3
-7350,24730,3017204,3
-14750,24731,3017475,3
-4850,24732,3017528,3
4100,24733,3017575,6
-3200,24734,3017658,4
-7000,24735,3017780,3
-4250,24736,3017833,3
-2400,24737,3017859,3
-5800,24738,3018051,5
-4850,24739,3018104,3
-9250,24740,3018356,6
4600,24741,3018435,8
1200,24742,3018451,5
1600,24743,3018467,5
2700,24744,3018486,6
-1100,24745,3018548,5
-3750,24746,3018627,3
-4850,24747,3018680,3
-350,24748,3019036,12
-5700,24749,3019124,3
-4450,24750,3019177,3
-2450,24751,3019296,5
-6550,24752,3019448,4
-3850,24753,3019620,6
1150,24754,3019643,5
-4250,24755,3019700,3
-4450,24756,3019753,3
3050,24757,3019947,10
-4650,24758,3020024,3
1700,24759,3020154,9
-850,24760,3020167,3
-8900,24761,3020331,3
-450,24762,3020427,6
-3250,24763,3020468,3
-1050,24764,3020534,4
-1300,24765,3020624,5
-1700,24766,3020742,5
-6400,24767,3020852,3
-3350,24768,3020907,3
-1700,24769,3020931,3
1350,24770,3020946,5
1450,24771,3020959,5
300,24772,3020988,4
-4700,24773,3021044,3
-11850,24774,3021245,3
-7150,24775,3021368,3
-3900,24776,3021428,3
-4100,24777,3021484,3
-1400,24778,3021494,3
1700,24779,3021520,5
-4950,24780,3021620,4
-3050,24781,3021690,4
-16800,24782,3022086,5
-4450,24783,3022196,4
-10300,24784,3022523,6
-11450,24785,3022712,3
-4100,24786,3022772,3
-21850,24787,3023267,5
-6050,24788,3023348,3
-3800,24789,3023418,3
-2100,24790,3023540,5
-8900,24791,3023672,3
-9900,24792,3023933,4
-6750,24793,3024056,3
-2350,24794,3024116,4
-3550,24795,3024171,3
-5450,24796,3024252,3
-3900,24797,3024308,3
-11650,24798,3024509,3
-4050,24799,3024566,3
-1450,24800,3024579,3
-4850,24801,3024748,7
-2000,24802,3024758,3
-18000,24803,3025076,3
-2950,24804,3025222,6
-6900,24805,3025334,3
-11450,24806,3025539,3
-7900,24807,3025705,5
-1800,24808,3025731,3
-11750,24809,3026036,5
500,24810,3026074,5
-6500,24811,3026228,5
-7600,24812,3026453,6
-1300,24813,3026473,3
-13450,24814,3026804,5
-800,24815,3026883,4
-25300,24816,3027380,4
-9100,24817,3027651,6
-4700,24818,3027723,3
-4250,24819,3027764,3
-5400,24820,3027915,4
-3250,24821,3027956,3
-14700,24822,3028204,3
-800,24823,3028214,3
-7600,24824,3028340,3
-10700,24825,3028532,3
-4450,24826,3028585,3
-2050,24827,3028602,3
-5350,24828,3028804,6
-5950,24829,3028916,4
-3650,24830,3028969,3
-4950,24831,3029048,3
-5900,24832,3029259,6
-2650,24833,3029300,3
-4250,24834,3029353,3
-7550,24835,3029492,3
2250,24836,3029571,7
-3700,24837,3029767,7
-7450,24838,3029876,3
-1050,24839,3029946,4
-3900,24840,3030068,5
-250,24841,3030115,5
-2550,24842,3030200,5
-7200,24843,3030339,4
2850,24844,3030452,9
-5350,24845,3030531,3
-7300,24846,3030647,3
-10850,24847,3030836,3
-2700,24848,3031004,7
-16750,24849,3031356,4
-6500,24850,3031468,3
-2000,24851,3031478,3
-6850,24852,3031604,4
-15500,24853,3031880,3
-4500,24854,3031928,3
-2900,24855,3031988,3
950,24856,3032043,5
-8350,24857,3032259,4
-5550,24858,3032372,5
-8900,24859,3032504,3
450,24860,3032569,5
-7000,24861,3032756,4
-4450,24862,3032809,3
-5950,24863,3032888,3
-3700,24864,3032948,3
1550,24865,3032991,5
1000,24866,3033031,5
250,24867,3033120,5
-4200,24868,3033195,4
-3550,24869,3033332,5
-3500,24870,3033392,3
-6700,24871,3033524,3
-17500,24872,3033852,3
-13900,24873,3034100,3
-3650,24874,3034153,3
-2200,24875,3034183,3
-9250,24876,3034348,3
-1400,24877,3034358,3
-2250,24878,3034371,3
-4850,24879,3034424,3
-10300,24880,3034616,3
-4100,24881,3034676,3
-3650,24882,3034741,3
-3250,24883,3034827,4
-3650,24884,3034868,3
-3950,24885,3034923,3
-2900,24886,3034947,3
-4050,24887,3035000,3
3300,24888,3035064,7
-4350,24889,3035139,3
-2850,24890,3035192,3
-8100,24891,3035308,3
-2000,24892,3035318,3
-3800,24893,3035384,3
-2900,24894,3035444,3
-2950,24895,3035611,7
1850,24896,3035636,5
-1250,24897,3035702,4
-7050,24898,3035828,4
-1200,24899,3035945,6
-3600,24900,3036020,4
-8700,24901,3036156,3
-3900,24902,3036212,3
-3950,24903,3036291,3
-10000,24904,3036457,3
-350,24905,3036510,5
-4000,24906,3036596,3
-4250,24907,3036666,4
-2050,24908,3036679,3
-6450,24909,3036788,3
1700,24910,3036830,5
-300,24911,3036867,4
-6700,24912,3036983,3
-13150,24913,3037242,3
650,24914,3037304,6
2050,24915,3037321,5
-2350,24916,3037446,5
-5200,24917,3037556,3
-5400,24918,3037622,3
-1450,24919,3037635,3
-4450,24920,3037692,3
3600,24921,3037827,8
-4300,24922,3037940,4
-5250,24923,3038009,3
-6800,24924,3038185,5
-1850,24925,3038198,3
-6200,24926,3038324,3
-4650,24927,3038377,3
-2800,24928,3038403,3
-3650,24929,3038456,3
-3150,24930,3038519,3
-5750,24931,3038708,5
-4800,24932,3038778,3
-5200,24933,3038840,3
-3900,24934,3038900,3
-4750,24935,3038983,3
-9950,24936,3039162,3
-7600,24937,3039284,3
-10300,24938,3039476,3
1950,24939,3039511,5
1800,24940,3039555,5
-6600,24941,3039677,3
-3100,24942,3039721,3
-5900,24943,3040011,9
-2300,24944,3040052,4
2750,24945,3040231,9
1400,24946,3040345,7
1650,24947,3040395,6
-4800,24948,3040609,7
-7500,24949,3040717,3
-4750,24950,3040886,5
-8650,24951,3041071,3
-2500,24952,3041091,3
-4050,24953,3041144,3
400,24954,3041163,4
-3250,24955,3041204,3
-2150,24956,3041301,5
-3550,24957,3041336,3
-7800,24958,3041466,3
-7800,24959,3041588,3
-5150,24960,3041667,3
-4850,24961,3041720,3
-4000,24962,3041856,5
-4900,24963,3041912,3
-2950,24964,3041931,3
-3400,24965,3041981,3
-2000,24966,3042097,5
-3800,24967,3042164,4
-7600,24968,3042372,5
-3800,24969,3042426,3
-8850,24970,3042603,3
-2700,24971,3042684,4
-3900,24972,3042740,3
-4150,24973,3042795,3
-6050,24974,3042876,3
-1750,24975,3042932,4
-3050,24976,3042985,3
1100,24977,3043110,8
-3400,24978,3043210,5
-6600,24979,3043316,3
-3850,24980,3043369,3
-2500,24981,3043467,5
-8650,24982,3043592,3
-5900,24983,3043700,3
-4550,24984,3043779,3
-2350,24985,3043892,5
450,24986,3043937,5
-15000,24987,3044276,4
-6550,24988,3044408,4
450,24989,3044523,7
-2450,24990,3044634,5
2550,24991,3044665,5
-4950,24992,3044744,3
-6900,24993,3044852,3
-2850,24994,3044905,3
-5050,24995,3045003,4
-3050,24996,3045044,3
-13150,24997,3045292,4
-1200,24998,3045302,3
-7400,24999,3045428,3
4500,25000,3045512,7
3350,25001,3045540,6
3100,25002,3045563,6
-4850,25003,3045620,3
-3850,25004,3045673,3
-2850,25005,3045690,3
-3200,25006,3045708,3
-12500,25007,3045944,3
-5350,25008,3046060,4
-2000,25009,3046070,3
-5200,25010,3046136,3
-5100,25011,3046196,3
-5000,25012,3046413,6
-2250,25013,3046454,3
-8350,25014,3046589,3
-5700,25015,3046669,3
-2500,25016,3046779,5
-3850,25017,3046964,7
-3700,25018,3047156,7
-1650,25019,3047222,4
-7500,25020,3047506,7
-2500,25021,3047629,6
-5950,25022,3047732,3
-3650,25023,3047924,6
1100,25024,3047970,5
-8950,25025,3048207,5
-4250,25026,3048252,3
-11100,25027,3048440,3
-5100,25028,3048500,3
-9150,25029,3048692,4
3750,25030,3048831,9
-2850,25031,3049015,6
-5050,25032,3049076,3
-3750,25033,3049131,3
-7650,25034,3049268,3
-5950,25035,3049539,7
-8250,25036,3049844,7
-7500,25037,3050046,5
-3550,25038,3050089,3
-2200,25039,3050115,3
-3850,25040,3050168,3
-14900,25041,3050420,3
-1000,25042,3050499,4
-5500,25043,3050612,4
-4400,25044,3050678,3
-2450,25045,3050691,3
-4850,25046,3050744,3
-11950,25047,3050955,3
-3250,25048,3050996,3
-3850,25049,3051049,3
-4600,25050,3051147,3
-2100,25051,3051191,3
1400,25052,3051231,5
-2050,25053,3051339,6
-8300,25054,3051512,4
-5100,25055,3051572,3
-4150,25056,3051627,3
1050,25057,3051692,5
-3550,25058,3051764,4
-9350,25059,3051956,4
-4750,25060,3052039,3
50,25061,3052145,6
-8950,25062,3052459,6
-1100,25063,3052532,4
-21500,25064,3052916,3
-2950,25065,3052971,3
-8250,25066,3053108,3
-17500,25067,3053646,9
1950,25068,3053763,7
-11150,25069,3053942,3
-450,25070,3053955,3
-6850,25071,3054068,3
-8500,25072,3054204,3
-2900,25073,3054260,3
-6500,25074,3054360,3
-3550,25075,3054452,4
-2650,25076,3054555,5
2300,25077,3054581,5
-450,25078,3054603,4
-1500,25079,3054644,4
-5600,25080,3054710,3
-2450,25081,3054723,3
-8500,25082,3055130,10
-7150,25083,3055229,3
-5000,25084,3055299,3
-800,25085,3055412,6
-3450,25086,3055465,3
-1800,25087,3055491,3
-4850,25088,3055544,3
-12100,25089,3055740,3
-9100,25090,3055880,3
-400,25091,3056050,7
-300,25092,3056071,4
-900,25093,3056149,5
450,25094,3056189,4
-3350,25095,3056372,7
-4650,25096,3056523,5
-3850,25097,3056564,3
-5400,25098,3056756,5
-3600,25099,3056835,4
-3400,25100,3056963,5
-3400,25101,3057001,3
-2250,25102,3057018,3
-3650,25103,3057226,6
-6400,25104,3057332,3
-4750,25105,3057387,3
-2700,25106,3057411,3
-5100,25107,3057680,8
3900,25108,3057798,9
1300,25109,3057808,5
-5300,25110,3057908,3
-4800,25111,3057974,3
-2000,25112,3058062,5
1850,25113,3058079,5
1650,25114,3058112,5
-4200,25115,3058166,3
700,25116,3058212,5
-13950,25117,3058484,4
-3850,25118,3058537,3
-25000,25119,3059019,3
-3650,25120,3059060,3
-4450,25121,3059113,3
-12550,25122,3059344,3
-8550,25123,3059533,5
-3150,25124,3059576,3
-3100,25125,3059636,3
-3050,25126,3059689,3
-8550,25127,3059828,3
-5000,25128,3059890,3
-7050,25129,3060138,6
1100,25130,3060171,4
-3250,25131,3060212,3
-10500,25132,3060413,4
-4200,25133,3060483,3
1900,25134,3060563,7
-3700,25135,3060713,5
-3000,25136,3060788,4
-4350,25137,3060843,3
-8650,25138,3060980,3
-3050,25139,3061033,3
-150,25140,3061175,6
3100,25141,3061227,7
-5050,25142,3061334,5
-8250,25143,3061496,4
-5100,25144,3061556,3
-10900,25145,3061748,3
-19900,25146,3062132,3
-11300,25147,3062324,3
-7850,25148,3062568,6
-9300,25149,3062708,3
-5600,25150,3062774,3
-1850,25151,3062787,3
900,25152,3062956,8
-2000,25153,3062966,3
-2250,25154,3063032,4
-4900,25155,3063092,3
-4800,25156,3063158,3
-7200,25157,3063284,3
1650,25158,3063310,6
-700,25159,3063441,6
-7700,25160,3063573,3
-3150,25161,3063612,3
-12200,25162,3063860,5
-3850,25163,3063913,3
-7350,25164,3064052,3
-4600,25165,3064118,3
-2650,25166,3064217,5
-6400,25167,3064323,3
-3900,25168,3064395,3
-12800,25169,3064711,5
-6200,25170,3064875,5
-2300,25171,3064899,3
-6050,25172,3065012,3
-6150,25173,3065095,3
-16900,25174,3065452,4
-2000,25175,3065462,3
1200,25176,3065531,6
-4850,25177,3065588,3
-10900,25178,3065780,3
-350,25179,3065845,5
-3800,25180,3065977,5
-9200,25181,3066164,4
-4600,25182,3066230,3
850,25183,3066295,5
-1100,25184,3066356,4
-4250,25185,3066512,6
-3700,25186,3066548,3
-5000,25187,3066627,4
-16250,25188,3066932,3
-2850,25189,3066985,3
-3400,25190,3067011,3
-7250,25191,3067124,3
2350,25192,3067176,6
-300,25193,3067274,5
-3050,25194,3067319,3
-8450,25195,3067452,3
-3700,25196,3067508,3
-650,25197,3067587,5
2900,25198,3067643,7
-4450,25199,3067700,3
1550,25200,3067781,7
-4600,25201,3067851,3
-9400,25202,3068084,6
-4350,25203,3068230,6
-5850,25204,3068331,3
-5450,25205,3068412,3
1250,25206,3068453,5
-4450,25207,3068608,5
-4900,25208,3068660,3
-10300,25209,3068852,3
-5550,25210,3068931,3
-4250,25211,3068984,3
-5750,25212,3069100,4
-400,25213,3069110,3
1650,25214,3069147,5
-1750,25215,3069236,5
-3850,25216,3069289,3
-8150,25217,3069428,3
-1500,25218,3069481,4
-250,25219,3069507,4
-4050,25220,3069560,3
2850,25221,3069626,6
-11600,25222,3069812,3
-4950,25223,3069867,3
1150,25224,3069894,5
-7600,25225,3070004,3
-14550,25226,3070275,3
-650,25227,3070346,5
-2200,25228,3070580,7
-8900,25229,3070712,3
-3900,25230,3070772,3
-12150,25231,3071020,4
-2000,25232,3071030,3
-2450,25233,3071043,3
-5900,25234,3071115,3
-3450,25235,3071156,3
-3250,25236,3071275,5
-150,25237,3071307,4
-3050,25238,3071348,3
-6150,25239,3071480,4
-4900,25240,3071540,3
-2400,25241,3071729,6
-4050,25242,3071811,4
-10950,25243,3071990,3
-3400,25244,3072056,3
-750,25245,3072075,3
-3250,25246,3072116,3
-11850,25247,3072378,4
-1650,25248,3072506,6
-7400,25249,3072636,3
-4900,25250,3072692,3
-1350,25251,3072884,8
-5950,25252,3073085,5
-3300,25253,3073142,4
-2450,25254,3073155,3
-4850,25255,3073208,3
-7000,25256,3073326,3
-8200,25257,3073460,3
-2600,25258,3073543,4
-7650,25259,3073652,3
-5400,25260,3073718,3
-10900,25261,3073910,3
1150,25262,3074039,7
50,25263,3074137,6
-3150,25264,3074172,3
-3100,25265,3074228,3
-6150,25266,3074311,3
-19700,25267,3074691,3
-3650,25268,3074744,3
-13100,25269,3074996,3
-9350,25270,3075188,4
-5400,25271,3075258,3
-900,25272,3075352,5
1450,25273,3075377,5
600,25274,3075515,7
-10650,25275,3075704,3
-4700,25276,3075764,3
-12250,25277,3076026,4
-1300,25278,3076144,5
-3300,25279,3076201,4
-5750,25280,3076284,3
-1950,25281,3076340,4
-4300,25282,3076486,5
-12600,25283,3076724,3
-10700,25284,3076916,3
-3450,25285,3076969,3
-3000,25286,3077085,5
1850,25287,3077102,5
-1450,25288,3077164,4
-2000,25289,3077174,3
-5600,25290,3077240,3
-5300,25291,3077320,3
-9900,25292,3077492,3
-5150,25293,3077575,3
1150,25294,3077684,7
-13850,25295,3078011,5
400,25296,3078035,5
-3250,25297,3078150,5
-6600,25298,3078260,3
-11100,25299,3078452,3
-3400,25300,3078518,3
-3100,25301,3078644,5
-10950,25302,3078839,3
-4500,25303,3078915,3
-5250,25304,3079028,3
350,25305,3079083,5
-8800,25306,3079327,5
1650,25307,3079348,5
-3300,25308,3079412,3
-1900,25309,3079494,5
-7600,25310,3079604,3
-3550,25311,3079683,3
-4900,25312,3079755,3
-6150,25313,3079862,3
-2050,25314,3079875,3
-12100,25315,3080120,4
-4300,25316,3080180,3
-10900,25317,3080372,3
-4450,25318,3080425,3
-9300,25319,3080699,5
-4450,25320,3080846,5
1550,25321,3080873,5
1100,25322,3080891,5
-3450,25323,3080948,3
-2450,25324,3081001,3
-3400,25325,3081027,3
-4050,25326,3081080,3
-11500,25327,3081272,3
-13900,25328,3081524,3
850,25329,3081659,7
-4850,25330,3081716,3
-8800,25331,3081911,4
-2600,25332,3081961,3
-1400,25333,3081987,3
-4450,25334,3082040,3
-4300,25335,3082235,6
-4250,25336,3082292,3
-5600,25337,3082358,3
-2750,25338,3082484,6
-8100,25339,3082682,5
-5450,25340,3082755,3
-7650,25341,3082868,3
-9550,25342,3083019,3
-3050,25343,3083060,3
-9350,25344,3083252,4
-7000,25345,3083444,5
-3650,25346,3083497,3
-3000,25347,3083527,3
-3550,25348,3083722,7
-6600,25349,3083828,3
1200,25350,3083888,5
-2600,25351,3083979,4
-6950,25352,3084090,3
-5500,25353,3084347,8
-650,25354,3084406,5
-9600,25355,3084596,3
-10400,25356,3085062,11
-5400,25357,3085172,3
-2250,25358,3085303,5
-5050,25359,3085364,3
-3800,25360,3085434,3
-4450,25361,3085556,4
-3850,25362,3085609,3
-2050,25363,3085622,3
-2450,25364,3085635,3
-4850,25365,3085688,3
450,25366,3085803,7
-5050,25367,3085880,3
-3150,25368,3085899,3
-13650,25369,3086132,3
-900,25370,3086198,5
-8550,25371,3086390,4
-4600,25372,3086456,3
-5100,25373,3086516,3
-700,25374,3086590,5
-2100,25375,3086787,8
6150,25376,3086883,10
-2200,25377,3086909,3
-3250,25378,3086966,3
400,25379,3087006,5
1650,25380,3087035,5
-5050,25381,3087092,3
950,25382,3087131,5
-4100,25383,3087339,7
-1900,25384,3087363,3
-3800,25385,3087668,10
-4950,25386,3087747,3
-6650,25387,3087860,3
750,25388,3087915,5
-1700,25389,3087939,3
-4650,25390,3087992,3
-12400,25391,3088296,5
-3200,25392,3088314,3
-5100,25393,3088484,5
-850,25394,3088683,9
-1000,25395,3088771,5
-4200,25396,3088829,3
-7550,25397,3088952,3
-2350,25398,3089200,8
-5950,25399,3089336,4
-5100,25400,3089396,3
-7200,25401,3089588,5
-4250,25402,3089641,3
-2800,25403,3089667,3
-8400,25404,3089846,4
-7000,25405,3089972,3
-5000,25406,3090104,5
-4650,25407,3090173,3
-9000,25408,3090356,4
-3800,25409,3090426,3
650,25410,3090491,5
-3450,25411,3090548,3
-11150,25412,3090743,3
-4700,25413,3090819,3
-8150,25414,3091036,5
150,25415,3091083,5
-3050,25416,3091124,3
-15350,25417,3091448,4
-2350,25418,3091467,3
-4800,25419,3091517,3
-5250,25420,3091578,3
-5450,25421,3091700,4
-3850,25422,3091753,3
-1400,25423,3091878,6
-2550,25424,3091987,5
-11700,25425,3092216,4
-3100,25426,3092276,3
50,25427,3092333,5
-600,25428,3092355,3
-5650,25429,3092477,4
-5200,25430,3092547,3
-9750,25431,3092726,3
-7800,25432,3092852,3
-10900,25433,3093044,3
-3650,25434,3093097,3
-1250,25435,3093114,3
-15800,25436,3093428,3
-3900,25437,3093481,4
-1200,25438,3093507,3
-800,25439,3093620,6
-23050,25440,3094070,4
-2250,25441,3094222,6
-3250,25442,3094279,3
-2650,25443,3094328,3
-1450,25444,3094443,5
5400,25445,3094518,8
-4600,25446,3094580,3
2200,25447,3094752,9
-3850,25448,3094838,4
-2450,25449,3094851,3
-4750,25450,3095016,5
-1800,25451,3095251,8
-6250,25452,3095348,3
-450,25453,3095431,5
-17400,25454,3095741,3
-4650,25455,3095798,3
-5850,25456,3095924,4
-11250,25457,3096117,3
-2650,25458,3096236,5
-1150,25459,3096308,4
-4850,25460,3096361,3
-1850,25461,3096378,3
-7800,25462,3096500,3
-5750,25463,3096583,3
-4000,25464,3096797,7
-1450,25465,3096843,4
-3250,25466,3096884,3
1650,25467,3096942,6
7200,25468,3097155,14
-5900,25469,3097268,4
-2450,25470,3097403,5
-2650,25471,3097460,3
-10900,25472,3097803,6
-3050,25473,3097844,3
-9350,25474,3098036,4
-1900,25475,3098159,6
-2700,25476,3098187,3
-2250,25477,3098228,3
-10400,25478,3098508,5
-6300,25479,3098612,3
1500,25480,3098630,5
2200,25481,3098667,6
-2300,25482,3098773,5
-2750,25483,3098804,3
-11300,25484,3098996,3
-6200,25485,3099267,8
-6700,25486,3099417,5
-12450,25487,3099638,3
-7200,25488,3099764,3
-12500,25489,3100107,6
-2050,25490,3100148,3
-3650,25491,3100201,3
-2450,25492,3100218,3
-1700,25493,3100324,5
-7000,25494,3100532,5
-4250,25495,3100585,3
-9950,25496,3100859,6
-6200,25497,3100982,4
-8200,25498,3101108,3
-15000,25499,3101370,3
5100,25500,3101419,8
3850,25501,3101465,6
-2750,25502,3101578,5
-7000,25503,3101684,3
-8350,25504,3101835,3
-8800,25505,3102121,7
-2200,25506,3102147,3
-1500,25507,3102225,5
-10150,25508,3102392,3
-4700,25509,3102452,3
-13950,25510,3102723,3
-3650,25511,3102776,3
-14900,25512,3103028,3
-4350,25513,3103111,3
-9650,25514,3103301,4
-4150,25515,3103352,3
-7950,25516,3103467,3
-4850,25517,3103544,3
-5100,25518,3103604,3
-4450,25519,3103657,3
-13100,25520,3103931,5
-3000,25521,3104113,7
-5150,25522,3104180,3
3450,25523,3104259,7
-5100,25524,3104331,3
-4250,25525,3104372,3
-4250,25526,3104425,3
-1200,25527,3104538,6
2000,25528,3104558,5
-5050,25529,3104619,3
-8050,25530,3104756,3
-6700,25531,3104892,3
-6300,25532,3105094,5
-1450,25533,3105222,6
-7400,25534,3105332,3
-5600,25535,3105398,3
-8100,25536,3105583,4
-15100,25537,3105908,4
-9350,25538,3106100,4
-1050,25539,3106166,4
-11400,25540,3106490,5
-5250,25541,3106563,3
-15300,25542,3106868,4
-10100,25543,3107069,4
-19150,25544,3107444,3
-8100,25545,3107576,3
-3900,25546,3107636,3
400,25547,3107688,5
1150,25548,3107715,5
-8700,25549,3107912,4
-4500,25550,3108099,6
-11550,25551,3108404,5
-2650,25552,3108457,3
-8350,25553,3108596,3
-4250,25554,3108653,3
-6200,25555,3108843,7
-14950,25556,3109172,5
-3050,25557,3109225,3
-7700,25558,3109373,3
300,25559,3109419,5
-14550,25560,3109752,5
-9900,25561,3109940,3
-2850,25562,3109993,3
-1800,25563,3110039,3
-6300,25564,3110135,3
-3250,25565,3110282,5
2500,25566,3110317,6
-19000,25567,3110708,4
-2400,25568,3110787,4
-3850,25569,3110840,3
-200,25570,3110859,4
-6950,25571,3110966,3
-2450,25572,3110979,3
-950,25573,3111092,5
-8900,25574,3111228,3
-7300,25575,3111340,3
-400,25576,3111350,3
350,25577,3111389,5
100,25578,3111476,6
-650,25579,3111531,5
-2750,25580,3111668,5
-4200,25581,3111734,3
-16800,25582,3112052,3
-4200,25583,3112118,3
-2250,25584,3112131,3
-4050,25585,3112188,3
-4700,25586,3112244,3
-3150,25587,3112299,3
650,25588,3112380,5
-3750,25589,3112439,3
-5750,25590,3112628,5
-14800,25591,3112886,3
-3750,25592,3112917,3
-1950,25593,3112952,3
3950,25594,3113009,7
-700,25595,3113091,5
-3650,25596,3113144,3
-4900,25597,3113204,3
-3750,25598,3113259,3
-1700,25599,3113283,3
-7650,25600,3113396,3
-3850,25601,3113449,3
-12200,25602,3113667,3
-5950,25603,3113836,5
-2000,25604,3113846,3
-7400,25605,3113972,3
-8950,25606,3114164,4
-10700,25607,3114438,5
-7600,25608,3114548,3
-5550,25609,3114627,3
1700,25610,3114715,7
-2100,25611,3114793,5
-5650,25612,3114940,5
-11500,25613,3115124,3
-6200,25614,3115316,5
-3150,25615,3115535,7
-2850,25616,3115666,5
-13200,25617,3115892,3
-9500,25618,3116084,3
-14000,25619,3116346,3
-2050,25620,3116359,3
-6850,25621,3116554,5
-2600,25622,3116604,3
-4500,25623,3116660,3
-3450,25624,3116713,3
-11050,25625,3116935,4
-6700,25626,3117047,3
-7450,25627,3117176,3
-4500,25628,3117236,3
-6000,25629,3117392,5
750,25630,3117415,5
-200,25631,3117483,5
-8200,25632,3117699,5
-7600,25633,3117919,5
-2550,25634,3118004,5
2400,25635,3118048,5
-11550,25636,3118357,5
-7150,25637,3118468,3
-6900,25638,3118580,3
-4750,25639,3118635,3
-4050,25640,3118712,3
-4300,25641,3118772,3
700,25642,3118794,5
1700,25643,3118812,5
1500,25644,3118822,5
1150,25645,3118833,5
-6250,25646,3119020,5
-1800,25647,3119030,3
-4800,25648,3119100,3
-12150,25649,3119348,4
-4250,25650,3119401,3
-6250,25651,3119576,5
2600,25652,3119724,9
-450,25653,3119836,6
1250,25654,3119853,5
-3200,25655,3119924,4
-3050,25656,3119977,3
-2400,25657,3120007,3
-4900,25658,3120116,4
2850,25659,3120154,6
1800,25660,3120194,5
1850,25661,3120308,6
-4050,25662,3120361,3
-5750,25663,3120440,3
-15150,25664,3120752,4
-4500,25665,3120824,3
-8000,25666,3120950,3
-1850,25667,3120963,3
-5100,25668,3121178,6
2800,25669,3121207,6
-5050,25670,3121268,3
-2050,25671,3121334,4
-9450,25672,3121515,3
-17100,25673,3121844,4
-7700,25674,3121976,3
-4900,25675,3122036,3
-5150,25676,3122115,3
-3650,25677,3122168,3
-2900,25678,3122228,3
-10550,25679,3122420,4
950,25680,3122475,5
-350,25681,3122503,4
-3700,25682,3122571,3
-4250,25683,3122612,3
-3650,25684,3122665,3
-3800,25685,3122809,5
-8800,25686,3122996,4
-5050,25687,3123049,3
-7300,25688,3123243,5
-1650,25689,3123334,5
-6900,25690,3123446,3
-4400,25691,3123512,3
-2900,25692,3123572,3
-1850,25693,3123638,4
-2900,25694,3123846,7
-5850,25695,3123956,4
4000,25696,3124092,9
-4900,25697,3124148,3
-5350,25698,3124231,3
-7100,25699,3124343,3
-8300,25700,3124532,4
50,25701,3124687,7
-5800,25702,3124777,3
-1850,25703,3124790,3
-12850,25704,3125007,3
-6700,25705,3125111,3
-2100,25706,3125163,3
-1350,25707,3125178,3
-8200,25708,3125300,3
-9350,25709,3125492,4
-3100,25710,3125548,3
-2000,25711,3125558,3
-7800,25712,3125684,3
-4950,25713,3125767,3
-14500,25714,3126068,4
-5400,25715,3126138,3
-4650,25716,3126260,4
-5350,25717,3126343,3
-11850,25718,3126584,3
-5100,25719,3126644,3
1150,25720,3126695,5
-3600,25721,3126795,5
-3100,25722,3126839,3
-3700,25723,3126915,3
-7450,25724,3127028,3
2700,25725,3127168,7
-3550,25726,3127220,4
-5200,25727,3127286,3
-2450,25728,3127299,3
-4250,25729,3127352,3
-6450,25730,3127547,5
-5250,25731,3127686,5
-6200,25732,3127796,3
-4450,25733,3127849,3
-10000,25734,3128068,4
-3500,25735,3128120,3
-5150,25736,3128236,4
600,25737,3128276,5
1950,25738,3128303,5
-4850,25739,3128372,3
-12300,25740,3128707,6
-13850,25741,3128948,3
-3650,25742,3129001,3
-3950,25743,3129080,3
-7350,25744,3129224,4
-6500,25745,3129332,3
-3750,25746,3129387,3
-300,25747,3129441,5
-3250,25748,3129524,5
-4450,25749,3129577,3
-1750,25750,3129691,6
2150,25751,3129722,5
-8600,25752,3129848,3
-4950,25753,3129911,3
-3450,25754,3129964,3
-8300,25755,3130100,3
-2900,25756,3130262,5
-6700,25757,3130362,3
-2250,25758,3130375,3
-10950,25759,3130554,3
-3400,25760,3130620,3
-5100,25761,3130676,3
-700,25762,3130868,7
-4450,25763,3130921,3
-3200,25764,3130947,3
-13850,25765,3131192,3
-1300,25766,3131307,6
-5900,25767,3131444,4
-3550,25768,3131523,3
-3750,25769,3131595,4
-3250,25770,3131636,3
-5000,25771,3131706,3
-3600,25772,3131772,3
-3350,25773,3131828,4
-5300,25774,3132026,5
-4900,25775,3132078,3
-1450,25776,3132103,3
4350,25777,3132205,8
-2000,25778,3132268,4
-7900,25779,3132404,3
-3250,25780,3132474,4
-1350,25781,3132596,6
-8700,25782,3132797,4
-10550,25783,3132980,3
-3550,25784,3133035,3
-7250,25785,3133172,3
-4750,25786,3133251,3
-6650,25787,3133364,3
-13700,25788,3133612,3
-400,25789,3133622,3
-6450,25790,3133707,3
-6750,25791,3133814,3
-7200,25792,3133940,3
-10050,25793,3134211,5
-9050,25794,3134404,3
2900,25795,3134447,6
-3100,25796,3134516,4
-4250,25797,3134581,3
-3950,25798,3134652,3
-3500,25799,3134708,3
-12700,25800,3135085,8
-4750,25801,3135176,3
1850,25802,3135197,5
900,25803,3135227,5
-4850,25804,3135284,3
1800,25805,3135423,8
-3850,25806,3135476,3
-5050,25807,3135529,3
-3400,25808,3135559,3
-3700,25809,3135721,5
-8350,25810,3135860,3
-5800,25811,3135930,3
-3350,25812,3135953,3
-5750,25813,3136052,3
-6600,25814,3136244,5
-5550,25815,3136327,3
-6500,25816,3136439,3
-8300,25817,3136710,6
-7000,25818,3136820,3
-10900,25819,3137012,3
-3450,25820,3137065,3
-7800,25821,3137207,3
-5900,25822,3137336,4
-3100,25823,3137396,3
-2950,25824,3137509,5
-5150,25825,3137588,3
-1850,25826,3137667,5
-1000,25827,3137739,5
-8300,25828,3137859,3
-350,25829,3137973,6
-8150,25830,3138104,3
-3350,25831,3138164,4
-4550,25832,3138219,3
-4950,25833,3138356,5
-12450,25834,3138618,4
-6050,25835,3138810,6
-1600,25836,3138882,5
-13400,25837,3139124,3
-11850,25838,3139382,4
-2250,25839,3139395,3
-5050,25840,3139452,3
-2150,25841,3139611,7
-2150,25842,3139659,4
-3650,25843,3139700,3
-4800,25844,3139766,3
-5500,25845,3139944,5
-2300,25846,3140038,5
-7900,25847,3140150,3
-3800,25848,3140216,3
-5100,25849,3140276,3
750,25850,3140355,5
-7250,25851,3140468,3
-4450,25852,3140521,3
-2450,25853,3140538,3
-1850,25854,3140641,5
1350,25855,3140660,5
-10500,25856,3140852,3
-9150,25857,3141044,4
-5500,25858,3141210,5
-2700,25859,3141292,5
-1400,25860,3141302,3
-4800,25861,3141368,3
-5100,25862,3141428,3
1150,25863,3141455,5
1500,25864,3141485,5
-24400,25865,3142004,4
-10900,25866,3142196,3
-2650,25867,3142249,3
-1450,25868,3142377,6
-5800,25869,3142520,4
-3100,25870,3142580,3
-10100,25871,3142772,3
1450,25872,3142829,5
-5650,25873,3142964,5
-3850,25874,3143017,3
-9100,25875,3143222,4
-4200,25876,3143292,3
-13700,25877,3143540,3
-9150,25878,3143814,6
-10000,25879,3143980,3
-50,25880,3143990,4
-6600,25881,3144116,3
-2750,25882,3144262,6
-6850,25883,3144440,4
-4900,25884,3144500,3
-3650,25885,3144553,3
-12600,25886,3144771,3
-3850,25887,3144824,3
-13700,25888,3145076,3
-11300,25889,3145268,3
-9900,25890,3145460,3
-6750,25891,3145551,3
-16050,25892,3145844,3
-3450,25893,3145897,3
-7950,25894,3146036,3
-11450,25895,3146335,5
-3100,25896,3146420,4
-4150,25897,3146475,3
-7850,25898,3146612,3
-2250,25899,3146682,4
-2700,25900,3146784,5
1600,25901,3146812,5
-3200,25902,3146887,4
-7200,25903,3147111,5
6100,25904,3147164,8
-2050,25905,3147243,5
-5050,25906,3147320,3
-2550,25907,3147380,4
-4650,25908,3147572,6
-4450,25909,3147625,3
-1950,25910,3147750,5
-450,25911,3147817,5
-2400,25912,3147843,3
-9100,25913,3148012,4
-1200,25914,3148022,3
-8200,25915,3148148,3
4800,25916,3148227,8
-6450,25917,3148340,3
-3850,25918,3148393,3
-8150,25919,3148532,3
-1950,25920,3148695,7
-9500,25921,3148916,4
-2800,25922,3149052,5
-4300,25923,3149108,3
-10400,25924,3149355,4
-1300,25925,3149379,3
-4850,25926,3149432,3
-12050,25927,3149675,5
-5200,25928,3149737,3
-6150,25929,3149816,3
-5100,25930,3149876,3
500,25931,3149910,5
3000,25932,3149959,6
-4050,25933,3150012,3
-7950,25934,3150147,3
-10800,25935,3150452,6
-4450,25936,3150505,3
-9150,25937,3150644,3
-12100,25938,3150889,4
-11600,25939,3151111,3
-7050,25940,3151306,5
-6600,25941,3151412,3
-6250,25942,3151509,3
-2150,25943,3151544,3
-3500,25944,3151604,3
-11500,25945,3151796,3
-5400,25946,3151862,3
-7150,25947,3151997,3
-2650,25948,3152174,7
3000,25949,3152259,6
-2700,25950,3152312,4
-6950,25951,3152435,3
-400,25952,3152564,6
-2400,25953,3152643,4
-7100,25954,3152759,3
-4750,25955,3152957,6
-4550,25956,3153032,3
-6300,25957,3153140,3
-5000,25958,3153206,3
-7400,25959,3153332,3
-3200,25960,3153411,4
-4050,25961,3153464,3
-13300,25962,3153716,3
-10100,25963,3153908,3
-4750,25964,3153991,3
-6650,25965,3154109,4
-5100,25966,3154300,6
-4950,25967,3154371,3
-6650,25968,3154484,3
-4950,25969,3154563,3
-7700,25970,3154760,4
-4750,25971,3154868,4
-5400,25972,3154934,3
-2650,25973,3154951,3
-16250,25974,3155362,5
-5000,25975,3155444,3
-4350,25976,3155523,3
-7850,25977,3155689,4
-4150,25978,3155768,3
-8800,25979,3155898,3
-5450,25980,3156020,4
-14150,25981,3156344,4
-4700,25982,3156404,3
950,25983,3156451,5
-2550,25984,3156596,5
-4450,25985,3156649,3
-9550,25986,3156914,5
-13250,25987,3157172,4
-9550,25988,3157425,5
-5150,25989,3157496,3
-3750,25990,3157559,3
-7050,25991,3157688,3
-4100,25992,3157748,3
-11500,25993,3157940,3
-3500,25994,3157996,3
-9500,25995,3158185,4
-6000,25996,3158324,4
-4550,25997,3158403,3
-10750,25998,3158582,3
-2450,25999,3158595,3
-5900,26000,3158761,5
-2600,26001,3158787,3
-17450,26002,3159092,3
-4150,26003,3159241,5
-7100,26004,3159337,3
-3200,26005,3159363,3
-7800,26006,3159559,5
-3050,26007,3159608,3
-11350,26008,3159819,3
-3250,26009,3159860,3
1700,26010,3159915,6
-12750,26011,3160203,4
-9450,26012,3160376,3
-3100,26013,3160436,3
2750,26014,3160594,8
-2800,26015,3160628,3
-2250,26016,3160743,5
1400,26017,3160820,6
-6550,26018,3161012,4
700,26019,3161046,5
-100,26020,3161169,6
-6800,26021,3161336,4
-3900,26022,3161396,3
-7600,26023,3161588,5
3850,26024,3161643,7
-1600,26025,3161723,5
-4800,26026,3161789,3
-5550,26027,3161978,5
-5150,26028,3162164,6
-7300,26029,3162411,6
50,26030,3162435,4
-9400,26031,3162601,3
-8950,26032,3162740,3
-3450,26033,3162838,4
950,26034,3162902,6
1950,26035,3162925,5
-3100,26036,3163002,4
-7000,26037,3163124,3
-3450,26038,3163399,9
-10300,26039,3163563,3
-4850,26040,3163644,3
-3500,26041,3163700,3
-2500,26042,3163892,7
-8300,26043,3164093,4
-10950,26044,3164276,3
-2350,26045,3164524,8
-6700,26046,3164660,3
-4350,26047,3164715,3
-2100,26048,3164739,3
-3450,26049,3164907,6
-4200,26050,3165044,6
-3950,26051,3165099,3
-7050,26052,3165236,3
-5150,26053,3165315,3
-13250,26054,3165564,3
-9800,26055,3165788,5
-11500,26056,3166004,3
-4400,26057,3166070,3
-1250,26058,3166083,3
-3250,26059,3166136,3
750,26060,3166188,6
-8950,26061,3166388,4
-10650,26062,3166635,5
-5700,26063,3166772,4
1200,26064,3166862,7
-7000,26065,3167094,5
-3800,26066,3167156,3
-10700,26067,3167357,4
-6150,26068,3167480,3
-3550,26069,3167540,4
-4650,26070,3167638,4
-4050,26071,3167732,4
-5000,26072,3167798,3
-9250,26073,3168004,4
-6900,26074,3168116,3
-8100,26075,3168252,3
-3900,26076,3168308,3
-2650,26077,3168361,3
-7700,26078,3168687,9
-3300,26079,3168801,5
-1650,26080,3168884,5
-3650,26081,3168937,3
-6000,26082,3169076,4
-4150,26083,3169155,3
-4850,26084,3169208,3
-8800,26085,3169338,3
-7550,26086,3169539,5
-4450,26087,3169596,3
-3900,26088,3169652,3
-2700,26089,3169853,8
-3300,26090,3169897,3
-2050,26091,3169910,3
-1850,26092,3169923,3
-7850,26093,3170036,3
-2450,26094,3170171,5
-8350,26095,3170294,3
-1850,26096,3170307,3
-5700,26097,3170506,6
3050,26098,3170548,6
-2950,26099,3170612,4
-5150,26100,3170691,3
-3650,26101,3170744,3
-7600,26102,3170870,3
-850,26103,3170883,3
-7650,26104,3170996,3
1050,26105,3171037,5
-2850,26106,3171156,5
-2050,26107,3171383,9
-11250,26108,3171572,3
-1600,26109,3171627,4
-6450,26110,3171773,4
-5600,26111,3171843,3
-9250,26112,3172017,4
-1250,26113,3172035,4
-10150,26114,3172218,3
-1250,26115,3172280,4
-2750,26116,3172299,3
-4200,26117,3172349,3
-7800,26118,3172491,3
-2650,26119,3172532,3
-3600,26120,3172602,3
-3050,26121,3172806,6
-7600,26122,3172916,3
3300,26123,3172971,6
-6500,26124,3173108,4
-3650,26125,3173161,3
-7550,26126,3173300,3
-4250,26127,3173370,4
-4350,26128,3173547,5
-250,26129,3173627,6
-11250,26130,3173816,3
-1850,26131,3173959,5
-8600,26132,3174138,4
-11900,26133,3174330,3
-7400,26134,3174452,3
750,26135,3174507,5
-5100,26136,3174644,4
-4100,26137,3174933,8
-6150,26138,3175028,3
-6500,26139,3175198,5
3750,26140,3175365,9
-12350,26141,3175604,3
-4850,26142,3175755,5
-2600,26143,3175805,3
-2300,26144,3175849,3
-9600,26145,3176183,7
-2200,26146,3176315,5
-5050,26147,3176372,3
350,26148,3176427,5
-7350,26149,3176616,5
-1750,26150,3176643,3
5200,26151,3176759,9
-3600,26152,3176826,4
-5400,26153,3176888,3
-4300,26154,3176948,3
-7250,26155,3177045,3
-3950,26156,3177080,3
-8400,26157,3177210,3
-7800,26158,3177332,3
-4350,26159,3177387,3
-300,26160,3177449,5
1100,26161,3177471,5
-4650,26162,3177524,3
-3250,26163,3177577,3
-13350,26164,3177848,3
-3900,26165,3177908,3
-10900,26166,3178100,3
-3850,26167,3178153,3
-11450,26168,3178362,3
-3050,26169,3178428,4
-10700,26170,3178616,3
-3900,26171,3178676,3
3600,26172,3178805,10
-4750,26173,3178868,3
-4100,26174,3179014,5
-9800,26175,3179196,3
-4300,26176,3179252,3
1750,26177,3179307,5
-8650,26178,3179444,3
-4000,26179,3179510,3
-4450,26180,3179792,8
-12100,26181,3180020,3
-4800,26182,3180074,3
-6250,26183,3180212,4
-3950,26184,3180407,7
2950,26185,3180459,6
-750,26186,3180470,3
-4600,26187,3180536,3
-2500,26188,3180596,3
-8500,26189,3180797,4
200,26190,3180943,7
-9700,26191,3181172,4
-5000,26192,3181242,3
-5400,26193,3181304,3
3500,26194,3181364,7
-400,26195,3181526,7
-9400,26196,3181688,3
-3900,26197,3181748,3
-3700,26198,3181801,4
-4650,26199,3181899,4
-3650,26200,3181940,3
-15200,26201,3182198,3
-6400,26202,3182324,3
-4150,26203,3182379,3
-4250,26204,3182460,3
-2150,26205,3182516,4
-4050,26206,3182569,3
400,26207,3182736,8
-3150,26208,3182791,3
-7250,26209,3182900,3
-5750,26210,3182979,3
-2550,26211,3183092,5
-3650,26212,3183145,3
-7350,26213,3183284,3
-5550,26214,3183367,3
-5300,26215,3183536,4
-18300,26216,3183860,3
-8700,26217,3183992,3
-8750,26218,3184184,4
-7750,26219,3184401,5
-24700,26220,3184890,4
-950,26221,3184967,5
-1050,26222,3185094,5
-6600,26223,3185204,3
-4950,26224,3185287,3
550,26225,3185375,6
1950,26226,3185390,5
2350,26227,3185422,6
-2100,26228,3185475,4
-8000,26229,3185597,3
-5000,26230,3185667,3
-9000,26231,3185846,4
-1250,26232,3185859,3
-10600,26233,3186029,3
-4150,26234,3186104,3
-1150,26235,3186123,3
500,26236,3186219,7
-1250,26237,3186258,5
-13650,26238,3186548,4
-1600,26239,3186697,6
-9550,26240,3186876,3
-3700,26241,3186932,3
-3550,26242,3186987,3
-1700,26243,3187015,3
-7250,26244,3187124,3
-4200,26245,3187375,8
-2400,26246,3187397,3
-6750,26247,3187508,3
-10900,26248,3187700,3
-3600,26249,3187770,3
-5200,26250,3187832,3
-12750,26251,3188043,3
1750,26252,3188276,11
-3850,26253,3188329,3
-14850,26254,3188664,5
-10700,26255,3188852,3
-2450,26256,3189000,6
3400,26257,3189045,6
-8350,26258,3189245,4
-6600,26259,3189428,4
-800,26260,3189492,5
-5200,26261,3189620,5
-5350,26262,3189703,3
-6700,26263,3189901,5
-2950,26264,3189948,3
-5100,26265,3190118,5
1850,26266,3190143,5
-4850,26267,3190196,3
-34550,26268,3190941,5
-2550,26269,3191046,5
-17000,26270,3191348,3
-8550,26271,3191540,4
-14550,26272,3191868,4
-2750,26273,3191924,4
-5400,26274,3191990,3
-1250,26275,3192261,9
-5950,26276,3192364,3
-1600,26277,3192374,3
-7400,26278,3192500,3
-4400,26279,3192692,5
300,26280,3192742,5
-8200,26281,3192884,3
1250,26282,3192995,7
1700,26283,3193013,5
1450,26284,3193034,5
3700,26285,3193069,6
-1250,26286,3193132,5
-800,26287,3193146,3
-7200,26288,3193268,3
-3300,26289,3193464,7
-4650,26290,3193513,3
-2450,26291,3193530,3
-2050,26292,3193543,3
-4250,26293,3193592,3
-1150,26294,3193787,7
-6350,26295,3193910,3
-3200,26296,3193976,3
-3500,26297,3194036,3
-3450,26298,3194089,3
-300,26299,3194102,4
-5400,26300,3194303,6
-4450,26301,3194360,3
-2700,26302,3194571,6
-2650,26303,3194612,3
-9550,26304,3194804,4
-4250,26305,3194857,3
-10050,26306,3195075,4
-11100,26307,3195320,4
-5100,26308,3195380,3
-2950,26309,3195435,3
-5900,26310,3195572,4
-4400,26311,3195638,3
-16000,26312,3195956,3
-10700,26313,3196148,3
-16550,26314,3196472,4
-4500,26315,3196532,3
-2400,26316,3196698,7
1550,26317,3196782,6
300,26318,3196803,4
-4250,26319,3196856,3
-5900,26320,3196969,4
0,26321,3197033,5
-4750,26322,3197108,3
-3250,26323,3197161,3
-9800,26324,3197446,6
1050,26325,3197491,5
-9300,26326,3197684,4
-5200,26327,3197750,3
-7400,26328,3197876,3
-9200,26329,3198124,5
550,26330,3198134,4
-5200,26331,3198200,3
-12950,26332,3198452,4
-2600,26333,3198531,4
-4850,26334,3198584,3
-10900,26335,3198776,3
-750,26336,3198795,3
-2650,26337,3198836,3
-9900,26338,3199028,3
-5600,26339,3199094,3
-1650,26340,3199107,3
-7400,26341,3199229,3
-4650,26342,3199286,3
-8000,26343,3199412,3
-1700,26344,3199502,5
-6450,26345,3199607,3
-5700,26346,3199683,3
-3650,26347,3199736,3
2000,26348,3199785,6
-2900,26349,3199851,5
-8250,26350,3199988,3
-5400,26351,3200058,3
-1650,26352,3200149,5
-2700,26353,3200275,5
-5850,26354,3200372,3
-4050,26355,3200425,3
-3200,26356,3200455,3
-8350,26357,3200811,8
-7600,26358,3200957,3
-3300,26359,3201140,6
-3050,26360,3201206,4
-3800,26361,3201272,3
-5100,26362,3201332,3
-3250,26363,3201385,3
-3350,26364,3201506,5
-5150,26365,3201659,5
-8350,26366,3201782,3
-7400,26367,3201908,3
-2850,26368,3201961,3
-9650,26369,3202179,4
-13650,26370,3202424,3
-3150,26371,3202484,4
-14750,26372,3202808,4
-4700,26373,3202868,3
-5700,26374,3203034,5
-6100,26375,3203126,3
-7400,26376,3203252,3
-4050,26377,3203305,3
-7000,26378,3203444,4
-4750,26379,3203523,3
-4250,26380,3203576,3
-3050,26381,3203691,5
2150,26382,3203738,5
-4450,26383,3203828,4
-4550,26384,3203883,3
-1900,26385,3203907,3
-6450,26386,3204020,3
-4250,26387,3204073,3
-2250,26388,3204090,3
-13450,26389,3204344,4
-5300,26390,3204404,3
-7100,26391,3204540,3
-7800,26392,3204662,3
-2450,26393,3204675,3
-7650,26394,3204788,3
-12950,26395,3205035,3
-1900,26396,3205059,3
-4650,26397,3205112,3
-6200,26398,3205251,4
-1100,26399,3205370,6
-2650,26400,3205444,4
-6300,26401,3205556,3
-1950,26402,3205625,5
-6200,26403,3205751,3
-20450,26404,3206132,3
-5200,26405,3206202,3
-9300,26406,3206379,4
-5850,26407,3206456,3
-5100,26408,3206516,3
-6850,26409,3206708,6
-3250,26410,3206761,3
-2450,26411,3206778,3
-2200,26412,3206870,5
1850,26413,3206891,5
-3550,26414,3206980,5
-1800,26415,3207092,5
-4250,26416,3207145,3
-4950,26417,3207224,3
-9500,26418,3207416,3
-4900,26419,3207476,3
-5150,26420,3207612,4
-3300,26421,3207668,3
950,26422,3207703,5
-1150,26423,3207800,5
-9900,26424,3207992,3
-4100,26425,3208052,3
-14450,26426,3208436,6
-3850,26427,3208489,3
-14750,26428,3208764,3
-2500,26429,3208820,3
1600,26430,3208852,5
1750,26431,3208875,5
50,26432,3208899,4
-4850,26433,3208952,3
-8450,26434,3209204,6
-4250,26435,3209257,3
-8550,26436,3209396,3
4450,26437,3209586,10
-6650,26438,3209720,4
-3900,26439,3209780,3
-4550,26440,3209957,5
-3400,26441,3210028,4
-2000,26442,3210038,3
-4400,26443,3210104,3
-4100,26444,3210164,3
-5350,26445,3210296,4
-10450,26446,3210548,6
-3600,26447,3210614,3
-3550,26448,3210810,8
-8000,26449,3210932,3
-4050,26450,3210985,3
-3000,26451,3211015,3
-8200,26452,3211259,5
-5050,26453,3211316,3
-2450,26454,3211369,3
-5650,26455,3211511,4
-2000,26456,3211755,9
-5250,26457,3211832,3
-4700,26458,3211892,3
-3650,26459,3212084,6
-3250,26460,3212137,3
-7450,26461,3212331,4
-7050,26462,3212468,3
1300,26463,3212510,5
1300,26464,3212532,5
-8750,26465,3212663,3
-6650,26466,3212792,3
-2300,26467,3212852,3
350,26468,3212907,5
-6450,26469,3213099,6
-2300,26470,3213123,3
-3250,26471,3213176,3
-6750,26472,3213349,5
2050,26473,3213371,6
-4250,26474,3213428,3
-2600,26475,3213507,4
-7650,26476,3213620,3
-10300,26477,3213812,3
-11050,26478,3214018,4
-9850,26479,3214326,6
-4800,26480,3214388,3
-4250,26481,3214441,3
-12450,26482,3214736,5
1450,26483,3214769,5
-6350,26484,3214856,3
-7500,26485,3214964,3
-3050,26486,3215017,3
-3000,26487,3215043,3
-2650,26488,3215096,3
-5350,26489,3215211,3
-7650,26490,3215348,3
-5500,26491,3215428,3
1400,26492,3215452,5
1150,26493,3215483,5
-4250,26494,3215540,3
-3950,26495,3215619,3
-6650,26496,3215732,3
-4600,26497,3215798,3
-20250,26498,3216248,4
-3750,26499,3216308,4
-3450,26500,3216361,3
-12400,26501,3216571,3
-2100,26502,3216583,3
-12050,26503,3216884,7
-3350,26504,3216939,3
-1700,26505,3216963,3
-6050,26506,3217076,3
-4200,26507,3217289,6
-4450,26508,3217334,3
-2450,26509,3217347,3
-16250,26510,3217652,3
300,26511,3217710,5
1350,26512,3217761,5
-3000,26513,3217844,4
450,26514,3217983,7
-4850,26515,3218036,3
700,26516,3218094,5
950,26517,3218231,7
-4400,26518,3218281,3
-3000,26519,3218307,3
-3850,26520,3218360,3
-11650,26521,3218668,6
-1200,26522,3218678,3
-7200,26523,3218804,3
-11700,26524,3218996,3
-3000,26525,3219051,4
-2300,26526,3219075,3
-6850,26527,3219188,3
-6150,26528,3219324,4
-3900,26529,3219380,3
-10150,26530,3219572,4
-3350,26531,3219651,3
-11150,26532,3219830,3
-4800,26533,3219896,3
-4500,26534,3219956,3
-4350,26535,3220039,3
-1000,26536,3220111,5
-7350,26537,3220214,3
-650,26538,3220227,3
-4900,26539,3220299,3
-2300,26540,3220340,4
-11500,26541,3220532,3
-6350,26542,3220668,4
-18000,26543,3220982,3
-1850,26544,3220995,3
-10350,26545,3221174,3
-5400,26546,3221244,3
-2300,26547,3221300,3
-14150,26548,3221575,3
-12850,26549,3221820,3
-5100,26550,3221876,3
-2250,26551,3222011,5
-4950,26552,3222217,6
-6200,26553,3222339,3
-10600,26554,3222505,3
-6150,26555,3222584,3
-4900,26556,3222644,3
-20100,26557,3223028,3
-5050,26558,3223081,3
-8550,26559,3223220,3
-5550,26560,3223303,3
-5000,26561,3223467,5
-950,26562,3223495,4
-7900,26563,3223607,3
-4050,26564,3223665,4
-2000,26565,3223687,3
-7400,26566,3223899,5
2750,26567,3223927,6
-5050,26568,3223988,3
-4050,26569,3224041,3
-1450,26570,3224058,3
-10300,26571,3224250,3
5300,26572,3224315,8
-10850,26573,3224508,3
-5100,26574,3224564,3
1150,26575,3224616,6
-5000,26576,3224809,6
-2000,26577,3224835,3
-18400,26578,3225202,4
-4000,26579,3225272,3
-2350,26580,3225291,3
-3050,26581,3225332,3
-4150,26582,3225387,3
-12700,26583,3225603,3
-3650,26584,3225656,3
-3750,26585,3225719,3
-10450,26586,3225908,3
-5550,26587,3225987,3
-6450,26588,3226100,3
-4550,26589,3226257,5
5000,26590,3226307,7
-4900,26591,3226371,3
600,26592,3226407,5
-7200,26593,3226550,4
-7600,26594,3226676,3
-8550,26595,3226868,4
-10150,26596,3227063,3
-11650,26597,3227252,3
-4650,26598,3227305,3
-4750,26599,3227388,3
-4100,26600,3227444,3
-3750,26601,3227499,3
-8400,26602,3227645,3
-4400,26603,3227715,3
-4650,26604,3227768,3
-1750,26605,3227787,3
-2100,26606,3228020,8
-3650,26607,3228073,3
-9500,26608,3228278,4
-4800,26609,3228344,3
-4700,26610,3228404,3
-6150,26611,3228483,3
-4850,26612,3228536,3
-4650,26613,3228605,3
-3400,26614,3228675,3
-5850,26615,3228788,3
-3850,26616,3228980,6
-11650,26617,3229181,3
-4000,26618,3229251,3
-7450,26619,3229364,3
-4100,26620,3229420,3
-2000,26621,3229430,3
-14800,26622,3229688,3
-5100,26623,3229748,3
-5750,26624,3229995,7
-1900,26625,3230019,3
-1100,26626,3230072,4
-8950,26627,3230211,3
-4100,26628,3230324,4
-3850,26629,3230390,4
-7600,26630,3230516,3
-8350,26631,3230708,4
1950,26632,3230751,5
-1150,26633,3230778,3
-12050,26634,3230979,3
-2450,26635,3231032,3
-11500,26636,3231339,6
-8850,26637,3231476,3
150,26638,3231723,9
-1300,26639,3231747,3
-4650,26640,3231800,3
-4500,26641,3231860,3
-4050,26642,3231926,4
-5450,26643,3232011,3
-2650,26644,3232052,3
1550,26645,3232107,5
-3150,26646,3232203,4
-2300,26647,3232247,3
-14200,26648,3232628,6
4500,26649,3232693,8
-23400,26650,3233144,4
-5100,26651,3233204,3
-5100,26652,3233260,3
550,26653,3233270,4
2400,26654,3233307,6
650,26655,3233396,5
-3850,26656,3233449,3
-2850,26657,3233466,3
-14650,26658,3233780,4
-9150,26659,3233972,4
-10900,26660,3234164,3
-4550,26661,3234219,3
-1500,26662,3234243,3
-3050,26663,3234300,3
-6250,26664,3234422,4
-5000,26665,3234488,3
-7700,26666,3234604,3
-400,26667,3234614,3
300,26668,3234631,4
-15800,26669,3235011,5
-4500,26670,3235124,4
-3850,26671,3235177,3
-6100,26672,3235371,5
-1100,26673,3235395,3
-2650,26674,3235448,3
-7500,26675,3235592,3
-5700,26676,3235700,3
-5800,26677,3235770,3
-2050,26678,3235832,4
-2200,26679,3235962,7
-3100,26680,3236084,5
-5600,26681,3236154,3
-6800,26682,3236276,3
650,26683,3236313,5
1250,26684,3236338,5
-6000,26685,3236469,4
-4050,26686,3236534,3
2400,26687,3236619,6
-2450,26688,3236660,3
-3150,26689,3236715,3
-11150,26690,3236931,4
-8100,26691,3237149,5
-5950,26692,3237236,3
-9150,26693,3237428,4
-5150,26694,3237507,3
-4850,26695,3237560,3
-13500,26696,3237812,3
-3250,26697,3237865,3
-1850,26698,3237878,3
-6800,26699,3238004,3
-2650,26700,3238057,3
-12450,26701,3238266,3
2550,26702,3238338,6
-4400,26703,3238388,3
-6150,26704,3238467,3
-5300,26705,3238580,4
-8550,26706,3238772,4
-1750,26707,3238836,4
-6750,26708,3239017,5
600,26709,3239073,5
-6800,26710,3239212,4
-2000,26711,3239222,3
-7400,26712,3239348,3
-2550,26713,3239543,7
-5700,26714,3239676,4
-7250,26715,3239798,4
2100,26716,3239897,6
-5650,26717,3239990,3
-6600,26718,3240116,3
-7900,26719,3240252,3
2050,26720,3240281,5
-9800,26721,3240505,5
600,26722,3240631,7
-4450,26723,3240692,3
-3600,26724,3240771,4
-4050,26725,3240824,3
-5900,26726,3240937,4
-5150,26727,3241016,3
-8800,26728,3241146,3
-7400,26729,3241268,3
-4050,26730,3241321,3
-8400,26731,3241463,3
-2800,26732,3241526,4
-1750,26733,3241652,6
-7300,26734,3241788,3
-13300,26735,3242036,3
-6550,26736,3242228,4
-12750,26737,3242504,4
-6900,26738,3242612,3
-4450,26739,3242665,3
-3050,26740,3242682,3
-11700,26741,3242870,3
-5400,26742,3242936,3
-13700,26743,3243188,3
-27500,26744,3243704,3
-5100,26745,3243764,3
800,26746,3243828,5
-700,26747,3243910,5
-7850,26748,3244035,3
-11100,26749,3244284,4
-4900,26750,3244340,3
-2650,26751,3244393,3
-7750,26752,3244532,3
-14450,26753,3244777,3
-4750,26754,3244860,3
-7550,26755,3244999,3
-3900,26756,3245108,4
-4750,26757,3245208,4
-10750,26758,3245432,4
-14100,26759,3245684,3
1150,26760,3245739,5
-6200,26761,3245955,5
-21000,26762,3246395,5
-2900,26763,3246455,3
-14500,26764,3246780,4
-2350,26765,3246836,4
-4550,26766,3246915,3
-4850,26767,3246968,3
-6000,26768,3247164,5
-9150,26769,3247303,3
-7500,26770,3247415,3
-7050,26771,3247544,3
-1750,26772,3247563,3
-2450,26773,3247604,3
-4950,26774,3247687,3
1450,26775,3247753,6
-7050,26776,3247956,5
-400,26777,3248040,5
-900,26778,3248110,5
3350,26779,3248183,7
-13400,26780,3248442,4
-10850,26781,3248619,3
-7850,26782,3248756,3
-3650,26783,3248809,3
-9600,26784,3249028,4
-4550,26785,3249140,4
-4450,26786,3249193,3
-8900,26787,3249402,4
1350,26788,3249515,7
-8900,26789,3249716,4
-5350,26790,3249795,3
-18800,26791,3250166,4
-4600,26792,3250232,3
-4700,26793,3250292,3
-5150,26794,3250375,3
-7000,26795,3250493,3
-4600,26796,3250563,3
-4850,26797,3250616,3
-6550,26798,3250731,3
-5450,26799,3250808,3
-4100,26800,3250868,3
-2250,26801,3250934,4
-2600,26802,3251078,5
-12550,26803,3251387,5
-4650,26804,3251444,3
-10100,26805,3251636,3
-4000,26806,3251796,5
-2500,26807,3251881,4
-8350,26808,3252020,3
-700,26809,3252217,8
-1200,26810,3252301,5
-3350,26811,3252348,3
-4700,26812,3252404,3
-14000,26813,3252662,3
-1450,26814,3252675,3
-4850,26815,3252728,3
-13700,26816,3252980,3
-5750,26817,3253149,5
-2000,26818,3253261,5
-4550,26819,3253364,3
-2900,26820,3253490,5
-4600,26821,3253556,3
350,26822,3253611,5
-800,26823,3253700,6
-8150,26824,3253831,3
-3700,26825,3254006,6
2700,26826,3254049,6
-2650,26827,3254132,5
-4250,26828,3254185,3
-3400,26829,3254211,3
-17450,26830,3254516,3
-5750,26831,3254595,3
-6650,26832,3254708,3
-600,26833,3254866,7
-6050,26834,3254955,3
-5250,26835,3255036,3
-2950,26836,3255092,4
-6600,26837,3255305,6
-3050,26838,3255354,3
-2600,26839,3255372,3
-15550,26840,3255815,7
-7750,26841,3255926,3
-2850,26842,3256131,7
-7450,26843,3256244,3
-18100,26844,3256568,3
-4100,26845,3256628,3
-11700,26846,3256820,3
-5750,26847,3256981,5
-4450,26848,3257067,4
-6700,26849,3257204,4
2150,26850,3257259,5
-3350,26851,3257396,5
-3850,26852,3257564,6
-2100,26853,3257588,3
-6200,26854,3257780,5
-5150,26855,3257859,3
-3650,26856,3257912,3
2550,26857,3257972,6
-3050,26858,3258042,4
2300,26859,3258096,5
-3150,26860,3258164,4
-13350,26861,3258436,4
2550,26862,3258476,6
-2750,26863,3258548,4
-3850,26864,3258601,3
-5150,26865,3258680,3
-3500,26866,3258740,3
100,26867,3258798,5
-650,26868,3258819,3
-2850,26869,3258872,3
-10700,26870,3259064,3
-3500,26871,3259124,3
-3050,26872,3259177,3
-2500,26873,3259320,6
-6900,26874,3259448,3
-5100,26875,3259508,3
-5150,26876,3259591,3
-350,26877,3259782,7
-4450,26878,3259892,4
-5150,26879,3259971,3
-5300,26880,3260043,3
-1200,26881,3260139,5
-14850,26882,3260408,3
-5100,26883,3260468,3
-2650,26884,3260521,3
-7350,26885,3260742,5
-4700,26886,3260991,8
-3650,26887,3261114,5
-10000,26888,3261292,3
-1000,26889,3261302,3
-100,26890,3261344,5
2000,26891,3261372,5
-3150,26892,3261428,4
-6950,26893,3261564,4
-4100,26894,3261784,7
-3950,26895,3261868,4
-2000,26896,3261878,3
-4400,26897,3261944,3
-1150,26898,3261963,3
-7550,26899,3262070,3
-5000,26900,3262140,3
-4700,26901,3262196,3
-4450,26902,3262249,3
-15350,26903,3262524,3
-8400,26904,3262646,3
2350,26905,3262685,5
1400,26906,3262701,5
-2800,26907,3262772,4
150,26908,3262827,5
-6950,26909,3263020,5
-2000,26910,3263030,3
-7400,26911,3263156,3
3300,26912,3263216,7
-2200,26913,3263300,5
-3350,26914,3263351,3
-14700,26915,3263676,4
-3900,26916,3263732,3
-3550,26917,3263787,3
-2700,26918,3263811,3
-7650,26919,3263924,3
-3100,26920,3264070,5
-6150,26921,3264182,4
-1650,26922,3264195,3
-7300,26923,3264311,3
-10450,26924,3264500,3
-3850,26925,3264553,3
-11450,26926,3264758,3
-4200,26927,3264824,3
-4100,26928,3264884,3
-9750,26929,3265076,4
-6150,26930,3265155,3
-3050,26931,3265208,3
-5700,26932,3265334,5
-8400,26933,3265460,3
-3550,26934,3265515,3
-1500,26935,3265539,3
-3650,26936,3265592,3
-4250,26937,3265735,5
-450,26938,3265844,7
-9550,26939,3266036,4
-9950,26940,3266228,4
-10900,26941,3266420,3
-5000,26942,3266486,3
-13250,26943,3266744,4
-4100,26944,3266804,3
1000,26945,3266856,5
1900,26946,3266878,5
-2500,26947,3266955,4
-5550,26948,3267066,3
-2100,26949,3267147,4
-3250,26950,3267188,3
-3950,26951,3267243,3
-2150,26952,3267258,3
-3450,26953,3267380,4
-3650,26954,3267515,5
-7200,26955,3267638,4
-7400,26956,3267764,3
-16100,26957,3268040,3
-7100,26958,3268148,3
-4050,26959,3268201,3
-12800,26960,3268472,4
1900,26961,3268526,5
-2850,26962,3268621,5
-6550,26963,3268724,3
4350,26964,3268769,7
3700,26965,3268919,9
3750,26966,3268951,6
1200,26967,3269066,8
-2100,26968,3269111,4
-5550,26969,3269174,3
-4200,26970,3269240,3
-4700,26971,3269300,3
-300,26972,3269353,4
-8550,26973,3269492,3
-5500,26974,3269658,5
-7150,26975,3269876,6
-7100,26976,3270012,3
-4300,26977,3270068,3
-9300,26978,3270260,3
-4850,26979,3270341,3
-7150,26980,3270452,3
-11500,26981,3270644,3
-8950,26982,3270836,4
600,26983,3270872,5
-8650,26984,3271094,4
-1050,26985,3271107,3
-8200,26986,3271229,3
-7950,26987,3271352,3
-3100,26988,3271412,3
1150,26989,3271455,5
950,26990,3271495,6
-5050,26991,3271659,6
-2650,26992,3271766,5
0,26993,3271805,4
-10950,26994,3271988,3
-3850,26995,3272041,3
-4150,26996,3272189,4
1500,26997,3272235,5
-1300,26998,3272263,3
-4500,26999,3272372,4
-4950,27000,3272427,3
-6250,27001,3272508,3
-750,27002,3272523,3
-3600,27003,3272696,6
-2150,27004,3272851,7
-3250,27005,3272888,3
-2700,27006,3272948,3
-2850,27007,3273001,3
-3450,27008,3273210,7
-5000,27009,3273276,3
-16950,27010,3273603,3
-7450,27011,3273716,3
-4800,27012,3273782,3
-2450,27013,3273795,3
-4250,27014,3273848,3
-9300,27015,3274040,3
-4700,27016,3274100,3
-2350,27017,3274155,3
-7650,27018,3274292,3
-3800,27019,3274358,3
-12850,27020,3274616,4
-4300,27021,3274676,3
-4850,27022,3274729,3
-5550,27023,3274808,3
-9800,27024,3275060,5
-4450,27025,3275113,3
-2650,27026,3275130,3
-4600,27027,3275196,3
-2650,27028,3275307,5
-6300,27029,3275403,3
-3250,27030,3275444,3
-4450,27031,3275497,3
-8350,27032,3275636,3
-3450,27033,3275689,3
-15150,27034,3275960,3
-1950,27035,3276020,4
-9950,27036,3276212,4
-18550,27037,3276596,4
-5150,27038,3276679,3
-8000,27039,3276797,3
2350,27040,3276924,9
-4300,27041,3276980,3
-10550,27042,3277172,4
-5750,27043,3277304,4
-8000,27044,3277430,3
-5650,27045,3277556,4
-4350,27046,3277619,3
750,27047,3277687,6
-3850,27048,3277748,3
-14550,27049,3277995,3
350,27050,3278058,5
-3650,27051,3278132,4
-3750,27052,3278187,3
-8650,27053,3278324,3
-4050,27054,3278377,3
-3000,27055,3278403,3
-4450,27056,3278456,3
-5000,27057,3278656,5
-3250,27058,3278792,6
-900,27059,3278900,7
-2850,27060,3278953,3
-100,27061,3279056,6
9200,27062,3279171,12
-11500,27063,3279416,4
-4700,27064,3279476,3
-6950,27065,3279804,8
-4850,27066,3279869,3
-7650,27067,3280052,5
-4050,27068,3280105,3
-15550,27069,3280376,3
-5900,27070,3280558,5
-3050,27071,3280628,4
-550,27072,3280820,8
-2450,27073,3280873,3
-10800,27074,3281067,3
-9000,27075,3281213,3
-8800,27076,3281396,4
-4050,27077,3281449,3
-12200,27078,3281667,3
-7800,27079,3281789,3
-9750,27080,3281972,3
3050,27081,3282023,7
-8200,27082,3282230,4
-2750,27083,3282257,3
-5250,27084,3282408,5
-2400,27085,3282426,3
-400,27086,3282548,7
-3200,27087,3282631,4
-10700,27088,3282819,3
-8950,27089,3283011,4
-3450,27090,3283064,3
-3300,27091,3283203,6
-4650,27092,3283256,3
4950,27093,3283322,8
-7900,27094,3283508,5
-2250,27095,3283574,4
-17350,27096,3283983,5
-7250,27097,3284084,3
-2050,27098,3284167,5
-2600,27099,3284361,7
2250,27100,3284485,8
-4350,27101,3284540,3
-1600,27102,3284673,6
-5850,27103,3284811,4
-2650,27104,3284852,3
-4250,27105,3284905,3
-3050,27106,3284922,3
-7600,27107,3285044,3
-4350,27108,3285193,5
-4700,27109,3285302,4
-2250,27110,3285368,4
-3750,27111,3285428,4
-1500,27112,3285579,6
-3450,27113,3285620,3
-3200,27114,3285690,3
-15050,27115,3285963,3
-3250,27116,3286004,3
-5400,27117,3286074,3
-7000,27118,3286196,3
-5100,27119,3286276,3
-7100,27120,3286388,3
-4250,27121,3286441,3
-8750,27122,3286580,3
-11300,27123,3286772,3
-3250,27124,3286923,5
-3500,27125,3286971,3
-11450,27126,3287209,4
-2450,27127,3287226,3
-2250,27128,3287239,3
-16050,27129,3287540,3
-850,27130,3287631,5
-7450,27131,3287732,3
-4800,27132,3287798,3
-5050,27133,3287924,4
-6750,27134,3288056,4
300,27135,3288171,6
-5700,27136,3288308,4
-11400,27137,3288556,5
-2000,27138,3288566,3
-350,27139,3288696,6
-3650,27140,3288827,5
-3450,27141,3288884,3
-3500,27142,3288956,3
-11000,27143,3289146,3
-14400,27144,3289404,3
-3100,27145,3289460,3
-20150,27146,3289844,4
-4450,27147,3289897,3
-4050,27148,3290171,8
500,27149,3290221,5
-1100,27150,3290283,5
-2900,27151,3290364,4
-5100,27152,3290420,3
-3850,27153,3290473,3
-1600,27154,3290499,3
-8950,27155,3290678,3
-4600,27156,3290744,3
-3750,27157,3290804,4
-13000,27158,3291079,4
-7300,27159,3291191,3
-9850,27160,3291380,3
-17200,27161,3291764,5
-900,27162,3291895,6
-3900,27163,3291956,4
-2850,27164,3292009,3
-4750,27165,3292088,3
-4150,27166,3292151,3
-4350,27167,3292218,3
-5250,27168,3292340,4
-3600,27169,3292406,3
-10300,27170,3292832,9
-4700,27171,3292971,6
-8850,27172,3293108,3
-11800,27173,3293379,4
-2100,27174,3293432,4
-4300,27175,3293492,3
-3950,27176,3293547,3
-8650,27177,3293684,3
-4250,27178,3293737,3
-14550,27179,3294012,3
-1850,27180,3294074,4
-9600,27181,3294260,3
-2850,27182,3294313,3
-1850,27183,3294326,3
-17000,27184,3294653,4
-11150,27185,3294836,3
2350,27186,3294888,6
2750,27187,3294912,6
-5950,27188,3294987,3
-4400,27189,3295037,3
-5250,27190,3295094,3
-10900,27191,3295286,3
-6050,27192,3295371,3
-2050,27193,3295412,3
-4250,27194,3295465,3
-2600,27195,3295491,3
-9300,27196,3295683,3
600,27197,3295849,7
-2800,27198,3295875,3
-5700,27199,3295988,4
-16150,27200,3296312,4
-4900,27201,3296372,3
-18350,27202,3296891,7
-3150,27203,3296948,5
-4600,27204,3297014,3
-8650,27205,3297237,5
2700,27206,3297271,5
-3700,27207,3297385,5
-5550,27208,3297468,3
-3300,27209,3297524,3
-4050,27210,3297577,3
-8900,27211,3297795,5
-16450,27212,3298100,3
-10300,27213,3298301,4
-2200,27214,3298484,8
-3200,27215,3298563,4
-2350,27216,3298676,5
-20900,27217,3299060,3
-3850,27218,3299113,3
-16750,27219,3299453,4
-10350,27220,3299636,3
-4200,27221,3299702,3
800,27222,3299738,5
-1500,27223,3299828,5
-4450,27224,3299881,3
-8750,27225,3300020,3
-2950,27226,3300121,5
150,27227,3300212,5
-4550,27228,3300291,3
-5550,27229,3300468,5
400,27230,3300561,6
-8650,27231,3300747,4
-5350,27232,3300854,3
-6800,27233,3300980,3
-4400,27234,3301050,3
-5000,27235,3301116,3
-8050,27236,3301233,3
-2800,27237,3301251,3
-4850,27238,3301304,3
1300,27239,3301338,5
1550,27240,3301369,5
-550,27241,3301429,4
1000,27242,3301461,5
-3400,27243,3301565,5
-3450,27244,3301622,3
-5000,27245,3301688,3
-5100,27246,3301748,3
-5400,27247,3301810,3
-1550,27248,3301923,5
2050,27249,3301952,5
-4350,27250,3302019,3
-6650,27251,3302132,3
-5500,27252,3302212,3
-7700,27253,3302324,3
-5400,27254,3302394,3
-1650,27255,3302517,5
-750,27256,3302648,7
-13150,27257,3302900,4
-4800,27258,3302970,3
-8100,27259,3303147,4
-5450,27260,3303224,3
-2150,27261,3303243,3
-2450,27262,3303284,3
-9750,27263,3303476,4
-7150,27264,3303608,4
-10500,27265,3303800,3
-4100,27266,3303860,3
-3950,27267,3303915,3
-7850,27268,3304052,3
300,27269,3304102,5
-1100,27270,3304135,4
-6450,27271,3304253,4
-8950,27272,3304436,3
-7550,27273,3304628,4
-20100,27274,3305012,3
-4750,27275,3305067,3
-4700,27276,3305204,4
-2200,27277,3305283,4
-4850,27278,3305336,3
-2150,27279,3305421,5
-20150,27280,3305780,3
-7950,27281,3305972,4
550,27282,3306027,5
650,27283,3306055,4
-7450,27284,3306164,3
-4850,27285,3306217,3
-1800,27286,3306243,3
-13250,27287,3306488,3
-2950,27288,3306507,3
-2250,27289,3306548,3
-5950,27290,3306627,3
-8750,27291,3306806,3
-4400,27292,3306872,3
-7750,27293,3307011,3
-13100,27294,3307260,4
-3100,27295,3307316,3
-5600,27296,3307508,5
-3650,27297,3307561,3
-10100,27298,3307766,4
-4800,27299,3307832,3
-5100,27300,3307892,3
-1250,27301,3307971,5
-4300,27302,3308084,4
-5200,27303,3308154,3
-5800,27304,3308346,5
-3850,27305,3308427,3
-3050,27306,3308468,3
-1100,27307,3308550,5
-7800,27308,3308660,3
-2700,27309,3308826,5
-6050,27310,3308907,3
-2300,27311,3308931,3
-350,27312,3309099,8
-7850,27313,3309236,3
2450,27314,3309319,7
-6600,27315,3309437,3
-5000,27316,3309507,3
-4650,27317,3309560,3
300,27318,3309626,5
-3950,27319,3309812,6
-3250,27320,3309865,3
-2000,27321,3309891,3
-4850,27322,3309944,3
-5000,27323,3310083,4
-11950,27324,3310347,4
-3250,27325,3310388,3
-7400,27326,3310650,7
-8800,27327,3310854,5
-6200,27328,3310964,3
350,27329,3311019,5
-1400,27330,3311169,7
-2900,27331,3311209,3
-2800,27332,3311235,3
-6600,27333,3311427,5
-7250,27334,3311540,3
-5550,27335,3311623,3
-8000,27336,3311741,3
-3100,27337,3311896,6
-2500,27338,3312006,5
-3400,27339,3312060,3
-4100,27340,3312116,3
-3400,27341,3312182,3
-4900,27342,3312308,5
2500,27343,3312355,6
1550,27344,3312382,5
-6600,27345,3312500,3
-250,27346,3312621,7
-3800,27347,3312692,4
-14450,27348,3312937,3
-2250,27349,3312954,3
-2350,27350,3312977,3
250,27351,3313083,6
-10850,27352,3313321,4
-2250,27353,3313338,3
-3200,27354,3313356,3
-9150,27355,3313596,4
-6200,27356,3313731,4
-6250,27357,3313844,3
-13850,27358,3314294,8
-8000,27359,3314502,5
-6800,27360,3314612,3
350,27361,3314667,5
-1950,27362,3314744,5
-14100,27363,3314996,3
-3850,27364,3315049,3
-8950,27365,3315188,3
-19550,27366,3315572,4
-12700,27367,3315964,7
-8850,27368,3316203,5
-200,27369,3316230,4
-10650,27370,3316419,3
-7650,27371,3316532,3
-4850,27372,3316585,3
-1850,27373,3316598,3
-4400,27374,3316668,3
-3700,27375,3316724,3
-850,27376,3316960,10
-2250,27377,3317067,5
-3500,27378,3317111,3
-2600,27379,3317223,5
1400,27380,3317243,5
-3700,27381,3317300,4
-3700,27382,3317422,5
-4800,27383,3317492,3
-4750,27384,3317575,3
-600,27385,3317768,10
-4150,27386,3317876,4
-8300,27387,3318008,3
-5250,27388,3318138,4
-1750,27389,3318219,5
-3300,27390,3318263,3
-4750,27391,3318330,3
-6400,27392,3318588,7
-1950,27393,3318603,3
-3050,27394,3318644,3
-7400,27395,3318836,5
-4600,27396,3318906,3
-550,27397,3319028,6
-9750,27398,3319220,4
-4400,27399,3319286,3
-4450,27400,3319371,3
-3050,27401,3319412,3
1700,27402,3319467,6
-3850,27403,3319578,5
-7100,27404,3319674,3
-2250,27405,3319687,3
-12550,27406,3319988,5
-5200,27407,3320046,3
-3050,27408,3320067,3
-4250,27409,3320120,3
-16350,27410,3320456,4
-3300,27411,3320508,3
-5100,27412,3320564,3
-4250,27413,3320617,3
-5600,27414,3320756,4
650,27415,3320797,5
1500,27416,3320819,5
-2750,27417,3320888,5
-4900,27418,3320948,3
-3250,27419,3321001,3
-2200,27420,3321027,3
-8050,27421,3321193,4
-5350,27422,3321276,3
1450,27423,3321297,5
-5450,27424,3321411,4
-7250,27425,3321524,3
-3150,27426,3321719,7
-9700,27427,3321908,4
-1750,27428,3322155,7
-7250,27429,3322292,3
-4250,27430,3322345,3
-2400,27431,3322371,3
-13100,27432,3322620,4
-7150,27433,3322755,3
-4050,27434,3322808,3
-1500,27435,3322993,8
700,27436,3323060,6
-3850,27437,3323113,3
-7350,27438,3323252,3
-5150,27439,3323331,3
-3050,27440,3323384,3
1300,27441,3323414,5
1900,27442,3323432,5
1400,27443,3323452,5
-4150,27444,3323523,3
-7650,27445,3323636,3
-4550,27446,3323691,3
-2100,27447,3323715,3
0,27448,3323828,6
-4050,27449,3323881,3
-2000,27450,3323907,3
-5050,27451,3323964,3
-5200,27452,3324197,6
-4350,27453,3324314,5
-2100,27454,3324363,4
-3250,27455,3324404,3
-2650,27456,3324457,3
-3400,27457,3324483,3
-9450,27458,3324738,5
-2750,27459,3324867,5
-4650,27460,3324920,3
-4700,27461,3324980,3
-20100,27462,3325364,3
4650,27463,3325416,8
1950,27464,3325447,5
-2150,27465,3325639,8
-1700,27466,3325688,4
-5050,27467,3325757,3
-7150,27468,3325880,3
-4900,27469,3325940,3
450,27470,3325985,5
-5250,27471,3326132,5
-5250,27472,3326197,3
-6600,27473,3326421,5
1600,27474,3326445,5
-4550,27475,3326516,3
-13200,27476,3326791,4
-16450,27477,3327092,3
-5200,27478,3327158,3
-7200,27479,3327354,5
-100,27480,3327456,5
-6350,27481,3327608,4
-4500,27482,3327668,3
150,27483,3327723,5
-1300,27484,3327747,3
-4250,27485,3327800,3
400,27486,3327848,5
-3400,27487,3327939,4
-4850,27488,3327992,3
-12750,27489,3328203,3
-3450,27490,3328244,3
-1050,27491,3328323,5
-4500,27492,3328436,4
2450,27493,3328470,6
1450,27494,3328491,5
-7800,27495,3328683,5
-15450,27496,3328952,3
-1050,27497,3329027,5
-3750,27498,3329082,3
-2800,27499,3329194,5
-1400,27500,3329286,5
-7600,27501,3329396,3
-3050,27502,3329449,3
-5750,27503,3329532,3
-4700,27504,3329588,3
-4400,27505,3329658,3
-9650,27506,3329836,4
-2000,27507,3329846,3
-3200,27508,3329912,3
-4500,27509,3329972,3
-1200,27510,3330164,9
900,27511,3330214,5
-3100,27512,3330324,5
-13300,27513,3330548,3
-3050,27514,3330601,3
-2800,27515,3330627,3
-1050,27516,3330746,5
650,27517,3330795,5
800,27518,3330810,4
-17600,27519,3331124,3
-4100,27520,3331188,3
-14700,27521,3331448,3
-4700,27522,3331508,3
-4700,27523,3331564,3
-2000,27524,3331574,3
-1750,27525,3331700,6
-15350,27526,3331971,3
-3850,27527,3332024,3
100,27528,3332054,5
1300,27529,3332096,5
-4000,27530,3332150,3
-4800,27531,3332216,3
-4300,27532,3332276,3
-4450,27533,3332329,3
-2600,27534,3332355,3
-8850,27535,3332660,7
-4850,27536,3332713,3
-14950,27537,3332988,3
-4900,27538,3333044,3
-5350,27539,3333127,3
-6450,27540,3333236,3
-6350,27541,3333372,4
-4900,27542,3333428,3
3300,27543,3333480,7
150,27544,3333498,4
-9350,27545,3333686,4
-10200,27546,3333954,5
-4550,27547,3334070,4
-5600,27548,3334136,3
-1000,27549,3334208,5
-7100,27550,3334328,3
-5100,27551,3334388,3
-3550,27552,3334443,3
-9150,27553,3334856,9
-4350,27554,3334964,4
-4250,27555,3335017,3
-2050,27556,3335034,3
-4800,27557,3335100,3
-1750,27558,3335115,3
-8650,27559,3335354,5
-5100,27560,3335414,3
-9750,27561,3335610,4
-7800,27562,3335732,3
-4250,27563,3335785,3
-6700,27564,3335979,5
1300,27565,3336066,6
-17900,27566,3336500,5
-7600,27567,3336651,4
-3050,27568,3336692,3
-5600,27569,3336860,5
-1050,27570,3336939,5
-1900,27571,3336963,3
350,27572,3337076,7
-3550,27573,3337131,3
-5050,27574,3337208,3
-5100,27575,3337268,3
-12200,27576,3337539,4
-4850,27577,3337592,3
-6100,27578,3337750,5
-3050,27579,3337844,4
-9200,27580,3338039,4
-2400,27581,3338286,8
-6450,27582,3338379,3
-17150,27583,3338678,3
-9550,27584,3338874,4
-8000,27585,3338996,3
-8100,27586,3339128,3
-2550,27587,3339147,3
-4200,27588,3339197,3
-3600,27589,3339267,3
-3600,27590,3339408,6
-3450,27591,3339433,3
-5400,27592,3339572,4
-8300,27593,3339704,3
500,27594,3339819,6
-5250,27595,3339896,3
-2350,27596,3339915,3
-6400,27597,3340184,6
-12150,27598,3340419,3
-5650,27599,3340532,3
-300,27600,3340719,10
-4750,27601,3340917,6
-11550,27602,3341108,3
-4200,27603,3341174,3
-7600,27604,3341300,3
-5000,27605,3341460,5
-5450,27606,3341549,3
-3200,27607,3341571,3
-6450,27608,3341750,5
900,27609,3341780,5
-2400,27610,3341876,5
-4600,27611,3341946,3
-5000,27612,3342008,3
150,27613,3342148,6
-7700,27614,3342260,3
-6200,27615,3342452,5
-11650,27616,3342645,3
-7600,27617,3342926,6
-6800,27618,3343028,3
-5600,27619,3343094,3
-2250,27620,3343107,3
1950,27621,3343122,5
-2650,27622,3343179,3
-300,27623,3343352,8
-8000,27624,3343482,3
-7800,27625,3343604,3
-5750,27626,3343683,3
-11300,27627,3343875,3
-4850,27628,3343928,3
-7800,27629,3344058,3
-4650,27630,3344180,4
-3450,27631,3344233,3
-10850,27632,3344508,5
-3500,27633,3344564,3
-3550,27634,3344619,3
-5850,27635,3344696,3
-4300,27636,3344756,3
-20700,27637,3345140,3
1300,27638,3345154,5
-5050,27639,3345272,4
-18400,27640,3345716,5
-4450,27641,3345769,3
-3050,27642,3345786,3
-7400,27643,3345908,3
-3150,27644,3345963,3
-2700,27645,3346081,5
-800,27646,3346153,5
-6350,27647,3346236,3
-5100,27648,3346292,3
-4450,27649,3346345,3
-16750,27650,3346685,4
-3250,27651,3346742,3
-12700,27652,3347060,5
-2350,27653,3347115,3
-5450,27654,3347192,3
-3700,27655,3347252,3
-1850,27656,3347335,5
-7450,27657,3347444,3
-3800,27658,3347510,3
-4800,27659,3347576,3
-7800,27660,3347828,5
-5550,27661,3347907,3
-3650,27662,3347960,3
-12700,27663,3348212,3
-3650,27664,3348265,3
-5350,27665,3348348,3
-12700,27666,3348605,4
-4800,27667,3348679,3
-7450,27668,3348788,3
-3250,27669,3348841,3
-6050,27670,3349069,6
-6150,27671,3349172,3
-5750,27672,3349255,3
-10750,27673,3349434,3
-3900,27674,3349635,8
2350,27675,3349762,9
-3650,27676,3349831,3
-4250,27677,3349880,3
-5450,27678,3349949,3
-8850,27679,3350135,4
-4450,27680,3350188,3
-400,27681,3350198,3
350,27682,3350237,5
-1700,27683,3350324,6
-5450,27684,3350519,5
-8000,27685,3350711,5
-5450,27686,3350772,3
-1350,27687,3350787,3
-10600,27688,3350953,3
-8550,27689,3351092,3
2000,27690,3351141,6
-6200,27691,3351284,4
-4250,27692,3351337,3
-13550,27693,3351608,3
-5100,27694,3351668,3
-3000,27695,3351747,4
-4650,27696,3351800,3
-5150,27697,3351863,3
-3700,27698,3351915,3
-8050,27699,3352052,3
-5600,27700,3352118,3
-10350,27701,3352297,3
-7550,27702,3352436,3
-10650,27703,3352637,3
-10400,27704,3352820,4
-3750,27705,3352875,3
-7850,27706,3353012,3
-6700,27707,3353100,3
-5900,27708,3353273,4
-16750,27709,3353588,3
-3250,27710,3353641,3
-3600,27711,3353810,6
2050,27712,3353835,5
-1050,27713,3353926,5
-6500,27714,3354051,4
1300,27715,3354073,5
-3750,27716,3354243,6
2950,27717,3354299,6
-4650,27718,3354356,3
2000,27719,3354397,6
-50,27720,3354411,4
-1450,27721,3354502,5
-3850,27722,3354604,4
-1400,27723,3354614,3
-1650,27724,3354627,3
300,27725,3354697,5
-6450,27726,3354806,3
-7600,27727,3354932,3
-18750,27728,3355316,4
-4850,27729,3355369,3
-950,27730,3355508,7
-4200,27731,3355574,3
-8200,27732,3355700,3
-5000,27733,3355860,5
1800,27734,3355892,5
-6350,27735,3356024,4
-4300,27736,3356084,3
-2050,27737,3356191,5
300,27738,3356328,8
-8500,27739,3356468,3
-7500,27740,3356604,3
1300,27741,3356658,5
1300,27742,3356672,5
-5400,27743,3356852,5
-4050,27744,3356905,3
-3200,27745,3356931,3
-13800,27746,3357291,5
-4450,27747,3357368,3
-5100,27748,3357428,3
-2850,27749,3357481,3
-10100,27750,3357686,4
-800,27751,3357806,5
-5200,27752,3357868,3
-2000,27753,3357878,3
-3900,27754,3358004,5
-12250,27755,3358262,4
-6800,27756,3358388,3
-10700,27757,3358580,3
-3650,27758,3358633,3
-24800,27759,3359115,3
-3250,27760,3359156,3
-3250,27761,3359209,3
-14950,27762,3359480,3
-300,27763,3359595,6
-2300,27764,3359672,4
-3900,27765,3359732,3
-4150,27766,3359815,3
-14700,27767,3360116,4
-15900,27768,3360466,5
-2650,27769,3360503,3
450,27770,3360609,6
-4750,27771,3360692,3
-10700,27772,3360884,3
-10500,27773,3361085,4
-1700,27774,3361211,5
-4850,27775,3361268,3
-5150,27776,3361351,3
-4050,27777,3361400,3
-3700,27778,3361460,3
-4200,27779,3361526,3
-10900,27780,3361718,3
-7200,27781,3361844,3
-4250,27782,3361897,3
-1100,27783,3362028,6
-400,27784,3362306,11
-10450,27785,3362503,3
2750,27786,3362612,7
-5750,27787,3362691,3
-5050,27788,3362744,3
0,27789,3362804,5
-2900,27790,3362939,6
-4650,27791,3362996,3
900,27792,3363128,7
-3650,27793,3363267,5
-3850,27794,3363435,6
650,27795,3363463,4
-10350,27796,3363642,3
-7600,27797,3363764,3
-4450,27798,3363817,3
-1100,27799,3363940,6
-6550,27800,3364088,4
-5100,27801,3364148,3
-3750,27802,3364203,3
-8650,27803,3364340,3
-3300,27804,3364486,5
-7050,27805,3364611,3
-4450,27806,3364733,4
-8000,27807,3364916,4
-15350,27808,3365187,3
-11500,27809,3365432,4
-4900,27810,3365492,3
-11700,27811,3365684,3
750,27812,3365739,5
-16300,27813,3366068,4
-1650,27814,3366266,8
-1700,27815,3366331,4
-11350,27816,3366522,3
-7000,27817,3366644,3
-3850,27818,3366697,3
-15350,27819,3366968,3
-7000,27820,3367098,3
-7600,27821,3367220,3
-11900,27822,3367412,3
850,27823,3367453,5
500,27824,3367482,4
-10650,27825,3367688,4
-7100,27826,3367796,3
-11500,27827,3367988,3
-650,27828,3368161,7
1050,27829,3368235,6
900,27830,3368273,5
1000,27831,3368289,5
-5550,27832,3368372,3
-10000,27833,3368616,5
-2600,27834,3368634,3
-15050,27835,3368948,4
-9500,27836,3369149,4
-5950,27837,3369272,3
-3700,27838,3369332,3
-9200,27839,3369527,4
-3900,27840,3369579,3
-2250,27841,3369769,8
1600,27842,3369841,5
-3400,27843,3369908,4
-3750,27844,3369963,3
-2100,27845,3369987,3
-25850,27846,3370484,3
-3850,27847,3370537,3
-13300,27848,3370938,8
-8400,27849,3371178,5
-1450,27850,3371252,4
-9750,27851,3371444,4
-4450,27852,3371497,3
-2800,27853,3371523,3
1700,27854,3371639,7
-4800,27855,3371689,3
1050,27856,3371771,6
-4650,27857,3371828,3
150,27858,3371883,5
-3900,27859,3371964,4
-5950,27860,3372075,3
-7450,27861,3372212,3
-5050,27862,3372265,3
-2850,27863,3372282,3
-2800,27864,3372459,6
-950,27865,3372483,4
-4650,27866,3372536,3
50,27867,3372605,5
-6550,27868,3372728,3
-4700,27869,3372788,3
-4200,27870,3372858,3
-7600,27871,3372980,3
-27950,27872,3373515,3
-3250,27873,3373556,3
-4600,27874,3373622,3
-16050,27875,3373940,4
-5350,27876,3374019,3
-4850,27877,3374072,3
-9500,27878,3374342,5
-5100,27879,3374484,5
2650,27880,3374522,6
-1000,27881,3374569,4
-17200,27882,3374900,4
-12000,27883,3375094,3
-4400,27884,3375148,3
-2000,27885,3375158,3
-8400,27886,3375284,3
1600,27887,3375325,6
1800,27888,3375349,5
-4050,27889,3375476,5
-5350,27890,3375641,5
-1600,27891,3375734,6
-7000,27892,3375860,3
-8300,27893,3375992,3
-3150,27894,3376052,4
-5200,27895,3376122,3
-16600,27896,3376436,3
-8350,27897,3376628,4
-900,27898,3376686,5
-4650,27899,3376820,4
-4800,27900,3376890,3
-3400,27901,3376956,3
-15150,27902,3377259,3
-2100,27903,3377283,3
-4450,27904,3377478,5
-6800,27905,3377588,3
-5600,27906,3377752,5
-6250,27907,3377931,5
-2250,27908,3377972,3
-3300,27909,3378028,3
-600,27910,3378038,3
1750,27911,3378103,7
-1700,27912,3378164,4
-2650,27913,3378217,3
-1050,27914,3378234,3
-5400,27915,3378296,3
-7950,27916,3378435,3
-11150,27917,3378614,3
-8400,27918,3378740,3
-1850,27919,3378819,5
-2100,27920,3378872,4
-1650,27921,3378987,5
-2750,27922,3379179,8
-6850,27923,3379316,3
1050,27924,3379341,5
1700,27925,3379355,5
2350,27926,3379391,6
-10900,27927,3379587,3
-4900,27928,3379700,4
-4950,27929,3379755,3
-2700,27930,3379836,4
-8600,27931,3379962,3
-3400,27932,3380028,3
-3500,27933,3380084,3
950,27934,3380139,5
-850,27935,3380234,5
-3700,27936,3380355,4
-3100,27937,3380412,4
-8500,27938,3380548,3
-1550,27939,3380604,4
-4500,27940,3380660,3
-19150,27941,3381044,4
-10500,27942,3381236,3
1550,27943,3381263,5
2350,27944,3381319,6
-7800,27945,3381437,3
-11150,27946,3381620,3
-7300,27947,3381752,3
-1350,27948,3381771,3
-700,27949,3381812,4
-3650,27950,3381865,3
-15350,27951,3382136,3
-9400,27952,3382388,5
-5200,27953,3382454,3
-2050,27954,3382467,3
-4650,27955,3382520,3
-10150,27956,3382772,4
-2650,27957,3382825,3
-2000,27958,3382851,3
-11150,27959,3383030,3
-4850,27960,3383156,4
-1600,27961,3383211,4
-5150,27962,3383307,4
-4050,27963,3383348,3
-13800,27964,3383619,4
-7050,27965,3383732,3
-5600,27966,3383798,3
-6000,27967,3383924,3
-5250,27968,3384018,4
-100,27969,3384105,6
-550,27970,3384198,5
-7200,27971,3384308,3
-10300,27972,3384500,3
-8150,27973,3384692,4
-4550,27974,3384771,3
-3850,27975,3384824,3
1550,27976,3384863,5
-5700,27977,3385016,4
-1950,27978,3385035,3
-3250,27979,3385076,3
-11500,27980,3385268,3
-9300,27981,3385469,4
-5050,27982,3385526,3
-6800,27983,3385652,3
-900,27984,3385743,6
-2500,27985,3385869,5
-5050,27986,3386089,6
-50,27987,3386132,5
-4150,27988,3386298,6
-8200,27989,3386420,3
-2200,27990,3386569,6
-3250,27991,3386704,5
-3100,27992,3386748,3
-4900,27993,3386804,3
-5050,27994,3386857,3
-1650,27995,3386874,3
-7800,27996,3386996,3
-11700,27997,3387188,3
-1500,27998,3387335,6
-10250,27999,3387512,3
-4700,28000,3387572,3
-3800,28001,3387638,3
-850,28002,3387754,6
-2150,28003,3387900,6
-1150,28004,3387915,3
-3300,28005,3387959,3
-3200,28006,3388075,5
-3900,28007,3388148,4
-11900,28008,3388340,3
-3850,28009,3388393,3
-3050,28010,3388410,3
-9200,28011,3388588,3
-2000,28012,3388598,3
2250,28013,3388807,9
-6250,28014,3388916,3
-4450,28015,3388969,3
-11800,28016,3389191,3
-6900,28017,3389303,3
-8250,28018,3389432,3
-2500,28019,3389492,3
900,28020,3389534,5
1550,28021,3389557,5
1900,28022,3389575,5
-9750,28023,3389750,3
-5300,28024,3389879,4
-1550,28025,3389993,6
-2600,28026,3390068,4
-19900,28027,3390452,3
-6650,28028,3390644,6
-9150,28029,3390836,4
-2850,28030,3390951,5
-2900,28031,3391028,4
-3250,28032,3391081,3
-8300,28033,3391299,5
-1900,28034,3391413,5
-10950,28035,3391604,3
-5050,28036,3391657,3
-2800,28037,3391683,3
-7650,28038,3391796,3
-4350,28039,3391851,3
-1100,28040,3391875,3
-4850,28041,3391928,3
-10900,28042,3392120,3
-5100,28043,3392180,3
-550,28044,3392331,7
-3650,28045,3392372,3
-50,28046,3392427,5
-3900,28047,3392537,5
-10150,28048,3392696,3
-2000,28049,3392924,9
-2700,28050,3392948,3
-4050,28051,3393001,3
-3500,28052,3393099,5
-3250,28053,3393140,3
800,28054,3393192,5
1750,28055,3393219,5
-12500,28056,3393524,4
3650,28057,3393579,7
-7450,28058,3393717,4
-4800,28059,3393795,3
-4700,28060,3393908,4
-4850,28061,3393961,3
-8750,28062,3394100,3
-5950,28063,3394183,3
-3950,28064,3394358,7
-6950,28065,3394563,5
950,28066,3394606,5
-3050,28067,3394676,4
-1250,28068,3394755,5
-4650,28069,3394808,3
-7950,28070,3394947,3
-10250,28071,3395116,3
-200,28072,3395143,4
-13150,28073,3395444,5
-7300,28074,3395576,3
-4150,28075,3395639,3
-9300,28076,3395828,4
550,28077,3395883,5
-750,28078,3395898,3
-6800,28079,3396020,3
-3950,28080,3396099,3
-11550,28081,3396282,3
-12250,28082,3396536,4
-4300,28083,3396596,3
-2250,28084,3396649,3
-11600,28085,3396867,3
-5850,28086,3397066,5
-7400,28087,3397172,3
-1650,28088,3397255,5
-9350,28089,3397434,3
-14850,28090,3397748,4
1700,28091,3397782,5
2300,28092,3397813,6
-4400,28093,3397880,4
-4700,28094,3397940,3
600,28095,3397976,5
1050,28096,3398087,7
-3900,28097,3398135,3
-6750,28098,3398283,4
-3250,28099,3398324,3
-1550,28100,3398466,6
-3200,28101,3398516,3
-5650,28102,3398585,3
-8150,28103,3398708,3
-4000,28104,3398778,3
-1850,28105,3398893,5
-4350,28106,3398956,3
-2000,28107,3398966,3
-5000,28108,3399032,3
-3700,28109,3399092,3
-3150,28110,3399258,6
-2950,28111,3399363,5
-5100,28112,3399435,3
-6800,28113,3399529,3
-1650,28114,3399546,3
-900,28115,3399702,7
1450,28116,3399723,5
-2350,28117,3399800,5
-7400,28118,3399918,3
-4700,28119,3400052,5
1300,28120,3400107,6
-2700,28121,3400209,5
-3950,28122,3400244,3
-4950,28123,3400323,3
-5400,28124,3400523,5
-6250,28125,3400628,3
-4650,28126,3400681,3
-3000,28127,3400707,3
-4850,28128,3400760,3
1400,28129,3400821,6
-6800,28130,3400956,4
-2550,28131,3401012,4
-4550,28132,3401091,3
-7650,28133,3401204,3
200,28134,3401363,8
2850,28135,3401397,6
-4050,28136,3401462,3
-11300,28137,3401658,3
1500,28138,3401704,5
-1600,28139,3401780,5
-4250,28140,3401833,3
-2400,28141,3401859,3
-16050,28142,3402164,3
-8700,28143,3402296,3
-1350,28144,3402315,3
-5950,28145,3402422,3
-350,28146,3402491,5
-3900,28147,3402630,6
-7800,28148,3402740,3
-14150,28149,3403011,3
-10950,28150,3403194,3
-4200,28151,3403260,3
-3700,28152,3403316,3
-2500,28153,3403475,6
-3850,28154,3403508,3
-7800,28155,3403700,5
250,28156,3403749,5
-9000,28157,3403981,5
-3550,28158,3404024,3
-3150,28159,3404084,4
-9700,28160,3404276,3
-2200,28161,3404359,4
-6200,28162,3404477,3
-10350,28163,3404660,3
-4450,28164,3404713,3
-6200,28165,3404811,3
-3250,28166,3404852,3
-19350,28167,3405236,4
-2850,28168,3405289,3
-6600,28169,3405428,4
-4050,28170,3405481,3
-1450,28171,3405498,3
-11500,28172,3405686,3
-1450,28173,3405699,3
-10950,28174,3405882,3
-7600,28175,3406004,3
-9350,28176,3406196,4
-4800,28177,3406266,3
-10150,28178,3406539,5
-3250,28179,3406580,3
-5600,28180,3406646,3
-8400,28181,3406772,3
-5400,28182,3406936,5
1700,28183,3406958,5
250,28184,3407019,5
-6050,28185,3407165,4
-5050,28186,3407222,3
-4600,28187,3407288,3
-5100,28188,3407348,3
-7700,28189,3407595,6
-13800,28190,3407960,6
-3850,28191,3408095,5
-1150,28192,3408229,6
-3800,28193,3408308,4
-4800,28194,3408378,3
-7600,28195,3408500,3
-15750,28196,3408824,4
-5100,28197,3408884,3
-4350,28198,3408939,3
-800,28199,3409019,5
-6150,28200,3409159,4
-6250,28201,3409334,5
1500,28202,3409463,8
-4700,28203,3409515,3
-2100,28204,3409543,3
-3850,28205,3409592,3
-2350,28206,3409611,3
-3050,28207,3409652,3
-3350,28208,3409822,6
-7400,28209,3409976,3
-5300,28210,3410036,3
-10500,28211,3410228,3
-20300,28212,3410612,3
-2950,28213,3410667,3
-3850,28214,3410744,3
-6050,28215,3410857,3
-4350,28216,3411051,6
-1900,28217,3411075,3
-4250,28218,3411128,3
-5850,28219,3411241,3
-300,28220,3411299,5
1200,28221,3411323,5
-4850,28222,3411380,3
-2800,28223,3411463,4
-9750,28224,3411638,3
-7200,28225,3411882,5
-4550,28226,3412011,5
-7650,28227,3412148,3
1500,28228,3412199,6
-1100,28229,3412293,5
-6400,28230,3412395,3
-1700,28231,3412419,3
-11100,28232,3412664,4
-4300,28233,3412724,3
1550,28234,3412779,5
-1450,28235,3412916,7
-4450,28236,3412969,3
-6950,28237,3413108,3
-7600,28238,3413328,5
-3650,28239,3413435,5
-4450,28240,3413492,3
-10750,28241,3413684,4
-3050,28242,3413737,3
-8350,28243,3413876,3
1500,28244,3413931,6
-4350,28245,3414027,4
300,28246,3414089,5
3000,28247,3414123,7
-5050,28248,3414266,5
-4150,28249,3414313,3
-8750,28250,3414452,3
-4250,28251,3414505,3
-3250,28252,3414612,5
1700,28253,3414646,5
-4650,28254,3414723,3
-4450,28255,3414776,3
-5300,28256,3414962,5
-4600,28257,3415028,3
2000,28258,3415056,5
1350,28259,3415075,5
1550,28260,3415188,7
4550,28261,3415233,7
-11150,28262,3415514,5
1750,28263,3415541,5
-4350,28264,3415604,3
550,28265,3415659,5
-2900,28266,3415851,7
-550,28267,3415875,4
-3850,28268,3415928,3
-4900,28269,3416180,7
-14700,28270,3416428,3
-1400,28271,3416438,3
-7000,28272,3416691,6
-3850,28273,3416756,3
-4800,28274,3416822,3
-4650,28275,3416907,3
-3750,28276,3417031,4
-9900,28277,3417195,3
-9050,28278,3417332,3
-7200,28279,3417524,5
-3850,28280,3417577,3
-5200,28281,3417656,4
-11550,28282,3417867,3
-15200,28283,3418153,3
-8350,28284,3418292,3
-3450,28285,3418345,3
-3600,28286,3418371,3
-4650,28287,3418424,3
-2450,28288,3418539,5
-900,28289,3418563,3
-9650,28290,3418798,5
-4200,28291,3418868,3
-4900,28292,3419042,5
-1800,28293,3419139,6
-19150,28294,3419523,4
-2200,28295,3419684,6
-2600,28296,3419706,3
-7800,28297,3419828,3
800,28298,3419876,5
-2850,28299,3419963,5
-4100,28300,3420023,3
-2250,28301,3420134,5
-3050,28302,3420212,4
-4400,28303,3420282,3
-500,28304,3420405,6
-11900,28305,3420687,5
-5050,28306,3420788,3
1150,28307,3420843,5
-7650,28308,3421046,5
-14650,28309,3421364,4
-1600,28310,3421443,4
-3650,28311,3421496,3
-4500,28312,3421609,4
-4350,28313,3421692,3
-5700,28314,3421801,4
-8550,28315,3421940,3
-6900,28316,3422187,6
-6500,28317,3422324,4
-2050,28318,3422531,9
-9100,28319,3422708,4
-5000,28320,3422778,3
-7600,28321,3422900,3
-5200,28322,3422970,3
-4400,28323,3423036,3
-3050,28324,3423147,5
-4650,28325,3423228,3
-4300,28326,3423284,3
-5050,28327,3423443,5
-1300,28328,3423618,6
-6350,28329,3423734,4
-7050,28330,3423860,4
-3800,28331,3423992,5
-1950,28332,3424011,3
-3450,28333,3424052,3
-4600,28334,3424118,3
-8400,28335,3424326,5
-7600,28336,3424436,3
-3850,28337,3424489,3
-4800,28338,3424568,4
-8050,28339,3424681,3
-2600,28340,3424707,3
-5900,28341,3424873,5
-5950,28342,3424952,3
-3150,28343,3425012,4
-15400,28344,3425274,3
-7600,28345,3425396,3
-5600,28346,3425466,3
1300,28347,3425512,5
-3550,28348,3425588,4
-8900,28349,3425724,3
-20800,28350,3426164,5
-5750,28351,3426247,3
-14250,28352,3426488,3
-4600,28353,3426603,4
-5500,28354,3426699,3
-2450,28355,3426740,3
-3850,28356,3426793,3
-2850,28357,3426810,3
850,28358,3426949,7
-7150,28359,3427064,3
2350,28360,3427096,6
-1500,28361,3427206,5
-6800,28362,3427316,3
-50,28363,3427371,5
-4050,28364,3427547,6
-1500,28365,3427723,7
-3800,28366,3427753,3
-5150,28367,3427832,3
3300,28368,3427887,6
-2150,28369,3427971,4
-4650,28370,3428028,3
-5450,28371,3428093,3
-3400,28372,3428229,5
-5350,28373,3428329,4
-8350,28374,3428468,3
-5400,28375,3428534,3
-2250,28376,3428567,3
-200,28377,3428652,6
-2300,28378,3428713,4
1150,28379,3428765,6
0,28380,3428796,4
-4700,28381,3428852,3
-1050,28382,3428935,5
-5250,28383,3429044,3
150,28384,3429099,5
-9500,28385,3429292,4
-2000,28386,3429302,3
-5650,28387,3429428,4
-11300,28388,3429620,3
-250,28389,3429675,5
-13950,28390,3430004,5
-5000,28391,3430070,3
-5600,28392,3430140,3
-5400,28393,3430202,3
-2450,28394,3430251,3
-12100,28395,3430467,3
-7850,28396,3430580,3
-7400,28397,3430731,4
-3450,28398,3430772,3
-4450,28399,3430919,5
-1050,28400,3431019,6
-7650,28401,3431156,3
-1050,28402,3431226,4
-11500,28403,3431414,3
-9350,28404,3431675,5
-4000,28405,3431741,3
-9150,28406,3431924,3
-3050,28407,3431977,3
-6200,28408,3432116,4
-3650,28409,3432169,3
-12650,28410,3432378,3
-2050,28411,3432440,4
-5300,28412,3432500,3
-3150,28413,3432555,3
-8050,28414,3432692,3
-2850,28415,3432745,3
-8700,28416,3433069,7
-1750,28417,3433166,5
1650,28418,3433183,5
-3300,28419,3433268,4
800,28420,3433468,9
-1350,28421,3433553,5
2950,28422,3433585,6
2850,28423,3433635,6
-5100,28424,3433784,4
-4100,28425,3433844,3
-4450,28426,3433897,3
-2200,28427,3433923,3
-4250,28428,3433976,3
-12350,28429,3434228,4
-4950,28430,3434299,3
-1900,28431,3434360,4
-2550,28432,3434379,3
-2450,28433,3434420,3
-14500,28434,3434696,3
-10450,28435,3434996,6
-1800,28436,3435051,4
-1650,28437,3435183,6
-7100,28438,3435287,3
-6200,28439,3435446,4
650,28440,3435491,5
1450,28441,3435520,5
-3900,28442,3435572,3
-3350,28443,3435627,3
-5050,28444,3435704,3
-4300,28445,3435764,3
-14400,28446,3436026,3
-6650,28447,3436151,3
-11050,28448,3436340,3
1650,28449,3436381,5
4400,28450,3436423,7
-16650,28451,3436724,3
-4850,28452,3436777,3
-8550,28453,3436916,3
-5950,28454,3436995,3
-4450,28455,3437048,3
-8800,28456,3437178,3
-5050,28457,3437259,3
-3450,28458,3437300,3
-5000,28459,3437370,3
-5650,28460,3437492,4
-3600,28461,3437624,5
-5400,28462,3437763,4
-5300,28463,3437876,4
-11100,28464,3438068,3
-10100,28465,3438260,3
-3050,28466,3438313,3
-5550,28467,3438392,3
-5600,28468,3438564,5
-6900,28469,3438726,5
-6600,28470,3438836,3
-50,28471,3438891,5
-7200,28472,3439083,5
-3100,28473,3439107,3
-9550,28474,3439286,3
-3800,28475,3439352,3
-4900,28476,3439412,3
-5550,28477,3439495,3
-9600,28478,3439657,3
-5300,28479,3439988,10
-8200,28480,3440180,5
-550,28481,3440326,6
-6500,28482,3440438,3
-8650,28483,3440620,4
-2000,28484,3440630,3
-8400,28485,3440756,3
-1700,28486,3440809,4
150,28487,3440892,5
-4100,28488,3440948,3
-4050,28489,3441001,3
-1850,28490,3441014,3
-2450,28491,3441027,3
-8450,28492,3441193,4
-7550,28493,3441332,3
-4450,28494,3441385,3
-1450,28495,3441402,3
-6850,28496,3441524,4
1500,28497,3441607,6
-7050,28498,3441786,5
-5400,28499,3441848,3
-2750,28500,3441908,4
-3350,28501,3441963,3
-8650,28502,3442100,3
-4400,28503,3442166,3
-6050,28504,3442251,3
-7550,28505,3442358,3
-400,28506,3442484,7
-19150,28507,3442868,4
-2200,28508,3442947,4
-10000,28509,3443113,3
-12400,28510,3443388,4
-4500,28511,3443444,3
-3550,28512,3443499,3
-2100,28513,3443523,3
-6250,28514,3443636,3
-4650,28515,3443689,3
-7300,28516,3444003,9
-3000,28517,3444075,5
-4450,28518,3444152,3
-3900,28519,3444212,3
-15750,28520,3444536,4
-5450,28521,3444605,3
-9200,28522,3444788,4
-4400,28523,3444854,3
-4000,28524,3445081,8
-7000,28525,3445420,8
-8700,28526,3445556,3
-8750,28527,3445707,3
-4250,28528,3445748,3
-4700,28529,3445894,5
-8600,28530,3446072,3
1200,28531,3446132,5
-6550,28532,3446231,3
150,28533,3446310,5
-1400,28534,3446410,5
-10150,28535,3446569,3
-8150,28536,3446708,3
-14250,28537,3447059,5
-2650,28538,3447092,3
-4000,28539,3447162,3
-10300,28540,3447354,3
-5200,28541,3447420,3
-3300,28542,3447476,3
-4900,28543,3447662,5
-9850,28544,3447860,4
-5950,28545,3447996,4
-4100,28546,3448052,3
1750,28547,3448107,5
-6700,28548,3448244,4
-18350,28549,3448628,4
-4250,28550,3448681,3
-6600,28551,3448820,4
1500,28552,3448867,6
1100,28553,3448889,5
-9150,28554,3449065,4
-1600,28555,3449091,3
-3850,28556,3449259,6
5050,28557,3449344,9
-1950,28558,3449396,4
1150,28559,3449443,5
-3250,28560,3449640,7
-6100,28561,3449724,3
-4050,28562,3449899,5
-3100,28563,3449972,4
-3950,28564,3450027,3
-2900,28565,3450051,3
-8400,28566,3450230,4
-1850,28567,3450243,3
-7250,28568,3450356,3
250,28569,3450409,5
-1200,28570,3450435,3
-3650,28571,3450488,3
-11050,28572,3450743,5
-11050,28573,3451002,5
-6250,28574,3451127,3
-2300,28575,3451179,3
-6100,28576,3451275,3
-16000,28577,3451643,5
-5350,28578,3451812,5
-600,28579,3451892,5
-4450,28580,3451945,3
-10300,28581,3452219,5
-4850,28582,3452276,3
-3450,28583,3452329,3
-6950,28584,3452468,3
-3850,28585,3452521,3
-3500,28586,3452663,5
-2850,28587,3452713,4
1000,28588,3452777,5
-650,28589,3452852,5
-4050,28590,3452905,3
-4400,28591,3452988,4
-5100,28592,3453044,3
-8700,28593,3453302,5
-1650,28594,3453315,3
-9800,28595,3453481,3
-6600,28596,3453579,3
-2050,28597,3453620,3
-11250,28598,3453878,4
-400,28599,3453982,5
-10650,28600,3454199,3
-7450,28601,3454328,3
-4900,28602,3454388,3
550,28603,3454443,5
-1200,28604,3454482,4
-4250,28605,3454580,4
-21100,28606,3454964,3
-11100,28607,3455156,3
-2800,28608,3455235,4
-4250,28609,3455288,3
-1350,28610,3455307,3
-3600,28611,3455357,3
-11150,28612,3455540,3
-4850,28613,3455707,5
-2400,28614,3455802,4
-8150,28615,3455990,4
-2050,28616,3456060,4
-10300,28617,3456248,3
-4300,28618,3456308,3
-3650,28619,3456361,3
-6600,28620,3456500,4
-4400,28621,3456570,3
-7200,28622,3456692,3
-3850,28623,3456745,3
-4950,28624,3456824,3
-4300,28625,3456884,3
-17750,28626,3457268,4
-4650,28627,3457337,3
-5800,28628,3457460,4
1300,28629,3457490,5
-1750,28630,3457620,6
-2750,28631,3457655,3
-7500,28632,3457844,4
-1850,28633,3457914,4
-6200,28634,3458036,3
-4950,28635,3458136,4
-9150,28636,3458307,3
-10950,28637,3458486,3
400,28638,3458526,5
850,28639,3458555,5
-4850,28640,3458612,3
-4450,28641,3458665,3
-1450,28642,3458682,3
-3000,28643,3458748,3
-15800,28644,3459075,4
-2950,28645,3459188,5
-3800,28646,3459254,3
-6250,28647,3459380,4
-12800,28648,3459655,4
-13650,28649,3459896,3
-4100,28650,3459956,3
-14150,28651,3460227,3
-4850,28652,3460280,3
-10600,28653,3460532,5
350,28654,3460623,5
-4850,28655,3460724,3
-20750,28656,3461111,3
-8050,28657,3461240,3
-5100,28658,3461300,3
-4350,28659,3461379,3
-3350,28660,3461492,5
1200,28661,3461590,7
-12650,28662,3461876,4
-2850,28663,3461929,3
-8550,28664,3462068,3
-4400,28665,3462134,3
-6900,28666,3462452,9
-13600,28667,3462723,4
-1550,28668,3462837,6
-12000,28669,3463081,5
-1000,28670,3463107,3
-3850,28671,3463160,3
-1550,28672,3463179,3
-3250,28673,3463220,3
-9650,28674,3463414,4
-5250,28675,3463491,3
400,28676,3463625,7
-3250,28677,3463670,3
-15450,28678,3463988,4
-5350,28679,3464071,3
-7650,28680,3464180,3
-12850,28681,3464442,4
-7200,28682,3464564,3
-4750,28683,3464619,3
1100,28684,3464715,7
-3250,28685,3464756,3
-5600,28686,3464826,3
-9750,28687,3465001,3
-6150,28688,3465084,3
2000,28689,3465227,8
-6850,28690,3465332,3
750,28691,3465482,8
-1300,28692,3465650,7
-3850,28693,3465716,4
-2750,28694,3465771,3
-3850,28695,3465852,3
-11550,28696,3466100,4
-5750,28697,3466273,5
-5850,28698,3466484,5
-8300,28699,3466616,3
-3500,28700,3466676,3
4050,28701,3466731,7
-200,28702,3466857,7
-2000,28703,3466948,4
-7900,28704,3467060,3
-1900,28705,3467331,10
-5700,28706,3467403,3
-3900,28707,3467447,3
-5500,28708,3467523,3
-4450,28709,3467576,3
4400,28710,3467642,7
-6500,28711,3467828,5
-4250,28712,3467881,3
-1450,28713,3468099,8
-6650,28714,3468212,3
-1950,28715,3468329,5
1900,28716,3468347,5
-3500,28717,3468404,4
350,28718,3468487,5
-13900,28719,3468788,4
-8100,28720,3469035,6
-1300,28721,3469059,3
-4850,28722,3469112,3
-14100,28723,3469364,3
1350,28724,3469539,9
-2000,28725,3469639,5
-9900,28726,3469827,3
-4650,28727,3469880,3
-7050,28728,3469993,3
-2850,28729,3470010,3
-5400,28730,3470072,3
-8200,28731,3470292,5
-12500,28732,3470516,3
-1200,28733,3470571,4
-2300,28734,3470681,5
3350,28735,3470778,7
-5850,28736,3470859,3
-6000,28737,3471092,6
-15800,28738,3471476,5
-9750,28739,3471627,3
-4250,28740,3471668,3
-5350,28741,3471747,3
-6700,28742,3471863,3
1750,28743,3471915,6
-5100,28744,3472052,4
-6950,28745,3472184,4
-14800,28746,3472438,3
-10600,28747,3472628,3
-1300,28748,3472681,4
-50,28749,3472707,4
-7600,28750,3472829,3
-11700,28751,3473021,3
-8200,28752,3473204,4
-3850,28753,3473257,3
-5150,28754,3473336,3
1250,28755,3473451,7
-3700,28756,3473528,4
-3950,28757,3473591,3
-4900,28758,3473667,3
-8000,28759,3473846,4
-4450,28760,3473972,4
-16900,28761,3474296,3
-5100,28762,3474356,3
-4350,28763,3474419,3
-6200,28764,3474690,8
-10250,28765,3474932,4
-7950,28766,3475194,6
-4650,28767,3475316,4
-6150,28768,3475395,3
-4250,28769,3475448,3
2200,28770,3475509,6
-1250,28771,3475563,4
-1900,28772,3475587,3
-3050,28773,3475640,3
-5100,28774,3475700,3
-2600,28775,3475779,4
-4300,28776,3475851,3
-4200,28777,3475901,3
-2100,28778,3475958,4
-6450,28779,3476087,3
-4600,28780,3476137,3
-3200,28781,3476163,3
-4850,28782,3476216,3
1100,28783,3476331,6
-10450,28784,3476521,4
-1400,28785,3476547,3
-4850,28786,3476600,3
-1600,28787,3476619,4
-3800,28788,3476669,3
2000,28789,3476709,5
-4850,28790,3476852,5
-2850,28791,3476905,3
-12600,28792,3477180,4
-4700,28793,3477236,3
-7900,28794,3477368,3
-2900,28795,3477428,3
-100,28796,3477470,5
1500,28797,3477488,5
-600,28798,3477511,4
-7300,28799,3477676,4
-2000,28800,3477686,3
1200,28801,3477726,5
-5800,28802,3477812,3
-11100,28803,3478004,3
-3050,28804,3478057,3
-700,28805,3478090,4
-7950,28806,3478295,5
-6450,28807,3478388,3
-4600,28808,3478454,3
-1300,28809,3478580,5
-11650,28810,3478773,3
-4600,28811,3478827,3
-5550,28812,3478964,5
-2850,28813,3479017,3
-12400,28814,3479235,3
-4850,28815,3479288,3
-12700,28816,3479540,3
-4050,28817,3479593,3
-17150,28818,3479924,3
-12050,28819,3480186,4
-11550,28820,3480369,3
-5550,28821,3480440,3
-7550,28822,3480579,3
-4100,28823,3480692,4
-4150,28824,3480841,5
-6850,28825,3480950,3
-1050,28826,3480963,3
-7450,28827,3481076,3
2000,28828,3481133,6
-6000,28829,3481268,4
-3350,28830,3481323,3
-5700,28831,3481460,4
-5600,28832,3481640,5
-3550,28833,3481708,4
-2000,28834,3481718,3
-3800,28835,3481784,3
-4300,28836,3481844,3
-4750,28837,3481899,3
-5650,28838,3481976,3
-11350,28839,3482187,3
-3650,28840,3482228,3
-5600,28841,3482298,3
-2700,28842,3482420,5
-400,28843,3482569,6
-7050,28844,3482678,3
-7400,28845,3482804,3
-4350,28846,3482883,3
-4250,28847,3482936,3
-4700,28848,3482996,3
-8700,28849,3483128,3
-3050,28850,3483197,3
-1750,28851,3483290,5
1750,28852,3483317,5
-2600,28853,3483380,4
550,28854,3483463,5
-7600,28855,3483581,3
-7750,28856,3483773,4
-10350,28857,3483956,3
-3000,28858,3484035,4
-4850,28859,3484088,3
-23100,28860,3484532,3
-4250,28861,3484585,3
-5350,28862,3484668,3
-2900,28863,3484724,3
-9550,28864,3484916,4
-6300,28865,3484996,3
-5700,28866,3485108,3
-3600,28867,3485174,3
-9750,28868,3485366,4
-6800,28869,3485492,3
-2300,28870,3485702,9
-2750,28871,3485737,3
-1650,28872,3485754,3
-650,28873,3485841,5
-1950,28874,3485876,3
-3100,28875,3486060,7
-6200,28876,3486219,4
-3850,28877,3486260,3
-4850,28878,3486313,3
-3000,28879,3486339,3
-10200,28880,3486505,3
-7550,28881,3486644,3
-11850,28882,3486845,3
-50,28883,3486888,5
-50,28884,3486996,6
-2100,28885,3487094,5
-1300,28886,3487220,5
-8500,28887,3487352,3
-4650,28888,3487466,4
-1100,28889,3487478,3
-6250,28890,3487604,4
-5200,28891,3487674,3
1200,28892,3487739,6
-10850,28893,3487928,3
-8150,28894,3488067,3
-5100,28895,3488250,6
-12050,28896,3488582,6
-12650,28897,3488811,3
-350,28898,3488864,5
-1200,28899,3488948,5
-3200,28900,3489014,3
-2850,28901,3489084,4
-4700,28902,3489140,3
-9150,28903,3489332,4
-4350,28904,3489387,3
-2900,28905,3489411,3
-7450,28906,3489524,3
-3850,28907,3489577,3
-6150,28908,3489656,3
-3850,28909,3489799,5
-7450,28910,3489908,3
-5000,28911,3489974,3
2950,28912,3490027,7
-1900,28913,3490100,4
150,28914,3490155,5
-6300,28915,3490292,4
-11500,28916,3490484,3
-1800,28917,3490567,4
-13850,28918,3490808,3
-950,28919,3490827,3
-2050,28920,3490868,3
-10500,28921,3491060,3
-550,28922,3491125,5
-8250,28923,3491254,3
-11400,28924,3491444,3
-1300,28925,3491522,5
-5050,28926,3491595,3
-2050,28927,3491636,3
-4950,28928,3491715,3
-4850,28929,3491768,3
1350,28930,3491828,6
350,28931,3491925,7
-700,28932,3492020,6
-5600,28933,3492086,3
-2150,28934,3492199,5
-2400,28935,3492295,5
-9200,28936,3492523,5
-5850,28937,3492596,3
-15750,28938,3492867,3
-7900,28939,3492983,3
-3050,28940,3493172,7
2050,28941,3493214,6
-6400,28942,3493444,7
-6700,28943,3493556,3
-8950,28944,3493748,4
-5500,28945,3493946,5
-6500,28946,3494132,5
-5800,28947,3494300,5
1650,28948,3494329,5
-11550,28949,3494516,3
-4150,28950,3494571,3
-4450,28951,3494652,3
-3700,28952,3494708,3
-800,28953,3494763,4
-4100,28954,3494900,4
-9500,28955,3495092,3
-3850,28956,3495145,3
-17700,28957,3495485,3
-8800,28958,3495668,4
-15350,28959,3495939,3
-7800,28960,3496061,3
-1650,28961,3496152,5
-3600,28962,3496244,5
-2850,28963,3496297,3
-6600,28964,3496436,4
600,28965,3496484,5
-5350,28966,3496628,4
-8350,28967,3496779,3
-2450,28968,3496820,3
-9750,28969,3497012,4
-3400,28970,3497091,4
-4850,28971,3497144,3
700,28972,3497202,5
750,28973,3497355,7
-3650,28974,3497396,3
-2550,28975,3497451,3
-5050,28976,3497532,3
-5100,28977,3497588,3
-4700,28978,3497734,5
-7650,28979,3497859,3
-7450,28980,3497972,3
-4600,28981,3498038,3
-2950,28982,3498164,6
400,28983,3498216,5
-200,28984,3498247,4
-6450,28985,3498356,3
-4050,28986,3498409,3
-2450,28987,3498426,3
-6550,28988,3498557,3
-15200,28989,3498872,4
-4100,28990,3498932,3
-7000,28991,3499190,7
-7450,28992,3499405,5
-6750,28993,3499508,3
2850,28994,3499563,7
300,28995,3499654,6
-7000,28996,3499842,5
-4400,28997,3500006,5
-2650,28998,3500084,4
-10850,28999,3500285,3
3000,29000,3500433,9
-3700,29001,3500534,4
-6200,29002,3500660,3
-2700,29003,3500863,6
-8450,29004,3500984,3
-5100,29005,3501044,3
-2500,29006,3501104,3
-1150,29007,3501123,3
3750,29008,3501225,8
-2550,29009,3501302,5
-6400,29010,3501428,3
-8900,29011,3501560,3
9050,29012,3501675,11
-1850,29013,3501766,5
-9400,29014,3501944,3
-3900,29015,3502004,3
-9150,29016,3502196,4
-4800,29017,3502266,3
-5400,29018,3502328,3
-9900,29019,3502586,5
-6850,29020,3502716,4
-2900,29021,3502772,3
-5600,29022,3502838,3
900,29023,3502958,7
3200,29024,3503019,6
-7650,29025,3503156,3
-250,29026,3503235,5
-7250,29027,3503348,3
2850,29028,3503386,6
-2450,29029,3503497,5
-5400,29030,3503604,4
-5700,29031,3503676,3
-3500,29032,3503814,5
-6600,29033,3503924,3
-4800,29034,3503994,3
-4400,29035,3504056,3
-8100,29036,3504172,3
-2000,29037,3504182,3
-14200,29038,3504440,3
-2350,29039,3504459,3
-4050,29040,3504500,3
900,29041,3504636,7
-4700,29042,3504692,3
350,29043,3504767,5
-14200,29044,3505160,6
-4150,29045,3505268,4
-3450,29046,3505321,3
-10900,29047,3505513,3
-1600,29048,3505539,3
-10300,29049,3505731,3
-7650,29050,3505844,3
750,29051,3505923,5
-250,29052,3506051,6
-6200,29053,3506293,7
-10450,29054,3506499,4
-7250,29055,3506612,3
-5200,29056,3506804,5
-10700,29057,3506996,3
-8300,29058,3507132,3
-5100,29059,3507188,3
-3850,29060,3507241,3
-4950,29061,3507320,3
-5500,29062,3507627,10
-150,29063,3507692,5
-7300,29064,3507821,4
-2400,29065,3507843,3
-4850,29066,3508014,5
-6200,29067,3508092,3
-4000,29068,3508227,4
-3450,29069,3508284,3
-7000,29070,3508406,3
-7000,29071,3508532,3
-3850,29072,3508585,3
-11050,29073,3508790,3
-5200,29074,3508856,3
-4100,29075,3508916,3
-8900,29076,3509052,3
-5100,29077,3509108,3
-3600,29078,3509178,3
-4000,29079,3509240,3
1200,29080,3509276,5
2850,29081,3509302,6
-3450,29082,3509379,3
-16450,29083,3509684,3
2100,29084,3509735,6
2350,29085,3509767,6
-17000,29086,3510077,3
-9000,29087,3510260,4
-8100,29088,3510392,3
-4700,29089,3510452,3
-4700,29090,3510598,5
-8250,29091,3510723,3
-6300,29092,3510839,3
-2600,29093,3510967,5
-3700,29094,3511028,4
-6950,29095,3511123,3
-4550,29096,3511223,4
-9850,29097,3511421,4
-10750,29098,3511604,3
-5050,29099,3511739,5
-4050,29100,3511796,3
-8100,29101,3511928,3
-8750,29102,3512067,3
-8700,29103,3512281,5
-1700,29104,3512372,6
-4750,29105,3512443,3
-7650,29106,3512564,3
350,29107,3512619,5
-4950,29108,3512756,5
-4450,29109,3512809,3
-8650,29110,3513003,4
-8850,29111,3513140,3
-11500,29112,3513332,3
-4950,29113,3513415,3
-16250,29114,3513716,3
-7100,29115,3513848,3
-4100,29116,3513908,3
-4950,29117,3513991,3
-3050,29118,3514040,3
750,29119,3514104,6
-7400,29120,3514292,5
-12050,29121,3514550,4
-2250,29122,3514563,3
-4850,29123,3514616,3
-11300,29124,3514812,3
-1950,29125,3514868,4
-4150,29126,3514947,3
-7850,29127,3515060,3
-5150,29128,3515143,3
1100,29129,3515336,8
-1150,29130,3515384,4
-3350,29131,3515444,4
-7900,29132,3515715,6
-4950,29133,3515828,5
-4250,29134,3515898,4
-3850,29135,3515964,4
400,29136,3516155,8
-3600,29137,3516291,5
-8500,29138,3516459,3
-3650,29139,3516611,6
-2300,29140,3516651,3
-11950,29141,3516854,3
-2450,29142,3516920,4
-16900,29143,3517228,3
-1800,29144,3517238,3
2550,29145,3517364,8
-5550,29146,3517500,4
-2150,29147,3517556,4
-4350,29148,3517705,5
-3200,29149,3517858,6
-1900,29150,3517940,5
-4950,29151,3517995,3
-3100,29152,3518019,3
-4850,29153,3518072,3
-6550,29154,3518187,3
-4650,29155,3518264,3
-5100,29156,3518324,3
-11900,29157,3518569,4
-2500,29158,3518683,5
300,29159,3518708,4
-11300,29160,3518900,3
-3050,29161,3518953,3
-2000,29162,3518979,3
-7250,29163,3519092,3
-500,29164,3519252,7
-5850,29165,3519476,6
1950,29166,3519531,5
900,29167,3519611,7
-8350,29168,3519734,3
-2050,29169,3519841,5
1250,29170,3519866,5
-9250,29171,3520052,4
-3650,29172,3520105,3
-1450,29173,3520122,3
-4600,29174,3520184,3
-1150,29175,3520285,5
-6450,29176,3520439,4
-4450,29177,3520516,3
-3550,29178,3520628,4
-3200,29179,3520694,3
100,29180,3520707,4
-4250,29181,3520764,3
-4700,29182,3520820,3
-2850,29183,3520886,4
-2250,29184,3520903,3
-2950,29185,3521078,7
-2900,29186,3521163,4
-3650,29187,3521204,3
-4750,29188,3521259,3
-2700,29189,3521283,3
-7650,29190,3521396,3
3450,29191,3521451,7
-2100,29192,3521532,4
-6800,29193,3521671,4
-8400,29194,3521833,3
-8350,29195,3521972,3
-4450,29196,3522025,3
-9550,29197,3522217,4
850,29198,3522307,6
-10450,29199,3522488,3
-5100,29200,3522548,3
-8500,29201,3522749,4
-4450,29202,3522806,3
-3400,29203,3522872,3
-5100,29204,3522932,3
-5400,29205,3523002,3
-5000,29206,3523068,3
-1900,29207,3523179,6
-11400,29208,3523386,4
-7000,29209,3523508,3
-3450,29210,3523561,3
-3200,29211,3523587,3
-4050,29212,3523640,3
-10900,29213,3523832,3
-4500,29214,3523892,3
-6250,29215,3524087,5
-14500,29216,3524355,3
-6050,29217,3524468,3
-10500,29218,3524660,3
-6000,29219,3524750,3
-1150,29220,3524819,5
2000,29221,3524855,5
-12100,29222,3525169,5
-4950,29223,3525236,3
-7950,29224,3525428,4
-5600,29225,3525494,3
-2450,29226,3525507,3
-9550,29227,3525686,3
-4400,29228,3525752,3
-4700,29229,3525812,3
7000,29230,3525921,10
-3400,29231,3526004,4
-14050,29232,3526249,3
3000,29233,3526331,7
-3450,29234,3526470,5
-4600,29235,3526524,3
-4700,29236,3526580,3
-1000,29237,3526635,4
-4100,29238,3526712,4
-1550,29239,3526731,3
-3500,29240,3526775,3
3000,29241,3526836,6
-16650,29242,3527165,3
-4850,29243,3527348,5
-14400,29244,3527619,4
-8650,29245,3527788,3
-1400,29246,3527798,3
-7800,29247,3527924,3
-8100,29248,3528060,3
-3700,29249,3528116,3
-1300,29250,3528190,5
-7600,29251,3528308,3
-4250,29252,3528496,6
-9750,29253,3528692,4
-800,29254,3528747,4
-4400,29255,3528903,5
-3300,29256,3528967,3
-9100,29257,3529159,3
-3850,29258,3529208,3
-7950,29259,3529323,3
-6850,29260,3529460,3
-11300,29261,3529652,3
-4250,29262,3529705,3
-2250,29263,3529722,3
-5400,29264,3529788,3
-11100,29265,3529980,3
-8400,29266,3530102,3
-7600,29267,3530228,3
-3250,29268,3530281,3
-14350,29269,3530552,3
-1600,29270,3530751,8
-4250,29271,3530804,3
-3950,29272,3530887,3
-1900,29273,3530973,5
-2000,29274,3531049,5
-4950,29275,3531128,3
-2700,29276,3531246,5
-2650,29277,3531463,7
-7650,29278,3531572,3
-4250,29279,3531625,3
-12200,29280,3531847,3
-7250,29281,3531956,3
-4800,29282,3532022,3
-7800,29283,3532214,5
-2200,29284,3532355,6
-10050,29285,3532532,3
1150,29286,3532587,5
-4150,29287,3532683,4
-7500,29288,3532803,3
-5650,29289,3532916,3
-8300,29290,3533048,3
400,29291,3533108,5
-4800,29292,3533195,4
-13500,29293,3533451,3
-5350,29294,3533547,4
-2900,29295,3533575,3
-13850,29296,3533820,3
-3150,29297,3533879,3
-6750,29298,3534068,5
-5600,29299,3534134,3
-2050,29300,3534200,4
-7550,29301,3534339,3
-10700,29302,3534588,4
-4700,29303,3534644,3
-5600,29304,3534710,3
-10300,29305,3534898,3
-7300,29306,3535183,8
-6650,29307,3535304,3
-7100,29308,3535412,3
-2050,29309,3535482,4
-8250,29310,3535607,3
-4500,29311,3535687,3
-6500,29312,3535799,3
-11050,29313,3535988,3
-2850,29314,3536041,3
-6350,29315,3536226,5
-700,29316,3536259,4
-4050,29317,3536312,3
-9000,29318,3536523,4
-3650,29319,3536564,3
-3450,29320,3536617,3
-1650,29321,3536630,3
-7400,29322,3536756,3
-3450,29323,3536809,3
-8350,29324,3536948,3
150,29325,3537003,5
-2750,29326,3537047,4
-6450,29327,3537140,3
-7500,29328,3537272,3
-3700,29329,3537332,3
-2550,29330,3537387,3
-2300,29331,3537411,3
-7050,29332,3537524,3
-2850,29333,3537577,3
-7950,29334,3537716,3
1500,29335,3537774,5
-15100,29336,3538059,4
-3250,29337,3538100,3
-5100,29338,3538168,3
-4900,29339,3538236,3
-1350,29340,3538292,4
-12700,29341,3538630,5
-4300,29342,3538764,5
-3100,29343,3538808,3
-4100,29344,3538868,3
-11100,29345,3539060,3
-8700,29346,3539192,3
-12300,29347,3539444,3
-8750,29348,3539636,4
-5000,29349,3539702,3
-1450,29350,3539883,7
-6050,29351,3539960,3
-9800,29352,3540171,4
-4400,29353,3540282,4
-14800,29354,3540536,3
-4300,29355,3540596,3
-5950,29356,3540675,3
-4750,29357,3540791,4
-150,29358,3540947,8
-4200,29359,3541033,3
-4600,29360,3541131,3
-3250,29361,3541172,3
-4000,29362,3541304,5
-4650,29363,3541443,5
-7800,29364,3541565,3
2450,29365,3541635,6
-6850,29366,3541748,3
-4450,29367,3541801,3
-3200,29368,3541827,3
-6300,29369,3541940,4
-4000,29370,3542006,3
-1250,29371,3542023,3
-6050,29372,3542132,3
-4750,29373,3542187,3
-1900,29374,3542211,3
-9500,29375,3542403,3
-20350,29376,3542778,3
-5200,29377,3542844,3
-4900,29378,3542900,3
-10900,29379,3543092,3
1600,29380,3543128,5
200,29381,3543241,6
-10750,29382,3543416,3
250,29383,3543531,7
-8650,29384,3543668,3
-4450,29385,3543721,3
-5150,29386,3543800,3
-6650,29387,3543926,4
-5450,29388,3544052,4
-10100,29389,3544244,3
350,29390,3544287,5
1700,29391,3544313,5
-8150,29392,3544518,5
-7000,29393,3544628,3
-4650,29394,3544767,5
-4050,29395,3544820,3
-4250,29396,3544873,3
-17000,29397,3545204,4
-4200,29398,3545270,3
-1050,29399,3545283,3
-4850,29400,3545336,3
-8150,29401,3545479,3
-10250,29402,3545644,3
-2000,29403,3545654,3
-5000,29404,3545724,3
-13100,29405,3545972,3
-3250,29406,3546025,3
-2050,29407,3546042,3
-5400,29408,3546104,3
-7100,29409,3546220,3
-2600,29410,3546234,3
-5900,29411,3546359,4
-5350,29412,3546422,3
-4800,29413,3546488,3
-4900,29414,3546548,3
50,29415,3546617,5
-11000,29416,3546819,3
-3850,29417,3546872,3
-7150,29418,3547012,4
-7500,29419,3547124,3
-4850,29420,3547177,3
-8550,29421,3547316,3
-10400,29422,3547511,4
-4600,29423,3547643,5
-5050,29424,3547700,3
-11700,29425,3547892,3
-4050,29426,3547945,3
-2050,29427,3547962,3
-5550,29428,3548168,6
-5300,29429,3548276,3
-4250,29430,3548329,3
1150,29431,3548401,6
-4150,29432,3548468,3
-11300,29433,3548726,5
-3700,29434,3548852,5
-5600,29435,3548918,3
-2050,29436,3548931,3
-3250,29437,3548984,3
-1700,29438,3549123,6
-4300,29439,3549236,4
-5750,29440,3549315,3
-4650,29441,3549368,3
0,29442,3549514,7
-7200,29443,3549620,3
-5000,29444,3549690,3
-2900,29445,3549820,5
-3550,29446,3549891,3
-4850,29447,3549944,3
-11100,29448,3550136,3
-4100,29449,3550196,3
-6000,29450,3550446,7
-12500,29451,3550772,5
-6800,29452,3550923,4
-6750,29453,3551030,3
-5250,29454,3551211,7
-8650,29455,3551348,3
-4450,29456,3551401,3
-8750,29457,3551540,3
-10100,29458,3551785,4
-2600,29459,3551811,3
-3100,29460,3551925,5
-11350,29461,3552116,3
-18700,29462,3552509,4
-11150,29463,3552692,3
-11850,29464,3552893,3
-4300,29465,3552937,3
-2800,29466,3552963,3
-6600,29467,3553077,3
-3300,29468,3553195,5
-400,29469,3553227,5
-3650,29470,3553268,3
-5200,29471,3553334,3
-4300,29472,3553419,4
700,29473,3553460,4
-8900,29474,3553592,3
-7550,29475,3553707,3
-4450,29476,3553784,3
-9300,29477,3553924,3
-6300,29478,3554036,3
-5000,29479,3554102,3
-11250,29480,3554307,3
-3650,29481,3554360,3
-12150,29482,3554612,4
-7650,29483,3554943,9
-4850,29484,3554996,3
-200,29485,3555089,6
-8100,29486,3555258,4
-14850,29487,3555572,4
-5650,29488,3555743,5
-13200,29489,3556026,4
1550,29490,3556049,5
2950,29491,3556084,5
-400,29492,3556107,4
-3650,29493,3556148,3
-3850,29494,3556201,3
-5000,29495,3556340,4
-4250,29496,3556393,3
-1800,29497,3556419,3
-4250,29498,3556472,3
-7950,29499,3556587,3
-6700,29500,3556724,4
-4000,29501,3556790,3
-6600,29502,3556916,3
2500,29503,3557062,9
-2800,29504,3557108,3
-3750,29505,3557163,3
-1700,29506,3557187,3
-1750,29507,3557259,4
-1850,29508,3557300,3
-7150,29509,3557492,4
-11300,29510,3557684,3
-3550,29511,3557763,3
-800,29512,3557856,6
-12850,29513,3558147,5
-14100,29514,3558452,4
-9250,29515,3558723,5
-9550,29516,3558902,3
-7000,29517,3559028,3
-14800,29518,3559286,3
-10350,29519,3559547,5
-12850,29520,3559796,3
1300,29521,3559826,5
-4500,29522,3559988,5
-4600,29523,3560071,4
-8000,29524,3560189,3
-2800,29525,3560309,5
-5150,29526,3560372,3
-9700,29527,3560564,3
-2850,29528,3560617,3
-1250,29529,3560835,8
-4850,29530,3560888,3
-4700,29531,3560948,3
-1000,29532,3561102,7
-13200,29533,3561332,3
-3050,29534,3561398,4
-2250,29535,3561411,3
-6850,29536,3561524,3
-5350,29537,3561607,3
-4250,29538,3561656,3
-3350,29539,3561716,4
-1400,29540,3561799,4
-6850,29541,3561908,3
-4100,29542,3561964,3
-50,29543,3561974,4
-7800,29544,3562100,3
-3650,29545,3562153,3
-2250,29546,3562170,3
-2050,29547,3562183,3
-9450,29548,3562389,4
-6750,29549,3562484,3
-5150,29550,3562563,3
-6850,29551,3562676,3
-4850,29552,3562729,3
-6000,29553,3562868,4
900,29554,3562947,6
-3050,29555,3563000,3
50,29556,3563069,5
-3400,29557,3563139,3
-7050,29558,3563252,3
-2550,29559,3563307,3
350,29560,3563367,6
-1900,29561,3563444,4
-3850,29562,3563497,3
-2600,29563,3563576,4
450,29564,3563657,5
-23050,29565,3564086,3
-5600,29566,3564152,3
-12800,29567,3564407,4
-5400,29568,3564485,3
-6150,29569,3564596,3
-5600,29570,3564662,3
-1950,29571,3564788,6
-1350,29572,3564841,5
-1600,29573,3564867,3
-3450,29574,3564920,3
-3450,29575,3564989,3
-11350,29576,3565172,3
-5750,29577,3565373,5
-3800,29578,3565443,3
-15650,29579,3565748,3
-4050,29580,3565801,3
-2450,29581,3565818,3
-7800,29582,3565940,3
-1900,29583,3566103,6
-900,29584,3566234,6
-5850,29585,3566380,4
-2000,29586,3566390,3
-6050,29587,3566516,4
-3050,29588,3566569,3
-3000,29589,3566595,3
-4850,29590,3566648,3
-4900,29591,3566708,3
900,29592,3566738,5
-8600,29593,3566982,5
3100,29594,3567017,6
-1800,29595,3567092,4
-5750,29596,3567171,3
2100,29597,3567284,8
-9350,29598,3567476,4
-17550,29599,3567860,4
-5350,29600,3567923,3
-9550,29601,3568118,3
-8750,29602,3568339,5
1850,29603,3568372,5
-4300,29604,3568436,3
-5950,29605,3568515,3
-10100,29606,3568707,3
-10400,29607,3568873,3
-7000,29608,3569065,5
-1800,29609,3569091,3
-7450,29610,3569204,3
-3600,29611,3569287,4
-3250,29612,3569340,3
-4700,29613,3569396,3
2700,29614,3569460,7
-11550,29615,3569720,4
1500,29616,3569766,5
-10450,29617,3569972,4
-6350,29618,3570055,3
-8000,29619,3570173,3
100,29620,3570243,5
-10700,29621,3570492,4
-4700,29622,3570548,3
-3900,29623,3570740,7
-3850,29624,3570793,3
-5350,29625,3570872,3
-1850,29626,3571011,5
-6850,29627,3571124,3
-4450,29628,3571177,3
-2850,29629,3571194,3
-18100,29630,3571587,4
-400,29631,3571700,6
-9350,29632,3571892,4
2850,29633,3571967,7
-10350,29634,3572154,3
-4400,29635,3572332,7
-750,29636,3572355,3
-17600,29637,3572743,5
-16050,29638,3573044,3
2250,29639,3573102,6
-6700,29640,3573292,5
-2000,29641,3573302,3
-4550,29642,3573431,5
-3900,29643,3573511,3
-4100,29644,3573620,4
-10700,29645,3573944,7
-7850,29646,3574057,3
300,29647,3574115,5
-3500,29648,3574196,4
-5250,29649,3574294,4
-8650,29650,3574455,3
-500,29651,3574467,3
-5300,29652,3574539,3
-4350,29653,3574701,6
-4000,29654,3574772,4
-5150,29655,3574855,3
-1250,29656,3574942,5
1900,29657,3575017,6
-3000,29658,3575043,3
-11650,29659,3575236,3
-3700,29660,3575288,3
-4900,29661,3575348,3
-2900,29662,3575540,7
-3850,29663,3575593,3
-3700,29664,3575818,8
-5050,29665,3575883,3
-4250,29666,3575924,3
-3950,29667,3575979,3
-11950,29668,3576182,3
1000,29669,3576312,7
-3250,29670,3576374,4
-4800,29671,3576440,3
-4500,29672,3576500,3
-15000,29673,3576876,5
-6750,29674,3577016,4
-600,29675,3577104,5
-4550,29676,3577212,4
4350,29677,3577351,9
-6850,29678,3577460,3
-4350,29679,3577515,3
-8450,29680,3577652,3
-900,29681,3577758,5
-5050,29682,3577844,4
-15100,29683,3578210,5
-9850,29684,3578420,4
-4550,29685,3578483,3
-7200,29686,3578667,5
-1500,29687,3578691,3
-3850,29688,3578744,3
-10700,29689,3578940,3
-3700,29690,3578996,3
-3850,29691,3579049,3
-11300,29692,3579254,4
-9050,29693,3579435,3
-1400,29694,3579572,6
-5200,29695,3579638,3
-6400,29696,3579764,3
-4200,29697,3579896,5
-5000,29698,3579958,3
-10400,29699,3580148,3
-4250,29700,3580201,3
-2250,29701,3580218,3
-10800,29702,3580506,5
-3200,29703,3580630,5
-1750,29704,3580800,6
-2350,29705,3580860,4
-3950,29706,3580916,4
-7100,29707,3581114,5
-3500,29708,3581187,4
-9050,29709,3581353,4
-3000,29710,3581379,3
-10600,29711,3581545,3
-2800,29712,3581571,3
-7650,29713,3581684,3
-9150,29714,3581876,4
-3900,29715,3581932,3
750,29716,3581979,5
-3900,29717,3582068,4
-5150,29718,3582151,3
-7050,29719,3582260,3
-3650,29720,3582313,3
-2200,29721,3582339,3
-3650,29722,3582392,3
2150,29723,3582440,6
900,29724,3582507,6
-1500,29725,3582531,3
-1200,29726,3582615,5
-3450,29727,3582644,3
-4800,29728,3582710,3
-7400,29729,3582836,3
-14750,29730,3583107,3
-3650,29731,3583160,3
-7000,29732,3583286,3
-8400,29733,3583543,6
-5250,29734,3583604,3
-7700,29735,3583805,4
-15350,29736,3584068,3
-7700,29737,3584180,3
-1850,29738,3584427,9
2550,29739,3584451,6
-6850,29740,3584564,3
-10900,29741,3584756,3
-4150,29742,3584852,4
-23350,29743,3585332,4
-4000,29744,3585398,3
-4800,29745,3585464,3
-900,29746,3585583,6
-1750,29747,3585656,5
-5250,29748,3585725,3
-14650,29749,3585974,3
-7400,29750,3586100,3
-1450,29751,3586183,5
-5850,29752,3586292,3
-13150,29753,3586539,3
-11600,29754,3586729,3
-5950,29755,3586812,3
-3500,29756,3586868,3
-2200,29757,3586951,4
-8000,29758,3587069,3
-4100,29759,3587113,3
-2800,29760,3587139,3
-12350,29761,3587444,5
3650,29762,3587499,7
-5300,29763,3587636,4
-4000,29764,3587702,3
-4200,29765,3587910,5
-6400,29766,3588020,3
-19150,29767,3588404,4
-4450,29768,3588457,3
-2000,29769,3588483,3
-7850,29770,3588596,3
2600,29771,3588645,6
-6350,29772,3588797,4
-6750,29773,3588920,3
-4300,29774,3588980,3
-4000,29775,3589063,4
-5400,29776,3589227,5
-3700,29777,3589255,3
-3650,29778,3589304,3
-4300,29779,3589556,7
-4250,29780,3589609,3
-1050,29781,3589626,3
-150,29782,3589692,6
-3500,29783,3589748,3
-5900,29784,3589820,3
-4700,29785,3589880,3
-10300,29786,3590072,3
-4500,29787,3590132,3
-5350,29788,3590211,3
-1050,29789,3590379,6
-7850,29790,3590516,3
-4200,29791,3590582,3
-4600,29792,3590652,3
-4500,29793,3590708,3
-6100,29794,3590808,3
-9150,29795,3590955,3
-1500,29796,3590979,3
-1700,29797,3591147,7
-3200,29798,3591243,5
-3650,29799,3591284,3
-2850,29800,3591337,3
-9600,29801,3591618,6
-9900,29802,3591860,5
-3550,29803,3591915,3
-11600,29804,3592105,3
-1400,29805,3592131,3
-3250,29806,3592254,5
-10800,29807,3592436,3
-9350,29808,3592628,4
-3450,29809,3592681,3
-2250,29810,3592698,3
-15250,29811,3593012,4
-11200,29812,3593283,4
-4700,29813,3593396,4
-14200,29814,3593724,5
-13100,29815,3593972,3
-4000,29816,3594038,3
-5200,29817,3594108,3
-13300,29818,3594356,3
-20300,29819,3594740,3
-2450,29820,3594793,3
-8150,29821,3594932,3
2150,29822,3594993,7
350,29823,3595011,4
-3850,29824,3595064,3
500,29825,3595179,6
-7650,29826,3595316,3
-2800,29827,3595436,5
-2750,29828,3595508,4
4450,29829,3595559,7
-150,29830,3595669,6
-6800,29831,3595763,3
-11300,29832,3595947,3
-1100,29833,3595971,3
-7150,29834,3596242,7
-2000,29835,3596329,4
-7350,29836,3596468,3
800,29837,3596528,5
950,29838,3596551,5
-9850,29839,3596716,3
-2000,29840,3596726,3
-8000,29841,3596852,3
0,29842,3596900,5
1600,29843,3596916,5
-850,29844,3597048,6
-7750,29845,3597176,4
2650,29846,3597291,7
-800,29847,3597371,5
-4250,29848,3597428,3
-7900,29849,3597703,6
-3100,29850,3597812,4
-18900,29851,3598205,4
-9400,29852,3598388,4
-2450,29853,3598441,3
-14950,29854,3598712,3
-5100,29855,3598772,3
-9000,29856,3598964,5
-700,29857,3598990,5
-1700,29858,3599134,7
-4550,29859,3599209,3
-5000,29860,3599348,4
-11100,29861,3599540,3
-10700,29862,3599732,3
-11300,29863,3599924,3
-4750,29864,3599979,3
-8250,29865,3600116,3
-16300,29866,3600440,3
-1350,29867,3600459,3
-3250,29868,3600500,3
-4450,29869,3600553,3
-2650,29870,3600570,3
-8400,29871,3600692,3
750,29872,3600747,5
-9350,29873,3600963,4
-4450,29874,3601016,3
1700,29875,3601050,5
1450,29876,3601071,5
-9700,29877,3601268,4
-4250,29878,3601321,3
-3400,29879,3601347,3
-3450,29880,3601404,3
-4500,29881,3601460,3
-15750,29882,3601731,3
-7650,29883,3601844,3
-5000,29884,3601910,3
-5050,29885,3602036,4
2450,29886,3602119,7
-7950,29887,3602307,4
-4500,29888,3602514,6
-6600,29889,3602612,3
-3650,29890,3602665,3
-2600,29891,3602695,3
-6450,29892,3602804,3
-600,29893,3602860,5
-10400,29894,3603051,4
-2300,29895,3603075,3
200,29896,3603188,6
-10900,29897,3603380,3
-3000,29898,3603463,4
-1400,29899,3603547,5
1450,29900,3603576,5
-5150,29901,3603704,4
-4900,29902,3603764,3
-9550,29903,3603956,4
-3250,29904,3604009,3
-7150,29905,3604218,5
-10500,29906,3604419,4
-7350,29907,3604587,4
-8650,29908,3604724,3
-3450,29909,3604777,3
-6150,29910,3604856,3
-4850,29911,3604999,5
-1400,29912,3605083,5
1450,29913,3605100,5
-250,29914,3605163,5
-5300,29915,3605300,4
-4750,29916,3605355,3
-150,29917,3605408,5
-4150,29918,3605492,4
-4600,29919,3605562,3
-2250,29920,3605575,3
-7450,29921,3605684,3
-2450,29922,3605749,3
-3150,29923,3605816,3
-10700,29924,3606012,3
-7050,29925,3606121,3
-7950,29926,3606260,3
-6950,29927,3606531,7
-5050,29928,3606584,3
-11750,29929,3606836,4
-11900,29930,3607028,3
-1850,29931,3607094,4
-24600,29932,3607548,3
-5700,29933,3607796,7
-4250,29934,3607849,3
-2400,29935,3607875,3
-2500,29936,3607988,4
-7500,29937,3608189,4
-9350,29938,3608438,5
-1650,29939,3608455,3
-10850,29940,3608648,3
-5900,29941,3608756,3
-4800,29942,3608900,5
-7500,29943,3609004,3
-2000,29944,3609014,3
-4250,29945,3609099,3
-3250,29946,3609140,3
-10300,29947,3609332,3
-6150,29948,3609464,4
-7250,29949,3609716,6
-8750,29950,3609908,4
150,29951,3609963,5
-12150,29952,3610292,5
-3400,29953,3610358,3
-12050,29954,3610563,3
-5300,29955,3610635,3
-9150,29956,3610868,5
-3250,29957,3610921,3
-19450,29958,3611307,4
-7650,29959,3611444,3
50,29960,3611485,5
1100,29961,3611507,5
-6950,29962,3611639,4
-3200,29963,3611689,3
-2600,29964,3611715,3
-4850,29965,3611768,3
2900,29966,3611811,6
-3750,29967,3611883,4
-8600,29968,3612029,3
-5750,29969,3612104,3
-7500,29970,3612212,3
-1200,29971,3612288,5
-10950,29972,3612483,3
-2700,29973,3612536,4
-16950,29974,3612843,3
-8650,29975,3612980,3
-7900,29976,3613227,6
-2300,29977,3613251,3
-1200,29978,3613364,6
-3000,29979,3613419,4
-4100,29980,3613556,4
-2650,29981,3613609,3
-1700,29982,3613646,4
-6000,29983,3613748,3
-7750,29984,3613880,4
-6300,29985,3613996,3
-800,29986,3614006,3
1850,29987,3614075,5
-13250,29988,3614324,3
-4650,29989,3614475,5
-3250,29990,3614516,3
-3550,29991,3614571,3
-8650,29992,3614708,3
-5600,29993,3614774,3
-250,29994,3614787,3
-4250,29995,3614840,3
2550,29996,3614888,6
-2950,29997,3614993,5
-1850,29998,3615092,5
-600,29999,3615156,5
-4400,30000,3615243,4
-3650,30001,3615284,3
-13950,30002,3615608,4
-3900,30003,3615668,3
-4150,30004,3615723,3
-4150,30005,3615860,5
-13200,30006,3616118,3
-450,30007,3616131,3
-6650,30008,3616244,3
-4450,30009,3616297,3
-1850,30010,3616310,3
-2450,30011,3616323,3
-9450,30012,3616492,3
-1200,30013,3616502,3
-3000,30014,3616626,5
-150,30015,3616683,5
-4450,30016,3616764,3
-2900,30017,3616820,3
-5400,30018,3616886,3
-3300,30019,3617082,7
-4700,30020,3617293,6
-4550,30021,3617336,3
-8400,30022,3617588,5
-3050,30023,3617658,4
-13250,30024,3618052,8
-6100,30025,3618164,3
-3650,30026,3618217,3
-18100,30027,3618557,3
-2300,30028,3618683,5
-2900,30029,3618740,4
-4750,30030,3618795,3
-900,30031,3618872,4
-4900,30032,3618932,3
-13100,30033,3619185,4
-1600,30034,3619203,3
-4400,30035,3619417,7
-50,30036,3619508,5
-4550,30037,3619591,3
100,30038,3619657,5
-8600,30039,3619869,5
-3250,30040,3619976,5
-7500,30041,3620084,3
-3650,30042,3620137,3
-2450,30043,3620154,3
-7400,30044,3620276,3
150,30045,3620331,5
-2450,30046,3620422,5
-10400,30047,3620600,3
-4700,30048,3620660,3
-3700,30049,3620852,7
-4250,30050,3620905,3
-2450,30051,3620922,3
-3600,30052,3620984,3
-6950,30053,3621099,3
-4650,30054,3621180,3
-3900,30055,3621236,3
-3850,30056,3621289,3
-4800,30057,3621481,5
-2450,30058,3621579,4
-3850,30059,3621620,3
-4650,30060,3621673,3
-6350,30061,3621756,3
-4300,30062,3621812,3
-13000,30063,3622083,4
-10400,30064,3622249,3
-6600,30065,3622388,4
1350,30066,3622415,5
3150,30067,3622443,6
-12500,30068,3622712,4
-10500,30069,3622904,3
-3900,30070,3622964,3
-14200,30071,3623226,3
1400,30072,3623262,5
450,30073,3623348,6
3250,30074,3623403,7
300,30075,3623453,5
-2750,30076,3623480,3
-5300,30077,3623540,3
950,30078,3623615,5
-5300,30079,3623732,4
-5550,30080,3623815,3
-4650,30081,3623864,3
-5800,30082,3624007,4
-3450,30083,3624060,3
-7600,30084,3624182,3
-7400,30085,3624308,3
-3850,30086,3624361,3
-24900,30087,3624939,5
650,30088,3625020,5
-6850,30089,3625129,3
-8050,30090,3625364,5
-6100,30091,3625460,3
-2800,30092,3625543,4
-10300,30093,3625707,3
-1350,30094,3625722,3
-11100,30095,3625910,3
-4400,30096,3625976,3
-5100,30097,3626036,3
-8350,30098,3626228,4
-3850,30099,3626281,3
-14550,30100,3626552,3
-9550,30101,3626748,4
-2700,30102,3626804,3
-6900,30103,3627051,6
-8050,30104,3627188,3
-9750,30105,3627380,4
-3950,30106,3627459,3
-3100,30107,3627512,4
-9600,30108,3627723,4
-3650,30109,3627764,3
-5600,30110,3627834,3
-7200,30111,3627956,3
-12400,30112,3628203,4
-4850,30113,3628284,3
-5100,30114,3628340,3
-5600,30115,3628406,3
-6650,30116,3628491,3
-3650,30117,3628532,3
-6700,30118,3628730,5
-3250,30119,3628779,3
-6050,30120,3628860,3
-7250,30121,3628969,3
600,30122,3629108,8
-3600,30123,3629285,6
-4250,30124,3629501,6
-6200,30125,3629684,4
-650,30126,3629763,5
-4850,30127,3629816,3
-6650,30128,3629946,4
-4000,30129,3630008,3
-5000,30130,3630147,4
-3050,30131,3630200,3
-4900,30132,3630260,3
-2850,30133,3630321,3
-3200,30134,3630339,3
-4850,30135,3630392,3
950,30136,3630456,6
-7950,30137,3630644,4
-5000,30138,3630714,3
-13600,30139,3630968,3
-5100,30140,3631028,3
-11700,30141,3631220,3
-3850,30142,3631273,3
-17550,30143,3631604,3
-18650,30144,3632043,5
-5050,30145,3632124,3
-3700,30146,3632180,3
-3250,30147,3632233,3
1100,30148,3632358,8
1650,30149,3632387,5
-17900,30150,3632756,4
-2650,30151,3632948,6
-3450,30152,3633001,3
-2650,30153,3633018,3
-1500,30154,3633112,5
50,30155,3633193,5
2700,30156,3633264,6
-1400,30157,3633332,5
-5400,30158,3633398,3
-4250,30159,3633524,4
-4050,30160,3633577,3
-15350,30161,3633848,3
-5100,30162,3633908,3
-5400,30163,3634100,5
-5200,30164,3634170,3
-8000,30165,3634292,3
-8100,30166,3634424,3
-5100,30167,3634484,3
950,30168,3634539,5
1200,30169,3634563,5
-1800,30170,3634635,5
-3650,30171,3634676,3
-5350,30172,3634759,3
-4650,30173,3634808,3
-1250,30174,3634923,5
-2300,30175,3634947,3
-8000,30176,3635069,3
-2100,30177,3635175,5
-2500,30178,3635252,4
-6450,30179,3635459,5
-7050,30180,3635576,3
-7500,30181,3635787,6
-3650,30182,3635828,3
-4650,30183,3635885,3
-2800,30184,3635907,3
-5050,30185,3635964,3
-8750,30186,3636099,3
-8800,30187,3636282,4
-8350,30188,3636413,3
-5250,30189,3636555,4
-300,30190,3636596,4
-2150,30191,3636788,8
450,30192,3636980,8
-3850,30193,3637033,3
-1150,30194,3637172,7
-2800,30195,3637255,4
-13300,30196,3637556,4
-3900,30197,3637609,4
-2800,30198,3637635,3
-4850,30199,3637688,3
-7100,30200,3637919,6
-2050,30201,3637940,3
-10700,30202,3638132,3
900,30203,3638162,5
600,30204,3638185,4
-1800,30205,3638289,5
-6200,30206,3638407,3
-7400,30207,3638525,3
-2200,30208,3638621,5
-3450,30209,3638708,5
-3050,30210,3638761,3
-12000,30211,3638983,3
-6500,30212,3639095,3
-5850,30213,3639172,3
1400,30214,3639204,5
150,30215,3639284,6
-5750,30216,3639416,4
-6900,30217,3639626,5
-7100,30218,3639734,3
-7200,30219,3639860,3
-4200,30220,3639926,3
-5600,30221,3639996,3
-3900,30222,3640052,3
-1300,30223,3640184,7
2250,30224,3640218,6
800,30225,3640250,5
-8250,30226,3640436,4
750,30227,3640515,5
-7450,30228,3640628,3
-5950,30229,3640711,3
-7900,30230,3640823,3
-5350,30231,3640886,3
-4000,30232,3640952,3
-4700,30233,3641012,3
-11300,30234,3641204,3
-5350,30235,3641365,5
2150,30236,3641400,5
-4650,30237,3641449,3
-8350,30238,3641588,3
-5150,30239,3641671,3
-7250,30240,3641780,3
1000,30241,3641841,6
-10600,30242,3642028,4
-400,30243,3642038,3
-4800,30244,3642108,3
-5100,30245,3642164,3
-7900,30246,3642300,3
-4300,30247,3642356,3
-5050,30248,3642544,6
-9500,30249,3642822,5
-7600,30250,3642932,3
-8150,30251,3643190,6
-1650,30252,3643203,3
-6050,30253,3643325,4
-11150,30254,3643508,3
-11100,30255,3643700,3
-10350,30256,3643895,3
-1950,30257,3644016,5
-2150,30258,3644084,4
-3550,30259,3644139,3
-5250,30260,3644220,3
-350,30261,3644293,5
-5000,30262,3644355,3
-3650,30263,3644408,3
-8350,30264,3644547,3
-6200,30265,3644669,3
-10750,30266,3644852,3
2650,30267,3644976,8
-3750,30268,3645044,4
-14000,30269,3645315,4
-4650,30270,3645507,6
-3650,30271,3645560,3
-3350,30272,3645579,3
-2250,30273,3645620,3
-9950,30274,3645812,4
-10450,30275,3646013,3
-7750,30276,3646140,3
-4050,30277,3646197,3
-11150,30278,3646388,3
-3850,30279,3646441,3
-2850,30280,3646458,3
-7000,30281,3646580,3
-10800,30282,3646868,5
-3100,30283,3646904,3
-8650,30284,3647115,5
-3050,30285,3647156,3
-4750,30286,3647235,3
50,30287,3647403,8
-6300,30288,3647499,3
-6700,30289,3647619,3
-9050,30290,3647785,4
-3650,30291,3648006,7
-18650,30292,3648503,7
-3900,30293,3648579,3
-3650,30294,3648632,3
-11500,30295,3648828,3
-3700,30296,3648884,3
850,30297,3648929,5
-1950,30298,3649076,7
-7100,30299,3649208,3
-11100,30300,3649400,3
4050,30301,3649451,7
-3750,30302,3649539,4
6000,30303,3649611,9
-3650,30304,3649652,3
-1700,30305,3649705,4
3750,30306,3649861,10
-4650,30307,3650004,5
-10500,30308,3650266,5
-16450,30309,3650665,5
-4150,30310,3650744,3
-3500,30311,3650804,3
550,30312,3650859,5
-5950,30313,3650996,5
1550,30314,3651051,5
-12500,30315,3651320,4
-1950,30316,3651339,3
-3800,30317,3651389,3
-10550,30318,3651572,3
1900,30319,3651622,5
-2200,30320,3651742,5
-4900,30321,3651843,4
-1350,30322,3651957,6
-6050,30323,3652148,5
500,30324,3652178,5
1450,30325,3652203,5
-350,30326,3652231,4
-7050,30327,3652340,3
1250,30328,3652385,5
-4200,30329,3652497,5
-7800,30330,3652611,3
-5050,30331,3652664,3
2650,30332,3652706,6
-1000,30333,3652777,4
-7950,30334,3652916,3
-3800,30335,3652986,3
-4600,30336,3653052,3
-4100,30337,3653108,3
-5800,30338,3653304,5
-3650,30339,3653353,3
-6150,30340,3653436,3
-5100,30341,3653492,3
-15350,30342,3653763,3
-4850,30343,3653816,3
-5050,30344,3653987,5
-6050,30345,3654068,3
-6950,30346,3654204,4
-2300,30347,3654260,3
-15550,30348,3654535,3
-10900,30349,3654776,4
-5100,30350,3654836,3
1900,30351,3654878,5
-2450,30352,3654993,5
-7600,30353,3655107,3
-4850,30354,3655160,3
-7900,30355,3655276,3
-7700,30356,3655412,3
-11500,30357,3655604,3
-4250,30358,3655657,3
-6950,30359,3655796,3
-4850,30360,3655849,3
-1400,30361,3655875,3
-2000,30362,3655979,5
-6900,30363,3656124,4
-2150,30364,3656180,4
-4850,30365,3656233,3
-3050,30366,3656250,3
-5400,30367,3656414,5
-8050,30368,3656677,5
-7500,30369,3656809,3
-8750,30370,3656948,3
-5600,30371,3657018,3
-6800,30372,3657140,3
-2800,30373,3657219,4
-4450,30374,3657272,3
-6900,30375,3657524,7
-11300,30376,3657716,3
950,30377,3657771,5
-3000,30378,3657911,5
-3950,30379,3657987,4
-3250,30380,3658040,3
-5200,30381,3658196,5
-2800,30382,3658292,5
-8100,30383,3658428,3
-2900,30384,3658484,3
-21100,30385,3658868,3
-9150,30386,3659060,4
-4950,30387,3659143,3
-6450,30388,3659252,3
-4650,30389,3659305,3
-2350,30390,3659332,3
-4150,30391,3659444,4
-12050,30392,3659645,3
-7050,30393,3659828,5
950,30394,3659883,5
-5150,30395,3660020,5
-6300,30396,3660152,3
-4800,30397,3660370,7
-600,30398,3660474,5
-8200,30399,3660596,3
-11700,30400,3660788,3
-3450,30401,3660923,5
-4850,30402,3660980,3
-15750,30403,3661251,3
-8650,30404,3661420,3
-2000,30405,3661430,3
-10200,30406,3661609,4
-3000,30407,3661635,3
-6650,30408,3661748,3
-11100,30409,3661940,3
-4450,30410,3661993,3
-6550,30411,3662132,3
-8150,30412,3662324,4
-11100,30413,3662516,3
-7700,30414,3662648,3
-2550,30415,3662667,3
-3450,30416,3662708,3
-8650,30417,3662940,6
-2600,30418,3662970,3
-17000,30419,3663293,4
-10350,30420,3663476,3
-4450,30421,3663529,3
-3050,30422,3663668,5
-3500,30423,3663823,6
2800,30424,3663852,6
-6150,30425,3663992,4
-5100,30426,3664052,3
-5600,30427,3664122,3
-6450,30428,3664244,4
-3250,30429,3664297,3
-11300,30430,3664489,3
-6600,30431,3664587,3
-3450,30432,3664628,3
-3850,30433,3664681,3
-26550,30434,3665204,3
-3250,30435,3665270,4
450,30436,3665339,5
-2300,30437,3665396,4
-20100,30438,3665780,3
-4450,30439,3665833,3
-1750,30440,3665972,7
-3650,30441,3666025,3
-14550,30442,3666296,3
-2350,30443,3666315,3
-10050,30444,3666488,3
-4700,30445,3666548,3
-4450,30446,3666601,3
-10500,30447,3666793,3
-2850,30448,3666838,3
-4000,30449,3666872,3
-4700,30450,3667050,5
-900,30451,3667083,4
-4250,30452,3667124,3
-5250,30453,3667181,3
-11100,30454,3667369,3
-5550,30455,3667448,3
-4600,30456,3667575,4
-9550,30457,3667779,4
-50,30458,3667892,7
-4800,30459,3667962,3
-5400,30460,3668024,3
-8000,30461,3668150,3
-8600,30462,3668276,3
-3600,30463,3668346,3
-1650,30464,3668412,4
-4700,30465,3668468,3
-4200,30466,3668538,3
-7150,30467,3668669,3
-8000,30468,3668852,4
-4000,30469,3668918,3
-7800,30470,3669044,3
-11350,30471,3669239,3
-4350,30472,3669302,3
-17200,30473,3669620,3
-7700,30474,3669756,3
-2050,30475,3669867,5
-8450,30476,3670220,7
-3200,30477,3670266,3
-4200,30478,3670332,3
-4700,30479,3670388,3
150,30480,3670451,5
-550,30481,3670488,5
-8800,30482,3670737,6
-6400,30483,3670851,3
-6650,30484,3670964,3
-4450,30485,3671017,3
-5600,30486,3671222,6
-650,30487,3671235,3
-4850,30488,3671288,3
-10900,30489,3671480,3
-4300,30490,3671540,3
-3200,30491,3671595,4
-8650,30492,3671732,3
-6150,30493,3671811,3
-4850,30494,3671864,3
4900,30495,3671928,7
-4700,30496,3672008,3
-6300,30497,3672116,3
-1450,30498,3672182,4
-6800,30499,3672308,3
-10750,30500,3672503,3
-10600,30501,3672693,3
-9550,30502,3672884,3
-650,30503,3672942,4
-1650,30504,3672963,3
-6500,30505,3673079,3
950,30506,3673114,5
4000,30507,3673136,7
-1100,30508,3673238,5
-12800,30509,3673460,3
-8350,30510,3673611,3
-2650,30511,3673652,3
-15400,30512,3673914,3
-9050,30513,3674120,4
-7300,30514,3674228,3
-4050,30515,3674281,3
-6150,30516,3674360,3
-4900,30517,3674420,3
-12400,30518,3674691,4
-7650,30519,3674804,3
-9950,30520,3674996,4
-6950,30521,3675091,3
-17800,30522,3675442,4
-6200,30523,3675572,3
-3250,30524,3675625,3
-3150,30525,3675816,7
-8300,30526,3676022,5
2950,30527,3676095,7
-7000,30528,3676201,3
-8750,30529,3676340,3
-3600,30530,3676410,3
-12100,30531,3676692,5
-2900,30532,3676790,5
-7000,30533,3676916,3
-4850,30534,3676969,3
-2400,30535,3676995,3
-3900,30536,3677108,4
-6700,30537,3677244,3
-5100,30538,3677300,3
-6750,30539,3677432,4
-10600,30540,3677643,4
-6900,30541,3677739,3
-7450,30542,3677876,3
-4650,30543,3677965,3
1250,30544,3678195,10
-2700,30545,3678260,4
-4750,30546,3678315,3
-7850,30547,3678452,3
-2800,30548,3678612,5
-6350,30549,3678699,3
-2150,30550,3678714,3
-7800,30551,3678906,5
-4650,30552,3678987,3
-2450,30553,3679028,3
-4200,30554,3679094,3
-6200,30555,3679220,3
-8500,30556,3679356,3
-10700,30557,3679544,3
-2950,30558,3679604,4
-2500,30559,3679796,7
-4050,30560,3679849,3
-1850,30561,3679866,3
-3600,30562,3680212,11
-3200,30563,3680328,5
-5700,30564,3680428,3
350,30565,3680564,6
-10200,30566,3680759,4
-3650,30567,3680812,3
-2000,30568,3680822,3
-11150,30569,3681001,3
-1850,30570,3681014,3
-4000,30571,3681080,3
-3250,30572,3681286,8
-8450,30573,3681464,4
-4300,30574,3681524,3
-3350,30575,3681579,3
-5300,30576,3681716,4
550,30577,3681791,5
-13850,30578,3682040,3
-12750,30579,3682292,4
-12150,30580,3682679,7
-7650,30581,3682808,3
-3900,30582,3682868,3
1050,30583,3683052,8
-7550,30584,3683252,4
-3750,30585,3683307,3
-4050,30586,3683388,3
-4900,30587,3683444,3
-3650,30588,3683497,3
-15350,30589,3683768,3
-4300,30590,3683828,3
-3550,30591,3683883,3
800,30592,3683935,5
1950,30593,3683958,5
-1850,30594,3684020,4
-4450,30595,3684073,3
-2200,30596,3684099,3
-4250,30597,3684152,3
-2700,30598,3684212,3
-6150,30599,3684397,5
-3000,30600,3684488,4
-7500,30601,3684596,3
-4200,30602,3684662,3
-3500,30603,3684747,4
-2450,30604,3684788,3
-3150,30605,3684843,3
-2550,30606,3684858,3
-12450,30607,3685059,3
-16250,30608,3685364,3
-3850,30609,3685417,3
-6800,30610,3685515,3
-3250,30611,3685556,3
1150,30612,3685611,5
-2950,30613,3685716,5
-2950,30614,3685751,3
-7250,30615,3685880,3
-4100,30616,3685940,3
-11700,30617,3686132,3
-3850,30618,3686185,3
-10450,30619,3686379,4
-2300,30620,3686403,3
-6250,30621,3686516,3
-900,30622,3686651,6
-3650,30623,3686708,3
-2350,30624,3686763,3
-9200,30625,3686966,4
-6050,30626,3687092,4
-5600,30627,3687158,3
-4800,30628,3687228,3
-2900,30629,3687284,3
-7900,30630,3687416,3
-7250,30631,3687529,3
-7400,30632,3687773,5
1200,30633,3687863,7
-10850,30634,3688052,3
-4300,30635,3688108,3
-2250,30636,3688244,6
-5400,30637,3688310,3
-1850,30638,3688327,3
-5450,30639,3688436,3
-3000,30640,3688515,4
-3650,30641,3688568,3
-5450,30642,3688637,3
-6400,30643,3688820,4
-3850,30644,3688873,3
-8550,30645,3689012,3
-6600,30646,3689212,5
-9100,30647,3689396,3
-5400,30648,3689462,3
-10650,30649,3689836,8
-1750,30650,3689859,3
-10500,30651,3690027,3
-2900,30652,3690055,3
-800,30653,3690250,8
-7600,30654,3690438,5
-6600,30655,3690548,3
-9300,30656,3690740,3
-3050,30657,3690793,3
-8550,30658,3690932,3
-15350,30659,3691203,3
-3900,30660,3691316,4
-4750,30661,3691371,3
-5450,30662,3691448,3
-5100,30663,3691508,3
-8700,30664,3691640,3
-7800,30665,3691766,3
-2950,30666,3691945,7
-1400,30667,3691971,3
-6450,30668,3692084,3
-4700,30669,3692234,5
1100,30670,3692264,5
-12350,30671,3692557,5
-2950,30672,3692604,3
-4900,30673,3692660,3
-5150,30674,3692739,3
-7250,30675,3692852,3
-3850,30676,3692905,3
-5750,30677,3692984,3
-3700,30678,3693044,3
-10300,30679,3693236,3
350,30680,3693291,5
1800,30681,3693311,5
-4050,30682,3693368,3
-7600,30683,3693494,3
-8000,30684,3693620,3
-10100,30685,3693812,3
-4650,30686,3693865,3
-2850,30687,3693882,3
-11050,30688,3694059,3
-2300,30689,3694140,4
-4700,30690,3694196,3
-5050,30691,3694249,3
-2850,30692,3694266,3
-15650,30693,3694678,6
-12450,30694,3695022,6
-7650,30695,3695156,4
-8000,30696,3695307,4
-3450,30697,3695348,3
750,30698,3695387,5
-8600,30699,3695619,5
-4300,30700,3695691,3
-2650,30701,3695732,3
1850,30702,3695811,7
-1350,30703,3695904,5
-7000,30704,3696116,5
2150,30705,3696195,5
600,30706,3696366,8
-8200,30707,3696500,3
800,30708,3696651,8
-3250,30709,3696692,3
2850,30710,3696840,8
-100,30711,3696977,8
-5200,30712,3697079,3
-16350,30713,3697493,6
-3850,30714,3697526,3
-400,30715,3697652,7
-5350,30716,3697735,3
-8150,30717,3697960,5
1750,30718,3697979,5
-5050,30719,3698036,3
-5200,30720,3698106,3
-4200,30721,3698168,3
-3100,30722,3698228,3
-3850,30723,3698281,3
-1850,30724,3698298,3
-2250,30725,3698413,5
-1400,30726,3698476,4
-1400,30727,3698486,3
-4800,30728,3698556,3
-4700,30729,3698612,3
-11500,30730,3698804,3
-150,30731,3698865,5
-4350,30732,3699005,4
-3500,30733,3699053,3
-1400,30734,3699075,3
-7150,30735,3699244,5
1800,30736,3699288,5
-2100,30737,3699324,3
-4900,30738,3699380,3
-10700,30739,3699572,3
-7700,30740,3699704,3
-2350,30741,3699846,6
-6200,30742,3699956,3
-11900,30743,3700148,3
350,30744,3700207,5
-1700,30745,3700321,5
-4250,30746,3700403,4
-3150,30747,3700532,5
-5600,30748,3700598,3
-5650,30749,3700683,3
-3650,30750,3700724,3
1750,30751,3700779,5
1550,30752,3700868,7
-8200,30753,3700986,3
-2250,30754,3701048,4
-11100,30755,3701240,3
-5100,30756,3701300,3
-20350,30757,3701684,4
-3800,30758,3701754,3
-5400,30759,3701820,3
50,30760,3701876,4
-10300,30761,3702138,5
-7600,30762,3702260,3
-2250,30763,3702313,3
-8750,30764,3702452,3
-3400,30765,3702522,3
-10900,30766,3702714,3
-6600,30767,3702836,3
-11450,30768,3703037,3
-5050,30769,3703094,3
-2250,30770,3703107,3
-9450,30771,3703276,3
-2000,30772,3703286,3
-4800,30773,3703352,3
-5100,30774,3703412,3
-3950,30775,3703467,3
-7300,30776,3703604,4
-5150,30777,3703687,3
-4900,30778,3703862,6
-4100,30779,3703988,5
-3850,30780,3704152,6
-3450,30781,3704189,3
-20550,30782,3704564,3
-3400,30783,3704630,3
-7200,30784,3704756,3
-8500,30785,3704888,3
-10100,30786,3705044,3
-6100,30787,3705140,3
-7600,30788,3705291,4
-2450,30789,3705332,3
-4050,30790,3705385,3
-2050,30791,3705402,3
-10700,30792,3705590,3
-3600,30793,3705656,3
-4700,30794,3705716,3
-1450,30795,3705799,5
-9950,30796,3705974,3
-6200,30797,3706235,6
-4050,30798,3706292,3
-10900,30799,3706484,3
-9500,30800,3706676,3
-4350,30801,3706731,3
-6650,30802,3706868,3
-11650,30803,3707061,3
-1150,30804,3707252,7
-10300,30805,3707444,3
-5400,30806,3707514,3
-8400,30807,3707636,3
-4850,30808,3707689,3
-250,30809,3707744,5
-3150,30810,3707828,4
-3800,30811,3707911,4
-850,30812,3708006,5
-2500,30813,3708099,4
-4850,30814,3708152,3
-2950,30815,3708171,3
-3800,30816,3708221,3
-1450,30817,3708295,4
-7050,30818,3708404,3
-5400,30819,3708470,3
-2550,30820,3708596,6
-11650,30821,3708797,3
-6550,30822,3708924,3
-1550,30823,3708939,3
-2250,30824,3708980,3
-11300,30825,3709172,3
-10700,30826,3709364,3
-4200,30827,3709434,3
-4800,30828,3709565,4
-7550,30829,3709688,3
-8750,30830,3709884,4
-3100,30831,3709940,3
-11150,30832,3710135,3
-10250,30833,3710324,3
-7800,30834,3710519,4
0,30835,3710571,5
-2500,30836,3710652,4
-4900,30837,3710708,3
-2550,30838,3710763,3
-6250,30839,3710844,3
-3500,30840,3710900,3
-3850,30841,3710953,3
-10300,30842,3711158,4
-8000,30843,3711284,3
-5350,30844,3711363,3
-7450,30845,3711476,3
-5600,30846,3711542,3
-4600,30847,3711612,3
-5150,30848,3711723,3
-5850,30849,3711800,3
650,30850,3711833,5
2450,30851,3711875,6
-5150,30852,3712052,5
-6400,30853,3712244,5
-3850,30854,3712297,3
-20300,30855,3712694,4
-6050,30856,3712820,4
-4050,30857,3712955,5
-4050,30858,3713012,3
-4950,30859,3713091,3
-4850,30860,3713144,3
-6200,30861,3713283,4
-12850,30862,3713528,3
-4300,30863,3713588,3
1050,30864,3713641,5
-800,30865,3713667,3
-4900,30866,3713739,3
-3300,30867,3713783,3
-4600,30868,3713833,3
-3200,30869,3713859,3
-5650,30870,3713972,3
-2750,30871,3714073,5
-3350,30872,3714104,3
-800,30873,3714164,5
2200,30874,3714212,5
-13200,30875,3714507,4
-3050,30876,3714548,3
-4650,30877,3714601,3
-9150,30878,3714740,3
-8300,30879,3714872,3
-2150,30880,3714932,4
-850,30881,3715002,4
-6400,30882,3715124,3
-4350,30883,3715179,3
-1500,30884,3715203,3
-1700,30885,3715371,7
-6500,30886,3715508,4
-4050,30887,3715561,3
-1850,30888,3715578,3
-9100,30889,3715919,8
-3600,30890,3715945,3
-7100,30891,3716139,5
-5250,30892,3716220,3
3800,30893,3716262,7
-5750,30894,3716427,5
-6000,30895,3716521,3
-6200,30896,3716619,3
2700,30897,3716703,7
-1750,30898,3716730,3
-1450,30899,3716743,3
-4650,30900,3716792,3
-6550,30901,3716907,3
-1700,30902,3716931,3
-5100,30903,3717003,3
-7350,30904,3717110,3
-7800,30905,3717236,3
-2550,30906,3717291,3
-15850,30907,3717564,3
-7150,30908,3717675,3
-2700,30909,3717703,3
-4750,30910,3717815,4
-7300,30911,3718004,4
750,30912,3718059,5
250,30913,3718083,4
-1600,30914,3718167,5
-400,30915,3718191,5
-19300,30916,3718580,4
-5850,30917,3718743,5
-3550,30918,3718851,4
-2850,30919,3718908,3
-4650,30920,3718973,3
-5050,30921,3719030,3
-7600,30922,3719156,3
350,30923,3719211,5
-1600,30924,3719311,5
-8550,30925,3719540,5
-3150,30926,3719595,3
-8250,30927,3719732,3
-4600,30928,3719798,3
-7400,30929,3719924,3
-5200,30930,3720116,5
-11700,30931,3720308,3
-4450,30932,3720361,3
-5150,30933,3720444,3
-9500,30934,3720632,3
-23100,30935,3721076,3
-7350,30936,3721208,4
-2350,30937,3721227,3
-8100,30938,3721347,3
-3650,30939,3721400,3
-350,30940,3721419,3
-2650,30941,3721460,3
-600,30942,3721536,5
-7300,30943,3721652,3
-5400,30944,3721718,3
-2450,30945,3721731,3
650,30946,3721784,5
-4300,30947,3721844,3
-11650,30948,3722155,5
-5050,30949,3722228,3
-10900,30950,3722420,3
350,30951,3722667,9
-10800,30952,3722857,3
-9150,30953,3722996,3
-3450,30954,3723049,3
-6700,30955,3723243,5
-16250,30956,3723572,3
-3050,30957,3723625,3
-7400,30958,3723767,3
-14650,30959,3724148,7
-4250,30960,3724201,3
-2650,30961,3724218,3
-4600,30962,3724284,3
-4500,30963,3724340,3
2900,30964,3724391,6
-1500,30965,3724419,3
-9900,30966,3724616,4
-3100,30967,3724664,3
-3900,30968,3724724,3
-11050,30969,3725000,6
-10600,30970,3725178,3
-2050,30971,3725191,3
-3900,30972,3725300,4
-20700,30973,3725684,3
-14600,30974,3725955,4
-8050,30975,3726068,3
-4950,30976,3726139,3
-4500,30977,3726260,4
-7000,30978,3726452,5
-5200,30979,3726723,8
-9400,30980,3726906,4
-5400,30981,3726968,3
1400,30982,3727098,7
-10950,30983,3727273,3
-7400,30984,3727412,4
-400,30985,3727505,6
-5950,30986,3727604,3
-1200,30987,3727659,4
-5250,30988,3727851,6
-12350,30989,3728058,3
-6800,30990,3728286,5
-6000,30991,3728372,3
-8450,30992,3728619,5
-10700,30993,3728811,3
-7450,30994,3728948,3
-3450,30995,3729083,5
5000,30996,3729195,9
-12900,30997,3729427,3
-5850,30998,3729524,3
-4350,30999,3729579,3
-5300,31000,3729716,4
-4250,31001,3729769,3
-13550,31002,3730040,3
-2700,31003,3730100,3
-7750,31004,3730292,4
-6050,31005,3730455,5
-3700,31006,3730487,3
-7050,31007,3730620,3
-12550,31008,3730868,4
-2850,31009,3730921,3
-10750,31010,3731144,3
4450,31011,3731203,7
-4250,31012,3731252,3
-2950,31013,3731319,3
-5500,31014,3731403,3
-4750,31015,3731527,4
-6350,31016,3731688,5
-3200,31017,3731706,3
-5250,31018,3731828,4
-10500,31019,3732020,3
-4350,31020,3732103,3
-10200,31021,3732404,6
-2000,31022,3732504,5
-5550,31023,3732596,4
-4600,31024,3732662,3
-7000,31025,3732788,3
-15750,31026,3733116,4
-4100,31027,3733172,3
-2600,31028,3733227,4
-6700,31029,3733364,4
-9300,31030,3733614,5
-5000,31031,3733688,3
-8900,31032,3733832,3
-12150,31033,3734072,4
-5100,31034,3734132,3
-4000,31035,3734198,3
-10450,31036,3734403,3
-7200,31037,3734525,3
-3450,31038,3734708,5
-1300,31039,3734761,4
400,31040,3734859,7
-3250,31041,3734900,3
-11500,31042,3735247,6
-5400,31043,3735350,4
-6850,31044,3735476,4
-3300,31045,3735668,7
-5200,31046,3735738,3
-10850,31047,3735915,3
-2400,31048,3735958,4
-2200,31049,3735996,3
-1750,31050,3736105,5
-4850,31051,3736244,5
-18500,31052,3736568,3
-13500,31053,3736820,3
-3850,31054,3736873,3
-7750,31055,3737012,3
-20700,31056,3737396,3
2100,31057,3737451,6
550,31058,3737643,10
-18650,31059,3737972,3
-4400,31060,3738038,3
-7850,31061,3738167,3
1100,31062,3738189,5
1550,31063,3738224,5
-12150,31064,3738440,4
-7500,31065,3738548,3
-4950,31066,3738631,3
-6500,31067,3738740,4
1950,31068,3738795,5
50,31069,3738823,4
-6800,31070,3738941,3
-6950,31071,3739064,3
-5300,31072,3739124,3
-2650,31073,3739231,5
-3500,31074,3739316,4
-5050,31075,3739369,3
-3000,31076,3739395,3
-4850,31077,3739448,3
-3100,31078,3739508,3
-9700,31079,3739700,3
-5200,31080,3739766,3
-2050,31081,3739779,3
1650,31082,3739800,5
1350,31083,3739921,7
-500,31084,3739975,5
-7100,31085,3740087,3
100,31086,3740166,6
-11050,31087,3740355,3
-24500,31088,3740852,4
-800,31089,3740936,5
-8650,31090,3741236,6
-4850,31091,3741289,3
-17950,31092,3741686,5
200,31093,3741812,7
-6150,31094,3741891,3
-3650,31095,3741944,3
-8350,31096,3742083,3
-7800,31097,3742205,3
-10150,31098,3742388,3
1900,31099,3742426,5
-2450,31100,3742550,6
-2200,31101,3742580,3
-5100,31102,3742636,3
-1000,31103,3742646,3
4500,31104,3742719,8
-14450,31105,3742964,3
-9550,31106,3743160,4
-4400,31107,3743222,3
-10350,31108,3743414,4
-8750,31109,3743541,3
-3000,31110,3743595,3
-7300,31111,3743732,4
-3200,31112,3743939,8
-7450,31113,3744056,3
-8800,31114,3744186,3
-4300,31115,3744308,5
-2000,31116,3744387,4
-6250,31117,3744500,3
-3600,31118,3744566,3
-7600,31119,3744745,4
-6150,31120,3744828,3
-4900,31121,3744884,3
2900,31122,3744939,6
1050,31123,3744963,4
-4050,31124,3745020,3
-3850,31125,3745085,3
-6750,31126,3745208,3
-4100,31127,3745268,3
-8700,31128,3745404,3
-3550,31129,3745463,3
-20850,31130,3745844,3
-1500,31131,3745897,4
-14550,31132,3746168,3
3050,31133,3746310,10
-2600,31134,3746360,3
-3900,31135,3746420,3
-2600,31136,3746503,4
-10500,31137,3746744,4
-3100,31138,3746804,3
-4500,31139,3747019,6
-13100,31140,3747374,6
-5300,31141,3747561,6
-700,31142,3747581,3
-600,31143,3747656,4
-5500,31144,3747764,3
-21450,31145,3748218,4
-4450,31146,3748299,3
-3050,31147,3748340,3
-11350,31148,3748724,8
-7350,31149,3748916,4
-5550,31150,3748999,3
-13850,31151,3749240,3
-4300,31152,3749300,3
900,31153,3749350,5
300,31154,3749379,4
-5650,31155,3749492,3
-2850,31156,3749558,4
-1850,31157,3749628,4
-1750,31158,3749684,4
-2700,31159,3749876,7
4250,31160,3749931,7
-1400,31161,3749995,5
-4250,31162,3750068,3
-3250,31163,3750244,6
-3300,31164,3750374,5
-5000,31165,3750452,3
-5600,31166,3750522,3
-1050,31167,3750535,3
-13450,31168,3750780,3
-2750,31169,3750795,3
-4800,31170,3750845,3
-3850,31171,3750902,3
1350,31172,3751028,8
550,31173,3751083,5
-11050,31174,3751276,3
-2000,31175,3751286,3
600,31176,3751342,5
-5200,31177,3751412,3
-4150,31178,3751569,5
-6550,31179,3751684,3
-450,31180,3751739,5
-4050,31181,3751796,3
-8350,31182,3751988,4
950,31183,3752043,5
-6250,31184,3752202,5
-2950,31185,3752233,3
-2450,31186,3752250,3
-2300,31187,3752356,5
-3200,31188,3752452,5
-5900,31189,3752564,3
-3850,31190,3752617,3
900,31191,3752639,5
-7050,31192,3752756,3
-9150,31193,3752948,4
-4050,31194,3753099,5
-3450,31195,3753140,3
-4750,31196,3753195,3
-2500,31197,3753272,4
-5100,31198,3753332,3
-8700,31199,3753533,4
-3900,31200,3753577,3
-3400,31201,3753603,3
-6900,31202,3753719,3
-8050,31203,3753848,3
-5100,31204,3753908,3
-6550,31205,3754100,4
-1550,31206,3754279,7
-2700,31207,3754360,4
-1950,31208,3754371,3
-4300,31209,3754443,3
-12650,31210,3754676,3
-7200,31211,3754951,8
-7900,31212,3755063,3
-13100,31213,3755332,4
-7300,31214,3755444,3
-1900,31215,3755497,4
-3200,31216,3755523,3
-7650,31217,3755636,3
-2400,31218,3755715,4
-4450,31219,3755768,3
-500,31220,3755941,8
3050,31221,3755963,6
1150,31222,3755990,5
-2450,31223,3756114,6
-4000,31224,3756152,3
-4500,31225,3756212,3
1200,31226,3756404,9
-5950,31227,3756536,4
-12250,31228,3756843,5
-350,31229,3756854,3
-4100,31230,3756980,5
-7450,31231,3757248,6
-4700,31232,3757304,3
-3800,31233,3757473,6
-650,31234,3757515,4
-2850,31235,3757556,3
1050,31236,3757614,6
-3500,31237,3757707,4
-2850,31238,3757748,3
-3200,31239,3757814,3
-11900,31240,3758006,3
-2450,31241,3758019,3
-3050,31242,3758072,3
-14500,31243,3758324,3
-4450,31244,3758377,3
-7950,31245,3758516,3
-3850,31246,3758569,3
-1750,31247,3758662,5
-7900,31248,3758774,3
-3200,31249,3758840,3
-5300,31250,3758900,3
-4600,31251,3758966,3
-7600,31252,3759092,3
-6150,31253,3759171,3
-11500,31254,3759531,7
-5450,31255,3759608,3
3200,31256,3759747,8
-7050,31257,3759860,3
-9350,31258,3760052,4
-4750,31259,3760131,3
900,31260,3760247,7
-3600,31261,3760297,3
-2450,31262,3760314,3
-13600,31263,3760572,3
-13300,31264,3760820,3
-4450,31265,3760873,3
-6150,31266,3760952,3
-500,31267,3761067,6
-550,31268,3761082,3
-9300,31269,3761324,5
-5700,31270,3761396,3
-2850,31271,3761449,3
-21400,31272,3761859,3
-7450,31273,3761972,3
1800,31274,3762164,9
900,31275,3762219,6
-7800,31276,3762365,3
-2350,31277,3762454,5
4100,31278,3762600,9
-2350,31279,3762627,3
-7050,31280,3762740,3
-7900,31281,3762876,3
-2050,31282,3762987,5
-4300,31283,3763068,4
-3900,31284,3763124,3
-3950,31285,3763179,3
-5850,31286,3763260,3
-4900,31287,3763316,3
2250,31288,3763366,6
-1400,31289,3763462,5
-7100,31290,3763574,3
-2250,31291,3763640,4
-5100,31292,3763700,3
-4250,31293,3763753,3
-5250,31294,3763892,5
-4750,31295,3764053,5
-4550,31296,3764137,4
-2000,31297,3764163,3
-4700,31298,3764346,6
-2650,31299,3764468,4
-9750,31300,3764725,5
-4950,31301,3764792,3
-6100,31302,3764905,4
-6000,31303,3765044,4
-10100,31304,3765236,3
-5800,31305,3765428,5
1150,31306,3765507,5
-7650,31307,3765620,3
-4700,31308,3765867,6
-3850,31309,3765944,3
-4300,31310,3766004,3
-8500,31311,3766140,3
-2950,31312,3766196,4
-6550,31313,3766483,7
-2850,31314,3766520,3
-5100,31315,3766580,3
-9200,31316,3766772,5
-1200,31317,3766827,4
-1400,31318,3766923,5
-6550,31319,3767034,3
-7600,31320,3767156,3
1200,31321,3767245,6
3150,31322,3767273,6
-3400,31323,3767348,4
-12750,31324,3767596,4
-1200,31325,3767606,3
2100,31326,3767652,5
-600,31327,3767732,5
-3000,31328,3767811,4
-7650,31329,3767924,3
-7700,31330,3768195,6
-7650,31331,3768308,3
-6150,31332,3768440,4
-13150,31333,3768692,4
2200,31334,3768770,7
-10900,31335,3768950,3
-2450,31336,3768963,3
-3650,31337,3769016,3
-5750,31338,3769156,4
-7700,31339,3769268,3
-4600,31340,3769338,3
-5400,31341,3769400,3
-3900,31342,3769460,3
-4850,31343,3769513,3
-400,31344,3769565,5
1550,31345,3769580,5
-4350,31346,3769655,3
-3050,31347,3769705,4
-7400,31348,3769844,4
-5700,31349,3770091,6
-1700,31350,3770115,3
-2350,31351,3770228,5
-2800,31352,3770307,4
-4900,31353,3770379,3
-6100,31354,3770475,3
-3300,31355,3770503,3
-3600,31356,3770667,5
1700,31357,3770804,8
-3600,31358,3770936,5
-5300,31359,3770996,3
-8100,31360,3771132,3
-4700,31361,3771188,3
-4450,31362,3771241,3
-7650,31363,3771383,4
-3500,31364,3771459,3
-4900,31365,3771531,3
-10550,31366,3771764,5
-9350,31367,3771993,5
1250,31368,3772030,5
-3650,31369,3772201,5
-5750,31370,3772284,3
-6550,31371,3772420,4
3100,31372,3772475,6
-4650,31373,3772532,3
-3950,31374,3772587,3
-8450,31375,3772724,3
-2450,31376,3772843,5
-5250,31377,3772916,3
-3850,31378,3772969,3
-2650,31379,3772986,3
-4600,31380,3773048,3
-3350,31381,3773067,3
-3450,31382,3773108,3
600,31383,3773163,4
-1900,31384,3773191,3
-8000,31385,3773309,3
-9950,31386,3773547,6
-7850,31387,3773684,3
-3450,31388,3773737,3
-2800,31389,3773763,3
-4850,31390,3773816,3
650,31391,3773955,7
-4850,31392,3774008,3
-6700,31393,3774124,3
-800,31394,3774134,3
-650,31395,3774147,3
-7050,31396,3774260,3
-2350,31397,3774315,3
-2500,31398,3774339,3
-7050,31399,3774452,3
-4450,31400,3774505,3
-8650,31401,3774728,5
-6500,31402,3774836,3
-4800,31403,3774906,3
-5850,31404,3775028,4
-4200,31405,3775094,3
-3850,31406,3775127,3
-4700,31407,3775179,3
-4750,31408,3775299,4
2750,31409,3775355,6
-550,31410,3775465,6
-6150,31411,3775544,3
-2500,31412,3775604,3
-4250,31413,3775657,3
-18350,31414,3775988,3
-9350,31415,3776250,6
-13650,31416,3776564,4
-5200,31417,3776765,6
-8000,31418,3776948,4
-5200,31419,3777014,3
-10450,31420,3777223,3
-10150,31421,3777402,3
-7200,31422,3777524,3
-8550,31423,3777716,4
-9150,31424,3777908,4
-5950,31425,3777987,3
-5600,31426,3778109,3
-9350,31427,3778292,3
-2600,31428,3778371,4
-14900,31429,3778635,3
-2800,31430,3778693,3
-4250,31431,3778746,3
1500,31432,3778796,5
1150,31433,3778811,5
-4650,31434,3778868,3
-10450,31435,3779069,3
-3800,31436,3779123,3
-2900,31437,3779139,3
-4700,31438,3779211,3
-1100,31439,3779318,6
-6600,31440,3779444,3
-4450,31441,3779497,3
-2400,31442,3779523,3
-4550,31443,3779656,5
600,31444,3779691,4
-2100,31445,3779785,5
-3750,31446,3779828,3
-1550,31447,3779937,5
1850,31448,3779958,5
-1850,31449,3780020,4
-11750,31450,3780215,3
-950,31451,3780404,9
-9300,31452,3780596,3
-4450,31453,3780649,3
-1850,31454,3780765,6
-1900,31455,3780867,5
-3850,31456,3780924,3
3850,31457,3780983,7
-7250,31458,3781116,3
-5100,31459,3781172,3
-4750,31460,3781251,3
-4300,31461,3781364,4
-4000,31462,3781434,3
-6100,31463,3781608,5
-2950,31464,3781635,3
-4450,31465,3781688,3
-7550,31466,3781827,3
-3900,31467,3781940,4
-3750,31468,3781995,3
-5850,31469,3782072,3
-4900,31470,3782132,3
-1250,31471,3782198,4
-7800,31472,3782324,3
-4750,31473,3782403,3
-11350,31474,3782586,3
1050,31475,3782623,5
-550,31476,3782667,4
-3650,31477,3782708,3
-5350,31478,3782791,3
-7000,31479,3782909,3
-5400,31480,3782979,3
-3650,31481,3783032,3
-3100,31482,3783092,3
-9950,31483,3783284,4
-4000,31484,3783350,3
-11300,31485,3783542,3
-6000,31486,3783668,3
-8700,31487,3783800,3
1700,31488,3783851,6
-2750,31489,3783939,4
-8450,31490,3784105,4
-8750,31491,3784244,3
-9150,31492,3784395,3
-4250,31493,3784436,3
-5750,31494,3784515,3
-3850,31495,3784568,3
2400,31496,3784633,6
-6850,31497,3784820,5
-15250,31498,3785204,6
-3650,31499,3785257,3
-6300,31500,3785451,5
250,31501,3785479,4
-13150,31502,3785780,5
-4450,31503,3785833,3
-2050,31504,3785850,3
-6200,31505,3786133,8
1150,31506,3786172,5
-7500,31507,3786296,3
-3700,31508,3786356,3
-14550,31509,3786631,3
-9700,31510,3786932,8
-2350,31511,3787120,8
-8950,31512,3787316,4
-11100,31513,3787508,3
-5350,31514,3787587,3
-4250,31515,3787640,3
-4100,31516,3787700,3
-5100,31517,3787756,3
-800,31518,3787766,3
-2050,31519,3787779,3
-4700,31520,3787851,3
-2800,31521,3787901,3
-5850,31522,3788084,5
-4150,31523,3788139,3
-7050,31524,3788276,3
-20100,31525,3788660,3
-4450,31526,3788713,3
-1650,31527,3788739,4
-4850,31528,3788792,3
-5550,31529,3788908,4
-1400,31530,3788918,3
-11900,31531,3789139,4
-3650,31532,3789180,3
-4500,31533,3789236,3
-6350,31534,3789445,5
-15150,31535,3789704,3
-7300,31536,3789812,3
-5200,31537,3789878,3
-5100,31538,3790032,5
-2700,31539,3790196,7
-1850,31540,3790311,5
-2900,31541,3790388,4
-6200,31542,3790539,4
-4200,31543,3790589,3
-11300,31544,3790838,4
-5450,31545,3790964,4
-4750,31546,3791130,6
-2500,31547,3791236,5
-6700,31548,3791348,3
-2650,31549,3791401,3
-9150,31550,3791540,3
-3750,31551,3791595,3
-9200,31552,3791733,3
-2800,31553,3791787,3
-6500,31554,3791924,4
-5050,31555,3791981,3
-1800,31556,3792003,3
-4850,31557,3792056,3
-400,31558,3792116,5
2900,31559,3792155,6
2000,31560,3792195,5
-3300,31561,3792248,4
-12150,31562,3792500,4
-1800,31563,3792608,5
-3350,31564,3792692,4
-9400,31565,3792997,6
200,31566,3793016,4
-4300,31567,3793076,3
-4400,31568,3793142,3
-11800,31569,3793454,5
-11200,31570,3793652,3
-10900,31571,3793844,3
2650,31572,3793927,7
-10400,31573,3794089,3
-3200,31574,3794119,3
-4350,31575,3794231,4
-7850,31576,3794360,3
-4050,31577,3794499,5
-5850,31578,3794612,3
-8200,31579,3794857,6
-1000,31580,3794883,3
-7450,31581,3794996,3
2750,31582,3795048,6
-3200,31583,3795201,6
-7400,31584,3795380,4
-2750,31585,3795435,3
150,31586,3795572,7
-5950,31587,3795708,4
-3500,31588,3795764,3
-13100,31589,3796078,5
-9800,31590,3796228,3
1100,31591,3796340,7
-4000,31592,3796500,5
-7200,31593,3796598,3
-3450,31594,3796724,4
-3950,31595,3796779,3
-7650,31596,3796936,3
-8550,31597,3797067,3
-3050,31598,3797108,3
-9950,31599,3797300,4
-3400,31600,3797383,4
-16450,31601,3797684,3
-2850,31602,3797737,3
-9650,31603,3797955,4
-4850,31604,3798008,3
600,31605,3798068,5
-1600,31606,3798189,6
-1200,31607,3798260,4
-4500,31608,3798452,7
-4550,31609,3798515,3
-6600,31610,3798699,5
-8950,31611,3798891,4
1600,31612,3798947,5
-3300,31613,3799028,4
-8550,31614,3799220,4
-7350,31615,3799352,4
-3850,31616,3799421,3
-3000,31617,3799491,3
-7050,31618,3799604,3
-5350,31619,3799683,3
-3100,31620,3799736,4
-5150,31621,3799852,4
-600,31622,3799862,3
1150,31623,3799988,8
-6350,31624,3800124,4
-7350,31625,3800263,3
-6600,31626,3800483,5
1050,31627,3800586,7
-2300,31628,3800647,4
-4050,31629,3800696,3
-4300,31630,3800756,3
-5400,31631,3800957,6
-5600,31632,3801027,3
-10400,31633,3801193,3
-550,31634,3801266,5
-4800,31635,3801332,3
-11750,31636,3801527,3
-5100,31637,3801603,3
2900,31638,3801712,8
-2150,31639,3801772,4
-2000,31640,3801782,3
-2900,31641,3801908,5
-4000,31642,3801978,3
-5400,31643,3802040,3
-4100,31644,3802100,3
2350,31645,3802152,6
1850,31646,3802246,6
-7900,31647,3802358,3
-11700,31648,3802550,3
-4800,31649,3802616,3
-3900,31650,3802676,3
-4250,31651,3802729,3
-3050,31652,3802746,3
5950,31653,3802943,11
-10700,31654,3803139,3
-16650,31655,3803444,3
-5650,31656,3803721,7
-6150,31657,3803828,3
-11300,31658,3804020,3
1950,31659,3804183,9
-5600,31660,3804282,4
-7900,31661,3804488,5
2500,31662,3804519,6
-3500,31663,3804596,4
-6550,31664,3804989,9
-7450,31665,3805172,5
-11700,31666,3805364,3
-4150,31667,3805443,3
-13650,31668,3805688,3
-5100,31669,3805748,3
-10050,31670,3805995,5
-350,31671,3806010,3
-12600,31672,3806216,3
-5700,31673,3806324,3
-4200,31674,3806390,3
-6450,31675,3806516,4
-850,31676,3806595,5
-4300,31677,3806667,3
-2650,31678,3806708,3
-12550,31679,3806956,4
-4200,31680,3806998,3
-3000,31681,3807032,3
-3450,31682,3807208,6
-5100,31683,3807284,3
-3250,31684,3807337,3
-2850,31685,3807354,3
-2050,31686,3807531,7
-11400,31687,3807721,3
-4950,31688,3807800,3
-1150,31689,3807860,4
-4850,31690,3808052,6
-4450,31691,3808105,3
-3450,31692,3808350,7
-3650,31693,3808436,4
-6950,31694,3808633,5
-4850,31695,3808694,3
-1450,31696,3808707,3
-7050,31697,3808820,3
-2200,31698,3809015,8
-8450,31699,3809144,3
-5150,31700,3809207,3
-2350,31701,3809287,4
-6050,31702,3809405,4
-4650,31703,3809466,3
-13850,31704,3809780,4
950,31705,3809835,5
-800,31706,3809919,5
-4850,31707,3809972,3
-4050,31708,3810025,3
-11350,31709,3810220,3
-17100,31710,3810548,3
-250,31711,3810627,5
-7650,31712,3810740,3
-3200,31713,3810795,4
-16650,31714,3811124,3
-4750,31715,3811203,3
-10550,31716,3811382,3
-2250,31717,3811395,3
-3700,31718,3811591,7
-3250,31719,3811640,3
-13300,31720,3811892,3
750,31721,3811947,5
-2500,31722,3812085,5
-10550,31723,3812276,3
-450,31724,3812359,5
1350,31725,3812468,7
-4650,31726,3812521,3
-2650,31727,3812538,3
-4000,31728,3812739,6
-3500,31729,3812852,4
-7000,31730,3813044,5
-2050,31731,3813110,4
-6850,31732,3813236,4
-5750,31733,3813315,3
-5100,31734,3813428,4
-5150,31735,3813511,3
-7900,31736,3813623,3
-3000,31737,3813867,9
-5300,31738,3814004,4
-4250,31739,3814057,3
-3000,31740,3814083,3
-4500,31741,3814196,4
-5550,31742,3814275,3
-4850,31743,3814328,3
-5150,31744,3814534,6
-8650,31745,3814712,4
-7550,31746,3814851,3
-8050,31747,3814964,3
950,31748,3815019,5
-4750,31749,3815156,5
-5600,31750,3815226,3
-3200,31751,3815244,3
-6550,31752,3815458,6
-2850,31753,3815540,4
-3550,31754,3815595,3
-9050,31755,3815924,7
-5200,31756,3815994,3
-10950,31757,3816169,3
-6600,31758,3816308,4
3850,31759,3816363,7
-1750,31760,3816440,5
-15000,31761,3816808,5
-5300,31762,3816884,3
-5050,31763,3816937,3
-5150,31764,3817016,3
-7300,31765,3817186,5
-5800,31766,3817268,3
-3850,31767,3817321,3
-3050,31768,3817338,3
-1200,31769,3817451,6
-7500,31770,3817653,5
-9800,31771,3817844,4
400,31772,3817888,5
-14550,31773,3818172,4
-8400,31774,3818294,3
-7800,31775,3818420,3
-3650,31776,3818473,3
-3200,31777,3818503,3
-24500,31778,3818996,4
-6750,31779,3819230,6
-3500,31780,3819258,3
-5600,31781,3819462,5
-6250,31782,3819572,4
-4700,31783,3819718,5
-16200,31784,3820040,3
-3550,31785,3820148,4
-8300,31786,3820284,3
-4900,31787,3820340,3
-5150,31788,3820440,4
-7150,31789,3820535,3
-2750,31790,3820611,4
-6100,31791,3820859,7
-4450,31792,3820916,3
-3250,31793,3820969,3
-2200,31794,3820995,3
-4450,31795,3821048,3
-4900,31796,3821108,3
-5150,31797,3821240,4
-6750,31798,3821379,3
-100,31799,3821432,4
-14100,31800,3821684,3
-8500,31801,3821816,3
-1750,31802,3821835,3
2150,31803,3821959,6
-7400,31804,3822073,3
-4450,31805,3822134,3
-7250,31806,3822342,6
-7000,31807,3822452,3
-2250,31808,3822518,4
-1450,31809,3822535,3
-6050,31810,3822644,3
-14600,31811,3822902,3
-7200,31812,3823028,3
-4150,31813,3823083,3
-7300,31814,3823220,4
-2000,31815,3823299,4
-9750,31816,3823478,3
-2050,31817,3823491,3
-3850,31818,3823544,3
-10000,31819,3823755,4
-3250,31820,3823796,3
-4950,31821,3823851,3
-1550,31822,3823866,3
-2500,31823,3823992,5
-5600,31824,3824058,3
550,31825,3824195,7
-7300,31826,3824331,3
-2600,31827,3824381,3
-4200,31828,3824451,3
-5250,31829,3824643,6
-4050,31830,3824700,3
-4100,31831,3824756,3
-24050,31832,3825193,3
-4950,31833,3825272,3
-1350,31834,3825291,3
-3250,31835,3825332,3
-7700,31836,3825464,3
-2900,31837,3825524,3
-4950,31838,3825607,3
-8000,31839,3825725,3
-5050,31840,3825782,3
-1850,31841,3825795,3
-13250,31842,3826040,3
-1600,31843,3826059,4
-3050,31844,3826100,3
2400,31845,3826240,9
-2700,31846,3826292,3
-2250,31847,3826362,4
-10150,31848,3826676,6
-8950,31849,3826868,4
-4450,31850,3826921,3
-4950,31851,3827000,3
-4850,31852,3827069,3
1300,31853,3827115,5
850,31854,3827143,4
-14500,31855,3827444,4
-10900,31856,3827636,3
-3450,31857,3827828,6
-7950,31858,3827979,3
-3250,31859,3828020,3
-4750,31860,3828075,3
-1550,31861,3828090,3
-12250,31862,3828295,3
850,31863,3828344,5
-1750,31864,3828404,4
-3400,31865,3828462,3
-4600,31866,3828536,3
2850,31867,3828651,7
-800,31868,3828731,5
-6000,31869,3828858,4
-3500,31870,3828980,5
-3000,31871,3829178,7
-8400,31872,3829304,3
-6900,31873,3829556,7
-3650,31874,3829613,3
-6400,31875,3829748,4
2650,31876,3829831,7
-8350,31877,3830100,5
-4050,31878,3830141,3
-10750,31879,3830324,3
-8700,31880,3830460,3
-4300,31881,3830516,3
-2450,31882,3830569,3
-3950,31883,3830714,5
-5850,31884,3830791,3
-1750,31885,3830859,4
750,31886,3830906,5
-9600,31887,3831092,3
-11700,31888,3831284,3
-2000,31889,3831360,5
-15150,31890,3831668,4
-1050,31891,3831751,5
-3850,31892,3831804,3
-4100,31893,3831860,3
-4050,31894,3831913,3
-15350,31895,3832184,3
-4300,31896,3832244,3
-7500,31897,3832376,3
-4900,31898,3832436,3
-4150,31899,3832519,3
-3850,31900,3832683,6
-2900,31901,3832707,3
-12350,31902,3833012,5
-15550,31903,3833283,3
-7050,31904,3833449,4
-5250,31905,3833588,5
-4250,31906,3833641,3
-2800,31907,3833667,3
-32800,31908,3834453,7
-8100,31909,3834699,5
-3700,31910,3834743,3
-13150,31911,3835011,4
-7450,31912,3835124,3
-2450,31913,3835177,3
-2400,31914,3835207,3
-9550,31915,3835382,3
650,31916,3835431,5
-1550,31917,3835508,5
-1350,31918,3835585,5
-5800,31919,3835659,3
-3800,31920,3835709,3
-5900,31921,3835883,5
-4150,31922,3835971,4
-9500,31923,3836163,3
-3850,31924,3836216,3
-4300,31925,3836276,3
-10850,31926,3836470,4
-3400,31927,3836524,3
-600,31928,3836534,3
-6800,31929,3836660,3
-14350,31930,3836931,3
-10500,31931,3837099,3
-2800,31932,3837236,6
-5050,31933,3837289,3
-2850,31934,3837306,3
-1900,31935,3837432,5
-6400,31936,3837620,5
-4750,31937,3837675,3
-8250,31938,3837812,3
1250,31939,3837845,5
1700,31940,3837891,5
-4050,31941,3837944,3
-5350,31942,3838007,3
-11650,31943,3838196,3
-2850,31944,3838249,3
-4400,31945,3838332,4
-12750,31946,3838539,3
-4250,31947,3838580,3
-5000,31948,3838646,3
-9900,31949,3838855,4
-15900,31950,3839348,8
-4250,31951,3839401,3
-1850,31952,3839414,3
-6800,31953,3839540,3
3200,31954,3839602,7
500,31955,3839623,4
-4650,31956,3839672,3
-10500,31957,3839864,3
-4900,31958,3839924,3
550,31959,3839971,5
-9950,31960,3840195,4
-1700,31961,3840285,5
-7950,31962,3840444,3
-4300,31963,3840500,3
-7400,31964,3840692,5
-7000,31965,3840786,3
-14050,31966,3841076,4
350,31967,3841131,5
-1500,31968,3841155,3
-4850,31969,3841208,3
-7350,31970,3841413,5
-2900,31971,3841469,3
-6750,31972,3841592,3
-3900,31973,3841652,3
3300,31974,3841707,6
-6300,31975,3841844,4
-19900,31976,3842228,3
-9550,31977,3842420,4
-4050,31978,3842657,7
2100,31979,3842695,5
-3450,31980,3842810,5
-7600,31981,3842940,3
-4300,31982,3842996,3
1450,31983,3843116,8
-2550,31984,3843188,4
-5550,31985,3843271,3
-6800,31986,3843389,3
-11600,31987,3843575,3
-6450,31988,3843704,3
-10900,31989,3843896,3
-4700,31990,3843956,3
-3550,31991,3844011,3
2250,31992,3844148,9
-5200,31993,3844214,3
-11900,31994,3844406,3
-1050,31995,3844419,3
-1000,31996,3844499,5
1700,31997,3844533,5
-2250,31998,3844640,5
150,31999,3844683,5
-3650,32000,3844724,3
-5600,32001,3844790,3
-7600,32002,3844916,3
1150,32003,3844951,5
-2450,32004,3845067,6
-3600,32005,3845117,3
-1150,32006,3845300,7
-3750,32007,3845355,3
-2500,32008,3845379,3
-2100,32009,3845547,7
-6250,32010,3845628,3
-2950,32011,3845684,4
-2650,32012,3845816,6
-4700,32013,3845876,3
-15750,32014,3846200,4
1200,32015,3846268,5
-10700,32016,3846452,3
-9150,32017,3846644,4
900,32018,3846686,5
1350,32019,3846709,5
-11000,32020,3846968,4
-4500,32021,3847028,3
-2850,32022,3847163,5
-3250,32023,3847220,3
-5550,32024,3847303,3
-4500,32025,3847371,3
-9850,32026,3847544,3
-3100,32027,3847604,3
-6500,32028,3847688,3
-4100,32029,3847736,3
-4500,32030,3847796,3
-9850,32031,3848067,5
-4050,32032,3848120,3
-5850,32033,3848307,5
-4850,32034,3848372,3
-4850,32035,3848425,3
-2600,32036,3848451,3
-10600,32037,3848699,5
-3300,32038,3848759,3
-8500,32039,3848948,4
-4600,32040,3849002,3
-3250,32041,3849027,3
-4050,32042,3849080,3
-8100,32043,3849196,3
-1000,32044,3849206,3
-7050,32045,3849332,4
-4450,32046,3849385,3
-7750,32047,3849524,3
-10700,32048,3849798,5
-7400,32049,3849908,3
-8750,32050,3850059,3
-3650,32051,3850100,3
-5150,32052,3850183,3
-300,32053,3850257,5
-3350,32054,3850292,3
-5050,32055,3850345,3
-5850,32056,3850536,5
-7700,32057,3850676,3
-4400,32058,3850742,3
-21150,32059,3851211,5
-3250,32060,3851252,3
3850,32061,3851307,7
-550,32062,3851401,6
-3750,32063,3851444,3
-5750,32064,3851523,3
-11950,32065,3851828,5
-4550,32066,3851907,3
-4050,32067,3851960,3
-5100,32068,3852020,3
-3650,32069,3852265,7
-6750,32070,3852404,3
-14250,32071,3852760,6
-3300,32072,3852788,3
-4950,32073,3852871,3
-4550,32074,3853033,6
-1600,32075,3853112,4
-2900,32076,3853172,3
-9750,32077,3853364,4
-6750,32078,3853496,4
-7550,32079,3853611,3
-1300,32080,3853635,3
-6650,32081,3853748,3
-7900,32082,3853884,3
-850,32083,3853955,5
-3100,32084,3854019,3
-6100,32085,3854132,4
-10700,32086,3854324,3
-4200,32087,3854394,3
-4250,32088,3854516,4
-6700,32089,3854652,3
-3900,32090,3854708,3
-8900,32091,3854840,3
-8200,32092,3854970,3
3300,32093,3855092,9
-14000,32094,3855350,3
-9850,32095,3855531,3
-4750,32096,3855668,5
-3450,32097,3855721,3
-3600,32098,3855747,3
-3450,32099,3855800,3
-6250,32100,3855926,4
1750,32101,3855982,6
100,32102,3856011,4
-3250,32103,3856052,3
-6150,32104,3856131,3
-6650,32105,3856244,3
-4950,32106,3856323,3
-3650,32107,3856376,3
1550,32108,3856436,6
-5950,32109,3856568,4
-4900,32110,3856628,3
-4450,32111,3856681,3
-2600,32112,3856707,3
-5600,32113,3856903,5
-5650,32114,3857012,3
-8300,32115,3857144,3
-4500,32116,3857204,3
-4950,32117,3857287,3
-7800,32118,3857405,3
-9750,32119,3857588,3
-5950,32120,3857667,3
-5200,32121,3857835,5
-2100,32122,3857859,3
-4850,32123,3857912,3
-4900,32124,3857972,3
-3200,32125,3858055,4
-8200,32126,3858217,3
-12450,32127,3858627,8
-4850,32128,3858680,3
-8800,32129,3858810,3
-6450,32130,3858891,3
-3650,32131,3858932,3
-11800,32132,3859191,4
-5250,32133,3859260,3
-9500,32134,3859448,3
-7400,32135,3859574,3
-5000,32136,3859640,3
-3500,32137,3859700,3
-11500,32138,3859892,3
1950,32139,3859971,5
-3850,32140,3860028,3
-4300,32141,3860084,3
-4850,32142,3860137,3
-4000,32143,3860276,4
-11100,32144,3860521,4
-4850,32145,3860619,4
-3050,32146,3860660,3
-13900,32147,3860908,3
-1000,32148,3860918,3
-8600,32149,3861044,3
-3050,32150,3861097,3
-13800,32151,3861368,4
-5300,32152,3861428,3
-3350,32153,3861483,3
-5850,32154,3861564,3
-4300,32155,3861620,3
-4450,32156,3861673,3
-27150,32157,3862196,3
-900,32158,3862319,6
-1700,32159,3862388,4
-3850,32160,3862441,3
-2050,32161,3862458,3
-13200,32162,3862716,3
-2350,32163,3862772,4
-7400,32164,3862964,5
-14550,32165,3863288,4
-4300,32166,3863348,3
-10500,32167,3863540,3
-3900,32168,3863719,6
-6950,32169,3863924,5
700,32170,3863982,5
-5250,32171,3864116,4
-4600,32172,3864182,3
-17200,32173,3864500,3
-7750,32174,3864750,6
-13900,32175,3865076,5
-9750,32176,3865271,3
-5400,32177,3865460,6
-4450,32178,3865513,3
-7950,32179,3865821,8
-1500,32180,3865955,5
-1550,32181,3865995,4
-3650,32182,3866036,3
-1700,32183,3866089,4
-2250,32184,3866106,3
-7600,32185,3866228,3
400,32186,3866304,5
-2700,32187,3866360,3
-10550,32188,3866571,3
-7350,32189,3866678,3
-1150,32190,3866804,6
-3650,32191,3866857,3
-3200,32192,3866883,3
-6850,32193,3866996,3
-8700,32194,3867132,3
-7800,32195,3867254,3
-750,32196,3867323,5
-5050,32197,3867380,3
-4200,32198,3867446,3
-15300,32199,3867767,4
-9850,32200,3867956,3
-5700,32201,3868048,3
-5700,32202,3868168,3
-7550,32203,3868299,3
-15000,32204,3868585,3
-9350,32205,3868777,4
-2050,32206,3868790,3
-1650,32207,3868803,3
-3050,32208,3868856,3
-1750,32209,3868995,7
-4300,32210,3869108,4
-10150,32211,3869300,4
1300,32212,3869358,5
-6850,32213,3869492,4
-5800,32214,3869562,3
-4050,32215,3869684,4
-1650,32216,3869931,9
-3100,32217,3869955,3
100,32218,3870054,6
-1550,32219,3870152,6
-6500,32220,3870260,3
-1350,32221,3870452,8
-5000,32222,3870518,3
-10400,32223,3870700,3
-2000,32224,3870710,3
-3100,32225,3870795,4
-12850,32226,3871028,3
-450,32227,3871083,5
50,32228,3871111,4
1500,32229,3871227,7
-7250,32230,3871352,3
-5300,32231,3871412,3
1350,32232,3871467,5
-4550,32233,3871604,5
-5200,32234,3871670,3
-2050,32235,3871683,3
-4650,32236,3871736,3
-4300,32237,3871940,7
-10500,32238,3872124,3
-2550,32239,3872180,4
-15100,32240,3872534,5
1350,32241,3872553,5
-1950,32242,3872658,5
-2600,32243,3872696,3
-5100,32244,3872756,3
-4450,32245,3872809,3
-9650,32246,3873031,4
-1100,32247,3873084,4
-7300,32248,3873196,3
-3900,32249,3873276,3
-2900,32250,3873332,3
-10100,32251,3873524,3
-3650,32252,3873577,3
-2050,32253,3873594,3
-5050,32254,3873675,3
-3050,32255,3873716,3
-4750,32256,3873799,3
-10200,32257,3873961,3
-3550,32258,3874040,3
-4300,32259,3874100,3
-12750,32260,3874461,5
-4400,32261,3874540,4
-1600,32262,3874550,3
-8200,32263,3874676,3
-3850,32264,3874729,3
-2400,32265,3874755,3
-6250,32266,3874868,3
-13950,32267,3875373,9
-1250,32268,3875403,4
-2050,32269,3875444,3
2850,32270,3875523,7
-3050,32271,3875576,3
2700,32272,3875615,6
1900,32273,3875633,5
-7350,32274,3875830,5
-4150,32275,3875881,3
-5850,32276,3876020,5
-4400,32277,3876090,3
-7800,32278,3876212,3
-1250,32279,3876291,5
-7050,32280,3876404,3
-5550,32281,3876487,3
-5250,32282,3876596,3
-7950,32283,3876788,4
-7100,32284,3876920,3
-1750,32285,3876939,3
-4400,32286,3876989,3
-12300,32287,3877419,9
-3300,32288,3877496,4
-17000,32289,3877814,3
-2250,32290,3877827,3
-4850,32291,3877880,3
-2750,32292,3877899,3
-9650,32293,3878072,3
-14500,32294,3878324,3
-5350,32295,3878387,3
-1700,32296,3878403,3
-2850,32297,3878456,3
1750,32298,3878471,5
900,32299,3878517,5
-6450,32300,3878667,4
-3450,32301,3878708,3
-1950,32302,3878900,8
-4050,32303,3879035,5
-4650,32304,3879092,3
-7900,32305,3879224,3
-5600,32306,3879363,4
-13850,32307,3879677,4
-10750,32308,3879860,3
-10450,32309,3880061,3
-11150,32310,3880244,3
-4200,32311,3880310,3
-7200,32312,3880436,3
-500,32313,3880568,7
-5100,32314,3880718,5
-6800,32315,3880820,3
-4800,32316,3880886,3
-7050,32317,3881015,3
-9900,32318,3881257,5
-5800,32319,3881396,4
-5800,32320,3881466,3
-21750,32321,3881877,3
-3150,32322,3881912,3
850,32323,3881941,5
-2850,32324,3882052,5
-6900,32325,3882164,3
-3400,32326,3882296,5
-7050,32327,3882409,3
4600,32328,3882491,7
-4250,32329,3882548,3
-4250,32330,3882601,3
-2450,32331,3882618,3
-6650,32332,3882743,3
-2500,32333,3882795,3
-750,32334,3882806,3
-2850,32335,3882831,3
-2850,32336,3882876,3
450,32337,3882929,5
-2650,32338,3883011,4
-7450,32339,3883124,3
-3600,32340,3883190,3
-250,32341,3883203,3
-7500,32342,3883458,6
-7250,32343,3883644,4
-21350,32344,3884084,4
-17750,32345,3884468,4
-6800,32346,3884562,3
-500,32347,3884636,5
1700,32348,3884654,5
-800,32349,3884713,4
-2400,32350,3884739,3
-15700,32351,3885044,4
-15200,32352,3885302,3
-16050,32353,3885623,3
-3800,32354,3885673,3
-450,32355,3885699,4
-6450,32356,3885812,3
-5300,32357,3885896,3
-5550,32358,3885963,3
-1300,32359,3886054,6
-600,32360,3886150,5
-6450,32361,3886251,3
-5900,32362,3886388,4
-6700,32363,3886484,3
-5750,32364,3886583,3
-6100,32365,3886659,3
1000,32366,3886772,6
-8550,32367,3886964,4
-5050,32368,3887017,3
-2600,32369,3887125,5
450,32370,3887211,6
-3350,32371,3887307,4
-11300,32372,3887540,4
-4250,32373,3887593,3
-1800,32374,3887619,3
-4450,32375,3887672,3
-3500,32376,3887732,3
-10900,32377,3887924,3
-7600,32378,3888116,5
-4250,32379,3888169,3
-14150,32380,3888440,3
-950,32381,3888459,3
-2250,32382,3888500,3
-350,32383,3888692,8
-5000,32384,3888758,3
-7600,32385,3888884,3
1150,32386,3888939,5
-16700,32387,3889268,4
-6400,32388,3889460,5
-6750,32389,3889653,5
-4700,32390,3889705,3
-4950,32391,3889788,3
-1350,32392,3889844,4
1650,32393,3889927,7
-14850,32394,3890228,3
-1650,32395,3890294,4
-5950,32396,3890475,5
-4900,32397,3890556,4
-7150,32398,3890691,3
-10900,32399,3890883,3
-5900,32400,3890996,4
-3650,32401,3891151,5
2700,32402,3891185,5
2250,32403,3891267,6
-6850,32404,3891380,3
550,32405,3891468,6
-2600,32406,3891572,5
-2650,32407,3891638,4
-4100,32408,3891764,5
-10700,32409,3891956,3
-10300,32410,3892148,3
-3050,32411,3892201,3
-11000,32412,3892395,3
-4850,32413,3892476,3
-4700,32414,3892532,3
-7150,32415,3892668,4
-2700,32416,3892724,3
-4600,32417,3892790,3
-11200,32418,3893108,7
-3650,32419,3893161,3
-3400,32420,3893191,3
-23500,32421,3893684,4
-5400,32422,3893750,3
-3400,32423,3893820,3
-3900,32424,3893876,3
-3850,32425,3893929,3
-14150,32426,3894200,3
-4900,32427,3894260,3
-4100,32428,3894324,3
-2750,32429,3894343,3
-7850,32430,3894452,3
-6350,32431,3894699,7
-3950,32432,3894742,3
-3800,32433,3894776,3
-5950,32434,3894891,3
-7250,32435,3895028,3
-3450,32436,3895081,3
-2450,32437,3895098,3
-8850,32438,3895275,3
-16500,32439,3895604,4
-14100,32440,3895880,3
-1850,32441,3895988,6
-3150,32442,3896043,3
-5500,32443,3896180,4
-9300,32444,3896427,6
-2500,32445,3896451,3
-9650,32446,3896620,3
-600,32447,3896630,3
-650,32448,3896643,3
1400,32449,3896699,5
-1500,32450,3896756,4
-3450,32451,3896809,3
-7750,32452,3896948,3
-20050,32453,3897341,3
-2400,32454,3897461,5
-12200,32455,3897716,4
1350,32456,3897755,5
-3950,32457,3897848,5
-6350,32458,3897963,3
-4850,32459,3898040,3
-5100,32460,3898100,3
-7300,32461,3898232,3
-3900,32462,3898292,3
-15650,32463,3898676,6
-5750,32464,3898755,3
-4250,32465,3898808,3
-3100,32466,3898868,3
100,32467,3898918,5
-14900,32468,3899252,5
-4350,32469,3899307,3
-8250,32470,3899444,3
-7950,32471,3899580,4
-4800,32472,3899691,4
-2100,32473,3899715,3
-7450,32474,3899828,3
-5000,32475,3899894,3
-1650,32476,3899907,3
100,32477,3900073,9
-2600,32478,3900099,3
-16450,32479,3900404,3
1100,32480,3900450,5
-6450,32481,3900596,4
-4050,32482,3900649,3
-1350,32483,3900738,5
450,32484,3900791,5
-10450,32485,3900980,3
-4350,32486,3901035,3
-6050,32487,3901116,3
-4700,32488,3901172,3
800,32489,3901216,5
1350,32490,3901227,5
-14200,32491,3901748,10
-2650,32492,3901801,3
-1400,32493,3901884,4
-1550,32494,3901940,4
-11100,32495,3902226,5
-5400,32496,3902324,3
-10750,32497,3902516,4
-4450,32498,3902569,3
-6150,32499,3902648,3
-750,32500,3902713,5
-3050,32501,3902787,4
-4850,32502,3902840,3
-5400,32503,3903016,5
-2950,32504,3903092,4
-3750,32505,3903147,3
-1500,32506,3903171,3
-4850,32507,3903224,3
-5600,32508,3903363,4
-13450,32509,3903608,3
-2500,32510,3903668,3
1500,32511,3903723,6
-15700,32512,3904052,4
-5500,32513,3904210,5
-1650,32514,3904310,6
-3700,32515,3904436,5
-8950,32516,3904628,4
-6150,32517,3904829,5
-9000,32518,3905012,4
-9600,32519,3905207,4
-14450,32520,3905452,3
-1600,32521,3905462,3
-5650,32522,3905547,3
-2650,32523,3905588,3
-1850,32524,3905658,4
-6450,32525,3905739,3
-4050,32526,3905780,3
-18950,32527,3906164,4
50,32528,3906217,5
150,32529,3906321,6
-6600,32530,3906435,3
-6650,32531,3906548,3
-4850,32532,3906601,3
-550,32533,3906683,6
-4850,32534,3906740,3
-4400,32535,3906810,3
-6600,32536,3906932,3
700,32537,3906987,6
-8050,32538,3907124,3
-4750,32539,3907179,3
-7250,32540,3907316,3
350,32541,3907371,5
-6650,32542,3907509,4
-5400,32543,3907669,5
1300,32544,3907695,5
-3950,32545,3907755,4
-7100,32546,3907892,4
-4650,32547,3907945,3
-6150,32548,3908024,3
-5100,32549,3908084,3
100,32550,3908134,5
-2000,32551,3908247,6
-8250,32552,3908408,3
-5100,32553,3908468,3
-4350,32554,3908523,3
-6300,32555,3908660,4
-18200,32556,3909047,4
-4050,32557,3909100,3
-800,32558,3909110,3
-650,32559,3909123,3
-7250,32560,3909236,3
-3950,32561,3909319,3
-6250,32562,3909428,3
-15250,32563,3909812,6
-4350,32564,3909982,6
2000,32565,3910006,5
-7100,32566,3910192,5
-4850,32567,3910388,6
-12400,32568,3910659,4
-10400,32569,3910825,3
-6400,32570,3910964,4
900,32571,3911026,5
-18100,32572,3911428,5
-7500,32573,3911540,3
-5250,32574,3911605,3
-3150,32575,3911624,3
-9950,32576,3911868,4
-7800,32577,3911990,3
-4600,32578,3912060,3
-3900,32579,3912116,3
-3450,32580,3912169,3
-6150,32581,3912248,3
-3700,32582,3912308,3
-4350,32583,3912453,5
-4650,32584,3912579,4
-7450,32585,3912692,3
-3650,32586,3912843,5
-3450,32587,3912884,3
-15300,32588,3913234,5
-6150,32589,3913460,6
-10150,32590,3913652,4
-14550,32591,3913923,3
-7850,32592,3914036,3
-4850,32593,3914089,3
-8350,32594,3914228,3
900,32595,3914307,6
-3250,32596,3914360,3
-2550,32597,3914379,3
-3650,32598,3914420,3
-4150,32599,3914475,3
-2100,32600,3914499,3
-10750,32601,3914682,3
-2100,32602,3914804,5
-250,32603,3914883,5
-7500,32604,3914999,3
-5050,32605,3915084,3
-10150,32606,3915267,3
-10750,32607,3915459,4
1700,32608,3915489,5
1700,32609,3915531,5
-3050,32610,3915572,3
-2050,32611,3915720,6
-6050,32612,3915817,3
-11850,32613,3916010,3
-4550,32614,3916241,7
-3550,32615,3916284,3
-4900,32616,3916340,3
-12250,32617,3916598,4
-9550,32618,3916859,5
-18100,32619,3917244,4
-3900,32620,3917300,3
-1300,32621,3917432,7
-2750,32622,3917492,4
450,32623,3917521,5
-4650,32624,3917688,5
-6150,32625,3917767,3
-4800,32626,3917931,5
-1100,32627,3917963,3
-7650,32628,3918068,3
-2250,32629,3918134,4
3550,32630,3918261,9
-7000,32631,3918392,4
-6800,32632,3918535,4
-6950,32633,3918723,4
-4300,32634,3918795,3
-4400,32635,3918845,3
-4500,32636,3918889,3
-6800,32637,3919028,4
50,32638,3919101,5
-11800,32639,3919352,4
-3700,32640,3919412,3
-7950,32641,3919563,3
-2850,32642,3919604,3
-4450,32643,3919657,3
-10200,32644,3919851,3
-3100,32645,3919875,3
-4050,32646,3919928,3
-3300,32647,3919988,3
-15200,32648,3920246,3
-6200,32649,3920430,5
-1800,32650,3920563,6
-10050,32651,3920756,3
-3350,32652,3920811,3
-4650,32653,3920892,3
-21100,32654,3921272,3
-4300,32655,3921332,3
-3400,32656,3921398,3
-10050,32657,3921603,3
-3650,32658,3921656,3
-3150,32659,3921782,6
-5050,32660,3921908,4
-50,32661,3921987,5
-10350,32662,3922170,3
-10950,32663,3922484,6
-4800,32664,3922550,3
-9850,32665,3922789,5
-450,32666,3922827,4
-3650,32667,3922868,3
-5000,32668,3922938,3
-6600,32669,3923060,3
-3700,32670,3923219,6
-1750,32671,3923308,5
-8300,32672,3923444,3
-1800,32673,3923499,4
-7650,32674,3923636,3
-3250,32675,3923689,3
-14000,32676,3923923,3
-3250,32677,3923960,3
-4300,32678,3924020,3
-7300,32679,3924156,3
-10900,32680,3924455,6
-13950,32681,3924788,5
-17750,32682,3925172,4
1900,32683,3925251,6
-10950,32684,3925520,5
2200,32685,3925642,7
-7200,32686,3925748,3
-5150,32687,3925831,3
-10650,32688,3926144,7
-4000,32689,3926198,3
-6200,32690,3926324,3
-4250,32691,3926377,3
-18750,32692,3926708,3
-8350,32693,3926900,4
-5850,32694,3927092,6
-12850,32695,3927337,3
950,32696,3927396,5
-6300,32697,3927529,4
-10300,32698,3927738,4
-4650,32699,3927946,6
-2800,32700,3927992,3
-5100,32701,3928052,3
-4250,32702,3928105,3
-7000,32703,3928244,4
-9200,32704,3928439,4
-7850,32705,3928568,3
-11350,32706,3928820,4
-4800,32707,3928890,3
-8000,32708,3929012,3
-2850,32709,3929077,3
-1450,32710,3929152,5
-4900,32711,3929204,3
1100,32712,3929262,5
-7050,32713,3929396,4
-4750,32714,3929475,3
-7650,32715,3929588,3
-11900,32716,3929780,3
-4050,32717,3929833,3
-7000,32718,3929972,4
-3050,32719,3930025,3
-11800,32720,3930248,4
-11800,32721,3930548,5
700,32722,3930614,5
-8550,32723,3930757,3
7200,32724,3930886,10
-1050,32725,3930932,4
-5100,32726,3931012,3
-7300,32727,3931124,3
-5150,32728,3931207,3
-12700,32729,3931508,4
-14650,32730,3931753,3
-14200,32731,3932084,4
-2400,32732,3932242,7
-3400,32733,3932276,3
-5400,32734,3932342,3
-7800,32735,3932468,3
-3350,32736,3932547,3
-6850,32737,3932730,5
-6600,32738,3932852,3
-4000,32739,3932918,3
-8650,32740,3933100,4
-1600,32741,3933110,3
-7200,32742,3933236,3
-3250,32743,3933289,3
-1550,32744,3933415,6
-2450,32745,3933620,7
-3450,32746,3933673,3
-3850,32747,3933812,5
-5350,32748,3933891,3
-3300,32749,3933944,4
-8150,32750,3934083,3
-3850,32751,3934136,3
-3650,32752,3934205,3
-5050,32753,3934258,3
-4000,32754,3934332,3
-5050,32755,3934458,4
-6850,32756,3934633,5
-1200,32757,3934659,3
-3650,32758,3934716,3
-4850,32759,3934883,5
1900,32760,3934901,5
-5150,32761,3934964,3
-7400,32762,3935156,5
-11450,32763,3935357,3
-12000,32764,3935595,3
-1300,32765,3935619,3
-21300,32766,3936003,3
-2250,32767,3936056,3
-4500,32768,3936116,3
-3200,32769,3936171,4
-6100,32770,3936308,4
-5600,32771,3936378,3
-6250,32772,3936500,4
-9650,32773,3936695,5
-8500,32774,3936843,3
-17700,32775,3937212,4
-3500,32776,3937268,3
-2650,32777,3937321,3
-35000,32778,3938036,4
-9650,32779,3938283,5
-13900,32780,3938612,4
-24400,32781,3939062,3
-7200,32782,3939188,3
-10700,32783,3939380,3
-2250,32784,3939433,3
-1000,32785,3939459,3
-13450,32786,3939704,3
-23300,32787,3940201,4
-1000,32788,3940227,3
-6450,32789,3940340,3
1850,32790,3940480,8
-4700,32791,3940532,3
-3800,32792,3940598,3
-8650,32793,3940727,3
-3800,32794,3940793,3
2900,32795,3940995,9
-7050,32796,3941108,3
-4800,32797,3941178,3
-5200,32798,3941240,3
-3350,32799,3941492,8
-5800,32800,3941562,3
-4200,32801,3941624,3
-3700,32802,3941684,3
-11400,32803,3941959,4
-6500,32804,3942071,3
-8850,32805,3942204,3
-5100,32806,3942326,5
-5100,32807,3942452,5
-5200,32808,3942518,3
-3050,32809,3942551,3
-9700,32810,3942723,3
-3250,32811,3942776,3
-14300,32812,3943028,3
-3500,32813,3943220,7
-7950,32814,3943482,6
-4000,32815,3943610,5
-6200,32816,3943688,3
-6500,32817,3943796,3
-1200,32818,3943879,4
-9600,32819,3944041,3
-8050,32820,3944304,5
-2950,32821,3944372,4
-10300,32822,3944564,3
-12850,32823,3944822,4
-8400,32824,3944948,3
550,32825,3945011,5
-2100,32826,3945097,5
550,32827,3945206,7
-2450,32828,3945333,5
-2700,32829,3945451,5
-3700,32830,3945524,4
550,32831,3945579,5
-6450,32832,3945725,4
-15950,32833,3946044,3
-2150,32834,3946100,4
2100,32835,3946183,6
-10950,32836,3946358,3
-1850,32837,3946371,3
-11350,32838,3946550,3
-6000,32839,3946676,3
-6900,32840,3946812,3
-2600,32841,3946868,5
-4950,32842,3946947,3
-8400,32843,3947113,3
-8950,32844,3947252,3
-4900,32845,3947444,7
550,32846,3947523,5
-3900,32847,3947576,4
-6050,32848,3947689,3
-9150,32849,3947828,3
-13000,32850,3948099,4
-9200,32851,3948265,3
-2600,32852,3948291,3
-16050,32853,3948596,3
-3600,32854,3948662,3
-2750,32855,3948689,3
-6750,32856,3948788,3
-12350,32857,3949172,8
-13600,32858,3949484,5
-2150,32859,3949556,4
-3100,32860,3949609,4
-2250,32861,3949626,3
-1450,32862,3949639,3
-4850,32863,3949692,3
-1550,32864,3949707,3
-15850,32865,3949996,3
-3750,32866,3950132,4
-7700,32867,3950264,3
-8550,32868,3950456,4
-9700,32869,3950648,3
-4100,32870,3950708,3
-4250,32871,3950778,4
-6050,32872,3950859,3
-3250,32873,3950900,3
3050,32874,3950946,6
-1250,32875,3951049,5
-6850,32876,3951158,3
3400,32877,3951231,6
-4850,32878,3951284,3
-5400,32879,3951350,3
-4800,32880,3951416,3
-4300,32881,3951476,3
-10800,32882,3951723,4
-3650,32883,3951804,3
-5100,32884,3951860,3
-8400,32885,3952052,5
-2500,32886,3952105,4
-1250,32887,3952122,3
-14200,32888,3952380,3
-4300,32889,3952436,3
-13050,32890,3952681,3
-1800,32891,3952711,3
-1700,32892,3952760,4
2800,32893,3952899,8
-8600,32894,3953123,5
400,32895,3953204,6
-5000,32896,3953270,3
-1250,32897,3953283,3
-4850,32898,3953336,3
-6150,32899,3953451,3
-3650,32900,3953528,3
-3300,32901,3953588,3
-14150,32902,3953863,3
-4650,32903,3953912,3
-2250,32904,3954055,5
-3450,32905,3954104,3
-7350,32906,3954243,3
-7250,32907,3954356,3
-5000,32908,3954426,3
-4050,32909,3954585,5
2200,32910,3954609,5
-3600,32911,3954680,4
-2650,32912,3954795,5
-5950,32913,3954932,5
-10700,32914,3955124,3
700,32915,3955170,5
-7400,32916,3955325,4
-3800,32917,3955395,3
3350,32918,3955452,7
-10100,32919,3955640,3
-4500,32920,3955700,3
-8550,32921,3955892,4
-19650,32922,3956355,5
-5450,32923,3956468,3
450,32924,3956513,5
-400,32925,3956614,6
-10000,32926,3956792,3
-5850,32927,3957044,6
-2050,32928,3957110,4
-1050,32929,3957123,3
-14300,32930,3957428,4
-1800,32931,3957511,4
-7650,32932,3957620,3
-9800,32933,3957844,5
-3600,32934,3957882,3
-14600,32935,3958136,3
-13100,32936,3958388,3
-3950,32937,3958467,3
-7450,32938,3958580,3
-9900,32939,3958772,3
-4450,32940,3958825,3
-5350,32941,3958904,3
-8950,32942,3959043,3
-7650,32943,3959156,3
-5600,32944,3959222,3
-6100,32945,3959401,6
-5750,32946,3959484,3
-3900,32947,3959540,3
-7800,32948,3959732,5
-19750,32949,3960116,4
-4750,32950,3960363,7
-12900,32951,3960579,3
-5050,32952,3960636,3
-4700,32953,3960774,5
-6200,32954,3960884,3
-21850,32955,3961379,5
-5650,32956,3961460,3
-3250,32957,3961513,3
-7750,32958,3961652,3
-5350,32959,3961715,3
900,32960,3961819,7
-3400,32961,3961910,4
-4200,32962,3961976,3
-4700,32963,3962036,3
-3750,32964,3962091,3
-8250,32965,3962228,3
-3650,32966,3962281,3
-1600,32967,3962307,3
-4300,32968,3962506,6
-6600,32969,3962612,3
-4550,32970,3962691,3
-3900,32971,3962804,4
-4850,32972,3962857,3
-2650,32973,3963005,6
-5050,32974,3963062,3
-11500,32975,3963258,3
-7600,32976,3963380,3
-14000,32977,3963651,4
-4850,32978,3963704,3
-3750,32979,3963767,3
-2750,32980,3963876,5
-3550,32981,3963956,4
-2900,32982,3964088,7
-2800,32983,3964200,5
-2600,32984,3964218,3
-5200,32985,3964280,3
-8100,32986,3964396,3
-1000,32987,3964406,3
-7400,32988,3964532,3
-10100,32989,3964724,3
-3850,32990,3964777,3
-9050,32991,3964999,4
-2850,32992,3965048,3
-1950,32993,3965067,3
-4250,32994,3965108,3
-9350,32995,3965300,4
-4200,32996,3965370,3
2300,32997,3965495,8
-2650,32998,3965545,4
-2600,32999,3965571,3
-6050,33000,3965684,3
-650,33001,3965812,6
-1200,33002,3965876,5
-16150,33003,3966204,4
-3100,33004,3966260,3
-5750,33005,3966343,3
-8000,33006,3966461,3
-4300,33007,3966505,3
-3400,33008,3966710,6
-4400,33009,3966780,3
-4500,33010,3966836,3
-9350,33011,3967028,4
-7100,33012,3967160,3
-4100,33013,3967220,3
150,33014,3967275,5
-7250,33015,3967491,6
-9200,33016,3967674,4
-13600,33017,3967928,3
-3100,33018,3967988,3
-4450,33019,3968041,3
-11200,33020,3968259,3
1950,33021,3968326,5
-4950,33022,3968507,5
-4850,33023,3968617,4
-2400,33024,3968643,3
-7650,33025,3968756,3
-25750,33026,3969272,4
-2900,33027,3969332,3
-15200,33028,3969590,3
-2450,33029,3969603,3
-7900,33030,3969796,4
-6300,33031,3969908,3
-1500,33032,3970035,6
-6000,33033,3970109,3
-17150,33034,3970424,3
-13700,33035,3970676,3
-10850,33036,3970947,5
-6850,33037,3971060,3
-2500,33038,3971174,5
-2600,33039,3971196,3
-8200,33040,3971322,3
-7400,33041,3971444,3
-5750,33042,3971523,3
5300,33043,3971576,8
-4900,33044,3971636,3
-11300,33045,3971828,3
400,33046,3972028,9
-12300,33047,3972265,4
-2450,33048,3972282,3
-8400,33049,3972404,3
-10050,33050,3972651,5
-1900,33051,3972728,4
-3700,33052,3972788,3
-4600,33053,3972854,3
-11650,33054,3973059,3
-9500,33055,3973255,3
-7450,33056,3973364,3
-4450,33057,3973417,3
-2900,33058,3973543,5
-8000,33059,3973803,5
-1900,33060,3973831,3
-3450,33061,3973880,3
-4900,33062,3973940,3
-8750,33063,3974132,4
-3450,33064,3974185,3
-2650,33065,3974202,3
-3050,33066,3974219,3
-16250,33067,3974516,3
-3650,33068,3974569,3
-2200,33069,3974595,3
-10300,33070,3974791,3
-4950,33071,3974903,4
-3500,33072,3974979,3
-2150,33073,3975092,5
2400,33074,3975153,6
-10250,33075,3975485,6
-7350,33076,3975608,3
-3350,33077,3975627,3
-2850,33078,3975668,3
-4250,33079,3975815,5
-4400,33080,3975861,3
-2200,33081,3975915,3
-5850,33082,3975992,3
-4700,33083,3976052,3
1800,33084,3976096,5
-3950,33085,3976209,5
-5450,33086,3976315,4
-3350,33087,3976491,8
-7050,33088,3976628,3
-4000,33089,3976698,3
-11050,33090,3976875,3
500,33091,3976971,7
-3650,33092,3977012,3
-4050,33093,3977065,3
-1850,33094,3977082,3
-18250,33095,3977501,5
-1050,33096,3977588,5
-2100,33097,3977641,4
-7250,33098,3977783,4
-3050,33099,3977972,7
-4400,33100,3978042,3
-7200,33101,3978164,3
-16300,33102,3978492,3
-4700,33103,3978548,3
350,33104,3978603,5
-5350,33105,3978740,5
-3850,33106,3978793,3
-15150,33107,3979068,3
-3100,33108,3979124,3
-4650,33109,3979177,3
-5150,33110,3979256,3
-8250,33111,3979594,8
-6200,33112,3979700,3
700,33113,3979750,5
-3400,33114,3979870,5
-1200,33115,3979892,3
-4950,33116,3979947,3
-5850,33117,3980028,3
-5100,33118,3980084,3
-14750,33119,3980355,3
-6500,33120,3980722,10
-9450,33121,3980965,5
150,33122,3981044,5
-18350,33123,3981428,4
1950,33124,3981579,9
-3650,33125,3981620,3
-8700,33126,3981821,4
-7750,33127,3981948,3
-3700,33128,3982004,3
-5600,33129,3982074,3
-2250,33130,3982091,3
-4250,33131,3982218,5
1500,33132,3982228,5
2950,33133,3982272,6
-950,33134,3982332,4
-50,33135,3982481,7
1500,33136,3982503,5
-1350,33137,3982580,5
-4050,33138,3982633,3
-3950,33139,3982712,3
-13900,33140,3982964,3
-4200,33141,3983030,3
-7000,33142,3983156,3
-5750,33143,3983235,3
-950,33144,3983423,8
-7650,33145,3983540,3
-14150,33146,3983811,3
1750,33147,3983924,7
-10900,33148,3984116,3
350,33149,3984171,5
-11400,33150,3984402,4
-3600,33151,3984444,3
-13300,33152,3984692,3
-5200,33153,3984758,3
-5450,33154,3984884,4
-9350,33155,3985035,3
-2650,33156,3985076,3
-12000,33157,3985347,4
-7450,33158,3985460,3
-4250,33159,3985513,3
-12000,33160,3985723,3
-7150,33161,3985899,4
-1700,33162,3985923,3
650,33163,3985960,5
-3200,33164,3986088,5
-3350,33165,3986115,3
1300,33166,3986231,7
-1350,33167,3986283,4
-18650,33168,3986612,3
-4250,33169,3986807,5
-2200,33170,3986887,5
-6800,33171,3987005,3
-11150,33172,3987188,3
-2850,33173,3987241,3
-1850,33174,3987381,6
-2900,33175,3987433,3
-1700,33176,3987556,6
-900,33177,3987658,5
-7400,33178,3987764,3
-5500,33179,3987848,3
-4550,33180,3987956,4
-6200,33181,3988050,3
-9700,33182,3988239,4
-5300,33183,3988299,3
-3250,33184,3988340,3
-4700,33185,3988532,7
-10100,33186,3988724,3
-4850,33187,3988777,3
-3400,33188,3988803,3
-5050,33189,3988860,3
-20000,33190,3989352,5
-2150,33191,3989547,7
-8600,33192,3989693,3
-6050,33193,3989909,6
1900,33194,3989955,5
-8850,33195,3990260,7
-5100,33196,3990316,3
-2000,33197,3990326,3
-7400,33198,3990452,3
-3650,33199,3990505,3
-8350,33200,3990644,3
350,33201,3990699,5
1550,33202,3990718,5
-5200,33203,3990776,3
800,33204,3990820,5
1750,33205,3990835,5
-550,33206,3990891,4
-850,33207,3991028,7
-8700,33208,3991164,3
-4700,33209,3991220,3
-450,33210,3991413,7
-3850,33211,3991491,4
-6700,33212,3991607,3
950,33213,3991744,7
-3900,33214,3991796,3
-9450,33215,3992138,8
1250,33216,3992167,5
1150,33217,3992186,5
-10000,33218,3992372,3
-11850,33219,3992573,3
-2650,33220,3992619,4
-2700,33221,3992643,3
-4500,33222,3992715,3
-13250,33223,3992948,3
-9950,33224,3993140,4
-4650,33225,3993299,5
-8250,33226,3993416,3
-6150,33227,3993647,7
-2550,33228,3993716,5
-5300,33229,3993816,3
-1650,33230,3993927,5
2700,33231,3993954,6
-15850,33232,3994292,4
3050,33233,3994342,6
-5850,33234,3994484,4
-4450,33235,3994537,3
-18400,33236,3994924,4
-6550,33237,3995060,4
-1700,33238,3995326,9
-4550,33239,3995523,5
-4100,33240,3995718,6
-7200,33241,3995828,3
-9350,33242,3996020,4
-19150,33243,3996486,6
-2600,33244,3996536,3
-5100,33245,3996596,3
-1250,33246,3996728,6
-4300,33247,3996788,3
-1950,33248,3996999,7
-3250,33249,3997078,5
-4450,33250,3997131,3
-6450,33251,3997256,3
-5550,33252,3997364,4
-4450,33253,3997417,3
-1400,33254,3997443,3
-4850,33255,3997496,3
200,33256,3997573,6
-5050,33257,3997688,5
-7650,33258,3997916,6
-10150,33259,3998132,4
-18550,33260,3998516,4
-8550,33261,3998708,4
-2100,33262,3998794,5
-1900,33263,3998900,5
-8200,33264,3999095,4
-1950,33265,3999171,4
-8000,33266,3999350,4
-4800,33267,3999420,3
-4850,33268,3999485,3
-11700,33269,3999677,3
-4500,33270,3999721,3
-3350,33271,3999838,5
1900,33272,3999856,5
-2100,33273,3999913,4
-7200,33274,4000011,3
-5900,33275,4000131,3
-6650,33276,4000244,3
-4050,33277,4000297,3
-11100,33278,4000571,5
-3850,33279,4000628,3
-3650,33280,4000763,5
-2650,33281,4000820,3
-3750,33282,4000899,3
-11400,33283,4001105,3
950,33284,4001287,8
-10100,33285,4001475,3
2300,33286,4001525,5
-5150,33287,4001588,3
-2800,33288,4001667,4
-7650,33289,4001780,3
-7100,33290,4001876,3
-10550,33291,4002051,3
-7250,33292,4002217,4
-8750,33293,4002356,3
-1550,33294,4002511,7
-5000,33295,4002683,5
-4850,33296,4002740,3
-13600,33297,4002998,3
-2050,33298,4003015,3
-6050,33299,4003177,4
-8350,33300,4003316,3
-4050,33301,4003369,3
-1850,33302,4003382,3
1200,33303,4003459,6
-4250,33304,4003508,3
750,33305,4003563,5
-2000,33306,4003643,5
-15150,33307,4003975,4
-3200,33308,4004104,6
-3800,33309,4004154,3
-9850,33310,4004355,3
-3850,33311,4004412,3
-3950,33312,4004471,3
300,33313,4004660,8
-3750,33314,4004716,4
-2000,33315,4004726,3
-2500,33316,4004852,5
-4350,33317,4004931,3
-4450,33318,4004988,3
-3700,33319,4005044,3
-4950,33320,4005123,3
-4650,33321,4005176,3
-2300,33322,4005236,3
-8550,33323,4005428,4
-7300,33324,4005560,3
-4350,33325,4005623,3
-6750,33326,4005812,5
-4450,33327,4005865,3
-5750,33328,4005944,3
-12550,33329,4006196,4
-10900,33330,4006388,3
-3250,33331,4006441,3
-12000,33332,4006663,3
-7200,33333,4006781,3
-5050,33334,4006838,3
-5250,33335,4006964,4
-11850,33336,4007165,3
-4500,33337,4007209,3
-15800,33338,4007540,4
-5550,33339,4007619,3
-5100,33340,4007691,3
-2850,33341,4007732,3
-250,33342,4007798,4
-1350,33343,4007977,7
-11800,33344,4008171,3
-5650,33345,4008248,3
-3700,33346,4008308,3
550,33347,4008363,5
2750,33348,4008387,6
-4850,33349,4008440,3
-4500,33350,4008500,3
-10300,33351,4008692,3
-1900,33352,4008778,5
-5800,33353,4008884,3
-4350,33354,4008955,3
-6800,33355,4009155,5
-11150,33356,4009338,3
-1950,33357,4009357,3
-7350,33358,4009460,3
-8350,33359,4009652,4
-3850,33360,4009705,3
-11850,33361,4009910,3
800,33362,4009979,6
-4250,33363,4010036,3
-1800,33364,4010119,4
-8500,33365,4010333,5
-2250,33366,4010420,5
-6400,33367,4010612,5
-4450,33368,4010665,3
-6600,33369,4010955,7
-2250,33370,4010996,3
-4150,33371,4011051,3
-9050,33372,4011188,3
-4750,33373,4011271,3
-7850,33374,4011433,4
-2800,33375,4011459,3
-7050,33376,4011572,3
-200,33377,4011632,5
-1150,33378,4011651,3
-7850,33379,4011764,3
-3550,33380,4011819,3
-700,33381,4011843,3
-7650,33382,4011956,3
-4050,33383,4012009,3
-8150,33384,4012148,3
-23200,33385,4012602,3
-4850,33386,4012724,4
-4450,33387,4012777,3
-7350,33388,4012916,3
-5000,33389,4012986,3
-2350,33390,4013107,5
-6350,33391,4013259,4
-3250,33392,4013300,3
-3850,33393,4013353,3
-2600,33394,4013383,3
-16650,33395,4013684,3
-3550,33396,4014027,11
-2450,33397,4014068,3
-9150,33398,4014260,4
-1900,33399,4014313,4
-12650,33400,4014518,3
-8350,33401,4014699,5
-6050,33402,4014776,3
-4100,33403,4014836,3
-19900,33404,4015220,3
-4750,33405,4015275,3
-9250,33406,4015412,3
-4450,33407,4015465,3
1250,33408,4015486,5
-650,33409,4015582,6
-10050,33410,4015796,4
-4750,33411,4015851,3
-5700,33412,4015988,4
-9050,33413,4016235,5
-3500,33414,4016337,5
-4750,33415,4016428,3
-2000,33416,4016438,3
-7200,33417,4016564,3
-2850,33418,4016617,3
-6150,33419,4016696,3
-4100,33420,4016756,3
2100,33421,4016811,6
-7400,33422,4017027,5
-3300,33423,4017140,4
-16500,33424,4017468,3
-4100,33425,4017524,3
-3850,33426,4017577,3
-15800,33427,4017908,4
-10300,33428,4018100,3
650,33429,4018145,5
-8800,33430,4018381,5
-7350,33431,4018484,3
-3350,33432,4018539,3
2000,33433,4018563,5
-7650,33434,4018676,3
-3850,33435,4018729,3
-34250,33436,4019444,5
-4300,33437,4019541,4
-3950,33438,4019576,3
-7950,33439,4019691,3
-400,33440,4019702,4
-1650,33441,4019719,3
-6850,33442,4019828,3
-2850,33443,4019898,4
-11250,33444,4020152,4
-5100,33445,4020212,3
550,33446,4020267,5
-6300,33447,4020470,6
-1650,33448,4020483,3
-10900,33449,4020675,3
-7650,33450,4020870,5
-4600,33451,4020924,3
-4300,33452,4020980,3
-3850,33453,4021033,3
-2200,33454,4021059,3
-4850,33455,4021112,3
1450,33456,4021224,8
-4400,33457,4021364,5
-20700,33458,4021748,3
-9100,33459,4021995,6
-1750,33460,4022010,3
-4050,33461,4022202,6
-5050,33462,4022324,4
-10100,33463,4022516,3
-13750,33464,4022763,3
-6450,33465,4022900,3
-3000,33466,4022955,4
-13100,33467,4023228,4
-19600,33468,4023668,5
-950,33469,4023807,7
-4450,33470,4023860,3
-4750,33471,4023943,3
-10200,33472,4024105,3
5150,33473,4024208,9
950,33474,4024259,5
-30250,33475,4024820,3
-3650,33476,4024873,3
-9000,33477,4025068,4
-2000,33478,4025078,3
-3600,33479,4025144,3
-4500,33480,4025204,3
-11300,33481,4025396,3
-9700,33482,4025588,3
-3950,33483,4025667,3
-6250,33484,4025780,3
-3250,33485,4025833,3
-2200,33486,4025859,3
-4850,33487,4025912,3
-4200,33488,4026068,5
-5700,33489,4026164,3
-4750,33490,4026219,3
200,33491,4026291,5
-3300,33492,4026356,4
-6700,33493,4026554,5
-4650,33494,4026627,3
-6850,33495,4026740,3
-4800,33496,4026806,3
-6850,33497,4026932,4
2300,33498,4026983,6
-2850,33499,4027078,5
-4250,33500,4027127,3
-2950,33501,4027190,3
-11850,33502,4027448,4
-3900,33503,4027508,3
-5200,33504,4027578,3
-8200,33505,4027700,3
-3950,33506,4027779,3
-1400,33507,4027892,6
-3850,33508,4027945,3
-4550,33509,4028024,3
-3650,33510,4028219,5
-3850,33511,4028276,3
-2200,33512,4028331,4
-2400,33513,4028447,5
-2050,33514,4028521,4
-2800,33515,4028547,3
1350,33516,4028574,5
-3650,33517,4028660,4
-9550,33518,4028852,4
2500,33519,4028907,6
-8450,33520,4029044,3
-6600,33521,4029195,4
-1150,33522,4029345,6
-3250,33523,4029428,5
1400,33524,4029476,5
-2500,33525,4029602,5
-4500,33526,4029678,3
-3450,33527,4029703,3
-11950,33528,4030004,5
-18550,33529,4030388,4
-4200,33530,4030454,3
-9650,33531,4030659,3
-4450,33532,4030712,3
-7450,33533,4030825,3
-6450,33534,4030964,5
-4400,33535,4031030,3
-7850,33536,4031159,3
-600,33537,4031222,4
-4800,33538,4031288,3
-4300,33539,4031348,3
-3650,33540,4031401,3
-3400,33541,4031565,5
700,33542,4031595,5
-6750,33543,4031788,5
-5900,33544,4031864,3
-3500,33545,4031924,3
3350,33546,4032002,8
1850,33547,4032023,5
6650,33548,4032064,9
-4700,33549,4032116,3
-4000,33550,4032182,3
-15000,33551,4032440,3
-4100,33552,4032500,3
-10900,33553,4032692,3
-4250,33554,4032745,3
-2800,33555,4032824,4
-1350,33556,4032843,3
-3250,33557,4032884,3
-3750,33558,4032939,3
-1150,33559,4032954,3
3700,33560,4033076,9
-2950,33561,4033132,4
-2000,33562,4033142,3
-4200,33563,4033208,3
-1750,33564,4033227,3
-2650,33565,4033268,3
-3950,33566,4033323,3
-2350,33567,4033338,3
-7800,33568,4033460,3
-3650,33569,4033513,3
-18750,33570,4033844,3
-7200,33571,4034036,5
-13050,33572,4034294,4
-17400,33573,4034612,3
850,33574,4034669,5
-9250,33575,4034883,4
-8000,33576,4035062,4
-4050,33577,4035188,4
-4200,33578,4035258,3
-5800,33579,4035389,4
-12250,33580,4035651,4
-3750,33581,4035764,5
-4000,33582,4035830,3
-4800,33583,4035896,3
1100,33584,4035959,6
-3300,33585,4036040,4
-6100,33586,4036148,3
-5150,33587,4036227,3
-13300,33588,4036532,4
-4550,33589,4036611,3
-4900,33590,4036683,3
-8650,33591,4036808,3
-6300,33592,4036916,3
-4450,33593,4036969,3
-14750,33594,4037240,3
-4100,33595,4037300,3
-8750,33596,4037451,3
-4050,33597,4037492,3
-6550,33598,4037685,5
-5700,33599,4037876,6
-8300,33600,4038138,5
-7200,33601,4038330,5
-6800,33602,4038452,3
-13100,33603,4038700,3
-400,33604,4038710,3
-2450,33605,4038723,3
-7250,33606,4038836,3
-3550,33607,4038891,3
-4750,33608,4039028,5
-11250,33609,4039221,3
-3800,33610,4039275,3
4300,33611,4039393,9
-10050,33612,4039604,5
-4250,33613,4039657,3
-3400,33614,4039683,3
-4050,33615,4039736,3
1800,33616,4039772,5
2250,33617,4039789,5
-4800,33618,4039875,3
-6850,33619,4039988,3
-4450,33620,4040041,3
-3050,33621,4040058,3
-350,33622,4040184,6
-9500,33623,4040372,3
-7500,33624,4040508,3
-19950,33625,4040888,4
-5100,33626,4040948,3
-4350,33627,4041003,3
-7850,33628,4041140,3
-3000,33629,4041206,3
-16050,33630,4041524,4
-2750,33631,4041579,3
-750,33632,4041590,3
-7400,33633,4041716,3
-1700,33634,4041769,4
-5350,33635,4041848,3
-14100,33636,4042100,3
-4150,33637,4042155,3
-5900,33638,4042251,3
-3250,33639,4042292,3
-8850,33640,4042539,5
-13250,33641,4042760,3
-7500,33642,4042868,3
-3050,33643,4042921,3
-7200,33644,4043060,4
-10100,33645,4043252,3
-4550,33646,4043331,3
-5500,33647,4043514,6
-1750,33648,4043533,3
-3550,33649,4043576,3
-4700,33650,4043636,3
-4850,33651,4043828,6
-3450,33652,4043881,3
-3050,33653,4043898,3
-9200,33654,4044076,3
-400,33655,4044086,3
1350,33656,4044212,8
-4650,33657,4044265,3
-1400,33658,4044344,4
-4700,33659,4044404,3
-5550,33660,4044597,5
-4300,33661,4044649,3
-2800,33662,4044675,3
-4650,33663,4044728,3
-11150,33664,4044980,4
-1700,33665,4045033,4
-1850,33666,4045050,3
-12250,33667,4045255,3
-650,33668,4045338,5
2550,33669,4045366,6
-4450,33670,4045419,3
-3250,33671,4045496,3
-14500,33672,4045748,3
1800,33673,4045788,5
1550,33674,4045803,5
2000,33675,4045823,5
-7100,33676,4045940,4
-2400,33677,4046023,4
-6650,33678,4046132,3
-3000,33679,4046215,4
-3700,33680,4046283,3
-8350,33681,4046516,5
-4850,33682,4046569,3
-8750,33683,4046708,3
-2950,33684,4046763,3
-13250,33685,4046984,3
-4900,33686,4047092,3
-15550,33687,4047367,3
-5850,33688,4047476,3
-9000,33689,4047671,4
-9300,33690,4047860,4
-4550,33691,4047943,3
-7250,33692,4048052,3
-3650,33693,4048105,3
1750,33694,4048247,8
-8500,33695,4048395,3
-14800,33696,4048694,4
-4600,33697,4048764,3
-4050,33698,4048907,5
3350,33699,4048947,6
-5450,33700,4049012,3
350,33701,4049091,5
-6650,33702,4049204,3
-3850,33703,4049257,3
-15250,33704,4049588,5
-3550,33705,4049643,3
-4650,33706,4049720,3
-4900,33707,4049780,3
-3450,33708,4049833,3
-9700,33709,4050025,3
-8350,33710,4050164,3
-3900,33711,4050330,5
-4400,33712,4050482,5
-4800,33713,4050548,3
-6200,33714,4050740,5
2300,33715,4050791,6
-2000,33716,4050834,4
-5800,33717,4050932,3
-300,33718,4051092,7
850,33719,4051244,8
-800,33720,4051316,5
-4600,33721,4051386,3
-4200,33722,4051452,3
-4100,33723,4051508,3
-16000,33724,4051851,4
-3650,33725,4051892,3
-4450,33726,4051945,3
-2250,33727,4051962,3
-9200,33728,4052226,5
-8250,33729,4052347,3
-4750,33730,4052468,5
-15950,33731,4052792,4
-4300,33732,4052852,3
-4150,33733,4052931,3
-4850,33734,4052984,3
-4450,33735,4053053,3
-3000,33736,4053123,3
-16450,33737,4053428,3
-4750,33738,4053483,3
-15250,33739,4053752,3
-3100,33740,4053812,3
450,33741,4053869,5
-1000,33742,4054046,6
-11350,33743,4054331,5
-4850,33744,4054388,3
-6200,33745,4054539,4
-3650,33746,4054580,3
-11850,33747,4054781,3
-10150,33748,4054964,3
-4750,33749,4055019,3
100,33750,4055094,6
-4600,33751,4055156,3
-3850,33752,4055209,3
-3050,33753,4055226,3
-2300,33754,4055344,5
-3800,33755,4055427,4
-3850,33756,4055480,3
-6850,33757,4055593,3
-8950,33758,4055732,3
-9100,33759,4055868,3
-3100,33760,4055924,3
-4750,33761,4056003,3
-4850,33762,4056056,3
-11700,33763,4056252,3
-3900,33764,4056308,3
-7300,33765,4056444,3
-5100,33766,4056500,3
350,33767,4056555,5
-2100,33768,4056632,4
-4500,33769,4056692,3
-4600,33770,4056762,3
-10850,33771,4056939,3
-1550,33772,4056950,3
-10200,33773,4057338,9
-7600,33774,4057460,3
-3900,33775,4057544,3
-1900,33776,4057666,5
-3150,33777,4057705,3
-3200,33778,4057731,3
-3550,33779,4057844,5
-4250,33780,4057897,3
-4000,33781,4057976,4
-15750,33782,4058284,4
-1800,33783,4058294,3
-2450,33784,4058307,3
-4650,33785,4058364,3
3750,33786,4058424,6
-7900,33787,4058552,3
-8550,33788,4058691,3
-4700,33789,4058763,3
-12650,33790,4058996,3
-4000,33791,4059058,3
-2350,33792,4059188,6
-3650,33793,4059241,3
-4950,33794,4059459,6
1150,33795,4059572,7
-3950,33796,4059627,3
-3600,33797,4059764,6
-4150,33798,4059843,3
-4850,33799,4059896,3
-6900,33800,4060012,3
-6850,33801,4060235,5
1250,33802,4060264,5
-2150,33803,4060340,4
-6700,33804,4060550,5
-13100,33805,4060790,3
-8000,33806,4060916,3
-450,33807,4060995,5
4500,33808,4061108,8
-4600,33809,4061174,3
-10850,33810,4061379,3
-4250,33811,4061432,3
-6100,33812,4061545,4
-7000,33813,4061684,4
-3600,33814,4061738,3
-6450,33815,4061876,4
-18300,33816,4062204,3
-14100,33817,4062452,3
-4450,33818,4062505,3
-6750,33819,4062644,3
-17900,33820,4062968,3
-4300,33821,4063028,3
-9750,33822,4063220,4
-4800,33823,4063286,3
-2450,33824,4063299,3
-14650,33825,4063613,4
-9950,33826,4063796,3
-3550,33827,4063851,3
-2500,33828,4063928,4
-5100,33829,4063988,3
-6400,33830,4064180,5
-900,33831,4064233,4
-250,33832,4064263,4
-8000,33833,4064381,3
-4800,33834,4064451,3
-100,33835,4064565,5
-3450,33836,4064643,4
-7650,33837,4064756,3
-7400,33838,4064948,5
-2500,33839,4065189,8
-1600,33840,4065219,3
-9200,33841,4065398,4
-11150,33842,4065581,3
-3300,33843,4065605,3
-3950,33844,4065656,3
-1850,33845,4065771,5
-5100,33846,4065991,7
-11100,33847,4066232,4
-5100,33848,4066292,3
3650,33849,4066343,7
-10550,33850,4066563,4
-4250,33851,4066616,3
-13700,33852,4066868,3
-15750,33853,4067143,3
-10950,33854,4067318,3
-9300,33855,4067527,4
-9400,33856,4067702,4
50,33857,4067833,7
-1950,33858,4067958,5
-4800,33859,4068020,3
-11100,33860,4068212,3
-2100,33861,4068367,6
-5550,33862,4068458,3
-3450,33863,4068483,3
-4850,33864,4068536,3
-4600,33865,4068716,5
-2350,33866,4068788,4
-4000,33867,4068980,5
-4850,33868,4069033,3
-6150,33869,4069112,3
-2150,33870,4069131,3
-3250,33871,4069172,3
-12250,33872,4069430,4
-7400,33873,4069556,3
-4250,33874,4069609,3
-2250,33875,4069626,3
-3450,33876,4069757,5
-7800,33877,4070023,7
-6550,33878,4070188,5
-2000,33879,4070198,3
0,33880,4070250,5
-4800,33881,4070324,3
-3850,33882,4070377,3
-15200,33883,4070667,3
-4250,33884,4070708,3
-4100,33885,4070764,3
-5150,33886,4070900,4
-1000,33887,4070993,6
-11350,33888,4071224,3
-4500,33889,4071284,3
-4850,33890,4071337,3
2050,33891,4071419,6
-4250,33892,4071476,3
-3000,33893,4071559,4
-500,33894,4071633,5
-4700,33895,4071734,4
-1050,33896,4071747,3
-9400,33897,4071913,3
-5150,33898,4071996,3
-2700,33899,4072052,3
-4450,33900,4072105,3
-2400,33901,4072131,3
-4050,33902,4072184,3
-4900,33903,4072244,3
-4950,33904,4072401,5
-10400,33905,4072628,4
-8200,33906,4072820,5
-3600,33907,4072890,3
-7800,33908,4073012,3
1050,33909,4073167,7
-13250,33910,4073396,3
-3150,33911,4073542,6
-750,33912,4073643,5
100,33913,4073681,5
-5950,33914,4073780,3
-10300,33915,4073972,3
-1850,33916,4074042,4
-4200,33917,4074108,3
-3500,33918,4074164,3
-19900,33919,4074557,4
-6250,33920,4074740,5
-7200,33921,4074932,5
-11900,33922,4075124,3
1500,33923,4075203,6
-4450,33924,4075256,3
3950,33925,4075324,6
-7500,33926,4075452,3
-10550,33927,4075700,4
-4350,33928,4075755,3
-5850,33929,4075832,3
-2150,33930,4075892,4
3500,33931,4075947,6
-2800,33932,4076084,6
-4900,33933,4076181,4
-3950,33934,4076216,3
-24100,33935,4076660,3
-10900,33936,4076852,3
-14150,33937,4077193,5
-3400,33938,4077239,3
-5550,33939,4077302,3
3450,33940,4077344,6
-2000,33941,4077428,5
-5000,33942,4077494,3
-3700,33943,4077579,4
-2450,33944,4077620,3
1150,33945,4077675,5
-2700,33946,4077794,6
-4350,33947,4077972,6
-2750,33948,4078057,5
-8950,33949,4078196,3
-3350,33950,4078251,3
-700,33951,4078275,3
2500,33952,4078388,8
-5350,33953,4078471,3
-26250,33954,4078964,3
-11300,33955,4079156,3
150,33956,4079235,5
-6650,33957,4079348,3
-2250,33958,4079418,4
-2450,33959,4079619,7
-3050,33960,4079672,3
-8800,33961,4079928,5
-1950,33962,4080029,5
650,33963,4080054,5
-4400,33964,4080116,3
-3250,33965,4080169,3
-2600,33966,4080195,3
-8400,33967,4080317,3
-8550,33968,4080500,3
-4950,33969,4080579,3
-6650,33970,4080692,3
-4450,33971,4080758,4
-7000,33972,4080884,3
-2250,33973,4080991,5
-3700,33974,4081076,4
-4450,33975,4081129,3
-9850,33976,4081347,4
-4850,33977,4081400,3
-14700,33978,4081652,3
-10150,33979,4081844,4
-4050,33980,4081897,3
-6350,33981,4081976,3
-5650,33982,4082045,3
-5600,33983,4082115,3
-6800,33984,4082307,5
-3050,33985,4082360,3
-2250,33986,4082475,5
-3850,33987,4082556,3
-3500,33988,4082612,3
-11500,33989,4082857,4
-2000,33990,4082883,3
-12850,33991,4083128,3
-8550,33992,4083267,3
-750,33993,4083364,5
-7000,33994,4083572,5
-8750,33995,4083764,4
-3950,33996,4083819,3
-7650,33997,4083956,3
-13900,33998,4084216,3
-4900,33999,4084284,3
-1200,34000,4084438,7
-3050,34001,4084532,4
-3850,34002,4084585,3
-5550,34003,4084664,3
-6650,34004,4084883,5
-6350,34005,4084982,3
-1850,34006,4084995,3
-10200,34007,4085161,3
-8750,34008,4085300,3
-4350,34009,4085379,3
-3450,34010,4085432,3
-1550,34011,4085451,3
-11900,34012,4085684,4
-4300,34013,4085740,3
-2000,34014,4085750,3
-7550,34015,4085963,5
-4250,34016,4086008,3
-3350,34017,4086027,3
-7800,34018,4086260,6
-3850,34019,4086313,3
-2550,34020,4086406,5
-6050,34021,4086531,3
-550,34022,4086616,5
-8600,34023,4086836,5
-5950,34024,4086915,3
1500,34025,4086933,5
200,34026,4086972,4
-3900,34027,4087028,3
-3000,34028,4087082,3
-1900,34029,4087098,3
-7000,34030,4087220,3
-10500,34031,4087412,3
-5750,34032,4087491,3
-5450,34033,4087604,3
-11500,34034,4087796,3
-4050,34035,4087849,3
-8750,34036,4087988,3
300,34037,4088071,6
-26400,34038,4088573,3
-4700,34039,4088756,6
-4600,34040,4088948,5
-4200,34041,4089195,8
-11200,34042,4089467,5
-4650,34043,4089524,3
-800,34044,4089579,4
-2100,34045,4089603,3
-7250,34046,4089716,3
-10900,34047,4089908,3
-4950,34048,4089987,3
-7850,34049,4090100,3
-11300,34050,4090292,3
-3600,34051,4090358,3
-23100,34052,4090868,5
-7950,34053,4091019,3
-2850,34054,4091060,3
-3600,34055,4091139,4
-7450,34056,4091252,3
-2800,34057,4091331,4
-3650,34058,4091384,3
-16150,34059,4091720,4
1400,34060,4091756,5
-1200,34061,4091787,4
-3050,34062,4091828,3
-10600,34063,4092096,5
-4300,34064,4092152,3
-12500,34065,4092404,3
-5600,34066,4092470,3
-2000,34067,4092496,3
-5500,34068,4092596,3
-8300,34069,4092797,4
-2500,34070,4092841,3
-1000,34071,4092867,3
-7100,34072,4092983,3
-4000,34073,4093033,3
-3000,34074,4093063,3
-16050,34075,4093556,7
-11950,34076,4093803,3
6200,34077,4093883,9
-7550,34078,4094006,3
-9150,34079,4094185,3
-7550,34080,4094324,3
900,34081,4094382,5
-6450,34082,4094475,3
-3600,34083,4094525,3
-1500,34084,4094705,7
-5650,34085,4094774,3
-7600,34086,4094958,5
-2050,34087,4094979,3
-6050,34088,4095092,3
-14700,34089,4095340,3
-2000,34090,4095350,3
-1250,34091,4095363,3
3000,34092,4095428,6
-5100,34093,4095558,5
-7000,34094,4095668,3
-8500,34095,4095800,3
-5300,34096,4095860,3
-23150,34097,4096324,4
-7500,34098,4096436,3
-1000,34099,4096512,5
-9450,34100,4096698,4
-7050,34101,4096823,3
-5350,34102,4096886,3
-5200,34103,4096952,3
-5100,34104,4097012,3
-5400,34105,4097204,5
-3850,34106,4097257,3
-9700,34107,4097466,4
-8000,34108,4097588,3
-9750,34109,4097780,4
-150,34110,4097853,5
-8350,34111,4098074,5
-3450,34112,4098254,6
-6000,34113,4098356,3
-4400,34114,4098422,3
-10450,34115,4098631,3
-10200,34116,4098793,3
-3800,34117,4098872,4
-4100,34118,4098932,3
-3950,34119,4098987,3
-6100,34120,4099124,4
-6500,34121,4099371,6
450,34122,4099395,4
-3450,34123,4099448,3
-550,34124,4099508,4
-9350,34125,4099659,3
-3650,34126,4099700,3
-6200,34127,4099790,3
-2750,34128,4099947,5
-5900,34129,4100084,4
-6400,34130,4100276,5
-11300,34131,4100468,3
-3600,34132,4100661,6
-4000,34133,4100814,6
-5350,34134,4100905,3
-2250,34135,4100918,3
-1850,34136,4100931,3
-7450,34137,4101044,3
-4400,34138,4101110,3
-5600,34139,4101176,3
-6600,34140,4101306,3
-5450,34141,4101387,3
-4250,34142,4101428,3
-8200,34143,4101620,5
-4800,34144,4101686,3
-2850,34145,4101703,3
-3850,34146,4101752,3
-4900,34147,4101812,3
-1400,34148,4101891,4
-1300,34149,4101994,6
-4550,34150,4102196,6
-5700,34151,4102288,3
-1750,34152,4102328,4
-1850,34153,4102411,5
-9100,34154,4102633,5
-1200,34155,4102716,4
-3900,34156,4102772,3
-5600,34157,4102838,3
900,34158,4102896,5
-1600,34159,4102964,5
-5000,34160,4103152,5
-5150,34161,4103211,3
-2900,34162,4103235,3
-7250,34163,4103348,3
-8200,34164,4103540,5
-4450,34165,4103593,3
-5200,34166,4103691,3
-3250,34167,4103732,3
-4750,34168,4103795,3
-12700,34169,4104056,4
-8350,34170,4104199,3
-8850,34171,4104361,4
-2250,34172,4104374,3
-6600,34173,4104500,3
-3550,34174,4104692,8
4200,34175,4104747,8
-8800,34176,4104893,3
-5000,34177,4104963,3
-11500,34178,4105208,4
-4100,34179,4105268,3
-4700,34180,4105336,3
-2550,34181,4105445,5
6350,34182,4105543,8
-8250,34183,4105766,5
-3650,34184,4105844,4
550,34185,4105883,5
-350,34186,4105899,4
-150,34187,4105927,4
-4300,34188,4105995,3
-4250,34189,4106036,3
-2050,34190,4106089,3
-7950,34191,4106228,3
-4850,34192,4106285,3
-850,34193,4106294,3
-2050,34194,4106307,3
-4450,34195,4106360,3
200,34196,4106506,7
-2850,34197,4106612,4
-5050,34198,4106665,3
-3200,34199,4106691,3
-3650,34200,4106744,3
-13500,34201,4107078,5
-6650,34202,4107188,4
-2800,34203,4107271,4
-7450,34204,4107433,4
-2600,34205,4107459,3
-20600,34206,4107899,5
-5050,34207,4107956,3
-10900,34208,4108148,3
-12250,34209,4108424,6
-6900,34210,4108532,3
-6700,34211,4108628,3
-5650,34212,4108733,3
-4600,34213,4108803,3
-4050,34214,4108856,3
-10350,34215,4109108,4
-700,34216,4109174,5
-6400,34217,4109300,3
-4000,34218,4109370,3
-5400,34219,4109432,3
-5750,34220,4109572,4
-5800,34221,4109740,5
-2000,34222,4109750,3
-5450,34223,4109835,3
-1900,34224,4109876,4
-4450,34225,4109929,3
-5200,34226,4110008,4
-1400,34227,4110100,5
3000,34228,4110133,6
-15200,34229,4110452,4
-5200,34230,4110603,4
-3450,34231,4110644,3
-4000,34232,4110723,4
-4850,34233,4110776,3
-9950,34234,4110968,4
-5100,34235,4111028,3
-4850,34236,4111081,3
850,34237,4111134,5
2500,34238,4111157,6
-4950,34239,4111220,3
-7500,34240,4111495,6
-7900,34241,4111688,4
-4500,34242,4111736,3
-3750,34243,4111796,4
-6100,34244,4111928,3
-1350,34245,4111988,4
-12050,34246,4112189,3
-5600,34247,4112259,3
-16850,34248,4112564,3
-450,34249,4112619,5
-6200,34250,4112835,5
-3450,34251,4112888,3
-7150,34252,4113027,3
-3700,34253,4113140,4
-6300,34254,4113220,3
-4350,34255,4113332,4
750,34256,4113379,5
-6500,34257,4113524,4
-4050,34258,4113577,3
-2400,34259,4113603,3
-3450,34260,4113656,3
-7050,34261,4113769,3
550,34262,4113829,6
-4400,34263,4113908,4
-3850,34264,4113961,3
-4650,34265,4114059,4
-3250,34266,4114100,3
-4350,34267,4114179,3
-4850,34268,4114232,3
-1350,34269,4114251,3
-4600,34270,4114301,3
-4000,34271,4114376,4
-8450,34272,4114537,3
-6200,34273,4114635,3
-2450,34274,4114676,3
5000,34275,4114759,8
-6050,34276,4114868,3
-5500,34277,4115038,5
-5550,34278,4115252,6
-8500,34279,4115384,3
-4500,34280,4115444,3
-3050,34281,4115497,3
-8950,34282,4115697,4
-1400,34283,4115715,3
-4850,34284,4115768,3
-7400,34285,4115894,3
-5450,34286,4116020,4
-1650,34287,4116090,4
-6250,34288,4116273,5
-3900,34289,4116484,6
-7500,34290,4116596,3
-9950,34291,4116788,4
-3650,34292,4116841,3
-27750,34293,4117417,4
-2450,34294,4117434,3
-8600,34295,4117609,4
-1850,34296,4117622,3
-2450,34297,4117635,3
-3850,34298,4117688,3
-6450,34299,4117814,4
-4800,34300,4117880,3
-2350,34301,4117899,3
-4300,34302,4117943,3
-5750,34303,4118132,5
-6000,34304,4118353,6
-3500,34305,4118377,3
-1450,34306,4118394,3
-4200,34307,4118456,3
950,34308,4118495,5
-5200,34309,4118667,5
-4050,34310,4118708,3
-4100,34311,4118764,3
-2000,34312,4118774,3
-7600,34313,4118900,3
-3750,34314,4118960,4
-5900,34315,4119032,3
-10150,34316,4119224,4
-6750,34317,4119339,3
3300,34318,4119423,7
-4850,34319,4119476,3
2450,34320,4119608,8
-4900,34321,4119668,3
-3450,34322,4119721,3
-1700,34323,4119856,6
-4550,34324,4119944,4
-7500,34325,4120052,3
-4050,34326,4120105,3
-7950,34327,4120244,3
-14450,34328,4120489,3
-2800,34329,4120515,3
-7650,34330,4120628,3
-5800,34331,4120698,3
-5250,34332,4120820,4
-10350,34333,4121012,4
-3500,34334,4121204,7
-3950,34335,4121259,3
2100,34336,4121339,7
-4500,34337,4121399,3
-11700,34338,4121780,8
-3950,34339,4121835,3
-8650,34340,4121972,3
-4300,34341,4122163,6
-2000,34342,4122243,5
-10350,34343,4122422,3
-6050,34344,4122548,4
0,34345,4122596,5
-3050,34346,4122683,5
-4850,34347,4122740,3
-4950,34348,4122819,3
-5850,34349,4122998,5
2000,34350,4123124,7
-5550,34351,4123203,3
-6050,34352,4123316,3
2500,34353,4123391,6
-17250,34354,4123700,3
-3000,34355,4123766,3
-23250,34356,4124220,4
-4300,34357,4124411,6
-5050,34358,4124468,3
-3850,34359,4124521,3
-3400,34360,4124547,3
-9250,34361,4124716,3
-2000,34362,4124726,3
-850,34363,4124739,3
-5850,34364,4124852,3
-4250,34365,4124905,3
-1450,34366,4124922,3
-5850,34367,4125003,3
-5850,34368,4125236,7
-3650,34369,4125289,3
-2450,34370,4125306,3
-5200,34371,4125428,3
-4600,34372,4125498,3
-4800,34373,4125560,3
1200,34374,4125624,5
-6900,34375,4125756,3
-8500,34376,4125896,3
-9150,34377,4126196,8
-2850,34378,4126249,3
-2850,34379,4126266,3
-20100,34380,4126642,3
-8550,34381,4126781,3
-11000,34382,4127020,4
-2000,34383,4127030,3
-6800,34384,4127156,3
-11900,34385,4127348,3
-5450,34386,4127519,5
-2800,34387,4127595,5
-2700,34388,4127619,3
-7500,34389,4127735,3
-9150,34390,4127924,5
-3850,34391,4127977,3
-5750,34392,4128171,6
-5200,34393,4128363,5
-5100,34394,4128500,4
-3000,34395,4128744,9
-2550,34396,4128771,3
-4650,34397,4128828,3
-2500,34398,4128884,3
-6550,34399,4129020,4
-4900,34400,4129076,3
-14450,34401,4129321,3
-5150,34402,4129404,3
-3850,34403,4129547,5
-6650,34404,4129652,3
-5750,34405,4129731,3
-7250,34406,4129844,3
-17300,34407,4130168,3
-4900,34408,4130228,3
-8950,34409,4130420,4
-17900,34410,4130883,6
-4900,34411,4131049,5
-7750,34412,4131258,5
-850,34413,4131271,3
-6650,34414,4131380,3
-7100,34415,4131512,3
-3700,34416,4131572,3
-5600,34417,4131638,3
-1950,34418,4131788,6
-18750,34419,4132148,4
-5150,34420,4132231,3
-12150,34421,4132504,5
-2850,34422,4132541,3
-1300,34423,4132663,5
-3250,34424,4132724,3
-7900,34425,4132860,3
-3100,34426,4132916,3
-2600,34427,4133098,7
-3300,34428,4133187,4
-3850,34429,4133240,3
-6750,34430,4133384,4
-7300,34431,4133492,3
2050,34432,4133571,7
-5700,34433,4133684,4
-22250,34434,4134179,5
1200,34435,4134203,5
-4650,34436,4134260,3
-11100,34437,4134452,3
4650,34438,4134527,7
-3850,34439,4134584,3
-4750,34440,4134724,4
-3300,34441,4134776,3
-1350,34442,4134795,3
-5200,34443,4134889,3
-5150,34444,4134972,3
-4100,34445,4135028,3
150,34446,4135160,6
-4700,34447,4135220,3
-14350,34448,4135467,3
-1100,34449,4135491,3
-10750,34450,4135670,3
-8000,34451,4135796,3
-4450,34452,4135849,3
-21550,34453,4136236,3
-2000,34454,4136246,3
-450,34455,4136259,3
-8450,34456,4136442,5
-7400,34457,4136564,3
4350,34458,4136634,8
-11050,34459,4136827,3
-5250,34460,4136957,4
-3100,34461,4137001,3
2450,34462,4137083,6
-4650,34463,4137140,3
-18100,34464,4137468,3
-14300,34465,4137716,3
-4400,34466,4137867,4
1500,34467,4137963,7
-2300,34468,4137987,3
2450,34469,4138050,7
1750,34470,4138093,5
-5200,34471,4138155,3
-2500,34472,4138179,3
-7100,34473,4138381,5
-5550,34474,4138484,3
-4750,34475,4138563,3
-4850,34476,4138616,3
-900,34477,4138731,6
-9350,34478,4138947,4
-5400,34479,4139295,9
-7100,34480,4139444,4
-1400,34481,4139499,4
0,34482,4139604,6
-1750,34483,4139689,5
-7600,34484,4139831,3
-4150,34485,4139894,3
-5450,34486,4140020,4
900,34487,4140078,5
-4250,34488,4140171,3
-2850,34489,4140212,3
-4450,34490,4140265,3
-2400,34491,4140291,3
-6850,34492,4140514,5
-7050,34493,4140705,5
-5550,34494,4140788,3
-2650,34495,4140841,3
-2200,34496,4140867,3
-3050,34497,4140920,3
-4100,34498,4140980,3
-19900,34499,4141446,5
-6200,34500,4141556,3
-3400,34501,4141769,6
-11300,34502,4142010,4
-10900,34503,4142198,3
-5400,34504,4142268,3
-4700,34505,4142324,3
-4250,34506,4142377,3
-2850,34507,4142394,3
-8000,34508,4142516,3
1150,34509,4142571,5
1850,34510,4142683,8
700,34511,4142787,7
-4850,34512,4142844,3
-4900,34513,4142900,3
-2450,34514,4142953,3
1500,34515,4142983,5
-9150,34516,4143171,4
-4250,34517,4143224,3
-750,34518,4143284,4
-4650,34519,4143337,3
-4550,34520,4143420,3
-18000,34521,4143734,3
-2450,34522,4143747,3
-6700,34523,4143949,5
-5750,34524,4144052,3
-3250,34525,4144105,3
1900,34526,4144299,9
-13550,34527,4144587,4
-3800,34528,4144637,3
-10150,34529,4144820,3
-11050,34530,4145095,5
-5700,34531,4145257,5
-9300,34532,4145405,3
-4100,34533,4145449,3
-1850,34534,4145466,3
-6250,34535,4145588,4
-5750,34536,4145720,4
-2700,34537,4145859,6
-3550,34538,4146025,6
-7750,34539,4146164,3
-4850,34540,4146217,3
-9150,34541,4146356,3
-2600,34542,4146505,6
-5450,34543,4146614,3
-2550,34544,4146711,5
1000,34545,4146792,6
1300,34546,4146987,10
-6050,34547,4147064,3
-4100,34548,4147124,3
3050,34549,4147179,7
-350,34550,4147203,4
-3450,34551,4147256,3
-9350,34552,4147448,4
-4700,34553,4147508,3
-7350,34554,4147644,4
-4600,34555,4147755,4
3900,34556,4147828,8
-1350,34557,4147892,4
-4250,34558,4147945,3
-3100,34559,4148063,5
-1800,34560,4148167,5
-400,34561,4148276,6
-10500,34562,4148525,4
-1050,34563,4148538,3
-7300,34564,4148715,4
-6500,34565,4148811,3
-3850,34566,4148852,3
-2450,34567,4148984,6
-4900,34568,4149044,3
-4450,34569,4149097,3
-8950,34570,4149236,3
-3050,34571,4149289,3
-2000,34572,4149315,3
-4650,34573,4149368,3
-13000,34574,4149623,4
-7650,34575,4149756,3
-4900,34576,4149812,3
-15350,34577,4150083,3
-7600,34578,4150205,3
-6800,34579,4150388,4
-5200,34580,4150454,3
-3800,34581,4150524,3
-4700,34582,4150580,3
-12800,34583,4150851,4
-6950,34584,4151020,5
-2000,34585,4151030,3
-7400,34586,4151156,3
-4600,34587,4151226,3
-5600,34588,4151292,3
-3100,34589,4151348,3
-9700,34590,4151610,5
-5850,34591,4151732,4
-7150,34592,4151924,4
-13350,34593,4152195,3
-1200,34594,4152311,5
-7850,34595,4152440,3
-6250,34596,4152553,3
2350,34597,4152692,9
-14600,34598,4152954,3
-15000,34599,4153212,3
-2250,34600,4153323,5
-11400,34601,4153513,3
-4650,34602,4153652,5
-12250,34603,4153853,3
-4250,34604,4154008,5
-2650,34605,4154045,3
-2700,34606,4154089,3
-9150,34607,4154228,3
-6400,34608,4154420,5
2100,34609,4154475,6
-2800,34610,4154571,5
-4600,34611,4154621,3
-5650,34612,4154804,5
-3950,34613,4154887,3
-4850,34614,4154940,3
-16200,34615,4155271,4
-6900,34616,4155433,5
-4000,34617,4155516,4
-4300,34618,4155572,3
-4350,34619,4155651,3
-2950,34620,4155764,5
-4950,34621,4155962,6
-10200,34622,4156148,3
1900,34623,4156203,6
50,34624,4156227,4
-4850,34625,4156280,3
-4550,34626,4156343,3
-3250,34627,4156450,5
-4000,34628,4156532,3
-4950,34629,4156668,4
-2350,34630,4156724,4
-5150,34631,4156807,3
-8000,34632,4156925,3
-7200,34633,4157108,4
1200,34634,4157243,8
-4850,34635,4157300,3
-4200,34636,4157366,3
-7200,34637,4157578,5
2450,34638,4157615,5
-1300,34639,4157684,4
-4000,34640,4157750,3
-8400,34641,4157876,3
2050,34642,4157934,6
1650,34643,4157959,5
-7700,34644,4158071,3
-4550,34645,4158134,3
-13850,34646,4158452,4
-12050,34647,4158653,3
-10350,34648,4158836,3
-5400,34649,4158906,3
-7600,34650,4159028,3
-3650,34651,4159081,3
-10400,34652,4159370,6
-13800,34653,4159604,3
-5600,34654,4159674,3
-4400,34655,4159736,3
2050,34656,4159815,7
-6850,34657,4159932,3
-13350,34658,4160183,3
-10850,34659,4160372,3
-10900,34660,4160564,3
-4150,34661,4160619,3
-3100,34662,4160643,3
-15650,34663,4160948,3
-900,34664,4161030,5
1950,34665,4161057,5
2100,34666,4161099,5
-3450,34667,4161140,3
-4450,34668,4161205,3
-6000,34669,4161291,3
-2450,34670,4161332,3
1100,34671,4161395,6
50,34672,4161415,4
-7250,34673,4161577,4
-6150,34674,4161656,3
-4900,34675,4161716,3
-5950,34676,4161799,3
-7650,34677,4161908,3
-14950,34678,4162236,4
-2900,34679,4162292,3
-5150,34680,4162371,3
750,34681,4162427,6
-4450,34682,4162484,3
-15800,34683,4162827,4
-2850,34684,4162868,3
-3350,34685,4162923,3
-550,34686,4163090,7
-1350,34687,4163113,3
-2000,34688,4163143,3
-7900,34689,4163255,3
-8050,34690,4163384,3
-2350,34691,4163403,3
-2650,34692,4163534,5
-2100,34693,4163636,5
-10850,34694,4163894,4
-1250,34695,4163907,3
-1800,34696,4163991,5
-5800,34697,4164155,5
-4850,34698,4164212,3
-4050,34699,4164265,3
-13000,34700,4164483,3
50,34701,4164568,5
-4650,34702,4164666,4
-7600,34703,4164788,3
-1850,34704,4164854,4
1200,34705,4164923,6
-5050,34706,4164980,3
-11250,34707,4165181,3
-5250,34708,4165238,3
-15850,34709,4165556,4
-5950,34710,4165717,5
-700,34711,4165803,5
-1550,34712,4165814,3
-23850,34713,4166324,4
-1700,34714,4166377,4
-3450,34715,4166516,5
-2150,34716,4166571,3
-7050,34717,4166708,3
150,34718,4166825,7
-3800,34719,4166900,4
-5050,34720,4166953,3
-2800,34721,4166979,3
-4850,34722,4167032,3
-4100,34723,4167092,3
-6150,34724,4167293,5
-10400,34725,4167558,6
-6600,34726,4167668,3
3500,34727,4167796,7
-4300,34728,4167860,3
-3850,34729,4167913,3
-3000,34730,4167939,3
-4450,34731,4167992,3
-7950,34732,4168241,5
-7350,34733,4168402,5
-3650,34734,4168439,3
-10650,34735,4168628,3
-750,34736,4168709,5
-2700,34737,4168820,6
-3850,34738,4168873,3
-3050,34739,4168890,3
-8550,34740,4169163,5
-3650,34741,4169204,3
-4050,34742,4169257,3
-4750,34743,4169336,3
-3900,34744,4169396,3
3400,34745,4169454,7
-700,34746,4169528,5
-3450,34747,4169643,5
-8000,34748,4169789,3
-4900,34749,4169931,5
-3650,34750,4169972,3
-11100,34751,4170164,3
-5550,34752,4170247,3
-6450,34753,4170356,3
-2350,34754,4170498,6
-4000,34755,4170548,3
-7350,34756,4170740,4
-5550,34757,4170823,3
-1300,34758,4170954,6
-10500,34759,4171260,5
-4300,34760,4171316,3
-4200,34761,4171382,3
-3000,34762,4171510,5
-4350,34763,4171561,3
-3600,34764,4171587,3
-15850,34765,4171892,3
-8550,34766,4172084,4
-4050,34767,4172137,3
-3400,34768,4172167,3
-4850,34769,4172220,3
2300,34770,4172271,6
-4500,34771,4172355,3
800,34772,4172411,5
-4050,34773,4172468,3
-5600,34774,4172534,3
-6600,34775,4172660,3
3150,34776,4172733,7
-11050,34777,4172922,3
-8400,34778,4173097,4
250,34779,4173195,6
-2650,34780,4173236,3
-8350,34781,4173428,4
-5950,34782,4173560,4
-1750,34783,4173579,3
-7300,34784,4173699,3
-2700,34785,4173752,4
-7750,34786,4173867,3
-2100,34787,4173895,3
-19200,34788,4174249,3
-3200,34789,4174275,3
-4450,34790,4174328,3
-8600,34791,4174454,3
1200,34792,4174502,5
-2850,34793,4174580,4
-4800,34794,4174650,3
-5850,34795,4174731,3
-4250,34796,4174772,3
-6000,34797,4174965,6
-3600,34798,4175019,3
-8650,34799,4175156,3
-11150,34800,4175351,3
-4400,34801,4175401,3
-3400,34802,4175427,3
-15950,34803,4175816,5
-7100,34804,4175924,3
-2650,34805,4175977,3
-2000,34806,4176003,3
-4850,34807,4176056,3
-4650,34808,4176195,5
-5850,34809,4176308,3
-3750,34810,4176363,3
2350,34811,4176394,5
-5400,34812,4176500,3
-3750,34813,4176555,3
-18000,34814,4176885,3
-10750,34815,4177076,3
-4550,34816,4177131,3
-5550,34817,4177268,5
-4250,34818,4177321,3
-13600,34819,4177592,4
-4100,34820,4177652,3
-4350,34821,4177707,3
-7850,34822,4177844,3
-3350,34823,4177899,3
-3700,34824,4177980,4
-3900,34825,4178036,3
550,34826,4178091,5
-13500,34827,4178360,4
-3300,34828,4178420,3
-8750,34829,4178612,4
-4850,34830,4178665,3
-2050,34831,4178682,3
-5250,34832,4178804,4
-4600,34833,4178870,3
-11250,34834,4179075,3
-11250,34835,4179268,3
-7100,34836,4179380,3
-14600,34837,4179651,4
-4850,34838,4179704,3
-12500,34839,4179956,3
4500,34840,4180029,8
-2600,34841,4180088,4
-4350,34842,4180151,3
200,34843,4180227,5
-8750,34844,4180419,4
50,34845,4180488,5
1900,34846,4180506,5
1450,34847,4180531,5
-2950,34848,4180611,4
-10700,34849,4180807,3
-15450,34850,4181108,3
-3000,34851,4181174,3
-9800,34852,4181361,4
-2700,34853,4181492,6
-10700,34854,4181684,3
-5850,34855,4181929,7
-4800,34856,4182068,4
-3050,34857,4182121,3
-10700,34858,4182330,4
-6300,34859,4182507,4
350,34860,4182582,5
-4000,34861,4182644,3
-3650,34862,4182697,3
-2400,34863,4182723,3
-4450,34864,4182776,3
-2100,34865,4182915,6
-4850,34866,4182968,3
-4500,34867,4183028,3
-2500,34868,4183084,3
-2000,34869,4183094,3
1700,34870,4183141,6
1900,34871,4183159,5
-4850,34872,4183220,3
-11600,34873,4183491,4
-3800,34874,4183659,5
5600,34875,4183743,9
-4450,34876,4183796,3
-3250,34877,4183849,3
-9650,34878,4184054,3
-4450,34879,4184180,4
-9100,34880,4184372,3
-5600,34881,4184438,3
-1450,34882,4184451,3
2750,34883,4184568,7
-1950,34884,4184620,4
-1600,34885,4184630,3
-3550,34886,4184756,6
-4450,34887,4184809,3
-8950,34888,4184948,3
-6050,34889,4185127,5
-5100,34890,4185223,3
2600,34891,4185288,6
-2500,34892,4185332,3
-2450,34893,4185447,5
-5050,34894,4185524,3
-14750,34895,4185795,3
-3650,34896,4185848,3
1000,34897,4185892,5
-4450,34898,4185978,4
-2700,34899,4186059,4
-3250,34900,4186100,3
-650,34901,4186155,5
1700,34902,4186169,5
-4850,34903,4186295,4
-1950,34904,4186371,4
-4250,34905,4186424,3
-6150,34906,4186539,3
-3650,34907,4186616,3
-4300,34908,4186676,3
-4750,34909,4186731,3
-4850,34910,4186808,3
-4900,34911,4186868,3
-4050,34912,4186921,3
-3700,34913,4187112,6
-1600,34914,4187143,4
-7900,34915,4187255,3
-6850,34916,4187384,3
-5100,34917,4187444,3
-20300,34918,4187828,3
-9500,34919,4188020,3
-3050,34920,4188073,3
-9150,34921,4188212,3
-14800,34922,4188499,4
-3050,34923,4188536,3
-2350,34924,4188555,3
-4600,34925,4188703,5
1400,34926,4188731,5
-4050,34927,4188788,3
-3450,34928,4188841,3
-1450,34929,4188867,4
-6250,34930,4188980,3
-14500,34931,4189228,3
-1600,34932,4189238,3
-1050,34933,4189251,3
-11350,34934,4189430,3
-3400,34935,4189496,3
-5100,34936,4189556,3
-5700,34937,4189636,3
-5950,34938,4189748,4
1650,34939,4189941,9
-3350,34940,4190026,5
-6000,34941,4190132,3
-4750,34942,4190187,3
-5050,34943,4190268,3
-4300,34944,4190324,3
-16150,34945,4190615,3
-3700,34946,4190667,3
-2500,34947,4190847,7
-4250,34948,4191116,7
-2350,34949,4191241,5
-20350,34950,4191608,3
-4700,34951,4191668,3
-9950,34952,4191860,4
-11250,34953,4192131,5
-12850,34954,4192376,3
-4700,34955,4192436,3
-1100,34956,4192522,5
2400,34957,4192628,7
-4400,34958,4192694,3
-5800,34959,4192829,4
-3700,34960,4192890,4
-20900,34961,4193270,3
-7200,34962,4193396,3
-8350,34963,4193588,4
-5250,34964,4193739,5
-2200,34965,4193789,3
-2100,34966,4193871,5
-7250,34967,4193972,3
-4450,34968,4194025,3
-1850,34969,4194042,3
-6800,34970,4194164,3
-7100,34971,4194411,6
-2100,34972,4194435,3
-4250,34973,4194488,3
-10750,34974,4194680,4
-550,34975,4194699,3
-5350,34976,4194819,4
-7250,34977,4194932,3
-8750,34978,4195083,3
-5850,34979,4195180,3
-2000,34980,4195190,3
-1850,34981,4195203,3
-6300,34982,4195316,4
-5600,34983,4195382,3
-3200,34984,4195452,3
-350,34985,4195525,5
-9750,34986,4195709,4
-17950,34987,4196028,3
-4300,34988,4196084,3
-5550,34989,4196163,3
-4650,34990,4196216,3
-14500,34991,4196538,5
-4450,34992,4196660,4
3900,34993,4196715,6
-6500,34994,4196852,4
-850,34995,4196984,6
-8750,34996,4197176,4
-14500,34997,4197428,3
-10900,34998,4197620,3
-7750,34999,4197812,4
-4150,35000,4197895,3
-6450,35001,4198004,3
-2950,35002,4198059,3
2550,35003,4198132,7
200,35004,4198155,4
-2450,35005,4198196,3
-3400,35006,4198262,3
-18000,35007,4198580,3
-5600,35008,4198650,3
-22250,35009,4199100,4
-5100,35010,4199156,3
-6800,35011,4199307,4
-2850,35012,4199348,3
-5000,35013,4199418,3
-1400,35014,4199546,5
-10000,35015,4199732,3
-7000,35016,4199994,7
-11300,35017,4200182,3
-8000,35018,4200308,3
-5550,35019,4200391,3
-6700,35020,4200503,3
-3450,35021,4200560,3
-1800,35022,4200570,3
-11300,35023,4200762,3
-5250,35024,4200884,4
-10250,35025,4201268,10
550,35026,4201311,5
-150,35027,4201351,4
-6900,35028,4201463,3
400,35029,4201630,8
-7500,35030,4201910,7
-8000,35031,4202036,3
-6150,35032,4202229,5
-1800,35033,4202284,4
-800,35034,4202294,3
-7400,35035,4202420,3
-5200,35036,4202490,3
-6800,35037,4202612,3
-500,35038,4202665,4
-6350,35039,4202744,3
-7550,35040,4202883,3
-5500,35041,4202955,3
-3650,35042,4202996,3
-8000,35043,4203188,5
-11300,35044,4203380,3
-14450,35045,4203625,3
-9150,35046,4203764,3
-3850,35047,4203817,3
-1450,35048,4203834,3
-10950,35049,4204148,6
-4150,35050,4204203,3
-6700,35051,4204340,4
-2400,35052,4204419,4
450,35053,4204587,8
1200,35054,4204615,5
-2050,35055,4204710,5
-2900,35056,4204804,5
-7700,35057,4204916,3
-10900,35058,4205108,3
-11250,35059,4205309,3
-13400,35060,4205576,4
-6300,35061,4205684,3
-10100,35062,4205876,3
-4900,35063,4206071,6
-11650,35064,4206260,3
-4950,35065,4206343,3
-3650,35066,4206392,3
-7250,35067,4206505,3
-11400,35068,4206780,4
-4700,35069,4206836,3
-2250,35070,4206889,3
1400,35071,4206987,7
-9050,35072,4207275,6
-6300,35073,4207371,3
-4250,35074,4207412,3
-4450,35075,4207465,3
-2800,35076,4207495,3
-8700,35077,4207659,3
-6250,35078,4207740,3
-3900,35079,4207796,3
1500,35080,4207851,6
-18650,35081,4208180,3
-5350,35082,4208312,4
-5100,35083,4208372,3
-3550,35084,4208427,3
-2700,35085,4208451,3
-4250,35086,4208508,3
-2650,35087,4208619,5
-7650,35088,4208756,3
-5000,35089,4208826,3
-1250,35090,4209003,7
-2100,35091,4209027,3
-10350,35092,4209206,3
-1050,35093,4209387,7
-1200,35094,4209524,6
-5050,35095,4209577,3
-3600,35096,4209603,3
-3850,35097,4209656,3
-350,35098,4209908,12
-6700,35099,4210040,3
-4700,35100,4210100,3
-11550,35101,4210295,3
-2800,35102,4210395,5
4450,35103,4210427,8
-4650,35104,4210484,3
-4600,35105,4210550,3
-8000,35106,4210676,3
-4400,35107,4210742,3
-2500,35108,4210868,5
-2900,35109,4210921,4
-2000,35110,4210947,3
-17250,35111,4211252,3
-3600,35112,4211318,3
-9700,35113,4211523,4
-100,35114,4211580,4
-21150,35115,4212020,4
-11300,35116,4212212,3
-10200,35117,4212456,5
-9100,35118,4212596,3
-7350,35119,4212732,4
-3100,35120,4212846,5
-9400,35121,4213033,4
-10500,35122,4213307,5
-2700,35123,4213364,4
-7850,35124,4213596,6
-2800,35125,4213626,3
-11700,35126,4213814,3
-1850,35127,4213827,3
-6650,35128,4213940,3
-5000,35129,4214006,3
-11100,35130,4214268,5
-4500,35131,4214324,3
-3150,35132,4214379,3
-4900,35133,4214516,4
-4250,35134,4214569,3
-2800,35135,4214595,3
-6800,35136,4214787,5
-10300,35137,4214979,3
-2900,35138,4215092,4
-2000,35139,4215171,4
-7950,35140,4215351,4
-500,35141,4215363,3
-3650,35142,4215416,3
-13150,35143,4215668,4
-2400,35144,4215723,4
-1550,35145,4215738,3
-5250,35146,4215860,4
-5750,35147,4215943,3
-10400,35148,4216105,3
-5950,35149,4216188,3
-6600,35150,4216299,4
-6450,35151,4216436,3
-4500,35152,4216599,6
-7300,35153,4216760,4
-2150,35154,4216779,3
-4800,35155,4216829,3
-9000,35156,4217012,4
-5200,35157,4217078,3
-7400,35158,4217204,3
-6950,35159,4217336,4
3700,35160,4217408,7
-5000,35161,4217462,3
-1000,35162,4217588,7
-4750,35163,4217643,3
-5100,35164,4217780,4
-4400,35165,4217846,3
-10700,35166,4218042,3
-1950,35167,4218061,3
-3350,35168,4218108,3
-6550,35169,4218243,3
1900,35170,4218261,5
-950,35171,4218356,7
-3350,35172,4218411,3
-8650,35173,4218548,3
-11700,35174,4218834,5
-3250,35175,4218932,4
-2400,35176,4219011,4
-12150,35177,4219316,5
-5800,35178,4219508,5
-4850,35179,4219700,6
-5150,35180,4219783,3
-8400,35181,4219962,4
550,35182,4220087,7
-8500,35183,4220276,4
-900,35184,4220329,4
-8250,35185,4220547,4
-4850,35186,4220600,3
-4400,35187,4220663,4
-5050,35188,4220740,3
-14750,35189,4221044,4
-3050,35190,4221097,3
-5850,35191,4221239,4
-10250,35192,4221428,3
-5800,35193,4221620,5
-2850,35194,4221673,3
-4350,35195,4221818,5
-5250,35196,4221948,4
-4700,35197,4222004,3
-15650,35198,4222388,6
-10300,35199,4222580,3
250,35200,4222645,5
-11650,35201,4222851,4
-3850,35202,4222908,3
-2150,35203,4222923,3
-3250,35204,4222964,3
-5900,35205,4223048,3
-5750,35206,4223156,4
250,35207,4223217,5
-1400,35208,4223235,3
-4450,35209,4223288,3
-6250,35210,4223418,4
-8450,35211,4223653,5
-2400,35212,4223732,4
-4300,35213,4223924,7
-29350,35214,4224500,4
-11700,35215,4224692,3
-2300,35216,4224745,4
-10500,35217,4224937,3
-9000,35218,4225079,3
-2800,35219,4225142,4
2200,35220,4225186,5
-3050,35221,4225268,4
-11500,35222,4225460,3
250,35223,4225505,5
350,35224,4225707,8
-10950,35225,4225923,4
-7650,35226,4226036,3
-4950,35227,4226115,3
-5050,35228,4226172,3
-7550,35229,4226311,3
-5500,35230,4226423,3
-27450,35231,4226936,3
-4900,35232,4226996,3
2700,35233,4227051,6
-2350,35234,4227217,6
-10300,35235,4227459,5
-4300,35236,4227572,4
-3550,35237,4227627,3
-7850,35238,4227764,3
-4150,35239,4227843,3
-7250,35240,4227956,3
-2450,35241,4228141,7
-4050,35242,4228231,4
-4850,35243,4228284,3
-4300,35244,4228340,3
-3450,35245,4228393,3
450,35246,4228446,5
1550,35247,4228461,5
-1450,35248,4228532,5
-5600,35249,4228602,3
-4600,35250,4228664,3
-3700,35251,4228724,3
-5950,35252,4228807,3
-5600,35253,4228995,5
-6250,35254,4229108,3
-15250,35255,4229455,5
-3650,35256,4229492,3
-4850,35257,4229545,3
-2050,35258,4229558,3
-2450,35259,4229571,3
-3300,35260,4229684,4
-800,35261,4229739,4
-5850,35262,4229820,3
-1950,35263,4229876,4
-4550,35264,4229959,3
-3950,35265,4230027,4
-4200,35266,4230138,4
-2100,35267,4230260,5
-11500,35268,4230505,4
-3600,35269,4230531,3
-2550,35270,4230644,5
-1700,35271,4230697,4
-5200,35272,4230845,5
-6550,35273,4230968,3
-5100,35274,4231028,3
-2500,35275,4231220,7
-8300,35276,4231352,3
-5100,35277,4231412,3
-3000,35278,4231491,4
-4450,35279,4231544,3
-3150,35280,4231563,3
-3850,35281,4231604,3
-6100,35282,4231802,5
-5650,35283,4231875,3
-10750,35284,4232054,3
-1000,35285,4232180,7
-12000,35286,4232427,4
-1100,35287,4232451,3
-8700,35288,4232620,4
-400,35289,4232630,3
-7400,35290,4232756,3
-21250,35291,4233149,3
-850,35292,4233265,6
-4750,35293,4233332,3
-23250,35294,4233782,4
-4600,35295,4233848,3
400,35296,4233908,5
-7150,35297,4234040,4
-3500,35298,4234100,3
-16150,35299,4234424,4
-4500,35300,4234484,3
-3800,35301,4234550,3
-7050,35302,4234827,7
-6950,35303,4234934,3
-7350,35304,4235139,5
-6650,35305,4235252,3
-11100,35306,4235444,3
-2850,35307,4235497,3
-6350,35308,4235576,3
-3650,35309,4235645,3
-4800,35310,4235715,3
-9650,35311,4235881,4
-5950,35312,4235960,3
-3900,35313,4236020,3
-9900,35314,4236291,6
-5650,35315,4236404,3
-4150,35316,4236459,3
50,35317,4236483,4
-4900,35318,4236596,4
-5000,35319,4236666,3
850,35320,4236711,5
1200,35321,4236731,5
-3250,35322,4236788,3
-4800,35323,4236854,3
-5000,35324,4236920,3
-700,35325,4237035,6
-6300,35326,4237172,4
-5700,35327,4237256,3
-5700,35328,4237364,3
-8950,35329,4237556,4
-4050,35330,4237609,3
-3050,35331,4237626,3
-11200,35332,4237804,3
-2000,35333,4237814,3
-3200,35334,4237880,3
-5100,35335,4237940,3
-4600,35336,4238006,3
-8000,35337,4238132,3
-250,35338,4238187,5
-18850,35339,4238569,4
-5750,35340,4238652,3
-3300,35341,4238708,3
750,35342,4238763,5
-8250,35343,4238953,4
-12000,35344,4239171,3
-2850,35345,4239228,3
-7200,35346,4239350,3
-8400,35347,4239476,3
-6150,35348,4239608,4
-7250,35349,4239721,3
-8300,35350,4239869,3
-6550,35351,4239996,3
-2350,35352,4240052,4
-15550,35353,4240323,3
-4850,35354,4240376,3
-5950,35355,4240516,4
2600,35356,4240545,6
-3250,35357,4240628,5
-3050,35358,4240681,3
-8550,35359,4240820,3
-4650,35360,4240873,3
-2400,35361,4240899,3
-4050,35362,4240952,3
-10350,35363,4241163,3
-3250,35364,4241204,3
-2550,35365,4241259,3
-550,35366,4241270,3
-5000,35367,4241545,8
-3400,35368,4241591,3
-5350,35369,4241654,3
-15200,35370,4241916,3
-4500,35371,4241972,3
-11700,35372,4242164,3
-4800,35373,4242234,3
-5450,35374,4242356,4
-3950,35375,4242411,3
-11450,35376,4242604,3
-1000,35377,4242614,3
-2150,35378,4242740,6
-4400,35379,4242806,3
-5450,35380,4242932,4
-5150,35381,4243015,3
-8150,35382,4243190,3
-4000,35383,4243260,3
-4500,35384,4243316,3
-11100,35385,4243508,3
-5850,35386,4243679,5
-2300,35387,4243793,5
1650,35388,4243810,5
-5550,35389,4243992,6
-6100,35390,4244084,3
-2850,35391,4244137,3
-3050,35392,4244154,3
-10000,35393,4244332,3
-1400,35394,4244342,3
1600,35395,4244386,5
-3050,35396,4244468,4
-5100,35397,4244552,3
-7500,35398,4244660,3
-350,35399,4244713,5
-9300,35400,4244922,4
-11650,35401,4245176,4
-5100,35402,4245236,3
-5150,35403,4245315,3
-6600,35404,4245651,9
-2000,35405,4245673,3
-2600,35406,4245703,3
2300,35407,4245812,8
-300,35408,4245870,5
1050,35409,4245891,5
-7050,35410,4246004,3
-3800,35411,4246070,3
-14400,35412,4246328,3
-1600,35413,4246347,4
-3650,35414,4246388,3
-4250,35415,4246441,3
-8550,35416,4246580,3
-3050,35417,4246633,3
-6250,35418,4246927,8
-13250,35419,4247156,3
-12050,35420,4247357,3
-4000,35421,4247427,3
-4850,35422,4247480,3
-1350,35423,4247606,6
-8000,35424,4247732,3
-4450,35425,4247785,3
-7950,35426,4247924,3
-7000,35427,4248075,4
2250,35428,4248108,5
-3300,35429,4248218,5
-2800,35430,4248252,3
-3900,35431,4248308,3
-3950,35432,4248363,3
-2400,35433,4248500,6
-3850,35434,4248553,3
-2850,35435,4248570,3
-11050,35436,4248837,5
-13750,35437,4249076,3
-3350,35438,4249131,3
-7650,35439,4249268,3
-9750,35440,4249460,4
-950,35441,4249595,7
-3200,35442,4249661,3
-5600,35443,4249788,4
-8450,35444,4250036,6
-4400,35445,4250102,3
-1550,35446,4250187,5
-3250,35447,4250228,3
900,35448,4250286,5
-13700,35449,4250571,4
-4250,35450,4250612,3
-10900,35451,4250804,3
-4800,35452,4250874,3
-10900,35453,4251188,5
-3650,35454,4251241,3
-2600,35455,4251267,3
-8000,35456,4251433,3
-6900,35457,4251651,5
-2900,35458,4251708,4
-6350,35459,4251823,3
-3500,35460,4251896,4
-3350,35461,4251959,3
-8700,35462,4252148,4
-8900,35463,4252280,3
-4500,35464,4252340,3
-10300,35465,4252598,5
-2450,35466,4252611,3
-11350,35467,4252790,3
-8200,35468,4252916,3
-8700,35469,4253048,3
-2950,35470,4253067,3
-4250,35471,4253108,3
-3750,35472,4253163,3
-150,35473,4253191,4
-10800,35474,4253492,6
2450,35475,4253555,7
-3950,35476,4253729,6
-13400,35477,4254008,4
-14700,35478,4254260,3
-4450,35479,4254313,3
-5400,35480,4254481,5
1500,35481,4254531,5
-4050,35482,4254584,3
-5900,35483,4254795,6
-900,35484,4254836,4
-1700,35485,4254889,4
-2650,35486,4254906,3
-4050,35487,4255028,4
-50,35488,4255071,5
-12000,35489,4255347,5
-8950,35490,4255482,3
-7600,35491,4255604,3
-9650,35492,4255875,5
-4850,35493,4255928,3
-8800,35494,4256058,3
-6800,35495,4256189,4
-7350,35496,4256316,3
-4100,35497,4256372,3
-50,35498,4256469,7
-2750,35499,4256504,3
-4550,35500,4256689,5
-3800,35501,4256756,4
-3200,35502,4256839,4
-4850,35503,4256892,3
-3300,35504,4256948,3
-2300,35505,4257001,4
-9500,35506,4257193,3
-7350,35507,4257332,3
-11500,35508,4257524,3
-4450,35509,4257577,3
-10250,35510,4257795,4
-3650,35511,4257848,3
-10500,35512,4258040,3
-4300,35513,4258100,3
-3050,35514,4258153,3
-5800,35515,4258292,4
1350,35516,4258339,5
-8000,35517,4258567,5
-6850,35518,4258676,3
-4200,35519,4258755,4
2850,35520,4258868,9
-4800,35521,4258938,3
-8000,35522,4259060,3
-4600,35523,4259130,3
-8100,35524,4259311,4
-2700,35525,4259331,3
-15100,35526,4259636,4
3300,35527,4259691,6
-5800,35528,4259843,5
-10500,35529,4260113,5
-8800,35530,4260291,3
-7250,35531,4260404,3
-3250,35532,4260461,3
-5250,35533,4260599,4
-2200,35534,4260649,3
-1600,35535,4260679,3
-6700,35536,4260791,3
-11450,35537,4260980,3
-4250,35538,4261172,6
-17700,35539,4261500,3
-5100,35540,4261556,3
1050,35541,4261691,7
-2100,35542,4261707,3
-2200,35543,4261803,5
-5850,35544,4261962,5
-2900,35545,4262010,3
-5400,35546,4262072,3
-11350,35547,4262324,4
-6300,35548,4262534,5
-10200,35549,4262708,3
-4300,35550,4262788,3
-7500,35551,4262900,3
-9550,35552,4263095,3
-3050,35553,4263243,6
1050,35554,4263284,5
-6550,35555,4263416,4
-4500,35556,4263476,3
-3600,35557,4263542,3
-11900,35558,4263734,3
-2450,35559,4263747,3
-4850,35560,4263800,3
-3600,35561,4263916,5
-1600,35562,4263926,3
-1850,35563,4263996,4
-4700,35564,4264052,3
-3650,35565,4264105,3
-1800,35566,4264135,3
-4700,35567,4264203,3
-3250,35568,4264244,3
-3600,35569,4264302,3
-3400,35570,4264324,3
-3300,35571,4264376,3
-9800,35572,4264628,5
-11300,35573,4264820,3
-17550,35574,4265204,4
-4750,35575,4265259,3
-7250,35576,4265396,3
-4150,35577,4265451,3
-24700,35578,4265972,4
-11300,35579,4266164,3
-1300,35580,4266234,5
-2100,35581,4266356,5
-3650,35582,4266471,5
-4100,35583,4266548,4
-4750,35584,4266603,3
-1000,35585,4266740,6
-11300,35586,4266932,3
-5350,35587,4267011,3
2200,35588,4267146,8
-7850,35589,4267316,4
-5000,35590,4267382,3
-5850,35591,4267508,4
-4400,35592,4267685,6
-2550,35593,4267700,3
-5650,35594,4267765,3
-4350,35595,4267832,3
-6250,35596,4267958,4
400,35597,4268027,6
-5050,35598,4268084,3
-3550,35599,4268163,3
-10600,35600,4268329,3
-3050,35601,4268468,5
-1450,35602,4268551,5
-16800,35603,4268861,3
-5850,35604,4269044,5
-3600,35605,4269110,3
-13050,35606,4269368,4
-3050,35607,4269483,5
-8250,35608,4269620,3
-5400,35609,4269788,5
2400,35610,4269816,5
-9500,35611,4270004,3
-10700,35612,4270196,3
-5000,35613,4270266,3
-14800,35614,4270520,3
-5300,35615,4270580,3
-2800,35616,4270659,4
-7250,35617,4270772,3
-4750,35618,4270851,3
-10600,35619,4271017,3
-2450,35620,4271043,4
-2400,35621,4271225,7
-7950,35622,4271348,3
-6150,35623,4271427,3
-6450,35624,4271540,3
-4650,35625,4271732,6
-5550,35626,4271811,3
-13950,35627,4272119,4
-3700,35628,4272195,3
-12550,35629,4272459,4
-2600,35630,4272509,3
-5600,35631,4272579,3
200,35632,4272692,6
-5800,35633,4272762,3
-6400,35634,4272884,3
950,35635,4272963,5
-3050,35636,4273016,3
-4250,35637,4273155,5
-10200,35638,4273403,5
-6750,35639,4273707,8
-4450,35640,4273784,3
-3700,35641,4273844,3
-650,35642,4273927,5
-12850,35643,4274237,4
-14050,35644,4274486,3
-7600,35645,4274612,3
-13000,35646,4274859,4
-9000,35647,4275062,4
-1650,35648,4275075,3
-3550,35649,4275188,5
-8700,35650,4275320,3
-4650,35651,4275389,3
-11350,35652,4275572,3
-8150,35653,4275834,6
-2800,35654,4275896,3
-4500,35655,4275956,3
-11700,35656,4276148,3
-4350,35657,4276203,3
-8250,35658,4276340,3
-4250,35659,4276491,5
2250,35660,4276536,5
-7750,35661,4276724,4
-12250,35662,4276925,3
-9000,35663,4277108,4
750,35664,4277163,5
-2900,35665,4277318,6
-13400,35666,4277548,3
-2000,35667,4277558,3
-9300,35668,4277755,4
-3200,35669,4277773,3
-3550,35670,4277820,3
4000,35671,4277931,8
-600,35672,4277970,4
-8950,35673,4278121,3
-2600,35674,4278151,3
-5300,35675,4278219,3
-3450,35676,4278260,3
-7950,35677,4278392,4
-6250,35678,4278522,4
-7600,35679,4278644,3
-5400,35680,4278710,3
750,35681,4278749,5
3050,35682,4278775,6
-5050,35683,4278836,3
-700,35684,4278894,5
-8450,35685,4279031,3
-5700,35686,4279107,3
-5050,35687,4279164,3
-3700,35688,4279220,3
-2850,35689,4279339,5
-2500,35690,4279412,4
-4750,35691,4279467,3
-5250,35692,4279544,3
-4500,35693,4279604,3
-12200,35694,4279875,4
-17450,35695,4280180,3
-8350,35696,4280372,4
200,35697,4280416,5
-10800,35698,4280659,4
-4850,35699,4280756,3
-1550,35700,4280948,8
-4800,35701,4281014,3
-2250,35702,4281027,3
-5050,35703,4281140,3
-2750,35704,4281286,6
-3200,35705,4281332,3
-5600,35706,4281402,3
-7600,35707,4281524,3
-3950,35708,4281685,5
-5050,35709,4281770,3
-1450,35710,4281795,3
-13050,35711,4282044,3
-3700,35712,4282100,3
-18550,35713,4282484,4
-4350,35714,4282563,3
-11700,35715,4282767,3
-6650,35716,4282868,3
150,35717,4282923,5
-17250,35718,4283252,3
-2850,35719,4283305,3
-7750,35720,4283444,3
-650,35721,4283499,5
1500,35722,4283513,5
-15000,35723,4283828,4
-3850,35724,4283881,3
-3000,35725,4283911,3
-5250,35726,4284020,3
7250,35727,4284097,9
-7600,35728,4284215,3
-18250,35729,4284536,3
-3300,35730,4284596,3
-20850,35731,4285059,5
-7650,35732,4285172,3
-1000,35733,4285248,5
-5100,35734,4285304,3
-7150,35735,4285526,6
-6550,35736,4285609,3
-3400,35737,4285635,3
-4500,35738,4285707,3
-3450,35739,4285748,3
-4450,35740,4285801,3
-17200,35741,4286132,4
-5350,35742,4286211,3
-4650,35743,4286264,3
-5350,35744,4286327,3
-3850,35745,4286384,3
-5900,35746,4286456,3
2200,35747,4286520,5
-7350,35748,4286708,4
-4550,35749,4286763,3
-5450,35750,4286840,3
-4100,35751,4286900,3
-2850,35752,4286953,3
-15150,35753,4287224,3
-3700,35754,4287284,3
-15200,35755,4287542,3
-7600,35756,4287668,3
-4150,35757,4287751,3
-5900,35758,4287863,3
-7250,35759,4287996,3
-3700,35760,4288052,3
-6250,35761,4288244,6
-4600,35762,4288310,3
-6700,35763,4288516,5
-10950,35764,4288707,3
-4100,35765,4288779,3
-3650,35766,4288820,3
-6950,35767,4289067,7
1800,35768,4289124,6
-9350,35769,4289340,4
-4500,35770,4289396,3
-750,35771,4289542,6
-12600,35772,4289780,3
1550,35773,4289832,6
-5100,35774,4290006,5
-3900,35775,4290038,3
-2450,35776,4290051,3
-4850,35777,4290104,3
-1350,35778,4290248,8
-6700,35779,4290356,3
-18350,35780,4290740,4
-7100,35781,4290876,3
-5100,35782,4290932,3
-13200,35783,4291203,4
-5900,35784,4291316,4
-5350,35785,4291379,3
-9150,35786,4291563,4
-8050,35787,4291700,3
-6150,35788,4291779,3
-4850,35789,4291832,3
-8000,35790,4291958,3
-5100,35791,4292084,5
-2450,35792,4292137,3
-8550,35793,4292276,3
-500,35794,4292346,5
-5250,35795,4292468,4
-3850,35796,4292521,3
-6550,35797,4292660,3
-2750,35798,4292715,3
-3350,35799,4292758,3
-3000,35800,4292792,3
-4300,35801,4292852,3
-3800,35802,4292914,3
-5700,35803,4293047,4
-4000,35804,4293097,3
-3400,35805,4293127,3
-11850,35806,4293316,3
-6700,35807,4293428,3
-4450,35808,4293481,3
-9100,35809,4293703,5
-6450,35810,4293812,3
-8100,35811,4293944,3
-5300,35812,4294004,3
-12950,35813,4294388,8
-2050,35814,4294454,4
-2400,35815,4294583,6
2250,35816,4294617,6
1700,35817,4294635,5
-7050,35818,4294781,4
-5300,35819,4294939,5
1900,35820,4294965,5
-7950,35821,4295165,4
-4950,35822,4295240,3
-6900,35823,4295348,3
-14350,35824,4295595,3
-2700,35825,4295619,3
-14500,35826,4295924,4
-6750,35827,4296060,4
-1950,35828,4296075,3
-50,35829,4296171,6
-5950,35830,4296397,6
-3800,35831,4296459,3
-3050,35832,4296500,3
-4750,35833,4296555,3
-5100,35834,4296692,4
-12200,35835,4296963,4
-9050,35836,4297156,3
-4550,35837,4297268,4
-3850,35838,4297321,3
-13200,35839,4297555,3
-9850,35840,4297708,3
-600,35841,4297718,3
-5250,35842,4297844,4
-4150,35843,4297923,3
-8250,35844,4298206,5
-12200,35845,4298420,3
-17350,35846,4298804,4
-1300,35847,4298857,4
-5600,35848,4298996,4
-4250,35849,4299049,3
-16400,35850,4299380,4
-4650,35851,4299433,3
300,35852,4299512,6
-5100,35853,4299572,3
-8300,35854,4299773,4
-20750,35855,4300148,3
-3000,35856,4300231,4
-5450,35857,4300340,3
-9250,35858,4300633,7
-1300,35859,4300724,6
-4150,35860,4300779,3
-1700,35861,4300803,3
-7650,35862,4300916,3
-3950,35863,4300999,3
-7100,35864,4301111,3
-5500,35865,4301187,3
-4450,35866,4301240,3
-650,35867,4301451,9
-9850,35868,4301628,3
-2700,35869,4301684,3
1600,35870,4301720,5
650,35871,4301830,6
-7250,35872,4301959,3
-4700,35873,4302068,4
-3850,35874,4302203,5
-4650,35875,4302260,3
-1100,35876,4302313,4
-8050,35877,4302507,4
-6650,35878,4302644,3
-6150,35879,4302723,3
-6500,35880,4302836,4
-11850,35881,4303037,3
-5250,35882,4303094,3
-650,35883,4303107,3
-6050,35884,4303306,5
-6400,35885,4303412,3
-2650,35886,4303491,5
-3450,35887,4303544,3
-7550,35888,4303773,5
-3900,35889,4303899,5
1300,35890,4303921,5
-3200,35891,4303988,4
-10950,35892,4304180,4
-10350,35893,4304425,5
-8750,35894,4304564,3
-8500,35895,4304700,3
-7900,35896,4304836,3
-6850,35897,4304957,3
-5850,35898,4305140,5
-8100,35899,4305272,3
-2950,35900,4305332,4
-3400,35901,4305464,5
-7450,35902,4305716,6
-3850,35903,4305769,3
-7150,35904,4305908,3
-8900,35905,4306101,4
-3400,35906,4306155,3
-6300,35907,4306292,4
-9250,35908,4306539,5
-6900,35909,4306676,4
1500,35910,4306755,6
-7050,35911,4306868,3
-12900,35912,4307186,5
-4800,35913,4307252,3
1250,35914,4307313,5
-3000,35915,4307388,4
-1650,35916,4307499,5
-9400,35917,4307693,3
-10950,35918,4307908,3
-50,35919,4308020,6
-3550,35920,4308092,4
-5100,35921,4308152,3
1000,35922,4308212,5
-4900,35923,4308383,6
-3400,35924,4308413,3
-6350,35925,4308536,3
-4900,35926,4308596,3
1300,35927,4308646,5
-3100,35928,4308747,4
-16850,35929,4309064,3
-10400,35930,4309242,3
200,35931,4309274,5
650,35932,4309307,5
-5050,35933,4309364,3
-4850,35934,4309417,3
-2250,35935,4309434,3
-11650,35936,4309635,3
-7900,35937,4309751,3
-4400,35938,4309809,3
-5550,35939,4309880,3
-7800,35940,4310006,3
-3600,35941,4310076,3
-4500,35942,4310132,3
-5400,35943,4310198,3
-5800,35944,4310324,3
-3450,35945,4310377,3
-8350,35946,4310516,3
-6700,35947,4310648,3
-8000,35948,4310778,3
-4600,35949,4310840,3
-1550,35950,4310859,3
-3700,35951,4310903,3
-1950,35952,4311004,5
-2800,35953,4311092,5
-8550,35954,4311284,4
-7350,35955,4311600,8
-750,35956,4311723,7
-2200,35957,4311860,6
-4750,35958,4311915,3
-1400,35959,4312052,6
-2700,35960,4312105,4
-3600,35961,4312131,3
-5300,35962,4312203,3
-2750,35963,4312323,4
-9100,35964,4312515,3
850,35965,4312576,5
-11950,35966,4312959,7
-4050,35967,4313012,3
-3450,35968,4313065,3
-2200,35969,4313091,3
-1350,35970,4313163,4
-9050,35971,4313340,3
-1850,35972,4313475,5
-7250,35973,4313588,3
-5200,35974,4313780,5
-9150,35975,4313931,3
-2650,35976,4313972,3
-5750,35977,4314051,3
-1700,35978,4314104,4
-4800,35979,4314219,4
350,35980,4314299,6
-3700,35981,4314359,3
-10600,35982,4314557,3
-1900,35983,4314601,3
-650,35984,4314627,4
-11700,35985,4314819,3
-2100,35986,4314872,4
-9150,35987,4315068,4
-4500,35988,4315124,3
-4800,35989,4315190,3
-3100,35990,4315319,4
-10850,35991,4315508,3
-6200,35992,4315700,5
-9500,35993,4315892,3
-250,35994,4315947,5
-8850,35995,4316084,3
-4350,35996,4316139,3
-8250,35997,4316276,3
-6050,35998,4316468,6
-6000,35999,4316660,5
-5550,36000,4316792,4
-4700,36001,4316852,3
-14700,36002,4317100,3
-1400,36003,4317110,3
-4800,36004,4317176,3
-11150,36005,4317428,4
-4800,36006,4317498,3
1000,36007,4317518,5
-1650,36008,4317564,4
-4300,36009,4317620,3
-15150,36010,4317891,3
-6850,36011,4318004,3
-10150,36012,4318286,6
-4600,36013,4318388,3
-11700,36014,4318690,5
-5000,36015,4318772,3
-11700,36016,4318964,3
-19150,36017,4319348,4
-12600,36018,4319787,8
-4500,36019,4319924,4
-10300,36020,4320116,3
-2650,36021,4320169,3
-10500,36022,4320361,3
-5950,36023,4320440,3
-4100,36024,4320500,3
-3550,36025,4320555,3
-2200,36026,4320692,6
-3850,36027,4320745,3
-2400,36028,4320824,4
-5250,36029,4320963,5
-500,36030,4321045,5
-7450,36031,4321268,5
-11500,36032,4321460,3
-4250,36033,4321513,3
-2650,36034,4321530,3
-10400,36035,4321708,3
-2000,36036,4321718,3
-6350,36037,4321899,5
-8650,36038,4322036,3
-4750,36039,4322091,3
-1900,36040,4322115,3
-3050,36041,4322172,3
-3500,36042,4322228,3
-4800,36043,4322294,3
-1850,36044,4322307,3
-2650,36045,4322360,3
-4700,36046,4322420,3
750,36047,4322475,5
-3750,36048,4322612,5
-2750,36049,4322667,3
-700,36050,4322691,3
-3300,36051,4322804,4
-8500,36052,4323075,6
-8050,36053,4323188,3
-3650,36054,4323241,3
-10300,36055,4323433,3
-1400,36056,4323459,3
-200,36057,4323572,6
-5400,36058,4323638,3
-4800,36059,4323704,3
-5100,36060,4323764,3
-5800,36061,4323924,5
-1750,36062,4324022,6
-6850,36063,4324249,5
-6550,36064,4324340,3
-8200,36065,4324602,7
-11050,36066,4324779,3
-3750,36067,4324916,5
-12250,36068,4325161,3
-2000,36069,4325191,3
-7900,36070,4325364,4
-12200,36071,4325684,5
-10300,36072,4325876,3
-2850,36073,4325929,3
-3200,36074,4326012,4
-3750,36075,4326068,4
-4200,36076,4326138,3
-14000,36077,4326392,3
-5100,36078,4326452,3
-2850,36079,4326587,5
-4450,36080,4326644,3
-21100,36081,4327028,3
1850,36082,4327078,6
-6850,36083,4327220,4
-21500,36084,4327604,3
-4950,36085,4327683,3
-7650,36086,4327796,3
-4450,36087,4327992,6
-9550,36088,4328180,4
-2950,36089,4328424,8
-16650,36090,4328835,5
-18100,36091,4329220,4
-3400,36092,4329332,5
-3850,36093,4329385,3
-8250,36094,4329603,4
-4650,36095,4329656,3
600,36096,4329675,4
-3650,36097,4329802,5
-4600,36098,4329852,3
-4900,36099,4329908,3
-10100,36100,4330100,3
-5050,36101,4330153,3
-4950,36102,4330232,3
-4700,36103,4330292,3
-5250,36104,4330484,6
-11900,36105,4330676,3
-11250,36106,4330877,3
-1400,36107,4331063,7
-1600,36108,4331130,4
1200,36109,4331150,5
-4250,36110,4331252,4
-15000,36111,4331514,3
-12050,36112,4331772,4
-4900,36113,4331828,3
-5550,36114,4331907,3
-11350,36115,4332086,3
450,36116,4332155,5
-7700,36117,4332267,3
-1300,36118,4332291,3
-4850,36119,4332348,3
-2700,36120,4332404,3
-6150,36121,4332540,4
-1950,36122,4332596,4
-100,36123,4332646,5
-1250,36124,4332728,4
-3100,36125,4332788,3
-3950,36126,4332843,3
-2900,36127,4332867,3
-4450,36128,4333059,6
-3650,36129,4333112,3
-8600,36130,4333242,3
-6250,36131,4333323,3
-4250,36132,4333364,3
-7200,36133,4333556,5
-8700,36134,4333757,4
-9950,36135,4333940,3
-3450,36136,4333993,3
-6150,36137,4334072,3
-21950,36138,4334516,4
-4200,36139,4334582,3
-2050,36140,4334595,3
-200,36141,4334725,7
-4600,36142,4334955,7
-2700,36143,4334979,3
-7200,36144,4335101,3
-9000,36145,4335284,4
-4350,36146,4335339,3
-7450,36147,4335476,3
-4750,36148,4335531,3
-1900,36149,4335555,3
-5850,36150,4335668,3
-3850,36151,4335725,3
-2400,36152,4335841,5
1700,36153,4335859,5
-1750,36154,4335944,5
-6550,36155,4336052,4
-3250,36156,4336105,3
-450,36157,4336131,4
-1600,36158,4336223,5
-1500,36159,4336310,6
-450,36160,4336323,3
-1750,36161,4336436,5
-4800,36162,4336506,3
-400,36163,4336587,6
-2650,36164,4336628,3
-2000,36165,4336683,4
-7450,36166,4336820,3
-17500,36167,4337144,3
-4100,36168,4337204,3
-6550,36169,4337336,4
-1950,36170,4337396,4
-5200,36171,4337532,5
-13300,36172,4337780,3
-5150,36173,4337839,3
-5500,36174,4337972,4
-19250,36175,4338435,5
-6250,36176,4338548,3
-3050,36177,4338601,3
-19300,36178,4338941,3
-7550,36179,4339064,3
-3750,36180,4339124,4
-17500,36181,4339448,3
-11750,36182,4339700,4
-4000,36183,4339766,3
-7600,36184,4339892,3
-14550,36185,4340139,3
3950,36186,4340200,7
-4050,36187,4340332,6
-600,36188,4340342,3
-7000,36189,4340468,3
1500,36190,4340518,5
-2100,36191,4340613,6
-6650,36192,4340726,3
-2050,36193,4340739,3
-4850,36194,4340792,3
-5600,36195,4340960,5
-3550,36196,4341044,4
-4450,36197,4341097,3
-7950,36198,4341236,3
600,36199,4341276,5
1900,36200,4341315,6
-10950,36201,4341498,3
-6600,36202,4341714,5
-6600,36203,4341812,3
-2050,36204,4341882,4
-3100,36205,4342004,5
-13000,36206,4342275,4
-3700,36207,4342328,4
-13700,36208,4342580,3
-8750,36209,4342731,3
-3250,36210,4342772,3
-25300,36211,4343351,6
-8300,36212,4343540,4
350,36213,4343595,5
-5850,36214,4343741,4
-1700,36215,4343785,3
-15350,36216,4344056,3
-5100,36217,4344116,3
-10900,36218,4344308,3
-5400,36219,4344374,3
-6400,36220,4344583,6
-4650,36221,4344632,3
-5950,36222,4344703,3
-20050,36223,4345076,3
-9250,36224,4345323,5
-8650,36225,4345558,5
-5400,36226,4345652,3
-4000,36227,4345718,3
-4600,36228,4345784,3
-750,36229,4345844,4
900,36230,4345870,5
1250,36231,4345923,5
-4850,36232,4345976,3
-4900,36233,4346036,3
-1950,36234,4346091,3
-4900,36235,4346228,4
1000,36236,4346280,5
-12750,36237,4346552,4
-2300,36238,4346732,7
-4900,36239,4346804,3
-4750,36240,4346859,3
-1900,36241,4346883,3
-1600,36242,4346996,6
-5400,36243,4347062,3
-8400,36244,4347188,3
-7900,36245,4347320,3
-9900,36246,4347516,3
-4700,36247,4347572,3
-15750,36248,4347900,4
-4100,36249,4347956,3
-3350,36250,4348011,3
-2700,36251,4348035,3
400,36252,4348107,5
-14550,36253,4348424,5
-6500,36254,4348532,3
-4050,36255,4348585,3
-3850,36256,4348724,5
450,36257,4348769,5
-11300,36258,4348982,4
-2450,36259,4349048,4
-3500,36260,4349108,3
-4400,36261,4349174,3
-6800,36262,4349300,3
-3050,36263,4349353,3
-14750,36264,4349628,3
-2900,36265,4349684,3
-7300,36266,4349894,5
-11500,36267,4350147,4
-13650,36268,4350392,3
-3950,36269,4350541,5
-15400,36270,4350982,6
-16450,36271,4351275,3
-7100,36272,4351371,3
-2850,36273,4351412,3
-4450,36274,4351465,3
-3050,36275,4351482,3
-5400,36276,4351544,3
-8350,36277,4351687,3
-6550,36278,4351851,4
-5250,36279,4351932,3
-4700,36280,4351988,3
-4900,36281,4352232,7
-3800,36282,4352356,5
-1150,36283,4352375,3
-6050,36284,4352456,3
-7100,36285,4352564,3
-2150,36286,4352619,3
-7100,36287,4352756,4
-13200,36288,4353031,4
-7700,36289,4353143,3
-10250,36290,4353332,3
-3850,36291,4353385,3
-1450,36292,4353398,3
-2900,36293,4353483,4
-21400,36294,4353963,5
-8200,36295,4354155,5
850,36296,4354179,4
-2650,36297,4354236,3
-4350,36298,4354295,3
-5500,36299,4354424,4
-1450,36300,4354539,5
550,36301,4354578,5
-3600,36302,4354620,3
-9400,36303,4354868,5
-3000,36304,4354930,3
-7400,36305,4355069,4
-7550,36306,4355384,7
-5100,36307,4355444,3
-3150,36308,4355499,3
-2700,36309,4355527,3
-8000,36310,4355645,3
-13650,36311,4355898,3
-4400,36312,4355960,3
1400,36313,4356000,5
-4150,36314,4356104,4
-5300,36315,4356212,3
-2850,36316,4356265,3
-11000,36317,4356487,3
-7900,36318,4356599,3
-8700,36319,4356747,3
-3050,36320,4356788,3
-11100,36321,4356980,3
-1500,36322,4357033,4
-5200,36323,4357172,4
-18100,36324,4357496,3
-5100,36325,4357556,3
-5750,36326,4357639,3
-15250,36327,4357940,3
250,36328,4357993,5
-8350,36329,4358132,3
-9200,36330,4358327,4
-4150,36331,4358378,3
-9450,36332,4358572,4
-400,36333,4358582,3
-4800,36334,4358648,3
-4100,36335,4358708,3
-4450,36336,4358900,6
-4050,36337,4359047,5
-350,36338,4359186,7
-5200,36339,4359284,3
-8700,36340,4359420,3
-4500,36341,4359476,3
-7700,36342,4359612,3
-3250,36343,4359723,5
-10450,36344,4359916,3
-2000,36345,4359926,3
-5650,36346,4360052,4
-4200,36347,4360122,3
-6200,36348,4360244,3
-9600,36349,4360443,4
-8550,36350,4360708,5
-5750,36351,4360820,4
-6300,36352,4360916,3
-9750,36353,4361091,3
-5700,36354,4361204,4
-4850,36355,4361257,3
-7950,36356,4361396,3
1650,36357,4361449,5
-2950,36358,4361591,6
-3000,36359,4361641,3
-2200,36360,4361667,3
600,36361,4361887,9
2100,36362,4361909,5
-1850,36363,4361972,5
-5550,36364,4362051,3
-2050,36365,4362104,3
-6650,36366,4362217,3
-1400,36367,4362243,3
-7250,36368,4362356,3
-4200,36369,4362422,3
-2850,36370,4362439,3
-6050,36371,4362548,3
4100,36372,4362643,10
-8250,36373,4362932,7
-3400,36374,4363002,3
-10650,36375,4363203,3
-10400,36376,4363369,3
-2050,36377,4363386,3
-6400,36378,4363565,4
3250,36379,4363664,7
-3850,36380,4363811,5
-3900,36381,4363892,4
-6700,36382,4364028,3
-2150,36383,4364149,5
-450,36384,4364167,4
-9900,36385,4364331,3
-2100,36386,4364355,3
-4650,36387,4364408,3
-4500,36388,4364468,3
-4950,36389,4364547,3
-5700,36390,4364663,3
-4750,36391,4364730,3
-7600,36392,4364852,3
-3600,36393,4364918,3
-11300,36394,4365114,3
-16600,36395,4365428,3
-4850,36396,4365563,5
-1550,36397,4365623,4
-4100,36398,4365699,3
-7250,36399,4365812,3
2850,36400,4365867,7
-2550,36401,4366070,7
-2050,36402,4366083,3
-7450,36403,4366196,3
-2350,36404,4366251,3
-3950,36405,4366347,4
-3850,36406,4366388,3
-5200,36407,4366659,8
-3850,36408,4366712,3
-4300,36409,4366772,3
250,36410,4366964,8
-3750,36411,4367019,3
-3200,36412,4367156,6
-9450,36413,4367403,5
-8450,36414,4367540,3
150,36415,4367595,5
-5700,36416,4367732,4
-3950,36417,4367811,3
-20450,36418,4368180,3
-2750,36419,4368195,3
-6000,36420,4368317,3
-8600,36421,4368459,3
-3650,36422,4368500,3
-20100,36423,4368884,3
-12800,36424,4369155,4
-4650,36425,4369208,3
-4300,36426,4369350,5
-6800,36427,4369460,3
-50,36428,4369543,5
-6250,36429,4369652,3
-7600,36430,4369910,7
-5050,36431,4370036,4
-4150,36432,4370202,6
550,36433,4370307,7
-3650,36434,4370360,3
-3750,36435,4370423,3
-7450,36436,4370552,3
-3950,36437,4370612,4
3400,36438,4370654,7
-1400,36439,4370758,5
-7900,36440,4370874,3
-5000,36441,4370940,3
-750,36442,4370955,3
-13250,36443,4371188,3
-15750,36444,4371463,3
-5500,36445,4371531,3
-7050,36446,4371656,3
-6500,36447,4371764,3
700,36448,4371794,5
1650,36449,4371827,5
-1900,36450,4371860,4
-10200,36451,4372022,3
-450,36452,4372035,3
-4850,36453,4372088,3
-14100,36454,4372340,3
1400,36455,4372392,5
-4950,36456,4372532,4
-2650,36457,4372585,3
-8500,36458,4372733,3
-4750,36459,4372780,3
200,36460,4372803,4
-10550,36461,4372982,3
-4800,36462,4373048,3
-4300,36463,4373108,3
-4750,36464,4373163,3
-250,36465,4373218,5
-3850,36466,4373300,4
-4400,36467,4373366,3
-11650,36468,4373571,3
-6250,36469,4373684,3
-3450,36470,4373737,3
-25400,36471,4374260,4
-4150,36472,4374339,3
-4850,36473,4374392,3
-5300,36474,4374728,11
-7100,36475,4374836,3
-4050,36476,4374889,3
-2000,36477,4374915,3
-6850,36478,4375028,3
-2900,36479,4375174,5
-5750,36480,4375273,3
-2250,36481,4375286,3
-2050,36482,4375299,3
-5300,36483,4375371,3
-12850,36484,4375604,3
-4550,36485,4375683,3
-5900,36486,4375796,4
-4750,36487,4375879,3
-8700,36488,4376043,3
-2400,36489,4376085,3
-5350,36490,4376180,3
-4000,36491,4376250,3
-800,36492,4376372,7
-15000,36493,4376626,3
-2250,36494,4376643,3
-3050,36495,4376696,3
-6200,36496,4376864,5
-3000,36497,4376948,5
-21800,36498,4377411,4
-4300,36499,4377524,4
-3850,36500,4377577,3
-3400,36501,4377607,3
-6250,36502,4377716,3
-5700,36503,4377908,7
-7900,36504,4378040,3
-800,36505,4378059,4
-3250,36506,4378100,3
1050,36507,4378239,7
-2850,36508,4378292,3
-4400,36509,4378371,4
-5850,36510,4378563,6
-5500,36511,4378676,4
-250,36512,4378731,5
-1700,36513,4378759,3
-19650,36514,4379116,3
-1800,36515,4379126,3
3200,36516,4379176,7
1400,36517,4379200,5
-4900,36518,4379252,3
-4400,36519,4379318,3
-6950,36520,4379523,5
-5100,36521,4379830,10
-7850,36522,4380020,4
-4600,36523,4380099,4
-1150,36524,4380234,7
1750,36525,4380261,5
1800,36526,4380277,5
-11300,36527,4380457,3
-4950,36528,4380536,3
-4500,36529,4380596,3
-9150,36530,4380788,4
-4000,36531,4380854,3
-1850,36532,4380867,3
-7250,36533,4380980,3
-9600,36534,4381175,4
-4400,36535,4381225,3
-1450,36536,4381238,3
200,36537,4381446,9
-6600,36538,4381556,3
-1450,36539,4381639,5
-6650,36540,4381748,3
-3250,36541,4381801,3
-7950,36542,4381940,3
-4150,36543,4381995,3
-7900,36544,4382185,5
-8750,36545,4382324,3
-6750,36546,4382516,4
-17750,36547,4382900,4
3150,36548,4383092,10
-11250,36549,4383354,4
750,36550,4383475,7
-7850,36551,4383608,3
-4700,36552,4383668,3
3500,36553,4383720,7
-1250,36554,4383819,5
-19850,36555,4384184,3
-5800,36556,4384348,5
-550,36557,4384380,4
-1750,36558,4384436,4
-4050,36559,4384489,3
-2400,36560,4384515,3
-18450,36561,4384914,5
-8150,36562,4385151,5
-4850,36563,4385204,3
-4000,36564,4385270,3
-2450,36565,4385287,3
-5900,36566,4385452,4
-550,36567,4385475,3
-4650,36568,4385528,3
-5850,36569,4385654,4
-4400,36570,4385724,3
-4500,36571,4385780,3
-15750,36572,4386051,3
-4250,36573,4386104,3
-13500,36574,4386356,3
-8100,36575,4386492,3
-5100,36576,4386548,3
-4900,36577,4386731,6
-3450,36578,4387011,10
-2650,36579,4387179,6
-5900,36580,4387316,4
-2650,36581,4387369,3
-8550,36582,4387508,3
-4650,36583,4387643,5
-2450,36584,4387700,3
-5400,36585,4387762,3
-16450,36586,4388084,4
-11350,36587,4388422,6
-6550,36588,4388521,3
-10250,36589,4388743,4
-6850,36590,4388852,3
-2250,36591,4388984,6
-2150,36592,4389003,3
-6800,36593,4389097,3
-3800,36594,4389127,3
-8850,36595,4389428,7
-1650,36596,4389507,5
-6650,36597,4389620,3
-4800,36598,4389686,3
-13800,36599,4389944,3
-3500,36600,4390004,3
-4750,36601,4390083,3
-4850,36602,4390136,3
1400,36603,4390233,6
800,36604,4390290,6
1500,36605,4390391,8
-8250,36606,4390524,3
-1200,36607,4390580,5
-4350,36608,4390659,3
1750,36609,4390715,6
-3650,36610,4390772,3
-4850,36611,4390825,3
-4400,36612,4390964,4
-11200,36613,4391236,5
-13300,36614,4391480,3
-3450,36615,4391619,5
7700,36616,4391689,9
-3800,36617,4391788,4
-1600,36618,4391798,3
-6600,36619,4391924,3
-4400,36620,4391990,3
-4450,36621,4392060,4
2450,36622,4392098,6
4000,36623,4392168,7
-1600,36624,4392248,5
-5250,36625,4392500,6
-4600,36626,4392566,3
-2450,36627,4392579,3
-7650,36628,4392692,3
-1500,36629,4392843,6
-6900,36630,4392939,3
-1150,36631,4392954,3
-11900,36632,4393227,4
-3650,36633,4393268,3
-8500,36634,4393400,3
-4650,36635,4393469,3
-11850,36636,4393707,4
-6100,36637,4393844,4
-3750,36638,4393923,3
-4850,36639,4393976,3
-4300,36640,4394036,3
-11500,36641,4394228,3
-4750,36642,4394287,3
-5850,36643,4394360,3
-5100,36644,4394420,3
-11050,36645,4394621,3
-4750,36646,4394696,3
-6700,36647,4394804,3
1300,36648,4394850,5
3000,36649,4394883,6
-7250,36650,4394996,3
-2400,36651,4395079,4
-7250,36652,4395188,3
-5600,36653,4395254,3
-4200,36654,4395320,3
-11500,36655,4395512,3
-3950,36656,4395575,3
2300,36657,4395610,6
-1050,36658,4395718,6
-6300,36659,4395830,3
-8400,36660,4395956,3
-6550,36661,4396092,4
-14050,36662,4396349,3
-10750,36663,4396532,3
-3050,36664,4396585,3
750,36665,4396628,5
2000,36666,4396644,5
-1800,36667,4396724,5
-1900,36668,4396777,4
-2800,36669,4396803,3
-4050,36670,4396856,3
-11400,36671,4397108,5
-7700,36672,4397240,3
-5100,36673,4397300,3
-9800,36674,4397544,5
-1950,36675,4397571,3
-6850,36676,4397684,3
-6050,36677,4397777,3
-4950,36678,4397876,3
3450,36679,4397931,7
-5300,36680,4398068,4
-4250,36681,4398121,3
-25600,36682,4398644,4
-3950,36683,4398727,3
-7300,36684,4398839,3
-1600,36685,4398889,3
-2250,36686,4398906,3
-1450,36687,4398985,5
-7050,36688,4399094,3
-3500,36689,4399220,5
-13600,36690,4399483,4
-3500,36691,4399683,7
750,36692,4399777,8
-2800,36693,4399799,3
-11450,36694,4399988,3
350,36695,4400043,5
-9050,36696,4400180,3
-3550,36697,4400235,3
-2900,36698,4400259,3
-2300,36699,4400456,8
-3700,36700,4400508,3
-3700,36701,4400564,3
-7550,36702,4400756,4
-4450,36703,4400809,3
3450,36704,4400921,8
-2650,36705,4401027,4
-7050,36706,4401140,3
-4850,36707,4401193,3
-4200,36708,4401272,4
-1550,36709,4401365,5
1500,36710,4401387,5
-7700,36711,4401580,4
-400,36712,4401590,3
-3800,36713,4401656,3
-5100,36714,4401716,3
-4550,36715,4401795,3
-2450,36716,4401963,6
-500,36717,4402066,6
-1450,36718,4402103,3
-4700,36719,4402184,4
-4700,36720,4402236,3
-3900,36721,4402292,3
-8950,36722,4402484,4
-5900,36723,4402568,3
-6300,36724,4402676,3
-9150,36725,4402868,4
-2000,36726,4403025,6
-2550,36727,4403060,3
-1800,36728,4403181,6
-4550,36729,4403252,3
-10700,36730,4403444,3
-3850,36731,4403497,3
-2200,36732,4403523,3
-6200,36733,4403645,3
-7550,36734,4403768,3
-8800,36735,4404020,5
-5200,36736,4404086,3
-9550,36737,4404363,5
-3650,36738,4404404,3
-4000,36739,4404470,3
-1250,36740,4404483,3
-7450,36741,4404596,3
-3650,36742,4404649,3
-6950,36743,4404895,6
-3100,36744,4404980,4
-16250,36745,4405458,8
-6600,36746,4405556,3
-10000,36747,4405751,4
-4800,36748,4405801,3
-2600,36749,4405827,3
-3150,36750,4405940,5
-3450,36751,4405993,3
-2250,36752,4406010,3
-7600,36753,4406132,3
-10100,36754,4406324,3
-5650,36755,4406516,6
-11300,36756,4406708,3
-11300,36757,4406900,3
-2600,36758,4406983,4
-5650,36759,4407092,3
3300,36760,4407147,6
-3950,36761,4407288,5
-3750,36762,4407363,3
-9800,36763,4407529,3
-4950,36764,4407612,3
-4700,36765,4407668,3
-15050,36766,4407925,3
-3950,36767,4407992,3
-5100,36768,4408052,3
-4000,36769,4408122,3
-18400,36770,4408493,4
-3400,36771,4408515,3
-4050,36772,4408568,3
-4700,36773,4408628,3
-8600,36774,4408820,5
-4550,36775,4408899,3
-11550,36776,4409082,3
-1050,36777,4409148,4
-4100,36778,4409204,3
1050,36779,4409350,6
-8650,36780,4409475,3
-4250,36781,4409528,3
-200,36782,4409641,6
-4800,36783,4409780,4
-3850,36784,4409833,3
-3050,36785,4409850,3
-7800,36786,4409972,3
-9550,36787,4410164,4
-9900,36788,4410426,5
-4600,36789,4410492,3
-4300,36790,4410548,3
4350,36791,4410605,7
1100,36792,4410631,5
-16250,36793,4410932,3
-5050,36794,4410985,3
-5750,36795,4411064,3
-4500,36796,4411124,3
-5750,36797,4411203,3
-3850,36798,4411256,3
-8800,36799,4411386,3
-1450,36800,4411587,7
2300,36801,4411715,7
-9850,36802,4411892,3
-3050,36803,4411945,3
-6150,36804,4412139,6
-15100,36805,4412468,4
-14450,36806,4412713,3
-1850,36807,4412726,3
-6850,36808,4412852,4
-11550,36809,4413047,3
-14350,36810,4413306,3
-7400,36811,4413428,3
3750,36812,4413563,9
-7300,36813,4413699,3
-11900,36814,4413891,3
-6300,36815,4414004,4
-2000,36816,4414083,4
-3450,36817,4414136,3
-5150,36818,4414251,3
-8600,36819,4414458,4
-8000,36820,4414580,3
-3550,36821,4414635,3
-4050,36822,4414712,3
-2900,36823,4414772,3
-10650,36824,4415027,5
-8800,36825,4415157,3
-3600,36826,4415211,3
-8650,36827,4415348,3
-2550,36828,4415403,3
-18250,36829,4415732,3
-4750,36830,4415811,3
-1700,36831,4415864,4
-7550,36832,4415979,3
-750,36833,4416081,6
-7350,36834,4416200,3
-6300,36835,4416308,3
-1450,36836,4416374,4
-15050,36837,4416774,6
-6400,36838,4416884,3
-3050,36839,4416937,3
-1600,36840,4416963,3
-3850,36841,4417016,3
-2450,36842,4417131,5
-4150,36843,4417227,4
-4000,36844,4417277,3
-9750,36845,4417460,3
-4600,36846,4417526,3
-2250,36847,4417539,3
-7200,36848,4417731,5
-6650,36849,4417844,3
-7550,36850,4418036,4
-50,36851,4418091,5
-6500,36852,4418228,4
-11900,36853,4418420,3
-7700,36854,4418552,3
-2750,36855,4418571,3
-3650,36856,4418612,3
-3850,36857,4418665,3
-12400,36858,4418940,4
-5450,36859,4419005,3
2700,36860,4419114,8
-2100,36861,4419188,5
-3550,36862,4419243,3
-6250,36863,4419320,3
-4050,36864,4419389,3
-1700,36865,4419515,5
-4850,36866,4419572,3
-7950,36867,4419764,4
-3850,36868,4419817,3
-1800,36869,4419896,4
-6250,36870,4420091,5
-5700,36871,4420232,4
-6300,36872,4420340,3
