-524,0,11,3
-1117,1,43,3
-621,2,52,3
-451,3,82,4
-300,4,83,3
-300,5,84,3
-444,6,91,3
-438,7,98,3
-349,8,101,3
-300,9,102,3
-625,10,117,3
-2293,11,173,3
-300,12,174,3
-300,13,175,3
-349,14,178,3
-300,15,179,3
-300,16,180,3
-2028,17,219,3
-300,18,220,3
-2750,19,275,3
-944,20,312,3
-349,21,315,3
-1800,22,349,3
-2654,23,422,3
-1221,24,468,4
-748,25,489,3
-1096,26,529,4
-2290,27,616,4
-302,28,640,4
-743,29,663,3
-300,30,664,3
-2985,31,766,3
-5819,32,953,3
-858,33,977,3
-2647,34,1042,3
-539,35,1053,3
-300,36,1054,3
-300,37,1055,3
-1174,38,1085,3
-1548,39,1125,3
-300,40,1126,3
-3214,41,1224,3
-395,42,1229,3
-2722,43,1286,3
-753,44,1301,3
-300,45,1302,3
-1552,46,1347,4
-305,47,1370,4
-300,48,1371,3
-1523,49,1424,3
-398,50,1429,3
-526,51,1434,3
-300,52,1435,3
-966,53,1468,4
-300,54,1469,3
-438,55,1476,3
-300,56,1477,3
-349,57,1480,3
-349,58,1483,3
-300,59,1484,3
-429,60,1551,5
-1043,61,1579,3
-300,62,1580,3
-766,63,1601,3
191,64,1630,4
-1985,65,1746,4
-349,66,1749,3
-300,67,1750,3
-300,68,1751,3
-349,69,1754,3
-1073,70,1789,3
-867,71,1819,3
-3536,72,1917,3
-2100,73,2023,5
-300,74,2024,3
-349,75,2027,3
-2267,76,2098,3
-2495,77,2165,3
-1315,78,2222,4
-300,79,2223,3
-300,80,2224,3
-300,81,2225,3
-2276,82,2298,3
-903,83,2329,3
-567,84,2342,3
-990,85,2395,4
-300,86,2396,3
-395,87,2401,3
-1974,88,2446,3
-692,89,2459,3
-300,90,2460,3
-349,91,2463,3
-781,92,2483,3
-526,93,2488,3
-1021,94,2503,3
-300,95,2504,3
-300,96,2505,3
-300,97,2506,3
-300,98,2507,3
-1508,99,2566,4
-444,100,2573,3
-395,101,2578,3
-1108,102,2592,3
-300,103,2593,3
-616,104,2599,3
-490,105,2608,3
-2609,106,2678,3
-530,107,2697,3
-1747,108,2729,3
-2100,109,2769,3
-1244,110,2806,3
-300,111,2807,3
-866,112,2830,3
-912,113,2851,3
-300,114,2852,3
-1409,115,2889,3
-1674,116,2993,5
-2012,117,3031,3
-349,118,3034,3
-1144,119,3075,3
-438,120,3082,3
-300,121,3083,3
-349,122,3086,3
-2281,123,3124,3
-478,124,3133,3
-300,125,3134,3
-996,126,3164,3
-349,127,3167,3
-300,128,3168,3
-2209,129,3215,3
-349,130,3218,3
-349,131,3221,3
-300,132,3222,3
-2222,133,3265,3
-300,134,3266,3
-1683,135,3321,3
-300,136,3322,3
-1334,137,3363,3
-2811,138,3454,3
-2226,139,3505,3
-186,140,3569,5
-622,141,3584,3
-1494,142,3641,3
-1589,143,3669,3
-300,144,3670,3
-349,145,3673,3
-300,146,3674,3
-300,147,3675,3
-300,148,3676,3
-659,149,3693,3
-710,150,3706,3
-1050,151,3737,3
-300,152,3738,3
-300,153,3739,3
-1640,154,3782,3
-300,155,3783,3
-526,156,3788,3
-1601,157,3810,3
-441,158,3817,3
-300,159,3818,3
-300,160,3819,3
-944,161,3869,4
-726,162,3888,3
-300,163,3889,3
-1534,164,3931,3
-1900,165,3966,3
-1179,166,4002,3
-1496,167,4030,3
-298,168,4083,4
-349,169,4086,3
-2229,170,4129,3
-711,171,4139,3
-533,172,4150,3
-395,173,4155,3
-3197,174,4256,3
-1571,175,4272,3
-300,176,4273,3
-632,177,4290,3
-874,178,4317,3
-594,179,4330,3
-655,180,4345,3
-896,181,4358,3
-1030,182,4391,3
-1856,183,4446,4
-300,184,4447,3
-300,185,4448,3
612,186,4479,5
-349,187,4482,3
-698,188,4499,3
-300,189,4500,3
-2032,190,4544,3
-300,191,4545,3
-1373,192,4592,3
-349,193,4595,3
-300,194,4596,3
-300,195,4597,3
-668,196,4623,4
-1232,197,4660,3
-888,198,4672,3
-814,199,4689,3
-300,200,4690,3
-3672,201,4853,4
-395,202,4858,3
-300,203,4859,3
-560,204,4870,3
-615,205,4931,4
-1117,206,4945,3
-300,207,4946,3
-1292,208,4993,3
-300,209,4994,3
-1101,210,5027,3
-300,211,5028,3
-1505,212,5054,3
-3717,213,5154,3
-2105,214,5216,3
-1861,215,5243,3
-889,216,5270,3
-300,217,5271,3
-496,218,5280,3
-1643,219,5336,3
-300,220,5337,3
-813,221,5352,3
-300,222,5353,3
-300,223,5354,3
-300,224,5355,3
-717,225,5365,3
-300,226,5366,3
-700,227,5387,3
-300,228,5388,3
-1185,229,5434,4
-300,230,5435,3
-300,231,5436,3
-300,232,5437,3
-533,233,5448,3
-395,234,5453,3
-2078,235,5536,3
-1038,236,5558,3
-898,237,5576,3
-349,238,5579,3
-300,239,5580,3
-192,240,5614,4
-463,241,5645,4
-616,242,5651,3
-548,243,5662,3
-300,244,5663,3
-645,245,5672,3
-300,246,5673,3
-1363,247,5699,3
-300,248,5700,3
-300,249,5701,3
-1849,250,5770,4
-1056,251,5791,3
-607,252,5806,3
-668,253,5831,3
-5718,254,5999,4
-300,255,6000,3
-300,256,6001,3
-2342,257,6071,3
-349,258,6074,3
-1806,259,6116,3
-592,260,6131,3
-944,261,6159,3
-300,262,6160,3
-300,263,6161,3
-625,264,6176,3
-1066,265,6209,3
-1493,266,6267,3
-300,267,6268,3
-1449,268,6331,4
-300,269,6332,3
-300,270,6333,3
-300,271,6334,3
-500,272,6367,4
-300,273,6368,3
-2257,274,6442,3
-300,275,6443,3
-349,276,6446,3
-740,277,6459,3
-300,278,6460,3
-1509,279,6481,3
-300,280,6482,3
-1892,281,6506,3
-798,282,6521,3
-1899,283,6551,3
-1191,284,6575,3
-1984,285,6600,3
-300,286,6601,3
-716,287,6614,3
-769,288,6643,3
274,289,6675,4
-300,290,6676,3
-1327,291,6696,3
-401,292,6701,3
-395,293,6706,3
-2730,294,6753,3
-62,295,6785,4
-901,296,6803,3
-300,297,6804,3
-300,298,6805,3
-395,299,6810,3
-1221,300,6837,3
-852,301,6862,3
-300,302,6863,3
-438,303,6870,3
-2814,304,6940,3
-2112,305,6974,3
-395,306,6979,3
-561,307,7022,4
-1371,308,7047,3
-622,309,7062,3
-894,310,7098,4
-438,311,7105,3
-395,312,7110,3
-300,313,7111,3
-712,314,7132,3
-1246,315,7152,3
-2988,316,7221,3
-914,317,7241,3
-300,318,7242,3
-484,319,7251,3
-300,320,7252,3
-349,321,7255,3
-300,322,7256,3
-567,323,7269,3
-1869,324,7327,3
-1666,325,7357,3
-300,326,7358,3
-300,327,7359,3
-300,328,7360,3
-646,329,7374,3
-349,330,7377,3
-1270,331,7403,3
-438,332,7410,3
-300,333,7411,3
-1408,334,7441,3
-300,335,7442,3
-395,336,7447,3
-2029,337,7480,3
-1491,338,7507,3
-990,339,7529,3
-300,340,7530,3
-1332,341,7603,4
-812,342,7626,3
-444,343,7633,3
-804,344,7658,3
-300,345,7659,3
-2334,346,7705,3
-300,347,7706,3
-349,348,7709,3
-349,349,7712,3
-1749,350,7757,3
-1384,351,7774,3
-1045,352,7807,3
-1184,353,7857,3
-842,354,7880,3
-300,355,7881,3
402,356,7902,4
-1525,357,7947,3
-349,358,7950,3
-600,359,7963,3
-1141,360,8017,4
82,361,8042,4
-300,362,8043,3
-478,363,8052,3
-300,364,8053,3
-300,365,8054,3
-300,366,8055,3
-3101,367,8143,3
-685,368,8204,4
-300,369,8205,3
-300,370,8206,3
-1022,371,8231,3
-1055,372,8256,3
-300,373,8257,3
-515,374,8268,3
-300,375,8269,3
-1777,376,8296,3
-1668,377,8320,3
-300,378,8321,3
-970,379,8347,3
-300,380,8348,3
-3020,381,8427,4
-1035,382,8458,3
-693,383,8477,3
-1071,384,8504,3
-300,385,8505,3
-300,386,8506,3
-300,387,8507,3
-349,388,8510,3
-401,389,8515,3
-300,390,8516,3
-1859,391,8556,3
-349,392,8559,3
-349,393,8562,3
-1258,394,8603,3
-300,395,8604,3
-1746,396,8634,3
-300,397,8635,3
-2331,398,8759,5
-349,399,8762,3
-891,400,8783,3
-3188,401,8878,3
-2974,402,8970,3
-300,403,8971,3
-478,404,8980,3
-349,405,8983,3
-872,406,9020,3
-1462,407,9046,3
-3400,408,9122,3
-1369,409,9140,3
-453,410,9185,4
-1150,411,9205,3
-945,412,9227,3
-300,413,9228,3
-300,414,9229,3
-2126,415,9281,3
-300,416,9282,3
-1626,417,9310,3
-1458,418,9349,3
-300,419,9350,3
-349,420,9353,3
-1729,421,9412,3
-572,422,9419,3
-1210,423,9449,3
-2506,424,9497,3
-300,425,9498,3
-300,426,9499,3
-484,427,9508,3
-444,428,9515,3
-300,429,9516,3
-326,430,9545,4
-1622,431,9586,3
-1918,432,9648,3
-478,433,9657,3
-1692,434,9700,3
-885,435,9725,3
-300,436,9726,3
-1937,437,9760,3
-300,438,9761,3
-395,439,9766,3
-300,440,9767,3
-300,441,9768,3
-1535,442,9796,3
-349,443,9799,3
-349,444,9802,3
-1990,445,9838,3
-300,446,9839,3
-699,447,9858,3
198,448,9908,5
-3085,449,9962,3
-300,450,9963,3
-2037,451,10029,3
-300,452,10030,3
-927,453,10045,3
-300,454,10046,3
-300,455,10047,3
-2515,456,10091,3
-300,457,10092,3
-300,458,10093,3
-300,459,10094,3
-1103,460,10116,3
-1093,461,10139,3
-542,462,10150,3
-818,463,10169,3
-2441,464,10207,3
-675,465,10226,3
-1482,466,10284,4
-300,467,10285,3
-1168,468,10323,3
-1245,469,10399,4
-2406,470,10469,4
-1088,471,10510,4
-1509,472,10549,3
-300,473,10550,3
-922,474,10576,3
-300,475,10577,3
-4065,476,10696,4
-1291,477,10717,3
-300,478,10718,3
-1091,479,10743,3
-487,480,10752,3
-1916,481,10801,3
-1462,482,10824,3
-1985,483,10876,3
-3878,484,10985,3
-1019,485,11004,3
-300,486,11005,3
-867,487,11029,3
-300,488,11030,3
-2248,489,11077,3
-349,490,11080,3
-300,491,11081,3
-493,492,11090,3
-2072,493,11136,3
-1033,494,11168,3
-300,495,11169,3
-395,496,11174,3
-1229,497,11215,3
-851,498,11237,3
-573,499,11250,3
-395,500,11255,3
-985,501,11282,3
-300,502,11283,3
-1428,503,11313,3
-349,504,11316,3
-444,505,11323,3
-980,506,11360,3
-300,507,11361,3
-300,508,11362,3
-300,509,11363,3
-300,510,11364,3
-300,511,11365,3
-300,512,11366,3
-643,513,11393,4
-300,514,11394,3
-1217,515,11426,3
-395,516,11431,3
-478,517,11440,3
-960,518,11462,3
-984,519,11489,3
-300,520,11490,3
-986,521,11519,3
-300,522,11520,3
-3593,523,11624,3
-300,524,11625,3
-300,525,11626,3
-444,526,11633,3
-1183,527,11672,3
-906,528,11693,3
-567,529,11706,3
-300,530,11707,3
-300,531,11708,3
-549,532,11721,3
-300,533,11722,3
-800,534,11750,3
-395,535,11755,3
-300,536,11756,3
-349,537,11759,3
-349,538,11762,3
-1794,539,11813,3
-300,540,11814,3
-300,541,11815,3
-300,542,11816,3
-300,543,11817,3
-1463,544,11894,4
-401,545,11899,3
-300,546,11900,3
-1946,547,11971,3
-300,548,11972,3
-1210,549,12020,4
-570,550,12033,3
-499,551,12042,3
-575,552,12049,3
-743,553,12062,3
-300,554,12063,3
-1167,555,12109,4
-570,556,12122,3
278,557,12183,5
-300,558,12184,3
-395,559,12189,3
-300,560,12190,3
-349,561,12193,3
-300,562,12194,3
-300,563,12195,3
-349,564,12198,3
-905,565,12227,3
-662,566,12235,3
-300,567,12236,3
385,568,12253,4
-300,569,12254,3
-1620,570,12278,3
-300,571,12279,3
-300,572,12280,3
-2028,573,12325,3
-300,574,12326,3
-1049,575,12395,4
-300,576,12396,3
-653,577,12413,3
-300,578,12414,3
-300,579,12415,3
-300,580,12416,3
-395,581,12421,3
-300,582,12422,3
-1264,583,12461,3
-444,584,12468,3
-674,585,12476,3
-1016,586,12505,3
-478,587,12514,3
-300,588,12515,3
-1881,589,12582,4
-300,590,12583,3
-300,591,12584,3
-300,592,12585,3
-1710,593,12618,3
-300,594,12619,3
-1304,595,12641,3
-349,596,12644,3
-444,597,12651,3
-1696,598,12714,3
-898,599,12732,3
-669,600,12751,3
-1575,601,12788,3
-349,602,12791,3
-586,603,12806,3
-349,604,12809,3
-300,605,12810,3
-300,606,12811,3
-657,607,12836,4
-2070,608,12865,3
-2144,609,12929,3
-447,610,12944,3
-300,611,12945,3
-1196,612,13016,4
-300,613,13017,3
-1757,614,13051,3
-300,615,13052,3
-715,616,13073,3
-398,617,13078,3
-349,618,13081,3
-2230,619,13125,3
-772,620,13146,3
-757,621,13167,3
-300,622,13168,3
-2986,623,13275,3
-300,624,13276,3
-2187,625,13318,3
-300,626,13319,3
-300,627,13320,3
-300,628,13321,3
-300,629,13322,3
-1716,630,13356,3
-1474,631,13406,3
-944,632,13435,3
-300,633,13436,3
-1630,634,13468,3
-703,635,13479,3
-300,636,13480,3
-300,637,13481,3
-532,638,13505,4
-300,639,13506,3
-300,640,13507,3
-2132,641,13541,3
-1614,642,13608,4
-2496,643,13747,5
-1708,644,13776,3
-2875,645,13845,3
-521,646,13856,3
-1704,647,13880,3
-300,648,13881,3
-1497,649,13953,4
-2560,650,14002,3
-300,651,14003,3
-1534,652,14051,3
-300,653,14052,3
-677,654,14060,3
-438,655,14067,3
-300,656,14068,3
-478,657,14077,3
-300,658,14078,3
-245,659,14095,4
-300,660,14096,3
-1334,661,14115,3
-548,662,14126,3
-1262,663,14158,3
-1587,664,14195,3
-349,665,14198,3
-1078,666,14241,4
-684,667,14260,3
-1743,668,14327,3
-1311,669,14366,3
-1139,670,14379,3
-496,671,14388,3
-567,672,14401,3
-395,673,14406,3
-300,674,14407,3
-349,675,14410,3
-300,676,14411,3
-1490,677,14448,3
-300,678,14449,3
-1323,679,14473,3
-801,680,14534,4
-300,681,14535,3
-1383,682,14574,3
-349,683,14577,3
-2371,684,14625,3
-910,685,14670,4
-1290,686,14709,3
-300,687,14710,3
-912,688,14726,3
-300,689,14727,3
-349,690,14730,3
-692,691,14746,3
-679,692,14757,3
-300,693,14758,3
-300,694,14759,3
-5680,695,14930,3
-1534,696,14968,3
-300,697,14969,3
-1171,698,14998,3
-300,699,14999,3
-1048,700,15023,3
-780,701,15041,3
-300,702,15042,3
-300,703,15043,3
-1329,704,15073,3
-300,705,15074,3
-2100,706,15128,3
-300,707,15129,3
-801,708,15144,3
-300,709,15145,3
-2264,710,15222,4
-300,711,15223,3
-635,712,15240,3
-438,713,15247,3
-300,714,15248,3
-349,715,15251,3
-300,716,15252,3
-526,717,15257,3
-1499,718,15282,3
-2071,719,15315,3
-2097,720,15369,3
-300,721,15370,3
-1484,722,15407,3
-2555,723,15465,3
-349,724,15468,3
-586,725,15483,3
-349,726,15486,3
-239,727,15507,4
-2805,728,15567,3
-349,729,15570,3
-300,730,15571,3
-300,731,15572,3
-1730,732,15604,3
-595,733,15619,3
-1071,734,15656,3
-300,735,15657,3
-300,736,15658,3
-1214,737,15674,3
-773,738,15706,3
-2496,739,15781,3
-300,740,15782,3
-1396,741,15823,3
-1494,742,15844,3
-300,743,15845,3
-300,744,15846,3
-300,745,15847,3
-979,746,15865,3
-349,747,15868,3
-866,748,15906,3
-395,749,15911,3
-349,750,15914,3
-918,751,15945,3
-300,752,15946,3
-300,753,15947,3
-300,754,15948,3
-1371,755,15997,3
-438,756,16004,3
-444,757,16011,3
-2017,758,16061,3
-1363,759,16078,3
-609,760,16091,3
-2725,761,16166,3
-2025,762,16223,3
-300,763,16224,3
-478,764,16233,3
-349,765,16236,3
-300,766,16237,3
-817,767,16248,3
-300,768,16249,3
-2104,769,16333,4
-300,770,16334,3
-300,771,16335,3
-833,772,16357,3
-300,773,16358,3
-300,774,16359,3
-450,775,16393,4
-300,776,16394,3
-349,777,16397,3
-740,778,16438,4
-349,779,16441,3
-300,780,16442,3
-690,781,16461,3
-4861,782,16595,3
-1140,783,16614,3
-300,784,16615,3
-300,785,16616,3
-914,786,16645,3
-575,787,16652,3
-300,788,16653,3
-1812,789,16732,4
-300,790,16733,3
-2206,791,16781,3
-441,792,16788,3
-300,793,16789,3
-398,794,16794,3
-300,795,16795,3
-472,796,16826,4
-896,797,16848,3
-842,798,16862,3
-300,799,16863,3
-349,800,16866,3
-1515,801,16896,3
-349,802,16899,3
-300,803,16900,3
-2975,804,16980,3
-2089,805,17061,3
-300,806,17062,3
-300,807,17063,3
-1288,808,17092,3
-1135,809,17116,3
-300,810,17117,3
-911,811,17164,4
-481,812,17173,3
-1139,813,17208,3
-300,814,17209,3
-2213,815,17274,3
-300,816,17275,3
-300,817,17276,3
-674,818,17301,3
-1675,819,17327,3
-300,820,17328,3
-904,821,17355,3
-300,822,17356,3
-1374,823,17380,3
-300,824,17381,3
-1540,825,17437,3
-349,826,17440,3
-300,827,17441,3
-162,828,17486,4
-1132,829,17510,3
-300,830,17511,3
-300,831,17512,3
-1606,832,17535,3
-300,833,17536,3
-2441,834,17577,3
-300,835,17578,3
-2255,836,17633,3
-300,837,17634,3
-300,838,17635,3
-234,839,17660,4
-2698,840,17729,3
-300,841,17730,3
436,842,17774,5
-349,843,17777,3
104,844,17825,5
-605,845,17855,4
-1181,846,17880,3
-1385,847,17909,3
-502,848,17918,3
-300,849,17919,3
-300,850,17920,3
-3386,851,18000,3
-395,852,18005,3
-1652,853,18051,3
-300,854,18052,3
-1287,855,18127,4
-300,856,18128,3
-1822,857,18155,3
-300,858,18156,3
-349,859,18159,3
-689,860,18176,3
-1263,861,18201,3
-349,862,18204,3
-395,863,18209,3
-300,864,18210,3
-1182,865,18237,3
-797,866,18260,3
-300,867,18261,3
-2616,868,18315,3
-300,869,18316,3
-300,870,18317,3
-1404,871,18341,3
-300,872,18342,3
-300,873,18343,3
-300,874,18344,3
-300,875,18345,3
-300,876,18346,3
-300,877,18347,3
-441,878,18354,3
-526,879,18359,3
-524,880,18370,3
-395,881,18375,3
-661,882,18386,3
-300,883,18387,3
-728,884,18400,3
-1383,885,18421,3
-1090,886,18435,3
-300,887,18436,3
-1239,888,18478,3
-300,889,18479,3
-2213,890,18531,3
-1177,891,18560,3
-2156,892,18601,3
-300,893,18602,3
-1517,894,18637,3
-584,895,18644,3
-2198,896,18696,3
-300,897,18697,3
-349,898,18700,3
-349,899,18703,3
-1755,900,18745,3
-2069,901,18792,3
-594,902,18813,3
-300,903,18814,3
-3924,904,18952,3
-349,905,18955,3
-1191,906,18973,3
-300,907,18974,3
-300,908,18975,3
-1780,909,19014,3
-300,910,19015,3
-300,911,19016,3
-658,912,19031,3
-349,913,19034,3
-300,914,19035,3
-300,915,19036,3
-1950,916,19069,3
-300,917,19070,3
-300,918,19071,3
-1627,919,19100,3
-484,920,19109,3
-349,921,19112,3
-2309,922,19168,4
-300,923,19169,3
-300,924,19170,3
-1179,925,19203,3
-1921,926,19266,3
-300,927,19267,3
-349,928,19270,3
-300,929,19271,3
-686,930,19312,4
-2592,931,19370,3
-932,932,19398,3
-300,933,19399,3
-300,934,19400,3
-300,935,19401,3
-991,936,19434,3
-484,937,19443,3
-776,938,19459,3
-300,939,19460,3
-300,940,19461,3
-1493,941,19525,3
-349,942,19528,3
-1612,943,19584,3
-349,944,19587,3
-300,945,19588,3
-300,946,19589,3
-300,947,19590,3
-2936,948,19670,3
-300,949,19671,3
-2641,950,19758,3
-300,951,19759,3
-533,952,19770,3
-300,953,19771,3
-1588,954,19794,3
-2605,955,19857,3
-650,956,19874,3
-1395,957,19907,3
-300,958,19908,3
-300,959,19909,3
-349,960,19912,3
-2954,961,19991,3
-300,962,19992,3
-300,963,19993,3
-300,964,19994,3
-765,965,20003,3
-2290,966,20072,3
-752,967,20104,3
-300,968,20105,3
-300,969,20106,3
-300,970,20107,3
-395,971,20112,3
-2292,972,20169,3
-349,973,20172,3
-300,974,20173,3
-1010,975,20192,3
-349,976,20195,3
-300,977,20196,3
-300,978,20197,3
-2991,979,20263,3
-1077,980,20294,3
-300,981,20295,3
-2519,982,20341,3
-993,983,20378,4
-1279,984,20407,3
-526,985,20412,3
-165,986,20437,4
-349,987,20440,3
-3225,988,20509,3
-1285,989,20535,3
-349,990,20538,3
-300,991,20539,3
-300,992,20540,3
-1640,993,20589,3
-2386,994,20633,3
-573,995,20646,3
-300,996,20647,3
-1378,997,20691,3
-349,998,20694,3
-300,999,20695,3
-349,1000,20698,3
-1503,1001,20743,3
-1249,1002,20772,3
-487,1003,20781,3
-300,1004,20782,3
-395,1005,20787,3
-991,1006,20838,4
-2140,1007,20927,4
-226,1008,20969,4
-438,1009,20976,3
-300,1010,20977,3
-300,1011,20978,3
-951,1012,20999,3
-2107,1013,21040,3
-2012,1014,21127,4
-4826,1015,21239,3
-300,1016,21240,3
-456,1017,21247,3
-349,1018,21250,3
-1818,1019,21322,3
-300,1020,21323,3
-349,1021,21326,3
-395,1022,21331,3
-1366,1023,21349,3
-300,1024,21350,3
-1573,1025,21374,3
-1440,1026,21398,3
-1081,1027,21430,3
-300,1028,21431,3
-526,1029,21436,3
-615,1030,21445,3
-300,1031,21446,3
-395,1032,21451,3
-300,1033,21452,3
-1721,1034,21495,3
-791,1035,21509,3
-1489,1036,21559,3
-938,1037,21595,4
-979,1038,21612,3
-1440,1039,21645,3
-1535,1040,21698,4
-2643,1041,21761,3
-1752,1042,21803,3
-243,1043,21827,4
-580,1044,21874,4
-2075,1045,21920,3
-1407,1046,21944,3
-300,1047,21945,3
-300,1048,21946,3
-1105,1049,21960,3
-300,1050,21961,3
36,1051,21982,4
-664,1052,21997,3
-300,1053,21998,3
-879,1054,22059,4
-916,1055,22077,3
-2417,1056,22167,4
-1070,1057,22202,3
-2284,1058,22265,3
-1895,1059,22308,3
-490,1060,22317,3
-349,1061,22320,3
-915,1062,22341,3
-300,1063,22342,3
-1534,1064,22371,3
-300,1065,22372,3
-3252,1066,22444,3
-300,1067,22445,3
-349,1068,22448,3
-1581,1069,22479,3
-2263,1070,22527,3
-300,1071,22528,3
-1073,1072,22600,4
-401,1073,22605,3
-1316,1074,22627,3
-300,1075,22628,3
-300,1076,22629,3
-613,1077,22644,3
-300,1078,22645,3
-698,1079,22658,3
-395,1080,22663,3
-1360,1081,22692,3
-300,1082,22693,3
-1966,1083,22743,3
-1781,1084,22774,3
-3981,1085,22889,4
-349,1086,22892,3
-349,1087,22895,3
-300,1088,22896,3
-2213,1089,22982,4
-1561,1090,23006,3
-1044,1091,23028,3
-300,1092,23029,3
-300,1093,23030,3
-2980,1094,23093,3
-704,1095,23106,3
-300,1096,23107,3
-300,1097,23108,3
-395,1098,23113,3
-842,1099,23136,3
-2541,1100,23199,3
-1899,1101,23266,3
-1644,1102,23290,3
-300,1103,23291,3
-765,1104,23354,4
-300,1105,23355,3
-2131,1106,23402,3
-701,1107,23424,3
-1276,1108,23441,3
-490,1109,23450,3
-679,1110,23461,3
-809,1111,23483,3
-1513,1112,23507,3
-1879,1113,23543,3
-606,1114,23561,3
-2627,1115,23668,4
-1684,1116,23694,3
-300,1117,23695,3
-349,1118,23698,3
-1715,1119,23741,3
-930,1120,23766,3
-1747,1121,23816,3
-300,1122,23817,3
-438,1123,23824,3
-414,1124,23865,4
-395,1125,23870,3
-999,1126,23901,3
-401,1127,23906,3
-300,1128,23907,3
-349,1129,23910,3
-300,1130,23911,3
-349,1131,23914,3
-1632,1132,23968,3
-2773,1133,24027,3
-1427,1134,24094,4
-1005,1135,24107,3
-300,1136,24108,3
-864,1137,24133,3
-2199,1138,24188,3
-300,1139,24189,3
-729,1140,24204,3
-487,1141,24213,3
-572,1142,24220,3
-1350,1143,24268,3
-537,1144,24336,5
-2019,1145,24376,3
-300,1146,24377,3
-1934,1147,24424,3
-1370,1148,24458,3
-1896,1149,24506,3
-300,1150,24507,3
-3584,1151,24616,3
-300,1152,24617,3
-1490,1153,24661,3
-300,1154,24662,3
-1510,1155,24694,3
-2496,1156,24773,3
-300,1157,24774,3
-1763,1158,24821,3
-702,1159,24840,3
-1431,1160,24871,3
-300,1161,24872,3
-978,1162,24893,3
-1127,1163,24915,3
-1374,1164,24936,3
-584,1165,24943,3
-349,1166,24946,3
-300,1167,24947,3
-1584,1168,24966,3
-854,1169,24980,3
-300,1170,24981,3
-3301,1171,25091,3
-1219,1172,25108,3
-349,1173,25111,3
-2246,1174,25184,3
-300,1175,25185,3
-300,1176,25186,3
-1808,1177,25217,3
-2090,1178,25252,3
-1176,1179,25267,3
-300,1180,25268,3
-526,1181,25273,3
-349,1182,25276,3
-1381,1183,25293,3
-349,1184,25296,3
-481,1185,25327,4
-349,1186,25330,3
-300,1187,25331,3
-300,1188,25332,3
-300,1189,25333,3
-438,1190,25340,3
-1845,1191,25382,3
-630,1192,25391,3
-872,1193,25410,3
-300,1194,25411,3
-239,1195,25435,4
-1276,1196,25479,3
-1504,1197,25517,3
-2041,1198,25558,3
-300,1199,25559,3
-1129,1200,25579,3
-1791,1201,25612,3
-447,1202,25619,3
-1499,1203,25672,3
-1845,1204,25695,3
-447,1205,25702,3
-349,1206,25705,3
-300,1207,25706,3
-300,1208,25707,3
-268,1209,25726,4
-300,1210,25727,3
-300,1211,25728,3
-2161,1212,25760,3
-300,1213,25761,3
-300,1214,25762,3
-1067,1215,25788,3
-1351,1216,25829,3
-1736,1217,25852,3
-587,1218,25871,3
-300,1219,25872,3
-616,1220,25878,3
-889,1221,25901,3
-300,1222,25902,3
-2087,1223,25942,3
-1759,1224,25999,3
-300,1225,26000,3
-1521,1226,26046,3
-349,1227,26049,3
-300,1228,26050,3
-754,1229,26071,3
-300,1230,26072,3
-1859,1231,26109,3
-444,1232,26116,3
-300,1233,26117,3
-228,1234,26172,5
-2295,1235,26285,4
-300,1236,26286,3
-300,1237,26287,3
203,1238,26334,5
-300,1239,26335,3
-1061,1240,26360,3
-300,1241,26361,3
-349,1242,26364,3
-1601,1243,26413,3
-349,1244,26416,3
-1515,1245,26461,3
-300,1246,26462,3
-300,1247,26463,3
-300,1248,26464,3
-2086,1249,26496,3
-1909,1250,26531,3
-300,1251,26532,3
-1392,1252,26557,3
-300,1253,26558,3
-1496,1254,26601,3
-2044,1255,26651,3
-1289,1256,26683,3
-300,1257,26684,3
-349,1258,26687,3
-300,1259,26688,3
-692,1260,26710,3
-499,1261,26719,3
-836,1262,26742,3
-2344,1263,26823,3
-300,1264,26824,3
-300,1265,26825,3
-2157,1266,26870,3
-487,1267,26879,3
-1205,1268,26920,3
-3160,1269,27009,3
-552,1270,27022,3
-496,1271,27031,3
-3662,1272,27112,3
-300,1273,27113,3
-1105,1274,27152,3
-349,1275,27155,3
-2216,1276,27228,3
-2472,1277,27276,3
-1409,1278,27301,3
-300,1279,27302,3
-1327,1280,27328,3
-300,1281,27329,3
-300,1282,27330,3
-300,1283,27331,3
-1769,1284,27368,3
-584,1285,27375,3
-805,1286,27386,3
-1601,1287,27417,3
-456,1288,27424,3
-2001,1289,27469,3
-671,1290,27486,3
-444,1291,27493,3
-714,1292,27503,3
-444,1293,27510,3
-300,1294,27511,3
-1407,1295,27544,3
-395,1296,27549,3
-4237,1297,27675,3
-300,1298,27676,3
-300,1299,27677,3
-300,1300,27678,3
-1026,1301,27691,3
-300,1302,27692,3
-300,1303,27693,3
-1346,1304,27730,3
-300,1305,27731,3
-300,1306,27732,3
-300,1307,27733,3
-300,1308,27734,3
-300,1309,27735,3
-2156,1310,27815,4
-1099,1311,27835,3
-899,1312,27864,3
-300,1313,27865,3
-937,1314,27882,3
-300,1315,27883,3
-680,1316,27900,3
-758,1317,27913,3
-3114,1318,28028,3
-762,1319,28043,3
-584,1320,28050,3
-1214,1321,28090,3
-1827,1322,28123,3
-2206,1323,28177,3
-1086,1324,28195,3
-986,1325,28205,3
-300,1326,28206,3
-1023,1327,28219,3
-300,1328,28220,3
-300,1329,28221,3
-300,1330,28222,3
-300,1331,28223,3
-300,1332,28224,3
-1722,1333,28291,4
-300,1334,28292,3
-300,1335,28293,3
-60,1336,28352,5
-2165,1337,28407,3
-1063,1338,28433,3
-2007,1339,28496,3
-2309,1340,28557,3
-300,1341,28558,3
-1200,1342,28585,3
-438,1343,28592,3
-1309,1344,28618,3
-986,1345,28643,3
-450,1346,28650,3
-1005,1347,28671,3
-2393,1348,28735,3
-300,1349,28736,3
-555,1350,28749,3
-1859,1351,28798,3
-698,1352,28811,3
-438,1353,28818,3
-300,1354,28819,3
-2091,1355,28855,3
-1265,1356,28887,3
-300,1357,28888,3
-901,1358,28915,3
-300,1359,28916,3
-1989,1360,28958,3
-969,1361,28973,3
-300,1362,28974,3
-1438,1363,29021,3
-300,1364,29022,3
-395,1365,29027,3
-1589,1366,29065,3
-530,1367,29076,3
-1713,1368,29109,3
-300,1369,29110,3
-300,1370,29111,3
-783,1371,29135,3
-1930,1372,29203,4
-300,1373,29204,3
-1453,1374,29237,3
-1488,1375,29282,3
-300,1376,29283,3
-300,1377,29284,3
-1874,1378,29324,3
-1714,1379,29344,3
-401,1380,29349,3
-300,1381,29350,3
-2187,1382,29382,3
-670,1383,29393,3
-349,1384,29396,3
-792,1385,29446,4
-1646,1386,29483,3
-2129,1387,29548,3
-300,1388,29549,3
-300,1389,29550,3
-1720,1390,29580,3
-2935,1391,29646,3
-773,1392,29669,3
-662,1393,29677,3
-300,1394,29678,3
-1085,1395,29694,3
-540,1396,29721,4
-300,1397,29722,3
-300,1398,29723,3
-910,1399,29775,4
-395,1400,29780,3
-300,1401,29781,3
-349,1402,29784,3
-708,1403,29803,3
-2020,1404,29866,3
-1118,1405,29888,3
-1647,1406,29915,3
-3919,1407,30028,3
-645,1408,30037,3
-1321,1409,30055,3
-438,1410,30062,3
-1014,1411,30084,3
-300,1412,30085,3
-300,1413,30086,3
-3033,1414,30182,3
-1806,1415,30237,3
-300,1416,30238,3
-2578,1417,30291,3
-3270,1418,30373,3
-939,1419,30398,3
-349,1420,30401,3
-647,1421,30427,3
-1026,1422,30480,4
-1122,1423,30510,3
-1356,1424,30535,3
-576,1425,30548,3
-349,1426,30551,3
-349,1427,30554,3
-300,1428,30555,3
-438,1429,30562,3
-300,1430,30563,3
-349,1431,30566,3
-936,1432,30587,3
-1114,1433,30601,3
-2722,1434,30666,3
-101,1435,30692,4
-401,1436,30697,3
-797,1437,30711,3
-1227,1438,30739,3
-2581,1439,30804,3
-1354,1440,30843,3
-300,1441,30844,3
-300,1442,30845,3
-300,1443,30846,3
-300,1444,30847,3
-2424,1445,30907,3
-300,1446,30908,3
-395,1447,30913,3
-2687,1448,30983,3
-300,1449,30984,3
-675,1450,31003,3
-716,1451,31016,3
-851,1452,31035,3
-300,1453,31036,3
-300,1454,31037,3
-1675,1455,31066,3
-1895,1456,31106,3
-300,1457,31107,3
-300,1458,31108,3
-515,1459,31119,3
-3325,1460,31236,3
-1829,1461,31295,3
-496,1462,31304,3
-894,1463,31325,3
-977,1464,31341,3
-726,1465,31375,4
-1260,1466,31393,3
-1050,1467,31411,3
-349,1468,31414,3
-844,1469,31431,3
-2851,1470,31503,3
-1040,1471,31593,4
-1330,1472,31611,3
-622,1473,31626,3
-1447,1474,31676,3
-1380,1475,31724,3
-2665,1476,31765,3
-2730,1477,31826,4
-300,1478,31827,3
-300,1479,31828,3
-300,1480,31829,3
-5190,1481,31964,3
-8240,1482,32185,4
-526,1483,32190,3
-300,1484,32191,3
-300,1485,32192,3
-2368,1486,32263,3
-300,1487,32264,3
-1456,1488,32296,3
-300,1489,32297,3
-395,1490,32302,3
-1030,1491,32326,3
-300,1492,32327,3
-2071,1493,32392,3
-2425,1494,32452,3
-1613,1495,32480,3
-478,1496,32489,3
-1517,1497,32532,3
-349,1498,32535,3
-1516,1499,32580,3
-1571,1500,32596,3
-349,1501,32599,3
-395,1502,32604,3
-771,1503,32613,3
-349,1504,32616,3
-1799,1505,32644,3
-300,1506,32645,3
-300,1507,32646,3
-300,1508,32647,3
-300,1509,32648,3
-395,1510,32653,3
-349,1511,32656,3
-2602,1512,32745,3
-1183,1513,32766,3
-300,1514,32767,3
-1868,1515,32831,3
-401,1516,32836,3
-300,1517,32837,3
-2697,1518,32896,3
-1278,1519,32958,4
-2306,1520,33023,3
-4358,1521,33139,4
-869,1522,33171,4
-300,1523,33172,3
-438,1524,33179,3
-1348,1525,33226,4
-349,1526,33229,3
-1989,1527,33265,3
-6457,1528,33473,4
-300,1529,33474,3
-300,1530,33475,3
-1592,1531,33501,3
-484,1532,33510,3
-300,1533,33511,3
-395,1534,33516,3
-2216,1535,33581,3
-1842,1536,33617,3
-667,1537,33628,3
-300,1538,33629,3
-2910,1539,33716,3
-1127,1540,33738,3
-615,1541,33747,3
-2071,1542,33797,3
-2072,1543,33834,3
-2678,1544,33919,3
-300,1545,33920,3
-2899,1546,33997,3
-2736,1547,34070,3
-1984,1548,34126,3
-300,1549,34127,3
-3320,1550,34206,3
-1194,1551,34236,3
-300,1552,34237,3
-395,1553,34242,3
-300,1554,34243,3
-300,1555,34244,3
-1738,1556,34294,3
-1565,1557,34328,3
-444,1558,34335,3
-444,1559,34342,3
-1653,1560,34397,3
-1592,1561,34423,3
-300,1562,34424,3
-2318,1563,34485,3
-395,1564,34490,3
-2422,1565,34573,3
-300,1566,34574,3
-1281,1567,34617,3
-1169,1568,34658,3
-300,1569,34659,3
-300,1570,34660,3
-403,1571,34692,4
-536,1572,34708,3
-300,1573,34709,3
-1009,1574,34752,4
-1767,1575,34809,3
-2561,1576,34894,3
-1538,1577,34929,3
-349,1578,34932,3
-300,1579,34933,3
-1683,1580,34957,3
-803,1581,34976,3
-2577,1582,35060,3
-300,1583,35061,3
-576,1584,35074,3
-349,1585,35077,3
-1738,1586,35115,3
-395,1587,35120,3
-598,1588,35135,3
-300,1589,35136,3
-2364,1590,35249,4
-300,1591,35250,3
-1299,1592,35299,3
-1606,1593,35347,3
-349,1594,35350,3
-349,1595,35353,3
-572,1596,35360,3
-1329,1597,35393,3
-395,1598,35398,3
-1661,1599,35444,3
-300,1600,35445,3
-1335,1601,35494,3
-1969,1602,35535,3
-300,1603,35536,3
-1832,1604,35574,3
-707,1605,35581,3
-505,1606,35598,3
-1968,1607,35676,3
-271,1608,35697,4
-2527,1609,35771,3
-300,1610,35772,3
-289,1611,35851,5
-300,1612,35852,3
-3466,1613,35959,3
-685,1614,35970,3
-808,1615,36027,4
-395,1616,36032,3
-1547,1617,36057,3
-2139,1618,36126,3
-349,1619,36129,3
-2192,1620,36205,3
-349,1621,36208,3
-1812,1622,36254,3
-647,1623,36271,3
-1366,1624,36289,3
-1164,1625,36308,3
-827,1626,36331,3
-649,1627,36346,3
-3035,1628,36435,3
-1006,1629,36458,3
-300,1630,36459,3
-300,1631,36460,3
-300,1632,36461,3
-1931,1633,36492,3
-349,1634,36495,3
-300,1635,36496,3
-3509,1636,36605,4
-1069,1637,36628,3
-300,1638,36629,3
-605,1639,36666,4
-1773,1640,36717,3
-622,1641,36732,3
-677,1642,36740,3
-300,1643,36741,3
-1305,1644,36780,3
-1592,1645,36827,3
-2012,1646,36895,3
-2320,1647,36943,3
-2137,1648,37021,4
-1052,1649,37040,3
-300,1650,37041,3
-300,1651,37042,3
-748,1652,37118,5
-300,1653,37119,3
-526,1654,37124,3
-518,1655,37135,3
-300,1656,37136,3
-300,1657,37137,3
-300,1658,37138,3
-300,1659,37139,3
-621,1660,37148,3
-300,1661,37149,3
-300,1662,37150,3
-1076,1663,37190,3
-300,1664,37191,3
-929,1665,37220,3
-300,1666,37221,3
-4157,1667,37319,3
-300,1668,37320,3
-1172,1669,37355,3
-3280,1670,37456,3
-447,1671,37463,3
-300,1672,37464,3
-1863,1673,37506,3
-481,1674,37515,3
-349,1675,37518,3
-926,1676,37571,4
-1739,1677,37618,3
-300,1678,37619,3
-300,1679,37620,3
-300,1680,37621,3
-444,1681,37628,3
-1610,1682,37650,3
-398,1683,37655,3
-1367,1684,37686,3
-300,1685,37687,3
-1096,1686,37720,3
-300,1687,37721,3
-613,1688,37744,3
-2082,1689,37799,3
-879,1690,37824,3
-395,1691,37829,3
-300,1692,37830,3
-616,1693,37836,3
-398,1694,37841,3
-2787,1695,37907,3
-401,1696,37912,3
-401,1697,37917,3
-998,1698,37942,3
-300,1699,37943,3
-300,1700,37944,3
-1073,1701,38003,4
-300,1702,38004,3
-3609,1703,38158,4
-300,1704,38159,3
-300,1705,38160,3
-300,1706,38161,3
-1250,1707,38184,3
-300,1708,38185,3
-2735,1709,38247,3
-1934,1710,38297,3
-239,1711,38321,4
-444,1712,38328,3
-300,1713,38329,3
-1329,1714,38362,3
-395,1715,38367,3
-1954,1716,38408,3
-300,1717,38409,3
-3638,1718,38503,3
-226,1719,38539,4
-576,1720,38552,3
-349,1721,38555,3
-395,1722,38560,3
-1260,1723,38599,3
-561,1724,38612,3
-349,1725,38615,3
-1072,1726,38647,3
-2584,1727,38731,4
-1978,1728,38825,4
-1471,1729,38858,3
-300,1730,38859,3
-2190,1731,38925,3
-3039,1732,38991,3
-4390,1733,39128,3
-526,1734,39133,3
-300,1735,39134,3
-401,1736,39139,3
-300,1737,39140,3
-300,1738,39141,3
-300,1739,39142,3
-395,1740,39147,3
-300,1741,39148,3
-349,1742,39151,3
-4514,1743,39324,4
-1428,1744,39346,3
-1959,1745,39394,3
-300,1746,39395,3
-300,1747,39396,3
-2713,1748,39527,4
-395,1749,39532,3
-300,1750,39533,3
-1136,1751,39555,3
-526,1752,39560,3
-783,1753,39585,3
-300,1754,39586,3
-438,1755,39593,3
-300,1756,39594,3
-300,1757,39595,3
-1211,1758,39651,4
-300,1759,39652,3
-300,1760,39653,3
-300,1761,39654,3
-1133,1762,39679,3
-2046,1763,39724,3
-300,1764,39725,3
-866,1765,39735,3
-539,1766,39746,3
-300,1767,39747,3
-729,1768,39766,3
-2439,1769,39818,3
-526,1770,39823,3
-673,1771,39838,3
-3148,1772,39907,3
-1500,1773,39938,3
-1050,1774,39960,3
-2025,1775,39997,3
-594,1776,40010,3
-1058,1777,40079,4
-300,1778,40080,3
-300,1779,40081,3
-4153,1780,40191,3
-1312,1781,40220,3
-526,1782,40225,3
-300,1783,40226,3
-300,1784,40227,3
-2574,1785,40315,3
-2642,1786,40412,3
-300,1787,40413,3
-526,1788,40418,3
-1207,1789,40444,3
-760,1790,40465,3
-1697,1791,40514,3
-395,1792,40519,3
-1717,1793,40545,3
-300,1794,40546,3
-300,1795,40547,3
-941,1796,40567,3
-967,1797,40581,3
-1421,1798,40615,3
-867,1799,40639,3
-496,1800,40648,3
-1530,1801,40684,3
-300,1802,40685,3
-1335,1803,40709,3
-300,1804,40710,3
-2973,1805,40794,3
-484,1806,40803,3
-1164,1807,40840,3
-300,1808,40841,3
-1104,1809,40872,3
-1094,1810,40889,3
-943,1811,40906,3
-349,1812,40909,3
-615,1813,40918,3
-300,1814,40919,3
-1751,1815,40956,3
-349,1816,40959,3
-1358,1817,40982,3
-1993,1818,41023,3
-300,1819,41024,3
-1059,1820,41036,3
-349,1821,41039,3
-484,1822,41048,3
-1508,1823,41092,3
-300,1824,41093,3
-523,1825,41107,3
-1193,1826,41139,3
-1185,1827,41182,3
-1362,1828,41222,3
-1482,1829,41244,3
-300,1830,41245,3
-1879,1831,41320,4
-300,1832,41321,3
-1918,1833,41365,3
-502,1834,41374,3
-2174,1835,41426,3
-300,1836,41427,3
-711,1837,41437,3
-300,1838,41438,3
-1661,1839,41491,3
-300,1840,41492,3
-851,1841,41506,3
-300,1842,41507,3
-300,1843,41508,3
-2203,1844,41570,3
-33,1845,41588,4
-300,1846,41589,3
-1735,1847,41636,4
-254,1848,41669,4
-2696,1849,41722,3
-349,1850,41725,3
-300,1851,41726,3
-438,1852,41733,3
-178,1853,41750,4
-1360,1854,41785,3
-1425,1855,41810,3
-300,1856,41811,3
-2703,1857,41880,3
-1570,1858,41909,3
-988,1859,41936,3
-1127,1860,41971,3
-300,1861,41972,3
-300,1862,41973,3
-1338,1863,42000,3
-2217,1864,42084,3
-1048,1865,42099,3
-300,1866,42100,3
-781,1867,42120,3
-1993,1868,42204,4
-515,1869,42215,3
-182,1870,42238,4
-3238,1871,42336,3
-300,1872,42337,3
-1140,1873,42370,3
-300,1874,42371,3
-4572,1875,42537,4
-395,1876,42542,3
-1316,1877,42576,3
-1622,1878,42611,3
-300,1879,42612,3
-1063,1880,42632,3
-943,1881,42655,3
-300,1882,42656,3
-300,1883,42657,3
-548,1884,42668,3
-300,1885,42669,3
-349,1886,42672,3
-1755,1887,42705,3
-1726,1888,42749,3
-300,1889,42750,3
-300,1890,42751,3
-300,1891,42752,3
-1519,1892,42788,3
-300,1893,42789,3
-1577,1894,42845,4
-1317,1895,42878,3
-349,1896,42881,3
-799,1897,42902,3
-300,1898,42903,3
-5957,1899,43090,3
-300,1900,43091,3
-679,1901,43102,3
-300,1902,43103,3
-300,1903,43104,3
-300,1904,43105,3
-774,1905,43124,3
-395,1906,43129,3
-2980,1907,43251,4
-395,1908,43256,3
-300,1909,43257,3
-300,1910,43258,3
-395,1911,43263,3
-438,1912,43270,3
-3802,1913,43398,3
-349,1914,43401,3
-802,1915,43443,4
-2156,1916,43489,3
-438,1917,43496,3
-631,1918,43516,3
-300,1919,43517,3
-1282,1920,43534,3
-2966,1921,43622,3
-1289,1922,43654,3
-2225,1923,43694,3
-776,1924,43717,3
-1086,1925,43754,3
-484,1926,43763,3
-1359,1927,43796,3
-1327,1928,43832,3
-395,1929,43837,3
-300,1930,43838,3
-641,1931,43855,3
-349,1932,43858,3
-2858,1933,43909,3
-300,1934,43910,3
-300,1935,43911,3
-882,1936,43955,4
-2880,1937,44021,3
-1272,1938,44046,3
-1620,1939,44065,3
-1168,1940,44104,3
-395,1941,44109,3
-300,1942,44110,3
-1025,1943,44148,4
-300,1944,44149,3
-2679,1945,44241,4
-2682,1946,44298,3
-300,1947,44299,3
-1800,1948,44341,3
-1128,1949,44368,3
-395,1950,44373,3
-300,1951,44374,3
-349,1952,44377,3
-300,1953,44378,3
-840,1954,44408,3
-526,1955,44413,3
-1653,1956,44441,3
-1554,1957,44472,3
-1334,1958,44509,3
-2155,1959,44548,3
-1157,1960,44564,3
-1030,1961,44587,3
-874,1962,44614,3
-349,1963,44617,3
-478,1964,44626,3
-860,1965,44636,3
-711,1966,44655,3
-441,1967,44662,3
-852,1968,44720,4
-1541,1969,44757,3
-349,1970,44760,3
-349,1971,44763,3
-616,1972,44778,3
-300,1973,44779,3
-5690,1974,44969,4
-300,1975,44970,3
-300,1976,44971,3
81,1977,44993,4
-1998,1978,45056,3
-1825,1979,45113,3
-300,1980,45114,3
-2165,1981,45182,3
-682,1982,45224,4
-300,1983,45225,3
-2044,1984,45266,3
-300,1985,45267,3
-1454,1986,45310,3
-300,1987,45311,3
-300,1988,45312,3
-938,1989,45331,3
-1501,1990,45355,3
-3750,1991,45442,3
-1618,1992,45475,3
-300,1993,45476,3
-300,1994,45477,3
-2389,1995,45554,3
-722,1996,45567,3
-1123,1997,45581,3
-2327,1998,45643,4
-300,1999,45644,3
-349,2000,45647,3
-349,2001,45650,3
-478,2002,45659,3
-300,2003,45660,3
-1182,2004,45675,3
-2302,2005,45713,3
-444,2006,45720,3
-3078,2007,45838,3
-1484,2008,45866,3
-1829,2009,45922,3
-395,2010,45927,3
-300,2011,45928,3
-997,2012,45952,3
-441,2013,45959,3
-2150,2014,46002,3
-1659,2015,46032,3
-2507,2016,46079,3
-300,2017,46080,3
-601,2018,46095,3
-499,2019,46104,3
-349,2020,46107,3
-300,2021,46108,3
-395,2022,46113,3
-349,2023,46116,3
-2715,2024,46224,3
-1474,2025,46281,3
-2356,2026,46343,3
-1259,2027,46383,3
-490,2028,46392,3
-300,2029,46393,3
-2978,2030,46499,3
-1144,2031,46519,3
-1703,2032,46568,3
-2257,2033,46621,3
-579,2034,46639,3
-2484,2035,46705,4
-530,2036,46716,3
-1281,2037,46743,3
-661,2038,46758,3
-2063,2039,46802,3
-511,2040,46816,3
-1717,2041,46848,3
-3070,2042,46903,3
-1537,2043,46932,3
-1082,2044,46967,3
-2543,2045,47059,3
-395,2046,47064,3
-490,2047,47073,3
-2461,2048,47160,3
-2104,2049,47211,3
-438,2050,47218,3
-2325,2051,47296,3
-1731,2052,47329,3
-349,2053,47332,3
-3922,2054,47463,3
-300,2055,47464,3
-349,2056,47467,3
-300,2057,47468,3
-1289,2058,47506,3
-1317,2059,47539,3
-300,2060,47540,3
-1173,2061,47564,3
-2388,2062,47615,3
-671,2063,47623,3
-300,2064,47624,3
-300,2065,47625,3
-300,2066,47626,3
-1504,2067,47664,3
-764,2068,47687,3
-438,2069,47694,3
-1066,2070,47761,4
-300,2071,47762,3
-422,2072,47775,3
-2174,2073,47892,4
-2197,2074,47964,4
-731,2075,47987,3
-300,2076,47988,3
-300,2077,47989,3
-2185,2078,48064,3
-438,2079,48071,3
-1198,2080,48097,3
-631,2081,48112,3
-300,2082,48113,3
-300,2083,48114,3
-3311,2084,48220,4
-928,2085,48243,3
-1575,2086,48292,3
-300,2087,48293,3
-349,2088,48296,3
-300,2089,48297,3
-603,2090,48309,3
-938,2091,48358,4
-800,2092,48381,3
-1604,2093,48434,3
-2486,2094,48519,3
-2344,2095,48572,3
-300,2096,48573,3
-300,2097,48574,3
-300,2098,48575,3
-1265,2099,48606,3
-1586,2100,48656,3
-573,2101,48669,3
-300,2102,48670,3
-1519,2103,48690,3
-300,2104,48691,3
-946,2105,48705,3
-573,2106,48723,3
-300,2107,48724,3
-527,2108,48735,3
-2314,2109,48794,3
-1052,2110,48814,3
-1073,2111,48833,3
-300,2112,48834,3
-2436,2113,48925,3
-946,2114,48992,4
-478,2115,49001,3
-2008,2116,49042,3
-1246,2117,49059,3
-1786,2118,49110,3
-2384,2119,49202,4
-653,2120,49219,3
-616,2121,49225,3
-395,2122,49230,3
-1861,2123,49298,3
-2275,2124,49354,3
-1743,2125,49406,3
-1787,2126,49443,3
-300,2127,49444,3
-349,2128,49447,3
-300,2129,49448,3
-300,2130,49449,3
-300,2131,49450,3
-447,2132,49457,3
-349,2133,49460,3
-788,2134,49483,3
-1163,2135,49518,3
-300,2136,49519,3
-1577,2137,49553,3
-2628,2138,49641,4
-1372,2139,49664,3
-1236,2140,49682,3
-300,2141,49683,3
-4645,2142,49810,3
-1618,2143,49831,3
-395,2144,49836,3
-300,2145,49837,3
-2761,2146,49896,3
-300,2147,49897,3
-1604,2148,49955,3
-300,2149,49956,3
-395,2150,49961,3
-478,2151,49970,3
-349,2152,49973,3
-526,2153,49978,3
-300,2154,49979,3
-1372,2155,50015,3
-300,2156,50016,3
-300,2157,50017,3
-300,2158,50018,3
-1830,2159,50048,3
-447,2160,50055,3
-4344,2161,50209,3
-349,2162,50212,3
-539,2163,50223,3
-2546,2164,50284,3
-1467,2165,50306,3
-1066,2166,50339,3
-947,2167,50377,3
-3949,2168,50473,3
-300,2169,50474,3
-1911,2170,50517,3
-2470,2171,50576,3
-300,2172,50577,3
-1397,2173,50624,3
-1575,2174,50669,3
-300,2175,50670,3
-729,2176,50680,3
-1880,2177,50732,3
-2751,2178,50816,3
-857,2179,50835,3
-619,2180,50850,3
-349,2181,50853,3
-1951,2182,50921,3
-300,2183,50922,3
-300,2184,50923,3
-263,2185,50944,4
-621,2186,50953,3
-300,2187,50954,3
-3618,2188,51032,3
-300,2189,51033,3
-838,2190,51044,3
-1129,2191,51068,3
-487,2192,51077,3
-1420,2193,51104,3
-1136,2194,51121,3
-2196,2195,51190,3
-1970,2196,51228,3
-870,2197,51253,3
-300,2198,51254,3
-746,2199,51267,3
-300,2200,51268,3
-300,2201,51269,3
-1059,2202,51306,3
-579,2203,51319,3
-1573,2204,51351,3
-1039,2205,51380,3
-1546,2206,51421,3
-3951,2207,51532,3
-349,2208,51535,3
-300,2209,51536,3
-719,2210,51553,3
-2098,2211,51624,3
-866,2212,51647,3
-3786,2213,51749,3
-300,2214,51750,3
-1434,2215,51806,4
-300,2216,51807,3
-300,2217,51808,3
-300,2218,51809,3
-773,2219,51832,3
-349,2220,51835,3
-2412,2221,51925,4
-3509,2222,52025,3
-1230,2223,52061,3
-349,2224,52064,3
-300,2225,52065,3
-474,2226,52106,4
-2148,2227,52148,3
-683,2228,52165,3
-791,2229,52188,3
-1905,2230,52228,3
-3056,2231,52302,3
-1071,2232,52344,3
-1885,2233,52376,3
-1433,2234,52417,3
-478,2235,52426,3
-533,2236,52437,3
-398,2237,52442,3
-1544,2238,52459,3
-1854,2239,52541,4
-10,2240,52565,4
-300,2241,52566,3
-300,2242,52567,3
-815,2243,52595,4
-300,2244,52596,3
-671,2245,52613,3
-1373,2246,52654,3
-813,2247,52669,3
-401,2248,52674,3
-300,2249,52675,3
-989,2250,52725,4
-300,2251,52726,3
-300,2252,52727,3
-900,2253,52760,3
-1269,2254,52824,4
-931,2255,52860,3
-1155,2256,52927,4
-2563,2257,52987,3
-300,2258,52988,3
-300,2259,52989,3
-1788,2260,53065,4
-300,2261,53066,3
-395,2262,53071,3
-300,2263,53072,3
-324,2264,53133,4
-2176,2265,53175,3
-518,2266,53186,3
-300,2267,53187,3
-1175,2268,53243,4
-1759,2269,53324,4
-1676,2270,53385,4
-1665,2271,53443,4
-300,2272,53444,3
-861,2273,53468,3
-300,2274,53469,3
491,2275,53498,5
-1473,2276,53562,4
-300,2277,53563,3
-1428,2278,53612,3
-300,2279,53613,3
-478,2280,53622,3
-300,2281,53623,3
-606,2282,53672,4
-300,2283,53673,3
-300,2284,53674,3
-300,2285,53675,3
-395,2286,53680,3
-719,2287,53693,3
-623,2288,53716,4
-300,2289,53717,3
-395,2290,53722,3
-628,2291,53737,3
-1670,2292,53768,3
-300,2293,53769,3
-2014,2294,53829,3
-1240,2295,53874,3
-916,2296,53901,3
-598,2297,53916,3
149,2298,53937,4
-1542,2299,53964,3
-300,2300,53965,3
-300,2301,53966,3
-496,2302,53975,3
-349,2303,53978,3
-1545,2304,54011,3
-753,2305,54020,3
-428,2306,54046,4
-1926,2307,54076,3
-1278,2308,54092,3
-4029,2309,54182,3
-300,2310,54183,3
-300,2311,54184,3
-572,2312,54191,3
-860,2313,54201,3
-395,2314,54206,3
-395,2315,54211,3
-300,2316,54212,3
-1649,2317,54244,3
-349,2318,54247,3
-615,2319,54256,3
-300,2320,54257,3
-613,2321,54272,3
-754,2322,54293,3
-349,2323,54296,3
-300,2324,54297,3
-681,2325,54316,3
-300,2326,54317,3
-2811,2327,54380,3
-1367,2328,54402,3
-300,2329,54403,3
-1831,2330,54429,3
-300,2331,54430,3
-2637,2332,54509,3
-616,2333,54515,3
-300,2334,54516,3
-521,2335,54527,3
-2841,2336,54602,3
-300,2337,54603,3
-1077,2338,54625,3
-300,2339,54626,3
-1340,2340,54657,3
-398,2341,54662,3
-300,2342,54663,3
-300,2343,54664,3
-902,2344,54684,3
-2179,2345,54747,3
-5395,2346,54910,4
-300,2347,54911,3
-300,2348,54912,3
-3226,2349,54980,3
-300,2350,54981,3
-349,2351,54984,3
-860,2352,55035,4
-300,2353,55036,3
-1670,2354,55080,3
-300,2355,55081,3
-300,2356,55082,3
-884,2357,55095,3
-647,2358,55127,4
-769,2359,55139,3
-1029,2360,55182,4
-3997,2361,55274,3
-401,2362,55279,3
-300,2363,55280,3
-1209,2364,55298,3
-1473,2365,55337,3
-3036,2366,55433,3
-2262,2367,55509,3
-1861,2368,55544,3
-1118,2369,55569,3
-300,2370,55570,3
-1573,2371,55599,3
-723,2372,55609,3
-572,2373,55616,3
-441,2374,55623,3
-1881,2375,55653,3
-3217,2376,55731,3
-1332,2377,55755,3
-438,2378,55762,3
-2894,2379,55822,3
-713,2380,55839,3
-300,2381,55840,3
-1533,2382,55879,3
-613,2383,55918,4
-4969,2384,56034,3
-1346,2385,56056,3
-300,2386,56057,3
-579,2387,56070,3
-300,2388,56071,3
-349,2389,56074,3
-2348,2390,56124,3
-300,2391,56125,3
-867,2392,56146,3
-960,2393,56168,3
-2593,2394,56239,3
-300,2395,56240,3
-349,2396,56243,3
-349,2397,56246,3
-296,2398,56272,4
-2445,2399,56403,4
-348,2400,56444,4
-582,2401,56457,3
-300,2402,56458,3
-3334,2403,56562,3
-579,2404,56575,3
-300,2405,56576,3
-349,2406,56579,3
-349,2407,56582,3
-349,2408,56585,3
-1145,2409,56626,3
-300,2410,56627,3
-584,2411,56634,3
-395,2412,56639,3
-957,2413,56660,3
-976,2414,56678,3
-1570,2415,56701,3
-2080,2416,56733,3
-2875,2417,56838,3
-1015,2418,56871,3
-349,2419,56874,3
-300,2420,56875,3
-1258,2421,56940,4
-496,2422,56949,3
-809,2423,56972,3
-300,2424,56973,3
-837,2425,57016,4
-3029,2426,57117,3
-395,2427,57122,3
-395,2428,57127,3
-737,2429,57150,3
-1545,2430,57195,3
-3499,2431,57285,3
-300,2432,57286,3
-300,2433,57287,3
-744,2434,57306,3
-300,2435,57307,3
-300,2436,57308,3
-2163,2437,57353,3
-300,2438,57354,3
-1022,2439,57383,3
-300,2440,57384,3
-1394,2441,57404,3
-767,2442,57444,5
-980,2443,57507,4
-2013,2444,57536,3
-395,2445,57541,3
-788,2446,57569,3
-300,2447,57570,3
-300,2448,57571,3
-385,2449,57598,4
-496,2450,57607,3
-1513,2451,57631,3
-3160,2452,57702,3
-794,2453,57725,3
-300,2454,57726,3
-300,2455,57727,3
-300,2456,57728,3
-300,2457,57729,3
-300,2458,57730,3
-349,2459,57733,3
-744,2460,57760,3
-677,2461,57768,3
-1677,2462,57813,3
-1638,2463,57858,3
-300,2464,57859,3
-659,2465,57876,3
-1190,2466,57949,4
-1067,2467,57965,3
-5454,2468,58124,4
-2069,2469,58177,3
-1184,2470,58209,3
-300,2471,58210,3
-1356,2472,58240,3
-300,2473,58241,3
-625,2474,58292,4
-1005,2475,58319,3
-300,2476,58320,3
-686,2477,58352,4
-300,2478,58353,3
-300,2479,58354,3
-1723,2480,58402,3
-2328,2481,58453,3
-300,2482,58454,3
-300,2483,58455,3
-300,2484,58456,3
-300,2485,58457,3
-1160,2486,58489,3
-747,2487,58504,3
-1062,2488,58525,3
-3300,2489,58601,3
-484,2490,58610,3
-300,2491,58611,3
-300,2492,58612,3
-73,2493,58628,4
-300,2494,58629,3
-438,2495,58636,3
-349,2496,58639,3
-2221,2497,58689,3
-927,2498,58701,3
-814,2499,58721,3
-1646,2500,58778,4
-496,2501,58787,3
-2591,2502,58854,3
-395,2503,58859,3
-444,2504,58874,3
-1546,2505,58894,3
-349,2506,58897,3
-1264,2507,58935,3
-741,2508,58945,3
-1699,2509,58971,3
-2324,2510,59017,3
-2663,2511,59084,3
-996,2512,59114,3
-349,2513,59117,3
-1234,2514,59134,3
-300,2515,59135,3
-989,2516,59169,3
-1045,2517,59198,3
-2166,2518,59286,3
-768,2519,59295,3
-300,2520,59296,3
-646,2521,59366,5
-395,2522,59371,3
-1762,2523,59419,3
-914,2524,59448,3
-2046,2525,59520,3
-300,2526,59521,3
-1670,2527,59573,3
-2192,2528,59606,3
-395,2529,59611,3
-300,2530,59612,3
-1056,2531,59639,3
-1629,2532,59666,3
-1331,2533,59685,3
-300,2534,59686,3
-2068,2535,59754,3
-1819,2536,59780,3
-670,2537,59791,3
-584,2538,59798,3
-398,2539,59803,3
-300,2540,59804,3
-1485,2541,59826,3
-300,2542,59827,3
-300,2543,59828,3
-2109,2544,59882,3
-1814,2545,59923,3
-484,2546,59953,4
-2006,2547,59978,3
-300,2548,59979,3
-924,2549,59994,3
-679,2550,60008,3
-398,2551,60013,3
-1920,2552,60056,3
-300,2553,60057,3
-2265,2554,60105,3
-2127,2555,60181,4
-714,2556,60200,3
-300,2557,60201,3
-1662,2558,60246,3
-300,2559,60247,3
-300,2560,60248,3
-300,2561,60249,3
-395,2562,60254,3
-300,2563,60255,3
-1107,2564,60285,3
-349,2565,60288,3
-896,2566,60326,4
-526,2567,60331,3
-300,2568,60332,3
-300,2569,60333,3
-349,2570,60336,3
-300,2571,60337,3
-300,2572,60338,3
-1136,2573,60369,3
-563,2574,60380,3
-300,2575,60381,3
-3760,2576,60465,3
-349,2577,60468,3
-447,2578,60475,3
-300,2579,60476,3
-300,2580,60477,3
-300,2581,60478,3
-709,2582,60489,3
-349,2583,60492,3
-873,2584,60508,3
-2675,2585,60551,3
-300,2586,60552,3
-1344,2587,60591,3
-300,2588,60592,3
-300,2589,60593,3
-689,2590,60610,3
-395,2591,60615,3
-1262,2592,60686,4
-300,2593,60687,3
-300,2594,60688,3
-300,2595,60689,3
-1343,2596,60727,3
-349,2597,60730,3
-300,2598,60731,3
-300,2599,60732,3
-748,2600,60753,3
-349,2601,60756,3
-1570,2602,60794,3
-654,2603,60822,3
-818,2604,60836,3
-616,2605,60842,3
-2207,2606,60935,4
-1848,2607,60968,3
-2297,2608,61020,3
-1465,2609,61064,3
-300,2610,61065,3
-1317,2611,61090,3
-845,2612,61100,3
-2202,2613,61127,3
-1417,2614,61160,3
-1134,2615,61191,3
-2031,2616,61251,3
-4663,2617,61407,3
-395,2618,61412,3
-401,2619,61417,3
-349,2620,61420,3
-300,2621,61421,3
-982,2622,61453,3
-438,2623,61460,3
-1791,2624,61496,3
-1001,2625,61532,4
-1422,2626,61562,3
-300,2627,61563,3
-3432,2628,61656,3
-300,2629,61657,3
-448,2630,61704,4
-800,2631,61727,3
-893,2632,61740,3
-957,2633,61755,3
-726,2634,61826,5
-401,2635,61831,3
-3252,2636,61933,3
-300,2637,61934,3
-349,2638,61937,3
-300,2639,61938,3
-1825,2640,61964,3
-300,2641,61965,3
-444,2642,61972,3
-300,2643,61973,3
-300,2644,61974,3
-300,2645,61975,3
-1556,2646,62003,3
-401,2647,62008,3
-900,2648,62033,3
-860,2649,62046,3
-398,2650,62051,3
-300,2651,62052,3
-300,2652,62053,3
-349,2653,62056,3
-401,2654,62061,3
-300,2655,62062,3
-401,2656,62067,3
-643,2657,62087,3
-300,2658,62088,3
-2412,2659,62166,3
-730,2660,62187,3
-484,2661,62196,3
-1980,2662,62250,3
-300,2663,62251,3
-1363,2664,62283,3
-1012,2665,62307,3
-300,2666,62308,3
532,2667,62326,5
-300,2668,62327,3
-1452,2669,62358,3
-300,2670,62359,3
-1415,2671,62497,5
-300,2672,62498,3
-349,2673,62501,3
-300,2674,62502,3
-1953,2675,62532,3
-977,2676,62557,3
-300,2677,62558,3
-780,2678,62573,3
-300,2679,62574,3
-1772,2680,62615,3
-493,2681,62632,3
-1914,2682,62669,3
-625,2683,62684,3
-1250,2684,62716,3
-735,2685,62731,3
-395,2686,62736,3
-1909,2687,62795,3
100,2688,62833,4
-300,2689,62834,3
-1326,2690,62859,3
-1787,2691,62893,3
-972,2692,62914,3
-1940,2693,62945,3
-438,2694,62952,3
-1731,2695,62980,3
-300,2696,62981,3
-858,2697,62997,3
-300,2698,62998,3
-601,2699,63013,3
-613,2700,63028,3
-584,2701,63035,3
-151,2702,63056,4
-527,2703,63067,3
-300,2704,63068,3
-300,2705,63069,3
-1130,2706,63082,3
-818,2707,63105,3
-572,2708,63112,3
-395,2709,63117,3
-1684,2710,63176,3
-300,2711,63177,3
-300,2712,63178,3
-875,2713,63191,3
-879,2714,63206,3
-300,2715,63207,3
-349,2716,63210,3
-300,2717,63211,3
-1246,2718,63231,3
-1282,2719,63286,4
-401,2720,63291,3
-953,2721,63316,3
-547,2722,63370,4
-691,2723,63381,3
-1999,2724,63414,3
-300,2725,63415,3
-300,2726,63416,3
-300,2727,63417,3
-395,2728,63422,3
-1399,2729,63448,3
-763,2730,63469,3
-1513,2731,63511,3
-1818,2732,63602,4
-1187,2733,63618,3
-300,2734,63619,3
-3731,2735,63725,3
-300,2736,63726,3
-2907,2737,63786,3
-1607,2738,63832,3
-635,2739,63849,3
-349,2740,63852,3
-591,2741,63865,3
-1095,2742,63883,3
-2339,2743,63941,3
-300,2744,63942,3
-300,2745,63943,3
-662,2746,63951,3
-616,2747,63957,3
-1777,2748,63996,3
-300,2749,63997,3
-584,2750,64004,3
-814,2751,64025,3
-4004,2752,64125,3
-3521,2753,64208,3
-949,2754,64235,3
-2908,2755,64324,3
-300,2756,64325,3
-976,2757,64339,3
-2274,2758,64382,3
-349,2759,64385,3
-1485,2760,64415,3
-1030,2761,64447,3
-300,2762,64448,3
-395,2763,64453,3
-441,2764,64460,3
-581,2765,64467,3
-300,2766,64468,3
-494,2767,64488,3
-300,2768,64489,3
-1163,2769,64534,4
-1071,2770,64561,3
-300,2771,64562,3
-2055,2772,64590,3
-300,2773,64591,3
-300,2774,64592,3
-349,2775,64595,3
-1076,2776,64614,3
-2372,2777,64682,3
-584,2778,64689,3
-300,2779,64690,3
-300,2780,64691,3
-2082,2781,64734,3
-300,2782,64735,3
-730,2783,64756,3
-300,2784,64757,3
-847,2785,64774,3
-4547,2786,64931,4
-662,2787,64939,3
-704,2788,64952,3
-1627,2789,64987,3
-395,2790,64992,3
-2471,2791,65056,3
-521,2792,65067,3
-676,2793,65078,3
-1958,2794,65107,3
-1729,2795,65151,3
-645,2796,65160,3
-300,2797,65161,3
-300,2798,65162,3
-526,2799,65167,3
-832,2800,65219,4
-300,2801,65220,3
-965,2802,65249,3
-1638,2803,65316,4
-300,2804,65317,3
-300,2805,65318,3
-2514,2806,65361,3
-300,2807,65362,3
-349,2808,65365,3
-705,2809,65384,3
-300,2810,65385,3
-300,2811,65386,3
-349,2812,65389,3
-300,2813,65390,3
-487,2814,65399,3
-349,2815,65402,3
-300,2816,65403,3
-300,2817,65404,3
-300,2818,65405,3
-2018,2819,65464,3
-395,2820,65469,3
-429,2821,65506,4
-300,2822,65507,3
-300,2823,65508,3
337,2824,65550,5
-829,2825,65567,3
-349,2826,65570,3
-6118,2827,65819,4
-349,2828,65822,3
-401,2829,65827,3
-1317,2830,65867,3
-300,2831,65868,3
-349,2832,65871,3
-300,2833,65872,3
-2528,2834,65954,3
-1541,2835,66004,3
-1467,2836,66043,3
-4055,2837,66153,3
-1313,2838,66200,3
-300,2839,66201,3
-349,2840,66204,3
-1697,2841,66244,3
-300,2842,66245,3
-349,2843,66248,3
-539,2844,66259,3
-1536,2845,66317,4
-2394,2846,66377,3
-300,2847,66378,3
-300,2848,66379,3
-300,2849,66380,3
-1050,2850,66407,3
-1023,2851,66428,3
142,2852,66478,5
-349,2853,66481,3
-300,2854,66482,3
-1266,2855,66498,3
-349,2856,66501,3
-2710,2857,66590,3
-300,2858,66591,3
-300,2859,66592,3
-947,2860,66611,3
-742,2861,66644,4
-300,2862,66645,3
-300,2863,66646,3
-615,2864,66655,3
-300,2865,66656,3
-300,2866,66657,3
-300,2867,66658,3
-3027,2868,66776,4
-300,2869,66777,3
-300,2870,66778,3
-349,2871,66781,3
-349,2872,66784,3
-349,2873,66787,3
-300,2874,66788,3
-1100,2875,66829,3
-1961,2876,66901,4
-349,2877,66904,3
-1428,2878,66962,4
-300,2879,66963,3
-1288,2880,67004,4
-1135,2881,67045,3
-683,2882,67062,3
-300,2883,67063,3
-300,2884,67064,3
-930,2885,67085,3
-300,2886,67086,3
-300,2887,67087,3
-1967,2888,67133,3
-3316,2889,67186,3
-300,2890,67187,3
-1458,2891,67242,3
-1415,2892,67277,3
-806,2893,67322,4
-2011,2894,67375,3
-300,2895,67376,3
-1107,2896,67403,3
-707,2897,67420,3
-300,2898,67421,3
-4236,2899,67535,3
-300,2900,67536,3
-1063,2901,67568,3
-300,2902,67569,3
-444,2903,67576,3
-1950,2904,67643,3
-2414,2905,67708,3
-1693,2906,67737,3
-300,2907,67738,3
-300,2908,67739,3
-300,2909,67740,3
-317,2910,67783,4
-2050,2911,67821,3
-1501,2912,67877,3
-300,2913,67878,3
-300,2914,67879,3
-300,2915,67880,3
-819,2916,67905,3
-56,2917,67949,4
-1503,2918,67994,3
-2470,2919,68059,3
-927,2920,68071,3
-447,2921,68078,3
-300,2922,68079,3
-300,2923,68080,3
-526,2924,68085,3
-438,2925,68092,3
-300,2926,68093,3
-4309,2927,68221,3
-891,2928,68237,3
-300,2929,68238,3
-1549,2930,68279,3
-349,2931,68282,3
-3229,2932,68363,3
-2935,2933,68452,3
-2539,2934,68520,3
-1220,2935,68552,3
-401,2936,68557,3
-1941,2937,68590,3
-1686,2938,68651,3
-300,2939,68652,3
-1332,2940,68680,3
-1693,2941,68712,3
-622,2942,68727,3
-573,2943,68740,3
-1549,2944,68788,3
-1896,2945,68837,3
-300,2946,68838,3
-707,2947,68845,3
-349,2948,68848,3
-300,2949,68849,3
-572,2950,68856,3
-300,2951,68857,3
-1992,2952,68961,4
-300,2953,68962,3
-300,2954,68963,3
-401,2955,68968,3
-349,2956,68971,3
-1157,2957,68984,3
-1364,2958,69025,3
-395,2959,69030,3
-1197,2960,69054,3
-300,2961,69055,3
-2380,2962,69105,3
-300,2963,69106,3
-478,2964,69115,3
-300,2965,69116,3
-300,2966,69117,3
-300,2967,69118,3
-300,2968,69119,3
-1759,2969,69178,3
-300,2970,69179,3
-2211,2971,69254,3
-1924,2972,69341,4
-300,2973,69342,3
-1542,2974,69382,3
-737,2975,69395,3
-300,2976,69396,3
-2697,2977,69442,3
-1351,2978,69462,3
-2044,2979,69503,3
-4012,2980,69614,3
-2080,2981,69655,3
-1756,2982,69736,4
-995,2983,69765,3
-478,2984,69774,3
-300,2985,69775,3
-3026,2986,69860,4
-300,2987,69861,3
-478,2988,69870,3
-441,2989,69877,3
-689,2990,69894,3
-799,2991,69906,3
-2782,2992,69966,3
-585,2993,69979,3
-1123,2994,69993,3
-300,2995,69994,3
-1599,2996,70021,3
-2214,2997,70051,3
-533,2998,70062,3
-2948,2999,70159,3
-526,3000,70164,3
-714,3001,70174,3
-300,3002,70175,3
-2502,3003,70229,3
-1115,3004,70245,3
-651,3005,70302,4
-949,3006,70320,3
-3180,3007,70423,3
-300,3008,70424,3
-928,3009,70451,3
-798,3010,70476,3
-349,3011,70479,3
-300,3012,70480,3
-300,3013,70481,3
-401,3014,70486,3
-1842,3015,70551,4
-1003,3016,70584,3
-300,3017,70585,3
-954,3018,70648,4
-1068,3019,70679,3
-349,3020,70682,3
-2516,3021,70746,3
-659,3022,70763,3
-747,3023,70778,3
-300,3024,70779,3
-300,3025,70780,3
-300,3026,70781,3
-300,3027,70782,3
-572,3028,70789,3
-300,3029,70790,3
-1696,3030,70811,3
-2139,3031,70892,4
-300,3032,70893,3
-1983,3033,70930,3
-1937,3034,70964,3
-300,3035,70965,3
-1575,3036,71028,3
-1791,3037,71079,3
-300,3038,71080,3
-716,3039,71093,3
-915,3040,71108,3
-300,3041,71109,3
-2417,3042,71164,3
-729,3043,71183,3
-1494,3044,71204,3
-300,3045,71205,3
-3167,3046,71285,3
-1442,3047,71304,3
-1270,3048,71325,3
-1276,3049,71370,3
-300,3050,71371,3
-300,3051,71372,3
-1373,3052,71409,3
-300,3053,71410,3
-300,3054,71411,3
-349,3055,71414,3
-2896,3056,71469,3
-300,3057,71470,3
-676,3058,71485,3
-2415,3059,71557,3
-784,3060,71569,3
-502,3061,71578,3
-1347,3062,71627,3
-395,3063,71632,3
-526,3064,71637,3
-2914,3065,71708,3
-734,3066,71721,3
-671,3067,71738,3
-300,3068,71739,3
-300,3069,71740,3
-2038,3070,71815,3
-3034,3071,71899,3
-2009,3072,71945,3
-2383,3073,72028,3
-604,3074,72043,3
-1014,3075,72056,3
-1265,3076,72088,3
-300,3077,72089,3
-300,3078,72090,3
-395,3079,72095,3
-3403,3080,72181,3
-1966,3081,72216,3
-573,3082,72229,3
-395,3083,72234,3
-300,3084,72235,3
-300,3085,72236,3
-847,3086,72257,3
-1236,3087,72321,4
-750,3088,72340,3
-1729,3089,72359,3
-438,3090,72366,3
-1223,3091,72397,3
-300,3092,72398,3
-1127,3093,72433,3
-300,3094,72434,3
-300,3095,72435,3
-1840,3096,72500,3
-300,3097,72501,3
-2914,3098,72562,3
-349,3099,72565,3
-633,3100,72574,3
-349,3101,72577,3
-2329,3102,72649,3
-300,3103,72650,3
-496,3104,72659,3
-698,3105,72676,3
-2226,3106,72724,3
-487,3107,72733,3
-300,3108,72734,3
-1842,3109,72782,3
-3061,3110,72857,3
-1700,3111,72885,3
-1160,3112,72910,3
-2020,3113,72964,3
-984,3114,72986,3
-627,3115,72995,3
-1710,3116,73031,3
-756,3117,73050,3
-870,3118,73075,3
-401,3119,73080,3
-395,3120,73085,3
-1419,3121,73125,3
-1737,3122,73161,3
-513,3123,73228,5
-2556,3124,73306,4
-300,3125,73307,3
-826,3126,73318,3
-723,3127,73337,3
-2239,3128,73393,3
-1456,3129,73451,4
-401,3130,73456,3
-89,3131,73491,4
-438,3132,73498,3
-300,3133,73499,3
-300,3134,73500,3
-1576,3135,73542,3
-1562,3136,73586,3
-300,3137,73587,3
-300,3138,73588,3
-300,3139,73589,3
-581,3140,73596,3
-300,3141,73597,3
-204,3142,73613,4
-300,3143,73614,3
-2405,3144,73756,4
-2624,3145,73802,3
-300,3146,73803,3
-2127,3147,73922,4
-1465,3148,73948,3
-561,3149,73967,4
-2528,3150,74062,3
-613,3151,74085,3
-2499,3152,74137,3
-604,3153,74152,3
-670,3154,74163,3
-3198,3155,74298,4
-748,3156,74310,3
-1745,3157,74332,3
-675,3158,74351,3
-300,3159,74352,3
-2204,3160,74401,3
-1290,3161,74444,3
-940,3162,74467,3
-555,3163,74546,5
-1011,3164,74577,3
-300,3165,74578,3
-2506,3166,74665,4
-349,3167,74668,3
-300,3168,74669,3
-597,3169,74682,3
-1236,3170,74727,4
-1085,3171,74758,3
-3341,3172,74846,3
-300,3173,74847,3
-1340,3174,74878,3
-300,3175,74879,3
-2807,3176,74937,3
-1732,3177,74966,3
-1542,3178,75026,3
-1854,3179,75074,3
-300,3180,75075,3
259,3181,75092,4
62,3182,75109,4
-478,3183,75118,3
-866,3184,75141,3
-300,3185,75142,3
-395,3186,75147,3
-300,3187,75148,3
-300,3188,75149,3
-1567,3189,75203,4
-349,3190,75206,3
-1295,3191,75234,3
-349,3192,75237,3
-300,3193,75238,3
-349,3194,75241,3
-1397,3195,75309,4
-655,3196,75320,3
279,3197,75343,4
-1703,3198,75374,3
-2547,3199,75464,3
-1292,3200,75492,3
-729,3201,75511,3
-1294,3202,75541,3
-1243,3203,75577,3
-548,3204,75629,4
-300,3205,75630,3
-1877,3206,75667,3
-1313,3207,75714,3
-300,3208,75715,3
-3603,3209,75802,3
-404,3210,75845,4
-300,3211,75846,3
-2265,3212,75922,3
-502,3213,75931,3
-1981,3214,75963,3
-300,3215,75964,3
-5142,3216,76147,4
-644,3217,76164,3
-438,3218,76171,3
-680,3219,76187,3
-2514,3220,76277,3
-1254,3221,76320,3
-401,3222,76325,3
-977,3223,76363,3
-300,3224,76364,3
-2559,3225,76432,4
-3672,3226,76552,3
-300,3227,76553,3
-1336,3228,76573,3
-2419,3229,76656,3
-1135,3230,76695,3
-300,3231,76696,3
-300,3232,76697,3
-1668,3233,76733,3
-6164,3234,76954,4
-732,3235,76969,3
-395,3236,76974,3
-300,3237,76975,3
-300,3238,76976,3
-526,3239,76981,3
-300,3240,76982,3
-2287,3241,77029,3
-300,3242,77030,3
-2065,3243,77105,3
-1636,3244,77134,3
-1614,3245,77189,3
-300,3246,77190,3
-1156,3247,77220,3
-3197,3248,77323,4
-300,3249,77324,3
-1959,3250,77366,3
-2075,3251,77410,3
-1542,3252,77497,4
-300,3253,77498,3
-447,3254,77505,3
-300,3255,77506,3
-1019,3256,77525,3
-1877,3257,77584,3
-1902,3258,77636,3
-722,3259,77649,3
-1779,3260,77724,4
-1889,3261,77764,3
-300,3262,77765,3
-616,3263,77771,3
-2399,3264,77817,3
-989,3265,77836,3
-300,3266,77837,3
-1636,3267,77869,3
-300,3268,77870,3
-2720,3269,77953,3
-655,3270,77964,3
-456,3271,77971,3
-300,3272,77972,3
-300,3273,77973,3
-300,3274,77974,3
-855,3275,77999,3
-3739,3276,78145,3
-716,3277,78168,4
-300,3278,78169,3
-91,3279,78190,4
-300,3280,78191,3
-679,3281,78202,3
-349,3282,78205,3
-1304,3283,78292,4
-300,3284,78293,3
-1788,3285,78332,3
-1797,3286,78368,3
-4511,3287,78501,3
-1029,3288,78532,3
-633,3289,78541,3
-300,3290,78542,3
-1520,3291,78595,3
-2406,3292,78686,3
-2373,3293,78737,3
-1775,3294,78792,3
-689,3295,78809,3
-1861,3296,78866,3
-300,3297,78867,3
-2184,3298,78894,3
-2658,3299,78970,3
-1721,3300,79020,3
-2712,3301,79086,3
-300,3302,79087,3
-300,3303,79088,3
-349,3304,79091,3
-894,3305,79112,3
-2111,3306,79156,3
-300,3307,79157,3
-490,3308,79166,3
-395,3309,79171,3
-300,3310,79172,3
-1270,3311,79193,3
-300,3312,79194,3
-853,3313,79215,3
-686,3314,79244,4
-300,3315,79245,3
-1394,3316,79292,3
-616,3317,79298,3
-3937,3318,79431,4
-2166,3319,79519,3
-490,3320,79528,3
-349,3321,79531,3
-401,3322,79536,3
-630,3323,79545,3
-2162,3324,79580,3
-300,3325,79581,3
-634,3326,79596,3
-1044,3327,79623,3
-300,3328,79624,3
-300,3329,79625,3
-2217,3330,79733,4
-300,3331,79734,3
-300,3332,79735,3
-2222,3333,79812,3
394,3334,79845,5
-619,3335,79868,3
-1852,3336,79921,3
-300,3337,79922,3
-300,3338,79923,3
-1726,3339,79958,3
-349,3340,79961,3
-3638,3341,80076,3
-728,3342,80093,3
-811,3343,80114,3
-300,3344,80115,3
-682,3345,80126,3
-2015,3346,80199,3
-597,3347,80212,3
-4372,3348,80325,3
-300,3349,80326,3
-3489,3350,80453,4
-1651,3351,80485,3
-398,3352,80490,3
-1305,3353,80551,4
-2742,3354,80614,3
-2282,3355,80696,3
-3748,3356,80810,4
-1568,3357,80850,3
-1493,3358,80878,3
-2057,3359,80960,4
-383,3360,80992,4
-769,3361,81004,3
-300,3362,81005,3
-1279,3363,81025,3
-300,3364,81026,3
-2858,3365,81139,4
-1173,3366,81158,3
-1570,3367,81199,4
-349,3368,81202,3
-2149,3369,81258,3
-300,3370,81259,3
-1328,3371,81290,3
-2646,3372,81342,3
-1756,3373,81411,3
-170,3374,81476,5
-300,3375,81477,3
-936,3376,81508,3
-300,3377,81509,3
-349,3378,81512,3
-300,3379,81513,3
-1654,3380,81563,3
-1696,3381,81598,3
-3609,3382,81677,3
-300,3383,81678,3
-3767,3384,81781,3
-2994,3385,81859,3
-300,3386,81860,3
-807,3387,81875,3
-300,3388,81876,3
-3300,3389,81952,3
-300,3390,81953,3
-2540,3391,82044,3
-300,3392,82045,3
-300,3393,82046,3
-2109,3394,82116,3
-438,3395,82123,3
-2861,3396,82187,3
-300,3397,82188,3
-1376,3398,82226,3
-300,3399,82227,3
-300,3400,82228,3
-628,3401,82248,3
-616,3402,82254,3
-1555,3403,82296,3
-300,3404,82297,3
-1168,3405,82342,4
-2167,3406,82410,3
-539,3407,82421,3
-300,3408,82422,3
-1590,3409,82450,3
-300,3410,82451,3
-300,3411,82452,3
-300,3412,82453,3
-1121,3413,82470,3
-300,3414,82471,3
-300,3415,82472,3
-300,3416,82473,3
-1095,3417,82527,4
-572,3418,82534,3
-2046,3419,82603,3
-702,3420,82622,3
-2214,3421,82692,3
-1487,3422,82720,3
-300,3423,82721,3
-395,3424,82726,3
-300,3425,82727,3
-1924,3426,82781,3
-300,3427,82782,3
-300,3428,82783,3
-760,3429,82828,4
-444,3430,82835,3
-349,3431,82838,3
-856,3432,82855,3
-1352,3433,82908,3
-1178,3434,82924,3
-539,3435,82935,3
-1768,3436,82970,3
-438,3437,82977,3
-4522,3438,83093,3
-1536,3439,83114,3
-2518,3440,83198,4
-3510,3441,83276,3
-300,3442,83277,3
-572,3443,83284,3
-1522,3444,83358,4
-1225,3445,83388,3
-321,3446,83403,4
-300,3447,83404,3
-1469,3448,83448,3
-1197,3449,83475,3
-1858,3450,83544,3
-1038,3451,83571,3
-2044,3452,83609,3
-300,3453,83610,3
-2474,3454,83657,3
-2337,3455,83706,3
-2000,3456,83740,3
-1326,3457,83783,3
-300,3458,83784,3
-456,3459,83791,3
-2696,3460,83844,3
-789,3461,83893,4
-975,3462,83914,3
-2412,3463,83953,3
-2098,3464,83992,3
-478,3465,84001,3
-1558,3466,84030,3
-300,3467,84031,3
-300,3468,84032,3
-1735,3469,84093,4
-300,3470,84094,3
-349,3471,84097,3
-2,3472,84126,4
-300,3473,84127,3
-300,3474,84128,3
-438,3475,84135,3
-399,3476,84181,4
-2110,3477,84231,3
-300,3478,84232,3
-300,3479,84233,3
-1082,3480,84259,3
-300,3481,84260,3
-1003,3482,84287,3
-899,3483,84316,3
-1639,3484,84348,3
-395,3485,84353,3
-300,3486,84354,3
-89,3487,84370,4
-300,3488,84371,3
-395,3489,84376,3
-662,3490,84384,3
-2158,3491,84434,3
-1235,3492,84471,3
-1088,3493,84496,3
-740,3494,84517,4
-1253,3495,84563,3
-2310,3496,84661,4
-349,3497,84664,3
-588,3498,84677,3
-300,3499,84678,3
-935,3500,84712,3
-300,3501,84713,3
-829,3502,84778,4
-1195,3503,84807,3
-1727,3504,84893,4
-300,3505,84894,3
-300,3506,84895,3
-487,3507,84904,3
-300,3508,84905,3
-1116,3509,84932,3
-300,3510,84933,3
-914,3511,84962,3
-1078,3512,84991,3
-2258,3513,85024,3
-1768,3514,85062,3
-300,3515,85063,3
-1496,3516,85088,3
-576,3517,85101,3
-662,3518,85118,3
-186,3519,85141,4
-300,3520,85142,3
-300,3521,85143,3
-2551,3522,85196,3
-300,3523,85197,3
-687,3524,85216,3
-300,3525,85217,3
-2003,3526,85245,3
-300,3527,85246,3
-349,3528,85249,3
-300,3529,85250,3
-300,3530,85251,3
-1173,3531,85303,3
-1298,3532,85335,3
-300,3533,85336,3
-401,3534,85341,3
-888,3535,85357,3
-739,3536,85378,3
-300,3537,85379,3
-2015,3538,85446,3
-395,3539,85451,3
-1181,3540,85486,3
-349,3541,85489,3
-1138,3542,85519,3
-1424,3543,85539,3
-1627,3544,85569,3
-2185,3545,85668,4
-1186,3546,85703,3
-2101,3547,85745,3
-1496,3548,85782,3
-300,3549,85783,3
-300,3550,85784,3
-591,3551,85827,4
-300,3552,85828,3
-300,3553,85829,3
-5729,3554,86001,3
-478,3555,86010,3
-2903,3556,86077,3
-1851,3557,86120,3
-1757,3558,86144,3
-1773,3559,86222,4
-300,3560,86223,3
-2338,3561,86258,3
-438,3562,86265,3
-300,3563,86266,3
-554,3564,86277,3
-300,3565,86278,3
-838,3566,86295,3
-276,3567,86314,4
-300,3568,86315,3
-300,3569,86316,3
-526,3570,86321,3
-2040,3571,86369,3
-349,3572,86372,3
-607,3573,86387,3
-300,3574,86388,3
-977,3575,86417,3
-349,3576,86420,3
-1108,3577,86440,3
-349,3578,86443,3
-349,3579,86446,3
-441,3580,86453,3
-2514,3581,86510,3
-300,3582,86511,3
-1417,3583,86534,3
-843,3584,86559,3
-398,3585,86564,3
-1507,3586,86588,3
-2421,3587,86672,4
-444,3588,86679,3
-401,3589,86684,3
-1017,3590,86706,3
-625,3591,86721,3
-763,3592,86742,3
-1383,3593,86775,3
-655,3594,86824,4
-650,3595,86841,3
-3658,3596,86954,3
-526,3597,86959,3
-300,3598,86960,3
-300,3599,86961,3
-1612,3600,87008,3
-2289,3601,87054,3
-2243,3602,87100,3
-395,3603,87105,3
-1297,3604,87141,3
-674,3605,87149,3
-889,3606,87190,4
-300,3607,87191,3
-3669,3608,87256,3
-1929,3609,87313,3
-1457,3610,87351,3
-1530,3611,87400,3
-300,3612,87401,3
-2679,3613,87461,3
-300,3614,87462,3
-349,3615,87465,3
-1708,3616,87503,3
-4090,3617,87618,4
-1622,3618,87667,3
-401,3619,87672,3
-1532,3620,87709,3
-444,3621,87716,3
-1661,3622,87780,4
-300,3623,87781,3
-1496,3624,87806,3
-447,3625,87813,3
-300,3626,87814,3
-300,3627,87815,3
-300,3628,87816,3
-349,3629,87819,3
-300,3630,87820,3
-1438,3631,87843,3
-995,3632,87872,3
-1664,3633,87922,3
-2768,3634,88010,4
-300,3635,88011,3
-300,3636,88012,3
-300,3637,88013,3
-888,3638,88029,3
-395,3639,88034,3
-619,3640,88049,3
-300,3641,88050,3
-300,3642,88051,3
590,3643,88071,5
-616,3644,88117,4
-1385,3645,88151,3
-2220,3646,88209,3
-300,3647,88210,3
-300,3648,88211,3
-2542,3649,88254,3
-1329,3650,88312,4
-3266,3651,88397,3
-526,3652,88402,3
-1349,3653,88424,3
-300,3654,88425,3
-1072,3655,88454,3
-1437,3656,88499,3
-300,3657,88500,3
-490,3658,88509,3
-2054,3659,88552,3
-737,3660,88565,3
-1393,3661,88600,3
-1612,3662,88624,3
-641,3663,88655,4
-349,3664,88658,3
-300,3665,88659,3
-549,3666,88672,3
-300,3667,88673,3
-831,3668,88698,3
-1063,3669,88727,3
-1214,3670,88767,3
-300,3671,88768,3
-387,3672,88815,5
-1359,3673,88857,3
-2069,3674,88930,3
-300,3675,88931,3
-300,3676,88932,3
-1394,3677,88970,3
-2513,3678,89058,3
-1080,3679,89085,3
-300,3680,89086,3
-623,3681,89116,4
-300,3682,89117,3
-300,3683,89118,3
-3328,3684,89231,3
-300,3685,89232,3
-2138,3686,89291,4
-2542,3687,89351,3
-533,3688,89362,3
-1512,3689,89383,3
-300,3690,89384,3
-526,3691,89389,3
-1273,3692,89433,3
-2723,3693,89530,3
-1233,3694,89572,3
-1199,3695,89603,3
-2790,3696,89666,3
-2183,3697,89715,3
-1345,3698,89733,3
-2345,3699,89800,3
-936,3700,89821,3
-300,3701,89822,3
-1606,3702,89863,3
-300,3703,89864,3
-881,3704,89911,4
-1373,3705,89949,3
-300,3706,89950,3
-1976,3707,89997,3
-2180,3708,90032,3
-2349,3709,90102,3
-300,3710,90103,3
-2699,3711,90161,3
-1708,3712,90187,3
-300,3713,90188,3
-1376,3714,90231,3
-2237,3715,90281,3
-2812,3716,90376,4
-395,3717,90381,3
-572,3718,90388,3
-300,3719,90389,3
-300,3720,90390,3
-2274,3721,90433,3
-300,3722,90434,3
-300,3723,90435,3
-731,3724,90490,4
-447,3725,90497,3
-2033,3726,90535,3
-438,3727,90542,3
-1589,3728,90609,3
-3048,3729,90682,3
-300,3730,90683,3
-948,3731,90714,3
-444,3732,90721,3
-349,3733,90724,3
-300,3734,90725,3
-349,3735,90728,3
-1169,3736,90753,3
-1939,3737,90788,3
-300,3738,90789,3
-300,3739,90790,3
-627,3740,90799,3
-300,3741,90800,3
-2518,3742,90899,3
-300,3743,90900,3
-3363,3744,91066,4
-1571,3745,91094,3
-300,3746,91095,3
-985,3747,91122,3
-401,3748,91127,3
-1542,3749,91157,3
-1181,3750,91188,3
-300,3751,91189,3
-1278,3752,91223,3
-695,3753,91248,3
-1344,3754,91269,3
-527,3755,91280,3
-300,3756,91281,3
-616,3757,91287,3
-300,3758,91288,3
-300,3759,91289,3
-2343,3760,91332,3
-1490,3761,91357,3
-300,3762,91358,3
732,3763,91381,5
-1400,3764,91412,3
-5262,3765,91653,4
-768,3766,91662,3
-438,3767,91669,3
-300,3768,91670,3
-349,3769,91673,3
-1745,3770,91719,3
-300,3771,91720,3
-395,3772,91725,3
-1052,3773,91741,3
-1603,3774,91773,3
-2324,3775,91871,4
-300,3776,91872,3
-762,3777,91881,3
-300,3778,91882,3
-2612,3779,91971,3
-300,3780,91972,3
-1842,3781,92020,3
-1479,3782,92056,3
-300,3783,92057,3
-616,3784,92063,3
-1025,3785,92116,4
-300,3786,92117,3
-572,3787,92124,3
-300,3788,92125,3
-988,3789,92198,4
-1073,3790,92214,3
-300,3791,92215,3
-493,3792,92224,3
-563,3793,92265,4
-300,3794,92266,3
-1994,3795,92301,3
-1711,3796,92340,3
-300,3797,92341,3
-300,3798,92342,3
-1564,3799,92380,3
-2278,3800,92416,3
-438,3801,92423,3
-300,3802,92424,3
-526,3803,92429,3
-349,3804,92432,3
-300,3805,92433,3
-300,3806,92434,3
-1428,3807,92483,3
-401,3808,92488,3
-441,3809,92495,3
-300,3810,92496,3
-1567,3811,92516,3
-300,3812,92517,3
-349,3813,92520,3
-300,3814,92521,3
-300,3815,92522,3
-2510,3816,92559,3
-300,3817,92560,3
-1765,3818,92613,3
-1919,3819,92708,4
-349,3820,92711,3
-300,3821,92712,3
-7042,3822,92924,3
-1266,3823,92951,3
-300,3824,92952,3
-349,3825,92955,3
-300,3826,92956,3
-401,3827,92961,3
-526,3828,92966,3
-2701,3829,93025,3
-1307,3830,93086,4
-526,3831,93091,3
-349,3832,93094,3
-1227,3833,93121,3
-572,3834,93140,3
-300,3835,93141,3
-1973,3836,93212,3
-300,3837,93213,3
-300,3838,93214,3
-2311,3839,93259,3
-808,3840,93280,3
-2498,3841,93333,3
-300,3842,93334,3
-300,3843,93335,3
-1521,3844,93381,3
-527,3845,93392,3
-708,3846,93435,4
-1116,3847,93466,3
-2115,3848,93523,3
-628,3849,93538,3
-2425,3850,93603,3
-438,3851,93610,3
-964,3852,93633,3
-1685,3853,93682,3
-300,3854,93683,3
-1713,3855,93719,3
-1095,3856,93737,3
-1703,3857,93822,4
-718,3858,93855,4
-2496,3859,93922,3
-349,3860,93925,3
-444,3861,93932,3
-748,3862,93973,4
-490,3863,93982,3
-1343,3864,94010,3
-1474,3865,94036,3
-2743,3866,94095,3
-1592,3867,94123,3
-300,3868,94124,3
-673,3869,94135,3
-1051,3870,94158,3
-487,3871,94167,3
-1285,3872,94205,3
-1912,3873,94240,3
-1310,3874,94283,3
-1315,3875,94328,3
-300,3876,94329,3
-1755,3877,94386,3
-2279,3878,94478,3
-300,3879,94479,3
-1776,3880,94521,3
-1619,3881,94546,3
-300,3882,94547,3
-300,3883,94548,3
-3022,3884,94611,3
-300,3885,94612,3
-300,3886,94613,3
-1350,3887,94628,3
-1131,3888,94671,3
-989,3889,94696,3
-616,3890,94702,3
-816,3891,94746,4
-300,3892,94747,3
-1336,3893,94791,3
-300,3894,94792,3
-438,3895,94799,3
-1830,3896,94841,3
-817,3897,94858,3
-300,3898,94859,3
-300,3899,94860,3
-1656,3900,94905,3
-2015,3901,94932,3
-809,3902,94955,3
-300,3903,94956,3
-300,3904,94957,3
-966,3905,95042,5
-2303,3906,95085,3
-438,3907,95092,3
-300,3908,95093,3
-855,3909,95114,3
-300,3910,95115,3
-1965,3911,95172,3
-1883,3912,95201,3
-444,3913,95208,3
-300,3914,95209,3
-1801,3915,95245,3
-1465,3916,95286,3
-2016,3917,95344,3
-487,3918,95353,3
-671,3919,95361,3
-616,3920,95367,3
-300,3921,95368,3
-3830,3922,95471,3
-300,3923,95472,3
-2086,3924,95513,3
-526,3925,95518,3
-444,3926,95525,3
-2769,3927,95603,3
-1052,3928,95638,3
-300,3929,95639,3
-300,3930,95640,3
-401,3931,95645,3
-1575,3932,95690,3
-4959,3933,95889,4
-422,3934,95902,3
-1330,3935,95967,4
-2066,3936,96005,3
-1694,3937,96039,3
-395,3938,96044,3
-300,3939,96045,3
-395,3940,96050,3
-300,3941,96051,3
-2338,3942,96095,3
-300,3943,96096,3
-1316,3944,96115,3
-1482,3945,96146,3
-594,3946,96159,3
-970,3947,96182,3
-1258,3948,96260,4
-2580,3949,96335,3
-1485,3950,96357,3
-450,3951,96364,3
-441,3952,96371,3
-1538,3953,96414,3
-1685,3954,96457,3
-300,3955,96458,3
-300,3956,96459,3
-300,3957,96460,3
-300,3958,96461,3
-1580,3959,96492,3
-2757,3960,96549,3
-3999,3961,96660,3
-300,3962,96661,3
-300,3963,96662,3
-1163,3964,96678,3
-1945,3965,96722,3
-821,3966,96736,3
-1488,3967,96785,3
-300,3968,96786,3
-1884,3969,96819,3
-2684,3970,96889,3
-1273,3971,96909,3
-771,3972,96943,3
-300,3973,96944,3
-824,3974,96966,3
-1780,3975,97004,3
-1092,3976,97022,3
-2406,3977,97079,3
-300,3978,97080,3
-300,3979,97081,3
-300,3980,97082,3
-539,3981,97093,3
-300,3982,97094,3
-1478,3983,97122,3
-395,3984,97127,3
-463,3985,97159,4
-1518,3986,97238,4
-300,3987,97239,3
-1751,3988,97276,3
-300,3989,97277,3
-349,3990,97280,3
-986,3991,97290,3
-584,3992,97297,3
-1701,3993,97325,3
-1999,3994,97367,3
-1156,3995,97417,4
-300,3996,97418,3
-2234,3997,97495,3
-529,3998,97548,5
-300,3999,97549,3
-300,4000,97550,3
-1298,4001,97627,4
-395,4002,97632,3
-300,4003,97633,3
-1677,4004,97669,3
-300,4005,97670,3
-401,4006,97675,3
-2183,4007,97719,3
-300,4008,97720,3
-395,4009,97725,3
-683,4010,97742,3
-1666,4011,97763,3
-1398,4012,97796,3
-1577,4013,97822,3
-1807,4014,97851,3
-723,4015,97870,3
-2150,4016,97913,3
-395,4017,97918,3
-1083,4018,97945,3
-585,4019,97958,3
-1955,4020,97992,3
-1514,4021,98036,4
-941,4022,98074,3
-300,4023,98075,3
-828,4024,98115,4
-1544,4025,98143,3
-300,4026,98144,3
-2406,4027,98226,3
-2468,4028,98288,3
-2241,4029,98339,3
-300,4030,98340,3
-300,4031,98341,3
-1081,4032,98365,3
-444,4033,98372,3
-1397,4034,98392,3
-5972,4035,98608,4
-3839,4036,98765,3
-401,4037,98770,3
-1813,4038,98839,3
-1542,4039,98866,3
-395,4040,98871,3
-1769,4041,98915,3
-1118,4042,98955,3
-395,4043,98960,3
-1736,4044,98997,3
-526,4045,99002,3
-186,4046,99024,4
-2024,4047,99064,3
-3308,4048,99158,3
-300,4049,99159,3
-1573,4050,99192,3
-3018,4051,99257,3
-3520,4052,99376,3
-398,4053,99381,3
-1119,4054,99418,3
-2269,4055,99474,3
-401,4056,99479,3
-300,4057,99480,3
-300,4058,99481,3
-1945,4059,99541,3
-300,4060,99542,3
-2649,4061,99657,4
-768,4062,99666,3
-1263,4063,99700,3
-349,4064,99703,3
-395,4065,99708,3
-300,4066,99709,3
-533,4067,99720,3
-1603,4068,99744,3
-300,4069,99745,3
-627,4070,99754,3
-300,4071,99755,3
-766,4072,99800,4
-300,4073,99801,3
-709,4074,99812,3
-1272,4075,99869,4
-3104,4076,99942,3
-1628,4077,100001,3
-300,4078,100002,3
-2249,4079,100075,3
-1168,4080,100098,3
-1003,4081,100146,4
-2208,4082,100191,3
-524,4083,100202,3
-300,4084,100203,3
-1688,4085,100269,4
-2055,4086,100299,3
-349,4087,100302,3
-1756,4088,100331,3
-2225,4089,100414,3
-450,4090,100421,3
-300,4091,100422,3
-2976,4092,100486,3
-300,4093,100487,3
-933,4094,100518,3
-356,4095,100538,4
-615,4096,100547,3
-1663,4097,100579,3
-300,4098,100580,3
-349,4099,100583,3
-1772,4100,100635,3
-1165,4101,100674,3
-678,4102,100693,3
-349,4103,100696,3
-2393,4104,100749,3
-483,4105,100812,4
-300,4106,100813,3
-2036,4107,100868,3
-845,4108,100891,3
-300,4109,100892,3
-2545,4110,100981,3
-300,4111,100982,3
-300,4112,100983,3
-1609,4113,101019,3
-2324,4114,101077,3
-988,4115,101110,3
-300,4116,101111,3
-1499,4117,101164,3
-401,4118,101169,3
-674,4119,101186,3
-3820,4120,101305,3
-1636,4121,101363,4
-972,4122,101394,3
-4503,4123,101542,4
-3292,4124,101610,3
-300,4125,101611,3
-1202,4126,101643,3
-300,4127,101644,3
-300,4128,101645,3
-1283,4129,101673,3
-2927,4130,101749,3
-598,4131,101764,3
482,4132,101791,5
-1393,4133,101817,3
-725,4134,101834,3
-300,4135,101835,3
-2714,4136,101914,3
-1226,4137,101928,3
-915,4138,101959,3
-985,4139,101977,3
-3604,4140,102096,3
-1342,4141,102137,3
-2053,4142,102200,3
-4829,4143,102330,3
-1465,4144,102389,4
-349,4145,102392,3
-300,4146,102393,3
-3664,4147,102549,4
-2704,4148,102611,3
-2469,4149,102689,3
-616,4150,102704,3
-925,4151,102722,3
-300,4152,102723,3
-478,4153,102732,3
-300,4154,102733,3
-1198,4155,102777,3
-1428,4156,102870,4
-2103,4157,102936,3
-1129,4158,102950,3
-718,4159,102971,3
-300,4160,102972,3
-300,4161,102973,3
-490,4162,102982,3
-627,4163,102991,3
-1063,4164,103006,3
-717,4165,103016,3
-515,4166,103027,3
-2785,4167,103098,3
-1767,4168,103131,3
-2649,4169,103207,3
-1548,4170,103261,3
-2513,4171,103332,3
-96,4172,103350,4
-300,4173,103351,3
-683,4174,103368,3
-1589,4175,103420,3
-395,4176,103425,3
-1889,4177,103474,3
-300,4178,103475,3
-2311,4179,103522,3
-349,4180,103525,3
-1814,4181,103586,3
-1813,4182,103625,3
-438,4183,103632,3
-300,4184,103633,3
-2112,4185,103678,3
-1757,4186,103718,3
-710,4187,103731,3
-1795,4188,103766,3
-300,4189,103767,3
-490,4190,103776,3
-349,4191,103779,3
-395,4192,103784,3
-845,4193,103794,3
-300,4194,103795,3
-1469,4195,103848,3
-300,4196,103849,3
-496,4197,103858,3
-300,4198,103859,3
-1643,4199,103896,3
-4588,4200,104036,3
-300,4201,104037,3
-738,4202,104056,3
-1120,4203,104095,3
-1715,4204,104135,3
-1611,4205,104162,3
-300,4206,104163,3
-438,4207,104170,3
-438,4208,104177,3
-478,4209,104186,3
-1770,4210,104211,3
-1174,4211,104231,3
-300,4212,104232,3
-300,4213,104233,3
-1411,4214,104316,4
-4559,4215,104489,4
-300,4216,104490,3
-680,4217,104507,3
-674,4218,104515,3
-909,4219,104536,3
-526,4220,104541,3
-4506,4221,104652,3
-3659,4222,104773,3
-2189,4223,104807,3
-438,4224,104814,3
-1235,4225,104846,3
-1830,4226,104944,4
-1038,4227,104966,3
-300,4228,104967,3
-2235,4229,105033,3
-1015,4230,105066,3
-300,4231,105067,3
-1641,4232,105109,3
-300,4233,105110,3
-300,4234,105111,3
461,4235,105158,5
-1959,4236,105197,3
-1489,4237,105220,3
-300,4238,105221,3
-919,4239,105248,3
-990,4240,105270,3
-1120,4241,105334,4
-624,4242,105347,3
-450,4243,105354,3
-300,4244,105355,3
-991,4245,105388,3
-300,4246,105389,3
-2657,4247,105436,3
-300,4248,105437,3
-349,4249,105440,3
-438,4250,105447,3
-300,4251,105448,3
-2105,4252,105553,4
-530,4253,105564,3
-349,4254,105567,3
-300,4255,105568,3
-653,4256,105585,3
-349,4257,105588,3
-2949,4258,105702,3
-349,4259,105705,3
-856,4260,105732,3
-300,4261,105733,3
-1343,4262,105762,3
-824,4263,105784,3
-395,4264,105789,3
-401,4265,105794,3
-349,4266,105797,3
-300,4267,105798,3
-2105,4268,105838,3
-1255,4269,105864,3
-741,4270,105879,3
-395,4271,105884,3
-300,4272,105885,3
-650,4273,105902,3
-1591,4274,105947,3
-300,4275,105948,3
-300,4276,105949,3
-3232,4277,106041,3
-300,4278,106042,3
-300,4279,106043,3
-2880,4280,106136,3
-300,4281,106137,3
-3548,4282,106237,3
-791,4283,106260,3
-526,4284,106265,3
-300,4285,106266,3
-616,4286,106272,3
-6942,4287,106476,3
-2142,4288,106527,3
-628,4289,106542,3
-490,4290,106551,3
-300,4291,106552,3
-1154,4292,106565,3
-444,4293,106572,3
-3476,4294,106651,3
-841,4295,106668,3
-484,4296,106677,3
-2182,4297,106739,3
-579,4298,106752,3
-300,4299,106753,3
-730,4300,106774,3
-1365,4301,106804,3
-300,4302,106805,3
-300,4303,106806,3
-1785,4304,106858,3
-2081,4305,106925,3
-1175,4306,106956,3
-585,4307,106969,3
-662,4308,106977,3
-300,4309,106978,3
-1058,4310,107012,3
-1261,4311,107042,3
-1980,4312,107073,3
-1001,4313,107092,3
-300,4314,107093,3
-1795,4315,107128,3
-1068,4316,107190,4
-2954,4317,107312,4
-300,4318,107313,3
-300,4319,107314,3
-433,4320,107390,5
-2248,4321,107440,3
-349,4322,107443,3
-300,4323,107444,3
-694,4324,107464,3
-300,4325,107465,3
-300,4326,107466,3
-2331,4327,107508,3
-300,4328,107509,3
-300,4329,107510,3
-2251,4330,107575,3
-1041,4331,107606,3
-2296,4332,107653,3
-300,4333,107654,3
-1132,4334,107693,3
-2046,4335,107754,3
-300,4336,107755,3
-1459,4337,107799,3
-2164,4338,107858,3
-1670,4339,107883,3
-4238,4340,108025,3
-2211,4341,108085,4
-349,4342,108088,3
-349,4343,108091,3
-300,4344,108092,3
-2081,4345,108139,3
-1262,4346,108171,3
-300,4347,108172,3
-300,4348,108173,3
-1282,4349,108208,3
-539,4350,108219,3
-736,4351,108240,3
-2621,4352,108287,3
-1754,4353,108322,3
-1518,4354,108352,3
-886,4355,108384,3
-1013,4356,108413,3
-1870,4357,108439,3
-1282,4358,108468,3
-1512,4359,108517,3
-640,4360,108537,3
-2090,4361,108589,3
-300,4362,108590,3
-300,4363,108591,3
-300,4364,108592,3
-300,4365,108593,3
-300,4366,108594,3
-349,4367,108597,3
-1539,4368,108636,3
-300,4369,108637,3
-2838,4370,108710,3
-441,4371,108717,3
-3923,4372,108858,4
-1827,4373,108894,3
-807,4374,108913,3
-2989,4375,108970,3
-774,4376,108985,3
-300,4377,108986,3
-867,4378,109016,3
-444,4379,109023,3
-349,4380,109026,3
-4239,4381,109122,3
-300,4382,109123,3
-444,4383,109130,3
-1740,4384,109197,3
-2601,4385,109291,3
-1933,4386,109323,3
-526,4387,109328,3
-600,4388,109341,3
-2507,4389,109424,3
-349,4390,109427,3
-1829,4391,109461,3
-2225,4392,109510,3
-961,4393,109533,3
-300,4394,109534,3
-300,4395,109535,3
-300,4396,109536,3
-395,4397,109541,3
-743,4398,109554,3
-1236,4399,109572,3
-300,4400,109573,3
-1498,4401,109597,3
-300,4402,109598,3
-582,4403,109611,3
-300,4404,109612,3
-2860,4405,109706,4
-2513,4406,109789,3
-300,4407,109790,3
-300,4408,109791,3
-300,4409,109792,3
-300,4410,109793,3
-349,4411,109796,3
378,4412,109829,5
-526,4413,109834,3
-673,4414,109845,3
-1491,4415,109890,3
-1556,4416,109918,3
-401,4417,109923,3
-300,4418,109924,3
-300,4419,109925,3
-441,4420,109932,3
-601,4421,109947,3
-949,4422,109964,3
-729,4423,109983,3
-584,4424,109990,3
-526,4425,109995,3
-1415,4426,110020,3
-766,4427,110037,3
-300,4428,110038,3
-349,4429,110041,3
-349,4430,110044,3
-1931,4431,110121,3
-300,4432,110122,3
-300,4433,110123,3
-1348,4434,110158,3
-1618,4435,110241,4
-300,4436,110242,3
-2008,4437,110301,3
-2283,4438,110358,3
-4154,4439,110445,3
-627,4440,110454,3
-964,4441,110481,3
43,4442,110538,5
-3513,4443,110614,3
-1471,4444,110661,3
-1548,4445,110701,3
-722,4446,110714,3
-2419,4447,110767,3
-978,4448,110788,3
-1451,4449,110831,3
-349,4450,110834,3
-791,4451,110857,3
-1255,4452,110893,3
-976,4453,110926,3
-2614,4454,110997,3
-1234,4455,111017,3
-931,4456,111035,3
-2476,4457,111097,3
-312,4458,111117,4
-1161,4459,111150,3
-645,4460,111159,3
-1012,4461,111192,3
-2316,4462,111246,3
-1578,4463,111276,3
-2455,4464,111344,3
-3576,4465,111511,4
-837,4466,111536,3
-2070,4467,111588,3
-1215,4468,111612,3
-438,4469,111619,3
-300,4470,111620,3
-395,4471,111625,3
-300,4472,111626,3
-300,4473,111627,3
-1317,4474,111666,3
-349,4475,111669,3
-438,4476,111676,3
-836,4477,111690,3
-29,4478,111718,4
-1496,4479,111849,5
-300,4480,111850,3
-1105,4481,111874,3
-791,4482,111897,3
-300,4483,111898,3
-349,4484,111901,3
-300,4485,111902,3
-1698,4486,111953,3
-1436,4487,111996,3
-300,4488,111997,3
-300,4489,111998,3
-300,4490,111999,3
-300,4491,112000,3
-1806,4492,112027,3
-1494,4493,112057,3
-1531,4494,112110,3
-814,4495,112121,3
-300,4496,112122,3
-2025,4497,112161,3
-1337,4498,112236,4
-300,4499,112237,3
-300,4500,112238,3
-910,4501,112265,3
-246,4502,112314,5
-2419,4503,112385,3
-999,4504,112412,3
-2029,4505,112477,3
-2793,4506,112555,3
-1612,4507,112584,3
-300,4508,112585,3
-2288,4509,112647,3
-519,4510,112680,4
-2986,4511,112797,4
-2887,4512,112875,3
-2212,4513,112979,4
-1775,4514,113010,3
-720,4515,113074,5
-2403,4516,113126,3
-300,4517,113127,3
-595,4518,113142,3
-815,4519,113164,3
-572,4520,113171,3
-877,4521,113198,3
-1641,4522,113243,3
-775,4523,113288,4
-2051,4524,113325,3
-300,4525,113326,3
-1108,4526,113340,3
-1422,4527,113383,3
-3108,4528,113482,3
-876,4529,113531,4
-300,4530,113532,3
-401,4531,113537,3
-300,4532,113538,3
-3068,4533,113632,3
-300,4534,113633,3
-1093,4535,113653,3
-1444,4536,113689,3
-1240,4537,113722,3
-2932,4538,113793,3
-300,4539,113794,3
-300,4540,113795,3
-616,4541,113801,3
-2274,4542,113876,4
-1210,4543,113911,3
-4286,4544,114032,3
-3281,4545,114114,3
-300,4546,114115,3
-300,4547,114116,3
-809,4548,114139,3
-300,4549,114140,3
-300,4550,114141,3
-401,4551,114146,3
-1861,4552,114200,3
-1508,4553,114235,3
-1916,4554,114275,3
-1869,4555,114305,3
-704,4556,114318,3
-300,4557,114319,3
-1763,4558,114360,3
-1078,4559,114374,3
-939,4560,114405,3
-2075,4561,114454,3
-1657,4562,114484,3
-756,4563,114499,3
-2068,4564,114566,4
-1155,4565,114611,3
-1413,4566,114635,3
-3250,4567,114704,3
-300,4568,114705,3
-526,4569,114710,3
-300,4570,114711,3
-581,4571,114718,3
-300,4572,114719,3
-677,4573,114727,3
-2425,4574,114789,3
-300,4575,114790,3
-563,4576,114801,3
-4285,4577,114920,3
-1427,4578,114963,3
-645,4579,114972,3
-1017,4580,114999,3
-784,4581,115011,3
-2482,4582,115071,4
-588,4583,115084,3
-1475,4584,115112,3
-2353,4585,115157,3
-349,4586,115160,3
-300,4587,115161,3
-300,4588,115162,3
-300,4589,115163,3
-300,4590,115164,3
-300,4591,115165,3
-487,4592,115174,3
-349,4593,115177,3
-300,4594,115178,3
-632,4595,115195,3
-4591,4596,115315,3
-2863,4597,115380,3
-1486,4598,115415,3
-300,4599,115416,3
-1192,4600,115455,3
-300,4601,115456,3
-300,4602,115457,3
-4475,4603,115569,3
-2706,4604,115635,3
-1736,4605,115678,3
-300,4606,115679,3
-676,4607,115690,3
-395,4608,115695,3
276,4609,115725,5
-1384,4610,115742,3
-3745,4611,115850,3
-638,4612,115876,3
-300,4613,115877,3
-300,4614,115878,3
-775,4615,115895,3
-300,4616,115896,3
-1336,4617,115914,3
-300,4618,115915,3
-814,4619,115932,3
-665,4620,115949,3
-2610,4621,115997,3
-3183,4622,116087,3
-300,4623,116088,3
-1033,4624,116121,3
-3486,4625,116209,3
-1040,4626,116225,3
-1340,4627,116262,3
349,4628,116309,6
-300,4629,116310,3
-2050,4630,116381,3
-1917,4631,116438,3
-300,4632,116439,3
-1658,4633,116509,4
-2958,4634,116596,3
-349,4635,116599,3
-1869,4636,116674,3
-1093,4637,116688,3
-2092,4638,116799,4
-1669,4639,116849,3
-300,4640,116850,3
-1022,4641,116869,3
-300,4642,116870,3
-300,4643,116871,3
-2045,4644,116964,4
-395,4645,116969,3
-2239,4646,117019,3
-929,4647,117039,3
-1340,4648,117082,3
-300,4649,117083,3
-401,4650,117088,3
-456,4651,117095,3
-1771,4652,117113,3
-1907,4653,117172,3
-1733,4654,117203,3
-300,4655,117204,3
-300,4656,117205,3
-769,4657,117226,3
-579,4658,117239,3
-3584,4659,117367,4
-2275,4660,117447,4
-300,4661,117448,3
-300,4662,117449,3
-2640,4663,117509,3
-300,4664,117510,3
-1905,4665,117588,3
-300,4666,117589,3
-1202,4667,117614,3
-3320,4668,117687,3
-754,4669,117708,3
-1816,4670,117758,3
-1875,4671,117791,3
-1270,4672,117836,4
-1062,4673,117873,3
-300,4674,117874,3
-2131,4675,117974,4
-300,4676,117975,3
-2323,4677,118022,3
-594,4678,118035,3
-401,4679,118040,3
-1650,4680,118073,3
-300,4681,118074,3
-684,4682,118144,4
-1615,4683,118176,3
-349,4684,118179,3
-300,4685,118180,3
-300,4686,118181,3
-986,4687,118191,3
-2269,4688,118257,3
-584,4689,118264,3
-2137,4690,118339,3
-300,4691,118340,3
-477,4692,118377,4
-1744,4693,118397,3
-1129,4694,118436,3
-300,4695,118437,3
-447,4696,118444,3
-560,4697,118455,3
-2141,4698,118510,3
-300,4699,118511,3
-1760,4700,118570,3
-1959,4701,118613,3
-3520,4702,118703,3
-1343,4703,118758,3
-2062,4704,118802,3
-745,4705,118823,3
-300,4706,118824,3
-2110,4707,118868,3
-300,4708,118869,3
-300,4709,118870,3
-3663,4710,118984,3
-668,4711,119001,3
-3346,4712,119106,3
-2346,4713,119138,3
-1685,4714,119199,3
-300,4715,119200,3
-2931,4716,119296,3
-242,4717,119328,4
-789,4718,119343,3
-2708,4719,119411,3
-585,4720,119424,3
-3033,4721,119497,3
-4476,4722,119626,3
-526,4723,119631,3
-300,4724,119632,3
-872,4725,119654,3
-401,4726,119659,3
-2553,4727,119710,3
-283,4728,119733,4
-110,4729,119751,4
-1319,4730,119789,3
-1348,4731,119834,3
-2326,4732,119878,3
-1527,4733,119915,3
-300,4734,119916,3
-1366,4735,119967,4
-662,4736,119984,3
-1094,4737,120013,3
-300,4738,120014,3
-300,4739,120015,3
-1531,4740,120059,3
-4292,4741,120193,3
-1135,4742,120213,3
-1738,4743,120243,3
-300,4744,120244,3
-478,4745,120253,3
-526,4746,120258,3
-395,4747,120263,3
-300,4748,120264,3
-300,4749,120265,3
-395,4750,120270,3
-627,4751,120279,3
-981,4752,120310,3
-2728,4753,120361,3
-300,4754,120362,3
-748,4755,120392,4
-1338,4756,120426,3
-2025,4757,120469,3
-300,4758,120470,3
-931,4759,120493,3
-349,4760,120496,3
-349,4761,120499,3
-484,4762,120508,3
-1847,4763,120545,3
-300,4764,120546,3
-395,4765,120551,3
-716,4766,120564,3
-300,4767,120565,3
-300,4768,120566,3
-1088,4769,120607,4
-300,4770,120608,3
-398,4771,120613,3
-1734,4772,120649,3
-401,4773,120654,3
-395,4774,120659,3
-300,4775,120660,3
-725,4776,120693,4
-300,4777,120694,3
-2655,4778,120776,3
-526,4779,120781,3
-1718,4780,120815,3
-1516,4781,120847,3
-1451,4782,120875,3
-646,4783,120890,3
-300,4784,120891,3
-1991,4785,120983,4
-441,4786,120990,3
-4819,4787,121115,3
-401,4788,121120,3
-2573,4789,121239,4
-1736,4790,121310,3
-702,4791,121329,3
-717,4792,121348,3
-1901,4793,121458,4
-772,4794,121470,3
-401,4795,121475,3
-300,4796,121476,3
-1254,4797,121500,3
-300,4798,121501,3
-3809,4799,121591,3
-2043,4800,121678,4
-1887,4801,121756,4
-300,4802,121757,3
-549,4803,121783,4
-933,4804,121795,3
-2809,4805,121884,3
-1588,4806,121950,3
-1190,4807,121981,3
-3115,4808,122070,3
-952,4809,122103,3
-555,4810,122116,3
-3091,4811,122196,3
-784,4812,122232,4
-1119,4813,122250,3
-1247,4814,122297,3
-1753,4815,122335,3
-1636,4816,122364,3
-1288,4817,122421,4
-2208,4818,122502,3
-2050,4819,122546,3
-2100,4820,122601,3
-1692,4821,122678,4
-530,4822,122689,3
-490,4823,122698,3
-300,4824,122699,3
-674,4825,122707,3
-1011,4826,122725,3
-300,4827,122726,3
-1122,4828,122763,3
-2258,4829,122813,3
-300,4830,122814,3
-1191,4831,122851,3
-300,4832,122852,3
-685,4833,122863,3
-4292,4834,122957,3
-714,4835,122976,3
-1445,4836,122992,3
-817,4837,123009,3
-444,4838,123016,3
-5570,4839,123173,4
-2537,4840,123231,3
-300,4841,123232,3
-2786,4842,123291,3
-869,4843,123305,3
-300,4844,123306,3
-3963,4845,123402,3
-2750,4846,123464,3
-395,4847,123469,3
-2766,4848,123519,3
-1894,4849,123560,3
-1501,4850,123595,3
-2088,4851,123632,3
-1549,4852,123665,3
-868,4853,123682,3
-300,4854,123683,3
-300,4855,123684,3
-300,4856,123685,3
-784,4857,123706,3
-737,4858,123723,3
-572,4859,123730,3
-983,4860,123797,4
-1365,4861,123827,3
-2207,4862,123873,3
-1405,4863,123890,3
-1818,4864,123926,3
-300,4865,123927,3
-1700,4866,123986,3
-691,4867,123997,3
-490,4868,124006,3
-1102,4869,124030,3
-300,4870,124031,3
-2487,4871,124088,3
-300,4872,124089,3
-1738,4873,124118,3
-300,4874,124119,3
-1482,4875,124158,3
-349,4876,124161,3
-1477,4877,124202,3
-300,4878,124203,3
-349,4879,124206,3
-1988,4880,124243,3
-1098,4881,124274,3
-777,4882,124293,3
-4056,4883,124422,3
-1325,4884,124468,3
-870,4885,124493,3
-300,4886,124494,3
-645,4887,124503,3
-395,4888,124508,3
-2132,4889,124552,3
-300,4890,124553,3
-1289,4891,124581,3
-401,4892,124586,3
-1171,4893,124646,4
-2733,4894,124718,3
-784,4895,124730,3
-687,4896,124749,3
-444,4897,124756,3
-2218,4898,124822,3
-1531,4899,124863,3
-554,4900,124874,3
-300,4901,124875,3
-573,4902,124888,3
-300,4903,124889,3
-1312,4904,124909,3
-300,4905,124910,3
-438,4906,124917,3
-300,4907,124918,3
-1424,4908,124940,3
-1175,4909,124981,3
-1960,4910,125019,3
-1205,4911,125054,3
-992,4912,125070,3
-5493,4913,125232,3
-450,4914,125239,3
-3028,4915,125318,3
-2262,4916,125402,4
-1117,4917,125422,3
-1223,4918,125454,3
-300,4919,125455,3
-764,4920,125478,3
-300,4921,125479,3
-1840,4922,125538,3
-1772,4923,125588,3
-1942,4924,125639,3
-300,4925,125640,3
-300,4926,125641,3
-5044,4927,125842,4
-1572,4928,125879,3
-533,4929,125890,3
-978,4930,125917,3
-2144,4931,125996,3
-300,4932,125997,3
-739,4933,126082,5
-966,4934,126112,3
-1943,4935,126146,3
-753,4936,126155,3
-300,4937,126156,3
-1448,4938,126184,3
-3506,4939,126278,3
-716,4940,126295,3
-1517,4941,126333,3
-300,4942,126334,3
-1523,4943,126368,3
-444,4944,126375,3
-2566,4945,126422,3
-986,4946,126442,3
-1805,4947,126506,3
-3007,4948,126611,4
-1617,4949,126641,3
-1424,4950,126694,3
-300,4951,126695,3
-1010,4952,126714,3
-300,4953,126715,3
-2385,4954,126773,3
-1951,4955,126809,3
-1319,4956,126843,3
-528,4957,126869,4
-2408,4958,126961,3
-395,4959,126966,3
-2824,4960,127046,3
-1229,4961,127071,3
-998,4962,127090,3
-300,4963,127091,3
-1132,4964,127111,3
-2077,4965,127209,4
-300,4966,127210,3
-1053,4967,127256,4
-300,4968,127257,3
-438,4969,127264,3
-3077,4970,127324,3
-395,4971,127329,3
-3007,4972,127429,4
-300,4973,127430,3
-300,4974,127431,3
-300,4975,127432,3
-917,4976,127461,3
-395,4977,127466,3
-2517,4978,127532,3
-672,4979,127551,3
-1372,4980,127593,3
-395,4981,127598,3
-300,4982,127599,3
-6836,4983,127768,3
-300,4984,127769,3
-662,4985,127786,3
-401,4986,127791,3
-690,4987,127810,3
-300,4988,127811,3
-300,4989,127812,3
-2689,4990,127901,3
-572,4991,127908,3
-3187,4992,128007,3
-995,4993,128035,3
-1293,4994,128077,3
-4570,4995,128196,3
-1420,4996,128234,3
-1270,4997,128270,3
-300,4998,128271,3
-300,4999,128272,3
-2907,5000,128369,3
-1564,5001,128389,3
-487,5002,128398,3
-1001,5003,128427,3
-395,5004,128432,3
-1587,5005,128509,4
-300,5006,128510,3
-2997,5007,128636,3
-300,5008,128637,3
-902,5009,128656,3
-395,5010,128661,3
-438,5011,128668,3
-1341,5012,128707,3
-300,5013,128708,3
-686,5014,128724,3
-300,5015,128725,3
-1679,5016,128747,3
-795,5017,128762,3
-300,5018,128763,3
-401,5019,128768,3
-4320,5020,128876,3
-1738,5021,128908,3
-2576,5022,128972,3
-707,5023,128979,3
-1721,5024,129023,3
-4854,5025,129161,4
-2682,5026,129221,3
-991,5027,129248,3
-1779,5028,129299,3
-300,5029,129300,3
-1253,5030,129340,3
-661,5031,129351,3
-2286,5032,129399,3
-300,5033,129400,3
-300,5034,129401,3
-717,5035,129411,3
-748,5036,129432,3
-300,5037,129433,3
-1686,5038,129488,3
-300,5039,129489,3
-300,5040,129490,3
-300,5041,129491,3
-2026,5042,129532,3
-438,5043,129539,3
-2412,5044,129655,4
-707,5045,129662,3
-300,5046,129663,3
-300,5047,129664,3
-1539,5048,129691,3
-616,5049,129697,3
-349,5050,129700,3
-300,5051,129701,3
-1457,5052,129720,3
-300,5053,129721,3
-1580,5054,129756,3
-1507,5055,129785,3
-526,5056,129790,3
-1930,5057,129847,3
-1747,5058,129918,4
-689,5059,129934,3
-570,5060,129947,3
-1886,5061,129978,3
-715,5062,129999,3
-722,5063,130012,3
-1429,5064,130072,3
-300,5065,130073,3
-395,5066,130078,3
-2054,5067,130130,3
-300,5068,130131,3
-300,5069,130132,3
-2125,5070,130188,4
-300,5071,130189,3
-1403,5072,130211,3
-600,5073,130224,3
-526,5074,130229,3
-2073,5075,130307,3
-300,5076,130308,3
-300,5077,130309,3
-438,5078,130316,3
-1774,5079,130351,3
-4692,5080,130469,3
-662,5081,130486,3
-1860,5082,130509,3
-2227,5083,130556,3
-2472,5084,130614,3
-300,5085,130615,3
-1860,5086,130667,3
-1230,5087,130710,3
-1851,5088,130746,3
-706,5089,130757,3
-300,5090,130758,3
-300,5091,130759,3
-622,5092,130774,3
-447,5093,130781,3
-300,5094,130782,3
-300,5095,130783,3
-300,5096,130784,3
-300,5097,130785,3
-753,5098,130800,3
-300,5099,130801,3
-300,5100,130802,3
-1574,5101,130845,3
-300,5102,130846,3
-1517,5103,130883,3
-300,5104,130884,3
-2403,5105,130935,3
-889,5106,130958,3
-801,5107,130973,3
-2516,5108,131046,3
-1487,5109,131074,3
-300,5110,131075,3
-349,5111,131078,3
-807,5112,131103,3
-7094,5113,131321,4
-300,5114,131322,3
-4469,5115,131446,3
-677,5116,131454,3
-526,5117,131459,3
-5031,5118,131582,3
-349,5119,131585,3
-1253,5120,131620,3
-300,5121,131621,3
-1929,5122,131685,3
-300,5123,131686,3
-300,5124,131687,3
-1213,5125,131741,4
-1545,5126,131769,3
-438,5127,131776,3
-300,5128,131777,3
-395,5129,131782,3
-954,5130,131821,4
-300,5131,131822,3
-444,5132,131829,3
-1617,5133,131847,3
-645,5134,131856,3
-3395,5135,131941,3
-2116,5136,132033,4
-78,5137,132080,4
-300,5138,132081,3
-2132,5139,132127,3
-1622,5140,132200,4
-526,5141,132205,3
-4923,5142,132343,3
-998,5143,132390,4
-1749,5144,132429,3
-815,5145,132448,3
-1255,5146,132465,3
-349,5147,132468,3
-300,5148,132469,3
-957,5149,132490,3
-2506,5150,132549,3
-890,5151,132568,3
-607,5152,132583,3
-1858,5153,132637,3
-1726,5154,132681,3
-1682,5155,132713,3
-998,5156,132738,3
-1439,5157,132757,3
-1949,5158,132822,3
-806,5159,132845,3
-300,5160,132846,3
-795,5161,132861,3
-3229,5162,132932,3
-1780,5163,132994,3
-314,5164,133070,5
-1397,5165,133126,3
-300,5166,133127,3
-2948,5167,133228,4
-1896,5168,133301,3
-3316,5169,133379,3
-395,5170,133384,3
-300,5171,133385,3
-300,5172,133386,3
-300,5173,133387,3
-300,5174,133388,3
-2523,5175,133436,3
-768,5176,133445,3
-2170,5177,133519,3
-674,5178,133527,3
-810,5179,133542,3
-1113,5180,133573,3
-1113,5181,133594,3
-300,5182,133595,3
-3125,5183,133669,3
-1857,5184,133726,3
-300,5185,133727,3
-2090,5186,133767,3
-300,5187,133768,3
-438,5188,133775,3
-1860,5189,133832,3
-1122,5190,133868,3
-1924,5191,133961,4
-401,5192,133966,3
-300,5193,133967,3
-1890,5194,134024,3
-438,5195,134031,3
-4459,5196,134153,3
-829,5197,134170,3
-1580,5198,134207,3
-575,5199,134218,3
-4299,5200,134317,3
-300,5201,134318,3
-1979,5202,134365,3
-2354,5203,134436,3
-1224,5204,134473,3
-395,5205,134478,3
-1549,5206,134507,3
-300,5207,134508,3
-1937,5208,134537,3
-561,5209,134550,3
-1804,5210,134582,3
-1360,5211,134600,3
-300,5212,134601,3
-1657,5213,134631,3
-300,5214,134632,3
-677,5215,134640,3
-300,5216,134641,3
-300,5217,134642,3
-2051,5218,134682,3
-1645,5219,134714,3
-1134,5220,134732,3
-300,5221,134733,3
-582,5222,134746,3
-898,5223,134773,3
-2212,5224,134859,4
-6648,5225,135060,3
-1689,5226,135115,3
-300,5227,135116,3
-300,5228,135117,3
-371,5229,135131,3
-2594,5230,135229,4
-933,5231,135254,3
-1881,5232,135308,3
-1735,5233,135346,3
-300,5234,135347,3
-438,5235,135354,3
-539,5236,135365,3
-674,5237,135382,3
-2919,5238,135466,3
-2060,5239,135503,3
-300,5240,135504,3
-4511,5241,135638,3
-4303,5242,135767,3
-395,5243,135772,3
-526,5244,135777,3
-3709,5245,135863,3
-2578,5246,135961,4
-349,5247,135964,3
-526,5248,135969,3
-2347,5249,136022,3
-1728,5250,136074,3
-2659,5251,136145,3
-734,5252,136158,3
-2130,5253,136194,3
-300,5254,136195,3
-2871,5255,136306,3
-1177,5256,136336,3
-300,5257,136337,3
-1859,5258,136377,3
-1396,5259,136403,3
-1157,5260,136452,3
-3250,5261,136548,3
-1596,5262,136581,3
-1127,5263,136606,3
-1282,5264,136629,3
-401,5265,136634,3
-300,5266,136635,3
-300,5267,136636,3
-970,5268,136659,3
-2183,5269,136717,3
-665,5270,136725,3
-300,5271,136726,3
-1301,5272,136757,3
-848,5273,136771,3
-757,5274,136783,3
-300,5275,136784,3
-349,5276,136787,3
-2447,5277,136860,3
-300,5278,136861,3
99,5279,136904,5
-1791,5280,136937,3
-1035,5281,136964,3
-998,5282,136999,3
-1656,5283,137039,3
-6496,5284,137238,4
-300,5285,137239,3
-300,5286,137240,3
-300,5287,137241,3
-2908,5288,137348,3
-300,5289,137349,3
-401,5290,137354,3
-800,5291,137385,3
-300,5292,137386,3
-300,5293,137387,3
-687,5294,137428,4
-1978,5295,137497,3
-3068,5296,137626,4
-300,5297,137627,3
-976,5298,137641,3
-3567,5299,137722,3
-300,5300,137723,3
-539,5301,137769,4
-728,5302,137782,3
-2368,5303,137826,3
-300,5304,137827,3
-1498,5305,137868,3
-3425,5306,137978,4
-300,5307,137979,3
-395,5308,137984,3
-1338,5309,138033,3
-974,5310,138062,3
-5347,5311,138205,3
-1321,5312,138225,3
-894,5313,138241,3
-925,5314,138259,3
-2973,5315,138326,3
-438,5316,138333,3
-733,5317,138354,3
-2498,5318,138415,3
-3426,5319,138491,3
-1675,5320,138538,3
-561,5321,138551,3
-673,5322,138562,3
-1446,5323,138595,3
-300,5324,138596,3
-300,5325,138597,3
-1953,5326,138639,3
-671,5327,138647,3
-646,5328,138662,3
-300,5329,138663,3
-1781,5330,138724,3
-2492,5331,138819,3
-1923,5332,138877,3
-300,5333,138878,3
-401,5334,138883,3
-1157,5335,138918,3
-1776,5336,138954,3
-1686,5337,138987,3
-911,5338,139040,4
-1229,5339,139125,4
-1058,5340,139201,4
-300,5341,139202,3
-530,5342,139213,3
-1310,5343,139235,3
-3840,5344,139385,4
-604,5345,139400,3
-401,5346,139405,3
-561,5347,139418,3
-723,5348,139428,3
-300,5349,139429,3
-646,5350,139444,3
-349,5351,139447,3
-349,5352,139450,3
-349,5353,139453,3
-956,5354,139472,3
-395,5355,139477,3
-300,5356,139478,3
-444,5357,139485,3
-916,5358,139512,3
-514,5359,139521,3
-1348,5360,139557,3
-909,5361,139578,3
-300,5362,139579,3
-300,5363,139580,3
-958,5364,139607,3
-300,5365,139608,3
-5174,5366,139757,3
-300,5367,139758,3
-2254,5368,139824,4
-2605,5369,139889,3
-300,5370,139890,3
-3006,5371,139969,3
-598,5372,139984,3
-826,5373,140001,3
-349,5374,140004,3
-2509,5375,140079,3
-300,5376,140080,3
-2211,5377,140132,3
-401,5378,140137,3
-3825,5379,140245,3
-838,5380,140256,3
-2316,5381,140341,3
-1125,5382,140372,3
-300,5383,140373,3
-526,5384,140378,3
-1957,5385,140414,3
-2429,5386,140473,3
-981,5387,140498,3
-738,5388,140517,3
-1134,5389,140554,3
-1158,5390,140587,3
-1764,5391,140642,3
-300,5392,140643,3
-4795,5393,140810,4
-349,5394,140813,3
-2601,5395,140901,3
-3119,5396,140992,3
-2039,5397,141038,3
-300,5398,141039,3
-1120,5399,141072,3
-300,5400,141073,3
-3111,5401,141139,3
-1520,5402,141182,3
-300,5403,141183,3
-2058,5404,141231,3
-1893,5405,141289,3
-300,5406,141290,3
-395,5407,141295,3
-300,5408,141296,3
-300,5409,141297,3
-1450,5410,141333,3
-505,5411,141388,4
-300,5412,141389,3
-3088,5413,141469,3
-456,5414,141476,3
-1172,5415,141493,3
-1429,5416,141519,3
-579,5417,141532,3
-300,5418,141533,3
-3023,5419,141613,3
-300,5420,141614,3
-942,5421,141635,3
-1337,5422,141682,3
-2113,5423,141763,3
-300,5424,141764,3
-300,5425,141765,3
-912,5426,141780,3
-828,5427,141795,3
-1648,5428,141824,3
-450,5429,141831,3
-2670,5430,141940,4
-526,5431,141945,3
-788,5432,141968,3
-579,5433,141981,3
-536,5434,141992,3
-300,5435,141993,3
-2517,5436,142053,3
-444,5437,142060,3
-395,5438,142065,3
-1356,5439,142114,3
-300,5440,142115,3
-584,5441,142122,3
-401,5442,142127,3
-1550,5443,142155,3
-1847,5444,142187,3
-1043,5445,142222,3
-1671,5446,142273,3
-1167,5447,142329,4
-5334,5448,142546,4
-1706,5449,142577,3
-2145,5450,142626,3
-1983,5451,142674,3
-2517,5452,142731,3
-300,5453,142732,3
-3339,5454,142843,3
-2014,5455,142893,3
-300,5456,142894,3
-526,5457,142899,3
-982,5458,142940,3
-395,5459,142945,3
-1022,5460,143010,4
-2040,5461,143080,3
-300,5462,143081,3
-6152,5463,143226,4
-3089,5464,143296,3
-234,5465,143345,5
-300,5466,143346,3
-616,5467,143361,3
-2157,5468,143418,3
-300,5469,143419,3
-300,5470,143420,3
-1121,5471,143461,3
-300,5472,143462,3
-818,5473,143485,3
-2562,5474,143573,3
-521,5475,143584,3
-300,5476,143585,3
-585,5477,143598,3
-300,5478,143599,3
-1340,5479,143631,3
-1196,5480,143647,3
-300,5481,143648,3
-2304,5482,143699,3
-603,5483,143730,4
-349,5484,143733,3
-1206,5485,143791,4
-3371,5486,143935,4
-1307,5487,143969,3
-2294,5488,144027,3
-300,5489,144028,3
-3279,5490,144087,3
-300,5491,144088,3
-545,5492,144107,3
-300,5493,144108,3
-429,5494,144130,4
-1190,5495,144195,4
-446,5496,144251,4
-526,5497,144256,3
-300,5498,144257,3
-1137,5499,144276,3
-1411,5500,144317,3
-1795,5501,144456,5
-579,5502,144469,3
-2033,5503,144515,3
-1591,5504,144562,3
-1839,5505,144650,4
-401,5506,144655,3
-398,5507,144660,3
-300,5508,144661,3
-2474,5509,144715,3
-1223,5510,144740,3
-1025,5511,144756,3
-300,5512,144757,3
-1112,5513,144782,3
-401,5514,144787,3
-300,5515,144788,3
-1907,5516,144822,3
-893,5517,144841,3
-659,5518,144858,3
-1135,5519,144890,3
-1090,5520,144948,4
-395,5521,144953,3
-300,5522,144954,3
-677,5523,144962,3
-2152,5524,145009,3
-1262,5525,145086,4
-897,5526,145150,4
-2221,5527,145218,3
-3052,5528,145362,4
-1462,5529,145419,3
-300,5530,145420,3
-1945,5531,145464,3
-3429,5532,145535,3
-1721,5533,145606,3
-1282,5534,145660,3
-3650,5535,145740,3
-526,5536,145745,3
-3274,5537,145826,3
-395,5538,145831,3
-3806,5539,145928,3
-526,5540,145933,3
-616,5541,145939,3
-526,5542,145944,3
-2378,5543,146000,3
-444,5544,146007,3
-300,5545,146008,3
-1697,5546,146045,3
-490,5547,146054,3
-398,5548,146059,3
-758,5549,146082,3
-1545,5550,146128,3
-300,5551,146129,3
-478,5552,146138,3
-4626,5553,146316,4
-300,5554,146317,3
-401,5555,146322,3
-768,5556,146337,3
-2933,5557,146425,3
-728,5558,146438,3
-526,5559,146443,3
-300,5560,146444,3
-1802,5561,146481,3
-526,5562,146486,3
-300,5563,146487,3
-300,5564,146488,3
-3250,5565,146558,3
-1186,5566,146582,3
-1944,5567,146625,3
-2304,5568,146704,3
-493,5569,146713,3
-300,5570,146714,3
-2507,5571,146790,3
-1849,5572,146849,3
-1796,5573,146911,3
-2448,5574,146962,3
-559,5575,146992,4
-2799,5576,147117,4
-300,5577,147118,3
-2148,5578,147227,4
-395,5579,147232,3
-300,5580,147233,3
-2381,5581,147280,3
-499,5582,147289,3
-300,5583,147290,3
-3094,5584,147370,3
-300,5585,147371,3
-1921,5586,147418,3
-3513,5587,147503,3
-300,5588,147504,3
-1116,5589,147531,3
-300,5590,147532,3
-2115,5591,147590,3
-622,5592,147625,4
-4405,5593,147811,4
-300,5594,147812,3
-1562,5595,147846,3
-5395,5596,147995,3
-2206,5597,148060,3
-891,5598,148076,3
-1878,5599,148161,4
-2565,5600,148260,3
-545,5601,148271,3
-300,5602,148272,3
-2314,5603,148331,3
-2081,5604,148404,3
-957,5605,148435,3
-2002,5606,148467,3
-685,5607,148478,3
-408,5608,148505,4
-4249,5609,148630,3
-526,5610,148635,3
-1051,5611,148673,3
-674,5612,148681,3
-2068,5613,148755,3
-349,5614,148758,3
-300,5615,148759,3
-1668,5616,148814,3
-300,5617,148815,3
-300,5618,148816,3
-300,5619,148817,3
-3381,5620,148917,3
-3538,5621,149028,4
-2295,5622,149109,3
-300,5623,149110,3
-300,5624,149111,3
-1336,5625,149137,3
-572,5626,149144,3
-300,5627,149145,3
-456,5628,149152,3
-526,5629,149157,3
-300,5630,149158,3
-300,5631,149159,3
-1570,5632,149191,3
-573,5633,149204,3
-2245,5634,149255,3
-300,5635,149256,3
-720,5636,149266,3
-395,5637,149271,3
-1639,5638,149309,3
-300,5639,149310,3
-1130,5640,149335,3
-584,5641,149342,3
-300,5642,149343,3
-3175,5643,149438,3
-300,5644,149439,3
-2678,5645,149482,3
-1775,5646,149523,3
-581,5647,149530,3
-2029,5648,149571,3
-1355,5649,149617,3
-3480,5650,149779,4
-300,5651,149780,3
-300,5652,149781,3
-588,5653,149794,3
-2293,5654,149865,4
-300,5655,149866,3
-395,5656,149871,3
-300,5657,149872,3
-300,5658,149873,3
-1194,5659,149906,3
-5099,5660,150042,3
-2486,5661,150087,3
-1370,5662,150109,3
-790,5663,150121,3
-753,5664,150140,3
-1383,5665,150180,4
-625,5666,150195,3
-2123,5667,150239,3
-1278,5668,150269,3
-2745,5669,150331,3
-1493,5670,150357,3
-526,5671,150362,3
-401,5672,150367,3
-300,5673,150368,3
-1000,5674,150385,3
-2619,5675,150472,3
-770,5676,150519,4
-4916,5677,150697,3
-2253,5678,150779,4
-1635,5679,150837,4
-300,5680,150838,3
-3139,5681,150906,3
-1317,5682,150948,3
-2227,5683,151001,3
-1503,5684,151040,3
-1725,5685,151077,3
-746,5686,151113,4
-300,5687,151114,3
-300,5688,151115,3
-2427,5689,151188,4
-300,5690,151189,3
-852,5691,151216,4
-621,5692,151225,3
-1400,5693,151256,3
-2088,5694,151331,3
-300,5695,151332,3
-300,5696,151333,3
-441,5697,151340,3
-5384,5698,151522,3
-300,5699,151523,3
-300,5700,151524,3
-300,5701,151525,3
-530,5702,151536,3
-340,5703,151572,4
-300,5704,151573,3
-630,5705,151582,3
-300,5706,151583,3
-1615,5707,151663,4
-1370,5708,151685,3
-878,5709,151704,3
-1260,5710,151728,3
-300,5711,151729,3
-1740,5712,151766,3
-918,5713,151778,3
-1858,5714,151816,3
-1625,5715,151877,4
-349,5716,151880,3
-542,5717,151891,3
-2711,5718,151997,3
-2970,5719,152069,3
-1447,5720,152118,4
-3419,5721,152203,3
-719,5722,152216,3
-349,5723,152219,3
-300,5724,152220,3
-2006,5725,152287,3
-4229,5726,152451,3
-526,5727,152456,3
-349,5728,152459,3
-1189,5729,152479,3
-1916,5730,152525,3
-2035,5731,152594,3
-300,5732,152595,3
-1620,5733,152658,3
-300,5734,152659,3
-1773,5735,152684,3
-300,5736,152685,3
-1877,5737,152723,3
-300,5738,152724,3
-1913,5739,152774,3
-674,5740,152835,4
-4769,5741,153014,4
-1897,5742,153058,3
-1876,5743,153105,3
-300,5744,153106,3
-401,5745,153111,3
-598,5746,153126,3
-526,5747,153131,3
-674,5748,153139,3
-2511,5749,153193,3
-349,5750,153196,3
-3205,5751,153285,3
-667,5752,153300,3
-2613,5753,153354,3
-1442,5754,153405,4
-4241,5755,153490,3
-1178,5756,153512,3
-300,5757,153513,3
-3563,5758,153642,4
-300,5759,153643,3
-1658,5760,153702,3
-349,5761,153705,3
-401,5762,153710,3
-1822,5763,153748,3
-300,5764,153749,3
-581,5765,153756,3
-300,5766,153757,3
-615,5767,153766,3
-300,5768,153767,3
-447,5769,153774,3
-680,5770,153791,3
-300,5771,153792,3
-2797,5772,153863,3
-300,5773,153864,3
-300,5774,153865,3
-2343,5775,153962,4
-665,5776,153979,3
-300,5777,153980,3
-300,5778,153981,3
-674,5779,153989,3
-499,5780,153998,3
-1684,5781,154100,4
-300,5782,154101,3
-300,5783,154102,3
-673,5784,154113,3
-300,5785,154114,3
-490,5786,154123,3
-1731,5787,154184,3
-4034,5788,154307,4
-2580,5789,154364,3
-5369,5790,154512,3
-300,5791,154513,3
-2811,5792,154600,3
-1531,5793,154636,3
-300,5794,154637,3
-720,5795,154661,3
-300,5796,154662,3
-1762,5797,154700,3
-2133,5798,154758,3
-447,5799,154765,3
-300,5800,154766,3
-2303,5801,154831,3
-542,5802,154842,3
-526,5803,154847,3
-627,5804,154856,3
-300,5805,154857,3
-1972,5806,154898,3
-758,5807,154911,3
-747,5808,154930,3
-300,5809,154931,3
-481,5810,154940,3
-584,5811,154947,3
-714,5812,154966,3
-300,5813,154967,3
-1279,5814,155003,3
-1976,5815,155082,3
-3831,5816,155178,3
-1041,5817,155233,4
-450,5818,155240,3
-3093,5819,155346,3
-1969,5820,155436,4
-300,5821,155437,3
-1905,5822,155486,3
-300,5823,155487,3
-584,5824,155494,3
-300,5825,155495,3
-641,5826,155512,3
-1231,5827,155529,3
-3960,5828,155667,4
-703,5829,155698,4
-581,5830,155705,3
-2408,5831,155752,3
-349,5832,155755,3
-1096,5833,155778,3
-300,5834,155779,3
-950,5835,155858,4
-533,5836,155869,3
-3299,5837,155948,3
-1571,5838,155976,3
-521,5839,155987,3
-300,5840,155988,3
-300,5841,155989,3
-2470,5842,156078,3
-1441,5843,156119,3
-1050,5844,156146,3
-1670,5845,156183,3
-1199,5846,156215,3
-300,5847,156216,3
-300,5848,156217,3
-1222,5849,156247,3
-444,5850,156254,3
-723,5851,156273,3
384,5852,156315,5
-2518,5853,156395,3
-4900,5854,156520,3
-691,5855,156531,3
-1281,5856,156564,3
-1431,5857,156603,3
-2095,5858,156662,3
-1714,5859,156703,3
-1098,5860,156731,3
-478,5861,156740,3
-300,5862,156741,3
-1657,5863,156798,3
-1910,5864,156842,3
-2052,5865,156882,3
-543,5866,156929,4
-2762,5867,157061,4
-3393,5868,157137,3
-3230,5869,157210,3
-526,5870,157215,3
-1008,5871,157246,3
-2612,5872,157311,3
-1371,5873,157341,3
-526,5874,157346,3
-1476,5875,157370,3
-3078,5876,157492,4
-300,5877,157493,3
-579,5878,157506,3
-349,5879,157509,3
-4756,5880,157655,3
-526,5881,157660,3
-2284,5882,157719,3
-300,5883,157720,3
-300,5884,157721,3
-300,5885,157722,3
-2828,5886,157775,3
-793,5887,157796,3
-781,5888,157808,3
-300,5889,157809,3
-300,5890,157810,3
-300,5891,157811,3
-4806,5892,157944,3
-3073,5893,158038,4
-300,5894,158039,3
-895,5895,158066,3
-300,5896,158067,3
-300,5897,158068,3
-584,5898,158075,3
-1532,5899,158133,3
-395,5900,158138,3
-2680,5901,158189,3
-2244,5902,158270,3
-2157,5903,158330,3
-960,5904,158351,3
-2833,5905,158416,3
-300,5906,158417,3
-714,5907,158468,4
-1859,5908,158499,3
-349,5909,158502,3
-2584,5910,158580,3
-727,5911,158601,3
-401,5912,158606,3
-444,5913,158613,3
-526,5914,158618,3
-993,5915,158640,3
-300,5916,158641,3
-300,5917,158642,3
-1743,5918,158678,3
-2445,5919,158765,3
-3653,5920,158859,3
-3161,5921,158991,4
-768,5922,159000,3
-300,5923,159001,3
-688,5924,159012,3
-1644,5925,159063,3
-2102,5926,159127,3
-1409,5927,159164,3
-300,5928,159165,3
-588,5929,159178,3
-2991,5930,159262,3
-1403,5931,159299,3
-1291,5932,159316,3
-677,5933,159324,3
-781,5934,159336,3
-300,5935,159337,3
-627,5936,159346,3
-2459,5937,159419,3
-3698,5938,159531,3
-289,5939,159572,4
-1121,5940,159594,3
-3077,5941,159676,3
-300,5942,159677,3
-300,5943,159678,3
-3910,5944,159897,5
-300,5945,159898,3
-1721,5946,159938,3
-2877,5947,160040,4
-478,5948,160049,3
-4031,5949,160164,3
-401,5950,160169,3
-300,5951,160170,3
-300,5952,160171,3
-2675,5953,160226,3
-3164,5954,160285,3
-300,5955,160286,3
-300,5956,160287,3
-300,5957,160288,3
-300,5958,160289,3
-5828,5959,160470,3
-2149,5960,160541,3
-2039,5961,160582,3
-1558,5962,160614,3
-2204,5963,160676,3
-1336,5964,160702,3
-2655,5965,160768,3
-965,5966,160796,3
-581,5967,160803,3
-883,5968,160830,3
-2494,5969,160911,3
-300,5970,160912,3
-1412,5971,160955,3
-300,5972,160956,3
-797,5973,160979,3
-548,5974,160990,3
-881,5975,161003,3
-300,5976,161004,3
-1567,5977,161043,3
-300,5978,161044,3
-300,5979,161045,3
-3919,5980,161188,4
-745,5981,161209,3
-300,5982,161210,3
-4229,5983,161328,3
-300,5984,161329,3
-1911,5985,161398,3
-300,5986,161399,3
-788,5987,161422,3
-857,5988,161435,3
-8258,5989,161703,4
-300,5990,161704,3
-498,5991,161741,4
-1217,5992,161787,3
-3648,5993,161878,3
-300,5994,161879,3
-300,5995,161880,3
-300,5996,161881,3
-1214,5997,161918,3
-2654,5998,161988,3
-300,5999,161989,3
-763,6000,162010,3
-300,6001,162011,3
-753,6002,162054,4
-588,6003,162067,3
-1118,6004,162098,3
-300,6005,162099,3
-2926,6006,162194,3
-300,6007,162195,3
-300,6008,162196,3
-300,6009,162197,3
-2276,6010,162276,3
-1262,6011,162317,3
-1154,6012,162374,4
-4328,6013,162492,3
-3617,6014,162589,3
-1437,6015,162619,3
14,6016,162664,4
-349,6017,162667,3
-300,6018,162668,3
-2130,6019,162708,3
-300,6020,162709,3
-690,6021,162728,3
-1837,6022,162802,4
-1410,6023,162842,3
-2997,6024,162912,3
-300,6025,162913,3
-2492,6026,162965,3
-2106,6027,162992,3
-3724,6028,163131,4
-5177,6029,163303,3
-3497,6030,163389,3
-888,6031,163414,3
-1307,6032,163466,3
-603,6033,163479,3
-450,6034,163486,3
-1220,6035,163572,4
-714,6036,163582,3
-300,6037,163583,3
-1305,6038,163616,3
-1979,6039,163680,3
-502,6040,163689,3
-444,6041,163696,3
-591,6042,163709,3
-787,6043,163730,3
-3548,6044,163837,3
-395,6045,163842,3
-1171,6046,163881,3
-5281,6047,164082,3
-2252,6048,164143,3
-526,6049,164148,3
-5675,6050,164305,3
-2340,6051,164412,4
-616,6052,164418,3
-558,6053,164431,3
-630,6054,164440,3
-1590,6055,164477,3
-526,6056,164482,3
-2026,6057,164524,3
-300,6058,164525,3
-972,6059,164556,3
-300,6060,164557,3
-2901,6061,164669,3
-960,6062,164691,3
-300,6063,164692,3
-300,6064,164693,3
-395,6065,164698,3
-526,6066,164703,3
-300,6067,164704,3
-2643,6068,164837,4
-526,6069,164842,3
-300,6070,164843,3
-444,6071,164901,4
-1845,6072,164964,3
-300,6073,164965,3
-526,6074,164970,3
-1655,6075,165004,3
-300,6076,165005,3
-2662,6077,165079,3
-666,6078,165098,3
-300,6079,165099,3
-567,6080,165112,3
-300,6081,165113,3
-300,6082,165114,3
-395,6083,165119,3
-814,6084,165130,3
-300,6085,165131,3
-300,6086,165132,3
-927,6087,165144,3
-898,6088,165162,3
-2546,6089,165248,3
-1573,6090,165290,3
-1282,6091,165319,3
-300,6092,165320,3
-1294,6093,165340,3
-2878,6094,165476,4
-1423,6095,165547,4
-604,6096,165562,3
-866,6097,165572,3
505,6098,165597,5
-300,6099,165598,3
-1041,6100,165619,3
-1284,6101,165680,4
-349,6102,165683,3
-2091,6103,165722,3
-2629,6104,165784,3
-300,6105,165785,3
-2501,6106,165840,3
-1173,6107,165868,3
-969,6108,165883,3
-300,6109,165884,3
-7531,6110,166136,3
-1892,6111,166185,3
-300,6112,166186,3
-2051,6113,166247,3
-2697,6114,166334,3
-300,6115,166335,3
-1213,6116,166356,3
-266,6117,166389,4
-300,6118,166390,3
-300,6119,166391,3
-349,6120,166394,3
-630,6121,166403,3
-300,6122,166404,3
-561,6123,166417,3
-526,6124,166422,3
-450,6125,166429,3
-1122,6126,166462,3
-444,6127,166469,3
-395,6128,166474,3
-1607,6129,166539,3
-2071,6130,166583,3
-2197,6131,166636,3
-2347,6132,166683,3
-634,6133,166698,3
-858,6134,166723,3
-1652,6135,166757,3
-490,6136,166766,3
-300,6137,166767,3
-709,6138,166778,3
-1399,6139,166825,3
-300,6140,166826,3
-627,6141,166835,3
-1707,6142,166898,4
-869,6143,166927,3
-395,6144,166932,3
-1308,6145,166965,3
-3006,6146,167041,3
-948,6147,167066,3
-3466,6148,167150,3
-1482,6149,167171,3
-1615,6150,167224,3
-300,6151,167225,3
-3640,6152,167320,3
-5244,6153,167473,3
-717,6154,167500,3
-1230,6155,167528,3
-866,6156,167547,3
-300,6157,167548,3
-3524,6158,167657,3
-530,6159,167668,3
-1908,6160,167760,4
-444,6161,167767,3
-438,6162,167774,3
-300,6163,167775,3
-775,6164,167787,3
-2249,6165,167827,3
-349,6166,167830,3
-300,6167,167831,3
-300,6168,167832,3
-1264,6169,167861,3
-300,6170,167862,3
-852,6171,167887,3
-1440,6172,167920,3
-1146,6173,167977,4
-691,6174,167988,3
-1715,6175,168047,3
-300,6176,168048,3
-300,6177,168049,3
-300,6178,168050,3
-864,6179,168075,3
-3054,6180,168181,3
-3849,6181,168344,4
-569,6182,168355,3
-3031,6183,168432,3
-965,6184,168452,3
-300,6185,168453,3
-1090,6186,168486,3
-1171,6187,168506,3
-300,6188,168507,3
-395,6189,168512,3
-734,6190,168525,3
-2709,6191,168612,3
-300,6192,168613,3
-1664,6193,168672,3
-1388,6194,168703,3
-1763,6195,168768,3
-300,6196,168769,3
-526,6197,168774,3
-300,6198,168775,3
-1558,6199,168799,3
-1074,6200,168826,3
-1515,6201,168865,3
-572,6202,168872,3
-4174,6203,169003,3
-786,6204,169021,3
-349,6205,169024,3
-300,6206,169025,3
-300,6207,169026,3
-1641,6208,169056,3
-2638,6209,169155,4
-572,6210,169162,3
-300,6211,169163,3
-677,6212,169171,3
-1079,6213,169197,3
-2202,6214,169226,3
-300,6215,169227,3
-1076,6216,169262,3
-1341,6217,169289,3
-2248,6218,169336,3
-1542,6219,169394,3
-1043,6220,169414,3
-1102,6221,169428,3
-674,6222,169445,3
-1875,6223,169545,4
-2178,6224,169593,3
-300,6225,169594,3
-1873,6226,169647,3
-974,6227,169667,3
-576,6228,169680,3
-300,6229,169681,3
-1396,6230,169726,3
-300,6231,169727,3
-719,6232,169740,3
-300,6233,169741,3
-395,6234,169746,3
-300,6235,169747,3
-300,6236,169748,3
-1737,6237,169775,3
-1470,6238,169814,3
-1552,6239,169840,3
-300,6240,169841,3
-3226,6241,169956,4
-3773,6242,170077,3
-1656,6243,170132,3
-300,6244,170133,3
-300,6245,170134,3
-300,6246,170135,3
-1682,6247,170191,3
-1157,6248,170232,3
-753,6249,170251,3
-2644,6250,170294,3
-539,6251,170305,3
-542,6252,170316,3
-627,6253,170325,3
-904,6254,170352,3
-371,6255,170399,4
-395,6256,170404,3
-934,6257,170422,3
-2471,6258,170465,3
-300,6259,170466,3
-3146,6260,170575,3
-4786,6261,170757,3
-349,6262,170760,3
-502,6263,170769,3
-2952,6264,170859,3
-349,6265,170862,3
-576,6266,170875,3
-300,6267,170876,3
-1265,6268,170916,3
-775,6269,170945,3
-2816,6270,171015,3
-2802,6271,171091,3
-300,6272,171092,3
-300,6273,171093,3
-1609,6274,171137,3
-1477,6275,171169,3
-2024,6276,171240,3
-3133,6277,171309,3
-977,6278,171334,3
-349,6279,171337,3
-1082,6280,171386,4
-725,6281,171399,3
-581,6282,171406,3
-300,6283,171407,3
-1648,6284,171440,3
-1777,6285,171496,3
-1475,6286,171527,3
-395,6287,171532,3
-2421,6288,171619,3
-6007,6289,171798,3
-4615,6290,171950,3
-1513,6291,172001,3
-3877,6292,172126,3
-627,6293,172135,3
-300,6294,172136,3
-3450,6295,172217,3
-300,6296,172218,3
-1154,6297,172274,4
-401,6298,172279,3
-300,6299,172280,3
-438,6300,172287,3
-3739,6301,172373,3
-681,6302,172392,3
-300,6303,172393,3
419,6304,172421,5
-300,6305,172422,3
-603,6306,172435,3
-300,6307,172436,3
-3640,6308,172510,3
-150,6309,172543,4
-438,6310,172550,3
-2253,6311,172614,3
-1856,6312,172679,3
-1126,6313,172712,3
-1683,6314,172739,3
-386,6315,172768,4
-526,6316,172773,3
-613,6317,172788,3
-300,6318,172789,3
-395,6319,172794,3
-300,6320,172795,3
-2485,6321,172840,3
-300,6322,172841,3
-349,6323,172844,3
-300,6324,172845,3
-536,6325,172856,3
-710,6326,172869,3
-857,6327,172883,3
-2890,6328,172949,3
-7312,6329,173143,3
-4988,6330,173262,3
-936,6331,173277,3
-846,6332,173302,3
-667,6333,173313,3
-300,6334,173314,3
-438,6335,173372,4
-3440,6336,173483,4
-349,6337,173486,3
-2275,6338,173605,4
-3621,6339,173734,3
-2150,6340,173780,3
-722,6341,173793,3
-1214,6342,173825,3
-300,6343,173826,3
-1203,6344,173844,3
-581,6345,173851,3
-401,6346,173856,3
-300,6347,173857,3
-680,6348,173874,3
-4076,6349,173993,3
-3735,6350,174095,3
-1354,6351,174131,3
-2658,6352,174215,3
-996,6353,174236,3
-300,6354,174237,3
-526,6355,174242,3
-1541,6356,174267,3
-300,6357,174268,3
-300,6358,174269,3
-438,6359,174276,3
-567,6360,174289,3
-1183,6361,174364,4
-401,6362,174369,3
-526,6363,174374,3
-1205,6364,174399,3
-300,6365,174400,3
-349,6366,174403,3
-1097,6367,174429,3
-579,6368,174442,3
-349,6369,174445,3
-300,6370,174446,3
-2112,6371,174510,3
-300,6372,174511,3
-2030,6373,174581,3
-797,6374,174604,3
-2332,6375,174661,3
-300,6376,174662,3
-526,6377,174667,3
-300,6378,174668,3
-300,6379,174669,3
-395,6380,174674,3
-438,6381,174681,3
-10698,6382,175026,3
-2063,6383,175134,4
-616,6384,175140,3
-651,6385,175195,4
-680,6386,175212,3
-526,6387,175217,3
-630,6388,175226,3
-450,6389,175233,3
-300,6390,175234,3
-1912,6391,175279,3
-300,6392,175280,3
-1634,6393,175366,4
-2189,6394,175410,3
-2056,6395,175451,3
-300,6396,175452,3
-701,6397,175469,3
-300,6398,175470,3
-1121,6399,175496,3
-395,6400,175501,3
-2037,6401,175582,4
-2023,6402,175656,3
-665,6403,175673,3
-937,6404,175690,3
-300,6405,175691,3
-4059,6406,175802,3
-300,6407,175803,3
-401,6408,175808,3
-1005,6409,175830,3
-1165,6410,175865,3
-300,6411,175866,3
-1381,6412,175956,4
-2413,6413,176016,3
-3946,6414,176108,3
-300,6415,176109,3
-1709,6416,176141,3
-616,6417,176147,3
-300,6418,176148,3
-4342,6419,176253,3
-1049,6420,176272,3
-2955,6421,176420,4
-300,6422,176421,3
-2580,6423,176468,3
-300,6424,176469,3
-2290,6425,176522,3
-300,6426,176523,3
-526,6427,176528,3
-878,6428,176619,5
-300,6429,176620,3
-3179,6430,176700,3
-300,6431,176701,3
-300,6432,176702,3
-300,6433,176703,3
-2700,6434,176769,3
-1064,6435,176798,3
-860,6436,176817,3
-1985,6437,176884,3
-300,6438,176885,3
-438,6439,176892,3
-395,6440,176897,3
-300,6441,176898,3
-398,6442,176903,3
-958,6443,176921,3
-300,6444,176922,3
-300,6445,176923,3
-300,6446,176924,3
-744,6447,176948,3
-1279,6448,177002,3
-945,6449,177023,3
-668,6450,177040,3
-300,6451,177041,3
-300,6452,177042,3
-3298,6453,177159,3
-873,6454,177183,3
-300,6455,177184,3
-3352,6456,177273,3
-3080,6457,177346,3
-9,6458,177377,4
-1605,6459,177413,3
-300,6460,177414,3
-1107,6461,177432,3
-300,6462,177433,3
-3258,6463,177527,3
-3303,6464,177633,3
-956,6465,177653,3
-349,6466,177656,3
-300,6467,177657,3
-2876,6468,177719,3
-1478,6469,177771,3
-484,6470,177780,3
-438,6471,177787,3
-653,6472,177804,3
-1238,6473,177845,3
-1629,6474,177890,3
-5471,6475,178041,3
-1514,6476,178069,3
-775,6477,178081,3
-300,6478,178082,3
-2281,6479,178130,3
-996,6480,178151,3
-401,6481,178156,3
-300,6482,178157,3
-300,6483,178158,3
-744,6484,178177,3
-925,6485,178203,3
-300,6486,178204,3
-395,6487,178209,3
-2381,6488,178282,3
-438,6489,178289,3
-1808,6490,178336,3
-854,6491,178350,3
-300,6492,178351,3
-1205,6493,178382,3
-300,6494,178383,3
-300,6495,178384,3
-1321,6496,178420,3
-1458,6497,178454,3
-2321,6498,178493,3
-1607,6499,178519,3
-1025,6500,178602,4
-2187,6501,178687,3
-300,6502,178688,3
-763,6503,178700,3
-300,6504,178701,3
-1539,6505,178746,3
-1226,6506,178771,3
-1541,6507,178805,3
-2481,6508,178869,3
-2222,6509,178919,3
-349,6510,178922,3
-1544,6511,178962,3
-1318,6512,179068,5
-668,6513,179085,3
-1785,6514,179152,3
-300,6515,179153,3
-3196,6516,179244,4
-891,6517,179260,3
-300,6518,179261,3
-2631,6519,179310,3
-606,6520,179323,3
-674,6521,179331,3
-300,6522,179332,3
-401,6523,179337,3
-349,6524,179340,3
-6617,6525,179581,3
-877,6526,179598,3
-300,6527,179599,3
-526,6528,179604,3
-2854,6529,179700,3
-3085,6530,179787,3
-300,6531,179788,3
-2625,6532,179851,3
-563,6533,179862,3
-1256,6534,179876,3
-300,6535,179877,3
-300,6536,179878,3
-3133,6537,179956,3
-1131,6538,179986,3
-1061,6539,180005,3
-1131,6540,180042,3
-1327,6541,180062,3
-674,6542,180070,3
-300,6543,180071,3
-300,6544,180072,3
-977,6545,180101,3
-300,6546,180102,3
-1971,6547,180150,3
-1617,6548,180229,4
-1032,6549,180251,3
-300,6550,180252,3
-5358,6551,180397,3
-924,6552,180409,3
-4302,6553,180566,3
-757,6554,180587,3
-300,6555,180588,3
-677,6556,180673,5
-1384,6557,180718,3
-909,6558,180730,3
-2801,6559,180791,3
-2213,6560,180864,3
-1661,6561,180922,3
-300,6562,180923,3
-300,6563,180924,3
-1934,6564,180993,4
-349,6565,180996,3
-401,6566,181001,3
-2588,6567,181092,3
-1058,6568,181120,3
-441,6569,181127,3
-677,6570,181135,3
-876,6571,181156,3
-2934,6572,181287,4
-2196,6573,181358,4
-526,6574,181363,3
-2250,6575,181424,3
-444,6576,181431,3
-545,6577,181442,3
-3082,6578,181528,3
-2925,6579,181618,3
-300,6580,181619,3
-300,6581,181620,3
-1083,6582,181657,3
-3126,6583,181735,3
-1394,6584,181779,3
-2386,6585,181832,3
-2529,6586,181898,3
-551,6587,181909,3
-300,6588,181910,3
-301,6589,181971,5
-300,6590,181972,3
-527,6591,181983,3
-1437,6592,182016,3
-4873,6593,182132,3
-634,6594,182147,3
-300,6595,182148,3
-2985,6596,182215,3
-1364,6597,182253,3
-1058,6598,182269,3
-1007,6599,182294,3
-1759,6600,182339,3
-300,6601,182340,3
-1058,6602,182366,3
-1137,6603,182384,3
-766,6604,182405,3
-710,6605,182456,4
-673,6606,182467,3
-300,6607,182468,3
-300,6608,182469,3
-2969,6609,182569,3
-300,6610,182570,3
-7107,6611,182798,3
-983,6612,182836,4
-300,6613,182837,3
-677,6614,182845,3
-888,6615,182861,3
-2298,6616,182918,3
-401,6617,182923,3
-300,6618,182924,3
-300,6619,182925,3
-2892,6620,182985,3
-300,6621,182986,3
-349,6622,182989,3
-395,6623,182994,3
-2406,6624,183061,3
-603,6625,183074,3
-7379,6626,183285,3
-349,6627,183288,3
-300,6628,183289,3
-349,6629,183292,3
-526,6630,183297,3
-1869,6631,183345,3
-300,6632,183346,3
-1104,6633,183365,3
-3401,6634,183479,4
-300,6635,183480,3
-877,6636,183512,3
-2282,6637,183570,3
-1421,6638,183595,3
-300,6639,183596,3
-1251,6640,183629,3
-1283,6641,183688,4
-1401,6642,183722,3
-2177,6643,183823,4
-4163,6644,183917,3
-1067,6645,183942,3
-7278,6646,184161,3
-300,6647,184162,3
-300,6648,184163,3
-1054,6649,184192,3
-1567,6650,184243,3
-1056,6651,184265,3
-607,6652,184280,3
-300,6653,184281,3
-2343,6654,184329,3
-300,6655,184330,3
-1553,6656,184379,3
-300,6657,184380,3
-300,6658,184381,3
-2103,6659,184421,3
-526,6660,184426,3
-671,6661,184434,3
-835,6662,184451,3
-2275,6663,184529,3
-3137,6664,184614,3
-300,6665,184615,3
-349,6666,184618,3
-2404,6667,184695,3
-5250,6668,184923,4
-300,6669,184924,3
-300,6670,184925,3
-536,6671,184953,4
-300,6672,184954,3
-300,6673,184955,3
-1064,6674,184995,3
-300,6675,184996,3
-674,6676,185004,3
-2989,6677,185085,3
-2751,6678,185202,4
-835,6679,185237,3
-300,6680,185238,3
-490,6681,185247,3
-988,6682,185261,3
-300,6683,185262,3
-300,6684,185263,3
-1156,6685,185320,4
-3088,6686,185394,3
-2889,6687,185491,3
-1346,6688,185523,3
-2360,6689,185575,3
-2588,6690,185670,4
-5369,6691,185876,4
-1700,6692,185935,3
-1210,6693,185974,3
-1841,6694,186058,4
610,6695,186076,5
-395,6696,186081,3
-687,6697,186100,3
-890,6698,186113,3
-1222,6699,186143,3
-794,6700,186157,3
-300,6701,186158,3
-3326,6702,186235,3
-3153,6703,186328,3
-300,6704,186329,3
-2772,6705,186437,3
-572,6706,186444,3
-1978,6707,186540,4
-490,6708,186549,3
-438,6709,186556,3
-1930,6710,186601,3
-300,6711,186602,3
-2688,6712,186649,3
-948,6713,186670,3
-300,6714,186671,3
-572,6715,186678,3
-1147,6716,186701,3
-1378,6717,186728,3
-502,6718,186737,3
-1860,6719,186770,3
-2233,6720,186836,3
-677,6721,186844,3
-1674,6722,186872,3
-407,6723,186916,4
-531,6724,186953,4
-300,6725,186954,3
-997,6726,186987,3
-863,6727,187001,3
-496,6728,187010,3
-395,6729,187015,3
-1991,6730,187067,3
-300,6731,187068,3
-3726,6732,187182,4
-300,6733,187183,3
-2148,6734,187264,3
-4615,6735,187377,3
-1396,6736,187412,3
-2305,6737,187466,3
-300,6738,187467,3
-2239,6739,187553,4
-502,6740,187562,3
-349,6741,187565,3
-300,6742,187566,3
-2196,6743,187614,3
-478,6744,187623,3
-300,6745,187624,3
-1373,6746,187655,3
-300,6747,187656,3
-300,6748,187657,3
-697,6749,187668,3
-2720,6750,187754,3
-2574,6751,187838,3
-1142,6752,187851,3
-1952,6753,187913,3
-401,6754,187918,3
-865,6755,187939,3
-1428,6756,187978,3
-300,6757,187979,3
-401,6758,187984,3
-1143,6759,188011,3
-4174,6760,188154,4
-6711,6761,188405,4
-300,6762,188406,3
-300,6763,188407,3
-677,6764,188415,3
-2720,6765,188477,3
-1407,6766,188498,3
-775,6767,188510,3
-300,6768,188511,3
-300,6769,188512,3
-300,6770,188513,3
-878,6771,188527,3
-1716,6772,188618,4
-2433,6773,188687,3
-2273,6774,188760,3
-2533,6775,188841,4
-1019,6776,188876,3
-1539,6777,188906,3
-3889,6778,189010,3
-444,6779,189017,3
-321,6780,189070,4
-3113,6781,189179,3
-300,6782,189180,3
-395,6783,189185,3
-300,6784,189186,3
-2676,6785,189240,3
-401,6786,189245,3
-989,6787,189270,3
-300,6788,189271,3
-745,6789,189292,3
-1644,6790,189347,3
-300,6791,189348,3
-1912,6792,189428,3
-581,6793,189435,3
-2317,6794,189486,3
-5549,6795,189661,3
-673,6796,189672,3
-457,6797,189705,4
-3021,6798,189771,3
-1639,6799,189803,3
-585,6800,189816,3
-300,6801,189817,3
-2757,6802,189902,3
-2249,6803,190008,4
-300,6804,190009,3
-2647,6805,190126,4
-300,6806,190127,3
-1644,6807,190157,3
-719,6808,190170,3
-673,6809,190181,3
-3862,6810,190267,3
-1891,6811,190332,3
-2215,6812,190407,3
-300,6813,190408,3
-300,6814,190409,3
-1541,6815,190458,3
-2725,6816,190523,3
-2683,6817,190564,3
-300,6818,190565,3
-3992,6819,190677,3
-1887,6820,190707,3
-300,6821,190708,3
-3266,6822,190815,3
-395,6823,190820,3
-2377,6824,190964,5
-1883,6825,190993,3
-2281,6826,191050,3
-300,6827,191051,3
-885,6828,191143,5
-300,6829,191144,3
-557,6830,191155,3
-744,6831,191170,3
-1368,6832,191219,3
-300,6833,191220,3
-3079,6834,191371,4
-931,6835,191398,3
-2038,6836,191436,3
-349,6837,191439,3
-2230,6838,191492,3
-300,6839,191493,3
-3642,6840,191635,4
-3158,6841,191708,3
-2783,6842,191784,3
-1395,6843,191867,4
-3735,6844,191982,4
-3770,6845,192094,3
-300,6846,192095,3
-4884,6847,192326,4
-1727,6848,192373,3
-1590,6849,192392,3
-673,6850,192407,3
-300,6851,192408,3
-300,6852,192409,3
-6336,6853,192571,3
-572,6854,192578,3
-401,6855,192583,3
-300,6856,192584,3
-594,6857,192597,3
-2760,6858,192672,3
-796,6859,192703,4
-2702,6860,192755,3
-300,6861,192756,3
-300,6862,192757,3
-2117,6863,192800,3
-300,6864,192801,3
-496,6865,192810,3
-671,6866,192827,3
-2224,6867,192868,3
-2786,6868,192980,3
-1875,6869,193055,4
-1388,6870,193077,3
-300,6871,193078,3
-685,6872,193089,3
-300,6873,193090,3
-4150,6874,193194,3
-3651,6875,193311,3
-2085,6876,193366,3
-300,6877,193367,3
-677,6878,193375,3
-1647,6879,193439,4
-1690,6880,193483,3
-300,6881,193484,3
-300,6882,193485,3
-1475,6883,193519,3
-300,6884,193520,3
-2605,6885,193600,3
-585,6886,193613,3
-2699,6887,193677,3
-8655,6888,193918,4
-768,6889,193927,3
-1345,6890,193962,3
-300,6891,193963,3
-1490,6892,194027,4
-1059,6893,194049,3
-3307,6894,194138,3
-300,6895,194139,3
-300,6896,194140,3
-757,6897,194161,3
-1091,6898,194196,3
-747,6899,194211,3
-2202,6900,194262,3
-2277,6901,194316,3
-580,6902,194364,4
-2345,6903,194414,3
-615,6904,194423,3
-618,6905,194432,3
-300,6906,194433,3
-349,6907,194436,3
-349,6908,194439,3
-956,6909,194467,3
-2706,6910,194539,3
-300,6911,194540,3
-2883,6912,194645,3
-1700,6913,194688,3
-2995,6914,194775,3
-1848,6915,194823,3
-2113,6916,194861,3
-1153,6917,194885,3
-300,6918,194886,3
-395,6919,194891,3
-627,6920,194900,3
-2067,6921,194981,4
-1277,6922,195009,3
-6142,6923,195191,3
-674,6924,195199,3
-638,6925,195252,4
-1954,6926,195314,3
-300,6927,195315,3
-526,6928,195320,3
-2119,6929,195365,3
-300,6930,195366,3
-1984,6931,195443,4
-2123,6932,195478,3
-1853,6933,195510,3
-3946,6934,195603,3
-539,6935,195614,3
-300,6936,195615,3
-2919,6937,195691,3
-616,6938,195706,3
-395,6939,195711,3
-4144,6940,195821,3
-616,6941,195827,3
-300,6942,195828,3
-4318,6943,195962,3
-1330,6944,195991,3
-3227,6945,196077,3
-1185,6946,196105,3
-300,6947,196106,3
-4134,6948,196224,3
-584,6949,196231,3
-349,6950,196234,3
-2083,6951,196281,3
-924,6952,196293,3
-3992,6953,196388,3
-300,6954,196389,3
-3848,6955,196544,4
-300,6956,196545,3
-966,6957,196576,3
-900,6958,196614,4
-621,6959,196623,3
-1616,6960,196711,4
-622,6961,196726,3
-300,6962,196727,3
-887,6963,196750,3
-2264,6964,196824,3
-300,6965,196825,3
-2305,6966,196902,3
-572,6967,196909,3
-3753,6968,197009,3
-300,6969,197010,3
-401,6970,197015,3
-1609,6971,197047,3
-750,6972,197066,3
-3001,6973,197144,3
-919,6974,197171,3
-300,6975,197172,3
-868,6976,197189,3
-300,6977,197190,3
-3920,6978,197303,3
-996,6979,197325,3
-1600,6980,197401,4
-300,6981,197402,3
-1813,6982,197437,3
-300,6983,197438,3
-300,6984,197439,3
-300,6985,197440,3
-604,6986,197455,3
-300,6987,197456,3
-2747,6988,197517,3
-957,6989,197556,3
-1391,6990,197633,4
-2729,6991,197695,3
-2528,6992,197830,4
-1452,6993,197870,3
-2873,6994,197925,3
-1412,6995,197980,3
-671,6996,198036,4
-2427,6997,198082,3
-1472,6998,198131,3
-4097,6999,198247,3
-581,7000,198254,3
-300,7001,198255,3
-946,7002,198278,3
-2476,7003,198398,4
-539,7004,198409,3
-1381,7005,198441,3
-1001,7006,198466,3
-2647,7007,198552,3
-1142,7008,198569,3
-300,7009,198570,3
-2233,7010,198653,3
-1133,7011,198684,3
-2905,7012,198746,3
-3813,7013,198845,3
-300,7014,198846,3
-395,7015,198851,3
-2582,7016,198902,3
-869,7017,198921,3
-1868,7018,198970,3
-736,7019,198991,3
-3884,7020,199106,3
-1969,7021,199150,3
-1474,7022,199201,3
-676,7023,199212,3
-487,7024,199287,5
-300,7025,199288,3
-1252,7026,199326,3
-674,7027,199334,3
-300,7028,199335,3
-300,7029,199336,3
-401,7030,199341,3
-300,7031,199342,3
-2016,7032,199390,3
-526,7033,199395,3
-1294,7034,199424,3
-3900,7035,199535,3
-300,7036,199536,3
-300,7037,199537,3
-349,7038,199540,3
-401,7039,199545,3
-300,7040,199546,3
-798,7041,199561,3
-300,7042,199562,3
-444,7043,199569,3
-1940,7044,199646,3
-300,7045,199647,3
-300,7046,199648,3
-1091,7047,199698,3
-2489,7048,199835,4
-2474,7049,199920,3
-572,7050,199927,3
-1825,7051,199996,3
-722,7052,200013,3
-401,7053,200018,3
-1139,7054,200053,3
-4703,7055,200189,3
-1827,7056,200277,4
-791,7057,200300,3
-300,7058,200301,3
-349,7059,200304,3
-1345,7060,200355,3
-401,7061,200360,3
-3958,7062,200492,4
-645,7063,200501,3
-1051,7064,200516,3
-300,7065,200517,3
-572,7066,200524,3
-484,7067,200533,3
-1940,7068,200660,4
-927,7069,200675,3
-3325,7070,200783,3
-3193,7071,200902,3
-649,7072,200917,3
-2696,7073,201007,4
-3251,7074,201144,4
-300,7075,201145,3
-3117,7076,201212,3
-1191,7077,201249,3
-1304,7078,201335,4
-1123,7079,201349,3
-2023,7080,201442,4
-4170,7081,201626,4
-300,7082,201627,3
-401,7083,201632,3
-300,7084,201633,3
-578,7085,201661,4
-2210,7086,201741,3
-4816,7087,201876,3
-3202,7088,201981,3
-2166,7089,202023,3
-1466,7090,202066,3
-1609,7091,202095,3
-1285,7092,202140,3
-619,7093,202155,3
-395,7094,202160,3
-3646,7095,202255,3
-349,7096,202258,3
-300,7097,202259,3
-1124,7098,202285,3
-300,7099,202286,3
-2256,7100,202403,4
-4163,7101,202546,4
-1813,7102,202594,3
-1197,7103,202646,4
-2148,7104,202709,3
-2656,7105,202804,3
-401,7106,202809,3
-3315,7107,202890,3
-300,7108,202891,3
-401,7109,202896,3
-1522,7110,202920,3
-401,7111,202925,3
-2045,7112,202980,3
-4191,7113,203115,3
-2578,7114,203155,3
-300,7115,203156,3
-300,7116,203157,3
-401,7117,203162,3
-3099,7118,203240,3
-526,7119,203245,3
-2690,7120,203322,3
-533,7121,203333,3
-300,7122,203334,3
-849,7123,203380,4
-787,7124,203392,3
-300,7125,203393,3
-349,7126,203396,3
-677,7127,203404,3
-2935,7128,203538,4
-957,7129,203568,3
-438,7130,203575,3
-1368,7131,203645,4
-944,7132,203665,3
-300,7133,203666,3
-349,7134,203669,3
-401,7135,203674,3
-3192,7136,203761,3
-2809,7137,203860,3
-300,7138,203861,3
-924,7139,203882,3
-1471,7140,203908,3
-635,7141,203959,4
-2653,7142,204033,3
-1095,7143,204054,3
-300,7144,204055,3
-300,7145,204056,3
-3033,7146,204177,3
-4091,7147,204283,3
-1879,7148,204315,3
-2417,7149,204394,3
-526,7150,204399,3
-450,7151,204406,3
-484,7152,204415,3
-3856,7153,204507,3
-4649,7154,204644,3
-6403,7155,204848,3
-693,7156,204867,3
-1986,7157,204939,3
-401,7158,204944,3
-300,7159,204945,3
-2166,7160,205041,4
-4476,7161,205152,3
-2937,7162,205240,3
-3297,7163,205342,3
-1960,7164,205384,3
-1962,7165,205418,3
-1042,7166,205475,4
-1802,7167,205536,3
-1454,7168,205564,3
-5596,7169,205744,3
-300,7170,205745,3
-300,7171,205746,3
-526,7172,205751,3
-1448,7173,205804,3
-3218,7174,205922,3
-349,7175,205925,3
-4962,7176,206078,3
-3725,7177,206160,3
-582,7178,206173,3
-300,7179,206174,3
-1687,7180,206218,3
-300,7181,206219,3
-6101,7182,206424,3
-613,7183,206439,3
-7807,7184,206702,3
-300,7185,206703,3
-1795,7186,206748,3
-1102,7187,206857,5
-4713,7188,206986,3
-3546,7189,207068,3
-2612,7190,207157,3
-4134,7191,207322,4
-758,7192,207345,3
-606,7193,207366,3
-845,7194,207385,3
-621,7195,207394,3
-668,7196,207411,3
-1480,7197,207447,3
-1988,7198,207490,3
-401,7199,207495,3
-3469,7200,207583,3
-884,7201,207602,3
-2104,7202,207668,3
-674,7203,207676,3
-1236,7204,207704,3
52,7205,207754,5
-585,7206,207767,3
-4148,7207,207909,3
-1045,7208,207942,3
-526,7209,207947,3
-4997,7210,208074,3
-1195,7211,208122,4
-300,7212,208123,3
-300,7213,208124,3
-2100,7214,208209,4
-300,7215,208210,3
-2365,7216,208287,3
-763,7217,208299,3
-300,7218,208300,3
-3321,7219,208396,3
-3949,7220,208544,4
-502,7221,208553,3
-3980,7222,208660,3
-3383,7223,208748,3
-6832,7224,208930,3
-1277,7225,208952,3
-2643,7226,209054,3
-3943,7227,209197,3
-2003,7228,209234,3
-1455,7229,209256,3
-300,7230,209257,3
-1655,7231,209311,4
-1791,7232,209341,3
-526,7233,209346,3
-603,7234,209359,3
-3975,7235,209537,4
-1617,7236,209574,3
-2228,7237,209726,5
-401,7238,209731,3
-2989,7239,209783,3
-526,7240,209788,3
-300,7241,209789,3
-450,7242,209796,3
-1471,7243,209811,3
-1467,7244,209876,4
-1810,7245,209914,3
-683,7246,209931,3
-300,7247,209932,3
-3820,7248,210039,3
-1918,7249,210180,5
-1951,7250,210231,3
-5729,7251,210392,3
-3931,7252,210490,3
-2332,7253,210564,3
-572,7254,210571,3
-1438,7255,210612,3
-2658,7256,210663,3
-300,7257,210664,3
-1402,7258,210715,3
-581,7259,210722,3
-300,7260,210723,3
-2867,7261,210781,3
-3638,7262,210884,3
-606,7263,210913,4
-760,7264,210925,3
-300,7265,210926,3
-753,7266,210935,3
-665,7267,210952,3
-4497,7268,211123,3
-502,7269,211132,3
-876,7270,211157,3
-1160,7271,211198,3
-3884,7272,211307,3
-5589,7273,211542,4
-300,7274,211543,3
-300,7275,211544,3
-1717,7276,211573,3
-395,7277,211578,3
-621,7278,211591,3
-395,7279,211596,3
-4666,7280,211696,3
-526,7281,211701,3
-6175,7282,211883,3
-1835,7283,211948,3
-2527,7284,212040,3
-450,7285,212047,3
-1680,7286,212089,3
-300,7287,212090,3
-447,7288,212097,3
-3283,7289,212174,3
-3800,7290,212313,3
-881,7291,212342,4
-2778,7292,212405,3
-5293,7293,212578,3
-300,7294,212579,3
-679,7295,212590,3
-1449,7296,212645,3
-300,7297,212646,3
-584,7298,212653,3
-3472,7299,212739,3
-1950,7300,212796,3
-300,7301,212797,3
-1944,7302,212860,3
-1055,7303,212885,3
-2082,7304,212916,3
-932,7305,212945,3
-572,7306,212952,3
-300,7307,212953,3
-2657,7308,213049,4
-2021,7309,213116,3
-795,7310,213131,3
-1403,7311,213202,4
-2005,7312,213256,3
-2638,7313,213336,3
-1112,7314,213382,4
-300,7315,213383,3
-4240,7316,213541,4
-616,7317,213547,3
-2017,7318,213597,3
-5929,7319,213759,3
-2912,7320,213827,3
-1564,7321,213890,3
-695,7322,213907,3
-2733,7323,213973,3
-502,7324,213982,3
-1647,7325,214106,5
-526,7326,214111,3
-1760,7327,214175,3
-1623,7328,214230,3
-1363,7329,214265,3
-2435,7330,214320,3
-1801,7331,214370,3
-300,7332,214371,3
-484,7333,214380,3
-1140,7334,214402,3
-526,7335,214407,3
-2257,7336,214455,3
-2927,7337,214528,3
-911,7338,214547,3
-1106,7339,214581,3
-573,7340,214594,3
-3615,7341,214723,3
-1820,7342,214779,3
-1392,7343,214818,3
-300,7344,214819,3
-300,7345,214820,3
-588,7346,214833,3
-395,7347,214838,3
-3337,7348,214907,3
-1237,7349,214942,3
-300,7350,214943,3
-4531,7351,215080,3
-3230,7352,215144,3
-1204,7353,215167,3
-444,7354,215174,3
-3803,7355,215344,4
-447,7356,215351,3
-300,7357,215352,3
-1538,7358,215395,3
-2131,7359,215445,3
-1841,7360,215500,3
-1307,7361,215547,3
-1092,7362,215574,3
-524,7363,215585,3
-1227,7364,215612,3
-7277,7365,215856,3
-3371,7366,215971,3
-300,7367,215972,3
-300,7368,215973,3
-300,7369,215974,3
-1066,7370,216003,3
-2131,7371,216062,3
-2251,7372,216109,3
-487,7373,216118,3
-692,7374,216135,3
-1535,7375,216163,3
-300,7376,216164,3
-438,7377,216171,3
-4097,7378,216313,3
-811,7379,216324,3
-5039,7380,216460,4
-643,7381,216475,3
-300,7382,216476,3
-2073,7383,216530,3
-581,7384,216537,3
-300,7385,216538,3
-300,7386,216539,3
-526,7387,216544,3
-300,7388,216545,3
-814,7389,216566,3
-548,7390,216577,3
-300,7391,216578,3
-1433,7392,216631,3
-2251,7393,216673,3
-2497,7394,216729,3
-2262,7395,216807,3
-897,7396,216856,4
-1198,7397,216891,3
-456,7398,216898,3
-1224,7399,216940,3
-401,7400,216945,3
-1092,7401,216967,3
-2168,7402,217050,3
-800,7403,217073,3
-4117,7404,217193,3
-300,7405,217194,3
-1163,7406,217235,3
-1918,7407,217310,3
-2765,7408,217434,4
-401,7409,217439,3
-906,7410,217464,3
-1695,7411,217509,3
-965,7412,217529,3
-1788,7413,217650,5
-1263,7414,217761,5
-300,7415,217762,3
-2664,7416,217877,4
-2865,7417,217974,3
-401,7418,217979,3
-1391,7419,218022,3
-4029,7420,218118,3
-2198,7421,218180,3
-300,7422,218181,3
-300,7423,218182,3
-836,7424,218205,3
-300,7425,218206,3
-300,7426,218207,3
-2307,7427,218259,3
-5417,7428,218459,3
-2477,7429,218527,3
-4431,7430,218688,4
-401,7431,218693,3
-828,7432,218718,3
-1591,7433,218747,3
-631,7434,218762,3
-3170,7435,218862,3
-300,7436,218863,3
-1121,7437,218888,3
-5512,7438,219046,3
-1683,7439,219101,4
-502,7440,219110,3
-895,7441,219128,3
-300,7442,219129,3
-2841,7443,219201,3
-1138,7444,219231,3
-627,7445,219240,3
-1181,7446,219271,3
-883,7447,219288,3
-627,7448,219297,3
-771,7449,219306,3
-1510,7450,219347,3
-2618,7451,219429,3
-1943,7452,219526,4
-3679,7453,219671,4
-1778,7454,219706,3
-1224,7455,219749,3
-1443,7456,219813,4
-300,7457,219814,3
-572,7458,219821,3
-3171,7459,219954,4
-3576,7460,220026,3
-2290,7461,220089,3
-401,7462,220094,3
-1751,7463,220143,3
-300,7464,220144,3
-2356,7465,220227,3
-2058,7466,220300,3
-735,7467,220310,3
-401,7468,220315,3
-1500,7469,220369,3
-5008,7470,220506,3
-1400,7471,220549,3
-4278,7472,220658,3
-3022,7473,220765,3
63,7474,220815,5
-1421,7475,220859,3
-582,7476,220872,3
-349,7477,220875,3
-536,7478,220886,3
-2844,7479,220958,3
-401,7480,220963,3
-1179,7481,220990,3
-300,7482,220991,3
-300,7483,220992,3
-1353,7484,221038,4
-1412,7485,221069,3
-444,7486,221076,3
-3134,7487,221185,3
-526,7488,221190,3
-5731,7489,221336,3
-1688,7490,221395,3
-300,7491,221396,3
-2660,7492,221455,3
-401,7493,221460,3
-2048,7494,221521,3
-1481,7495,221553,3
-2368,7496,221603,3
-3814,7497,221704,3
-1803,7498,221752,3
-3127,7499,221850,3
-526,7500,221855,3
-2639,7501,221931,3
-1817,7502,221993,3
-682,7503,222004,3
-3137,7504,222093,3
-4472,7505,222238,3
-763,7506,222259,3
-4101,7507,222359,3
-1120,7508,222383,3
-581,7509,222390,3
-3543,7510,222483,3
-1513,7511,222534,3
-5084,7512,222705,4
-2395,7513,222792,3
-3828,7514,222937,3
-2367,7515,222980,3
-946,7516,223007,3
-1457,7517,223045,3
-300,7518,223046,3
-1890,7519,223079,3
-1294,7520,223105,3
-683,7521,223122,3
-444,7522,223129,3
-1761,7523,223208,4
-1323,7524,223223,3
-349,7525,223226,3
-2097,7526,223283,3
-4108,7527,223391,3
-837,7528,223421,3
-6271,7529,223672,4
-1573,7530,223713,3
-300,7531,223714,3
-886,7532,223745,4
-349,7533,223748,3
-1081,7534,223771,3
-1034,7535,223796,3
-1611,7536,223841,3
-1209,7537,223908,4
-6042,7538,224121,3
-843,7539,224159,4
-349,7540,224162,3
-401,7541,224167,3
-2746,7542,224250,3
-3182,7543,224329,3
-640,7544,224344,3
-572,7545,224351,3
-1528,7546,224398,3
-300,7547,224399,3
-1466,7548,224476,4
-872,7549,224490,3
-3102,7550,224596,3
-300,7551,224597,3
-300,7552,224598,3
-300,7553,224599,3
-674,7554,224607,3
-300,7555,224608,3
-778,7556,224620,3
-300,7557,224621,3
-300,7558,224622,3
-401,7559,224627,3
-3425,7560,224721,3
-487,7561,224730,3
-395,7562,224735,3
-401,7563,224740,3
-1656,7564,224800,3
-3213,7565,224881,3
-300,7566,224882,3
-4219,7567,225050,4
-2242,7568,225124,3
-2060,7569,225273,5
-438,7570,225280,3
-1677,7571,225341,3
-349,7572,225344,3
-5733,7573,225462,3
-2047,7574,225500,3
389,7575,225552,5
-572,7576,225559,3
-300,7577,225560,3
-526,7578,225565,3
-1870,7579,225627,3
-6074,7580,225852,4
-2644,7581,225989,4
-1447,7582,226025,3
-526,7583,226030,3
-743,7584,226043,3
-1893,7585,226097,3
-1169,7586,226131,3
-300,7587,226132,3
-1874,7588,226197,3
-1530,7589,226224,3
-395,7590,226229,3
-927,7591,226241,3
-3319,7592,226367,3
-2271,7593,226410,3
-1595,7594,226447,3
-4506,7595,226576,3
-395,7596,226581,3
-300,7597,226582,3
-1898,7598,226643,3
-1589,7599,226686,3
-3814,7600,226814,4
-1177,7601,226844,3
-2092,7602,226954,4
-482,7603,227028,5
-1077,7604,227050,3
-857,7605,227060,3
-3062,7606,227157,3
-1788,7607,227190,3
-2190,7608,227259,3
-824,7609,227282,3
-753,7610,227291,3
-6150,7611,227465,3
-2231,7612,227520,3
-4663,7613,227648,3
-2839,7614,227716,3
-5554,7615,227920,4
-300,7616,227921,3
-300,7617,227922,3
-300,7618,227923,3
-949,7619,227946,3
-1614,7620,228007,3
-3565,7621,228092,3
-3110,7622,228186,3
-2384,7623,228226,3
-1795,7624,228274,3
-2466,7625,228341,3
-526,7626,228346,3
-530,7627,228357,3
-1644,7628,228428,4
-2725,7629,228526,3
-300,7630,228527,3
-395,7631,228532,3
-1475,7632,228610,4
-1545,7633,228637,3
-300,7634,228638,3
-1189,7635,228668,3
-447,7636,228675,3
-584,7637,228682,3
-349,7638,228685,3
-5593,7639,228874,4
-1844,7640,228902,3
-1793,7641,228934,3
-3411,7642,229087,4
-1825,7643,229146,3
-2349,7644,229215,3
-1402,7645,229287,4
-300,7646,229288,3
-2224,7647,229379,4
-2212,7648,229451,3
-1207,7649,229475,3
-300,7650,229476,3
-526,7651,229481,3
-300,7652,229482,3
98,7653,229518,5
-1363,7654,229572,4
-790,7655,229673,5
-2847,7656,229745,3
-2224,7657,229793,3
-616,7658,229799,3
-401,7659,229804,3
-2139,7660,229852,3
-2198,7661,229904,3
-3163,7662,230057,4
-572,7663,230064,3
-2277,7664,230149,4
-628,7665,230164,3
-2211,7666,230236,3
-2460,7667,230299,3
-1762,7668,230367,3
-300,7669,230368,3
-2664,7670,230431,3
-751,7671,230452,3
-1823,7672,230522,3
-904,7673,230549,3
-809,7674,230580,3
-3279,7675,230656,3
-502,7676,230665,3
-401,7677,230670,3
-2359,7678,230771,4
-677,7679,230788,3
-5540,7680,230946,3
-3250,7681,231060,3
-401,7682,231065,3
-2986,7683,231154,3
-3487,7684,231238,3
-2248,7685,231286,3
-4074,7686,231389,3
-300,7687,231390,3
-3608,7688,231514,3
-3313,7689,231594,3
-5152,7690,231728,3
-2697,7691,231785,3
-450,7692,231792,3
-801,7693,231807,3
-2254,7694,231867,3
-1723,7695,231935,3
-1671,7696,231971,3
-1328,7697,232018,3
-1699,7698,232044,3
-526,7699,232049,3
-300,7700,232050,3
-743,7701,232089,4
-2447,7702,232168,3
-790,7703,232180,3
-2044,7704,232212,3
-588,7705,232225,3
-830,7706,232239,3
-9014,7707,232528,3
-581,7708,232535,3
-215,7709,232559,4
-502,7710,232568,3
-572,7711,232575,3
-300,7712,232576,3
-1267,7713,232611,3
-1518,7714,232665,3
-502,7715,232674,3
-1596,7716,232735,3
-300,7717,232736,3
-526,7718,232741,3
-300,7719,232742,3
-4079,7720,232835,3
-600,7721,232848,3
-526,7722,232853,3
-1749,7723,232889,3
-3157,7724,232972,3
-1647,7725,233100,5
-395,7726,233105,3
-300,7727,233106,3
-640,7728,233121,3
-786,7729,233136,3
-1002,7730,233176,3
-490,7731,233185,3
-526,7732,233190,3
-5802,7733,233340,3
-806,7734,233354,3
-616,7735,233360,3
-2335,7736,233443,3
-1704,7737,233467,3
-1681,7738,233517,3
-401,7739,233522,3
-616,7740,233528,3
-627,7741,233537,3
-851,7742,233559,3
-4117,7743,233675,3
-3434,7744,233790,3
-655,7745,233805,3
-800,7746,233828,3
-7723,7747,234067,3
-634,7748,234082,3
-1572,7749,234121,3
-4232,7750,234260,3
-7940,7751,234457,3
-1650,7752,234488,3
-3039,7753,234558,3
-1120,7754,234572,3
-1085,7755,234588,3
-401,7756,234593,3
-401,7757,234598,3
-7086,7758,234812,3
-7138,7759,235015,3
-484,7760,235024,3
-2690,7761,235080,3
-705,7762,235090,3
-2406,7763,235162,3
-2291,7764,235247,3
-1972,7765,235312,3
-1243,7766,235347,3
-3336,7767,235435,3
-3066,7768,235574,4
-1400,7769,235605,3
-300,7770,235606,3
-3866,7771,235758,4
-1877,7772,235795,3
-300,7773,235796,3
-1195,7774,235831,3
-502,7775,235840,3
-526,7776,235845,3
-300,7777,235846,3
-1462,7778,235882,3
-1561,7779,235915,3
-1531,7780,235980,3
-300,7781,235981,3
-1930,7782,236035,3
-300,7783,236036,3
-1718,7784,236070,3
-2417,7785,236155,3
-349,7786,236158,3
-401,7787,236163,3
-300,7788,236164,3
-1041,7789,236191,3
-444,7790,236198,3
-300,7791,236199,3
-401,7792,236204,3
-300,7793,236205,3
-300,7794,236206,3
-3597,7795,236308,3
-300,7796,236309,3
-964,7797,236332,3
-300,7798,236333,3
-1928,7799,236400,3
-872,7800,236413,3
-3637,7801,236515,3
-863,7802,236534,3
-1724,7803,236611,4
-2492,7804,236664,3
-1423,7805,236752,4
-1990,7806,236785,3
-1120,7807,236824,3
-1985,7808,236858,3
-300,7809,236859,3
-526,7810,236864,3
-643,7811,236879,3
-909,7812,236895,3
-2991,7813,237043,4
-627,7814,237052,3
-2553,7815,237155,3
-1684,7816,237187,3
-1371,7817,237211,3
-526,7818,237216,3
-1002,7819,237247,3
-4492,7820,237361,3
-771,7821,237380,3
-572,7822,237387,3
-836,7823,237401,3
-2545,7824,237447,3
-401,7825,237452,3
-300,7826,237453,3
-349,7827,237456,3
-300,7828,237457,3
-539,7829,237468,3
-4355,7830,237572,3
-1829,7831,237628,3
-4764,7832,237751,3
-597,7833,237764,3
-4448,7834,237903,3
-300,7835,237904,3
-771,7836,237913,3
-1304,7837,237944,3
-995,7838,237969,3
-1668,7839,238066,4
-2937,7840,238135,3
-1702,7841,238191,3
-2426,7842,238287,4
-1111,7843,238316,3
-300,7844,238317,3
-1662,7845,238363,3
-300,7846,238364,3
-584,7847,238371,3
-728,7848,238384,3
-3334,7849,238512,4
-2151,7850,238549,3
-2342,7851,238628,3
-300,7852,238629,3
-526,7853,238634,3
-4827,7854,238790,3
-2246,7855,238886,4
-300,7856,238887,3
-3505,7857,238982,3
-5265,7858,239159,3
-2788,7859,239254,3
-2560,7860,239338,3
-1689,7861,239408,4
-1479,7862,239453,3
-2497,7863,239521,3
-164,7864,239581,5
-1945,7865,239632,4
-2236,7866,239688,3
-2562,7867,239746,3
-300,7868,239747,3
-2298,7869,239832,3
-6036,7870,240003,3
-2103,7871,240067,3
-4306,7872,240223,4
-2631,7873,240316,3
-6120,7874,240484,3
-1679,7875,240554,4
-300,7876,240555,3
-7947,7877,240817,4
-903,7878,240838,3
-401,7879,240843,3
-1215,7880,240880,3
-2108,7881,240932,3
-300,7882,240933,3
-686,7883,240950,3
-1713,7884,241011,3
-300,7885,241012,3
-4664,7886,241157,3
-4388,7887,241320,3
-438,7888,241327,3
-2031,7889,241385,3
-395,7890,241390,3
-1011,7891,241412,3
-2355,7892,241509,4
-2156,7893,241570,3
-1372,7894,241588,3
-581,7895,241595,3
-815,7896,241618,3
-300,7897,241619,3
-395,7898,241624,3
-2041,7899,241666,3
-526,7900,241671,3
896,7901,241686,5
-934,7902,241713,3
-572,7903,241720,3
-401,7904,241725,3
-1111,7905,241745,3
-1819,7906,241783,3
-1185,7907,241820,3
-490,7908,241829,3
-300,7909,241830,3
-484,7910,241839,3
-1723,7911,241886,3
-300,7912,241887,3
-2794,7913,241962,3
-2020,7914,242007,3
-401,7915,242012,3
-827,7916,242031,3
-526,7917,242036,3
-300,7918,242037,3
-4368,7919,242187,4
-2986,7920,242283,3
-2455,7921,242404,4
-300,7922,242405,3
-789,7923,242420,3
-300,7924,242421,3
-5035,7925,242612,3
-300,7926,242613,3
-4002,7927,242712,3
-719,7928,242725,3
-401,7929,242730,3
-929,7930,242759,3
-572,7931,242766,3
-1987,7932,242832,3
-753,7933,242841,3
-300,7934,242842,3
-8354,7935,243120,3
-680,7936,243137,3
-2067,7937,243186,3
-4770,7938,243312,3
-882,7939,243337,3
-3680,7940,243422,3
-4478,7941,243546,3
-4868,7942,243673,3
-300,7943,243674,3
-1746,7944,243710,3
-438,7945,243717,3
-572,7946,243724,3
-3256,7947,243805,3
-5018,7948,244032,4
-1445,7949,244054,3
-561,7950,244067,3
-1768,7951,244114,3
-1189,7952,244137,3
-3202,7953,244214,3
-300,7954,244215,3
-8646,7955,244487,4
-300,7956,244488,3
-2534,7957,244534,3
-2713,7958,244614,3
-1376,7959,244645,3
-401,7960,244650,3
-3238,7961,244764,3
-3225,7962,244904,4
-3310,7963,245011,3
-5752,7964,245188,3
-615,7965,245197,3
-1858,7966,245338,5
-1323,7967,245377,3
-1315,7968,245397,3
-1158,7969,245424,3
-2684,7970,245488,3
-300,7971,245489,3
-2705,7972,245550,3
-1093,7973,245583,3
-300,7974,245584,3
-300,7975,245585,3
-3134,7976,245658,3
-1380,7977,245707,3
-2297,7978,245765,3
-300,7979,245766,3
-300,7980,245767,3
-2445,7981,245831,3
-300,7982,245832,3
-807,7983,245857,3
-1615,7984,245922,3
-2369,7985,245962,3
-6191,7986,246115,3
-662,7987,246123,3
-633,7988,246132,3
-2196,7989,246207,3
-4866,7990,246331,3
-300,7991,246332,3
-3671,7992,246453,3
-1420,7993,246519,4
-634,7994,246534,3
-1013,7995,246578,3
-4594,7996,246737,3
-1108,7997,246767,3
-759,7998,246782,3
-2593,7999,246844,3
-395,8000,246849,3
-4873,8001,247017,3
-526,8002,247022,3
-680,8003,247039,3
-2912,8004,247106,3
10,8005,247158,5
-300,8006,247159,3
-970,8007,247176,3
-401,8008,247181,3
-300,8009,247182,3
-300,8010,247183,3
-1237,8011,247228,3
-401,8012,247233,3
-685,8013,247248,3
-300,8014,247249,3
-8880,8015,247501,4
-395,8016,247506,3
-901,8017,247524,3
-300,8018,247525,3
-1952,8019,247593,3
-3417,8020,247712,4
-401,8021,247717,3
-4004,8022,247844,3
-1673,8023,247903,3
-300,8024,247904,3
-349,8025,247907,3
-1947,8026,247976,3
-808,8027,247987,3
-750,8028,248002,3
-2430,8029,248053,3
-300,8030,248054,3
-401,8031,248059,3
-401,8032,248064,3
-776,8033,248087,3
-1046,8034,248122,3
-401,8035,248127,3
-521,8036,248138,3
-1290,8037,248248,5
-5796,8038,248446,3
-2977,8039,248520,3
-3947,8040,248636,4
-3870,8041,248742,3
-395,8042,248747,3
-401,8043,248752,3
-1529,8044,248850,4
-3579,8045,248944,3
-820,8046,248980,3
-1201,8047,249019,3
-401,8048,249024,3
-930,8049,249040,3
-1458,8050,249070,3
-711,8051,249089,3
-2568,8052,249176,3
-2686,8053,249296,3
-1483,8054,249322,3
-2539,8055,249372,3
-831,8056,249397,3
-1845,8057,249433,3
-515,8058,249444,3
-300,8059,249445,3
-1750,8060,249492,3
-813,8061,249507,3
-3775,8062,249654,3
-444,8063,249661,3
-526,8064,249666,3
-3607,8065,249761,3
-976,8066,249775,3
-12226,8067,250189,4
-3437,8068,250286,3
-774,8069,250349,4
-2793,8070,250451,3
-2183,8071,250530,3
-852,8072,250555,3
-1282,8073,250624,4
-3390,8074,250720,3
-721,8075,250741,3
-591,8076,250754,3
-615,8077,250763,3
-395,8078,250768,3
-579,8079,250781,3
-3334,8080,250853,3
-2956,8081,250921,3
-5355,8082,251048,3
-1575,8083,251078,3
-300,8084,251079,3
-300,8085,251080,3
356,8086,251124,5
-300,8087,251125,3
-300,8088,251126,3
-673,8089,251137,3
-2681,8090,251301,5
-2094,8091,251355,3
-3431,8092,251431,3
-5071,8093,251593,3
-1855,8094,251641,3
-5235,8095,251815,3
-300,8096,251816,3
-834,8097,251883,4
-300,8098,251884,3
-395,8099,251889,3
-732,8100,251899,3
-1269,8101,251957,4
-3338,8102,252112,4
-800,8103,252135,3
-2796,8104,252198,3
-300,8105,252199,3
-1442,8106,252237,3
-2048,8107,252310,3
-1320,8108,252334,3
-300,8109,252335,3
-1784,8110,252390,3
-526,8111,252395,3
-496,8112,252404,3
-1624,8113,252461,3
-2127,8114,252519,3
-4378,8115,252688,4
-768,8116,252707,3
-4403,8117,252815,3
-2686,8118,252868,3
-349,8119,252871,3
-1034,8120,252896,3
-3186,8121,252974,3
-1492,8122,253086,5
-496,8123,253095,3
-2723,8124,253217,4
-539,8125,253228,3
-1881,8126,253310,3
-401,8127,253315,3
-1424,8128,253358,3
-401,8129,253363,3
-300,8130,253364,3
-866,8131,253383,3
-1930,8132,253458,3
-2120,8133,253504,3
-2586,8134,253561,3
-300,8135,253562,3
-900,8136,253651,5
-3820,8137,253764,3
-1545,8138,253840,4
-4512,8139,254011,3
-695,8140,254028,3
-702,8141,254047,3
-300,8142,254048,3
-734,8143,254065,3
-1322,8144,254106,3
-300,8145,254107,3
-2897,8146,254219,3
-2499,8147,254333,4
-3808,8148,254438,3
-798,8149,254453,3
-3331,8150,254582,3
-3409,8151,254711,4
-398,8152,254716,3
-300,8153,254717,3
-910,8154,254744,3
-915,8155,254826,5
-3988,8156,254982,4
-695,8157,254999,3
-2845,8158,255118,4
-3657,8159,255217,3
-300,8160,255218,3
-6453,8161,255470,3
-974,8162,255498,3
-3413,8163,255635,3
-916,8164,255662,3
-358,8165,255719,4
-31,8166,255787,5
-939,8167,255808,3
-300,8168,255809,3
-526,8169,255814,3
-526,8170,255819,3
-3231,8171,255946,4
-300,8172,255947,3
-1003,8173,255961,3
-1824,8174,256018,3
-1168,8175,256051,3
-2275,8176,256134,3
-1495,8177,256175,3
-627,8178,256184,3
-975,8179,256215,3
-1069,8180,256254,3
-526,8181,256259,3
-557,8182,256293,4
-2545,8183,256353,3
-903,8184,256368,3
-966,8185,256399,3
-896,8186,256428,3
-2738,8187,256517,3
-988,8188,256544,3
-4388,8189,256759,4
-1575,8190,256795,3
-5051,8191,256934,3
-526,8192,256939,3
-526,8193,256944,3
-627,8194,256953,3
-401,8195,256958,3
-5812,8196,257168,3
-2585,8197,257251,3
-3099,8198,257321,3
-1080,8199,257348,3
-616,8200,257354,3
-2679,8201,257423,3
-526,8202,257428,3
-1487,8203,257481,3
-1813,8204,257608,5
-502,8205,257617,3
-6704,8206,257831,3
-1008,8207,257852,3
-876,8208,257877,3
-673,8209,257888,3
-300,8210,257889,3
-3263,8211,258006,4
-2796,8212,258093,3
-4641,8213,258223,3
-526,8214,258228,3
-883,8215,258245,3
-401,8216,258250,3
-4651,8217,258381,3
-2722,8218,258498,3
-5358,8219,258639,3
-1542,8220,258694,3
-3395,8221,258866,4
-1096,8222,258898,3
-643,8223,258913,3
-401,8224,258918,3
-300,8225,258919,3
-1264,8226,258960,3
-768,8227,258969,3
-401,8228,258974,3
-2458,8229,259061,3
-2312,8230,259155,3
-1778,8231,259210,3
-1794,8232,259246,3
-2325,8233,259325,3
-2294,8234,259395,3
-401,8235,259400,3
-584,8236,259407,3
-2888,8237,259477,3
-1798,8238,259540,3
-300,8239,259541,3
-3569,8240,259680,3
-717,8241,259690,3
-3358,8242,259763,3
-2524,8243,259837,3
-4615,8244,259953,3
-8873,8245,260228,3
-300,8246,260229,3
-1624,8247,260277,3
-1527,8248,260314,3
-3799,8249,260403,3
-2230,8250,260480,3
-2830,8251,260536,3
-1525,8252,260568,3
-3250,8253,260631,3
-300,8254,260632,3
-300,8255,260633,3
-401,8256,260638,3
-3301,8257,260811,4
-3305,8258,260887,3
-4139,8259,261020,3
-401,8260,261025,3
-8836,8261,261273,3
-670,8262,261284,3
-687,8263,261303,3
-450,8264,261310,3
-808,8265,261327,3
-3078,8266,261438,3
-542,8267,261449,3
-300,8268,261450,3
-1365,8269,261483,3
-300,8270,261484,3
-4630,8271,261677,4
-526,8272,261682,3
-1209,8273,261719,3
-594,8274,261732,3
-837,8275,261757,3
-300,8276,261758,3
-300,8277,261759,3
-7815,8278,262014,3
-2827,8279,262071,3
-7708,8280,262286,3
-300,8281,262287,3
-2123,8282,262340,3
-1089,8283,262361,3
-4460,8284,262483,3
-2770,8285,262554,3
-1099,8286,262568,3
-300,8287,262569,3
-1880,8288,262609,3
-582,8289,262622,3
-4406,8290,262750,3
-1190,8291,262791,3
-4177,8292,262917,3
-1720,8293,262959,3
-2691,8294,263025,3
-1132,8295,263049,3
-548,8296,263060,3
-300,8297,263061,3
-1414,8298,263096,3
-2290,8299,263149,3
-1809,8300,263210,3
-300,8301,263211,3
-78,8302,263242,4
-300,8303,263243,3
-584,8304,263250,3
-300,8305,263251,3
-2990,8306,263355,3
-1549,8307,263402,3
-2411,8308,263460,3
-1998,8309,263500,3
-4188,8310,263626,3
-300,8311,263627,3
-616,8312,263633,3
-300,8313,263634,3
-401,8314,263639,3
-526,8315,263644,3
-1865,8316,263685,3
-526,8317,263690,3
-864,8318,263715,3
-526,8319,263720,3
-674,8320,263728,3
-616,8321,263734,3
-3573,8322,263869,3
-2377,8323,263926,3
-1142,8324,263997,4
-1599,8325,264024,3
-705,8326,264043,3
-300,8327,264044,3
-2494,8328,264094,3
-674,8329,264102,3
-567,8330,264115,3
-1016,8331,264140,3
-2035,8332,264212,3
-1961,8333,264249,3
-1331,8334,264281,3
-300,8335,264282,3
-677,8336,264299,3
-645,8337,264308,3
-1848,8338,264374,3
-2107,8339,264421,3
-5587,8340,264570,3
-8098,8341,264836,3
-300,8342,264837,3
-674,8343,264845,3
-2470,8344,264943,3
-2414,8345,265038,3
-300,8346,265039,3
-875,8347,265053,3
-1270,8348,265098,3
-526,8349,265103,3
-3084,8350,265179,3
-424,8351,265231,4
-401,8352,265236,3
-728,8353,265249,3
-961,8354,265267,3
-6247,8355,265472,4
-490,8356,265481,3
-300,8357,265482,3
-4482,8358,265623,3
-450,8359,265630,3
-526,8360,265635,3
-300,8361,265636,3
-5557,8362,265788,3
-401,8363,265793,3
-496,8364,265802,3
-5594,8365,266090,5
-300,8366,266091,3
-685,8367,266102,3
-3917,8368,266211,3
-1183,8369,266265,3
-783,8370,266280,3
-3137,8371,266356,3
-921,8372,266377,3
-762,8373,266392,3
-2137,8374,266463,3
-395,8375,266468,3
-526,8376,266473,3
-300,8377,266474,3
-4000,8378,266621,3
-300,8379,266622,3
-1945,8380,266696,3
-2287,8381,266744,3
-300,8382,266745,3
-1375,8383,266790,3
-300,8384,266791,3
-300,8385,266792,3
-300,8386,266793,3
-300,8387,266794,3
-1990,8388,266839,3
-1486,8389,266880,3
-401,8390,266885,3
-1687,8391,266946,4
-444,8392,266953,3
-4092,8393,267058,3
-722,8394,267075,3
-450,8395,267082,3
-3704,8396,267183,4
-1379,8397,267214,3
-1359,8398,267282,4
-300,8399,267283,3
-5610,8400,267452,3
-1876,8401,267488,3
-542,8402,267499,3
-2104,8403,267565,3
-4110,8404,267697,3
-1570,8405,267770,4
-584,8406,267777,3
-572,8407,267784,3
-3128,8408,267869,3
-4044,8409,268002,3
-2455,8410,268076,3
-1903,8411,268135,3
-692,8412,268152,3
-4959,8413,268327,3
-447,8414,268334,3
-572,8415,268341,3
-526,8416,268346,3
-1182,8417,268374,3
-1318,8418,268419,3
-2890,8419,268512,3
-9444,8420,268775,3
-903,8421,268800,3
-447,8422,268807,3
-1035,8423,268834,3
-899,8424,268853,3
-2286,8425,268898,3
-401,8426,268903,3
-1235,8427,268934,3
-4546,8428,269114,4
-300,8429,269115,3
-300,8430,269116,3
-4135,8431,269266,3
-438,8432,269273,3
-3022,8433,269347,3
-728,8434,269360,3
-716,8435,269373,3
-300,8436,269374,3
-456,8437,269381,3
-857,8438,269404,3
-1155,8439,269441,3
-300,8440,269442,3
-3262,8441,269511,3
-300,8442,269512,3
-890,8443,269535,3
-3593,8444,269615,3
-603,8445,269628,3
-2765,8446,269726,4
-300,8447,269727,3
-300,8448,269728,3
-1833,8449,269794,3
-572,8450,269801,3
-4595,8451,269898,3
-2094,8452,269968,3
-3301,8453,270094,4
-597,8454,270107,3
-801,8455,270122,3
-7102,8456,270320,3
-798,8457,270335,3
-3884,8458,270413,3
-3767,8459,270507,3
-2466,8460,270564,3
-300,8461,270565,3
-545,8462,270576,3
-554,8463,270587,3
-667,8464,270598,3
-1321,8465,270639,3
-1449,8466,270678,3
-4918,8467,270876,4
-644,8468,270893,3
-395,8469,270898,3
-1962,8470,270961,3
-5535,8471,271172,3
-594,8472,271185,3
-3295,8473,271302,4
-2228,8474,271354,3
-545,8475,271365,3
-98,8476,271422,5
-2081,8477,271486,3
-4317,8478,271679,4
-5054,8479,271827,3
-1878,8480,271863,3
-7376,8481,272136,4
-4280,8482,272239,3
-682,8483,272250,3
-6948,8484,272505,4
-4043,8485,272626,3
-2627,8486,272688,3
-6744,8487,272889,4
-671,8488,272897,3
-652,8489,272912,3
-2846,8490,273015,3
-1690,8491,273062,3
-688,8492,273073,3
-1000,8493,273096,3
-526,8494,273101,3
-959,8495,273130,3
-991,8496,273147,3
-572,8497,273154,3
-526,8498,273159,3
-572,8499,273166,3
-502,8500,273175,3
-984,8501,273196,3
-1492,8502,273232,3
-300,8503,273233,3
-584,8504,273240,3
-300,8505,273241,3
-3779,8506,273402,3
-554,8507,273413,3
-300,8508,273414,3
-3690,8509,273511,3
-300,8510,273512,3
-3680,8511,273604,3
-1183,8512,273639,3
-3234,8513,273760,3
-6004,8514,273933,3
-2860,8515,273993,3
-1973,8516,274036,3
-395,8517,274041,3
-2862,8518,274132,3
-2918,8519,274190,3
-300,8520,274191,3
-1762,8521,274260,3
-2665,8522,274342,4
-1641,8523,274415,4
-1747,8524,274474,3
-2056,8525,274515,3
-4132,8526,274605,3
-7006,8527,274815,3
-349,8528,274818,3
-2468,8529,274861,3
-829,8530,274878,3
-12028,8531,275301,4
-667,8532,275312,3
-1610,8533,275382,3
-759,8534,275397,3
-2923,8535,275468,3
-639,8536,275477,3
-300,8537,275478,3
-5021,8538,275611,3
-818,8539,275625,3
-786,8540,275640,3
-7191,8541,275865,3
-627,8542,275874,3
-542,8543,275885,3
-132,8544,275951,5
-2227,8545,276001,3
-300,8546,276002,3
-775,8547,276023,3
-1266,8548,276047,3
-3815,8549,276157,3
-1028,8550,276182,3
-4130,8551,276282,3
-300,8552,276283,3
-1758,8553,276319,3
-526,8554,276324,3
-627,8555,276333,3
-680,8556,276350,3
-2224,8557,276443,3
-2268,8558,276506,3
-300,8559,276507,3
-526,8560,276512,3
-1923,8561,276646,5
-1193,8562,276662,3
-300,8563,276663,3
-4805,8564,276866,3
-300,8565,276867,3
-682,8566,276878,3
-8787,8567,277181,3
-300,8568,277182,3
-526,8569,277187,3
-1848,8570,277235,3
-401,8571,277240,3
-2766,8572,277336,3
-223,8573,277399,5
-2131,8574,277470,3
-1050,8575,277491,3
-1126,8576,277515,3
-6364,8577,277724,3
-395,8578,277729,3
-745,8579,277750,3
-1135,8580,277774,3
-563,8581,277785,3
-767,8582,277808,3
-627,8583,277817,3
-401,8584,277822,3
-300,8585,277823,3
-1801,8586,277892,3
-526,8587,277897,3
-254,8588,277960,5
-4832,8589,278127,3
-828,8590,278152,3
467,8591,278181,5
-9039,8592,278454,3
-526,8593,278459,3
-2058,8594,278504,3
-2807,8595,278626,4
-7367,8596,278931,4
-4186,8597,279116,4
-2640,8598,279185,3
-979,8599,279208,3
-2654,8600,279260,3
-526,8601,279265,3
-2900,8602,279377,3
-300,8603,279378,3
-3510,8604,279468,3
-487,8605,279477,3
-4774,8606,279612,3
-5784,8607,279786,3
-2175,8608,279911,4
-300,8609,279912,3
-1839,8610,279949,3
-1675,8611,279981,3
-1178,8612,280021,3
-300,8613,280022,3
-4382,8614,280174,3
-526,8615,280179,3
-2839,8616,280230,3
-526,8617,280235,3
-998,8618,280260,3
-1753,8619,280307,3
-300,8620,280308,3
-1845,8621,280359,3
-1515,8622,280435,4
-526,8623,280440,3
-1601,8624,280498,3
-526,8625,280503,3
-438,8626,280510,3
-2183,8627,280587,3
-526,8628,280592,3
-1821,8629,280626,3
-2569,8630,280676,3
-581,8631,280683,3
-603,8632,280696,3
-395,8633,280701,3
-5407,8634,280853,3
-401,8635,280858,3
-8143,8636,281072,3
-2911,8637,281129,3
-5525,8638,281313,3
-983,8639,281342,3
-2096,8640,281409,3
-1086,8641,281440,3
-300,8642,281441,3
-2678,8643,281523,3
-300,8644,281524,3
-4285,8645,281643,3
-777,8646,281658,3
-2298,8647,281751,3
-627,8648,281760,3
-2755,8649,281828,3
-2649,8650,281886,3
-300,8651,281887,3
-4792,8652,282009,3
-2303,8653,282061,3
-300,8654,282062,3
-3746,8655,282219,3
-3004,8656,282302,3
-300,8657,282303,3
-490,8658,282312,3
-300,8659,282313,3
-1598,8660,282362,3
121,8661,282413,5
-2801,8662,282471,3
-774,8663,282486,3
-3432,8664,282576,3
-401,8665,282581,3
-6800,8666,282796,3
-300,8667,282797,3
-300,8668,282798,3
-1038,8669,282825,3
-300,8670,282826,3
-2900,8671,282938,3
-775,8672,282959,3
-2664,8673,283051,4
-3550,8674,283129,3
-2717,8675,283214,3
-4861,8676,283393,4
-300,8677,283394,3
-300,8678,283395,3
-2737,8679,283564,5
-5029,8680,283717,3
-441,8681,283724,3
-4188,8682,283859,3
-3397,8683,283966,3
-2066,8684,284010,3
-2575,8685,284136,4
-799,8686,284153,3
-2087,8687,284229,3
-456,8688,284236,3
-300,8689,284237,3
-395,8690,284242,3
-3316,8691,284364,3
-1120,8692,284388,3
-300,8693,284389,3
-401,8694,284394,3
-4360,8695,284510,3
-2304,8696,284583,3
-621,8697,284592,3
-8519,8698,284870,3
-502,8699,284879,3
-723,8700,284889,3
-581,8701,284896,3
-5092,8702,285057,3
-890,8703,285076,3
-300,8704,285077,3
-2241,8705,285153,3
-2583,8706,285240,3
-300,8707,285241,3
-797,8708,285264,3
-1270,8709,285284,3
-4250,8710,285402,3
-1893,8711,285459,3
-2044,8712,285518,3
-2916,8713,285585,3
-810,8714,285600,3
-851,8715,285623,3
-1309,8716,285668,3
-704,8717,285685,3
-612,8718,285698,3
-5209,8719,285838,3
-526,8720,285843,3
-4415,8721,285961,3
-300,8722,285962,3
-300,8723,285963,3
-300,8724,285964,3
-1169,8725,285995,3
-1330,8726,286046,3
-4795,8727,286187,3
-1170,8728,286220,3
-2512,8729,286306,3
-4794,8730,286457,3
-395,8731,286462,3
-1308,8732,286505,3
-7002,8733,286752,3
-1493,8734,286781,3
-300,8735,286782,3
-3388,8736,286898,3
-4272,8737,287063,3
-300,8738,287064,3
-3814,8739,287180,3
-2782,8740,287242,3
-300,8741,287243,3
-806,8742,287266,3
-401,8743,287271,3
-2829,8744,287334,3
-300,8745,287335,3
-1156,8746,287359,3
-5461,8747,287506,3
-526,8748,287511,3
-584,8749,287518,3
-401,8750,287523,3
-3664,8751,287642,3
-1884,8752,287694,3
-300,8753,287695,3
-401,8754,287700,3
-2984,8755,287829,4
-5445,8756,288007,3
-863,8757,288026,3
-300,8758,288027,3
-300,8759,288028,3
-3497,8760,288120,3
-300,8761,288121,3
-2086,8762,288181,3
-2493,8763,288288,4
-7597,8764,288586,4
-1907,8765,288651,3
-3026,8766,288841,5
-300,8767,288842,3
-2525,8768,288901,3
-7256,8769,289160,3
-1280,8770,289207,3
-687,8771,289226,3
-2403,8772,289280,3
-5850,8773,289460,3
-704,8774,289477,3
-7994,8775,289734,3
-6391,8776,289916,3
-697,8777,289927,3
-2501,8778,290073,5
-300,8779,290074,3
-668,8780,290091,3
-616,8781,290097,3
-897,8782,290112,3
-1053,8783,290133,3
-1872,8784,290191,3
-584,8785,290198,3
-774,8786,290217,3
-622,8787,290232,3
-2863,8788,290303,3
-600,8789,290316,3
-5057,8790,290455,3
-300,8791,290456,3
-6772,8792,290732,4
-4730,8793,290922,3
-616,8794,290937,3
-5196,8795,291075,3
-1048,8796,291098,3
-300,8797,291099,3
-5234,8798,291317,4
-7466,8799,291523,3
-4542,8800,291707,3
-395,8801,291712,3
-2213,8802,291783,3
-3659,8803,291874,3
-822,8804,291889,3
-1867,8805,291967,4
-640,8806,291982,3
-526,8807,291987,3
-349,8808,291990,3
-2737,8809,292080,4
-1349,8810,292121,3
-3157,8811,292198,3
-401,8812,292203,3
-4177,8813,292331,3
-526,8814,292336,3
-7416,8815,292561,3
-4480,8816,292689,3
-1346,8817,292726,3
-502,8818,292735,3
-4887,8819,292891,3
-1722,8820,292936,3
-640,8821,292951,3
-811,8822,292962,3
-4372,8823,293133,4
-597,8824,293146,3
-7589,8825,293327,3
-1572,8826,293382,3
-5108,8827,293524,3
-6734,8828,293781,4
-401,8829,293786,3
-3654,8830,293907,3
-6855,8831,294166,3
-300,8832,294167,3
-484,8833,294176,3
-572,8834,294183,3
-300,8835,294184,3
-1431,8836,294281,4
-4575,8837,294407,3
-401,8838,294412,3
-2596,8839,294481,3
-300,8840,294482,3
-958,8841,294505,3
-8931,8842,294802,3
-300,8843,294803,3
-3136,8844,294865,3
-450,8845,294872,3
-673,8846,294883,3
-300,8847,294884,3
-1370,8848,294922,3
-867,8849,294938,3
-5004,8850,295070,3
-2295,8851,295160,3
-490,8852,295169,3
-5231,8853,295329,3
-603,8854,295342,3
-898,8855,295369,3
-2943,8856,295456,3
-5492,8857,295616,3
-2298,8858,295689,3
-3622,8859,295775,3
-742,8860,295796,3
-526,8861,295801,3
523,8862,295825,5
-627,8863,295834,3
-300,8864,295835,3
-3047,8865,295900,3
-1255,8866,295929,3
-3632,8867,296027,3
-4497,8868,296140,3
-526,8869,296145,3
-300,8870,296146,3
-3319,8871,296293,3
-8310,8872,296612,4
-526,8873,296617,3
-526,8874,296622,3
-2073,8875,296674,3
-5321,8876,296825,3
-873,8877,296850,3
-1813,8878,296892,3
-2239,8879,296999,4
-3763,8880,297134,3
-300,8881,297135,3
-1892,8882,297173,3
-891,8883,297189,3
-2894,8884,297313,3
-5063,8885,297447,3
-815,8886,297470,3
-3584,8887,297567,3
-401,8888,297572,3
-988,8889,297586,3
-300,8890,297587,3
-2276,8891,297639,3
-300,8892,297640,3
-300,8893,297641,3
-1953,8894,297683,3
-1348,8895,297734,3
-300,8896,297735,3
-526,8897,297740,3
-300,8898,297741,3
-4754,8899,297959,4
-502,8900,297968,3
-401,8901,297973,3
-1212,8902,298010,3
-581,8903,298017,3
-2560,8904,298112,3
-625,8905,298127,3
-1030,8906,298160,3
-8674,8907,298481,3
-1901,8908,298549,3
-2996,8909,298673,4
-300,8910,298674,3
-6350,8911,298896,4
-300,8912,298897,3
-7679,8913,299132,4
-1787,8914,299187,3
-502,8915,299196,3
-3768,8916,299278,3
-1453,8917,299305,3
-768,8918,299314,3
-300,8919,299315,3
-300,8920,299316,3
-2619,8921,299385,3
-300,8922,299386,3
-401,8923,299391,3
-2963,8924,299458,3
-2832,8925,299573,4
-3162,8926,299693,3
-14691,8927,300269,3
-300,8928,300270,3
-735,8929,300331,4
-4487,8930,300476,3
-2293,8931,300524,3
-493,8932,300533,3
-2838,8933,300611,3
-300,8934,300612,3
-526,8935,300617,3
-2624,8936,300679,3
-1683,8937,300746,3
-3693,8938,300848,3
-768,8939,300863,3
-526,8940,300868,3
-4915,8941,301029,3
-1054,8942,301058,3
-7170,8943,301253,3
-887,8944,301272,3
-975,8945,301293,3
-395,8946,301298,3
-300,8947,301299,3
-300,8948,301300,3
-4677,8949,301402,3
-526,8950,301407,3
-4559,8951,301538,3
-4114,8952,301645,3
-4228,8953,301809,3
-2986,8954,301908,3
-2444,8955,301972,3
-1717,8956,302026,3
-2365,8957,302109,3
-745,8958,302130,3
-673,8959,302141,3
-300,8960,302142,3
-300,8961,302143,3
-4877,8962,302319,3
-3586,8963,302483,4
-401,8964,302488,3
-2609,8965,302555,3
-2405,8966,302628,3
-3527,8967,302746,3
-4313,8968,302855,3
-395,8969,302860,3
-300,8970,302861,3
-4303,8971,302968,3
-774,8972,302983,3
-1499,8973,303026,3
-764,8974,303039,3
-1269,8975,303072,3
-1098,8976,303109,3
-768,8977,303124,3
-1260,8978,303152,3
-526,8979,303157,3
-1495,8980,303198,3
-1937,8981,303227,3
-3645,8982,303320,3
-5184,8983,303515,3
-300,8984,303516,3
-300,8985,303517,3
-7669,8986,303802,4
-401,8987,303807,3
-5517,8988,303927,3
-1612,8989,303980,3
-2930,8990,304071,3
-769,8991,304092,3
-526,8992,304097,3
-401,8993,304102,3
-673,8994,304113,3
-300,8995,304114,3
-627,8996,304123,3
-996,8997,304154,3
-2246,8998,304230,3
-300,8999,304231,3
-502,9000,304240,3
-6056,9001,304461,4
-4459,9002,304604,3
-4330,9003,304687,3
-786,9004,304702,3
-4513,9005,304839,3
-603,9006,304852,3
-3075,9007,304922,3
-3737,9008,305037,3
-526,9009,305042,3
-5169,9010,305177,3
-526,9011,305182,3
-526,9012,305187,3
-526,9013,305192,3
-1064,9014,305227,3
-682,9015,305238,3
-300,9016,305239,3
-5070,9017,305459,4
-526,9018,305464,3
-3038,9019,305580,3
-1690,9020,305722,5
-2750,9021,305817,3
-300,9022,305818,3
-526,9023,305823,3
-2353,9024,305895,3
-4995,9025,306017,3
-716,9026,306030,3
-300,9027,306031,3
-627,9028,306040,3
-2528,9029,306104,3
-3261,9030,306166,3
-300,9031,306167,3
-502,9032,306176,3
-1455,9033,306209,3
-2103,9034,306260,3
-2171,9035,306361,4
-603,9036,306374,3
-526,9037,306379,3
-8841,9038,306610,3
-775,9039,306631,3
-401,9040,306636,3
-401,9041,306641,3
-2271,9042,306695,3
-300,9043,306696,3
-3943,9044,306797,3
-9477,9045,307056,3
-996,9046,307077,3
-7367,9047,307376,4
-2039,9048,307420,3
-662,9049,307428,3
-1958,9050,307578,5
-3906,9051,307663,3
-444,9052,307670,3
-1543,9053,307717,3
-401,9054,307722,3
-616,9055,307728,3
-1654,9056,307757,3
-300,9057,307758,3
-2289,9058,307822,3
-2772,9059,307888,3
-401,9060,307893,3
-4272,9061,308034,3
-2138,9062,308185,5
-4116,9063,308332,3
-1831,9064,308386,3
-706,9065,308397,3
-2948,9066,308506,3
-11880,9067,308929,4
-3970,9068,309072,3
-5740,9069,309320,3
-300,9070,309321,3
227,9071,309364,5
-627,9072,309373,3
-1652,9073,309416,3
-1990,9074,309470,3
-683,9075,309487,3
-584,9076,309494,3
-3149,9077,309601,4
-1277,9078,309632,3
-653,9079,309673,4
-1716,9080,309740,3
-2096,9081,309802,3
-674,9082,309810,3
-2559,9083,309913,3
-401,9084,309918,3
-300,9085,309919,3
-616,9086,309925,3
-1179,9087,309952,3
-3872,9088,310087,4
-2107,9089,310137,3
-3654,9090,310219,3
-1702,9091,310267,3
-526,9092,310272,3
-300,9093,310273,3
-2632,9094,310363,3
-300,9095,310364,3
-627,9096,310373,3
-395,9097,310378,3
-6752,9098,310622,3
-1771,9099,310685,3
-2977,9100,310759,3
-6395,9101,310943,3
-765,9102,310952,3
-401,9103,310957,3
-1826,9104,311000,3
-6089,9105,311205,3
-5083,9106,311348,3
-927,9107,311364,3
-2070,9108,311422,3
-3582,9109,311530,3
-973,9110,311553,3
-671,9111,311561,3
-1355,9112,311602,3
323,9113,311646,5
-300,9114,311647,3
-4904,9115,311858,3
-1565,9116,311911,3
