-9383.253968253968,0,28,3
-5422.859639500507,1,65,3
-3884.040404040404,2,88,3
417.1894771894797,3,181,4
3923.64644901023,4,249,4
-7553.548555202967,5,288,3
-4595.090260187009,6,308,3
-5819.691558441558,7,336,3
-7343.17155067155,8,373,3
-9823.82801215812,9,462,3
-11352.121212121212,10,530,3
-4388.744343891403,11,569,3
-3357.113889077899,12,589,3
6818.3102518396645,13,617,4
-6131.585095760792,14,654,3
-11181.034182535732,15,743,3
-9800.89300534347,16,811,3
-7316.574675324676,17,850,3
-4930.84625384935,18,870,3
-5030.516019927784,19,898,3
-5476.54517867753,20,935,3
-6646.747419247419,21,1024,4
1847.6646352014009,22,1092,4
-5772.964882339884,23,1131,3
-3530.938754872579,24,1151,3
-5475.115856365856,25,1179,3
-4867.602660282614,26,1216,3
-13253.494283494289,27,1305,3
-11833.278388278388,28,1373,3
-6957.502180267274,29,1412,3
-5137.914862914863,30,1432,3
-6329.404761904761,31,1460,3
-5443.798701298701,32,1497,3
-7995.113636363635,33,1586,4
-7951.663408886621,34,1654,3
-6330.263282469166,35,1693,3
-4930.84625384935,36,1713,3
7389.325396825398,37,1741,4
-6963.792677910325,38,1778,3
-10566.486993828323,39,1867,3
-7810.477628287346,40,1935,3
-4880.868953672746,41,1974,3
-3438.0575307045897,42,1994,3
-4722.604587749712,43,2022,3
-5271.989260739261,44,2059,3
-18010.074877392988,45,2157,3
5156.556589695134,46,2243,4
-6345.054137039431,47,2277,3
-6036.396936396936,48,2293,3
-2331.3923576423576,49,2315,3
-7522.505827505826,50,2360,3
-7249.780085755317,51,2414,3
-8671.832295671305,52,2493,3
-5134.837315462316,53,2527,3
-11552.351547231581,54,2601,3
-7444.616416005732,55,2662,3
-5489.653679653679,56,2687,3
-7449.805194805195,57,2713,3
-11045.433732933734,58,2787,3
-5319.497174399836,59,2816,3
23060.154845154848,60,2865,6
-3385.3381471899283,61,2933,3
-14616.049997474145,62,3041,3
-4829.134407259407,63,3069,3
-6321.494477744477,64,3105,3
-9822.426046176051,65,3162,3
-3948.9743712170193,66,3190,3
-4482.0346116302,67,3210,3
318.2724705634904,68,3279,4
-7674.842455875737,69,3310,3
-6201.308275058275,70,3345,3
-6471.95589068654,71,3389,3
-5826.322982572983,72,3424,3
-3498.3928571428573,73,3446,3
-6736.941391941391,74,3481,3
-5667.731299273482,75,3516,3
-939.548760063466,76,3581,4
-7028.322108747804,77,3623,3
-9078.42178923625,78,3706,3
-4130.130286380287,79,3719,3
-6443.8365244483175,80,3754,3
-4795.250569863573,81,3793,3
-3385.9020926184235,82,3810,3
-7456.782188399835,83,3854,3
-6836.987278502372,84,3889,3
-6622.294372294373,85,3930,3
-4738.353728315029,86,3953,3
-6419.088464688494,87,3995,3
-23985.089518324814,88,4132,3
-7124.212635274942,89,4183,3
-3006.3403263403256,90,4212,3
8362.036631668985,91,4255,4
-2830.2850907262673,92,4288,3
-8815.192307692309,93,4321,3
-5196.7503693342305,94,4352,3
-12686.805555555558,95,4412,3
-11405.072843822842,96,4488,3
-9040.88839154183,97,4544,3
-10781.309523809527,98,4610,3
-5028.029900955597,99,4633,3
-4428.824647574647,100,4657,3
-8173.984618322854,101,4730,3
-6660.0,102,4764,3
-4671.583238098331,103,4783,3
-6916.962437931865,104,4839,3
-8965.949749144833,105,4920,3
-5956.366958205194,106,4959,3
-12811.150793650791,107,5037,3
11173.291708291707,108,5096,5
-9968.863636363636,109,5134,3
-17186.43491070744,110,5237,3
-4342.934749074455,111,5262,3
-21219.300084338203,112,5389,3
-7604.700468090561,113,5442,3
-23495.34930755518,114,5624,3
-2317.068619786014,115,5735,4
-4571.1488511488515,116,5758,3
-6521.629920002598,117,5784,3
-14372.052669552666,118,5879,3
-8376.55303030303,119,5922,3
-3796.635451966334,120,5936,3
-21062.632501012926,121,6074,3
-7197.960372960374,122,6134,3
-3657.112643548402,123,6149,3
878.579824243523,124,6246,4
3226.193129625791,125,6334,4
-8029.307076437495,126,6405,3
-7822.698347404227,127,6468,3
-7149.666999667001,128,6513,3
-9143.173076923076,129,6559,3
9711.031746031746,130,6578,4
-6210.685001273235,131,6617,3
-8907.777777777774,132,6670,3
-6868.603300294476,133,6703,3
-5173.753522019776,134,6726,3
-5374.158610197478,135,6761,3
-11468.658008658009,136,6851,3
-13745.927128427129,137,6925,3
-21622.392933863513,138,7144,4
-12867.19877344877,139,7219,3
-4667.7422577422585,140,7241,3
-5347.729091943487,141,7281,3
-13480.660709259782,142,7420,3
-6528.903012061748,143,7469,3
-5945.844902646374,144,7506,3
-11311.528965530517,145,7588,3
-3594.875248590419,146,7604,3
-13775.312872971543,147,7689,3
-5997.753231245878,148,7737,3
-19109.090004637612,149,7888,3
-5694.8565323565335,150,7925,3
125.73439191489933,151,8007,4
-2979.0730103230103,152,8018,3
3945.0001795590033,153,8082,4
-5067.182271389936,154,8109,3
-12668.098937740962,155,8222,3
-6269.653679653679,156,8259,3
-12734.652128272483,157,8336,3
-6949.129920002598,158,8366,3
-20794.595967757738,159,8530,3
3483.270687645685,160,8571,4
-4521.738534298518,161,8597,3
-14923.416199383695,162,8699,3
-3509.2063492063494,163,8715,3
-6741.612554112555,164,8754,3
-4125.135281385281,165,8774,3
4559.428656139184,166,8846,4
-14328.084268028153,167,8925,3
-4838.951979393156,168,8958,3
-7600.327883818444,169,9037,3
17396.74603174603,170,9079,5
-7610.945316517736,171,9132,3
-9972.895160395161,172,9204,3
-8217.261904761905,173,9251,3
-14257.119799275375,174,9346,3
-5998.8668643448045,175,9375,3
-4420.408268202385,176,9412,3
-24564.305757508097,177,9582,3
-4235.876398718689,178,9603,3
-4266.369047619048,179,9621,3
-9394.922015548953,180,9698,3
-10003.66499693603,181,9785,3
-8592.261904761905,182,9823,3
-18795.860389610385,183,9920,3
-4758.250853248917,184,9947,3
-9417.204073175519,185,10018,3
4061.630137793063,186,10077,4
-24317.785972197737,187,10245,3
6701.737857730507,188,10263,4
-14317.262598512592,189,10354,3
15084.049246508866,190,10395,5
9218.06726769962,191,10468,5
-8517.85238454356,192,10509,3
-22211.878261057846,193,10639,3
-5287.989787989788,194,10679,3
-10167.560070592272,195,10770,3
-4161.788963044853,196,10796,3
-11088.80886270592,197,10851,3
-5209.648268398269,198,10869,3
-5045.624375624376,199,10888,3
-19509.076794378645,200,11027,3
-21853.55477855478,201,11160,3
10510.734543234543,202,11182,4
-7717.195240904607,203,11237,3
2044.422137460062,204,11296,4
-10678.495942444659,205,11365,3
-3988.5714285714284,206,11382,3
-11399.552112404279,207,11477,3
-3163.660783660784,208,11494,3
-5993.450299700299,209,11540,3
6194.179056237878,210,11582,4
-3877.525252525253,211,11607,3
-5434.422672933997,212,11647,3
-11968.684093684094,213,11733,3
-11248.647186147184,214,11864,4
-8732.913752913752,215,11902,3
-7069.191835426354,216,11945,3
-5357.142857142858,217,11967,3
5621.987734487737,218,12004,4
-4053.0522960012127,219,12027,3
-15916.255179074446,220,12149,3
-2668.5948414760333,221,12191,3
-5935.306637806639,222,12224,3
-11036.598817848819,223,12304,3
-8640.985604952322,224,12369,3
1291.2987012986996,225,12467,4
3258.764235243152,226,12505,4
-3910.548694511542,227,12542,3
-8281.945901320903,228,12592,3
-5677.585915976009,229,12623,3
-6786.706349206349,230,12655,3
-5948.037868993752,231,12690,3
6623.174603174608,232,12733,4
-8691.297134238312,233,12770,3
-5114.195804195804,234,12795,3
-9984.248251748253,235,12873,3
-7396.3626021811015,236,12921,3
-5337.590187590188,237,12954,3
-2901.9771894771893,238,12971,3
-13149.047619047618,239,13035,3
-2450.5555555555557,240,13053,3
6501.904761904763,241,13085,4
-11101.116522366523,242,13136,3
-3855.14461029167,243,13169,3
-8434.798534798534,244,13222,3
-5044.468576444196,245,13243,3
-9610.24253524253,246,13295,3
-10273.808275058273,247,13349,3
-4365.901320901321,248,13376,3
-6584.325379427932,249,13431,3
-5564.203995608794,250,13475,3
-7540.10725793814,251,13522,3
-4983.879453879455,252,13550,3
-6152.341269841269,253,13584,3
-3564.6572871572876,254,13605,3
-6512.065850815851,255,13643,3
-757.1428571428571,256,13656,3
-5853.165104159685,257,13697,3
-2316.6161616161617,258,13715,3
-18336.093685296477,259,13848,3
-2443.0250909507895,260,13982,4
-4351.178821178821,261,14007,3
-4499.491064491065,262,14028,3
-7030.349238144635,263,14098,3
-3251.45646020646,264,14119,3
-24408.47698202998,265,14310,3
-3700.578588078588,266,14340,3
1284.0349927849984,267,14429,4
-9003.24709618129,268,14510,3
-9815.207431457433,269,14559,3
-6944.038461538462,270,14601,3
-2295.233804078619,271,14719,4
-4492.37702764212,272,14738,3
-8070.000768738152,273,14819,3
-5235.46735041704,274,14864,3
-5502.867937016544,275,14905,3
-6229.116226630192,276,14959,3
-3996.527777777778,277,14978,3
-17565.63492063492,278,15073,3
-9938.61000111,279,15135,3
-10881.477272727274,280,15186,3
-1610.044053169053,281,15203,3
-3933.05172768408,282,15228,3
-7223.344988344988,283,15271,3
-13854.07479259646,284,15378,3
-6137.057544465672,285,15414,3
-6061.9047619047615,286,15449,3
-4542.619047619048,287,15466,3
-8632.467051968835,288,15515,3
-11216.666666666668,289,15584,3
-4856.21065982521,290,15625,3
-3803.8398933367976,291,15642,3
-7536.120129870132,292,15687,3
-11672.44854002207,293,15753,3
-4190.42006196418,294,15774,3
-4400.621437386143,295,15800,3
-5862.875139566321,296,15918,4
-3255.53949807988,297,15930,3
-12941.76537407381,298,16014,3
-4106.428571428571,299,16026,3
-6023.4654928404925,300,16063,3
-5951.902060357944,301,16110,3
-7292.011322011323,302,16164,3
5352.268907563025,303,16206,4
-14148.251054501063,304,16315,3
-7672.4170274170265,305,16355,3
-5746.199293482574,306,16378,3
-7572.499603080099,307,16438,3
-3739.8497323110328,308,16457,3
-4190.371540224482,309,16480,3
-11368.037518037518,310,16542,3
-15935.281615744076,311,16675,3
-5136.743901523312,312,16697,3
-3878.3208335781865,313,16714,3
-14055.387947106214,314,16820,3
-5150.638528138527,315,16843,3
-7530.175729842913,316,16904,3
-21431.05394605396,317,17010,3
-6247.603785103784,318,17039,3
-9012.248694717735,319,17122,3
-8648.57142857143,320,17168,3
-4323.685064935065,321,17195,3
-6344.522144522144,322,17238,3
-9046.666666666668,323,17286,3
-8367.421328671328,324,17327,3
-11971.36220118032,325,17426,3
-6170.6245218919385,326,17452,3
-5087.063418177969,327,17505,3
-4990.580234823657,328,17530,3
-2859.452422577423,329,17541,3
-8392.31308680999,330,17591,3
-4966.095571095572,331,17615,3
5412.627132928989,332,17642,4
-4409.246943931542,333,17666,3
-5473.138515895868,334,17698,3
16535.689241314245,335,17754,5
-4984.208569208569,336,17775,3
-8932.251082251081,337,17822,3
-14700.807791065146,338,17931,3
-5864.119214119213,339,17975,3
-4615.698274463755,340,18005,3
-5213.3353525531265,341,18040,3
-7819.22265266329,342,18107,3
3763.397215529568,343,18191,4
-22516.82212042454,344,18372,3
-5022.683112381255,345,18411,3
-3172.694111444112,346,18437,3
-4430.191446625271,347,18466,3
-3379.2385392385395,348,18492,3
-3568.065039535628,349,18508,3
-3114.5959595959594,350,18530,3
6034.950743700743,351,18569,4
-9606.652097902097,352,18610,3
-5004.618645243645,353,18633,3
-9676.706973581977,354,18688,3
-4205.809428574521,355,18705,3
-7015.157188872357,356,18745,3
-5896.830794334664,357,18789,3
-14087.536630036631,358,18863,3
-7287.1515984016,359,18903,3
-6156.180191751534,360,18948,3
-9067.94852206617,361,19020,3
-5257.442557442558,362,19047,3
-188.28997412975843,363,19141,4
-8717.802197802199,364,19180,3
-10917.413453793182,365,19267,3
-4078.928571428571,366,19283,3
-5364.880952380953,367,19303,3
-16958.85198135199,368,19412,3
-5374.607863756471,369,19434,3
-8932.502158742232,370,19489,3
-7256.6308691308695,371,19531,3
-3406.9532509973687,372,19545,3
5120.303690117934,373,19587,4
3020.7808123249315,374,19729,5
-5941.209901209902,375,19763,3
-14627.862137862137,376,19845,3
-5926.587301587301,377,19871,3
-3256.669938893236,378,19885,3
-4949.073426573426,379,19903,3
-4129.531938649585,380,19925,3
-10243.57142857143,381,19971,3
-6464.133644133644,382,20010,3
-7449.886420768775,383,20062,3
-4308.597712272249,384,20083,3
-3900.4202047952053,385,20109,3
-8872.638888888889,386,20153,3
-5100.64393939394,387,20178,3
-9202.115931837172,388,20242,3
-2499.503968253968,389,20254,3
-16207.723387723388,390,20353,3
-6109.49716949717,391,20389,3
-4709.038028534933,392,20415,3
-6239.659898280255,393,20449,3
-3765.8037628006673,394,20467,3
-13252.649645246396,395,20560,3
-4797.272727272726,396,20600,3
11009.774531024532,397,20618,4
-7394.078144078144,398,20663,3
-8745.554849562202,399,20716,3
-5824.504662004661,400,20741,3
-3623.6199176640353,401,20756,3
-3729.027916527916,402,20781,3
-1408.9499389499392,403,20809,3
-13772.459666236758,404,20936,3
-4272.857142857143,405,20952,3
-9722.035839977016,406,21006,3
-7426.248200329082,407,21038,3
-5447.846059169589,408,21073,3
2278.5428460428448,409,21129,4
-5122.461798392527,410,21154,3
-5190.492475360897,411,21197,3
-3657.6223776223774,412,21221,3
6442.330182072828,413,21264,4
-1278.882163588046,414,21282,3
-5904.079229593936,415,21332,3
-7154.886921363736,416,21392,3
-6397.981601731602,417,21426,3
-2467.969310101662,418,21501,4
286.5467865467865,419,21515,3
5593.493601986248,420,21558,4
-4746.005840564664,421,21588,3
-8470.277777777777,422,21635,3
-7394.891983016983,423,21675,3
-508.78766658178483,424,21754,4
-5435.0,425,21778,3
-7661.8355122614785,426,21831,3
-8306.697261072262,427,21868,3
-4079.6869796869796,428,21879,3
4432.357336291159,429,21953,4
-6824.037481481367,430,21995,3
-12126.369437861988,431,22076,3
-19740.893186620742,432,22241,3
-2203.4343434343436,433,22262,3
-8836.466474701769,434,22340,3
-10279.859749383744,435,22425,3
-6108.8968541348595,436,22474,3
-17303.298744813837,437,22557,3
-4485.001189471004,438,22577,3
-9535.436629933532,439,22632,3
-4735.8764111705295,440,22661,3
-16847.853535353537,441,22744,3
-8253.703973614964,442,22806,3
-5965.6367346963325,443,22839,3
-6791.298701298701,444,22881,3
-5836.79816727596,445,22926,3
-5630.883005883005,446,22960,3
-14380.282387274408,447,23044,3
-5496.827616827618,448,23077,3
-10055.26764901765,449,23141,3
-6170.409451659452,450,23173,3
-5665.35200910201,451,23205,3
-5526.297436223907,452,23257,3
-15466.316282831373,453,23331,3
351.2928737928688,454,23410,4
-6478.684371184371,455,23438,3
-14025.660103785098,456,23551,3
-6447.885900863842,457,23576,3
-4475.500397435382,458,23601,3
-14068.174977757022,459,23701,3
-7486.757665279337,460,23765,3
6153.620342076225,461,23793,4
-4007.412044439909,462,23833,3
-4119.889758933876,463,23848,3
-9313.075486604897,464,23888,3
-6034.763847263847,465,23918,3
-3704.126984126984,466,23938,3
1478.6782520025563,467,23984,4
-5323.300865800866,468,24018,3
-5454.285714285714,469,24041,3
-9762.19655344655,470,24101,3
-2544.642857142857,471,24112,3
-8471.038961038961,472,24158,3
-3724.4594294594294,473,24181,3
-8322.871017871017,474,24239,3
-2973.0021036754783,475,24250,3
-7251.114718614719,476,24301,3
-7738.365093714485,477,24362,3
-3493.242406178198,478,24391,3
-4203.96096958597,479,24414,3
-5787.493976611624,480,24443,3
-7016.980175397358,481,24498,3
-6512.4057927366775,482,24535,3
-7273.106950239303,483,24584,3
-5526.019401994633,484,24635,3
-10875.120622411643,485,24715,3
-5271.145313020313,486,24739,3
-5003.27338511162,487,24765,3
-4309.024309024309,488,24785,3
-5287.709997046298,489,24812,3
-12623.011294261296,490,24907,3
-4711.9047619047615,491,24926,3
-3618.095238095238,492,24944,3
-13734.953518703525,493,25020,3
-4203.869047619048,494,25038,3
-5825.266012727869,495,25070,3
-13265.359444477092,496,25152,3
-4693.825757575758,497,25174,3
-3012.9581529581524,498,25191,3
-10904.575146216011,499,25260,3
-6928.309141838553,500,25305,3
-3337.187812187812,501,25320,3
1950.1785714285725,502,25368,4
-2916.323607378174,503,25379,3
-8812.916041002343,504,25438,3
-3465.5077430309625,505,25460,3
4758.4516494725685,506,25524,4
-4771.862765717255,507,25542,3
-7610.476190476192,508,25585,3
-22997.231934731935,509,25729,3
-2943.976422324702,510,25741,3
-5761.233570780783,511,25777,3
-4865.4334554334555,512,25791,3
-7659.120356767419,513,25863,3
8928.644957983193,514,25894,4
-5439.544113437301,515,25963,3
-10389.143993261641,516,26041,3
-403.42778953073184,517,26132,4
-3749.229611295585,518,26150,3
-4309.62143248908,519,26180,3
-8927.408979908982,520,26222,3
6992.656184395316,521,26249,4
-4865.557147101265,522,26291,3
-8039.5890433432505,523,26365,3
1560.2399617066799,524,26410,4
-7351.909900385133,525,26460,3
-9514.185699920994,526,26536,3
-14151.038961038961,527,26612,3
-5992.341532306701,528,26650,3
-1352.8182928182928,529,26670,3
-4486.381673881674,530,26692,3
-6832.164607333708,531,26741,3
-3691.25,532,26766,3
3217.630015753082,533,26822,4
-4858.852397602398,534,26852,3
-8032.989360141063,535,26901,3
-5319.123376623376,536,26932,3
-4878.006854256854,537,26952,3
-9871.724649189819,538,27038,3
-13299.601648351647,539,27120,3
-3373.769939211116,540,27143,3
-6503.49109632198,541,27182,3
-7491.764069264069,542,27230,3
-5655.103648931049,543,27280,3
-5702.1522681451,544,27310,3
-10354.878357123951,545,27408,3
-4429.08757908758,546,27428,3
-6686.512188791601,547,27468,3
-7559.019036519037,548,27534,3
-4561.262626262626,549,27556,3
-3508.4410075218902,550,27567,3
-10435.853035853035,551,27634,3
-4237.081424767183,552,27732,4
1664.8756431477018,553,27794,4
4410.427350427348,554,27829,4
-6513.4353198401195,555,27869,3
8997.146199388846,556,27897,4
-5340.389610389611,557,27928,3
-2206.029264852794,558,27949,3
-6659.33164058164,559,27995,3
-3108.672438672438,560,28010,3
-4719.748876424573,561,28037,3
-4851.384522340405,562,28060,3
-7503.943001443002,563,28114,3
-9447.628828215129,564,28171,3
-7348.809523809526,565,28203,3
-9518.897768897768,566,28269,3
-10890.426450484501,567,28469,4
-5299.166666666666,568,28506,3
-8777.278277278278,569,28566,3
-4637.710462482135,570,28601,3
-5065.088447199515,571,28623,3
-6840.195911976031,572,28675,3
-5034.214136396799,573,28726,3
-4582.646310732611,574,28749,3
-4815.887445887446,575,28771,3
-4502.797589407497,576,28811,3
-5956.201576201575,577,28859,3
-12532.314803789262,578,28933,3
-11996.651362698189,579,29028,3
-6483.500038403286,580,29090,3
-3694.879348592584,581,29108,3
-4896.532356532357,582,29129,3
-6730.905565023213,583,29166,3
-12491.576266870385,584,29232,3
-3786.07253915152,585,29248,3
3993.6364774716203,586,29335,4
-4606.192141192141,587,29358,3
-10313.086219336219,588,29413,3
-1670.30192030192,589,29502,4
6989.826839826833,590,29537,4
-4718.7862178671,591,29567,3
-5175.640331890331,592,29597,3
-11213.898601398603,593,29664,3
-4807.727272727273,594,29694,3
4878.375166500166,595,29750,4
-8432.00937950938,596,29793,3
-3548.4416318975136,597,29827,3
-2846.2605821680904,598,29838,3
-7232.5839726149325,599,29898,3
-10003.479214060046,600,30000,3
-3466.673881673883,601,30108,4
-5433.617354867354,602,30143,3
-7142.2223609723615,603,30192,3
-7353.178626928629,604,30224,3
-3814.8497323110328,605,30242,3
-13196.234737484743,606,30335,3
-4683.428048759468,607,30365,3
-3983.905677655678,608,30378,3
-4661.187423687424,609,30402,3
-3502.631325717626,610,30414,3
1276.9444444444434,611,30463,4
-6738.749999999998,612,30502,3
-5350.039682539683,613,30521,3
-4005.609488550665,614,30540,3
-2157.8690059940063,615,30555,3
-3968.896103896104,616,30579,3
-7073.481934731934,617,30620,3
-4988.120490620491,618,30649,3
-9263.481934731935,619,30702,3
-2531.555944055944,620,30730,3
-5959.794611721942,621,30767,3
-5341.750194250195,622,30793,3
-5739.42950431921,623,30831,3
-4530.129870129869,624,30858,3
-6490.0,625,30889,3
-5466.16699992474,626,30943,3
-6566.773365523367,627,30977,3
-5103.470487845487,628,30993,3
-8315.844155844155,629,31032,3
-3219.6969696969695,630,31055,3
-4655.5062992563,631,31090,3
-7999.61038961039,632,31126,3
-4070.9165834165833,633,31142,3
-5283.364605595643,634,31175,3
-3100.8616383616386,635,31197,3
-5146.832594397794,636,31236,3
-5588.169746919746,637,31279,3
-20196.249155256515,638,31408,3
7554.7619047619055,639,31435,4
4429.630369630371,640,31473,4
-3107.1329195400403,641,31490,3
-4421.59550760557,642,31524,3
-7966.758935508937,643,31571,3
-5862.051736962728,644,31606,3
-4268.628736459619,645,31627,3
-4880.662780846605,646,31654,3
5240.704295704296,647,31698,4
-5846.244588744589,648,31736,3
-8617.261904761905,649,31778,3
6976.621295371298,650,31818,4
-5876.645021645022,651,31858,3
-2797.020202020202,652,31874,3
-7631.554834054836,653,31934,3
-4234.040265290266,654,31960,3
-6875.855810855811,655,31999,3
-6087.192807192808,656,32038,3
-6252.064183395537,657,32087,3
-3523.5786435786436,658,32105,3
-5824.8640656728885,659,32135,3
-5659.777722277723,660,32166,3
-4595.975617519735,661,32192,3
-2666.8623881278672,662,32221,3
-5232.033843779199,663,32254,3
-3222.1436994919795,664,32268,3
-5924.467807734062,665,32303,3
-4266.374458874459,666,32317,3
-4783.939393939394,667,32340,3
-9679.679487179488,668,32384,3
-6407.579087579087,669,32430,3
-3979.1774891774894,670,32454,3
7721.942640692641,671,32486,4
-5117.532467532467,672,32515,3
-6888.033841158842,673,32569,3
-3420.862470862471,674,32584,3
-6312.876353522638,675,32621,3
-7446.127467303939,676,32649,3
-5350.039682539683,677,32677,3
-5917.4058825161765,678,32722,3
-5427.8781263456185,679,32754,3
-5449.987512487513,680,32787,3
-5605.892857142858,681,32820,3
-3686.7784992785,682,32841,3
-3570.224677283501,683,32862,3
6619.66957835766,684,32910,4
-5738.746995300284,685,32947,3
-9911.800152247131,686,33033,3
-3823.1413929208043,687,33047,3
-4464.092446725961,688,33068,3
-6286.576756576756,689,33097,3
-4233.83656784392,690,33119,3
7961.451603951604,691,33149,4
-5950.221249338896,692,33177,3
-7151.248751248751,693,33232,3
9132.068538392403,694,33261,4
-19351.214896214893,695,33389,3
-6289.761649599112,696,33445,3
-5980.269286097459,697,33486,3
-7390.843327424211,698,33545,3
-4067.2202797202794,699,33565,3
2830.03674666407,700,33602,4
-3902.0354645354646,701,33620,3
-5241.129426129426,702,33651,3
-1383.135198135199,703,33710,4
7911.96930630653,704,33735,4
-6846.34227635969,705,33769,3
-4204.333827936769,706,33795,3
-9320.936563436564,707,33859,3
-4917.882117882118,708,33890,3
-3274.3433037550685,709,33908,3
-2574.039987789988,710,33927,3
-4942.01701076701,711,33944,3
-4247.37012987013,712,33969,3
-3488.896103896104,713,33991,3
-13123.282967032963,714,34075,3
-11379.048805082088,715,34133,3
-6442.602536352535,716,34172,3
-5706.782335311747,717,34210,3
-2774.562937062937,718,34231,3
-3819.7035704233845,719,34246,3
-8478.180846930847,720,34300,3
-2900.5005056862647,721,34327,3
-4734.920634920635,722,34350,3
-5580.452047952047,723,34391,3
-2961.2626262626263,724,34408,3
-6675.530303030302,725,34438,3
-4152.389081506729,726,34452,3
-4464.236596736597,727,34473,3
-6783.598346098347,728,34518,3
-4054.7515584260937,729,34545,3
-4561.919890021586,730,34575,3
4910.155389416226,731,34628,4
-7505.592185592186,732,34667,3
-5540.448787323787,733,34700,3
-5691.649820767469,734,34727,3
-10392.059884559883,735,34786,3
-4671.274530423138,736,34802,3
-7257.921233178586,737,34849,3
-3665.7251082251087,738,34873,3
-6662.661554776494,739,34927,3
-5746.971361971362,740,34960,3
-6415.0,741,34995,3
-7510.3937728937735,742,35043,3
-5882.261904761905,743,35066,3
2961.8276553392307,744,35130,4
-4730.8838383838365,745,35163,3
-4518.2110658948895,746,35197,3
-5592.418011984575,747,35233,3
-7236.969696969698,748,35279,3
-16884.037449478634,749,35420,3
-5846.6627816627815,750,35461,3
-7818.088855588856,751,35503,3
-5500.264946544459,752,35538,3
-8185.0196088740995,753,35585,3
-4037.1428571428573,754,35603,3
-9118.512043512043,755,35662,3
-5387.150349650349,756,35743,4
-5318.265371109797,757,35775,3
-4444.306252742786,758,35804,3
-6652.75060398613,759,35847,3
-4470.239115459704,760,35874,3
-7677.936646686646,761,35919,3
8547.012858572458,762,36043,5
-2481.717171717172,763,36059,3
-4235.371572871572,764,36085,3
-7764.751914751915,765,36135,3
7736.686842569197,766,36164,4
-9294.327894327895,767,36228,3
-8499.330314293551,768,36283,3
-4557.980894879114,769,36315,3
-8940.189393939392,770,36365,3
-8057.398157398157,771,36404,3
-2367.559523809524,772,36419,3
-6290.076889699568,773,36448,3
-11524.607863756471,774,36507,3
-6713.9199500190225,775,36554,3
-2829.467893217893,776,36565,3
-4401.190476190476,777,36582,3
-7153.175354057708,778,36627,3
-3800.4564879564887,779,36651,3
-9730.241702741703,780,36717,3
-4636.569451360475,781,36773,3
-5799.494949494951,782,36806,3
-8192.416958041958,783,36858,3
-3721.594516594517,784,36880,3
-8860.441919191919,785,36928,3
-4498.7681768471575,786,36948,3
-6488.227050727053,787,36987,3
-3698.4445578930877,788,37019,3
-5231.616161616162,789,37052,3
-4691.931967026781,790,37079,3
-3988.571428571429,791,37095,3
-5622.312838305486,792,37132,3
-4443.656650796744,793,37153,3
-6003.636363636363,794,37192,3
-4254.51072727582,795,37211,3
-3765.0324675324678,796,37237,3
-3815.050227550227,797,37270,3
-7123.028083028082,798,37317,3
-4427.698412698412,799,37335,3
-4437.655677655677,800,37346,3
-3937.9620379620383,801,37361,3
3041.9753928879477,802,37411,4
-6311.58424908425,803,37435,3
-5301.358363858365,804,37467,3
-5502.380952380952,805,37490,3
-8387.839105339106,806,37527,3
-3881.445214572149,807,37573,3
-7245.420678392814,808,37611,3
-7012.027972027973,809,37657,3
-3431.159240656145,810,37672,3
-5698.301999353453,811,37710,3
-6130.588161838163,812,37749,3
7589.620159252513,813,37795,4
-5472.000148544266,814,37830,3
-4203.905677655678,815,37842,3
-8773.884448884448,816,37899,3
-10027.341012745424,817,37968,3
-4193.100098430981,818,37982,3
-3106.5080752580757,819,37994,3
-3211.231962481963,820,38019,3
-7173.502182801719,821,38065,3
-6246.247061761766,822,38108,3
-3558.0787639862715,823,38125,3
-6420.196506924448,824,38160,3
-2975.97027972028,825,38174,3
-4962.7252159605105,826,38203,3
-6865.241425241426,827,38248,3
-7096.071428571429,828,38278,3
-3504.285714285714,829,38293,3
3434.6237869457655,830,38351,4
8638.260558885559,831,38377,4
-9369.921328671328,832,38422,3
-6032.692599368295,833,38447,3
-4835.831264538696,834,38482,3
-7495.705266955267,835,38530,3
-10547.619047619048,836,38592,3
-11875.120461090568,837,38684,3
-3761.074900331866,838,38723,3
-3983.2892107892108,839,38751,3
-4824.8751364734335,840,38770,3
-2907.822226792815,841,38783,3
-4458.014403625943,842,38806,3
-4643.784271284271,843,38834,3
1425.132475214618,844,38935,4
-1923.0359509771288,845,39039,4
5730.8550517773165,846,39113,4
-5744.966014377779,847,39147,3
-2955.999000999001,848,39163,3
-5322.943722943723,849,39191,3
-5772.418484211305,850,39217,3
-5751.272850534177,851,39256,3
-5117.471521641413,852,39283,3
-4917.374153624153,853,39303,3
-6774.705294705294,854,39349,3
-4828.577672327672,855,39375,3
-3570.7575757575755,856,39398,3
-5693.285795087266,857,39446,3
-10148.282403870637,858,39525,3
-8034.105894105895,859,39580,3
-3216.067821067821,860,39597,3
-4806.481296481296,861,39614,3
8609.960317460316,862,39641,4
-4545.448301698301,863,39666,3
-4934.6516022677015,864,39697,3
-8154.865967365967,865,39755,3
-5115.157342657343,866,39779,3
-5300.853728315029,867,39807,3
-4143.2812661624575,868,39828,3
-3508.4410075218902,869,39839,3
-4391.511821511822,870,39860,3
-3922.5653835328762,871,39877,3
14159.594155844157,872,39951,5
-4624.563769563771,873,39968,3
-3590.7920020951806,874,39984,3
-6395.843249887368,875,40022,3
-6197.636415012575,876,40064,3
-6987.238455988456,877,40113,3
-1327.4314941594369,878,40194,4
3725.5497280497275,879,40237,4
-4005.7822039072053,880,40266,3
-8606.703394644574,881,40339,3
4954.86787313993,882,40374,4
-5284.069264069264,883,40397,3
-6019.675900080312,884,40420,3
-3682.613636363636,885,40442,3
-5974.714521589522,886,40467,3
-5906.0567238489075,887,40513,3
-942.2807747807749,888,40528,3
-6623.346983254105,889,40588,3
3723.1349206349214,890,40643,4
-2903.709174382549,891,40656,3
-5588.561299811299,892,40754,4
-7774.71817398288,893,40821,3
-4821.171328671328,894,40836,3
-6830.4329934154775,895,40865,3
-7178.861693861693,896,40912,3
-5251.834831834831,897,40953,3
-8334.023859697234,898,41022,3
-3327.197446516333,899,41123,4
-9131.807091855217,900,41192,3
-4038.5617072555924,901,41207,3
-3582.7562715062722,902,41237,3
-3209.8607275077866,903,41258,3
4489.737966282083,904,41323,4
-4688.623839395897,905,41350,3
-2694.296585767174,906,41375,3
-4351.06931918271,907,41413,3
-9476.444735819736,908,41488,3
-3118.9747262541377,909,41499,3
-3968.8344988344984,910,41529,3
-5772.902097902098,911,41554,3
-12512.945387945387,912,41627,3
5657.910894145406,913,41726,4
-4844.649402025563,914,41757,3
-4964.58479020979,915,41774,3
-3827.362914862915,916,41802,3
-6041.4484126984125,917,41837,3
-3093.75,918,41853,3
-3832.3424593122736,919,41871,3
-6623.3892088303855,920,41921,3
-7669.209956709957,921,41940,3
-7926.463268413733,922,42000,3
-5647.237533708122,923,42037,3
-14972.90764790765,924,42107,3
-6443.527055804532,925,42159,3
-9396.479723406967,926,42220,3
-5648.096644618971,927,42261,3
-4169.629874769193,928,42288,3
-6101.766289266289,929,42329,3
5816.873812462048,930,42363,4
-6529.158480408481,931,42402,3
-3906.753246753247,932,42425,3
-5655.822898506721,933,42469,3
4250.605947452512,934,42516,4
-4259.846882993168,935,42540,3
-7413.102841645798,936,42598,3
-3893.251748251748,937,42626,3
-7280.155677655678,938,42653,3
15985.613969363967,939,42678,5
-5093.4625627640335,940,42726,3
-3883.5043428793438,941,42753,3
-3037.7759740259744,942,42783,3
-3434.029581529581,943,42799,3
4644.285714285715,944,42830,4
-8347.787102603277,945,42899,3
-14385.816389492857,946,42997,3
-7733.001443001444,947,43047,3
-11522.66362314157,948,43130,3
-3425.1406926406926,949,43144,3
-5740.293447092983,950,43188,3
-7225.32967032967,951,43217,3
-6384.215578583931,952,43251,3
-777.1986346986354,953,43334,4
-3448.1493506493503,954,43359,3
-2177.922077922077,955,43422,4
-4781.854256854257,956,43436,3
-5440.492424242424,957,43464,3
9072.281399156398,958,43498,4
-4002.92619553649,959,43519,3
-10205.336330336331,960,43583,3
-4723.063345967757,961,43598,3
-19168.489080578867,962,43730,3
-7247.343234895481,963,43843,4
-5637.356861619632,964,43871,3
5886.837325256444,965,43896,4
-19821.294261294253,966,43989,3
-4782.796727879142,967,44021,3
-6412.047397047397,968,44068,3
-5199.705165835197,969,44095,3
-4622.7672327672335,970,44111,3
-5746.916902541902,971,44152,3
-6355.39529979525,972,44192,3
-10707.207792207793,973,44250,3
-6007.848621966269,974,44286,3
-5112.147852147852,975,44319,3
1565.2652902652917,976,44354,4
-8571.015555651778,977,44432,3
-9567.088097660853,978,44508,3
-4284.657145138704,979,44529,3
-11743.114083628789,980,44609,3
-5891.753483444659,981,44633,3
-9886.514378509348,982,44705,3
-4467.810396321721,983,44730,3
-3908.584843948622,984,44766,3
-6478.4614894909,985,44789,3
-9686.111111111113,986,44841,3
-3502.631325717626,987,44853,3
-5986.105283605282,988,44963,4
-8121.957903207903,989,45007,3
-13102.380536130535,990,45073,3
-3948.5656152413117,991,45088,3
-3277.272727272727,992,45101,3
4403.766125423832,993,45137,4
-6995.309967809968,994,45173,3
11797.332202111611,995,45258,5
-10666.80288665583,996,45329,3
-8661.042356336475,997,45387,3
-4206.772190228072,998,45412,3
-4021.5584415584417,999,45426,3
-3453.279359529359,1000,45442,3
-4400.279304029304,1001,45464,3
-5480.666450422643,1002,45506,3
4957.952416305747,1003,45567,4
-561.3383838383854,1004,45644,4
-3518.181818181818,1005,45662,3
-14033.437950937952,1006,45753,3
-9328.327048768222,1007,45818,3
-4025.292207792207,1008,45844,3
-3900.213743300044,1009,45858,3
-6242.179487179487,1010,45882,3
-10161.607314254376,1011,45950,3
-3985.10101010101,1012,45976,3
-3639.863747942729,1013,45989,3
-12135.952380952378,1014,46056,3
-2927.698412698413,1015,46074,3
-9828.83516535625,1016,46122,3
-6299.195804195804,1017,46150,3
-7952.5,1018,46183,3
-3330.250582750583,1019,46198,3
-15167.767351327722,1020,46308,3
-9114.977796970832,1021,46380,3
-14373.927738927736,1022,46468,3
-7198.80029284441,1023,46521,3
-6341.355940857723,1024,46548,3
-3343.236014501494,1025,46564,3
-5372.184191582411,1026,46612,3
1612.6386846297837,1027,46703,4
-4894.608332843627,1028,46725,3
-7035.33966033966,1029,46770,3
-6054.61378898879,1030,46809,3
-11866.753246753247,1031,46874,3
-3992.9406710196517,1032,46889,3
-6783.990761560421,1033,46936,3
-8777.98737146067,1034,46980,3
-7405.578208556151,1035,47018,3
-12760.137854061999,1036,47133,3
-3462.182817182817,1037,47146,3
-3244.379509379509,1038,47170,3
-13155.99214510979,1039,47261,3
-5852.454450219542,1040,47286,3
-6835.615977160093,1041,47323,3
-7564.149184149184,1042,47368,3
-3508.2844198285375,1043,47384,3
-12056.174034299029,1044,47467,3
-2862.786584330703,1045,47538,4
-4787.402597402597,1046,47562,3
-3195.445314489432,1047,47572,3
-6352.994015788135,1048,47615,3
-3884.409956344638,1049,47631,3
-6697.796470815045,1050,47659,3
-10308.258212375862,1051,47730,3
-8014.32262182262,1052,47788,3
-3866.964285714286,1053,47805,3
-5320.775551847533,1054,47852,3
-7896.051587301586,1055,47894,3
-8794.347874347874,1056,47956,3
-3106.2099017888827,1057,47967,3
-5410.1226551226555,1058,47994,3
-9307.446837003723,1059,48075,3
-8722.262806852588,1060,48160,3
-4549.778358896006,1061,48191,3
-2252.936507936508,1062,48207,3
-8861.32323558794,1063,48259,3
-3055.394397269397,1064,48276,3
-5815.852284969932,1065,48303,3
-7684.191969021692,1066,48359,3
-8639.71661615818,1067,48410,3
-5305.808994926643,1068,48432,3
-11716.946472644999,1069,48513,3
-20857.12848769737,1070,48690,3
-4945.346708030531,1071,48719,3
-4188.881325717626,1072,48734,3
18440.757575757576,1073,48748,5
-8205.488539156362,1074,48800,3
-6879.276712065022,1075,48863,3
-8641.056859806857,1076,48920,3
-6540.150301839547,1077,48957,3
-6748.681318681318,1078,48997,3
-2965.2965653197853,1079,49008,3
-3809.873442868209,1080,49028,3
-8230.492693073542,1081,49108,3
-7776.358641358641,1082,49158,3
-4228.533211069976,1083,49184,3
-6057.677045177045,1084,49214,3
-6232.721102426985,1085,49245,3
-4058.6325439266616,1086,49266,3
-3843.174048174049,1087,49290,3
-6717.638709329886,1088,49331,3
1964.055229900814,1089,49381,4
-9197.049752148436,1090,49464,3
-7063.836163836164,1091,49490,3
-6481.443054064958,1092,49535,3
-9443.52425631644,1093,49616,3
-3911.1471861471864,1094,49630,3
-6094.738656783008,1095,49664,3
-7567.471976552859,1096,49700,3
-10144.571404902286,1097,49762,3
-4624.282592407591,1098,49793,3
-6392.0454671709895,1099,49847,3
-4595.917074196874,1100,49867,3
-8199.367554940982,1101,49940,3
-7563.041555537682,1102,50003,3
-7908.656719097896,1103,50053,3
-5054.793168647659,1104,50077,3
-7595.834679381506,1105,50134,3
-12834.280726153787,1106,50255,3
-5464.906336568487,1107,50290,3
-4279.68697968698,1108,50302,3
-5243.52795811,1109,50334,3
-5207.948732124429,1110,50363,3
-3837.228080227306,1111,50380,3
-4891.323953823954,1112,50403,3
-9146.789876789877,1113,50475,3
-7309.013440979385,1114,50518,3
-5655.335967185997,1115,50545,3
-5402.4263543903635,1116,50570,3
-9089.128652576392,1117,50642,3
-4131.470890799872,1118,50661,3
-4532.067932067932,1119,50673,3
-4889.431014032408,1120,50702,3
-6366.60956217845,1121,50758,3
-2918.506216006216,1122,50770,3
-10214.285714285712,1123,50820,3
-11155.21113561361,1124,50944,3
-11942.731342155479,1125,51030,3
-8065.820290820291,1126,51077,3
-8860.397820255304,1127,51133,3
-6379.577754901655,1128,51179,3
-2815.476190476191,1129,51190,3
-5814.513852347679,1130,51232,3
-5189.936595267479,1131,51255,3
-6734.37254609855,1132,51304,3
-5504.241640712229,1133,51336,3
-9672.675625887698,1134,51403,3
-4161.005348710457,1135,51428,3
-8304.157315208013,1136,51499,3
-3806.577035580519,1137,51520,3
-7415.692190506431,1138,51565,3
-5127.317311171801,1139,51589,3
-7741.092182026779,1140,51635,3
20766.346153846152,1141,51641,5
-5480.604873068109,1142,51677,3
4934.453447309484,1143,51707,4
-6897.913736179316,1144,51760,3
-4646.427884270175,1145,51789,3
-4792.330089930709,1146,51827,3
-6966.46996385967,1147,51875,3
-6111.4148078779945,1148,51908,3
-5893.368357004194,1149,51943,3
-11741.391880178644,1150,52029,3
-5677.154741149206,1151,52065,3
-7371.060440568986,1152,52125,3
-4188.2344377011395,1153,52147,3
-3666.14758564449,1154,52162,3
-9043.539793539792,1155,52197,3
-4547.607874148256,1156,52220,3
-5312.285480257618,1157,52248,3
-5943.781931647644,1158,52280,3
-3195.8960737405005,1159,52294,3
-6001.884623159777,1160,52327,3
-6662.416586681293,1161,52353,3
-4405.378880861365,1162,52369,3
-7001.964563214562,1163,52411,3
-5910.973458945597,1164,52446,3
-9625.065003151303,1165,52521,3
-5085.54344348462,1166,52556,3
-5435.882561687701,1167,52596,3
-6527.052604258488,1168,52642,3
-7079.147004096691,1169,52702,3
-5240.614897985087,1170,52736,3
-6540.129230710065,1171,52779,3
-9701.409306637632,1172,52854,3
-3507.349060253472,1173,52865,3
-6715.078037287788,1174,52913,3
-5605.546328671328,1175,52932,3
-5102.013736784819,1176,52956,3
-9073.490125071008,1177,53043,3
-7629.935108321329,1178,53089,3
-7933.707663595434,1179,53141,3
-4818.547979797979,1180,53167,3
-6667.931223188577,1181,53202,3
-4742.268343111996,1182,53229,3
-4073.0117573214393,1183,53249,3
-4658.8719910120835,1184,53273,3
-8408.027087063932,1185,53338,3
-5038.811188811189,1186,53363,3
4234.364666848161,1187,53391,4
-6170.997191382674,1188,53435,3
-8083.544901502233,1189,53493,3
-7067.4650349650365,1190,53530,3
-5973.044330970028,1191,53561,3
-4040.9593889587322,1192,53584,3
-4041.9465349322163,1193,53605,3
-5929.964363551826,1194,53640,3
-6226.480686066599,1195,53672,3
-3287.0629911883784,1196,53687,3
-6065.045946700359,1197,53718,3
-6131.06641380635,1198,53755,3
-5268.50359754886,1199,53794,3
-5395.361972856245,1200,53831,3
-8449.806648889471,1201,53913,3
-9161.114021595578,1202,53980,3
-6327.900432900433,1203,53991,3
-6248.049110332391,1204,54023,3
-4986.42704431791,1205,54058,3
-7520.5978049728055,1206,54096,3
-5402.331270325163,1207,54139,3
-5302.0290440703,1208,54171,3
-4013.3619717056254,1209,54197,3
-8917.487924871826,1210,54283,3
-4661.378675504063,1211,54306,3
-7462.462608341091,1212,54341,3
-6197.401411797696,1213,54387,3
-4457.7171091722175,1214,54409,3
-3724.2593523383334,1215,54426,3
-7021.7773892773885,1216,54459,3
-4588.905677655677,1217,54473,3
-4916.601393962074,1218,54497,3
-4221.353476441223,1219,54516,3
-7421.689560960644,1220,54558,3
-4377.30983300811,1221,54586,3
-6125.051587733857,1222,54639,3
-6956.905339668631,1223,54685,3
-5269.2032967032965,1224,54702,3
-5156.78610347341,1225,54735,3
-4565.130695290709,1226,54761,3
-3645.9575518650595,1227,54776,3
-5621.867091886442,1228,54811,3
-6682.627836111483,1229,54848,3
-6019.0519595606065,1230,54884,3
-7076.452811893989,1231,54910,3
-4564.828850415151,1232,54932,3
-4354.285150479036,1233,54948,3
-7079.057369097752,1234,54994,3
-7621.548894646805,1235,55045,3
-7106.386244711674,1236,55101,3
-4804.53144078144,1237,55124,3
-5567.421774561868,1238,55151,3
-11075.959382857016,1239,55244,3
-3391.04264113939,1240,55260,3
-5096.841589782767,1241,55304,3
-8121.186982951687,1242,55357,3
-9854.831833543132,1243,55431,3
-3994.606697699982,1244,55457,3
-3338.938213274514,1245,55484,3
-5265.029888494548,1246,55514,3
-5479.835853216271,1247,55539,3
-4390.059121734818,1248,55557,3
-6653.291337145827,1249,55587,3
-6458.581471681502,1250,55638,3
-4225.775122710107,1251,55658,3
-7843.897279191396,1252,55689,3
-6279.273961332785,1253,55731,3
-6840.780756910788,1254,55772,3
-6709.380998903058,1255,55811,3
-4321.528505464263,1256,55837,3
-4476.383075558771,1257,55856,3
-5382.172707099513,1258,55894,3
-3821.2522771346303,1259,55910,3
-4327.670593295594,1260,55926,3
-3733.854300369393,1261,55941,3
-5328.984492198249,1262,55975,3
-6911.828840411843,1263,56020,3
-4203.905677655678,1264,56032,3
-5376.681408920269,1265,56059,3
-4912.050746052529,1266,56093,3
-5180.728279073866,1267,56124,3
-6712.177443677004,1268,56173,3
-7271.437406118135,1269,56207,3
-3872.967979120086,1270,56234,3
-2894.5939155014235,1271,56245,3
-4407.3626373626375,1272,56263,3
-6511.131371423554,1273,56296,3
-6987.846308103661,1274,56347,3
-5070.798455481791,1275,56379,3
-4798.479020979021,1276,56396,3
-5106.632965382309,1277,56431,3
-3775.516019927785,1278,56451,3
-5940.346792703788,1279,56496,3
-5674.498957653823,1280,56536,3
-5412.150687934356,1281,56571,3
-5679.7383482213045,1282,56612,3
-6533.828442799031,1283,56644,3
-5068.282349231585,1284,56673,3
-5613.769806045349,1285,56699,3
-9712.399475524475,1286,56733,3
-4446.070639410298,1287,56761,3
-5133.762633780048,1288,56784,3
-5461.045680322754,1289,56822,3
-5109.441391941391,1290,56842,3
-5437.544233587188,1291,56881,3
-6005.320298644013,1292,56919,3
-4079.6869796869796,1293,56930,3
-3745.0963606826613,1294,56949,3
-7014.435268678693,1295,57003,3
-4862.02167930109,1296,57020,3
-4968.174077160289,1297,57057,3
-5468.60472860473,1298,57086,3
-6464.883843475141,1299,57147,3
-3240.7359307359307,1300,57157,3
-8945.182830585305,1301,57206,3
-5092.187580232841,1302,57232,3
-4807.476413781965,1303,57262,3
-5928.923120438215,1304,57291,3
-5031.463702920747,1305,57319,3
-4298.591845487188,1306,57341,3
-3249.611981156099,1307,57352,3
-9228.150050843546,1308,57430,3
-6622.19936925819,1309,57465,3
-3918.276027378194,1310,57486,3
-5371.486035431562,1311,57531,3
-6508.3320870754405,1312,57570,3
-3848.410619308452,1313,57595,3
-5402.927589910949,1314,57614,3
-9640.6544191103,1315,57658,3
-5779.057572811492,1316,57697,3
-8194.189976689977,1317,57732,3
-5088.246360837305,1318,57761,3
-5984.823683006241,1319,57809,3
-4098.038909619792,1320,57827,3
-5855.725070581063,1321,57876,3
-4018.225932035614,1322,57895,3
-8990.483358231035,1323,57944,3
-9208.632788779845,1324,57999,3
-7739.806126569619,1325,58072,3
-5428.096759196319,1326,58118,3
-6276.57952277341,1327,58146,3
-5966.480712914536,1328,58173,3
-3717.404052990353,1329,58187,3
-5280.722166795007,1330,58223,3
-4339.504662004661,1331,58240,3
-5322.136212955467,1332,58278,3
-4615.401265401266,1333,58289,3
-5076.478050887881,1334,58317,3
-4281.036558900337,1335,58340,3
-3727.809191330274,1336,58355,3
-4179.560210900061,1337,58378,3
-4245.061245861421,1338,58398,3
-6296.2848984520815,1339,58444,3
-4070.015123903332,1340,58466,3
-5939.721607474501,1341,58503,3
-5100.242599462802,1342,58530,3
-5934.630747216643,1343,58576,3
-3322.617705651761,1344,58598,3
-4222.354423397379,1345,58625,3
-5142.997759625098,1346,58667,3
-5218.045326788496,1347,58695,3
-5115.894511834915,1348,58727,3
-8393.91734077307,1349,58790,3
-4478.450818643375,1350,58812,3
-7974.315359563038,1351,58871,3
-3594.904530454066,1352,58889,3
-4401.977522998604,1353,58909,3
-7270.513939105271,1354,58941,3
-7962.574300699302,1355,58986,3
-6411.04632682419,1356,59019,3
-7366.372569638824,1357,59065,3
2718.4727264124726,1358,59112,4
-6935.598959863665,1359,59136,3
-6115.75736355148,1360,59171,3
-4831.629920002599,1361,59190,3
-6987.759308154628,1362,59238,3
-5273.082048025933,1363,59264,3
-7311.783805422604,1364,59313,3
-4174.437588555236,1365,59332,3
-5515.403454779287,1366,59373,3
-4316.093249715541,1367,59406,3
-5226.809628534222,1368,59447,3
-5694.256104531714,1369,59497,3
-16056.209207459206,1370,59590,3
-6204.777097902098,1371,59613,3
-3374.58623839592,1372,59626,3
-5103.792887968584,1373,59652,3
-8854.137035622374,1374,59744,3
-8023.318853274353,1375,59811,3
-11009.882953733571,1376,59855,3
-7548.910449715407,1377,59913,3
-9400.780074973185,1378,59998,3
-5979.392937756397,1379,60058,3
-5552.071200857965,1380,60103,3
-8741.333817326464,1381,60152,3
-4234.755016094867,1382,60172,3
-4030.782177871837,1383,60190,3
-6249.670916645612,1384,60228,3
-4837.078921017287,1385,60253,3
-6968.213869463869,1386,60286,3
-6910.198247315118,1387,60329,3
-8866.508781466215,1388,60385,3
-6964.779461781244,1389,60429,3
-7433.267320630488,1390,60508,3
-6313.10278865217,1391,60566,3
-7485.663290583875,1392,60630,3
-6086.898470662687,1393,60681,3
-4647.700004244121,1394,60705,3
-6270.470471361322,1395,60747,3
-4029.91008991009,1396,60759,3
-4296.73025203211,1397,60791,3
-6889.321732564784,1398,60846,3
-5420.913339847735,1399,60875,3
-4675.6651070601965,1400,60907,3
-4877.936945928616,1401,60934,3
-3900.9077039866847,1402,60951,3
-3246.530638479168,1403,60971,3
-2695.021645021645,1404,60982,3
-5186.407342657343,1405,61016,3
-3971.0874995317727,1406,61038,3
-3795.2907386730913,1407,61055,3
-5756.394271979645,1408,61083,3
-4539.317691070393,1409,61109,3
-5413.530097002629,1410,61150,3
-5290.043750249616,1411,61179,3
-3907.4733599733595,1412,61193,3
-4880.960682636549,1413,61222,3
-4797.1085512840455,1414,61263,3
-5369.235925032028,1415,61318,3
-4150.622049519108,1416,61343,3
-4652.939182850174,1417,61362,3
-6631.855749805003,1418,61408,3
-6102.190309475525,1419,61453,3
-5844.225732557775,1420,61483,3
-4437.496633498417,1421,61504,3
-5585.988741006158,1422,61538,3
-7501.347818847819,1423,61568,3
-8459.867870132963,1424,61604,3
-9195.039682539682,1425,61643,3
-6530.742767294625,1426,61677,3
5362.438295923203,1427,61706,4
-4239.4338994339,1428,61725,3
-5336.953663381682,1429,61754,3
-3587.424158658678,1430,61772,3
-8629.938413840631,1431,61839,3
-3508.4410075218902,1432,61850,3
-5975.316137036339,1433,61878,3
-6929.578121527744,1434,61921,3
-3452.9765822412883,1435,61933,3
-6441.6090443167595,1436,61967,3
-5693.878391560281,1437,62001,3
-4435.569597839083,1438,62029,3
-3535.2016230113045,1439,62042,3
-5341.075168381668,1440,62080,3
-3568.695485371182,1441,62093,3
-5429.220754735459,1442,62126,3
-6050.240315240316,1443,62156,3
-8651.377590847402,1444,62213,3
-5216.440714857898,1445,62245,3
-4753.729996783402,1446,62266,3
-3118.9747262541377,1447,62277,3
-6290.27722685811,1448,62306,3
-6483.797868797869,1449,62327,3
-8120.096145684381,1450,62394,3
-4473.253607202911,1451,62413,3
-6018.113173591115,1452,62440,3
-7762.298951048953,1453,62491,3
-4249.989258845431,1454,62512,3
-8482.081576833902,1455,62592,3
-3732.351605437905,1456,62608,3
-4086.16189774278,1457,62630,3
-5577.960666016577,1458,62662,3
-4241.1707642203,1459,62681,3
-5031.491488305594,1460,62714,3
-6983.015348085003,1461,62765,3
-4119.959697165579,1462,62789,3
-4862.452048473131,1463,62808,3
-2967.0939155014235,1464,62818,3
-5141.460582975676,1465,62840,3
-5465.68995074413,1466,62878,3
-4958.260696346996,1467,62901,3
-6041.45397278011,1468,62934,3
-7114.549170357843,1469,62997,3
-4439.860816053372,1470,63021,3
-5786.8404797816565,1471,63048,3
-6469.835448349382,1472,63098,3
-5289.195804195804,1473,63117,3
-7227.940731858635,1474,63186,3
-6604.296328671328,1475,63213,3
-7169.135971527611,1476,63271,3
-4582.068076181539,1477,63298,3
-5543.525242570504,1478,63337,3
-4652.728986699575,1479,63366,3
-3931.3566838218544,1480,63385,3
-4355.470478368867,1481,63412,3
-5800.866427566689,1482,63468,3
-6056.14848000297,1483,63495,3
-9293.671328671328,1484,63538,3
-7041.54876954818,1485,63608,3
-7133.397591830253,1486,63653,3
-5372.123345490481,1487,63691,3
-3818.070103915692,1488,63707,3
-8619.742230164058,1489,63745,3
-3119.557709811614,1490,63771,3
-4967.599850484912,1491,63791,3
3101.237326914574,1492,63843,4
-7635.601153232733,1493,63890,3
-5265.578109540958,1494,63928,3
-7675.958805126765,1495,63981,3
-5618.272878866918,1496,64011,3
-4569.195804195804,1497,64029,3
-5753.3147612191715,1498,64064,3
-6789.135492989984,1499,64098,3
-5083.280676366977,1500,64121,3
-5936.8889323610665,1501,64153,3
-4624.448487641044,1502,64175,3
-7101.707668369232,1503,64244,3
-4045.3980148678284,1504,64266,3
-9100.923089317015,1505,64322,3
-5877.930402930404,1506,64345,3
-5081.336677187397,1507,64378,3
-6842.35364727815,1508,64446,3
-4829.742022683199,1509,64468,3
-5104.227942997461,1510,64498,3
-5513.971424817012,1511,64538,3
-5946.575998820582,1512,64594,3
-8541.255634387444,1513,64669,3
-3495.2687590187584,1514,64682,3
-6930.627906470817,1515,64730,3
-4755.518227902128,1516,64752,3
-4249.888999888999,1517,64777,3
-7752.589741662297,1518,64834,3
4455.897779885345,1519,64863,4
-5254.8520571276,1520,64890,3
-10043.737511294066,1521,64971,3
-5809.630806285219,1522,64998,3
-9068.640917905625,1523,65045,3
-5000.165160720585,1524,65074,3
-5470.977703926621,1525,65106,3
-6591.532068106135,1526,65152,3
-10238.980284421463,1527,65196,3
-5990.220388486644,1528,65232,3
-8384.991288140449,1529,65295,3
-6157.997309063485,1530,65325,3
-3947.3792622496185,1531,65341,3
-3950.820036946198,1532,65369,3
-3329.593915501423,1533,65380,3
-3973.3275200032163,1534,65395,3
-12665.88163255733,1535,65450,3
-4837.363279135726,1536,65476,3
-4114.770033887681,1537,65493,3
-3806.8825292354704,1538,65519,3
-10871.09372157621,1539,65576,3
-7685.710557502352,1540,65615,3
-7277.405066553675,1541,65681,3
-10576.159204357737,1542,65748,3
-4923.1935618990565,1543,65789,3
-8977.806114164476,1544,65843,3
-4267.232747257902,1545,65869,3
-9527.906163182173,1546,65956,3
-4809.416334187417,1547,65983,3
-9476.053750171397,1548,66037,3
-3532.5333386943284,1549,66053,3
-7024.303297433935,1550,66120,3
-4099.604811468202,1551,66143,3
-3705.809428574522,1552,66155,3
-2783.131903571145,1553,66169,3
-3922.102436345605,1554,66189,3
-5523.657606583302,1555,66225,3
-9757.46806979981,1556,66314,3
-161.05640102931181,1557,66392,4
-5590.179820179821,1558,66420,3
-2706.4989680082563,1559,66442,3
-5445.498458584759,1560,66478,3
-5778.533966033966,1561,66512,3
-5840.919338659278,1562,66563,3
-5592.7307129145365,1563,66584,3
-8205.058944323651,1564,66649,3
-5324.634683342114,1565,66681,3
-5665.257214405822,1566,66712,3
-3965.9800126344244,1567,66726,3
-4973.7306000728895,1568,66752,3
-10764.618298368297,1569,66802,3
-4788.8961599558415,1570,66826,3
4790.481947103463,1571,66862,4
1524.5183480090595,1572,66907,4
-4217.079377665677,1573,66923,3
-4936.724861395914,1574,66961,3
-4826.358964178237,1575,66986,3
-3329.593915501423,1576,66997,3
-3367.6236854390872,1577,67021,3
-4723.393470452463,1578,67052,3
-3156.8885102367904,1579,67066,3
-7506.278863035831,1580,67114,3
-6272.310758986455,1581,67146,3
-15385.266400266397,1582,67229,3
-6874.007957986287,1583,67279,3
-5934.373588228079,1584,67306,3
-7659.333749662194,1585,67377,3
-6781.255264507851,1586,67431,3
-8497.13036963037,1587,67463,3
-6126.75454060903,1588,67489,3
1819.3525179670692,1589,67541,4
-5312.028421347577,1590,67593,3
-6054.110538154656,1591,67634,3
6889.306722689077,1592,67722,5
-6466.237443654072,1593,67755,3
-7347.87975912976,1594,67783,3
-4314.0249321112315,1595,67801,3
5984.6169137151255,1596,67822,4
-11118.95188145188,1597,67865,3
-4055.8062489196395,1598,67894,3
-6052.625041633368,1599,67940,3
-4839.474028966053,1600,67972,3
-4235.138173118218,1601,67995,3
-9077.993054193083,1602,68071,3
-7986.717456734872,1603,68112,3
-4986.50212317782,1604,68134,3
-3981.772192590691,1605,68155,3
-9271.27502012951,1606,68207,3
-6194.379928188653,1607,68241,3
-9161.069910481676,1608,68299,3
-5327.375685618803,1609,68331,3
-6676.27965457838,1610,68370,3
-10033.109138024001,1611,68436,3
-5587.402506829331,1612,68472,3
-14788.432468803987,1613,68556,3
-5711.458849670991,1614,68605,3
-17158.321836187544,1615,68733,3
-8450.302587634247,1616,68812,3
-3804.7489842458886,1617,68825,3
-5310.885363441915,1618,68856,3
-7907.521224905127,1619,68913,3
-9323.131027039693,1620,68991,3
3090.121388450993,1621,69048,4
-5543.065891152191,1622,69081,3
-3289.142761907855,1623,69092,3
-4154.586088361244,1624,69114,3
5190.310008618833,1625,69149,4
-4152.389081506729,1626,69163,3
-5564.482404420484,1627,69196,3
-2991.969835719836,1628,69207,3
-5533.3288035493915,1629,69248,3
-8615.989300946732,1630,69319,3
-4745.21793673303,1631,69339,3
-6306.580749168496,1632,69367,3
-5698.01597329175,1633,69403,3
-7474.23948149374,1634,69435,3
-2980.7359307359307,1635,69444,3
-7138.1305637423575,1636,69489,3
-5457.812620591596,1637,69522,3
-6677.345987345987,1638,69560,3
-3873.9405834103973,1639,69577,3
-5662.392061627743,1640,69605,3
-5629.358102123195,1641,69631,3
-6182.790314253431,1642,69677,3
-14219.73021773399,1643,69782,3
-10673.830454227802,1644,69853,3
-4542.930802427707,1645,69873,3
-4525.818148043867,1646,69900,3
-8115.133530470214,1647,69957,3
-7797.2521834460695,1648,70036,4
-4675.2093675158685,1649,70057,3
-19631.22258804147,1650,70188,3
-5390.420909817362,1651,70227,3
-3313.8944388944387,1652,70236,3
-5067.446087172127,1653,70266,3
-4079.5973612730572,1654,70280,3
-5843.56771904566,1655,70309,3
-4360.64187618367,1656,70341,3
-6601.353472808581,1657,70377,3
-10028.050120942902,1658,70461,3
-2967.0939155014235,1659,70471,3
-8047.000915750917,1660,70510,3
-7553.036472256677,1661,70563,3
-5641.275068455797,1662,70591,3
-5599.570833578186,1663,70621,3
-5189.618706329317,1664,70657,3
-7159.576737705691,1665,70728,3
-6675.085033021596,1666,70777,3
-3108.1477047652847,1667,70791,3
-5353.3694736635925,1668,70828,3
-12767.532123449308,1669,70906,3
-13704.45054945055,1670,70979,3
-15840.173551938266,1671,71065,3
-13664.332419386586,1672,71160,3
-13606.65537893479,1673,71221,3
-3652.095611431912,1674,71241,3
-5007.366782254553,1675,71264,3
-10980.045024634808,1676,71359,3
-6798.750410815461,1677,71413,3
-5913.808604136472,1678,71450,3
-4433.301102492279,1679,71545,4
-6394.029619116694,1680,71590,3
-4430.964915274597,1681,71611,3
-4719.701978877675,1682,71634,3
-5832.00605380172,1683,71670,3
-19012.164502164505,1684,71786,3
-3826.149340855223,1685,71805,3
-3241.2813637600793,1686,71822,3
-7183.492972241038,1687,71874,3
-4719.431045129322,1688,71906,3
-3818.1696032295877,1689,71921,3
-5727.883761823796,1690,71978,3
-11018.20310000457,1691,72057,3
-3312.7687712800953,1692,72072,3
-5436.4738942183585,1693,72119,3
-4181.429850921875,1694,72230,4
-4145.46514327008,1695,72252,3
-5715.2567917119,1696,72286,3
-6373.626513952215,1697,72332,3
-3972.1262071262076,1698,72348,3
-4429.637501525711,1699,72373,3
-23478.606814787487,1700,72505,3
-5262.266441204134,1701,72542,3
-4078.3954371222176,1702,72573,3
-12787.641943754556,1703,72661,3
-7336.516743060858,1704,72708,3
-3215.810199217707,1705,72722,3
-6566.27787653523,1706,72761,3
-7294.210610725705,1707,72800,3
-27413.94272394273,1708,72953,3
-7311.011904761905,1709,72990,3
-3340.1556828104817,1710,73002,3
-12221.420990017526,1711,73150,3
-6253.953024025373,1712,73213,3
-7983.326952677824,1713,73309,3
-3797.7119892659493,1714,73334,3
-4647.970973226307,1715,73364,3
-11907.375381970978,1716,73442,3
-6316.571226546073,1717,73490,3
-4388.056747174394,1718,73512,3
-5309.6374617814245,1719,73545,3
-4199.836102365127,1720,73571,3
-2891.1936090225563,1721,73592,3
-20012.41515429014,1722,73757,4
-7494.555395388701,1723,73837,3
-4754.543684934886,1724,73872,3
-7500.736271382553,1725,73941,3
-6435.295885707445,1726,73992,3
-8283.300233048689,1727,74069,3
-5292.350306567398,1728,74126,3
-11717.190597879398,1729,74248,3
-5987.141791745743,1730,74308,3
-4441.29013950558,1731,74338,3
-7143.931892625778,1732,74373,3
-4482.311558530162,1733,74412,3
-31812.10018352821,1734,74640,3
-34967.17238363555,1735,74834,3
-5417.833504181466,1736,74893,3
-6322.71356202277,1737,74938,3
-5592.074671148535,1738,74971,3
-18793.07256640849,1739,75092,3
-5445.711474329054,1740,75142,3
-28865.601163542335,1741,75365,3
-8337.996884436512,1742,75437,3
5970.292633292634,1743,75483,4
-14847.830595392854,1744,75585,3
-28795.291123014147,1745,75761,3
-8307.616180875706,1746,75816,3
-14022.78884922267,1747,75917,3
-7532.032639889688,1748,75989,3
-3805.230119038169,1749,76016,3
-8865.816697492395,1750,76063,3
-4933.282068722471,1751,76118,3
-2389.253824091285,1752,76206,4
-15703.948928127971,1753,76334,4
-3746.9034809359887,1754,76354,3
-20615.5619477272,1755,76477,3
-4230.919775229457,1756,76506,3
-7586.646044658817,1757,76550,3
-22545.8342603389,1758,76768,4
-10819.824334592142,1759,76852,3
-28591.48809523809,1760,77008,3
-5001.388465765401,1761,77045,3
-64076.269596416605,1762,77492,3
-7999.087410267749,1763,77544,3
-7285.847277722278,1764,77579,3
-13734.743960226446,1765,77656,3
-7529.706323088677,1766,77699,3
-13480.167193917194,1767,77849,4
-15973.276723276727,1768,77953,3
-25535.803827114898,1769,78114,3
-10955.096105759825,1770,78234,3
-3263.282279510995,1771,78251,3
5139.170447930123,1772,78298,4
17439.583333333336,1773,78311,5
-12212.269629235569,1774,78391,3
-48091.04757987109,1775,78714,3
-6307.2708732615865,1776,78772,3
-6121.848808342314,1777,78808,3
-36428.400937298,1778,79013,3
-37170.02479005901,1779,79319,3
-8062.350606909428,1780,79386,3
-26903.743315508014,1781,79566,3
-8236.755181201741,1782,79648,3
-7468.027950219108,1783,79713,3
-12270.263380410443,1784,79787,3
4292.874445815621,1785,79826,4
-44283.24592074591,1786,80145,3
-4755.435441321665,1787,80174,3
-80989.39283368856,1788,80635,3
-8520.839940503254,1789,80752,4
-9867.43742368742,1790,80813,3
-7160.611868351805,1791,80866,3
2011.6518133139662,1792,80941,4
-4795.414577682379,1793,80978,3
-6074.395737318575,1794,81020,3
-16398.880204762576,1795,81185,3
-6817.363370353343,1796,81251,3
-55580.564892623705,1797,81680,5
-3380.5025856496445,1798,81704,3
-8783.287874294232,1799,81788,3
-4358.406831171924,1800,81805,3
-11367.494729212995,1801,81891,3
-18595.27777777777,1802,81998,3
-15390.467169083742,1803,82160,4
-10626.819630514186,1804,82270,3
-5137.97312395618,1805,82308,3
-8609.05462184874,1806,82379,3
-6085.907282646835,1807,82422,3
-19809.575268354984,1808,82580,3
-7437.501873126874,1809,82624,3
-36311.423160173144,1810,82845,3
-3900.4799244872775,1811,82863,3
-3603.746828077323,1812,82888,3
-24892.629657923775,1813,83073,3
-3992.235608818426,1814,83099,3
-6837.1123716324955,1815,83160,3
-9564.270202192027,1816,83214,3
-35981.63898178368,1817,83443,3
-9748.624902359425,1818,83546,3
-4111.509947096247,1819,83570,3
-3877.354312354312,1820,83584,3
-16034.936875559935,1821,83675,3
-5064.489921842864,1822,83695,3
4407.666882966721,1823,83781,4
-8454.392362238725,1824,83856,3
7255.937890611805,1825,83903,4
-23362.12646830293,1826,84048,3
-4927.828689843009,1827,84087,3
-26145.25230875077,1828,84298,3
-13066.395341844254,1829,84416,3
-10214.210789210785,1830,84462,3
-14896.086552336552,1831,84588,3
-4343.428147574819,1832,84630,3
1849.166666666666,1833,84727,5
-7831.598076397512,1834,84795,3
-4596.00849335563,1835,84829,3
-11793.158495915848,1836,84896,3
-11316.201043090266,1837,85000,3
-15044.047619047611,1838,85073,3
-20924.73526473527,1839,85174,3
-4027.3312877782682,1840,85205,3
-4859.939957785295,1841,85230,3
-21256.26748251748,1842,85358,3
-6331.9697008358,1843,85409,3
-12675.081168831171,1844,85478,3
-10198.936249509004,1845,85567,3
-6551.62533006994,1846,85615,3
-8308.806603183537,1847,85670,3
-5998.90415097458,1848,85725,3
-11551.337637250952,1849,85822,3
-12239.00790324451,1850,85941,3
-3866.410256410257,1851,85968,3
-7424.170875564066,1852,86008,3
-11476.738912588291,1853,86120,3
-27425.841860667704,1854,86440,3
-5882.152569652569,1855,86484,3
-7645.607529725179,1856,86563,3
-4334.592074592074,1857,86602,3
-22854.850149850165,1858,86718,3
-5509.475776164428,1859,86754,3
-8175.209660695343,1860,86813,3
-6527.602838338133,1861,86870,3
-5855.8713775045035,1862,86913,3
-7059.695365908602,1863,86962,3
-24146.20969308468,1864,87162,3
4105.6339493839505,1865,87206,4
-12952.3239862133,1866,87330,3
-10820.645283509064,1867,87386,3
-8060.728534189971,1868,87460,3
-5375.3260628260605,1869,87492,3
-9065.490538872891,1870,87565,3
-5021.016936280094,1871,87609,3
-6627.247752247751,1872,87660,3
-12116.073550632378,1873,87769,3
-17035.416666666668,1874,87866,3
-3996.213567349403,1875,87896,3
-11160.646927032376,1876,88007,3
-6763.326048951049,1877,88065,3
-4391.61733970364,1878,88088,3
-3603.145193299992,1879,88108,3
-9350.5847216509,1880,88166,3
-7128.980854027294,1881,88228,3
-5233.161116918855,1882,88265,3
-20077.612942612945,1883,88386,3
-9272.212757460604,1884,88474,3
-48113.446469036644,1885,88768,3
-9912.126639578231,1886,88904,3
-27016.613068304247,1887,89107,3
-13454.984163798017,1888,89204,3
-10599.253778771976,1889,89292,3
-7222.585228239252,1890,89361,3
-3768.0933108429235,1891,89381,3
-8242.128991364672,1892,89453,3
-7690.978126900695,1893,89533,3
-12768.189897263035,1894,89611,3
-17679.60157489569,1895,89715,3
-24281.516874508365,1896,89924,3
-3312.628205128205,1897,89945,3
-10983.774077444743,1898,90047,3
-9371.939873851641,1899,90123,3
-4152.454212454213,1900,90143,3
-3153.1652661064427,1901,90168,3
-23581.295180754387,1902,90421,3
-4217.8766976058,1903,90457,3
-10159.829545454544,1904,90556,3
-25386.829836829835,1905,90674,3
-8888.932483495179,1906,90756,3
-12541.540973263369,1907,90887,3
-10016.149347728293,1908,90981,3
-3237.4886877828053,1909,91001,3
-6866.3692924722345,1910,91041,3
-4441.261261957856,1911,91059,3
-12953.766654956675,1912,91181,3
-4752.978706214741,1913,91206,3
-13183.484386270768,1914,91347,3
-36854.786721220626,1915,91615,3
-5360.705925911035,1916,91641,3
-12392.514802019452,1917,91761,3
-12147.415493003731,1918,91851,3
-14635.269626744082,1919,91926,3
-19423.33751302017,1920,92121,3
-24823.856717972427,1921,92361,3
-4401.428571428572,1922,92380,3
-29795.894224454612,1923,92685,3
-14798.385427352147,1924,92823,3
-5262.216949716951,1925,92860,3
-4666.197691197691,1926,92879,3
-6944.623808853682,1927,93040,4
-3606.813325563325,1928,93064,3
-18920.251888634233,1929,93187,3
-9338.321400821404,1930,93261,3
-6582.127247752249,1931,93315,3
-14262.674214330566,1932,93434,3
18622.809059462546,1933,93490,5
-5585.509906759907,1934,93516,3
-27466.292165007388,1935,93797,3
-11893.348873348874,1936,93890,3
-11170.004995004992,1937,93991,3
-4993.657567922273,1938,94007,3
-21081.94262195232,1939,94178,3
-35381.49829732343,1940,94554,3
-4154.776334776335,1941,94579,3
-6156.854256854257,1942,94604,3
-8680.319047782285,1943,94667,3
-5165.7647907647915,1944,94699,3
-5712.8895410145415,1945,94736,3
-3295.1236263736264,1946,94759,3
-10349.432320130847,1947,94849,3
-19284.981961408055,1948,95001,3
1794.515998707177,1949,95118,4
-10998.480971691291,1950,95231,3
-19875.569464075674,1951,95399,3
-21495.17309902524,1952,95610,3
-7289.902874902874,1953,95665,3
-9708.147269397268,1954,95735,3
-12424.300233220507,1955,95868,3
-18269.420856920857,1956,96038,3
-16334.04424415454,1957,96182,3
-20990.293387168414,1958,96412,3
-3977.449348037584,1959,96459,3
-10079.361871134655,1960,96550,3
-5286.142607392608,1961,96585,3
-4787.445887445888,1962,96616,3
-5218.4616314441155,1963,96643,3
-6679.934102705001,1964,96702,3
-17389.515129620922,1965,96886,3
-11923.13235955651,1966,96943,3
-3684.0634507391474,1967,96958,3
-4279.340191039861,1968,96976,3
-3904.934023020323,1969,96995,3
-25143.690548572504,1970,97281,3
-13585.082141156056,1971,97409,3
-20879.808537471425,1972,97644,3
-6381.854387031734,1973,97817,4
-11199.311016827509,1974,97900,3
-5900.2435799494615,1975,97941,3
-8655.146520146522,1976,98004,3
-30746.10731373887,1977,98297,3
-7906.852946889713,1978,98353,3
-13898.593899414689,1979,98508,3
-9674.854094130545,1980,98596,3
-7852.738826790682,1981,98654,3
-24734.795814182693,1982,98918,3
-113136.54849294327,1983,100141,3
-13786.358486714524,1984,100267,3
-2407.431318681319,1985,100281,3
-27557.118520865326,1986,100586,3
-15232.792857073382,1987,100726,3
-5928.084910445592,1988,100762,3
-6591.251873126873,1989,100806,3
-14518.686659394365,1990,100949,3
-12560.003607503608,1991,101032,3
-11401.277676198255,1992,101132,3
-8693.625174275328,1993,101191,3
-21631.721273008035,1994,101390,3
-12021.206508919364,1995,101495,3
-5729.681429681429,1996,101523,3
-4727.402988837115,1997,101553,3
-65392.805394059564,1998,102217,4
-48698.59969423891,1999,102695,3
-8119.1459063382445,2000,102747,3
-8134.531644825761,2001,102821,3
-7657.950815953914,2002,102866,3
-6794.885463973667,2003,102924,3
-3821.827046158085,2004,102943,3
-8286.12921311089,2005,103007,3
-26156.46520909466,2006,103283,3
-18197.218333938683,2007,103494,3
-20222.099371217017,2008,103666,3
-24723.85006122237,2009,103949,3
-3469.7132034632036,2010,103970,3
-5193.331203110615,2011,103988,3
-14954.262171007522,2012,104099,3
-29839.78769352394,2013,104384,3
-47510.15061533937,2014,104882,3
-18205.176326941033,2015,105040,3
-12987.966557100191,2016,105299,4
-22442.927584513338,2017,105533,3
-16362.685442782187,2018,105690,3
-5898.615572164337,2019,105834,4
-19112.034003331595,2020,106019,3
-20023.699095022614,2021,106213,3
-14316.819490064461,2022,106347,3
-21872.811771561763,2023,106502,3
-5340.549490928746,2024,106548,3
-22131.54567301699,2025,106760,3
-24135.48681989663,2026,107002,3
-8904.322227233588,2027,107138,4
-6603.080081683023,2028,107158,3
-19806.189877528115,2029,107348,3
-3711.516661013565,2030,107366,3
-75566.30288678467,2031,108072,3
-15724.148855396474,2032,108261,3
-22898.927347162647,2033,108499,3
4972.924575424575,2034,108556,4
-75217.0607170607,2035,108832,3
-30516.14958957451,2036,109054,3
-5198.971279242362,2037,109077,3
-36878.515300059415,2038,109442,4
-18900.6259976843,2039,109633,3
-50784.57888864286,2040,110271,4
-17459.954206225488,2041,110401,3
-27209.333329760437,2042,110671,3
-2896.706629022553,2043,110756,4
-33723.92466086358,2044,111093,3
-48592.369297369325,2045,111511,3
-13852.487599260046,2046,111627,3
-20289.186153558672,2047,111836,3
-13265.765538211364,2048,111942,3
-9924.978632478635,2049,112001,3
-3052.8733766233768,2050,112026,3
-6505.180470508762,2051,112090,3
-36907.46024793484,2052,112530,4
-12283.19893642649,2053,112625,3
-10198.206941192622,2054,112701,3
-21611.516268389332,2055,112905,3
-5158.90398536717,2056,112924,3
-25633.35226864638,2057,113099,3
-6104.861644411063,2058,113149,3
-16804.975622932274,2059,113325,3
-49723.32175950988,2060,113892,3
-26655.05386641223,2061,114133,3
-13142.7132677974,2062,114243,3
-15022.78485973129,2063,114392,3
-21734.341966942575,2064,114547,3
-13579.069740244277,2065,114647,3
-56636.66318588543,2066,115125,4
-4622.534913234789,2067,115145,3
-18543.412698412692,2068,115278,3
-16345.866609933437,2069,115418,3
-15871.885393984136,2070,115575,3
-85145.476586817,2071,116156,3
-26269.517138105617,2072,116403,4
-4882.892761907855,2073,116421,3
-17035.26262179513,2074,116518,3
-3804.3068043068047,2075,116560,3
-12817.333620125331,2076,116665,3
-21496.516816516825,2077,116905,5
-35841.443753614796,2078,117173,4
-5344.750874125873,2079,117260,4
-25100.285003505494,2080,117444,3
-7484.286546786548,2081,117494,3
-33377.78228905299,2082,117721,3
-32786.35650920286,2083,117971,5
-38791.02163642655,2084,118249,5
-33221.52510829907,2085,118453,3
-34037.26208237852,2086,118786,3
-4788.116635686295,2087,118804,3
-105388.70244799842,2088,119327,3
-30072.239232270793,2089,119512,3
-5304.282443443097,2090,119645,4
-10576.644437325585,2091,119723,3
-12494.456409173275,2092,119843,3
-11509.784356902579,2093,119946,3
-12069.130003553375,2094,120048,3
-26007.404105182733,2095,120244,3
-19022.58093858326,2096,120446,3
-29321.33360963084,2097,120701,3
7238.098217142335,2098,120822,5
-81744.01986901974,2099,121129,3
-63365.099067599105,2100,121441,3
-50118.58776345342,2101,121832,4
-12850.558142837552,2102,121921,3
-33501.17267030243,2103,122231,3
5685.467136875555,2104,122273,4
-72980.90068600138,2105,122856,3
-79215.38745156894,2106,123539,3
3865.5205470857654,2107,123583,4
-20033.57269725832,2108,123722,3
-32352.097657244718,2109,123857,3
-6356.37661856921,2110,123983,4
-20152.96466562335,2111,124114,3
-2680.627705627705,2112,124183,4
-20266.98057124334,2113,124339,3
-57989.55563494699,2114,124811,5
-39583.34386129567,2115,125174,3
-5068.235574354079,2116,125200,3
-102558.67014166563,2117,125670,3
-90789.13854570764,2118,126414,3
-27990.249336109817,2119,126825,5
-23820.053304538596,2120,127086,4
-61808.12212168639,2121,127385,3
-212585.50893766273,2122,129387,4
-47928.07372473588,2123,129701,3
327.6970739528772,2124,129837,4
-60986.309311603414,2125,130228,3
-39324.01057276057,2126,130633,5
-102919.27347580447,2127,131484,4
-13900.17449870391,2128,131596,3
-28667.664668922407,2129,131798,3
-570213.979431526,2130,136648,4
-39963.29062062807,2131,136942,3
-180228.19098793366,2132,138644,3
-31201.630036630064,2133,138890,3
-22443.699829582187,2134,139039,3
-81116.42365804144,2135,139665,4
-96687.42491168996,2136,140640,3
-41116.06960295836,2137,141078,4
-16306.368631368638,2138,141191,3
-174265.71518759028,2139,142427,3
-33088.77585429643,2140,142743,3
-43399.89021857061,2141,143179,3
-182737.63244297483,2142,144719,3
-13799.11981355194,2143,144824,3
-36343.97431676473,2144,145111,3
-489605.73470582464,2145,149188,4
-15480.591370703598,2146,149297,3
-21679.39183365654,2147,149468,3
-48556.57514827798,2148,149901,3
-119560.28921156254,2149,150702,3
-246319.0065490071,2150,152545,5
-261211.89473710075,2151,154564,5
-151750.94533734245,2152,155589,4
-29971.239177489188,2153,155860,4
-29334.999850940247,2154,156149,5
-12400.162337662337,2155,156216,3
-194216.85330600795,2156,157581,3
-21335.9570984571,2157,157754,3
-36471.06297297472,2158,158050,3
-160310.23673212834,2159,159276,3
-644898.0694765314,2160,164146,3
-72622.68398268387,2161,164685,3
-114436.20183362412,2162,165691,4
-49820.31565656574,2163,166129,4
-181306.4213564214,2164,167440,5
-55661.38294045994,2165,167817,5
-251276.82560022568,2166,169619,5
-460764.33350231417,2167,172432,3
-584150.8512933212,2168,176819,3
-132320.7047119543,2169,177577,3
-55320.22746452893,2170,177916,3
-476699.7663406842,2171,181015,4
-184668.45307470212,2172,182100,4
8185.218253968247,2173,182186,5
-25969.283633033632,2174,182448,4
-93634.93686868685,2175,183030,5
-43072.77172174224,2176,183478,5
-19091.76767676767,2177,183592,3
-45272.139804639824,2178,183919,3
-189264.70737595725,2179,185517,5
-109865.69902319925,2180,186414,4
-50858.33784271281,2181,186663,3
-182828.88729326174,2182,187936,5
-232059.25213675082,2183,189647,3
-13330.952380952382,2184,189719,3
-84329.15875790872,2185,190403,5
-152450.80213044642,2186,191285,4
-10945.075757575758,2187,191350,3
-61051.98468198468,2188,191772,3
-494089.24686424935,2189,195362,4
-70141.4686299981,2190,195891,4
-58245.00477463717,2191,196214,3
-171802.7831069862,2192,197408,3
-35704.46545714351,2193,197732,3
-265275.6000617037,2194,199980,3
-64520.562770562785,2195,200415,3
-23137.508120963994,2196,200557,3
-184385.37609449317,2197,201754,3
-19001.10889110888,2198,201942,4
-33581.38888888889,2199,202123,3
-77148.41269841277,2200,202550,3
-33481.9585969586,2201,202797,5
-72517.82523032518,2202,203237,5
-5477.600524475523,2203,203390,5
5035.538211788212,2204,203503,5
-12855.441919191917,2205,203691,5
-155207.25455100482,2206,204657,5
-167324.41566603305,2207,205679,5
-483913.65316056507,2208,209519,3
-34369.27183111005,2209,209829,5
-209765.48007547972,2210,211208,5
-232715.66558441642,2211,212675,5
-67993.36344211342,2212,213127,5
-111851.6883116885,2213,213810,3
-13651.605755355742,2214,214051,5
-24722.096278334677,2215,214251,3
-55070.3642435995,2216,214674,4
-218657.08778149926,2217,216055,5
-31525.19813519815,2218,216243,3
-227555.11097970675,2219,217781,5
-29950.59045121546,2220,218014,4
-22456.08613608614,2221,218132,3
-1498.172876959642,2222,218310,5
-342775.7109557106,2223,220425,5
-78751.68831168817,2224,220979,5
-30508.775252525244,2225,221131,3
-11828.517316017316,2226,221197,3
-63835.176767676756,2227,221770,5
-6728.706883072207,2228,221969,5
-53495.88645549852,2229,222265,5
-10641.635733547499,2230,222448,5
-146978.55588855565,2231,223496,5
-104467.82467532472,2232,224043,3
-22136.328948828945,2233,224134,3
-67488.59126984116,2234,224508,3
-456544.8362748338,2235,227356,4
-4542.685786435786,2236,227392,3
-25166.608946608947,2237,227520,3
-145441.6071428574,2238,228435,4
-102710.35458822227,2239,229026,5
-17777.248029748018,2240,229276,5
-7125.10101010101,2241,229325,3
-203453.84920634772,2242,230855,4
-153898.94341769326,2243,231880,5
-199689.70061113642,2244,232994,5
-38989.9494949495,2245,233193,3
-5095.402097902098,2246,233219,3
-281630.15873015736,2247,235081,5
-285560.12445887463,2248,236794,5
-25272.758491508506,2249,236966,3
-15160.451558245677,2250,237069,3
-108071.55844155847,2251,237665,4
-17340.51899532356,2252,237859,5
-172899.78438228476,2253,239254,5
-224829.84668109723,2254,240524,4
12208.003940503939,2255,240604,5
8935.613275613277,2256,240722,5
-4559.9170274170365,2257,240917,5
-120364.86284956844,2258,241562,4
-44876.17660117659,2259,241967,5
-85200.10593573093,2260,242473,4
-62507.142857142906,2261,242802,3
-70641.2941225441,2262,243129,3
-115640.8730158731,2263,243754,3
11012.083055833056,2264,243774,4
-45374.54545454547,2265,244008,3
-9169.444444444445,2266,244052,3
-13400.146103896104,2267,244125,3
-5193.722527472522,2268,244285,5
-42.05357142857628,2269,244417,5
-78533.50219504435,2270,244889,5
-292338.0186480198,2271,246248,3
-52211.606171606196,2272,246464,3
-87409.448051948,2273,246986,4
-33350.982142857145,2274,247306,5
-53447.014374514416,2275,247771,5
-345245.3225940732,2276,249532,4
-72594.76067297863,2277,250164,6
12907.38095238095,2278,250212,5
-15500.970971323135,2279,250388,5
-26169.874708624702,2280,250576,4
-114921.00177600197,2281,251320,5
-28261.405122655106,2282,251586,5
-27616.35073260073,2283,251708,3
-56175.94190531683,2284,252196,6
-61658.29365079365,2285,252658,4
-241144.34482184396,2286,254075,5
-56261.91121378619,2287,254562,5
-101828.09704184717,2288,255206,5
-35119.68253968257,2289,255559,5
-241905.95640470617,2290,256958,5
-10519.880071124264,2291,257140,5
-18339.444444444445,2292,257328,5
3906.0714285714294,2293,257461,5
-6889.7294372294455,2294,257625,5
-40311.13095238098,2295,257948,5
1814.417388167386,2296,258064,5
-41224.862637362625,2297,258389,5
-62767.85165486802,2298,258795,5
41.35246654789614,2299,258999,6
-31831.901550247137,2300,259292,5
-27081.08197358196,2301,259451,4
-24690.266955266932,2302,259690,5
-256996.62720728724,2303,261108,5
-147506.77168269485,2304,261837,5
-35720.79483016985,2305,262017,3
-36278.6061854812,2306,262329,5
-21513.662448662468,2307,262590,5
-106085.49297924298,2308,263207,5
-244636.1641871202,2309,264799,5
-72882.37991175495,2310,265201,5
-19101.966678402438,2311,265421,5
9723.476934142569,2312,265538,5
-92775.84082584096,2313,266090,3
-81998.18917193924,2314,266710,5
-20498.83838383839,2315,266791,3
5467.853535353535,2316,266933,6
-10597.777777777777,2317,266979,3
198.69047619047927,2318,267091,5
-38159.94602619601,2319,267220,3
-14046.973165723157,2320,267416,5
-20227.808857808854,2321,267514,3
-60733.79148629148,2322,267971,5
-136186.94083694092,2323,268606,3
-98794.22448466561,2324,269208,5
-108983.64774114777,2325,269776,5
-52329.05264669969,2326,269989,3
-22887.863513120858,2327,270195,5
-44010.98415473418,2328,270546,5
-156713.68450993422,2329,271349,5
-2192.9135370563363,2330,271530,5
13148.93488864077,2331,271613,5
-11791.666666666666,2332,271666,3
-366.2004662004665,2333,271685,3
-33908.609242924256,2334,271900,4
8781.052836052837,2335,271934,4
-51586.61932838399,2336,272327,5
-56230.257720220936,2337,272742,5
-45310.634920634955,2338,273094,6
-86.74942704354237,2339,273238,5
-64553.62567987574,2340,273697,5
15866.10465922966,2341,273766,5
-4222.817460317461,2342,273794,3
-53317.55688755687,2343,274235,6
-19808.29479344185,2344,274439,5
-39286.227624200874,2345,274751,4
-37511.76713766109,2346,275075,5
-7564.702380952382,2347,275234,5
-38666.3732101232,2348,275552,5
-31494.00613275612,2349,275825,5
-41261.76948051949,2350,276009,3
5298.976023976023,2351,276114,5
15332.4512987013,2352,276180,5
-1017.5270562770568,2353,276297,5
11115.35871399842,2354,276373,5
-33821.03320290823,2355,276657,5
-42346.10896048402,2356,277004,5
14846.869927458167,2357,277103,5
-14758.136724386719,2358,277292,5
321.5041788706667,2359,277448,5
-69507.56854256857,2360,277908,5
-29683.571428571435,2361,278046,3
-23352.500000000004,2362,278322,5
-44445.47818108963,2363,278677,5
-65070.53882800212,2364,279030,4
-85095.7431457431,2365,279416,5
-15102.380952380967,2366,279617,5
-64706.261169386176,2367,279966,4
19990.942390942393,2368,280000,5
6334.401293151291,2369,280135,5
-16112.014097014095,2370,280346,5
-11776.347402597403,2371,280411,3
-8819.483571983566,2372,280584,5
-21287.17171717172,2373,280675,3
-30492.839105339102,2374,280965,5
-42819.21522921524,2375,281259,5
-79200.8345820846,2376,281805,7
-7220.720169922959,2377,281951,5
8071.318358928655,2378,282045,5
3227.694111444109,2379,282220,6
-39302.2428959929,2380,282522,4
-17252.399267399258,2381,282690,5
-14226.176046176042,2382,282913,5
1382.5,2383,283023,5
-25810.860389610396,2384,283248,5
-10217.514013764017,2385,283427,5
26469.007936507936,2386,283490,6
-1893.0952380952358,2387,283617,5
-17454.484131065015,2388,283752,4
5181.993006993007,2389,283855,5
-8535.637140637144,2390,283951,4
-53284.80760252819,2391,284380,6
-33471.61852036854,2392,284651,5
-15132.32142857143,2393,284836,5
-97540.60911310914,2394,285321,4
-93929.8939948939,2395,285955,5
988.1100298050787,2396,286080,5
-117556.48032523022,2397,286629,5
-17625.289073671425,2398,286857,5
-61702.80261405273,2399,287472,8
-18170.661937177025,2400,287695,5
-5950.573233955588,2401,287844,5
-34055.250721500735,2402,288081,5
-97711.05688880288,2403,288710,5
-74391.23841436348,2404,289228,5
-62616.88131313133,2405,289629,5
9696.42911053514,2406,289737,5
-35021.894535203355,2407,290072,5
-44289.55248333537,2408,290392,5
-20449.841269841272,2409,290472,3
8859.173881673882,2410,290556,5
9502.419210691269,2411,290651,5
-29291.369047619053,2412,290881,5
-31.524170274175617,2413,291013,5
20130.46176046176,2414,291051,5
-94193.12173937184,2415,291680,5
-25596.38528138529,2416,291912,5
-75782.14285714287,2417,292480,5
-23530.999952275113,2418,292720,5
-45741.00282586355,2419,293032,5
13605.646853146853,2420,293089,5
-25479.337730552896,2421,293370,5
-3127.520812520802,2422,293574,6
-53580.807942057836,2423,294011,5
-73941.0924363305,2424,294513,5
-20737.08735708736,2425,294731,4
5876.928210678211,2426,294844,5
-15833.591269841258,2427,295050,5
-10327.380952380954,2428,295098,3
-14992.77777777778,2429,295163,3
-51.57287157287465,2430,295295,5
-68898.4867338544,2431,295744,5
2789.145021645019,2432,295871,5
-27679.09461410622,2433,296135,5
-4945.042596292597,2434,296299,5
14350.797270325136,2435,296402,5
-6750.536909341088,2436,296573,5
-1776.0119047619123,2437,296732,5
-16416.19220240543,2438,296989,5
564.4752469752477,2439,297124,5
7770.3697691197685,2440,297234,5
-2864.0043290043286,2441,297376,5
1094.3452380952363,2442,297471,5
17023.333333333336,2443,297489,5
-20769.12633054079,2444,297705,5
-16575.390646934757,2445,297983,6
-226723.72065434538,2446,299179,5
-843.1475468975447,2447,299323,5
-60696.587995338035,2448,299754,5
-38134.360014985,2449,300074,5
486.9444444444457,2450,300194,5
-22681.19047619047,2451,300433,5
-1477.4242424242411,2452,300549,5
-25052.758075258072,2453,300752,4
1006.6545954045941,2454,300869,5
-52299.79947865059,2455,301201,4
-13821.88644688646,2456,301459,6
-28675.674603174597,2457,301694,5
-27005.86038961039,2458,301939,5
-6544.503968253972,2459,302110,5
7601.309523809525,2460,302186,5
5966.428571428571,2461,302268,5
-12675.427211677208,2462,302460,5
-24728.46545611253,2463,302715,5
-18140.092338217335,2464,302919,5
-65800.46758324237,2465,303401,5
-9974.682539682537,2466,303501,4
-4916.268211922234,2467,303690,5
-22792.046727782006,2468,303887,5
-22558.84740259742,2469,304105,5
-53446.91336441337,2470,304346,3
-62675.95238095237,2471,304780,5
14501.581566690518,2472,304937,6
9935.353535353535,2473,305033,5
-10196.594210528041,2474,305198,5
25889.722222222223,2475,305270,6
13128.211094461094,2476,305343,5
16492.817460317463,2477,305385,5
-19434.215367965382,2478,305620,5
-88231.97857697861,2479,306185,5
-49297.610028860065,2480,306499,5
6448.7703391379855,2481,306623,5
19488.690476190477,2482,306653,5
19109.567099567103,2483,306686,5
19090.415972915973,2484,306735,5
943.015873015871,2485,306793,4
-6680.272366522364,2486,306904,4
-37095.17857142857,2487,307073,3
-76389.57819957816,2488,307441,4
-115570.50472403424,2489,308113,5
11618.928571428572,2490,308180,5
-30323.551587301597,2491,308389,5
5129.909396159399,2492,308602,7
18310.55555555556,2493,308634,5
21055.676406926406,2494,308663,5
2575.416666666665,2495,308777,5
-34660.726911976904,2496,309090,5
-86357.81565656576,2497,309604,5
-42401.06421356425,2498,309942,5
-2221.396201837377,2499,310077,5
-120732.74549388497,2500,310686,5
-25638.947441447435,2501,310785,3
-63095.6386668887,2502,311208,5
-32500.136342415764,2503,311403,4
414.25865800865665,2504,311504,5
-24069.177489177535,2505,311820,6
-29296.707875457883,2506,312161,5
-119317.86768786742,2507,312806,5
-112235.0262237762,2508,313423,5
-73882.14285714286,2509,313866,5
-63904.058996558946,2510,314279,5
-77267.56132756139,2511,314795,5
311.59874847375113,2512,314941,5
-80738.29073704075,2513,315418,5
-127559.96381520956,2514,316081,5
-13382.735875235874,2515,316255,5
-88592.68453768453,2516,316882,5
8183.695887445887,2517,316967,5
-11690.739399489396,2518,317129,5
3446.414141414142,2519,317235,5
-4642.261904761902,2520,317367,5
-171252.03060828036,2521,318485,5
-6306.065601065599,2522,318639,5
4891.486935192433,2523,318760,5
-2106.179653679654,2524,318875,5
-138129.64285714284,2525,319437,4
-18845.141594516615,2526,319689,5
-38384.157509157514,2527,319935,5
-28347.393702573678,2528,320223,6
17828.333333333336,2529,320252,5
9213.841991341991,2530,320338,5
-15569.782578532582,2531,320519,5
-103828.2738095239,2532,321193,6
-4530.793650793654,2533,321337,5
-63956.52944277951,2534,321775,5
3062.857420357419,2535,321890,5
-41529.022921522934,2536,322229,5
-40737.94219669222,2537,322515,5
11671.42857142857,2538,322579,5
-19797.98590857028,2539,322789,5
28456.828526865287,2540,322856,6
-15988.500001460528,2541,323035,5
-31518.74278499279,2542,323212,4
833.5307691964044,2543,323350,5
32221.59223709727,2544,323425,6
-50207.10012618098,2545,323777,5
-72033.30927650788,2546,324322,5
-14557.142857142857,2547,324387,3
-27347.5,2548,324609,5
-26805.098300392412,2549,324839,5
-48593.00851925847,2550,325176,5
-44941.091269841265,2551,325443,4
-108069.14136517074,2552,326056,5
6938.990866159985,2553,326110,4
14939.079531579531,2554,326186,5
-11375.714285714288,2555,326328,5
6114.843489843488,2556,326361,4
11392.494727494724,2557,326458,5
1520.281107781108,2558,326598,5
-93331.4362026861,2559,327188,5
-42442.99603174604,2560,327506,5
-26677.377017844257,2561,327737,5
-67577.40800865798,2562,328286,6
-8708.753607503606,2563,328450,5
11877.857142857141,2564,328508,5
-11052.936507936516,2565,328651,5
17989.117063492064,2566,328675,5
19244.325396825396,2567,328702,5
5570.855394605392,2568,328807,5
-82223.5064935065,2569,329326,5
-74704.00752025752,2570,329653,3
-69668.92746142755,2571,330140,5
-21332.84576534576,2572,330338,5
-51489.858891108895,2573,330700,5
12592.722693972697,2574,330795,5
-128327.6587301587,2575,331560,5
12869.15542790543,2576,331635,5
-33281.468253968254,2577,331915,5
-241147.44949494913,2578,332944,5
-3689.3650793650822,2579,333091,5
14461.377095127096,2580,333173,5
19475.380591630597,2581,333294,6
18307.635913119575,2582,333355,5
10337.413419913417,2583,333429,5
17807.157287157286,2584,333475,5
25341.403707231882,2585,333591,6
28220.238095238095,2586,333643,6
11321.190476190477,2587,333691,5
-57200.66988566984,2588,334036,5
-17153.03585303587,2589,334260,5
-35966.951164329046,2590,334549,5
-4738.806475387361,2591,334696,5
-27410.03968253967,2592,334943,5
-516.8048099953489,2593,335070,5
-32935.95238095238,2594,335330,5
-77170.38359043784,2595,335742,5
-38842.0333832834,2596,336046,5
-9317.315882646757,2597,336223,5
-36315.71678321679,2598,336514,5
-19413.966727716743,2599,336757,5
21436.071428571428,2600,336779,5
-2558.8770951270953,2601,336797,3
19428.270892549142,2602,336870,5
23015.685425685428,2603,336893,5
44159.77027874086,2604,336984,7
5883.861416361415,2605,337082,5
-46520.95238095235,2606,337365,5
-8857.463769890242,2607,337538,5
-357975.7142857136,2608,339217,4
-36572.29645354646,2609,339542,5
9622.337432089755,2610,339642,5
20462.5,2611,339665,5
20744.882756132753,2612,339685,5
12355.091023957122,2613,339762,5
4492.469336219338,2614,339858,5
15199.22619047619,2615,339896,5
22261.16612962201,2616,339938,5
20297.420634920636,2617,339964,5
17684.95970876389,2618,340031,5
-54934.166666666664,2619,340386,5
-131494.8943417695,2620,341013,5
-93700.01984126978,2621,341543,5
3164.9765512265517,2622,341642,5
-4239.977142310736,2623,341824,5
-38107.72297147299,2624,342116,5
-670.4761904761879,2625,342238,5
-25085.277777777766,2626,342483,5
-51696.54761904757,2627,342824,5
4586.726190476193,2628,342929,5
-105876.6673604172,2629,343516,5
1368.5714285714287,2630,343618,5
-6741.110694860693,2631,343770,5
-6834.822896187062,2632,343915,5
-7510.874044256389,2633,344074,5
9381.071428571426,2634,344133,5
19345.041486291488,2635,344174,5
16230.952380952382,2636,344211,5
17779.68253968254,2637,344252,5
20426.772255522257,2638,344296,5
20417.377344877343,2639,344329,5
20563.504065379064,2640,344376,5
18813.050144300145,2641,344427,5
31699.880952380958,2642,344479,6
17412.18073593074,2643,344539,5
-74420.27944277944,2644,345013,5
-25801.507936507944,2645,345128,3
-46923.80202657676,2646,345478,5
-1064.728242174058,2647,345606,5
-1730.9917170462832,2648,345825,6
17504.228564263394,2649,345902,5
-2788.214285714286,2650,346025,5
9870.12723387723,2651,346126,5
-70042.13023088026,2652,346514,5
-49050.414862914855,2653,346830,5
15231.904761904765,2654,346873,5
1678.153680469859,2655,347076,6
15442.083333333332,2656,347119,5
-29079.46428571428,2657,347360,5
18327.433608058607,2658,347400,5
-47319.16272453036,2659,347764,5
-56371.8202260435,2660,348164,5
-10962.774864024865,2661,348342,5
11457.222815239456,2662,348358,4
21001.643938277066,2663,348372,5
3414.256854256855,2664,348497,5
15242.853673029756,2665,348614,6
-40622.747652674145,2666,348876,5
12986.156482406484,2667,348952,5
-78803.25571616206,2668,349399,5
-188676.4749837793,2669,350225,5
2809.069713396335,2670,350346,5
17082.106223025337,2671,350406,5
-677.6703851703876,2672,350575,5
-9274.416082283735,2673,350753,5
-73960.11611346177,2674,351154,5
-36509.72027972027,2675,351408,5
-8221.145243645246,2676,351559,5
-132080.11863136865,2677,352147,4
-4335.712898212898,2678,352185,3
8089.968696808865,2679,352337,5
13490.354073404871,2680,352447,5
-43215.00402375403,2681,352775,5
-3619.033189033187,2682,352935,5
-39327.565996805046,2683,353346,6
-126358.56429367841,2684,353959,5
-13032.661782661786,2685,354065,4
-1006.5419384537036,2686,354251,6
7377.142857142857,2687,354340,5
29636.38437950938,2688,354386,6
22257.0183982684,2689,354420,5
19470.7029082029,2690,354464,5
9349.074675324684,2691,354644,7
-21543.73015873017,2692,354864,5
-63587.38909589724,2693,355335,5
-41938.46233423437,2694,355625,5
-30794.096320346307,2695,355891,5
-40518.511072261106,2696,356197,5
19708.254939504935,2697,356224,5
-51343.665223665186,2698,356529,5
-213735.95446220442,2699,357580,5
-123828.92801642817,2700,358219,5
-72195.07695735636,2701,358619,5
20666.865079365078,2702,358657,5
-1316.1598124098127,2703,358790,5
-41802.499216684606,2704,359068,5
-16127.49278499278,2705,359257,5
-52344.88095238095,2706,359581,5
-11001.07168974816,2707,359701,4
-134801.99134199147,2708,360345,5
-48466.569264069294,2709,360641,4
-71368.05707235665,2710,361097,5
-6400.261821511823,2711,361254,5
-67374.39449997882,2712,361664,5
-47861.269841269816,2713,361873,3
-73595.890229052,2714,362321,5
-69203.48984348979,2715,362748,5
-79295.47619047618,2716,363044,3
-98014.70238095244,2717,363606,5
-35504.21717171716,2718,363862,5
-6577.12481962482,2719,363893,3
-51539.61376260034,2720,364206,5
631.3614646223327,2721,364295,5
-37462.4449161949,2722,364588,5
-41235.945165945144,2723,364893,5
-29846.7261904762,2724,365092,5
6540.729270729271,2725,365202,5
-79667.67857142857,2726,365625,5
-327.45185370185027,2727,365748,5
-88040.05952380963,2728,366203,5
-9100.294011544012,2729,366374,5
-92128.42352092346,2730,366953,5
-99320.36796536804,2731,367622,5
-27447.023809523816,2732,367852,5
-86523.96825396836,2733,368362,5
-37444.27849927852,2734,368650,5
-137076.16966366972,2735,369436,5
-30115.099206349205,2736,369697,5
-50757.68398268398,2737,369894,3
-5909.818237318244,2738,370082,5
-44345.64935064934,2739,370363,5
-85800.58108558126,2740,370871,6
-70494.95483618548,2741,371251,5
-8953.392857142859,2742,371402,5
-86541.42857142857,2743,371756,4
-78156.3311688312,2744,372259,5
-47051.97163947158,2745,372568,5
-9284.885449088235,2746,372727,5
-104315.93753468743,2747,373196,4
-71587.60101010105,2748,373545,4
-8887.142857142857,2749,373582,3
-49307.297469687226,2750,373934,5
-54587.92384902681,2751,374254,5
-21063.513708513707,2752,374470,5
-87265.05466282938,2753,374919,5
2111.607142857143,2754,375028,5
-42671.50793650794,2755,375299,5
6431.060606060608,2756,375394,5
-111900.58027756569,2757,375969,5
-15531.370712620728,2758,376159,5
-143484.46428571414,2759,376935,6
-71616.7501416469,2760,377329,5
5457.307692307693,2761,377408,5
-31426.28968253969,2762,377661,5
-57180.45634920627,2763,378009,5
-20883.162760012616,2764,378234,5
-16767.195865682406,2765,378403,4
-83067.67294796718,2766,378893,5
-37843.57142857143,2767,379163,5
-26405.24780774781,2768,379405,5
-13995.224913974918,2769,379598,5
-62495.296994672026,2770,379965,5
-79545.89832488637,2771,380480,5
-95917.24206349198,2772,381098,5
-2142.38025863025,2773,381215,5
-2801.3690476190477,2774,381347,5
-30181.312021312035,2775,381588,5
-2814.9281433221095,2776,381726,5
-31891.322006578095,2777,381868,3
-7033.110653088105,2778,381926,3
-4094.2155883332352,2779,381951,3
-6727.533046538346,2780,382028,3
-4997.499999999999,2781,382172,5
-3510.074647574649,2782,382335,5
-107800.81529581532,2783,382892,5
43355.81781995095,2784,382941,7
41771.17535242535,2785,383007,7
38045.64401864903,2786,383122,7
-22396.031746031746,2787,383384,5
-17629.702380952374,2788,383565,5
-19753.057359307353,2789,383772,5
-19683.76984126984,2790,383865,3
-83503.7806019231,2791,384491,5
-4629.0386002886,2792,384641,5
-20452.49294822823,2793,384873,5
-46221.955544455544,2794,385168,5
10456.349206349205,2795,385242,5
-5320.800865800862,2796,385383,5
-47541.50696525699,2797,385734,5
-44846.152655142,2798,386042,5
4270.8658008658,2799,386141,5
-31974.091880341883,2800,386363,5
-41008.48581157403,2801,386641,5
-3999.8611111111113,2802,386779,5
-26028.550462265644,2803,387094,5
-17801.260128760117,2804,387456,7
-22800.1479076479,2805,387675,5
11965.238095238095,2806,387738,5
47822.052315159905,2807,387809,7
18166.094714127474,2808,387877,5
-81756.7236929737,2809,388313,5
8800.972222222224,2810,388409,5
-68152.81551781548,2811,388861,5
-45446.4697108447,2812,389174,5
-69465.94017094019,2813,389641,5
-55432.01659451652,2814,389968,5
-61248.65079365076,2815,390267,4
-20650.42757487611,2816,390458,5
-58244.88095238099,2817,390838,5
-5287.080280830274,2818,391075,6
27872.403927771575,2819,391153,6
-7269.569124331124,2820,391296,5
-14851.028138528138,2821,391467,5
13586.920861001747,2822,391557,5
-52167.63042513044,2823,391919,5
-97517.96828171829,2824,392407,5
9496.764901764902,2825,392484,5
-80537.51574857031,2826,392939,5
-165907.07327308887,2827,393771,5
-57187.09415584423,2828,394190,5
-50724.99013241666,2829,394519,5
-46778.83838383845,2830,394842,5
-98056.28968253957,2831,395374,5
-86890.355371108,2832,395844,3
-9183.791546430863,2833,396069,5
-68199.47330447329,2834,396500,5
-107365.00632457083,2835,397064,5
-109741.01190476202,2836,397565,4
-119831.27566877588,2837,398150,5
-470.71428571428737,2838,398280,5
14752.289739414351,2839,398343,5
-26364.55169830169,2840,398600,5
-43171.75198984023,2841,398939,5
-117991.08058608061,2842,399491,5
-30433.516483516494,2843,399742,5
-29853.53882228883,2844,400006,5
22689.317969612086,2845,400045,5
10405.476190476187,2846,400118,5
-211387.66642470984,2847,401164,5
-95382.78159748744,2848,401672,5
-112297.14285714302,2849,402149,5
-302886.3048063048,2850,403425,5
5007.311136575845,2851,403506,5
-36373.333333333336,2852,403766,5
-5956.124463771521,2853,403927,5
-69705.85317460315,2854,404372,5
-57637.69215519598,2855,404737,5
-72307.14285714277,2856,405169,5
-11434.721250971254,2857,405274,4
12631.530414030412,2858,405358,5
8822.738095238095,2859,405441,5
-21686.309523809516,2860,405630,5
-2519.949494949491,2861,405738,5
-54456.132617382646,2862,406108,5
-35796.369741369745,2863,406417,5
-14902.796925296929,2864,406623,5
-30323.505385223623,2865,406952,6
-5230.734126984132,2866,407081,5
-31145.83333333333,2867,407309,5
-97085.34451659456,2868,407880,4
-61201.62698412697,2869,408289,5
-209139.24089476906,2870,409290,5
-47083.93939393939,2871,409508,3
-25387.579365079364,2872,409751,5
-123639.17929292916,2873,410354,5
-79811.3101801879,2874,410796,5
1259.0476190476202,2875,410897,5
-100218.03571428587,2876,411424,5
-45283.4863747364,2877,411860,5
-128151.42857142855,2878,412542,5
-87659.33039999212,2879,413069,5
-56369.72582972582,2880,413431,5
-52768.97366522368,2881,413774,5
-4273.419913419915,2882,413899,5
-77696.7857142857,2883,414182,3
-9126.13095238095,2884,414341,5
-30635.05550005551,2885,414588,5
22625.741480741483,2886,414628,5
1644.361610611607,2887,414771,5
-23901.845238095248,2888,414922,4
-65716.26795998118,2889,415309,5
-54723.31418581416,2890,415671,5
-34520.986513486496,2891,415959,5
-118653.16042018715,2892,416526,5
-79805.10130736139,2893,416996,5
-55889.357864357924,2894,417319,5
-119157.4177606879,2895,418236,5
-13570.829725829726,2896,418425,5
-15199.411005661006,2897,418529,4
-118439.36410811411,2898,419074,5
-19585.23476523477,2899,419215,3
-15063.598623598622,2900,419346,4
-102871.01731601743,2901,420130,8
22195.882896343424,2902,420170,5
6207.109830528947,2903,420293,5
12840.293268607895,2904,420458,6
-32985.431790431794,2905,420721,5
-34553.69652406413,2906,420980,5
-90203.2142857143,2907,421461,6
-35474.8590992341,2908,421700,5
-45085.78463203464,2909,421997,5
28240.79933954934,2910,422324,11
19743.333333333332,2911,422347,5
-30438.727938727938,2912,422455,3
-7494.8214285714275,2913,422613,5
15498.90873015873,2914,422661,5
-91018.72294372307,2915,423089,4
-10832.733214497925,2916,423379,7
-21943.872094500373,2917,423631,5
-7253.590538951708,2918,423827,5
-34440.1388888889,2919,424123,5
-1007.6839826839828,2920,424141,3
-46427.40458903202,2921,424454,5
-79253.91953050386,2922,424859,5
-36796.97108447109,2923,425049,4
4975.245310245313,2924,425163,5
-32121.439393939385,2925,425422,5
37623.65315240315,2926,425497,7
30148.5588023088,2927,425527,6
57770.06124744709,2928,425607,8
65064.07228392523,2929,425691,9
113527.49096543106,2930,425867,13
-41511.904761904756,2931,426043,3
-87959.17748917747,2932,426555,5
-5805.889665889666,2933,426587,3
-15472.32142857144,2934,426783,5
-81484.06407661818,2935,427325,5
-50738.05513930509,2936,427635,5
-166586.03465978504,2937,428431,5
-44852.685786435766,2938,428780,5
12677.34243697479,2939,428823,5
-24294.6001624794,2940,429283,9
-138603.75924110666,2941,429963,5
-37286.79653679651,2942,430288,5
-1410.6959706959665,2943,430409,5
-19687.142857142855,2944,430486,3
-46115.70707070704,2945,430767,4
-39374.86340048836,2946,431158,6
-27782.92986382382,2947,431457,6
-43542.82745032749,2948,431797,5
-43454.523809523824,2949,432045,4
-7176.656676656677,2950,432085,3
27285.915778958253,2951,432239,6
-82153.38383838383,2952,432749,5
-2377.734765234763,2953,432891,5
8461.590909090912,2954,432984,5
-43669.086375287705,2955,433256,5
-19488.75166500166,2956,433534,6
10569.07818617571,2957,433633,5
-121205.94100666276,2958,434239,5
-243882.48640248692,2959,435322,5
-23437.89157329598,2960,435584,4
-4441.060606060606,2961,435604,3
-4831.111111111111,2962,435630,3
-42474.58598344419,2963,436005,5
-109863.62054612057,2964,436679,5
-39354.68434343433,2965,436978,5
-124552.48917748907,2966,437642,5
-36621.13370590539,2967,437886,4
2343.1616994117044,2968,437999,5
-6451.847041847035,2969,438160,5
-7119.285714285714,2970,438194,3
-100780.33341615381,2971,438759,5
-13941.645715395705,2972,438943,5
-14351.887242659304,2973,439101,5
1142.607302827891,2974,439248,5
-46108.74999999999,2975,439543,5
2762.1969696969686,2976,439644,5
-8145.793650793654,2977,439865,6
-39597.7380952381,2978,440097,5
-11215.089493839494,2979,440288,5
-49203.76262626264,2980,440623,5
-11246.066017316014,2981,440790,5
-13305.226547618187,2982,440985,4
7440.67982499097,2983,441119,5
-198870.74389898946,2984,442009,5
-123826.13112377816,2985,442585,4
-64357.649017649,2986,442965,5
-16665.892857142862,2987,443137,5
-20528.935786435788,2988,443211,3
-63288.09260184261,2989,443666,5
-31714.71074934699,2990,443958,5
-87699.35661560642,2991,444498,5
-109838.63677988693,2992,445246,6
-74543.59806859808,2993,445526,3
-40708.838245088264,2994,445756,4
-29619.940476190484,2995,445962,5
22329.02777305254,2996,446065,6
-37474.2857142857,2997,446279,5
-1242.1987734487734,2998,446295,3
1653.3391608391607,2999,446460,5
34720.837010212,3000,446508,6
-55129.98128741743,3001,446844,5
-38999.88605756987,3002,447140,5
12608.775252525254,3003,447220,5
-14177.381229881232,3004,447365,5
-62523.90873015875,3005,447668,5
-11512.100073559062,3006,447932,6
-23487.148545898533,3007,448128,5
-45347.676555470636,3008,448402,5
-47999.48137195622,3009,448760,6
-28729.873737373724,3010,448975,5
-36126.819750596864,3011,449218,4
-93929.65822168019,3012,449819,5
-132790.81041507513,3013,450411,5
-15623.783391116434,3014,450664,6
4739.354870077949,3015,450776,5
-46996.00859451868,3016,451115,5
-143097.0303466744,3017,451774,5
-17841.385642837882,3018,451987,5
-34707.04788847203,3019,452278,5
-41614.92784992785,3020,452417,3
4041.349206349205,3021,452518,5
15628.03738401262,3022,452589,5
20323.073246198255,3023,452641,5
3745.7538295038325,3024,452774,5
-2000.032467532468,3025,452892,5
-26533.63243223925,3026,453199,5
-44721.21047597054,3027,453544,5
-31669.67364678663,3028,453868,5
-44103.15448440446,3029,454178,5
12677.950634247072,3030,454278,5
-94832.19141969125,3031,454779,5
-171134.37514948897,3032,455604,5
-1148.947441447442,3033,455625,3
-153860.7846320347,3034,456537,5
16205.448717948717,3035,456574,5
1850.8058608058602,3036,456694,5
-32757.13188084705,3037,456966,5
7296.90476190476,3038,457055,5
-56416.383477633484,3039,457381,5
-48509.673382173416,3040,457784,5
-47294.28210678212,3041,457975,3
-70183.64697845155,3042,458384,5
-69655.99896921104,3043,458772,5
-35525.470016094994,3044,459014,5
-28374.379231879237,3045,459286,5
-11607.795096200673,3046,459485,5
-29253.974358974385,3047,459757,5
-52133.81493506497,3048,460043,5
-28925.941437303667,3049,460277,5
4117.622586410618,3050,460454,6
-5114.523809523813,3051,460582,5
555.4388666888657,3052,460748,5
-15200.418054168045,3053,460906,5
2451.9310075608805,3054,461094,5
-6672.069670525551,3055,461142,3
-8197.500832500838,3056,461288,5
-22121.488095238084,3057,461502,5
-19854.583333333336,3058,461727,5
-10474.826770881322,3059,461912,5
-8350.633116883117,3060,462049,5
-31637.62107023522,3061,462282,5
-19281.60714285715,3062,462480,5
-16312.702857642871,3063,462657,5
8697.229033221663,3064,462875,7
-71875.85678210671,3065,463206,3
-62112.49272743079,3066,463702,5
-4360.193854348268,3067,463848,5
-89521.10597735587,3068,464371,5
-19427.25461200306,3069,464577,5
-68634.94047619049,3070,464969,5
-85377.3092185592,3071,465392,5
-73480.99133301339,3072,465763,4
-130875.99206349194,3073,466433,5
-23364.26351426351,3074,466619,5
-10144.367567417103,3075,466691,3
-13401.091269841269,3076,466875,5
-83662.07644188339,3077,467359,5
-28624.880952380954,3078,467496,3
-80484.10714285726,3079,467916,5
8919.086182135714,3080,468043,5
-51034.27849927849,3081,468358,5
-165181.82459697174,3082,469168,5
-4082.876012876013,3083,469196,3
-106389.3156843159,3084,469759,5
4388.71794871795,3085,469862,5
-175981.03660228665,3086,470645,5
-88031.25499500497,3087,471112,5
-44231.90476190474,3088,471434,5
-71146.84523809524,3089,471954,5
15570.091991341991,3090,472001,5
7324.651454067091,3091,472109,5
16212.560495060497,3092,472168,5
-51769.43744314681,3093,472526,5
-61273.63095238096,3094,472920,5
-73035.37595302616,3095,473473,5
-78444.4387556887,3096,473917,5
-32024.88095238094,3097,474101,4
-62609.15487290486,3098,474530,5
18262.608225108226,3099,474576,5
-13158.749999999987,3100,474744,5
-28092.301587301583,3101,474917,4
-3340.842093240878,3102,475102,5
8205.252171718892,3103,475175,5
1697.2409534909525,3104,475247,4
6.758740055951705,3105,475381,5
-37199.88095238093,3106,475682,5
-47845.02164502163,3107,476040,5
-15147.828282828283,3108,476212,5
-29675.62229437229,3109,476472,5
-110701.95716236174,3110,477074,5
-28347.136349847267,3111,477423,5
-77156.14607614599,3112,477962,5
-31811.992462302052,3113,478232,5
-107273.60460123813,3114,478813,3
-27650.133326855463,3115,479144,5
-60418.12494709792,3116,479501,5
-42169.750943500956,3117,479863,6
13109.151542901547,3118,479937,5
1572.2168109667946,3119,480195,7
-97592.33502608509,3120,480738,5
-64058.51853607115,3121,481333,5
-7365.582611832612,3122,481375,3
-48797.35139860139,3123,481702,5
-46099.24603174604,3124,482019,5
-39597.17171717172,3125,482176,3
-75408.8636363636,3126,482602,5
3187.0028827381757,3127,482741,5
-12611.674991674994,3128,482855,4
1694.818845370316,3129,482991,5
-18221.24999999997,3130,483176,5
5901.504329004329,3131,483301,6
-39451.82539682542,3132,483609,5
-25072.779206632862,3133,483810,4
-54913.86890886891,3134,484165,5
-90606.86507936504,3135,484603,4
-4313.988095238095,3136,484625,3
-34979.487466437924,3137,484925,4
7200.684662559663,3138,485030,5
-26371.547619047622,3139,485244,5
-18892.46188860158,3140,485456,5
-23357.906121656102,3141,485681,5
-210749.18650793587,3142,486731,6
-15107.091833390223,3143,486996,6
5355.061274509803,3144,487047,4
-14067.857142857143,3145,487228,5
-135802.04545454535,3146,488032,5
-3895.93084246335,3147,488130,4
-43696.60428752532,3148,488458,5
1336.9996017054887,3149,488600,5
80771.68753503117,3150,488915,14
17887.959540459542,3151,488939,5
21241.970941640055,3152,488986,5
102175.75520562172,3153,489149,12
11482.795872428225,3154,489232,5
-20966.211011211017,3155,489446,5
-33999.946691352496,3156,489709,5
19202.476340309157,3157,489752,5
18148.926832970952,3158,489822,5
16681.19824619825,3159,489913,5
-6043.749028749029,3160,489950,3
-84744.07148321236,3161,490459,6
-67536.74422799429,3162,490886,5
-32572.993117993105,3163,491135,5
-36363.98809523807,3164,491362,5
-93249.04761904762,3165,491792,4
-61043.84700782538,3166,492106,4
-13053.573232323231,3167,492208,4
-3429.6298841405983,3168,492378,5
-8922.182706998889,3169,492591,5
6819.325037277823,3170,492708,5
-22999.235764235757,3171,493002,6
-4567.153124653127,3172,493101,4
-13928.49719724719,3173,493315,5
-95294.81601731606,3174,493823,5
-31502.098166673823,3175,494076,5
5849.6481644804135,3176,494327,6
-74738.3856421357,3177,494761,5
-5782.760439594809,3178,494903,5
16183.977272727272,3179,494947,5
-12269.607663578248,3180,495125,5
-1610.5555555555554,3181,495145,3
-19213.279220779226,3182,495305,5
-87364.31277056277,3183,495696,5
-7906.547619047622,3184,495833,5
-12129.444444444445,3185,495981,5
-16209.242424242424,3186,496124,4
-12845.405218921087,3187,496323,5
-42648.3371249064,3188,496726,5
-3873.575452325448,3189,496875,5
-111771.02453102461,3190,497487,5
5709.392486598368,3191,497601,5
4279.737762237766,3192,497690,5
-33241.11111111111,3193,497965,5
-9435.74421659763,3194,498151,5
10617.61204073704,3195,498221,5
-28249.258497780153,3196,498448,5
-27066.11111111111,3197,498662,5
-67811.13095238095,3198,499069,5
-32044.307359307368,3199,499318,5
7303.7693038311045,3200,499488,5
-8102.049478299481,3201,499590,4
16500.405844155845,3202,499641,5
8409.747543478194,3203,499732,5
-42553.08621933621,3204,499906,3
-33221.04978354978,3205,500190,5
-9469.040404040403,3206,500340,5
-38370.22297147297,3207,500630,5
-75398.53364173147,3208,501069,5
947.2139197661634,3209,501207,5
21377.369544799887,3210,501280,5
-7837.347363678634,3211,501418,5
4999.022368455416,3212,501492,4
-6521.1186036186045,3213,501663,5
10428.823953823954,3214,501763,5
-16434.861457986462,3215,501932,5
-25712.187812187807,3216,502134,3
-9024.246031746032,3217,502268,5
-3116.5967365967363,3218,502290,3
129.9860077143406,3219,502519,6
-84796.26006346587,3220,502961,5
-36092.79720279721,3221,503130,3
14956.635039152456,3222,503198,5
-72559.61108336106,3223,503580,4
-116267.02380952403,3224,504152,5
-73371.5873015873,3225,504585,5
-55960.41666666662,3226,504975,5
-93559.8667998668,3227,505527,5
-26075.336175262644,3228,505797,5
-54609.77500440736,3229,506115,5
-5605.210817481904,3230,506258,5
18691.10937093398,3231,506342,5
-46416.68452398135,3232,506653,4
-12809.772193106168,3233,506919,6
-16613.666541791543,3234,507000,3
40466.94970749924,3235,507145,8
30336.48586771845,3236,507210,6
42707.76598358642,3237,507269,7
92442.90154290156,3238,507410,11
21561.18874460593,3239,507437,5
101463.36654058019,3240,507592,12
-44098.42352092352,3241,507856,5
-131779.4561851547,3242,508567,5
-2794.0577267589642,3243,508693,4
-123015.18745143755,3244,509350,5
-23580.992063492064,3245,509561,5
-6721.670551670551,3246,509605,3
-8520.770757020755,3247,509762,5
-2573.7554112554117,3248,509785,3
-110100.27642893766,3249,510493,5
14002.660766306273,3250,510606,5
-9450.18065268065,3251,510768,5
-133816.4752159605,3252,511411,5
-135616.1066552127,3253,512091,5
-27898.23329448327,3254,512353,5
-118160.95959595962,3255,513013,5
-9009.281851834097,3256,513065,3
-36304.94833295208,3257,513365,3
-3594.4638694638697,3258,513387,3
-105532.10412601734,3259,514003,5
23140.531968031966,3260,514033,5
7291.988456804632,3261,514124,5
16105.464136424818,3262,514178,5
-106652.88600288621,3263,514812,5
2527.1229669023796,3264,514931,5
-45524.94114412981,3265,515188,4
-14447.02621076595,3266,515311,3
-14328.451944217222,3267,515487,4
-3994.969629828378,3268,515622,4
-5828.837828837829,3269,515655,3
12726.425518925516,3270,515763,5
-8985.173160173163,3271,515900,5
15419.926601176605,3272,515966,5
-46583.27741702741,3273,516243,5
-92727.85714285704,3274,516760,5
3284.494671994671,3275,516896,5
-95006.97739947938,3276,517467,5
-45231.69905258142,3277,517773,5
-25725.147907647915,3278,517962,5
6400.0,3279,518033,5
-104910.23727347639,3280,518595,5
-84038.06013431006,3281,519135,5
-27155.85678210679,3282,519362,5
-13215.43826336202,3283,519560,5
-12755.130344801402,3284,519714,5
-27609.35730935731,3285,519845,4
-24068.571428571428,3286,520021,5
19896.8070659131,3287,520093,5
-12370.67006973934,3288,520293,5
7376.392496392498,3289,520389,5
-2412.640484515488,3290,520535,5
21032.01370116811,3291,520624,6
-1206.9276801629733,3292,520683,4
-57643.26243513143,3293,520947,5
-48699.09651322194,3294,521250,5
2706.7642080142027,3295,521379,5
-11497.575757575758,3296,521538,5
9599.404761904763,3297,521607,5
-26461.408313908316,3298,521794,5
-83626.17438117428,3299,522186,5
-12787.142857142851,3300,522329,5
6948.08080808081,3301,522435,5
-76809.0617962619,3302,522835,4
-5259.927976435329,3303,522863,3
10170.782638843782,3304,522999,5
-12597.869141522398,3305,523205,5
-8567.044020221263,3306,523425,5
-22289.981962481957,3307,523638,5
-3052.3611111111095,3308,523763,5
18696.785714285714,3309,523794,5
-32962.81746031743,3310,524022,5
-19139.2963980464,3311,524205,5
7313.061244311246,3312,524299,5
17235.283189033184,3313,524346,5
19857.84458596959,3314,524409,5
11410.894105894104,3315,524502,5
-31116.875330551775,3316,524796,5
-11632.34362859363,3317,525027,5
7037.755300255296,3318,525237,7
-30725.515595515586,3319,525448,5
-77984.15758776826,3320,525797,4
-37056.06371977695,3321,525987,4
-13493.768976121915,3322,526184,5
14505.89466089466,3323,526249,5
-18007.414876789862,3324,526462,5
-43004.06127106024,3325,526845,5
-41006.758801894954,3326,527128,5
-37254.46194285591,3327,527336,4
18447.14840306752,3328,527387,5
11505.306915306917,3329,527468,5
5474.695145540734,3330,527567,5
-80352.91220023452,3331,528219,5
-35208.09122121428,3332,528544,5
-97247.7976190477,3333,529039,5
-36355.632700632705,3334,529269,5
-32441.626459196126,3335,529519,4
-146341.99689758147,3336,530186,5
-52454.82142857143,3337,530505,5
-23315.301446919097,3338,530732,5
-672.6443001442997,3339,530847,4
-3121.6272616272618,3340,530873,3
-727.5319370172316,3341,531007,5
-13462.840294567312,3342,531165,4
-63593.4951404804,3343,531478,4
-2071.3564213564214,3344,531496,3
-183862.22703509056,3345,532299,5
-17219.749833499838,3346,532484,5
-64790.76118326114,3347,532699,3
32140.806277056272,3348,532731,6
10740.516844266842,3349,532800,5
25793.531628115605,3350,532914,6
-52859.92771117776,3351,533209,5
-14517.79761904762,3352,533383,5
-31303.687680783292,3353,533761,7
5478.214285714286,3354,533803,4
2791.1309523809523,3355,533910,5
5645.30719280719,3356,534047,5
-27173.931772132244,3357,534306,5
-12949.411703277803,3358,534514,5
-16760.00832500833,3359,534694,5
-34390.79323454325,3360,534926,5
6739.527494564261,3361,534979,4
-5491.210317460313,3362,535099,5
-2071.5627428127414,3363,535229,5
21124.52178231312,3364,535298,5
-15895.902134097767,3365,535477,5
32751.41169696316,3366,535588,7
-8366.931818181814,3367,535715,5
12251.260267510268,3368,535853,6
-59375.066461316404,3369,536215,5
-13739.672827172833,3370,536388,5
-50002.53405005724,3371,536643,4
-35324.5161782662,3372,536910,5
-38179.866212219145,3373,537293,6
-27464.498556998566,3374,537558,6
17760.992063492064,3375,537574,5
56381.79452491952,3376,537646,8
1657.8141479263727,3377,537778,4
17403.91207796481,3378,537870,5
-22630.99740945328,3379,538089,5
-19573.708831588105,3380,538314,5
-13107.619047619048,3381,538439,5
-7715.755772005776,3382,538576,5
-63635.46945293276,3383,538981,5
-7980.595238095244,3384,539148,5
-8435.357142857145,3385,539294,5
1810.6511544011537,3386,539406,5
-8318.388278388276,3387,539533,5
-36206.88270063268,3388,539775,5
-12318.804332921989,3389,540023,6
18363.333333333336,3390,540047,5
-35655.357142857174,3391,540272,5
-1093.968253968254,3392,540397,5
-73717.61183261187,3393,540847,5
-25543.88042513041,3394,541065,5
-61368.63095238098,3395,541410,5
-120757.5516762649,3396,542003,5
15227.70873274659,3397,542100,5
5915.364357864359,3398,542200,5
-100821.67931277145,3399,542624,4
-16677.06232492998,3400,542800,5
5434.075507825509,3401,542905,5
3507.0580808080795,3402,543005,5
-48984.81962481968,3403,543398,5
-93038.41973300165,3404,543849,5
13600.868367743366,3405,543939,5
-8360.844294594295,3406,544105,5
18283.732207335146,3407,544228,6
-1873.9609002108973,3408,544398,5
-83893.42518592527,3409,544910,5
21874.99723349517,3410,545002,5
-23977.045454545467,3411,545228,5
-30924.090909090923,3412,545472,5
-12681.286075036074,3413,545658,5
-58683.962842712855,3414,546012,5
-15791.507936507936,3415,546075,3
13763.580724830725,3416,546157,5
-38113.336720035775,3417,546420,5
-60111.83464926885,3418,546742,5
-76979.8064545104,3419,547295,5
11441.666666666666,3420,547396,6
843.1727994228027,3421,547522,5
-14516.283716283717,3422,547712,5
8315.749920014629,3423,547795,5
-12253.831968684915,3424,547959,5
18457.1626984127,3425,547981,5
-11043.176513029452,3426,548084,3
39511.0146789896,3427,548197,7
-41771.19065489034,3428,548415,3
16519.107142857145,3429,548451,5
323.9172632922625,3430,548590,5
35423.019341769344,3431,548715,7
-27225.348679098675,3432,548944,5
746.9824619824642,3433,549077,5
-124118.23655511168,3434,549560,4
-29754.58943833936,3435,549899,6
17551.385142635147,3436,549945,5
27840.4261016761,3437,550028,6
18455.020607477276,3438,550096,5
31326.60533910534,3439,550133,6
15219.371045621043,3440,550204,5
-14666.713564213554,3441,550351,5
-120847.03643578639,3442,551083,5
19405.261266511276,3443,551164,5
-3163.3928571428564,3444,551235,4
20949.240620490615,3445,551332,6
-1409.0397102897105,3446,551348,3
9290.94010156511,3447,551468,5
-42150.055916305944,3448,551754,5
37598.571844821854,3449,551869,8
16439.143601496537,3450,551940,5
7757.321255885496,3451,552052,5
-32058.1656688255,3452,552292,5
-25654.355191377246,3453,552448,4
-28810.62626915569,3454,552761,5
-30815.169291063274,3455,552957,3
-10088.513986013986,3456,553030,3
-3720.7734493318867,3457,553212,4
-3126.1167042507886,3458,553351,4
-5730.264508030644,3459,553395,3
-1738.9599942541147,3460,553516,5
11730.831082931358,3461,553651,5
-21163.912558030202,3462,553852,5
538.7932900432897,3463,553981,5
-47522.417027417025,3464,554354,5
-9040.344834903657,3465,554537,5
6241.311327561328,3466,554637,5
-27638.215950715934,3467,554891,5
-41534.68253968255,3468,555183,5
-9486.78571428571,3469,555315,5
-47345.72441447435,3470,555626,5
-22726.877281215533,3471,555935,7
24047.07746501864,3472,555960,5
45526.65612638135,3473,556048,7
22129.623015873018,3474,556078,5
20830.994760957998,3475,556113,5
34372.29459824662,3476,556169,6
22768.7987012987,3477,556204,5
44993.36316461315,3478,556254,7
28557.85714285714,3479,556296,6
-30367.73629148629,3480,556527,5
-42434.47691197694,3481,556807,5
-11899.403966309335,3482,557048,5
-18807.05143868448,3483,557202,3
14836.587274010973,3484,557418,7
-45785.448281723475,3485,557706,5
-20160.59884559885,3486,557893,5
-64195.18189133706,3487,558311,5
14427.638566498865,3488,558397,5
-51437.14105339104,3489,558770,5
-12375.194853735878,3490,558939,5
-22705.869783810955,3491,559176,5
-63638.302669552635,3492,559529,5
-179231.8217893219,3493,560408,5
-66674.89888551415,3494,560804,5
-3329.1738816738825,3495,560832,3
40518.55732545748,3496,561073,9
88457.41670502698,3497,561214,11
68739.83012902127,3498,561320,9
20720.055500055496,3499,561372,5
12841.916304799435,3500,561440,5
6683.333333333333,3501,561511,5
-71766.60724959511,3502,561987,4
-4318.229131979131,3503,562006,3
-24389.847033771195,3504,562163,3
-3969.1919191919196,3505,562186,3
-44752.46760184254,3506,562553,5
-13225.476190476194,3507,562714,5
-1281.0641165941295,3508,562898,6
-15271.14686891196,3509,562972,3
-79715.59801997096,3510,563540,5
-104893.035020535,3511,564225,5
11664.84313802812,3512,564344,5
-14411.09376734377,3513,564531,5
-13946.08768682298,3514,564737,5
18955.767209040194,3515,564796,5
5661.151005856878,3516,564952,6
-15099.457870560811,3517,565017,3
-3257.2619047619046,3518,565032,3
-31875.51033074253,3519,565307,5
15396.81845931846,3520,565375,5
-33103.62373737374,3521,565607,5
-8132.995060495063,3522,565753,5
-24709.330114330136,3523,565988,6
-27583.724747474764,3524,566132,4
-19096.596304881896,3525,566449,5
-13648.115218115217,3526,566542,3
-2394.3828965152497,3527,566572,3
-98399.444860695,3528,567119,5
-33136.958874458884,3529,567353,5
-14345.555555555557,3530,567524,5
21347.52175360871,3531,567562,5
-53746.90698190701,3532,567904,5
19769.69252969253,3533,567944,5
-4520.80655455655,3534,568081,5
-8283.310863972616,3535,568324,6
31389.141531842757,3536,568440,7
-94025.85869840534,3537,569052,5
152.04365079365277,3538,569175,5
-24709.39393939395,3539,569440,5
18374.52301095877,3540,569544,6
18400.64818077034,3541,569666,6
27935.432761682758,3542,569778,7
24955.95453157953,3543,569944,7
3912.68445757029,3544,570099,5
14147.53524253524,3545,570188,5
-2849.6042356336475,3546,570222,3
-28228.432539682522,3547,570411,4
-3656.5100177600175,3548,570437,3
7423.555942225886,3549,570679,5
-33454.88011988013,3550,570839,3
-60185.62437562442,3551,571218,5
-9008.09523809524,3552,571252,3
-74370.36284149287,3553,571702,5
-58603.257853257805,3554,572009,5
-2416.2301587301718,3555,572137,5
8020.686984584043,3556,572301,6
-43320.06854256845,3557,572667,5
-10652.083121127243,3558,572841,5
-550.0795839437505,3559,573004,5
-44100.12616993322,3560,573391,5
134665.1097629954,3561,573635,16
17459.030483405484,3562,573673,5
33172.859917859925,3563,573743,6
-6880.898268398265,3564,573891,5
-22953.069430569423,3565,574098,5
-54096.3945041886,3566,574529,5
19349.102583982178,3567,574593,5
19286.60848486178,3568,574675,5
43561.05446153434,3569,574744,7
-34777.747252747235,3570,574974,5
-12595.76011014682,3571,575209,5
-6972.946432652312,3572,575392,5
-63894.431678572546,3573,575773,5
10766.873126873124,3574,575851,5
-38011.64629488156,3575,576127,5
-29219.665282621743,3576,576392,5
-9473.373015873018,3577,576550,5
-1830.0018037518093,3578,576658,5
-83594.48426573421,3579,577135,3
-98549.17512029302,3580,577685,5
-37429.155844155845,3581,577913,4
10669.195318570319,3582,578003,5
-15130.92560217561,3583,578188,5
-156.50793650793636,3584,578315,5
-1575.3603341103342,3585,578328,3
-35260.50882489545,3586,578637,5
-13622.857142857143,3587,578702,3
-69235.52017461756,3588,579074,5
21286.22474747475,3589,579116,5
-660.9523809523812,3590,579132,3
32471.729381729387,3591,579188,6
-15961.011904761905,3592,579343,5
-29434.928959928988,3593,579580,5
4869.76218226218,3594,579694,5
-4777.133699633702,3595,579869,5
9021.173511945568,3596,579991,5
-99307.68786768794,3597,580504,5
15420.520590520588,3598,580586,6
-39541.763653013666,3599,580863,5
-29523.24314574316,3600,581203,6
15074.932127341188,3601,581298,5
65343.42551239614,3602,581580,11
-11474.642857142857,3603,581632,3
-31396.368942184636,3604,582096,5
-21087.91657688717,3605,582239,3
-15726.203420762244,3606,582348,3
20712.656905825064,3607,582405,5
-96792.24838371137,3608,582967,5
-48998.69047619043,3609,583282,5
-92074.37229437225,3610,583744,5
-8394.723676696836,3611,583929,5
5006.749639249639,3612,584052,5
14176.24840845429,3613,584116,5
-5325.053003841704,3614,584269,5
-10608.984903984914,3615,584437,5
-19436.666666666664,3616,584632,5
11965.639462661522,3617,584717,5
-50915.96167721169,3618,585069,6
21384.31707181707,3619,585092,5
4234.470367094204,3620,585152,4
-2377.727044197632,3621,585179,3
1046.1940836940882,3622,585300,5
-8037.016431395068,3623,585521,5
-37166.77988677986,3624,585813,5
-72820.97735597737,3625,586206,3
-11172.786663100209,3626,586484,5
-4690.330723198371,3627,586512,3
-54963.593906093956,3628,586785,5
-787.5344753285948,3629,586887,4
-25401.137057387074,3630,587020,3
-58223.20648814509,3631,587650,5
5374.875006099854,3632,587773,5
34636.483272059886,3633,588045,10
27511.23015873015,3634,588112,6
-10757.479730237083,3635,588275,5
-18430.438311688307,3636,588530,6
6399.031801531802,3637,588580,4
-4976.916861947823,3638,588729,5
-5714.86832611832,3639,588860,5
-11762.90244477744,3640,588973,4
-8680.0,3641,589115,5
102922.40464471887,3642,589303,13
-11731.20233932733,3643,589537,6
-27084.57869167335,3644,589795,5
12766.247359253719,3645,589921,5
-26443.739256099936,3646,590142,5
21936.937992562987,3647,590171,5
4958.5347985347935,3648,590311,6
-25730.19369519369,3649,590524,5
-22153.017032417178,3650,590687,4
25378.952797778475,3651,590736,5
-24549.62684374452,3652,590895,3
-14051.6512950414,3653,591032,3
-4324.904870241557,3654,591055,3
-3271.554834054834,3655,591071,3
-15607.327650849329,3656,591307,4
16572.45817306189,3657,591376,5
-76428.60028860025,3658,591793,5
-118045.53571428572,3659,592311,5
-1515.2969252969292,3660,592445,5
-26701.841769341776,3661,592689,5
5744.681041997222,3662,592829,5
16670.750279132637,3663,592914,5
6482.511729111961,3664,593038,5
-12850.682487447191,3665,593222,5
-7402.855461531925,3666,593539,5
-49754.471027338644,3667,593890,5
30631.842463092486,3668,594133,8
-33371.26984126982,3669,594382,5
-42062.277874886044,3670,594660,4
-3941.4285714285716,3671,594688,3
-54108.25196045785,3672,595101,5
2488.924476795996,3673,595265,5
-4544.839535464536,3674,595289,3
-4446.238933924693,3675,595379,4
-54779.90800865805,3676,595670,5
2004.9404761904786,3677,595808,6
5698.323833029715,3678,595881,4
-23784.99986747856,3679,596235,5
23575.229629927526,3680,596456,7
-13166.089516778378,3681,596696,5
-24123.87936859173,3682,596893,5
8987.097347097351,3683,596979,5
20109.234931734933,3684,597035,5
19368.629483261833,3685,597127,6
-2127.0582195582197,3686,597248,5
-2090.413059163059,3687,597262,3
31888.621933621933,3688,597311,6
4680.951235935958,3689,597473,5
-7191.325454226753,3690,597540,3
-944.7004636286638,3691,597654,4
11258.333333333336,3692,597709,5
-27840.50612440386,3693,598007,5
-18849.87225450847,3694,598241,5
3160.276578426733,3695,598520,8
27015.17026845703,3696,598721,7
19887.61703574203,3697,598788,5
-52517.088803570194,3698,599270,6
2326.9336219336255,3699,599395,5
5847.795442188866,3700,599517,5
5244.34163059163,3701,599619,5
-20557.40336869013,3702,599840,5
-51362.20418470413,3703,600150,5
-10834.46428571429,3704,600290,5
-47453.78968253969,3705,600614,5
5298.122696447,3706,600644,4
-21347.896825396823,3707,600805,5
-102629.41954091052,3708,601620,6
-49573.40141476173,3709,601923,5
-82589.46428571419,3710,602358,5
-58285.738635719325,3711,602778,5
17216.85883045403,3712,602906,6
16605.510041429156,3713,602960,5
17035.697539605364,3714,603055,5
21670.488192363187,3715,603126,5
21962.018398268403,3716,603176,5
19316.376262626265,3717,603212,5
11499.80228105228,3718,603307,5
10049.64577025142,3719,603430,5
35867.71284271284,3720,603515,7
-64103.16111305275,3721,603943,5
-10913.807373583928,3722,604103,5
-34641.643079143054,3723,604333,5
1834.698634698635,3724,604588,7
12249.306800225915,3725,604689,5
-671.325757575757,3726,604796,5
-10711.420479030785,3727,605095,7
7410.916085548438,3728,605200,5
-2542.88541092214,3729,605411,5
2531.2202125677586,3730,605642,6
-5732.075049133874,3731,605702,3
33069.98291261879,3732,605890,9
22820.126262626265,3733,605912,5
35111.93806193806,3734,605969,6
-59044.638931330126,3735,606343,5
-4850.775401069519,3736,606369,3
-15143.176299749435,3737,606474,3
-6654.629365856814,3738,606708,5
-203.9213564213569,3739,606813,5
-62237.80665370062,3740,607228,5
-7325.093795093795,3741,607269,3
19303.213963324262,3742,607434,7
17473.42826116729,3743,607627,6
-3063.5259758544325,3744,607887,5
-3151.6029554381,3745,607980,4
21939.411283161287,3746,608077,6
-31502.368322098537,3747,608488,5
35108.819999445004,3748,608654,8
93724.47365134869,3749,608784,12
11060.217988710636,3750,608801,4
-28603.297397047394,3751,609012,5
-16928.964646464654,3752,609135,4
35337.03738255212,3753,609368,8
-1391.5279246896866,3754,609705,8
5113.646007415356,3755,609784,4
17430.24762493904,3756,610013,6
-10462.85876704993,3757,610257,6
40128.441049806235,3758,610390,7
26492.62307674265,3759,610500,6
19488.466966040483,3760,610632,6
-6657.563897335676,3761,610772,5
22517.822594072593,3762,610867,6
17848.763736263736,3763,610942,5
-38594.54531235872,3764,611391,6
18296.06893106893,3765,611457,5
6206.723027789205,3766,611562,5
-6443.838383838385,3767,611646,4
-41092.615043625105,3768,611964,5
5826.226134976135,3769,612099,5
-17854.3272005772,3770,612240,4
6680.590133177122,3771,612350,5
-41771.32952595217,3772,612663,5
-53238.72326611294,3773,612960,5
-52679.41849816846,3774,613303,5
-9896.084556138734,3775,613359,3
2176.5867023413452,3776,613550,5
45753.57725607726,3777,613653,8
98824.8466810967,3778,613810,13
23268.944666444666,3779,613882,6
27221.457431457435,3780,613949,6
-7323.290043290042,3781,614040,4
2556.9007936507955,3782,614139,5
-7015.723443223436,3783,614282,5
-19729.662964972216,3784,614501,5
12817.200785325782,3785,614578,5
7929.269260151612,3786,614674,5
26087.10513133686,3787,614770,6
1108.831168831171,3788,614831,4
1114.4678932178897,3789,614938,5
-10347.91126249911,3790,615077,4
-35533.36729447024,3791,615470,5
2939.859048139905,3792,615549,4
12224.555478491238,3793,615719,6
2032.1554834054818,3794,615805,5
12253.333333333332,3795,615910,6
26136.951032788125,3796,616023,6
28483.860673959454,3797,616141,6
20607.838827838827,3798,616161,5
24445.833055833053,3799,616186,5
-9857.683982683982,3800,616227,3
-20065.097482711655,3801,616421,5
-58131.21939182027,3802,616775,5
-14784.40582293524,3803,616929,4
-5202.426046176046,3804,616963,3
-15333.389826762505,3805,617070,3
14754.879426988566,3806,617276,6
-37588.659466608355,3807,617551,5
-2654.2027417027407,3808,617695,5
-1626.7604617604618,3809,617714,3
7180.165945165945,3810,617804,5
44415.29940647588,3811,617870,7
57808.677691632394,3812,617957,8
38441.747365766336,3813,618113,7
30431.215728715724,3814,618301,8
-1912.8760128760132,3815,618322,3
5619.956922162808,3816,618382,4
-9951.531385281383,3817,618538,5
-84004.58698164587,3818,618955,5
-15383.061383061386,3819,619058,3
25470.229076479074,3820,619130,6
-3195.445314489432,3821,619140,3
30860.983787454377,3822,619211,6
28230.54612054612,3823,619265,6
19907.532141061558,3824,619336,5
-43747.79905523019,3825,619632,5
-76386.67562829328,3826,620082,5
-33970.83555333554,3827,620333,5
4204.2276840806235,3828,620443,5
-1436.2626262626263,3829,620458,3
-6842.570189715149,3830,620661,6
-28438.345682095674,3831,620856,4
-38130.01916899749,3832,621078,4
4332.629689711733,3833,621219,5
-44743.53313353314,3834,621570,5
-31089.77686271416,3835,621822,5
-5554.076340326341,3836,622045,6
6898.776554972376,3837,622251,6
17251.428571428572,3838,622278,5
-32012.25161577329,3839,622575,5
-21965.080752580754,3840,622660,3
-27094.984251859245,3841,622900,5
-13606.334440936338,3842,623144,5
17993.129509379512,3843,623237,6
-191.22266622266562,3844,623343,5
868.7373737373739,3845,623453,5
-151437.95093795093,3846,624150,4
-25405.866008990994,3847,624410,6
14315.514069264069,3848,624462,5
-44981.41899766901,3849,624931,6
16470.71406534642,3850,624993,5
9509.246031746032,3851,625068,5
-27313.456127206133,3852,625293,5
-22375.11904761904,3853,625467,5
1654.782717282717,3854,625568,5
-52284.18264029661,3855,626197,6
5798.538177434055,3856,626460,6
-1993.6200756413466,3857,626712,6
-475.0,3858,626793,5
-7272.2619047619055,3859,626922,5
689.9999999999976,3860,627058,6
-6195.816960816956,3861,627196,5
-29732.744200244204,3862,627333,3
-689.8812298812297,3863,627352,3
1680.62879844614,3864,627481,4
-35303.65221788016,3865,627657,3
-65171.12438533075,3866,628114,5
-8846.42857142857,3867,628262,5
1831.2907203735376,3868,628399,5
-9180.77797202798,3869,628538,5
2405.436507936506,3870,628623,5
-51093.749028749095,3871,628914,5
39394.80015953296,3872,628986,7
-122262.44427227404,3873,629801,5
-12999.693778443774,3874,629986,5
-58302.25191475192,3875,630262,4
16706.29255548373,3876,630317,5
16759.047619047622,3877,630343,5
13248.66439932616,3878,630429,5
-17961.88738828253,3879,630692,4
-5698.200263573717,3880,630946,6
12459.705429374546,3881,631084,6
5495.0,3882,631170,5
-4094.7549683288858,3883,631328,5
-14598.128815628814,3884,631396,3
-21625.259529342333,3885,631677,4
-20539.2982017982,3886,631791,3
-7307.074886567031,3887,631999,5
-116328.15295815284,3888,632509,5
-19724.331363081354,3889,632687,5
-19187.395127260585,3890,633092,6
29599.64197674529,3891,633183,6
-109002.80033025956,3892,633682,5
-38821.59168831609,3893,634051,5
-3532.702052849109,3894,634285,5
525.4116716616727,3895,634419,5
9287.142857142855,3896,634489,5
10292.763625263622,3897,634553,5
-35420.6388056388,3898,634845,5
-47278.985187069564,3899,635150,5
27800.839426741135,3900,635245,6
-19080.691172199196,3901,635499,4
-5190.832993116274,3902,635538,3
-9143.446701217601,3903,635814,5
-10655.483201439085,3904,635881,3
12735.663992869879,3905,635976,5
37323.85580235038,3906,636269,10
10022.752247752245,3907,636354,5
2540.1535702000087,3908,636476,5
-24818.769841269845,3909,636615,3
6002.029246355262,3910,636738,5
-42593.431391562015,3911,637053,3
3257.2430347430345,3912,637170,5
-71513.43434343438,3913,637461,3
-24452.69046805484,3914,637702,5
-10957.872750744273,3915,637795,3
-16305.784217016888,3916,637931,4
-8678.135198135198,3917,637974,3
-20641.000185287186,3918,638131,3
-93092.55907491205,3919,638738,5
-13081.437812703292,3920,638948,5
-16309.350649350654,3921,639033,3
-50172.35236077545,3922,639332,3
-7074.391837737425,3923,639569,6
-21598.63698393111,3924,639775,5
-52962.92207792208,3925,640033,4
-21391.953392306237,3926,640322,5
52473.34091669424,3927,640509,9
16370.988455988456,3928,640555,5
6991.130952380952,3929,640640,5
-13143.80952380952,3930,640793,5
-15443.912378471205,3931,640874,3
-1980.696248196248,3932,640885,3
-11908.04949952009,3933,640957,3
10599.281515053573,3934,640979,4
-103714.76949535066,3935,641674,5
22636.59932237526,3936,641848,7
251.26881211136896,3937,641981,5
-47016.59353417481,3938,642417,5
-6241.864108114107,3939,642540,5
1579.365079365079,3940,642636,5
43391.99550449551,3941,642707,7
19200.27777777778,3942,642747,5
45632.55235712859,3943,642840,7
33521.34310134311,3944,642905,6
-11246.803751803749,3945,643058,5
-14845.957920648327,3946,643279,5
4964.411976911975,3947,643387,5
-34777.02416563482,3948,643749,7
19001.54428904429,3949,643792,5
7859.698773448772,3950,643820,4
19525.71331446331,3951,643856,5
93589.76570112558,3952,644004,11
-10142.196639593407,3953,644181,5
-47247.71881304968,3954,644475,5
58456.04888768781,3955,644809,11
-21718.446969696965,3956,645043,5
21010.905205905205,3957,645084,5
18649.130175380178,3958,645139,5
31224.500638250636,3959,645183,6
27613.83019758019,3960,645262,6
1104.862625954853,3961,645693,9
-3053.993506493506,3962,645712,3
18125.663225663226,3963,645784,5
36600.0364588299,3964,645942,7
89362.57642596333,3965,646244,13
-9560.922215039875,3966,646454,6
-954.9775712613921,3967,646683,6
-5833.199023199023,3968,646714,3
21246.21115855249,3969,646802,6
13427.202001200218,3970,646877,5
72989.36276978698,3971,647045,10
80020.96841067431,3972,647114,10
-24432.83419452922,3973,647335,5
25847.582305680207,3974,647538,7
-17928.12360298648,3975,647860,5
-9196.839826839827,3976,647918,3
-5261.0475553857905,3977,647953,3
-2139.4949494949497,3978,647972,3
33502.110621146996,3979,648167,7
9854.999999999998,3980,648232,5
-15906.170634920629,3981,648410,5
-39960.95630289909,3982,648897,5
-6508.176406926405,3983,649047,5
4808.381714145174,3984,649161,5
-32475.460653252856,3985,649475,5
-23745.075904487672,3986,649609,3
-55159.922438672496,3987,649922,5
4662.584279755334,3988,650072,6
52640.7349775828,3989,650160,8
38793.8995387138,3990,650240,7
14269.007936507936,3991,650300,5
-26302.966061716048,3992,650518,5
-7399.4357083405075,3993,650667,5
6318.095238095233,3994,650750,5
-31081.158202497263,3995,651201,8
16611.46683553804,3996,651313,5
72311.7857142857,3997,651411,10
82792.47798898724,3998,651643,11
-35948.489774462156,3999,651878,4
-8589.227994227993,4000,652037,5
23188.369408369406,4001,652159,7
6451.419978585227,4002,652276,5
-33144.40476190476,4003,652488,4
-8076.124654564635,4004,652556,3
4462.797182392767,4005,652708,5
7910.435185729305,4006,652811,5
-39546.22585747583,4007,653110,5
2429.7665243253487,4008,653259,5
-8513.65090791561,4009,653391,4
-3536.929260033868,4010,653743,5
10683.839995760512,4011,653890,5
-15027.420634920625,4012,654079,5
18387.69230769231,4013,654100,5
45589.71529695794,4014,654249,8
20773.454184704187,4015,654284,5
-1166.6901154401153,4016,654294,3
-84519.65616914384,4017,654669,3
-35474.125414844064,4018,655041,5
6874.909986169661,4019,655154,5
-69616.13095238095,4020,655557,5
20011.676184926182,4021,655590,5
9015.678349428334,4022,655779,6
-7738.787878787877,4023,655908,5
-157913.69824619836,4024,656595,5
-902.5,4025,656700,5
10386.325213220996,4026,656910,6
-49027.94893122875,4027,657286,5
22663.115136497476,4028,657526,8
19078.48843966491,4029,657665,6
-82980.48306560442,4030,658101,3
-22190.066173450537,4031,658310,3
-22757.975749647067,4032,658533,5
-19836.084032926145,4033,658715,5
13181.309523809527,4034,658772,5
-15640.268199937298,4035,658970,5
4492.115384615385,4036,659039,5
-31021.22474747476,4037,659237,5
8773.792458728423,4038,659397,6
-6306.171328671328,4039,659414,3
-1367.4130886145513,4040,659630,5
-43591.38916638915,4041,659915,5
24203.21751777634,4042,660011,6
-70924.77719262167,4043,660370,4
5303.170255284269,4044,660491,5
15900.653163485978,4045,660568,5
-3031.3852813852814,4046,660579,3
-25376.19617008229,4047,660966,6
7556.5270994914945,4048,661097,5
26204.627619112915,4049,661213,6
18332.083333333332,4050,661255,5
63390.721027768246,4051,661374,9
27226.908924408926,4052,661452,6
22548.114528781614,4053,661599,6
-3565.5136530136533,4054,661624,3
-79033.27410742849,4055,662111,5
-6908.122742840242,4056,662409,7
-23988.533827283823,4057,662571,4
-10853.312490957613,4058,662681,3
-17352.228584324163,4059,662914,5
-44586.25541125541,4060,663064,3
941.3610939713938,4061,663173,5
41811.52548689701,4062,663277,7
22397.689393939396,4063,663361,6
19484.681845931846,4064,663396,5
25921.343795093795,4065,663463,6
9457.606976356978,4066,663569,5
-232.28132978132953,4067,663641,4
-6576.093726320121,4068,663678,3
-11778.20496496967,4069,663759,3
12251.317829916898,4070,664321,12
-40765.17857142858,4071,664504,4
9610.048824154863,4072,664534,4
19298.671575457574,4073,664584,5
-27614.066977269373,4074,664782,3
-20546.87611000112,4075,665018,5
-8639.856731404805,4076,665225,5
-76922.10317460327,4077,665629,5
22836.56315906316,4078,665667,5
9679.22619047619,4079,665729,5
-10550.072150072147,4080,665950,7
12781.81189275196,4081,666293,7
-12676.839760611803,4082,666369,3
-8380.587398712392,4083,666533,5
9375.964064530242,4084,666609,5
-1771.4591750698555,4085,666740,5
-48074.88816738817,4086,666981,4
1885.0719206833812,4087,667199,5
-18901.614499367457,4088,667477,5
-2835.2713258963263,4089,667600,5
-50483.042047821444,4090,667931,5
-101183.34963276728,4091,668548,5
-10751.007326007331,4092,668738,5
10548.410894660896,4093,668810,5
24865.18490736429,4094,668935,6
-4218.550444653389,4095,669095,5
-25822.857142857145,4096,669266,5
-2003.1253412909793,4097,669429,6
-11594.16958041958,4098,669665,5
424.3578643578641,4099,669775,5
9877.453729214187,4100,669885,5
-18930.286796536806,4101,670083,5
-4465.624794452193,4102,670273,5
-12328.650793650791,4103,670378,4
11350.081585081585,4104,670398,4
6886.41213249367,4105,670587,5
18998.935786435784,4106,670623,5
-17130.74791629938,4107,670774,4
59075.944472194475,4108,670869,9
6694.7913197913185,4109,670978,5
14713.118127787238,4110,671048,5
34824.058094683096,4111,671254,9
34359.03499278499,4112,671298,6
25367.51887474411,4113,671344,5
19147.77777777778,4114,671375,5
44641.87690577397,4115,671500,8
-15246.50854164643,4116,671743,5
41425.821470196475,4117,671879,8
18064.29834054834,4118,671911,5
31759.67879342879,4119,672067,8
27182.32026959967,4120,672232,8
29697.817680834745,4121,672560,8
-26823.424908424888,4122,672824,5
14713.095238095239,4123,672877,5
863.6390999781086,4124,673003,5
-27657.71825396825,4125,673239,5
-1810.9320826232604,4126,673427,6
-7055.2553002552995,4127,673470,3
-7756.631784108566,4128,673542,3
-33255.67051004555,4129,673909,6
20419.166389166385,4130,673957,5
19370.60064935065,4131,673997,5
-30973.881118881112,4132,674245,5
100332.6372973432,4133,674572,15
-995.7936507936504,4134,674694,5
3762.7380952381,4135,674810,5
-11486.194430569429,4136,674919,4
-746.4800069211842,4137,675098,5
-38650.664311179,4138,675402,5
-1081.2171162171217,4139,675523,5
16926.130952380954,4140,675563,5
14741.419552669553,4141,675601,5
23150.577037341744,4142,675664,5
-96470.51905310029,4143,676101,5
18116.163139620952,4144,676227,6
2756.2572150072133,4145,676345,5
-1325.1563714063702,4146,676451,5
74670.9306270822,4147,676673,11
12458.13371269253,4148,676821,6
7862.758870218488,4149,676843,4
8700.340389032765,4150,677001,5
3214.358932670366,4151,677114,4
984.6045621045596,4152,677279,5
16161.105561105558,4153,677331,5
23003.187524764526,4154,677463,6
-22866.251701729634,4155,677666,5
-73783.89356862994,4156,678254,5
3154.0643274853805,4157,678328,5
-38644.66463618939,4158,678517,4
-19478.4238310709,4159,678704,4
63784.586887785415,4160,678834,9
-93896.3744822129,4161,679298,4
-57127.84812409815,4162,679648,5
16630.26695526696,4163,679770,6
20559.21356421356,4164,679794,5
-7130.416666666666,4165,679875,4
-36659.244227994204,4166,680081,3
2367.7628151002737,4167,680141,4
3002.357215678091,4168,680343,5
-5771.339955838795,4169,680404,3
4994.010156510156,4170,680439,4
-6649.576118326113,4171,680586,5
14189.643131850939,4172,680686,5
15647.012987012986,4173,680712,5
14934.406565656569,4174,680784,5
68287.76459651458,4175,680855,9
22150.111317775787,4176,680896,5
23040.5899859944,4177,680913,5
22809.615800865806,4178,680956,5
28203.712121212124,4179,681020,6
6250.605604835489,4180,681331,7
-21304.79187479188,4181,681474,4
2197.053363303366,4182,681586,5
-897.5328837828902,4183,681741,5
14144.764133570246,4184,681814,5
-11632.270763292441,4185,681982,5
6108.842387187975,4186,682109,5
36048.50401232755,4187,682168,6
-990.2495421245421,4188,682195,3
16087.475996225994,4189,682220,5
23439.333999334,4190,682314,6
-1304.642857142857,4191,682325,3
790.3773608572378,4192,682505,5
20591.432135807376,4193,682579,5
4829.411903885589,4194,682711,5
19481.924603174604,4195,682735,5
19180.833333333336,4196,682747,5
-29553.91344766343,4197,682963,5
-30432.29936729937,4198,683143,5
32861.41441891443,4199,683251,7
1532.3578504828506,4200,683364,5
-3193.114385614386,4201,683379,3
-24993.550262722434,4202,683647,4
-4332.900432900433,4203,683659,3
-17719.897626238566,4204,683784,3
-39355.08533133533,4205,684059,5
1477.7378177378177,4206,684079,3
-51012.725122100106,4207,684351,4
-59969.18207010053,4208,684745,5
-19487.701118326117,4209,684957,5
-3149.1162881236414,4210,684968,3
-9825.88717216923,4211,685266,6
-17280.326479076473,4212,685454,5
-5271.7843267843855,4213,685840,9
4176.7568297715325,4214,686021,6
5633.095238095233,4215,686109,5
20870.23809523809,4216,686115,5
25648.944811591664,4217,686443,8
-20763.884865134864,4218,686744,5
17471.1771621388,4219,686879,6
-1286.0035505430205,4220,686984,5
12589.675324675321,4221,687055,5
-5869.007242757242,4222,687098,3
-9151.364362089054,4223,687180,3
-1067.6175894538906,4224,687396,5
6619.613095238095,4225,687451,4
-26591.31965256965,4226,687662,5
26997.36763193807,4227,687750,6
-33991.91045066044,4228,687970,5
-6120.059809527612,4229,688208,6
-46142.78291153287,4230,688517,5
-22068.678821178823,4231,688777,5
-10543.621811195342,4232,688943,5
-23989.814817964994,4233,689176,4
-10253.91444331944,4234,689435,6
36369.44610944612,4235,689548,7
22217.817509288107,4236,689600,5
-23282.683982683982,4237,689683,3
4104.140123610102,4238,689934,7
-2790.486162584443,4239,689945,3
-31.7677270270201,4240,690119,5
18401.316461316466,4241,690174,5
-1959.3395493395492,4242,690184,3
31037.251082251085,4243,690229,6
36597.41777872969,4244,690359,7
17167.494061030877,4245,690406,5
31369.647887801908,4246,690486,6
19509.248945498934,4247,690723,8
-1840.259329915319,4248,690884,4
6512.097959230307,4249,691029,5
-2392.379564879565,4250,691054,3
9468.893288084464,4251,691098,4
-714.7620308398218,4252,691260,5
12727.56340881341,4253,691328,5
15249.062049062048,4254,691375,5
20683.77525252525,4255,691421,5
15601.162032412029,4256,691494,5
19443.571428571428,4257,691519,5
-37477.91136709868,4258,691760,4
-17338.96872688418,4259,691964,4
2570.0948366349867,4260,692280,7
17875.118840352974,4261,692346,5
20206.190476190477,4262,692375,5
47870.17849131431,4263,692425,7
17432.70063270063,4264,692450,5
25252.72234666778,4265,692486,5
44004.96212121213,4266,692527,7
65863.10053723367,4267,692623,9
-55676.806763925175,4268,693119,5
21515.50016976488,4269,693268,7
-2092.500000000002,4270,693379,5
715.878565878566,4271,693394,3
-38676.25599299372,4272,693741,4
16472.48836308619,4273,693810,5
-32488.13822882372,4274,694148,5
-12639.523809523806,4275,694301,5
3335.7142857142844,4276,694388,5
13459.862026966619,4277,694507,5
15977.409034893555,4278,694623,5
20607.764172158433,4279,694677,5
4911.015512265513,4280,694783,5
-34654.778998306494,4281,695220,7
44114.498487623496,4282,695388,8
21740.653166278167,4283,695424,5
-23449.125111000107,4284,695510,3
5984.774196391844,4285,695554,4
19126.252741253753,4286,695813,8
33396.77704240204,4287,695878,6
32996.167019255256,4288,695919,6
22563.816183816183,4289,695950,5
32417.148684648688,4290,695996,6
56287.38966743611,4291,696083,8
22175.5073451847,4292,696160,5
-5853.941197691198,4293,696190,3
1590.1674067676404,4294,696314,4
11997.359688814797,4295,696437,5
11596.530552780552,4296,696521,5
9275.261833754479,4297,696627,5
59322.03784498097,4298,696793,9
15449.761904761905,4299,696833,5
-22608.379606504615,4300,697026,5
-4875.86038961039,4301,697052,3
28016.015096015097,4302,697094,6
7773.538159504299,4303,697283,5
-54769.17526917531,4304,697563,3
-12026.102667757077,4305,697630,3
-7639.807032492791,4306,697684,3
38842.00339692987,4307,697803,7
-2069.323351404817,4308,698016,6
-17886.30036630037,4309,698123,3
-12951.230035014865,4310,698203,3
41609.092790062045,4311,698282,7
7436.301123626976,4312,698360,4
-19495.24813829961,4313,698530,4
-32206.437598349374,4314,698809,5
70972.93321852725,4315,699002,11
20595.63492063492,4316,699033,5
47691.01160277631,4317,699098,7
24192.632572396862,4318,699192,5
18307.619047619046,4319,699228,5
-19030.753968253946,4320,699336,3
-1222.9997629948157,4321,699438,4
43375.74855699856,4322,699572,8
42635.88016607165,4323,699677,7
-2214.1720615985337,4324,699806,5
16697.641941391943,4325,699830,5
17506.567460317463,4326,699856,5
19215.687229437237,4327,699909,5
14732.50360750361,4328,699972,5
53724.90593341987,4329,700119,9
-19347.41997723492,4330,700577,8
15527.608225108224,4331,700649,5
7023.989274614276,4332,700696,4
33468.76262626262,4333,700781,7
46957.71790709292,4334,700836,7
69118.15539760787,4335,700957,9
74407.59588164317,4336,701071,9
2936.0457597957597,4337,701173,5
11588.510122918018,4338,701196,4
-3633.5122557181317,4339,701384,5
39042.10503840097,4340,701492,7
17343.40455017119,4341,701572,5
5957.245532245534,4342,701631,4
38437.601010101,4343,701694,7
-9658.397746044804,4344,701848,5
19240.82090617501,4345,702142,7
90968.06666480233,4346,702259,11
116440.46873727409,4347,702514,14
-25967.03823953824,4348,702638,3
4206.213714046532,4349,702738,5
33684.509772137346,4350,702801,6
18149.63035330683,4351,702874,5
16431.329365079364,4352,702908,5
-27293.43840799724,4353,703126,5
5577.0670995671,4354,703244,5
36554.27628636413,4355,703354,7
-62101.034062249484,4356,703847,5
-32786.95332445333,4357,704068,5
1104.9649859943975,4358,704163,5
-2033.554778554775,4359,704344,6
18423.93466075548,4360,704419,5
-18825.16869824212,4361,704541,3
-4962.512626262627,4362,704654,5
20408.49206349206,4363,704676,5
32400.260830500767,4364,704734,6
23928.279081599514,4365,704786,5
37574.93764405531,4366,704847,6
20480.558293830356,4367,704909,5
10007.901763269409,4368,705033,5
4563.919642449042,4369,705283,6
-15466.548445749302,4370,705497,5
20309.87172270454,4371,705533,5
2306.1894851794227,4372,705623,4
4087.2492784992805,4373,705725,5
-1009.2261904761895,4374,705892,6
20523.50381966675,4375,706028,6
68134.6111404935,4376,706120,9
32127.398157398155,4377,706184,6
16511.493506493505,4378,706245,5
10532.550505050505,4379,706323,5
-17430.714285714286,4380,706391,3
-14418.042929292948,4381,706536,5
-42348.92815517816,4382,706845,5
37387.75381481264,4383,706934,7
37049.07983470442,4384,706980,6
16565.236152736154,4385,707119,6
20115.304834054834,4386,707202,6
4825.8134920634975,4387,707291,5
13283.980047730045,4388,707368,5
15177.167966837082,4389,707508,6
25109.107142857145,4390,707568,6
8679.730397741234,4391,707622,4
75220.39287101787,4392,707739,10
22613.981223025345,4393,707774,5
101653.411049305,4394,708006,13
-25735.756193840545,4395,708229,5
19601.580231064014,4396,708294,5
-29289.064397239563,4397,708628,6
16122.216810966811,4398,708671,5
28313.620866043348,4399,708783,6
32457.26715821868,4400,708893,6
28912.537593984962,4401,708916,6
28053.76558490529,4402,708987,6
45.35714285714289,4403,708999,3
14908.996893784264,4404,709079,5
-14422.523046698752,4405,709266,5
150580.58930300156,4406,709481,16
9056.149403571999,4407,709691,6
6555.351282704222,4408,709988,7
-23399.484038754803,4409,710407,7
-34784.52942890439,4410,710813,5
15174.176591382471,4411,710881,5
31996.153454756673,4412,710962,6
15607.193362193357,4413,711020,5
51394.55538742303,4414,711206,9
14856.721434310453,4415,711351,6
-4432.83411033411,4416,711384,3
-10178.72391411478,4417,711499,4
-22569.06746031744,4418,711790,6
48184.68229912502,4419,711864,7
58898.23635106723,4420,711938,8
6642.333822870341,4421,712320,8
22183.19264069264,4422,712332,5
32204.78237040737,4423,712369,6
54016.30276994248,4424,712450,8
20548.982961202808,4425,712513,5
9749.521997647595,4426,712837,9
68554.21975040782,4427,713033,10
52903.87987012988,4428,713117,8
-35482.74334675059,4429,713472,4
-9121.612269309624,4430,713721,5
13969.911802593695,4431,713764,5
11469.208152958154,4432,713865,5
-1238.333333333334,4433,713971,5
15669.722222222224,4434,714007,5
6093.571012321012,4435,714114,5
-36282.923019318165,4436,714426,5
-10423.910648175352,4437,714648,5
-29400.1406926407,4438,714758,3
-29350.41146246255,4439,715050,5
-2057.7777777777774,4440,715070,3
5476.379731379738,4441,715176,5
-27167.512538808413,4442,715443,4
-22153.87031269384,4443,715551,3
43405.47398679751,4444,715598,7
58410.11980773783,4445,715792,9
-25452.415848040837,4446,716062,6
-2279.5275443660253,4447,716293,5
1994.8480685980685,4448,716405,5
-4653.392857142857,4449,716431,3
-7.515809354045643,4450,716542,5
17348.61111111111,4451,716553,5
20963.73556998557,4452,716642,6
24738.355508870212,4453,716740,6
-47570.972096743855,4454,717011,5
17382.904942279943,4455,717060,5
2643.100264944223,4456,717211,5
12498.004634254636,4457,717274,5
-5008.214285714286,4458,717299,3
31983.097180597175,4459,717351,6
23763.301282051285,4460,717395,5
2464.1751304251266,4461,717553,6
31754.429112554117,4462,717650,7
55906.00360681631,4463,717726,8
20090.53182928183,4464,717768,5
-4655.863311954652,4465,718032,5
34222.9781813044,4466,718174,7
46995.343931739066,4467,718276,8
18049.339826839827,4468,718329,5
19938.05194805195,4469,718354,5
45281.1102786103,4470,718425,7
43653.159063159066,4471,718486,7
-9432.690603805488,4472,718754,5
-29399.811299811303,4473,719022,5
41066.86424686425,4474,719083,7
42423.716977467,4475,719169,7
2495.998168498174,4476,719335,6
40811.99165683966,4477,719437,7
6988.219814026701,4478,719549,5
2183.828764021753,4479,719726,5
5442.837995337995,4480,719820,5
13083.429779994758,4481,719944,5
9728.554715699038,4482,720008,4
13995.515873015876,4483,720044,5
-23806.88785071139,4484,720254,5
18083.92857142857,4485,720279,5
37977.29617604618,4486,720340,7
28949.953846033583,4487,720472,7
19546.827878004347,4488,720529,5
-10962.757716140068,4489,720779,5
-14078.66382735771,4490,720876,3
-2130.9676215597246,4491,721022,5
22577.156870906874,4492,721108,6
56051.91728077563,4493,721177,8
110292.10954121556,4494,721351,13
96736.87368598256,4495,721471,12
-42331.662234179574,4496,721779,5
-45029.60016656031,4497,722194,7
15142.608502608504,4498,722248,5
-14905.775543900545,4499,722414,5
38323.49633209927,4500,722506,7
1176.7747341238032,4501,722613,4
2721.109446109444,4502,722735,5
-31193.114108114107,4503,722840,3
-10590.720545794076,4504,722917,3
-1223.0413867178688,4505,723141,5
-14134.14862914863,4506,723201,3
-14157.041378188154,4507,723365,5
19363.571428571428,4508,723399,5
40981.031746031746,4509,723457,7
4418.329811528343,4510,723597,5
6735.793243097221,4511,723819,7
65488.33888333888,4512,724005,10
-4877.985209235213,4513,724197,6
53895.56474115278,4514,724270,8
-18331.06420239547,4515,724404,3
-3161.7204304123807,4516,724428,3
272.33632208864435,4517,724565,4
-22021.16408012052,4518,724910,6
17921.38888888889,4519,724949,5
35419.75917872977,4520,725075,7
43159.510736109936,4521,725271,8
57439.26224510784,4522,725322,8
24112.65331890332,4523,725348,5
69877.35932776368,4524,725458,9
-14107.700216450217,4525,725801,6
4596.747648038537,4526,726085,7
59439.940198690194,4527,726268,10
-9805.613483738485,4528,726427,4
10261.735209235208,4529,726445,4
-17624.78798978799,4530,726568,3
-10462.005074174194,4531,726626,3
-13586.201923076922,4532,726697,3
-32726.427901733634,4533,727083,5
-3628.7786478227654,4534,727094,3
-17715.111359611874,4535,727406,5
14365.683502917416,4536,727553,6
-7527.332094719861,4537,727672,4
-13323.446285181966,4538,727772,3
-6456.530915979445,4539,727816,3
14323.574746332099,4540,727888,5
4350.852480852482,4541,728011,5
-14868.02175765411,4542,728101,3
-16268.540442615518,4543,728418,6
17278.273254523254,4544,728461,5
20999.429598179602,4545,728501,5
77736.44198680576,4546,728629,10
22083.634339516695,4547,728673,5
30470.08243906076,4548,728746,6
21983.353174603177,4549,728772,5
-12271.782199746003,4550,728893,3
-2034.6672934908227,4551,728908,3
6787.180735930736,4552,728931,4
74963.82092902798,4553,729226,12
12369.335321541204,4554,729255,4
22024.6756021756,4555,729278,5
13840.776857945973,4556,729344,5
32961.06584591878,4557,729496,7
29685.32266675348,4558,729592,6
70047.58265641607,4559,729802,10
33762.456792004006,4560,729866,6
56713.83463758463,4561,729944,8
25261.894633144635,4562,729990,5
3231.1885336885334,4563,730090,5
15787.995652223588,4564,730167,5
21515.56747053181,4565,730320,6
-3316.2666976985956,4566,730548,5
20429.330114330114,4567,730662,6
22733.196324929988,4568,730718,5
8939.241591741591,4569,730735,4
-9791.49533473063,4570,730896,4
-12081.307788573657,4571,731091,5
33646.67453547484,4572,731232,7
6248.609307359307,4573,731311,5
18567.84951159951,4574,731414,6
61899.36501815179,4575,731558,9
4828.870859532628,4576,731768,7
-5957.878409430267,4577,732006,5
26317.190639793862,4578,732077,6
39540.51948051948,4579,732218,8
61440.115969398015,4580,732342,9
31980.527805527803,4581,732370,6
-3899.9272671922286,4582,733054,11
15090.399253524252,4583,733125,5
-13438.572444665588,4584,733226,3
28733.21192696193,4585,733304,6
-40668.98245627485,4586,733669,4
-26573.35438445993,4587,733864,3
13497.196790455466,4588,733980,5
-193.66903628707212,4589,734223,5
12038.643628015765,4590,734452,6
16759.529340198846,4591,734564,6
-189.18546365914804,4592,734675,5
13554.775779775779,4593,734746,5
15122.16377834412,4594,734803,5
-12117.925556626558,4595,734982,5
3127.7856757965073,4596,735101,5
-16896.507936507933,4597,735168,3
28802.341547341548,4598,735229,6
-3051.428571428572,4599,735354,5
-7803.928571428575,4600,735458,5
3722.47002997003,4601,735562,5
17434.03110778111,4602,735609,5
98471.98124929616,4603,736031,14
11181.882068739655,4604,736119,5
21991.020923520922,4605,736155,5
9446.011904761906,4606,736237,5
26946.179715322527,4607,736409,7
7088.69299798032,4608,736533,5
29056.454101454106,4609,736590,6
4804.40046065046,4610,736694,5
-73682.93094477316,4611,737174,5
-63035.39916395928,4612,737761,6
763.002744327956,4613,737961,5
-3665.4345654345652,4614,737978,3
-19278.769841269834,4615,738177,5
11711.551795193342,4616,738360,5
21974.173881673883,4617,738382,5
3126.4484126984125,4618,738480,5
-8696.901015651023,4619,738641,5
20625.801050944243,4620,738759,6
-9904.584308665188,4621,739245,10
8256.475975005393,4622,739289,4
23540.259896864925,4623,739342,5
-26343.13030214538,4624,739635,5
67595.81745138249,4625,739963,13
11399.200937950938,4626,739979,4
38294.14703760291,4627,740078,7
66714.07576900227,4628,740183,9
7305.7128982129,4629,740320,6
-1633.356408579068,4630,740446,4
-1494.5018992912378,4631,740603,5
14984.761904761906,4632,740648,5
-8281.7302183111,4633,740829,5
33401.00427350427,4634,740866,6
-16244.313561825178,4635,741097,4
-115592.76945019193,4636,741728,4
-26829.748421083572,4637,742088,4
-2868.836302586303,4638,742112,3
-19882.95591169237,4639,742260,3
-36293.72601598609,4640,742533,5
-8223.98088023088,4641,742570,3
13101.904761904763,4642,742610,5
9118.225385725387,4643,742776,6
6616.163292332025,4644,742891,5
13767.325418819233,4645,742981,5
-14726.66372950234,4646,743303,5
-3183.7599900099904,4647,743319,3
19505.064935064936,4648,743341,5
18107.351770176847,4649,743419,5
56931.90295815294,4650,743518,9
33057.85581807253,4651,743567,6
56285.80928875046,4652,743643,8
43901.38580373874,4653,743707,7
22835.238095238095,4654,743729,5
19946.722689075632,4655,743743,5
24489.360293344438,4656,744013,8
15756.60399328743,4657,744110,5
28600.260518261606,4658,744326,8
40665.999417249426,4659,744418,7
24622.525450555633,4660,744493,6
20760.14658436679,4661,744551,5
26844.170090334308,4662,744833,8
3328.7281439227563,4663,745012,5
18109.88442113442,4664,745116,6
34810.69291819293,4665,745279,8
6360.741319691211,4666,745530,6
37832.62643574175,4667,745797,8
33240.12175324674,4668,745824,6
20781.845238095237,4669,745838,5
43186.06456043956,4670,745974,8
22192.90408937468,4671,746033,5
12848.471667221671,4672,746105,5
-8439.80408725448,4673,746305,4
6000.488955440383,4674,746549,6
21578.924775989406,4675,746597,5
19245.98721326983,4676,746692,6
36720.5481405849,4677,746733,6
-22226.35478255837,4678,747084,6
-26080.823034035115,4679,747219,3
22379.54129204129,4680,747490,9
-7405.304625929625,4681,747615,4
-13313.781319299902,4682,747801,4
-7809.844669219673,4683,747858,3
-6389.575424575425,4684,747899,3
-7597.389069264069,4685,747958,3
-10208.39405692347,4686,748032,3
-8668.606849806542,4687,748094,3
31860.778110778116,4688,748139,6
-10999.761904761908,4689,748277,5
-39820.9831834832,4690,748540,5
-34413.09491162432,4691,748798,5
-41743.69047619047,4692,749056,5
17267.559523809527,4693,749097,5
28955.884532134532,4694,749155,6
20754.570845820846,4695,749198,5
22610.71885245967,4696,749466,7
-3858.0402930402934,4697,749480,3
-6865.97445597058,4698,749542,3
-5800.667265740795,4699,749587,3
74934.33821991185,4700,749840,10
-18811.414787398833,4701,750206,7
-5053.273809523807,4702,750347,5
6331.066449889978,4703,750386,4
45130.62793888261,4704,750559,8
-2560.0329379083196,4705,750688,5
19048.600982350985,4706,750727,5
-11737.373476197008,4707,750795,3
-6750.771737722202,4708,750843,3
-12123.930138227488,4709,750947,3
-2540.454198579199,4710,751076,4
-6663.225663225663,4711,751224,5
44820.38585855151,4712,751364,8
38745.56262365084,4713,751508,8
-24883.777554145207,4714,751731,4
-16064.624558448093,4715,751891,4
1284.693778443775,4716,752036,5
6335.7804600799955,4717,752150,5
19774.76190068102,4718,752173,5
-10616.257006882008,4719,752244,3
9737.849927849924,4720,752334,5
22293.92773892774,4721,752366,5
26927.663863913862,4722,752433,6
40819.051855437305,4723,752531,7
17503.412698412696,4724,752582,5
86.64745793422264,4725,752696,5
-3113.183621933623,4726,752729,3
-26345.50574821524,4727,753012,5
-34832.857142857145,4728,753150,3
21243.913496634086,4729,753252,6
-20965.001721060165,4730,753456,4
-5940.776696908791,4731,753737,5
9547.742396492393,4732,753836,5
-4273.161976911975,4733,753942,5
107281.53229295088,4734,754189,14
-14436.18881118881,4735,754279,3
2785.176196025824,4736,754450,5
36032.10284040005,4737,754570,7
2312.4801587301586,4738,754674,5
-8785.297896547898,4739,754769,4
-15072.710141128657,4740,754988,4
23150.739079676758,4741,755282,8
54526.34281997672,4742,755387,8
17031.875901875905,4743,755438,5
-13254.69062241507,4744,755612,5
-3610.221028971029,4745,755643,3
-17937.13397229669,4746,755928,5
-17634.661767970585,4747,756213,5
-15404.444444444445,4748,756281,3
-5950.512034405239,4749,756591,7
13880.9126984127,4750,756662,5
-35088.11633076841,4751,756994,5
-886.3902110960939,4752,757024,3
-18472.08644704967,4753,757171,4
49462.59657009658,4754,757262,8
13995.832431457431,4755,757325,5
32411.89685314685,4756,757376,6
-166.4204586263442,4757,757735,9
22980.804750804753,4758,757763,5
2494.1643405614,4759,758005,7
9348.828816111427,4760,758076,5
17579.167189020132,4761,758192,6
-7052.650246210621,4762,758543,6
15645.982197559699,4763,758614,5
36440.578008592696,4764,758772,8
122163.11628086396,4765,759022,15
15713.092474475985,4766,759222,7
3318.5626220185036,4767,759265,4
17365.94887955182,4768,759296,5
27211.30425130425,4769,759360,6
21607.63680763681,4770,759389,5
21012.658730158728,4771,759402,5
28778.64364801865,4772,759530,7
-1397.619047619048,4773,759547,3
-1879.6406371406372,4774,759558,3
3753.511056796658,4775,759794,6
25800.924310443366,4776,759972,7
18583.393231247148,4777,759995,5
52018.86682246202,4778,760205,10
37195.1695369904,4779,760349,7
-3127.510891869078,4780,760602,7
327.2285858276541,4781,760717,4
-13874.174103526559,4782,760844,3
5892.600659144778,4783,760862,4
2667.051170363863,4784,760934,4
13514.833083583097,4785,761111,6
48873.298905686665,4786,761220,8
-3225.999000999001,4787,761237,3
27593.500800669914,4788,761392,7
-42271.6254308127,4789,761912,7
23555.77091681967,4790,762032,6
-6692.756132756134,4791,762082,3
27824.02597402597,4792,762111,6
-5586.604585215264,4793,762154,3
-4696.914196914197,4794,762180,3
-28958.40563438895,4795,762353,3
5398.583617179994,4796,762503,5
6742.917082917083,4797,762603,5
410.1147781527017,4798,762729,5
11967.777777777766,4799,762805,5
-12846.150432356932,4800,763000,4
-3346.3386613386615,4801,763011,3
-6114.631890278847,4802,763049,3
-46.40704233024371,4803,763303,5
-40191.07959034429,4804,763703,6
-6041.5584415584435,4805,763751,3
-2894.5939155014235,4806,763762,3
-3183.7599900099904,4807,763778,3
-7410.424096027816,4808,763864,3
-9909.45277697019,4809,764036,4
-6982.348541980895,4810,764078,3
-25612.137579912353,4811,764263,5
13132.156354137776,4812,764347,5
62444.11255411255,4813,764433,9
11765.714285714286,4814,764496,5
-1368.3928571428569,4815,764514,3
-11568.856421356424,4816,764563,3
-7355.635296076471,4817,764800,5
3578.738622488621,4818,764894,5
18512.663586413586,4819,764946,5
1268.5660173160197,4820,765128,6
-7887.912087912088,4821,765182,3
-21549.774531024526,4822,765376,5
-25626.5948033305,4823,765653,5
38299.35508935511,4824,766051,12
614.0835813410383,4825,766273,6
28932.07298936014,4826,766387,6
18308.45292521377,4827,766483,5
12732.110277493397,4828,766723,6
59883.13656974261,4829,766981,11
17978.437257187255,4830,767014,5
16383.767882873926,4831,767112,5
24697.376550178407,4832,767285,7
-32587.4184802126,4833,767528,3
-17350.43186968689,4834,767738,4
34095.18582767421,4835,767829,6
-8397.261904761906,4836,767994,5
19888.135651113593,4837,768041,5
-55504.583262652755,4838,768465,4
-1572.2600097177801,4839,768662,5
-1238.0821831807937,4840,768999,8
-8252.56132756133,4841,769131,5
-3126.0621155590197,4842,769142,3
43340.683718903674,4843,769237,7
-1488.6155511155512,4844,769250,3
63226.508491508495,4845,769326,9
13360.308441558442,4846,769395,5
19166.60714285714,4847,769422,5
23443.465861623758,4848,769446,5
662.5684038184047,4849,769547,5
30316.338579291365,4850,769610,6
22609.219391719384,4851,769714,6
-9800.064796314797,4852,769892,5
10777.12460398219,4853,770124,6
9243.623737373719,4854,770378,8
-465.76964701964727,4855,770451,4
30927.149325347855,4856,770687,8
-6846.7539373774325,4857,770900,5
-18172.26619200484,4858,771148,5
-15699.1148142326,4859,771264,3
-26657.352938804517,4860,771675,7
-303.3874458874343,4861,771884,7
23472.913216011042,4862,771916,5
33731.92976549593,4863,772000,6
42839.204545454544,4864,772043,7
-5665.304861332338,4865,772247,5
4598.479437229436,4866,772294,4
18512.917741988655,4867,772361,5
-10935.044122544121,4868,772419,3
-12979.834123133338,4869,772547,3
-2234.5164503968745,4870,772846,6
21546.28538128538,4871,772893,5
5591.010101010104,4872,773000,5
2430.6900723115987,4873,773172,5
17630.351731601728,4874,773230,5
-2091.277611277612,4875,773373,5
49458.86006795064,4876,773541,8
-6512.47559586956,4877,773683,5
29702.122322122323,4878,773778,7
44976.59287350077,4879,773818,7
74077.51280109638,4880,773905,10
20603.323117958673,4881,774180,7
17913.783960222983,4882,774287,5
16723.04473304473,4883,774347,5
9163.452593158472,4884,774425,5
21884.709546988957,4885,774464,5
11028.968670218668,4886,774480,4
20691.45063270063,4887,774521,5
33580.76934324108,4888,774743,7
-4328.869047619048,4889,774765,3
-3489.222967435042,4890,774809,3
5861.305916305916,4891,774842,4
15716.593763348792,4892,774920,5
-41991.32478632475,4893,775216,4
-2508.5720212711576,4894,775417,5
-25951.666179752472,4895,775609,3
-12824.360814838758,4896,775708,3
10622.797619047618,4897,775819,6
20559.098124098124,4898,775840,5
-15639.656538608784,4899,776007,4
31446.718003788435,4900,776149,7
75364.71754423768,4901,776430,12
62905.0281606938,4902,776543,9
30553.890692640696,4903,776606,6
62950.52730765966,4904,776710,9
4714.985838035377,4905,776923,6
18624.063852813855,4906,777022,6
43992.07901618505,4907,777222,9
51291.612369828305,4908,777296,8
25768.99840549028,4909,777369,6
19292.44644244644,4910,777424,5
19278.71147730988,4911,777457,5
-10786.536796536797,4912,777518,3
-9602.837875274021,4913,777588,3
11309.496753246745,4914,777656,5
-23468.552074975938,4915,777826,4
-9778.911506020639,4916,777908,3
6885.264970275235,4917,778101,5
-6908.874458874457,4918,778149,3
2090.1736344151263,4919,778376,6
16020.902430902433,4920,778420,5
35054.891774891774,4921,778533,7
-6520.900072150072,4922,778566,3
-7614.766715967014,4923,778640,3
-8643.111751509588,4924,778797,4
13743.174603174604,4925,778842,5
-25282.74711399709,4926,779093,5
21824.184842934843,4927,779140,5
17489.171245421247,4928,779196,5
6042.397405086278,4929,779314,4
-11387.469743878417,4930,779476,4
-12921.833925878047,4931,779664,5
31162.791540674665,4932,779793,7
4894.805037568736,4933,779866,4
-22807.90742397249,4934,780152,6
3498.188261356139,4935,780331,5
-26143.511835769677,4936,780746,8
6566.00997650291,4937,780814,4
-15974.777999778002,4938,780899,3
11572.4987233269,4939,781128,6
-19800.442612942596,4940,781295,3
-23171.565338461973,4941,781496,3
-40610.66073331552,4942,781721,4
5304.142444457847,4943,781769,4
-22330.719824551088,4944,782074,5
20774.758827773534,4945,782124,5
-5834.41107911696,4946,782245,4
-645.2105402337589,4947,782417,5
11011.607142857143,4948,782469,5
15602.135597927587,4949,782663,6
17328.465743707624,4950,782739,5
2790.535714285715,4951,782896,6
7460.849969174274,4952,782922,4
-4384.632034632034,4953,782932,3
9868.843306461345,4954,783140,6
17326.071428571428,4955,783222,6
13665.389610389604,4956,783316,6
12711.979349601508,4957,783452,6
-16059.123376623374,4958,783584,4
-16136.530414030418,4959,783660,3
-2435.6962481962482,4960,783671,3
49632.55605873539,4961,783896,9
60649.251859251875,4962,784087,10
33726.00267787768,4963,784219,7
21536.063494786576,4964,784285,5
18934.14861776511,4965,784373,5
23441.759855379936,4966,784512,6
-5599.13125417231,4967,784548,3
-18742.08073380867,4968,784744,3
31558.54641123411,4969,784823,6
38137.72145209452,4970,784931,7
24072.19794094794,4971,785014,6
6764.199134199134,4972,785048,4
19057.777777777774,4973,785098,5
37221.00912975913,4974,785195,7
11693.160311910315,4975,785259,5
-20340.41333666334,4976,785472,5
-37895.54612054614,4977,785733,5
73617.65043371663,4978,785927,10
30823.931832056835,4979,785995,6
-4068.3066933066925,4980,786058,4
10136.810966810966,4981,786141,5
-30662.272762926783,4982,786435,5
77775.19827394829,4983,786627,11
9737.593517593517,4984,786712,5
9313.294520022462,4985,786793,5
34033.318336071956,4986,786957,7
-605.8347418835046,4987,787076,4
14220.663885907696,4988,787202,5
28685.923725826982,4989,787350,6
9503.499780448308,4990,787514,6
35642.423786868436,4991,787557,6
26917.023809523813,4992,787613,6
30147.597361788525,4993,787718,6
-18432.520812520816,4994,787822,3
-3346.3386613386615,4995,787833,3
-1318.888888888889,4996,787847,3
21395.51532188142,4997,787962,6
8033.861200074434,4998,788073,5
19086.549422799424,4999,788211,7
22073.222734867475,5000,788232,5
85585.9778071665,5001,788368,10
-35994.06204906206,5002,788519,3
-8574.10409443498,5003,788664,5
20168.580001010334,5004,788764,6
34929.13655664453,5005,788845,6
13950.173160173163,5006,788942,6
71786.43453768453,5007,789018,9
34340.24437572232,5008,789082,6
20698.64177489177,5009,789119,5
10233.333333333334,5010,789180,5
-17026.031550149204,5011,789396,5
4523.960742130248,5012,789450,4
1787.1177327275573,5013,789544,4
-8567.30486195771,5014,789705,5
50360.68729387228,5015,789796,8
-14045.63214563215,5016,789866,3
16844.353563103567,5017,789933,5
-3271.0153022072527,5018,789960,3
-6693.29611478993,5019,790262,6
5104.087301587302,5020,790368,5
37773.74998644062,5021,790611,9
1134.8301021490813,5022,790788,5
-6119.9496455127255,5023,790843,3
-3539.526967700342,5024,790876,3
4316.617636319651,5025,791056,5
20875.900072150074,5026,791090,5
14023.751803751802,5027,791159,5
-2605.54212106263,5028,791335,5
18629.895866287658,5029,791408,5
-19648.57407298584,5030,791526,3
7149.226403111855,5031,791819,8
22220.01984126984,5032,791852,5
34369.86041736042,5033,791887,6
4329.346946707295,5034,792043,5
7216.206355349156,5035,792302,6
133.66781310813303,5036,792372,4
20201.622069880585,5037,792506,6
23795.128433657846,5038,792532,5
76030.98695422223,5039,792665,10
-7789.08836261777,5040,792822,5
2396.7195659088075,5041,792901,4
45880.411914628494,5042,793066,8
20160.476190476184,5043,793102,5
22099.4246031746,5044,793129,5
40305.74641453316,5045,793244,7
12899.642546995487,5046,793320,5
33066.68401043401,5047,793365,6
51321.80620076519,5048,793496,8
45152.929923457064,5049,793606,7
13430.482243719462,5050,793741,6
8986.611677795889,5051,793874,5
18700.025954437722,5052,793956,5
31481.062826062825,5053,794017,6
82232.69841269842,5054,794232,12
53772.72844501561,5055,794411,9
-3743.82215007215,5056,794430,3
3776.376556450098,5057,794648,5
-5976.952214452214,5058,794677,3
1893.0101516130935,5059,794788,5
34254.78324115646,5060,794995,8
14553.383543103224,5061,795207,6
-824.695165945164,5062,795287,4
77081.09876234879,5063,795375,10
24980.505605505605,5064,795426,5
-4016.2500000000023,5065,795553,5
18676.243293357296,5066,795639,5
6641.135824611957,5067,795831,5
8368.036893661889,5068,795936,5
3046.6237922667915,5069,796337,7
-3476.155629501214,5070,796454,5
21344.924808593532,5071,796780,9
1262.9851899364432,5072,796892,4
19704.428210678212,5073,796912,5
18824.154734154734,5074,796964,5
15473.926767676769,5075,797019,5
30492.391478776306,5076,797133,6
-27205.729281038868,5077,797368,3
-2212.857142857143,5078,797379,3
35238.36626307991,5079,797621,8
7878.728983434866,5080,797716,5
24184.832340861754,5081,797837,6
23079.42983358231,5082,797948,6
5449.860841772607,5083,798034,5
-7764.188866688864,5084,798223,5
43590.991369741365,5085,798341,8
15212.917696553537,5086,798545,7
-8768.891083453273,5087,798614,3
26407.295394663815,5088,798723,6
6889.047619047618,5089,798804,5
13474.464285714286,5090,798842,5
-348.90482493156435,5091,799355,9
21881.683055506583,5092,799501,7
24561.388189553825,5093,799542,5
13050.734032077837,5094,799625,5
59074.16374955752,5095,799877,10
-52199.364689094145,5096,800311,5
28916.72596194655,5097,800383,6
-930.9000721500815,5098,800540,6
5116.580849705851,5099,800580,4
-19412.844552099163,5100,800831,4
-1230.2089456810827,5101,801040,5
1792.783466533466,5102,801134,5
67806.5731937481,5103,801383,11
-10995.067806935063,5104,801571,5
-9248.263403263403,5105,801659,4
18873.745361750392,5106,801727,5
15732.084699356374,5107,801815,5
-27874.134901457568,5108,802113,6
-3811.123737373741,5109,802243,5
-70341.96060475471,5110,802714,5
19526.666666666668,5111,802727,5
10089.083956119559,5112,802833,5
19693.14393939394,5113,802873,5
22775.546606171607,5114,802913,5
71019.64979464978,5115,802992,9
24331.46561062776,5116,803024,5
13162.1780996781,5117,803046,4
23479.861075742807,5118,803077,5
-23357.7557817999,5119,803239,3
-25480.663156288185,5120,803485,5
33222.21394618453,5121,803541,6
6109.094382569614,5122,803650,5
21564.551837051837,5123,803705,5
24152.96589848061,5124,803734,5
57203.43795093794,5125,803789,8
53591.3569851631,5126,803855,8
62509.61062948975,5127,804373,13
53094.523809523824,5128,804500,9
-2958.3375009922997,5129,804511,3
-11841.841524059018,5130,804670,5
-11758.648633681489,5131,804937,5
49437.108660039186,5132,805121,8
7538.332648603546,5133,805185,4
6735.653803540808,5134,805534,9
56958.81401278461,5135,805619,8
-3219.2304917304987,5136,805858,6
-20263.035714285714,5137,805947,3
32156.9715007215,5138,805993,6
3298.7805669133113,5139,806191,5
128.76856953676088,5140,806323,4
-27682.400875473984,5141,806566,3
-6723.587662337662,5142,806611,3
-3250.916305916306,5143,806633,3
-6348.041264291265,5144,806674,3
23176.925892305146,5145,806726,5
16460.714285714286,5146,806762,5
24837.713952713948,5147,806878,6
32663.735014985014,5148,806950,6
26207.057600766966,5149,807045,6
-913.6363636363637,5150,807056,3
14566.823382156203,5151,807131,5
20747.505688755686,5152,807188,5
51636.48906605949,5153,807318,8
21806.86854811855,5154,807448,7
9680.760125889436,5155,807520,5
19813.639191046306,5156,807647,6
76727.46403514784,5157,807875,11
60883.82589525198,5158,808004,9
-28113.283245607174,5159,808355,5
17997.551615051616,5160,808433,5
19582.85145410145,5161,808484,5
51571.523615273625,5162,808591,8
-2478.1668331668325,5163,808668,4
7254.234932594065,5164,808793,5
16361.244171635037,5165,808878,5
-15580.073710689034,5166,809040,4
-7546.738791095537,5167,809244,5
1608.077151868039,5168,809364,4
-3791.3182371464104,5169,809384,3
-5372.447552447552,5170,809416,3
1186.583694083693,5171,809490,4
33177.44381435558,5172,809558,6
-13364.549531733877,5173,809637,3
-13343.36038961039,5174,809696,3
-29170.50505050505,5175,809805,3
16513.47619528735,5176,809898,5
20930.297831253716,5177,809942,5
6606.110523033902,5178,810110,6
-25428.340036941034,5179,810298,4
-21014.713408366653,5180,810434,3
27441.375029124632,5181,810716,8
-43760.987484737496,5182,811053,5
16929.458700458097,5183,811248,7
15885.289109232112,5184,811338,5
-90893.41138416169,5185,811972,5
-14993.016263921834,5186,812110,3
-6721.745754245754,5187,812155,3
34738.66822719764,5188,812280,7
16083.744588744588,5189,812313,5
15807.544824268767,5190,812455,5
-13400.26214390185,5191,812649,5
-19268.896520146547,5192,812883,6
33002.243104118104,5193,812931,6
9802.6554001554,5194,813026,5
21342.32503607503,5195,813065,5
-1790.241845572731,5196,813200,5
2397.3545193813297,5197,813497,6
8839.809028046255,5198,813679,6
21301.53846153846,5199,813687,5
23466.884920634922,5200,813708,5
28092.29596792096,5201,813810,6
20065.479797979806,5202,813857,5
32856.25,5203,813877,6
25048.019097444718,5204,813976,6
23998.851818116516,5205,814064,6
-3753.9127667810876,5206,814182,4
27456.369047619046,5207,814358,7
22800.35159757685,5208,814475,6
21244.761904761905,5209,814489,5
17811.587301587304,5210,814518,5
19988.00651146239,5211,814585,5
10384.413160369042,5212,814651,5
1388.4820925978056,5213,814862,5
16073.623806748808,5214,814909,5
6764.309937353671,5215,815032,5
17814.96509617833,5216,815106,5
32321.066156066147,5217,815180,6
-9134.854034854035,5218,815224,3
-13104.502142164683,5219,815413,5
772.128288378274,5220,815660,6
-40940.15151515152,5221,815858,3
-10565.726356976364,5222,815939,3
-10886.381391011808,5223,816029,3
-31348.745987199945,5224,816312,5
-212.23665223665284,5225,816375,4
-28043.75532102766,5226,816599,4
-12151.258224060084,5227,816676,3
-4642.5,5228,816689,3
29436.43040782747,5229,816815,7
34976.637186343076,5230,816869,6
33351.7178775331,5231,816894,6
47640.60728487201,5232,817152,11
16216.839826839827,5233,817192,5
-27045.828209673025,5234,817545,4
33779.165192996545,5235,817734,7
17162.014721389718,5236,817784,5
18060.107461982458,5237,817849,5
28419.713342213345,5238,817909,6
4595.358114108116,5239,818033,6
15210.834109392803,5240,818311,7
21040.489416629123,5241,818347,5
64849.20732045731,5242,818421,9
46849.67938107644,5243,818477,7
46237.658730158735,5244,818518,7
33384.45679320679,5245,818603,7
992.5693695410373,5246,818692,4
-20813.213952444385,5247,818885,3
-10740.159791189202,5248,818948,3
13353.698827617172,5249,819045,5
5891.080447330448,5250,819162,5
9278.463339421158,5251,819222,5
17841.60714285714,5252,819252,5
-388.70934620934634,5253,819263,3
4510.853660228664,5254,819418,5
18050.426864801866,5255,819471,5
46070.97871374525,5256,819572,7
19018.271975702326,5257,819765,7
24816.08877233877,5258,819861,6
33564.29209679209,5259,819901,6
32299.418800154104,5260,820020,7
3969.305555555555,5261,820112,5
23028.133255633256,5262,820149,5
417.3160173160172,5263,820164,3
24575.401910181325,5264,820273,6
-9544.08269018563,5265,820328,3
14601.368277834996,5266,820388,5
-5325.599607435907,5267,820416,3
19718.246010525425,5268,820462,5
40157.425605440316,5269,820701,9
17526.814540597297,5270,820772,5
5677.548840048841,5271,821029,7
-6962.251139383493,5272,821139,4
31073.2545612712,5273,821198,6
-9066.061205306556,5274,821537,6
13982.48600771433,5275,821634,5
13183.659280176322,5276,821864,7
65061.52563939328,5277,821972,9
41123.50806056688,5278,822050,7
10867.656510156508,5279,822135,5
19183.627247447806,5280,822328,7
15209.563210028482,5281,822395,5
21084.188658162107,5282,822543,7
-47.47850631853953,5283,822729,5
2588.279220779221,5284,822818,5
2408.1507785300323,5285,822907,4
-45729.31221556221,5286,823292,5
6648.55519480519,5287,823409,5
27992.5,5288,823435,6
-16548.00508035996,5289,823703,6
-6606.456831632495,5290,823751,3
-5175.50505050505,5291,823782,3
103448.75416529636,5292,824095,14
-7303.7894760505615,5293,824212,4
-3670.8025308025312,5294,824229,3
11692.172688422692,5295,824336,5
21190.035413932474,5296,824391,5
-4424.641063239344,5297,824414,3
-3948.095238095238,5298,824423,3
4571.483155449267,5299,824521,4
14556.216902937103,5300,824825,7
19567.314421689425,5301,825062,8
-20695.811433284613,5302,825351,5
23591.16623658419,5303,825822,10
22198.120477664997,5304,826055,7
44314.2653714964,5305,826312,10
7640.928296419781,5306,826414,5
-4385.114769990931,5307,826438,3
-2574.1561216561227,5308,826557,4
-2792.946432652315,5309,826589,3
28226.920440670445,5310,826682,6
41300.79529990133,5311,826821,7
29609.45006790593,5312,826968,7
-6628.913431769492,5313,827227,6
8514.900793650793,5314,827308,5
13658.374125874128,5315,827402,6
19527.271407510318,5316,827555,6
-24750.17829800918,5317,827753,4
15606.312437562436,5318,827816,5
-4271.068034777401,5319,827950,5
43699.21785988349,5320,828097,9
19573.2390077243,5321,828258,6
-11371.61616161616,5322,828325,3
-14319.106449106446,5323,828414,3
-18813.989321651858,5324,828531,3
9353.660376205284,5325,828934,8
21986.92222401782,5326,829042,6
-12179.072459543413,5327,829242,4
-31869.7002075862,5328,829528,5
36352.80950258891,5329,829617,7
1302.4198024198047,5330,829724,5
-17609.328988005458,5331,829836,3
-33119.47082587177,5332,830172,5
4975.789502465197,5333,830367,5
14152.67649017649,5334,830450,5
15841.62003716957,5335,830547,5
-12762.487373737371,5336,830711,5
40320.5013042513,5337,830810,7
-6557.810338582314,5338,830877,3
-7400.817494553949,5339,831032,4
-20510.0475912976,5340,831269,5
-5795.515873015862,5341,831472,6
4015.1709702406315,5342,831645,5
20063.08823529412,5343,831709,6
10009.519189960363,5344,831776,5
91268.22896122627,5345,832022,12
5402.255926692859,5346,832222,5
-4562.91807234447,5347,832454,5
20856.426628926627,5348,832486,5
49349.896719011784,5349,832757,10
4183.604793898914,5350,832863,5
2573.1608669108678,5351,832918,4
17926.30575178175,5352,832999,5
30987.34151469445,5353,833083,6
80123.49789099785,5354,833183,10
36630.71324508825,5355,833234,6
32775.03760128761,5356,833281,6
28495.393451362877,5357,833530,8
69853.31991786277,5358,833613,9
35770.59126464724,5359,833692,6
11959.259255330899,5360,833970,8
49525.93503954766,5361,834237,9
43527.32327464492,5362,834323,7
40400.2417027417,5363,834393,7
317.85351397604006,5364,834464,4
14502.334817959816,5365,834529,5
28248.471427093704,5366,834640,6
-3120.535714285714,5367,834658,3
1605.122655122658,5368,834760,5
-16070.167913647352,5369,835055,5
-26848.72870593456,5370,835372,6
32177.321428571428,5371,835402,6
6578.515928515924,5372,835518,5
-65224.32417577383,5373,835966,4
24835.725108225117,5374,836039,6
2699.933261183262,5375,836194,6
34111.502974150026,5376,836378,7
-15185.213589515057,5377,836627,5
-6858.650793650793,5378,836665,3
15770.941902739507,5379,836760,5
33684.79950604951,5380,836802,6
-19968.96943317945,5381,837021,4
-7969.985028354057,5382,837096,3
-6533.711405983077,5383,837149,3
18236.418600728553,5384,837251,5
3130.200478915649,5385,837357,5
5651.898159030514,5386,837475,5
-4955.771670661193,5387,837697,4
32298.36070769354,5388,837885,7
97646.44489308793,5389,838116,12
-3301.3672262549967,5390,838251,5
-13436.561419961192,5391,838527,5
81.11111111111109,5392,838539,3
8661.807022312069,5393,838719,6
6340.773094724334,5394,838833,5
-45263.86919716567,5395,839207,6
69971.83386058385,5396,839380,11
2940.937796508615,5397,839503,5
18437.581453634084,5398,839528,5
15350.894407879703,5399,839586,5
18719.58940717154,5400,839829,7
35810.31852542883,5401,840051,8
35014.65548340548,5402,840110,7
22479.285714285717,5403,840177,6
-416.39069264069343,5404,840316,5
18608.533181859417,5405,840416,5
-3351.0586796487496,5406,840576,4
4291.647702619312,5407,840771,5
-14420.279369323482,5408,840878,4
24816.540011332127,5409,840927,5
72660.46620046622,5410,841062,10
-12264.191572316573,5411,841217,4
4284.567697800776,5412,841504,6
14262.653318903313,5413,841562,5
21219.280335677387,5414,841661,6
-16706.06853930383,5415,841892,4
-16129.124209124206,5416,841996,3
-9498.745605314876,5417,842144,4
29762.449291047116,5418,842196,6
-3273.282828282826,5419,842384,6
103.44164263668824,5420,842496,4
-23663.168789844483,5421,842588,3
13002.654719329072,5422,842679,5
-10151.246323121322,5423,842746,3
12486.696081696082,5424,842819,5
23098.172105672103,5425,842843,5
-3771.702741702738,5426,843041,6
21527.803793428793,5427,843185,6
32046.51322193758,5428,843285,7
15092.531569737457,5429,843485,7
43295.414748005685,5430,843666,9
17806.097236097234,5431,843713,5
41242.61938334246,5432,844171,12
82285.74286824289,5433,844318,11
19726.59035409036,5434,844361,5
-9151.988994895188,5435,844841,7
-4487.537478216658,5436,844869,3
3470.03834400893,5437,845011,5
46017.316017316,5438,845126,8
-355.4950604950608,5439,845138,3
8947.033522033524,5440,845175,4
43799.777224409576,5441,845258,7
-22229.651422923474,5442,845483,5
2987.5680528621697,5443,845633,5
5870.093795093799,5444,845713,5
79686.84951486424,5445,845858,11
23771.04068467652,5446,845946,6
13155.970418470417,5447,846000,5
11720.728021978022,5448,846069,5
2598.303191065676,5449,846150,4
-7737.8067847185475,5450,846314,5
20265.867372651428,5451,846417,6
-9511.00363158177,5452,846503,3
70931.03715728717,5453,846682,11
20758.927183927186,5454,846727,5
-1960.7611033617086,5455,846916,5
27720.198072051786,5456,847016,7
11833.776085026084,5457,847030,4
10351.485896322009,5458,847143,5
15384.03360528361,5459,847221,5
-5731.222723355079,5460,847333,4
11857.317759854526,5461,847558,6
10472.367786748358,5462,847895,8
21894.987928737923,5463,847921,5
1478.0969941650885,5464,848195,6
-20640.714285714286,5465,848271,3
-3422.142857142856,5466,848376,5
-23159.51541105953,5467,848705,5
-13182.296943897176,5468,848931,5
-63573.0744049552,5469,849314,4
-12872.513111888109,5470,849382,3
3604.583283073997,5471,849543,5
-9963.353174603164,5472,849709,5
-23257.198450414387,5473,850088,4
11981.665998689994,5474,850185,5
34023.69748307249,5475,850237,6
-487.58109387173124,5476,850347,4
-17092.84113461358,5477,850447,3
-4033.671328671329,5478,850457,3
-4434.046620954313,5479,850517,3
-36225.53564082975,5480,850868,4
-1020.3958541458542,5481,850883,3
-6207.80747030747,5482,850928,3
-9314.897382029732,5483,851002,3
-3951.7449780182046,5484,851381,8
13591.226468320114,5485,851543,6
-11836.140733836166,5486,851842,5
-6161.190476190475,5487,851884,3
4016.4157430639907,5488,852235,7
22520.101858925387,5489,852279,5
-2834.5932090785036,5490,852366,4
19284.85432964704,5491,852551,6
117670.5423794472,5492,852748,14
21563.373015873018,5493,852810,6
-3362.144522144521,5494,852964,5
-16013.204321693082,5495,853389,6
-2635.2976190476184,5496,853486,5
-1759.0476190476165,5497,853596,5
40599.36234109027,5498,853687,7
37840.77214452214,5499,853738,7
12513.888888888881,5500,853816,5
-48207.111024676116,5501,854171,5
14767.660958967059,5502,854405,7
12076.082112332111,5503,854497,5
7112.435526075263,5504,854788,8
15645.77485014985,5505,854867,5
17343.040123548097,5506,854918,5
-9804.126984126988,5507,855014,4
12390.381334351921,5508,855130,5
56438.108490666535,5509,855281,9
-4132.987012987013,5510,855302,3
1448.712455471271,5511,855430,5
12927.878121209493,5512,855547,5
29490.746753246756,5513,855610,6
29873.799329768302,5514,855725,6
23642.532467532466,5515,855750,5
8181.623014713185,5516,855886,5
17775.655286835627,5517,856031,6
32406.661591547418,5518,856128,6
9810.01984126984,5519,856209,5
-21897.955280873237,5520,856467,5
-11055.46412171809,5521,856761,5
-17218.528964996334,5522,856945,5
7796.968924757661,5523,856995,4
-22157.9896901419,5524,857324,6
36449.91367487637,5525,857397,6
62582.35453014478,5526,857487,9
-2308.769841269839,5527,857601,5
-16509.440597750465,5528,857736,3
4727.444200982679,5529,857949,6
-3346.3386613386615,5530,857960,3
-26510.451835185657,5531,858223,5
20621.41819373437,5532,858345,6
15043.10037185037,5533,858434,5
-10422.02380952381,5534,858580,5
16819.226190476187,5535,858617,5
31859.502676067892,5536,858652,6
-11006.356743195482,5537,858784,4
-4667.954545454546,5538,858808,3
-5654.66976586365,5539,858837,3
-6012.167832167833,5540,858870,3
-4337.797619047618,5541,858896,3
-7070.93573093573,5542,858943,3
-3658.5173160173163,5543,858955,3
19387.50638512114,5544,859011,5
23300.831171967,5545,859060,5
23389.347458097458,5546,859095,5
36599.09715692804,5547,859151,6
21881.558731301375,5548,859194,5
45097.07811796048,5549,859245,7
8166.124986124991,5550,859476,6
16618.248001998003,5551,859539,5
99441.53053473875,5552,859678,12
65587.0998396393,5553,860059,11
9268.710317460316,5554,860135,5
16723.870055598003,5555,860368,7
-4579.37062937063,5556,860462,4
761.8813249443874,5557,860821,7
6779.306871786175,5558,861009,5
15164.872766122773,5559,861094,5
11148.229548229549,5560,861155,5
12016.671522921522,5561,861227,5
23381.109096441913,5562,861266,5
21147.783728139762,5563,861324,5
21775.73078452335,5564,861388,5
30398.64432394231,5565,861536,7
27026.448012986326,5566,861776,7
53314.62110859556,5567,861885,8
19074.38672438672,5568,861934,5
96.58827283827281,5569,861948,3
-6367.200715950713,5570,861994,3
-4025.4905511155516,5571,862029,3
6085.2450000979425,5572,862079,4
-19232.631975867276,5573,862204,3
11631.374344180062,5574,862337,5
-11095.669059108282,5575,862562,5
33316.174819332715,5576,862709,7
-9816.950063610273,5577,862925,4
-429.59876595712694,5578,863073,4
5204.710799363509,5579,863159,4
16691.232035937915,5580,863223,5
-16937.02668762267,5581,863493,5
-15240.284992784991,5582,863608,4
5257.704378954379,5583,863735,5
37985.51853310947,5584,863865,7
-331.1930651870065,5585,864039,5
8836.597334507298,5586,864166,5
19295.627731616507,5587,864229,5
21342.521645021647,5588,864268,5
19754.28391053391,5589,864298,5
19370.86659255777,5590,864351,5
15721.557609057614,5591,864412,5
9670.39881407722,5592,864593,7
21302.147143181144,5593,864969,9
5974.985292485289,5594,865118,6
-10993.610231357912,5595,865329,4
21955.505454802296,5596,865623,8
6028.420085246709,5597,865720,5
9664.588272838273,5598,865746,4
1386.7942889098092,5599,865957,5
-15411.819365275249,5600,866128,5
44944.34523809523,5601,866309,10
85610.84939162145,5602,866444,11
51607.73990429413,5603,866779,11
-2161.8528581841274,5604,866802,3
-2381.0714285714284,5605,866813,3
122.72301357053789,5606,867057,7
20041.92012450913,5607,867192,6
94462.83335214837,5608,867394,12
-11567.042751375617,5609,867500,3
-18655.950134746574,5610,867723,4
21135.964313464316,5611,867763,5
33498.42365967367,5612,867895,7
5893.394882121663,5613,868034,5
69444.99986124986,5614,868143,10
7538.138333367249,5615,868247,5
-1340.4657842157858,5616,868424,5
853.1358918858919,5617,868440,3
19465.797535797534,5618,868475,5
-2799.2497435970627,5619,868711,6
5424.797141264531,5620,868792,4
11192.880561321837,5621,869019,6
68653.61943611945,5622,869088,9
87108.89124119774,5623,869317,12
11613.774497570597,5624,869477,6
-16698.777678009923,5625,869764,5
15702.294649794645,5626,869838,5
61104.369278597216,5627,869955,9
34351.471861471866,5628,869984,6
-10678.954839457681,5629,870248,5
-2395.2200577200574,5630,870258,3
-5490.238095238097,5631,870387,5
52608.54166300041,5632,870549,9
-10414.871598989246,5633,870639,3
-13206.581991280134,5634,870915,5
34202.81204906204,5635,870943,6
82734.3919520022,5636,871056,10
-6198.189310689312,5637,871147,4
-9828.691347352333,5638,871318,4
28769.133505383503,5639,871454,7
51767.66326810446,5640,871598,9
32557.505411255428,5641,871693,7
16314.2728105228,5642,871854,6
-5479.871239871239,5643,872026,5
42140.19022644021,5644,872090,7
44098.829365079364,5645,872125,7
-880.2849927849929,5646,872142,3
-889.6008403361334,5647,872238,5
17069.047619047615,5648,872281,5
-7294.19378228,5649,872344,3
-8235.886572577749,5650,872395,3
35545.807825645286,5651,872698,10
78441.19665057167,5652,872791,10
19743.935786435788,5653,872829,5
16329.055363402764,5654,873119,8
10260.654761904763,5655,873181,5
20094.70238095238,5656,873212,5
13257.599206349209,5657,873269,5
-10957.155630317393,5658,873337,3
-59804.50250815575,5659,873655,4
-8881.000004897065,5660,873694,3
-6588.492063492063,5661,873723,3
15453.025699857655,5662,873982,6
42589.67407592408,5663,874033,7
21585.225793298545,5664,874061,5
2168.1210619445956,5665,874226,5
-8799.83915658645,5666,874331,3
7.856394882259224,5667,874430,4
3401.0698686026244,5668,874500,4
6727.152292152293,5669,874545,4
22991.209484959483,5670,874583,5
23012.19252969253,5671,874614,5
42594.76836282166,5672,874877,9
-23327.741965207148,5673,875083,5
-18326.522982521437,5674,875247,4
2162.1284271284267,5675,875342,5
25874.15412975584,5676,875419,5
21964.26046176046,5677,875478,5
9808.206376956377,5678,875624,6
-23910.782344160838,5679,875908,5
29323.991714984364,5680,876062,7
17327.47335997336,5681,876098,5
69016.3003776839,5682,876362,11
19322.30921778787,5683,876595,6
23199.1607004107,5684,876628,5
-7883.174603174604,5685,876665,3
66249.92918738468,5686,876847,10
7853.329726341466,5687,876983,5
-3200.367080459963,5688,877159,5
63378.485181445954,5689,877352,10
59684.3753381514,5690,877510,9
22512.19155844156,5691,877539,5
33754.46538583531,5692,877726,8
11050.227420741114,5693,877898,5
16788.277278277277,5694,877933,5
-6308.067025818535,5695,878109,5
50365.45304851629,5696,878691,13
15133.90873015873,5697,878721,5
-435.891711058118,5698,879016,6
29594.522005772003,5699,879088,6
62956.77803813831,5700,879189,9
31739.739378268776,5701,879277,6
29105.64484126984,5702,879327,6
22226.890331890332,5703,879391,6
-10899.705675731211,5704,879599,4
37772.23332223332,5705,879719,7
-10472.89522977023,5706,879908,4
7641.365950011463,5707,879941,4
-35151.14623938153,5708,880259,5
27481.966357515892,5709,880328,6
-2036.447891848434,5710,880567,5
39125.93573093574,5711,880633,7
-15890.433316683317,5712,880750,4
146319.18921356415,5713,881027,17
-28720.006724273622,5714,881289,3
16033.851254954192,5715,881391,5
17999.04761904762,5716,881423,5
29506.369104751462,5717,881501,6
22723.165653790653,5718,881525,5
21234.655483405484,5719,881551,5
15691.64054950712,5720,881729,6
-19771.04684531157,5721,882008,5
21889.853352305076,5722,882097,5
-5027.824397824397,5723,882291,6
-59669.97426548192,5724,882864,7
-1266.0331573741034,5725,882938,4
-6645.343837518208,5726,882991,3
48571.42718800808,5727,883104,8
19944.652569652575,5728,883169,5
21512.963425463426,5729,883208,5
18451.239365678735,5730,883351,6
6836.325831461275,5731,883543,6
19948.492063492064,5732,883559,5
43682.57762791041,5733,883751,8
-8421.631454201113,5734,883821,3
-10058.002132773976,5735,883914,3
-5151.786775316187,5736,883946,3
4641.2716323494205,5737,884036,4
13614.210094386179,5738,884105,5
10760.379689754689,5739,884127,4
5246.964424464426,5740,884244,5
11315.402324448129,5741,884523,6
6294.023750054928,5742,884859,7
-12247.135657814839,5743,885045,4
10911.196141736473,5744,885308,6
17248.08871683872,5745,885394,5
11673.208030574511,5746,885483,5
27026.293746028656,5747,885532,6
120.65799295826946,5748,885611,4
8198.10717060717,5749,885815,7
16068.800328068914,5750,885912,5
-25606.142697172098,5751,886260,6
9281.264291264288,5752,886392,6
16644.426684426686,5753,886480,5
14715.50102675103,5754,886625,6
2541.869817489014,5755,886824,5
32896.690637793574,5756,886904,6
21470.643686378982,5757,886940,5
15107.326839826832,5758,887132,7
8114.200937950936,5759,887160,4
-9208.70286576169,5760,887229,3
14176.317016317029,5761,887393,6
10387.947330447329,5762,887465,5
-12082.563127447029,5763,887627,4
-22029.60068752235,5764,887971,5
7898.996710689737,5765,888170,5
20869.95657120657,5766,888318,7
-20997.15908681887,5767,888657,5
34617.73344710844,5768,888863,8
-43617.961776785305,5769,889035,3
17567.722000222002,5770,889085,5
44311.94422407659,5771,889148,7
-1103.5917784485878,5772,889329,6
6163.050655245805,5773,889593,6
29676.946803196795,5774,889671,6
8719.011127761129,5775,889707,4
36813.814890175185,5776,889765,6
9516.252220002225,5777,889897,5
-10352.092790676537,5778,890564,11
32731.475256769372,5779,890672,7
4324.337060428382,5780,890805,5
9871.770876182642,5781,890935,6
-937.2325674579674,5782,891158,5
22725.92258640053,5783,891196,5
22333.72474747475,5784,891212,5
37796.778221778215,5785,891297,7
36231.20717109688,5786,891350,6
27501.327651536645,5787,891492,7
20375.992813945588,5788,891778,7
-1042.5468975468975,5789,891789,3
27765.64935064935,5790,891836,6
15727.42965367966,5791,891901,5
8748.263285776831,5792,892047,5
-25181.9046925297,5793,892296,5
8865.152298681705,5794,892477,6
10708.816774363591,5795,892515,4
17228.541597291598,5796,892567,5
16838.23203706786,5797,892739,6
-20092.406514157086,5798,892972,4
-9247.087495837493,5799,893143,5
9074.70238095238,5800,893215,5
32297.89436462231,5801,893258,6
21236.5607812511,5802,893408,7
327.64837286896,5803,893584,6
19651.014472283823,5804,893666,5
35263.78842521577,5805,893972,10
-7297.110798969058,5806,894046,3
28266.321096559106,5807,894327,8
9311.741175491175,5808,894354,4
-15299.488844488842,5809,894516,4
15277.75354998459,5810,894691,6
-25003.96511877356,5811,895014,5
12272.167397035148,5812,895148,5
-8370.008532052148,5813,895232,3
8262.808164058166,5814,895343,5
14571.699134199134,5815,895396,5
58309.11297036297,5816,895528,9
16179.862498612492,5817,895592,5
69084.99236874236,5818,895808,11
-13739.937630906805,5819,896040,5
-5139.7238569636975,5820,896263,5
20159.295212506862,5821,896349,5
38934.93018419488,5822,896409,7
28107.395162027507,5823,896459,6
41147.647907647915,5824,896510,7
7913.561538650553,5825,896645,5
15471.63530913531,5826,896761,6
8387.638483807212,5827,896802,4
34342.294754609,5828,896856,6
11580.08042804289,5829,896978,5
1153.0085336490158,5830,897052,4
-9680.44905043357,5831,897123,3
6493.064158064153,5832,897171,4
36872.693001443,5833,897270,7
-4649.538535536049,5834,897426,4
-9483.818300507544,5835,897523,3
19674.970621698565,5836,897691,6
2927.92871088469,5837,897907,6
10158.700551488191,5838,898003,5
33955.12508410922,5839,898073,6
9924.861111111108,5840,898163,5
38118.98592420652,5841,898268,7
20939.03346653347,5842,898292,5
-1195.870795870796,5843,898304,3
81115.50655742601,5844,898647,14
40516.05263157894,5845,898695,7
-3739.511642169471,5846,898906,5
-1174.9485236985238,5847,898915,3
-4058.713665720246,5848,899191,6
27193.370575502933,5849,899281,6
30033.19506882007,5850,899325,6
154.71327283827281,5851,899341,3
24496.963734831967,5852,899540,7
-3557.3175990377204,5853,899776,5
31596.969501768832,5854,899930,7
1153.1008778802898,5855,900066,5
25654.75513500088,5856,900173,6
7686.029803529802,5857,900252,5
11163.492063492064,5858,900320,5
8855.91227657791,5859,900368,4
19165.0,5860,900373,5
26296.104589854596,5861,900454,6
-2015.7756132756133,5862,900471,3
21905.21491838056,5863,900673,7
-4624.842260151941,5864,900695,3
-6418.36940894839,5865,900727,3
16990.438526042235,5866,900924,7
-2150.6549006549003,5867,900940,3
32581.247570511026,5868,901072,7
21798.57646846617,5869,901118,5
-1603.2721503269051,5870,901365,5
-6440.00666000666,5871,901405,3
20043.766348031055,5872,901474,5
13168.627344877343,5873,901533,5
9056.678943261762,5874,901629,5
23258.0506993007,5875,901678,5
2337.0213511866164,5876,901731,4
16745.617532630236,5877,901985,6
16665.924708461473,5878,902037,5
21198.708513708512,5879,902069,5
30835.60966810967,5880,902129,6
2178.201453492966,5881,902221,4
-9209.24748862249,5882,902281,3
7108.723563177225,5883,902491,5
21818.603896103898,5884,902516,5
79519.67522415666,5885,902647,10
10888.392857142855,5886,902701,5
-38076.97760572762,5887,903051,5
27785.24448590625,5888,903115,6
10838.75440392081,5889,903262,5
15330.182696560401,5890,903352,5
-26036.058802308806,5891,903460,3
10768.815335215926,5892,903565,5
5339.428210678211,5893,903638,4
9551.986346986345,5894,903724,5
5034.348706848708,5895,903915,6
15131.082251082255,5896,903965,5
-555.864389719544,5897,904204,5
21714.380137836026,5898,904260,5
5653.03676715441,5899,904393,5
-10516.187455475383,5900,904495,3
4542.567077652855,5901,904788,6
2073.4332334332325,5902,904839,4
-20454.5720945721,5903,904957,3
6077.936914306882,5904,905093,5
-5473.402974734245,5905,905136,3
-9388.02146383029,5906,905344,5
10136.863622488621,5907,905435,5
-55323.19202137282,5908,905732,4
-4976.035909449828,5909,905786,3
-6342.042059938985,5910,905837,3
-18163.665305712522,5911,906192,6
-42387.07983904865,5912,906360,3
3179.1927010038457,5913,906490,5
11241.85606060606,5914,906561,5
17913.095238095237,5915,906570,5
12207.073898323899,5916,906647,5
9956.574675324673,5917,906758,5
-18856.718281718284,5918,906879,3
4238.068953535287,5919,907016,5
9382.969574285364,5920,907044,4
23861.836636230997,5921,907389,9
-5367.703544950063,5922,907418,3
-17251.447032172815,5923,907574,3
29489.749070374077,5924,907657,6
82436.87573047866,5925,907836,11
-20034.37366426144,5926,907967,3
7581.161338661339,5927,907989,4
-7492.484370830632,5928,908041,3
13180.945943648187,5929,908179,5
11758.297146354515,5930,908471,8
-1668.3928571428569,5931,908525,4
10744.929539414816,5932,908781,7
-8839.751420488397,5933,909009,5
-15971.466311466309,5934,909299,6
-11707.945387945383,5935,909466,6
18474.126984126982,5936,909503,5
13487.916666666666,5937,909545,5
-7785.595238095237,5938,909691,5
16656.031518790805,5939,909776,5
36442.990051762594,5940,909902,7
21202.360475790865,5941,910170,8
-19088.012265512276,5942,910360,5
20183.854674737024,5943,910411,5
20280.3373015873,5944,910429,5
45242.803237569075,5945,910574,8
-32529.753230758386,5946,910883,4
15585.043978209618,5947,910976,5
57180.35103785103,5948,911042,8
-788.4554132657863,5949,911319,6
26144.999999999996,5950,911353,6
52740.88529483072,5951,911476,8
14572.571977879292,5952,911693,6
-21509.991367018276,5953,911895,5
20379.132298944605,5954,911978,6
-3347.6795426795425,5955,912081,4
11242.422438672436,5956,912160,5
26641.984126984127,5957,912208,6
32244.101565359313,5958,912300,6
18841.83080808081,5959,912359,5
-4637.4054168805005,5960,912619,5
29699.4294446094,5961,912724,6
19323.070980661923,5962,912965,7
-9692.222664067356,5963,913072,3
13510.315228754285,5964,913143,5
46807.710426828075,5965,913281,8
18425.67238317238,5966,913344,5
20678.62554112554,5967,913386,5
-2043.7787212787212,5968,913411,3
49645.21303129274,5969,913539,8
-20476.995226995234,5970,913650,3
27055.878080253075,5971,913706,6
30092.81509631692,5972,913780,6
17255.264780649428,5973,913871,5
-5603.749583749584,5974,913905,3
9766.731540518307,5975,914026,5
10260.250762330668,5976,914175,5
50200.07496705111,5977,914336,8
4099.831061840972,5978,914533,5
-21064.822330447336,5979,914660,3
915.2128427128464,5980,914822,5
-9751.550431833597,5981,915051,5
-14581.517926517914,5982,915317,5
917.335968340227,5983,915384,4
25170.578588078584,5984,915643,8
-20195.19392425623,5985,915883,4
-5179.531024531025,5986,915918,3
31457.715201465206,5987,916112,8
-9073.086288711289,5988,916172,3
39487.72898242073,5989,916463,9
-3035.2435064935125,5990,916621,6
17962.042747989522,5991,916744,5
12096.257215007217,5992,916802,5
13420.40986876899,5993,917045,8
69678.91774891775,5994,917095,9
20620.48534798535,5995,917111,5
39627.84507159507,5996,917213,7
21050.917105770048,5997,917260,5
23477.86310911311,5998,917313,5
34012.35805603068,5999,917547,8
15197.97619047619,6000,917598,5
-9072.672882672883,6001,917659,3
723.3333333333339,6002,917772,5
-27389.591752202065,6003,918091,4
44868.84895870383,6004,918295,8
23655.824724857484,6005,918345,5
-26811.42857142857,6006,918458,3
-54486.492619867226,6007,918769,3
-10411.923256482081,6008,918960,5
16817.352092352092,6009,918998,5
17615.930384115374,6010,919049,5
-75445.30213293756,6011,919407,4
44585.56818181816,6012,919513,8
6155.626179376179,6013,919567,5
-3864.48184835728,6014,919845,5
9367.559523809525,6015,919868,4
3235.2207514707547,6016,920019,5
-10237.913752913752,6017,920079,3
9249.648268398269,6018,920190,5
-8540.352162027848,6019,920383,4
-35335.08073131719,6020,920739,5
19237.948717948715,6021,920761,5
-2528.756119396598,6022,920864,4
-15363.239416886856,6023,921010,3
-2253.668088447499,6024,921150,5
10101.961094461092,6025,921224,5
22660.33570187982,6026,921270,5
26205.335497835487,6027,921323,6
25633.75115080997,6028,921416,6
35375.167381637984,6029,921767,10
19178.934815184813,6030,921819,5
27216.134421134422,6031,921900,6
-4601.392110211767,6032,922049,4
-12456.70311714429,6033,922134,3
-10030.10878010878,6034,922191,3
-1419.2857142857147,6035,922202,3
9662.22360972361,6036,922399,6
16286.127488352717,6037,922485,5
-21141.988866097934,6038,922646,3
-9178.68845872909,6039,922739,3
-10600.06855889209,6040,922818,3
24451.186868686866,6041,922954,7
-6750.820638989937,6042,923161,5
14274.615523365523,6043,923309,6
108406.66000666,6044,923459,13
-33649.373682303194,6045,923957,7
6107.442059574413,6046,924058,5
4375.833333333333,6047,924148,5
3040.5130163953727,6048,924295,5
-33179.372207723056,6049,924614,5
-17418.0137917638,6050,924870,5
-1951.807914307915,6051,924935,4
-27313.07633105891,6052,925143,3
-3589.4185703357534,6053,925352,5
-2868.928571428571,6054,925363,3
-21405.09074259075,6055,925507,3
5793.333333333334,6056,925572,5
3277.056832056828,6057,925664,5
1924.3086978381098,6058,925717,4
-36730.413269613535,6059,925980,4
-12341.62934404479,6060,926095,3
-3508.4410075218902,6061,926106,3
-7447.322129839545,6062,926167,3
-23203.109363546682,6063,926419,5
-10941.363665144627,6064,926550,3
-45817.45513719121,6065,926871,4
21230.559617326257,6066,927012,7
9081.034293830931,6067,927169,5
6958.140331890334,6068,927280,5
12301.580829301416,6069,927347,5
-2159.7769877181645,6070,927443,4
-4123.885003885004,6071,927466,3
-1982.5950438450438,6072,927480,3
-11179.656697081646,6073,927662,4
-15759.341670074438,6074,927833,3
-13486.454177487461,6075,927909,3
-30683.324566730156,6076,928241,4
-11403.279645191407,6077,928472,5
-11917.119824619827,6078,928670,6
18466.09192965617,6079,928744,5
-3896.667497688295,6080,928965,5
9386.255688755695,6081,929163,6
11050.835851240265,6082,929307,5
61115.34285159283,6083,929423,9
26910.195082695085,6084,929527,6
6923.31050893551,6085,929560,4
-18996.922193948136,6086,929864,5
12304.803113553115,6087,929975,6
-13945.927750654924,6088,930078,3
1394.681290931288,6089,930323,6
57066.87007437008,6090,930425,9
14835.358995579594,6091,930506,5
1482.2974525231878,6092,930743,5
48172.63711321769,6093,931055,10
32553.953471045865,6094,931185,7
-372.205757012763,6095,931260,4
52350.89034331683,6096,931360,8
-8710.535991785993,6097,931409,3
-5849.62145654483,6098,931442,3
8751.547709704932,6099,931602,5
46393.6981074481,6100,931760,9
-1167.2936413244686,6101,932111,6
32361.89810189811,6102,932163,6
-10768.913705149642,6103,932421,5
-3924.267388098657,6104,932449,3
-3695.144194041253,6105,932472,3
21282.917705094438,6106,932708,7
19025.87856587856,6107,932757,5
-12616.138999888997,6108,932860,3
7260.72579639143,6109,932995,5
-6664.586012972236,6110,933206,5
5873.409229659229,6111,933351,5
21077.474559539194,6112,933473,6
-7421.716903667367,6113,933530,3
-1118.8383838383838,6114,933541,3
15308.518183742643,6115,933869,8
43547.437235966645,6116,933936,7
13990.164540052312,6117,934069,5
-6879.37395937396,6118,934118,3
15439.043032131258,6119,934405,8
5849.473304473304,6120,934508,5
-12092.720365290026,6121,934660,4
-5448.779415029417,6122,934793,4
5994.71375846376,6123,934891,5
18306.443744164335,6124,934932,5
16817.864644815105,6125,934997,5
43391.362318237305,6126,935091,7
29525.0,6127,935110,6
27544.022882002762,6128,935300,8
26617.248764951935,6129,935420,6
-3593.0158730158732,6130,935552,5
-12911.835707936714,6131,935656,3
-4236.1453823953825,6132,935684,3
-3675.05772005772,6133,935721,3
17249.430708180713,6134,935902,7
10038.653958924502,6135,936205,7
28590.275002775,6136,936275,6
12509.932359307359,6137,936303,4
26490.524501111733,6138,936443,6
-8213.338385255951,6139,936707,5
39454.554393190236,6140,936860,8
-1630.1735596704607,6141,936980,4
-5408.527231282649,6142,937029,3
20800.36354168707,6143,937159,6
12495.753968253968,6144,937218,5
44542.9200864495,6145,937290,7
32264.695998446005,6146,937335,6
21224.258658008657,6147,937362,5
23377.838842873676,6148,937467,6
11033.220619035248,6149,937501,4
-15289.975932071115,6150,937689,3
-4278.536127615069,6151,937859,5
19090.78431372549,6152,937872,5
19001.89393939394,6153,937890,5
33535.606744261924,6154,937928,6
32008.193245737766,6155,938069,7
-5189.535207439619,6156,938091,3
-6947.515101974247,6157,938274,4
-2658.701654868365,6158,938506,5
10140.340631590632,6159,938530,4
4596.447237503979,6160,938660,5
11693.206020845342,6161,938782,5
32374.246031746028,6162,938824,6
25736.481984647617,6163,938914,6
16020.056898725628,6164,938960,5
63185.089287002964,6165,939070,9
16407.63167388167,6166,939125,5
2533.951594071562,6167,939206,4
5987.121212121216,6168,939316,5
-8307.35014985015,6169,939377,3
-4482.452894327887,6170,939601,5
22318.967837717842,6171,939634,5
-26259.113044498736,6172,939889,4
-3527.04933954934,6173,939905,3
-4541.282541928664,6174,940158,5
-16324.793225350502,6175,940423,5
-11046.599511599512,6176,940559,4
-717.4862637362576,6177,940743,5
-8794.912471634932,6178,940992,6
12616.349206349207,6179,941062,5
24474.036083967338,6180,941208,6
-838.4427888708408,6181,941343,5
3288.2380895248552,6182,941472,5
34846.742037884265,6183,941616,7
3439.6406564244476,6184,941793,5
18564.325947745063,6185,941835,5
36036.923284618715,6186,941887,6
-22132.385961561657,6187,941986,3
-13777.484409939905,6188,942055,3
-9281.60173160173,6189,942136,3
15994.424467945042,6190,942280,5
19141.339077589077,6191,942334,5
3322.681999158396,6192,942496,5
14684.544899544899,6193,942551,5
-2944.195804195804,6194,942562,3
37768.329383035256,6195,942640,7
31174.808116719883,6196,942712,6
20778.670634920632,6197,942740,5
-5545.122917588087,6198,942874,5
35196.98728773806,6199,942909,6
17823.48184903332,6200,942968,5
25179.70270162414,6201,943113,6
76796.4572252653,6202,943254,11
-5326.2903162910725,6203,943290,3
28718.27380952381,6204,943379,7
27442.59677822178,6205,943454,6
19114.366883116883,6206,943490,5
-12831.468466174347,6207,943657,4
-6041.69080919081,6208,943697,3
8888.567204853976,6209,943732,4
-27396.416944553515,6210,943956,3
3168.9680662474775,6211,944003,4
-25234.822840128578,6212,944319,5
70200.9291695147,6213,944475,10
41666.81734931736,6214,944556,7
12284.67258146051,6215,944648,5
-435.2700077700065,6216,944797,5
22358.07857862812,6217,944891,6
25801.38528138528,6218,944930,6
27101.345183883885,6219,945043,6
49897.8742948228,6220,945153,8
42542.31129981131,6221,945224,7
22672.476373815385,6222,945269,5
20189.799783549788,6223,945326,5
-2429.828643578644,6224,945349,3
-4124.929355989726,6225,945564,5
7555.784093180193,6226,945691,5
-14797.095522511536,6227,946094,7
72978.31594694544,6228,946348,11
15811.541652791653,6229,946411,5
42303.378121061956,6230,946653,9
35002.05007818977,6231,946706,6
34003.5119047619,6232,946744,6
-28348.331604326184,6233,947129,6
16893.54964479965,6234,947209,5
37340.59205908469,6235,947426,8
30565.714285714286,6236,947448,6
44161.49091813757,6237,947614,8
11990.075320920909,6238,947852,6
45231.97624357441,6239,948011,8
6086.044577627394,6240,948229,6
10671.424442001065,6241,948356,5
-46314.57490664842,6242,948852,5
15010.382355003101,6243,949139,8
-5010.0,6244,949244,5
-18002.637702602286,6245,949373,3
2607.355699855703,6246,949467,5
33919.301148198225,6247,949622,7
16702.550505050505,6248,949678,5
-12324.532068378805,6249,949956,5
18893.594809902857,6250,950008,5
16908.70504495505,6251,950133,6
7267.425961766131,6252,950187,4
10932.926215940923,6253,950220,4
29628.720586916716,6254,950332,6
9654.711134145615,6255,950368,4
-8482.774891782363,6256,950504,4
34673.54682598103,6257,950635,7
1947.048071915824,6258,950788,5
13446.824478625947,6259,950973,7
18293.02961744138,6260,951015,5
-23369.20275347662,6261,951273,5
52456.40571438367,6262,951396,8
11416.47671772672,6263,951473,5
18948.97542730747,6264,951531,5
14441.448967698965,6265,951592,5
18453.775913628855,6266,951624,5
35875.578539107955,6267,951699,6
-257.87615162615253,6268,951806,5
8495.134173317223,6269,951827,4
3711.3988352092765,6270,951884,4
13841.166277178276,6271,951983,5
18179.067460317463,6272,952014,5
19080.716792316125,6273,952119,5
40567.50000000001,6274,952155,7
-11855.91027713403,6275,952651,7
15992.532467532466,6276,952698,5
25473.50825107424,6277,952800,6
24567.647630147632,6278,952871,6
20781.858974358976,6279,952890,5
2323.7398712398717,6280,953019,5
9170.418886668886,6281,953061,4
220.1154386119572,6282,953133,4
-43921.24902818871,6283,953521,5
-20930.928329926006,6284,953765,5
-33914.07975080811,6285,954098,5
-2739.092364678665,6286,954107,3
12889.794217435478,6287,954296,6
62760.77847848745,6288,954508,10
2992.6744149383453,6289,954565,4
-8876.988481719518,6290,954629,3
-4810.851055325078,6291,954826,5
18004.494255744252,6292,954878,5
34031.04485791985,6293,955003,7
7506.477966477969,6294,955098,5
20556.83261183261,6295,955129,5
-57896.74043766316,6296,955589,5
8732.788097338429,6297,955681,5
-2460.9882763454075,6298,955826,4
10521.294122544117,6299,955933,5
21262.185086155674,6300,955972,5
-7934.910805783484,6301,956011,3
11877.362253759315,6302,956089,5
17108.886403451615,6303,956128,5
28209.26047937269,6304,956362,8
73787.91221850045,6305,956568,12
30813.437950937958,6306,956616,6
24374.217171717173,6307,956678,6
-9089.648737690877,6308,956895,5
4271.828310578312,6309,957233,8
76.29065379065378,6310,957247,3
-18324.262110980224,6311,957562,5
37214.12881150495,6312,957691,7
-18693.847690007606,6313,958016,5
-1174.1594516594505,6314,958087,4
11131.276936801398,6315,958243,5
11821.970766161945,6316,958376,5
-15057.292846042847,6317,958488,4
31081.63544788545,6318,958616,7
6825.256251101828,6319,958767,5
32312.15097402597,6320,958808,6
24608.046393563967,6321,958990,7
15176.246808746815,6322,959064,5
14691.973304473302,6323,959106,5
1428.0739095265744,6324,959393,6
12241.81096681097,6325,959464,5
-7887.90269827053,6326,959694,6
19616.573842823844,6327,959739,5
5746.556013431015,6328,959794,4
17931.488095238095,6329,959821,5
19666.097328211352,6330,959870,5
18810.079365079364,6331,959904,5
27803.188494082457,6332,960163,7
8336.339493839496,6333,960202,4
34804.486004191895,6334,960300,7
12239.243942332167,6335,960373,5
-5805.322603523067,6336,960424,3
-5144.971279242362,6337,960448,3
8754.157014315007,6338,960583,5
-14294.924395564882,6339,960889,6
8075.0,6340,960906,4
30201.84047183467,6341,961098,7
44063.46334221334,6342,961162,7
10992.724367136132,6343,961358,6
5217.715046391518,6344,961495,5
-31287.036744000743,6345,961934,6
5697.344852859555,6346,962043,5
8308.383907758907,6347,962154,5
31610.60680332739,6348,962210,6
19290.43192918193,6349,962240,5
-34282.26693155486,6350,962658,4
-3499.8798750269316,6351,962759,4
12451.858141858143,6352,962846,5
21670.892857142855,6353,962872,5
21113.932738013616,6354,962927,5
-7569.1636141636145,6355,962962,3
2744.3747514954975,6356,963135,5
9217.864886917732,6357,963216,5
-6286.180575315638,6358,963282,3
-1867.5595238095239,6359,963292,3
-10015.678577957988,6360,963356,3
-5785.091546310586,6361,963417,3
-4652.063492063491,6362,963450,3
-15511.298797521706,6363,963564,3
18833.903580509625,6364,963793,7
-46700.99478246434,6365,964205,5
-11793.93772893773,6366,964284,3
1177.4064862352348,6367,964441,5
18274.12601287601,6368,964559,6
32011.109642303905,6369,964679,6
-24636.393394187497,6370,964979,4
-15967.566669852558,6371,965357,6
-7025.392508678109,6372,965617,5
43056.452020202014,6373,965699,8
-9849.370629370631,6374,965756,3
-3157.1428571428573,6375,965768,3
-14431.34496708329,6376,965880,3
9084.46395392047,6377,965980,5
36345.197541536545,6378,966064,7
18836.325975366224,6379,966131,5
47624.659970662295,6380,966195,7
-2238.0035242535246,6381,966227,3
37901.73002156941,6382,966335,7
7707.817507935891,6383,966500,5
88621.47373631701,6384,966686,11
16177.814130314133,6385,966732,5
10269.83336108336,6386,966826,5
-2127.8538318668225,6387,966915,4
7268.61516192785,6388,967036,5
66533.72523310025,6389,967148,9
22695.893967143973,6390,967178,5
12413.333333333332,6391,967206,5
-12915.165858822975,6392,967366,4
-5875.103785103785,6393,967394,3
-7652.213350160333,6394,967444,3
-18413.485713632777,6395,967616,4
9937.500000000002,6396,967678,5
27265.67279942281,6397,967783,7
-4500.746794485178,6398,968028,5
31821.30334942835,6399,968091,6
28695.719933661112,6400,968168,6
9504.223831723828,6401,968277,5
-5651.072193591023,6402,968502,5
6613.265348772315,6403,968656,5
-9600.723426040764,6404,969093,7
-31583.060077177706,6405,969341,3
-7931.013157031868,6406,969395,3
15552.435555071002,6407,969506,5
11697.542511854668,6408,969715,6
-8331.277265909479,6409,969778,3
-11564.002509358537,6410,969990,5
28871.9749300208,6411,970163,7
-42871.40639030735,6412,970392,3
41181.09892558422,6413,970490,7
14603.226634476632,6414,970567,5
-6454.247904863566,6415,970723,4
9364.733183483182,6416,970749,4
-4281.3748583717625,6417,970774,3
-6319.580419580419,6418,970811,3
256.19047619047524,6419,970903,5
-48133.205609320124,6420,971193,3
-53740.56984443852,6421,971635,4
-8934.472555084349,6422,971688,3
31758.36747570482,6423,971955,7
27436.9361196509,6424,972085,6
-10213.938496144376,6425,972248,4
1848.249826798597,6426,972466,6
35471.6964979465,6427,972529,6
22155.42748917749,6428,972557,5
45978.116738782366,6429,972629,7
-2661.3503163503174,6430,972704,4
17006.118031883616,6431,972824,5
2209.6843434343446,6432,972892,4
-16139.562679967094,6433,973059,5
26471.317363621925,6434,973149,6
-10222.899333638501,6435,973244,3
-7914.407278289531,6436,973309,3
18522.39357864358,6437,973337,5
11293.829503829496,6438,973529,7
29941.276224635356,6439,973701,7
44808.954787043025,6440,973862,8
5265.585717601974,6441,974061,5
8886.964285714286,6442,974131,5
59180.313714063705,6443,974258,9
-5914.546964043868,6444,974287,3
17802.662753912748,6445,974349,5
-10679.525658165367,6446,974431,3
-6244.176768580725,6447,974500,3
36843.265169213315,6448,974645,7
13793.174603174602,6449,974710,5
-2077.929292929293,6450,974720,3
-3029.224203596589,6451,974925,5
57843.563993196345,6452,975027,9
7125.9157509157485,6453,975139,5
14848.147685647687,6454,975216,5
-6026.887614019967,6455,975247,3
40627.589733337285,6456,975463,8
20618.12958691635,6457,975511,5
15624.941662112917,6458,975877,8
42362.966894216894,6459,975942,7
41225.127031980745,6460,976013,7
7616.558992478111,6461,976024,4
-388.70934620934634,6462,976035,3
-10507.928249511066,6463,976092,3
49.438408813409694,6464,976239,5
78338.4338441524,6465,976384,10
3105.2272727272725,6466,976461,5
20251.517830080138,6467,976585,6
-3043.5457423665425,6468,976830,5
68580.05594293907,6469,976920,9
46942.13890813348,6470,977014,7
22493.025670150284,6471,977059,5
9812.498319104363,6472,977178,5
-6091.4905467769195,6473,977278,4
2924.7395496660165,6474,977446,5
-545.9951853701858,6475,977577,5
4814.007144464219,6476,977873,6
23629.068427487542,6477,977985,6
7486.194135630589,6478,978284,7
-3162.0217115186156,6479,978296,3
13688.060576568034,6480,978388,5
-5083.826451326451,6481,978506,4
25097.68550120331,6482,978662,7
-10880.337847137382,6483,978729,3
2836.258199145195,6484,978814,4
11165.119255744254,6485,978881,5
7810.054585821143,6486,978982,5
8902.831890331889,6487,979021,4
20916.575067089765,6488,979186,6
-3787.041487923841,6489,979208,3
-7603.186988020573,6490,979274,3
-5145.218163837628,6491,979302,3
-3560.5243408552233,6492,979314,3
30539.726844363064,6493,979402,6
15697.715548340546,6494,979463,5
-10058.012932415026,6495,979708,5
-9276.628330819509,6496,979758,3
-4341.22023809524,6497,979861,5
35303.70713200069,6498,979993,7
36861.85425685426,6499,980053,7
47641.45368992896,6500,980302,9
14237.87800390035,6501,980412,5
9891.593692899809,6502,980437,4
-7269.664224664225,6503,980470,3
49990.71164946165,6504,980574,8
23151.253607503604,6505,980605,5
5940.615079365078,6506,980692,5
27593.03113553114,6507,980759,6
-1033.389665889666,6508,980786,3
48698.023210188214,6509,981032,10
47292.67107892106,6510,981091,7
11849.891204641595,6511,981205,5
21260.0,6512,981213,5
-3391.3127960360935,6513,981229,3
13667.499999999998,6514,981294,5
6370.297619047618,6515,981377,5
15225.634920634919,6516,981426,5
12683.522351831174,6517,981810,8
37403.4147172655,6518,981877,6
21249.836601307186,6519,981927,5
-3580.2525252525256,6520,981947,3
35835.89552196169,6521,982158,8
31555.487380052007,6522,982245,6
67410.09296259297,6523,982345,9
14794.864013695278,6524,982445,5
15698.313419896242,6525,982527,5
1266.5175021057335,6526,982681,5
5184.944222444221,6527,982804,5
14961.540398175883,6528,983007,7
-20664.486455263363,6529,983369,5
12462.657967032965,6530,983390,4
3775.3619583031323,6531,983488,5
3121.701693559278,6532,983552,4
-1639.5479046928608,6533,983647,4
23279.917305412866,6534,983798,6
23331.695130419987,6535,983942,6
12096.96726884227,6536,984043,5
-131.1375223933236,6537,984238,5
19143.18181818182,6538,984252,5
-898.0429292929289,6539,984385,5
-1505.268897768883,6540,984544,5
-11318.271303429978,6541,984630,3
59838.81918583766,6542,984851,9
-11569.672788623866,6543,985197,6
-53.012265512265685,6544,985269,4
-365.39698390705263,6545,985550,6
4740.218253968254,6546,985744,6
1025.3324453324458,6547,985789,4
20636.77017630596,6548,985908,6
25018.465815230524,6549,986033,6
-17558.734764528774,6550,986252,4
22337.215978465978,6551,986284,5
-48035.23969837462,6552,986749,5
-5311.849607865471,6553,986842,4
-62896.96824395935,6554,987171,3
-37018.57004493617,6555,987611,5
-3093.4992063226823,6556,987802,4
40813.888500775116,6557,987888,7
9587.706061280669,6558,988071,5
38982.19946719948,6559,988242,8
20754.209299687238,6560,988282,5
47662.80679824991,6561,988421,8
-41345.596768212905,6562,988776,5
22396.398113625284,6563,988836,5
31324.282318988204,6564,988879,6
25020.146520790873,6565,988995,6
22974.975764975767,6566,989019,5
17589.731905306595,6567,989087,5
-5547.776024714878,6568,989269,5
-39311.559150343965,6569,989603,5
1049.338057668166,6570,989683,4
23158.062770562774,6571,989705,5
33361.87013300598,6572,989819,7
30524.264391654102,6573,989897,6
-23936.45865980425,6574,990140,5
13883.933982683982,6575,990252,6
18051.23862248862,6576,990290,5
22190.056599532203,6577,990543,8
-4682.076257076259,6578,990642,4
25420.951687201683,6579,990796,7
-1529.9620232708446,6580,991006,6
-7460.274673082338,6581,991127,4
6240.248024034788,6582,991265,5
47824.33944817656,6583,991539,9
-21558.595273893105,6584,991961,6
11323.50024975025,6585,992043,5
-21271.219258252924,6586,992200,4
8991.805694305694,6587,992236,4
-30294.051089272823,6588,992537,4
14469.930902430902,6589,992604,5
31163.574702482645,6590,992666,6
27420.501187218582,6591,992744,6
20871.401666144313,6592,992891,6
4021.6236322848395,6593,993136,5
-17579.186277072266,6594,993253,3
13119.101731601731,6595,993289,5
-3362.474747474748,6596,993319,3
-24223.416258140976,6597,993531,4
-7192.755417956653,6598,993600,3
1912.958152958151,6599,993667,4
-5630.651015651016,6600,993701,3
-8823.757178262429,6601,993775,3
-23661.672146867582,6602,994027,4
16139.250074438356,6603,994323,7
-18666.417188276802,6604,994745,5
13486.143250454394,6605,994821,5
12278.219496147125,6606,994937,5
14490.735442318262,6607,995018,5
44571.567150599665,6608,995227,9
-3118.9747262541377,6609,995238,3
-11758.766503321389,6610,995336,3
-5073.429487179486,6611,995354,3
-8352.637322258064,6612,995434,3
30871.788010205502,6613,995489,6
15046.324508824508,6614,995547,5
339.8434898434898,6615,995558,3
4655.296521559981,6616,995676,5
32394.690020869755,6617,996030,9
5134.430586960637,6618,996092,4
-16620.008001973947,6619,996235,3
4991.305084664217,6620,996356,5
31884.771459620526,6621,996492,7
-32275.770516248427,6622,996786,4
12752.480268699306,6623,996890,5
24176.19641409501,6624,997101,7
-1942.049062049062,6625,997113,3
9134.466524524065,6626,997302,6
16438.191549973486,6627,997473,6
-7144.66961057518,6628,997621,4
20456.42607392607,6629,997733,6
2775.670995670994,6630,997800,4
22886.88422774335,6631,997947,6
27551.745726323905,6632,998036,6
16844.1539016539,6633,998086,5
17710.65632924344,6634,998154,5
25051.758260444403,6635,998276,6
2974.5818070818063,6636,998377,5
50882.536578507286,6637,998598,9
61988.273809523795,6638,998692,9
11410.600378723446,6639,998961,7
16091.627816627803,6640,999105,6
21609.169226026814,6641,999162,5
23653.95891690011,6642,999285,6
-12146.533600558349,6643,999658,5
-6741.815887715653,6644,999837,5
-5729.199412558545,6645,999881,3
-293.95342720201495,6646,1000171,6
29449.530477692242,6647,1000222,6
16447.31531540355,6648,1000297,5
44976.308315867136,6649,1000370,7
22245.714285714286,6650,1000385,5
23089.009518433202,6651,1000431,5
-13398.700760392843,6652,1000631,4
83109.141042566,6653,1000921,13
23442.80264231066,6654,1001113,6
-5671.0456088029605,6655,1001154,3
-13517.99707237206,6656,1001366,5
22496.751998001997,6657,1001397,5
4046.1098982286994,6658,1001646,6
31390.56541997697,6659,1002034,8
16622.61531661493,6660,1002184,6
-60019.6933052757,6661,1002700,5
-10886.230931306392,6662,1002905,4
-5757.956822159609,6663,1003079,5
35979.47321103313,6664,1003212,7
-4887.778683734567,6665,1003251,3
-2958.3375009922997,6666,1003262,3
-19776.651106246696,6667,1003376,3
18976.17902930403,6668,1003625,8
19120.450521700524,6669,1003655,5
1597.8768453768457,6670,1003873,6
-4102.770134277487,6671,1003892,3
2036.312327378505,6672,1003953,4
39152.77866612232,6673,1004154,8
-8701.79632459044,6674,1004282,4
-20148.698215938042,6675,1004587,5
25288.99531024531,6676,1004673,6
-3240.7359307359307,6677,1004683,3
-9134.877459142162,6678,1004722,3
-582.4593462093463,6679,1004732,3
-1743.073619921502,6680,1005131,7
5007.6668282062665,6681,1005371,5
-10399.870018571186,6682,1005478,3
2937.266314696652,6683,1005562,4
-13210.475476965425,6684,1005827,5
-2970.6788919714654,6685,1006173,6
-7427.872127872127,6686,1006229,3
-74005.94275693344,6687,1006682,3
8983.333333333334,6688,1006694,4
8696.89582132694,6689,1006756,4
-142.57186054400472,6690,1006960,5
-17894.246031746028,6691,1007024,3
-26446.170114715012,6692,1007186,3
-34254.15685445821,6693,1007439,4
-6052.262790314259,6694,1007485,3
-14254.73340882656,6695,1007616,3
-39766.44929631772,6696,1007889,4
1511.102326466105,6697,1008086,5
-64147.14785665831,6698,1008517,4
4238.653128347402,6699,1008696,5
-11813.990640852093,6700,1008876,4
55065.564848953436,6701,1009121,10
-3548.2694388944387,6702,1009131,3
-9576.040561185351,6703,1009196,3
20477.938923395446,6704,1009227,5
-5784.878034547148,6705,1009431,6
30067.42737623685,6706,1009534,6
-15697.396724147886,6707,1009655,3
20553.85127065206,6708,1009831,6
35584.93825618826,6709,1009935,7
20265.571454128807,6710,1010109,6
-6672.589157413833,6711,1010364,5
-15382.024610881032,6712,1010666,5
18223.405824212736,6713,1010763,5
47942.30449697361,6714,1010896,8
-21463.534798534794,6715,1011014,3
26452.79449802863,6716,1011190,7
24580.685364686924,6717,1011374,6
14903.128683322184,6718,1011588,6
845.8710510335898,6719,1011705,4
-9691.471445221443,6720,1011769,3
11016.679954032892,6721,1011893,5
-3300.8333333333335,6722,1011904,3
-7865.979853479853,6723,1011952,3
-11855.833333333334,6724,1012032,3
-3088.358823674343,6725,1012063,3
10370.268844502594,6726,1012207,5
-15157.902549756158,6727,1012433,5
17328.076085397002,6728,1012653,7
22997.844622697565,6729,1012681,5
-7083.690476190474,6730,1012755,4
-12819.374644066396,6731,1012881,3
6643.85151999703,6732,1012897,4
-8776.084167595394,6733,1013205,5
9238.328854667865,6734,1013237,4
1507.9853565710723,6735,1013451,5
-15828.793191672456,6736,1013725,5
4986.442716210515,6737,1013902,5
54660.94808216343,6738,1014126,9
-11966.540199996083,6739,1014193,3
3400.513006421937,6740,1014406,5
19714.882127676246,6741,1014514,6
3496.803951767191,6742,1014578,4
-19912.375685460058,6743,1014829,5
27.103174603174693,6744,1014883,4
12494.764654635002,6745,1015119,7
25442.735973688887,6746,1015297,7
2053.8079533125997,6747,1015542,6
-3800.034231334538,6748,1015801,5
19326.13095238095,6749,1015840,5
8209.813524968324,6750,1015901,4
19111.944999444997,6751,1016025,6
-12089.907893748838,6752,1016113,3
-39494.82389753761,6753,1016505,4
-28762.36741853664,6754,1016885,3
-13712.10198488937,6755,1017065,4
-16123.397484868074,6756,1017148,3
-13335.16565950389,6757,1017393,5
-59872.173252873705,6758,1017875,5
18268.509631708162,6759,1017938,5
-15456.022315317989,6760,1018069,3
-18535.02996507127,6761,1018322,4
5670.665349093057,6762,1018612,7
-8723.32315560257,6763,1018668,3
10313.097041847035,6764,1018768,5
-34457.82131696993,6765,1018934,3
-46829.00601770689,6766,1019390,5
-18287.102536361872,6767,1019533,3
-3548.2694388944387,6768,1019543,3
-962.566738816739,6769,1019554,3
-11119.813231144502,6770,1019631,3
-16352.689920037561,6771,1019825,4
6233.7883349880285,6772,1019929,5
7747.658730158734,6773,1020015,5
-4133.809523809524,6774,1020034,3
16231.185885193241,6775,1020108,5
-14715.10028542149,6776,1020321,5
-3032.0217115186156,6777,1020331,3
-41548.21003772631,6778,1020717,5
35034.822862619185,6779,1021107,9
-1328.695308165459,6780,1021337,5
28420.391786361204,6781,1021539,7
26621.86743854701,6782,1021605,6
-6979.757107449245,6783,1021940,5
2744.8631317942454,6784,1022166,5
5866.614774114774,6785,1022246,5
-9023.097411409126,6786,1022473,4
-8349.449308233532,6787,1022573,3
4183.7970532649315,6788,1022644,4
5955.620074370076,6789,1022752,5
-5942.41768035886,6790,1022937,5
16052.823238852649,6791,1022992,5
7401.893240488441,6792,1023102,5
-21021.817621596838,6793,1023271,3
-3899.0928823068925,6794,1023288,3
17987.870348176075,6795,1023357,5
-3867.511106669389,6796,1023390,3
6238.836163836163,6797,1023545,5
-62787.25558233884,6798,1023976,4
-26123.390581521053,6799,1024199,3
-362.6114558815755,6800,1024353,5
-2463.6718836718837,6801,1024379,3
-840.9179635312851,6802,1024493,4
19279.668203313704,6803,1024540,5
12806.626426633067,6804,1024610,5
12659.933261183261,6805,1024695,5
2754.0924505920634,6806,1024830,5
-24459.279676413447,6807,1024977,3
23361.21796160496,6808,1025247,7
-31797.19634622714,6809,1025505,3
36924.70200744389,6810,1025621,7
-3992.5595238095234,6811,1025639,3
38887.30699855699,6812,1025712,7
-10380.268213898244,6813,1025894,4
-2880.94173907447,6814,1026103,5
-26157.24672318378,6815,1026516,5
-5103.496322714169,6816,1026555,3
-4437.272727272727,6817,1026575,3
8431.642156862745,6818,1026601,4
17051.97829947829,6819,1026732,6
-28079.59836042719,6820,1027080,5
-49146.94425973068,6821,1027476,4
-14962.942505490471,6822,1027622,3
12299.73517237836,6823,1027735,5
-33747.93930269935,6824,1027931,3
-8644.24028328987,6825,1028018,3
-10301.453979457077,6826,1028087,3
-7444.576923598005,6827,1028139,3
-8046.765309218707,6828,1028238,3
5165.499410331519,6829,1028312,4
2788.2615539662975,6830,1028399,4
17412.622295735076,6831,1028612,6
-5540.492912660095,6832,1028724,4
388.01485588527964,6833,1028842,4
-7539.835410015281,6834,1028900,3
9199.153624153627,6835,1029030,5
18309.891652894763,6836,1029211,6
20374.818362751805,6837,1029549,8
6495.675996260359,6838,1029678,5
-5181.605576917357,6839,1029887,5
-4005.337706668976,6840,1029917,3
9009.918325138908,6841,1030043,5
-4149.882013411425,6842,1030071,3
31391.726190476187,6843,1030124,6
23095.488816738816,6844,1030146,5
51051.72799422799,6845,1030209,8
10057.388458223697,6846,1030306,5
-15775.750639981443,6847,1030672,6
-3938.456935221637,6848,1030895,5
-8250.141302196254,6849,1030977,3
-4004.795204795205,6850,1031010,3
8324.226777311396,6851,1031125,5
-3673.9454864880554,6852,1031140,3
1061.640657244373,6853,1031309,5
10356.828449328448,6854,1031326,4
1195.7567234966625,6855,1031467,5
13029.39676744824,6856,1031495,4
-12917.58593535072,6857,1031621,3
-2365.614369290847,6858,1031866,5
-84271.81125870171,6859,1032269,3
-11090.608579551425,6860,1032361,3
14390.026917526917,6861,1032599,7
-27155.104083008486,6862,1032799,4
-10796.954665299987,6863,1033049,5
29762.61904761905,6864,1033099,6
-43494.3004299622,6865,1033286,3
2200.441770049997,6866,1033418,4
6456.7780299765545,6867,1033567,5
2928.5927718110524,6868,1033805,5
19819.187752606867,6869,1033856,5
28555.059523809527,6870,1033918,6
61715.63990915905,6871,1034306,11
33703.69002172727,6872,1034458,7
-2312.864624195893,6873,1034593,4
-21781.471859043868,6874,1034770,3
-23871.5510824315,6875,1034893,3
11288.313353313353,6876,1034966,5
-6705.353416363479,6877,1035040,3
-24087.9250629831,6878,1035434,6
-3329.593915501423,6879,1035445,3
-12227.513464702686,6880,1035532,3
-60235.863102405034,6881,1036095,4
4511.169433851324,6882,1036256,5
20516.027908280226,6883,1036382,6
-18174.572395483778,6884,1036491,3
-14301.789597057725,6885,1036613,3
15325.93462093462,6886,1036696,5
-10752.085969585973,6887,1036779,3
-16225.998837763545,6888,1036893,3
-7250.304413822524,6889,1036952,3
-5877.604158085599,6890,1037330,5
-4493.639693639694,6891,1037359,3
-14179.261445816259,6892,1037497,3
-4697.8662881236405,6893,1037523,3
1437.177340633225,6894,1037663,5
13807.595225981448,6895,1037746,5
10714.010024894564,6896,1037885,5
-16140.260320791518,6897,1037973,3
7119.442480501499,6898,1038282,6
-19528.314383629793,6899,1038508,4
-8388.767747775104,6900,1038564,3
9155.117464702033,6901,1038675,5
13941.572643043231,6902,1038783,5
-5228.28846350701,6903,1039129,6
13264.047831253716,6904,1039232,5
1328.3752685223303,6905,1039411,5
-32687.77060333663,6906,1039670,4
-5017.906721761212,6907,1039692,3
-5756.225177900877,6908,1039809,4
23292.5309157217,6909,1039946,6
-14141.008158508159,6910,1040033,3
14965.663086913086,6911,1040125,5
-3570.8668625406185,6912,1040277,5
-258.31564075759275,6913,1040358,4
25096.16999873192,6914,1040559,7
55203.047226466355,6915,1040620,8
-4065.339105339105,6916,1040642,3
-494.0637402672996,6917,1040747,4
6563.61668783386,6918,1040933,5
16498.01643016425,6919,1041139,6
-4088.3333333333335,6920,1041151,3
24424.485258463596,6921,1041256,6
-8827.257464757466,6922,1041410,4
-5226.841868515713,6923,1041556,4
-15622.370981271917,6924,1041781,5
-4411.740460262132,6925,1041819,3
-67554.81800705171,6926,1042410,4
-7910.799904859504,6927,1042543,4
26443.282412032415,6928,1042632,6
-11455.722274156858,6929,1042825,4
13118.213751118163,6930,1042927,5
6431.684704184705,6931,1042962,4
928.2766236171824,6932,1043132,5
-7679.31832314572,6933,1043301,5
-7142.7204658086985,6934,1043445,4
-3715.624375624376,6935,1043455,3
12118.295454562263,6936,1043582,5
253.36300094813782,6937,1043769,5
-6761.183233261404,6938,1043824,3
-10164.897318453826,6939,1044078,5
-8759.312813089904,6940,1044286,5
-6494.990671523181,6941,1044325,3
-7244.87993859911,6942,1044388,3
-22680.806908964267,6943,1044534,3
-18440.502136752133,6944,1044653,3
12188.318266700619,6945,1044758,5
1584.9630873082879,6946,1044835,4
22064.38492063492,6947,1044905,6
-3294.747894004863,6948,1045020,4
2197.076182116815,6949,1045174,5
-2384.4444444444443,6950,1045190,3
-29782.879757841063,6951,1045322,3
-17446.759982130236,6952,1045472,3
-6234.581325537209,6953,1045626,5
6166.943886866488,6954,1045685,4
-19219.90752215159,6955,1045820,3
20804.066415610538,6956,1046032,7
6799.269266920095,6957,1046198,5
5092.471568679005,6958,1046385,5
4271.9047619047615,6959,1046496,5
-7995.38893619169,6960,1046674,4
-43499.43370355135,6961,1046902,3
20622.074175824175,6962,1046937,5
5215.522858634315,6963,1047094,6
-5915.133173901595,6964,1047254,4
7356.670903187092,6965,1047293,4
19977.537878787876,6966,1047334,5
-6798.081639722507,6967,1047382,3
-691.7214746598609,6968,1047520,4
-17690.546562533196,6969,1047654,3
5956.909437097133,6970,1047870,5
-15739.674908271758,6971,1048017,3
-25480.055403188122,6972,1048246,3
6109.954171835853,6973,1048384,5
-18184.822598502753,6974,1048697,6
52142.07211369717,6975,1049032,11
8050.915762252582,6976,1049251,6
7628.9578477078485,6977,1049289,4
-4624.581640409813,6978,1049318,3
-5410.308025308025,6979,1049347,3
27209.70160085872,6980,1049552,7
23842.11559166668,6981,1049580,5
18412.32683982685,6982,1049649,5
-2123.4114479245054,6983,1049943,5
50539.48099088363,6984,1050066,8
20106.295543122167,6985,1050159,6
-4201.941391941392,6986,1050169,3
-10382.421820955104,6987,1050219,3
-4368.473711321803,6988,1050515,5
22434.777722277715,6989,1050561,5
-14194.453452034726,6990,1050743,4
-6204.541647722763,6991,1050775,3
-3333.5094987571697,6992,1051092,6
-3463.6347439540164,6993,1051207,4
-11605.76515804456,6994,1051299,3
-7728.591052170334,6995,1051379,3
27494.910478882997,6996,1051884,11
21469.45165945166,6997,1051930,5
-25979.058857808857,6998,1052070,3
-16602.705272668507,6999,1052152,3
49665.06639194139,7000,1052271,8
-54641.962351075264,7001,1052739,5
-27792.837660014255,7002,1053091,5
16261.430739397156,7003,1053213,5
9985.75094840174,7004,1053449,6
23107.89779664779,7005,1053715,8
32541.280663780664,7006,1053753,6
16916.715229215228,7007,1053816,5
39084.18878794176,7008,1054392,12
-2012.8571428571427,7009,1054402,3
-6888.754440863575,7010,1054453,3
6488.531042401013,7011,1054673,6
-13252.649879360408,7012,1054765,3
-5367.570480345249,7013,1054863,4
19839.334415584417,7014,1054885,5
14600.204656454654,7015,1054954,5
41760.948520863385,7016,1055089,8
-15988.820078270543,7017,1055190,3
15259.942590089646,7018,1055421,7
32532.977994227993,7019,1055467,6
15878.13588372413,7020,1055562,5
-7274.46165004063,7021,1055609,3
-5195.028584032067,7022,1055641,3
-5657.536907536908,7023,1055665,3
22882.787629037633,7024,1055749,6
-35038.14865603953,7025,1055967,4
-6314.5532724219265,7026,1056015,3
-13097.086998613706,7027,1056242,5
26209.77950218297,7028,1056456,7
-22071.303329023925,7029,1056683,4
-12703.908244477218,7030,1057008,5
-14540.312215304479,7031,1057163,4
5606.523296936457,7032,1057318,5
156.3716933486278,7033,1057634,6
-3528.8636363636365,7034,1057644,3
-3282.968281718282,7035,1057666,3
27037.65480391641,7036,1057751,6
-10402.003538649624,7037,1057921,5
1336.3906926406921,7038,1058046,5
-9082.517482517484,7039,1058099,3
-14780.13831311037,7040,1058245,3
-2894.5939155014235,7041,1058256,3
33693.79723062566,7042,1058634,9
21131.899766899765,7043,1058711,6
4275.818192815095,7044,1058851,5
-10514.270681588792,7045,1058897,3
-15356.879343566648,7046,1059021,3
18011.20308918135,7047,1059154,6
36122.196553446556,7048,1059276,7
-9794.703382273041,7049,1059347,3
-5726.138401931743,7050,1059389,3
-4537.03756499679,7051,1059409,3
-6635.1992963177145,7052,1059448,3
-7612.261351909189,7053,1059520,3
-9770.626734376736,7054,1059570,3
25293.79703629703,7055,1059680,6
20897.82398157398,7056,1059719,5
18136.012994190507,7057,1059935,6
21061.576639304963,7058,1060055,6
-4930.5218555953825,7059,1060257,5
-8678.40834818776,7060,1060312,3
-8335.260795463044,7061,1060367,3
-10046.252251360613,7062,1060440,3
14118.326742701749,7063,1060614,6
-9280.314697250466,7064,1060763,4
-10560.278002385281,7065,1060858,3
-4579.799367299368,7066,1060892,3
-18182.335626190117,7067,1060986,3
-2788.1660270843763,7068,1061137,5
-15309.430153180152,7069,1061194,3
33723.48049044553,7070,1061440,8
-8194.169389249815,7071,1061689,5
6523.444251826606,7072,1061708,4
-8093.915945258349,7073,1062073,6
2969.357627666451,7074,1062107,4
7236.37524304505,7075,1062314,6
4314.930400155027,7076,1062483,5
6821.360134963076,7077,1062517,4
-35004.97826090323,7078,1062831,5
-4529.62481962482,7079,1062858,3
-14885.105678635087,7080,1062945,3
-12911.017801642807,7081,1063023,3
-9216.901709401707,7082,1063079,3
-11182.81805204599,7083,1063263,4
3950.6253115948202,7084,1063359,4
-5532.420572810846,7085,1063496,4
-11098.618867802305,7086,1063614,3
-8266.516816516818,7087,1063661,3
252.99500100003343,7088,1063776,4
-3952.0177494074555,7089,1063802,3
-16807.891381494323,7090,1063925,3
-5510.518338730413,7091,1063975,3
7936.3896466450715,7092,1064193,6
15005.166076613445,7093,1064300,5
-14649.06408291621,7094,1064593,5
9418.005530331378,7095,1064732,5
-20140.847624597624,7096,1064809,3
8617.61904761905,7097,1064877,5
-17888.491654759066,7098,1065144,5
20865.287629037637,7099,1065184,5
16656.625251048292,7100,1065245,5
-5365.279404547984,7101,1065400,4
44665.347717512974,7102,1065558,8
-18215.880342343524,7103,1065673,3
-4763.704906204906,7104,1065710,3
-4290.0407435701545,7105,1065737,3
-26228.798123745884,7106,1066007,4
-19803.119658119653,7107,1066159,3
-23343.25397752887,7108,1066374,3
10057.392327100146,7109,1066402,4
-21042.119555281322,7110,1066667,4
26031.634754134757,7111,1066760,6
12426.05064080675,7112,1067005,6
-20380.376442853896,7113,1067324,5
-72721.75612785906,7114,1067804,3
-60135.84584183856,7115,1068239,3
10148.1346576372,7116,1068401,5
-26665.283310227118,7117,1068816,5
-5780.483462615816,7118,1068847,3
-5144.775592055007,7119,1068900,3
-4215.418886668886,7120,1069024,4
55992.55910755911,7121,1069094,8
22752.946395924333,7122,1069131,5
1335.2086625964382,7123,1069293,5
25898.651847378635,7124,1069397,6
51751.780566784444,7125,1069509,8
-7879.299406089268,7126,1069713,5
37580.847577961584,7127,1069831,7
34724.85930735931,7128,1069866,6
18075.16414141414,7129,1069891,5
8286.505509239643,7130,1069945,4
-4741.339526486585,7131,1069973,3
4483.276825326895,7132,1070162,5
9665.695411614537,7133,1070345,6
2226.860945989295,7134,1070420,4
26665.807775210375,7135,1070493,6
-13801.57889324298,7136,1070599,3
21999.42168434159,7137,1070629,5
6408.78302747304,7138,1070679,4
33686.31658719828,7139,1070884,7
-16741.451750863518,7140,1071120,4
-8178.342724890513,7141,1071264,4
-9896.059479521176,7142,1071738,6
8882.249680573985,7143,1071766,4
-11367.208377278035,7144,1071950,4
-6820.467032967033,7145,1071984,3
1154.5198117772657,7146,1072065,4
44730.63962224568,7147,1072146,7
-575.7686757686757,7148,1072156,3
-2104.4270658821747,7149,1072261,4
-6907.9519925379045,7150,1072299,3
-1124.230899856489,7151,1072535,5
22134.9170916373,7152,1072676,6
-21547.91526935247,7153,1072893,4
20928.920177904314,7154,1073044,6
18925.443446732148,7155,1073098,5
-13874.92626546999,7156,1073342,4
475.7065447022839,7157,1073537,5
-7930.79254079254,7158,1073583,3
13912.794944133953,7159,1073636,5
-31320.307301487657,7160,1073959,5
177.15208402707168,7161,1074109,5
14696.12300603593,7162,1074255,6
-12084.032636946222,7163,1074340,3
-3695.357142857143,7164,1074352,3
-8557.004907011,7165,1074421,3
52075.46725741577,7166,1074598,9
-2992.790226736444,7167,1074707,4
13587.150714240657,7168,1075033,7
15587.566738816744,7169,1075078,5
16907.648564532414,7170,1075316,6
7717.3815664843205,7171,1075462,5
18340.582574675063,7172,1075510,5
-15134.392124902957,7173,1075590,3
-3676.190476190476,7174,1075605,3
-1047.5739293386398,7175,1075853,6
-15340.119047619048,7176,1075908,3
87.16054515771543,7177,1076052,4
18143.326739694778,7178,1076234,6
-8754.656177156176,7179,1076281,3
12117.54237037771,7180,1076550,6
-18502.53292704962,7181,1076781,5
64428.36041718673,7182,1077172,11
-10497.724354893484,7183,1077555,5
15462.820251008763,7184,1077750,6
12030.421800421804,7185,1077885,6
13209.53175178794,7186,1077991,5
-1584.280050015345,7187,1078081,4
-2325.9076671092917,7188,1078282,5
8505.119047619046,7189,1078351,5
2723.069967528173,7190,1078484,5
-9206.583689971068,7191,1078727,5
10419.944431213784,7192,1078818,5
-4660.021882786976,7193,1078842,3
5306.538187577442,7194,1078870,4
5963.9969197020955,7195,1079029,5
-33276.60848072673,7196,1079522,5
-3092.647074287941,7197,1079551,3
-5345.791214579156,7198,1079597,3
16734.206962741326,7199,1079737,5
23742.3152756686,7200,1079865,6
12773.606393606395,7201,1079938,5
-18180.81393855169,7202,1080092,3
-17293.9659186273,7203,1080218,3
6675.092195386313,7204,1080323,5
15377.860020778566,7205,1080447,6
4849.127777579568,7206,1080774,6
7894.890465571578,7207,1080900,5
-22808.86430986865,7208,1081075,3
-3189.7619047619046,7209,1081086,3
7985.700826950829,7210,1081181,5
15598.481171152329,7211,1081261,5
20488.577633666646,7212,1081315,5
-10068.396880896882,7213,1081384,3
-19504.824387858444,7214,1081494,3
24434.4185837177,7215,1081622,6
33928.36555986378,7216,1081681,7
-9616.541465070877,7217,1081737,3
-30426.243259178704,7218,1081974,3
16444.030314585652,7219,1082082,5
-44401.99529637027,7220,1082370,4
-9118.491808114488,7221,1082432,3
981.9694418069091,7222,1082560,5
-3089.679444222788,7223,1082603,3
-10827.593590582554,7224,1082797,4
-11778.339045070848,7225,1083007,4
-1469.1896349694348,7226,1083091,4
16252.752687199281,7227,1083181,5
19881.953185703187,7228,1083243,5
-11923.362067599923,7229,1083589,5
1554.1720779220745,7230,1083708,5
20795.573523698524,7231,1083760,5
2779.894271591168,7232,1083849,4
3877.90552283973,7233,1084006,5
20753.709484959487,7234,1084039,5
-3260.9523809523807,7235,1084052,3
-13001.244352454722,7236,1084294,5
8808.773032523033,7237,1084459,5
-5568.452380952382,7238,1084485,3
-19171.76664752518,7239,1084628,3
9007.617027580254,7240,1084717,5
1375.7276605254144,7241,1084790,4
-12109.716356914501,7242,1084879,3
-2883.3333333333335,7243,1084898,3
-8267.913744223424,7244,1084949,3
-7990.803993048575,7245,1085014,3
56517.218081196384,7246,1085147,9
-28442.39910640131,7247,1085431,3
-24861.761452080456,7248,1085678,4
-8722.878056755766,7249,1085764,3
-1149.0043317965149,7250,1085898,5
-18015.27284588365,7251,1086148,4
-11206.138024557127,7252,1086374,5
-9096.914098972924,7253,1086571,5
-11407.243442187328,7254,1086687,3
39260.067293817294,7255,1086871,8
-42082.38741650505,7256,1087084,3
-6146.171328671328,7257,1087110,3
-5458.817652935301,7258,1087139,3
-4182.811593076686,7259,1087155,3
-73468.4315156975,7260,1087804,5
-21865.9191235396,7261,1087973,3
-3352.6611481913337,7262,1087994,3
13131.404601159546,7263,1088144,5
-14833.043206793209,7264,1088304,4
-16202.719380031564,7265,1088600,5
-15931.374716362518,7266,1088723,3
-1383.9285714285713,7267,1088733,3
-6938.248554850722,7268,1088796,3
-15664.221753394662,7269,1089147,5
-12101.171913741577,7270,1089263,3
-14950.026223776218,7271,1089475,4
-8668.59402787615,7272,1089534,3
-11566.538038527031,7273,1089643,3
-50349.24386501014,7274,1090093,3
-3811.7013990911046,7275,1090117,3
30432.930133591886,7276,1090175,6
6110.555690224807,7277,1090247,4
-50321.85829083759,7278,1090500,3
16660.02736123227,7279,1090611,5
41882.09640849346,7280,1090702,7
-7533.868585834524,7281,1090912,4
18908.65788408358,7282,1090988,5
2711.638712594594,7283,1091103,5
-9067.450808994914,7284,1091244,4
-15028.299392087252,7285,1091392,3
31709.425349528574,7286,1091482,6
18550.2697996448,7287,1091518,5
21220.79018762455,7288,1091714,7
-5460.121229604589,7289,1091739,3
-8487.045192939158,7290,1091804,3
10706.395030837759,7291,1091916,5
8683.89652014652,7292,1091999,5
-26300.717766710404,7293,1092162,3
-32135.743429040678,7294,1092481,4
-35917.622377622385,7295,1092657,3
1223.2586857586862,7296,1092762,5
-17283.09347107142,7297,1092844,3
7682.670596250269,7298,1093158,7
-6938.580420697293,7299,1093203,3
-14362.85409035408,7300,1093292,3
-13504.36981319334,7301,1093393,3
6588.052153655785,7302,1093556,5
15457.718075912737,7303,1093749,6
30501.554834054838,7304,1093796,6
-19701.509948375624,7305,1094047,4
-25035.489472265526,7306,1094294,3
16628.08442601356,7307,1094559,7
-3768.8576741885563,7308,1094570,3
-7833.632213804427,7309,1094617,3
3624.545800589676,7310,1094834,5
6697.138764407848,7311,1094887,4
-7683.731650410863,7312,1095153,5
-2831.344626735493,7313,1095220,4
-19510.132514544293,7314,1095524,6
-4970.0649350649355,7315,1095542,3
-24584.307567432574,7316,1095651,3
-17744.899265004897,7317,1095797,3
-3203.8398933367976,7318,1095807,3
30599.21992299104,7319,1095873,6
68499.8999664934,7320,1096039,9
3110.064935064935,7321,1096076,4
-3926.3274225774226,7322,1096095,3
4263.559284282973,7323,1096197,4
4456.671706608105,7324,1096340,5
82062.23980161651,7325,1096773,14
-14574.663708754266,7326,1096976,5
4610.213655453594,7327,1097059,4
-6544.651451489686,7328,1097093,3
-5553.438289007176,7329,1097122,3
20916.897764043657,7330,1097402,8
-4741.397505573203,7331,1097428,3
-5955.751800192,7332,1097482,3
-4055.466384106095,7333,1097655,5
36630.41935188994,7334,1097768,7
10391.43328893329,7335,1097842,5
26355.81559565306,7336,1097937,6
-11127.904040404042,7337,1098033,3
-16792.137923351154,7338,1098163,3
12746.37674159346,7339,1098238,5
26272.697859845688,7340,1098285,6
41457.015642327206,7341,1098440,7
-4714.047619047619,7342,1098459,3
-18522.455691854924,7343,1098705,4
7307.326562970914,7344,1098772,4
15914.746826764345,7345,1098846,5
-16623.81907823858,7346,1098980,3
-6866.493741037082,7347,1099034,3
-36506.94632916963,7348,1099277,3
-5502.308059587472,7349,1099319,3
-6564.191463990985,7350,1099401,3
-5587.678277175181,7351,1099429,3
-4234.306665556665,7352,1099567,5
-7153.010741352546,7353,1099761,4
-9853.623681277892,7354,1099912,4
12609.845822177478,7355,1099997,5
11664.50092155006,7356,1100087,5
-10124.858365991264,7357,1100317,5
-31981.73985656982,7358,1100573,3
14545.41305916306,7359,1100660,5
21558.815073815073,7360,1100706,5
2966.4154308808697,7361,1100891,5
-6037.60459405314,7362,1100949,3
-4512.460317460318,7363,1100980,3
-13982.546097693154,7364,1101166,5
-8871.272675067265,7365,1101317,4
93836.35734923049,7366,1101635,13
-5982.913752913753,7367,1101664,3
31185.439438055153,7368,1101932,8
33476.014883809,7369,1102125,8
-17973.74965978294,7370,1102242,3
12673.487159555281,7371,1102476,7
20612.594263107032,7372,1102555,5
20924.073366658173,7373,1102618,5
-8853.312711755048,7374,1102682,3
1584.049392085386,7375,1102904,5
17893.783577533573,7376,1102960,5
-20948.30721972422,7377,1103172,4
6079.095451851511,7378,1103239,4
25708.335124536196,7379,1103609,8
-4578.64156268568,7380,1103629,3
-6491.2053458162945,7381,1103679,3
-5914.4995876306275,7382,1103762,3
2018.1599527923067,7383,1103887,5
20386.696629492988,7384,1103935,5
-10311.901330486198,7385,1104378,7
17696.41747141747,7386,1104444,5
18016.057942782605,7387,1104511,5
-6181.624405006758,7388,1104545,3
8337.484050392331,7389,1104821,7
2387.0503009202725,7390,1104914,4
-587.4331563689188,7391,1105050,4
-4503.832174152534,7392,1105075,3
-37270.873248535834,7393,1105489,4
-6334.718494010289,7394,1105527,3
69774.68457567133,7395,1105743,11
-10029.080306947957,7396,1105839,4
-1111.7815425290528,7397,1106032,5
33711.32872029932,7398,1106138,7
13106.45638095135,7399,1106225,5
7506.600692908749,7400,1106266,4
-4013.8211788211793,7401,1106289,3
-11082.090083119496,7402,1106356,3
21717.66705331805,7403,1106560,7
-14602.299857650089,7404,1106666,3
35752.478999758394,7405,1106870,8
-16338.588410195121,7406,1107038,4
14125.591694382332,7407,1107249,6
-20921.7226068621,7408,1107483,4
-4736.513486513486,7409,1107504,3
125.63597828489083,7410,1107632,4
-21472.9539147755,7411,1107816,3
-52173.69912279493,7412,1108431,5
-8348.542521719764,7413,1108503,3
-8278.265006622209,7414,1108722,5
-18945.12133349443,7415,1108827,3
-13424.683109370571,7416,1109034,5
-3434.206349206349,7417,1109045,3
3207.6434676434656,7418,1109164,5
-19191.31313131313,7419,1109261,3
37097.96009546008,7420,1109395,7
7938.168718536366,7421,1109571,6
-25187.40098330462,7422,1109836,5
-8312.07033123209,7423,1109911,3
13801.725283230702,7424,1110104,6
10288.682468221261,7425,1110358,6
-7170.853377881131,7426,1110613,6
-17998.50789518359,7427,1110691,3
71968.43121081706,7428,1110990,11
-7164.359251859251,7429,1111018,3
-7577.55437523433,7430,1111161,4
-13696.177353992753,7431,1111249,3
-2955.6962481962482,7432,1111263,3
-22662.346505618578,7433,1111457,3
-15326.388860544936,7434,1111624,4
1605.9231783438445,7435,1111767,4
10520.001879803842,7436,1111893,5
-1928.4276129786965,7437,1112095,5
3387.500832500833,7438,1112159,4
-8108.095238095238,7439,1112198,3
5622.818226879756,7440,1112369,5
8601.54761904762,7441,1112379,4
-2334.1574436485425,7442,1112566,5
-3787.836099658856,7443,1112694,4
-10212.824242937499,7444,1113069,5
34935.49895731203,7445,1113153,7
4443.48630256912,7446,1113333,6
45275.64153575183,7447,1113413,7
-14693.475617090171,7448,1113496,3
13566.8032891601,7449,1113606,5
20376.806074687265,7450,1113673,5
22368.24578199578,7451,1113704,5
37900.73412698412,7452,1113785,7
-10201.735275631327,7453,1114018,4
4032.7505133755167,7454,1114160,5
-9448.184889585817,7455,1114335,4
-9134.637744141412,7456,1114408,3
24881.337318530906,7457,1114590,7
-4461.520090859464,7458,1114821,5
7895.142333157044,7459,1114862,4
-15115.103270482528,7460,1114957,3
10747.857344968414,7461,1115137,5
-18599.49949046824,7462,1115264,3
-11672.555569430562,7463,1115416,5
-20209.128600157997,7464,1115645,5
15424.77531917724,7465,1115848,6
-11946.252982698417,7466,1116013,5
-138.87513589258356,7467,1116142,4
49007.7763043163,7468,1116403,9
-22572.08856846628,7469,1116629,3
6881.149177619768,7470,1116751,5
31406.170634920632,7471,1116786,6
10894.9016186342,7472,1116894,5
-5654.227411520368,7473,1116933,3
-5253.691602515133,7474,1116969,3
5982.287220648289,7475,1116991,4
25453.192290810315,7476,1117235,7
-9704.15302338551,7477,1117288,3
-41965.12519056773,7478,1117739,4
21484.37460802012,7479,1117822,5
8920.131025020732,7480,1117855,4
17663.532820248067,7481,1117958,5
-5595.122377622377,7482,1117995,3
-3629.3706293706296,7483,1118011,3
14961.500721500726,7484,1118075,5
10817.836394771379,7485,1118315,6
-6056.878121878122,7486,1118343,3
-11884.495701694774,7487,1118428,3
-8486.322151398206,7488,1118499,3
-2894.5939155014235,7489,1118510,3
35707.15372518777,7490,1118737,8
43267.321428571435,7491,1118831,8
-12580.676267859473,7492,1118932,3
-12392.247394941405,7493,1119157,5
595.3823792269388,7494,1119282,4
7208.073593073593,7495,1119296,4
-26153.569094733954,7496,1119554,3
14597.629176379176,7497,1119638,5
24318.62833889536,7498,1119761,6
14297.35486735487,7499,1119824,5
35341.44810503505,7500,1119878,6
3453.1337754093183,7501,1120080,5
11863.928408193107,7502,1120359,7
-6243.396771786864,7503,1120502,4
-6383.873399562252,7504,1120538,3
-1948.7334887334887,7505,1120548,3
3855.38986898894,7506,1120695,5
25338.715945861855,7507,1120794,6
-4173.856421356421,7508,1120822,3
-26917.67724709219,7509,1121178,4
44038.701612285215,7510,1121258,7
27974.667223704866,7511,1121339,6
-9357.983439204416,7512,1121400,3
-7017.820452834284,7513,1121697,5
8841.804584304582,7514,1121802,5
1708.750008161768,7515,1122013,5
-10569.914012454394,7516,1122067,3
16405.96563244977,7517,1122185,5
3662.5507769664127,7518,1122280,4
40984.220496136135,7519,1122600,9
65588.96349141999,7520,1122698,9
-9380.432343013694,7521,1122763,3
-8651.259218722455,7522,1122820,3
-4491.012572953362,7523,1122850,3
17794.778420772327,7524,1123139,7
-13513.712632378183,7525,1123399,5
57952.87714884166,7526,1123602,10
-12303.40374046168,7527,1123954,6
72976.69500719027,7528,1124185,10
-11293.506580059257,7529,1124394,4
-21290.99563469725,7530,1124542,3
70664.93512554324,7531,1124856,11
14280.558970316059,7532,1124962,5
12630.330731360144,7533,1125056,5
-23108.02183514426,7534,1125195,3
-5661.770451770452,7535,1125223,3
11324.145299145299,7536,1125343,5
-33016.66719693909,7537,1125677,4
-3195.445314489432,7538,1125687,3
8364.141623340538,7539,1125875,5
14421.517905766106,7540,1125986,5
-9437.535907719732,7541,1126049,3
-13289.010496129105,7542,1126298,4
-11094.734141632358,7543,1126508,5
3297.0530858030834,7544,1126645,5
20621.75359792426,7545,1126805,6
-17427.40258064949,7546,1126928,4
-27486.354144188168,7547,1127255,5
10557.495948968486,7548,1127505,6
-7825.065218579152,7549,1127649,4
45951.73534798535,7550,1127733,8
-18636.524797060974,7551,1128001,5
11545.508163203516,7552,1128282,6
-5279.555815271762,7553,1128454,4
4186.3729521682335,7554,1128634,5
-12378.61915861916,7555,1128691,3
-13600.541125541127,7556,1128761,3
-7950.358328891611,7557,1128802,3
-9299.919847779673,7558,1129073,5
16210.077697285507,7559,1129183,6
-38738.11698921993,7560,1129495,5
41608.74412225726,7561,1129822,9
-76.15467865468145,7562,1129986,5
-5066.879509379511,7563,1130020,3
-4783.161005661005,7564,1130184,5
14160.362841922439,7565,1130294,5
-19653.292179232856,7566,1130573,5
6653.548265460022,7567,1130746,6
4583.382030551147,7568,1130872,5
11371.703562138346,7569,1130908,4
7949.02181152181,7570,1130931,4
26337.721844139774,7571,1131076,6
-39009.9959848373,7572,1131386,4
-12770.482167471331,7573,1131489,3
26643.67311168252,7574,1131619,6
44224.871049102934,7575,1131798,8
-31346.922881040533,7576,1131960,3
9789.90468100796,7577,1132082,5
3551.538710941323,7578,1132170,4
5049.3821142737615,7579,1132322,5
-5858.636086285495,7580,1132566,5
-3934.415584415585,7581,1132585,3
776.4264235936046,7582,1132701,5
9695.526973026972,7583,1132803,5
-5093.202295117425,7584,1132840,3
26860.632956654634,7585,1133032,7
3233.9208014208016,7586,1133132,5
-4300.374272700123,7587,1133163,3
64064.59341182666,7588,1133413,9
50453.45432761924,7589,1133602,9
17887.879620379612,7590,1133729,6
19709.383116883117,7591,1133751,5
9861.048718018197,7592,1133903,5
-4976.214446981205,7593,1133942,3
-23149.813199786124,7594,1134182,4
-4815.094905094906,7595,1134209,3
-5873.7993682014585,7596,1134254,3
-2609.3745143745145,7597,1134268,3
-41850.629821740156,7598,1134503,3
-4540.327959149554,7599,1134628,4
7805.174364034647,7600,1134883,6
-7187.603031983194,7601,1134943,3
-3771.6217116217113,7602,1134961,3
35463.71229260935,7603,1135079,7
-2152.4864138699295,7604,1135227,5
3422.9516235958877,7605,1135300,4
-2739.092364678665,7606,1135309,3
-6283.847305664676,7607,1135354,3
-22903.12118437119,7608,1135489,3
4301.405803304032,7609,1135671,6
-21855.531884481188,7610,1135898,5
-4454.209124209125,7611,1135924,3
-5756.331393279925,7612,1135960,3
3511.0372393344533,7613,1136158,5
-5325.599607435907,7614,1136186,3
7999.662243716039,7615,1136351,5
20767.001081134204,7616,1136391,5
-5773.0630704005325,7617,1136433,3
-5611.537173640586,7618,1136542,4
2036.253440187265,7619,1136631,4
-2779.645615392518,7620,1136791,5
-30400.63408637846,7621,1137290,5
-6669.247907050044,7622,1137365,3
-15953.69977244977,7623,1137591,4
-12882.123015873018,7624,1137670,3
-4992.14048378522,7625,1137703,3
1319.6218097329465,7626,1137922,5
-15854.76057009726,7627,1138024,3
-5900.218104482675,7628,1138089,3
2068.3528766984646,7629,1138153,4
15991.526251526246,7630,1138186,5
-136.30004906514262,7631,1138310,5
-14677.103682167704,7632,1138469,3
-6906.32117882118,7633,1138580,4
-9855.281529615893,7634,1138663,3
-23568.05922706466,7635,1138868,3
14708.860136681345,7636,1138973,5
14298.27380952381,7637,1139016,5
46258.662341700285,7638,1139217,8
13734.638923597902,7639,1139291,5
12034.932602769122,7640,1139418,5
8980.201228939619,7641,1139530,5
-17154.148955619545,7642,1139641,3
-3608.197317388494,7643,1139665,3
7107.68016855865,7644,1139719,4
-1033.2577145077144,7645,1139830,4
954.841269841271,7646,1139936,5
16021.705559742528,7647,1140028,5
-4076.8395493395496,7648,1140046,3
-17292.539997841854,7649,1140171,3
9759.510212010213,7650,1140283,5
-2031.1057746003603,7651,1140451,5
12759.888630890955,7652,1140513,5
-22580.39050818464,7653,1140725,3
-13484.416889847264,7654,1140945,4
8550.42045208198,7655,1141164,6
11278.293226381467,7656,1141280,5
41108.64402754107,7657,1141367,7
-31643.858699630357,7658,1141708,5
22856.704961704963,7659,1141802,6
-7713.766221738354,7660,1141972,4
23246.822040292256,7661,1142143,6
22983.234126984127,7662,1142163,5
61925.030857916914,7663,1142263,9
-6816.525016465179,7664,1142432,4
12056.807784205148,7665,1142530,5
16965.461762603998,7666,1142597,5
18872.205644027305,7667,1142802,6
-494.6428571428571,7668,1142813,3
21149.140504714476,7669,1142873,5
-1204.3108818874416,7670,1143069,5
18542.45879507489,7671,1143127,5
-6711.214398346748,7672,1143291,4
467.4962522147566,7673,1143468,4
4208.639992618321,7674,1143549,4
14310.915065326826,7675,1143661,5
43582.09518422756,7676,1143747,7
29528.72817284193,7677,1143906,7
-6725.09942779099,7678,1144035,4
11342.242724595659,7679,1144128,5
14054.798396048402,7680,1144216,5
4416.338589339498,7681,1144327,4
34855.48260197834,7682,1144485,7
20788.333333333332,7683,1144491,5
24843.889114371006,7684,1144600,6
12254.712493818537,7685,1144925,7
14620.871420246414,7686,1145035,5
11835.252051869697,7687,1145113,5
-3905.4978354978357,7688,1145130,3
-45527.402121871935,7689,1145566,5
-4152.389081506729,7690,1145578,3
-6625.531900589951,7691,1145630,3
-8381.50437707848,7692,1145724,3
36814.76995226996,7693,1145955,9
-962.566738816739,7694,1145966,3
-5301.504753846087,7695,1146003,3
-4013.8211788211793,7696,1146026,3
-6526.561015094296,7697,1146053,3
84600.18549990529,7698,1146232,11
1205.3682253157604,7699,1146433,5
-8789.930677502904,7700,1146499,3
22433.53275680288,7701,1146611,6
69682.21313086637,7702,1146702,10
-4356.932214223911,7703,1146850,4
-3691.466209873717,7704,1146869,3
-2385.7387658780776,7705,1147087,5
14704.375,7706,1147113,5
-15200.892857142859,7707,1147198,3
-8737.37041725045,7708,1147421,4
-16140.086645866373,7709,1147714,4
649.3050426525633,7710,1147795,4
-6765.802457346575,7711,1147824,3
955.4375513547325,7712,1147905,4
-12542.147307456908,7713,1148020,3
-27803.300320895127,7714,1148419,5
-3468.5714285714284,7715,1148439,3
-3464.5979020979016,7716,1148464,3
-5833.91558658957,7717,1148516,3
-28228.275760632027,7718,1148952,5
17317.601348814584,7719,1149124,6
-9053.571428571428,7720,1149170,3
18429.82668604186,7721,1149456,8
32253.783339982998,7722,1149643,7
-8880.369630369629,7723,1149687,3
-29665.29821538,7724,1150052,4
-23283.496177499983,7725,1150233,3
-26440.69668420676,7726,1150593,5
41614.61977156831,7727,1150668,7
34474.79888167387,7728,1150779,7
-6685.892857142857,7729,1150809,3
17623.69472954744,7730,1151015,6
19754.232556659026,7731,1151044,5
-2757.398851148851,7732,1151055,3
-5337.452390800672,7733,1151084,3
20638.447576895513,7734,1151187,5
10927.515768545189,7735,1151301,5
-2415.2020202020203,7736,1151316,3
-5777.708700613112,7737,1151342,3
4948.5858938290285,7738,1151423,4
-11211.550272707056,7739,1151618,4
-20425.73235405841,7740,1151741,3
-4948.451817145702,7741,1151756,3
38332.80164082192,7742,1151959,8
-20297.89044289044,7743,1152169,5
-17407.324139139146,7744,1152389,4
12053.929364409241,7745,1152628,7
-13868.777663735225,7746,1153003,6
8225.379204129205,7747,1153037,4
-4382.695766565713,7748,1153371,6
-459.3867243867244,7749,1153383,3
7718.1977317058545,7750,1153658,6
-3140.124149586224,7751,1153679,3
38782.3611111111,7752,1153835,8
-2541.3988421708996,7753,1153904,4
-13845.06723631135,7754,1154116,4
38426.85417459217,7755,1154346,8
27937.767548358894,7756,1154437,6
22591.469225219225,7757,1154465,5
22130.00074272133,7758,1154495,5
7035.216935851269,7759,1154641,5
-4885.183982683983,7760,1154656,3
-5087.389081506728,7761,1154688,3
19573.15384370531,7762,1154877,7
21538.645539243367,7763,1154902,5
3900.6529978392873,7764,1155055,5
34330.285144636924,7765,1155177,7
43961.19776745518,7766,1155309,8
2512.2034240908797,7767,1155579,5
7676.271389055748,7768,1155725,5
-4070.0,7769,1155743,3
-5075.357142857143,7770,1155759,3
9708.215130457782,7771,1155798,4
-5031.4420753115055,7772,1155823,3
10134.71616321714,7773,1155980,5
51123.74999999999,7774,1156076,8
5732.274531024533,7775,1156127,4
15868.679514929523,7776,1156264,6
-1157.1787183367487,7777,1156347,4
4718.851712657825,7778,1156401,4
-8217.7614556328,7779,1156449,3
-6752.290209790212,7780,1156484,3
-8468.219775864343,7781,1156744,5
-5028.421817905177,7782,1156784,3
-27788.541801335923,7783,1156979,3
3663.0945190000893,7784,1157198,5
-14626.77521223187,7785,1157283,3
37096.45587057908,7786,1157507,7
16774.622109916225,7787,1157568,5
8295.113543381056,7788,1157586,4
-7076.801313322149,7789,1157661,3
27039.39095218507,7790,1157848,7
42800.48149073149,7791,1157893,7
-2270.870795870796,7792,1157916,3
4977.489177489177,7793,1157954,4
-6317.441993635879,7794,1157984,3
16287.33159599259,7795,1158026,5
-25355.64615716428,7796,1158282,3
-3348.2683982683984,7797,1158305,3
-39114.66129652091,7798,1158796,6
-30780.503218401813,7799,1159072,4
-6768.043068043068,7800,1159126,3
-3592.9548964107794,7801,1159204,4
-15939.825954728336,7802,1159340,3
-8144.154318978233,7803,1159463,4
11744.416196548553,7804,1159560,5
5571.038472406507,7805,1159613,4
39506.53255779383,7806,1159736,7
12796.425518925518,7807,1159819,5
20151.23090274019,7808,1159865,5
47749.31956931957,7809,1159923,7
36313.61679578591,7810,1159970,6
31310.624236874235,7811,1160008,6
19275.702967483154,7812,1160059,5
-6143.697404891295,7813,1160107,3
-9592.263166456196,7814,1160211,3
51599.6741004094,7815,1160372,9
22263.606671106678,7816,1160466,6
24211.58103775533,7817,1160610,6
-10031.285030329153,7818,1160707,3
4793.045288045289,7819,1160835,5
8056.168391292225,7820,1160883,4
-791.5422919686599,7821,1161264,6
33593.36717214637,7822,1161362,6
-1399.3069430569421,7823,1161427,4
-3882.7422618231553,7824,1161607,5
59432.55195247648,7825,1161777,9
-11777.324064824063,7826,1161870,3
8363.393041427089,7827,1161915,4
-5441.056553740376,7828,1162051,5
37287.74473075944,7829,1162132,7
-6289.308998535004,7830,1162190,3
10582.927721143667,7831,1162334,5
78717.15015376778,7832,1162462,10
-14864.463277912757,7833,1162719,4
-3926.6400266400265,7834,1162729,3
10511.388826629693,7835,1162889,5
-4472.972582972582,7836,1163028,5
-12349.577472750847,7837,1163104,3
6716.525381001272,7838,1163300,5
-4320.743561993566,7839,1163450,5
16221.404082029083,7840,1163498,5
-10166.819638694638,7841,1163577,3
-12621.05512230549,7842,1163794,4
-11249.900374822972,7843,1163886,3
-20589.297608099263,7844,1164046,3
67265.40697176922,7845,1164206,10
30479.899251075727,7846,1164289,6
3895.033463913108,7847,1164334,4
20793.057204233668,7848,1164409,5
3241.827975740174,7849,1164542,4
-33134.31540378979,7850,1164923,5
6448.663003663008,7851,1164961,4
-14530.475865816928,7852,1165398,5
-1133.9285714285713,7853,1165409,3
-7135.566625665059,7854,1165501,3
1559.52097953646,7855,1165604,4
16150.758139564256,7856,1165644,5
5774.973093641824,7857,1165695,4
21749.553378552984,7858,1165769,5
-4937.267424359715,7859,1165792,3
-28215.367311912512,7860,1166013,3
-12088.095238095239,7861,1166089,3
25626.576258708617,7862,1166149,6
-26017.353977721657,7863,1166367,4
-9846.889578429824,7864,1166462,3
-2964.02852793622,7865,1166559,4
31297.46640592809,7866,1166634,6
22268.928571428572,7867,1166671,5
7878.4633997659785,7868,1166769,5
-360.50505050505046,7869,1166780,3
-3528.8636363636365,7870,1166790,3
-11670.43651194429,7871,1166931,3
53626.15856365854,7872,1167047,9
-14434.444444444443,7873,1167110,3
54467.52969800263,7874,1167200,8
-5805.112780352415,7875,1167239,3
-5172.879889073774,7876,1167260,3
20798.745620349713,7877,1167438,6
17616.732710444016,7878,1167504,5
20025.0,7879,1167511,5
18527.58818065319,7880,1167570,5
-10946.635061112669,7881,1167639,3
10921.710479466836,7882,1167864,6
16492.43347338936,7883,1167886,5
9398.841456745868,7884,1168006,5
21870.163259401048,7885,1168052,5
6618.669011278801,7886,1168196,5
-4646.3940226440245,7887,1168234,3
-8078.805307312526,7888,1168592,6
7115.64357726896,7889,1168745,5
25130.72636921902,7890,1168878,7
-5640.587616073294,7891,1169163,6
4797.555033601775,7892,1169375,6
19352.596847596855,7893,1169483,6
11335.154983904986,7894,1169547,5
19557.61377511377,7895,1169595,5
-2517.7487141341603,7896,1169776,5
27779.315104829813,7897,1169835,6
-2320.8333333333353,7898,1169922,5
23173.80647130647,7899,1169947,5
34344.14862914864,7900,1170000,6
16715.33952158952,7901,1170036,5
-14739.32665373842,7902,1170135,3
-15328.264114290156,7903,1170343,4
2050.098235098236,7904,1170438,4
291.0596678862919,7905,1170506,4
-12160.023630909856,7906,1170594,3
-8326.725655777343,7907,1170653,3
-4847.970554772026,7908,1170805,4
41272.07866479925,7909,1170852,7
-3119.306943056943,7910,1170868,3
1782.4939862862184,7911,1171059,5
1227.5631944015197,7912,1171166,4
-3005.95927910351,7913,1171415,5
37621.44212405241,7914,1171503,7
-3355.1099167430466,7915,1171597,4
-5365.896256521256,7916,1171632,3
-6422.6036850146775,7917,1171684,3
-11617.140714462701,7918,1171913,5
-74790.74826317478,7919,1172264,3
-3230.274725274726,7920,1172275,3
76884.934319515,7921,1172578,11
23614.012907027613,7922,1172700,6
-3569.5259482164674,7923,1172731,3
-2928.690476190476,7924,1172742,3
-1073.6507936507937,7925,1172753,3
22640.71231283447,7926,1172967,6
64957.81690531691,7927,1173132,10
-9372.431490321349,7928,1173271,4
9669.610613844361,7929,1173469,6
49193.50090183294,7930,1173614,8
-18908.76592812932,7931,1173715,3
64939.57334697465,7932,1173993,11
20778.940369915636,7933,1174376,8
32789.86194361195,7934,1174431,6
1854.2310544632514,7935,1174558,4
-8069.574641260006,7936,1175034,7
-4538.288378288378,7937,1175052,3
-4378.664835144484,7938,1175077,3
-7310.028573722464,7939,1175131,3
23182.89596273292,7940,1175224,6
4588.045995579473,7941,1175463,6
13986.46568709069,7942,1175655,6
31808.57142857144,7943,1175685,6
-185.19572747513485,7944,1175882,5
-40965.162545143256,7945,1176357,5
45595.429198120095,7946,1176443,7
-17594.50930144398,7947,1176529,3
-1740.591858047357,7948,1176691,5
23991.6829004329,7949,1176777,6
631.6919967287618,7950,1177031,6
7819.042589381538,7951,1177284,6
-14701.587995337997,7952,1177408,3
41567.45189023372,7953,1177629,8
-14563.427369429155,7954,1177687,3
-1380.5475815034642,7955,1177830,5
-7794.256160506157,7956,1178068,6
-13848.710317460313,7957,1178166,3
-21284.779106805723,7958,1178364,3
9741.784881784884,7959,1178400,4
5215.1300884526245,7960,1178793,7
18969.52539290774,7961,1178825,5
-26903.793901535064,7962,1179152,4
48617.614296178544,7963,1179316,8
21921.1507936508,7964,1179341,5
-13458.648066935086,7965,1179476,3
-9492.468169486998,7966,1179705,5
-7688.315365190367,7967,1179755,3
6433.554788864386,7968,1179894,5
-5232.749897161663,7969,1179924,3
17774.035683743503,7970,1179993,5
21606.337771705417,7971,1180032,5
-5438.949938949939,7972,1180060,3
-9678.04029304029,7973,1180114,3
12355.106290768053,7974,1180202,5
17342.761544011544,7975,1180245,5
-26689.85211532085,7976,1180398,3
-39238.683964814,7977,1180653,3
-5026.115551115551,7978,1180669,3
-2515.5089114531875,7979,1180822,4
20583.21733413645,7980,1180872,5
-30990.43015835734,7981,1181191,4
-25708.54491569661,7982,1181419,3
-24982.84447373308,7983,1181686,4
-8981.698847248386,7984,1181765,3
-8160.299055519649,7985,1181843,3
-21046.37590195561,7986,1182069,3
-7039.026084854257,7987,1182114,3
18775.198384132207,7988,1182277,6
19856.457168992,7989,1182301,5
21778.404638937795,7990,1182357,5
-13731.43162823414,7991,1182511,3
16771.879370629365,7992,1182539,5
-30541.614720418882,7993,1182819,3
-3716.190476190476,7994,1182831,3
16126.142527745284,7995,1183005,6
19195.81321456322,7996,1183054,5
3581.6198507375,7997,1183176,5
11183.362618916779,7998,1183332,5
-1246.111111111111,7999,1183342,3
19641.197110423116,8000,1183386,5
13312.248707175178,8001,1183425,5
24212.765392287452,8002,1183530,6
38901.196878146904,8003,1183621,7
3796.9055944055926,8004,1183660,4
13790.3171774476,8005,1183776,5
1767.6459842616987,8006,1183919,5
747.0339899552447,8007,1184070,5
-7440.190276357783,8008,1184342,5
-8482.600732600733,8009,1184407,3
3536.931002620867,8010,1184560,5
-5510.055916305917,8011,1184588,3
42295.59325859635,8012,1184854,9
17550.336330336337,8013,1184903,5
31381.067682317684,8014,1184972,6
-1277.9365079365077,8015,1184992,3
16634.182202601318,8016,1185043,5
-8374.447265410887,8017,1185112,3
21974.777438221878,8018,1185261,6
16369.415445665447,8019,1185308,5
20950.790802129475,8020,1185637,8
49802.15223910076,8021,1185699,7
-2874.5130480114994,8022,1185874,4
-5799.379604057941,8023,1185922,3
-5963.595777287731,8024,1185975,3
30490.12435228706,8025,1186189,8
26176.841491841496,8026,1186224,6
-22136.25483864266,8027,1186475,3
379.8993435129359,8028,1186671,5
-10075.576016559835,8029,1186782,3
-4980.618713669932,8030,1186968,5
-5130.531968031968,8031,1187009,3
17128.27944114709,8032,1187053,5
15695.37496945779,8033,1187148,5
34320.17406204905,8034,1187213,6
2433.2042957042886,8035,1187269,4
-4953.414629745899,8036,1187303,3
5390.538388340249,8037,1187555,6
-21808.62837579706,8038,1187991,5
-15115.312514283103,8039,1188057,3
-12118.496975099428,8040,1188282,4
2253.695369623421,8041,1188353,4
-19970.445188813068,8042,1188494,3
-5703.424358934016,8043,1188537,3
-5075.133695386588,8044,1188578,3
-5444.679487179488,8045,1188609,3
14131.479055679618,8046,1188747,5
31351.114718614717,8047,1188785,6
39051.538028964496,8048,1188934,7
-8662.940115440117,8049,1188961,3
-4455.246075350817,8050,1188992,3
-8525.821460960775,8051,1189082,3
37057.45429127975,8052,1189205,7
4347.248408196541,8053,1189366,5
-2894.5939155014235,8054,1189377,3
-1624.2730880230881,8055,1189388,3
-3693.0402930402934,8056,1189399,3
-8204.506761065097,8057,1189459,3
7448.085384043203,8058,1189565,5
21071.882812320124,8059,1189709,6
14945.23522336796,8060,1189805,5
13299.764949747525,8061,1190036,6
-3727.4286609503333,8062,1190071,3
-5410.516150516151,8063,1190098,3
2723.5625036727984,8064,1190268,5
-24166.164167896644,8065,1190517,4
-11351.087713179719,8066,1190628,3
-5020.389046582933,8067,1190648,3
-5505.036107683166,8068,1190689,3
-14773.591686091688,8069,1190764,3
3276.2137527075533,8070,1191041,6
44610.18398268398,8071,1191073,7
32798.65021695709,8072,1191141,6
21405.121420976688,8073,1191174,5
-11049.824241581546,8074,1191250,3
-4282.810595780882,8075,1191358,4
-7469.605451737805,8076,1191588,5
-24458.78263764101,8077,1191737,3
19133.72682872683,8078,1191802,5
-8050.257030569831,8079,1191885,3
2864.1486722902237,8080,1192089,5
-4777.941919191919,8081,1192110,3
-23625.17714483658,8082,1192296,3
7326.836085311319,8083,1192354,4
-8204.887424666831,8084,1192431,3
-11150.74516477524,8085,1192689,4
-5652.953685700486,8086,1192885,4
-17936.998974631653,8087,1193230,5
12440.07347704194,8088,1193330,5
17501.984126984127,8089,1193357,5
-3032.0217115186156,8090,1193367,3
-8353.456273286916,8091,1193445,3
21673.4694591253,8092,1193631,6
10995.026471206811,8093,1193661,4
5633.531324196961,8094,1193825,6
72683.2221944722,8095,1193935,10
32100.80231601903,8096,1194012,6
-21439.1519932932,8097,1194183,3
12626.381861602447,8098,1194282,5
6309.0509204847485,8099,1194432,5
-7557.266847966724,8100,1194502,3
-319.9004715054334,8101,1194756,5
-21228.544257151734,8102,1194849,3
-5933.10606060606,8103,1194877,3
-12092.256697550816,8104,1194967,3
-2228.509983831698,8105,1195200,6
42339.93145743145,8106,1195256,7
-8771.109491400744,8107,1195321,3
-6971.607870592188,8108,1195365,3
-7659.979416008827,8109,1195410,3
-4283.076693473366,8110,1195529,4
29614.012436222194,8111,1195631,6
4731.917035492887,8112,1195682,4
-8353.143126653189,8113,1195747,3
-11839.359963547175,8114,1195835,3
-5043.087406311998,8115,1195866,3
-10633.329167803526,8116,1195977,3
35146.69855729066,8117,1196017,6
10173.90931372549,8118,1196030,4
22002.173251585016,8119,1196072,5
26112.65166206343,8120,1196142,6
-19498.09229033182,8121,1196322,3
22680.415882062556,8122,1196482,6
14832.952741702742,8123,1196532,5
-4570.998307248308,8124,1196615,4
-1773.6964389632046,8125,1196992,6
-6147.129918155457,8126,1197162,4
-12689.816108813782,8127,1197224,3
-12142.037449732637,8128,1197321,3
14797.486055611056,8129,1197409,5
-742.1428571428571,8130,1197418,3
-27291.973980667775,8131,1197818,4
-6405.101287601288,8132,1197862,3
-28788.46739174138,8133,1198172,6
-607.1428571428571,8134,1198182,3
-11211.149646086855,8135,1198253,3
-35278.40440154101,8136,1198556,4
-16151.399708093908,8137,1198679,3
-9666.417335287073,8138,1198938,5
5821.281631058323,8139,1199002,4
-7225.383144959989,8140,1199060,3
14212.491887627333,8141,1199166,5
8971.020043982508,8142,1199200,4
11771.370134429771,8143,1199292,5
-6628.825825662126,8144,1199342,3
16991.35046045323,8145,1199406,5
-6525.983395689278,8146,1199523,4
5982.310083707143,8147,1199797,7
33437.98152011387,8148,1199860,6
-6393.979821497657,8149,1200059,4
-24983.117772750134,8150,1200269,3
54864.8277253792,8151,1200425,9
26208.57742268388,8152,1200505,6
19379.51733444574,8153,1200556,5
23488.672346718955,8154,1200671,6
-10472.55695156238,8155,1200853,4
18305.017617849764,8156,1200942,5
7021.211762094112,8157,1201103,5
-14162.914341532576,8158,1201472,5
-4229.521679301091,8159,1201487,3
-20313.210437653168,8160,1201621,3
18499.971319530145,8161,1201748,6
-5587.187122518005,8162,1201793,3
-11329.085285629404,8163,1201862,3
-10833.993620758323,8164,1201918,3
-73865.42310243941,8165,1202472,4
16909.13371286437,8166,1202558,5
-31123.089318307946,8167,1203001,5
-10465.41352094758,8168,1203098,3
5528.379056526256,8169,1203284,5
3584.7792485292457,8170,1203360,4
-13080.850464130704,8171,1203434,3
-10007.208187446797,8172,1203729,5
21422.224164724164,8173,1203762,5
25117.301587301587,8174,1203808,6
-20032.324365866476,8175,1203981,3
-16623.9219114219,8176,1204075,3
2571.6437801964125,8177,1204269,5
1395.5555555555557,8178,1204281,3
1765.6132756132774,8179,1204345,4
-11838.043983879901,8180,1204424,3
-21339.542957042966,8181,1204580,4
-39182.094399174544,8182,1205057,4
-4464.431818181818,8183,1205089,3
21154.304883283214,8184,1205237,7
-41883.87178238638,8185,1205549,3
30560.11359233303,8186,1205743,8
24270.11904761905,8187,1205798,6
14441.27371274237,8188,1205908,5
-4464.326727194375,8189,1205934,3
10761.128839340905,8190,1206096,5
21885.16774891775,8191,1206110,5
28325.8658008658,8192,1206130,6
19765.86038961039,8193,1206175,5
26387.25239930349,8194,1206298,7
-7998.203695650254,8195,1206374,3
-14362.984502728243,8196,1206499,3
19332.10715046048,8197,1206578,5
28103.155941280944,8198,1206672,6
-1830.499569874567,8199,1206760,4
-6314.834820752003,8200,1206810,3
-20840.207390648568,8201,1207060,4
-37251.60414705699,8202,1207573,5
-4905.852403315641,8203,1207724,5
19987.516650016645,8204,1207757,5
1939.4603231735568,8205,1207961,5
-3101.5584415584417,8206,1207971,3
19890.805405894418,8207,1208112,6
15534.875386520645,8208,1208183,5
56660.99754830611,8209,1208466,10
4524.530747030747,8210,1208494,4
5175.812222907808,8211,1208542,4
-2894.5939155014235,8212,1208553,3
19786.798004197382,8213,1208664,6
20927.13199731303,8214,1208716,5
-7127.081815546775,8215,1208898,4
14843.582009469495,8216,1209003,5
49960.271807440935,8217,1209120,8
144.51157201931107,8218,1209244,4
-6503.684056935572,8219,1209287,3
-5163.28460474779,8220,1209310,3
-15778.278049975701,8221,1209605,5
13546.154401154405,8222,1209662,5
27193.76218960778,8223,1209810,6
19049.74955599956,8224,1209850,5
1019.7013620568234,8225,1210038,5
43336.749245941195,8226,1210422,10
1209.2578610031358,8227,1210640,5
4902.63348321785,8228,1210727,4
5175.245063989984,8229,1210911,5
53211.507634951915,8230,1211051,8
16396.580078672305,8231,1211185,5
-7050.960683940727,8232,1211254,3
-3928.363511488512,8233,1211297,3
-16098.451562179009,8234,1211409,3
-932.0181326279048,8235,1211516,4
16864.96008233403,8236,1211729,6
19039.436274509808,8237,1211756,5
8228.703324677434,8238,1211986,5
-5596.168831168832,8239,1212026,3
4450.235278996892,8240,1212099,4
-4393.542690539594,8241,1212121,3
-10820.249100138428,8242,1212206,3
-25859.455429792295,8243,1212482,3
-3759.180402930404,8244,1212512,3
-9587.83784789753,8245,1212578,3
16628.886214404793,8246,1212749,6
8293.807728863847,8247,1212884,5
-10251.349317177494,8248,1212949,3
-11643.774231851039,8249,1213085,3
-294.97930065328546,8250,1213190,4
-10236.7525263694,8251,1213273,3
-5296.310714337639,8252,1213407,4
-48269.52862783665,8253,1214022,5
22306.097874549592,8254,1214148,6
77020.48846986347,8255,1214243,10
-9247.65493036226,8256,1214411,4
-2711.7857142857138,8257,1214423,3
38261.290164084276,8258,1214524,7
19380.198412698413,8259,1214548,5
21893.384736178854,8260,1214584,5
34109.55281302804,8261,1214661,6
-5777.400744680156,8262,1214693,3
40228.99645289351,8263,1215023,9
23500.218253968254,8264,1215046,5
36639.23557651499,8265,1215083,6
76309.62386104047,8266,1215190,10
30322.475098430976,8267,1215388,7
-29860.780285722507,8268,1215572,3
-11409.398934398936,8269,1215660,3
14550.740231990227,8270,1215734,5
29731.093073593074,8271,1215766,6
14176.176528579766,8272,1216009,7
46281.082251877866,8273,1216276,9
23331.4099943744,8274,1216415,6
22941.197005608774,8275,1216500,6
-6514.567729312323,8276,1216725,5
53229.9937101867,8277,1216845,8
8224.768842268842,8278,1216953,5
-11859.204582173184,8279,1217070,3
-16062.862148864722,8280,1217224,3
4367.768317853458,8281,1217280,4
12748.890369083361,8282,1217324,4
12379.307803909196,8283,1217434,5
-2520.0891336874156,8284,1217529,4
-1359.8015873015866,8285,1217613,4
-7571.68984082914,8286,1217868,5
-3156.385281385282,8287,1217880,3
30672.627233877236,8288,1217932,6
8508.95129438696,8289,1218187,6
3648.1799865081603,8290,1218241,4
-3838.178488178488,8291,1218252,3
-3065.7326741885568,8292,1218264,3
-3556.5112828348133,8293,1218458,5
12437.884622472473,8294,1218551,5
-8116.007188228381,8295,1218645,3
-8897.476427010715,8296,1218712,3
-4394.82058539874,8297,1218783,3
3941.863496662849,8298,1218852,4
2017.7748930393154,8299,1219023,5
-32125.37462021981,8300,1219356,4
-4672.193767919387,8301,1219390,3
-42305.031177757475,8302,1219806,3
1225.8323895746546,8303,1220027,5
-5375.853313353314,8304,1220062,3
-6146.825396825397,8305,1220094,3
-22994.15003088177,8306,1220275,3
-19232.56673881674,8307,1220352,3
5722.210780985519,8308,1220582,5
18142.89904539905,8309,1220629,5
657.6781523859727,8310,1220822,5
2189.723544429427,8311,1220889,4
-11821.560245310247,8312,1220953,3
-18255.123776722066,8313,1221091,3
-5661.041588915041,8314,1221131,3
13711.157433551845,8315,1221272,5
-2355.595238095238,8316,1221283,3
38658.63025863025,8317,1221405,7
2195.4111583756767,8318,1221487,4
-9193.80956158154,8319,1221693,4
35502.935418339825,8320,1221794,7
-41592.5766932848,8321,1222106,3
10032.299189029063,8322,1222225,5
22160.494227994233,8323,1222318,6
-6192.7668401243245,8324,1222349,3
25126.109441384215,8325,1222482,6
31850.373376623385,8326,1222579,7
-8529.580314035804,8327,1222816,4
-16294.001842371743,8328,1222919,3
21598.478185256437,8329,1222990,5
-18063.79521962087,8330,1223108,3
-8125.242297262422,8331,1223177,3
8424.875320757674,8332,1223321,6
19899.97474747475,8333,1223338,5
11580.893364891046,8334,1223446,5
-990.5050505050506,8335,1223457,3
-2005.624930624928,8336,1223569,4
-3237.9281442671536,8337,1223584,3
-1648.2376936788664,8338,1223747,5
-3271.9968869406002,8339,1224069,5
20940.41444666445,8340,1224120,5
-14923.697314467436,8341,1224224,3
-6864.214812964811,8342,1224273,3
-7867.8275077848575,8343,1224353,3
12859.95957173202,8344,1224452,5
-19870.129870129873,8345,1224523,3
-19850.602117797393,8346,1224747,3
17626.963869463867,8347,1224804,5
19120.883761304587,8348,1224965,6
-5179.726371449651,8349,1225002,3
-5334.525474525475,8350,1225031,3
-5837.4056302987165,8351,1225066,3
15467.737093917434,8352,1225254,6
-7514.286321693442,8353,1225322,3
-16251.396756292574,8354,1225504,3
17818.392989234708,8355,1225636,6
20247.91375291375,8356,1225678,5
38189.5238095238,8357,1225719,7
-16619.474259456747,8358,1225904,3
28602.169944993086,8359,1225975,6
19622.160894660894,8360,1226006,5
7896.03715728716,8361,1226130,6
-28516.17778162666,8362,1226331,3
17082.237239025166,8363,1226415,5
43986.18911381874,8364,1226657,10
-27171.085349679743,8365,1227095,5
29068.409229659246,8366,1227183,6
-11758.988463806574,8367,1227245,3
59961.08180902796,8368,1227446,9
23135.091111672842,8369,1227589,6
9638.786491519948,8370,1227781,6
46147.34521348104,8371,1227840,7
37048.598623169055,8372,1227907,7
20162.173520923516,8373,1227949,5
26088.252917635826,8374,1228079,6
-4270.825424575425,8375,1228109,3
-11285.898177761503,8376,1228613,6
-7176.548451548456,8377,1228662,3
9831.780817730003,8378,1228817,6
19126.82392791546,8379,1228869,5
16644.42935332641,8380,1229002,5
-3221.9826741885568,8381,1229013,3
-13350.884028252443,8382,1229126,3
6107.265373515374,8383,1229239,5
12482.606237072188,8384,1229410,6
-16222.96940404932,8385,1229670,4
4354.062538768412,8386,1229848,5
14572.437215160666,8387,1229922,5
-8594.881397373138,8388,1230201,5
13035.182798153002,8389,1230286,5
27828.211510711517,8390,1230357,6
32846.690809190826,8391,1230403,6
20024.504613034027,8392,1230456,5
-39972.30269035492,8393,1230850,4
28820.60921105039,8394,1230903,6
3518.5028860028806,8395,1230953,4
-2468.113136863137,8396,1230963,3
-17902.10040561432,8397,1231135,3
-4429.588696906807,8398,1231170,3
11251.42712679477,8399,1231203,4
-33454.06884157144,8400,1231429,4
-1635.278055278055,8401,1231449,3
80526.32114196243,8402,1231883,13
-3300.1076741885568,8403,1231893,3
-3581.6400266400265,8404,1231903,3
-4178.590079082853,8405,1231925,3
-5085.3663003663,8406,1231947,3
-4852.3307097958805,8407,1231978,3
26374.90027495798,8408,1232171,7
-1488.8938282892334,8409,1232356,5
9879.65909090909,8410,1232440,5
-3190.180375180375,8411,1232455,3
-8660.153041403042,8412,1232511,3
20886.145382395385,8413,1232647,6
5201.478937728938,8414,1232688,4
-4257.035652256233,8415,1232909,5
53473.01268176269,8416,1233132,10
54642.75432900433,8417,1233210,8
10723.077731092439,8418,1233251,4
12148.936672632492,8419,1233364,5
-14196.91590986121,8420,1233496,3
15663.06277056277,8421,1233544,5
21381.987408016816,8422,1233590,5
16592.170662560475,8423,1233687,5
26648.941903684565,8424,1233771,6
28555.900198891006,8425,1234154,9
3268.1894107784187,8426,1234400,6
20386.102991435808,8427,1234449,5
-5616.544886469252,8428,1234496,3
-22121.011070972363,8429,1234676,3
18870.714285714283,8430,1234707,5
19363.419913419915,8431,1234722,5
1873.764291264291,8432,1234760,4
-2634.1367799727122,8433,1235152,6
20783.809523809527,8434,1235225,6
-12775.024575748055,8435,1235514,4
-7183.422985132211,8436,1235555,3
35292.066348438086,8437,1235731,7
11359.865400981891,8438,1235865,5
6879.601530865078,8439,1236015,5
17835.416666666664,8440,1236051,5
35665.486909946965,8441,1236105,6
13564.830103462074,8442,1236211,5
-18160.729174935826,8443,1236432,5
-6413.334243828592,8444,1236503,3
9184.021811521816,8445,1236525,4
18938.39093893947,8446,1236693,6
20379.77236815471,8447,1236968,8
19664.02056277057,8448,1237015,5
25607.57766743061,8449,1237094,6
7030.567349317349,8450,1237117,4
23655.450685365548,8451,1237155,5
25134.618575868575,8452,1237182,5
-2666.7460317460313,8453,1237193,3
-5212.183083514352,8454,1237237,3
-12211.799730841914,8455,1237309,3
-7718.147963147961,8456,1237368,3
-6153.536976235248,8457,1237423,3
-10463.915795247067,8458,1237489,3
5765.511155511158,8459,1237609,5
22870.123319662795,8460,1237635,5
34402.178932178926,8461,1237671,6
8495.581725673259,8462,1237824,5
-9608.824439664219,8463,1237925,3
56024.63145608748,8464,1238101,9
39266.01692511136,8465,1238170,7
-7075.678488525878,8466,1238232,3
-5295.503450797569,8467,1238269,3
-1222.4690587190587,8468,1238281,3
-35861.20804038048,8469,1238547,3
-4692.370129870131,8470,1238580,3
-61204.19811462184,8471,1239017,3
3987.7619999969065,8472,1239057,4
-10161.259988837086,8473,1239174,3
9053.487343195167,8474,1239363,6
7900.036709095634,8475,1239522,5
26879.732538058775,8476,1239614,6
-2876.7625589065215,8477,1239641,3
43901.8587997157,8478,1239687,7
-2210.0198412698423,8479,1239802,5
6452.026910997495,8480,1239918,5
-357.58266930867705,8481,1240101,5
-265.0783938283938,8482,1240112,3
6563.990176490175,8483,1240236,5
-14171.899350649346,8484,1240436,4
-8535.86691086691,8485,1240498,3
13409.794692116337,8486,1240601,5
13902.216944991716,8487,1240689,5
-4056.3741066295274,8488,1240845,4
-7112.857142857142,8489,1240878,3
94177.53709784817,8490,1241135,12
23658.321987471696,8491,1241278,6
24913.86243658304,8492,1241509,7
-6238.873060204329,8493,1241564,3
-1388.836610439585,8494,1242049,8
-11530.257936507933,8495,1242133,3
9110.124319694753,8496,1242254,5
30183.882922632914,8497,1242398,8
18624.079086966478,8498,1242550,6
12778.70174695446,8499,1242680,5
-8665.95542464931,8500,1242720,3
-6800.84935324244,8501,1242760,3
11965.01298821951,8502,1242846,5
25463.440256461356,8503,1242962,6
-41258.53414815167,8504,1243135,3
9523.356932025661,8505,1243219,5
18681.428571428565,8506,1243248,5
31996.8443881969,8507,1243464,7
-5521.38888888889,8508,1243504,3
-4520.499680058503,8509,1243532,3
-6296.484761951378,8510,1243571,3
92331.78010965978,8511,1243782,12
19343.8005050505,8512,1243832,5
-6868.993860027142,8513,1243868,3
-8312.6748759291,8514,1243931,3
-3603.571428571429,8515,1243942,3
-383.0126037962733,8516,1244029,4
33318.50171070761,8517,1244192,7
34123.789682539675,8518,1244249,6
-1784.2445707886873,8519,1244491,6
19478.800309597525,8520,1244520,5
20786.91137523803,8521,1244654,6
15570.479321589999,8522,1244834,6
-17471.446745978483,8523,1244948,3
23838.126038457605,8524,1245095,6
-3941.278721278722,8525,1245112,3
39552.18779586427,8526,1245186,7
37540.90880954273,8527,1245396,8
646.2524809641686,8528,1245622,5
7248.197824921891,8529,1245986,7
-8087.613636363636,8530,1246025,3
-15878.95591804622,8531,1246144,3
-5759.11645952087,8532,1246180,3
8135.344509142467,8533,1246318,5
13005.592110847527,8534,1246400,5
-4575.524475524477,8535,1246427,3
1280.9054834054832,8536,1246443,3
60764.709574910805,8537,1246616,9
10780.04559982501,8538,1246748,5
-3987.005436728734,8539,1246771,3
-26166.386111308722,8540,1246996,3
-9771.840039045916,8541,1247086,3
-13099.266345393888,8542,1247287,4
38.6769038439013,8543,1247386,4
-59009.44219394298,8544,1247682,3
-21132.437267325022,8545,1247858,3
-25457.872488708414,8546,1248041,3
12890.595238095237,8547,1248078,5
-15248.993820040063,8548,1248292,4
-5760.114578471289,8549,1248345,3
-4385.191646159139,8550,1248369,3
14386.226285324583,8551,1248571,6
8259.581542683318,8552,1248687,5
132.31596082795818,8553,1248756,4
-9550.661049047265,8554,1249001,5
22407.988816738816,8555,1249037,5
-5342.038321286705,8556,1249202,4
-5857.784244264508,8557,1249253,3
115.03085150144705,8558,1249465,5
30228.093328240386,8559,1249520,6
8025.2615440115405,8560,1249570,4
-18649.508244794535,8561,1249763,3
-11081.381604506607,8562,1249889,4
-24338.810048426618,8563,1250200,5
11284.119157266956,8564,1250331,5
8698.800554954985,8565,1250372,4
15889.522188440726,8566,1250541,6
-7163.503357575926,8567,1250616,3
2871.2887368647594,8568,1250771,5
6910.909784659783,8569,1250829,4
18806.758039861757,8570,1250879,5
-18246.206556016703,8571,1250997,3
-7391.927725052725,8572,1251029,3
19040.542524211254,8573,1251095,5
18158.93079143079,8574,1251160,5
-16855.936964487773,8575,1251431,4
31369.489833996402,8576,1251611,7
-7489.766077146106,8577,1251794,5
-4787.205991603034,8578,1251835,3
-4977.894951410818,8579,1251875,3
22187.844915227077,8580,1252160,8
-15029.128106455013,8581,1252319,3
2913.9212357970137,8582,1252575,6
-10349.757166154246,8583,1252798,4
-21089.64507714507,8584,1252915,3
-4056.412621531413,8585,1253155,5
2904.259906759907,8586,1253212,4
-3144.716650738323,8587,1253241,3
9714.935064935064,8588,1253324,5
2754.460670571857,8589,1253429,4
22923.06929181929,8590,1253472,5
19865.94336219336,8591,1253515,5
-32990.98310973583,8592,1253966,5
44366.75865800866,8593,1254007,7
-18429.84539944663,8594,1254177,3
-15833.651916968485,8595,1254435,4
5552.233097999355,8596,1254667,6
10329.886363636364,8597,1254790,6
-8434.914955615419,8598,1254853,3
-12837.89517047131,8599,1255249,5
22304.718619658634,8600,1255425,6
11450.687923187927,8601,1255515,5
29840.719696969696,8602,1255552,6
2255.6501765105722,8603,1255674,4
-9179.549089970917,8604,1255822,4
14100.833897726478,8605,1256072,6
13883.36302006387,8606,1256179,5
-6151.060990177545,8607,1256226,3
4285.945950978855,8608,1256594,7
13432.98475546305,8609,1256672,5
-7418.562519053169,8610,1256870,4
-23526.37683094339,8611,1257140,4
-2241.9528463452607,8612,1257240,4
-31908.11894396453,8613,1257438,3
-3309.7741828604835,8614,1257449,3
25969.930208680213,8615,1257586,7
2942.771296321568,8616,1257666,4
20292.44944621232,8617,1257733,5
-3808.992478110125,8618,1257752,3
4615.077183971633,8619,1257847,4
10440.6458155558,8620,1257987,5
-5125.0,8621,1258023,3
-4427.982434232434,8622,1258066,3
7982.660227003598,8623,1258226,5
-6713.145672472644,8624,1258513,5
8036.622335997339,8625,1258570,4
19619.309312548474,8626,1258720,6
827.8373505579395,8627,1258793,4
-9539.169738929802,8628,1258857,3
45293.05173112061,8629,1259075,9
43851.97621822622,8630,1259133,7
-22347.390113565692,8631,1259319,3
398.48344809645164,8632,1259599,5
-35448.317983840105,8633,1259809,3
-8395.651015651016,8634,1259874,3
6129.000028823944,8635,1259940,4
-16877.29027736297,8636,1260370,5
-5262.867132867133,8637,1260436,4
20055.064025036598,8638,1260611,6
-3437.362576149341,8639,1260626,3
-4739.3949258945395,8640,1260661,3
13933.293751842746,8641,1260771,5
15611.440826330527,8642,1260820,5
4016.8704212454195,8643,1260863,4
23451.664344642282,8644,1260903,5
21261.40596101488,8645,1261060,6
-3768.8576741885563,8646,1261071,3
-4259.453568876944,8647,1261100,3
-6492.9208046855065,8648,1261158,3
13336.14002526541,8649,1261310,5
-16640.275248111968,8650,1261684,5
8120.01309328599,8651,1261799,5
-6541.253689270751,8652,1261846,3
-4901.09592613269,8653,1261878,3
-8032.999838139156,8654,1261949,3
808.0201057542358,8655,1262082,5
-6802.561327561329,8656,1262137,3
25688.37773337773,8657,1262208,6
-12742.568889229105,8658,1262309,3
-5366.820679320678,8659,1262340,3
-9690.389855242804,8660,1262553,5
-11166.309717973803,8661,1262756,5
-7602.1844854062365,8662,1262801,3
2438.9233682983686,8663,1262852,4
-9775.90007215008,8664,1262992,4
-13838.07067932069,8665,1263197,4
-8198.045483927835,8666,1263259,3
16662.230746605666,8667,1263427,6
-4724.274891774889,8668,1263545,4
-33546.00083739788,8669,1263829,4
-19766.42690642691,8670,1263969,3
-26126.113707843582,8671,1264227,4
17261.93208964948,8672,1264298,5
-13796.811521811524,8673,1264395,3
-13455.850259991132,8674,1264492,3
6683.250937191909,8675,1264548,4
20098.908389512108,8676,1264716,6
50237.97619047619,8677,1264795,8
15384.455821955824,8678,1264881,5
-26368.779125286474,8679,1265019,3
2528.122870820925,8680,1265146,4
21504.640924735733,8681,1265212,5
11441.651016896754,8682,1265330,5
5532.370268620283,8683,1265422,4
12309.27749366217,8684,1265541,5
-19548.77503341807,8685,1265813,4
-4543.481518481518,8686,1265840,3
15275.515041159399,8687,1265886,5
2145.1726909104395,8688,1266012,4
27746.577589077588,8689,1266086,6
34161.871184371186,8690,1266118,6
31202.518206552664,8691,1266275,7
1768.3912778398076,8692,1266379,4
-3513.649099886817,8693,1266399,3
-9521.000075775622,8694,1266501,3
39486.029539990435,8695,1266638,7
-13657.88254014647,8696,1266922,5
29959.076177090883,8697,1266984,6
27453.650671224197,8698,1267037,6
14981.405390704924,8699,1267138,5
15190.052818913113,8700,1267236,5
-8774.052393684746,8701,1267415,5
-15781.80430680431,8702,1267499,3
21715.757399849896,8703,1267638,6
20069.262922534974,8704,1267679,5
21526.423865989083,8705,1267706,5
13707.28778320363,8706,1267847,5
-13922.261268143619,8707,1267954,3
8519.086387352947,8708,1268045,5
-8440.261842136637,8709,1268127,3
-8501.795692053047,8710,1268189,3
32026.07544375278,8711,1268393,7
6578.7720612720605,8712,1268464,5
8649.27913485702,8713,1268677,5
11140.576805644518,8714,1268872,5
4153.483183483182,8715,1268906,4
6210.393148518147,8716,1269005,5
16071.715367965367,8717,1269064,5
7153.880934073924,8718,1269189,5
-5888.035906087377,8719,1269235,3
4316.624471374859,8720,1269257,4
-8819.80879414703,8721,1269310,3
8523.879931210558,8722,1269442,5
1300.8302123143412,8723,1269558,4
14199.182596129443,8724,1269806,6
-39643.656552836794,8725,1270298,6
11133.723359973359,8726,1270325,4
-6005.558590098976,8727,1270422,4
-9257.46798136504,8728,1270496,3
-3829.5174433409725,8729,1270514,3
8182.840736849363,8730,1270643,5
-2418.2192807192805,8731,1270669,3
-7720.372911402324,8732,1270727,3
-22562.348432250794,8733,1271016,5
-7207.547568530544,8734,1271062,3
-3704.91008991009,8735,1271074,3
15774.774625958837,8736,1271149,5
29311.589321626085,8737,1271225,6
32707.568797776097,8738,1271391,7
3695.4587029072454,8739,1271633,5
11771.071428571431,8740,1271706,5
12760.470432345437,8741,1271804,5
8387.342828739893,8742,1271945,5
-19532.38908150673,8743,1272016,3
-15190.149747688783,8744,1272153,3
-2545.357142857143,8745,1272163,3
-12448.78463169658,8746,1272353,4
2007.2243197567627,8747,1272469,4
18661.70871676483,8748,1272598,6
-4654.452262563718,8749,1272641,3
-5518.465328307619,8750,1272680,3
-5938.035298035299,8751,1272724,3
-4596.821120056415,8752,1272751,3
-3231.680611055613,8753,1272908,5
28035.81147610559,8754,1272965,6
-8929.467754467756,8755,1273028,3
-6839.504662004662,8756,1273055,3
10968.569821346568,8757,1273408,7
-3127.1400131945793,8758,1273542,4
15344.89219924419,8759,1273811,6
8011.428571428571,8760,1273836,4
5087.817839839894,8761,1273886,4
5553.999728771402,8762,1273948,4
6415.930311242133,8763,1274152,5
13645.933261999438,8764,1274258,5
8584.0873015873,8765,1274318,5
-8450.398005165216,8766,1274521,4
7467.343094492441,8767,1274669,5
19027.184604004087,8768,1274753,5
-20327.830314007795,8769,1274955,3
20815.361166611157,8770,1275018,5
12184.924242424244,8771,1275058,5
-24795.345279720277,8772,1275151,3
-20377.68884173103,8773,1275275,3
-5527.142857142858,8774,1275309,3
9962.483766233761,8775,1275421,5
-16831.42613801448,8776,1275803,5
-4473.738761238761,8777,1275838,3
-6897.956487956488,8778,1275893,3
-7805.185283412843,8779,1275959,3
-8658.723182604052,8780,1276052,3
-2353.887917637918,8781,1276072,3
-3901.5462315462314,8782,1276103,3
6472.876984126985,8783,1276218,5
24305.728439898085,8784,1276365,6
7417.1626984127,8785,1276379,4
-9622.461835288597,8786,1276479,3
-1339.1114576428058,8787,1276693,5
7935.272722418624,8788,1276755,4
-10341.231684981687,8789,1276832,3
-36215.61337355456,8790,1277099,3
-2119.392901989654,8791,1277262,5
-30211.880257199613,8792,1277525,3
-13085.78671328671,8793,1277616,3
-11053.343569412387,8794,1277847,4
-11909.95212862473,8795,1278052,4
-6002.601119425809,8796,1278089,3
-4481.375804343649,8797,1278128,3
-4160.853467997431,8798,1278153,3
5789.717743556753,8799,1278189,4
-5313.417536831185,8800,1278405,5
1589.3264066813654,8801,1278581,5
-3578.225108225108,8802,1278597,3
-3598.1372589828475,8803,1278625,3
-3798.659673659674,8804,1278647,3
-2639.4144995217334,8805,1278926,5
3875.4916522731846,8806,1279108,5
12439.851856305035,8807,1279197,5
4460.655673016356,8808,1279378,5
-10478.041125541125,8809,1279480,4
-20121.108663438365,8810,1279681,3
18078.996848739498,8811,1279708,5
-3848.578088578088,8812,1279738,3
-18992.46835594746,8813,1279861,3
19713.802170052168,8814,1279910,5
11138.73648090104,8815,1280045,5
-7356.104312354311,8816,1280080,3
-4683.017841889494,8817,1280105,3
-4665.252272237565,8818,1280137,3
18184.926184926197,8819,1280194,5
-2937.3292582890244,8820,1280395,5
-2256.7377284833337,8821,1280561,4
21479.478063291182,8822,1280863,8
-7952.362393925152,8823,1281121,4
-32837.38095238095,8824,1281263,3
10178.804875679876,8825,1281346,5
-24577.22369332108,8826,1281471,3
-6835.751054501055,8827,1281516,3
16368.75,8828,1281534,5
5766.539538761741,8829,1281669,5
-6651.835664335663,8830,1281714,3
12946.718391687416,8831,1281811,5
18578.73250158855,8832,1281878,5
-5906.713090830738,8833,1281922,3
4577.035034109336,8834,1282072,5
11225.882751121764,8835,1282194,5
-21999.290459497493,8836,1282566,5
50681.64555216026,8837,1282643,8
19897.638888888883,8838,1282659,5
31349.880952380954,8839,1282676,6
-2138.689088689098,8840,1282782,4
1911.3289062756676,8841,1282962,5
-17158.23954081693,8842,1283198,4
-12390.883140094678,8843,1283318,3
-7338.581323217547,8844,1283374,3
9558.405344655344,8845,1283479,6
20459.98135894034,8846,1283509,5
24636.001776001773,8847,1283538,5
17386.86791966204,8848,1283602,5
42936.414235328695,8849,1283731,8
23506.721521673164,8850,1283914,6
18532.22402597402,8851,1283961,5
20524.421026058208,8852,1284113,6
1451.912106211642,8853,1284204,4
-6021.700135090227,8854,1284237,3
-20643.51675628219,8855,1284518,5
-2467.023809523809,8856,1284533,3
9081.45077145076,8857,1284760,6
22569.399350649353,8858,1284860,6
-21682.78657359153,8859,1285034,3
10702.725197825312,8860,1285199,5
-3762.3125247122516,8861,1285476,5
-1728.2507649168715,8862,1285637,5
-4712.514430014429,8863,1285667,3
25685.335899695416,8864,1285731,6
-1871.0825693913857,8865,1286005,6
-8996.87062937063,8866,1286057,3
-2813.928571428571,8867,1286067,3
-11649.41046054049,8868,1286154,3
-4489.573405769745,8869,1286179,3
24807.77974476504,8870,1286362,7
30809.516806722695,8871,1286393,6
46049.731934731935,8872,1286441,7
14068.165261810766,8873,1286550,5
-6087.3668759001575,8874,1286585,3
-4498.284770784771,8875,1286610,3
-5174.00641025641,8876,1286635,3
15409.250541723204,8877,1286773,5
16566.207819957817,8878,1286834,5
6941.190688396571,8879,1286884,4
-6951.998506954002,8880,1286939,3
13042.140999499066,8881,1287005,5
1836.3471592477058,8882,1287109,4
-6813.568159781393,8883,1287170,3
47756.326867576856,8884,1287244,8
25371.82841668135,8885,1287432,7
-1848.9288768507072,8886,1287620,5
2153.4828447696077,8887,1287741,5
43884.9137990063,8888,1287809,7
-11332.060275036276,8889,1288003,4
-8196.37337180849,8890,1288247,5
2584.7471890854235,8891,1288315,4
-4745.444111272285,8892,1288341,3
-9500.209461249164,8893,1288472,3
-37389.85660881946,8894,1288703,3
-22083.666786644724,8895,1288869,3
29527.633167486107,8896,1288941,6
10550.437960302508,8897,1289070,5
-5441.738114396783,8898,1289101,3
-6120.738803250415,8899,1289144,3
10639.929161395878,8900,1289303,6
9498.876262626263,8901,1289327,4
14973.802515424031,8902,1289439,5
17067.077922077922,8903,1289480,5
-2460.880994005994,8904,1289491,3
17634.2961858403,8905,1289537,5
-4715.446371224233,8906,1289775,5
44029.733534439394,8907,1289895,8
-16961.416586939034,8908,1290043,3
-5281.647980278348,8909,1290084,3
-5251.878121878122,8910,1290102,3
27144.239926739923,8911,1290217,7
18968.145043810677,8912,1290282,5
-12451.576748315993,8913,1290362,3
12993.245190267251,8914,1290448,5
21279.404761904763,8915,1290461,5
23110.85858585859,8916,1290493,5
21512.39621489622,8917,1290520,5
21522.321428571428,8918,1290542,5
21019.358974358973,8919,1290549,5
30270.773031363224,8920,1290703,7
6929.754041967662,8921,1290743,4
6869.9109387344715,8922,1290947,6
5136.903743501039,8923,1291280,6
18161.47546897547,8924,1291334,5
-3998.605283605284,8925,1291365,3
21098.345252532443,8926,1291545,6
18306.825396825396,8927,1291609,5
33966.12788398392,8928,1291662,6
20755.467215788274,8929,1291751,5
-6847.1874410419305,8930,1291809,3
34044.15769622085,8931,1291997,7
-3993.6698921993043,8932,1292025,3
-15801.848268417714,8933,1292194,3
42050.62778548608,8934,1292421,8
-4720.2380952380945,8935,1292449,3
14158.074623608547,8936,1292591,5
-4137.392835922247,8937,1292623,3
22952.117476177074,8938,1292719,6
24748.69391229685,8939,1292776,5
13060.18069961552,8940,1292903,5
-12741.837689930802,8941,1293132,5
21856.341991341993,8942,1293211,6
25254.12528411559,8943,1293397,6
-7560.452380436901,8944,1293462,3
-4817.887790314262,8945,1293491,3
62527.614170744986,8946,1293687,10
9769.889971139974,8947,1293705,4
-8846.507352379003,8948,1293760,3
-7798.407664246137,8949,1293827,3
15091.749728039273,8950,1294011,5
-8055.728993228997,8951,1294129,4
-4067.0529470529473,8952,1294149,3
-5511.482774191754,8953,1294194,3
-10428.669618994694,8954,1294310,3
-9269.840298590301,8955,1294393,4
32361.838439338426,8956,1294439,6
17124.507575757583,8957,1294571,6
-14962.559473335397,8958,1294652,3
26944.77570393293,8959,1294857,7
-9920.156510156508,8960,1294983,4
22212.417436768224,8961,1295121,6
-10184.337578486187,8962,1295278,4
-5121.862765717256,8963,1295297,3
65.63393348997175,8964,1295440,5
51711.96553446552,8965,1295532,8
31426.34199134199,8966,1295569,6
11196.594801444131,8967,1295906,7
32838.217637195965,8968,1295968,6
38296.5326617397,8969,1296145,8
21257.60989010989,8970,1296166,5
21085.515047602898,8971,1296205,5
-8931.699199493321,8972,1296318,4
-5461.273673866555,8973,1296362,3
-7976.68276791148,8974,1296440,3
12291.84254363628,8975,1296646,7
-6065.947663447663,8976,1296676,3
-3498.189310689311,8977,1296687,3
-3746.9265456765456,8978,1296711,3
-10091.348026973026,8979,1296798,3
8803.188641423938,8980,1296958,5
9877.709843905666,8981,1297061,5
32645.627187355094,8982,1297250,8
2971.508376384538,8983,1297317,4
28368.734517976005,8984,1297524,7
-10937.11009707527,8985,1297634,3
-1116.8797086985892,8986,1297868,5
17495.282609547317,8987,1297918,5
15604.306526806533,8988,1297980,5
-716.3603042124687,8989,1298261,6
-13041.90587190587,8990,1298357,3
-3636.6574357015534,8991,1298369,3
4850.074886413895,8992,1298411,4
74359.4209680106,8993,1298563,10
15177.534349465468,8994,1298631,5
-10240.988480473778,8995,1298717,3
-2515.6276579457694,8996,1298728,3
-8130.329176247317,8997,1298806,3
6772.579365079367,8998,1298890,5
53340.29942279942,8999,1298964,8
45231.63780663781,9000,1299011,7
-17381.898888864846,9001,1299132,3
21458.961108336105,9002,1299339,7
28167.29200366197,9003,1299491,7
-4884.530676366976,9004,1299524,3
6370.8256081592845,9005,1299734,5
25158.53715728716,9006,1299800,6
35200.090375310945,9007,1299950,7
-2170.8206215868745,9008,1300052,4
-4602.23308554191,9009,1300088,3
-17243.345050366992,9010,1300264,3
16981.492327117325,9011,1300332,5
5870.262516803353,9012,1300484,5
-5750.655398523046,9013,1300530,3
5486.391549626848,9014,1300680,5
37161.34446844006,9015,1300844,8
-9922.34828080416,9016,1300924,3
-3314.611306413562,9017,1301115,4
19079.63064713064,9018,1301169,5
8143.75325119646,9019,1301338,5
-6772.228609883407,9020,1301389,3
-3763.7495837495844,9021,1301409,3
20167.87953060012,9022,1301449,5
16011.651583710413,9023,1301528,5
-37190.162436892315,9024,1301687,3
-682.0650260472235,9025,1301771,4
-5461.827410962303,9026,1301826,3
-2110.15651015651,9027,1301848,3
-4561.798130658173,9028,1302034,5
-5268.726838177305,9029,1302313,5
28222.053020508905,9030,1302397,6
8430.462441740068,9031,1302447,4
12816.611198399125,9032,1302540,5
37738.62351700587,9033,1302641,7
4092.982074255292,9034,1302713,4
-4527.237416865908,9035,1303062,6
12480.924509357184,9036,1303180,5
-5940.015540015541,9037,1303221,3
-24538.008512486304,9038,1303433,3
79297.82077270852,9039,1303591,11
51873.78554194344,9040,1303854,9
18641.586522137994,9041,1303892,5
7644.528083539828,9042,1304131,6
14238.556899112238,9043,1304253,5
20966.720027263753,9044,1304293,5
48345.8875193434,9045,1304387,8
-6062.437562437563,9046,1304424,3
-5002.939146766558,9047,1304638,5
34377.72563221093,9048,1304676,6
18760.72691197691,9049,1304697,5
-5573.9468864468845,9050,1304831,4
-5341.241854121111,9051,1304872,3
-4632.330076184566,9052,1304907,3
9376.6983016983,9053,1304930,4
59156.18307110919,9054,1305126,10
19784.488633795565,9055,1305287,6
-4464.566665704437,9056,1305325,3
-5989.949147215013,9057,1305368,3
6102.544408075434,9058,1305474,5
23904.85328336393,9059,1305521,5
40028.553766494944,9060,1305632,7
6848.634282384275,9061,1305739,5
-5313.026092844206,9062,1305768,3
-18146.37744355075,9063,1305951,3
8723.773739590304,9064,1306076,5
21028.296796083177,9065,1306104,5
38003.56011549508,9066,1306232,7
-8100.489298283415,9067,1306283,3
-4412.959800702431,9068,1306320,3
-3883.492063492064,9069,1306336,3
28899.266895385314,9070,1306406,6
18355.381312444002,9071,1306467,5
-13391.704144052208,9072,1306576,3
11811.811191397937,9073,1306814,6
11318.785048585743,9074,1306963,5
18060.614224011286,9075,1307042,5
11593.03364141019,9076,1307184,5
4213.106517665342,9077,1307228,4
5657.031579531578,9078,1307335,5
17535.209235209237,9079,1307383,5
4622.78200982136,9080,1307789,7
-5475.313852813854,9081,1307824,3
1904.9393030430206,9082,1307877,4
-17335.03402557196,9083,1308025,3
22042.895855004983,9084,1308145,6
23033.060183280788,9085,1308254,6
17913.101253966186,9086,1308333,5
15849.033291951837,9087,1308396,5
4199.336149961156,9088,1308513,5
9419.528041403042,9089,1308632,5
-7430.3266287712395,9090,1308685,3
-5838.651943050668,9091,1308718,3
-4767.194249034417,9092,1308956,5
-5148.679089415392,9093,1308984,3
-6507.206335331335,9094,1309034,3
-2418.764259476334,9095,1309054,3
15870.204050765198,9096,1309209,6
14916.55164280163,9097,1309382,6
-8011.523710917637,9098,1309467,3
-8816.300991600492,9099,1309542,3
28744.77712761693,9100,1309672,6
14028.580892147074,9101,1309797,5
-8389.81601731601,9102,1309874,3
-3904.3379075345024,9103,1309900,3
-6513.747392147342,9104,1309949,3
30948.81313131313,9105,1310007,6
41811.13095238095,9106,1310056,7
22901.306887556886,9107,1310081,5
42573.57822732823,9108,1310124,7
794.0745592108408,9109,1310255,4
-3539.766442922403,9110,1310274,3
-7078.321491889608,9111,1310345,3
-8407.02842500636,9112,1310556,5
-9644.61940987414,9113,1310653,3
-6395.251393082022,9114,1310702,3
-7527.515131926896,9115,1310734,3
9923.585058732115,9116,1310863,5
1849.6164641994164,9117,1311004,4
-8215.855908797086,9118,1311161,4
-11984.731102231102,9119,1311258,4
-8299.80508827258,9120,1311319,3
-10744.160251513194,9121,1311374,3
-14987.977560925638,9122,1311514,3
1732.5882562569905,9123,1311638,5
32973.45859914939,9124,1311694,6
-13198.843065474251,9125,1311785,3
-7616.255606708391,9126,1311857,3
-21994.688502175126,9127,1312095,4
-12996.212482048397,9128,1312197,3
17765.982734585683,9129,1312344,6
18100.0,9130,1312351,5
-1014.1573908118002,9131,1312459,4
-9038.384948384948,9132,1312532,3
5137.202838870796,9133,1312560,4
18483.546301050173,9134,1312701,6
33701.48176814586,9135,1312731,6
3719.5922142013574,9136,1312907,5
-320.349682996742,9137,1313053,5
11310.494496044032,9138,1313097,4
-9215.882104007105,9139,1313172,3
12311.822115792706,9140,1313260,5
23076.315281940282,9141,1313304,5
20564.650072150074,9142,1313347,5
-7802.3308182615465,9143,1313498,4
-6025.493706219745,9144,1313535,3
29765.29821487571,9145,1313661,6
49818.89962077976,9146,1313803,8
-16004.21715109795,9147,1313947,3
-2094.5959595959594,9148,1313958,3
-23733.31695711894,9149,1314150,3
1610.0767751980106,9150,1314301,4
-21532.85510995935,9151,1314707,5
-4625.577357369152,9152,1314745,3
-8714.285714285714,9153,1314787,3
41523.4837547718,9154,1314877,7
17649.311762167323,9155,1315181,7
6020.6349206349205,9156,1315225,4
-22573.9572927073,9157,1315373,3
8843.878851196967,9158,1315565,5
19635.72668083812,9159,1315668,5
-9587.062390429603,9160,1315758,3
-4977.122877122877,9161,1315772,3
-8003.197094013653,9162,1315918,5
9530.384701083227,9163,1316079,6
17479.59345264299,9164,1316214,6
7310.701965088576,9165,1316344,5
9667.9265444811,9166,1316489,5
12590.449934697219,9167,1316671,6
21603.154761904756,9168,1316748,6
-11080.597657201748,9169,1317027,5
-3303.3333333333335,9170,1317050,3
23916.428571428572,9171,1317115,6
-3952.389081506729,9172,1317128,3
-5952.091907150595,9173,1317197,3
-6038.4675450968025,9174,1317243,3
-7350.614919136597,9175,1317314,3
-4703.512062973918,9176,1317342,3
4508.215103643461,9177,1317507,5
-2193.477355977363,9178,1317596,4
-4289.667758711876,9179,1317628,3
-14672.685918223202,9180,1317729,3
-6908.531262765141,9181,1317792,3
-120.074592814195,9182,1318008,5
-4321.136809526903,9183,1318027,3
-26739.121598860373,9184,1318258,3
-1450.781440781443,9185,1318380,4
19404.373008607727,9186,1318447,5
-7475.270338536593,9187,1318495,3
16509.81601731601,9188,1318539,5
-12844.061187761565,9189,1318757,4
-7833.498830890471,9190,1318828,3
18998.747256785184,9191,1318994,6
36148.88195138194,9192,1319045,6
11113.472222222223,9193,1319059,4
-16764.466593777746,9194,1319201,3
18549.821844821843,9195,1319231,5
12568.881640375446,9196,1319370,5
21851.083495752613,9197,1319416,5
-15209.564048681243,9198,1319535,3
-14566.284547066287,9199,1319662,3
-4215.564435564436,9200,1319679,3
10568.06526806527,9201,1319786,5
21550.243783993785,9202,1319811,5
22942.469405594406,9203,1319859,5
-15885.573366934588,9204,1320059,4
-12254.79226655697,9205,1320158,3
-10592.96916318975,9206,1320298,4
-5583.424106648699,9207,1320337,3
-4518.98596339178,9208,1320363,3
-7430.182983772641,9209,1320628,5
-21813.321994053415,9210,1320800,3
-26134.864938982577,9211,1320957,3
-7469.391972836241,9212,1321144,4
-3233.760301427386,9213,1321282,4
12429.58354553943,9214,1321435,6
3262.7137171528952,9215,1321507,4
4403.139385124679,9216,1321560,4
-31658.06404336981,9217,1321823,3
-17159.841438343592,9218,1321951,3
3702.184343434343,9219,1322048,5
-25927.043302414822,9220,1322220,3
-13358.614275301581,9221,1322341,3
-3721.855492019982,9222,1322362,3
15143.973963128374,9223,1322543,6
-14349.836733539114,9224,1322650,3
-10851.798969863992,9225,1322719,3
-4988.095238095238,9226,1322746,3
12291.717726717725,9227,1322823,5
16327.859401949965,9228,1322949,5
-7603.035714285714,9229,1323000,3
7330.16896782343,9230,1323107,5
9722.66761016761,9231,1323193,5
-23053.164290774588,9232,1323281,3
-7705.517953408823,9233,1323353,3
-55861.43798495964,9234,1323696,3
-17912.099706906825,9235,1323942,4
-6904.133227883227,9236,1323997,3
-9079.570137679659,9237,1324063,3
-8471.96386946387,9238,1324110,3
-17659.498858321134,9239,1324501,5
12474.703160616475,9240,1324622,5
117112.46562046486,9241,1324761,13
42517.32632823125,9242,1324906,8
-2937.6352813852814,9243,1324919,3
-8723.187645687645,9244,1324968,3
9544.778642410225,9245,1325102,5
59256.26409593272,9246,1325318,9
-13492.125389903013,9247,1325547,4
-30794.347319347315,9248,1325727,3
-16493.146090838498,9249,1325875,3
3579.5398575023264,9250,1326049,5
-6318.855103577494,9251,1326225,4
-10153.194028194026,9252,1326293,3
-4592.226174238558,9253,1326313,3
-4883.380994005994,9254,1326347,3
-3595.7084723841685,9255,1326359,3
-5518.157883782884,9256,1326394,3
-33145.52330633093,9257,1326795,5
-4576.513950455175,9258,1326978,5
-8494.63762931255,9259,1327061,3
-45924.617459423935,9260,1327386,3
-6962.63085727482,9261,1327438,3
-43967.88980253571,9262,1328004,6
13655.519480519482,9263,1328065,5
-6697.727272727273,9264,1328111,3
-8801.085164835165,9265,1328147,3
19686.1613775633,9266,1328443,7
-3067.748434056481,9267,1328586,4
-3778.8889139812045,9268,1328605,3
-13093.787742577792,9269,1328740,3
-62556.14025102717,9270,1329305,5
6183.511137555251,9271,1329362,4
-8038.026003064699,9272,1329449,3
-8043.074518557002,9273,1329497,3
-4612.751742796241,9274,1329655,5
18876.01731601732,9275,1329691,5
-2741.6186831557375,9276,1329825,4
-8067.074824651504,9277,1330088,5
17657.589910089908,9278,1330129,5
13216.863990842321,9279,1330254,5
-9132.50699304061,9280,1330320,3
-5570.964213561972,9281,1330478,4
-14699.851986249047,9282,1330596,3
-12504.853271728272,9283,1330685,3
-9905.264151104053,9284,1330772,3
-35989.86799062645,9285,1331108,4
-20243.17620734584,9286,1331245,3
-12675.086025086026,9287,1331339,3
-4210.100204280021,9288,1331366,3
-23247.61558659781,9289,1331578,3
-19214.076568855984,9290,1331672,3
-14099.70132550628,9291,1331793,3
-7345.119047619047,9292,1331834,3
-6935.117078132827,9293,1332093,5
-3415.357270634636,9294,1332341,5
24729.625399755045,9295,1332450,6
-14098.641192604375,9296,1332625,4
4314.675879675875,9297,1332781,5
3245.0043965247805,9298,1333011,5
-1327.935536685537,9299,1333030,3
-15806.957719782798,9300,1333205,4
9300.154717573449,9301,1333241,4
-3719.972735597735,9302,1333253,3
18699.404761904763,9303,1333275,5
-2134.392551892545,9304,1333507,6
-4422.36792404362,9305,1333528,3
5943.698792336008,9306,1333873,7
-8112.263985369634,9307,1333947,3
7502.867108596598,9308,1334124,5
24005.07569228157,9309,1334222,6
-5509.254485166873,9310,1334255,3
-5413.86114014984,9311,1334290,3
-3717.357079195315,9312,1334304,3
-5121.028019538083,9313,1334352,3
27090.267016695034,9314,1334431,6
-104.49691283088407,9315,1334573,5
25397.159211832204,9316,1334697,6
-7609.719018726376,9317,1334766,3
33863.26201576202,9318,1334885,7
-16408.693681231678,9319,1335105,6
9869.845171813045,9320,1335267,5
24508.59114505206,9321,1335386,6
-2871.984126984127,9322,1335402,3
-15127.325881677652,9323,1335545,3
5254.515215176985,9324,1335699,5
-9689.43362193362,9325,1335754,3
22865.766012341264,9326,1335987,7
36216.21984902894,9327,1336059,6
-8675.260402129088,9328,1336222,4
-4141.7765090946195,9329,1336248,3
43600.945485113465,9330,1336552,9
643.6244943302031,9331,1336847,5
69788.31791724784,9332,1337017,10
-39022.75846050497,9333,1337396,4
-2354.1837002866514,9334,1337576,5
16470.596135890253,9335,1337670,5
9675.967712842712,9336,1337784,5
-1999.0797238107587,9337,1337912,4
20531.09973768062,9338,1337987,5
-33488.193901686565,9339,1338227,3
-4302.65873015873,9340,1338247,3
25649.032772782775,9341,1338358,6
-2946.9153069153067,9342,1338378,3
26655.615079365085,9343,1338449,6
2811.777153445113,9344,1338509,4
18471.76120448179,9345,1338532,5
-3170.4209831705966,9346,1338547,3
-13387.801123240359,9347,1338653,3
27967.031646114465,9348,1338728,6
18970.851370851367,9349,1338773,5
297.0551052386095,9350,1338896,4
6459.901654323747,9351,1339141,5
54455.11202162133,9352,1339310,9
751.5967101783626,9353,1339535,6
-12005.576368076367,9354,1339618,3
-10175.247211505088,9355,1339834,5
3057.9025914745703,9356,1339928,4
11900.892857142857,9357,1339997,5
-25601.900353258723,9358,1340162,3
-5303.809523809524,9359,1340191,3
-11543.722943722945,9360,1340236,3
-3140.04662004662,9361,1340256,3
108.63626360328306,9362,1340434,5
71294.27127696865,9363,1340489,9
20988.777056277057,9364,1340504,5
-518.3982683982686,9365,1340522,3
-17522.355283605277,9366,1340692,4
-20909.86512283726,9367,1340920,4
-34650.74835295426,9368,1341137,4
-18963.5334414206,9369,1341312,3
10375.576159951159,9370,1341352,4
30447.29776093359,9371,1341452,6
9970.573593073592,9372,1341519,5
15348.884095360154,9373,1341616,5
11012.252747252749,9374,1341683,5
6838.906279198884,9375,1341841,5
-30211.121631823095,9376,1342057,3
-1758.3441558441557,9377,1342074,3
18658.039191200955,9378,1342204,6
-8562.028377539205,9379,1342282,3
-2051.221209346214,9380,1342493,5
15200.675783409912,9381,1342670,6
-14927.32585625103,9382,1342776,3
-6228.591303067341,9383,1342838,3
-5506.4199558181745,9384,1342877,3
16489.880083774624,9385,1342986,5
26183.419913419908,9386,1343066,6
-33960.62443146808,9387,1343422,5
-5913.812645687646,9388,1343446,3
17120.518981166526,9389,1343527,5
18085.58802308802,9390,1343574,5
12402.675250231374,9391,1343641,5
10756.201245924329,9392,1343773,5
2647.831722156412,9393,1343998,5
36785.454827969545,9394,1344131,7
-21533.857224431915,9395,1344408,4
12951.643760651106,9396,1344543,5
15919.851914940922,9397,1344648,5
-4201.941391941392,9398,1344658,3
8151.356592637856,9399,1344899,6
10552.63553440024,9400,1345013,5
-12578.770079675784,9401,1345120,3
-11170.512874638263,9402,1345207,3
-4657.502265358226,9403,1345238,3
17063.724004833726,9404,1345316,5
18750.510251029835,9405,1345380,5
-1741.4059055409666,9406,1345493,4
-4202.154803569025,9407,1345526,3
-7708.9054328024995,9408,1345789,5
-10215.367049344371,9409,1346024,4
-6195.99798756206,9410,1346085,3
917.571289649468,9411,1346268,5
27081.775900454213,9412,1346401,6
-21887.49755539026,9413,1346569,3
-3958.695485371182,9414,1346583,3
-2271.685671875878,9415,1346757,5
53875.60356310357,9416,1346821,8
43581.352250880984,9417,1347014,8
397.9450966989675,9418,1347186,5
30671.245698745704,9419,1347255,6
20536.87423687423,9420,1347278,5
4441.001562506984,9421,1347395,5
-8114.337965187997,9422,1347470,3
-3426.3386613386615,9423,1347480,3
-8256.38061620369,9424,1347706,4
-19548.126536174546,9425,1348006,4
-2637.844546887085,9426,1348251,5
19327.795954045956,9427,1348277,5
-5846.185710993368,9428,1348413,4
-3032.2741828604835,9429,1348424,3
1971.70274127317,9430,1348518,4
36016.50359212885,9431,1348662,7
3289.4923968211006,9432,1348784,5
-19093.651094777255,9433,1348921,3
-2799.7619047619078,9434,1349058,5
-20785.963307915215,9435,1349219,3
-8071.589127461807,9436,1349268,3
-2850.673163675063,9437,1349410,4
-16082.419874587062,9438,1349601,4
-7852.318751724714,9439,1349675,3
-10914.916595702203,9440,1349797,3
-1038.0411255411257,9441,1349809,3
-20396.273046269165,9442,1350127,6
-6262.034001000719,9443,1350177,3
-10707.398328365822,9444,1350251,3
-20178.498842273963,9445,1350648,7
-22556.212218509034,9446,1350820,3
-3107.2741828604835,9447,1350830,3
-5704.055682879212,9448,1350861,3
-5758.933870931197,9449,1350919,3
5077.582972582973,9450,1350960,4
-8625.626727223513,9451,1351040,3
14296.193070364223,9452,1351146,5
3920.1422783872476,9453,1351310,5
17012.75016650017,9454,1351386,5
29951.429126429128,9455,1351475,6
21126.143790849674,9456,1351491,5
-23016.141417006424,9457,1351711,3
-3059.759642727488,9458,1351726,3
25242.988445378145,9459,1351779,6
16248.267626093715,9460,1351825,5
53689.09579799286,9461,1351897,8
-13415.315542300834,9462,1351989,3
-2213.459836825282,9463,1352255,5
-11494.325614186304,9464,1352464,5
-7029.880572858513,9465,1352647,5
18574.880952380947,9466,1352677,5
-11303.797134238312,9467,1352744,3
49573.116886458156,9468,1353098,10
11076.922623729884,9469,1353273,5
34877.143258382705,9470,1353332,6
23644.986625353235,9471,1353572,7
-34132.826081297404,9472,1353834,3
-10345.74117896455,9473,1354014,4
-4422.270499108735,9474,1354037,3
4897.555051587557,9475,1354106,4
35638.71108917742,9476,1354349,8
38150.78859049446,9477,1354483,7
30128.04688459693,9478,1354696,7
18820.828585312556,9479,1354758,5
32677.963090830737,9480,1354803,6
8620.520258913546,9481,1354872,4
20651.614838286416,9482,1354964,5
97713.67701742695,9483,1355206,13
-5675.836779424343,9484,1355270,3
-1545.6728402316635,9485,1355285,3
-4839.27912644631,9486,1355393,4
27466.41941391942,9487,1355498,7
43291.836219336226,9488,1355564,7
-3430.91934201177,9489,1355678,4
-6049.086330336328,9490,1355716,3
22483.271792790827,9491,1355852,6
21263.341393084036,9492,1355910,5
-3318.738488893291,9493,1356019,4
-30667.14890392582,9494,1356346,4
13296.535115855935,9495,1356413,5
-4933.65997753356,9496,1356445,3
39378.399327925246,9497,1356613,8
31703.23433919022,9498,1356663,6
-26103.54732797676,9499,1356861,3
19029.11013135468,9500,1357152,7
37018.647584972125,9501,1357391,8
5189.999196709728,9502,1357467,4
-4830.366883637967,9503,1357496,3
-18022.49098124098,9504,1357619,3
4483.8561438561455,9505,1357671,4
-6111.308136308136,9506,1357702,3
-7652.723151969563,9507,1357925,4
829.5079920079941,9508,1357999,4
5511.154048694681,9509,1358175,5
-30212.6406926407,9510,1358282,3
-7957.015669584151,9511,1358361,3
-6855.817480370768,9512,1358413,3
4653.0411255411245,9513,1358461,4
23777.948481901665,9514,1358598,6
7613.48251872826,9515,1358644,4
6605.0344018726355,9516,1358678,4
-4676.939430538502,9517,1358711,3
-17785.72907785367,9518,1358976,5
4481.015234765235,9519,1359016,4
-4487.817566420507,9520,1359040,3
-5622.331525543601,9521,1359096,3
13448.722457695905,9522,1359259,6
13969.006566809301,9523,1359382,5
-8452.032337287752,9524,1359451,3
-7854.383116883117,9525,1359511,3
2208.7093462093408,9526,1359582,4
5891.278304680917,9527,1359652,4
2402.6768355483528,9528,1359850,5
34456.28150646038,9529,1359924,6
-12105.768944462832,9530,1360012,3
-33828.93700409015,9531,1360309,3
-5578.082848524026,9532,1360459,4
-14300.10809731267,9533,1360613,3
-10672.240814740815,9534,1360705,3
4126.726958327191,9535,1360873,5
22192.36652236652,9536,1360902,5
-12884.54658387708,9537,1361046,4
17335.51492625022,9538,1361104,5
48373.89797702298,9539,1361168,7
-36347.27787047834,9540,1361380,3
-13209.433577043863,9541,1361611,4
-7169.428128630917,9542,1361677,3
21666.850707771762,9543,1361933,7
21086.919746919742,9544,1361960,5
15203.874466266754,9545,1362115,5
20470.833333333336,9546,1362190,6
25891.481763205837,9547,1362262,6
-3866.865633329069,9548,1362498,5
7553.733480571716,9549,1362596,5
-7363.272977022974,9550,1362659,3
-10690.968753468755,9551,1362726,3
8534.547694143272,9552,1362754,4
-10939.181689483543,9553,1362842,3
-7086.0714285714275,9554,1362885,3
-31208.38917574622,9555,1363152,3
-3656.9376456876457,9556,1363165,3
-13471.550671550673,9557,1363258,3
-4341.84507700762,9558,1363444,5
7978.633825515505,9559,1363570,5
-8332.687088341285,9560,1363652,3
-12246.051185226886,9561,1363734,3
-19537.085857254202,9562,1363862,3
-15979.882071757793,9563,1364222,5
-9901.02523465526,9564,1364433,4
-3495.8929958929966,9565,1364457,3
-5983.853646353647,9566,1364475,3
-16135.594797135383,9567,1364610,3
-12772.421840033481,9568,1364815,4
23372.181351550662,9569,1364933,6
20855.521978021974,9570,1364960,5
19895.54995657937,9571,1365040,5
-3296.699693280573,9572,1365176,4
-15912.808765144002,9573,1365315,3
14740.742118218901,9574,1365502,6
18719.239559460148,9575,1365526,5
-6805.187391970439,9576,1365593,3
-2910.557727875839,9577,1365603,3
31513.654852274445,9578,1365840,7
-37869.37153876395,9579,1366246,4
5112.754190254186,9580,1366416,5
12013.259998085847,9581,1366535,5
31039.933261183258,9582,1366586,6
6628.742833533852,9583,1366639,4
-25375.858727802457,9584,1366873,3
8460.017682110943,9585,1367126,7
-4459.633011896944,9586,1367156,3
23411.780243510995,9587,1367319,6
34261.62351537352,9588,1367363,6
25539.092123906365,9589,1367442,6
-9863.208473887651,9590,1367506,3
-3532.7672327672326,9591,1367516,3
17748.10346151097,9592,1367745,6
-5896.173271173271,9593,1367777,3
2058.2568865042654,9594,1367906,4
10240.122889451446,9595,1368069,5
-7768.161828479772,9596,1368191,4
4518.25604950604,9597,1368342,5
18613.890692640693,9598,1368387,5
22482.738095238095,9599,1368397,5
9326.904761904763,9600,1368472,5
15270.218417970083,9601,1368663,6
62657.79851383753,9602,1368839,9
-4129.913155272136,9603,1368962,4
-3430.3572266227065,9604,1368985,3
7483.016145361348,9605,1369018,4
25797.70955802881,9606,1369131,6
19472.16810966811,9607,1369166,5
17014.73334823894,9608,1369257,5
-3114.8851148851154,9609,1369272,3
-5181.753524253524,9610,1369300,3
-16617.02993533591,9611,1369441,3
3286.544151368064,9612,1369637,5
-10861.910238454355,9613,1369853,4
-9794.871997197848,9614,1369993,4
16592.177187744725,9615,1370097,5
21538.593884522183,9616,1370227,6
-6071.6762803759675,9617,1370374,4
-4369.879564879564,9618,1370391,3
-8415.329115329117,9619,1370456,3
-7478.478754386012,9620,1370526,3
-8.40488072299172,9621,1370594,4
-40441.81957962917,9622,1370865,4
-3074.1592931492182,9623,1371156,6
-1867.5595238095239,9624,1371166,3
1589.1402671427554,9625,1371246,4
-8590.754470604574,9626,1371488,5
885.4888345658477,9627,1371659,5
305.7790351712031,9628,1371718,4
28240.477022977022,9629,1371808,6
32415.77741702742,9630,1371846,6
18152.65926067397,9631,1371900,5
-20892.409682658166,9632,1372040,3
-9800.17759137148,9633,1372123,3
-4136.623376623376,9634,1372153,3
20131.18596788489,9635,1372285,6
20675.19652883236,9636,1372330,5
19305.762553431097,9637,1372405,5
-8003.211051074827,9638,1372475,3
-7430.379683417641,9639,1372532,3
5467.877122877123,9640,1372572,4
11935.552889877586,9641,1372760,6
-30387.307902982313,9642,1373139,4
-44026.012229757354,9643,1373446,4
3666.248645808733,9644,1373636,5
-7795.7702402516625,9645,1373914,5
-5487.142857142858,9646,1373948,3
8137.226503716441,9647,1374125,6
439.8913558865297,9648,1374362,5
2064.586247086247,9649,1374396,4
47904.45070860512,9650,1374466,7
-9600.895180063733,9651,1374806,5
-6274.676396015405,9652,1374852,3
-14895.673639655848,9653,1374969,3
8017.209813105708,9654,1375104,5
16553.086080586083,9655,1375168,5
19871.91336441337,9656,1375221,5
2580.6248361145904,9657,1375391,5
8414.278499278498,9658,1375420,4
16542.70691425878,9659,1375513,5
-4802.581020892028,9660,1375665,4
-4160.918636961596,9661,1375939,5
-4895.139492860081,9662,1375969,3
-6369.211344211342,9663,1376019,3
-5754.647209086064,9664,1376054,3
2505.145713884764,9665,1376219,5
16329.250194250197,9666,1376319,5
-15139.960473393128,9667,1376467,3
5597.166436444905,9668,1376557,4
-8543.293997668996,9669,1376608,3
16924.140268915802,9670,1376672,5
13586.772543096748,9671,1376844,6
29298.852813852813,9672,1376899,6
21259.64308738517,9673,1377045,6
20326.018676754826,9674,1377281,7
22557.22408310644,9675,1377325,5
33707.282461260795,9676,1377482,7
3854.6592762616465,9677,1377682,5
-4353.189128123333,9678,1377836,4
-11563.55381482123,9679,1377912,3
-8622.19555298502,9680,1377981,3
-11323.625268920137,9681,1378230,4
-3591.2029980683233,9682,1378248,3
7038.7366809317255,9683,1378433,5
-5595.496543519073,9684,1378468,3
-5300.314824606452,9685,1378495,3
-9111.639292080461,9686,1378578,3
-6033.406079214902,9687,1378624,3
39350.13528138528,9688,1378695,7
20456.94444444444,9689,1378714,5
32494.37257187257,9690,1378747,6
20951.230297480295,9691,1378778,5
7723.048244375765,9692,1378842,4
-11497.1407759468,9693,1378958,3
47082.30964748183,9694,1379180,9
-6404.66872923445,9695,1379314,4
46927.16582136474,9696,1379506,8
-1330.2069679546416,9697,1379639,4
-3674.766442922403,9698,1379657,3
14016.696351249368,9699,1379767,5
2963.5757126804083,9700,1379964,5
-11604.875211868042,9701,1380075,3
-4348.312312687312,9702,1380105,3
-4267.323232323231,9703,1380133,3
45994.81969827559,9704,1380263,8
6072.437928008397,9705,1380452,5
45158.228715728714,9706,1380516,7
12798.39327339327,9707,1380601,5
-3296.1309523809523,9708,1380618,3
-23859.26189675328,9709,1380889,4
-6446.801378919884,9710,1380944,3
-3376.879446018378,9711,1380958,3
-13777.974769879467,9712,1381063,3
15190.078628362637,9713,1381188,5
-7485.053071928071,9714,1381247,3
9178.32022358932,9715,1381600,6
9936.57176157176,9716,1381697,5
-14658.131962909298,9717,1381878,4
-7638.157916215187,9718,1381935,3
-2587.1395271395254,9719,1382017,4
-7620.980269730271,9720,1382066,3
-28787.980296277496,9721,1382200,3
29216.956487999436,9722,1382496,7
5220.509245226734,9723,1382747,5
1999.447021202055,9724,1382914,5
-5390.98901098901,9725,1382934,3
9072.966268860737,9726,1383124,5
67982.9028318173,9727,1383260,10
-22964.819477048586,9728,1383472,3
41720.83172138318,9729,1383626,8
14905.574891654613,9730,1383881,6
-5699.945073181108,9731,1383963,4
-13705.14157003128,9732,1384083,3
7875.926712176712,9733,1384178,5
-12088.27182963084,9734,1384500,5
-8518.101987451832,9735,1384571,3
-31306.879155117433,9736,1384851,3
-16726.07739719002,9737,1385104,5
-24982.628652094514,9738,1385333,3
-7587.1580206429235,9739,1385397,3
5820.589831994626,9740,1385537,5
11367.449201966143,9741,1385862,6
18578.09272706138,9742,1386031,6
-2373.8698801198802,9743,1386043,3
-5820.067052930698,9744,1386095,3
-2552.979797979798,9745,1386108,3
-6400.99694229919,9746,1386162,3
30635.46830899579,9747,1386348,7
7878.273809523807,9748,1386374,4
-13623.297194721346,9749,1386616,5
7909.056372549016,9750,1386645,4
-20742.22648868159,9751,1386866,4
-26167.351775966712,9752,1387129,3
-6285.94258682494,9753,1387169,3
-1033.9755016225615,9754,1387232,4
-7800.627493421612,9755,1387365,4
-35348.68126238936,9756,1387675,3
-5147.086237635777,9757,1388027,6
24042.026209085034,9758,1388130,6
18222.485014985014,9759,1388173,5
-15289.09864893,9760,1388285,3
14469.292021832658,9761,1388362,5
9709.208446781971,9762,1388520,5
5295.812011588865,9763,1388634,5
-2071.3564213564214,9764,1388652,3
-6470.351746636576,9765,1388714,3
-6811.389890639116,9766,1388757,3
2696.7750393311544,9767,1388794,4
9428.682779638662,9768,1388905,5
-3955.018870018871,9769,1389022,4
-3591.22335997336,9770,1389033,3
-15850.54305043083,9771,1389175,3
26581.89754689755,9772,1389237,6
-5181.875854156611,9773,1389435,4
-6741.70412920413,9774,1389479,3
-10105.042590465428,9775,1389698,5
6083.2577153668535,9776,1389864,5
-8415.831854296823,9777,1389928,3
-4156.640026640027,9778,1389939,3
-8698.771228771227,9779,1390008,3
14188.214285714286,9780,1390066,5
-13163.307301573554,9781,1390162,3
5712.885794331227,9782,1390252,4
3437.9008994101905,9783,1390397,5
-32651.053519493922,9784,1390605,4
4525.215918842076,9785,1390764,5
2285.447866005309,9786,1390863,4
-18838.93799827624,9787,1391025,3
-5411.951381951382,9788,1391057,3
14589.166666666666,9789,1391094,5
-19251.35951746051,9790,1391496,5
-12942.730364866282,9791,1391789,4
7959.2990287146695,9792,1391957,5
42084.326621154745,9793,1392390,10
-4050.677655677655,9794,1392412,3
-15821.406655247436,9795,1392581,3
4762.333220614955,9796,1392722,5
16690.132506382502,9797,1392796,5
-9326.66558115087,9798,1392992,4
15237.126162236455,9799,1393118,5
-18891.44205983216,9800,1393256,3
-28053.469838340196,9801,1393485,4
15814.758355464624,9802,1393542,5
-4659.40266583262,9803,1393575,3
-17335.348797039092,9804,1393730,3
-1377.7569652569655,9805,1393756,3
11737.422527592806,9806,1393895,5
21971.376123876125,9807,1393937,5
30984.732664995823,9808,1393966,6
21693.692279942283,9809,1394019,5
-16569.158186584613,9810,1394327,5
10005.295954045954,9811,1394388,5
-5556.93988780634,9812,1394598,5
4754.992993117991,9813,1394698,5
-16482.51634431437,9814,1395008,4
-49.32372709849665,9815,1395091,4
-2440.476190476191,9816,1395101,3
12260.545282890485,9817,1395282,6
2218.6154787403657,9818,1395524,5
20958.333333333336,9819,1395533,5
22337.984119638535,9820,1395579,5
-7331.1191141770305,9821,1395764,4
-5322.943085597043,9822,1395797,3
-5885.989010989009,9823,1395836,3
13914.059065934069,9824,1395943,5
20072.95864674541,9825,1395997,5
23383.824965883792,9826,1396032,5
22192.23674784332,9827,1396197,6
-5060.977316886759,9828,1396330,4
23165.585525585528,9829,1396434,6
30311.1140901582,9830,1396569,8
145.07215007214995,9831,1396579,3
-7838.382912237403,9832,1396637,3
65143.118254294706,9833,1396823,10
48637.4095324965,9834,1396947,8
16258.447945673182,9835,1397008,5
-10768.330280830283,9836,1397070,3
-4645.472582972583,9837,1397092,3
15078.836302586307,9838,1397177,5
15575.905483405482,9839,1397236,5
-6398.783470166107,9840,1397529,5
11752.610306360306,9841,1397593,5
6975.361817786168,9842,1397657,4
-9110.972414023885,9843,1397690,3
-32751.612227350273,9844,1397855,3
6982.7688206616285,9845,1398065,6
19856.083662714096,9846,1398091,5
-1603.5039960039962,9847,1398106,3
-10149.576519763945,9848,1398407,5
-4022.8438926484596,9849,1398434,3
13748.181316232789,9850,1398601,6
-32039.839437798357,9851,1398879,4
-6398.185728100589,9852,1398946,3
-20159.748429674906,9853,1399104,3
17683.818542568544,9854,1399158,5
-7134.938672438674,9855,1399209,3
-8482.520327931896,9856,1399462,5
-8925.78770966736,9857,1399551,3
12583.62082882294,9858,1399740,6
22809.315129315124,9859,1399855,6
28724.46672608437,9860,1399950,6
35201.432709447414,9861,1400011,6
-13781.352583203334,9862,1400278,4
-34789.54234405078,9863,1400636,4
31369.779689909334,9864,1400705,6
-40782.34654378465,9865,1400912,3
30322.468513168984,9866,1401071,7
25215.981511698094,9867,1401196,6
-6044.538794538796,9868,1401228,3
5557.082213881752,9869,1401294,4
21261.54761904762,9870,1401321,5
-36074.040576913096,9871,1401610,3
-6652.279803529806,9872,1401661,3
-2933.7914862914863,9873,1401673,3
-14456.142296386095,9874,1401905,5
7230.739528359497,9875,1402047,5
21557.76048200988,9876,1402079,5
29492.49915877888,9877,1402172,6
-6162.903209406692,9878,1402212,3
-16324.695408224803,9879,1402483,4
24758.722037766154,9880,1402569,6
-20717.14835933573,9881,1402780,4
-31734.638251101438,9882,1402970,3
8186.728965478969,9883,1403082,5
-10332.684458870817,9884,1403296,4
-15010.778190391336,9885,1403602,4
-31287.1116913945,9886,1403798,3
26331.410533910526,9887,1403864,6
4883.619517737165,9888,1403987,5
-19301.711621711616,9889,1404160,3
14833.367150135724,9890,1404324,6
43204.48051948052,9891,1404367,7
7486.403216106067,9892,1404560,5
19196.60552529648,9893,1404838,7
-3760.551948051948,9894,1404852,3
-9633.416975181683,9895,1404931,3
-8733.765123765123,9896,1404979,3
-3926.941391941392,9897,1404990,3
13588.561328807076,9898,1405080,5
21330.3189824881,9899,1405111,5
-24756.107742624183,9900,1405339,3
-45214.60930130237,9901,1405911,5
-16062.873894069317,9902,1406090,4
-5298.898738000906,9903,1406126,3
-20763.34358430526,9904,1406593,6
16721.666666666668,9905,1406625,5
3472.2970175679147,9906,1406668,4
15597.55013777072,9907,1406818,6
22563.214162643344,9908,1406864,5
27127.333014208027,9909,1406952,6
34852.44758509464,9910,1407076,7
18160.101862765354,9911,1407166,5
-11769.57755415379,9912,1407249,3
-2510.433419050999,9913,1407259,3
33393.42560217561,9914,1407377,7
20758.06368751087,9915,1407469,5
18739.13069212126,9916,1407680,6
18172.751729563723,9917,1407896,7
-7172.65493899967,9918,1407964,3
-5286.468706302297,9919,1408002,3
-7766.168464962967,9920,1408220,5
-9957.128738740059,9921,1408300,3
5577.796809313841,9922,1408468,5
24125.916795622677,9923,1408496,5
1134.7433498304183,9924,1408626,4
-12590.82347326736,9925,1408720,3
-48322.95944896179,9926,1409232,3
-24064.081724733758,9927,1409494,3
1423.4769818245047,9928,1409659,5
9115.517309413177,9929,1409703,4
19018.6249547666,9930,1409864,6
-12393.81814736691,9931,1410117,5
6048.827030812324,9932,1410197,5
8792.653873903868,9933,1410370,6
-12249.485059574075,9934,1410707,5
7703.851503367181,9935,1410818,5
-4621.4036290506865,9936,1410855,3
-10304.919766336177,9937,1410950,3
13858.974901732256,9938,1411064,5
4825.357975357974,9939,1411161,5
-7153.651694667563,9940,1411225,3
-7460.1989561006585,9941,1411276,3
17762.32429421284,9942,1411457,6
23711.1833999334,9943,1411499,5
2390.71018079825,9944,1411606,4
-6741.728303516231,9945,1411656,3
7982.116598627735,9946,1412014,7
9857.693165623505,9947,1412300,6
5882.284604364923,9948,1412496,5
4587.403619103413,9949,1412580,4
-1987.72546897547,9950,1412679,5
38670.839481725714,9951,1412820,7
31238.490398490398,9952,1412873,6
-10636.448204573197,9953,1413078,5
13660.181330107795,9954,1413152,5
4967.121212121214,9955,1413187,4
-1659.8969780219797,9956,1413270,4
48717.14048942562,9957,1413423,8
19999.46608946609,9958,1413448,5
-8827.934037496729,9959,1413722,4
-5062.857142857143,9960,1413755,3
-3443.109668109668,9961,1413885,5
-6808.035714285715,9962,1413927,3
5774.852304558188,9963,1413963,4
3114.787773501008,9964,1414002,4
20163.108420211956,9965,1414177,6
40408.479784104784,9966,1414259,7
-5648.611388611388,9967,1414298,3
-9351.03647642347,9968,1414391,3
-30808.99687129178,9969,1414732,4
8852.460317460322,9970,1414813,5
16656.44983327646,9971,1414887,5
18717.285353535353,9972,1414941,5
19262.599206349205,9973,1414986,5
19515.200632700635,9974,1415021,5
777.8538021706754,9975,1415231,5
1507.8571428571431,9976,1415281,4
3073.955419580422,9977,1415368,5
1096.6727716727705,9978,1415408,4
-7856.2685353861825,9979,1415451,3
-11292.24207165383,9980,1415534,3
9641.311371162377,9981,1415674,5
18790.99760941673,9982,1415722,5
10417.378325840138,9983,1415854,6
31857.122272292556,9984,1416079,8
-3725.1406926406926,9985,1416094,3
18111.838161838154,9986,1416137,5
-14873.8829776175,9987,1416293,3
26907.707135459634,9988,1416395,6
20476.640103373767,9989,1416471,5
13948.741123618162,9990,1416567,5
-11544.125622768799,9991,1416700,3
-4998.959545356606,9992,1416916,6
9329.299719887957,9993,1416946,4
66372.59407635812,9994,1417247,10
28996.862146552496,9995,1417327,6
-9830.927660880887,9996,1417462,3
-8491.018989180753,9997,1417526,3
10514.392868912997,9998,1417685,5
-17870.938554050008,9999,1417817,3
